timestamp,datetime,-10|ENV__SOIL__VWC,-30|ENV__SOIL__VWC,-45|ENV__SOIL__VWC,-10|ENV__SOIL__T,-30|ENV__SOIL__T,-45|ENV__SOIL__T,-10|ENV__SOIL__CAPACITANCE__ABSOLUTE,-30|ENV__SOIL__CAPACITANCE__ABSOLUTE,-45|ENV__SOIL__CAPACITANCE__ABSOLUTE,DEVICE|DEV__ENERGY__VCAP,DEVICE|DEV__RF__RSSI,DEVICE|DEV__RF__SINR,MTB|ENV__ATMO__T,MTB|ENV__ATMO__RH,MTB|ENV__ATMO__P,MTB|ENV__ATMO__DEWPOINT,MTB|ENV__ATMO__RAIN__DELTA,MTB|ENV__ATMO__WIND__SPEED,MTB|ENV__ATMO__WIND__DIRECTION,MTB|ENV__SOIL__ET,MTB|ENV__SOIL__T,MTB|ENV__SOIL__VWC
1775714862224,2026-04-09 06:07:42,,,,,,,,,,,-113.0,-4.5,,,,,,,,,,
1775714894650,2026-04-09 06:08:14,,,,,,,,,,98.418976,-114.0,-12.8,,,,,,,,,,
1775719732219,2026-04-09 07:28:52,,,,,,,,,,98.418976,-118.0,-15.0,,,,,,,,,,
1775719749224,2026-04-09 07:29:09,,,,8.59,8.69,8.22,,,,98.418976,-111.0,-3.8,,,,,,,,,,
1775719758126,2026-04-09 07:29:18,33.03,24.84,23.93,,,,329.17,298.0,276.13,98.418976,-112.0,-12.8,,,,,,,,,,
1775748533866,2026-04-09 15:28:53,,,,7.88,8.15,7.73,,,,98.418976,-120.0,-14.2,,,,,,,,,,
1775748542987,2026-04-09 15:29:02,39.03,27.05,25.92,,,,335.86,300.26,277.64,98.418976,-120.0,-11.5,,,,,,,,,,
1775762937560,2026-04-09 19:28:57,39.04,27.25,26.03,,,,335.89,300.46,277.72,98.418976,-116.0,-17.2,,,,,,,,,,
1775777326521,2026-04-09 23:28:46,,,,8.08,7.93,7.54,,,,98.418976,-112.0,-11.5,,,,,,,,,,
1775779200000,2026-04-10 00:00:00,,,,,,,,,,,,,2.2174999713897705,60.0,1019.7000122070312,-4.751821517944336,0.0,9.904906272888184,109.09358978271484,0.0,5.667500019073486,0.2440000027418136
1775782800000,2026-04-10 01:00:00,,,,,,,,,,,,,2.117500066757202,56.0,1019.5999755859376,-5.7565436363220215,0.0,13.31999969482422,108.92474365234376,0.0,5.267499923706055,0.2440000027418136
1775786400000,2026-04-10 02:00:00,,,,,,,,,,,,,1.867500066757202,56.0,1019.0,-5.990748882293701,0.0,14.039999008178713,112.61991119384766,0.0,4.967499732971191,0.2440000027418136
1775790000000,2026-04-10 03:00:00,,,,,,,,,,,,,1.6675000190734863,57.0,1018.0,-5.94608211517334,0.0,14.578887939453123,110.2249526977539,0.0,4.717499732971191,0.2440000027418136
1775791722786,2026-04-10 03:28:42,,,,7.93,8.03,7.76,,,,98.418976,-113.0,-14.0,,,,,,,,,,
1775791731684,2026-04-10 03:28:51,38.97,27.39,26.11,,,,335.74,300.61,277.78,98.418976,-111.0,-7.0,,,,,,,,,,
1775793600000,2026-04-10 04:00:00,,,,,,,,,,,,,1.767499923706055,58.0,1017.7999877929688,-5.6235761642456055,0.0,15.315873146057127,113.55227661132812,0.0,4.517499923706055,0.2440000027418136
1775797200000,2026-04-10 05:00:00,,,,,,,,,,,,,1.867500066757202,58.0,1017.2999877929688,-5.5295233726501465,0.0,17.11420440673828,112.24907684326172,0.0,4.467499732971191,0.2440000027418136
1775800800000,2026-04-10 06:00:00,,,,,,,,,,,,,2.5174999237060547,55.0,1017.5,-5.619191646575928,0.0,14.88241958618164,122.15226745605467,0.0,4.517499923706055,0.2440000027418136
1775804400000,2026-04-10 07:00:00,,,,,,,,,,,,,3.2174999713897705,53.0,1017.2000122070312,-5.4539947509765625,0.0,14.693999290466309,120.96368408203124,0.0,4.717499732971191,0.2440000027418136
1775808000000,2026-04-10 08:00:00,,,,,,,,,,,,,4.017499923706055,52.0,1018.0,-4.961745262145996,0.0,13.891522407531738,121.21834564208984,0.0,4.967499732971191,0.2430000007152557
1775811600000,2026-04-10 09:00:00,,,,,,,,,,,,,3.867500066757202,62.0,1017.9000244140624,-2.7534048557281494,0.0,14.058449745178224,129.80552673339844,0.0,5.267499923706055,0.2430000007152557
1775815200000,2026-04-10 10:00:00,,,,,,,,,,,,,3.317500114440918,82.0,1017.9000244140624,0.5374718904495239,0.3000000119209289,12.72792148590088,118.7397003173828,0.0,5.517499923706055,0.2430000007152557
1775818800000,2026-04-10 11:00:00,,,,,,,,,,,,,3.317500114440918,89.0,1018.0999755859376,1.6773797273635864,0.4000000059604645,12.55879020690918,117.29949188232422,0.0,5.56749963760376,0.2430000007152557
1775822400000,2026-04-10 12:00:00,,,,,,,,,,,,,3.4175000190734863,90.0,1018.4000244140624,1.9324865341186523,0.3000000119209289,10.966712951660156,113.19862365722656,0.0,5.517499923706055,0.2440000027418136
1775826000000,2026-04-10 13:00:00,,,,,,,,,,,,,4.217499732971191,86.0,1018.0,2.083498001098633,0.2000000029802322,11.681986808776855,123.69009399414062,0.0,5.667500019073486,0.2450000047683715
1775829600000,2026-04-10 14:00:00,,,,,,,,,,,,,4.317500114440918,87.0,1017.9000244140624,2.34417986869812,0.0,8.89134407043457,111.37069702148438,0.0,5.767499923706055,0.2469999939203262
1775833200000,2026-04-10 15:00:00,,,,,,,,,,,,,4.467499732971191,87.0,1018.0,2.491795301437378,0.1000000014901161,6.214563369750977,100.00791931152344,0.0,5.81749963760376,0.2479999959468841
1775834909385,2026-04-10 15:28:29,,,,7.52,8.15,7.4,,,,98.418976,-112.0,-7.2,,,,,,,,,,
1775834914963,2026-04-10 15:28:34,38.79,27.33,26.11,,,,335.34,300.55,277.78,97.628456,-112.0,-7.5,,,,,,,,,,
1775836800000,2026-04-10 16:00:00,,,,,,,,,,,,,4.617499828338623,88.0,1018.5999755859376,2.8005523681640625,0.0,2.1600000858306885,90.0,0.0,5.81749963760376,0.248999997973442
1775840400000,2026-04-10 17:00:00,,,,,,,,,,,,,4.717499732971191,90.0,1019.2000122070312,3.216826677322388,0.0,2.099142551422119,300.96368408203125,0.0,5.81749963760376,0.25
1775844000000,2026-04-10 18:00:00,,,,,,,,,,,,,4.517499923706055,92.0,1019.7999877929688,3.330289602279663,0.0,0.7199999690055847,180.0,0.0,5.717499732971191,0.25
1775847600000,2026-04-10 19:00:00,,,,,,,,,,,,,3.117500066757202,96.0,1020.2000122070312,2.541402578353882,0.0,2.9024126529693604,97.12492370605467,0.0,5.31749963760376,0.2509999871253967
1775849305688,2026-04-10 19:28:25,,,,7.52,8.17,7.59,,,,97.628456,-120.0,-12.5,,,,,,,,,,
1775851200000,2026-04-10 20:00:00,,,,,,,,,,,,,2.767500162124634,95.0,1020.2000122070312,2.046114444732666,0.0,3.415259599685669,71.5649642944336,0.0,4.717499732971191,0.2509999871253967
1775854800000,2026-04-10 21:00:00,,,,,,,,,,,,,2.6675000190734863,94.0,1020.0999755859376,1.7985206842422483,0.0,2.545584201812744,81.86998748779297,0.0,4.167500019073486,0.2520000040531158
1775858400000,2026-04-10 22:00:00,,,,,,,,,,,,,2.117500066757202,98.0,1020.2999877929688,1.8343669176101685,0.0,2.5199999809265137,90.0,0.0,3.6675000190734863,0.2520000040531158
1775862000000,2026-04-10 23:00:00,,,,,,,,,,,,,1.9175000190734863,100.0,1020.2999877929688,1.9175000190734863,0.0,2.595996856689453,56.30991363525391,0.0,3.317500114440918,0.2520000040531158
1775863702033,2026-04-10 23:28:22,,,,7.47,7.78,7.42,,,,97.628456,-120.0,-10.5,,,,,,,,,,
1775863709015,2026-04-10 23:28:29,38.76,27.3,26.07,,,,335.28,300.52,277.75,97.628456,-120.0,-10.2,,,,,,,,,,
1775865600000,2026-04-11 00:00:00,,,,,,,,,,,,,0.9674999713897704,100.0,1020.2999877929688,0.9674999713897704,0.0,4.896529674530029,53.972537994384766,0.0,3.1675000190734863,0.2509999871253967
1775869200000,2026-04-11 01:00:00,,,,,,,,,,,,,0.9674999713897704,100.0,1020.2000122070312,0.9674999713897704,0.0,5.634891033172607,63.43501281738281,0.0,2.867500066757202,0.2509999871253967
1775872800000,2026-04-11 02:00:00,,,,,,,,,,,,,1.6675000190734863,98.0,1020.2999877929688,1.3854047060012815,0.0,5.091168403625488,81.86998748779297,0.0,2.867500066757202,0.2509999871253967
1775876400000,2026-04-11 03:00:00,,,,,,,,,,,,,1.5674999952316284,98.0,1020.0999755859376,1.2856351137161257,0.0,5.052840709686279,85.91446685791016,0.0,2.9175000190734863,0.2520000040531158
1775878098316,2026-04-11 03:28:18,,,,7.35,7.37,7.4,,,,97.628456,-121.0,-11.5,,,,,,,,,,
1775878105331,2026-04-11 03:28:25,38.72,27.3,26.03,,,,335.18,300.52,277.72,97.628456,-120.0,-10.8,,,,,,,,,,
1775880000000,2026-04-11 04:00:00,,,,,,,,,,,,,1.0674999952316284,95.0,1020.2000122070312,0.3560434281826019,0.0,3.976329803466797,95.19434356689452,0.0,2.767500162124634,0.2520000040531158
1775883600000,2026-04-11 05:00:00,,,,,,,,,,,,,0.6175000071525574,97.0,1020.4000244140624,0.196076214313507,0.0,3.6712939739227295,101.30989837646484,0.0,2.617500066757202,0.2520000040531158
1775887200000,2026-04-11 06:00:00,,,,,,,,,,,,,1.9674999713897705,95.0,1020.5,1.2507953643798828,0.0,4.349896430969238,114.4439468383789,0.0,2.617500066757202,0.2520000040531158
1775890800000,2026-04-11 07:00:00,,,,,,,,,,,,,3.4674999713897705,91.0,1020.7000122070312,2.13685154914856,0.0,5.116561412811279,129.2893829345703,0.0,3.267500162124634,0.2520000040531158
1775892501683,2026-04-11 07:28:21,38.69,27.25,26.03,,,,335.12,300.46,277.72,97.628456,-112.0,-9.8,,,,,,,,,,
1775894400000,2026-04-11 08:00:00,,,,,,,,,,,,,5.667500019073486,81.0,1020.5,2.66144061088562,0.0,6.297428131103516,120.96368408203124,0.0,4.367499828338623,0.2520000040531158
1775898000000,2026-04-11 09:00:00,,,,,,,,,,,,,8.267499923706055,64.0,1020.0,1.8554974794387813,0.0,9.021574020385742,118.61036682128906,0.0,5.917500019073486,0.2520000040531158
1775901600000,2026-04-11 10:00:00,,,,,,,,,,,,,10.267499923706056,53.0,1019.0,1.1016336679458618,0.0,10.99032211303711,121.60746002197266,0.0,7.56749963760376,0.2520000040531158
1775905200000,2026-04-11 11:00:00,,,,,,,,,,,,,11.717500686645508,47.0,1018.4000244140624,0.7696006298065186,0.0,11.808877944946287,127.56866455078124,0.0,9.067500114440918,0.2509999871253967
1775908800000,2026-04-11 12:00:00,,,,,,,,,,,,,12.717500686645508,43.0,1017.7000122070312,0.4480219781398773,0.0,12.096214294433594,126.52894592285156,0.0,10.317500114440918,0.2509999871253967
1775912400000,2026-04-11 13:00:00,,,,,,,,,,,,,13.36750030517578,40.0,1017.2000122070312,0.0354125835001468,0.0,12.313894271850586,127.8750457763672,0.0,11.217500686645508,0.25
1775916000000,2026-04-11 14:00:00,,,,,,,,,,,,,13.61750030517578,37.0,1016.5,-0.8125246167182922,0.0,12.53813362121582,129.17364501953125,0.0,11.717500686645508,0.248999997973442
1775919600000,2026-04-11 15:00:00,,,,,,,,,,,,,13.517499923706056,36.0,1016.0999755859376,-1.276036500930786,0.0,13.27614402770996,130.60121154785156,0.0,11.86750030517578,0.2479999959468841
1775921287238,2026-04-11 15:28:07,,,,7.3,7.81,7.42,,,,97.628456,-121.0,-13.0,,,,,,,,,,
1775921294262,2026-04-11 15:28:14,39.05,27.33,26.11,,,,335.92,300.55,277.78,97.628456,-121.0,-12.2,,,,,,,,,,
1775923200000,2026-04-11 16:00:00,,,,,,,,,,,,,13.017499923706056,38.0,1016.2000122070312,-0.9827982783317566,0.0,11.966954231262209,133.7812042236328,0.0,11.61750030517578,0.2469999939203262
1775926800000,2026-04-11 17:00:00,,,,,,,,,,,,,12.017499923706056,45.0,1016.4000244140624,0.4410472214221954,0.0,10.315114974975586,150.7512664794922,0.0,11.067500114440918,0.2469999939203262
1775930400000,2026-04-11 18:00:00,,,,,,,,,,,,,9.467500686645508,60.0,1016.7999877929688,2.086251735687256,0.0,7.145795822143555,130.91429138183594,0.0,10.067500114440918,0.2460000067949295
1775934000000,2026-04-11 19:00:00,,,,,,,,,,,,,8.317500114440918,62.0,1017.0,1.459101915359497,0.0,8.55710220336914,112.24907684326172,0.0,8.967500686645508,0.2460000067949295
1775935683530,2026-04-11 19:28:03,,,,7.56,7.81,7.42,,,,97.628456,-121.0,-12.8,,,,,,,,,,
1775935689068,2026-04-11 19:28:09,39.05,27.33,26.07,,,,335.92,300.55,277.75,98.418976,-121.0,-13.0,,,,,,,,,,
1775937600000,2026-04-11 20:00:00,,,,,,,,,,,,,8.067500114440918,54.0,1016.5,-0.6866446733474731,0.0,11.17740535736084,104.93147277832033,0.0,8.267499923706055,0.2450000047683715
1775941200000,2026-04-11 21:00:00,,,,,,,,,,,,,7.617499828338623,55.0,1016.7999877929688,-0.8548533916473389,0.0,11.96695327758789,111.1613311767578,0.0,7.767499923706055,0.2450000047683715
1775944800000,2026-04-11 22:00:00,,,,,,,,,,,,,7.767499923706055,49.0,1016.4000244140624,-2.2880542278289795,0.0,15.379205703735352,110.5561294555664,0.0,7.417500019073486,0.2450000047683715
1775948400000,2026-04-11 23:00:00,,,,,,,,,,,,,7.267499923706055,52.0,1016.2999877929688,-1.9451346397399905,0.0,15.827720642089844,107.1986312866211,0.0,7.217499732971191,0.2450000047683715
1775950086811,2026-04-11 23:28:06,39.07,27.36,26.07,,,,335.95,300.58,277.75,98.418976,-112.0,-13.2,,,,,,,,,,
1775952000000,2026-04-12 00:00:00,,,,,,,,,,,,,7.167500019073486,49.0,1015.5999755859376,-2.840960502624512,0.0,15.256525993347168,109.29014587402344,0.0,7.667500019073486,0.2450000047683715
1775955600000,2026-04-12 01:00:00,,,,,,,,,,,,,6.56749963760376,49.0,1015.4000244140624,-3.393973588943481,0.0,18.0,106.2602767944336,0.0,7.367499828338623,0.2450000047683715
1775959200000,2026-04-12 02:00:00,,,,,,,,,,,,,6.217499732971191,50.0,1014.7999877929688,-3.4461774826049805,0.0,20.037485122680664,107.7839813232422,0.0,7.06749963760376,0.2450000047683715
1775962800000,2026-04-12 03:00:00,,,,,,,,,,,,,6.31749963760376,49.0,1015.0,-3.6244263648986816,0.0,19.052810668945312,112.20352935791016,0.0,6.917500019073486,0.2450000047683715
1775964476077,2026-04-12 03:27:56,,,,7.64,7.93,7.47,,,,98.418976,-121.0,-14.2,,,,,,,,,,
1775966400000,2026-04-12 04:00:00,,,,,,,,,,,,,6.367499828338623,49.0,1015.0999755859376,-3.578333854675293,0.0,19.336389541625977,114.1791000366211,0.0,6.867499828338623,0.2440000027418136
1775970000000,2026-04-12 05:00:00,,,,,,,,,,,,,6.517499923706055,48.0,1015.5,-3.7160823345184326,0.0,18.356470108032227,115.55992126464844,0.0,6.867499828338623,0.2440000027418136
1775973600000,2026-04-12 06:00:00,,,,,,,,,,,,,7.167500019073486,45.0,1016.0999755859376,-3.982501745223999,0.0,16.26785659790039,114.8636703491211,0.0,6.967499732971191,0.2440000027418136
1775977200000,2026-04-12 07:00:00,,,,,,,,,,,,,8.117500305175781,43.0,1016.4000244140624,-3.724813938140869,0.0,12.722829818725586,115.11480712890624,0.0,7.31749963760376,0.2440000027418136
1775978872459,2026-04-12 07:27:52,,,,7.59,7.83,7.42,,,,98.418976,-120.0,-13.0,,,,,,,,,,
1775978878035,2026-04-12 07:27:58,38.99,27.36,26.03,,,,335.77,300.58,277.72,98.418976,-121.0,-12.2,,,,,,,,,,
1775980800000,2026-04-12 08:00:00,,,,,,,,,,,,,9.517499923706056,41.0,1016.4000244140624,-3.095911741256714,0.0,11.18320083618164,123.17852783203124,0.0,7.967499732971191,0.2430000007152557
1775984400000,2026-04-12 09:00:00,,,,,,,,,,,,,10.767499923706056,39.0,1016.2999877929688,-2.6445212364196777,0.0,9.5042724609375,127.30403137207033,0.0,8.817500114440918,0.2430000007152557
1775988000000,2026-04-12 10:00:00,,,,,,,,,,,,,11.917500495910645,38.0,1016.5999755859376,-1.966029167175293,0.0,6.877789497375488,132.87889099121094,0.0,9.667500495910645,0.2430000007152557
1775991600000,2026-04-12 11:00:00,,,,,,,,,,,,,12.467500686645508,38.0,1016.4000244140624,-1.4743553400039673,0.0,4.33497428894043,131.63345336914062,0.0,10.567500114440918,0.2419999986886978
1775993268662,2026-04-12 11:27:48,,,,7.59,7.91,7.47,,,,98.418976,-111.0,-5.8,,,,,,,,,,
1775993275563,2026-04-12 11:27:55,39.0,27.36,26.07,,,,335.8,300.58,277.75,98.418976,-121.0,-14.2,,,,,,,,,,
1775995200000,2026-04-12 12:00:00,,,,,,,,,,,,,12.86750030517578,41.0,1016.5999755859376,-0.0741744041442871,0.0,2.27683973312378,288.4350280761719,0.0,11.167500495910645,0.2419999986886978
1775998800000,2026-04-12 13:00:00,,,,,,,,,,,,,13.017499923706056,44.0,1016.5,1.0392249822616575,0.0,2.4149534702301025,296.5649719238281,0.0,11.517499923706056,0.2409999966621399
1776002400000,2026-04-12 14:00:00,,,,,,,,,,,,,12.817500114440918,57.0,1016.5,4.506073951721191,0.0,6.119999885559082,298.0723876953125,0.0,11.717500686645508,0.2409999966621399
1776006000000,2026-04-12 15:00:00,,,,,,,,,,,,,11.61750030517578,75.0,1016.5,7.335425853729248,0.0,10.36525058746338,290.3232116699219,0.0,11.767499923706056,0.2399999946355819
1776007664982,2026-04-12 15:27:44,,,,7.73,7.49,7.27,,,,98.418976,-111.0,-5.0,,,,,,,,,,
1776007671834,2026-04-12 15:27:51,39.04,27.36,26.07,,,,335.89,300.58,277.75,98.418976,-111.0,-6.5,,,,,,,,,,
1776009600000,2026-04-12 16:00:00,,,,,,,,,,,,,10.61750030517578,80.0,1016.4000244140624,7.309452533721924,0.0,10.002559661865234,329.74365234375,0.0,11.217500686645508,0.2399999946355819
1776013200000,2026-04-12 17:00:00,,,,,,,,,,,,,10.067500114440918,85.0,1016.7000122070312,7.660053730010986,0.0,6.0346999168396,342.6458740234375,0.0,10.667500495910645,0.2399999946355819
1776016800000,2026-04-12 18:00:00,,,,,,,,,,,,,9.417500495910645,89.0,1017.0,7.695437908172607,0.0,3.877318382263184,338.1985168457031,0.0,10.11750030517578,0.2399999946355819
1776020400000,2026-04-12 19:00:00,,,,,,,,,,,,,8.917500495910645,93.0,1017.2000122070312,7.84657621383667,0.1000000014901161,3.5999999046325684,360.0,0.0,9.667500495910645,0.2399999946355819
1776022061264,2026-04-12 19:27:41,,,,7.91,7.23,7.27,,,,98.418976,-120.0,-10.8,,,,,,,,,,
1776022066807,2026-04-12 19:27:46,39.08,27.39,26.11,,,,335.98,300.61,277.78,98.418976,-112.0,-3.8,,,,,,,,,,
1776024000000,2026-04-12 20:00:00,,,,,,,,,,,,,8.617500305175781,94.0,1016.9000244140624,7.706002235412598,0.4000000059604645,2.741678237915039,23.198617935180664,0.0,9.267499923706056,0.2399999946355819
1776027600000,2026-04-12 21:00:00,,,,,,,,,,,,,8.417500495910645,94.0,1017.0,7.507449150085449,0.2000000029802322,3.096837043762207,54.46223831176758,0.0,8.967500686645508,0.2399999946355819
1776031200000,2026-04-12 22:00:00,,,,,,,,,,,,,8.417500495910645,93.0,1016.7000122070312,7.350812911987305,0.0,3.075841426849365,69.4438705444336,0.0,8.667500495910645,0.2409999966621399
1776034800000,2026-04-12 23:00:00,,,,,,,,,,,,,8.417500495910645,92.0,1016.2000122070312,7.192681312561035,0.0,2.3051247596740723,51.34017181396485,0.0,8.467499732971191,0.2419999986886978
1776036457533,2026-04-12 23:27:37,,,,7.98,7.98,7.49,,,,98.418976,-120.0,-13.0,,,,,,,,,,
1776036463116,2026-04-12 23:27:43,39.12,27.45,26.11,,,,336.07,300.67,277.78,98.418976,-121.0,-13.2,,,,,,,,,,
1776038400000,2026-04-13 00:00:00,,,,,,,,,,,,,7.56749963760376,91.0,1015.9000244140624,6.192342758178711,0.2000000029802322,3.3190360069274902,77.47119903564453,0.0,7.56749963760376,0.2709999978542328
1776042000000,2026-04-13 01:00:00,,,,,,,,,,,,,7.617499828338623,91.0,1015.5,6.241796493530273,0.0,6.162207126617432,83.2902603149414,0.0,7.517499923706055,0.277999997138977
1776045600000,2026-04-13 02:00:00,,,,,,,,,,,,,7.717499732971191,90.0,1015.0,6.18037748336792,0.0,5.506940841674805,78.69010162353516,0.0,7.517499923706055,0.2820000052452087
1776049200000,2026-04-13 03:00:00,,,,,,,,,,,,,7.867499828338623,89.0,1015.0999755859376,6.166447162628174,0.0,6.162207126617432,83.2902603149414,0.0,7.517499923706055,0.2829999923706054
1776050853799,2026-04-13 03:27:33,,,,7.98,8.08,7.35,,,,98.418976,-121.0,-12.2,,,,,,,,,,
1776050860709,2026-04-13 03:27:40,39.14,27.48,26.11,,,,336.1,300.7,277.78,98.418976,-120.0,-11.0,,,,,,,,,,
1776052800000,2026-04-13 04:00:00,,,,,,,,,,,,,8.167500495910645,85.0,1014.7000122070312,5.795894145965576,0.0,7.2805495262146,98.53068542480467,0.0,7.517499923706055,0.2840000092983246
1776056400000,2026-04-13 05:00:00,,,,,,,,,,,,,8.317500114440918,80.0,1014.4000244140624,5.06878662109375,0.0,8.20926284790039,105.2551727294922,0.0,7.517499923706055,0.2840000092983246
1776060000000,2026-04-13 06:00:00,,,,,,,,,,,,,9.36750030517578,70.0,1014.0999755859376,4.17188024520874,0.0,10.36525058746338,110.3232192993164,0.0,7.617499828338623,0.2829999923706054
1776063600000,2026-04-13 07:00:00,,,,,,,,,,,,,10.267499923706056,68.0,1013.9000244140624,4.619387149810791,0.0,13.708391189575195,113.19861602783205,0.0,8.117500305175781,0.2820000052452087
1776065250096,2026-04-13 07:27:30,,,,7.98,8.15,7.4,,,,98.418976,-111.0,-8.2,,,,,,,,,,
1776065255688,2026-04-13 07:27:35,39.23,27.51,26.15,,,,336.32,300.73,277.81,98.418976,-110.0,-8.8,,,,,,,,,,
1776067200000,2026-04-13 08:00:00,,,,,,,,,,,,,11.467500686645508,60.0,1013.9000244140624,3.9705970287323,0.0,17.102840423583984,120.34317016601562,0.0,8.767499923706055,0.2809999883174896
1776070800000,2026-04-13 09:00:00,,,,,,,,,,,,,12.917500495910645,52.0,1013.5,3.2922685146331787,0.0,19.37321853637696,131.9871368408203,0.0,9.667500495910645,0.2790000140666961
1776074400000,2026-04-13 10:00:00,,,,,,,,,,,,,13.817500114440918,46.0,1013.0999755859376,2.3895139694213867,0.0,22.159746170043945,136.9749298095703,0.0,10.717500686645508,0.2770000100135803
1776078000000,2026-04-13 11:00:00,,,,,,,,,,,,,14.267499923706056,45.0,1012.9000244140624,2.4906179904937744,0.0,21.382905960083008,135.00010681152344,0.0,11.267499923706056,0.2759999930858612
1776079653347,2026-04-13 11:27:33,39.19,27.54,26.15,,,,336.23,300.76,277.81,98.418976,-113.0,-14.0,,,,,,,,,,
1776081600000,2026-04-13 12:00:00,,,,,,,,,,,,,14.417500495910645,44.0,1012.7000122070312,2.310981273651123,0.0,20.150354385375977,131.37841796875,0.0,11.667500495910645,0.2739999890327453
1776085200000,2026-04-13 13:00:00,,,,,,,,,,,,,14.767499923706056,43.0,1012.4000244140624,2.305335998535156,0.0,20.14070510864257,118.85556030273438,0.0,12.267499923706056,0.2720000147819519
1776088800000,2026-04-13 14:00:00,,,,,,,,,,,,,14.817500114440918,43.0,1012.0999755859376,2.350619077682495,0.0,17.193532943725586,109.5732192993164,0.0,12.36750030517578,0.270000010728836
1776092400000,2026-04-13 15:00:00,,,,,,,,,,,,,15.067500114440918,44.0,1011.5999755859376,2.9012184143066406,0.0,13.698933601379396,93.01272583007812,0.0,12.517499923706056,0.2689999938011169
1776096000000,2026-04-13 16:00:00,,,,,,,,,,,,,14.517499923706056,56.0,1011.4000244140624,5.840873718261719,0.0,13.358860969543455,75.96372985839844,0.0,12.317500114440918,0.2669999897480011
1776099600000,2026-04-13 17:00:00,,,,,,,,,,,,,14.017499923706056,61.0,1011.2000122070312,6.612142086029053,0.0,14.618837356567385,80.07382202148438,0.0,12.217500686645508,0.2660000026226043
1776103200000,2026-04-13 18:00:00,,,,,,,,,,,,,12.717500686645508,61.0,1011.4000244140624,5.385786533355713,0.0,14.869351387023926,83.04713439941406,0.0,11.717500686645508,0.2660000026226043
1776106800000,2026-04-13 19:00:00,,,,,,,,,,,,,12.167500495910645,59.0,1011.7999877929688,4.389468669891357,0.0,12.646200180053713,85.10099792480469,0.0,11.167500495910645,0.2649999856948852
1776108445882,2026-04-13 19:27:25,39.27,27.59,26.22,,,,336.41,300.81,277.87,98.418976,-121.0,-13.8,,,,,,,,,,
1776110400000,2026-04-13 20:00:00,,,,,,,,,,,,,12.167500495910645,46.0,1011.9000244140624,0.88264000415802,0.0,14.113653182983398,95.85591888427734,0.0,10.767499923706056,0.2639999985694885
1776114000000,2026-04-13 21:00:00,,,,,,,,,,,,,12.217500686645508,43.0,1011.7999877929688,-0.005198523402214,0.0,16.039201736450195,99.0394058227539,0.0,10.567500114440918,0.2639999985694885
1776117600000,2026-04-13 22:00:00,,,,,,,,,,,,,12.417500495910645,42.0,1011.7000122070312,-0.1484118998050689,0.0,18.345876693725582,105.94546508789062,0.0,10.467500686645508,0.2630000114440918
1776121200000,2026-04-13 23:00:00,,,,,,,,,,,,,12.36750030517578,44.0,1011.9000244140624,0.4485450088977813,0.0,16.854766845703125,109.98319244384766,0.0,10.467500686645508,0.2619999945163727
1776122835176,2026-04-13 23:27:15,,,,8.47,7.86,7.69,,,,98.418976,-112.0,-12.0,,,,,,,,,,
1776124800000,2026-04-14 00:00:00,,,,,,,,,,,,,11.067500114440918,54.0,1012.5999755859376,2.1066648960113525,0.0,10.787993431091309,115.70990753173828,0.0,10.317500114440918,0.2610000073909759
1776128400000,2026-04-14 01:00:00,,,,,,,,,,,,,11.11750030517578,57.0,1012.7999877929688,2.914384365081787,0.4000000059604645,8.89134407043457,111.37069702148438,0.0,9.967500686645508,0.2610000073909759
1776132000000,2026-04-14 02:00:00,,,,,,,,,,,,,10.417500495910645,63.0,1013.2999877929688,3.672760486602783,0.0,9.44957160949707,107.74476623535156,0.0,9.567500114440918,0.2599999904632568
1776135600000,2026-04-14 03:00:00,,,,,,,,,,,,,10.067500114440918,66.0,1013.4000244140624,4.002143383026123,0.0,7.172948837280273,107.5256576538086,0.0,9.167500495910645,0.2599999904632568
1776137231451,2026-04-14 03:27:11,,,,8.49,8.17,7.73,,,,98.418976,-121.0,-11.8,,,,,,,,,,
1776137237035,2026-04-14 03:27:17,39.27,27.64,26.22,,,,336.41,300.87,277.87,98.418976,-112.0,-7.0,,,,,,,,,,
1776139200000,2026-04-14 04:00:00,,,,,,,,,,,,,9.61750030517578,69.0,1014.0999755859376,4.206178665161133,0.0,6.952754497528076,111.25057983398438,0.0,8.867500305175781,0.2599999904632568
1776142800000,2026-04-14 05:00:00,,,,,,,,,,,,,9.767499923706056,68.0,1015.0,4.141416072845459,0.0,3.545588731765747,113.96249389648438,0.0,8.617500305175781,0.2590000033378601
1776146400000,2026-04-14 06:00:00,,,,,,,,,,,,,9.767499923706056,73.0,1015.7999877929688,5.157593727111816,0.0,2.099142551422119,120.96369171142578,0.0,8.717500686645508,0.2590000033378601
1776150000000,2026-04-14 07:00:00,,,,,,,,,,,,,10.317500114440918,73.0,1016.5999755859376,5.6876959800720215,0.0,1.1384198665618896,161.56495666503906,0.0,9.217500686645508,0.2590000033378601
1776151627695,2026-04-14 07:27:07,,,,8.52,8.54,7.88,,,,98.418976,-116.0,-13.5,,,,,,,,,,
1776151634749,2026-04-14 07:27:14,39.39,27.67,26.26,,,,336.66,300.9,277.9,98.418976,-120.0,-13.5,,,,,,,,,,
1776153600000,2026-04-14 08:00:00,,,,,,,,,,,,,11.217500686645508,72.0,1016.9000244140624,6.35460901260376,0.0,6.214563369750977,280.0079040527344,0.0,9.917500495910645,0.2590000033378601
1776157200000,2026-04-14 09:00:00,,,,,,,,,,,,,11.467500686645508,80.0,1017.5999755859376,8.137391090393066,0.1000000014901161,10.182336807250977,278.1300048828125,0.0,10.36750030517578,0.257999986410141
1776160800000,2026-04-14 10:00:00,,,,,,,,,,,,,11.517499923706056,78.0,1018.0999755859376,7.813608169555664,0.0,8.825508117675781,281.76824951171875,0.0,10.86750030517578,0.257999986410141
1776164400000,2026-04-14 11:00:00,,,,,,,,,,,,,11.567500114440918,79.0,1018.5999755859376,8.049518585205078,0.0,10.36525058746338,290.3232116699219,0.0,11.167500495910645,0.257999986410141
1776166023958,2026-04-14 11:27:03,,,,8.52,8.49,7.83,,,,98.418976,-112.0,-9.8,,,,,,,,,,
1776168000000,2026-04-14 12:00:00,,,,,,,,,,,,,11.467500686645508,83.0,1019.0999755859376,8.68077278137207,0.3000000119209289,10.495713233947754,300.96368408203125,0.0,11.067500114440918,0.257999986410141
1776171600000,2026-04-14 13:00:00,,,,,,,,,,,,,11.567500114440918,83.0,1019.5,8.778593063354492,0.3000000119209289,9.693296432495115,301.3286437988281,0.0,11.067500114440918,0.257999986410141
1776175200000,2026-04-14 14:00:00,,,,,,,,,,,,,11.36750030517578,86.0,1020.0,9.108858108520508,0.1000000014901161,10.495713233947754,300.96368408203125,0.0,10.917500495910645,0.2590000033378601
1776178800000,2026-04-14 15:00:00,,,,,,,,,,,,,10.667500495910645,90.0,1020.5999755859376,9.094111442565918,0.0,10.495713233947754,300.96368408203125,0.0,10.767499923706056,0.2599999904632568
1776180420265,2026-04-14 15:27:00,,,,8.67,7.69,7.71,,,,98.418976,-112.0,-7.5,,,,,,,,,,
1776180427332,2026-04-14 15:27:07,39.6,27.73,26.33,,,,337.15,300.96,277.95,98.418976,-112.0,-7.2,,,,,,,,,,
1776182400000,2026-04-14 16:00:00,,,,,,,,,,,,,10.467500686645508,89.0,1021.0999755859376,8.731133460998535,0.0,8.287821769714355,304.3804016113281,0.0,10.517499923706056,0.2610000073909759
1776186000000,2026-04-14 17:00:00,,,,,,,,,,,,,9.967500686645508,91.0,1021.5999755859376,8.56595230102539,0.0,8.396570205688477,300.96368408203125,0.0,10.267499923706056,0.2610000073909759
1776189600000,2026-04-14 18:00:00,,,,,,,,,,,,,9.567500114440918,91.0,1022.4000244140624,8.170366287231445,0.0,7.421589851379394,309.0938415527344,0.0,9.967500686645508,0.2610000073909759
1776193200000,2026-04-14 19:00:00,,,,,,,,,,,,,9.417500495910645,91.0,1023.0999755859376,8.022022247314453,0.0,6.409617424011231,308.1572570800781,0.0,9.717500686645508,0.2610000073909759
1776194816557,2026-04-14 19:26:56,,,,8.79,8.1,7.93,,,,98.418976,-121.0,-13.5,,,,,,,,,,
1776194822072,2026-04-14 19:27:02,39.65,27.76,26.37,,,,337.27,300.99,277.98,98.418976,-121.0,-14.5,,,,,,,,,,
1776196800000,2026-04-14 20:00:00,,,,,,,,,,,,,9.167500495910645,93.0,1023.5999755859376,8.094453811645508,0.0,5.86037540435791,312.5104064941406,0.0,9.517499923706056,0.2619999945163727
1776200400000,2026-04-14 21:00:00,,,,,,,,,,,,,8.967500686645508,94.0,1023.7999877929688,8.053470611572266,0.0,4.072935104370117,315.0000915527344,0.0,9.317500114440918,0.2619999945163727
1776204000000,2026-04-14 22:00:00,,,,,,,,,,,,,8.867500305175781,94.0,1024.0,7.95419454574585,0.0,3.826852560043335,318.81414794921875,0.0,9.167500495910645,0.2619999945163727
1776207600000,2026-04-14 23:00:00,,,,,,,,,,,,,8.767499923706055,94.0,1024.0999755859375,7.854917526245117,0.0,3.7064266204833984,330.94549560546875,0.0,9.067500114440918,0.2619999945163727
1776209212809,2026-04-14 23:26:52,,,,8.81,8.62,7.78,,,,98.418976,-121.0,-13.8,,,,,,,,,,
1776209219790,2026-04-14 23:26:59,39.73,27.82,26.37,,,,337.45,301.05,277.98,98.418976,-121.0,-13.8,,,,,,,,,,
1776211200000,2026-04-15 00:00:00,,,,,,,,,,,,,9.317500114440918,94.0,1024.0,8.400934219360352,0.0,4.693825721740723,327.5288391113281,0.0,9.567500114440918,0.2689999938011169
1776214800000,2026-04-15 01:00:00,,,,,,,,,,,,,9.067500114440918,94.0,1023.9000244140624,8.152745246887207,0.0,5.315336227416992,331.6993408203125,0.0,9.417500495910645,0.2689999938011169
1776218400000,2026-04-15 02:00:00,,,,,,,,,,,,,8.767499923706055,95.0,1024.0999755859375,8.010520935058594,0.0,6.1516828536987305,339.4438781738281,0.0,9.217500686645508,0.2689999938011169
1776222000000,2026-04-15 03:00:00,,,,,,,,,,,,,8.467499732971191,93.0,1024.4000244140625,7.400388717651367,0.0,5.447788238525391,352.4054260253906,0.0,9.067500114440918,0.2689999938011169
1776223616059,2026-04-15 03:26:56,39.89,27.88,26.41,,,,337.82,301.11,278.01,98.418976,-121.0,-13.5,,,,,,,,,,
1776225600000,2026-04-15 04:00:00,,,,,,,,,,,,,7.767499923706055,94.0,1024.5999755859375,6.862138748168945,0.0,3.976329803466797,354.8056640625,0.0,8.817500114440918,0.2689999938011169
1776229200000,2026-04-15 05:00:00,,,,,,,,,,,,,6.967499732971191,95.0,1024.9000244140625,6.221288681030273,0.0,3.2599384784698486,6.340100288391113,0.0,8.367500305175781,0.2689999938011169
1776232800000,2026-04-15 06:00:00,,,,,,,,,,,,,7.917500019073486,92.0,1025.0,6.697535514831543,0.0,2.5199999809265137,360.0,0.0,8.367500305175781,0.2680000066757202
1776236400000,2026-04-15 07:00:00,,,,,,,,,,,,,9.167500495910645,80.0,1025.300048828125,5.896921157836914,0.0,3.219938039779663,333.4350280761719,0.0,9.017499923706056,0.2680000066757202
1776238005422,2026-04-15 07:26:45,,,,8.84,8.79,8.0,,,,98.418976,-111.0,-8.5,,,,,,,,,,
1776238011009,2026-04-15 07:26:51,40.09,27.94,26.45,,,,338.28,301.17,278.04,98.81423,-112.0,-6.8,,,,,,,,,,
1776240000000,2026-04-15 08:00:00,,,,,,,,,,,,,10.567500114440918,72.0,1025.300048828125,5.7292022705078125,0.0,2.741678237915039,336.8013916015625,0.0,10.017499923706056,0.2680000066757202
1776243600000,2026-04-15 09:00:00,,,,,,,,,,,,,11.967500686645508,63.0,1025.0999755859375,5.141125202178955,0.0,2.545584201812744,8.130019187927246,0.0,11.067500114440918,0.2669999897480011
1776247200000,2026-04-15 10:00:00,,,,,,,,,,,,,13.317500114440918,58.0,1024.300048828125,5.2240800857543945,0.0,2.545584201812744,8.130019187927246,0.0,12.217500686645508,0.2660000026226043
1776250800000,2026-04-15 11:00:00,,,,,,,,,,,,,14.61750030517578,51.0,1023.5,4.58814001083374,0.0,2.545584201812744,8.130019187927246,0.0,13.317500114440918,0.2649999856948852
1776254400000,2026-04-15 12:00:00,,,,,,,,,,,,,15.667500495910645,46.0,1022.9000244140624,4.078017711639404,0.0,2.545584201812744,8.130019187927246,0.0,14.217500686645508,0.2630000114440918
1776258000000,2026-04-15 13:00:00,,,,,,,,,,,,,16.3174991607666,44.0,1022.2999877929688,4.035892963409424,0.0,1.7999999523162842,360.0,0.0,14.917500495910645,0.2619999945163727
1776261600000,2026-04-15 14:00:00,,,,,,,,,,,,,16.5674991607666,43.0,1021.7999877929688,3.934969186782837,0.0,5.411986351013184,3.814009666442871,0.0,15.317500114440918,0.2599999904632568
1776265200000,2026-04-15 15:00:00,,,,,,,,,,,,,16.3174991607666,45.0,1021.5,4.356574535369873,0.0,6.162207126617432,353.2902526855469,0.0,15.417500495910645,0.2590000033378601
1776266804838,2026-04-15 15:26:44,40.16,28.04,26.53,,,,338.44,301.28,278.1,98.81423,-121.0,-14.2,,,,,,,,,,
1776268800000,2026-04-15 16:00:00,,,,,,,,,,,,,15.817500114440918,46.0,1021.5,4.214874744415283,0.0,5.399999618530273,360.0,0.0,15.017499923706056,0.257999986410141
1776272400000,2026-04-15 17:00:00,,,,,,,,,,,,,14.767499923706056,50.0,1021.4000244140624,4.44321870803833,0.0,4.452953815460205,14.036274909973145,0.0,14.167500495910645,0.2569999992847442
1776276000000,2026-04-15 18:00:00,,,,,,,,,,,,,13.267499923706056,61.0,1021.7000122070312,5.904672622680664,0.0,4.198285102844238,30.963695526123047,0.0,13.217500686645508,0.2560000121593475
1776279600000,2026-04-15 19:00:00,,,,,,,,,,,,,12.517499923706056,63.0,1021.7999877929688,5.662042617797852,0.0,4.6102495193481445,38.65982818603516,0.0,12.36750030517578,0.2549999952316284
1776281194223,2026-04-15 19:26:34,,,,9.36,8.94,8.17,,,,98.81423,-112.0,-9.2,,,,,,,,,,
1776281199671,2026-04-15 19:26:39,40.21,28.1,26.55,,,,338.56,301.34,278.12,98.81423,-121.0,-13.8,,,,,,,,,,
1776283200000,2026-04-15 20:00:00,,,,,,,,,,,,,12.217500686645508,59.0,1021.7000122070312,4.436467170715332,0.0,4.843304634094238,41.98712921142578,0.0,11.767499923706056,0.2549999952316284
1776286800000,2026-04-15 21:00:00,,,,,,,,,,,,,11.717500686645508,60.0,1021.5999755859376,4.206079483032227,0.0,5.692099094390869,55.30478286743164,0.0,11.36750030517578,0.2549999952316284
1776290400000,2026-04-15 22:00:00,,,,,,,,,,,,,11.717500686645508,55.0,1021.4000244140624,2.9705519676208496,0.0,6.1516828536987305,69.4438705444336,0.0,11.067500114440918,0.2549999952316284
1776294000000,2026-04-15 23:00:00,,,,,,,,,,,,,11.417500495910645,55.0,1021.2000122070312,2.690786838531494,0.0,5.506940841674805,78.69010162353516,0.0,10.817500114440918,0.2549999952316284
1776295590364,2026-04-15 23:26:30,,,,9.46,9.06,8.27,,,,98.81423,-110.0,-11.5,,,,,,,,,,
1776297600000,2026-04-16 00:00:00,,,,,,,,,,,,,10.717500686645508,75.0,1021.2000122070312,6.465388774871826,0.0,2.545584201812744,98.13002014160156,0.0099999997764825,10.467500686645508,0.2599999904632568
1776301200000,2026-04-16 01:00:00,,,,,,,,,,,,,10.267499923706056,78.0,1020.5999755859376,6.599632740020752,0.0,2.9024126529693604,97.12492370605467,0.0,10.167500495910645,0.2599999904632568
1776304800000,2026-04-16 02:00:00,,,,,,,,,,,,,10.36750030517578,77.0,1020.7000122070312,6.509026527404785,0.0,2.9024126529693604,82.87508392333984,0.0099999997764825,9.917500495910645,0.2599999904632568
1776308400000,2026-04-16 03:00:00,,,,,,,,,,,,,10.017499923706056,80.0,1020.5999755859376,6.724982738494873,0.0,3.617955207824707,95.71050262451172,0.0,9.567500114440918,0.2599999904632568
1776309993649,2026-04-16 03:26:33,40.21,28.22,26.59,,,,338.56,301.46,278.15,98.81423,-113.0,-9.2,,,,,,,,,,
1776312000000,2026-04-16 04:00:00,,,,,,,,,,,,,9.86750030517578,84.0,1020.7999877929688,7.290590286254883,0.0,3.2599384784698486,96.34009552001952,0.0,9.267499923706056,0.2599999904632568
1776315600000,2026-04-16 05:00:00,,,,,,,,,,,,,10.417500495910645,82.0,1020.9000244140624,7.475879192352295,0.0,2.5199999809265137,90.0,0.0,9.267499923706056,0.2599999904632568
1776319200000,2026-04-16 06:00:00,,,,,,,,,,,,,11.517499923706056,79.0,1020.7999877929688,8.000890731811523,0.0,2.1600000858306885,90.0,0.0099999997764825,9.667500495910645,0.2610000073909759
1776322800000,2026-04-16 07:00:00,,,,,,,,,,,,,13.417500495910645,72.0,1021.0,8.470909118652344,0.0,3.3190360069274902,282.52880859375,0.0399999991059303,10.667500495910645,0.2610000073909759
1776324382858,2026-04-16 07:26:22,,,,9.46,9.09,8.32,,,,98.81423,-120.0,-11.2,,,,,,,,,,
1776324388465,2026-04-16 07:26:28,40.17,28.25,26.63,,,,338.47,301.49,278.18,98.81423,-120.0,-13.0,,,,,,,,,,
1776326400000,2026-04-16 08:00:00,,,,,,,,,,,,,14.167500495910645,70.0,1021.0,8.774504661560059,0.0,4.829906940460205,296.5649719238281,0.0599999986588954,11.667500495910645,0.2599999904632568
1776330000000,2026-04-16 09:00:00,,,,,,,,,,,,,15.917500495910645,65.0,1021.0999755859376,9.344810485839844,0.0,8.766572952270508,289.1791076660156,0.1000000089406967,12.86750030517578,0.2599999904632568
1776333600000,2026-04-16 10:00:00,,,,,,,,,,,,,17.267499923706055,58.0,1020.7000122070312,8.926806449890137,0.0,11.11345100402832,294.9047241210937,0.1500000059604644,14.217500686645508,0.2599999904632568
1776337200000,2026-04-16 11:00:00,,,,,,,,,,,,,17.61750030517578,52.0,1020.9000244140624,7.642425060272217,0.0,13.044723510742188,297.9793701171875,0.1700000017881393,15.11750030517578,0.2590000033378601
1776340800000,2026-04-16 12:00:00,,,,,,,,,,,,,18.01749992370605,46.0,1020.7000122070312,6.221311092376709,0.0,11.92355728149414,298.886474609375,0.1700000017881393,15.667500495910645,0.257999986410141
1776344400000,2026-04-16 13:00:00,,,,,,,,,,,,,18.467500686645508,39.0,1020.7000122070312,4.25213623046875,0.0,12.387348175048828,305.5377502441406,0.1800000071525573,16.0674991607666,0.2569999992847442
1776348000000,2026-04-16 14:00:00,,,,,,,,,,,,,18.467500686645508,43.0,1020.5,5.653947830200195,0.0,11.480557441711426,311.1858215332031,0.1599999964237213,16.0674991607666,0.2560000121593475
1776351600000,2026-04-16 15:00:00,,,,,,,,,,,,,18.417499542236328,46.0,1020.5,6.585952758789063,0.0,12.72792148590088,315.0000915527344,0.1400000154972076,16.11750030517578,0.2549999952316284
1776353182353,2026-04-16 15:26:22,40.21,28.33,26.75,,,,338.56,301.58,278.27,98.81423,-111.0,-5.5,,,,,,,,,,
1776355200000,2026-04-16 16:00:00,,,,,,,,,,,,,18.26749992370605,38.0,1020.7000122070312,3.703540802001953,0.0,11.019763946533203,321.6324768066406,0.1099999994039535,15.917500495910645,0.2540000081062317
1776358800000,2026-04-16 17:00:00,,,,,,,,,,,,,17.267499923706055,50.0,1021.0,6.746099948883057,0.0,6.725354194641113,344.475830078125,0.0700000077486038,15.517499923706056,0.2540000081062317
1776362400000,2026-04-16 18:00:00,,,,,,,,,,,,,14.917500495910645,61.0,1021.4000244140624,7.460950374603271,0.0,4.896529197692871,17.102825164794922,0.0299999993294477,14.61750030517578,0.2529999911785126
1776366000000,2026-04-16 19:00:00,,,,,,,,,,,,,13.667500495910645,64.0,1021.9000244140624,6.980645179748535,0.0,6.297428131103516,30.963695526123047,0.0199999995529651,13.517499923706056,0.2529999911785126
1776367571618,2026-04-16 19:26:11,,,,10.02,9.46,8.47,,,,99.20949,-121.0,-12.5,,,,,,,,,,
1776367577066,2026-04-16 19:26:17,40.26,28.39,26.79,,,,338.68,301.64,278.3,99.20949,-112.0,-6.8,,,,,,,,,,
1776369600000,2026-04-16 20:00:00,,,,,,,,,,,,,13.067500114440918,68.0,1022.0999755859376,7.295254230499268,0.0,4.896529674530029,36.02747344970703,0.0199999995529651,12.717500686645508,0.2529999911785126
1776373200000,2026-04-16 21:00:00,,,,,,,,,,,,,13.467500686645508,66.0,1022.2999877929688,7.240102291107178,0.0,1.1384198665618896,108.43504333496094,0.0099999997764825,12.11750030517578,0.2529999911785126
1776376800000,2026-04-16 22:00:00,,,,,,,,,,,,,12.317500114440918,72.0,1022.7000122070312,7.412845134735107,0.0,0.8049845099449158,333.4350280761719,0.0,11.61750030517578,0.2529999911785126
1776380400000,2026-04-16 23:00:00,,,,,,,,,,,,,12.167500495910645,72.0,1022.9000244140624,7.268551349639893,0.0,0.5091168880462646,44.99989700317383,0.0,11.11750030517578,0.2529999911785126
1776381967848,2026-04-16 23:26:07,,,,10.14,9.14,8.62,,,,99.20949,-120.0,-12.2,,,,,,,,,,
1776381974849,2026-04-16 23:26:14,40.27,28.45,26.79,,,,338.71,301.7,278.3,99.20949,-120.0,-12.2,,,,,,,,,,
1776384000000,2026-04-17 00:00:00,,,,,,,,,,,,,11.417500495910645,80.0,1022.5999755859376,8.088689804077148,0.0,3.2599384784698486,353.659912109375,0.0099999997764825,11.717500686645508,0.2509999871253967
1776387600000,2026-04-17 01:00:00,,,,,,,,,,,,,11.017499923706056,82.0,1023.0999755859376,8.062016487121582,0.0,2.968636035919189,345.9637145996094,0.0,11.317500114440918,0.2509999871253967
1776391200000,2026-04-17 02:00:00,,,,,,,,,,,,,10.61750030517578,83.0,1022.9000244140624,7.849254131317139,0.0,2.545584201812744,8.130019187927246,0.0,10.667500495910645,0.2509999871253967
1776394800000,2026-04-17 03:00:00,,,,,,,,,,,,,10.167500495910645,85.0,1023.2000122070312,7.7581610679626465,0.0,2.099142551422119,329.03631591796875,0.0,9.917500495910645,0.2509999871253967
1776396364082,2026-04-17 03:26:04,,,,10.14,9.46,8.69,,,,99.20949,-121.0,-13.8,,,,,,,,,,
1776396371104,2026-04-17 03:26:11,40.26,28.48,26.81,,,,338.68,301.73,278.32,99.20949,-120.0,-11.8,,,,,,,,,,
1776398400000,2026-04-17 04:00:00,,,,,,,,,,,,,8.867500305175781,91.0,1023.4000244140624,7.478078365325928,0.0,1.527350664138794,44.99989700317383,0.0,9.217500686645508,0.2509999871253967
1776402000000,2026-04-17 05:00:00,,,,,,,,,,,,,9.11750030517578,90.0,1023.7000122070312,7.563217639923096,0.0,2.4149534702301025,333.4350280761719,0.0,8.617500305175781,0.2520000040531158
1776405600000,2026-04-17 06:00:00,,,,,,,,,,,,,10.317500114440918,88.0,1023.9000244140624,8.416274070739746,0.0,3.826852560043335,311.1858215332031,0.0,8.967500686645508,0.2520000040531158
1776409200000,2026-04-17 07:00:00,,,,,,,,,,,,,12.767499923706056,72.0,1023.7000122070312,7.845710754394531,0.0,6.119999885559082,298.0723876953125,0.0399999991059303,10.317500114440918,0.2520000040531158
1776410760415,2026-04-17 07:26:00,,,,10.09,9.77,8.79,,,,99.20949,-112.0,-8.8,,,,,,,,,,
1776410765988,2026-04-17 07:26:05,40.21,28.51,26.85,,,,338.56,301.76,278.35,99.20949,-112.0,-8.8,,,,,,,,,,
1776412800000,2026-04-17 08:00:00,,,,,,,,,,,,,14.517499923706056,65.0,1023.5,8.014791488647461,0.0,6.193674087524414,305.5377502441406,0.0900000035762786,11.917500495910645,0.2520000040531158
1776416400000,2026-04-17 09:00:00,,,,,,,,,,,,,16.467500686645508,60.0,1023.2999877929688,8.677644729614258,0.0,8.089993476867676,302.275634765625,0.1400000154972076,13.467500686645508,0.2509999871253967
1776420000000,2026-04-17 10:00:00,,,,,,,,,,,,,18.01749992370605,45.0,1023.0999755859376,5.902924060821533,0.0,10.703569412231444,317.72637939453125,0.1700000017881393,14.767499923706056,0.2509999871253967
1776423600000,2026-04-17 11:00:00,,,,,,,,,,,,,18.51749992370605,40.0,1023.0999755859376,4.658952236175537,0.0,13.79791259765625,344.8759460449219,0.2100000232458114,15.917500495910645,0.25
1776425163668,2026-04-17 11:26:03,40.2,28.53,26.89,,,,338.53,301.78,278.38,99.20949,-113.0,-9.0,,,,,,,,,,
1776427200000,2026-04-17 12:00:00,,,,,,,,,,,,,18.667499542236328,39.0,1023.0,4.43097734451294,0.0,15.716793060302734,339.9046630859375,0.2199999988079071,16.61750030517578,0.248999997973442
1776430800000,2026-04-17 13:00:00,,,,,,,,,,,,,18.817501068115234,38.0,1022.7000122070312,4.19388484954834,0.0,13.10419750213623,344.0545349121094,0.1899999976158142,16.817501068115234,0.2479999959468841
1776434400000,2026-04-17 14:00:00,,,,,,,,,,,,,18.917499542236328,38.0,1022.0999755859376,4.283023357391357,0.0,12.522619247436523,341.56494140625,0.1899999976158142,17.167499542236328,0.2469999939203262
1776438000000,2026-04-17 15:00:00,,,,,,,,,,,,,18.76749992370605,39.0,1021.7000122070312,4.52039098739624,0.0,15.175612449645996,337.6937561035156,0.1700000017881393,17.267499923706055,0.2460000067949295
1776441600000,2026-04-17 16:00:00,,,,,,,,,,,,,18.417499542236328,38.0,1021.5,3.837280750274658,0.0,9.360000610351562,337.3800964355469,0.1400000154972076,16.967500686645508,0.2450000047683715
1776445200000,2026-04-17 17:00:00,,,,,,,,,,,,,17.567501068115234,41.0,1021.5999755859376,4.158541679382324,0.0,7.289443969726562,20.22494506835937,0.0799999982118606,16.36750030517578,0.2440000027418136
1776448800000,2026-04-17 18:00:00,,,,,,,,,,,,,15.017499923706056,50.0,1022.2000122070312,4.673586845397949,0.0,5.315336227416992,28.3006591796875,0.0299999993294477,15.317500114440918,0.2440000027418136
1776452400000,2026-04-17 19:00:00,,,,,,,,,,,,,13.467500686645508,53.0,1022.7000122070312,4.072883129119873,0.0,7.386581897735596,46.97492980957031,0.0299999993294477,14.067500114440918,0.2440000027418136
1776456000000,2026-04-17 20:00:00,,,,,,,,,,,,,12.86750030517578,53.0,1023.0,3.5159802436828613,0.0,7.9932966232299805,54.16226959228516,0.0299999993294477,13.11750030517578,0.2430000007152557
1776459600000,2026-04-17 21:00:00,,,,,,,,,,,,,12.317500114440918,55.0,1023.2000122070312,3.5300114154815674,0.0,7.172948837280273,72.4743423461914,0.0199999995529651,12.467500686645508,0.2430000007152557
1776463200000,2026-04-17 22:00:00,,,,,,,,,,,,,11.417500495910645,58.0,1023.4000244140624,3.4417381286621094,0.0,6.0346999168396,72.64588928222656,0.0199999995529651,11.917500495910645,0.2430000007152557
1776466800000,2026-04-17 23:00:00,,,,,,,,,,,,,10.717500686645508,62.0,1023.5999755859376,3.729328632354736,0.0,6.162207126617432,96.7097396850586,0.0199999995529651,11.36750030517578,0.2430000007152557
1776468345345,2026-04-17 23:25:45,,,,10.58,9.24,9.01,,,,99.20949,-111.0,-8.0,,,,,,,,,,
1776470400000,2026-04-18 00:00:00,,,,,,,,,,,,,9.817500114440918,65.0,1022.0,3.5470638275146484,0.0,4.802999019622803,77.00538635253906,0.0099999997764825,10.467500686645508,0.2409999966621399
1776474000000,2026-04-18 01:00:00,,,,,,,,,,,,,9.067500114440918,70.0,1022.2999877929688,3.884096622467041,0.0,3.7585103511810303,106.69932556152344,0.0099999997764825,10.067500114440918,0.2419999986886978
1776477600000,2026-04-18 02:00:00,,,,,,,,,,,,,8.767499923706055,70.0,1022.2000122070312,3.596299409866333,0.0,5.771238803863525,86.42374420166016,0.0099999997764825,9.517499923706056,0.2419999986886978
1776481200000,2026-04-18 03:00:00,,,,,,,,,,,,,8.867500305175781,70.0,1022.4000244140624,3.6922335624694815,0.0,5.091168403625488,98.13002014160156,0.0099999997764825,9.317500114440918,0.2419999986886978
1776482748613,2026-04-18 03:25:48,40.23,28.64,27.01,,,,338.62,301.9,278.47,99.20949,-113.0,-8.5,,,,,,,,,,
1776484800000,2026-04-18 04:00:00,,,,,,,,,,,,,8.567500114440918,71.0,1022.2000122070312,3.605706691741944,0.0,5.506940841674805,101.30989837646484,0.0099999997764825,9.167500495910645,0.2419999986886978
1776488400000,2026-04-18 05:00:00,,,,,,,,,,,,,8.867500305175781,71.0,1022.4000244140624,3.8939850330352783,0.0,5.351784706115723,109.65391540527344,0.0199999995529651,9.11750030517578,0.2419999986886978
1776492000000,2026-04-18 06:00:00,,,,,,,,,,,,,10.517499923706056,65.0,1022.2999877929688,4.212731838226318,0.0,5.315336227416992,118.30066680908205,0.0299999993294477,9.467500686645508,0.2419999986886978
1776495600000,2026-04-18 07:00:00,,,,,,,,,,,,,12.667500495910645,60.0,1021.7999877929688,5.100786209106445,0.0,5.351784706115723,132.27362060546875,0.0700000077486038,10.417500495910645,0.2419999986886978
1776499200000,2026-04-18 08:00:00,,,,,,,,,,,,,15.317500114440918,54.0,1021.2999877929688,6.059876918792725,0.0,5.623379707336426,140.19447326660156,0.1199999973177909,11.86750030517578,0.2419999986886978
1776502800000,2026-04-18 09:00:00,,,,,,,,,,,,,17.61750030517578,47.0,1020.7999877929688,6.168033123016357,0.0,3.89399528503418,146.30990600585938,0.1899999976158142,13.467500686645508,0.2409999966621399
1776506400000,2026-04-18 10:00:00,,,,,,,,,,,,,19.067501068115234,40.0,1020.4000244140624,5.152160167694092,0.0,3.545588731765747,246.0375061035156,0.2399999946355819,14.86750030517578,0.2409999966621399
1776510000000,2026-04-18 11:00:00,,,,,,,,,,,,,19.917499542236328,36.0,1019.7999877929688,4.399010181427002,0.0,4.679999828338623,270.0,0.270000010728836,16.017499923706055,0.2399999946355819
1776513600000,2026-04-18 12:00:00,,,,,,,,,,,,,20.61750030517578,35.0,1019.4000244140624,4.61471700668335,0.0,5.634891033172607,296.5649719238281,0.3000000119209289,17.11750030517578,0.238999992609024
1776517200000,2026-04-18 13:00:00,,,,,,,,,,,,,21.167499542236328,35.0,1019.0,5.099915504455566,0.0,7.862518310546875,344.0545349121094,0.270000010728836,17.817501068115234,0.2380000054836273
1776520800000,2026-04-18 14:00:00,,,,,,,,,,,,,20.967500686645508,37.0,1018.4000244140624,5.72370719909668,0.0,6.849466800689697,356.9872741699219,0.25,18.217500686645508,0.2360000014305114
1776524400000,2026-04-18 15:00:00,,,,,,,,,,,,,20.61750030517578,38.0,1018.0,5.797837257385254,0.0,6.119999885559082,331.9276123046875,0.1899999976158142,18.167499542236328,0.2360000014305114
1776525930354,2026-04-18 15:25:30,,,,10.53,10.27,9.01,,,,99.20949,-112.0,-11.0,,,,,,,,,,
1776525935976,2026-04-18 15:25:35,40.2,28.62,27.07,,,,338.53,301.87,278.52,99.20949,-112.0,-11.2,,,,,,,,,,
1776528000000,2026-04-18 16:00:00,,,,,,,,,,,,,20.01749992370605,41.0,1017.7000122070312,6.361844062805176,0.0,3.89399528503418,326.3099060058594,0.1299999952316284,17.767499923706055,0.2349999994039535
1776531600000,2026-04-18 17:00:00,,,,,,,,,,,,,18.86750030517578,50.0,1017.7000122070312,8.219006538391113,0.0,4.802999019622803,347.00537109375,0.0700000077486038,17.167499542236328,0.2339999973773956
1776535200000,2026-04-18 18:00:00,,,,,,,,,,,,,17.417499542236328,54.0,1018.0,8.011507034301758,0.0,6.489992141723633,19.440128326416016,0.0299999993294477,16.3174991607666,0.2339999973773956
1776538800000,2026-04-18 19:00:00,,,,,,,,,,,,,16.167499542236328,60.0,1018.0999755859376,8.395376205444336,0.0,2.595996856689453,56.30991363525391,0.0299999993294477,15.417500495910645,0.2339999973773956
1776540326557,2026-04-18 19:25:26,,,,10.81,10.27,9.24,,,,99.20949,-121.0,-12.5,,,,,,,,,,
1776540332072,2026-04-18 19:25:32,40.22,28.64,27.11,,,,338.59,301.9,278.55,99.20949,-121.0,-12.5,,,,,,,,,,
1776542400000,2026-04-18 20:00:00,,,,,,,,,,,,,16.017499923706055,58.0,1017.7999877929688,7.755447387695312,0.0,2.099142551422119,120.96369171142578,0.0099999997764825,14.517499923706056,0.2329999953508377
1776546000000,2026-04-18 21:00:00,,,,,,,,,,,,,14.317500114440918,73.0,1018.0,9.541729927062988,0.0,4.320000171661377,270.0,0.0099999997764825,13.917500495910645,0.2329999953508377
1776549600000,2026-04-18 22:00:00,,,,,,,,,,,,,13.717500686645508,84.0,1018.0999755859376,11.061949729919434,0.0,5.495161056518555,301.6074523925781,0.0099999997764825,13.567500114440918,0.2329999953508377
1776553200000,2026-04-18 23:00:00,,,,,,,,,,,,,13.417500495910645,88.0,1017.9000244140624,11.469643592834473,0.0,5.600285530090332,315.0000915527344,0.0099999997764825,13.317500114440918,0.2329999953508377
1776554722838,2026-04-18 23:25:22,,,,10.99,10.45,9.41,,,,99.20949,-120.0,-14.5,,,,,,,,,,
1776556800000,2026-04-19 00:00:00,,,,,,,,,,,,,13.067500114440918,88.0,1017.2999877929688,11.124934196472168,0.1000000014901161,2.595996856689453,33.69010162353516,0.0099999997764825,13.567500114440918,0.2339999973773956
1776560400000,2026-04-19 01:00:00,,,,,,,,,,,,,12.917500495910645,87.0,1016.7000122070312,10.805166244506836,0.0,0.3599999845027923,360.0,0.0,13.067500114440918,0.2360000014305114
1776564000000,2026-04-19 02:00:00,,,,,,,,,,,,,12.36750030517578,92.0,1016.7000122070312,11.103995323181152,0.0,2.620839357376098,344.0545349121094,0.0,12.567500114440918,0.2370000034570694
1776567600000,2026-04-19 03:00:00,,,,,,,,,,,,,11.61750030517578,97.0,1016.4000244140624,11.15720272064209,0.0,3.3190360069274902,102.52880096435548,0.0,12.217500686645508,0.2380000054836273
1776569119121,2026-04-19 03:25:19,,,,11.02,10.22,9.29,,,,99.20949,-122.0,-14.8,,,,,,,,,,
1776569126057,2026-04-19 03:25:26,40.23,28.7,27.15,,,,338.62,301.96,278.58,99.20949,-121.0,-14.8,,,,,,,,,,
1776571200000,2026-04-19 04:00:00,,,,,,,,,,,,,11.467500686645508,97.0,1016.0,11.007745742797852,0.2000000029802322,3.6712939739227295,78.69010162353516,0.0,11.86750030517578,0.2399999946355819
1776574800000,2026-04-19 05:00:00,,,,,,,,,,,,,11.567500114440918,98.0,1015.9000244140624,11.262131690979004,0.0,2.099142551422119,120.96369171142578,0.0,11.817500114440918,0.2409999966621399
1776578400000,2026-04-19 06:00:00,,,,,,,,,,,,,12.067500114440918,95.0,1015.7000122070312,11.290579795837402,0.0,1.7999999523162842,216.86997985839844,0.0099999997764825,12.067500114440918,0.2419999986886978
1776582000000,2026-04-19 07:00:00,,,,,,,,,,,,,12.817500114440918,90.0,1015.2000122070312,11.217414855957031,0.0,2.099142551422119,210.96368408203125,0.0399999991059303,12.467500686645508,0.2419999986886978
1776583515330,2026-04-19 07:25:15,,,,10.99,9.56,9.49,,,,99.20949,-112.0,-5.0,,,,,,,,,,
1776583520970,2026-04-19 07:25:20,40.21,28.73,27.15,,,,338.56,301.99,278.58,99.20949,-111.0,-6.8,,,,,,,,,,
1776585600000,2026-04-19 08:00:00,,,,,,,,,,,,,13.467500686645508,89.0,1014.5999755859376,11.689936637878418,0.0,1.527350664138794,224.99989318847656,0.0599999986588954,12.86750030517578,0.2430000007152557
1776589200000,2026-04-19 09:00:00,,,,,,,,,,,,,14.417500495910645,85.0,1014.2000122070312,11.927000045776367,0.0,1.2979984283447266,303.6900939941406,0.0900000035762786,13.36750030517578,0.2430000007152557
1776592800000,2026-04-19 10:00:00,,,,,,,,,,,,,15.167500495910645,83.0,1013.5999755859376,12.299615859985352,0.1000000014901161,1.0182337760925293,315.0000915527344,0.1299999952316284,13.917500495910645,0.2440000027418136
1776596400000,2026-04-19 11:00:00,,,,,,,,,,,,,15.167500495910645,83.0,1012.9000244140624,12.299615859985352,0.0,5.86037540435791,227.4895935058593,0.1299999952316284,14.417500495910645,0.2440000027418136
1776597911653,2026-04-19 11:25:11,,,,11.02,9.69,9.69,,,,99.20949,-121.0,-14.2,,,,,,,,,,
1776600000000,2026-04-19 12:00:00,,,,,,,,,,,,,14.467500686645508,85.0,1012.5,11.976037979125977,0.1000000014901161,10.739832878112791,166.42955017089844,0.0799999982118606,14.36750030517578,0.2440000027418136
1776603600000,2026-04-19 13:00:00,,,,,,,,,,,,,13.86750030517578,86.0,1011.7000122070312,11.56445026397705,1.600000023841858,4.693825721740723,212.4711761474609,0.1199999973177909,14.267499923706056,0.2450000047683715
1776607200000,2026-04-19 14:00:00,,,,,,,,,,,,,11.917500495910645,92.0,1012.7000122070312,10.65843391418457,6.5,26.98079299926757,301.3570251464844,0.0900000035762786,13.86750030517578,0.2879999876022339
1776610800000,2026-04-19 15:00:00,,,,,,,,,,,,,10.11750030517578,87.0,1014.0,8.050941467285156,0.1000000014901161,24.944129943847656,290.2657775878906,0.1099999994039535,13.267499923706056,0.3109999895095825
1776614400000,2026-04-19 16:00:00,,,,,,,,,,,,,9.11750030517578,89.0,1014.9000244140624,7.399512767791748,0.0,22.33160972595215,290.7723388671875,0.0799999982118606,12.61750030517578,0.3100000023841858
1776618000000,2026-04-19 17:00:00,,,,,,,,,,,,,8.517499923706055,90.0,1015.7000122070312,6.970584392547607,0.3000000119209289,21.12988471984864,293.0704345703125,0.0700000077486038,11.967500686645508,0.3059999942779541
1776621600000,2026-04-19 18:00:00,,,,,,,,,,,,,7.767499923706055,90.0,1016.4000244140624,6.229766368865967,1.0,18.998315811157227,297.0505065917969,0.0799999982118606,11.36750030517578,0.3059999942779541
1776625200000,2026-04-19 19:00:00,,,,,,,,,,,,,7.717499732971191,88.0,1016.7999877929688,5.854952335357666,0.2000000029802322,17.709657669067383,296.5649719238281,0.0599999986588954,10.86750030517578,0.3079999983310699
1776626704117,2026-04-19 19:25:04,,,,11.15,10.71,9.71,,,,99.20949,-112.0,-10.0,,,,,,,,,,
1776628800000,2026-04-19 20:00:00,,,,,,,,,,,,,7.56749963760376,89.0,1016.9000244140624,5.870498180389404,0.1000000014901161,13.84947681427002,297.8971862792969,0.0500000044703483,10.467500686645508,0.3059999942779541
1776632400000,2026-04-19 21:00:00,,,,,,,,,,,,,7.417500019073486,91.0,1017.0,6.043984413146973,0.0,11.384199142456056,288.4350280761719,0.0399999991059303,10.11750030517578,0.3030000030994415
1776636000000,2026-04-19 22:00:00,,,,,,,,,,,,,7.467499732971191,92.0,1017.0,6.251895904541016,0.4000000059604645,9.220499038696287,321.3401794433594,0.0299999993294477,9.86750030517578,0.3009999990463257
1776639600000,2026-04-19 23:00:00,,,,,,,,,,,,,7.367499828338623,94.0,1017.0,6.465019702911377,0.4000000059604645,12.18162441253662,325.8402404785156,0.0299999993294477,9.717500686645508,0.3000000119209289
1776641100394,2026-04-19 23:25:00,,,,11.04,10.78,9.69,,,,99.20949,-113.0,-13.0,,,,,,,,,,
1776641107367,2026-04-19 23:25:07,40.04,28.67,27.19,,,,338.16,301.93,278.61,99.20949,-112.0,-11.2,,,,,,,,,,
1776643200000,2026-04-20 00:00:00,,,,,,,,,,,,,6.917500019073486,95.0,1016.0,6.171586990356445,1.100000023841858,6.952754497528076,291.2505798339844,0.0199999995529651,9.467500686645508,0.2910000085830688
1776646800000,2026-04-20 01:00:00,,,,,,,,,,,,,7.167500019073486,93.0,1015.9000244140624,6.1113691329956055,0.1000000014901161,7.993297576904297,277.7650756835937,0.0099999997764825,9.317500114440918,0.2939999997615814
1776650400000,2026-04-20 02:00:00,,,,,,,,,,,,,7.06749963760376,93.0,1015.5999755859376,6.012210845947266,0.6000000238418579,7.559999465942383,270.0,0.0299999993294477,9.167500495910645,0.2949999868869781
1776654000000,2026-04-20 03:00:00,,,,,,,,,,,,,7.31749963760376,91.0,1015.5,5.945077419281006,0.699999988079071,13.202726364135742,281.00347900390625,0.0399999991059303,9.017499923706056,0.2980000078678131
1776655503671,2026-04-20 03:25:03,40.0,28.67,27.19,,,,338.07,301.93,278.61,99.20949,-113.0,-12.5,,,,,,,,,,
1776657600000,2026-04-20 04:00:00,,,,,,,,,,,,,7.06749963760376,88.0,1015.4000244140624,5.214559078216553,0.0,14.934576988220217,285.3763122558594,0.0500000044703483,8.917500495910645,0.2989999949932098
1776661200000,2026-04-20 05:00:00,,,,,,,,,,,,,6.717499732971191,87.0,1015.0,4.705857276916504,0.0,14.869351387023926,276.9528503417969,0.0599999986588954,8.767499923706055,0.2980000078678131
1776664800000,2026-04-20 06:00:00,,,,,,,,,,,,,6.81749963760376,88.0,1014.7000122070312,4.968247890472412,0.3000000119209289,13.755579948425291,276.0089111328125,0.0700000077486038,8.617500305175781,0.2960000038146972
1776668400000,2026-04-20 07:00:00,,,,,,,,,,,,,6.767499923706055,90.0,1014.5,5.241966247558594,0.800000011920929,14.51206398010254,277.1249084472656,0.0799999982118606,8.567500114440918,0.2960000038146972
1776669899921,2026-04-20 07:24:59,39.92,28.62,27.19,,,,337.88,301.87,278.61,99.20949,-121.0,-12.5,,,,,,,,,,
1776672000000,2026-04-20 08:00:00,,,,,,,,,,,,,7.017499923706055,89.0,1014.5,5.3279128074646,0.8999999761581421,14.973575592041016,279.688720703125,0.1000000089406967,8.567500114440918,0.2989999949932098
1776675600000,2026-04-20 09:00:00,,,,,,,,,,,,,7.167500019073486,88.0,1014.5999755859376,5.313084125518799,1.0,15.745627403259276,280.53912353515625,0.1199999973177909,8.617500305175781,0.3030000030994415
1776679200000,2026-04-20 10:00:00,,,,,,,,,,,,,6.31749963760376,88.0,1015.2000122070312,4.475614547729492,1.2000000476837158,18.532135009765625,299.05450439453125,0.1700000017881393,8.617500305175781,0.3100000023841858
1776682800000,2026-04-20 11:00:00,,,,,,,,,,,,,5.81749963760376,89.0,1015.5999755859376,4.144035816192627,1.100000023841858,16.923830032348633,293.8387451171875,0.1400000154972076,8.417500495910645,0.3140000104904175
1776684289212,2026-04-20 11:24:49,,,,10.63,10.45,9.59,,,,98.81423,-112.0,-15.5,,,,,,,,,,
1776686400000,2026-04-20 12:00:00,,,,,,,,,,,,,6.06749963760376,88.0,1015.7000122070312,4.229292392730713,1.100000023841858,15.141413688659668,288.0042419433594,0.1800000071525573,8.417500495910645,0.3179999887943268
1776690000000,2026-04-20 13:00:00,,,,,,,,,,,,,5.967499732971191,88.0,1015.5999755859376,4.130763530731201,1.2000000476837158,14.70722198486328,291.5410461425781,0.1599999964237213,8.417500495910645,0.3210000097751617
1776693600000,2026-04-20 14:00:00,,,,,,,,,,,,,6.117499828338623,88.0,1015.5,4.278558254241943,0.800000011920929,13.891522407531738,301.2183532714844,0.1400000154972076,8.317500114440918,0.3230000138282776
1776697200000,2026-04-20 15:00:00,,,,,,,,,,,,,5.81749963760376,90.0,1015.9000244140624,4.303512096405029,0.800000011920929,12.39780616760254,295.8209228515625,0.1199999973177909,8.267499923706055,0.3240000009536743
1776698692482,2026-04-20 15:24:52,39.76,28.51,27.15,,,,337.52,301.76,278.58,98.81423,-112.0,-13.2,,,,,,,,,,
1776700800000,2026-04-20 16:00:00,,,,,,,,,,,,,5.467499732971191,94.0,1016.0999755859376,4.578638076782227,0.6000000238418579,10.99032211303711,301.6074523925781,0.0700000077486038,8.067500114440918,0.3240000009536743
1776704400000,2026-04-20 17:00:00,,,,,,,,,,,,,5.467499732971191,96.0,1016.4000244140624,4.880362987518311,0.2000000029802322,8.089993476867676,302.275634765625,0.0299999993294477,7.81749963760376,0.3230000138282776
1776708000000,2026-04-20 18:00:00,,,,,,,,,,,,,5.81749963760376,97.0,1016.7999877929688,5.377912998199463,0.0,4.6102495193481445,321.3401794433594,0.0199999995529651,7.717499732971191,0.3199999928474426
1776711600000,2026-04-20 19:00:00,,,,,,,,,,,,,6.167500019073486,94.0,1017.2999877929688,5.273633003234863,0.0,5.58870267868042,345.06854248046875,0.0099999997764825,7.667500019073486,0.3160000145435333
1776715200000,2026-04-20 20:00:00,,,,,,,,,,,,,6.267499923706055,93.0,1017.7000122070312,5.218936920166016,0.0,5.039999961853027,360.0,0.0099999997764825,7.56749963760376,0.3129999935626983
1776718800000,2026-04-20 21:00:00,,,,,,,,,,,,,6.267499923706055,94.0,1018.2000122070312,5.3729166984558105,0.1000000014901161,5.804825305938721,7.124929904937744,0.0099999997764825,7.517499923706055,0.3109999895095825
1776722400000,2026-04-20 22:00:00,,,,,,,,,,,,,6.217499732971191,93.0,1018.7000122070312,5.169356346130371,0.0,6.130578994750977,356.63360595703125,0.0099999997764825,7.417500019073486,0.3089999854564667
1776726000000,2026-04-20 23:00:00,,,,,,,,,,,,,6.117499828338623,92.0,1019.2999877929688,4.914931297302246,0.0,10.086426734924316,34.82456970214844,0.0099999997764825,7.31749963760376,0.3079999983310699
1776729600000,2026-04-21 00:00:00,,,,,,,,,,,,,6.417500019073486,93.0,1019.7000122070312,5.367677211761475,0.1000000014901161,7.65370512008667,48.81417465209961,0.0099999997764825,7.467499732971191,0.3179999887943268
1776733200000,2026-04-21 01:00:00,,,,,,,,,,,,,6.367499828338623,93.0,1019.9000244140624,5.3180975914001465,0.0,7.895416259765625,46.847599029541016,0.0199999995529651,7.417500019073486,0.31700000166893
1776736800000,2026-04-21 02:00:00,,,,,,,,,,,,,6.267499923706055,93.0,1020.4000244140624,5.218936920166016,0.0,5.991593837738037,32.7352294921875,0.0199999995529651,7.31749963760376,0.3160000145435333
1776740400000,2026-04-21 03:00:00,,,,,,,,,,,,,5.967499732971191,93.0,1020.7000122070312,4.921453475952148,0.0,6.193674087524414,54.46223831176758,0.0199999995529651,7.167500019073486,0.3149999976158142
1776744000000,2026-04-21 04:00:00,,,,,,,,,,,,,5.267499923706055,94.0,1020.7999877929688,4.38006591796875,0.0,6.119999885559082,61.92761993408203,0.0099999997764825,6.967499732971191,0.3140000104904175
1776747600000,2026-04-21 05:00:00,,,,,,,,,,,,,5.367499828338623,94.0,1021.4000244140624,4.479352951049805,0.0,3.396233081817627,32.00535583496094,0.0,6.717499732971191,0.3129999935626983
1776751200000,2026-04-21 06:00:00,,,,,,,,,,,,,6.117499828338623,91.0,1022.0,4.758167266845703,0.0,8.654987335205078,44.99989700317383,0.0500000044703483,6.917500019073486,0.3120000064373016
1776754800000,2026-04-21 07:00:00,,,,,,,,,,,,,6.667500019073486,89.0,1022.5,4.982624053955078,0.0,7.421589851379394,22.83369445800781,0.0900000035762786,7.267499923706055,0.3109999895095825
1776756277723,2026-04-21 07:24:37,39.68,28.33,27.05,,,,337.33,301.58,278.5,98.81423,-112.0,-9.5,,,,,,,,,,
1776758400000,2026-04-21 08:00:00,,,,,,,,,,,,,8.417500495910645,80.0,1022.7000122070312,5.1662187576293945,0.0,7.208993911743164,2.862345695495605,0.1599999964237213,7.967499732971191,0.3100000023841858
1776762000000,2026-04-21 09:00:00,,,,,,,,,,,,,10.167500495910645,67.0,1022.7999877929688,4.312009811401367,0.0,8.37338638305664,25.46330451965332,0.2199999988079071,9.11750030517578,0.3089999854564667
1776765600000,2026-04-21 10:00:00,,,,,,,,,,,,,11.717500686645508,49.0,1022.5,1.349266529083252,0.0,12.387348175048828,54.46223831176758,0.2800000309944153,10.167500495910645,0.3079999983310699
1776769200000,2026-04-21 11:00:00,,,,,,,,,,,,,12.11750030517578,41.0,1022.7000122070312,-0.7503350377082825,0.0,14.825706481933594,60.94549179077149,0.3199999928474426,10.967500686645508,0.3059999942779541
1776772800000,2026-04-21 12:00:00,,,,,,,,,,,,,12.317500114440918,39.0,1022.7000122070312,-1.254456639289856,0.0,14.843179702758787,50.90615463256836,0.2900000214576721,11.267499923706056,0.3050000071525574
1776776400000,2026-04-21 13:00:00,,,,,,,,,,,,,12.267499923706056,41.0,1022.7999877929688,-0.6150861978530884,0.0,14.00302791595459,46.041542053222656,0.2800000309944153,11.61750030517578,0.3030000030994415
1776780000000,2026-04-21 14:00:00,,,,,,,,,,,,,12.86750030517578,37.0,1022.5999755859376,-1.4806708097457886,0.0,12.261157035827637,49.763710021972656,0.2800000309944153,11.767499923706056,0.3019999861717224
1776783600000,2026-04-21 15:00:00,,,,,,,,,,,,,11.967500686645508,43.0,1022.7000122070312,-0.2318407446146011,0.0,9.387651443481444,32.47117233276367,0.2300000041723251,11.667500495910645,0.3009999990463257
1776785072236,2026-04-21 15:24:32,39.65,28.22,26.97,,,,337.27,301.46,278.44,98.81423,-121.0,-15.2,,,,,,,,,,
1776787200000,2026-04-21 16:00:00,,,,,,,,,,,,,11.717500686645508,43.0,1022.7000122070312,-0.4585036337375641,0.0,9.931041717529297,43.53126907348633,0.2000000178813934,11.467500686645508,0.3000000119209289
1776790800000,2026-04-21 17:00:00,,,,,,,,,,,,,10.667500495910645,50.0,1022.7000122070312,0.6626166105270386,0.0,6.924737930297852,8.972550392150879,0.1299999952316284,11.017499923706056,0.2989999949932098
1776794400000,2026-04-21 18:00:00,,,,,,,,,,,,,8.517499923706055,59.0,1023.5,0.957065999507904,0.0,6.287129878997803,13.240530967712402,0.0599999986588954,10.167500495910645,0.2989999949932098
1776798000000,2026-04-21 19:00:00,,,,,,,,,,,,,7.117499828338623,65.0,1024.0999755859375,0.9786351323127748,0.0,6.830519199371338,18.4350528717041,0.0299999993294477,9.167500495910645,0.2989999949932098
1776799459528,2026-04-21 19:24:19,,,,9.92,9.59,9.31,,,,99.20949,-113.0,-7.5,,,,,,,,,,
1776799465003,2026-04-21 19:24:25,39.67,28.19,26.93,,,,337.3,301.43,278.41,99.20949,-112.0,-9.5,,,,,,,,,,
1776801600000,2026-04-21 20:00:00,,,,,,,,,,,,,7.167500019073486,64.0,1024.300048828125,0.8107966780662537,0.0,7.5170207023620605,16.699325561523438,0.0299999993294477,8.467499732971191,0.2989999949932098
1776805200000,2026-04-21 21:00:00,,,,,,,,,,,,,6.367499828338623,68.0,1024.5999755859375,0.8900888562202454,0.0,4.510787010192871,28.61036872863769,0.0299999993294477,8.017499923706055,0.2989999949932098
1776808800000,2026-04-21 22:00:00,,,,,,,,,,,,,5.06749963760376,72.0,1025.199951171875,0.4348671734333038,0.0,4.896529197692871,17.102825164794922,0.0099999997764825,7.367499828338623,0.2989999949932098
1776812400000,2026-04-21 23:00:00,,,,,,,,,,,,,4.367499828338623,73.0,1025.699951171875,-0.0492940098047256,0.0,2.968636035919189,14.036274909973145,0.0099999997764825,6.667500019073486,0.2989999949932098
1776813862833,2026-04-21 23:24:22,39.64,28.16,26.89,,,,337.24,301.4,278.38,99.20949,-112.0,-7.2,,,,,,,,,,
1776816000000,2026-04-22 00:00:00,,,,,,,,,,,,,3.117500066757202,76.0,1025.0,-0.7042831778526306,0.0,2.620839357376098,344.0545349121094,0.0,4.867499828338623,0.2980000078678131
1776819600000,2026-04-22 01:00:00,,,,,,,,,,,,,2.317500114440918,84.0,1025.5,-0.1085881292819976,0.0,3.7585103511810303,343.3006896972656,0.0,4.367499828338623,0.296999990940094
1776823200000,2026-04-22 02:00:00,,,,,,,,,,,,,2.0174999237060547,88.0,1025.5999755859375,0.2383650839328766,0.0,5.411986351013184,3.814009666442871,0.0,4.017499923706055,0.296999990940094
1776826800000,2026-04-22 03:00:00,,,,,,,,,,,,,1.9175000190734863,87.0,1025.4000244140625,-0.0178632903844118,0.0,5.241678714752197,344.0545349121094,0.0,3.867500066757202,0.296999990940094
1776830400000,2026-04-22 04:00:00,,,,,,,,,,,,,1.4674999713897705,86.0,1025.5999755859375,-0.6194972395896912,0.0,4.735060214996338,351.25390625,0.0,3.6675000190734863,0.2960000038146972
1776834000000,2026-04-22 05:00:00,,,,,,,,,,,,,1.617500066757202,89.0,1026.199951171875,-0.0001372603146592,0.0,5.351784706115723,340.3460998535156,0.0,3.517500162124634,0.2960000038146972
1776837600000,2026-04-22 06:00:00,,,,,,,,,,,,,3.767500162124634,83.0,1026.699951171875,1.1459749937057495,0.0,5.86037540435791,312.5104064941406,0.0299999993294477,4.017499923706055,0.2960000038146972
1776841200000,2026-04-22 07:00:00,,,,,,,,,,,,,5.31749963760376,77.0,1026.800048828125,1.6101548671722412,0.0,6.92473840713501,297.8971862792969,0.0799999982118606,4.867499828338623,0.2949999868869781
1776842648428,2026-04-22 07:24:08,,,,9.61,10.02,9.66,,,,99.20949,-121.0,-15.2,,,,,,,,,,
1776842654049,2026-04-22 07:24:14,39.52,28.07,26.81,,,,336.96,301.31,278.32,99.20949,-121.0,-15.0,,,,,,,,,,
1776844800000,2026-04-22 08:00:00,,,,,,,,,,,,,7.267499923706055,69.0,1026.9000244140625,1.955315351486206,0.0,8.287821769714355,304.3804016113281,0.1299999952316284,5.867499828338623,0.2939999997615814
1776848400000,2026-04-22 09:00:00,,,,,,,,,,,,,9.267499923706056,64.0,1026.699951171875,2.805022954940796,0.0,9.5042724609375,307.30401611328125,0.2000000178813934,7.017499923706055,0.2930000126361847
1776852000000,2026-04-22 10:00:00,,,,,,,,,,,,,11.267499923706056,57.0,1026.199951171875,3.0548555850982666,0.0,10.691452980041504,315.0000915527344,0.2800000309944153,8.167500495910645,0.2919999957084656
1776855600000,2026-04-22 11:00:00,,,,,,,,,,,,,12.61750030517578,45.0,1025.5999755859375,0.98775976896286,0.0,11.592893600463867,323.8417053222656,0.3600000143051147,9.317500114440918,0.2899999916553497
1776857051741,2026-04-22 11:24:11,39.46,27.99,26.79,,,,336.84,301.23,278.3,99.20949,-111.0,-10.8,,,,,,,,,,
1776859200000,2026-04-22 12:00:00,,,,,,,,,,,,,13.317500114440918,44.0,1025.199951171875,1.3117984533309937,0.0,13.246826171875,317.2026062011719,0.4000000357627868,10.11750030517578,0.2879999876022339
1776862800000,2026-04-22 13:00:00,,,,,,,,,,,,,13.917500495910645,44.0,1024.9000244140625,1.8568572998046875,0.0,15.484185218811035,324.4622497558594,0.3900000154972076,10.717500686645508,0.2849999964237213
1776866400000,2026-04-22 14:00:00,,,,,,,,,,,,,14.167500495910645,45.0,1024.800048828125,2.3995606899261475,0.0,14.825706481933594,330.94549560546875,0.3600000143051147,11.11750030517578,0.2829999923706054
1776870000000,2026-04-22 15:00:00,,,,,,,,,,,,,13.86750030517578,45.0,1024.800048828125,2.126368999481201,0.0,12.682018280029297,325.4076538085937,0.3000000119209289,11.317500114440918,0.2820000052452087
1776871448013,2026-04-22 15:24:08,39.46,27.96,26.79,,,,336.84,301.2,278.3,99.20949,-113.0,-7.8,,,,,,,,,,
1776873600000,2026-04-22 16:00:00,,,,,,,,,,,,,13.417500495910645,52.0,1024.4000244140625,3.75533676147461,0.0,10.13769245147705,343.4955444335937,0.2000000178813934,11.167500495910645,0.2800000011920929
1776877200000,2026-04-22 17:00:00,,,,,,,,,,,,,12.36750030517578,54.0,1024.300048828125,3.3163766860961914,0.0,8.942214012145996,319.8991394042969,0.1400000154972076,10.917500495910645,0.2790000140666961
1776880800000,2026-04-22 18:00:00,,,,,,,,,,,,,10.017499923706056,62.0,1024.5999755859375,3.067301273345948,0.0,7.421589851379394,345.9637145996094,0.0700000077486038,10.36750030517578,0.2790000140666961
1776884400000,2026-04-22 19:00:00,,,,,,,,,,,,,8.667500495910645,73.0,1025.0,4.097259998321533,0.0,6.297428131103516,329.03631591796875,0.0399999991059303,9.517499923706056,0.277999997138977
1776885837259,2026-04-22 19:23:57,,,,9.71,9.71,9.11,,,,99.20949,-121.0,-13.5,,,,,,,,,,
1776885842820,2026-04-22 19:24:02,39.49,27.91,26.75,,,,336.9,301.14,278.27,99.20949,-121.0,-14.0,,,,,,,,,,
1776888000000,2026-04-22 20:00:00,,,,,,,,,,,,,7.81749963760376,76.0,1025.4000244140625,3.849557399749756,0.0,6.792466163635254,327.9946594238281,0.0199999995529651,8.867500305175781,0.277999997138977
1776891600000,2026-04-22 21:00:00,,,,,,,,,,,,,6.917500019073486,83.0,1025.9000244140625,4.228995323181152,0.0,7.1003098487854,329.5345153808594,0.0199999995529651,8.267499923706055,0.277999997138977
1776895200000,2026-04-22 22:00:00,,,,,,,,,,,,,6.31749963760376,82.0,1026.199951171875,3.469743728637696,0.0,7.244860172271728,333.4350280761719,0.0199999995529651,7.81749963760376,0.277999997138977
1776898800000,2026-04-22 23:00:00,,,,,,,,,,,,,5.717499732971191,84.0,1026.300048828125,3.224049568176269,0.0,6.952754497528076,338.7494201660156,0.0199999995529651,7.367499828338623,0.277999997138977
1776900233499,2026-04-22 23:23:53,,,,9.77,9.14,9.21,,,,99.20949,-111.0,-7.2,,,,,,,,,,
1776900239107,2026-04-22 23:23:59,39.49,27.91,26.75,,,,336.9,301.14,278.27,99.20949,-121.0,-14.8,,,,,,,,,,
1776902400000,2026-04-23 00:00:00,,,,,,,,,,,,,6.667500019073486,73.0,1024.699951171875,2.168950319290161,0.0,6.439876079559326,333.4350280761719,0.0099999997764825,7.867499828338623,0.277999997138977
1776906000000,2026-04-23 01:00:00,,,,,,,,,,,,,6.167500019073486,74.0,1024.5999755859375,1.877161979675293,0.0,8.049844741821289,333.4350280761719,0.0099999997764825,7.467499732971191,0.277999997138977
1776909600000,2026-04-23 02:00:00,,,,,,,,,,,,,5.917500019073486,73.0,1025.0999755859375,1.445690631866455,0.0,7.729526996612549,332.2415466308594,0.0099999997764825,7.117499828338623,0.277999997138977
1776913200000,2026-04-23 03:00:00,,,,,,,,,,,,,5.617499828338623,74.0,1024.9000244140625,1.3459163904190063,0.0,7.704335689544678,322.5945739746094,0.0099999997764825,6.867499828338623,0.277999997138977
1776914629807,2026-04-23 03:23:49,,,,9.71,9.64,9.31,,,,99.20949,-111.0,-5.2,,,,,,,,,,
1776914636817,2026-04-23 03:23:56,39.46,27.91,26.71,,,,336.84,301.14,278.24,99.20949,-111.0,-6.8,,,,,,,,,,
1776916800000,2026-04-23 04:00:00,,,,,,,,,,,,,6.06749963760376,72.0,1024.699951171875,1.397799730300903,0.0,9.686609268188477,318.01287841796875,0.0099999997764825,6.767499923706055,0.2770000100135803
1776920400000,2026-04-23 05:00:00,,,,,,,,,,,,,6.417500019073486,68.0,1024.5,0.9379163980484008,0.0,11.019763946533203,308.3675231933594,0.0199999995529651,6.81749963760376,0.2770000100135803
1776924000000,2026-04-23 06:00:00,,,,,,,,,,,,,7.617499828338623,61.0,1024.5,0.5712429285049438,0.0,13.77911376953125,303.27490234375,0.0299999993294477,7.167500019073486,0.2770000100135803
1776927600000,2026-04-23 07:00:00,,,,,,,,,,,,,9.36750030517578,49.0,1024.5999755859375,-0.814156711101532,0.0,18.532135009765625,299.05450439453125,0.0799999982118606,7.867499828338623,0.2759999930858612
1776931200000,2026-04-23 08:00:00,,,,,,,,,,,,,10.667500495910645,42.0,1024.5999755859375,-1.731014609336853,0.0,21.79412651062012,300.8013610839844,0.1299999952316284,8.767499923706055,0.2759999930858612
1776934800000,2026-04-23 09:00:00,,,,,,,,,,,,,11.817500114440918,46.0,1024.199951171875,0.562887966632843,0.0,22.41560173034668,299.8589172363281,0.1599999964237213,9.717500686645508,0.2750000059604645
1776938400000,2026-04-23 10:00:00,,,,,,,,,,,,,13.36750030517578,43.0,1023.2999877929688,1.0370795726776123,0.0,21.868331909179688,302.9052429199219,0.1800000071525573,10.717500686645508,0.2739999890327453
1776942000000,2026-04-23 11:00:00,,,,,,,,,,,,,14.61750030517578,40.0,1022.5999755859376,1.158518671989441,0.0,21.566972732543945,303.4248352050781,0.2100000232458114,11.717500686645508,0.2720000147819519
1776945600000,2026-04-23 12:00:00,,,,,,,,,,,,,15.61750030517578,39.0,1022.2000122070312,1.7020528316497805,0.0,20.523157119750977,307.8750305175781,0.2300000041723251,12.667500495910645,0.2709999978542328
1776949200000,2026-04-23 13:00:00,,,,,,,,,,,,,16.0674991607666,39.0,1021.7000122070312,2.10489821434021,0.0,19.73443603515625,308.3333740234375,0.2300000041723251,13.36750030517578,0.270000010728836
1776952800000,2026-04-23 14:00:00,,,,,,,,,,,,,16.167499542236328,44.0,1021.2999877929688,3.899760007858277,0.0,19.5131950378418,307.50421142578125,0.2100000232458114,13.817500114440918,0.2689999938011169
1776956400000,2026-04-23 15:00:00,,,,,,,,,,,,,15.817500114440918,44.0,1021.0,3.5820858478546143,0.0,18.844202041625977,316.548095703125,0.1800000071525573,13.967500686645508,0.2669999897480011
1776957818693,2026-04-23 15:23:38,,,,9.61,9.01,9.26,,,,99.20949,-112.0,-8.8,,,,,,,,,,
1776960000000,2026-04-23 16:00:00,,,,,,,,,,,,,14.817500114440918,45.0,1020.7000122070312,2.99137544631958,0.0,17.566377639770508,315.8302307128906,0.1500000059604644,13.717500686645508,0.2660000026226043
1776963600000,2026-04-23 17:00:00,,,,,,,,,,,,,13.817500114440918,52.0,1020.7999877929688,4.125741958618164,0.0,16.29174041748047,315.0000915527344,0.0799999982118606,13.217500686645508,0.2649999856948852
1776967200000,2026-04-23 18:00:00,,,,,,,,,,,,,12.167500495910645,63.0,1021.2999877929688,5.330557346343994,0.0,13.044721603393556,320.599365234375,0.0299999993294477,12.517499923706056,0.2649999856948852
1776970800000,2026-04-23 19:00:00,,,,,,,,,,,,,10.717500686645508,73.0,1022.0,6.0732011795043945,0.0,9.79305934906006,323.9725341796875,0.0199999995529651,11.667500495910645,0.2649999856948852
1776972214933,2026-04-23 19:23:34,,,,9.84,9.89,9.04,,,,99.20949,-112.0,-5.8,,,,,,,,,,
1776972220473,2026-04-23 19:23:40,39.34,27.73,26.63,,,,336.56,300.96,278.18,99.20949,-112.0,-5.2,,,,,,,,,,
1776974400000,2026-04-23 20:00:00,,,,,,,,,,,,,9.667500495910645,79.0,1021.9000244140624,6.20147180557251,0.0,7.787990570068359,326.3099060058594,0.0099999997764825,10.917500495910645,0.2639999985694885
1776978000000,2026-04-23 21:00:00,,,,,,,,,,,,,9.167500495910645,82.0,1021.5999755859376,6.2546563148498535,0.0,7.9932966232299805,324.1622619628906,0.0099999997764825,10.267499923706056,0.2639999985694885
1776981600000,2026-04-23 22:00:00,,,,,,,,,,,,,8.817500114440918,85.0,1021.5,6.433660984039307,0.0,8.287821769714355,325.6195983886719,0.0099999997764825,9.767499923706056,0.2639999985694885
1776985200000,2026-04-23 23:00:00,,,,,,,,,,,,,8.467499732971191,86.0,1021.5999755859376,6.259834289550781,0.0,9.08598804473877,326.3099060058594,0.0,9.36750030517578,0.2639999985694885
1776986611184,2026-04-23 23:23:31,,,,9.97,9.01,9.26,,,,99.20949,-121.0,-13.8,,,,,,,,,,
1776988800000,2026-04-24 00:00:00,,,,,,,,,,,,,8.017499923706055,83.0,1020.7999877929688,5.30540943145752,0.0,6.297428131103516,329.03631591796875,0.0,9.417500495910645,0.2639999985694885
1776992400000,2026-04-24 01:00:00,,,,,,,,,,,,,7.717499732971191,85.0,1020.2000122070312,5.354342460632324,0.0,7.127635955810547,315.0000915527344,0.0,8.917500495910645,0.2639999985694885
1776996000000,2026-04-24 02:00:00,,,,,,,,,,,,,7.217499732971191,87.0,1020.0,5.197827339172363,0.0,8.5873384475708,303.0238647460937,0.0,8.567500114440918,0.2639999985694885
1776999600000,2026-04-24 03:00:00,,,,,,,,,,,,,6.467499732971191,90.0,1020.2000122070312,4.945617198944092,0.0,8.396570205688477,300.96368408203125,0.0,8.267499923706055,0.2639999985694885
1777001007505,2026-04-24 03:23:27,,,,9.97,9.97,9.31,,,,99.20949,-121.0,-13.8,,,,,,,,,,
1777001013049,2026-04-24 03:23:33,39.35,27.76,26.59,,,,336.59,300.99,278.15,98.81423,-121.0,-12.8,,,,,,,,,,
1777003200000,2026-04-24 04:00:00,,,,,,,,,,,,,5.867499828338623,90.0,1020.2999877929688,4.352905750274658,0.0,9.832679748535156,293.74951171875,0.0,7.917500019073486,0.2639999985694885
1777006800000,2026-04-24 05:00:00,,,,,,,,,,,,,5.967499732971191,85.0,1020.5,3.63705849647522,0.0,12.783802032470703,302.347412109375,0.0099999997764825,7.717499732971191,0.2639999985694885
1777010400000,2026-04-24 06:00:00,,,,,,,,,,,,,6.717499732971191,78.0,1020.5,3.15099573135376,0.0,16.37505340576172,303.3407287597656,0.0199999995529651,7.917500019073486,0.2639999985694885
1777014000000,2026-04-24 07:00:00,,,,,,,,,,,,,6.917500019073486,78.0,1020.2999877929688,3.345322608947754,0.0,16.489416122436523,306.11944580078125,0.0399999991059303,8.367500305175781,0.2639999985694885
1777015403745,2026-04-24 07:23:23,,,,9.89,10.04,9.34,,,,98.81423,-112.0,-11.5,,,,,,,,,,
1777017600000,2026-04-24 08:00:00,,,,,,,,,,,,,6.31749963760376,82.0,1020.5999755859376,3.469743728637696,0.0,16.99260902404785,306.38446044921875,0.0299999993294477,8.617500305175781,0.2639999985694885
1777021200000,2026-04-24 09:00:00,,,,,,,,,,,,,6.167500019073486,83.0,1021.0999755859376,3.49501895904541,0.0,15.990646362304688,301.1849060058594,0.0299999993294477,8.617500305175781,0.2639999985694885
1777024800000,2026-04-24 10:00:00,,,,,,,,,,,,,7.167500019073486,76.0,1021.0999755859376,3.2199323177337646,0.0,14.825706481933594,299.05450439453125,0.0399999991059303,8.767499923706055,0.2630000114440918
1777028400000,2026-04-24 11:00:00,,,,,,,,,,,,,8.117500305175781,73.0,1020.7000122070312,3.567030429840088,0.0,14.693999290466309,300.96368408203125,0.0500000044703483,9.167500495910645,0.2630000114440918
1777029800133,2026-04-24 11:23:20,,,,10.02,9.61,9.34,,,,98.81423,-112.0,-5.5,,,,,,,,,,
1777029805666,2026-04-24 11:23:25,46.3,41.6,41.19,,,,355.64,321.06,293.09,98.81423,-111.0,-6.5,,,,,,,,,,
1777032000000,2026-04-24 12:00:00,,,,,,,,,,,,,9.61750030517578,67.0,1020.0999755859376,3.7871265411376953,0.0,14.658676147460938,294.6768493652344,0.0700000077486038,9.767499923706056,0.2630000114440918
1777035600000,2026-04-24 13:00:00,,,,,,,,,,,,,11.017499923706056,62.0,1019.5999755859376,4.0130228996276855,0.0,14.33686065673828,298.4955444335937,0.0900000035762786,10.61750030517578,0.2619999945163727
1777039200000,2026-04-24 14:00:00,,,,,,,,,,,,,12.167500495910645,57.0,1019.0,3.897569179534912,0.0,14.168641090393066,297.2160339355469,0.1099999994039535,11.417500495910645,0.2619999945163727
1777042800000,2026-04-24 15:00:00,,,,,,,,,,,,,13.067500114440918,57.0,1018.4000244140624,4.740087985992432,0.0,12.904882431030272,300.14129638671875,0.1099999994039535,11.967500686645508,0.2610000073909759
1777044196392,2026-04-24 15:23:16,,,,9.94,9.71,9.41,,,,98.81423,-121.0,-13.2,,,,,,,,,,
1777044203365,2026-04-24 15:23:23,45.49,40.52,39.82,,,,353.01,317.99,290.3,98.81423,-112.0,-3.8,,,,,,,,,,
1777046400000,2026-04-24 16:00:00,,,,,,,,,,,,,13.217500686645508,59.0,1017.7999877929688,5.376316547393799,0.0,11.60965061187744,299.7447814941406,0.1000000089406967,12.167500495910645,0.2610000073909759
1777050000000,2026-04-24 17:00:00,,,,,,,,,,,,,13.11750030517578,59.0,1017.4000244140624,5.282341957092285,0.0,9.693296432495115,301.3286437988281,0.0599999986588954,11.967500686645508,0.2599999904632568
1777053600000,2026-04-24 18:00:00,,,,,,,,,,,,,11.517499923706056,66.0,1017.5,5.383292675018311,0.0,6.409617424011231,321.8427124023437,0.0199999995529651,11.417500495910645,0.2599999904632568
1777057200000,2026-04-24 19:00:00,,,,,,,,,,,,,10.217500686645508,75.0,1018.0,5.981988430023193,0.0,5.315336227416992,331.6993408203125,0.0099999997764825,10.567500114440918,0.2599999904632568
1777058592604,2026-04-24 19:23:12,,,,9.92,9.34,9.44,,,,98.81423,-121.0,-14.8,,,,,,,,,,
1777058598163,2026-04-24 19:23:18,45.22,40.08,39.23,,,,352.17,316.82,289.17,98.81423,-121.0,-14.5,,,,,,,,,,
1777060800000,2026-04-24 20:00:00,,,,,,,,,,,,,9.86750030517578,77.0,1018.0,6.02412223815918,0.0,3.89399528503418,326.3099060058594,0.0,9.767499923706056,0.2590000033378601
1777064400000,2026-04-24 21:00:00,,,,,,,,,,,,,9.317500114440918,77.0,1017.9000244140624,5.49069356918335,0.0,3.096837043762207,324.4622497558594,0.0,8.967500686645508,0.2590000033378601
1777068000000,2026-04-24 22:00:00,,,,,,,,,,,,,8.717500686645508,78.0,1017.7999877929688,5.09406328201294,0.0,3.054701328277588,315.0000915527344,0.0,8.167500495910645,0.2590000033378601
1777071600000,2026-04-24 23:00:00,,,,,,,,,,,,,7.917500019073486,82.0,1017.9000244140624,5.033293724060059,0.0,4.33497428894043,318.3665466308594,0.0,7.56749963760376,0.2590000033378601
1777075200000,2026-04-25 00:00:00,,,,,,,,,,,,,7.117499828338623,90.0,1017.2000122070312,5.587703227996826,0.0,4.680000305175781,337.3800964355469,0.0,6.56749963760376,0.2619999945163727
1777078800000,2026-04-25 01:00:00,,,,,,,,,,,,,7.017499923706055,94.0,1017.2999877929688,6.117535591125488,0.0,5.991593837738037,327.2647705078125,0.0,6.767499923706055,0.2619999945163727
1777082400000,2026-04-25 02:00:00,,,,,,,,,,,,,7.117499828338623,93.0,1017.4000244140624,6.061790943145752,0.0,6.877789497375488,317.12109375,0.0,7.117499828338623,0.2619999945163727
1777086000000,2026-04-25 03:00:00,,,,,,,,,,,,,6.56749963760376,94.0,1017.4000244140624,5.67076587677002,0.0,10.739831924438477,309.55963134765625,0.0,7.167500019073486,0.2619999945163727
1777087385222,2026-04-25 03:23:05,,,,9.82,10.2,8.79,,,,98.81423,-112.0,-4.2,,,,,,,,,,
1777087392240,2026-04-25 03:23:12,44.93,39.63,38.52,,,,351.26,315.62,287.84,98.81423,-109.0,-6.2,,,,,,,,,,
1777089600000,2026-04-25 04:00:00,,,,,,,,,,,,,6.167500019073486,88.0,1017.4000244140624,4.327822685241699,0.0,12.39780616760254,295.8209228515625,0.0099999997764825,7.167500019073486,0.2619999945163727
1777093200000,2026-04-25 05:00:00,,,,,,,,,,,,,6.167500019073486,84.0,1017.2000122070312,3.66506552696228,0.0,12.722829818725586,295.11480712890625,0.0199999995529651,7.117499828338623,0.2619999945163727
1777096800000,2026-04-25 06:00:00,,,,,,,,,,,,,6.617499828338623,86.0,1017.2000122070312,4.442052841186523,0.0,10.464797019958496,296.5649719238281,0.0299999993294477,7.267499923706055,0.2619999945163727
1777100400000,2026-04-25 07:00:00,,,,,,,,,,,,,8.067500114440918,83.0,1016.7999877929688,5.354333877563477,0.0,12.522619247436523,288.4350280761719,0.0399999991059303,7.667500019073486,0.2619999945163727
1777101781541,2026-04-25 07:23:01,,,,9.69,9.26,9.44,,,,98.81423,-121.0,-12.8,,,,,,,,,,
1777101787218,2026-04-25 07:23:07,44.8,39.47,38.3,,,,350.86,315.2,287.43,99.20949,-121.0,-11.2,,,,,,,,,,
1777104000000,2026-04-25 08:00:00,,,,,,,,,,,,,9.817500114440918,72.0,1016.4000244140624,5.007505893707275,0.0,15.294703483581545,296.5649719238281,0.0799999982118606,8.517499923706055,0.2610000073909759
1777107600000,2026-04-25 09:00:00,,,,,,,,,,,,,11.267499923706056,69.0,1016.2000122070312,5.786036491394043,0.0,14.372974395751951,292.0679626464844,0.1199999973177909,9.667500495910645,0.2610000073909759
1777111200000,2026-04-25 10:00:00,,,,,,,,,,,,,13.017499923706056,59.0,1016.0999755859376,5.1883649826049805,0.0,15.59676742553711,288.8532409667969,0.1599999964237213,10.767499923706056,0.2599999904632568
1777114800000,2026-04-25 11:00:00,,,,,,,,,,,,,14.267499923706056,54.0,1015.7000122070312,5.083633899688721,0.0,15.844088554382324,291.3179931640625,0.2100000232458114,11.86750030517578,0.2590000033378601
1777118400000,2026-04-25 12:00:00,,,,,,,,,,,,,15.61750030517578,46.0,1015.2999877929688,4.032395362854004,0.0,16.51690101623535,290.40997314453125,0.2300000041723251,12.767499923706056,0.257999986410141
1777122000000,2026-04-25 13:00:00,,,,,,,,,,,,,16.36750030517578,37.0,1014.5999755859376,1.6354691982269287,0.0,17.193532943725586,289.5732116699219,0.2599999904632568,13.517499923706056,0.2569999992847442
1777125600000,2026-04-25 14:00:00,,,,,,,,,,,,,16.717500686645508,36.0,1014.2999877929688,1.5635253190994265,0.0,17.447933197021484,291.80145263671875,0.2599999904632568,13.917500495910645,0.2560000121593475
1777129200000,2026-04-25 15:00:00,,,,,,,,,,,,,16.5674991607666,35.0,1013.9000244140624,1.0380926132202148,0.0,17.447933197021484,291.80145263671875,0.2399999946355819,14.017499923706056,0.2549999952316284
1777132800000,2026-04-25 16:00:00,,,,,,,,,,,,,16.3174991607666,39.0,1013.5,2.3286681175231934,0.0,16.311613082885742,292.0362854003906,0.1899999976158142,13.817500114440918,0.2529999911785126
1777136400000,2026-04-25 17:00:00,,,,,,,,,,,,,15.967500686645508,38.0,1013.5,1.6517698764801023,0.0,15.315873146057127,299.5777282714844,0.1099999994039535,13.467500686645508,0.2529999911785126
1777140000000,2026-04-25 18:00:00,,,,,,,,,,,,,14.067500114440918,43.0,1014.0999755859376,1.6712909936904907,0.0,15.30741024017334,311.1858215332031,0.0500000044703483,12.817500114440918,0.2520000040531158
1777143600000,2026-04-25 19:00:00,,,,,,,,,,,,,12.917500495910645,48.0,1014.9000244140624,2.1636087894439697,0.0,14.021525382995604,311.8777770996094,0.0500000044703483,12.217500686645508,0.2509999871253967
1777144970290,2026-04-25 19:22:50,,,,9.97,9.94,9.26,,,,99.20949,-113.0,-6.2,,,,,,,,,,
1777144975879,2026-04-25 19:22:55,44.49,38.98,37.34,,,,349.92,313.94,286.39,99.20949,-112.0,-6.5,,,,,,,,,,
1777147200000,2026-04-25 20:00:00,,,,,,,,,,,,,11.86750030517578,49.0,1015.2999877929688,1.487300992012024,0.0,14.29159164428711,310.9142761230469,0.0399999991059303,11.717500686645508,0.2509999871253967
1777150800000,2026-04-25 21:00:00,,,,,,,,,,,,,10.567500114440918,59.0,1015.7000122070312,2.885221242904663,0.0,12.81923484802246,308.1572570800781,0.0299999993294477,11.11750030517578,0.2509999871253967
1777154400000,2026-04-25 22:00:00,,,,,,,,,,,,,9.86750030517578,68.0,1016.2999877929688,4.237013339996338,0.0,16.039201736450195,315.9092712402344,0.0199999995529651,10.517499923706056,0.25
1777158000000,2026-04-25 23:00:00,,,,,,,,,,,,,8.567500114440918,73.0,1017.2999877929688,4.000856876373291,0.0,17.33989715576172,318.3665466308594,0.0199999995529651,10.067500114440918,0.25
1777161600000,2026-04-26 00:00:00,,,,,,,,,,,,,7.81749963760376,72.0,1018.7000122070312,3.082582950592041,0.0,14.489720344543455,333.4350280761719,0.0199999995529651,10.967500686645508,0.2529999911785126
1777165200000,2026-04-26 01:00:00,,,,,,,,,,,,,7.167500019073486,66.0,1018.5999755859376,1.2387089729309082,0.0,16.923830032348633,321.9111633300781,0.0099999997764825,10.267499923706056,0.2529999911785126
1777168800000,2026-04-26 02:00:00,,,,,,,,,,,,,6.717499732971191,66.0,1020.0999755859376,0.8097635507583618,0.0,15.072783470153809,310.1559143066406,0.0199999995529651,9.717500686645508,0.2529999911785126
1777172400000,2026-04-26 03:00:00,,,,,,,,,,,,,5.667500019073486,71.0,1021.2000122070312,0.8183246850967407,0.0,11.72075080871582,312.5104064941406,0.0099999997764825,9.167500495910645,0.2529999911785126
1777173769837,2026-04-26 03:22:49,44.27,38.75,36.62,,,,349.27,313.38,285.84,99.20949,-121.0,-14.2,,,,,,,,,,
1777176000000,2026-04-26 04:00:00,,,,,,,,,,,,,4.81749963760376,76.0,1022.0999755859376,0.9431620836257936,0.0,9.422101020812988,313.451904296875,0.0099999997764825,8.417500495910645,0.2529999911785126
1777179600000,2026-04-26 05:00:00,,,,,,,,,,,,,5.06749963760376,76.0,1023.2000122070312,1.1854034662246704,0.0,10.739831924438477,309.55963134765625,0.0099999997764825,8.017499923706055,0.2529999911785126
1777183200000,2026-04-26 06:00:00,,,,,,,,,,,,,5.81749963760376,73.0,1024.0999755859375,1.3492498397827148,0.0,12.53813362121582,309.17364501953125,0.0299999993294477,8.117500305175781,0.2529999911785126
1777186800000,2026-04-26 07:00:00,,,,,,,,,,,,,6.917500019073486,69.0,1024.699951171875,1.6200032234191897,0.0,11.98859405517578,311.3476867675781,0.0500000044703483,8.667500495910645,0.2529999911785126
1777190400000,2026-04-26 08:00:00,,,,,,,,,,,,,8.367500305175781,64.0,1024.9000244140625,1.95045804977417,0.0,10.29625129699707,306.4693298339844,0.0700000077486038,9.517499923706056,0.2529999911785126
1777194000000,2026-04-26 09:00:00,,,,,,,,,,,,,9.917500495910645,58.0,1025.0999755859375,2.0340373516082764,0.0,9.693296432495115,301.3286437988281,0.1099999994039535,10.667500495910645,0.2520000040531158
1777197600000,2026-04-26 10:00:00,,,,,,,,,,,,,11.467500686645508,48.0,1025.0999755859375,0.8325740098953247,0.0,9.5042724609375,307.30401611328125,0.1400000154972076,11.767499923706056,0.2520000040531158
1777201200000,2026-04-26 11:00:00,,,,,,,,,,,,,12.61750030517578,37.0,1024.9000244140625,-1.7034344673156738,0.0,10.195056915283203,317.8624572753906,0.1899999976158142,12.86750030517578,0.2509999871253967
1777202562475,2026-04-26 11:22:42,44.01,38.5,36.01,,,,348.52,312.75,285.38,99.20949,-112.0,-10.2,,,,,,,,,,
1777204800000,2026-04-26 12:00:00,,,,,,,,,,,,,13.167500495910645,37.0,1024.5999755859375,-1.2133846282958984,0.0,10.383987426757812,326.3099060058594,0.2100000232458114,13.667500495910645,0.25
1777208400000,2026-04-26 13:00:00,,,,,,,,,,,,,13.667500495910645,40.0,1024.4000244140625,0.3050107359886169,0.0,9.79305934906006,323.9725341796875,0.1899999976158142,14.217500686645508,0.248999997973442
1777212000000,2026-04-26 14:00:00,,,,,,,,,,,,,13.667500495910645,36.0,1024.4000244140625,-1.1428405046463013,0.0,9.693296432495115,338.1985168457031,0.1800000071525573,14.36750030517578,0.2479999959468841
1777215600000,2026-04-26 15:00:00,,,,,,,,,,,,,13.517499923706056,31.0,1024.4000244140625,-3.299335479736328,0.0,11.04326057434082,340.97430419921875,0.1700000017881393,14.317500114440918,0.2479999959468841
1777216951737,2026-04-26 15:22:31,,,,10.02,9.44,9.41,,,,99.20949,-121.0,-14.2,,,,,,,,,,
1777216958688,2026-04-26 15:22:38,43.94,38.38,35.71,,,,348.3,312.45,285.15,99.20949,-121.0,-12.8,,,,,,,,,,
1777219200000,2026-04-26 16:00:00,,,,,,,,,,,,,13.167500495910645,32.0,1024.0999755859375,-3.1793200969696045,0.0,7.559999465942383,360.0,0.1400000154972076,13.86750030517578,0.2469999939203262
1777222800000,2026-04-26 17:00:00,,,,,,,,,,,,,12.267499923706056,43.0,1024.0999755859375,0.0401269309222698,0.0,6.6380720138549805,347.47119140625,0.0799999982118606,13.167500495910645,0.2460000067949295
1777226400000,2026-04-26 18:00:00,,,,,,,,,,,,,10.917500495910645,45.0,1024.300048828125,-0.5615615844726562,0.0,5.771238803863525,3.5762643814086914,0.0299999993294477,12.267499923706056,0.2460000067949295
1777230000000,2026-04-26 19:00:00,,,,,,,,,,,,,9.517499923706056,48.0,1024.699951171875,-0.9584384560585022,0.0,5.241678714752197,15.945476531982422,0.0299999993294477,11.167500495910645,0.2450000047683715
1777231347990,2026-04-26 19:22:27,,,,10.14,10.14,9.46,,,,99.20949,-121.0,-13.2,,,,,,,,,,
1777231353528,2026-04-26 19:22:33,43.88,38.25,35.41,,,,348.12,312.15,284.92,99.20949,-121.0,-13.0,,,,,,,,,,
1777233600000,2026-04-26 20:00:00,,,,,,,,,,,,,8.667500495910645,51.0,1024.800048828125,-0.9126105904579164,0.0,5.692099094390869,34.695220947265625,0.0199999995529651,10.267499923706056,0.2450000047683715
1777237200000,2026-04-26 21:00:00,,,,,,,,,,,,,8.117500305175781,52.0,1025.0999755859375,-1.1566510200500488,0.0,5.351784706115723,42.27362823486328,0.0199999995529651,9.61750030517578,0.2450000047683715
1777240800000,2026-04-26 22:00:00,,,,,,,,,,,,,7.56749963760376,57.0,1025.199951171875,-0.4116555750370025,0.0,3.7064266204833984,60.94549179077149,0.0099999997764825,8.917500495910645,0.2450000047683715
1777244400000,2026-04-26 23:00:00,,,,,,,,,,,,,7.56749963760376,53.0,1025.300048828125,-1.4074715375900269,0.0,2.9024126529693604,97.12492370605467,0.0,8.067500114440918,0.2450000047683715
1777245744228,2026-04-26 23:22:24,,,,10.22,10.12,9.46,,,,99.20949,-121.0,-13.5,,,,,,,,,,
1777245751262,2026-04-26 23:22:31,43.79,38.17,35.15,,,,347.87,311.94,284.72,99.20949,-122.0,-13.5,,,,,,,,,,
1777248000000,2026-04-27 00:00:00,,,,,,,,,,,,,4.617499828338623,73.0,1025.199951171875,0.1918551921844482,0.0,2.545584201812744,81.86998748779297,0.0,6.117499828338623,0.2460000067949295
1777251600000,2026-04-27 01:00:00,,,,,,,,,,,,,4.167500019073486,73.0,1025.0999755859375,-0.2422197759151458,0.0,2.545584201812744,98.13002014160156,0.0,5.517499923706055,0.2460000067949295
1777255200000,2026-04-27 02:00:00,,,,,,,,,,,,,3.9175000190734863,74.0,1025.5999755859375,-0.2963712513446808,0.0,2.1600000858306885,90.0,0.0,5.017499923706055,0.2460000067949295
1777258800000,2026-04-27 03:00:00,,,,,,,,,,,,,3.267500162124634,80.0,1025.5999755859375,0.1472042948007583,0.0,3.415259599685669,108.43504333496094,0.0,4.617499828338623,0.2469999939203262
1777260140559,2026-04-27 03:22:20,,,,10.12,10.17,9.51,,,,99.20949,-111.0,-4.8,,,,,,,,,,
1777260147490,2026-04-27 03:22:27,43.68,38.07,34.89,,,,347.56,311.71,284.52,99.20949,-111.0,-5.5,,,,,,,,,,
1777262400000,2026-04-27 04:00:00,,,,,,,,,,,,,3.267500162124634,80.0,1025.4000244140625,0.1472042948007583,0.0,2.9024126529693604,97.12492370605467,0.0,4.367499828338623,0.2469999939203262
1777266000000,2026-04-27 05:00:00,,,,,,,,,,,,,3.6675000190734863,82.0,1025.4000244140625,0.879611611366272,0.0,3.545588731765747,113.96249389648438,0.0,4.167500019073486,0.2469999939203262
1777269600000,2026-04-27 06:00:00,,,,,,,,,,,,,6.267499923706055,76.0,1025.5,2.3480570316314697,0.0,3.054701328277588,135.00010681152344,0.0199999995529651,4.81749963760376,0.2479999959468841
1777273200000,2026-04-27 07:00:00,,,,,,,,,,,,,8.717500686645508,70.0,1025.5,3.548332691192627,0.0,2.879999876022339,180.0,0.1000000089406967,6.217499732971191,0.2479999959468841
1777274536887,2026-04-27 07:22:16,,,,9.97,9.61,9.41,,,,99.20949,-121.0,-12.2,,,,,,,,,,
1777274542454,2026-04-27 07:22:22,43.55,37.96,34.69,,,,347.18,311.5,284.37,99.20949,-121.0,-11.2,,,,,,,,,,
1777276800000,2026-04-27 08:00:00,,,,,,,,,,,,,11.067500114440918,62.0,1025.300048828125,4.060303211212158,0.0,2.595996856689453,213.69009399414065,0.1599999964237213,7.617499828338623,0.2469999939203262
1777280400000,2026-04-27 09:00:00,,,,,,,,,,,,,12.767499923706056,52.0,1025.0,3.153334140777588,0.0,2.811689853668213,230.1944732666016,0.25,9.017499923706056,0.2469999939203262
1777284000000,2026-04-27 10:00:00,,,,,,,,,,,,,14.017499923706056,49.0,1024.5,3.465085029602051,0.0,1.4843180179595947,194.0362701416016,0.3100000023841858,10.217500686645508,0.2460000067949295
1777287600000,2026-04-27 11:00:00,,,,,,,,,,,,,14.967500686645508,42.0,1024.0,2.155758142471313,0.0,1.7999999523162842,53.13002014160156,0.3500000238418579,11.217500686645508,0.2450000047683715
1777288933162,2026-04-27 11:22:13,,,,9.87,9.54,9.34,,,,99.20949,-121.0,-13.2,,,,,,,,,,
1777288940057,2026-04-27 11:22:20,43.43,37.67,34.43,,,,346.84,311.2,284.17,99.20949,-121.0,-13.0,,,,,,,,,,
1777291200000,2026-04-27 12:00:00,,,,,,,,,,,,,15.567500114440918,38.0,1023.5,1.294736385345459,0.0,3.89399528503418,33.69010162353516,0.3700000345706939,12.11750030517578,0.2440000027418136
1777294800000,2026-04-27 13:00:00,,,,,,,,,,,,,15.917500495910645,44.0,1023.0,3.6728553771972656,0.0,5.447788238525391,352.4054260253906,0.3500000238418579,12.817500114440918,0.2419999986886978
1777298400000,2026-04-27 14:00:00,,,,,,,,,,,,,15.567500114440918,46.0,1022.5,3.986774921417236,0.0,6.489992141723633,3.179771900177002,0.2800000309944153,13.167500495910645,0.2409999966621399
1777302000000,2026-04-27 15:00:00,,,,,,,,,,,,,15.067500114440918,42.0,1022.2000122070312,2.2460734844207764,0.0,7.172948837280273,17.52566909790039,0.2399999946355819,13.167500495910645,0.2399999946355819
1777303329397,2026-04-27 15:22:09,,,,9.92,10.02,9.31,,,,99.20949,-112.0,-11.8,,,,,,,,,,
1777305600000,2026-04-27 16:00:00,,,,,,,,,,,,,14.36750030517578,43.0,1022.0,1.943044185638428,0.0,6.130578517913818,40.23629379272461,0.1800000071525573,12.86750030517578,0.238999992609024
1777309200000,2026-04-27 17:00:00,,,,,,,,,,,,,13.417500495910645,61.0,1021.9000244140624,6.046175956726074,0.0,2.4149534702301025,26.564985275268555,0.0799999982118606,12.467500686645508,0.2380000054836273
1777312800000,2026-04-27 18:00:00,,,,,,,,,,,,,11.467500686645508,60.0,1022.0999755859376,3.9705970287323,0.0,4.896529674530029,53.972537994384766,0.0299999993294477,11.817500114440918,0.2380000054836273
1777316400000,2026-04-27 19:00:00,,,,,,,,,,,,,9.61750030517578,63.0,1022.7000122070312,2.9147074222564697,0.0,6.130578517913818,40.23629379272461,0.0299999993294477,10.917500495910645,0.2380000054836273
1777317725752,2026-04-27 19:22:05,,,,10.14,9.41,9.39,,,,99.20949,-112.0,-5.2,,,,,,,,,,
1777317731316,2026-04-27 19:22:11,43.25,37.08,33.95,,,,346.35,310.6,283.8,99.20949,-111.0,-5.8,,,,,,,,,,
1777320000000,2026-04-27 20:00:00,,,,,,,,,,,,,9.067500114440918,56.0,1022.7999877929688,0.7482582926750183,0.0,6.877789497375488,42.87890625,0.0399999991059303,10.167500495910645,0.2370000034570694
1777323600000,2026-04-27 21:00:00,,,,,,,,,,,,,8.467499732971191,62.0,1022.7999877929688,1.6010262966156006,0.0,5.623379707336426,50.19447326660156,0.0299999993294477,9.567500114440918,0.2370000034570694
1777327200000,2026-04-27 22:00:00,,,,,,,,,,,,,7.967499732971191,67.0,1022.7999877929688,2.2121620178222656,0.0,4.33497428894043,85.23644256591797,0.0199999995529651,8.967500686645508,0.2370000034570694
1777330800000,2026-04-27 23:00:00,,,,,,,,,,,,,7.667500019073486,65.0,1022.5,1.5019441843032837,0.0,4.680000305175781,67.38009643554688,0.0099999997764825,8.317500114440918,0.2370000034570694
1777332128974,2026-04-27 23:22:08,43.16,36.89,33.77,,,,346.1,310.4,283.66,99.20949,-121.0,-13.0,,,,,,,,,,
1777334400000,2026-04-28 00:00:00,,,,,,,,,,,,,5.867499828338623,75.0,1022.2999877929688,1.7750626802444458,0.0,6.109402656555176,44.99989700317383,0.0,7.81749963760376,0.2399999946355819
1777338000000,2026-04-28 01:00:00,,,,,,,,,,,,,5.81749963760376,74.0,1022.5999755859376,1.5391008853912354,0.0,5.804825305938721,60.25520706176758,0.0099999997764825,7.467499732971191,0.2399999946355819
1777341600000,2026-04-28 02:00:00,,,,,,,,,,,,,5.417500019073486,77.0,1022.9000244140624,1.7071913480758667,0.0,5.623379707336426,50.19447326660156,0.0099999997764825,7.267499923706055,0.2409999966621399
1777345200000,2026-04-28 03:00:00,,,,,,,,,,,,,4.667500019073486,83.0,1023.0999755859376,2.0269229412078857,0.0,5.600285530090332,44.99989700317383,0.0099999997764825,7.06749963760376,0.2409999966621399
1777346525279,2026-04-28 03:22:05,43.05,36.68,33.57,,,,345.79,310.19,283.51,99.20949,-120.0,-14.2,,,,,,,,,,
1777348800000,2026-04-28 04:00:00,,,,,,,,,,,,,4.717499732971191,79.0,1023.2000122070312,1.3850297927856443,0.0,6.130578517913818,40.23629379272461,0.0099999997764825,6.917500019073486,0.2409999966621399
1777352400000,2026-04-28 05:00:00,,,,,,,,,,,,,5.167500019073486,70.0,1023.4000244140624,0.1416283398866653,0.0,9.028754234313965,66.50141906738281,0.0199999995529651,6.867499828338623,0.2409999966621399
1777356000000,2026-04-28 06:00:00,,,,,,,,,,,,,6.31749963760376,68.0,1023.7999877929688,0.8422601222991943,0.0,9.028754234313965,85.42616271972656,0.0399999991059303,7.117499828338623,0.2409999966621399
1777359600000,2026-04-28 07:00:00,,,,,,,,,,,,,8.167500495910645,65.0,1023.9000244140624,1.977630615234375,0.0,6.725354194641113,74.475830078125,0.0700000077486038,7.81749963760376,0.2409999966621399
1777363200000,2026-04-28 08:00:00,,,,,,,,,,,,,10.467500686645508,56.0,1024.0,2.05714750289917,0.0,8.404285430908203,46.73566818237305,0.1299999952316284,8.867500305175781,0.2409999966621399
1777366800000,2026-04-28 09:00:00,,,,,,,,,,,,,11.917500495910645,50.0,1023.9000244140624,1.8157494068145752,0.0,12.387348175048828,54.46223831176758,0.1899999976158142,10.067500114440918,0.2399999946355819
1777370400000,2026-04-28 10:00:00,,,,,,,,,,,,,13.317500114440918,46.0,1023.5999755859376,1.9329761266708367,0.0,12.682018280029297,55.407657623291016,0.2199999988079071,11.067500114440918,0.2399999946355819
1777374000000,2026-04-28 11:00:00,,,,,,,,,,,,,14.61750030517578,43.0,1023.2999877929688,2.169482707977295,0.0,13.392773628234863,53.74607849121094,0.2599999904632568,12.11750030517578,0.238999992609024
1777375317722,2026-04-28 11:21:57,42.77,36.22,33.17,,,,345.04,309.71,283.2,99.20949,-112.0,-9.0,,,,,,,,,,
1777377600000,2026-04-28 12:00:00,,,,,,,,,,,,,15.267499923706056,39.0,1023.0999755859376,1.3886762857437134,0.0,15.072783470153809,49.84407424926758,0.2800000309944153,12.967500686645508,0.2380000054836273
1777381200000,2026-04-28 13:00:00,,,,,,,,,,,,,15.567500114440918,37.0,1023.0,0.9236303567886353,0.0,14.058449745178224,50.19447326660156,0.2599999904632568,13.61750030517578,0.2370000034570694
1777384800000,2026-04-28 14:00:00,,,,,,,,,,,,,15.567500114440918,35.0,1022.7000122070312,0.1539507359266281,0.0,13.27614402770996,49.39878463745117,0.2399999946355819,14.017499923706056,0.2360000014305114
1777388400000,2026-04-28 15:00:00,,,,,,,,,,,,,14.967500686645508,32.0,1022.5999755859376,-1.602391481399536,0.0,14.2006196975708,30.46547508239746,0.2100000232458114,14.11750030517578,0.2360000014305114
1777392000000,2026-04-28 16:00:00,,,,,,,,,,,,,14.017499923706056,28.0,1022.7000122070312,-4.225675582885742,0.0,12.599998474121094,36.86999130249024,0.1700000017881393,13.86750030517578,0.2349999994039535
1777395600000,2026-04-28 17:00:00,,,,,,,,,,,,,13.067500114440918,32.0,1022.9000244140624,-3.266969680786133,0.0,8.91318130493164,43.363468170166016,0.1099999994039535,13.36750030517578,0.2339999973773956
1777399200000,2026-04-28 18:00:00,,,,,,,,,,,,,10.667500495910645,34.0,1023.5,-4.569710731506348,0.0,8.43506908416748,39.80552673339844,0.0500000044703483,12.517499923706056,0.2339999973773956
1777402800000,2026-04-28 19:00:00,,,,,,,,,,,,,8.817500114440918,39.0,1024.4000244140625,-4.394589424133301,0.0,9.422101020812988,46.54811096191406,0.0299999993294477,11.467500686645508,0.2339999973773956
1777406400000,2026-04-28 20:00:00,,,,,,,,,,,,,8.117500305175781,36.0,1025.0999755859375,-6.077072143554688,0.0,11.384198188781738,55.30478286743164,0.0299999993294477,10.567500114440918,0.2339999973773956
1777410000000,2026-04-28 21:00:00,,,,,,,,,,,,,7.31749963760376,38.0,1025.5,-6.082735061645508,0.0,12.101570129394531,59.62095642089844,0.0299999993294477,9.86750030517578,0.2329999953508377
1777413600000,2026-04-28 22:00:00,,,,,,,,,,,,,6.617499828338623,41.0,1025.9000244140625,-5.71497917175293,0.0,9.504273414611816,65.37645721435547,0.0299999993294477,9.267499923706056,0.2329999953508377
1777417200000,2026-04-28 23:00:00,,,,,,,,,,,,,5.467499732971191,47.0,1026.0,-4.960811614990234,0.0,6.1516828536987305,69.4438705444336,0.0199999995529651,8.617500305175781,0.2329999953508377
1777418499535,2026-04-28 23:21:39,,,,10.3,9.59,9.71,,,,99.20949,-111.0,-5.2,,,,,,,,,,
1777418505216,2026-04-28 23:21:45,42.45,35.44,32.57,,,,344.18,308.91,282.74,99.20949,-122.0,-14.5,,,,,,,,,,
1777420800000,2026-04-29 00:00:00,,,,,,,,,,,,,4.217499732971191,60.0,1026.0,-2.8643100261688232,0.0,5.052840709686279,85.91446685791016,0.0099999997764825,8.117500305175781,0.2319999933242797
1777424400000,2026-04-29 01:00:00,,,,,,,,,,,,,3.617500066757202,63.0,1026.199951171875,-2.7747490406036377,0.0,4.0249223709106445,79.6952133178711,0.0099999997764825,7.267499923706055,0.2319999933242797
1777428000000,2026-04-29 02:00:00,,,,,,,,,,,,,2.6675000190734863,65.0,1027.0999755859375,-3.25748872756958,0.0,4.33497428894043,48.36655426025391,0.0,6.467499732971191,0.2319999933242797
1777431600000,2026-04-29 03:00:00,,,,,,,,,,,,,2.0174999237060547,68.0,1027.300048828125,-3.2725369930267334,0.0,3.976329803466797,84.8056640625,0.0,5.767499923706055,0.2319999933242797
1777432895978,2026-04-29 03:21:35,,,,10.27,9.89,9.66,,,,99.20949,-107.0,-11.2,,,,,,,,,,
1777432902842,2026-04-29 03:21:42,42.32,35.26,32.38,,,,343.84,308.73,282.59,99.20949,-110.0,-6.5,,,,,,,,,,
1777435200000,2026-04-29 04:00:00,,,,,,,,,,,,,1.7174999713897705,68.0,1027.300048828125,-3.559732913970948,0.0,2.620839357376098,105.94546508789062,0.0,5.217499732971191,0.2319999933242797
1777438800000,2026-04-29 05:00:00,,,,,,,,,,,,,2.9674999713897705,67.0,1027.5999755859375,-2.5633578300476074,0.0,2.620839357376098,74.05453491210938,0.0,4.81749963760376,0.2329999953508377
1777442400000,2026-04-29 06:00:00,,,,,,,,,,,,,5.917500019073486,59.0,1027.9000244140625,-1.4897592067718506,0.0,3.219938039779663,63.43501281738281,0.0199999995529651,5.267499923706055,0.2329999953508377
1777446000000,2026-04-29 07:00:00,,,,,,,,,,,,,7.267499923706055,57.0,1028.0999755859375,-0.6928665041923523,0.0,6.297428131103516,59.036319732666016,0.0900000035762786,6.31749963760376,0.2329999953508377
1777447299265,2026-04-29 07:21:39,42.17,35.03,32.23,,,,343.43,308.49,282.48,99.20949,-121.0,-13.2,,,,,,,,,,
1777449600000,2026-04-29 08:00:00,,,,,,,,,,,,,9.217500686645508,52.0,1028.4000244140625,-0.1365515440702438,0.0,9.08598804473877,56.30989837646485,0.1400000154972076,7.517499923706055,0.2329999953508377
1777453200000,2026-04-29 09:00:00,,,,,,,,,,,,,10.61750030517578,45.0,1028.300048828125,-0.835070013999939,0.0,13.397611618041992,59.30035781860352,0.2000000178813934,8.717500686645508,0.2319999933242797
1777456800000,2026-04-29 10:00:00,,,,,,,,,,,,,11.417500495910645,40.0,1028.5,-1.7177687883377075,0.0,14.88241958618164,57.84772872924805,0.2399999946355819,9.717500686645508,0.2319999933242797
1777460400000,2026-04-29 11:00:00,,,,,,,,,,,,,12.167500495910645,35.0,1028.300048828125,-2.855191946029663,0.0,13.60876178741455,52.52374649047852,0.270000010728836,10.61750030517578,0.231000006198883
1777464000000,2026-04-29 12:00:00,,,,,,,,,,,,,12.717500686645508,31.0,1028.199951171875,-3.998038053512573,0.0,13.60876178741455,52.52374649047852,0.2900000214576721,11.36750030517578,0.2300000041723251
1777467600000,2026-04-29 13:00:00,,,,,,,,,,,,,12.717500686645508,26.0,1028.0999755859375,-6.321535110473633,0.0,15.188416481018066,58.57048416137695,0.2800000309944153,11.917500495910645,0.2290000021457672
1777471200000,2026-04-29 14:00:00,,,,,,,,,,,,,12.317500114440918,26.0,1028.199951171875,-6.664239883422852,0.0,16.215991973876953,92.54475402832033,0.2399999946355819,12.167500495910645,0.2290000021457672
1777474800000,2026-04-29 15:00:00,,,,,,,,,,,,,12.267499923706056,30.0,1028.300048828125,-4.826354503631592,0.0,13.3637113571167,85.3646240234375,0.2100000232458114,12.217500686645508,0.2280000001192093
1777476084839,2026-04-29 15:21:24,,,,10.02,9.51,9.44,,,,99.20949,-122.0,-13.5,,,,,,,,,,
1777476091792,2026-04-29 15:21:31,41.91,34.52,31.82,,,,342.75,307.96,282.16,99.20949,-121.0,-13.8,,,,,,,,,,
1777478400000,2026-04-29 16:00:00,,,,,,,,,,,,,11.567500114440918,27.0,1028.5,-6.81640625,0.0,14.399999618530272,53.13002014160156,0.1700000017881393,12.067500114440918,0.2269999980926513
1777482000000,2026-04-29 17:00:00,,,,,,,,,,,,,10.417500495910645,26.0,1028.800048828125,-8.293169021606445,0.0,13.441070556640623,69.62348937988281,0.1199999973177909,11.61750030517578,0.2269999980926513
1777485600000,2026-04-29 18:00:00,,,,,,,,,,,,,8.417500495910645,35.0,1029.5999755859375,-6.179576873779297,0.0,9.028754234313965,66.50141906738281,0.0599999986588954,10.917500495910645,0.2259999960660934
1777489200000,2026-04-29 19:00:00,,,,,,,,,,,,,6.56749963760376,40.0,1030.4000244140625,-6.084269046783447,0.0,9.504273414611816,65.37645721435547,0.0399999991059303,9.917500495910645,0.2259999960660934
1777490481106,2026-04-29 19:21:21,,,,10.12,9.49,9.82,,,,99.20949,-112.0,-7.0,,,,,,,,,,
1777490486529,2026-04-29 19:21:26,41.78,34.25,31.6,,,,342.41,307.69,281.99,99.20949,-112.0,-8.2,,,,,,,,,,
1777492800000,2026-04-29 20:00:00,,,,,,,,,,,,,6.06749963760376,42.0,1031.0999755859375,-5.896093845367432,0.0,10.13769245147705,73.49556732177734,0.0399999991059303,9.11750030517578,0.2259999960660934
1777496400000,2026-04-29 21:00:00,,,,,,,,,,,,,4.667500019073486,49.0,1031.800048828125,-5.145878791809082,0.0,6.479999542236328,90.0,0.0299999993294477,8.367500305175781,0.2259999960660934
1777500000000,2026-04-29 22:00:00,,,,,,,,,,,,,3.617500066757202,55.0,1032.4000244140625,-4.591034412384033,0.0,5.399999618530273,90.0,0.0199999995529651,7.617499828338623,0.2259999960660934
1777503600000,2026-04-29 23:00:00,,,,,,,,,,,,,2.567500114440918,60.0,1032.800048828125,-4.421444416046143,0.0,5.154415607452393,102.09474182128906,0.0099999997764825,6.767499923706055,0.2259999960660934
1777504877365,2026-04-29 23:21:17,,,,10.12,9.61,9.59,,,,99.20949,-121.0,-15.5,,,,,,,,,,
1777504884358,2026-04-29 23:21:24,41.65,34.03,31.41,,,,342.1,307.46,281.85,99.20949,-113.0,-6.8,,,,,,,,,,
1777507200000,2026-04-30 00:00:00,,,,,,,,,,,,,2.2174999713897705,68.0,1032.5,-3.081082344055176,0.0,5.154415607452393,102.09474182128906,0.0099999997764825,5.617499828338623,0.2249999940395355
1777510800000,2026-04-30 01:00:00,,,,,,,,,,,,,1.767499923706055,69.0,1032.9000244140625,-3.316171884536743,0.0,5.154415607452393,102.09474182128906,0.0099999997764825,5.117499828338623,0.2249999940395355
1777514400000,2026-04-30 02:00:00,,,,,,,,,,,,,1.767499923706055,67.0,1032.699951171875,-3.710132598876953,0.0,4.735060214996338,98.74607849121094,0.0099999997764825,4.667500019073486,0.2249999940395355
1777518000000,2026-04-30 03:00:00,,,,,,,,,,,,,1.267499923706055,69.0,1033.0,-3.795641183853149,0.0,4.213691711425781,109.98319244384766,0.0099999997764825,4.317500114440918,0.2249999940395355
1777521600000,2026-04-30 04:00:00,,,,,,,,,,,,,0.8675000071525574,69.0,1033.300048828125,-4.17924690246582,0.0,3.545588731765747,113.96249389648438,0.0,3.9674999713897705,0.2249999940395355
1777525200000,2026-04-30 05:00:00,,,,,,,,,,,,,1.2174999713897705,72.0,1033.699951171875,-3.273775815963745,0.0,2.595996856689453,123.69009399414062,0.0,3.7174999713897705,0.2249999940395355
1777528800000,2026-04-30 06:00:00,,,,,,,,,,,,,3.117500066757202,66.0,1034.0,-2.623112678527832,0.0,1.8356469869613647,168.6901092529297,0.0199999995529651,4.267499923706055,0.2249999940395355
1777532400000,2026-04-30 07:00:00,,,,,,,,,,,,,5.967499732971191,61.0,1033.9000244140625,-0.9875831604003906,0.0,2.099142551422119,210.96368408203125,0.0700000077486038,5.367499828338623,0.2249999940395355
1777533670078,2026-04-30 07:21:10,,,,9.84,10.5,9.61,,,,99.20949,-112.0,-8.0,,,,,,,,,,
1777536000000,2026-04-30 08:00:00,,,,,,,,,,,,,9.167500495910645,53.0,1033.300048828125,0.0796395689249038,0.0,2.4149534702301025,206.5649871826172,0.1400000154972076,6.81749963760376,0.2249999940395355
1777539600000,2026-04-30 09:00:00,,,,,,,,,,,,,11.267499923706056,39.0,1033.0,-2.1960151195526123,0.0,1.7999999523162842,126.86998748779295,0.2300000041723251,8.317500114440918,0.2249999940395355
1777543200000,2026-04-30 10:00:00,,,,,,,,,,,,,12.61750030517578,37.0,1032.699951171875,-1.7034344673156738,0.0,6.989935874938965,55.49142456054688,0.2900000214576721,9.767499923706056,0.2240000069141388
1777546800000,2026-04-30 11:00:00,,,,,,,,,,,,,13.767499923706056,34.0,1032.300048828125,-1.8328988552093504,0.0,8.707237243652344,60.25520706176758,0.3199999928474426,11.067500114440918,0.2230000048875808
1777548066358,2026-04-30 11:21:06,,,,9.69,10.27,9.41,,,,99.20949,-112.0,-8.2,,,,,,,,,,
1777548071816,2026-04-30 11:21:11,41.25,33.42,30.92,,,,341.09,306.83,281.47,99.20949,-112.0,-9.0,,,,,,,,,,
1777550400000,2026-04-30 12:00:00,,,,,,,,,,,,,14.567500114440918,34.0,1031.5,-1.127274990081787,0.0,8.707237243652344,60.25520706176758,0.3100000023841858,12.167500495910645,0.2230000048875808
1777554000000,2026-04-30 13:00:00,,,,,,,,,,,,,15.067500114440918,36.0,1031.0,0.099887691438198,0.0,9.29051113128662,54.46223831176758,0.2900000214576721,12.967500686645508,0.2220000028610229
1777557600000,2026-04-30 14:00:00,,,,,,,,,,,,,15.467500686645508,40.0,1030.4000244140625,1.9219039678573608,0.0,6.989935874938965,55.49142456054688,0.2599999904632568,13.467500686645508,0.221000000834465
1777561200000,2026-04-30 15:00:00,,,,,,,,,,,,,15.267499923706056,39.0,1030.199951171875,1.3886762857437134,0.0,8.21715259552002,28.810697555541992,0.2199999988079071,13.667500495910645,0.2199999988079071
1777562469615,2026-04-30 15:21:09,41.16,33.2,30.7,,,,340.87,306.6,281.3,99.20949,-113.0,-7.2,,,,,,,,,,
1777564800000,2026-04-30 16:00:00,,,,,,,,,,,,,14.61750030517578,44.0,1030.0,2.49260687828064,0.0,3.7585103511810303,16.699325561523438,0.1700000017881393,13.517499923706056,0.2189999967813491
1777568400000,2026-04-30 17:00:00,,,,,,,,,,,,,14.167500495910645,47.0,1030.0,3.0126261711120605,0.0,3.415259599685669,18.4350528717041,0.1000000089406967,13.067500114440918,0.2189999967813491
1777572000000,2026-04-30 18:00:00,,,,,,,,,,,,,12.017499923706056,60.0,1030.0999755859375,4.488638877868652,0.0,3.6712939739227295,11.309895515441896,0.0299999993294477,12.267499923706056,0.2189999967813491
1777575600000,2026-04-30 19:00:00,,,,,,,,,,,,,9.567500114440918,64.0,1030.5,3.089841604232788,0.0,5.991593837738037,32.7352294921875,0.0099999997764825,10.967500686645508,0.2179999947547912
1777579200000,2026-04-30 20:00:00,,,,,,,,,,,,,9.36750030517578,63.0,1030.5999755859375,2.6777894496917725,0.0,5.991593837738037,32.7352294921875,0.0199999995529651,10.017499923706056,0.2179999947547912
1777582800000,2026-04-30 21:00:00,,,,,,,,,,,,,9.36750030517578,63.0,1030.699951171875,2.6777894496917725,0.0,2.9024126529693604,60.25520706176758,0.0099999997764825,9.317500114440918,0.2179999947547912
1777586400000,2026-04-30 22:00:00,,,,,,,,,,,,,8.167500495910645,67.0,1030.800048828125,2.403093099594116,0.0,2.4149534702301025,116.5649871826172,0.0,8.417500495910645,0.2179999947547912
1777590000000,2026-04-30 23:00:00,,,,,,,,,,,,,7.017499923706055,72.0,1031.0,2.3124516010284424,0.0,1.938659191131592,111.80147552490234,0.0,7.517499923706055,0.2179999947547912
1777591255219,2026-04-30 23:20:55,,,,9.99,9.89,9.59,,,,99.20949,-112.0,-7.5,,,,,,,,,,
1777593600000,2026-05-01 00:00:00,,,,,,,,,,,,,6.967499732971191,77.0,1030.4000244140625,3.2111034393310547,0.0,2.9024126529693604,119.74478912353516,0.0,8.117500305175781,0.2189999967813491
1777597200000,2026-05-01 01:00:00,,,,,,,,,,,,,6.31749963760376,78.0,1029.9000244140625,2.7623291015625,0.0,3.2599384784698486,96.34009552001952,0.0,7.367499828338623,0.2189999967813491
1777600800000,2026-05-01 02:00:00,,,,,,,,,,,,,6.167500019073486,77.0,1030.0999755859375,2.434926271438598,0.0,0.3599999845027923,90.0,0.0,6.767499923706055,0.2189999967813491
1777604400000,2026-05-01 03:00:00,,,,,,,,,,,,,5.467499732971191,79.0,1030.5,2.114959716796875,0.0,1.7999999523162842,90.0,0.0,6.167500019073486,0.2189999967813491
1777605651516,2026-05-01 03:20:51,,,,9.99,9.59,9.59,,,,99.20949,-112.0,-6.5,,,,,,,,,,
1777605658459,2026-05-01 03:20:58,40.92,32.64,30.26,,,,340.28,306.03,280.96,99.20949,-112.0,-5.5,,,,,,,,,,
1777608000000,2026-05-01 04:00:00,,,,,,,,,,,,,4.667500019073486,83.0,1030.5,2.0269229412078857,0.0,2.741678237915039,113.19862365722656,0.0,5.617499828338623,0.2189999967813491
1777611600000,2026-05-01 05:00:00,,,,,,,,,,,,,5.767499923706055,82.0,1030.800048828125,2.932220697402954,0.0,2.620839357376098,105.94546508789062,0.0,5.517499923706055,0.2189999967813491
1777615200000,2026-05-01 06:00:00,,,,,,,,,,,,,8.317500114440918,71.0,1030.800048828125,3.3654651641845703,0.0,1.0182337760925293,135.00010681152344,0.0299999993294477,6.517499923706055,0.2189999967813491
1777618800000,2026-05-01 07:00:00,,,,,,,,,,,,,11.667500495910645,60.0,1030.699951171875,4.1589837074279785,0.0,1.6099690198898315,243.4350128173828,0.0900000035762786,8.017499923706055,0.2189999967813491
1777620047723,2026-05-01 07:20:47,,,,9.92,10.48,9.46,,,,99.20949,-121.0,-14.2,,,,,,,,,,
1777620053354,2026-05-01 07:20:53,40.81,32.51,30.1,,,,340.01,305.89,280.84,99.20949,-113.0,-7.2,,,,,,,,,,
1777622400000,2026-05-01 08:00:00,,,,,,,,,,,,,14.417500495910645,51.0,1030.300048828125,4.403402328491211,0.0,4.379589080810547,279.4622497558594,0.1700000017881393,9.717500686645508,0.2189999967813491
1777626000000,2026-05-01 09:00:00,,,,,,,,,,,,,16.3174991607666,45.0,1030.0,4.356574535369873,0.0,6.952754497528076,291.2505798339844,0.2399999946355819,11.417500495910645,0.2189999967813491
1777629600000,2026-05-01 10:00:00,,,,,,,,,,,,,18.01749992370605,44.0,1029.5999755859375,5.578223705291748,0.0,6.92473840713501,297.8971862792969,0.2900000214576721,12.967500686645508,0.2179999947547912
1777633200000,2026-05-01 11:00:00,,,,,,,,,,,,,19.36750030517578,42.0,1029.199951171875,6.126269340515137,0.0,6.618518829345703,315.0000915527344,0.3100000023841858,14.36750030517578,0.2169999927282333
1777634451045,2026-05-01 11:20:51,40.71,32.33,29.96,,,,339.76,305.71,280.73,99.20949,-121.0,-12.5,,,,,,,,,,
1777636800000,2026-05-01 12:00:00,,,,,,,,,,,,,20.11750030517578,40.0,1028.5999755859375,6.0934271812438965,0.0,5.991593837738037,327.2647705078125,0.3100000023841858,15.567500114440918,0.2169999927282333
1777640400000,2026-05-01 13:00:00,,,,,,,,,,,,,20.667499542236328,38.0,1027.699951171875,5.842373371124268,0.0,5.483356475830078,336.8013916015625,0.2900000214576721,16.417499542236328,0.2160000056028366
1777644000000,2026-05-01 14:00:00,,,,,,,,,,,,,20.917499542236328,40.0,1027.0999755859375,6.810317993164063,0.0,5.495161056518555,328.3925476074219,0.2599999904632568,17.017499923706055,0.2150000035762787
1777647600000,2026-05-01 15:00:00,,,,,,,,,,,,,20.917499542236328,36.0,1026.699951171875,5.284264087677002,0.0,7.421589851379394,14.036274909973145,0.2199999988079071,17.267499923706055,0.2140000015497207
1777648840249,2026-05-01 15:20:40,,,,10.07,10.17,8.81,,,,99.20949,-112.0,-10.2,,,,,,,,,,
1777651200000,2026-05-01 16:00:00,,,,,,,,,,,,,20.36750030517578,41.0,1026.5,6.676427841186523,0.0,4.349896430969238,335.5560607910156,0.1700000017881393,17.217500686645508,0.2140000015497207
1777654800000,2026-05-01 17:00:00,,,,,,,,,,,,,19.76749992370605,39.0,1026.199951171875,5.414329528808594,0.0,4.33497428894043,48.36655426025391,0.1000000089406967,16.817501068115234,0.2129999995231628
1777658400000,2026-05-01 18:00:00,,,,,,,,,,,,,17.11750030517578,56.0,1026.300048828125,8.267821311950684,0.0,3.89399528503418,33.69010162353516,0.0299999993294477,15.817500114440918,0.2129999995231628
1777662000000,2026-05-01 19:00:00,,,,,,,,,,,,,14.767499923706056,53.0,1026.699951171875,5.279178619384766,0.0,7.386581897735596,46.97492980957031,0.0199999995529651,14.467500686645508,0.2129999995231628
1777663236546,2026-05-01 19:20:36,,,,10.35,10.3,9.41,,,,99.20949,-112.0,-7.0,,,,,,,,,,
1777663242144,2026-05-01 19:20:42,40.61,31.99,29.66,,,,339.51,305.35,280.5,100.0,-112.0,-6.5,,,,,,,,,,
1777665600000,2026-05-01 20:00:00,,,,,,,,,,,,,14.11750030517578,53.0,1026.699951171875,4.67608642578125,0.0,6.696386814117432,53.74607849121094,0.0199999995529651,13.517499923706056,0.2129999995231628
1777669200000,2026-05-01 21:00:00,,,,,,,,,,,,,13.767499923706056,55.0,1026.800048828125,4.881669044494629,0.0,4.6938252449035645,94.39862060546876,0.0199999995529651,12.667500495910645,0.2129999995231628
1777672800000,2026-05-01 22:00:00,,,,,,,,,,,,,11.917500495910645,65.0,1027.0,5.543792247772217,0.0,4.802999019622803,102.99462127685548,0.0099999997764825,11.717500686645508,0.2129999995231628
1777676400000,2026-05-01 23:00:00,,,,,,,,,,,,,11.11750030517578,69.0,1027.0,5.642430782318115,0.0,5.447788238525391,97.59455108642578,0.0099999997764825,10.917500495910645,0.2129999995231628
1777680000000,2026-05-02 00:00:00,,,,,,,,,,,,,10.417500495910645,68.0,1026.0,4.7627716064453125,0.0,4.452953815460205,104.03627014160156,0.0099999997764825,10.017499923706056,0.2119999974966049
1777683600000,2026-05-02 01:00:00,,,,,,,,,,,,,9.467500686645508,70.0,1025.5999755859375,4.267806529998779,0.0,4.896529197692871,107.10281372070312,0.0,9.317500114440918,0.2119999974966049
1777687200000,2026-05-02 02:00:00,,,,,,,,,,,,,9.36750030517578,71.0,1025.699951171875,4.374417304992676,0.0,5.86037540435791,100.6196060180664,0.0,8.867500305175781,0.2119999974966049
1777690800000,2026-05-02 03:00:00,,,,,,,,,,,,,8.817500114440918,74.0,1025.5,4.4362335205078125,0.0,6.0346999168396,107.35411071777344,0.0,8.467499732971191,0.2119999974966049
1777694400000,2026-05-02 04:00:00,,,,,,,,,,,,,8.567500114440918,73.0,1025.5,4.000856876373291,0.0,5.815978050231934,111.80147552490234,0.0,8.067500114440918,0.2129999995231628
1777698000000,2026-05-02 05:00:00,,,,,,,,,,,,,10.167500495910645,69.0,1025.5,4.732847213745117,0.0,5.959060192108154,115.0168685913086,0.0099999997764825,8.017499923706055,0.2129999995231628
1777701600000,2026-05-02 06:00:00,,,,,,,,,,,,,13.017499923706056,66.0,1025.4000244140625,6.811668395996094,0.0,5.191993713378906,123.69009399414062,0.0599999986588954,8.867500305175781,0.2129999995231628
1777705200000,2026-05-02 07:00:00,,,,,,,,,,,,,16.267499923706055,57.0,1024.699951171875,7.734157562255859,0.0,6.409617424011231,128.1572723388672,0.1599999964237213,10.36750030517578,0.2129999995231628
1777708800000,2026-05-02 08:00:00,,,,,,,,,,,,,19.01749992370605,50.0,1024.0,8.357054710388184,0.0,8.43506908416748,129.80552673339844,0.270000010728836,11.967500686645508,0.2129999995231628
1777712400000,2026-05-02 09:00:00,,,,,,,,,,,,,21.61750030517578,39.0,1023.4000244140624,7.067138195037842,0.0,10.948972702026367,152.59251403808594,0.3600000143051147,13.61750030517578,0.2119999974966049
1777716000000,2026-05-02 10:00:00,,,,,,,,,,,,,22.717500686645508,33.0,1022.7999877929688,5.6144232749938965,0.0,13.77911376953125,160.1446990966797,0.4300000071525574,15.067500114440918,0.210999995470047
1777719600000,2026-05-02 11:00:00,,,,,,,,,,,,,23.61750030517578,29.0,1022.2999877929688,4.539283752441406,0.0,12.979984283447266,160.55987548828125,0.4300000071525574,16.267499923706055,0.209999993443489
1777720821662,2026-05-02 11:20:21,,,,10.55,10.73,9.61,,,,100.0,-113.0,-11.2,,,,,,,,,,
1777723200000,2026-05-02 12:00:00,,,,,,,,,,,,,24.36750030517578,27.0,1021.4000244140624,4.162031173706055,0.0,11.92355728149414,151.11351013183594,0.4200000464916229,17.36750030517578,0.2090000063180923
1777726800000,2026-05-02 13:00:00,,,,,,,,,,,,,24.817501068115234,25.0,1020.4000244140624,3.4500925540924072,0.0,12.18162441253662,145.8402557373047,0.4000000357627868,18.217500686645508,0.2080000042915344
1777730400000,2026-05-02 14:00:00,,,,,,,,,,,,,25.01749992370605,22.0,1019.4000244140624,1.817060947418213,0.0,12.43433952331543,157.8905029296875,0.3700000345706939,18.76749992370605,0.2070000022649765
1777734000000,2026-05-02 15:00:00,,,,,,,,,,,,,24.76749992370605,21.0,1018.9000244140624,0.9601625800132751,0.0,12.144330978393556,168.02389526367188,0.3300000131130218,18.967500686645508,0.2060000002384185
1777737600000,2026-05-02 16:00:00,,,,,,,,,,,,,24.167499542236328,23.0,1018.5999755859376,1.7277734279632568,0.0,11.792404174804688,167.66091918945312,0.2599999904632568,18.86750030517578,0.2049999982118606
1777741200000,2026-05-02 17:00:00,,,,,,,,,,,,,22.76749992370605,25.0,1018.2000122070312,1.7130502462387085,0.0,9.983105659484863,154.35903930664062,0.1599999964237213,18.51749992370605,0.2049999982118606
1777744800000,2026-05-02 18:00:00,,,,,,,,,,,,,19.717500686645508,31.0,1017.9000244140624,2.105943441390991,0.0,8.654986381530762,106.92759704589844,0.0900000035762786,17.717500686645508,0.2039999961853027
1777748400000,2026-05-02 19:00:00,,,,,,,,,,,,,17.917499542236328,30.0,1017.9000244140624,0.085116446018219,0.0,9.064568519592283,96.84268188476562,0.0700000077486038,16.667499542236328,0.2039999961853027
1777752000000,2026-05-02 20:00:00,,,,,,,,,,,,,16.86750030517578,32.0,1018.0,0.0606135129928588,0.0,9.178235054016112,101.30989837646484,0.0599999986588954,15.717500686645508,0.2029999941587448
1777755600000,2026-05-02 21:00:00,,,,,,,,,,,,,16.3174991607666,38.0,1018.0999755859376,1.9641247987747192,0.0,8.404284477233887,99.8657455444336,0.0500000044703483,15.017499923706056,0.2029999941587448
1777759200000,2026-05-02 22:00:00,,,,,,,,,,,,,15.86750030517578,41.0,1017.9000244140624,2.628466844558716,0.0,8.759178161621094,99.46224975585938,0.0500000044703483,14.467500686645508,0.2029999941587448
1777762800000,2026-05-02 23:00:00,,,,,,,,,,,,,15.61750030517578,42.0,1017.5,2.742734432220459,0.0,9.178235054016112,101.30989837646484,0.0500000044703483,14.067500114440918,0.2029999941587448
1777764019385,2026-05-02 23:20:19,40.15,31.16,28.88,,,,338.41,304.5,279.9,100.0,-113.0,-11.0,,,,,,,,,,
1777766400000,2026-05-03 00:00:00,,,,,,,,,,,,,15.567500114440918,47.0,1016.7999877929688,4.293524742126465,0.0,8.70723819732666,97.12492370605467,0.0399999991059303,14.017499923706056,0.2000000029802322
1777770000000,2026-05-03 01:00:00,,,,,,,,,,,,,15.167500495910645,47.0,1016.0,3.927615165710449,0.0,8.70723819732666,97.12492370605467,0.0399999991059303,13.717500686645508,0.2000000029802322
1777773600000,2026-05-03 02:00:00,,,,,,,,,,,,,14.61750030517578,51.0,1016.2000122070312,4.58814001083374,0.0,8.55710220336914,104.62091827392578,0.0399999991059303,13.467500686645508,0.2000000029802322
1777777200000,2026-05-03 03:00:00,,,,,,,,,,,,,14.36750030517578,52.0,1016.0999755859376,4.634978294372559,0.0,9.793058395385742,107.10281372070312,0.0299999993294477,13.217500686645508,0.2000000029802322
1777778406711,2026-05-03 03:20:06,,,,11.41,10.68,9.97,,,,100.0,-111.0,-5.2,,,,,,,,,,
1777778412286,2026-05-03 03:20:12,40.08,31.11,28.84,,,,338.25,304.44,279.87,100.0,-113.0,-10.2,,,,,,,,,,
1777780800000,2026-05-03 04:00:00,,,,,,,,,,,,,14.267499923706056,51.0,1016.0999755859376,4.264840126037598,0.0,10.58791732788086,107.81898498535156,0.0399999991059303,13.017499923706056,0.2000000029802322
1777784400000,2026-05-03 05:00:00,,,,,,,,,,,,,15.217500686645508,49.0,1015.7999877929688,4.568373203277588,0.0,11.631956100463867,111.80147552490234,0.0799999982118606,13.017499923706056,0.2000000029802322
1777788000000,2026-05-03 06:00:00,,,,,,,,,,,,,16.267499923706055,50.0,1015.7999877929688,5.825162410736084,0.0,12.101570129394531,112.75101470947266,0.1500000059604644,13.36750030517578,0.2000000029802322
1777791600000,2026-05-03 07:00:00,,,,,,,,,,,,,18.217500686645508,48.0,1015.5,7.023383140563965,0.0,12.24529266357422,114.3045425415039,0.2300000041723251,14.067500114440918,0.1990000009536743
1777795200000,2026-05-03 08:00:00,,,,,,,,,,,,,20.667499542236328,42.0,1015.2999877929688,7.298088073730469,0.0,13.3637113571167,117.2552490234375,0.3199999928474426,15.11750030517578,0.1979999989271164
1777798800000,2026-05-03 09:00:00,,,,,,,,,,,,,23.36750030517578,32.0,1014.7999877929688,5.737968921661377,0.0,14.264361381530762,132.95458984375,0.3799999952316284,16.36750030517578,0.1969999969005584
1777802400000,2026-05-03 10:00:00,,,,,,,,,,,,,25.067501068115234,28.0,1014.5,5.282553195953369,0.0,14.565547943115234,129.98683166503906,0.4200000464916229,17.767499923706055,0.1969999969005584
1777806000000,2026-05-03 11:00:00,,,,,,,,,,,,,26.317501068115234,26.0,1013.7999877929688,5.283078193664551,0.0,17.555307388305664,151.85848999023438,0.4200000464916229,18.967500686645508,0.1959999948740005
1777807199207,2026-05-03 11:19:59,,,,11.46,11.07,10.12,,,,100.0,-112.0,-10.0,,,,,,,,,,
1777807206216,2026-05-03 11:20:06,39.85,30.81,28.58,,,,337.73,304.14,279.67,100.0,-122.0,-14.5,,,,,,,,,,
1777809600000,2026-05-03 12:00:00,,,,,,,,,,,,,26.967500686645508,24.0,1013.0999755859376,4.683385848999023,0.0,17.654685974121094,163.41258239746094,0.4099999964237213,19.86750030517578,0.1949999928474426
1777813200000,2026-05-03 13:00:00,,,,,,,,,,,,,27.11750030517578,24.0,1012.5999755859376,4.80964469909668,0.0,17.11420440673828,165.37908935546875,0.3900000154972076,20.61750030517578,0.1940000057220459
1777816800000,2026-05-03 14:00:00,,,,,,,,,,,,,27.01749992370605,26.0,1012.0,5.8778977394104,0.0,14.007655143737791,154.0935516357422,0.3500000238418579,21.067501068115234,0.1930000036954879
1777820400000,2026-05-03 15:00:00,,,,,,,,,,,,,26.717500686645508,27.0,1011.5999755859376,6.168978691101074,0.0,13.397611618041992,149.30035400390625,0.2900000214576721,21.217500686645508,0.19200000166893
1777821602466,2026-05-03 15:20:02,39.79,30.68,28.46,,,,337.58,304.0,279.58,100.0,-112.0,-13.5,,,,,,,,,,
1777824000000,2026-05-03 16:00:00,,,,,,,,,,,,,26.217500686645508,27.0,1011.2000122070312,5.742190361022949,0.0,12.074766159057615,153.4350128173828,0.2199999988079071,21.11750030517578,0.1909999996423721
1777827600000,2026-05-03 17:00:00,,,,,,,,,,,,,24.86750030517578,30.0,1011.0,6.106762409210205,0.0,9.164103507995604,135.00010681152344,0.1500000059604644,20.76749992370605,0.1909999996423721
1777831200000,2026-05-03 18:00:00,,,,,,,,,,,,,22.26749992370605,34.0,1011.0999755859376,5.650714874267578,0.0,8.759178161621094,99.46224975585938,0.0799999982118606,19.917499542236328,0.1899999976158142
1777834800000,2026-05-03 19:00:00,,,,,,,,,,,,,20.76749992370605,37.0,1011.4000244140624,5.5461297035217285,0.0,7.952659606933594,95.19434356689452,0.0599999986588954,18.86750030517578,0.1899999976158142
1777838400000,2026-05-03 20:00:00,,,,,,,,,,,,,19.967500686645508,37.0,1011.5,4.835659980773926,0.0,7.594207286834717,95.44023895263672,0.0500000044703483,17.967500686645508,0.1899999976158142
1777842000000,2026-05-03 21:00:00,,,,,,,,,,,,,18.11750030517578,45.0,1012.0999755859376,5.993856906890869,0.0,6.109402656555176,44.99989700317383,0.0399999991059303,17.217500686645508,0.1889999955892563
1777845600000,2026-05-03 22:00:00,,,,,,,,,,,,,17.167499542236328,53.0,1012.7000122070312,7.505006790161133,0.0,4.349896430969238,335.5560607910156,0.0099999997764825,16.267499923706055,0.1889999955892563
1777849200000,2026-05-03 23:00:00,,,,,,,,,,,,,16.417499542236328,60.0,1013.2000122070312,8.630600929260254,0.0,3.976329803466797,5.194349765777588,0.0099999997764825,15.467500686645508,0.1889999955892563
1777852800000,2026-05-04 00:00:00,,,,,,,,,,,,,16.36750030517578,55.0,1012.5,7.30400800704956,0.0,1.8356469869613647,78.69010162353516,0.0,15.667500495910645,0.1899999976158142
1777856400000,2026-05-04 01:00:00,,,,,,,,,,,,,16.217500686645508,57.0,1012.5999755859376,7.687392711639404,0.0,2.741678237915039,23.198617935180664,0.0,14.667500495910645,0.1899999976158142
1777860000000,2026-05-04 02:00:00,,,,,,,,,,,,,15.967500686645508,59.0,1013.0,7.959749221801758,0.0,1.8356469869613647,78.69010162353516,0.0,14.11750030517578,0.1899999976158142
1777863600000,2026-05-04 03:00:00,,,,,,,,,,,,,14.36750030517578,68.0,1013.7000122070312,8.5371732711792,0.1000000014901161,2.189794540405273,170.53775024414062,0.0,13.86750030517578,0.1899999976158142
1777864784155,2026-05-04 03:19:44,,,,12.35,11.61,10.32,,,,100.0,-112.0,-8.0,,,,,,,,,,
1777867200000,2026-05-04 04:00:00,,,,,,,,,,,,,14.61750030517578,67.0,1013.4000244140624,8.556849479675293,0.1000000014901161,8.640000343322754,360.0,0.0199999995529651,13.817500114440918,0.1899999976158142
1777870800000,2026-05-04 05:00:00,,,,,,,,,,,,,14.36750030517578,74.0,1014.0,9.792766571044922,0.2000000029802322,3.3190360069274902,220.6012115478516,0.0500000044703483,13.86750030517578,0.1899999976158142
1777874400000,2026-05-04 06:00:00,,,,,,,,,,,,,15.61750030517578,77.0,1013.9000244140624,11.598760604858398,0.0,1.1384198665618896,341.56494140625,0.0500000044703483,14.167500495910645,0.1909999996423721
1777878000000,2026-05-04 07:00:00,,,,,,,,,,,,,16.11750030517578,67.0,1014.4000244140624,9.986918449401855,0.0,3.3190360069274902,139.39878845214844,0.0900000035762786,14.667500495910645,0.1909999996423721
1777879180405,2026-05-04 07:19:40,,,,12.38,11.72,10.53,,,,100.0,-113.0,-8.0,,,,,,,,,,
1777879185892,2026-05-04 07:19:45,39.61,30.36,28.2,,,,337.18,303.67,279.38,100.0,-112.0,-7.0,,,,,,,,,,
1777881600000,2026-05-04 08:00:00,,,,,,,,,,,,,18.01749992370605,63.0,1014.5,10.867913246154783,0.1000000014901161,2.545584201812744,171.86997985839844,0.1599999964237213,15.317500114440918,0.1909999996423721
1777885200000,2026-05-04 09:00:00,,,,,,,,,,,,,19.067501068115234,58.0,1014.5,10.612932205200195,0.0,2.0364675521850586,224.99989318847656,0.2599999904632568,16.267499923706055,0.1909999996423721
1777888800000,2026-05-04 10:00:00,,,,,,,,,,,,,20.067501068115234,52.0,1014.0999755859376,9.907682418823242,0.0,0.5091168880462646,224.99989318847656,0.270000010728836,16.917499542236328,0.1899999976158142
1777892400000,2026-05-04 11:00:00,,,,,,,,,,,,,21.467500686645508,50.0,1013.7999877929688,10.610919952392578,0.0,6.439876079559326,296.5649719238281,0.3799999952316284,18.067501068115234,0.1899999976158142
1777896000000,2026-05-04 12:00:00,,,,,,,,,,,,,22.76749992370605,47.0,1013.0,10.87145709991455,0.0,9.0,323.1300048828125,0.3500000238418579,19.217500686645508,0.1889999955892563
1777899600000,2026-05-04 13:00:00,,,,,,,,,,,,,23.51749992370605,44.0,1012.2000122070312,10.561563491821287,0.0,7.145795822143555,319.085693359375,0.3199999928474426,20.217500686645508,0.1889999955892563
1777903200000,2026-05-04 14:00:00,,,,,,,,,,,,,23.61750030517578,44.0,1011.4000244140624,10.65207862854004,0.0,6.489992141723633,326.3099060058594,0.2399999946355819,20.417499542236328,0.1879999935626983
1777906800000,2026-05-04 15:00:00,,,,,,,,,,,,,23.01749992370605,46.0,1011.2999877929688,10.775715827941896,0.0,13.783817291259766,310.7635192871094,0.2300000041723251,20.51749992370605,0.1879999935626983
1777910400000,2026-05-04 16:00:00,,,,,,,,,,,,,22.417499542236328,46.0,1011.4000244140624,10.22960376739502,0.0,9.178235054016112,318.1799011230469,0.1599999964237213,20.067501068115234,0.1879999935626983
1777914000000,2026-05-04 17:00:00,,,,,,,,,,,,,21.467500686645508,48.0,1011.4000244140624,9.99925708770752,0.0,7.729526996612549,332.2415466308594,0.1199999973177909,19.61750030517578,0.1870000064373016
1777917600000,2026-05-04 18:00:00,,,,,,,,,,,,,19.61750030517578,57.0,1011.4000244140624,10.86596965789795,0.0,4.802999019622803,12.994629859924316,0.0599999986588954,18.86750030517578,0.1870000064373016
1777921200000,2026-05-04 19:00:00,,,,,,,,,,,,,17.767499923706055,63.0,1011.7000122070312,10.631414413452148,0.0,5.600285530090332,44.99989700317383,0.0199999995529651,17.817501068115234,0.1870000064373016
1777924800000,2026-05-04 20:00:00,,,,,,,,,,,,,17.11750030517578,64.0,1011.5999755859376,10.252104759216309,0.0,5.86037540435791,42.51040267944336,0.0199999995529651,16.86750030517578,0.1870000064373016
1777928400000,2026-05-04 21:00:00,,,,,,,,,,,,,16.767499923706055,66.0,1011.5,10.380833625793455,0.0,5.116561412811279,39.28939437866211,0.0199999995529651,16.267499923706055,0.1879999935626983
1777932000000,2026-05-04 22:00:00,,,,,,,,,,,,,16.86750030517578,66.0,1011.5,10.475976943969728,0.0,3.3190360069274902,49.39878463745117,0.0199999995529651,15.767499923706056,0.1879999935626983
1777935600000,2026-05-04 23:00:00,,,,,,,,,,,,,16.917499542236328,64.0,1011.2999877929688,10.062518119812012,0.0,2.595996856689453,56.30991363525391,0.0,15.267499923706056,0.1879999935626983
1777939200000,2026-05-05 00:00:00,,,,,,,,,,,,,15.317500114440918,77.0,1010.7999877929688,11.30800724029541,0.0,5.991593837738037,32.7352294921875,0.0099999997764825,15.567500114440918,0.1870000064373016
1777942800000,2026-05-05 01:00:00,,,,,,,,,,,,,14.267499923706056,80.0,1010.9000244140624,10.864205360412598,0.0,5.634891033172607,26.564985275268555,0.0099999997764825,15.167500495910645,0.1870000064373016
1777946400000,2026-05-05 02:00:00,,,,,,,,,,,,,14.36750030517578,79.0,1010.4000244140624,10.772262573242188,0.0,5.86037540435791,47.48959732055664,0.0099999997764825,14.767499923706056,0.1870000064373016
1777950000000,2026-05-05 03:00:00,,,,,,,,,,,,,13.667500495910645,82.0,1010.2999877929688,10.65040683746338,0.0,4.379589080810547,9.462247848510742,0.0099999997764825,14.417500495910645,0.1870000064373016
1777951168704,2026-05-05 03:19:28,45.8,40.86,39.34,,,,354.01,318.95,289.37,100.0,-112.0,-11.8,,,,,,,,,,
1777953600000,2026-05-05 04:00:00,,,,,,,,,,,,,13.267499923706056,84.0,1009.9000244140624,10.621201515197754,0.0,4.0249223709106445,26.564985275268555,0.0099999997764825,14.067500114440918,0.1879999935626983
1777957200000,2026-05-05 05:00:00,,,,,,,,,,,,,13.967500686645508,84.0,1009.7999877929688,11.306800842285156,0.0,3.075841426849365,339.4438781738281,0.0099999997764825,14.017499923706056,0.1879999935626983
1777960800000,2026-05-05 06:00:00,,,,,,,,,,,,,14.86750030517578,83.0,1010.2000122070312,12.006237983703612,0.0,5.001279830932617,300.25634765625,0.0299999993294477,14.317500114440918,0.1879999935626983
1777964400000,2026-05-05 07:00:00,,,,,,,,,,,,,15.317500114440918,84.0,1009.7999877929688,12.628924369812012,0.1000000014901161,8.91318130493164,313.36346435546875,0.0599999986588954,14.767499923706056,0.1879999935626983
1777968000000,2026-05-05 08:00:00,,,,,,,,,,,,,16.3174991607666,82.0,1009.7999877929688,13.238166809082031,0.1000000014901161,3.075841426849365,290.5561218261719,0.1199999973177909,15.417500495910645,0.1879999935626983
1777971600000,2026-05-05 09:00:00,,,,,,,,,,,,,18.217500686645508,74.0,1009.2999877929688,13.506148338317873,0.0,3.89399528503418,326.3099060058594,0.2000000178813934,16.3174991607666,0.1879999935626983
1777975200000,2026-05-05 10:00:00,,,,,,,,,,,,,19.417499542236328,70.0,1009.0,13.804500579833984,0.0,6.915374279022217,308.6598205566406,0.25,17.267499923706055,0.1879999935626983
1777978800000,2026-05-05 11:00:00,,,,,,,,,,,,,20.917499542236328,63.0,1008.4000244140624,13.610411643981934,0.0,7.421589851379394,345.9637145996094,0.2900000214576721,18.217500686645508,0.1879999935626983
1777979963189,2026-05-05 11:19:23,45.37,40.39,38.8,,,,352.63,317.66,288.36,100.0,-113.0,-10.2,,,,,,,,,,
1777982400000,2026-05-05 12:00:00,,,,,,,,,,,,,22.11750030517578,57.0,1007.7000122070312,13.201407432556152,0.0,7.208993911743164,2.862345695495605,0.3000000119209289,19.167499542236328,0.1879999935626983
1777986000000,2026-05-05 13:00:00,,,,,,,,,,,,,22.167499542236328,54.0,1007.2000122070312,12.421719551086426,0.0,6.849466800689697,356.9872741699219,0.2399999946355819,19.717500686645508,0.1870000064373016
1777989600000,2026-05-05 14:00:00,,,,,,,,,,,,,22.817501068115234,51.0,1006.4000244140624,12.15282154083252,0.0,8.08999252319336,20.854537963867188,0.2199999988079071,20.067501068115234,0.1870000064373016
1777993200000,2026-05-05 15:00:00,,,,,,,,,,,,,21.51749992370605,55.0,1006.0,12.09709358215332,0.0,9.885261535644531,33.11135482788086,0.1800000071525573,20.217500686645508,0.1870000064373016
1777994350464,2026-05-05 15:19:10,,,,13.05,12.51,11.12,,,,100.0,-112.0,-10.8,,,,,,,,,,
1777996800000,2026-05-05 16:00:00,,,,,,,,,,,,,21.26749992370605,55.0,1005.9000244140624,11.864574432373049,0.0,10.948972702026367,27.407489776611328,0.1199999973177909,19.567501068115234,0.1870000064373016
1778000400000,2026-05-05 17:00:00,,,,,,,,,,,,,20.217500686645508,60.0,1005.7000122070312,12.204360008239746,0.0,10.685391426086426,32.619239807128906,0.0799999982118606,19.11750030517578,0.1870000064373016
1778004000000,2026-05-05 18:00:00,,,,,,,,,,,,,18.667499542236328,70.0,1005.5999755859376,13.08619499206543,0.1000000014901161,6.287129878997803,13.240530967712402,0.0399999991059303,18.417499542236328,0.1870000064373016
1778007600000,2026-05-05 19:00:00,,,,,,,,,,,,,17.317501068115234,76.0,1006.0,13.04589557647705,0.2000000029802322,6.849466800689697,86.9872817993164,0.0299999993294477,17.667499542236328,0.1870000064373016
1778011200000,2026-05-05 20:00:00,,,,,,,,,,,,,16.017499923706055,86.0,1006.0,13.675917625427246,3.5999999046325684,3.89399528503418,123.69010162353516,0.0500000044703483,16.967500686645508,0.1879999935626983
1778014800000,2026-05-05 21:00:00,,,,,,,,,,,,,15.167500495910645,89.0,1005.7000122070312,13.36638069152832,4.5,11.384198188781738,55.30478286743164,0.0399999991059303,16.36750030517578,0.2150000035762787
1778018400000,2026-05-05 22:00:00,,,,,,,,,,,,,14.817500114440918,91.0,1005.5999755859376,13.361860275268556,2.799999952316284,7.920000076293945,360.0,0.0299999993294477,15.917500495910645,0.2479999959468841
1778022000000,2026-05-05 23:00:00,,,,,,,,,,,,,14.667500495910645,92.0,1005.5,13.381195068359377,1.100000023841858,5.447788238525391,7.594560146331787,0.0299999993294477,15.567500114440918,0.2669999897480011
1778023143028,2026-05-05 23:19:03,,,,13.29,12.51,11.2,,,,100.0,-117.0,-14.5,,,,,,,,,,
1778023149773,2026-05-05 23:19:09,44.9,39.68,37.91,,,,351.17,315.74,286.83,100.0,-116.0,-14.2,,,,,,,,,,
1778025600000,2026-05-06 00:00:00,,,,,,,,,,,,,12.36750030517578,97.0,1005.5,11.904489517211914,1.2000000476837158,6.130578994750977,183.36639404296875,0.0199999995529651,14.86750030517578,0.3310000002384186
1778029200000,2026-05-06 01:00:00,,,,,,,,,,,,,12.667500495910645,96.0,1005.4000244140624,12.045891761779783,0.0,1.0800000429153442,270.0,0.0,14.467500686645508,0.3269999921321869
1778032800000,2026-05-06 02:00:00,,,,,,,,,,,,,12.667500495910645,94.0,1005.0999755859376,11.726484298706056,0.0,0.5091168880462646,44.99989700317383,0.0,14.067500114440918,0.3190000057220459
1778036400000,2026-05-06 03:00:00,,,,,,,,,,,,,12.567500114440918,93.0,1005.4000244140624,11.4653902053833,0.0,2.3051247596740723,141.3401641845703,0.0,13.767499923706056,0.3129999935626983
1778040000000,2026-05-06 04:00:00,,,,,,,,,,,,,12.667500495910645,95.0,1005.4000244140624,11.88692855834961,0.0,2.968636035919189,104.03627014160156,0.0099999997764825,13.667500495910645,0.3079999983310699
1778043600000,2026-05-06 05:00:00,,,,,,,,,,,,,13.11750030517578,89.0,1005.2000122070312,11.344766616821287,0.0,2.811689853668213,140.19447326660156,0.0199999995529651,13.61750030517578,0.3030000030994415
1778047200000,2026-05-06 06:00:00,,,,,,,,,,,,,14.467500686645508,83.0,1005.2999877929688,11.615056991577148,0.0,3.5999999046325684,180.0,0.0700000077486038,13.967500686645508,0.2989999949932098
1778050800000,2026-05-06 07:00:00,,,,,,,,,,,,,15.967500686645508,73.0,1005.0999755859376,11.13086986541748,0.0,15.379205703735352,253.68606567382807,0.1599999964237213,14.517499923706056,0.2960000038146972
1778051935471,2026-05-06 07:18:55,,,,13.35,12.3,11.41,,,,100.0,-112.0,-12.2,,,,,,,,,,
1778054400000,2026-05-06 08:00:00,,,,,,,,,,,,,17.017499923706055,67.0,1005.0999755859376,10.844769477844238,0.0,15.905319213867188,264.8056640625,0.2399999946355819,14.917500495910645,0.2930000126361847
1778058000000,2026-05-06 09:00:00,,,,,,,,,,,,,17.017499923706055,67.0,1005.5999755859376,10.844769477844238,0.0,13.698933601379396,266.9872741699219,0.2399999946355819,15.317500114440918,0.2899999916553497
1778061600000,2026-05-06 10:00:00,,,,,,,,,,,,,19.11750030517578,55.0,1005.7999877929688,9.864250183105469,0.0,15.15852165222168,274.0855407714844,0.2399999946355819,15.767499923706056,0.2870000004768371
1778065200000,2026-05-06 11:00:00,,,,,,,,,,,,,20.11750030517578,52.0,1005.5999755859376,9.953892707824709,0.0,14.917211532592772,278.3255615234375,0.2900000214576721,16.817501068115234,0.2840000092983246
1778066331754,2026-05-06 11:18:51,,,,13.29,12.89,11.88,,,,100.0,-113.0,-13.2,,,,,,,,,,
1778068800000,2026-05-06 12:00:00,,,,,,,,,,,,,20.11750030517578,53.0,1005.5999755859376,10.238834381103516,0.0,13.202726364135742,295.8663024902344,0.2599999904632568,17.717500686645508,0.2809999883174896
1778072400000,2026-05-06 13:00:00,,,,,,,,,,,,,20.217500686645508,57.0,1005.4000244140624,11.426608085632324,0.0,11.246759414672852,320.1944885253906,0.2199999988079071,18.167499542236328,0.277999997138977
1778076000000,2026-05-06 14:00:00,,,,,,,,,,,,,20.26749992370605,54.0,1005.0,10.658331871032717,0.0,9.585739135742188,325.71307373046875,0.2100000232458114,18.567501068115234,0.2759999930858612
1778079600000,2026-05-06 15:00:00,,,,,,,,,,,,,18.567501068115234,66.0,1004.7999877929688,12.093134880065918,0.3000000119209289,11.440978050231934,347.275634765625,0.1700000017881393,18.567501068115234,0.2739999890327453
1778080735124,2026-05-06 15:18:55,45.25,39.34,36.35,,,,352.26,314.87,285.64,100.0,-112.0,-9.5,,,,,,,,,,
1778083200000,2026-05-06 16:00:00,,,,,,,,,,,,,16.0674991607666,81.0,1005.5,12.80642795562744,10.600000381469728,4.349896430969238,65.55606079101562,0.0799999982118606,17.467500686645508,0.3529999852180481
1778086800000,2026-05-06 17:00:00,,,,,,,,,,,,,15.967500686645508,82.0,1005.5,12.89642333984375,0.800000011920929,2.9024126529693604,29.74479484558105,0.0500000044703483,16.767499923706055,0.3569999933242798
1778090400000,2026-05-06 18:00:00,,,,,,,,,,,,,15.61750030517578,83.0,1005.5999755859376,12.739664077758787,0.4000000059604645,5.86037540435791,42.51040267944336,0.0299999993294477,16.267499923706055,0.3459999859333038
1778094000000,2026-05-06 19:00:00,,,,,,,,,,,,,14.567500114440918,86.0,1006.2000122070312,12.251940727233888,0.0,7.903619289398193,30.068504333496094,0.0299999993294477,15.767499923706056,0.3379999995231628
1778095124190,2026-05-06 19:18:44,,,,13.48,12.49,11.56,,,,100.0,-121.0,-14.8,,,,,,,,,,
1778097600000,2026-05-06 20:00:00,,,,,,,,,,,,,13.61750030517578,89.0,1006.5,11.83786392211914,0.0,11.165804862976074,69.22766876220703,0.0399999991059303,15.267499923706056,0.3319999873638153
1778101200000,2026-05-06 21:00:00,,,,,,,,,,,,,13.36750030517578,90.0,1007.0,11.760549545288086,0.0,7.771330833435059,76.60749053955078,0.0299999993294477,14.817500114440918,0.324999988079071
1778104800000,2026-05-06 22:00:00,,,,,,,,,,,,,13.067500114440918,91.0,1007.5999755859376,11.631492614746094,0.1000000014901161,3.5999999046325684,53.13002014160156,0.0199999995529651,14.467500686645508,0.3199999928474426
1778108400000,2026-05-06 23:00:00,,,,,,,,,,,,,12.61750030517578,93.0,1007.5999755859376,11.514959335327148,0.8999999761581421,8.049844741821289,63.43501281738281,0.0199999995529651,14.217500686645508,0.31700000166893
1778109520559,2026-05-06 23:18:40,,,,13.54,12.22,11.82,,,,100.0,-112.0,-7.8,,,,,,,,,,
1778112000000,2026-05-07 00:00:00,,,,,,,,,,,,,11.817500114440918,90.0,1007.5,10.229859352111816,8.399999618530273,13.183079719543455,34.99209976196289,0.0399999991059303,14.61750030517578,0.2790000140666961
1778115600000,2026-05-07 01:00:00,,,,,,,,,,,,,11.667500495910645,90.0,1007.5999755859376,10.0817232131958,0.0,7.244860172271728,63.43501281738281,0.0299999993294477,14.11750030517578,0.2980000078678131
1778119200000,2026-05-07 02:00:00,,,,,,,,,,,,,11.61750030517578,91.0,1008.5999755859376,10.197661399841309,0.0,3.415259599685669,18.4350528717041,0.0099999997764825,13.767499923706056,0.3019999861717224
1778122800000,2026-05-07 03:00:00,,,,,,,,,,,,,11.217500686645508,93.0,1008.5999755859376,10.126977920532228,0.3000000119209289,6.1516828536987305,339.4438781738281,0.0199999995529651,13.517499923706056,0.3009999990463257
1778126400000,2026-05-07 04:00:00,,,,,,,,,,,,,10.86750030517578,95.0,1008.9000244140624,10.097862243652344,0.6000000238418579,3.6712939739227295,348.6900939941406,0.0199999995529651,13.267499923706056,0.3009999990463257
1778130000000,2026-05-07 05:00:00,,,,,,,,,,,,,11.11750030517578,93.0,1009.2000122070312,10.027831077575684,1.100000023841858,4.829906940460205,26.564985275268555,0.0199999995529651,13.067500114440918,0.3059999942779541
1778133600000,2026-05-07 06:00:00,,,,,,,,,,,,,11.36750030517578,93.0,1010.0999755859376,10.275691986083984,0.800000011920929,3.976329803466797,5.194349765777588,0.0299999993294477,13.017499923706056,0.3149999976158142
1778137200000,2026-05-07 07:00:00,,,,,,,,,,,,,10.967500686645508,91.0,1010.5,9.55488109588623,1.5,8.66994857788086,41.63344955444336,0.0500000044703483,12.967500686645508,0.3300000131130218
1778140800000,2026-05-07 08:00:00,,,,,,,,,,,,,10.567500114440918,91.0,1011.2999877929688,9.159314155578612,0.2000000029802322,9.44957160949707,49.63554763793945,0.0900000035762786,12.817500114440918,0.3370000123977661
1778144400000,2026-05-07 09:00:00,,,,,,,,,,,,,10.467500686645508,90.0,1011.9000244140624,8.896584510803223,0.2000000029802322,8.714676856994629,51.70979309082031,0.0799999982118606,12.667500495910645,0.3319999873638153
1778148000000,2026-05-07 10:00:00,,,,,,,,,,,,,10.36750030517578,90.0,1012.5999755859376,8.797818183898926,0.1000000014901161,9.44957160949707,49.63554763793945,0.0900000035762786,12.567500114440918,0.3260000050067901
1778151600000,2026-05-07 11:00:00,,,,,,,,,,,,,10.517499923706056,89.0,1012.9000244140624,8.780450820922852,0.1000000014901161,9.686609268188477,48.01287078857422,0.0900000035762786,12.517499923706056,0.3210000097751617
1778155200000,2026-05-07 12:00:00,,,,,,,,,,,,,10.517499923706056,91.0,1013.2999877929688,9.109869003295898,1.399999976158142,6.989935874938965,34.50859069824219,0.0599999986588954,12.36750030517578,0.3179999887943268
1778158800000,2026-05-07 13:00:00,,,,,,,,,,,,,10.61750030517578,90.0,1013.4000244140624,9.044729232788086,0.6000000238418579,9.220499038696287,51.34017181396485,0.0799999982118606,12.267499923706056,0.3260000050067901
1778162400000,2026-05-07 14:00:00,,,,,,,,,,,,,10.667500495910645,90.0,1013.7000122070312,9.094111442565918,0.4000000059604645,7.421589851379394,50.90615463256836,0.0700000077486038,12.217500686645508,0.3289999961853027
1778166000000,2026-05-07 15:00:00,,,,,,,,,,,,,10.417500495910645,90.0,1014.2999877929688,8.847201347351074,0.699999988079071,6.519876956939697,353.659912109375,0.0599999986588954,12.11750030517578,0.3289999961853027
1778167105475,2026-05-07 15:18:25,,,,13.35,13.13,11.98,,,,100.0,-112.0,-14.2,,,,,,,,,,
1778169600000,2026-05-07 16:00:00,,,,,,,,,,,,,10.11750030517578,94.0,1014.7999877929688,9.195123672485352,0.800000011920929,6.409617424011231,321.8427124023437,0.0399999991059303,11.967500686645508,0.3319999873638153
1778173200000,2026-05-07 17:00:00,,,,,,,,,,,,,9.767499923706056,93.0,1015.4000244140624,8.689352989196777,0.2000000029802322,8.049844741821289,349.6952209472656,0.0299999993294477,11.767499923706056,0.3319999873638153
1778176800000,2026-05-07 18:00:00,,,,,,,,,,,,,9.467500686645508,93.0,1015.9000244140624,8.391904830932617,0.1000000014901161,9.114471435546877,350.9097900390625,0.0299999993294477,11.567500114440918,0.3289999961853027
1778180400000,2026-05-07 19:00:00,,,,,,,,,,,,,9.267499923706056,92.0,1016.5999755859376,8.034407615661621,0.1000000014901161,8.66994857788086,4.763556003570557,0.0299999993294477,11.36750030517578,0.3260000050067901
1778181501777,2026-05-07 19:18:21,,,,13.29,12.35,12.09,,,,100.0,-113.0,-7.0,,,,,,,,,,
1778184000000,2026-05-07 20:00:00,,,,,,,,,,,,,8.967500686645508,93.0,1017.0999755859376,7.896151542663574,0.0,8.473393440246582,12.264769554138184,0.0299999993294477,11.167500495910645,0.3219999969005584
1778187600000,2026-05-07 21:00:00,,,,,,,,,,,,,8.967500686645508,92.0,1017.4000244140624,7.737331390380859,0.0,6.379216194152832,16.389616012573242,0.0199999995529651,10.967500686645508,0.3179999887943268
1778191200000,2026-05-07 22:00:00,,,,,,,,,,,,,8.867500305175781,92.0,1017.7999877929688,7.638303756713867,0.0,3.976329803466797,5.194349765777588,0.0199999995529651,10.817500114440918,0.3140000104904175
1778194800000,2026-05-07 23:00:00,,,,,,,,,,,,,8.767499923706055,91.0,1018.2000122070312,7.379178047180176,0.0,3.5999999046325684,360.0,0.0199999995529651,10.717500686645508,0.3109999895095825
1778198400000,2026-05-08 00:00:00,,,,,,,,,,,,,8.567500114440918,94.0,1017.5999755859376,7.656363010406494,0.0,4.735060214996338,8.746088981628418,0.0199999995529651,10.767499923706056,0.3019999861717224
1778202000000,2026-05-08 01:00:00,,,,,,,,,,,,,8.617500305175781,94.0,1018.0,7.706002235412598,0.0,2.27683973312378,341.56494140625,0.0199999995529651,10.61750030517578,0.3009999990463257
1778205600000,2026-05-08 02:00:00,,,,,,,,,,,,,8.617500305175781,95.0,1018.4000244140624,7.86142110824585,0.0,4.394360065460205,325.0079040527344,0.0099999997764825,10.517499923706056,0.3000000119209289
1778209200000,2026-05-08 03:00:00,,,,,,,,,,,,,8.467499732971191,95.0,1018.5,7.712321758270264,0.0,4.802999019622803,347.00537109375,0.0199999995529651,10.36750030517578,0.2989999949932098
1778210294349,2026-05-08 03:18:14,,,,13.02,12.41,12.01,,,,100.0,-121.0,-13.2,,,,,,,,,,
1778210299916,2026-05-08 03:18:19,46.16,39.55,35.01,,,,355.17,315.41,284.61,100.0,-112.0,-6.0,,,,,,,,,,
1778212800000,2026-05-08 04:00:00,,,,,,,,,,,,,8.417500495910645,94.0,1018.7000122070312,7.507449150085449,0.0,5.804825305938721,7.124929904937744,0.0199999995529651,10.267499923706056,0.2980000078678131
1778216400000,2026-05-08 05:00:00,,,,,,,,,,,,,8.517499923706055,94.0,1019.0999755859376,7.606725692749023,0.0,4.452953815460205,14.036274909973145,0.0199999995529651,10.167500495910645,0.296999990940094
1778220000000,2026-05-08 06:00:00,,,,,,,,,,,,,8.667500495910645,93.0,1019.5,7.598694801330566,0.0,4.0249223709106445,10.304792404174805,0.0299999993294477,10.167500495910645,0.296999990940094
1778223600000,2026-05-08 07:00:00,,,,,,,,,,,,,8.967500686645508,91.0,1019.7000122070312,7.576979160308838,0.0,3.7064266204833984,29.05450820922852,0.0399999991059303,10.217500686645508,0.2960000038146972
1778224690579,2026-05-08 07:18:10,,,,12.91,12.14,11.9,,,,100.0,-111.0,-5.0,,,,,,,,,,
1778224696111,2026-05-08 07:18:16,46.05,39.55,35.01,,,,354.82,315.41,284.61,100.0,-121.0,-10.8,,,,,,,,,,
1778227200000,2026-05-08 08:00:00,,,,,,,,,,,,,9.517499923706056,89.0,1020.0,7.794076919555664,0.0,3.3190360069274902,40.60121536254883,0.0700000077486038,10.467500686645508,0.2949999868869781
1778230800000,2026-05-08 09:00:00,,,,,,,,,,,,,9.86750030517578,88.0,1020.2999877929688,7.972996711730957,0.0,2.099142551422119,30.963695526123047,0.0700000077486038,10.717500686645508,0.2949999868869781
1778234400000,2026-05-08 10:00:00,,,,,,,,,,,,,10.067500114440918,87.0,1020.2999877929688,8.001753807067871,0.0,3.563817977905273,44.99989700317383,0.0799999982118606,10.917500495910645,0.2939999997615814
1778238000000,2026-05-08 11:00:00,,,,,,,,,,,,,10.317500114440918,86.0,1020.4000244140624,8.077381134033203,0.0,3.545588731765747,23.962491989135746,0.0799999982118606,11.017499923706056,0.2930000126361847
1778239086841,2026-05-08 11:18:06,,,,12.78,12.97,11.77,,,,100.0,-121.0,-10.5,,,,,,,,,,
1778239093839,2026-05-08 11:18:13,45.94,39.53,34.93,,,,354.45,315.35,284.55,100.0,-121.0,-10.8,,,,,,,,,,
1778241600000,2026-05-08 12:00:00,,,,,,,,,,,,,10.817500114440918,86.0,1020.4000244140624,8.568570137023926,0.0,3.877318382263184,338.1985168457031,0.0900000035762786,11.217500686645508,0.2930000126361847
1778245200000,2026-05-08 13:00:00,,,,,,,,,,,,,10.967500686645508,86.0,1020.2000122070312,8.715924263000488,0.0,5.351784706115723,19.653913497924805,0.1000000089406967,11.517499923706056,0.2919999957084656
1778248800000,2026-05-08 14:00:00,,,,,,,,,,,,,11.217500686645508,83.0,1020.0,8.436216354370117,0.0,2.9024126529693604,352.87506103515625,0.0799999982118606,11.467500686645508,0.2910000085830688
1778252400000,2026-05-08 15:00:00,,,,,,,,,,,,,11.267499923706056,86.0,1020.0,9.010626792907717,0.0,4.379589080810547,350.5377502441406,0.0799999982118606,11.567500114440918,0.2910000085830688
1778253483150,2026-05-08 15:18:03,,,,12.67,12.81,11.9,,,,100.0,-120.0,-9.5,,,,,,,,,,
1778253490047,2026-05-08 15:18:10,45.83,39.47,34.85,,,,354.1,315.2,284.49,100.0,-121.0,-10.5,,,,,,,,,,
1778256000000,2026-05-08 16:00:00,,,,,,,,,,,,,11.317500114440918,84.0,1020.0,8.711108207702637,0.0,4.0249223709106445,10.304792404174805,0.0500000044703483,11.567500114440918,0.2899999916553497
1778259600000,2026-05-08 17:00:00,,,,,,,,,,,,,11.017499923706056,88.0,1020.0999755859376,9.105793952941896,0.0,5.039999961853027,360.0,0.0399999991059303,11.467500686645508,0.2899999916553497
1778263200000,2026-05-08 18:00:00,,,,,,,,,,,,,10.86750030517578,89.0,1020.2000122070312,9.125665664672852,0.0,4.379589080810547,9.462247848510742,0.0299999993294477,11.317500114440918,0.289000004529953
1778266800000,2026-05-08 19:00:00,,,,,,,,,,,,,10.217500686645508,91.0,1020.9000244140624,8.813189506530762,0.0,2.5199999809265137,360.0,0.0099999997764825,11.067500114440918,0.289000004529953
1778267879412,2026-05-08 19:17:59,,,,12.57,12.83,11.93,,,,100.0,-121.0,-10.5,,,,,,,,,,
1778267884876,2026-05-08 19:18:04,45.73,39.42,34.77,,,,353.76,315.08,284.43,100.0,-110.0,-2.0,,,,,,,,,,
1778270400000,2026-05-08 20:00:00,,,,,,,,,,,,,9.317500114440918,93.0,1021.0999755859376,8.243179321289062,0.0,2.9024126529693604,7.124929904937744,0.0,10.61750030517578,0.289000004529953
1778274000000,2026-05-08 21:00:00,,,,,,,,,,,,,8.717500686645508,94.0,1021.2000122070312,7.805281162261963,0.0,4.394360065460205,34.99209976196289,0.0,10.217500686645508,0.289000004529953
1778277600000,2026-05-08 22:00:00,,,,,,,,,,,,,8.717500686645508,93.0,1021.2999877929688,7.648272037506103,0.0,4.33497428894043,48.36655426025391,0.0,9.917500495910645,0.2879999876022339
1778281200000,2026-05-08 23:00:00,,,,,,,,,,,,,8.417500495910645,93.0,1021.4000244140624,7.350812911987305,0.0,4.6102495193481445,51.34017181396485,0.0,9.61750030517578,0.2879999876022339
1778282275763,2026-05-08 23:17:55,,,,12.57,11.82,11.9,,,,100.0,-110.0,-3.2,,,,,,,,,,
1778282282738,2026-05-08 23:18:02,45.66,39.39,34.73,,,,353.54,314.99,284.4,100.0,-121.0,-11.0,,,,,,,,,,
1778284800000,2026-05-09 00:00:00,,,,,,,,,,,,,9.567500114440918,96.0,1020.7000122070312,8.96085262298584,0.0,4.349896430969238,65.55606079101562,0.0,10.567500114440918,0.2899999916553497
1778288400000,2026-05-09 01:00:00,,,,,,,,,,,,,9.467500686645508,95.0,1021.0,8.706314086914062,0.0,5.014219284057617,68.96241760253906,0.0,10.417500495910645,0.2899999916553497
1778292000000,2026-05-09 02:00:00,,,,,,,,,,,,,9.417500495910645,94.0,1021.0999755859376,8.50020980834961,0.0,3.415259599685669,71.5649642944336,0.0,10.317500114440918,0.2899999916553497
1778295600000,2026-05-09 03:00:00,,,,,,,,,,,,,9.267499923706056,93.0,1020.9000244140624,8.193603515625,0.0,3.396233081817627,57.994659423828125,0.0,10.167500495910645,0.289000004529953
1778296672003,2026-05-09 03:17:52,,,,12.51,12.46,11.85,,,,100.0,-112.0,-2.8,,,,,,,,,,
1778296678875,2026-05-09 03:17:58,45.59,39.36,34.69,,,,353.32,314.93,284.37,100.0,-121.0,-10.2,,,,,,,,,,
1778299200000,2026-05-09 04:00:00,,,,,,,,,,,,,9.36750030517578,94.0,1021.0,8.45057201385498,0.0,3.3190360069274902,49.39878463745117,0.0,10.11750030517578,0.289000004529953
1778302800000,2026-05-09 05:00:00,,,,,,,,,,,,,9.917500495910645,92.0,1021.0999755859376,8.678061485290527,0.0,2.545584201812744,81.86998748779297,0.0099999997764825,10.217500686645508,0.289000004529953
1778306400000,2026-05-09 06:00:00,,,,,,,,,,,,,10.61750030517578,90.0,1021.4000244140624,9.044729232788086,0.0,4.33497428894043,94.76355743408205,0.0399999991059303,10.567500114440918,0.289000004529953
1778310000000,2026-05-09 07:00:00,,,,,,,,,,,,,11.967500686645508,82.0,1021.0999755859376,8.99000358581543,0.0,5.154415607452393,102.09474182128906,0.1099999994039535,11.317500114440918,0.2879999876022339
1778311068333,2026-05-09 07:17:48,,,,12.41,12.57,11.72,,,,100.0,-120.0,-10.2,,,,,,,,,,
1778311073768,2026-05-09 07:17:53,45.5,39.33,34.63,,,,353.04,314.84,284.32,100.0,-121.0,-11.8,,,,,,,,,,
1778313600000,2026-05-09 08:00:00,,,,,,,,,,,,,13.217500686645508,73.0,1021.0,8.48209285736084,0.0,5.351784706115723,109.65391540527344,0.2000000178813934,12.267499923706056,0.2879999876022339
1778317200000,2026-05-09 09:00:00,,,,,,,,,,,,,13.767499923706056,68.0,1020.9000244140624,7.964015483856201,0.0,5.052840709686279,85.91446685791016,0.1899999976158142,12.817500114440918,0.2870000004768371
1778320800000,2026-05-09 10:00:00,,,,,,,,,,,,,14.217500686645508,64.0,1020.9000244140624,7.502335548400879,0.0,5.815978050231934,68.19853210449219,0.1899999976158142,13.167500495910645,0.2860000133514404
1778324400000,2026-05-09 11:00:00,,,,,,,,,,,,,14.317500114440918,63.0,1020.5999755859376,7.366443634033203,0.0,6.989935874938965,55.49142456054688,0.1700000017881393,13.217500686645508,0.2849999964237213
1778325464472,2026-05-09 11:17:44,,,,12.35,11.88,11.61,,,,100.0,-121.0,-12.8,,,,,,,,,,
1778325471530,2026-05-09 11:17:51,45.35,39.24,34.51,,,,352.57,314.6,284.23,100.0,-113.0,-8.0,,,,,,,,,,
1778328000000,2026-05-09 12:00:00,,,,,,,,,,,,,15.417500495910645,60.0,1020.4000244140624,7.689619064331055,0.0,5.991593837738037,57.26478576660156,0.2599999904632568,13.817500114440918,0.2840000092983246
1778331600000,2026-05-09 13:00:00,,,,,,,,,,,,,15.317500114440918,59.0,1020.0999755859376,7.349274635314941,0.0,6.214563369750977,100.00791931152344,0.2199999988079071,14.217500686645508,0.2829999923706054
1778335200000,2026-05-09 14:00:00,,,,,,,,,,,,,15.067500114440918,62.0,1019.9000244140624,7.841100215911865,0.0,7.65370512008667,48.81417465209961,0.1599999964237213,14.017499923706056,0.2820000052452087
1778338800000,2026-05-09 15:00:00,,,,,,,,,,,,,15.61750030517578,61.0,1019.2000122070312,8.121012687683105,0.0,11.384198188781738,55.30478286743164,0.2000000178813934,14.11750030517578,0.2809999883174896
1778342400000,2026-05-09 16:00:00,,,,,,,,,,,,,15.567500114440918,61.0,1018.9000244140624,8.073870658874512,0.0,10.883675575256348,55.78424835205078,0.2100000232458114,14.36750030517578,0.2800000011920929
1778346000000,2026-05-09 17:00:00,,,,,,,,,,,,,14.917500495910645,62.0,1018.7000122070312,7.699380397796631,0.0,9.021574020385742,61.389644622802734,0.1500000059604644,14.167500495910645,0.2790000140666961
1778349600000,2026-05-09 18:00:00,,,,,,,,,,,,,13.717500686645508,64.0,1018.7000122070312,7.028073787689209,0.0,9.957108497619627,77.47119903564453,0.0700000077486038,13.717500686645508,0.2790000140666961
1778353200000,2026-05-09 19:00:00,,,,,,,,,,,,,12.267499923706056,70.0,1019.0,6.953063488006592,0.0,8.350137710571289,82.56868743896484,0.0299999993294477,12.967500686645508,0.277999997138977
1778354257115,2026-05-09 19:17:37,,,,12.38,12.46,11.72,,,,100.0,-121.0,-13.0,,,,,,,,,,
1778354262515,2026-05-09 19:17:42,45.12,39.03,34.17,,,,351.85,314.09,283.97,100.0,-120.0,-11.0,,,,,,,,,,
1778356800000,2026-05-09 20:00:00,,,,,,,,,,,,,11.517499923706056,72.0,1019.0999755859376,6.643235683441162,0.0,7.208993911743164,87.13765716552734,0.0199999995529651,12.317500114440918,0.277999997138977
1778360400000,2026-05-09 21:00:00,,,,,,,,,,,,,10.767499923706056,75.0,1019.0999755859376,6.513726711273193,0.0,6.214563369750977,79.9920883178711,0.0199999995529651,11.717500686645508,0.277999997138977
1778364000000,2026-05-09 22:00:00,,,,,,,,,,,,,10.167500495910645,77.0,1019.0999755859376,6.31506872177124,0.0,6.479999542236328,90.0,0.0099999997764825,11.217500686645508,0.277999997138977
1778367600000,2026-05-09 23:00:00,,,,,,,,,,,,,9.567500114440918,80.0,1019.0,6.286604881286621,0.0,6.287129878997803,103.24053192138672,0.0099999997764825,10.767499923706056,0.277999997138977
1778368653570,2026-05-09 23:17:33,,,,12.41,11.61,11.82,,,,100.0,-120.0,-11.2,,,,,,,,,,
1778368660358,2026-05-09 23:17:40,45.06,38.99,34.09,,,,351.67,313.97,283.91,100.0,-111.0,-4.5,,,,,,,,,,
1778371200000,2026-05-10 00:00:00,,,,,,,,,,,,,9.11750030517578,84.0,1018.7999877929688,6.555773735046387,0.0,6.214563369750977,100.00791931152344,0.0099999997764825,10.61750030517578,0.2770000100135803
1778374800000,2026-05-10 01:00:00,,,,,,,,,,,,,8.917500495910645,82.0,1018.0999755859376,6.010395050048828,0.0,6.989935398101807,101.88863372802734,0.0099999997764825,10.417500495910645,0.2770000100135803
1778378400000,2026-05-10 02:00:00,,,,,,,,,,,,,9.017499923706056,79.0,1017.2999877929688,5.569157123565674,0.0,8.825508117675781,101.7682647705078,0.0099999997764825,10.167500495910645,0.2770000100135803
1778382000000,2026-05-10 03:00:00,,,,,,,,,,,,,8.517499923706055,80.0,1016.7000122070312,5.263648986816406,0.0,8.766572952270508,109.17910766601562,0.0099999997764825,10.017499923706056,0.2770000100135803
1778383056691,2026-05-10 03:17:36,44.99,38.95,34.03,,,,351.45,313.88,283.86,100.0,-111.0,-6.0,,,,,,,,,,
1778385600000,2026-05-10 04:00:00,,,,,,,,,,,,,8.767499923706055,78.0,1016.7000122070312,5.142632961273193,0.0,8.534353256225586,117.64588928222656,0.0099999997764825,9.86750030517578,0.2770000100135803
1778389200000,2026-05-10 05:00:00,,,,,,,,,,,,,10.217500686645508,71.0,1016.5,5.191067218780518,0.0,11.11345100402832,114.9047393798828,0.0299999993294477,9.967500686645508,0.2770000100135803
1778392800000,2026-05-10 06:00:00,,,,,,,,,,,,,11.86750030517578,67.0,1016.0,5.934040546417236,0.0,12.239999771118164,118.07239532470705,0.0900000035762786,10.567500114440918,0.2770000100135803
1778396400000,2026-05-10 07:00:00,,,,,,,,,,,,,14.017499923706056,64.0,1015.4000244140624,7.312636375427246,0.0,12.904882431030272,120.14130401611328,0.1599999964237213,11.517499923706056,0.2759999930858612
1778397445871,2026-05-10 07:17:25,,,,12.27,11.85,11.69,,,,100.0,-112.0,-5.8,,,,,,,,,,
1778400000000,2026-05-10 08:00:00,,,,,,,,,,,,,16.5674991607666,57.0,1014.5999755859376,8.014725685119629,0.0,12.229406356811523,137.385986328125,0.2399999946355819,12.717500686645508,0.2759999930858612
1778403600000,2026-05-10 09:00:00,,,,,,,,,,,,,18.36750030517578,53.0,1013.9000244140624,8.617350578308105,0.0,12.475960731506348,136.16905212402344,0.3199999928474426,14.067500114440918,0.2739999890327453
1778407200000,2026-05-10 10:00:00,,,,,,,,,,,,,19.817501068115234,47.0,1013.0999755859376,8.178261756896973,0.0,10.086426734924316,145.17544555664062,0.3600000143051147,15.417500495910645,0.2730000019073486
1778410800000,2026-05-10 11:00:00,,,,,,,,,,,,,20.76749992370605,43.0,1012.2000122070312,7.733180522918701,0.0,5.9044389724731445,142.43133544921875,0.3700000345706939,16.61750030517578,0.2720000147819519
1778411842199,2026-05-10 11:17:22,,,,12.27,12.38,11.69,,,,100.0,-121.0,-13.0,,,,,,,,,,
1778414400000,2026-05-10 12:00:00,,,,,,,,,,,,,21.11750030517578,43.0,1011.7000122070312,8.04942798614502,0.0,7.235910415649414,174.2895050048828,0.3199999928474426,17.317501068115234,0.270000010728836
1778418000000,2026-05-10 13:00:00,,,,,,,,,,,,,21.567501068115234,41.0,1011.0,7.754669666290283,0.0,5.58870267868042,165.0685272216797,0.3100000023841858,17.917499542236328,0.2689999938011169
1778421600000,2026-05-10 14:00:00,,,,,,,,,,,,,21.917499542236328,39.0,1010.0999755859376,7.335041522979736,0.0,4.0249223709106445,153.4350128173828,0.2900000214576721,18.36750030517578,0.2680000066757202
1778425200000,2026-05-10 15:00:00,,,,,,,,,,,,,20.967500686645508,44.0,1009.5999755859376,8.252347946166992,0.0,7.695919990539551,190.7842559814453,0.1899999976158142,18.317501068115234,0.2669999897480011
1778428800000,2026-05-10 16:00:00,,,,,,,,,,,,,20.817501068115234,43.0,1009.2000122070312,7.778361797332764,0.0,5.692099571228027,161.56495666503906,0.1199999973177909,17.917499542236328,0.2660000026226043
1778432400000,2026-05-10 17:00:00,,,,,,,,,,,,,20.067501068115234,48.0,1008.5999755859376,8.717733383178711,0.0,2.811689853668213,129.80552673339844,0.0900000035762786,17.61750030517578,0.2660000026226043
1778436000000,2026-05-10 18:00:00,,,,,,,,,,,,,18.417499542236328,55.0,1008.0,9.212730407714844,0.0,8.121970176696777,77.19573974609375,0.0500000044703483,17.017499923706055,0.2660000026226043
1778439600000,2026-05-10 19:00:00,,,,,,,,,,,,,16.5674991607666,60.0,1008.0,8.771729469299316,0.0,7.235910415649414,84.28949737548828,0.0299999993294477,16.11750030517578,0.2649999856948852
1778440634730,2026-05-10 19:17:14,,,,12.57,12.41,11.51,,,,100.0,-121.0,-10.8,,,,,,,,,,
1778440641651,2026-05-10 19:17:21,44.47,38.47,33.23,,,,349.86,312.69,283.25,100.0,-111.0,-4.2,,,,,,,,,,
1778443200000,2026-05-10 20:00:00,,,,,,,,,,,,,15.567500114440918,62.0,1007.7999877929688,8.313469886779785,0.0,5.506940841674805,101.30989837646484,0.0299999993294477,15.36750030517578,0.2649999856948852
1778446800000,2026-05-10 21:00:00,,,,,,,,,,,,,14.717500686645508,62.0,1007.2999877929688,7.510409355163574,0.0,6.519876956939697,96.34009552001952,0.0199999995529651,14.667500495910645,0.2649999856948852
1778450400000,2026-05-10 22:00:00,,,,,,,,,,,,,14.417500495910645,60.0,1006.5,6.748415470123291,0.0,6.989935398101807,101.88863372802734,0.0299999993294477,14.167500495910645,0.2649999856948852
1778454000000,2026-05-10 23:00:00,,,,,,,,,,,,,13.917500495910645,64.0,1005.9000244140624,7.217785358428955,0.0,6.569382667541504,99.46224975585938,0.0199999995529651,13.767499923706056,0.2649999856948852
1778455030963,2026-05-10 23:17:10,,,,12.73,12.59,11.56,,,,100.0,-111.0,-5.2,,,,,,,,,,
1778455036635,2026-05-10 23:17:16,44.43,38.41,33.17,,,,349.73,312.54,283.2,100.0,-121.0,-13.0,,,,,,,,,,
1778457600000,2026-05-11 00:00:00,,,,,,,,,,,,,12.86750030517578,84.0,1005.7000122070312,10.229411125183104,0.0,6.725354194641113,105.52417755126952,0.0099999997764825,13.717500686645508,0.2639999985694885
1778461200000,2026-05-11 01:00:00,,,,,,,,,,,,,12.967500686645508,80.0,1004.7000122070312,9.598281860351562,0.0,6.989935398101807,101.88863372802734,0.0199999995529651,13.417500495910645,0.2639999985694885
1778464800000,2026-05-11 02:00:00,,,,,,,,,,,,,12.967500686645508,73.0,1004.0,8.241242408752441,0.0,8.08999252319336,110.85454559326172,0.0199999995529651,13.217500686645508,0.2639999985694885
1778468400000,2026-05-11 03:00:00,,,,,,,,,,,,,13.017499923706056,66.0,1003.0,6.811668395996094,0.0,9.107358932495115,108.43504333496094,0.0299999993294477,13.017499923706056,0.2649999856948852
1778469427332,2026-05-11 03:17:07,,,,12.78,11.61,11.64,,,,100.0,-112.0,-3.8,,,,,,,,,,
1778472000000,2026-05-11 04:00:00,,,,,,,,,,,,,13.417500495910645,62.0,1001.7999877929688,6.281918525695801,0.0,9.904906272888184,109.09358978271484,0.0500000044703483,12.917500495910645,0.2649999856948852
1778475600000,2026-05-11 05:00:00,,,,,,,,,,,,,13.567500114440918,64.0,1001.7999877929688,6.885786533355713,0.0,9.693296432495115,121.3286361694336,0.0799999982118606,12.967500686645508,0.2649999856948852
1778479200000,2026-05-11 06:00:00,,,,,,,,,,,,,13.11750030517578,80.0,1002.0999755859376,9.74435806274414,0.2000000029802322,1.2979984283447266,33.69010162353516,0.0599999986588954,13.017499923706056,0.2649999856948852
1778482800000,2026-05-11 07:00:00,,,,,,,,,,,,,13.11750030517578,85.0,1001.5,10.65196704864502,1.2999999523162842,7.072877883911133,104.74361419677734,0.0900000035762786,13.217500686645508,0.2649999856948852
1778483830562,2026-05-11 07:17:10,44.29,38.33,33.05,,,,349.33,312.33,283.11,100.0,-122.0,-13.8,,,,,,,,,,
1778486400000,2026-05-11 08:00:00,,,,,,,,,,,,,14.36750030517578,83.0,1001.2000122070312,11.51725959777832,0.2000000029802322,7.636752605438232,135.00010681152344,0.1599999964237213,13.36750030517578,0.2680000066757202
1778490000000,2026-05-11 09:00:00,,,,,,,,,,,,,16.5674991607666,82.0,1000.2999877929688,13.482261657714844,0.0,6.409617424011231,141.8427276611328,0.2900000214576721,14.217500686645508,0.270000010728836
1778493600000,2026-05-11 10:00:00,,,,,,,,,,,,,17.817501068115234,82.0,999.5999755859376,14.70266056060791,0.0,4.510787010192871,151.38963317871094,0.3400000035762787,15.11750030517578,0.270000010728836
1778497200000,2026-05-11 11:00:00,,,,,,,,,,,,,18.667499542236328,69.0,999.0999755859376,12.866028785705566,0.0,15.281989097595217,254.9815826416016,0.3000000119209289,15.817500114440918,0.270000010728836
1778498226844,2026-05-11 11:17:06,44.21,38.27,32.97,,,,349.08,312.18,283.05,100.0,-113.0,-10.5,,,,,,,,,,
1778500800000,2026-05-11 12:00:00,,,,,,,,,,,,,16.667499542236328,83.0,998.9000244140624,13.766383171081545,2.400000095367432,6.409617424011231,231.8427276611328,0.3199999928474426,15.717500686645508,0.2709999978542328
1778504400000,2026-05-11 13:00:00,,,,,,,,,,,,,18.86750030517578,72.0,997.9000244140624,13.71054744720459,0.1000000014901161,12.76858615875244,248.49850463867188,0.3600000143051147,15.86750030517578,0.2800000011920929
1778508000000,2026-05-11 14:00:00,,,,,,,,,,,,,18.967500686645508,65.0,997.2000122070312,12.241080284118652,0.0,15.827720642089844,252.80137634277344,0.5100000500679016,16.267499923706055,0.2840000092983246
1778511600000,2026-05-11 15:00:00,,,,,,,,,,,,,14.36750030517578,81.0,998.7999877929688,11.14881420135498,2.700000047683716,23.50775146484375,310.0302124023437,0.3100000023841858,15.717500686645508,0.3000000119209289
1778515200000,2026-05-11 16:00:00,,,,,,,,,,,,,12.767499923706056,83.0,999.9000244140624,9.952387809753418,0.0,18.67147445678711,303.9964904785156,0.2199999988079071,15.11750030517578,0.3050000071525574
1778518800000,2026-05-11 17:00:00,,,,,,,,,,,,,11.86750030517578,88.0,1000.9000244140624,9.943028450012209,0.1000000014901161,14.168641090393066,297.2160339355469,0.1000000089406967,14.36750030517578,0.3030000030994415
1778522400000,2026-05-11 18:00:00,,,,,,,,,,,,,10.567500114440918,88.0,1001.5,8.6625337600708,0.2000000029802322,15.277749061584473,304.4390563964844,0.1000000089406967,13.717500686645508,0.3009999990463257
1778526000000,2026-05-11 19:00:00,,,,,,,,,,,,,9.517499923706056,89.0,1002.0999755859376,7.794076919555664,0.0,13.392773628234863,306.2539367675781,0.0799999982118606,13.017499923706056,0.2989999949932098
1778527012335,2026-05-11 19:16:52,,,,12.89,12.65,11.69,,,,100.0,-113.0,-9.8,,,,,,,,,,
1778527019326,2026-05-11 19:16:59,43.85,38.03,32.71,,,,348.05,311.62,282.85,100.0,-121.0,-14.0,,,,,,,,,,
1778529600000,2026-05-11 20:00:00,,,,,,,,,,,,,8.917500495910645,88.0,1002.9000244140624,7.0371503829956055,0.0,12.074766159057615,296.5649719238281,0.0700000077486038,12.417500495910645,0.2980000078678131
1778533200000,2026-05-11 21:00:00,,,,,,,,,,,,,8.567500114440918,90.0,1003.5,7.019970417022705,0.0,12.574259757995604,293.62939453125,0.0599999986588954,11.967500686645508,0.2960000038146972
1778536800000,2026-05-11 22:00:00,,,,,,,,,,,,,8.017499923706055,87.0,1003.7999877929688,5.9849467277526855,0.0,10.028438568115234,291.0375671386719,0.0599999986588954,11.517499923706056,0.2939999997615814
1778540400000,2026-05-11 23:00:00,,,,,,,,,,,,,7.767499923706055,89.0,1003.7000122070312,6.067797183990479,0.0,9.793058395385742,287.1028137207031,0.0500000044703483,11.11750030517578,0.2930000126361847
1778541415591,2026-05-11 23:16:55,43.78,37.94,32.64,,,,347.84,311.47,282.79,100.0,-121.0,-14.5,,,,,,,,,,
1778544000000,2026-05-12 00:00:00,,,,,,,,,,,,,7.917500019073486,85.0,1004.5,5.5505900382995605,0.0,8.55710220336914,284.62091064453125,0.0399999991059303,10.86750030517578,0.2669999897480011
1778547600000,2026-05-12 01:00:00,,,,,,,,,,,,,7.417500019073486,88.0,1004.7000122070312,5.559389591217041,0.0,10.13769245147705,286.5044250488281,0.0299999993294477,10.517499923706056,0.2669999897480011
1778551200000,2026-05-12 02:00:00,,,,,,,,,,,,,7.217499732971191,88.0,1004.7999877929688,5.362344741821289,0.0,10.483357429504396,285.9454650878906,0.0299999993294477,10.217500686645508,0.2669999897480011
1778554800000,2026-05-12 03:00:00,,,,,,,,,,,,,7.267499923706055,87.0,1005.7000122070312,5.247024059295654,0.0,11.874544143676758,284.0362548828125,0.0299999993294477,10.017499923706056,0.2669999897480011
1778555804807,2026-05-12 03:16:44,,,,12.81,12.75,11.61,,,,100.0,-116.0,-14.2,,,,,,,,,,
1778555811759,2026-05-12 03:16:51,43.68,37.82,32.6,,,,347.56,311.35,282.76,100.0,-111.0,-5.2,,,,,,,,,,
1778558400000,2026-05-12 04:00:00,,,,,,,,,,,,,7.06749963760376,80.0,1006.2999877929688,3.8508107662200928,0.0,11.65977668762207,278.8805847167969,0.0399999991059303,9.86750030517578,0.2669999897480011
1778562000000,2026-05-12 05:00:00,,,,,,,,,,,,,6.617499828338623,74.0,1007.2000122070312,2.311787843704224,0.0,15.328560829162598,279.4622497558594,0.0700000077486038,9.667500495910645,0.2669999897480011
1778565600000,2026-05-12 06:00:00,,,,,,,,,,,,,7.217499732971191,68.0,1007.5999755859376,1.7031028270721436,0.0,13.722564697265623,265.486083984375,0.1199999973177909,9.61750030517578,0.2669999897480011
1778569200000,2026-05-12 07:00:00,,,,,,,,,,,,,8.117500305175781,63.0,1007.5,1.4930155277252195,0.0,14.973575592041016,260.311279296875,0.1599999964237213,9.86750030517578,0.2669999897480011
1778570201202,2026-05-12 07:16:41,,,,12.7,12.62,11.93,,,,100.0,-111.0,-4.8,,,,,,,,,,
1778572800000,2026-05-12 08:00:00,,,,,,,,,,,,,8.867500305175781,60.0,1007.2000122070312,1.5207773447036743,0.0,15.683775901794434,260.75396728515625,0.2199999988079071,10.36750030517578,0.2660000026226043
1778576400000,2026-05-12 09:00:00,,,,,,,,,,,,,8.267499923706055,65.0,1007.5999755859376,2.0727617740631104,0.0,18.861387252807617,256.75946044921875,0.2100000232458114,10.667500495910645,0.2649999856948852
1778580000000,2026-05-12 10:00:00,,,,,,,,,,,,,8.417500495910645,66.0,1007.5999755859376,2.4300312995910645,0.0,18.07902717590332,257.3474426269531,0.2000000178813934,10.767499923706056,0.2649999856948852
1778583600000,2026-05-12 11:00:00,,,,,,,,,,,,,8.567500114440918,67.0,1007.5,2.78493070602417,0.0,16.41852569580078,254.7448272705078,0.2000000178813934,10.817500114440918,0.2639999985694885
1778584597433,2026-05-12 11:16:37,,,,12.57,11.77,11.82,,,,100.0,-121.0,-10.5,,,,,,,,,,
1778584604337,2026-05-12 11:16:44,43.39,37.41,32.38,,,,346.75,310.93,282.59,100.0,-121.0,-12.8,,,,,,,,,,
1778587200000,2026-05-12 12:00:00,,,,,,,,,,,,,8.117500305175781,74.0,1007.4000244140624,3.76034426689148,0.1000000014901161,18.64369010925293,259.9920959472656,0.2000000178813934,10.817500114440918,0.2639999985694885
1778590800000,2026-05-12 13:00:00,,,,,,,,,,,,,8.417500495910645,74.0,1007.5,4.05001974105835,0.0,20.892412185668945,271.9748840332031,0.2000000178813934,10.817500114440918,0.2630000114440918
1778594400000,2026-05-12 14:00:00,,,,,,,,,,,,,9.217500686645508,71.0,1007.5,4.230292797088623,0.1000000014901161,22.6828556060791,270.90936279296875,0.2199999988079071,10.967500686645508,0.2630000114440918
1778598000000,2026-05-12 15:00:00,,,,,,,,,,,,,8.017499923706055,82.0,1008.0999755859376,5.131007671356201,0.5,17.163354873657227,279.6598205566406,0.2199999988079071,10.36750030517578,0.2630000114440918
1778599000743,2026-05-12 15:16:40,43.2,37.11,32.23,,,,346.22,310.63,282.48,100.0,-112.0,-7.8,,,,,,,,,,
1778601600000,2026-05-12 16:00:00,,,,,,,,,,,,,7.56749963760376,80.0,1008.7000122070312,4.338020324707031,0.0,15.986595153808594,277.7650756835937,0.2300000041723251,9.967500686645508,0.2630000114440918
1778605200000,2026-05-12 17:00:00,,,,,,,,,,,,,6.917500019073486,90.0,1009.0999755859376,5.390139579772949,0.6000000238418579,12.620553970336914,266.7295837402344,0.1199999973177909,9.667500495910645,0.2630000114440918
1778608800000,2026-05-12 18:00:00,,,,,,,,,,,,,6.867499828338623,87.0,1009.2999877929688,4.853450298309326,0.0,15.188414573669434,275.44024658203125,0.1000000089406967,9.267499923706056,0.2639999985694885
1778612400000,2026-05-12 19:00:00,,,,,,,,,,,,,5.917500019073486,89.0,1009.7000122070312,4.2426958084106445,0.4000000059604645,14.058449745178224,272.93560791015625,0.1000000089406967,8.867500305175781,0.2649999856948852
1778613397111,2026-05-12 19:16:37,43.06,36.86,32.08,,,,345.82,310.37,282.36,100.0,-113.0,-11.8,,,,,,,,,,
1778616000000,2026-05-12 20:00:00,,,,,,,,,,,,,6.06749963760376,89.0,1009.7999877929688,4.390683650970459,0.2000000029802322,12.101570129394531,292.7510070800781,0.0700000077486038,8.517499923706055,0.2669999897480011
1778619600000,2026-05-12 21:00:00,,,,,,,,,,,,,5.867499828338623,93.0,1009.5999755859376,4.822291851043701,0.2000000029802322,5.241678714752197,285.9454650878906,0.0399999991059303,8.317500114440918,0.2669999897480011
1778623200000,2026-05-12 22:00:00,,,,,,,,,,,,,5.917500019073486,91.0,1009.2000122070312,4.560342311859131,0.0,5.116561412811279,309.28936767578125,0.0199999995529651,8.117500305175781,0.2680000066757202
1778626800000,2026-05-12 23:00:00,,,,,,,,,,,,,5.467499732971191,92.0,1008.9000244140624,4.271182060241699,0.0,5.634891033172607,296.5649719238281,0.0099999997764825,7.81749963760376,0.2680000066757202
1778627786272,2026-05-12 23:16:26,,,,12.19,12.43,11.88,,,,100.0,-113.0,-13.2,,,,,,,,,,
1778630400000,2026-05-13 00:00:00,,,,,,,,,,,,,6.167500019073486,89.0,1008.9000244140624,4.489342212677002,0.0,5.241678714752197,285.9454650878906,0.0199999995529651,7.867499828338623,0.2870000004768371
1778634000000,2026-05-13 01:00:00,,,,,,,,,,,,,5.767499923706055,87.0,1008.2999877929688,3.7710702419281006,0.0,3.877318382263184,291.8014831542969,0.0099999997764825,7.56749963760376,0.2879999876022339
1778637600000,2026-05-13 02:00:00,,,,,,,,,,,,,5.867499828338623,86.0,1007.9000244140624,3.70504641532898,0.0,2.545584201812744,224.99989318847656,0.0099999997764825,7.31749963760376,0.2870000004768371
1778641200000,2026-05-13 03:00:00,,,,,,,,,,,,,5.967499732971191,85.0,1007.4000244140624,3.63705849647522,0.0,1.0182337760925293,315.0000915527344,0.0,7.167500019073486,0.2860000133514404
1778642182675,2026-05-13 03:16:22,,,,12.09,11.59,11.72,,,,100.0,-113.0,-12.5,,,,,,,,,,
1778644800000,2026-05-13 04:00:00,,,,,,,,,,,,,5.81749963760376,86.0,1007.2000122070312,3.6559109687805176,0.0,3.2599384784698486,263.659912109375,0.0,7.017499923706055,0.2860000133514404
1778648400000,2026-05-13 05:00:00,,,,,,,,,,,,,6.31749963760376,87.0,1007.0999755859376,4.312270164489746,0.0,4.6102495193481445,218.6598358154297,0.0299999993294477,7.167500019073486,0.2849999964237213
1778652000000,2026-05-13 06:00:00,,,,,,,,,,,,,7.267499923706055,84.0,1006.4000244140624,4.743038177490234,0.0,5.411986351013184,183.81399536132807,0.0799999982118606,7.56749963760376,0.2840000092983246
1778655600000,2026-05-13 07:00:00,,,,,,,,,,,,,8.317500114440918,83.0,1005.7000122070312,5.598958015441895,0.0,12.39780616760254,244.17906188964844,0.1299999952316284,8.067500114440918,0.2840000092983246
1778656578942,2026-05-13 07:16:18,,,,11.9,11.82,11.77,,,,100.0,-121.0,-12.5,,,,,,,,,,
1778659200000,2026-05-13 08:00:00,,,,,,,,,,,,,9.317500114440918,81.0,1005.0999755859376,6.223108291625977,0.0,13.089353561401367,238.49578857421875,0.1700000017881393,8.367500305175781,0.2829999923706054
1778662800000,2026-05-13 09:00:00,,,,,,,,,,,,,10.267499923706056,76.0,1004.7999877929688,6.222297668457031,0.0,14.587776184082031,254.24874877929688,0.25,8.917500495910645,0.2829999923706054
1778666400000,2026-05-13 10:00:00,,,,,,,,,,,,,11.167500495910645,73.0,1004.7000122070312,6.506865978240967,0.0,15.038350105285645,258.9591064453125,0.2599999904632568,9.417500495910645,0.2820000052452087
1778670000000,2026-05-13 11:00:00,,,,,,,,,,,,,12.11750030517578,68.0,1004.2999877929688,6.387518882751465,0.0,15.72503662109375,254.0545349121093,0.3199999928474426,10.217500686645508,0.2809999883174896
1778670983216,2026-05-13 11:16:23,42.72,36.22,31.74,,,,344.89,309.71,282.1,100.0,-111.0,-3.8,,,,,,,,,,
1778673600000,2026-05-13 12:00:00,,,,,,,,,,,,,11.917500495910645,65.0,1003.5,5.543792247772217,0.1000000014901161,18.455047607421875,249.44387817382807,0.2900000214576721,10.517499923706056,0.2790000140666961
1778677200000,2026-05-13 13:00:00,,,,,,,,,,,,,12.517499923706056,69.0,1003.0999755859376,6.982603549957275,0.1000000014901161,14.058449745178224,272.93560791015625,0.2000000178813934,10.817500114440918,0.2790000140666961
1778680800000,2026-05-13 14:00:00,,,,,,,,,,,,,12.767499923706056,64.0,1002.7000122070312,6.12684440612793,0.0,15.844088554382324,248.68202209472656,0.2800000309944153,11.017499923706056,0.277999997138977
1778684400000,2026-05-13 15:00:00,,,,,,,,,,,,,13.217500686645508,57.0,1002.4000244140624,4.880489349365234,0.0,16.923830032348633,246.1612548828125,0.2800000309944153,11.36750030517578,0.2770000100135803
1778685371524,2026-05-13 15:16:11,,,,11.67,12.19,11.72,,,,99.20949,-121.0,-12.5,,,,,,,,,,
1778685378499,2026-05-13 15:16:18,42.6,36.01,31.6,,,,344.58,309.5,281.99,99.20949,-113.0,-14.8,,,,,,,,,,
1778688000000,2026-05-13 16:00:00,,,,,,,,,,,,,12.967500686645508,60.0,1002.4000244140624,5.3832831382751465,0.0,14.658676147460938,245.3231506347656,0.2100000232458114,11.36750030517578,0.2759999930858612
1778691600000,2026-05-13 17:00:00,,,,,,,,,,,,,12.167500495910645,64.0,1002.2999877929688,5.557557106018066,0.0,12.594856262207031,239.03631591796875,0.1500000059604644,11.217500686645508,0.2750000059604645
1778695200000,2026-05-13 18:00:00,,,,,,,,,,,,,11.11750030517578,71.0,1002.0,6.055635452270508,0.0,6.989935874938965,214.50857543945312,0.0900000035762786,10.917500495910645,0.2739999890327453
1778698800000,2026-05-13 19:00:00,,,,,,,,,,,,,10.067500114440918,77.0,1001.9000244140624,6.21808671951294,0.0,5.759999752044678,180.0,0.0199999995529651,10.267499923706056,0.2739999890327453
1778699774789,2026-05-13 19:16:14,42.5,35.79,31.44,,,,344.3,309.27,281.87,99.20949,-121.0,-11.2,,,,,,,,,,
1778702400000,2026-05-13 20:00:00,,,,,,,,,,,,,9.567500114440918,80.0,1002.0,6.286604881286621,0.3000000119209289,7.386581897735596,223.0250701904297,0.0299999993294477,9.917500495910645,0.2739999890327453
1778706000000,2026-05-13 21:00:00,,,,,,,,,,,,,8.967500686645508,82.0,1001.7000122070312,6.059248447418213,0.4000000059604645,4.510787010192871,208.61036682128903,0.0399999991059303,9.567500114440918,0.2739999890327453
1778709600000,2026-05-13 22:00:00,,,,,,,,,,,,,8.667500495910645,85.0,1001.2000122070312,6.286487579345703,0.0,6.696386814117432,143.74607849121094,0.0399999991059303,9.317500114440918,0.2739999890327453
1778713200000,2026-05-13 23:00:00,,,,,,,,,,,,,8.517499923706055,85.0,1000.5999755859376,6.13931131362915,0.0,6.409617424011231,141.8427276611328,0.0299999993294477,9.11750030517578,0.2739999890327453
1778714164122,2026-05-13 23:16:04,,,,11.64,11.75,11.04,,,,99.20949,-121.0,-14.2,,,,,,,,,,
1778714171103,2026-05-13 23:16:11,42.44,35.67,31.37,,,,344.15,309.15,281.82,99.20949,-121.0,-12.0,,,,,,,,,,
1778716800000,2026-05-14 00:00:00,,,,,,,,,,,,,9.017499923706056,80.0,1000.5999755859376,5.750785827636719,0.0,5.052840709686279,184.0855407714844,0.0399999991059303,9.467500686645508,0.2800000011920929
1778720400000,2026-05-14 01:00:00,,,,,,,,,,,,,9.017499923706056,77.0,999.7999877929688,5.199719429016113,0.0,5.411986351013184,176.18600463867188,0.0299999993294477,9.267499923706056,0.2800000011920929
1778724000000,2026-05-14 02:00:00,,,,,,,,,,,,,8.367500305175781,85.0,999.7000122070312,5.992133140563965,0.0,7.5170207023620605,163.30067443847656,0.0299999993294477,9.067500114440918,0.2800000011920929
1778727600000,2026-05-14 03:00:00,,,,,,,,,,,,,7.81749963760376,86.0,999.2999877929688,5.621181011199951,0.0,7.628262996673584,160.70985412597656,0.0299999993294477,8.917500495910645,0.2790000140666961
1778728560405,2026-05-14 03:16:00,,,,11.59,11.98,11.38,,,,99.20949,-112.0,-3.5,,,,,,,,,,
1778728567365,2026-05-14 03:16:07,42.37,35.56,31.3,,,,343.96,309.03,281.76,99.20949,-110.0,-3.2,,,,,,,,,,
1778731200000,2026-05-14 04:00:00,,,,,,,,,,,,,7.81749963760376,85.0,999.5,5.452466011047363,0.4000000059604645,7.65370512008667,138.81417846679688,0.0199999995529651,8.667500495910645,0.2800000011920929
1778734800000,2026-05-14 05:00:00,,,,,,,,,,,,,8.417500495910645,84.0,999.5999755859376,5.869906425476074,0.2000000029802322,5.154415130615234,155.22488403320312,0.0299999993294477,8.667500495910645,0.2809999883174896
1778738400000,2026-05-14 06:00:00,,,,,,,,,,,,,9.417500495910645,83.0,1000.0,6.675242900848389,0.0,4.802999019622803,192.9946136474609,0.0599999986588954,9.067500114440918,0.2809999883174896
1778742000000,2026-05-14 07:00:00,,,,,,,,,,,,,10.317500114440918,71.0,999.9000244140624,5.287135601043701,0.1000000014901161,13.217443466186523,240.642333984375,0.1000000089406967,9.36750030517578,0.2820000052452087
1778742963701,2026-05-14 07:16:03,42.25,35.38,31.18,,,,343.65,308.85,281.67,99.20949,-121.0,-14.5,,,,,,,,,,
1778745600000,2026-05-14 08:00:00,,,,,,,,,,,,,10.917500495910645,66.0,1000.0,4.811830043792725,0.0,16.51690101623535,249.59002685546875,0.2399999946355819,9.86750030517578,0.2820000052452087
1778749200000,2026-05-14 09:00:00,,,,,,,,,,,,,11.067500114440918,69.0,1000.0999755859376,5.594561576843262,0.1000000014901161,14.021525382995604,228.1222076416016,0.2000000178813934,10.017499923706056,0.2809999883174896
1778752800000,2026-05-14 10:00:00,,,,,,,,,,,,,12.667500495910645,61.0,999.7999877929688,5.338611602783203,0.0,15.192682266235352,233.673080444336,0.3199999928474426,11.067500114440918,0.2809999883174896
1778756400000,2026-05-14 11:00:00,,,,,,,,,,,,,13.967500686645508,52.0,999.5,4.264632225036621,0.0,16.78156089782715,234.6051177978516,0.3400000035762787,12.11750030517578,0.2790000140666961
1778760000000,2026-05-14 12:00:00,,,,,,,,,,,,,14.967500686645508,50.0,998.7999877929688,4.627513408660889,0.0,16.055355072021484,227.7263641357422,0.3400000035762787,13.017499923706056,0.277999997138977
1778763600000,2026-05-14 13:00:00,,,,,,,,,,,,,14.61750030517578,49.0,998.7000122070312,4.016782760620117,0.0,10.85386562347412,264.2894897460937,0.2800000309944153,13.167500495910645,0.2770000100135803
1778767200000,2026-05-14 14:00:00,,,,,,,,,,,,,15.36750030517578,45.0,998.4000244140624,3.4920332431793213,0.0,15.6837739944458,238.13406372070312,0.270000010728836,13.767499923706056,0.2750000059604645
1778770800000,2026-05-14 15:00:00,,,,,,,,,,,,,14.967500686645508,47.0,998.4000244140624,3.744640827178955,0.0,11.457958221435549,223.72705078125,0.2300000041723251,13.717500686645508,0.2739999890327453
1778771749266,2026-05-14 15:15:49,,,,11.51,12.11,11.12,,,,99.20949,-112.0,-9.0,,,,,,,,,,
1778774400000,2026-05-14 16:00:00,,,,,,,,,,,,,13.967500686645508,56.0,998.5,5.327268600463867,0.0,4.394360065460205,325.0079040527344,0.1700000017881393,13.567500114440918,0.2730000019073486
1778778000000,2026-05-14 17:00:00,,,,,,,,,,,,,13.767499923706056,50.0,998.7999877929688,3.521563768386841,0.0,11.304228782653809,260.8377380371094,0.1199999973177909,13.217500686645508,0.2720000147819519
1778781600000,2026-05-14 18:00:00,,,,,,,,,,,,,12.917500495910645,55.0,999.2999877929688,4.089382648468018,0.0,6.214563369750977,259.9920959472656,0.0599999986588954,12.61750030517578,0.2709999978542328
1778785200000,2026-05-14 19:00:00,,,,,,,,,,,,,11.61750030517578,62.0,999.7000122070312,4.580357074737549,0.0,2.545584201812744,261.8699951171875,0.0199999995529651,11.86750030517578,0.2709999978542328
1778786152558,2026-05-14 19:15:52,41.86,34.72,30.74,,,,342.63,308.17,281.33,99.20949,-111.0,-7.5,,,,,,,,,,
1778788800000,2026-05-14 20:00:00,,,,,,,,,,,,,10.61750030517578,66.0,999.7000122070312,4.526072025299072,0.0,1.0182337760925293,315.0000915527344,0.0,10.817500114440918,0.2709999978542328
1778792400000,2026-05-14 21:00:00,,,,,,,,,,,,,9.817500114440918,70.0,999.7000122070312,4.603529453277588,0.0,1.8356469869613647,258.6900939941406,0.0,9.967500686645508,0.2709999978542328
1778796000000,2026-05-14 22:00:00,,,,,,,,,,,,,8.867500305175781,76.0,1000.0,4.866536140441895,0.0,1.0182337760925293,315.0000915527344,0.0,9.267499923706056,0.2709999978542328
1778799600000,2026-05-14 23:00:00,,,,,,,,,,,,,7.867499828338623,82.0,1000.2000122070312,4.984435558319092,0.0,2.189794540405273,99.46224975585938,0.0,8.567500114440918,0.2709999978542328
1778800548843,2026-05-14 23:15:48,41.81,34.6,30.62,,,,342.51,308.05,281.24,99.20949,-121.0,-13.5,,,,,,,,,,
1778803200000,2026-05-15 00:00:00,,,,,,,,,,,,,8.017499923706055,87.0,1000.2000122070312,5.9849467277526855,0.3000000119209289,1.2979984283447266,326.3099060058594,0.0,8.817500114440918,0.296999990940094
1778806800000,2026-05-15 01:00:00,,,,,,,,,,,,,7.667500019073486,90.0,1000.0999755859376,6.1309895515441895,0.0,1.1384198665618896,161.56495666503906,0.0,8.417500495910645,0.2960000038146972
1778810400000,2026-05-15 02:00:00,,,,,,,,,,,,,7.617499828338623,92.0,1000.2000122070312,6.400444030761719,0.0,2.3051247596740723,38.65982818603516,0.0,8.467499732971191,0.2949999868869781
1778814000000,2026-05-15 03:00:00,,,,,,,,,,,,,7.617499828338623,93.0,1000.5,6.55757474899292,0.0,3.89399528503418,326.3099060058594,0.0,8.417500495910645,0.2939999997615814
1778814938172,2026-05-15 03:15:38,,,,11.56,11.85,11.35,,,,99.20949,-121.0,-14.5,,,,,,,,,,
1778817600000,2026-05-15 04:00:00,,,,,,,,,,,,,7.417500019073486,92.0,1001.0,6.202380180358887,0.0,4.072935104370117,315.0000915527344,0.0099999997764825,8.467499732971191,0.2930000126361847
1778821200000,2026-05-15 05:00:00,,,,,,,,,,,,,7.917500019073486,90.0,1001.2999877929688,6.377933025360107,0.0,4.829906940460205,296.5649719238281,0.0199999995529651,8.617500305175781,0.2930000126361847
1778824800000,2026-05-15 06:00:00,,,,,,,,,,,,,8.467499732971191,90.0,1001.4000244140624,6.921196937561035,0.0,5.692099094390869,304.6952209472656,0.0799999982118606,8.967500686645508,0.2919999957084656
1778828400000,2026-05-15 07:00:00,,,,,,,,,,,,,9.517499923706056,83.0,1001.5,6.773080825805664,0.0,6.1516828536987305,290.5561218261719,0.1500000059604644,9.567500114440918,0.2910000085830688
1778829334460,2026-05-15 07:15:34,,,,11.51,12.01,11.3,,,,99.20949,-111.0,-4.2,,,,,,,,,,
1778829340015,2026-05-15 07:15:40,41.67,34.4,30.52,,,,342.14,307.84,281.16,99.20949,-122.0,-13.0,,,,,,,,,,
1778832000000,2026-05-15 08:00:00,,,,,,,,,,,,,10.667500495910645,78.0,1001.5999755859376,6.988124847412109,0.0,5.506940841674805,281.3099060058594,0.2199999988079071,10.36750030517578,0.2899999916553497
1778835600000,2026-05-15 09:00:00,,,,,,,,,,,,,11.767499923706056,70.0,1001.7000122070312,6.4736433029174805,0.0,5.039999961853027,270.0,0.2599999904632568,11.167500495910645,0.2879999876022339
1778839200000,2026-05-15 10:00:00,,,,,,,,,,,,,12.817500114440918,59.0,1001.7000122070312,5.000402927398682,0.0,5.759999752044678,270.0,0.3400000035762787,12.017499923706056,0.2870000004768371
1778842800000,2026-05-15 11:00:00,,,,,,,,,,,,,13.86750030517578,58.0,1001.7999877929688,5.739864349365234,0.0,8.049844741821289,296.5649719238281,0.3300000131130218,12.767499923706056,0.2849999964237213
1778843730733,2026-05-15 11:15:30,,,,11.46,11.85,11.3,,,,99.20949,-111.0,-3.5,,,,,,,,,,
1778843737772,2026-05-15 11:15:37,41.55,34.22,30.4,,,,341.83,307.66,281.07,99.20949,-111.0,-6.0,,,,,,,,,,
1778846400000,2026-05-15 12:00:00,,,,,,,,,,,,,14.567500114440918,53.0,1001.7000122070312,5.093624591827393,0.0,7.412853240966797,299.05450439453125,0.3600000143051147,13.567500114440918,0.2840000092983246
1778850000000,2026-05-15 13:00:00,,,,,,,,,,,,,14.717500686645508,48.0,1001.5999755859376,3.815045118331909,0.0,7.771330833435059,283.3925170898437,0.3100000023841858,14.067500114440918,0.2820000052452087
1778853600000,2026-05-15 14:00:00,,,,,,,,,,,,,13.517499923706056,61.0,1002.2000122070312,6.140508651733398,0.0,13.044721603393556,219.400634765625,0.2000000178813934,13.717500686645508,0.2809999883174896
1778857200000,2026-05-15 15:00:00,,,,,,,,,,,,,11.517499923706056,71.0,1002.0999755859376,6.439849376678467,1.2999999523162842,10.464797019958496,333.4350280761719,0.1899999976158142,12.667500495910645,0.2800000011920929
1778858127017,2026-05-15 15:15:27,,,,11.51,11.38,11.22,,,,99.20949,-121.0,-14.2,,,,,,,,,,
1778858134022,2026-05-15 15:15:34,41.41,34.03,30.26,,,,341.49,307.46,280.96,99.20949,-112.0,-6.0,,,,,,,,,,
1778860800000,2026-05-15 16:00:00,,,,,,,,,,,,,12.517499923706056,71.0,1001.9000244140624,7.400277137756348,0.1000000014901161,5.447788238525391,277.59454345703125,0.2199999988079071,12.467500686645508,0.2829999923706054
1778864400000,2026-05-15 17:00:00,,,,,,,,,,,,,12.61750030517578,67.0,1001.9000244140624,6.649482250213623,0.0,3.2599384784698486,276.340087890625,0.1400000154972076,12.417500495910645,0.2840000092983246
1778868000000,2026-05-15 18:00:00,,,,,,,,,,,,,12.11750030517578,73.0,1002.4000244140624,7.422285556793213,0.0,2.099142551422119,239.0363006591797,0.0500000044703483,12.017499923706056,0.2840000092983246
1778871600000,2026-05-15 19:00:00,,,,,,,,,,,,,10.917500495910645,75.0,1003.0999755859376,6.6587395668029785,0.0,2.620839357376098,254.0545349121093,0.0099999997764825,11.217500686645508,0.2840000092983246
1778875200000,2026-05-15 20:00:00,,,,,,,,,,,,,9.967500686645508,80.0,1003.2999877929688,6.676275730133057,0.0,4.394360065460205,325.0079040527344,0.0099999997764825,10.417500495910645,0.2840000092983246
1778878800000,2026-05-15 21:00:00,,,,,,,,,,,,,9.417500495910645,89.0,1003.5,7.695437908172607,0.0,5.001279830932617,329.74365234375,0.0,10.017499923706056,0.2829999923706054
1778882400000,2026-05-15 22:00:00,,,,,,,,,,,,,8.817500114440918,90.0,1003.7000122070312,7.266902446746826,0.0,4.104631423950195,344.74481201171875,0.0099999997764825,9.817500114440918,0.2829999923706054
1778886000000,2026-05-15 23:00:00,,,,,,,,,,,,,8.317500114440918,91.0,1003.9000244140624,6.934122085571289,0.0,4.33497428894043,355.2364501953125,0.0,9.467500686645508,0.2829999923706054
1778889600000,2026-05-16 00:00:00,,,,,,,,,,,,,7.867499828338623,96.0,1004.0999755859376,7.268981456756592,0.0,3.545588731765747,336.0375061035156,0.0,9.517499923706056,0.3210000097751617
1778893200000,2026-05-16 01:00:00,,,,,,,,,,,,,7.81749963760376,96.0,1004.2999877929688,7.21921968460083,0.0,4.33497428894043,318.3665466308594,0.0,9.36750030517578,0.3160000145435333
1778896800000,2026-05-16 02:00:00,,,,,,,,,,,,,7.767499923706055,94.0,1004.5,6.862138748168945,0.0,5.399999618530273,323.1300354003906,0.0099999997764825,9.317500114440918,0.3129999935626983
1778900400000,2026-05-16 03:00:00,,,,,,,,,,,,,7.417500019073486,93.0,1004.9000244140624,6.359261989593506,0.0,6.618518829345703,315.0000915527344,0.0099999997764825,9.11750030517578,0.3100000023841858
1778901315884,2026-05-16 03:15:15,,,,11.61,11.75,11.12,,,,99.20949,-113.0,-10.2,,,,,,,,,,
1778901321510,2026-05-16 03:15:21,41.22,33.68,30.06,,,,341.02,307.1,280.81,99.20949,-112.0,-8.8,,,,,,,,,,
1778904000000,2026-05-16 04:00:00,,,,,,,,,,,,,7.06749963760376,94.0,1005.5,6.167176246643066,0.0,6.193674087524414,305.5377502441406,0.0099999997764825,8.867500305175781,0.3079999983310699
1778907600000,2026-05-16 05:00:00,,,,,,,,,,,,,7.517499923706055,92.0,1005.7999877929688,6.301412105560303,0.0,8.089993476867676,302.275634765625,0.0299999993294477,8.867500305175781,0.3059999942779541
1778911200000,2026-05-16 06:00:00,,,,,,,,,,,,,8.167500495910645,88.0,1006.4000244140624,6.29828691482544,0.0,11.983187675476074,302.7351989746094,0.1000000089406967,9.11750030517578,0.3039999902248382
1778914800000,2026-05-16 07:00:00,,,,,,,,,,,,,9.217500686645508,82.0,1006.7999877929688,6.303508281707764,0.0,11.753875732421877,310.0302124023437,0.1700000017881393,9.567500114440918,0.3019999861717224
1778915712158,2026-05-16 07:15:12,,,,11.56,12.09,11.07,,,,99.20949,-121.0,-14.2,,,,,,,,,,
1778915717655,2026-05-16 07:15:17,41.15,33.59,30.02,,,,340.84,307.01,280.78,99.20949,-113.0,-6.0,,,,,,,,,,
1778918400000,2026-05-16 08:00:00,,,,,,,,,,,,,10.017499923706056,79.0,1007.0999755859376,6.541929721832275,0.0,11.019763946533203,308.3675231933594,0.1899999976158142,10.017499923706056,0.3000000119209289
1778922000000,2026-05-16 09:00:00,,,,,,,,,,,,,11.767499923706056,68.0,1007.2000122070312,6.0530524253845215,0.0,10.805997848510742,299.9815673828125,0.25,11.017499923706056,0.2989999949932098
1778925600000,2026-05-16 10:00:00,,,,,,,,,,,,,12.667500495910645,62.0,1007.2999877929688,5.573016166687012,0.0,12.239999771118164,298.0723876953125,0.270000010728836,11.817500114440918,0.296999990940094
1778929200000,2026-05-16 11:00:00,,,,,,,,,,,,,13.61750030517578,58.0,1007.5,5.505425453186035,0.0,11.592894554138184,295.7692565917969,0.2800000309944153,12.717500686645508,0.2949999868869781
1778930108456,2026-05-16 11:15:08,,,,11.56,11.82,11.2,,,,99.20949,-120.0,-11.0,,,,,,,,,,
1778930115470,2026-05-16 11:15:15,41.04,33.42,29.92,,,,340.56,306.83,280.7,99.20949,-120.0,-13.0,,,,,,,,,,
1778932800000,2026-05-16 12:00:00,,,,,,,,,,,,,14.317500114440918,54.0,1007.7000122070312,5.130126953125,0.0,13.10419750213623,285.9454650878906,0.270000010728836,13.417500495910645,0.2930000126361847
1778936400000,2026-05-16 13:00:00,,,,,,,,,,,,,13.967500686645508,48.0,1008.2000122070312,3.127064943313598,0.0,13.32486343383789,308.4180908203125,0.2599999904632568,13.767499923706056,0.2910000085830688
1778940000000,2026-05-16 14:00:00,,,,,,,,,,,,,14.11750030517578,48.0,1008.4000244140624,3.264674663543701,0.0,12.98497486114502,313.87677001953125,0.2199999988079071,13.86750030517578,0.289000004529953
1778943600000,2026-05-16 15:00:00,,,,,,,,,,,,,14.467500686645508,52.0,1008.5,4.727558135986328,0.0,13.584932327270508,302.0053405761719,0.2000000178813934,14.017499923706056,0.2870000004768371
1778944504774,2026-05-16 15:15:04,,,,11.59,12.14,11.22,,,,99.20949,-110.0,-2.8,,,,,,,,,,
1778944511647,2026-05-16 15:15:11,40.92,33.25,29.8,,,,340.28,306.66,280.61,99.20949,-121.0,-14.0,,,,,,,,,,
1778947200000,2026-05-16 16:00:00,,,,,,,,,,,,,13.717500686645508,51.0,1008.7999877929688,3.756728649139404,0.0,13.378250122070312,293.8059387207031,0.1700000017881393,13.717500686645508,0.2860000133514404
1778950800000,2026-05-16 17:00:00,,,,,,,,,,,,,13.167500495910645,54.0,1009.2999877929688,4.060599327087402,0.0,10.703569412231444,289.6539001464844,0.1199999973177909,13.317500114440918,0.2849999964237213
1778954400000,2026-05-16 18:00:00,,,,,,,,,,,,,11.86750030517578,57.0,1010.2999877929688,3.616685152053833,0.0,11.592893600463867,306.15826416015625,0.0599999986588954,12.717500686645508,0.2840000092983246
1778958000000,2026-05-16 19:00:00,,,,,,,,,,,,,9.86750030517578,68.0,1011.2999877929688,4.237013339996338,0.0,5.116561412811279,309.28936767578125,0.0199999995529651,11.817500114440918,0.2829999923706054
1778958901045,2026-05-16 19:15:01,,,,11.61,11.51,11.28,,,,99.20949,-111.0,-2.0,,,,,,,,,,
1778958906657,2026-05-16 19:15:06,40.81,33.08,29.7,,,,340.01,306.48,280.53,99.20949,-110.0,-3.0,,,,,,,,,,
1778961600000,2026-05-16 20:00:00,,,,,,,,,,,,,9.067500114440918,74.0,1012.0,4.677607536315918,0.0,3.5999999046325684,323.1300048828125,0.0099999997764825,10.817500114440918,0.2829999923706054
1778965200000,2026-05-16 21:00:00,,,,,,,,,,,,,8.767499923706055,74.0,1012.4000244140624,4.387958526611328,0.0,1.0182337760925293,315.0000915527344,0.0,9.86750030517578,0.2820000052452087
1778968800000,2026-05-16 22:00:00,,,,,,,,,,,,,8.167500495910645,77.0,1012.9000244140624,4.3752312660217285,0.0,1.527350664138794,135.00010681152344,0.0,9.11750030517578,0.2820000052452087
1778972400000,2026-05-16 23:00:00,,,,,,,,,,,,,7.667500019073486,82.0,1013.4000244140624,4.789004325866699,0.0,0.0,270.0,0.0,8.617500305175781,0.2820000052452087
1778973297344,2026-05-16 23:14:57,,,,11.67,11.88,11.28,,,,99.20949,-121.0,-10.0,,,,,,,,,,
1778973304340,2026-05-16 23:15:04,40.75,32.99,29.62,,,,339.85,306.39,280.47,99.20949,-111.0,-2.5,,,,,,,,,,
1778976000000,2026-05-17 00:00:00,,,,,,,,,,,,,6.017499923706055,89.0,1015.0,4.341353893280029,0.0,0.7199999690055847,90.0,0.0,7.167500019073486,0.2770000100135803
1778979600000,2026-05-17 01:00:00,,,,,,,,,,,,,6.167500019073486,85.0,1014.7000122070312,3.8333308696746826,0.0,1.4399999380111694,90.0,0.0,6.867499828338623,0.2770000100135803
1778983200000,2026-05-17 02:00:00,,,,,,,,,,,,,5.617499828338623,85.0,1014.9000244140624,3.293574810028076,0.0,3.415259599685669,108.43504333496094,0.0,6.717499732971191,0.2770000100135803
1778986800000,2026-05-17 03:00:00,,,,,,,,,,,,,5.417500019073486,82.0,1015.4000244140624,2.590146541595459,0.0,1.6099690198898315,63.43501281738281,0.0,6.467499732971191,0.2770000100135803
1778987693594,2026-05-17 03:14:53,,,,11.61,11.41,11.28,,,,99.20949,-121.0,-12.2,,,,,,,,,,
1778987700500,2026-05-17 03:15:00,40.67,32.91,29.58,,,,339.67,306.3,280.44,99.20949,-120.0,-11.2,,,,,,,,,,
1778990400000,2026-05-17 04:00:00,,,,,,,,,,,,,5.217499732971191,83.0,1015.7999877929688,2.56524658203125,0.0,3.239999771118164,90.0,0.0,6.06749963760376,0.2759999930858612
1778994000000,2026-05-17 05:00:00,,,,,,,,,,,,,6.417500019073486,83.0,1016.4000244140624,3.739682912826538,0.0,2.189794540405273,99.46224975585938,0.0,6.267499923706055,0.2759999930858612
1778997600000,2026-05-17 06:00:00,,,,,,,,,,,,,8.767499923706055,77.0,1016.2999877929688,4.957230567932129,0.0,1.8356469869613647,168.6901092529297,0.0500000044703483,7.417500019073486,0.2759999930858612
1779001200000,2026-05-17 07:00:00,,,,,,,,,,,,,11.217500686645508,66.0,1016.2000122070312,5.097570419311523,0.0,1.8356469869613647,191.3098907470703,0.1299999952316284,8.817500114440918,0.2759999930858612
1779002089919,2026-05-17 07:14:49,,,,11.51,11.85,11.3,,,,99.20949,-122.0,-10.5,,,,,,,,,,
1779002095414,2026-05-17 07:14:55,40.57,32.82,29.5,,,,339.42,306.21,280.38,99.20949,-121.0,-11.5,,,,,,,,,,
1779004800000,2026-05-17 08:00:00,,,,,,,,,,,,,13.217500686645508,53.0,1016.2000122070312,3.8408515453338623,0.0,2.811689853668213,230.1944732666016,0.2199999988079071,10.167500495910645,0.2750000059604645
1779008400000,2026-05-17 09:00:00,,,,,,,,,,,,,14.36750030517578,42.0,1016.0999755859376,1.613803744316101,0.0,0.8049845099449158,243.4350128173828,0.3300000131130218,11.417500495910645,0.2739999890327453
1779012000000,2026-05-17 10:00:00,,,,,,,,,,,,,15.017499923706056,45.0,1016.0,3.17344331741333,0.0,6.214563369750977,280.0079040527344,0.3300000131130218,12.317500114440918,0.2720000147819519
1779015600000,2026-05-17 11:00:00,,,,,,,,,,,,,15.86750030517578,40.0,1015.5999755859376,2.281055688858032,0.0,4.896529674530029,323.9725341796875,0.3400000035762787,13.317500114440918,0.2709999978542328
1779016493223,2026-05-17 11:14:53,40.46,32.63,29.36,,,,339.15,306.01,280.27,99.20949,-111.0,-4.8,,,,,,,,,,
1779019200000,2026-05-17 12:00:00,,,,,,,,,,,,,16.5674991607666,38.0,1015.4000244140624,2.1872074604034424,0.0,5.804825305938721,262.8750915527344,0.2900000214576721,13.86750030517578,0.270000010728836
1779022800000,2026-05-17 13:00:00,,,,,,,,,,,,,17.167499542236328,35.0,1014.9000244140624,1.5683839321136477,0.0,3.054701328277588,315.0000915527344,0.3199999928474426,14.517499923706056,0.2680000066757202
1779026400000,2026-05-17 14:00:00,,,,,,,,,,,,,16.86750030517578,36.0,1014.5999755859376,1.6965306997299194,0.0,3.3190360069274902,257.47119140625,0.2800000309944153,14.817500114440918,0.2669999897480011
1779030000000,2026-05-17 15:00:00,,,,,,,,,,,,,16.11750030517578,41.0,1014.7999877929688,2.8535425662994385,0.0,10.80599880218506,271.9091186523437,0.1899999976158142,14.61750030517578,0.2660000026226043
1779030889568,2026-05-17 15:14:49,40.35,32.45,29.24,,,,338.9,305.83,280.18,99.20949,-121.0,-11.2,,,,,,,,,,
1779033600000,2026-05-17 16:00:00,,,,,,,,,,,,,15.36750030517578,45.0,1015.0999755859376,3.4920332431793213,0.0,3.617955207824707,5.710507392883301,0.1299999952316284,14.167500495910645,0.2649999856948852
1779037200000,2026-05-17 17:00:00,,,,,,,,,,,,,15.467500686645508,45.0,1015.2000122070312,3.583049774169922,0.0,1.6099690198898315,206.5649871826172,0.0900000035762786,13.917500495910645,0.2639999985694885
1779040800000,2026-05-17 18:00:00,,,,,,,,,,,,,14.467500686645508,55.0,1015.4000244140624,5.534003257751465,0.0,6.792466163635254,302.0053405761719,0.0299999993294477,13.517499923706056,0.2639999985694885
1779044400000,2026-05-17 19:00:00,,,,,,,,,,,,,12.36750030517578,64.0,1015.9000244140624,5.747325897216797,0.0,5.58870267868042,14.931467056274414,0.0299999993294477,12.817500114440918,0.2639999985694885
1779045278814,2026-05-17 19:14:38,,,,11.61,11.77,11.28,,,,100.0,-121.0,-11.2,,,,,,,,,,
1779045284386,2026-05-17 19:14:44,40.29,32.31,29.18,,,,338.75,305.68,280.13,100.0,-121.0,-11.2,,,,,,,,,,
1779048000000,2026-05-17 20:00:00,,,,,,,,,,,,,10.86750030517578,76.0,1016.2999877929688,6.80326509475708,0.0,3.2599384784698486,353.659912109375,0.0199999995529651,12.017499923706056,0.2630000114440918
1779051600000,2026-05-17 21:00:00,,,,,,,,,,,,,10.667500495910645,72.0,1016.2000122070312,5.825423717498779,0.0,3.2599384784698486,96.34009552001952,0.0,11.217500686645508,0.2630000114440918
1779055200000,2026-05-17 22:00:00,,,,,,,,,,,,,9.86750030517578,76.0,1016.2999877929688,5.834961414337158,0.0,4.553679466247559,108.43504333496094,0.0,10.36750030517578,0.2630000114440918
1779058800000,2026-05-17 23:00:00,,,,,,,,,,,,,8.917500495910645,80.0,1016.2000122070312,5.653360366821289,0.0,4.379589080810547,99.46224975585938,0.0,9.717500686645508,0.2630000114440918
1779059675058,2026-05-17 23:14:35,,,,11.72,11.64,11.22,,,,100.0,-121.0,-12.5,,,,,,,,,,
1779059682127,2026-05-17 23:14:42,40.26,32.25,29.1,,,,338.68,305.62,280.07,100.0,-121.0,-13.5,,,,,,,,,,
1779062400000,2026-05-18 00:00:00,,,,,,,,,,,,,9.167500495910645,82.0,1015.9000244140624,6.2546563148498535,0.0,6.519876956939697,96.34009552001952,0.0,9.567500114440918,0.2619999945163727
1779066000000,2026-05-18 01:00:00,,,,,,,,,,,,,8.817500114440918,77.0,1016.0999755859376,5.005727767944336,0.0,5.937272071838379,104.03627014160156,0.0099999997764825,9.417500495910645,0.2619999945163727
1779069600000,2026-05-18 02:00:00,,,,,,,,,,,,,8.267499923706055,80.0,1015.7999877929688,5.020071506500244,0.0,5.937272071838379,104.03627014160156,0.0099999997764825,9.217500686645508,0.2630000114440918
1779073200000,2026-05-18 03:00:00,,,,,,,,,,,,,8.017499923706055,80.0,1016.0,4.776487827301025,0.0,5.58870267868042,104.93147277832033,0.0099999997764825,8.967500686645508,0.2630000114440918
1779074071354,2026-05-18 03:14:31,,,,11.75,12.06,11.12,,,,100.0,-111.0,-2.2,,,,,,,,,,
1779074078384,2026-05-18 03:14:38,40.21,32.19,29.06,,,,338.56,305.56,280.04,100.0,-111.0,-3.2,,,,,,,,,,
1779076800000,2026-05-18 04:00:00,,,,,,,,,,,,,7.917500019073486,82.0,1016.0,5.033293724060059,0.0,5.014219284057617,111.03758239746094,0.0099999997764825,8.817500114440918,0.2630000114440918
1779080400000,2026-05-18 05:00:00,,,,,,,,,,,,,9.067500114440918,79.0,1016.2999877929688,5.617797374725342,0.0,5.154415130615234,114.77511596679688,0.0299999993294477,8.917500495910645,0.2630000114440918
1779084000000,2026-05-18 06:00:00,,,,,,,,,,,,,10.917500495910645,73.0,1016.0999755859376,6.265944480895996,0.0,5.623379707336426,129.80552673339844,0.0799999982118606,9.517499923706056,0.2630000114440918
1779087600000,2026-05-18 07:00:00,,,,,,,,,,,,,13.11750030517578,68.0,1016.0999755859376,7.343025207519531,0.0,5.351784706115723,132.27362060546875,0.1599999964237213,10.567500114440918,0.2630000114440918
1779091200000,2026-05-18 08:00:00,,,,,,,,,,,,,15.217500686645508,63.0,1015.7999877929688,8.218402862548828,0.0,5.600285530090332,135.00010681152344,0.2599999904632568,11.917500495910645,0.2619999945163727
1779094800000,2026-05-18 09:00:00,,,,,,,,,,,,,16.61750030517578,54.0,1015.4000244140624,7.268161773681641,0.0,4.510787010192871,118.61036682128906,0.3600000143051147,13.167500495910645,0.2610000073909759
1779098400000,2026-05-18 10:00:00,,,,,,,,,,,,,17.567501068115234,46.0,1015.0,5.811028003692627,0.0,6.696386814117432,126.2539291381836,0.3600000143051147,14.017499923706056,0.2599999904632568
1779102000000,2026-05-18 11:00:00,,,,,,,,,,,,,18.067501068115234,45.0,1014.9000244140624,5.94839334487915,0.0,4.510787010192871,151.38963317871094,0.3600000143051147,14.61750030517578,0.2590000033378601
1779105600000,2026-05-18 12:00:00,,,,,,,,,,,,,17.61750030517578,46.0,1014.5,5.856618881225586,0.0,2.9024126529693604,352.87506103515625,0.270000010728836,14.86750030517578,0.257999986410141
1779109200000,2026-05-18 13:00:00,,,,,,,,,,,,,17.467500686645508,48.0,1014.2000122070312,6.336192607879639,0.0,4.0249223709106445,259.6952209472656,0.2399999946355819,15.017499923706056,0.2569999992847442
1779112800000,2026-05-18 14:00:00,,,,,,,,,,,,,16.86750030517578,51.0,1014.2000122070312,6.665679931640625,0.0,5.315336227416992,208.3006591796875,0.1899999976158142,14.767499923706056,0.2569999992847442
1779116400000,2026-05-18 15:00:00,,,,,,,,,,,,,17.317501068115234,52.0,1014.2000122070312,7.364936828613281,0.0,2.099142551422119,149.03631591796875,0.1500000059604644,14.717500686645508,0.2560000121593475
1779117260197,2026-05-18 15:14:20,,,,11.82,11.98,11.25,,,,100.0,-112.0,-12.0,,,,,,,,,,
1779120000000,2026-05-18 16:00:00,,,,,,,,,,,,,17.86750030517578,45.0,1014.2000122070312,5.766520023345947,0.0,1.4843180179595947,75.96372985839844,0.2100000232458114,15.067500114440918,0.2549999952316284
1779123600000,2026-05-18 17:00:00,,,,,,,,,,,,,17.36750030517578,50.0,1014.2999877929688,6.838178634643555,0.0,3.3190360069274902,102.52880096435548,0.1400000154972076,15.017499923706056,0.2549999952316284
1779127200000,2026-05-18 18:00:00,,,,,,,,,,,,,15.86750030517578,57.0,1014.4000244140624,7.360032558441162,0.0,3.7585103511810303,73.30067443847656,0.0700000077486038,14.517499923706056,0.2540000081062317
1779130800000,2026-05-18 19:00:00,,,,,,,,,,,,,13.317500114440918,62.0,1014.9000244140624,6.187404155731201,0.0,7.199999809265137,53.13002014160156,0.0299999993294477,13.517499923706056,0.2540000081062317
1779131656491,2026-05-18 19:14:16,,,,11.96,11.33,11.17,,,,100.0,-112.0,-7.8,,,,,,,,,,
1779134400000,2026-05-18 20:00:00,,,,,,,,,,,,,12.917500495910645,63.0,1015.2999877929688,6.0408549308776855,0.0,6.608721733093262,60.64234161376953,0.0299999993294477,12.767499923706056,0.2540000081062317
1779138000000,2026-05-18 21:00:00,,,,,,,,,,,,,12.917500495910645,63.0,1015.7000122070312,6.0408549308776855,0.0,5.399999618530273,90.0,0.0199999995529651,12.167500495910645,0.2540000081062317
1779141600000,2026-05-18 22:00:00,,,,,,,,,,,,,11.817500114440918,72.0,1015.9000244140624,6.931849956512451,0.0,5.154415607452393,102.09474182128906,0.0199999995529651,11.817500114440918,0.2540000081062317
1779145200000,2026-05-18 23:00:00,,,,,,,,,,,,,10.767499923706056,77.0,1016.5,6.896929740905762,0.0,2.4149534702301025,153.4350128173828,0.0099999997764825,11.267499923706056,0.2540000081062317
1779148800000,2026-05-19 00:00:00,,,,,,,,,,,,,10.517499923706056,77.0,1016.7999877929688,6.65449333190918,0.0,1.4843180179595947,75.96372985839844,0.0,11.267499923706056,0.2529999911785126
1779152400000,2026-05-19 01:00:00,,,,,,,,,,,,,10.86750030517578,77.0,1016.5,6.993900775909424,0.0,1.7999999523162842,270.0,0.0,10.667500495910645,0.2529999911785126
1779156000000,2026-05-19 02:00:00,,,,,,,,,,,,,10.467500686645508,82.0,1016.9000244140624,7.5247273445129395,0.0,4.896529197692871,287.1028137207031,0.0,10.167500495910645,0.2529999911785126
1779159600000,2026-05-19 03:00:00,,,,,,,,,,,,,10.36750030517578,88.0,1017.4000244140624,8.465526580810547,0.0,5.959060192108154,295.016845703125,0.0,10.267499923706056,0.2529999911785126
1779163200000,2026-05-19 04:00:00,,,,,,,,,,,,,10.267499923706056,88.0,1018.2000122070312,8.367021560668945,0.0,6.439876079559326,296.5649719238281,0.0,10.36750030517578,0.2540000081062317
1779166800000,2026-05-19 05:00:00,,,,,,,,,,,,,11.067500114440918,85.0,1018.5,8.641084671020508,0.0,7.628262996673584,289.2901306152344,0.0199999995529651,10.567500114440918,0.2540000081062317
1779170400000,2026-05-19 06:00:00,,,,,,,,,,,,,12.017499923706056,81.0,1018.7000122070312,8.856955528259277,0.0,9.832679748535156,293.74951171875,0.0799999982118606,11.167500495910645,0.2540000081062317
1779174000000,2026-05-19 07:00:00,,,,,,,,,,,,,13.417500495910645,73.0,1018.7000122070312,8.674766540527344,0.0,10.82995891571045,285.4222106933594,0.1400000154972076,11.967500686645508,0.2540000081062317
1779174845296,2026-05-19 07:14:05,,,,12.14,12.22,11.54,,,,100.0,-112.0,-9.8,,,,,,,,,,
1779177600000,2026-05-19 08:00:00,,,,,,,,,,,,,14.667500495910645,67.0,1019.0,8.604525566101074,0.0,11.275529861450195,286.6993103027344,0.2100000232458114,12.86750030517578,0.2529999911785126
1779181200000,2026-05-19 09:00:00,,,,,,,,,,,,,15.86750030517578,63.0,1019.0999755859376,8.83360767364502,0.0,10.13769245147705,286.5044250488281,0.270000010728836,13.917500495910645,0.2529999911785126
1779184800000,2026-05-19 10:00:00,,,,,,,,,,,,,17.067501068115234,58.0,1019.0999755859376,8.73941421508789,0.0,9.178235054016112,281.3099060058594,0.3199999928474426,14.917500495910645,0.2520000040531158
1779188400000,2026-05-19 11:00:00,,,,,,,,,,,,,18.217500686645508,51.0,1019.0,7.911525249481201,0.0,9.178235054016112,295.5599060058594,0.3400000035762787,15.817500114440918,0.2509999871253967
1779189241574,2026-05-19 11:14:01,,,,12.14,11.98,11.22,,,,100.0,-113.0,-11.5,,,,,,,,,,
1779189247026,2026-05-19 11:14:07,39.54,31.36,28.5,,,,337.02,304.7,279.61,100.0,-112.0,-9.2,,,,,,,,,,
1779192000000,2026-05-19 12:00:00,,,,,,,,,,,,,18.86750030517578,43.0,1018.7000122070312,6.015682697296143,0.0,11.269782066345217,296.5649719238281,0.3500000238418579,16.5674991607666,0.25
1779195600000,2026-05-19 13:00:00,,,,,,,,,,,,,19.467500686645508,39.0,1018.2999877929688,5.146186351776123,0.0,11.983187675476074,302.7351989746094,0.3600000143051147,17.067501068115234,0.248999997973442
1779199200000,2026-05-19 14:00:00,,,,,,,,,,,,,19.667499542236328,38.0,1017.7000122070312,4.95145845413208,0.0,9.693296432495115,301.3286437988281,0.3199999928474426,17.417499542236328,0.2479999959468841
1779202800000,2026-05-19 15:00:00,,,,,,,,,,,,,19.717500686645508,36.0,1017.7000122070312,4.221909523010254,0.0,6.608721733093262,299.357666015625,0.2800000309944153,17.567501068115234,0.2469999939203262
1779203644841,2026-05-19 15:14:04,39.44,31.19,28.38,,,,336.78,304.53,279.52,100.0,-113.0,-7.5,,,,,,,,,,
1779206400000,2026-05-19 16:00:00,,,,,,,,,,,,,19.467500686645508,38.0,1017.7999877929688,4.773229598999023,0.0,5.001279830932617,329.74365234375,0.2300000041723251,17.517499923706055,0.2460000067949295
1779210000000,2026-05-19 17:00:00,,,,,,,,,,,,,19.01749992370605,41.0,1018.0,5.462793827056885,0.0,2.968636035919189,14.036274909973145,0.1400000154972076,17.167499542236328,0.2450000047683715
1779213600000,2026-05-19 18:00:00,,,,,,,,,,,,,17.767499923706055,51.0,1018.0999755859376,7.496300220489502,0.0,3.826852560043335,48.81417465209961,0.0599999986588954,16.5674991607666,0.2450000047683715
1779217200000,2026-05-19 19:00:00,,,,,,,,,,,,,14.967500686645508,57.0,1018.5999755859376,6.5181097984313965,0.0,6.193674087524414,54.46223831176758,0.0299999993294477,15.467500686645508,0.2440000027418136
1779220800000,2026-05-19 20:00:00,,,,,,,,,,,,,14.917500495910645,51.0,1018.9000244140624,4.865228652954102,0.0,5.692099571228027,71.5649642944336,0.0299999993294477,14.517499923706056,0.2440000027418136
1779224400000,2026-05-19 21:00:00,,,,,,,,,,,,,14.317500114440918,64.0,1019.4000244140624,7.597182273864746,0.0,4.0249223709106445,26.564985275268555,0.0199999995529651,14.067500114440918,0.2440000027418136
1779228000000,2026-05-19 22:00:00,,,,,,,,,,,,,13.36750030517578,66.0,1019.5,7.144896507263184,0.0,4.896529197692871,107.10281372070312,0.0099999997764825,13.517499923706056,0.2440000027418136
1779231600000,2026-05-19 23:00:00,,,,,,,,,,,,,13.217500686645508,68.0,1019.5999755859376,7.4385666847229,0.0,3.7585103511810303,106.69932556152344,0.0099999997764825,13.067500114440918,0.2440000027418136
1779232430435,2026-05-19 23:13:50,,,,12.57,12.35,11.3,,,,100.0,-112.0,-12.8,,,,,,,,,,
1779235200000,2026-05-20 00:00:00,,,,,,,,,,,,,11.61750030517578,75.0,1020.0999755859376,7.335425853729248,0.0,5.039999961853027,90.0,0.0099999997764825,11.717500686645508,0.2430000007152557
1779238800000,2026-05-20 01:00:00,,,,,,,,,,,,,11.267499923706056,74.0,1020.0,6.80133581161499,0.0,5.052840709686279,94.08554077148438,0.0099999997764825,11.417500495910645,0.2440000027418136
1779242400000,2026-05-20 02:00:00,,,,,,,,,,,,,11.417500495910645,73.0,1020.0999755859376,6.747777938842773,0.0,5.447788238525391,97.59455108642578,0.0099999997764825,11.217500686645508,0.2440000027418136
1779246000000,2026-05-20 03:00:00,,,,,,,,,,,,,11.517499923706056,72.0,1020.4000244140624,6.643235683441162,0.0,5.506940841674805,101.30989837646484,0.0099999997764825,11.267499923706056,0.2440000027418136
1779246826671,2026-05-20 03:13:46,,,,12.62,12.33,11.07,,,,100.0,-112.0,-9.8,,,,,,,,,,
1779246832170,2026-05-20 03:13:52,39.3,31.02,28.28,,,,336.47,304.35,279.44,100.0,-111.0,-10.0,,,,,,,,,,
1779249600000,2026-05-20 04:00:00,,,,,,,,,,,,,12.067500114440918,71.0,1020.7999877929688,6.968101978302002,0.0,5.154415607452393,102.09474182128906,0.0199999995529651,11.36750030517578,0.2440000027418136
1779253200000,2026-05-20 05:00:00,,,,,,,,,,,,,12.567500114440918,69.0,1021.0,7.030461311340332,0.0,5.091168403625488,98.13002014160156,0.0099999997764825,11.567500114440918,0.2440000027418136
1779256800000,2026-05-20 06:00:00,,,,,,,,,,,,,13.967500686645508,70.0,1020.9000244140624,8.582798957824707,0.0,4.33497428894043,131.63345336914062,0.0599999986588954,12.017499923706056,0.2440000027418136
1779260400000,2026-05-20 07:00:00,,,,,,,,,,,,,15.817500114440918,65.0,1020.7999877929688,9.2498197555542,0.0,2.9024126529693604,150.2552032470703,0.1400000154972076,12.917500495910645,0.2440000027418136
1779264000000,2026-05-20 08:00:00,,,,,,,,,,,,,17.217500686645508,66.0,1021.0,10.808960914611816,0.0,3.3190360069274902,229.39878845214844,0.1800000071525573,13.86750030517578,0.2440000027418136
1779267600000,2026-05-20 09:00:00,,,,,,,,,,,,,18.167499542236328,66.0,1021.2999877929688,11.712672233581545,0.0,4.735060214996338,261.25390625,0.2199999988079071,14.767499923706056,0.2430000007152557
1779271200000,2026-05-20 10:00:00,,,,,,,,,,,,,18.86750030517578,62.0,1021.4000244140624,11.429815292358398,0.0,7.968938827514648,251.56495666503903,0.25,15.517499923706056,0.2430000007152557
1779274800000,2026-05-20 11:00:00,,,,,,,,,,,,,19.36750030517578,57.0,1021.4000244140624,10.63234519958496,0.0,7.421589851379394,230.90614318847656,0.270000010728836,15.967500686645508,0.2419999986886978
1779278400000,2026-05-20 12:00:00,,,,,,,,,,,,,18.067501068115234,64.0,1021.5,11.152543067932127,0.2000000029802322,10.144082069396973,242.5256500244141,0.1599999964237213,15.86750030517578,0.2419999986886978
1779282000000,2026-05-20 13:00:00,,,,,,,,,,,,,18.467500686645508,67.0,1021.4000244140624,12.226567268371582,0.4000000059604645,5.241678714752197,254.0545349121093,0.1899999976158142,15.817500114440918,0.2409999966621399
1779285600000,2026-05-20 14:00:00,,,,,,,,,,,,,19.817501068115234,66.0,1021.0,13.281888961791992,0.0,3.3190360069274902,192.5287933349609,0.3000000119209289,16.417499542236328,0.2409999966621399
1779289200000,2026-05-20 15:00:00,,,,,,,,,,,,,17.417499542236328,68.0,1021.5999755859376,11.449790954589844,0.3000000119209289,10.182336807250977,278.1300048828125,0.1899999976158142,16.267499923706055,0.2409999966621399
1779290015552,2026-05-20 15:13:35,,,,12.65,11.85,11.69,,,,100.0,-121.0,-13.0,,,,,,,,,,
1779292800000,2026-05-20 16:00:00,,,,,,,,,,,,,18.26749992370605,69.0,1021.5,12.48355197906494,0.0,8.121970176696777,282.80426025390625,0.1700000017881393,15.967500686645508,0.2409999966621399
1779296400000,2026-05-20 17:00:00,,,,,,,,,,,,,15.567500114440918,85.0,1022.5,13.054811477661133,2.200000047683716,10.948972702026367,279.4622497558594,0.1400000154972076,15.817500114440918,0.2409999966621399
1779300000000,2026-05-20 18:00:00,,,,,,,,,,,,,15.467500686645508,86.0,1022.9000244140624,13.135804176330566,0.8999999761581421,2.4149534702301025,296.5649719238281,0.0399999991059303,15.267499923706056,0.2520000040531158
1779303600000,2026-05-20 19:00:00,,,,,,,,,,,,,15.317500114440918,83.0,1023.7000122070312,12.446300506591797,0.1000000014901161,4.0249223709106445,333.4350280761719,0.0099999997764825,14.817500114440918,0.2610000073909759
1779307200000,2026-05-20 20:00:00,,,,,,,,,,,,,14.36750030517578,93.0,1024.5999755859375,13.249847412109377,6.900000095367432,5.804825305938721,277.1249084472656,0.0099999997764825,14.467500686645508,0.3120000064373016
1779310800000,2026-05-20 21:00:00,,,,,,,,,,,,,14.11750030517578,92.0,1025.0,12.836665153503418,0.800000011920929,4.693825721740723,302.4711608886719,0.0199999995529651,14.217500686645508,0.335999995470047
1779314400000,2026-05-20 22:00:00,,,,,,,,,,,,,13.417500495910645,92.0,1025.4000244140625,12.143611907958984,0.1000000014901161,3.3190360069274902,319.3987731933594,0.0,13.86750030517578,0.3319999873638153
1779318000000,2026-05-20 23:00:00,,,,,,,,,,,,,13.217500686645508,94.0,1025.9000244140625,12.272438049316406,0.0,4.896529674530029,306.0274658203125,0.0,13.467500686645508,0.3260000050067901
1779321600000,2026-05-21 00:00:00,,,,,,,,,,,,,12.817500114440918,90.0,1025.199951171875,11.217414855957031,0.0,4.843304634094238,311.98712158203125,0.0,12.967500686645508,0.2380000054836273
1779325200000,2026-05-21 01:00:00,,,,,,,,,,,,,12.717500686645508,91.0,1025.9000244140625,11.285405158996582,0.0,6.109402656555176,315.0000915527344,0.0,12.86750030517578,0.2380000054836273
1779328800000,2026-05-21 02:00:00,,,,,,,,,,,,,12.967500686645508,91.0,1026.300048828125,11.532611846923828,0.0,6.297428131103516,300.96368408203125,0.0099999997764825,12.817500114440918,0.238999992609024
1779332400000,2026-05-21 03:00:00,,,,,,,,,,,,,12.467500686645508,93.0,1026.4000244140625,11.366250991821287,0.0,5.804825305938721,299.7447814941406,0.0099999997764825,12.767499923706056,0.238999992609024
1779336000000,2026-05-21 04:00:00,,,,,,,,,,,,,12.417500495910645,94.0,1026.9000244140625,11.47831916809082,0.0,6.119999885559082,298.0723876953125,0.0,12.567500114440918,0.238999992609024
1779339600000,2026-05-21 05:00:00,,,,,,,,,,,,,13.11750030517578,90.0,1027.5,11.513671875,0.0,6.952754497528076,291.2505798339844,0.0299999993294477,12.667500495910645,0.238999992609024
1779343200000,2026-05-21 06:00:00,,,,,,,,,,,,,14.067500114440918,85.0,1027.699951171875,11.583734512329102,0.0,10.308830261230469,294.7751159667969,0.0799999982118606,13.11750030517578,0.238999992609024
1779346800000,2026-05-21 07:00:00,,,,,,,,,,,,,15.067500114440918,78.0,1027.800048828125,11.260355949401855,0.0,10.315114974975586,299.24871826171875,0.1299999952316284,13.567500114440918,0.238999992609024
1779347609589,2026-05-21 07:13:29,38.89,30.5,27.98,,,,335.55,303.82,279.21,100.0,-112.0,-13.5,,,,,,,,,,
1779350400000,2026-05-21 08:00:00,,,,,,,,,,,,,16.217500686645508,75.0,1027.800048828125,11.780678749084473,0.0,10.630672454833984,298.3006591796875,0.1899999976158142,14.217500686645508,0.238999992609024
1779354000000,2026-05-21 09:00:00,,,,,,,,,,,,,17.267499923706055,70.0,1027.9000244140625,11.745118141174316,0.0,9.79305934906006,306.0274658203125,0.270000010728836,15.167500495910645,0.238999992609024
1779357600000,2026-05-21 10:00:00,,,,,,,,,,,,,18.217500686645508,63.0,1027.800048828125,11.057106018066406,0.0,10.18869972229004,302.0053405761719,0.3000000119209289,15.917500495910645,0.2380000054836273
1779361200000,2026-05-21 11:00:00,,,,,,,,,,,,,18.417499542236328,58.0,1027.5,10.004137992858888,0.0,12.413476943969728,299.5386962890625,0.3199999928474426,16.61750030517578,0.2370000034570694
1779361996871,2026-05-21 11:13:16,,,,12.94,12.78,11.9,,,,100.0,-112.0,-11.0,,,,,,,,,,
1779362002622,2026-05-21 11:13:22,38.81,30.39,27.9,,,,335.37,303.7,279.15,100.0,-112.0,-8.2,,,,,,,,,,
1779364800000,2026-05-21 12:00:00,,,,,,,,,,,,,19.717500686645508,50.0,1027.0999755859375,9.001189231872559,0.0,12.413476943969728,299.5386962890625,0.270000010728836,16.817501068115234,0.2370000034570694
1779368400000,2026-05-21 13:00:00,,,,,,,,,,,,,20.217500686645508,46.0,1027.0999755859375,8.22622013092041,0.0,12.738099098205566,317.2906188964844,0.3000000119209289,17.267499923706055,0.2360000014305114
1779372000000,2026-05-21 14:00:00,,,,,,,,,,,,,19.76749992370605,52.0,1027.199951171875,9.630390167236328,0.0,9.957107543945312,319.3987731933594,0.25,17.417499542236328,0.2349999994039535
1779375600000,2026-05-21 15:00:00,,,,,,,,,,,,,19.667499542236328,52.0,1027.0999755859375,9.53795337677002,0.0,9.957107543945312,310.6012268066406,0.2199999988079071,17.61750030517578,0.2349999994039535
1779379200000,2026-05-21 16:00:00,,,,,,,,,,,,,19.417499542236328,54.0,1027.0999755859375,9.869145393371582,0.0,7.65370512008667,318.81414794921875,0.1400000154972076,17.317501068115234,0.2339999973773956
1779382800000,2026-05-21 17:00:00,,,,,,,,,,,,,18.717500686645508,60.0,1027.300048828125,10.79404067993164,0.0,10.144082069396973,297.4743347167969,0.1000000089406967,17.017499923706055,0.2339999973773956
1779386400000,2026-05-21 18:00:00,,,,,,,,,,,,,17.667499542236328,69.0,1027.699951171875,11.9097900390625,0.0,5.191993713378906,303.6900939941406,0.0700000077486038,16.61750030517578,0.2339999973773956
1779390000000,2026-05-21 19:00:00,,,,,,,,,,,,,16.0674991607666,74.0,1028.0999755859375,11.432684898376465,0.0,5.191993713378906,326.3099060058594,0.0199999995529651,15.967500686645508,0.2329999953508377
1779393600000,2026-05-21 20:00:00,,,,,,,,,,,,,15.567500114440918,79.0,1028.300048828125,11.938901901245115,0.0,5.351784706115723,340.3460998535156,0.0099999997764825,15.317500114440918,0.2329999953508377
1779397200000,2026-05-21 21:00:00,,,,,,,,,,,,,14.917500495910645,83.0,1028.5,12.055135726928713,0.0,2.595996856689453,326.3099060058594,0.0099999997764825,14.817500114440918,0.2329999953508377
1779400800000,2026-05-21 22:00:00,,,,,,,,,,,,,14.017499923706056,85.0,1028.800048828125,11.53469467163086,0.0,0.8049845099449158,243.4350128173828,0.0,13.967500686645508,0.2329999953508377
1779404400000,2026-05-21 23:00:00,,,,,,,,,,,,,13.217500686645508,87.0,1029.199951171875,11.100231170654297,0.0,1.6099690198898315,63.43501281738281,0.0,13.167500495910645,0.2339999973773956
1779405185623,2026-05-21 23:13:05,,,,13.29,12.99,12.01,,,,100.0,-113.0,-14.0,,,,,,,,,,
1779408000000,2026-05-22 00:00:00,,,,,,,,,,,,,12.317500114440918,89.0,1029.699951171875,10.555784225463867,0.0,1.4843180179595947,75.96372985839844,0.0,12.017499923706056,0.2409999966621399
1779411600000,2026-05-22 01:00:00,,,,,,,,,,,,,11.717500686645508,91.0,1029.199951171875,10.296551704406738,0.0,1.938659191131592,111.80147552490234,0.0,11.61750030517578,0.2409999966621399
1779415200000,2026-05-22 02:00:00,,,,,,,,,,,,,11.36750030517578,91.0,1029.0999755859375,9.950441360473633,0.0,3.617955207824707,95.71050262451172,0.0,11.36750030517578,0.2409999966621399
1779418800000,2026-05-22 03:00:00,,,,,,,,,,,,,11.067500114440918,90.0,1029.5,9.489161491394045,0.0,2.879999876022339,90.0,0.0,11.017499923706056,0.2409999966621399
1779419588992,2026-05-22 03:13:08,38.61,30.13,27.72,,,,334.94,303.43,279.01,100.0,-113.0,-8.5,,,,,,,,,,
1779422400000,2026-05-22 04:00:00,,,,,,,,,,,,,10.917500495910645,92.0,1030.0,9.668267250061035,0.0,2.741678237915039,113.19862365722656,0.0,10.717500686645508,0.2409999966621399
1779426000000,2026-05-22 05:00:00,,,,,,,,,,,,,12.417500495910645,90.0,1030.4000244140625,10.822399139404297,0.0,2.968636035919189,104.03627014160156,0.0099999997764825,11.11750030517578,0.2409999966621399
1779429600000,2026-05-22 06:00:00,,,,,,,,,,,,,14.467500686645508,84.0,1030.300048828125,11.796493530273438,0.0,2.545584201812744,135.00010681152344,0.0700000077486038,12.217500686645508,0.2409999966621399
1779433200000,2026-05-22 07:00:00,,,,,,,,,,,,,16.967500686645508,76.0,1030.199951171875,12.707274436950684,0.0,2.545584201812744,171.86997985839844,0.1500000059604644,13.567500114440918,0.2409999966621399
1779436800000,2026-05-22 08:00:00,,,,,,,,,,,,,18.917499542236328,68.0,1030.0,12.881651878356934,0.0,2.4149534702301025,243.4350128173828,0.2599999904632568,14.917500495910645,0.2399999946355819
1779440400000,2026-05-22 09:00:00,,,,,,,,,,,,,20.36750030517578,58.0,1029.9000244140625,11.83022403717041,0.0,3.877318382263184,291.8014831542969,0.3600000143051147,16.217500686645508,0.2399999946355819
1779444000000,2026-05-22 10:00:00,,,,,,,,,,,,,21.51749992370605,52.0,1029.800048828125,11.247573852539062,0.0,5.495161056518555,301.6074523925781,0.4200000464916229,17.36750030517578,0.238999992609024
1779447600000,2026-05-22 11:00:00,,,,,,,,,,,,,22.36750030517578,49.0,1029.5,11.133382797241213,0.0,5.815978050231934,291.8014831542969,0.4200000464916229,18.417499542236328,0.2370000034570694
1779448374459,2026-05-22 11:12:54,,,,13.26,12.27,12.17,,,,100.0,-112.0,-9.5,,,,,,,,,,
1779451200000,2026-05-22 12:00:00,,,,,,,,,,,,,22.817501068115234,46.0,1029.0999755859375,10.593692779541016,0.0,6.297428131103516,300.96368408203125,0.3700000345706939,19.067501068115234,0.2360000014305114
1779454800000,2026-05-22 13:00:00,,,,,,,,,,,,,23.417499542236328,45.0,1028.5999755859375,10.808660507202148,0.0,3.7585103511810303,253.30067443847656,0.3199999928474426,19.317501068115234,0.2349999994039535
1779458400000,2026-05-22 14:00:00,,,,,,,,,,,,,22.967500686645508,46.0,1028.300048828125,10.730210304260254,0.0,5.351784706115723,340.3460998535156,0.3100000023841858,19.567501068115234,0.2339999973773956
1779462000000,2026-05-22 15:00:00,,,,,,,,,,,,,22.817501068115234,49.0,1028.199951171875,11.546065330505373,0.0,10.028438568115234,338.96240234375,0.2300000041723251,19.467500686645508,0.2339999973773956
1779462770697,2026-05-22 15:12:50,,,,13.43,13.1,12.27,,,,100.0,-113.0,-12.8,,,,,,,,,,
1779465600000,2026-05-22 16:00:00,,,,,,,,,,,,,23.01749992370605,47.0,1028.199951171875,11.099569320678713,0.0,6.130578994750977,356.63360595703125,0.25,19.51749992370605,0.2329999953508377
1779469200000,2026-05-22 17:00:00,,,,,,,,,,,,,22.36750030517578,52.0,1028.199951171875,12.03276538848877,0.0,4.735060214996338,351.25390625,0.1700000017881393,19.317501068115234,0.2319999933242797
1779472800000,2026-05-22 18:00:00,,,,,,,,,,,,,20.61750030517578,64.0,1028.300048828125,13.56864070892334,0.0,3.877318382263184,21.801475524902344,0.0700000077486038,18.76749992370605,0.2319999933242797
1779476400000,2026-05-22 19:00:00,,,,,,,,,,,,,18.467500686645508,66.0,1028.699951171875,11.998019218444824,0.0,6.6380720138549805,40.60121536254883,0.0299999993294477,17.767499923706055,0.2319999933242797
1779480000000,2026-05-22 20:00:00,,,,,,,,,,,,,17.817501068115234,66.0,1028.5999755859375,11.379746437072754,0.0,6.877789497375488,47.12110900878906,0.0299999993294477,16.917499542236328,0.231000006198883
1779483600000,2026-05-22 21:00:00,,,,,,,,,,,,,17.017499923706055,71.0,1028.800048828125,11.720344543457031,0.0,5.692099094390869,55.30478286743164,0.0199999995529651,16.3174991607666,0.231000006198883
1779487200000,2026-05-22 22:00:00,,,,,,,,,,,,,16.817501068115234,71.0,1029.0,11.528409004211426,0.0,4.379589080810547,80.53775024414062,0.0199999995529651,15.767499923706056,0.231000006198883
1779490800000,2026-05-22 23:00:00,,,,,,,,,,,,,16.017499923706055,73.0,1029.199951171875,11.179020881652832,0.0,3.9600000381469727,90.0,0.0099999997764825,15.11750030517578,0.231000006198883
1779494400000,2026-05-23 00:00:00,,,,,,,,,,,,,15.11750030517578,85.0,1028.5999755859375,12.61350440979004,0.0,3.7585103511810303,106.69932556152344,0.0,15.017499923706056,0.2349999994039535
1779498000000,2026-05-23 01:00:00,,,,,,,,,,,,,14.267499923706056,85.0,1028.800048828125,11.779887199401855,0.0,3.7585103511810303,106.69932556152344,0.0,14.417500495910645,0.2349999994039535
1779501600000,2026-05-23 02:00:00,,,,,,,,,,,,,13.86750030517578,85.0,1029.0,11.387577056884766,0.0,4.802999019622803,102.99462127685548,0.0,13.86750030517578,0.2360000014305114
1779505200000,2026-05-23 03:00:00,,,,,,,,,,,,,13.517499923706056,86.0,1029.4000244140625,11.220693588256836,0.0,4.896529197692871,107.10281372070312,0.0,13.417500495910645,0.2360000014305114
1779508800000,2026-05-23 04:00:00,,,,,,,,,,,,,13.317500114440918,88.0,1029.5,11.371155738830566,0.0,4.680000305175781,112.61991119384766,0.0,13.11750030517578,0.2360000014305114
1779512400000,2026-05-23 05:00:00,,,,,,,,,,,,,14.767499923706056,87.0,1029.5999755859375,12.62465000152588,0.0,4.104631423950195,127.8750457763672,0.0199999995529651,13.467500686645508,0.2360000014305114
1779516000000,2026-05-23 06:00:00,,,,,,,,,,,,,16.817501068115234,81.0,1029.300048828125,13.537643432617188,0.0,3.5999999046325684,143.13002014160156,0.0799999982118606,14.417500495910645,0.2360000014305114
1779519600000,2026-05-23 07:00:00,,,,,,,,,,,,,19.317501068115234,72.0,1029.0999755859375,14.142988204956056,0.0,3.7064266204833984,150.94549560546875,0.1700000017881393,15.717500686645508,0.2360000014305114
1779523200000,2026-05-23 08:00:00,,,,,,,,,,,,,21.36750030517578,64.0,1029.0999755859375,14.279020309448242,0.0,2.741678237915039,156.80137634277344,0.2800000309944153,17.067501068115234,0.2349999994039535
1779526800000,2026-05-23 09:00:00,,,,,,,,,,,,,23.11750030517578,55.0,1029.0,13.584857940673828,0.0,2.27683973312378,198.4350433349609,0.3799999952316284,18.36750030517578,0.2339999973773956
1779530400000,2026-05-23 10:00:00,,,,,,,,,,,,,24.317501068115234,47.0,1028.9000244140625,12.285454750061035,0.0,1.2979984283447266,236.3099060058593,0.4300000071525574,19.467500686645508,0.2329999953508377
1779534000000,2026-05-23 11:00:00,,,,,,,,,,,,,25.36750030517578,42.0,1028.4000244140625,11.529784202575684,0.0,1.7999999523162842,270.0,0.4399999976158142,20.467500686645508,0.2319999933242797
1779534752085,2026-05-23 11:12:32,,,,13.89,12.59,12.41,,,,100.0,-121.0,-14.5,,,,,,,,,,
1779534757703,2026-05-23 11:12:37,38.07,29.42,27.23,,,,333.78,302.7,278.64,100.0,-112.0,-6.5,,,,,,,,,,
1779537600000,2026-05-23 12:00:00,,,,,,,,,,,,,26.167499542236328,41.0,1028.0999755859375,11.883206367492676,0.0,2.968636035919189,284.0362548828125,0.4399999976158142,21.36750030517578,0.231000006198883
1779541200000,2026-05-23 13:00:00,,,,,,,,,,,,,26.817501068115234,42.0,1027.5999755859375,12.83376693725586,0.0,3.545588731765747,293.9624938964844,0.4099999964237213,22.067501068115234,0.2300000041723251
1779544800000,2026-05-23 14:00:00,,,,,,,,,,,,,26.967500686645508,45.0,1027.199951171875,14.028606414794922,0.0,4.198285102844238,329.03631591796875,0.3600000143051147,22.61750030517578,0.2290000021457672
1779548400000,2026-05-23 15:00:00,,,,,,,,,,,,,26.967500686645508,41.0,1026.800048828125,12.60044765472412,0.0,5.351784706115723,317.72637939453125,0.3199999928474426,22.86750030517578,0.2280000001192093
1779552000000,2026-05-23 16:00:00,,,,,,,,,,,,,26.36750030517578,49.0,1026.699951171875,14.799588203430176,0.0,6.193674087524414,324.4622497558594,0.25,22.717500686645508,0.2269999980926513
1779555600000,2026-05-23 17:00:00,,,,,,,,,,,,,25.317501068115234,50.0,1026.699951171875,14.149251937866213,0.0,7.968938827514648,341.56494140625,0.1700000017881393,22.26749992370605,0.2259999960660934
1779559200000,2026-05-23 18:00:00,,,,,,,,,,,,,23.36750030517578,58.0,1026.800048828125,14.637872695922852,0.0,5.052840709686279,4.085536956787109,0.0900000035762786,21.51749992370605,0.2259999960660934
1779562800000,2026-05-23 19:00:00,,,,,,,,,,,,,21.26749992370605,62.0,1027.0999755859375,13.694851875305176,0.0,6.1516828536987305,20.556127548217773,0.0399999991059303,20.317501068115234,0.2259999960660934
1779566400000,2026-05-23 20:00:00,,,,,,,,,,,,,20.467500686645508,68.0,1027.0999755859375,14.360844612121582,0.0,4.896529674530029,36.02747344970703,0.0299999993294477,19.317501068115234,0.2259999960660934
1779570000000,2026-05-23 21:00:00,,,,,,,,,,,,,20.11750030517578,69.0,1027.300048828125,14.252283096313477,0.0,2.189794540405273,80.53775024414062,0.0,18.36750030517578,0.2249999940395355
1779573600000,2026-05-23 22:00:00,,,,,,,,,,,,,18.36750030517578,76.0,1027.5,14.061655044555664,0.0,2.5199999809265137,90.0,0.0,17.36750030517578,0.2249999940395355
1779577200000,2026-05-23 23:00:00,,,,,,,,,,,,,17.667499542236328,80.0,1027.5999755859375,14.17427921295166,0.0,3.239999771118164,90.0,0.0,16.61750030517578,0.2259999960660934
1779577940792,2026-05-23 23:12:20,,,,14.53,14.06,12.62,,,,100.0,-113.0,-13.5,,,,,,,,,,
1779580800000,2026-05-24 00:00:00,,,,,,,,,,,,,16.267499923706055,87.0,1027.5999755859375,14.099745750427246,0.0,3.976329803466797,84.8056640625,0.0,16.417499542236328,0.2269999980926513
1779584400000,2026-05-24 01:00:00,,,,,,,,,,,,,16.517499923706055,84.0,1027.9000244140625,13.804020881652832,0.0,1.0182337760925293,44.99989700317383,0.0,15.967500686645508,0.2269999980926513
1779588000000,2026-05-24 02:00:00,,,,,,,,,,,,,15.767499923706056,86.0,1028.0999755859375,13.430415153503418,0.0,3.3190360069274902,102.52880096435548,0.0,15.467500686645508,0.2269999980926513
1779591600000,2026-05-24 03:00:00,,,,,,,,,,,,,15.417500495910645,87.0,1028.4000244140625,13.263876914978027,0.0,2.9024126529693604,97.12492370605467,0.0,15.067500114440918,0.2269999980926513
1779592344045,2026-05-24 03:12:24,37.74,29.13,27.05,,,,333.41,302.4,278.5,100.0,-114.0,-13.5,,,,,,,,,,
1779595200000,2026-05-24 04:00:00,,,,,,,,,,,,,15.417500495910645,87.0,1028.5999755859375,13.263876914978027,0.0,4.33497428894043,94.76355743408205,0.0,14.767499923706056,0.2269999980926513
1779598800000,2026-05-24 05:00:00,,,,,,,,,,,,,17.217500686645508,85.0,1028.5999755859375,14.672800064086914,0.0,3.877318382263184,111.80147552490234,0.0099999997764825,15.11750030517578,0.2280000001192093
1779602400000,2026-05-24 06:00:00,,,,,,,,,,,,,19.317501068115234,80.0,1028.699951171875,15.78022575378418,0.0,0.8049845099449158,243.4350128173828,0.0900000035762786,16.167499542236328,0.2280000001192093
1779606000000,2026-05-24 07:00:00,,,,,,,,,,,,,21.567501068115234,71.0,1028.5999755859375,16.085317611694336,0.0,1.938659191131592,248.1985321044922,0.1700000017881393,17.317501068115234,0.2280000001192093
1779609600000,2026-05-24 08:00:00,,,,,,,,,,,,,23.817501068115234,62.0,1028.4000244140625,16.100162506103516,0.0,2.595996856689453,236.3099060058593,0.270000010728836,18.567501068115234,0.2269999980926513
1779613200000,2026-05-24 09:00:00,,,,,,,,,,,,,25.667499542236328,56.0,1028.199951171875,16.237119674682617,0.0,6.924737930297852,278.9725341796875,0.3700000345706939,19.86750030517578,0.2259999960660934
1779616800000,2026-05-24 10:00:00,,,,,,,,,,,,,27.167499542236328,52.0,1027.9000244140625,16.463106155395508,0.0,9.346142768859863,285.6423034667969,0.4099999964237213,21.217500686645508,0.2259999960660934
1779620400000,2026-05-24 11:00:00,,,,,,,,,,,,,28.067501068115234,45.0,1027.5999755859375,15.025513648986816,0.0,13.378250122070312,293.8059387207031,0.4200000464916229,22.36750030517578,0.2249999940395355
1779624000000,2026-05-24 12:00:00,,,,,,,,,,,,,28.467500686645508,39.0,1027.199951171875,13.175948143005373,0.0,13.708391189575195,293.1986083984375,0.4099999964237213,23.11750030517578,0.2240000069141388
1779627600000,2026-05-24 13:00:00,,,,,,,,,,,,,28.61750030517578,39.0,1027.0,13.309526443481444,0.0,15.62997055053711,298.92633056640625,0.3900000154972076,23.61750030517578,0.2230000048875808
1779631200000,2026-05-24 14:00:00,,,,,,,,,,,,,28.567501068115234,42.0,1026.800048828125,14.406573295593262,0.0,15.98659324645996,305.8377380371094,0.3300000131130218,23.717500686645508,0.2220000028610229
1779634800000,2026-05-24 15:00:00,,,,,,,,,,,,,27.817501068115234,47.0,1026.9000244140625,15.475638389587402,0.0,16.548255920410156,315.8813171386719,0.2199999988079071,23.51749992370605,0.221000000834465
1779635525838,2026-05-24 15:12:05,,,,14.89,13.7,12.67,,,,100.0,-112.0,-10.0,,,,,,,,,,
1779635533811,2026-05-24 15:12:13,37.06,28.79,26.79,,,,332.8,302.05,278.3,100.0,-121.0,-12.5,,,,,,,,,,
1779638400000,2026-05-24 16:00:00,,,,,,,,,,,,,27.26749992370605,45.0,1026.800048828125,14.300528526306152,0.0,16.29174041748047,315.0000915527344,0.2399999946355819,23.467500686645508,0.2199999988079071
1779642000000,2026-05-24 17:00:00,,,,,,,,,,,,,26.067501068115234,49.0,1027.0999755859375,14.524785041809082,0.0,15.876774787902832,327.03057861328125,0.1599999964237213,23.167499542236328,0.2199999988079071
1779645600000,2026-05-24 18:00:00,,,,,,,,,,,,,24.317501068115234,47.0,1027.5999755859375,12.285454750061035,0.0,11.918120384216309,334.9831237792969,0.1099999994039535,22.567501068115234,0.2189999967813491
1779649200000,2026-05-24 19:00:00,,,,,,,,,,,,,22.067501068115234,62.0,1028.5,14.449603080749512,0.0,11.367109298706056,349.04595947265625,0.0500000044703483,21.717500686645508,0.2189999967813491
1779652800000,2026-05-24 20:00:00,,,,,,,,,,,,,20.567501068115234,69.0,1029.199951171875,14.682433128356934,0.0,11.18320083618164,356.3086853027344,0.0299999993294477,20.76749992370605,0.2189999967813491
1779656400000,2026-05-24 21:00:00,,,,,,,,,,,,,19.317501068115234,76.0,1030.0,14.980562210083008,0.0,9.387650489807127,355.60137939453125,0.0199999995529651,20.01749992370605,0.2189999967813491
1779660000000,2026-05-24 22:00:00,,,,,,,,,,,,,17.817501068115234,83.0,1030.699951171875,14.890779495239258,0.0,5.447788238525391,352.4054260253906,0.0099999997764825,19.317501068115234,0.2189999967813491
1779663600000,2026-05-24 23:00:00,,,,,,,,,,,,,16.267499923706055,88.0,1031.0,14.276277542114258,0.0,4.6938252449035645,355.60137939453125,0.0099999997764825,18.467500686645508,0.2189999967813491
1779664326422,2026-05-24 23:12:06,36.92,28.67,26.67,,,,332.68,301.93,278.21,100.0,-113.0,-13.2,,,,,,,,,,
1779667200000,2026-05-25 00:00:00,,,,,,,,,,,,,15.917500495910645,85.0,1030.5,13.398038864135742,0.0,4.0249223709106445,349.6952209472656,0.0,18.26749992370605,0.2179999947547912
1779670800000,2026-05-25 01:00:00,,,,,,,,,,,,,14.667500495910645,90.0,1031.0999755859375,13.044267654418944,0.0,5.052840709686279,355.9144592285156,0.0,17.267499923706055,0.2179999947547912
1779674400000,2026-05-25 02:00:00,,,,,,,,,,,,,14.017499923706056,89.0,1031.800048828125,12.232333183288574,0.0,5.411986351013184,3.814009666442871,0.0,16.61750030517578,0.2179999947547912
1779678000000,2026-05-25 03:00:00,,,,,,,,,,,,,13.517499923706056,85.0,1032.300048828125,11.044297218322754,0.0,5.091168403625488,8.130019187927246,0.0,16.0674991607666,0.2179999947547912
1779678714621,2026-05-25 03:11:54,,,,15.43,14.53,12.99,,,,100.0,-113.0,-15.5,,,,,,,,,,
1779681600000,2026-05-25 04:00:00,,,,,,,,,,,,,13.467500686645508,83.0,1032.699951171875,10.637045860290527,0.0,4.379589080810547,9.462247848510742,0.0099999997764825,15.61750030517578,0.2179999947547912
1779685200000,2026-05-25 05:00:00,,,,,,,,,,,,,14.717500686645508,83.0,1032.699951171875,11.859545707702637,0.0,2.968636035919189,345.9637145996094,0.0299999993294477,15.61750030517578,0.2179999947547912
1779688800000,2026-05-25 06:00:00,,,,,,,,,,,,,16.517499923706055,72.0,1032.800048828125,11.45177936553955,0.0,3.89399528503418,326.3099060058594,0.0799999982118606,16.267499923706055,0.2179999947547912
1779692400000,2026-05-25 07:00:00,,,,,,,,,,,,,18.167499542236328,66.0,1032.9000244140625,11.712672233581545,0.0,4.072935104370117,315.0000915527344,0.1500000059604644,17.267499923706055,0.2179999947547912
1779696000000,2026-05-25 08:00:00,,,,,,,,,,,,,19.86750030517578,61.0,1033.0,12.126327514648438,0.0,5.600285530090332,315.0000915527344,0.2199999988079071,18.317501068115234,0.2179999947547912
1779699600000,2026-05-25 09:00:00,,,,,,,,,,,,,21.36750030517578,53.0,1032.9000244140625,11.396543502807615,0.0,6.915374279022217,321.3401794433594,0.2800000309944153,19.417499542236328,0.2169999927282333
1779703200000,2026-05-25 10:00:00,,,,,,,,,,,,,22.717500686645508,46.0,1032.4000244140625,10.50267219543457,0.0,7.65370512008667,318.81414794921875,0.3300000131130218,20.467500686645508,0.2169999927282333
1779706800000,2026-05-25 11:00:00,,,,,,,,,,,,,23.967500686645508,39.0,1032.0,9.164817810058594,0.0,8.43506908416748,320.1944885253906,0.3400000035762787,21.51749992370605,0.2160000056028366
1779710400000,2026-05-25 12:00:00,,,,,,,,,,,,,24.86750030517578,36.0,1031.5999755859375,8.777134895324707,0.0,8.161764144897461,318.576416015625,0.3400000035762787,22.417499542236328,0.2150000035762787
1779714000000,2026-05-25 13:00:00,,,,,,,,,,,,,25.51749992370605,36.0,1031.4000244140625,9.351320266723633,0.0,8.161764144897461,318.576416015625,0.3199999928474426,23.067501068115234,0.2140000015497207
1779717600000,2026-05-25 14:00:00,,,,,,,,,,,,,25.917499542236328,38.0,1030.800048828125,10.513447761535645,0.0,7.903619289398193,329.9314880371094,0.2900000214576721,23.467500686645508,0.2140000015497207
1779721200000,2026-05-25 15:00:00,,,,,,,,,,,,,25.817501068115234,38.0,1030.199951171875,10.42457389831543,0.0,7.091177463531494,336.0375061035156,0.25,23.61750030517578,0.2129999995231628
1779721948675,2026-05-25 15:12:28,36.2,28.3,26.41,,,,332.03,301.55,278.01,100.0,-117.0,-17.8,,,,,,,,,,
1779724800000,2026-05-25 16:00:00,,,,,,,,,,,,,25.417499542236328,41.0,1029.699951171875,11.210585594177246,0.0,7.289444923400879,327.0947570800781,0.2100000232458114,23.467500686645508,0.2129999995231628
1779728400000,2026-05-25 17:00:00,,,,,,,,,,,,,24.717500686645508,43.0,1029.800048828125,11.299856185913086,0.0,7.491114139556885,324.7823181152344,0.1400000154972076,22.967500686645508,0.2119999974966049
1779732000000,2026-05-25 18:00:00,,,,,,,,,,,,,23.167499542236328,50.0,1029.9000244140625,12.173820495605469,0.0,5.804825305938721,330.2552185058594,0.0700000077486038,22.217500686645508,0.2119999974966049
1779735600000,2026-05-25 19:00:00,,,,,,,,,,,,,20.467500686645508,56.0,1030.4000244140625,11.392416000366213,0.0,6.379216194152832,343.6103820800781,0.0399999991059303,21.11750030517578,0.2119999974966049
1779736335877,2026-05-25 19:12:15,,,,15.6,14.81,13.26,,,,100.0,-116.0,-17.5,,,,,,,,,,
1779739200000,2026-05-25 20:00:00,,,,,,,,,,,,,19.11750030517578,59.0,1030.5999755859375,10.916871070861816,0.0,6.162207126617432,6.709750175476074,0.0299999993294477,19.967500686645508,0.2119999974966049
1779742800000,2026-05-25 21:00:00,,,,,,,,,,,,,18.51749992370605,63.0,1030.5999755859375,11.3408784866333,0.0,4.104631423950195,15.255176544189451,0.0199999995529651,19.067501068115234,0.210999995470047
1779746400000,2026-05-25 22:00:00,,,,,,,,,,,,,18.26749992370605,63.0,1030.5,11.104402542114258,0.0,0.8049845099449158,26.564985275268555,0.0,18.11750030517578,0.210999995470047
1779750000000,2026-05-25 23:00:00,,,,,,,,,,,,,17.317501068115234,65.0,1030.300048828125,10.67446231842041,0.0,1.2979984283447266,56.30991363525391,0.0,17.167499542236328,0.210999995470047
1779750739712,2026-05-25 23:12:19,36.03,28.16,26.29,,,,331.88,301.4,277.92,100.0,-113.0,-12.5,,,,,,,,,,
1779753600000,2026-05-26 00:00:00,,,,,,,,,,,,,16.86750030517578,77.0,1030.5999755859375,12.810131072998049,0.0,2.4149534702301025,26.564985275268555,0.0,17.417499542236328,0.2119999974966049
1779757200000,2026-05-26 01:00:00,,,,,,,,,,,,,16.0674991607666,80.0,1030.5999755859375,12.616742134094238,0.0,1.527350664138794,44.99989700317383,0.0,16.61750030517578,0.2119999974966049
1779760800000,2026-05-26 02:00:00,,,,,,,,,,,,,15.36750030517578,84.0,1030.300048828125,12.67788791656494,0.0,1.938659191131592,68.19853210449219,0.0,15.86750030517578,0.2119999974966049
1779764400000,2026-05-26 03:00:00,,,,,,,,,,,,,14.667500495910645,88.0,1030.0999755859375,12.700682640075684,0.0,1.6099690198898315,63.43501281738281,0.0,15.217500686645508,0.2119999974966049
1779765128395,2026-05-26 03:12:08,,,,15.74,14.47,13.59,,,,100.0,-113.0,-22.8,,,,,,,,,,
1779765137414,2026-05-26 03:12:17,35.97,28.16,26.26,,,,331.82,301.4,277.9,100.0,-117.0,-17.5,,,,,,,,,,
1779768000000,2026-05-26 04:00:00,,,,,,,,,,,,,14.917500495910645,87.0,1030.199951171875,12.77216625213623,0.0,1.2979984283447266,56.30991363525391,0.0,14.767499923706056,0.2119999974966049
1779771600000,2026-05-26 05:00:00,,,,,,,,,,,,,16.667499542236328,83.0,1030.5999755859375,13.766383171081545,0.0,1.4399999380111694,360.0,0.0,15.017499923706056,0.2119999974966049
1779775200000,2026-05-26 06:00:00,,,,,,,,,,,,,18.467500686645508,79.0,1030.5999755859375,14.757645606994627,0.0,2.545584201812744,278.1300048828125,0.0700000077486038,16.217500686645508,0.2119999974966049
1779778800000,2026-05-26 07:00:00,,,,,,,,,,,,,20.51749992370605,68.0,1030.0999755859375,14.408555030822754,0.0,5.014219284057617,291.0375671386719,0.1500000059604644,17.517499923706055,0.2119999974966049
1779779524709,2026-05-26 07:12:04,,,,15.68,14.19,13.7,,,,100.0,-118.0,-13.5,,,,,,,,,,
1779782400000,2026-05-26 08:00:00,,,,,,,,,,,,,22.417499542236328,58.0,1029.5999755859375,13.749006271362305,0.0,8.287821769714355,304.3804016113281,0.25,18.86750030517578,0.2119999974966049
1779786000000,2026-05-26 09:00:00,,,,,,,,,,,,,24.067501068115234,54.0,1029.5999755859375,14.184182167053224,0.0,8.287821769714355,304.3804016113281,0.3199999928474426,20.11750030517578,0.210999995470047
1779789600000,2026-05-26 10:00:00,,,,,,,,,,,,,25.51749992370605,50.0,1029.300048828125,14.3329439163208,0.0,8.396570205688477,300.96368408203125,0.3500000238418579,21.417499542236328,0.210999995470047
1779793200000,2026-05-26 11:00:00,,,,,,,,,,,,,26.717500686645508,45.0,1028.699951171875,13.80198097229004,0.0,8.225034713745117,293.1986083984375,0.3600000143051147,22.61750030517578,0.209999993443489
1779793918519,2026-05-26 11:11:58,,,,15.66,15.26,13.59,,,,100.0,-121.0,-14.8,,,,,,,,,,
1779796800000,2026-05-26 12:00:00,,,,,,,,,,,,,27.667499542236328,40.0,1027.5999755859375,12.84983730316162,0.0,8.766572952270508,289.1791076660156,0.3500000238418579,23.61750030517578,0.2090000063180923
1779800400000,2026-05-26 13:00:00,,,,,,,,,,,,,28.417499542236328,38.0,1026.800048828125,12.734100341796877,0.0,9.227523803710938,290.5561218261719,0.3400000035762787,24.36750030517578,0.2080000042915344
1779804000000,2026-05-26 14:00:00,,,,,,,,,,,,,28.817501068115234,35.0,1025.9000244140625,11.835890769958496,0.0,9.360000610351562,292.6199035644531,0.3100000023841858,24.86750030517578,0.2080000042915344
1779807600000,2026-05-26 15:00:00,,,,,,,,,,,,,28.76749992370605,35.0,1025.4000244140625,11.791939735412598,0.0,9.565437316894531,289.7989501953125,0.2800000309944153,25.01749992370605,0.2070000022649765
1779808314840,2026-05-26 15:11:54,,,,15.77,15.26,13.75,,,,100.0,-122.0,-13.8,,,,,,,,,,
1779811200000,2026-05-26 16:00:00,,,,,,,,,,,,,28.26749992370605,38.0,1024.800048828125,12.600929260253906,0.0,9.65981388092041,296.5649719238281,0.2300000041723251,24.86750030517578,0.2060000002384185
1779814800000,2026-05-26 17:00:00,,,,,,,,,,,,,27.417499542236328,40.0,1024.300048828125,12.626444816589355,0.0,8.707237243652344,299.7447814941406,0.1599999964237213,24.467500686645508,0.2060000002384185
1779818400000,2026-05-26 18:00:00,,,,,,,,,,,,,25.067501068115234,50.0,1023.9000244140624,13.919617652893066,0.0,5.623379707336426,320.1944885253906,0.0900000035762786,23.717500686645508,0.2049999982118606
1779822000000,2026-05-26 19:00:00,,,,,,,,,,,,,22.717500686645508,57.0,1023.9000244140624,13.761693000793455,0.0,5.014219284057617,338.96240234375,0.0399999991059303,22.51749992370605,0.2049999982118606
1779825600000,2026-05-26 20:00:00,,,,,,,,,,,,,22.167499542236328,59.0,1023.7000122070312,13.777997970581056,0.0,1.938659191131592,338.1985168457031,0.0099999997764825,21.11750030517578,0.2049999982118606
1779829200000,2026-05-26 21:00:00,,,,,,,,,,,,,20.667499542236328,67.0,1023.5999755859376,14.322394371032717,0.0,1.1384198665618896,108.43504333496094,0.0,19.76749992370605,0.2049999982118606
1779832800000,2026-05-26 22:00:00,,,,,,,,,,,,,19.217500686645508,72.0,1023.2999877929688,14.046890258789062,0.0,2.189794540405273,99.46224975585938,0.0,18.61750030517578,0.2049999982118606
1779836400000,2026-05-26 23:00:00,,,,,,,,,,,,,18.317501068115234,74.0,1022.9000244140624,13.602574348449709,0.0,2.189794540405273,80.53775024414062,0.0,17.667499542236328,0.2049999982118606
1779840000000,2026-05-27 00:00:00,,,,,,,,,,,,,17.267499923706055,76.0,1021.7999877929688,12.997520446777344,0.0,2.968636035919189,104.03627014160156,0.0,17.217500686645508,0.2039999961853027
1779843600000,2026-05-27 01:00:00,,,,,,,,,,,,,16.217500686645508,79.0,1021.5,12.570764541625977,0.0,3.617955207824707,95.71050262451172,0.0,16.467500686645508,0.2039999961853027
1779847200000,2026-05-27 02:00:00,,,,,,,,,,,,,16.267499923706055,74.0,1021.4000244140624,11.625592231750488,0.0,2.545584201812744,81.86998748779297,0.0,15.817500114440918,0.2039999961853027
1779850800000,2026-05-27 03:00:00,,,,,,,,,,,,,16.0674991607666,73.0,1021.5,11.22716999053955,0.0,1.0182337760925293,44.99989700317383,0.0,15.267499923706056,0.2049999982118606
1779854400000,2026-05-27 04:00:00,,,,,,,,,,,,,16.467500686645508,75.0,1021.7000122070312,12.022191047668455,0.0,4.829906940460205,333.4350280761719,0.0,14.967500686645508,0.2049999982118606
1779858000000,2026-05-27 05:00:00,,,,,,,,,,,,,17.61750030517578,80.0,1022.0,14.125612258911133,0.0,5.600285530090332,315.0000915527344,0.0299999993294477,15.61750030517578,0.2049999982118606
1779861600000,2026-05-27 06:00:00,,,,,,,,,,,,,19.36750030517578,76.0,1022.2000122070312,15.028923034667969,0.0,10.4399995803833,313.6029052734375,0.1000000089406967,16.717500686645508,0.2049999982118606
1779865200000,2026-05-27 07:00:00,,,,,,,,,,,,,20.467500686645508,71.0,1022.0999755859376,15.030333518981934,0.0,12.738099098205566,312.7093811035156,0.1700000017881393,17.817501068115234,0.2049999982118606
1779868800000,2026-05-27 08:00:00,,,,,,,,,,,,,21.11750030517578,66.0,1022.2000122070312,14.517892837524414,0.0,15.072783470153809,319.84405517578125,0.2300000041723251,18.76749992370605,0.2039999961853027
1779872400000,2026-05-27 09:00:00,,,,,,,,,,,,,21.667499542236328,59.0,1022.5,13.309104919433594,0.0,15.281989097595217,316.9091491699219,0.2599999904632568,19.51749992370605,0.2039999961853027
1779876000000,2026-05-27 10:00:00,,,,,,,,,,,,,22.567501068115234,52.0,1022.7000122070312,12.217488288879396,0.0,16.808570861816406,316.73565673828125,0.3199999928474426,20.317501068115234,0.2029999941587448
1779879600000,2026-05-27 11:00:00,,,,,,,,,,,,,23.317501068115234,44.0,1022.5,10.380528450012209,0.0,17.317459106445312,313.3153686523437,0.3300000131130218,21.11750030517578,0.2029999941587448
1779880296078,2026-05-27 11:11:36,,,,16.06,15.4,13.97,,,,100.0,-112.0,-13.5,,,,,,,,,,
1779883200000,2026-05-27 12:00:00,,,,,,,,,,,,,23.86750030517578,36.0,1022.2000122070312,7.893449783325195,0.0,18.32820701599121,315.0000915527344,0.3300000131130218,21.76749992370605,0.202000007033348
1779886800000,2026-05-27 13:00:00,,,,,,,,,,,,,23.817501068115234,30.0,1021.9000244140624,5.198422431945801,0.0,18.584508895874023,315.78472900390625,0.3199999928474426,22.167499542236328,0.202000007033348
1779890400000,2026-05-27 14:00:00,,,,,,,,,,,,,23.76749992370605,24.0,1021.5999755859376,1.987154841423035,0.0,17.884428024291992,319.8991394042969,0.3100000023841858,22.36750030517578,0.2010000050067901
1779894000000,2026-05-27 15:00:00,,,,,,,,,,,,,23.217500686645508,22.0,1021.5999755859376,0.3142834007740021,0.0,18.723461151123047,322.0283508300781,0.2800000309944153,22.26749992370605,0.2000000029802322
1779897600000,2026-05-27 16:00:00,,,,,,,,,,,,,22.567501068115234,30.0,1021.5,4.116412162780762,0.0,16.831684112548828,311.5316772460937,0.2300000041723251,21.967500686645508,0.2000000029802322
1779901200000,2026-05-27 17:00:00,,,,,,,,,,,,,21.667499542236328,31.0,1021.5999755859376,3.8024609088897705,0.0,14.399999618530272,323.1300048828125,0.1700000017881393,21.467500686645508,0.2000000029802322
1779904800000,2026-05-27 18:00:00,,,,,,,,,,,,,19.76749992370605,32.0,1022.0999755859376,2.595853567123413,0.0,11.72075080871582,349.3804016113281,0.1000000089406967,20.76749992370605,0.1990000009536743
1779908400000,2026-05-27 19:00:00,,,,,,,,,,,,,17.667499542236328,38.0,1022.5999755859376,3.1684892177581787,0.0,11.901798248291016,356.5318298339844,0.0599999986588954,19.76749992370605,0.1990000009536743
1779912000000,2026-05-27 20:00:00,,,,,,,,,,,,,16.467500686645508,40.0,1022.9000244140624,2.819669485092163,0.0,12.72792148590088,8.130019187927246,0.0399999991059303,18.717500686645508,0.1990000009536743
1779915600000,2026-05-27 21:00:00,,,,,,,,,,,,,15.417500495910645,41.0,1023.2999877929688,2.2232766151428223,0.0,10.594036102294922,9.78233814239502,0.0399999991059303,17.917499542236328,0.1990000009536743
1779919200000,2026-05-27 22:00:00,,,,,,,,,,,,,13.317500114440918,51.0,1024.0999755859375,3.387139320373535,0.0,6.849466800689697,356.9872741699219,0.0299999993294477,17.067501068115234,0.1990000009536743
1779922800000,2026-05-27 23:00:00,,,,,,,,,,,,,11.917500495910645,58.0,1024.5,3.91085696220398,0.0,6.519876956939697,6.340100288391113,0.0199999995529651,16.0674991607666,0.1990000009536743
1779926400000,2026-05-28 00:00:00,,,,,,,,,,,,,10.167500495910645,72.0,1023.7000122070312,5.344308376312256,0.0,5.86037540435791,10.619609832763672,0.0199999995529651,15.167500495910645,0.1959999948740005
1779930000000,2026-05-28 01:00:00,,,,,,,,,,,,,9.717500686645508,72.0,1024.0,4.9112749099731445,0.0,5.154415607452393,12.094738960266112,0.0199999995529651,14.36750030517578,0.1959999948740005
1779933600000,2026-05-28 02:00:00,,,,,,,,,,,,,9.86750030517578,71.0,1023.9000244140624,4.854812145233154,0.0,5.399999618530273,360.0,0.0099999997764825,13.667500495910645,0.1959999948740005
1779937200000,2026-05-28 03:00:00,,,,,,,,,,,,,9.517499923706056,75.0,1024.4000244140625,5.305174350738525,0.0,5.052840709686279,355.9144592285156,0.0099999997764825,13.217500686645508,0.1959999948740005
1779937881109,2026-05-28 03:11:21,,,,16.14,15.6,14.28,,,,100.0,-113.0,-14.2,,,,,,,,,,
1779940800000,2026-05-28 04:00:00,,,,,,,,,,,,,9.667500495910645,73.0,1024.800048828125,5.061207294464111,0.0,4.6938252449035645,4.398633003234863,0.0199999995529651,12.86750030517578,0.1959999948740005
1779944400000,2026-05-28 05:00:00,,,,,,,,,,,,,11.217500686645508,77.0,1025.199951171875,7.3332977294921875,0.0,2.9024126529693604,330.2552185058594,0.0399999991059303,13.017499923706056,0.1959999948740005
1779948000000,2026-05-28 06:00:00,,,,,,,,,,,,,12.967500686645508,66.0,1025.199951171875,6.764062404632568,0.0,5.804825305938721,299.7447814941406,0.1099999994039535,13.767499923706056,0.1959999948740005
1779951600000,2026-05-28 07:00:00,,,,,,,,,,,,,14.567500114440918,58.0,1025.0999755859375,6.396219253540039,0.0,8.287821769714355,304.3804016113281,0.1800000071525573,14.767499923706056,0.1959999948740005
1779955200000,2026-05-28 08:00:00,,,,,,,,,,,,,16.11750030517578,51.0,1024.9000244140625,5.973324298858643,0.0,9.199390411376951,300.5791320800781,0.270000010728836,15.86750030517578,0.1959999948740005
1779958800000,2026-05-28 09:00:00,,,,,,,,,,,,,17.417499542236328,49.0,1025.0,6.589972972869873,0.0,10.630672454833984,298.3006591796875,0.3400000035762787,16.917499542236328,0.1949999928474426
1779962400000,2026-05-28 10:00:00,,,,,,,,,,,,,18.467500686645508,47.0,1025.0999755859375,6.944886684417725,0.0,12.39780616760254,295.8209228515625,0.3500000238418579,17.917499542236328,0.1949999928474426
1779966000000,2026-05-28 11:00:00,,,,,,,,,,,,,19.26749992370605,47.0,1024.9000244140625,7.675843238830566,0.0,12.722829818725586,295.11480712890625,0.3400000035762787,18.76749992370605,0.1940000057220459
1779969600000,2026-05-28 12:00:00,,,,,,,,,,,,,19.967500686645508,46.0,1024.199951171875,7.998465538024902,0.0,13.854154586791992,294.5671691894531,0.3199999928474426,19.36750030517578,0.1930000036954879
1779973200000,2026-05-28 13:00:00,,,,,,,,,,,,,20.51749992370605,45.0,1024.0,8.175270080566406,0.0,13.84947681427002,297.8971862792969,0.3100000023841858,19.817501068115234,0.1930000036954879
1779976800000,2026-05-28 14:00:00,,,,,,,,,,,,,20.86750030517578,41.0,1023.7000122070312,7.125756740570068,0.0,13.830748558044434,308.6598205566406,0.3000000119209289,20.167499542236328,0.19200000166893
1779980400000,2026-05-28 15:00:00,,,,,,,,,,,,,20.817501068115234,43.0,1023.5999755859376,7.778361797332764,0.0,10.739831924438477,309.55963134765625,0.2599999904632568,20.217500686645508,0.19200000166893
1779984000000,2026-05-28 16:00:00,,,,,,,,,,,,,20.567501068115234,42.0,1023.2999877929688,7.20797061920166,0.0,10.086426734924316,304.8245544433594,0.2300000041723251,20.067501068115234,0.1909999996423721
1779987600000,2026-05-28 17:00:00,,,,,,,,,,,,,19.717500686645508,37.0,1023.4000244140624,4.613585948944092,0.0,9.29051113128662,324.4622497558594,0.1800000071525573,19.61750030517578,0.1909999996423721
1779991200000,2026-05-28 18:00:00,,,,,,,,,,,,,18.167499542236328,50.0,1023.5,7.574700355529785,0.0,6.119999885559082,331.9276123046875,0.1000000089406967,18.917499542236328,0.1909999996423721
1779994800000,2026-05-28 19:00:00,,,,,,,,,,,,,15.667500495910645,57.0,1024.0999755859375,7.172956943511963,0.0,6.130578994750977,3.3664000034332275,0.0399999991059303,17.817501068115234,0.1909999996423721
1779998400000,2026-05-28 20:00:00,,,,,,,,,,,,,14.317500114440918,53.0,1024.5,4.861664772033691,0.0,6.830519199371338,18.4350528717041,0.0299999993294477,16.61750030517578,0.1909999996423721
1780002000000,2026-05-28 21:00:00,,,,,,,,,,,,,13.36750030517578,58.0,1024.9000244140625,5.270971775054932,0.0,5.815978050231934,21.801475524902344,0.0299999993294477,15.717500686645508,0.1909999996423721
1780005600000,2026-05-28 22:00:00,,,,,,,,,,,,,13.017499923706056,64.0,1025.300048828125,6.364026546478272,0.0,3.075841426849365,20.556127548217773,0.0199999995529651,14.86750030517578,0.1909999996423721
1780009200000,2026-05-28 23:00:00,,,,,,,,,,,,,12.517499923706056,63.0,1025.5999755859375,5.662042617797852,0.0,1.2979984283447266,56.30991363525391,0.0,13.86750030517578,0.1909999996423721
1780012800000,2026-05-29 00:00:00,,,,,,,,,,,,,11.217500686645508,69.0,1025.0,5.7381696701049805,0.0,2.545584201812744,81.86998748779297,0.0,13.417500495910645,0.1889999955892563
1780016400000,2026-05-29 01:00:00,,,,,,,,,,,,,10.717500686645508,70.0,1025.300048828125,5.466733455657959,0.0,2.4149534702301025,63.43501281738281,0.0,12.517499923706056,0.1889999955892563
1780020000000,2026-05-29 02:00:00,,,,,,,,,,,,,9.61750030517578,76.0,1025.5,5.592866897583008,0.0,1.8356469869613647,101.30989837646484,0.0,11.817500114440918,0.1899999976158142
1780023600000,2026-05-29 03:00:00,,,,,,,,,,,,,9.317500114440918,78.0,1025.5999755859375,5.6768951416015625,0.0,2.968636035919189,75.96372985839844,0.0,11.11750030517578,0.1899999976158142
1780027200000,2026-05-29 04:00:00,,,,,,,,,,,,,9.267499923706056,82.0,1025.9000244140625,6.352359294891357,0.0,2.27683973312378,108.43504333496094,0.0,10.61750030517578,0.1899999976158142
1780030800000,2026-05-29 05:00:00,,,,,,,,,,,,,10.967500686645508,81.0,1026.0999755859375,7.832763671875,0.0,1.8356469869613647,101.30989837646484,0.0099999997764825,11.017499923706056,0.1899999976158142
1780034400000,2026-05-29 06:00:00,,,,,,,,,,,,,13.61750030517578,73.0,1026.0,8.86743450164795,0.0,1.0800000429153442,180.0,0.0799999982118606,12.217500686645508,0.1899999976158142
1780038000000,2026-05-29 07:00:00,,,,,,,,,,,,,16.267499923706055,61.0,1025.9000244140625,8.733837127685547,0.0,2.27683973312378,251.56495666503903,0.1599999964237213,13.61750030517578,0.1899999976158142
1780041600000,2026-05-29 08:00:00,,,,,,,,,,,,,18.51749992370605,49.0,1025.4000244140625,7.600239753723144,0.0,4.33497428894043,274.7635498046875,0.2599999904632568,15.067500114440918,0.1899999976158142
1780045200000,2026-05-29 09:00:00,,,,,,,,,,,,,20.067501068115234,38.0,1025.4000244140625,5.307871341705322,0.0,6.439876079559326,296.5649719238281,0.3500000238418579,16.467500686645508,0.1889999955892563
1780048800000,2026-05-29 10:00:00,,,,,,,,,,,,,21.417499542236328,35.0,1025.0999755859375,5.320420265197754,0.0,6.792466163635254,302.0053405761719,0.3900000154972076,17.817501068115234,0.1879999935626983
1780052400000,2026-05-29 11:00:00,,,,,,,,,,,,,22.667499542236328,34.0,1024.699951171875,6.00214433670044,0.0,6.608721733093262,299.357666015625,0.3799999952316284,19.067501068115234,0.1879999935626983
1780056000000,2026-05-29 12:00:00,,,,,,,,,,,,,23.667499542236328,30.0,1024.0999755859375,5.06861686706543,0.0,8.37338638305664,295.4633178710937,0.3799999952316284,20.11750030517578,0.1870000064373016
1780059600000,2026-05-29 13:00:00,,,,,,,,,,,,,24.417499542236328,29.0,1023.5,5.228756904602051,0.0,9.199390411376951,300.5791320800781,0.3700000345706939,20.967500686645508,0.1860000044107437
1780063200000,2026-05-29 14:00:00,,,,,,,,,,,,,24.817501068115234,24.0,1022.9000244140624,2.872438669204712,0.0,9.826087951660156,298.4428100585937,0.3400000035762787,21.467500686645508,0.1860000044107437
1780066800000,2026-05-29 15:00:00,,,,,,,,,,,,,24.76749992370605,24.0,1022.5,2.830295324325561,0.0,8.891343116760254,301.7594299316406,0.3100000023841858,21.717500686645508,0.1850000023841858
1780070400000,2026-05-29 16:00:00,,,,,,,,,,,,,24.317501068115234,26.0,1022.0999755859376,3.5822603702545166,0.0,8.534353256225586,297.6458740234375,0.2599999904632568,21.61750030517578,0.1840000003576278
1780074000000,2026-05-29 17:00:00,,,,,,,,,,,,,23.467500686645508,35.0,1021.7999877929688,7.127601146697998,0.0,6.696386814117432,306.2539367675781,0.1700000017881393,21.26749992370605,0.1840000003576278
1780077600000,2026-05-29 18:00:00,,,,,,,,,,,,,21.317501068115234,40.0,1021.9000244140624,7.168675422668457,0.0,6.193674087524414,324.4622497558594,0.0900000035762786,20.61750030517578,0.1840000003576278
1780081200000,2026-05-29 19:00:00,,,,,,,,,,,,,19.36750030517578,53.0,1021.5999755859376,9.544013023376465,0.0,4.6938252449035645,4.398633003234863,0.0399999991059303,19.61750030517578,0.1840000003576278
1780084800000,2026-05-29 20:00:00,,,,,,,,,,,,,18.667499542236328,54.0,1021.0999755859376,9.172653198242188,0.0,2.1600000858306885,360.0,0.0099999997764825,18.26749992370605,0.1840000003576278
1780088400000,2026-05-29 21:00:00,,,,,,,,,,,,,17.317501068115234,58.0,1021.2999877929688,8.973654747009277,0.0,0.8049845099449158,63.43501281738281,0.0,16.967500686645508,0.1840000003576278
1780091538292,2026-05-29 21:52:18,,,,15.71,14.53,14.31,,,,100.0,-118.0,-16.8,,,,,,,,,,
1780091547273,2026-05-29 21:52:27,32.58,25.99,24.3,,,,328.77,299.17,276.41,100.0,-117.0,-16.8,,,,,,,,,,
1780092000000,2026-05-29 22:00:00,,,,,,,,,,,,,17.067501068115234,56.0,1021.2999877929688,8.221165657043457,0.0,1.938659191131592,68.19853210449219,0.0,16.0674991607666,0.1840000003576278
1780095600000,2026-05-29 23:00:00,,,,,,,,,,,,,16.267499923706055,61.0,1021.2000122070312,8.733837127685547,0.0,2.4149534702301025,116.5649871826172,0.0,15.517499923706056,0.1840000003576278
1780099200000,2026-05-30 00:00:00,,,,,,,,,,,,,17.86750030517578,59.0,1020.7999877929688,9.743677139282228,0.0,8.21715259552002,298.8106994628906,0.0199999995529651,16.86750030517578,0.181999996304512
1780102800000,2026-05-30 01:00:00,,,,,,,,,,,,,17.567501068115234,73.0,1020.2999877929688,12.67149543762207,0.0,7.145795822143555,310.9142761230469,0.0199999995529651,16.817501068115234,0.181999996304512
1780105941836,2026-05-30 01:52:21,32.58,25.96,24.26,,,,328.77,299.14,276.38,100.0,-112.0,-15.2,,,,,,,,,,
1780106400000,2026-05-30 02:00:00,,,,,,,,,,,,,17.467500686645508,80.0,1019.7000122070312,13.97960090637207,0.1000000014901161,4.693825721740723,302.4711608886719,0.0099999997764825,16.767499923706055,0.181999996304512
1780110000000,2026-05-30 03:00:00,,,,,,,,,,,,,17.417499542236328,80.0,1019.0999755859376,13.93093204498291,0.0,3.075841426849365,290.5561218261719,0.0099999997764825,16.5674991607666,0.181999996304512
1780113600000,2026-05-30 04:00:00,,,,,,,,,,,,,17.267499923706055,79.0,1018.7999877929688,13.591376304626465,0.0,5.399999618530273,306.8699645996094,0.0,16.167499542236328,0.1829999983310699
1780117200000,2026-05-30 05:00:00,,,,,,,,,,,,,18.01749992370605,79.0,1018.9000244140624,14.3203125,0.0,6.618518829345703,315.0000915527344,0.0500000044703483,16.417499542236328,0.1829999983310699
1780120330809,2026-05-30 05:52:10,,,,15.74,15.48,14.42,,,,100.0,-118.0,-18.2,,,,,,,,,,
1780120339779,2026-05-30 05:52:19,32.52,25.96,24.24,,,,328.71,299.14,276.36,100.0,-118.0,-18.2,,,,,,,,,,
1780120800000,2026-05-30 06:00:00,,,,,,,,,,,,,18.467500686645508,78.0,1019.0,14.560150146484377,0.0,9.220499038696287,308.6598205566406,0.1000000089406967,16.917499542236328,0.1829999983310699
1780124400000,2026-05-30 07:00:00,,,,,,,,,,,,,19.167499542236328,76.0,1018.5999755859376,14.835477828979492,0.0,16.676977157592773,302.660888671875,0.1599999964237213,17.467500686645508,0.1829999983310699
1780128000000,2026-05-30 08:00:00,,,,,,,,,,,,,18.76749992370605,80.0,1018.5,15.244938850402832,0.0,15.580141067504885,310.31402587890625,0.1199999973177909,17.667499542236328,0.1829999983310699
1780131600000,2026-05-30 09:00:00,,,,,,,,,,,,,20.467500686645508,68.0,1018.5999755859376,14.360844612121582,0.0,18.356470108032227,295.5599060058594,0.1400000154972076,17.917499542236328,0.1829999983310699
1780134727083,2026-05-30 09:52:07,,,,15.71,14.64,14.22,,,,100.0,-116.0,-15.8,,,,,,,,,,
1780134736062,2026-05-30 09:52:16,32.45,25.87,24.2,,,,328.65,299.05,276.33,100.0,-116.0,-18.0,,,,,,,,,,
1780135200000,2026-05-30 10:00:00,,,,,,,,,,,,,22.317501068115234,54.0,1018.4000244140624,12.56089687347412,0.0,19.930477142333984,290.0716247558594,0.3400000035762787,19.01749992370605,0.181999996304512
1780138800000,2026-05-30 11:00:00,,,,,,,,,,,,,23.01749992370605,49.0,1018.0999755859376,11.729458808898926,0.0,21.09305000305176,297.43963623046875,0.3799999952316284,19.967500686645508,0.1809999942779541
1780142400000,2026-05-30 12:00:00,,,,,,,,,,,,,23.067501068115234,46.0,1017.7000122070312,10.821223258972168,0.0,24.79822540283203,297.68096923828125,0.3400000035762787,20.717500686645508,0.1809999942779541
1780146000000,2026-05-30 13:00:00,,,,,,,,,,,,,23.417499542236328,45.0,1017.2999877929688,10.808660507202148,0.0,20.0180721282959,307.6943054199219,0.3000000119209289,21.11750030517578,0.1800000071525573
1780149130780,2026-05-30 13:52:10,32.25,25.75,24.08,,,,328.47,298.93,276.24,100.0,-119.0,-15.0,,,,,,,,,,
1780149600000,2026-05-30 14:00:00,,,,,,,,,,,,,23.26749992370605,44.0,1017.2000122070312,10.33526611328125,0.0,21.63896369934082,314.3260498046875,0.270000010728836,21.36750030517578,0.1800000071525573
1780153200000,2026-05-30 15:00:00,,,,,,,,,,,,,23.567501068115234,42.0,1016.7999877929688,9.910038948059082,0.0,19.694992065429688,329.2159118652344,0.25,21.467500686645508,0.1800000071525573
1780156800000,2026-05-30 16:00:00,,,,,,,,,,,,,23.11750030517578,42.0,1016.7999877929688,9.504926681518556,0.0,16.055355072021484,317.72637939453125,0.2199999988079071,21.417499542236328,0.1790000051259994
1780160400000,2026-05-30 17:00:00,,,,,,,,,,,,,22.26749992370605,46.0,1016.5,10.093058586120604,0.0,12.475960731506348,313.8309326171875,0.1599999964237213,21.067501068115234,0.1790000051259994
1780163519592,2026-05-30 17:51:59,,,,15.91,15.2,14.36,,,,100.0,-113.0,-11.2,,,,,,,,,,
1780163528471,2026-05-30 17:52:08,32.18,25.7,24.0,,,,328.41,298.88,276.18,100.0,-112.0,-8.0,,,,,,,,,,
1780164000000,2026-05-30 18:00:00,,,,,,,,,,,,,21.01749992370605,50.0,1016.2999877929688,10.197073936462402,0.0,10.739831924438477,320.4403686523437,0.1000000089406967,20.567501068115234,0.1790000051259994
1780167600000,2026-05-30 19:00:00,,,,,,,,,,,,,18.61750030517578,61.0,1016.2000122070312,10.948688507080078,0.0,6.989935398101807,348.1113586425781,0.0399999991059303,19.717500686645508,0.1790000051259994
1780171200000,2026-05-30 20:00:00,,,,,,,,,,,,,17.11750030517578,66.0,1016.4000244140624,10.713825225830078,0.0,6.479999542236328,360.0,0.0199999995529651,18.667499542236328,0.1790000051259994
1780174800000,2026-05-30 21:00:00,,,,,,,,,,,,,16.3174991607666,71.0,1016.7000122070312,11.048534393310549,0.0,5.351784706115723,340.3460998535156,0.0199999995529651,17.767499923706055,0.1790000051259994
1780177915848,2026-05-30 21:51:55,,,,16.06,15.57,14.42,,,,100.0,-117.0,-19.5,,,,,,,,,,
1780177924724,2026-05-30 21:52:04,32.22,25.68,23.97,,,,328.44,298.85,276.16,100.0,-113.0,-16.2,,,,,,,,,,
1780178400000,2026-05-30 22:00:00,,,,,,,,,,,,,15.917500495910645,74.0,1016.5999755859376,11.288002967834473,0.0,5.351784706115723,340.3460998535156,0.0099999997764825,17.017499923706055,0.1790000051259994
1780182000000,2026-05-30 23:00:00,,,,,,,,,,,,,15.36750030517578,76.0,1016.2999877929688,11.159123420715332,0.0,4.0249223709106445,349.6952209472656,0.0099999997764825,16.417499542236328,0.1790000051259994
1780185600000,2026-05-31 00:00:00,,,,,,,,,,,,,15.067500114440918,84.0,1016.7000122070312,12.384098052978516,0.0,4.0249223709106445,349.6952209472656,0.0,16.36750030517578,0.1770000010728836
1780189200000,2026-05-31 01:00:00,,,,,,,,,,,,,14.86750030517578,84.0,1016.0,12.188232421875,0.0,2.189794540405273,350.5377502441406,0.0,15.567500114440918,0.1770000010728836
1780192800000,2026-05-31 02:00:00,,,,,,,,,,,,,14.467500686645508,85.0,1015.7999877929688,11.976037979125977,0.0,0.7199999690055847,360.0,0.0,14.967500686645508,0.1770000010728836
1780196400000,2026-05-31 03:00:00,,,,,,,,,,,,,14.067500114440918,86.0,1015.5999755859376,11.76088047027588,0.0,1.0800000429153442,360.0,0.0,14.517499923706056,0.1770000010728836
1780200000000,2026-05-31 04:00:00,,,,,,,,,,,,,14.267499923706056,86.0,1015.5,11.957305908203123,0.0,1.4843180179595947,75.96372985839844,0.0,14.167500495910645,0.1770000010728836
1780203600000,2026-05-31 05:00:00,,,,,,,,,,,,,15.567500114440918,85.0,1015.4000244140624,13.054811477661133,0.0,0.7199999690055847,90.0,0.0099999997764825,14.667500495910645,0.1770000010728836
1780206708290,2026-05-31 05:51:48,,,,16.03,14.64,14.31,,,,100.0,-113.0,-16.8,,,,,,,,,,
1780206717336,2026-05-31 05:51:57,32.18,25.65,23.93,,,,328.41,298.82,276.13,100.0,-118.0,-17.5,,,,,,,,,,
1780207200000,2026-05-31 06:00:00,,,,,,,,,,,,,17.36750030517578,77.0,1015.2000122070312,13.294626235961914,0.0,2.099142551422119,239.0363006591797,0.0799999982118606,15.817500114440918,0.1770000010728836
1780210800000,2026-05-31 07:00:00,,,,,,,,,,,,,19.11750030517578,70.0,1014.7000122070312,13.517189025878906,0.0,2.9024126529693604,277.1249084472656,0.1599999964237213,17.11750030517578,0.1770000010728836
1780214400000,2026-05-31 08:00:00,,,,,,,,,,,,,20.817501068115234,61.0,1013.9000244140624,13.021111488342283,0.0,3.9600000381469727,270.0,0.2399999946355819,18.417499542236328,0.1770000010728836
1780218000000,2026-05-31 09:00:00,,,,,,,,,,,,,22.01749992370605,59.0,1013.5,13.637336730957031,0.0,5.692099571228027,288.4350280761719,0.3000000119209289,19.717500686645508,0.1759999990463256
1780221104600,2026-05-31 09:51:44,,,,15.97,15.74,14.81,,,,100.0,-118.0,-21.0,,,,,,,,,,
1780221113606,2026-05-31 09:51:53,32.05,25.59,23.85,,,,328.29,298.76,276.07,100.0,-117.0,-20.0,,,,,,,,,,
1780221600000,2026-05-31 10:00:00,,,,,,,,,,,,,22.467500686645508,56.0,1013.0999755859376,13.25654125213623,0.0,7.091177463531494,293.9624938964844,0.2599999904632568,20.317501068115234,0.1759999990463256
1780225200000,2026-05-31 11:00:00,,,,,,,,,,,,,23.567501068115234,51.0,1012.7999877929688,12.843778610229492,0.0,10.948972702026367,313.6678466796875,0.25,20.667499542236328,0.1759999990463256
1780228800000,2026-05-31 12:00:00,,,,,,,,,,,,,24.167499542236328,50.0,1012.2999877929688,13.092788696289062,0.0,14.386493682861328,301.7013854980469,0.2599999904632568,21.26749992370605,0.1749999970197677
1780232400000,2026-05-31 13:00:00,,,,,,,,,,,,,24.467500686645508,50.0,1011.2000122070312,13.36842155456543,0.0,12.55879020690918,297.29949951171875,0.2399999946355819,21.51749992370605,0.1749999970197677
1780236000000,2026-05-31 14:00:00,,,,,,,,,,,,,23.817501068115234,55.0,1010.9000244140624,14.235553741455078,0.0,13.138765335083008,279.4622497558594,0.2000000178813934,21.61750030517578,0.1749999970197677
1780239600000,2026-05-31 15:00:00,,,,,,,,,,,,,23.61750030517578,59.0,1010.7000122070312,15.137476921081545,0.0,10.85386562347412,264.2894897460937,0.1599999964237213,21.467500686645508,0.1739999949932098
1780243200000,2026-05-31 16:00:00,,,,,,,,,,,,,23.61750030517578,60.0,1010.2000122070312,15.39927577972412,0.0,9.693296432495115,291.8014831542969,0.1700000017881393,21.61750030517578,0.1739999949932098
1780246800000,2026-05-31 17:00:00,,,,,,,,,,,,,23.167499542236328,58.0,1009.9000244140624,14.450758934020996,0.0,8.287821769714355,272.489501953125,0.1299999952316284,21.417499542236328,0.1739999949932098
1780249897114,2026-05-31 17:51:37,,,,16.17,14.95,14.36,,,,100.0,-118.0,-18.5,,,,,,,,,,
1780249906104,2026-05-31 17:51:46,31.89,25.41,23.71,,,,328.14,298.58,275.96,100.0,-118.0,-19.2,,,,,,,,,,
1780250400000,2026-05-31 18:00:00,,,,,,,,,,,,,21.917499542236328,62.0,1009.7000122070312,14.308095932006836,0.0,6.7637858390808105,295.2010803222656,0.0700000077486038,20.917499542236328,0.1739999949932098
1780254000000,2026-05-31 19:00:00,,,,,,,,,,,,,19.86750030517578,79.0,1010.0,16.11810302734375,0.5,6.989935874938965,325.49139404296875,0.0500000044703483,20.217500686645508,0.1739999949932098
1780257600000,2026-05-31 20:00:00,,,,,,,,,,,,,17.817501068115234,88.0,1010.2999877929688,15.802494049072266,0.4000000059604645,7.244860172271728,26.564985275268555,0.0500000044703483,19.36750030517578,0.1739999949932098
1780261200000,2026-05-31 21:00:00,,,,,,,,,,,,,17.11750030517578,92.0,1010.2000122070312,15.806680679321287,1.100000023841858,2.620839357376098,15.945476531982422,0.0299999993294477,18.667499542236328,0.1739999949932098
1780264293368,2026-05-31 21:51:33,,,,16.26,15.51,14.53,,,,100.0,-112.0,-15.8,,,,,,,,,,
1780264302276,2026-05-31 21:51:42,31.89,25.41,23.67,,,,328.14,298.58,275.93,100.0,-117.0,-19.2,,,,,,,,,,
1780264800000,2026-05-31 22:00:00,,,,,,,,,,,,,16.767499923706055,96.0,1010.5999755859376,16.125823974609375,0.6000000238418579,3.396233081817627,147.99465942382812,0.0099999997764825,18.217500686645508,0.1749999970197677
1780268400000,2026-05-31 23:00:00,,,,,,,,,,,,,16.667499542236328,97.0,1010.4000244140624,16.188783645629883,0.6000000238418579,2.3051247596740723,51.34017181396485,0.0099999997764825,17.917499542236328,0.1759999990463256
1780272000000,2026-06-01 00:00:00,,,,,,,,,,,,,16.61750030517578,94.0,1012.2999877929688,15.64724063873291,19.89999961853028,11.367109298706056,280.9540100097656,0.0199999995529651,17.567501068115234,0.1759999990463256
1780275600000,2026-06-01 01:00:00,,,,,,,,,,,,,16.0674991607666,96.0,1012.0,15.429271697998049,6.599999904632568,7.65370512008667,318.81414794921875,0.0199999995529651,17.267499923706055,0.2329999953508377
1780279200000,2026-06-01 02:00:00,,,,,,,,,,,,,15.467500686645508,96.0,1012.2000122070312,14.832219123840332,0.800000011920929,7.421589851379394,309.0938415527344,0.0199999995529651,16.967500686645508,0.2520000040531158
1780282800000,2026-06-01 03:00:00,,,,,,,,,,,,,15.317500114440918,95.0,1012.5999755859376,14.520692825317385,0.1000000014901161,9.422101020812988,313.451904296875,0.0199999995529651,16.717500686645508,0.257999986410141
1780286400000,2026-06-01 04:00:00,,,,,,,,,,,,,15.167500495910645,94.0,1012.9000244140624,14.208027839660645,0.0,8.161764144897461,311.423583984375,0.0199999995529651,16.467500686645508,0.2599999904632568
1780290000000,2026-06-01 05:00:00,,,,,,,,,,,,,15.36750030517578,91.0,1013.5,13.905659675598145,0.0,9.178235054016112,311.820068359375,0.0399999991059303,16.36750030517578,0.2590000033378601
1780293085953,2026-06-01 05:51:25,,,,16.43,15.31,14.7,,,,100.0,-121.0,-24.0,,,,,,,,,,
1780293094939,2026-06-01 05:51:34,32.58,25.56,23.77,,,,328.77,298.73,276.01,100.0,-114.0,-19.8,,,,,,,,,,
1780293600000,2026-06-01 06:00:00,,,,,,,,,,,,,15.917500495910645,88.0,1014.0,13.931629180908203,0.0,10.739831924438477,309.55963134765625,0.0799999982118606,16.417499542236328,0.257999986410141
1780297200000,2026-06-01 07:00:00,,,,,,,,,,,,,17.067501068115234,85.0,1014.4000244140624,14.525721549987791,0.0,10.703569412231444,312.27362060546875,0.1400000154972076,16.717500686645508,0.2569999992847442
1780300800000,2026-06-01 08:00:00,,,,,,,,,,,,,17.817501068115234,80.0,1014.7000122070312,14.320286750793455,0.0,10.799999237060549,306.8699645996094,0.2100000232458114,17.167499542236328,0.2549999952316284
1780304400000,2026-06-01 09:00:00,,,,,,,,,,,,,18.717500686645508,74.0,1015.0,13.988259315490724,0.0,11.019763946533203,321.6324768066406,0.270000010728836,17.717500686645508,0.2529999911785126
1780308000000,2026-06-01 10:00:00,,,,,,,,,,,,,20.11750030517578,66.0,1015.0999755859376,13.567146301269531,0.0,11.525623321533203,321.3401794433594,0.3100000023841858,18.36750030517578,0.2509999871253967
1780311600000,2026-06-01 11:00:00,,,,,,,,,,,,,20.86750030517578,62.0,1015.0999755859376,13.317427635192873,0.0,13.70839023590088,299.9314270019531,0.3700000345706939,19.26749992370605,0.2479999959468841
1780315200000,2026-06-01 12:00:00,,,,,,,,,,,,,21.51749992370605,50.0,1014.7999877929688,10.656899452209473,0.0,14.33686065673828,298.4955444335937,0.3300000131130218,19.86750030517578,0.2460000067949295
1780318800000,2026-06-01 13:00:00,,,,,,,,,,,,,22.51749992370605,44.0,1014.4000244140624,9.656245231628418,0.0,16.17998504638672,290.8545227050781,0.3300000131130218,20.417499542236328,0.2440000027418136
1780322400000,2026-06-01 14:00:00,,,,,,,,,,,,,23.067501068115234,41.0,1014.0999755859376,9.101757049560549,0.0,13.755578994750977,312.87890625,0.3000000119209289,20.817501068115234,0.2419999986886978
1780326000000,2026-06-01 15:00:00,,,,,,,,,,,,,22.76749992370605,44.0,1014.2000122070312,9.882606506347656,0.0,10.4399995803833,316.3970947265625,0.2599999904632568,21.01749992370605,0.2399999946355819
1780329600000,2026-06-01 16:00:00,,,,,,,,,,,,,22.567501068115234,43.0,1014.0999755859376,9.359156608581545,0.0,12.413476943969728,299.5386962890625,0.2300000041723251,21.11750030517578,0.2380000054836273
1780333200000,2026-06-01 17:00:00,,,,,,,,,,,,,22.317501068115234,43.0,1014.0,9.133393287658691,0.0,8.91318130493164,316.63653564453125,0.2000000178813934,20.817501068115234,0.2370000034570694
1780336800000,2026-06-01 18:00:00,,,,,,,,,,,,,20.917499542236328,49.0,1014.0999755859376,9.803228378295898,0.0,6.369049549102783,312.7093811035156,0.1099999994039535,20.317501068115234,0.2349999994039535
1780340400000,2026-06-01 19:00:00,,,,,,,,,,,,,18.61750030517578,58.0,1014.2999877929688,10.1914701461792,0.0,5.447788238525391,7.594560146331787,0.0500000044703483,19.36750030517578,0.2339999973773956
1780344000000,2026-06-01 20:00:00,,,,,,,,,,,,,17.417499542236328,58.0,1014.5,9.067344665527344,0.0,5.411986351013184,3.814009666442871,0.0299999993294477,18.26749992370605,0.2329999953508377
1780347600000,2026-06-01 21:00:00,,,,,,,,,,,,,16.717500686645508,63.0,1014.5999755859376,9.63797664642334,0.0,4.693825721740723,32.47117233276367,0.0199999995529651,17.467500686645508,0.2319999933242797
1780351200000,2026-06-01 22:00:00,,,,,,,,,,,,,16.167499542236328,66.0,1014.9000244140624,9.8099365234375,0.0,4.379589080810547,99.46224975585938,0.0099999997764825,16.61750030517578,0.2319999933242797
1780354800000,2026-06-01 23:00:00,,,,,,,,,,,,,16.11750030517578,67.0,1014.7000122070312,9.986918449401855,0.0,1.8356469869613647,101.30989837646484,0.0,15.967500686645508,0.231000006198883
1780358400000,2026-06-02 00:00:00,,,,,,,,,,,,,14.167500495910645,87.0,1015.0,12.03456974029541,0.0,4.379589080810547,99.46224975585938,0.0,15.067500114440918,0.248999997973442
1780362000000,2026-06-02 01:00:00,,,,,,,,,,,,,13.967500686645508,86.0,1014.7000122070312,11.662664413452148,0.0,5.86037540435791,100.6196060180664,0.0,14.667500495910645,0.2479999959468841
1780365600000,2026-06-02 02:00:00,,,,,,,,,,,,,13.517499923706056,89.0,1014.5999755859376,11.739246368408203,0.0,4.802999019622803,102.99462127685548,0.0,14.417500495910645,0.2479999959468841
1780369200000,2026-06-02 03:00:00,,,,,,,,,,,,,13.667500495910645,89.0,1014.0999755859376,11.887173652648926,0.0,4.735060214996338,98.74607849121094,0.0,14.317500114440918,0.2469999939203262
1780372800000,2026-06-02 04:00:00,,,,,,,,,,,,,14.017499923706056,88.0,1014.0999755859376,12.060552597045898,0.0,5.351784706115723,109.65391540527344,0.0099999997764825,14.267499923706056,0.2469999939203262
1780376400000,2026-06-02 05:00:00,,,,,,,,,,,,,15.467500686645508,83.0,1013.7999877929688,12.592981338500977,0.0,5.634891033172607,116.5649871826172,0.0500000044703483,14.667500495910645,0.2460000067949295
1780380000000,2026-06-02 06:00:00,,,,,,,,,,,,,17.11750030517578,80.0,1013.4000244140624,13.63890552520752,0.0,6.792466163635254,122.0053482055664,0.1199999973177909,15.317500114440918,0.2450000047683715
1780383600000,2026-06-02 07:00:00,,,,,,,,,,,,,19.01749992370605,72.0,1012.9000244140624,13.854696273803713,0.0,7.787990570068359,123.69010162353516,0.2100000232458114,16.167499542236328,0.2440000027418136
1780387200000,2026-06-02 08:00:00,,,,,,,,,,,,,20.967500686645508,69.0,1012.4000244140624,15.064756393432615,0.0,9.686609268188477,131.9871368408203,0.3300000131130218,17.217500686645508,0.2430000007152557
1780390800000,2026-06-02 09:00:00,,,,,,,,,,,,,22.26749992370605,55.0,1012.0,12.794564247131348,0.0,9.65981388092041,153.4350128173828,0.4200000464916229,18.26749992370605,0.2409999966621399
1780393864314,2026-06-02 09:51:04,33.26,25.7,23.85,,,,329.38,298.88,276.07,100.0,-112.0,-13.8,,,,,,,,,,
1780394400000,2026-06-02 10:00:00,,,,,,,,,,,,,23.317501068115234,52.0,1011.5999755859376,12.910101890563965,0.0,11.01388168334961,168.6901092529297,0.4200000464916229,19.01749992370605,0.2399999946355819
1780398000000,2026-06-02 11:00:00,,,,,,,,,,,,,24.01749992370605,43.0,1010.7000122070312,10.668172836303713,0.0,13.27614402770996,167.47120666503906,0.4799999892711639,19.917499542236328,0.2380000054836273
1780401600000,2026-06-02 12:00:00,,,,,,,,,,,,,23.967500686645508,46.0,1009.9000244140624,11.640161514282228,0.0,9.178235054016112,191.3098907470703,0.3700000345706939,20.167499542236328,0.2360000014305114
1780405200000,2026-06-02 13:00:00,,,,,,,,,,,,,24.86750030517578,41.0,1009.2000122070312,10.717205047607422,0.0,12.682018280029297,173.4803009033203,0.4300000071525574,20.667499542236328,0.2349999994039535
1780408800000,2026-06-02 14:00:00,,,,,,,,,,,,,24.01749992370605,47.0,1008.5,12.011834144592283,0.0,12.239999771118164,151.9276123046875,0.3700000345706939,20.917499542236328,0.2329999953508377
1780412400000,2026-06-02 15:00:00,,,,,,,,,,,,,24.317501068115234,46.0,1007.7000122070312,11.958575248718262,0.0,8.654986381530762,106.92759704589844,0.3100000023841858,20.917499542236328,0.2319999933242797
1780416000000,2026-06-02 16:00:00,,,,,,,,,,,,,24.51749992370605,44.0,1007.2000122070312,11.466552734375,0.0,7.903619289398193,149.93150329589844,0.2399999946355819,20.917499542236328,0.231000006198883
1780419600000,2026-06-02 17:00:00,,,,,,,,,,,,,23.86750030517578,48.0,1006.7000122070312,12.19479274749756,0.0,7.421589851379394,140.90615844726562,0.2300000041723251,20.917499542236328,0.2300000041723251
1780423200000,2026-06-02 18:00:00,,,,,,,,,,,,,22.167499542236328,56.0,1006.5,12.9769868850708,0.0,6.287129878997803,113.62938690185548,0.1299999952316284,20.61750030517578,0.2290000021457672
1780426800000,2026-06-02 19:00:00,,,,,,,,,,,,,20.667499542236328,56.0,1006.5,11.57887363433838,0.0,9.605998039245604,102.99462127685548,0.0799999982118606,19.917499542236328,0.2290000021457672
1780430400000,2026-06-02 20:00:00,,,,,,,,,,,,,19.717500686645508,60.0,1006.5999755859376,11.734307289123535,0.0,8.55710220336914,112.24907684326172,0.0700000077486038,19.26749992370605,0.2280000001192093
1780434000000,2026-06-02 21:00:00,,,,,,,,,,,,,19.167499542236328,60.0,1005.7999877929688,11.21718978881836,0.0,9.793058395385742,107.10281372070312,0.0700000077486038,18.86750030517578,0.2280000001192093
1780437600000,2026-06-02 22:00:00,,,,,,,,,,,,,18.567501068115234,60.0,1005.4000244140624,10.652984619140623,0.0,10.495713233947754,112.16639709472656,0.0599999986588954,18.467500686645508,0.2280000001192093
1780441200000,2026-06-02 23:00:00,,,,,,,,,,,,,18.61750030517578,59.0,1005.0999755859376,10.447636604309082,0.0,11.440978050231934,102.72435760498048,0.0599999986588954,18.11750030517578,0.2269999980926513
1780444800000,2026-06-03 00:00:00,,,,,,,,,,,,,18.217500686645508,71.0,1006.4000244140624,12.871848106384276,0.0,2.5199999809265137,270.0,0.0399999991059303,18.717500686645508,0.2360000014305114
1780448400000,2026-06-03 01:00:00,,,,,,,,,,,,,17.767499923706055,77.0,1006.9000244140624,13.682202339172363,0.0,4.379589080810547,260.5377502441406,0.0299999993294477,18.317501068115234,0.2349999994039535
1780452000000,2026-06-03 02:00:00,,,,,,,,,,,,,16.767499923706055,83.0,1007.0,13.86416244506836,0.8999999761581421,9.826087951660156,278.4268798828125,0.0500000044703483,17.967500686645508,0.2349999994039535
1780455600000,2026-06-03 03:00:00,,,,,,,,,,,,,16.11750030517578,90.0,1007.0,14.476007461547852,0.699999988079071,7.594208240509033,301.42950439453125,0.0500000044703483,17.567501068115234,0.2360000014305114
1780459200000,2026-06-03 04:00:00,,,,,,,,,,,,,16.0674991607666,90.0,1007.4000244140624,14.426637649536133,0.5,7.920000076293945,270.0,0.0299999993294477,17.267499923706055,0.2370000034570694
1780462800000,2026-06-03 05:00:00,,,,,,,,,,,,,15.967500686645508,89.0,1007.7999877929688,14.155240058898926,0.4000000059604645,8.473393440246582,282.2647705078125,0.0500000044703483,17.067501068115234,0.2380000054836273
1780466400000,2026-06-03 06:00:00,,,,,,,,,,,,,16.11750030517578,89.0,1008.2000122070312,14.303150177001951,0.4000000059604645,7.636752605438232,278.1300048828125,0.0500000044703483,16.967500686645508,0.238999992609024
1780470000000,2026-06-03 07:00:00,,,,,,,,,,,,,16.3174991607666,82.0,1008.9000244140624,13.238166809082031,0.0,12.72792148590088,278.1300048828125,0.1000000089406967,16.917499542236328,0.2399999946355819
1780473600000,2026-06-03 08:00:00,,,,,,,,,,,,,16.667499542236328,80.0,1009.4000244140624,13.200848579406738,0.0,12.76858615875244,291.5014953613281,0.2100000232458114,17.017499923706055,0.2409999966621399
1780477200000,2026-06-03 09:00:00,,,,,,,,,,,,,17.11750030517578,78.0,1009.7000122070312,13.250091552734377,0.0,11.384198188781738,304.6952209472656,0.2199999988079071,17.167499542236328,0.2409999966621399
1780480800000,2026-06-03 10:00:00,,,,,,,,,,,,,18.11750030517578,70.0,1009.7000122070312,12.559378623962402,0.0,12.979984283447266,289.44012451171875,0.2800000309944153,17.417499542236328,0.2399999946355819
1780484400000,2026-06-03 11:00:00,,,,,,,,,,,,,19.217500686645508,63.0,1009.7999877929688,12.00294303894043,0.0,12.496719360351562,281.63360595703125,0.3300000131130218,17.817501068115234,0.238999992609024
1780488000000,2026-06-03 12:00:00,,,,,,,,,,,,,20.11750030517578,55.0,1009.4000244140624,10.794776916503906,0.0,12.849528312683104,281.3099060058594,0.3799999952316284,18.36750030517578,0.238999992609024
1780491600000,2026-06-03 13:00:00,,,,,,,,,,,,,20.417499542236328,54.0,1009.2000122070312,10.797579765319824,0.0,10.446206092834473,268.0251159667969,0.3000000119209289,18.717500686645508,0.2380000054836273
1780495200000,2026-06-03 14:00:00,,,,,,,,,,,,,20.967500686645508,50.0,1009.2000122070312,10.151084899902344,0.0,12.605141639709473,271.63653564453125,0.2900000214576721,19.067501068115234,0.2370000034570694
1780498800000,2026-06-03 15:00:00,,,,,,,,,,,,,20.667499542236328,49.0,1009.0999755859376,9.57382869720459,0.0,12.59999942779541,270.0,0.2599999904632568,19.217500686645508,0.2360000014305114
1780502400000,2026-06-03 16:00:00,,,,,,,,,,,,,20.167499542236328,53.0,1009.2000122070312,10.285150527954102,0.0,9.064568519592283,276.8426818847656,0.2199999988079071,19.217500686645508,0.2349999994039535
1780504325607,2026-06-03 16:32:05,,,,,,,,,,100.0,-119.0,-17.0,,,,,,,,,,
1780504350506,2026-06-03 16:32:30,33.57,25.73,23.93,,,,329.66,298.91,276.13,100.0,-114.0,-17.5,,,,,,,,,,
1780506000000,2026-06-03 17:00:00,,,,,,,,,,,,,19.567501068115234,54.0,1009.2999877929688,10.008427619934082,0.0,11.726277351379396,252.12120056152344,0.1400000154972076,18.967500686645508,0.2349999994039535
1780509600000,2026-06-03 18:00:00,,,,,,,,,,,,,18.167499542236328,63.0,1009.2999877929688,11.009808540344238,0.0,4.553679466247559,251.56495666503903,0.0900000035762786,18.51749992370605,0.2349999994039535
1780513200000,2026-06-03 19:00:00,,,,,,,,,,,,,17.167499542236328,68.0,1009.7000122070312,11.21111011505127,0.0,2.099142551422119,239.0363006591797,0.0299999993294477,17.767499923706055,0.2339999973773956
1780516800000,2026-06-03 20:00:00,,,,,,,,,,,,,16.3174991607666,70.0,1009.9000244140624,10.834927558898926,0.0,1.2979984283447266,236.3099060058593,0.0,16.917499542236328,0.2339999973773956
1780518730973,2026-06-03 20:32:10,,,,16.58,16.35,14.95,,,,100.0,-113.0,-15.0,,,,,,,,,,
1780518739990,2026-06-03 20:32:19,33.57,25.73,23.93,,,,329.66,298.91,276.13,100.0,-117.0,-17.8,,,,,,,,,,
1780520400000,2026-06-03 21:00:00,,,,,,,,,,,,,15.167500495910645,75.0,1010.2000122070312,10.766242980957031,0.0,3.3190360069274902,167.47120666503906,0.0,15.967500686645508,0.2339999973773956
1780524000000,2026-06-03 22:00:00,,,,,,,,,,,,,14.517499923706056,75.0,1010.4000244140624,10.13818359375,0.0,1.4843180179595947,165.96372985839844,0.0,15.167500495910645,0.2339999973773956
1780527600000,2026-06-03 23:00:00,,,,,,,,,,,,,13.717500686645508,75.0,1010.2999877929688,9.365116119384766,0.0,2.811689853668213,129.80552673339844,0.0,14.467500686645508,0.2339999973773956
1780531200000,2026-06-04 00:00:00,,,,,,,,,,,,,12.917500495910645,82.0,1009.5999755859376,9.917906761169434,0.0,2.189794540405273,99.46224975585938,0.0,14.11750030517578,0.2409999966621399
1780533127267,2026-06-04 00:32:07,,,,16.58,15.68,14.58,,,,100.0,-113.0,-20.2,,,,,,,,,,
1780533136298,2026-06-04 00:32:16,33.6,25.73,23.93,,,,329.69,298.91,276.13,100.0,-117.0,-18.8,,,,,,,,,,
1780534800000,2026-06-04 01:00:00,,,,,,,,,,,,,12.317500114440918,81.0,1009.5999755859376,9.14955997467041,0.0,3.877318382263184,111.80147552490234,0.0,13.417500495910645,0.2399999946355819
1780538400000,2026-06-04 02:00:00,,,,,,,,,,,,,12.317500114440918,81.0,1009.5,9.14955997467041,0.0,5.506940841674805,101.30989837646484,0.0,13.017499923706056,0.2399999946355819
1780542000000,2026-06-04 03:00:00,,,,,,,,,,,,,12.167500495910645,81.0,1009.4000244140624,9.003260612487793,0.0,5.58870267868042,104.93147277832033,0.0099999997764825,13.017499923706056,0.2399999946355819
1780545600000,2026-06-04 04:00:00,,,,,,,,,,,,,12.967500686645508,78.0,1009.4000244140624,9.221603393554688,0.0,5.86037540435791,100.6196060180664,0.0199999995529651,13.11750030517578,0.2399999946355819
1780549200000,2026-06-04 05:00:00,,,,,,,,,,,,,14.717500686645508,74.0,1009.0999755859376,10.130428314208984,0.0,6.489992141723633,109.44012451171876,0.0700000077486038,13.567500114440918,0.2399999946355819
1780552800000,2026-06-04 06:00:00,,,,,,,,,,,,,16.5674991607666,72.0,1008.7000122070312,11.499845504760742,0.0,8.21715259552002,118.81069946289062,0.1599999964237213,14.36750030517578,0.238999992609024
1780556400000,2026-06-04 07:00:00,,,,,,,,,,,,,17.86750030517578,72.0,1008.7000122070312,12.749466896057127,0.0,7.127635955810547,135.00010681152344,0.2000000178813934,15.217500686645508,0.238999992609024
1780560000000,2026-06-04 08:00:00,,,,,,,,,,,,,18.417499542236328,77.0,1008.5,14.31197452545166,0.1000000014901161,5.116561412811279,129.2893829345703,0.1299999952316284,15.717500686645508,0.2380000054836273
1780561919790,2026-06-04 08:31:59,,,,16.35,15.26,15.03,,,,100.0,-118.0,-18.2,,,,,,,,,,
1780561928743,2026-06-04 08:32:08,33.47,25.7,23.89,,,,329.57,298.88,276.1,100.0,-113.0,-19.5,,,,,,,,,,
1780563600000,2026-06-04 09:00:00,,,,,,,,,,,,,19.76749992370605,69.0,1008.4000244140624,13.917699813842772,0.0,7.695919990539551,190.7842559814453,0.3300000131130218,16.5674991607666,0.2380000054836273
1780567200000,2026-06-04 10:00:00,,,,,,,,,,,,,20.36750030517578,68.0,1008.0999755859376,14.265427589416504,0.0,6.608721733093262,209.357650756836,0.3199999928474426,17.267499923706055,0.2370000034570694
1780570800000,2026-06-04 11:00:00,,,,,,,,,,,,,20.86750030517578,63.0,1007.9000244140624,13.563139915466309,0.0,9.422101020812988,186.58184814453125,0.3400000035762787,17.767499923706055,0.2360000014305114
1780574400000,2026-06-04 12:00:00,,,,,,,,,,,,,21.86750030517578,59.0,1007.2999877929688,13.496667861938477,0.0,10.63676643371582,156.03750610351562,0.3400000035762787,18.36750030517578,0.2349999994039535
1780576316136,2026-06-04 12:31:56,,,,16.26,15.83,14.98,,,,100.0,-112.0,-10.5,,,,,,,,,,
1780578000000,2026-06-04 13:00:00,,,,,,,,,,,,,22.567501068115234,57.0,1006.5,13.621630668640137,0.0,14.113653182983398,174.14407348632812,0.3400000035762787,18.917499542236328,0.2339999973773956
1780581600000,2026-06-04 14:00:00,,,,,,,,,,,,,23.417499542236328,56.0,1006.2000122070312,14.141661643981934,0.1000000014901161,11.592893600463867,233.8417205810547,0.270000010728836,19.167499542236328,0.2329999953508377
1780585200000,2026-06-04 15:00:00,,,,,,,,,,,,,23.467500686645508,54.0,1005.9000244140624,13.627711296081545,0.0,13.281023025512695,212.8285369873047,0.2900000214576721,19.36750030517578,0.2329999953508377
1780588800000,2026-06-04 16:00:00,,,,,,,,,,,,,23.26749992370605,54.0,1005.5,13.442204475402832,0.0,12.287554740905762,211.8274078369141,0.2900000214576721,19.567501068115234,0.2319999933242797
1780592400000,2026-06-04 17:00:00,,,,,,,,,,,,,22.567501068115234,58.0,1005.4000244140624,13.889368057250977,0.0,9.199390411376951,210.5791473388672,0.2000000178813934,19.567501068115234,0.231000006198883
1780596000000,2026-06-04 18:00:00,,,,,,,,,,,,,21.26749992370605,65.0,1005.4000244140624,14.42401123046875,0.0,4.198285102844238,210.96368408203125,0.1099999994039535,19.317501068115234,0.231000006198883
1780599600000,2026-06-04 19:00:00,,,,,,,,,,,,,19.917499542236328,71.0,1005.7999877929688,14.502775192260742,0.0,5.600285530090332,315.0000915527344,0.0299999993294477,18.717500686645508,0.231000006198883
1780603200000,2026-06-04 20:00:00,,,,,,,,,,,,,17.317501068115234,80.0,1007.5,13.833592414855955,1.600000023841858,10.966712951660156,246.80137634277344,0.0599999986588954,18.217500686645508,0.231000006198883
1780606800000,2026-06-04 21:00:00,,,,,,,,,,,,,15.767499923706056,86.0,1007.5,13.430415153503418,10.800000190734863,6.119999885559082,298.0723876953125,0.0700000077486038,17.467500686645508,0.2660000026226043
1780610400000,2026-06-04 22:00:00,,,,,,,,,,,,,16.017499923706055,82.0,1008.2000122070312,12.945245742797852,0.6000000238418579,5.091168403625488,261.8699951171875,0.0299999993294477,16.86750030517578,0.2739999890327453
1780614000000,2026-06-04 23:00:00,,,,,,,,,,,,,15.11750030517578,85.0,1008.5999755859376,12.61350440979004,0.699999988079071,7.787990570068359,303.6900939941406,0.0700000077486038,16.467500686645508,0.2770000100135803
1780617600000,2026-06-05 00:00:00,,,,,,,,,,,,,14.467500686645508,89.0,1009.5999755859376,12.676098823547363,0.6000000238418579,3.3190360069274902,192.5287933349609,0.0199999995529651,16.167499542236328,0.257999986410141
1780619510253,2026-06-05 00:31:50,33.44,25.62,23.85,,,,329.54,298.79,276.07,100.0,-113.0,-6.8,,,,,,,,,,
1780621200000,2026-06-05 01:00:00,,,,,,,,,,,,,14.217500686645508,88.0,1009.7999877929688,12.25751781463623,0.800000011920929,3.617955207824707,275.71051025390625,0.0199999995529651,15.86750030517578,0.2610000073909759
1780624800000,2026-06-05 02:00:00,,,,,,,,,,,,,13.717500686645508,88.0,1010.5,11.765100479125977,2.0999999046325684,1.4399999380111694,180.0,0.0099999997764825,15.567500114440918,0.2660000026226043
1780628400000,2026-06-05 03:00:00,,,,,,,,,,,,,13.017499923706056,96.0,1011.0999755859376,12.394189834594728,2.0,4.829906940460205,116.5649871826172,0.0099999997764825,15.017499923706056,0.2980000078678131
1780632000000,2026-06-05 04:00:00,,,,,,,,,,,,,12.967500686645508,96.0,1010.5,12.344433784484863,0.800000011920929,3.89399528503418,123.69010162353516,0.0099999997764825,14.817500114440918,0.3039999902248382
1780633898728,2026-06-05 04:31:38,,,,16.46,14.92,15.17,,,,100.0,-112.0,-9.2,,,,,,,,,,
1780635600000,2026-06-05 05:00:00,,,,,,,,,,,,,13.467500686645508,94.0,1011.5,12.520596504211426,0.3000000119209289,3.396233081817627,122.0053482055664,0.0199999995529651,14.767499923706056,0.3030000030994415
1780639200000,2026-06-05 06:00:00,,,,,,,,,,,,,14.167500495910645,94.0,1011.7000122070312,13.215432167053224,0.1000000014901161,1.6099690198898315,116.5649871826172,0.0500000044703483,14.767499923706056,0.2960000038146972
1780642800000,2026-06-05 07:00:00,,,,,,,,,,,,,15.11750030517578,92.0,1012.0999755859376,13.826709747314451,0.0,4.198285102844238,239.0363006591797,0.1000000089406967,15.017499923706056,0.2939999997615814
1780646400000,2026-06-05 08:00:00,,,,,,,,,,,,,15.967500686645508,81.0,1012.7999877929688,12.708928108215332,0.0,10.446206092834473,271.9748840332031,0.2199999988079071,15.36750030517578,0.2919999957084656
1780650000000,2026-06-05 09:00:00,,,,,,,,,,,,,16.467500686645508,79.0,1013.0,12.813777923583984,0.0,11.54247760772705,273.5762634277344,0.3199999928474426,15.517499923706056,0.289000004529953
1780653600000,2026-06-05 10:00:00,,,,,,,,,,,,,17.36750030517578,74.0,1013.2999877929688,12.686481475830078,0.0,8.825508117675781,258.2317199707031,0.3900000154972076,15.917500495910645,0.2860000133514404
1780657200000,2026-06-05 11:00:00,,,,,,,,,,,,,18.11750030517578,71.0,1013.2999877929688,12.775898933410645,0.0,7.695919990539551,259.2157592773437,0.4200000464916229,16.417499542236328,0.2840000092983246
1780660800000,2026-06-05 12:00:00,,,,,,,,,,,,,19.217500686645508,67.0,1013.0999755859376,12.94114875793457,0.0,6.569382667541504,260.5377502441406,0.449999988079071,16.967500686645508,0.2809999883174896
1780664400000,2026-06-05 13:00:00,,,,,,,,,,,,,19.417499542236328,62.0,1013.2000122070312,11.94899082183838,0.0,13.783817291259766,229.23648071289065,0.4000000357627868,17.36750030517578,0.2790000140666961
1780668000000,2026-06-05 14:00:00,,,,,,,,,,,,,17.717500686645508,64.0,1013.7999877929688,10.82082176208496,0.1000000014901161,4.213691711425781,250.0167999267578,0.3000000119209289,17.217500686645508,0.2770000100135803
1780671600000,2026-06-05 15:00:00,,,,,,,,,,,,,16.967500686645508,74.0,1013.9000244140624,12.300719261169434,0.1000000014901161,3.826852560043335,221.18582153320312,0.2800000309944153,17.217500686645508,0.2750000059604645
1780675200000,2026-06-05 16:00:00,,,,,,,,,,,,,17.717500686645508,74.0,1014.2000122070312,13.024003028869627,0.0,3.3190360069274902,220.6012115478516,0.2300000041723251,17.267499923706055,0.2730000019073486
1780677094548,2026-06-05 16:31:34,33.44,25.62,23.85,,,,329.54,298.79,276.07,100.0,-112.0,-13.2,,,,,,,,,,
1780678800000,2026-06-05 17:00:00,,,,,,,,,,,,,18.01749992370605,75.0,1014.5999755859376,13.519391059875488,0.0,2.620839357376098,15.945476531982422,0.1299999952316284,17.167499542236328,0.2720000147819519
1780682400000,2026-06-05 18:00:00,,,,,,,,,,,,,17.11750030517578,81.0,1014.9000244140624,13.830111503601074,0.0,4.582051753997803,135.00010681152344,0.0900000035762786,17.067501068115234,0.2709999978542328
1780686000000,2026-06-05 19:00:00,,,,,,,,,,,,,15.767499923706056,87.0,1015.5999755859376,13.608062744140623,0.0,4.349896430969238,114.4439468383789,0.0299999993294477,16.667499542236328,0.270000010728836
1780689600000,2026-06-05 20:00:00,,,,,,,,,,,,,14.86750030517578,85.0,1016.2999877929688,12.368329048156738,0.0,3.7585103511810303,106.69932556152344,0.0099999997764825,16.0674991607666,0.2689999938011169
1780691483917,2026-06-05 20:31:23,,,,16.17,16.11,15.09,,,,100.0,-113.0,-15.0,,,,,,,,,,
1780693200000,2026-06-05 21:00:00,,,,,,,,,,,,,13.86750030517578,87.0,1016.7000122070312,11.739521980285645,0.0,4.213691711425781,109.98319244384766,0.0,15.417500495910645,0.2689999938011169
1780696800000,2026-06-05 22:00:00,,,,,,,,,,,,,13.317500114440918,88.0,1017.0,11.371155738830566,0.0,4.379589080810547,99.46224975585938,0.0,14.717500686645508,0.2680000066757202
1780700400000,2026-06-05 23:00:00,,,,,,,,,,,,,12.61750030517578,88.0,1017.2000122070312,10.681729316711426,0.0,3.6712939739227295,101.30989837646484,0.0,14.167500495910645,0.2680000066757202
1780704000000,2026-06-06 00:00:00,,,,,,,,,,,,,12.917500495910645,90.0,1017.2000122070312,11.316169738769531,0.0,3.3190360069274902,102.52880096435548,0.0,14.467500686645508,0.270000010728836
1780707600000,2026-06-06 01:00:00,,,,,,,,,,,,,12.61750030517578,91.0,1017.2999877929688,11.18652057647705,0.0,2.189794540405273,99.46224975585938,0.0,13.917500495910645,0.2689999938011169
1780711200000,2026-06-06 02:00:00,,,,,,,,,,,,,11.967500686645508,91.0,1017.5999755859376,10.543768882751465,0.0,2.968636035919189,104.03627014160156,0.0,13.417500495910645,0.2680000066757202
1780714800000,2026-06-06 03:00:00,,,,,,,,,,,,,11.317500114440918,91.0,1017.9000244140624,9.900995254516602,0.0,4.379589080810547,99.46224975585938,0.0,12.917500495910645,0.2680000066757202
1780718400000,2026-06-06 04:00:00,,,,,,,,,,,,,11.567500114440918,90.0,1017.9000244140624,9.982962608337402,0.0,4.33497428894043,94.76355743408205,0.0,12.61750030517578,0.2669999897480011
1780722000000,2026-06-06 05:00:00,,,,,,,,,,,,,13.067500114440918,90.0,1018.0,11.4642972946167,0.0,3.5999999046325684,126.86998748779295,0.0299999993294477,12.967500686645508,0.2669999897480011
1780725600000,2026-06-06 06:00:00,,,,,,,,,,,,,14.817500114440918,84.0,1017.7999877929688,12.139267921447754,0.0,3.89399528503418,146.30990600585938,0.1099999994039535,13.817500114440918,0.2660000026226043
1780729200000,2026-06-06 07:00:00,,,,,,,,,,,,,16.767499923706055,79.0,1017.9000244140624,13.105385780334473,0.0,1.8356469869613647,168.6901092529297,0.2199999988079071,14.86750030517578,0.2649999856948852
1780732800000,2026-06-06 08:00:00,,,,,,,,,,,,,18.667499542236328,69.0,1017.7000122070312,12.866028785705566,0.0,3.826852560043335,138.81417846679688,0.3500000238418579,15.967500686645508,0.2639999985694885
1780734672651,2026-06-06 08:31:12,,,,15.94,16.09,15.14,,,,100.0,-122.0,-14.0,,,,,,,,,,
1780734678141,2026-06-06 08:31:18,33.36,25.59,23.81,,,,329.47,298.76,276.04,100.0,-112.0,-12.2,,,,,,,,,,
1780736400000,2026-06-06 09:00:00,,,,,,,,,,,,,19.76749992370605,62.0,1017.4000244140624,12.279341697692873,0.0,3.5999999046325684,126.86998748779295,0.449999988079071,17.067501068115234,0.2630000114440918
1780740000000,2026-06-06 10:00:00,,,,,,,,,,,,,20.86750030517578,63.0,1017.2999877929688,13.563139915466309,0.0,5.692099094390869,145.30477905273438,0.4300000071525574,17.967500686645508,0.2610000073909759
1780743600000,2026-06-06 11:00:00,,,,,,,,,,,,,22.26749992370605,52.0,1016.7999877929688,11.940400123596191,0.0,9.107358932495115,161.56495666503906,0.4399999976158142,18.917499542236328,0.2590000033378601
1780747200000,2026-06-06 12:00:00,,,,,,,,,,,,,22.76749992370605,44.0,1016.2999877929688,9.882606506347656,0.0,8.396570205688477,149.03631591796875,0.4700000584125519,19.817501068115234,0.257999986410141
1780750800000,2026-06-06 13:00:00,,,,,,,,,,,,,22.817501068115234,42.0,1015.9000244140624,9.234814643859863,0.0,15.294703483581545,153.4350128173828,0.3799999952316284,20.067501068115234,0.2560000121593475
1780754400000,2026-06-06 14:00:00,,,,,,,,,,,,,23.417499542236328,44.0,1015.7999877929688,10.47104549407959,0.0,5.351784706115723,160.34608459472656,0.3400000035762787,20.167499542236328,0.2540000081062317
1780758000000,2026-06-06 15:00:00,,,,,,,,,,,,,23.467500686645508,38.0,1015.7000122070312,8.334911346435547,0.0,7.2805495262146,188.5306854248047,0.3000000119209289,20.417499542236328,0.2529999911785126
1780761600000,2026-06-06 16:00:00,,,,,,,,,,,,,22.667499542236328,48.0,1016.0,11.097240447998049,0.0,10.239453315734863,190.1246032714844,0.2399999946355819,20.167499542236328,0.2520000040531158
1780765200000,2026-06-06 17:00:00,,,,,,,,,,,,,22.11750030517578,50.0,1016.0,11.20859718322754,0.0,5.692099571228027,161.56495666503906,0.1899999976158142,19.967500686645508,0.2509999871253967
1780768800000,2026-06-06 18:00:00,,,,,,,,,,,,,20.917499542236328,58.0,1016.0999755859376,12.34511375427246,0.0,4.0249223709106445,100.3047866821289,0.1000000089406967,19.567501068115234,0.25
1780772400000,2026-06-06 19:00:00,,,,,,,,,,,,,19.417499542236328,60.0,1016.5999755859376,11.452251434326172,0.0,5.154415607452393,77.90525817871094,0.0500000044703483,18.817501068115234,0.248999997973442
1780776000000,2026-06-06 20:00:00,,,,,,,,,,,,,18.567501068115234,62.0,1016.7999877929688,11.146605491638184,0.0,5.759999752044678,90.0,0.0299999993294477,18.01749992370605,0.248999997973442
1780777861427,2026-06-06 20:31:01,,,,16.17,15.77,14.61,,,,100.0,-122.0,-14.2,,,,,,,,,,
1780777867050,2026-06-06 20:31:07,33.47,25.56,23.81,,,,329.57,298.73,276.04,100.0,-122.0,-13.8,,,,,,,,,,
1780779600000,2026-06-06 21:00:00,,,,,,,,,,,,,17.567501068115234,66.0,1016.9000244140624,11.141926765441896,0.0,4.735060214996338,98.74607849121094,0.0299999993294477,17.317501068115234,0.248999997973442
1780783200000,2026-06-06 22:00:00,,,,,,,,,,,,,16.767499923706055,71.0,1017.2000122070312,11.480422019958496,0.0,4.452953815460205,104.03627014160156,0.0199999995529651,16.667499542236328,0.248999997973442
1780786800000,2026-06-06 23:00:00,,,,,,,,,,,,,16.11750030517578,79.0,1018.2000122070312,12.47355842590332,0.2000000029802322,2.9024126529693604,7.124929904937744,0.0099999997764825,16.36750030517578,0.2479999959468841
1780790400000,2026-06-07 00:00:00,,,,,,,,,,,,,15.86750030517578,84.0,1016.5,13.167523384094238,0.0,4.104631423950195,105.2551727294922,0.0199999995529651,15.86750030517578,0.2549999952316284
1780792257621,2026-06-07 00:30:57,,,,16.23,16.14,14.89,,,,100.0,-112.0,-11.5,,,,,,,,,,
1780792264623,2026-06-07 00:31:04,33.54,25.59,23.81,,,,329.63,298.76,276.04,100.0,-112.0,-11.2,,,,,,,,,,
1780794000000,2026-06-07 01:00:00,,,,,,,,,,,,,15.817500114440918,82.0,1017.2999877929688,12.749959945678713,0.0,6.1516828536987305,249.44386291503903,0.0099999997764825,15.667500495910645,0.2549999952316284
1780797600000,2026-06-07 02:00:00,,,,,,,,,,,,,14.767499923706056,92.0,1018.4000244140624,13.48019790649414,2.299999952316284,8.121970176696777,282.80426025390625,0.0399999991059303,15.61750030517578,0.2560000121593475
1780801200000,2026-06-07 03:00:00,,,,,,,,,,,,,14.067500114440918,94.0,1018.2000122070312,13.116169929504396,0.2000000029802322,3.415259599685669,251.56495666503903,0.0099999997764825,15.467500686645508,0.2619999945163727
1780804800000,2026-06-07 04:00:00,,,,,,,,,,,,,14.317500114440918,91.0,1018.7999877929688,12.867480278015137,0.0,2.0364675521850586,224.99989318847656,0.0,15.217500686645508,0.2649999856948852
1780806660907,2026-06-07 04:31:00,33.57,25.59,23.81,,,,329.66,298.76,276.04,100.0,-113.0,-13.8,,,,,,,,,,
1780808400000,2026-06-07 05:00:00,,,,,,,,,,,,,15.567500114440918,88.0,1019.2000122070312,13.586974143981934,0.0,2.099142551422119,149.03631591796875,0.0299999993294477,15.317500114440918,0.2669999897480011
1780812000000,2026-06-07 06:00:00,,,,,,,,,,,,,16.86750030517578,84.0,1019.7999877929688,14.146737098693848,0.0,3.5999999046325684,233.1300201416016,0.1500000059604644,15.767499923706056,0.2669999897480011
1780815600000,2026-06-07 07:00:00,,,,,,,,,,,,,17.517499923706055,77.0,1020.0999755859376,13.439970970153809,0.0,15.15852165222168,265.9144592285156,0.2900000214576721,16.267499923706055,0.2669999897480011
1780819200000,2026-06-07 08:00:00,,,,,,,,,,,,,18.26749992370605,71.0,1020.4000244140624,12.919824600219728,0.0,15.484185218811035,271.3321838378906,0.4000000357627868,16.61750030517578,0.2669999897480011
1780822800000,2026-06-07 09:00:00,,,,,,,,,,,,,19.36750030517578,58.0,1020.7999877929688,10.893878936767578,0.0,13.849475860595703,278.9725341796875,0.4900000393390655,17.067501068115234,0.2660000026226043
1780826400000,2026-06-07 10:00:00,,,,,,,,,,,,,19.417499542236328,55.0,1021.0999755859376,10.143434524536133,0.0,18.94024085998535,278.7460632324219,0.4300000071525574,17.417499542236328,0.2639999985694885
1780830000000,2026-06-07 11:00:00,,,,,,,,,,,,,18.817501068115234,55.0,1021.4000244140624,9.585043907165527,0.0,17.208602905273438,285.78082275390625,0.3199999928474426,17.717500686645508,0.2630000114440918
1780833600000,2026-06-07 12:00:00,,,,,,,,,,,,,20.467500686645508,52.0,1021.2999877929688,10.277362823486328,0.0,14.79945945739746,288.4350280761719,0.3000000119209289,17.86750030517578,0.2610000073909759
1780835446492,2026-06-07 12:30:46,,,,16.23,15.37,14.95,,,,100.0,-112.0,-13.0,,,,,,,,,,
1780837200000,2026-06-07 13:00:00,,,,,,,,,,,,,20.667499542236328,57.0,1021.2000122070312,11.847033500671388,0.0,16.548255920410156,314.1186828613281,0.3900000154972076,18.567501068115234,0.2599999904632568
1780840800000,2026-06-07 14:00:00,,,,,,,,,,,,,20.61750030517578,46.0,1021.0,8.59058666229248,0.0,16.793140411376953,300.96368408203125,0.3400000035762787,18.967500686645508,0.257999986410141
1780844400000,2026-06-07 15:00:00,,,,,,,,,,,,,21.417499542236328,47.0,1021.0,9.639307975769045,0.1000000014901161,11.620808601379396,253.8107147216797,0.3000000119209289,18.86750030517578,0.2569999992847442
1780848000000,2026-06-07 16:00:00,,,,,,,,,,,,,20.667499542236328,45.0,1021.0999755859376,8.311545372009277,0.0,14.113653182983398,275.8559265136719,0.270000010728836,18.86750030517578,0.2549999952316284
1780849842712,2026-06-07 16:30:42,,,,16.26,16.11,15.12,,,,100.0,-117.0,-14.8,,,,,,,,,,
1780849849729,2026-06-07 16:30:49,33.54,25.59,23.81,,,,329.63,298.76,276.04,100.0,-112.0,-11.0,,,,,,,,,,
1780851600000,2026-06-07 17:00:00,,,,,,,,,,,,,20.26749992370605,49.0,1021.4000244140624,9.20675277709961,0.0,13.378250122070312,293.8059387207031,0.2399999946355819,18.817501068115234,0.2540000081062317
1780855200000,2026-06-07 18:00:00,,,,,,,,,,,,,19.067501068115234,56.0,1021.5999755859376,10.086950302124023,0.0,10.948972702026367,316.3321533203125,0.1400000154972076,18.567501068115234,0.2529999911785126
1780858800000,2026-06-07 19:00:00,,,,,,,,,,,,,16.517499923706055,67.0,1022.0999755859376,10.368202209472656,0.0,5.634891033172607,333.4350280761719,0.0599999986588954,17.967500686645508,0.2520000040531158
1780862400000,2026-06-07 20:00:00,,,,,,,,,,,,,15.267499923706056,72.0,1022.5,10.24998378753662,0.0,5.804825305938721,7.124929904937744,0.0299999993294477,17.11750030517578,0.2520000040531158
1780864245957,2026-06-07 20:30:45,33.6,25.59,23.81,,,,329.69,298.76,276.04,100.0,-113.0,-11.5,,,,,,,,,,
1780866000000,2026-06-07 21:00:00,,,,,,,,,,,,,14.417500495910645,78.0,1022.9000244140624,10.629364967346191,0.0,5.315336227416992,28.3006591796875,0.0199999995529651,16.417499542236328,0.2520000040531158
1780869600000,2026-06-07 22:00:00,,,,,,,,,,,,,14.217500686645508,78.0,1023.0,10.435203552246094,0.0,4.379589080810547,9.462247848510742,0.0099999997764825,15.817500114440918,0.2509999871253967
1780873200000,2026-06-07 23:00:00,,,,,,,,,,,,,13.36750030517578,84.0,1023.2000122070312,10.719145774841309,0.0,3.7064266204833984,29.05450820922852,0.0099999997764825,15.317500114440918,0.2509999871253967
1780876800000,2026-06-08 00:00:00,,,,,,,,,,,,,12.917500495910645,87.0,1023.5999755859376,10.805166244506836,0.0,3.545588731765747,23.962491989135746,0.0,14.467500686645508,0.2649999856948852
1780878635303,2026-06-08 00:30:35,,,,16.35,16.49,15.23,,,,100.0,-121.0,-13.5,,,,,,,,,,
1780878640905,2026-06-08 00:30:40,33.64,25.62,23.81,,,,329.72,298.79,276.04,100.0,-112.0,-7.2,,,,,,,,,,
1780880400000,2026-06-08 01:00:00,,,,,,,,,,,,,11.967500686645508,91.0,1023.2999877929688,10.543768882751465,0.0,4.0249223709106445,100.3047866821289,0.0,13.967500686645508,0.2649999856948852
1780884000000,2026-06-08 02:00:00,,,,,,,,,,,,,12.11750030517578,90.0,1022.7000122070312,10.526130676269531,0.0,3.239999771118164,90.0,0.0,13.517499923706056,0.2649999856948852
1780887600000,2026-06-08 03:00:00,,,,,,,,,,,,,11.217500686645508,95.0,1022.7000122070312,10.445743560791016,0.0,2.5199999809265137,90.0,0.0,13.11750030517578,0.2649999856948852
1780891200000,2026-06-08 04:00:00,,,,,,,,,,,,,11.61750030517578,95.0,1022.7999877929688,10.843316078186035,0.0,3.877318382263184,111.80147552490234,0.0,12.767499923706056,0.2649999856948852
1780893038580,2026-06-08 04:30:38,33.6,25.65,23.81,,,,329.69,298.82,276.04,100.0,-113.0,-13.2,,,,,,,,,,
1780894800000,2026-06-08 05:00:00,,,,,,,,,,,,,13.567500114440918,93.0,1022.2999877929688,12.456768989562988,0.0,3.89399528503418,123.69010162353516,0.0199999995529651,13.067500114440918,0.2639999985694885
1780898400000,2026-06-08 06:00:00,,,,,,,,,,,,,15.767499923706056,85.0,1021.7999877929688,13.250941276550291,0.0,3.89399528503418,123.69010162353516,0.1099999994039535,13.817500114440918,0.2639999985694885
1780902000000,2026-06-08 07:00:00,,,,,,,,,,,,,18.067501068115234,77.0,1020.9000244140624,13.972875595092772,0.0,6.7637858390808105,115.20108795166016,0.2399999946355819,14.817500114440918,0.2630000114440918
1780905600000,2026-06-08 08:00:00,,,,,,,,,,,,,19.717500686645508,70.0,1020.2000122070312,14.091796875,0.0,7.289444923400879,122.90524291992188,0.3700000345706939,15.767499923706056,0.2619999945163727
1780907427818,2026-06-08 08:30:27,,,,16.14,16.14,15.54,,,,100.0,-112.0,-10.0,,,,,,,,,,
1780909200000,2026-06-08 09:00:00,,,,,,,,,,,,,21.26749992370605,60.0,1019.7000122070312,13.191293716430664,0.0,6.608721733093262,150.64234924316406,0.4399999976158142,16.767499923706055,0.2610000073909759
1780912800000,2026-06-08 10:00:00,,,,,,,,,,,,,22.817501068115234,53.0,1019.0999755859376,12.738967895507812,0.0,7.952659606933594,174.8056640625,0.4900000393390655,17.61750030517578,0.2590000033378601
1780916400000,2026-06-08 11:00:00,,,,,,,,,,,,,23.86750030517578,50.0,1018.5999755859376,12.81712818145752,0.0,7.199999809265137,180.0,0.5699999928474426,18.567501068115234,0.2569999992847442
1780920000000,2026-06-08 12:00:00,,,,,,,,,,,,,24.61750030517578,45.0,1017.7999877929688,11.89754867553711,0.0,6.489992141723633,160.55987548828125,0.5699999928474426,19.467500686645508,0.2560000121593475
1780923600000,2026-06-08 13:00:00,,,,,,,,,,,,,25.167499542236328,44.0,1016.7999877929688,12.054617881774902,0.0,5.116561412811279,140.7106170654297,0.5600000619888306,20.167499542236328,0.2540000081062317
1780927200000,2026-06-08 14:00:00,,,,,,,,,,,,,25.36750030517578,40.0,1016.2000122070312,10.793778419494627,0.0,6.7637858390808105,244.7989044189453,0.5,20.667499542236328,0.2520000040531158
1780930800000,2026-06-08 15:00:00,,,,,,,,,,,,,25.567501068115234,43.0,1015.5,12.066682815551758,0.0,4.072935104370117,135.00010681152344,0.449999988079071,20.967500686645508,0.2509999871253967
1780934400000,2026-06-08 16:00:00,,,,,,,,,,,,,25.067501068115234,47.0,1014.7999877929688,12.969382286071776,0.0,4.680000305175781,202.61990356445312,0.3100000023841858,21.01749992370605,0.25
1780936227351,2026-06-08 16:30:27,33.57,25.56,23.77,,,,329.66,298.73,276.01,100.0,-112.0,-12.2,,,,,,,,,,
1780938000000,2026-06-08 17:00:00,,,,,,,,,,,,,23.61750030517578,51.0,1014.0,12.889837265014648,0.0,5.399999618530273,143.13002014160156,0.2100000232458114,20.817501068115234,0.248999997973442
1780941600000,2026-06-08 18:00:00,,,,,,,,,,,,,22.11750030517578,54.0,1013.7000122070312,12.375326156616213,0.0,6.519876956939697,96.34009552001952,0.1299999952316284,20.36750030517578,0.2479999959468841
1780945200000,2026-06-08 19:00:00,,,,,,,,,,,,,21.067501068115234,57.0,1013.5,12.220705032348633,0.0,7.56856632232666,92.72625732421876,0.1000000089406967,19.76749992370605,0.2479999959468841
1780948800000,2026-06-08 20:00:00,,,,,,,,,,,,,20.167499542236328,62.0,1013.4000244140624,12.656856536865234,0.0,7.421589851379394,104.03627014160156,0.0799999982118606,19.26749992370605,0.2469999939203262
1780950623577,2026-06-08 20:30:23,33.67,25.59,23.81,,,,329.75,298.76,276.04,100.0,-112.0,-9.5,,,,,,,,,,
1780952400000,2026-06-08 21:00:00,,,,,,,,,,,,,19.417499542236328,64.0,1013.2000122070312,12.431806564331056,0.0,6.287129878997803,103.24053192138672,0.0599999986588954,18.76749992370605,0.2469999939203262
1780956000000,2026-06-08 22:00:00,,,,,,,,,,,,,19.01749992370605,65.0,1013.2999877929688,12.28854751586914,0.0,5.483356475830078,113.19862365722656,0.0599999986588954,18.36750030517578,0.2469999939203262
1780959600000,2026-06-08 23:00:00,,,,,,,,,,,,,18.76749992370605,68.0,1013.4000244140624,12.738483428955078,0.0,4.104631423950195,105.2551727294922,0.0299999993294477,17.967500686645508,0.2469999939203262
1780963200000,2026-06-09 00:00:00,,,,,,,,,,,,,20.51749992370605,56.0,1012.0,11.439032554626465,0.0,3.976329803466797,95.19434356689452,0.0199999995529651,18.86750030517578,0.25
1780965012821,2026-06-09 00:30:12,,,,16.58,15.77,14.98,,,,100.0,-112.0,-9.2,,,,,,,,,,
1780966800000,2026-06-09 01:00:00,,,,,,,,,,,,,20.26749992370605,58.0,1011.7000122070312,11.736598014831545,0.0,3.617955207824707,95.71050262451172,0.0199999995529651,18.317501068115234,0.25
1780970400000,2026-06-09 02:00:00,,,,,,,,,,,,,19.86750030517578,60.0,1011.5999755859376,11.87533187866211,0.0,3.2599384784698486,96.34009552001952,0.0099999997764825,17.86750030517578,0.25
1780974000000,2026-06-09 03:00:00,,,,,,,,,,,,,18.567501068115234,67.0,1011.5,12.321853637695312,0.0,2.3051247596740723,128.6598358154297,0.0,17.417499542236328,0.25
1780977600000,2026-06-09 04:00:00,,,,,,,,,,,,,18.667499542236328,69.0,1011.7000122070312,12.866028785705566,0.0,3.396233081817627,122.0053482055664,0.0,17.11750030517578,0.25
1780981200000,2026-06-09 05:00:00,,,,,,,,,,,,,19.26749992370605,70.0,1012.0,13.660846710205078,0.0,1.4843180179595947,104.03627014160156,0.0199999995529651,17.317501068115234,0.25
1780984800000,2026-06-09 06:00:00,,,,,,,,,,,,,17.567501068115234,86.0,1012.7000122070312,15.197941780090332,2.200000047683716,2.9024126529693604,209.7447967529297,0.0599999986588954,17.417499542236328,0.2509999871253967
1780988400000,2026-06-09 07:00:00,,,,,,,,,,,,,18.11750030517578,89.0,1012.4000244140624,16.275135040283203,0.2000000029802322,3.219938039779663,153.4350128173828,0.0700000077486038,17.467500686645508,0.2529999911785126
1780992000000,2026-06-09 08:00:00,,,,,,,,,,,,,18.167499542236328,89.0,1012.7999877929688,16.324432373046875,0.2000000029802322,5.091168403625488,261.8699951171875,0.0700000077486038,17.61750030517578,0.2549999952316284
1780995600000,2026-06-09 09:00:00,,,,,,,,,,,,,17.217500686645508,86.0,1013.7999877929688,14.854270935058594,0.800000011920929,11.631956100463867,291.8014831542969,0.1500000059604644,17.517499923706055,0.2560000121593475
1780999200000,2026-06-09 10:00:00,,,,,,,,,,,,,17.667499542236328,78.0,1014.7000122070312,13.783843040466309,0.2000000029802322,14.40899658203125,282.99462890625,0.1500000059604644,17.417499542236328,0.2590000033378601
1781002800000,2026-06-09 11:00:00,,,,,,,,,,,,,17.017499923706055,75.0,1014.9000244140624,12.553491592407228,0.0,8.121970176696777,257.1957397460937,0.3100000023841858,17.317501068115234,0.2599999904632568
1781006400000,2026-06-09 12:00:00,,,,,,,,,,,,,18.167499542236328,74.0,1014.7000122070312,13.457935333251951,0.0,5.483356475830078,246.80137634277344,0.25,17.517499923706055,0.2599999904632568
1781008208679,2026-06-09 12:30:08,33.87,25.7,23.89,,,,329.93,298.88,276.1,100.0,-112.0,-12.0,,,,,,,,,,
1781010000000,2026-06-09 13:00:00,,,,,,,,,,,,,18.717500686645508,59.0,1014.7999877929688,10.541485786437988,0.0,13.27614402770996,257.47119140625,0.3799999952316284,17.86750030517578,0.2590000033378601
1781013600000,2026-06-09 14:00:00,,,,,,,,,,,,,18.26749992370605,64.0,1015.2999877929688,11.342083930969238,0.0,14.529914855957031,318.0128479003906,0.3700000345706939,17.817501068115234,0.257999986410141
1781017200000,2026-06-09 15:00:00,,,,,,,,,,,,,19.467500686645508,56.0,1015.5,10.459986686706545,0.0,12.620553970336914,266.7295837402344,0.3300000131130218,18.01749992370605,0.2569999992847442
1781020800000,2026-06-09 16:00:00,,,,,,,,,,,,,19.817501068115234,41.0,1015.5,6.182063102722168,0.0,12.59999942779541,270.0,0.3400000035762787,18.26749992370605,0.2560000121593475
1781022597907,2026-06-09 16:29:57,,,,16.7,16.87,15.4,,,,100.0,-113.0,-12.8,,,,,,,,,,
1781024400000,2026-06-09 17:00:00,,,,,,,,,,,,,19.01749992370605,47.0,1015.4000244140624,7.447440624237059,0.0,8.08999252319336,290.8545227050781,0.2800000309944153,18.167499542236328,0.2549999952316284
1781028000000,2026-06-09 18:00:00,,,,,,,,,,,,,17.767499923706055,56.0,1015.5999755859376,8.874300003051758,0.0,4.735060214996338,261.25390625,0.1299999952316284,17.667499542236328,0.2540000081062317
1781031600000,2026-06-09 19:00:00,,,,,,,,,,,,,16.017499923706055,62.0,1016.4000244140624,8.738555908203125,0.0,8.55710220336914,337.7509155273437,0.0599999986588954,16.967500686645508,0.2540000081062317
1781035200000,2026-06-09 20:00:00,,,,,,,,,,,,,14.967500686645508,67.0,1017.2999877929688,8.8905668258667,0.0,6.569382667541504,9.462261199951172,0.0399999991059303,16.267499923706055,0.2540000081062317
1781036994277,2026-06-09 20:29:54,,,,16.7,16.11,15.34,,,,100.0,-113.0,-10.5,,,,,,,,,,
1781038800000,2026-06-09 21:00:00,,,,,,,,,,,,,13.917500495910645,71.0,1017.9000244140624,8.744625091552734,0.0,5.58870267868042,14.931467056274414,0.0299999993294477,15.61750030517578,0.2529999911785126
1781042400000,2026-06-09 22:00:00,,,,,,,,,,,,,13.917500495910645,69.0,1018.0999755859376,8.322460174560547,0.0,4.0249223709106445,26.564985275268555,0.0199999995529651,14.967500686645508,0.2529999911785126
1781046000000,2026-06-09 23:00:00,,,,,,,,,,,,,13.917500495910645,67.0,1017.9000244140624,7.889350414276123,0.0,4.0249223709106445,10.304792404174805,0.0099999997764825,14.467500686645508,0.2529999911785126
1781049600000,2026-06-10 00:00:00,,,,,,,,,,,,,12.86750030517578,84.0,1017.9000244140624,10.229411125183104,0.0,4.379589080810547,99.46224975585938,0.0099999997764825,14.017499923706056,0.2469999939203262
1781051390467,2026-06-10 00:29:50,,,,16.64,16.52,15.46,,,,100.0,-112.0,-7.2,,,,,,,,,,
1781051396097,2026-06-10 00:29:56,33.83,25.7,23.93,,,,329.9,298.88,276.13,100.0,-122.0,-13.0,,,,,,,,,,
1781053200000,2026-06-10 01:00:00,,,,,,,,,,,,,12.817500114440918,82.0,1017.5999755859376,9.820235252380373,0.0,2.9024126529693604,60.25520706176758,0.0,13.767499923706056,0.2460000067949295
1781056800000,2026-06-10 02:00:00,,,,,,,,,,,,,11.817500114440918,87.0,1017.5999755859376,9.7232084274292,0.0,4.349896430969238,114.4439468383789,0.0,13.36750030517578,0.2460000067949295
1781060400000,2026-06-10 03:00:00,,,,,,,,,,,,,11.467500686645508,89.0,1017.5999755859376,9.717453956604004,0.0,3.545588731765747,113.96249389648438,0.0,12.967500686645508,0.2460000067949295
1781064000000,2026-06-10 04:00:00,,,,,,,,,,,,,11.86750030517578,89.0,1017.7999877929688,10.111967086791992,0.0,2.968636035919189,104.03627014160156,0.0,12.917500495910645,0.2460000067949295
1781065793721,2026-06-10 04:29:53,33.73,25.7,23.93,,,,329.81,298.88,276.13,100.0,-112.0,-13.5,,,,,,,,,,
1781067600000,2026-06-10 05:00:00,,,,,,,,,,,,,12.86750030517578,86.0,1017.9000244140624,10.58226490020752,0.0,3.219938039779663,116.5649871826172,0.0199999995529651,13.217500686645508,0.2460000067949295
1781071200000,2026-06-10 06:00:00,,,,,,,,,,,,,14.217500686645508,81.0,1017.5999755859376,11.00253963470459,0.0,2.4149534702301025,153.4350128173828,0.0700000077486038,13.86750030517578,0.2460000067949295
1781074800000,2026-06-10 07:00:00,,,,,,,,,,,,,15.417500495910645,72.0,1017.5999755859376,10.39421272277832,0.0,1.6099690198898315,206.5649871826172,0.1400000154972076,14.667500495910645,0.2460000067949295
1781078400000,2026-06-10 08:00:00,,,,,,,,,,,,,16.517499923706055,63.0,1017.2000122070312,9.448726654052734,0.0,0.8049845099449158,206.5649871826172,0.2000000178813934,15.317500114440918,0.2450000047683715
1781082000000,2026-06-10 09:00:00,,,,,,,,,,,,,17.917499542236328,58.0,1017.0999755859376,9.535771369934082,0.0,1.1384198665618896,288.4350280761719,0.270000010728836,15.967500686645508,0.2440000027418136
1781085600000,2026-06-10 10:00:00,,,,,,,,,,,,,18.217500686645508,59.0,1016.9000244140624,10.072205543518066,0.0,5.154415130615234,335.2248840332031,0.2900000214576721,16.717500686645508,0.2430000007152557
1781089200000,2026-06-10 11:00:00,,,,,,,,,,,,,18.067501068115234,56.0,1016.5999755859376,9.154180526733398,0.1000000014901161,2.189794540405273,99.46224975585938,0.25,16.86750030517578,0.2430000007152557
1781092800000,2026-06-10 12:00:00,,,,,,,,,,,,,15.267499923706056,72.0,1016.5,10.24998378753662,2.299999952316284,10.144082069396973,117.47434997558594,0.270000010728836,16.417499542236328,0.2419999986886978
1781096400000,2026-06-10 13:00:00,,,,,,,,,,,,,17.61750030517578,68.0,1015.5,11.640727043151855,0.0,3.219938039779663,116.5649871826172,0.2800000309944153,16.36750030517578,0.2460000067949295
1781100000000,2026-06-10 14:00:00,,,,,,,,,,,,,16.36750030517578,79.0,1015.7999877929688,12.716575622558594,0.0,6.989935398101807,168.11135864257812,0.2000000178813934,16.36750030517578,0.2479999959468841
1781103600000,2026-06-10 15:00:00,,,,,,,,,,,,,16.217500686645508,78.0,1015.7000122070312,12.376605033874512,0.0,6.877789497375488,132.87889099121094,0.1400000154972076,16.11750030517578,0.248999997973442
1781107200000,2026-06-10 16:00:00,,,,,,,,,,,,,15.917500495910645,81.0,1015.7000122070312,12.66018009185791,0.1000000014901161,2.811689853668213,129.80552673339844,0.1000000089406967,16.017499923706055,0.25
1781108975550,2026-06-10 16:29:35,,,,16.2,16.26,15.23,,,,100.0,-112.0,-6.8,,,,,,,,,,
1781108981168,2026-06-10 16:29:41,33.54,25.62,23.89,,,,329.63,298.79,276.1,100.0,-121.0,-12.5,,,,,,,,,,
1781110800000,2026-06-10 17:00:00,,,,,,,,,,,,,15.717500686645508,83.0,1016.5,12.83745002746582,0.2000000029802322,3.5999999046325684,53.13002014160156,0.0599999986588954,15.86750030517578,0.25
1781114400000,2026-06-10 18:00:00,,,,,,,,,,,,,14.86750030517578,87.0,1016.7000122070312,12.722993850708008,0.3000000119209289,2.811689853668213,129.80552673339844,0.0399999991059303,15.567500114440918,0.2509999871253967
1781118000000,2026-06-10 19:00:00,,,,,,,,,,,,,14.467500686645508,84.0,1016.7999877929688,11.796493530273438,0.0,2.3051247596740723,51.34017181396485,0.0099999997764825,15.167500495910645,0.2509999871253967
1781121600000,2026-06-10 20:00:00,,,,,,,,,,,,,14.017499923706056,82.0,1016.7999877929688,10.992222785949709,0.0,2.741678237915039,113.19862365722656,0.0,14.767499923706056,0.2520000040531158
1781123371825,2026-06-10 20:29:31,,,,16.14,15.48,15.37,,,,100.0,-113.0,-10.8,,,,,,,,,,
1781123378830,2026-06-10 20:29:38,33.5,25.59,23.89,,,,329.6,298.76,276.1,100.0,-112.0,-9.0,,,,,,,,,,
1781125200000,2026-06-10 21:00:00,,,,,,,,,,,,,13.567500114440918,86.0,1017.0,11.26980209350586,0.1000000014901161,2.968636035919189,284.0362548828125,0.0,14.36750030517578,0.2520000040531158
1781128800000,2026-06-10 22:00:00,,,,,,,,,,,,,13.567500114440918,83.0,1017.2000122070312,10.734850883483888,0.0,2.27683973312378,161.56495666503906,0.0,14.11750030517578,0.2529999911785126
1781132400000,2026-06-10 23:00:00,,,,,,,,,,,,,13.267499923706056,82.0,1017.2999877929688,10.259745597839355,0.1000000014901161,2.27683973312378,288.4350280761719,0.0,13.86750030517578,0.2529999911785126
1781136000000,2026-06-11 00:00:00,,,,,,,,,,,,,11.917500495910645,82.0,1017.2000122070312,8.941164016723633,0.0,5.154415607452393,282.0947265625,0.0399999991059303,13.267499923706056,0.2409999966621399
1781137768096,2026-06-11 00:29:28,,,,16.06,16.2,15.09,,,,100.0,-121.0,-14.8,,,,,,,,,,
1781137775125,2026-06-11 00:29:35,33.47,25.56,23.85,,,,329.57,298.73,276.07,100.0,-113.0,-9.5,,,,,,,,,,
1781139600000,2026-06-11 01:00:00,,,,,,,,,,,,,11.667500495910645,88.0,1017.5,9.746036529541016,0.1000000014901161,5.483356475830078,293.1986083984375,0.0199999995529651,13.067500114440918,0.2409999966621399
1781143200000,2026-06-11 02:00:00,,,,,,,,,,,,,11.517499923706056,92.0,1017.4000244140624,10.262371063232422,0.1000000014901161,4.896529197692871,287.1028137207031,0.0199999995529651,12.917500495910645,0.2409999966621399
1781146800000,2026-06-11 03:00:00,,,,,,,,,,,,,11.467500686645508,91.0,1017.5,10.049330711364746,0.1000000014901161,5.937272071838379,284.0362548828125,0.0199999995529651,12.767499923706056,0.2419999986886978
1781150400000,2026-06-11 04:00:00,,,,,,,,,,,,,11.517499923706056,93.0,1017.9000244140624,10.42440700531006,0.3000000119209289,7.5170207023620605,286.6993103027344,0.0199999995529651,12.717500686645508,0.2419999986886978
1781152164419,2026-06-11 04:29:24,,,,15.94,16.17,15.12,,,,100.0,-121.0,-11.8,,,,,,,,,,
1781152169899,2026-06-11 04:29:29,33.4,25.53,23.85,,,,329.51,298.7,276.07,100.0,-121.0,-14.2,,,,,,,,,,
1781154000000,2026-06-11 05:00:00,,,,,,,,,,,,,11.817500114440918,91.0,1018.5,10.395438194274902,0.3000000119209289,10.041354179382324,284.53448486328125,0.0299999993294477,12.817500114440918,0.2430000007152557
1781157600000,2026-06-11 06:00:00,,,,,,,,,,,,,11.86750030517578,91.0,1018.7000122070312,10.444881439208984,0.6000000238418579,10.13769245147705,286.5044250488281,0.0599999986588954,12.917500495910645,0.2460000067949295
1781161200000,2026-06-11 07:00:00,,,,,,,,,,,,,11.967500686645508,87.0,1019.0,9.870752334594728,0.5,10.948972702026367,297.4075012207031,0.0799999982118606,12.917500495910645,0.25
1781164800000,2026-06-11 08:00:00,,,,,,,,,,,,,12.167500495910645,84.0,1019.2000122070312,9.54375171661377,0.2000000029802322,10.245779991149902,288.4350280761719,0.1700000017881393,13.11750030517578,0.2540000081062317
1781166560686,2026-06-11 08:29:20,,,,15.83,16.06,15.54,,,,100.0,-121.0,-13.5,,,,,,,,,,
1781166567677,2026-06-11 08:29:27,33.29,25.5,23.81,,,,329.41,298.67,276.04,100.0,-121.0,-13.0,,,,,,,,,,
1781168400000,2026-06-11 09:00:00,,,,,,,,,,,,,13.61750030517578,79.0,1019.5,10.043036460876465,0.1000000014901161,9.199390411376951,300.5791320800781,0.2000000178813934,13.567500114440918,0.2569999992847442
1781172000000,2026-06-11 10:00:00,,,,,,,,,,,,,14.067500114440918,70.0,1019.5,8.6786527633667,0.0,12.24529266357422,294.3045349121094,0.2399999946355819,14.217500686645508,0.257999986410141
1781175600000,2026-06-11 11:00:00,,,,,,,,,,,,,15.217500686645508,65.0,1019.2999877929688,8.679844856262207,0.0,11.60965061187744,299.7447814941406,0.3199999928474426,14.61750030517578,0.257999986410141
1781179200000,2026-06-11 12:00:00,,,,,,,,,,,,,16.667499542236328,60.0,1019.0999755859376,8.865815162658691,0.0,12.43433952331543,292.1094970703125,0.3799999952316284,15.467500686645508,0.2569999992847442
1781180963974,2026-06-11 12:29:23,33.29,25.47,23.81,,,,329.41,298.64,276.04,100.0,-113.0,-13.2,,,,,,,,,,
1781182800000,2026-06-11 13:00:00,,,,,,,,,,,,,17.467500686645508,56.0,1018.7000122070312,8.594398498535156,0.0,11.885453224182127,268.26434326171875,0.3500000238418579,16.3174991607666,0.2560000121593475
1781186400000,2026-06-11 14:00:00,,,,,,,,,,,,,17.817501068115234,55.0,1018.5999755859376,8.654190063476562,0.0,13.339445114135742,266.906005859375,0.3100000023841858,16.917499542236328,0.2549999952316284
1781190000000,2026-06-11 15:00:00,,,,,,,,,,,,,16.667499542236328,55.0,1019.0999755859376,7.58339786529541,0.0,18.003599166870117,281.5345764160156,0.25,16.967500686645508,0.2529999911785126
1781193600000,2026-06-11 16:00:00,,,,,,,,,,,,,16.667499542236328,54.0,1019.4000244140624,7.314625740051269,0.0,14.058449745178224,283.3245544433594,0.2000000178813934,16.767499923706055,0.2520000040531158
1781195353154,2026-06-11 16:29:13,,,,15.71,15.88,15.23,,,,100.0,-121.0,-13.8,,,,,,,,,,
1781195358856,2026-06-11 16:29:18,33.23,25.44,23.77,,,,329.35,298.61,276.01,100.0,-113.0,-10.5,,,,,,,,,,
1781197200000,2026-06-11 17:00:00,,,,,,,,,,,,,16.267499923706055,53.0,1019.7999877929688,6.6705002784729,0.0,11.165804862976074,290.7723388671875,0.1599999964237213,16.467500686645508,0.2509999871253967
1781200800000,2026-06-11 18:00:00,,,,,,,,,,,,,15.567500114440918,61.0,1020.0999755859376,8.073870658874512,0.0,7.208993911743164,272.8623352050781,0.0900000035762786,16.017499923706055,0.25
1781204400000,2026-06-11 19:00:00,,,,,,,,,,,,,14.267499923706056,67.0,1020.5999755859376,8.223111152648926,0.0,7.2805495262146,278.5306701660156,0.0399999991059303,15.317500114440918,0.248999997973442
1781208000000,2026-06-11 20:00:00,,,,,,,,,,,,,12.767499923706056,79.0,1021.0,9.216510772705078,0.0,4.33497428894043,274.7635498046875,0.0199999995529651,14.517499923706056,0.248999997973442
1781209749402,2026-06-11 20:29:09,,,,15.68,15.2,15.2,,,,100.0,-121.0,-13.2,,,,,,,,,,
1781209756406,2026-06-11 20:29:16,33.19,25.41,23.77,,,,329.32,298.58,276.01,100.0,-121.0,-13.8,,,,,,,,,,
1781211600000,2026-06-11 21:00:00,,,,,,,,,,,,,11.667500495910645,82.0,1021.5999755859376,8.6969633102417,0.0,4.104631423950195,307.8750305175781,0.0099999997764825,13.667500495910645,0.2479999959468841
1781215200000,2026-06-11 22:00:00,,,,,,,,,,,,,11.317500114440918,76.0,1021.9000244140624,7.238961696624756,0.0,2.811689853668213,309.8055114746094,0.0,12.86750030517578,0.2479999959468841
1781218800000,2026-06-11 23:00:00,,,,,,,,,,,,,10.917500495910645,74.0,1022.0,6.46351432800293,0.0,0.8049845099449158,206.5649871826172,0.0,12.067500114440918,0.2479999959468841
1781222400000,2026-06-12 00:00:00,,,,,,,,,,,,,10.217500686645508,82.0,1021.0,7.280493259429932,0.0,2.620839357376098,105.94546508789062,0.0,10.667500495910645,0.2560000121593475
1781224145725,2026-06-12 00:29:05,,,,15.6,15.6,14.98,,,,100.0,-112.0,-7.0,,,,,,,,,,
1781224152838,2026-06-12 00:29:12,33.19,25.38,23.75,,,,329.32,298.55,275.99,100.0,-122.0,-12.5,,,,,,,,,,
1781226000000,2026-06-12 01:00:00,,,,,,,,,,,,,10.517499923706056,79.0,1021.0999755859376,7.028276920318604,0.0,1.6099690198898315,63.43501281738281,0.0,10.417500495910645,0.2560000121593475
1781229600000,2026-06-12 02:00:00,,,,,,,,,,,,,10.517499923706056,79.0,1020.9000244140624,7.028276920318604,0.0,2.595996856689453,123.69009399414062,0.0,10.417500495910645,0.2549999952316284
1781233200000,2026-06-12 03:00:00,,,,,,,,,,,,,10.017499923706056,80.0,1020.7999877929688,6.724982738494873,0.0,2.9024126529693604,82.87508392333984,0.0,10.317500114440918,0.2549999952316284
1781236800000,2026-06-12 04:00:00,,,,,,,,,,,,,10.467500686645508,79.0,1020.9000244140624,6.979643821716309,0.0,2.9024126529693604,97.12492370605467,0.0,10.217500686645508,0.2549999952316284
1781238542066,2026-06-12 04:29:02,,,,15.54,15.51,15.06,,,,100.0,-113.0,-11.5,,,,,,,,,,
1781238548979,2026-06-12 04:29:08,33.09,25.38,23.75,,,,329.23,298.55,275.99,100.0,-112.0,-8.5,,,,,,,,,,
1781240400000,2026-06-12 05:00:00,,,,,,,,,,,,,11.11750030517578,82.0,1020.7999877929688,8.15970230102539,0.0,3.396233081817627,122.0053482055664,0.0199999995529651,10.667500495910645,0.2540000081062317
1781244000000,2026-06-12 06:00:00,,,,,,,,,,,,,11.767499923706056,79.0,1020.5999755859376,8.244028091430664,0.0,4.198285102844238,120.96369171142578,0.0599999986588954,11.317500114440918,0.2540000081062317
1781247600000,2026-06-12 07:00:00,,,,,,,,,,,,,12.967500686645508,77.0,1020.5,9.030058860778809,0.1000000014901161,5.191993713378906,123.69009399414062,0.0900000035762786,11.86750030517578,0.2529999911785126
1781251200000,2026-06-12 08:00:00,,,,,,,,,,,,,13.967500686645508,80.0,1019.9000244140624,10.57208251953125,0.1000000014901161,6.877789497375488,132.87889099121094,0.1500000059604644,12.61750030517578,0.2529999911785126
1781252945369,2026-06-12 08:29:05,32.99,25.32,23.71,,,,329.14,298.49,275.96,100.0,-121.0,-16.2,,,,,,,,,,
1781254800000,2026-06-12 09:00:00,,,,,,,,,,,,,14.217500686645508,83.0,1019.7999877929688,11.370560646057127,0.3000000119209289,5.014219284057617,158.96241760253906,0.1000000089406967,12.967500686645508,0.2520000040531158
1781258400000,2026-06-12 10:00:00,,,,,,,,,,,,,13.967500686645508,87.0,1019.7999877929688,11.837870597839355,0.3000000119209289,3.7585103511810303,163.30067443847656,0.0700000077486038,13.11750030517578,0.2520000040531158
1781262000000,2026-06-12 11:00:00,,,,,,,,,,,,,13.86750030517578,86.0,1019.7000122070312,11.56445026397705,0.1000000014901161,6.830519199371338,161.56495666503906,0.0900000035762786,13.267499923706056,0.2520000040531158
1781265600000,2026-06-12 12:00:00,,,,,,,,,,,,,14.36750030517578,87.0,1019.4000244140624,12.2312650680542,0.1000000014901161,4.33497428894043,184.7635498046875,0.0799999982118606,13.36750030517578,0.2520000040531158
1781267334581,2026-06-12 12:28:54,,,,15.2,15.74,14.86,,,,100.0,-121.0,-10.5,,,,,,,,,,
1781267341214,2026-06-12 12:29:01,32.96,25.3,23.67,,,,329.11,298.47,275.93,100.0,-121.0,-13.5,,,,,,,,,,
1781269200000,2026-06-12 13:00:00,,,,,,,,,,,,,14.61750030517578,88.0,1019.2999877929688,12.65144157409668,0.5,2.4149534702301025,153.4350128173828,0.0599999986588954,13.61750030517578,0.2520000040531158
1781272800000,2026-06-12 14:00:00,,,,,,,,,,,,,14.567500114440918,91.0,1019.0999755859376,13.114670753479004,0.800000011920929,2.545584201812744,135.00010681152344,0.0399999991059303,13.667500495910645,0.2529999911785126
1781276400000,2026-06-12 15:00:00,,,,,,,,,,,,,14.917500495910645,87.0,1018.9000244140624,12.77216625213623,0.5,5.58870267868042,255.0685272216797,0.0399999991059303,13.817500114440918,0.2560000121593475
1781280000000,2026-06-12 16:00:00,,,,,,,,,,,,,14.86750030517578,88.0,1018.9000244140624,12.897640228271484,0.1000000014901161,6.479999542236328,270.0,0.0399999991059303,13.767499923706056,0.2610000073909759
1781281730934,2026-06-12 16:28:50,,,,15.2,15.57,14.98,,,,100.0,-112.0,-10.5,,,,,,,,,,
1781281736520,2026-06-12 16:28:56,32.96,25.27,23.67,,,,329.11,298.44,275.93,100.0,-121.0,-13.2,,,,,,,,,,
1781283600000,2026-06-12 17:00:00,,,,,,,,,,,,,14.817500114440918,89.0,1019.0,13.021245002746582,0.4000000059604645,6.479999542236328,270.0,0.0299999993294477,13.767499923706056,0.2649999856948852
1781287200000,2026-06-12 18:00:00,,,,,,,,,,,,,14.717500686645508,91.0,1019.0,13.262983322143556,0.1000000014901161,5.759999752044678,270.0,0.0199999995529651,13.767499923706056,0.2689999938011169
1781290800000,2026-06-12 19:00:00,,,,,,,,,,,,,14.61750030517578,91.0,1018.9000244140624,13.164108276367188,0.1000000014901161,5.091168403625488,278.1300048828125,0.0199999995529651,13.717500686645508,0.2709999978542328
1781294400000,2026-06-12 20:00:00,,,,,,,,,,,,,14.467500686645508,91.0,1018.7000122070312,13.015795707702637,0.0,4.553679466247559,288.4350280761719,0.0099999997764825,13.667500495910645,0.2720000147819519
1781298000000,2026-06-12 21:00:00,,,,,,,,,,,,,14.36750030517578,91.0,1018.7000122070312,12.916919708251951,0.0,4.843304634094238,311.98712158203125,0.0,13.467500686645508,0.2730000019073486
1781301600000,2026-06-12 22:00:00,,,,,,,,,,,,,14.467500686645508,91.0,1018.4000244140624,13.015795707702637,0.0,4.394360065460205,325.0079040527344,0.0099999997764825,13.417500495910645,0.2720000147819519
1781305200000,2026-06-12 23:00:00,,,,,,,,,,,,,14.61750030517578,90.0,1018.2999877929688,12.99489402770996,0.0,4.829906940460205,296.5649719238281,0.0099999997764825,13.417500495910645,0.2720000147819519
1781308800000,2026-06-13 00:00:00,,,,,,,,,,,,,14.86750030517578,94.0,1016.7999877929688,13.910252571105955,0.0,4.510787010192871,298.6103515625,0.0,14.067500114440918,0.2639999985694885
1781312400000,2026-06-13 01:00:00,,,,,,,,,,,,,14.717500686645508,94.0,1017.2999877929688,13.76136302947998,0.0,4.379589080810547,350.5377502441406,0.0,13.967500686645508,0.2639999985694885
1781316000000,2026-06-13 02:00:00,,,,,,,,,,,,,14.61750030517578,93.0,1016.5999755859376,13.497679710388184,0.0,2.189794540405273,99.46224975585938,0.0,13.86750030517578,0.2639999985694885
1781319600000,2026-06-13 03:00:00,,,,,,,,,,,,,14.36750030517578,91.0,1017.2999877929688,12.916919708251951,0.0,0.3599999845027923,270.0,0.0,13.667500495910645,0.2639999985694885
1781323200000,2026-06-13 04:00:00,,,,,,,,,,,,,14.86750030517578,91.0,1017.2999877929688,13.411294937133787,0.0,3.976329803466797,264.8056640625,0.0,13.517499923706056,0.2639999985694885
1781326800000,2026-06-13 05:00:00,,,,,,,,,,,,,15.017499923706056,94.0,1017.0999755859376,14.059141159057615,0.0,3.976329803466797,264.8056640625,0.0099999997764825,13.817500114440918,0.2630000114440918
1781330400000,2026-06-13 06:00:00,,,,,,,,,,,,,15.317500114440918,93.0,1016.7999877929688,14.191601753234863,0.4000000059604645,5.411986351013184,266.1860046386719,0.0299999993294477,14.11750030517578,0.2630000114440918
1781334000000,2026-06-13 07:00:00,,,,,,,,,,,,,15.767499923706056,92.0,1016.5,14.47021770477295,0.2000000029802322,6.569382667541504,279.4622497558594,0.0799999982118606,14.36750030517578,0.2630000114440918
1781337600000,2026-06-13 08:00:00,,,,,,,,,,,,,16.467500686645508,89.0,1016.0999755859376,14.648261070251465,0.4000000059604645,7.993297576904297,277.7650756835937,0.1099999994039535,14.61750030517578,0.2639999985694885
1781341200000,2026-06-13 09:00:00,,,,,,,,,,,,,16.917499542236328,87.0,1015.9000244140624,14.738909721374512,0.0,10.495713233947754,264.0939636230469,0.2300000041723251,15.067500114440918,0.2649999856948852
1781344800000,2026-06-13 10:00:00,,,,,,,,,,,,,17.61750030517578,82.0,1016.0,14.507407188415527,0.0,11.885453224182127,268.26434326171875,0.25,15.317500114440918,0.2649999856948852
1781348400000,2026-06-13 11:00:00,,,,,,,,,,,,,18.36750030517578,78.0,1015.9000244140624,14.463117599487305,0.0,13.32486343383789,268.4518737792969,0.3400000035762787,15.61750030517578,0.2639999985694885
1781352000000,2026-06-13 12:00:00,,,,,,,,,,,,,19.36750030517578,76.0,1015.2000122070312,15.028923034667969,0.0,12.959999084472656,270.0,0.4700000584125519,16.167499542236328,0.2630000114440918
1781353712366,2026-06-13 12:28:32,,,,15.2,14.53,14.83,,,,100.0,-112.0,-9.0,,,,,,,,,,
1781353717844,2026-06-13 12:28:37,33.09,25.27,23.63,,,,329.23,298.44,275.9,100.0,-112.0,-8.8,,,,,,,,,,
1781355600000,2026-06-13 13:00:00,,,,,,,,,,,,,18.717500686645508,77.0,1014.7999877929688,14.602620124816896,0.5,10.703569412231444,317.72637939453125,0.3600000143051147,16.217500686645508,0.2619999945163727
1781359200000,2026-06-13 14:00:00,,,,,,,,,,,,,19.61750030517578,77.0,1013.7999877929688,15.474502563476562,0.0,9.504273414611816,294.62353515625,0.4900000393390655,16.767499923706055,0.2619999945163727
1781362800000,2026-06-13 15:00:00,,,,,,,,,,,,,18.917499542236328,75.0,1013.4000244140624,14.388591766357422,0.0,10.464797973632812,266.0549011230469,0.3199999928474426,16.767499923706055,0.2610000073909759
1781366400000,2026-06-13 16:00:00,,,,,,,,,,,,,19.01749992370605,66.0,1013.0999755859376,12.521116256713867,0.0,14.489720344543455,296.5649719238281,0.2599999904632568,16.767499923706055,0.2599999904632568
1781368115577,2026-06-13 16:28:35,33.13,25.27,23.63,,,,329.26,298.44,275.9,100.0,-113.0,-12.2,,,,,,,,,,
1781370000000,2026-06-13 17:00:00,,,,,,,,,,,,,18.51749992370605,64.0,1013.0,11.579002380371094,0.0,15.042658805847168,291.0375671386719,0.3000000119209289,16.5674991607666,0.2590000033378601
1781373600000,2026-06-13 18:00:00,,,,,,,,,,,,,16.817501068115234,67.0,1013.7999877929688,10.654149055480955,0.0,21.28875732421875,341.258544921875,0.2100000232458114,16.36750030517578,0.257999986410141
1781377200000,2026-06-13 19:00:00,,,,,,,,,,,,,15.217500686645508,71.0,1014.5,9.992683410644531,0.0,13.551501274108888,320.38934326171875,0.1000000089406967,15.817500114440918,0.257999986410141
1781380800000,2026-06-13 20:00:00,,,,,,,,,,,,,14.567500114440918,71.0,1015.0,9.368687629699709,0.0,11.592893600463867,306.15826416015625,0.0700000077486038,15.267499923706056,0.2569999992847442
1781382504830,2026-06-13 20:28:24,,,,15.4,14.67,14.64,,,,100.0,-121.0,-13.2,,,,,,,,,,
1781382510363,2026-06-13 20:28:30,33.16,25.27,23.63,,,,329.29,298.44,275.9,100.0,-121.0,-13.5,,,,,,,,,,
1781384400000,2026-06-13 21:00:00,,,,,,,,,,,,,13.467500686645508,77.0,1015.0,9.514782905578612,0.0,8.049844741821289,296.5649719238281,0.0599999986588954,14.767499923706056,0.2569999992847442
1781388000000,2026-06-13 22:00:00,,,,,,,,,,,,,12.517499923706056,81.0,1015.0999755859376,9.344627380371094,0.0,6.696386814117432,306.2539367675781,0.0299999993294477,14.217500686645508,0.2560000121593475
1781391600000,2026-06-13 23:00:00,,,,,,,,,,,,,11.317500114440918,87.0,1015.0,9.231382369995115,0.0,4.6102495193481445,308.6598205566406,0.0199999995529651,13.61750030517578,0.2560000121593475
1781395200000,2026-06-14 00:00:00,,,,,,,,,,,,,13.167500495910645,77.0,1014.2999877929688,9.22395133972168,0.0,6.618519306182861,292.38018798828125,0.0299999993294477,14.267499923706056,0.2639999985694885
1781396901153,2026-06-14 00:28:21,,,,15.46,14.56,14.75,,,,100.0,-121.0,-12.0,,,,,,,,,,
1781396908048,2026-06-14 00:28:28,33.23,25.3,23.63,,,,329.35,298.47,275.9,100.0,-121.0,-13.8,,,,,,,,,,
1781398800000,2026-06-14 01:00:00,,,,,,,,,,,,,12.767499923706056,78.0,1013.7999877929688,9.027411460876465,0.0,6.989935874938965,325.49139404296875,0.0399999991059303,14.017499923706056,0.2630000114440918
1781402400000,2026-06-14 02:00:00,,,,,,,,,,,,,12.11750030517578,87.0,1013.9000244140624,10.01829433441162,0.3000000119209289,4.104631423950195,322.1249389648437,0.0500000044703483,13.717500686645508,0.2630000114440918
1781406000000,2026-06-14 03:00:00,,,,,,,,,,,,,11.717500686645508,89.0,1013.2999877929688,9.964027404785156,0.0,4.33497428894043,274.7635498046875,0.0199999995529651,13.317500114440918,0.2630000114440918
1781409600000,2026-06-14 04:00:00,,,,,,,,,,,,,11.767499923706056,85.0,1013.2999877929688,9.327762603759766,0.0,7.636752605438232,278.1300048828125,0.0500000044703483,13.067500114440918,0.2630000114440918
1781411297446,2026-06-14 04:28:17,,,,15.4,15.48,14.53,,,,100.0,-112.0,-9.0,,,,,,,,,,
1781411303006,2026-06-14 04:28:23,33.23,25.32,23.63,,,,329.35,298.49,275.9,100.0,-112.0,-8.2,,,,,,,,,,
1781413200000,2026-06-14 05:00:00,,,,,,,,,,,,,12.11750030517578,83.0,1013.2000122070312,9.316597938537598,0.0,13.039753913879396,276.340087890625,0.1000000089406967,12.967500686645508,0.2619999945163727
1781416800000,2026-06-14 06:00:00,,,,,,,,,,,,,12.517499923706056,79.0,1013.2000122070312,8.97339916229248,0.0,13.3637113571167,274.6353759765625,0.2199999988079071,13.067500114440918,0.2619999945163727
1781420400000,2026-06-14 07:00:00,,,,,,,,,,,,,13.017499923706056,75.0,1012.7000122070312,8.688615798950195,0.0,16.676977157592773,283.7362976074219,0.2599999904632568,13.317500114440918,0.2610000073909759
1781424000000,2026-06-14 08:00:00,,,,,,,,,,,,,13.417500495910645,75.0,1012.4000244140624,9.075196266174316,0.1000000014901161,18.356470108032227,281.3099060058594,0.270000010728836,13.317500114440918,0.2599999904632568
1781425700749,2026-06-14 08:28:20,33.13,25.3,23.63,,,,329.26,298.47,275.9,100.0,-113.0,-11.2,,,,,,,,,,
1781427600000,2026-06-14 09:00:00,,,,,,,,,,,,,14.36750030517578,71.0,1012.2000122070312,9.176673889160156,0.0,19.21199607849121,282.99462890625,0.3500000238418579,13.86750030517578,0.2590000033378601
1781431200000,2026-06-14 10:00:00,,,,,,,,,,,,,14.267499923706056,71.0,1012.0999755859376,9.08066749572754,0.2000000029802322,18.05750846862793,274.5738220214844,0.3199999928474426,13.917500495910645,0.2590000033378601
1781434800000,2026-06-14 11:00:00,,,,,,,,,,,,,15.167500495910645,65.0,1011.5999755859376,8.632347106933594,0.0,19.82943344116211,285.8025817871094,0.4300000071525574,14.467500686645508,0.257999986410141
1781438400000,2026-06-14 12:00:00,,,,,,,,,,,,,13.767499923706056,82.0,1012.0,10.748068809509276,0.2000000029802322,15.273505210876465,315.0000915527344,0.25,14.267499923706056,0.2569999992847442
1781442000000,2026-06-14 13:00:00,,,,,,,,,,,,,16.667499542236328,65.0,1011.5,10.057168006896973,0.0,19.29613304138184,284.0362548828125,0.3400000035762787,14.767499923706056,0.2560000121593475
1781445600000,2026-06-14 14:00:00,,,,,,,,,,,,,15.767499923706056,63.0,1011.5999755859376,8.738966941833496,0.0,21.12988471984864,293.0704345703125,0.3600000143051147,14.917500495910645,0.2549999952316284
1781449200000,2026-06-14 15:00:00,,,,,,,,,,,,,16.5674991607666,60.0,1011.5,8.771729469299316,0.0,19.386592864990234,291.8014831542969,0.3199999928474426,15.11750030517578,0.2540000081062317
1781452800000,2026-06-14 16:00:00,,,,,,,,,,,,,16.667499542236328,56.0,1011.0999755859376,7.847889900207519,0.0,20.68355941772461,301.4767761230469,0.3100000023841858,15.36750030517578,0.2529999911785126
1781456400000,2026-06-14 17:00:00,,,,,,,,,,,,,14.86750030517578,73.0,1011.5999755859376,10.071486473083496,0.2000000029802322,14.843179702758787,292.83367919921875,0.2000000178813934,15.11750030517578,0.2520000040531158
1781460000000,2026-06-14 18:00:00,,,,,,,,,,,,,14.517499923706056,72.0,1011.7000122070312,9.528796195983888,0.0,12.758432388305664,286.3896179199219,0.1599999964237213,14.667500495910645,0.2520000040531158
1781463600000,2026-06-14 19:00:00,,,,,,,,,,,,,13.917500495910645,70.0,1012.0999755859376,8.534873962402344,0.0,13.202726364135742,295.8663024902344,0.1000000089406967,14.217500686645508,0.2520000040531158
1781467200000,2026-06-14 20:00:00,,,,,,,,,,,,,13.267499923706056,71.0,1012.2999877929688,8.120500564575195,0.0,10.495713233947754,292.1663818359375,0.0799999982118606,13.917500495910645,0.2509999871253967
1781468889513,2026-06-14 20:28:09,32.96,25.24,23.59,,,,329.11,298.41,275.87,100.0,-112.0,-13.5,,,,,,,,,,
1781470800000,2026-06-14 21:00:00,,,,,,,,,,,,,12.417500495910645,77.0,1012.5,8.496829986572266,0.0,7.421589851379394,284.0362548828125,0.0500000044703483,13.467500686645508,0.2509999871253967
1781474400000,2026-06-14 22:00:00,,,,,,,,,,,,,11.417500495910645,85.0,1012.5999755859376,8.984427452087402,0.0,6.489992141723633,289.44012451171875,0.0199999995529651,12.917500495910645,0.2509999871253967
1781478000000,2026-06-14 23:00:00,,,,,,,,,,,,,11.567500114440918,84.0,1012.5999755859376,8.956009864807129,0.0,7.421589851379394,292.83367919921875,0.0199999995529651,12.567500114440918,0.2509999871253967
1781481600000,2026-06-15 00:00:00,,,,,,,,,,,,,11.967500686645508,88.0,1012.7000122070312,10.041523933410645,0.0,7.968938827514648,288.4350280761719,0.0299999993294477,13.017499923706056,0.2709999978542328
1781483278798,2026-06-15 00:27:58,,,,15.26,15.43,14.56,,,,100.0,-121.0,-13.8,,,,,,,,,,
1781483284397,2026-06-15 00:28:04,32.99,25.22,23.59,,,,329.14,298.38,275.87,100.0,-112.0,-6.5,,,,,,,,,,
1781485200000,2026-06-15 01:00:00,,,,,,,,,,,,,11.717500686645508,89.0,1012.7000122070312,9.964027404785156,0.0,6.924737930297852,278.9725341796875,0.0399999991059303,12.86750030517578,0.270000010728836
1781488800000,2026-06-15 02:00:00,,,,,,,,,,,,,11.467500686645508,90.0,1012.5,9.884204864501951,0.0,5.937272071838379,284.0362548828125,0.0299999993294477,12.667500495910645,0.270000010728836
1781492400000,2026-06-15 03:00:00,,,,,,,,,,,,,11.017499923706056,89.0,1012.4000244140624,9.273614883422852,0.0,9.114471435546877,279.0901794433594,0.0299999993294477,12.417500495910645,0.270000010728836
1781496000000,2026-06-15 04:00:00,,,,,,,,,,,,,11.017499923706056,90.0,1012.5,9.439780235290527,0.0,6.519876956939697,276.340087890625,0.0399999991059303,12.167500495910645,0.270000010728836
1781497675029,2026-06-15 04:27:55,,,,15.14,15.14,14.72,,,,100.0,-117.0,-12.8,,,,,,,,,,
1781499600000,2026-06-15 05:00:00,,,,,,,,,,,,,11.717500686645508,88.0,1012.9000244140624,9.79528522491455,0.2000000029802322,11.212135314941406,275.5274353027344,0.0700000077486038,12.217500686645508,0.2689999938011169
1781503200000,2026-06-15 06:00:00,,,,,,,,,,,,,12.517499923706056,84.0,1013.0,9.886585235595703,0.0,15.13713264465332,272.72625732421875,0.2000000178813934,12.517499923706056,0.2689999938011169
1781506800000,2026-06-15 07:00:00,,,,,,,,,,,,,12.567500114440918,82.0,1012.9000244140624,9.576056480407717,0.0,14.081478118896484,274.39862060546875,0.2399999946355819,12.767499923706056,0.2689999938011169
1781510400000,2026-06-15 08:00:00,,,,,,,,,,,,,13.167500495910645,80.0,1012.7000122070312,9.793050765991213,0.0,14.764389038085938,271.39715576171875,0.2300000041723251,12.967500686645508,0.2680000066757202
1781512071346,2026-06-15 08:27:51,,,,15.09,15.09,14.75,,,,100.0,-112.0,-11.0,,,,,,,,,,
1781512078254,2026-06-15 08:27:58,32.86,25.19,23.55,,,,329.02,298.35,275.84,100.0,-117.0,-12.8,,,,,,,,,,
1781514000000,2026-06-15 09:00:00,,,,,,,,,,,,,14.017499923706056,75.0,1012.7999877929688,9.65502643585205,0.0,17.227418899536133,280.8402709960937,0.2399999946355819,13.217500686645508,0.2680000066757202
1781517600000,2026-06-15 10:00:00,,,,,,,,,,,,,14.467500686645508,73.0,1012.9000244140624,9.686213493347168,0.0,15.941944122314451,276.48297119140625,0.2300000041723251,13.467500686645508,0.2669999897480011
1781521200000,2026-06-15 11:00:00,,,,,,,,,,,,,15.717500686645508,69.0,1013.0,10.044660568237305,0.0,17.819089889526367,278.1300048828125,0.2800000309944153,13.917500495910645,0.2660000026226043
1781524800000,2026-06-15 12:00:00,,,,,,,,,,,,,16.667499542236328,63.0,1012.5999755859376,9.590665817260742,0.0,19.41665267944336,280.6848449707031,0.3500000238418579,14.567500114440918,0.2649999856948852
1781528400000,2026-06-15 13:00:00,,,,,,,,,,,,,16.767499923706055,61.0,1012.7000122070312,9.205180168151855,0.0,17.298738479614258,282.0114440917969,0.3199999928474426,14.967500686645508,0.2639999985694885
1781532000000,2026-06-15 14:00:00,,,,,,,,,,,,,17.017499923706055,62.0,1012.7999877929688,9.6830472946167,0.0,18.861387252807617,283.24053955078125,0.2599999904632568,14.967500686645508,0.2639999985694885
1781535600000,2026-06-15 15:00:00,,,,,,,,,,,,,17.017499923706055,64.0,1013.0999755859376,10.157312393188477,0.0,15.542661666870115,283.3925170898437,0.2599999904632568,15.217500686645508,0.2630000114440918
1781539200000,2026-06-15 16:00:00,,,,,,,,,,,,,16.86750030517578,63.0,1013.2999877929688,9.779911994934082,0.0,20.523157119750977,291.6148376464844,0.2300000041723251,15.317500114440918,0.2619999945163727
1781542800000,2026-06-15 17:00:00,,,,,,,,,,,,,16.267499923706055,66.0,1013.5,9.905091285705566,0.0,17.418195724487305,288.060546875,0.1800000071525573,15.217500686645508,0.2619999945163727
1781546400000,2026-06-15 18:00:00,,,,,,,,,,,,,15.61750030517578,68.0,1013.5999755859376,9.73105812072754,0.0,11.72075080871582,280.6195983886719,0.1199999973177909,15.017499923706056,0.2610000073909759
1781550000000,2026-06-15 19:00:00,,,,,,,,,,,,,14.517499923706056,75.0,1014.0999755859376,10.13818359375,0.0,8.759178161621094,279.4622497558594,0.0599999986588954,14.61750030517578,0.2610000073909759
1781553600000,2026-06-15 20:00:00,,,,,,,,,,,,,13.317500114440918,80.0,1014.5,9.939123153686523,0.0,6.287129878997803,293.62939453125,0.0199999995529651,14.017499923706056,0.2610000073909759
1781557200000,2026-06-15 21:00:00,,,,,,,,,,,,,12.667500495910645,82.0,1014.9000244140624,9.673728942871094,0.0,5.692099094390869,304.6952209472656,0.0199999995529651,13.467500686645508,0.2610000073909759
1781560800000,2026-06-15 22:00:00,,,,,,,,,,,,,12.017499923706056,86.0,1015.2000122070312,9.747353553771973,0.0,5.116561412811279,320.7106018066406,0.0099999997764825,12.967500686645508,0.2610000073909759
1781564400000,2026-06-15 23:00:00,,,,,,,,,,,,,11.717500686645508,87.0,1015.5,9.62484645843506,0.0,4.394360065460205,325.0079040527344,0.0,12.517499923706056,0.2610000073909759
1781568000000,2026-06-16 00:00:00,,,,,,,,,,,,,12.417500495910645,86.0,1015.7000122070312,10.140259742736816,0.0,5.399999618530273,306.8699645996094,0.0099999997764825,13.167500495910645,0.2649999856948852
1781569656581,2026-06-16 00:27:36,,,,14.98,14.61,14.86,,,,100.0,-111.0,-6.8,,,,,,,,,,
1781571600000,2026-06-16 01:00:00,,,,,,,,,,,,,11.667500495910645,88.0,1015.9000244140624,9.746036529541016,0.0,5.191993713378906,303.6900939941406,0.0099999997764825,12.767499923706056,0.2649999856948852
1781575200000,2026-06-16 02:00:00,,,,,,,,,,,,,10.967500686645508,90.0,1016.2999877929688,9.390399932861328,0.0,4.510787010192871,331.3896179199219,0.0,12.267499923706056,0.2649999856948852
1781578800000,2026-06-16 03:00:00,,,,,,,,,,,,,10.667500495910645,91.0,1016.5999755859376,9.258207321166992,0.0,4.510787010192871,331.3896179199219,0.0,11.86750030517578,0.2649999856948852
1781582400000,2026-06-16 04:00:00,,,,,,,,,,,,,10.817500114440918,90.0,1016.7000122070312,9.24225616455078,0.0,3.396233081817627,327.9946594238281,0.0,11.61750030517578,0.2649999856948852
1781584052746,2026-06-16 04:27:32,,,,14.92,15.14,14.61,,,,100.0,-112.0,-7.0,,,,,,,,,,
1781586000000,2026-06-16 05:00:00,,,,,,,,,,,,,11.967500686645508,87.0,1016.9000244140624,9.870752334594728,0.0,1.8356469869613647,281.3099060058594,0.0199999995529651,11.917500495910645,0.2649999856948852
1781589600000,2026-06-16 06:00:00,,,,,,,,,,,,,13.217500686645508,83.0,1017.0,10.392529487609863,0.0,2.3051247596740723,231.3401641845703,0.0900000035762786,12.767499923706056,0.2639999985694885
1781593200000,2026-06-16 07:00:00,,,,,,,,,,,,,14.86750030517578,73.0,1016.7999877929688,10.071486473083496,0.0,8.049844741821289,259.6952209472656,0.1599999964237213,13.667500495910645,0.2639999985694885
1781596800000,2026-06-16 08:00:00,,,,,,,,,,,,,16.5674991607666,65.0,1016.5,9.962190628051758,0.0,7.862518310546875,254.0545349121093,0.2599999904632568,14.517499923706056,0.2630000114440918
1781598449107,2026-06-16 08:27:29,,,,14.86,15.23,14.14,,,,100.0,-113.0,-9.8,,,,,,,,,,
1781600400000,2026-06-16 09:00:00,,,,,,,,,,,,,17.767499923706055,62.0,1016.2999877929688,10.391281127929688,0.0,7.968938827514648,251.56495666503903,0.3400000035762787,15.567500114440918,0.2619999945163727
1781604000000,2026-06-16 10:00:00,,,,,,,,,,,,,18.417499542236328,60.0,1016.0,10.511919975280762,0.0,9.114471435546877,260.9097900390625,0.3400000035762787,16.267499923706055,0.2610000073909759
1781607600000,2026-06-16 11:00:00,,,,,,,,,,,,,18.217500686645508,65.0,1015.7999877929688,11.529043197631836,0.0,9.6932954788208,254.93145751953125,0.2399999946355819,16.36750030517578,0.2599999904632568
1781611200000,2026-06-16 12:00:00,,,,,,,,,,,,,19.11750030517578,65.0,1015.5999755859376,12.38347625732422,0.1000000014901161,9.565437316894531,250.20103454589844,0.25,16.517499923706055,0.2590000033378601
1781612852386,2026-06-16 12:27:32,32.63,25.04,23.44,,,,328.81,298.2,275.76,100.0,-112.0,-9.2,,,,,,,,,,
1781614800000,2026-06-16 13:00:00,,,,,,,,,,,,,19.567501068115234,66.0,1014.9000244140624,13.044158935546877,0.0,3.89399528503418,213.69009399414065,0.3000000119209289,17.267499923706055,0.2590000033378601
1781618400000,2026-06-16 14:00:00,,,,,,,,,,,,,19.717500686645508,68.0,1014.5,13.64515495300293,0.0,3.239999771118164,90.0,0.2000000178813934,17.467500686645508,0.257999986410141
1781622000000,2026-06-16 15:00:00,,,,,,,,,,,,,19.917499542236328,69.0,1014.5,14.06109619140625,0.0,2.811689853668213,140.19447326660156,0.1500000059604644,17.517499923706055,0.2569999992847442
1781625600000,2026-06-16 16:00:00,,,,,,,,,,,,,19.067501068115234,75.0,1015.0,14.533451080322266,0.5,13.358860969543455,284.0362548828125,0.1299999952316284,17.317501068115234,0.2569999992847442
1781629200000,2026-06-16 17:00:00,,,,,,,,,,,,,18.467500686645508,81.0,1015.0999755859376,15.146121978759766,0.0,6.439876079559326,296.5649719238281,0.1000000089406967,16.86750030517578,0.2569999992847442
1781632800000,2026-06-16 18:00:00,,,,,,,,,,,,,18.167499542236328,84.0,1015.2999877929688,15.419593811035156,0.0,4.829906940460205,296.5649719238281,0.0599999986588954,16.667499542236328,0.2569999992847442
1781636400000,2026-06-16 19:00:00,,,,,,,,,,,,,17.567501068115234,86.0,1015.5999755859376,15.197941780090332,0.1000000014901161,6.489992141723633,289.44012451171875,0.0399999991059303,16.417499542236328,0.2569999992847442
1781640000000,2026-06-16 20:00:00,,,,,,,,,,,,,17.017499923706055,89.0,1016.0,15.190568923950195,0.2000000029802322,5.154415607452393,282.0947265625,0.0199999995529651,16.167499542236328,0.2569999992847442
1781641637898,2026-06-16 20:27:17,,,,15.14,14.47,14.56,,,,100.0,-113.0,-10.5,,,,,,,,,,
1781643600000,2026-06-16 21:00:00,,,,,,,,,,,,,16.5674991607666,91.0,1016.2000122070312,15.092086791992188,0.1000000014901161,5.241678714752197,285.9454650878906,0.0099999997764825,15.917500495910645,0.257999986410141
1781647200000,2026-06-16 22:00:00,,,,,,,,,,,,,16.3174991607666,91.0,1016.2999877929688,14.84492015838623,0.1000000014901161,4.582051753997803,315.0000915527344,0.0099999997764825,15.667500495910645,0.257999986410141
1781650800000,2026-06-16 23:00:00,,,,,,,,,,,,,15.967500686645508,92.0,1016.7000122070312,14.668214797973633,0.0,3.563817977905273,315.0000915527344,0.0099999997764825,15.467500686645508,0.257999986410141
1781654400000,2026-06-17 00:00:00,,,,,,,,,,,,,16.61750030517578,88.0,1015.9000244140624,14.620919227600098,0.1000000014901161,3.054701328277588,315.0000915527344,0.0099999997764825,16.5674991607666,0.257999986410141
1781656034269,2026-06-17 00:27:14,,,,15.29,14.28,14.25,,,,100.0,-113.0,-9.8,,,,,,,,,,
1781658000000,2026-06-17 01:00:00,,,,,,,,,,,,,16.11750030517578,88.0,1016.0,14.128572463989258,0.0,2.545584201812744,351.8699951171875,0.0,15.917500495910645,0.257999986410141
1781661600000,2026-06-17 02:00:00,,,,,,,,,,,,,15.817500114440918,88.0,1016.5,13.83315658569336,0.0,3.6712939739227295,348.6900939941406,0.0,15.267499923706056,0.257999986410141
1781665200000,2026-06-17 03:00:00,,,,,,,,,,,,,15.517499923706056,92.0,1016.7000122070312,14.222715377807615,0.0,4.452953815460205,345.9637145996094,0.0,15.017499923706056,0.257999986410141
1781668800000,2026-06-17 04:00:00,,,,,,,,,,,,,15.717500686645508,93.0,1017.2000122070312,14.588117599487305,0.0,4.213691711425781,340.0168151855469,0.0,15.11750030517578,0.257999986410141
1781672400000,2026-06-17 05:00:00,,,,,,,,,,,,,16.767499923706055,91.0,1017.5999755859376,15.28982162475586,0.0,3.563817977905273,315.0000915527344,0.0199999995529651,15.517499923706056,0.257999986410141
1781676000000,2026-06-17 06:00:00,,,,,,,,,,,,,17.86750030517578,86.0,1018.2000122070312,15.492508888244627,0.0,6.792466163635254,302.0053405761719,0.1000000089406967,16.217500686645508,0.257999986410141
1781679600000,2026-06-17 07:00:00,,,,,,,,,,,,,19.01749992370605,80.0,1018.2000122070312,15.488252639770508,0.0,7.091177463531494,293.9624938964844,0.1899999976158142,17.017499923706055,0.257999986410141
1781683200000,2026-06-17 08:00:00,,,,,,,,,,,,,20.417499542236328,71.0,1018.4000244140624,14.982376098632812,0.0,9.08598804473877,303.6900939941406,0.270000010728836,17.817501068115234,0.2569999992847442
1781684833737,2026-06-17 08:27:13,32.89,25.13,23.48,,,,329.05,298.29,275.79,100.0,-113.0,-14.0,,,,,,,,,,
1781686800000,2026-06-17 09:00:00,,,,,,,,,,,,,21.167499542236328,63.0,1018.7999877929688,13.84675407409668,0.0,11.384198188781738,304.6952209472656,0.3199999928474426,18.567501068115234,0.2560000121593475
1781690400000,2026-06-17 10:00:00,,,,,,,,,,,,,22.467500686645508,55.0,1019.0999755859376,12.980527877807615,0.0,11.92355728149414,298.886474609375,0.3400000035762787,19.217500686645508,0.2549999952316284
1781694000000,2026-06-17 11:00:00,,,,,,,,,,,,,23.067501068115234,51.0,1019.2000122070312,12.383159637451172,0.0,14.007655143737791,295.90643310546875,0.3300000131130218,19.967500686645508,0.2540000081062317
1781697600000,2026-06-17 12:00:00,,,,,,,,,,,,,23.917499542236328,48.0,1018.9000244140624,12.240514755249023,0.0,13.089353561401367,301.50421142578125,0.3199999928474426,20.667499542236328,0.2529999911785126
1781701200000,2026-06-17 13:00:00,,,,,,,,,,,,,24.467500686645508,46.0,1018.7999877929688,12.095019340515137,0.0,13.551501274108888,309.61065673828125,0.3100000023841858,21.317501068115234,0.2520000040531158
1781704800000,2026-06-17 14:00:00,,,,,,,,,,,,,24.417499542236328,46.0,1018.5999755859376,12.04953956604004,0.0,13.004921913146973,311.6334533691406,0.2599999904632568,21.417499542236328,0.2509999871253967
1781708400000,2026-06-17 15:00:00,,,,,,,,,,,,,23.667499542236328,49.0,1018.9000244140624,12.325410842895508,0.0,12.76858615875244,319.5740051269531,0.2100000232458114,21.26749992370605,0.25
1781712000000,2026-06-17 16:00:00,,,,,,,,,,,,,23.36750030517578,52.0,1019.2000122070312,12.956268310546877,0.0,11.246759414672852,320.1944885253906,0.1500000059604644,21.01749992370605,0.25
1781715600000,2026-06-17 17:00:00,,,,,,,,,,,,,22.61750030517578,57.0,1019.7000122070312,13.668316841125488,0.0,7.704335689544678,307.4054260253906,0.1099999994039535,20.667499542236328,0.248999997973442
1781719200000,2026-06-17 18:00:00,,,,,,,,,,,,,21.86750030517578,60.0,1019.5999755859376,13.755146980285645,0.0,6.608721733093262,330.642333984375,0.0700000077486038,20.317501068115234,0.248999997973442
1781722800000,2026-06-17 19:00:00,,,,,,,,,,,,,20.417499542236328,67.0,1019.7999877929688,14.084273338317873,0.0,5.191993713378906,326.3099060058594,0.0399999991059303,19.76749992370605,0.2479999959468841
1781726400000,2026-06-17 20:00:00,,,,,,,,,,,,,19.467500686645508,72.0,1020.0,14.287124633789062,0.1000000014901161,4.0249223709106445,349.6952209472656,0.0299999993294477,19.067501068115234,0.2479999959468841
1781728015587,2026-06-17 20:26:55,,,,15.94,15.6,14.64,,,,100.0,-112.0,-7.5,,,,,,,,,,
1781728021142,2026-06-17 20:27:01,33.06,25.19,23.55,,,,329.2,298.35,275.84,100.0,-112.0,-7.5,,,,,,,,,,
1781730000000,2026-06-17 21:00:00,,,,,,,,,,,,,19.417499542236328,75.0,1020.5,14.87143611907959,0.0,2.0364675521850586,315.0000915527344,0.0099999997764825,18.467500686645508,0.2479999959468841
1781733600000,2026-06-17 22:00:00,,,,,,,,,,,,,18.86750030517578,78.0,1020.7999877929688,14.948278427124023,0.0,0.3599999845027923,180.0,0.0,17.917499542236328,0.2479999959468841
1781737200000,2026-06-17 23:00:00,,,,,,,,,,,,,18.817501068115234,78.0,1021.0999755859376,14.899765014648438,0.0,1.2979984283447266,326.3099060058594,0.0,17.61750030517578,0.2479999959468841
1781740800000,2026-06-18 00:00:00,,,,,,,,,,,,,19.26749992370605,79.0,1019.9000244140624,15.535075187683104,0.0,0.8049845099449158,63.43501281738281,0.0,17.817501068115234,0.2610000073909759
1781744400000,2026-06-18 01:00:00,,,,,,,,,,,,,19.067501068115234,80.0,1020.0,15.536917686462402,0.0,1.7999999523162842,360.0,0.0,17.567501068115234,0.2610000073909759
1781748000000,2026-06-18 02:00:00,,,,,,,,,,,,,19.11750030517578,80.0,1020.2999877929688,15.585577964782717,0.0,2.099142551422119,329.03631591796875,0.0,17.36750030517578,0.2610000073909759
1781751600000,2026-06-18 03:00:00,,,,,,,,,,,,,18.717500686645508,81.0,1020.5,15.389808654785156,0.0,1.4843180179595947,345.9637145996094,0.0,17.167499542236328,0.2610000073909759
1781755200000,2026-06-18 04:00:00,,,,,,,,,,,,,18.61750030517578,82.0,1021.0,15.483640670776367,0.0,0.5091168880462646,315.0000915527344,0.0,16.817501068115234,0.2610000073909759
1781756808034,2026-06-18 04:26:48,,,,16.17,15.77,14.64,,,,100.0,-113.0,-9.8,,,,,,,,,,
1781758800000,2026-06-18 05:00:00,,,,,,,,,,,,,19.667499542236328,83.0,1021.2999877929688,16.69935417175293,0.0,1.0182337760925293,135.00010681152344,0.0099999997764825,17.217500686645508,0.2610000073909759
1781762400000,2026-06-18 06:00:00,,,,,,,,,,,,,21.067501068115234,77.0,1021.4000244140624,16.878997802734375,0.0,1.8356469869613647,258.6900939941406,0.1199999973177909,18.11750030517578,0.2610000073909759
1781766000000,2026-06-18 07:00:00,,,,,,,,,,,,,22.317501068115234,76.0,1021.2999877929688,17.881650924682617,0.0,3.976329803466797,275.1943359375,0.2000000178813934,19.167499542236328,0.2610000073909759
1781769600000,2026-06-18 08:00:00,,,,,,,,,,,,,23.817501068115234,67.0,1020.9000244140624,17.3217716217041,0.0,7.594207286834717,275.44024658203125,0.2800000309944153,20.11750030517578,0.2599999904632568
1781773200000,2026-06-18 09:00:00,,,,,,,,,,,,,25.317501068115234,59.0,1020.7999877929688,16.730749130249023,0.0,10.028438568115234,291.0375671386719,0.3700000345706939,20.917499542236328,0.2590000033378601
1781776800000,2026-06-18 10:00:00,,,,,,,,,,,,,26.11750030517578,54.0,1020.5,16.084741592407227,0.0,13.10419750213623,290.924560546875,0.3900000154972076,21.717500686645508,0.2569999992847442
1781780400000,2026-06-18 11:00:00,,,,,,,,,,,,,27.567501068115234,47.0,1020.4000244140624,15.247892379760742,0.0,12.0693998336792,287.3540954589844,0.4200000464916229,22.567501068115234,0.2560000121593475
1781784000000,2026-06-18 12:00:00,,,,,,,,,,,,,27.667499542236328,47.0,1020.0999755859376,15.338994026184082,0.0,14.587776184082031,285.7512512207031,0.4200000464916229,23.26749992370605,0.2549999952316284
1781787600000,2026-06-18 13:00:00,,,,,,,,,,,,,27.817501068115234,46.0,1019.7000122070312,15.140544891357422,0.0,13.084402084350586,277.9070739746094,0.3400000035762787,23.36750030517578,0.2540000081062317
1781791200000,2026-06-18 14:00:00,,,,,,,,,,,,,28.717500686645508,44.0,1019.2999877929688,15.263900756835938,0.0,10.58791732788086,287.8189697265625,0.3600000143051147,23.76749992370605,0.2520000040531158
1781794800000,2026-06-18 15:00:00,,,,,,,,,,,,,28.86750030517578,41.0,1019.2999877929688,14.302993774414062,0.0,8.89134407043457,291.3706970214844,0.3600000143051147,24.167499542236328,0.2509999871253967
1781798400000,2026-06-18 16:00:00,,,,,,,,,,,,,28.76749992370605,43.0,1019.0999755859376,14.951359748840332,0.0,8.404284477233887,279.8657531738281,0.3000000119209289,24.317501068115234,0.25
1781799996866,2026-06-18 16:26:36,,,,16.61,16.0,15.0,,,,100.0,-112.0,-11.0,,,,,,,,,,
1781802000000,2026-06-18 17:00:00,,,,,,,,,,,,,28.11750030517578,48.0,1018.7999877929688,16.07848358154297,0.0,4.735060214996338,278.7460632324219,0.2100000232458114,24.11750030517578,0.248999997973442
1781805600000,2026-06-18 18:00:00,,,,,,,,,,,,,26.967500686645508,61.0,1018.5,18.809053421020508,0.0,1.1384198665618896,341.56494140625,0.1000000089406967,23.717500686645508,0.2479999959468841
1781809200000,2026-06-18 19:00:00,,,,,,,,,,,,,26.01749992370605,55.0,1018.5999755859376,16.279794692993164,0.0,0.8049845099449158,116.5649871826172,0.0,23.01749992370605,0.2479999959468841
1781812800000,2026-06-18 20:00:00,,,,,,,,,,,,,24.567501068115234,57.0,1018.9000244140624,15.488701820373535,0.0,2.741678237915039,113.19862365722656,0.0,21.86750030517578,0.2479999959468841
1781814393357,2026-06-18 20:26:33,,,,16.87,16.46,15.06,,,,100.0,-113.0,-9.8,,,,,,,,,,
1781816400000,2026-06-18 21:00:00,,,,,,,,,,,,,22.817501068115234,68.0,1019.2000122070312,16.602725982666016,0.0,5.154415607452393,102.09474182128906,0.0099999997764825,20.76749992370605,0.2479999959468841
1781820000000,2026-06-18 22:00:00,,,,,,,,,,,,,21.667499542236328,72.0,1019.2999877929688,16.400802612304688,0.0,4.802999019622803,102.99462127685548,0.0099999997764825,20.11750030517578,0.2479999959468841
1781823600000,2026-06-18 23:00:00,,,,,,,,,,,,,20.967500686645508,73.0,1019.2999877929688,15.944140434265137,0.0,4.553679466247559,108.43504333496094,0.0099999997764825,19.567501068115234,0.2479999959468841
1781827200000,2026-06-19 00:00:00,,,,,,,,,,,,,20.417499542236328,82.0,1018.7000122070312,17.24063491821289,0.0,5.241678714752197,105.94546508789062,0.0099999997764825,19.317501068115234,0.25
1781830800000,2026-06-19 01:00:00,,,,,,,,,,,,,19.817501068115234,84.0,1019.0999755859376,17.034957885742188,0.0,5.241678714752197,105.94546508789062,0.0099999997764825,19.11750030517578,0.25
1781834400000,2026-06-19 02:00:00,,,,,,,,,,,,,19.76749992370605,80.0,1019.2999877929688,16.218158721923828,0.0,5.154415607452393,102.09474182128906,0.0099999997764825,18.917499542236328,0.25
1781838000000,2026-06-19 03:00:00,,,,,,,,,,,,,19.417499542236328,83.0,1019.2999877929688,16.45496940612793,0.0,4.802999019622803,102.99462127685548,0.0099999997764825,18.717500686645508,0.25
1781841600000,2026-06-19 04:00:00,,,,,,,,,,,,,19.967500686645508,81.0,1019.2999877929688,16.608154296875,0.0,5.014219284057617,111.03758239746094,0.0199999995529651,18.667499542236328,0.25
1781843192676,2026-06-19 04:26:32,33.57,25.56,23.81,,,,329.66,298.73,276.04,100.0,-112.0,-11.0,,,,,,,,,,
1781845200000,2026-06-19 05:00:00,,,,,,,,,,,,,21.51749992370605,76.0,1019.2999877929688,17.108131408691406,0.0,6.287129878997803,113.62938690185548,0.0700000077486038,18.967500686645508,0.25
1781848800000,2026-06-19 06:00:00,,,,,,,,,,,,,23.567501068115234,72.0,1019.2000122070312,18.22568893432617,0.0,6.989935874938965,124.50858306884766,0.1599999964237213,19.667499542236328,0.25
1781852400000,2026-06-19 07:00:00,,,,,,,,,,,,,25.36750030517578,68.0,1019.2000122070312,19.03435134887696,0.0,8.891343116760254,121.75943756103516,0.2599999904632568,20.667499542236328,0.248999997973442
1781856000000,2026-06-19 08:00:00,,,,,,,,,,,,,27.417499542236328,63.0,1018.7999877929688,19.75132942199707,0.0,10.18869972229004,122.0053482055664,0.3500000238418579,21.717500686645508,0.2479999959468841
1781859600000,2026-06-19 09:00:00,,,,,,,,,,,,,29.667499542236328,53.0,1018.7000122070312,19.0732650756836,0.0,9.422101020812988,133.45188903808594,0.4200000464916229,22.967500686645508,0.2469999939203262
1781863200000,2026-06-19 10:00:00,,,,,,,,,,,,,31.76749992370605,43.0,1018.0999755859376,17.65260887145996,0.0,7.342587947845459,191.3098907470703,0.449999988079071,24.217500686645508,0.2460000067949295
1781866800000,2026-06-19 11:00:00,,,,,,,,,,,,,32.61750030517578,38.0,1018.2000122070312,16.459476470947266,0.0,9.29051113128662,234.4622344970703,0.4799999892711639,25.317501068115234,0.2440000027418136
1781870400000,2026-06-19 12:00:00,,,,,,,,,,,,,32.61750030517578,34.0,1017.7999877929688,14.722660064697266,0.0,10.587918281555176,234.688705444336,0.449999988079071,26.11750030517578,0.2430000007152557
1781871986164,2026-06-19 12:26:26,33.47,25.59,23.85,,,,329.57,298.76,276.07,100.0,-112.0,-12.2,,,,,,,,,,
1781874000000,2026-06-19 13:00:00,,,,,,,,,,,,,32.717498779296875,37.0,1017.5,16.129249572753906,0.0,5.804825305938721,209.7447967529297,0.3700000345706939,26.26749992370605,0.2409999966621399
1781877600000,2026-06-19 14:00:00,,,,,,,,,,,,,33.067501068115234,35.0,1016.9000244140624,15.567878723144531,0.0,10.630672454833984,208.3006591796875,0.3799999952316284,26.817501068115234,0.2399999946355819
1781881200000,2026-06-19 15:00:00,,,,,,,,,,,,,33.16749954223633,38.0,1016.7000122070312,16.946834564208984,0.0,9.178235054016112,228.179916381836,0.3300000131130218,26.967500686645508,0.2380000054836273
1781884800000,2026-06-19 16:00:00,,,,,,,,,,,,,32.61750030517578,41.0,1016.5,17.65953826904297,0.0,2.968636035919189,255.96372985839844,0.270000010728836,27.067501068115234,0.2370000034570694
1781886382381,2026-06-19 16:26:22,33.5,25.59,23.85,,,,329.6,298.76,276.07,100.0,-113.0,-13.2,,,,,,,,,,
1781888400000,2026-06-19 17:00:00,,,,,,,,,,,,,31.167499542236328,49.0,1016.5999755859376,19.19287109375,0.0,4.802999019622803,12.994629859924316,0.1299999952316284,26.667499542236328,0.2360000014305114
1781892000000,2026-06-19 18:00:00,,,,,,,,,,,,,29.417499542236328,51.0,1016.7999877929688,18.22788429260254,0.0,9.08598804473877,56.30989837646485,0.1299999952316284,26.26749992370605,0.2349999994039535
1781895600000,2026-06-19 19:00:00,,,,,,,,,,,,,27.467500686645508,57.0,1017.2000122070312,18.19427490234375,0.0,7.56856632232666,64.65387725830078,0.0799999982118606,25.51749992370605,0.2349999994039535
1781899200000,2026-06-19 20:00:00,,,,,,,,,,,,,26.417499542236328,60.0,1017.7000122070312,18.028493881225582,0.0,5.241678714752197,74.05453491210938,0.0500000044703483,24.667499542236328,0.2339999973773956
1781902800000,2026-06-19 21:00:00,,,,,,,,,,,,,25.86750030517578,61.0,1018.0,17.774396896362305,0.0,5.052840709686279,94.08554077148438,0.0399999991059303,23.817501068115234,0.2339999973773956
1781906400000,2026-06-19 22:00:00,,,,,,,,,,,,,25.01749992370605,63.0,1017.9000244140624,17.484886169433594,0.0,5.052840709686279,94.08554077148438,0.0299999993294477,23.067501068115234,0.2329999953508377
1781910000000,2026-06-19 23:00:00,,,,,,,,,,,,,24.26749992370605,65.0,1018.0,17.26983070373535,0.0,5.052840709686279,94.08554077148438,0.0199999995529651,22.36750030517578,0.2329999953508377
1781913600000,2026-06-20 00:00:00,,,,,,,,,,,,,22.217500686645508,82.0,1017.4000244140624,18.99734115600586,0.0,4.896529197692871,107.10281372070312,0.0299999993294477,21.667499542236328,0.2360000014305114
1781917200000,2026-06-20 01:00:00,,,,,,,,,,,,,21.76749992370605,83.0,1017.4000244140624,18.75198745727539,0.0,5.506940841674805,101.30989837646484,0.0199999995529651,21.36750030517578,0.2360000014305114
1781920800000,2026-06-20 02:00:00,,,,,,,,,,,,,21.567501068115234,80.0,1017.4000244140624,17.969707489013672,0.0,6.6380720138549805,102.52880096435548,0.0199999995529651,21.11750030517578,0.2360000014305114
1781924400000,2026-06-20 03:00:00,,,,,,,,,,,,,21.36750030517578,78.0,1017.5,17.373672485351562,0.0,6.379216194152832,106.38961791992188,0.0299999993294477,20.917499542236328,0.2360000014305114
1781928000000,2026-06-20 04:00:00,,,,,,,,,,,,,21.317501068115234,82.0,1017.9000244140624,18.11902618408203,0.0,4.829906940460205,116.5649871826172,0.0399999991059303,20.717500686645508,0.2360000014305114
1781931600000,2026-06-20 05:00:00,,,,,,,,,,,,,22.26749992370605,82.0,1018.2999877929688,19.04613876342773,0.0,3.877318382263184,111.80147552490234,0.0799999982118606,20.76749992370605,0.2360000014305114
1781935200000,2026-06-20 06:00:00,,,,,,,,,,,,,24.26749992370605,78.0,1018.9000244140624,20.18625831604004,0.0,3.3190360069274902,130.60121154785156,0.1700000017881393,21.26749992370605,0.2360000014305114
1781938800000,2026-06-20 07:00:00,,,,,,,,,,,,,25.317501068115234,79.0,1019.5999755859376,21.41219711303711,0.0,5.052840709686279,265.9144592285156,0.2800000309944153,22.067501068115234,0.2349999994039535
1781942400000,2026-06-20 08:00:00,,,,,,,,,,,,,27.01749992370605,69.0,1019.7999877929688,20.844287872314453,0.0,8.496304512023926,306.38446044921875,0.4000000357627868,22.86750030517578,0.2349999994039535
1781945296990,2026-06-20 08:48:16,,,,,,,,,,100.0,-117.0,-16.8,,,,,,,,,,
1781946000000,2026-06-20 09:00:00,,,,,,,,,,,,,28.467500686645508,67.0,1020.0,21.74626922607422,0.0,12.661563873291016,284.8265075683594,0.4300000071525574,23.667499542236328,0.2339999973773956
1781949600000,2026-06-20 10:00:00,,,,,,,,,,,,,28.067501068115234,64.0,1020.9000244140624,20.62028884887696,0.0,17.193532943725586,289.5732116699219,0.449999988079071,24.36750030517578,0.2319999933242797
1781953200000,2026-06-20 11:00:00,,,,,,,,,,,,,28.317501068115234,64.0,1020.9000244140624,20.85673713684082,0.0,13.049689292907717,294.4439392089844,0.4000000357627868,24.667499542236328,0.231000006198883
1781956800000,2026-06-20 12:00:00,,,,,,,,,,,,,27.317501068115234,67.0,1021.2000122070312,20.65239143371582,0.0,14.578887939453123,290.2249450683594,0.4000000357627868,24.967500686645508,0.2300000041723251
1781960400000,2026-06-20 13:00:00,,,,,,,,,,,,,27.76749992370605,61.0,1021.0999755859376,19.561372756958008,0.0,14.2006196975708,300.4654541015625,0.3500000238418579,24.967500686645508,0.2290000021457672
1781964000000,2026-06-20 14:00:00,,,,,,,,,,,,,28.01749992370605,60.0,1021.0,19.530141830444336,0.0,11.212135314941406,317.60260009765625,0.3600000143051147,25.167499542236328,0.2280000001192093
1781967600000,2026-06-20 15:00:00,,,,,,,,,,,,,27.86750030517578,60.0,1020.7999877929688,19.389385223388672,0.0,10.195056915283203,317.8624572753906,0.3400000035762787,25.26749992370605,0.2269999980926513
1781971200000,2026-06-20 16:00:00,,,,,,,,,,,,,27.01749992370605,64.0,1020.9000244140624,19.627077102661133,0.0,8.20926284790039,322.1249389648437,0.25,25.11750030517578,0.2259999960660934
1781974099633,2026-06-20 16:48:19,33.57,25.78,24.0,,,,329.66,298.96,276.18,100.0,-112.0,-8.0,,,,,,,,,,
1781974800000,2026-06-20 17:00:00,,,,,,,,,,,,,26.86750030517578,67.0,1020.5999755859376,20.224285125732425,0.0,6.489992141723633,340.55987548828125,0.1599999964237213,24.86750030517578,0.2249999940395355
1781978400000,2026-06-20 18:00:00,,,,,,,,,,,,,25.76749992370605,72.0,1021.5,20.33806228637696,0.0,5.623379707336426,50.19447326660156,0.1099999994039535,24.567501068115234,0.2249999940395355
1781982000000,2026-06-20 19:00:00,,,,,,,,,,,,,24.01749992370605,81.0,1022.2999877929688,20.554582595825195,0.0,3.89399528503418,56.30989837646485,0.0399999991059303,23.917499542236328,0.2249999940395355
1781985600000,2026-06-20 20:00:00,,,,,,,,,,,,,23.067501068115234,80.0,1023.0,19.4290828704834,0.0,8.287821769714355,92.489501953125,0.0199999995529651,23.11750030517578,0.2240000069141388
1781989200000,2026-06-20 21:00:00,,,,,,,,,,,,,22.217500686645508,84.0,1023.2999877929688,19.38418197631836,0.0,7.5170207023620605,106.69932556152344,0.0299999993294477,22.61750030517578,0.2240000069141388
1781992800000,2026-06-20 22:00:00,,,,,,,,,,,,,21.467500686645508,85.0,1023.0999755859376,18.839431762695312,0.0,5.804825305938721,97.12492370605467,0.0199999995529651,22.11750030517578,0.2240000069141388
1781996400000,2026-06-20 23:00:00,,,,,,,,,,,,,21.217500686645508,88.0,1023.2000122070312,19.149831771850582,0.0,4.679999828338623,90.0,0.0099999997764825,21.61750030517578,0.2240000069141388
1782000000000,2026-06-21 00:00:00,,,,,,,,,,,,,21.967500686645508,84.0,1022.9000244140624,19.13949012756348,0.0,3.976329803466797,95.19434356689452,0.0099999997764825,21.817501068115234,0.2269999980926513
1782002884218,2026-06-21 00:48:04,,,,18.89,18.12,16.35,,,,100.0,-113.0,-13.0,,,,,,,,,,
1782002893245,2026-06-21 00:48:13,33.7,25.9,24.12,,,,329.78,299.08,276.27,100.0,-116.0,-21.0,,,,,,,,,,
1782003600000,2026-06-21 01:00:00,,,,,,,,,,,,,20.917499542236328,88.0,1022.7000122070312,18.854507446289062,0.0,4.104631423950195,105.2551727294922,0.0,21.317501068115234,0.2269999980926513
1782007200000,2026-06-21 02:00:00,,,,,,,,,,,,,20.217500686645508,90.0,1023.0999755859376,18.523828506469727,0.0,3.877318382263184,111.80147552490234,0.0,20.86750030517578,0.2269999980926513
1782010800000,2026-06-21 03:00:00,,,,,,,,,,,,,20.167499542236328,88.0,1023.7999877929688,18.116167068481445,0.0,1.8356469869613647,101.30989837646484,0.0,20.417499542236328,0.2269999980926513
1782014400000,2026-06-21 04:00:00,,,,,,,,,,,,,19.967500686645508,91.0,1024.199951171875,18.453304290771484,0.0,3.6712939739227295,101.30989837646484,0.0,20.01749992370605,0.2280000001192093
1782017280544,2026-06-21 04:48:00,,,,18.89,17.14,16.46,,,,100.0,-117.0,-21.0,,,,,,,,,,
1782017289393,2026-06-21 04:48:09,33.7,25.93,24.16,,,,329.78,299.11,276.3,100.0,-117.0,-19.8,,,,,,,,,,
1782018000000,2026-06-21 05:00:00,,,,,,,,,,,,,21.417499542236328,89.0,1024.5,19.5284481048584,0.0,2.811689853668213,140.19447326660156,0.0399999991059303,20.36750030517578,0.2280000001192093
1782021600000,2026-06-21 06:00:00,,,,,,,,,,,,,23.217500686645508,83.0,1024.800048828125,20.16905975341797,0.0,1.7999999523162842,143.13002014160156,0.1299999952316284,21.067501068115234,0.2280000001192093
1782025200000,2026-06-21 07:00:00,,,,,,,,,,,,,24.967500686645508,80.0,1024.800048828125,21.27729797363281,0.0,1.7999999523162842,233.1300201416016,0.2199999988079071,22.01749992370605,0.2269999980926513
1782028800000,2026-06-21 08:00:00,,,,,,,,,,,,,26.86750030517578,74.0,1025.0999755859375,21.84200668334961,0.0,1.527350664138794,224.99989318847656,0.3300000131130218,23.01749992370605,0.2269999980926513
1782032400000,2026-06-21 09:00:00,,,,,,,,,,,,,28.817501068115234,67.0,1025.199951171875,22.07914924621582,0.0,2.741678237915039,293.1986083984375,0.4099999964237213,24.167499542236328,0.2259999960660934
1782036000000,2026-06-21 10:00:00,,,,,,,,,,,,,30.01749992370605,58.0,1025.0999755859375,20.85411071777344,0.0,6.696386814117432,323.7460632324219,0.4200000464916229,25.167499542236328,0.2249999940395355
1782039600000,2026-06-21 11:00:00,,,,,,,,,,,,,30.76749992370605,51.0,1024.800048828125,19.469018936157227,0.0,6.287129878997803,336.37060546875,0.4700000584125519,26.01749992370605,0.2240000069141388
1782043200000,2026-06-21 12:00:00,,,,,,,,,,,,,31.917499542236328,46.0,1024.300048828125,18.86310386657715,0.0,6.119999885559082,331.9276123046875,0.4600000083446502,26.717500686645508,0.2220000028610229
1782046800000,2026-06-21 13:00:00,,,,,,,,,,,,,32.51749801635742,40.0,1024.0,17.179176330566406,0.0,4.452953815460205,345.9637145996094,0.4700000584125519,27.36750030517578,0.221000000834465
1782050400000,2026-06-21 14:00:00,,,,,,,,,,,,,32.61750030517578,40.0,1024.0,17.268346786499023,0.0,4.510787010192871,298.6103515625,0.4700000584125519,27.917499542236328,0.2199999988079071
1782054000000,2026-06-21 15:00:00,,,,,,,,,,,,,32.36750030517578,40.0,1023.0,17.04540252685547,0.0,4.896529674530029,36.02747344970703,0.4000000357627868,28.067501068115234,0.2179999947547912
1782057600000,2026-06-21 16:00:00,,,,,,,,,,,,,31.86750030517578,43.0,1023.4000244140624,17.742599487304688,0.0,2.9024126529693604,277.1249084472656,0.3000000119209289,27.917499542236328,0.2169999927282333
1782061200000,2026-06-21 17:00:00,,,,,,,,,,,,,22.26749992370605,81.0,1026.4000244140625,18.84952735900879,0.3000000119209289,15.617528915405272,334.0256652832031,0.1500000059604644,26.76749992370605,0.2160000056028366
1782064800000,2026-06-21 18:00:00,,,,,,,,,,,,,20.967500686645508,88.0,1027.0,18.90372467041016,0.3000000119209289,9.826087951660156,241.5571746826172,0.0900000035762786,24.817501068115234,0.2160000056028366
1782068400000,2026-06-21 19:00:00,,,,,,,,,,,,,20.667499542236328,93.0,1026.0999755859375,19.494592666625977,0.800000011920929,4.896529674530029,126.0274658203125,0.0399999991059303,23.61750030517578,0.2160000056028366
1782072000000,2026-06-21 20:00:00,,,,,,,,,,,,,20.217500686645508,94.0,1026.0,19.22020149230957,0.0,3.826852560043335,131.18582153320312,0.0299999993294477,22.76749992370605,0.2160000056028366
1782075600000,2026-06-21 21:00:00,,,,,,,,,,,,,19.717500686645508,95.0,1026.5,18.89336204528809,0.0,4.379589080810547,350.5377502441406,0.0,22.067501068115234,0.2160000056028366
1782079200000,2026-06-21 22:00:00,,,,,,,,,,,,,19.417499542236328,96.0,1026.699951171875,18.76268196105957,0.0,3.096837043762207,35.53776550292969,0.0,21.51749992370605,0.2169999927282333
1782082800000,2026-06-21 23:00:00,,,,,,,,,,,,,19.317501068115234,93.0,1026.800048828125,18.15654563903809,0.0,1.1384198665618896,18.4350528717041,0.0,20.917499542236328,0.2169999927282333
1782086400000,2026-06-22 00:00:00,,,,,,,,,,,,,19.217500686645508,89.0,1026.0,17.359636306762695,0.0,4.104631423950195,52.12495803833008,0.0,20.61750030517578,0.2230000048875808
1782090000000,2026-06-22 01:00:00,,,,,,,,,,,,,19.167499542236328,89.0,1025.5999755859375,17.310344696044922,0.0,2.27683973312378,18.4350528717041,0.0,20.167499542236328,0.2230000048875808
1782093600000,2026-06-22 02:00:00,,,,,,,,,,,,,18.76749992370605,90.0,1025.699951171875,17.092376708984375,0.0,3.415259599685669,71.5649642944336,0.0,19.567501068115234,0.2230000048875808
1782097200000,2026-06-22 03:00:00,,,,,,,,,,,,,17.567501068115234,95.0,1025.800048828125,16.75677490234375,0.0,4.104631423950195,52.12495803833008,0.0,19.11750030517578,0.2230000048875808
1782100800000,2026-06-22 04:00:00,,,,,,,,,,,,,18.167499542236328,96.0,1026.199951171875,17.518896102905273,0.0,2.9024126529693604,29.74479484558105,0.0,18.917499542236328,0.2230000048875808
1782104400000,2026-06-22 05:00:00,,,,,,,,,,,,,20.01749992370605,95.0,1026.5,19.19148635864257,0.0,0.7199999690055847,90.0,0.0199999995529651,19.36750030517578,0.2230000048875808
1782108000000,2026-06-22 06:00:00,,,,,,,,,,,,,21.11750030517578,89.0,1026.5999755859375,19.23271751403809,0.0,0.5091168880462646,135.00010681152344,0.0700000077486038,20.167499542236328,0.2230000048875808
1782111600000,2026-06-22 07:00:00,,,,,,,,,,,,,23.11750030517578,76.0,1026.300048828125,18.655088424682617,0.0,3.89399528503418,56.30989837646485,0.1700000017881393,21.11750030517578,0.2230000048875808
1782115200000,2026-06-22 08:00:00,,,,,,,,,,,,,24.467500686645508,67.0,1026.0999755859375,17.940473556518555,0.0,5.116561412811279,39.28939437866211,0.2399999946355819,22.067501068115234,0.2220000028610229
1782118800000,2026-06-22 09:00:00,,,,,,,,,,,,,25.317501068115234,63.0,1026.0999755859375,17.76825523376465,0.0,5.483356475830078,23.198617935180664,0.2900000214576721,22.86750030517578,0.2220000028610229
1782122400000,2026-06-22 10:00:00,,,,,,,,,,,,,26.167499542236328,60.0,1025.9000244140625,17.79380989074707,0.0,5.052840709686279,4.085536956787109,0.3100000023841858,23.667499542236328,0.221000000834465
1782126000000,2026-06-22 11:00:00,,,,,,,,,,,,,27.217500686645508,54.0,1025.0999755859375,17.104108810424805,0.0,6.214563369750977,349.9920654296875,0.3100000023841858,24.417499542236328,0.2199999988079071
1782129600000,2026-06-22 12:00:00,,,,,,,,,,,,,27.86750030517578,53.0,1024.300048828125,17.40997314453125,0.0,7.993297576904297,352.23492431640625,0.3100000023841858,25.01749992370605,0.2189999967813491
1782133200000,2026-06-22 13:00:00,,,,,,,,,,,,,28.11750030517578,52.0,1024.0,17.33920669555664,0.0,8.759178161621094,9.462247848510742,0.3000000119209289,25.467500686645508,0.2189999967813491
1782136800000,2026-06-22 14:00:00,,,,,,,,,,,,,28.61750030517578,49.0,1023.5999755859376,16.859773635864258,0.0,9.178235054016112,11.309895515441896,0.3000000119209289,25.917499542236328,0.2179999947547912
1782140400000,2026-06-22 15:00:00,,,,,,,,,,,,,28.467500686645508,47.0,1023.0999755859376,16.067684173583984,0.0,9.44957160949707,17.744766235351562,0.2900000214576721,26.167499542236328,0.2169999927282333
1782144000000,2026-06-22 16:00:00,,,,,,,,,,,,,28.01749992370605,46.0,1023.0,15.322253227233888,0.0,8.766572952270508,19.179105758666992,0.25,26.067501068115234,0.2160000056028366
1782147600000,2026-06-22 17:00:00,,,,,,,,,,,,,27.36750030517578,48.0,1023.0999755859376,15.393521308898926,0.0,7.289443969726562,20.22494506835937,0.1800000071525573,25.717500686645508,0.2150000035762787
1782151200000,2026-06-22 18:00:00,,,,,,,,,,,,,26.26749992370605,50.0,1023.2000122070312,15.02169418334961,0.0,6.193674087524414,35.53776550292969,0.1000000089406967,25.167499542236328,0.2150000035762787
1782154800000,2026-06-22 19:00:00,,,,,,,,,,,,,24.317501068115234,56.0,1023.4000244140624,14.979995727539062,0.0,5.351784706115723,42.27362823486328,0.0500000044703483,24.26749992370605,0.2140000015497207
1782158400000,2026-06-22 20:00:00,,,,,,,,,,,,,22.567501068115234,56.0,1023.5999755859376,13.349725723266602,0.0,7.636752605438232,44.99989700317383,0.0399999991059303,23.167499542236328,0.2140000015497207
1782161240783,2026-06-22 20:47:20,,,,19.41,18.61,16.87,,,,100.0,-113.0,-14.2,,,,,,,,,,
1782162000000,2026-06-22 21:00:00,,,,,,,,,,,,,21.86750030517578,54.0,1023.7000122070312,12.143350601196287,0.0,9.199390411376951,59.42085647583008,0.0500000044703483,22.467500686645508,0.2140000015497207
1782165600000,2026-06-22 22:00:00,,,,,,,,,,,,,20.51749992370605,54.0,1023.7999877929688,10.890409469604492,0.0,4.829906940460205,63.43501281738281,0.0399999991059303,21.86750030517578,0.2129999995231628
1782169200000,2026-06-22 23:00:00,,,,,,,,,,,,,18.967500686645508,59.0,1024.0,10.776104927062988,0.0,4.198285102844238,59.036319732666016,0.0299999993294477,20.917499542236328,0.2129999995231628
1782172800000,2026-06-23 00:00:00,,,,,,,,,,,,,18.417499542236328,74.0,1023.5999755859376,13.698997497558594,0.0,5.315336227416992,61.6993408203125,0.0299999993294477,20.467500686645508,0.2240000069141388
1782175637074,2026-06-23 00:47:17,,,,19.48,18.37,17.22,,,,100.0,-112.0,-13.0,,,,,,,,,,
1782175644920,2026-06-23 00:47:24,33.06,25.84,24.12,,,,329.2,299.02,276.27,100.0,-113.0,-13.0,,,,,,,,,,
1782176400000,2026-06-23 01:00:00,,,,,,,,,,,,,18.167499542236328,73.0,1023.7999877929688,13.249137878417969,0.0,5.9044389724731445,52.43133544921875,0.0199999995529651,19.917499542236328,0.2240000069141388
1782180000000,2026-06-23 02:00:00,,,,,,,,,,,,,18.11750030517578,71.0,1023.7000122070312,12.775898933410645,0.0,4.510787010192871,61.389644622802734,0.0199999995529651,19.567501068115234,0.2240000069141388
1782183600000,2026-06-23 03:00:00,,,,,,,,,,,,,18.36750030517578,68.0,1023.5999755859376,12.356680870056152,0.0,4.553679466247559,71.5649642944336,0.0199999995529651,19.317501068115234,0.2240000069141388
1782187200000,2026-06-23 04:00:00,,,,,,,,,,,,,18.567501068115234,68.0,1023.2999877929688,12.54758644104004,0.0,2.9024126529693604,60.25520706176758,0.0299999993294477,19.11750030517578,0.2230000048875808
1782190033308,2026-06-23 04:47:13,,,,19.41,18.95,17.2,,,,100.0,-112.0,-12.2,,,,,,,,,,
1782190042183,2026-06-23 04:47:22,33.03,25.84,24.12,,,,329.17,299.02,276.27,100.0,-113.0,-13.2,,,,,,,,,,
1782190800000,2026-06-23 05:00:00,,,,,,,,,,,,,19.11750030517578,76.0,1023.0,14.787116050720217,0.0,2.5199999809265137,90.0,0.0500000044703483,19.26749992370605,0.2230000048875808
1782194400000,2026-06-23 06:00:00,,,,,,,,,,,,,19.967500686645508,72.0,1022.9000244140624,14.767566680908203,0.0,2.811689853668213,140.19447326660156,0.1000000089406967,19.717500686645508,0.2230000048875808
1782198000000,2026-06-23 07:00:00,,,,,,,,,,,,,21.01749992370605,68.0,1022.7999877929688,14.885623931884766,0.0,2.4149534702301025,153.4350128173828,0.1599999964237213,20.217500686645508,0.2230000048875808
1782201600000,2026-06-23 08:00:00,,,,,,,,,,,,,21.667499542236328,70.0,1022.9000244140624,15.958898544311523,0.0,1.1384198665618896,108.43504333496094,0.1800000071525573,20.76749992370605,0.2220000028610229
1782204439537,2026-06-23 08:47:19,32.83,25.81,24.08,,,,328.99,298.99,276.24,100.0,-112.0,-13.8,,,,,,,,,,
1782205200000,2026-06-23 09:00:00,,,,,,,,,,,,,24.467500686645508,51.0,1022.7000122070312,13.67271900177002,0.0,3.415259599685669,71.5649642944336,0.3100000023841858,21.667499542236328,0.221000000834465
1782208800000,2026-06-23 10:00:00,,,,,,,,,,,,,25.817501068115234,49.0,1022.4000244140624,14.29576301574707,0.0,5.692099094390869,55.30478286743164,0.4300000071525574,22.967500686645508,0.2199999988079071
1782212400000,2026-06-23 11:00:00,,,,,,,,,,,,,26.51749992370605,46.0,1022.0999755859376,13.95911693572998,0.0,6.287129878997803,66.37061309814453,0.4300000071525574,24.01749992370605,0.2189999967813491
1782216000000,2026-06-23 12:00:00,,,,,,,,,,,,,27.01749992370605,46.0,1021.7999877929688,14.413575172424316,0.0,5.411986351013184,86.18600463867188,0.3900000154972076,24.76749992370605,0.2179999947547912
1782219600000,2026-06-23 13:00:00,,,,,,,,,,,,,27.36750030517578,45.0,1021.4000244140624,14.39116382598877,0.0,6.162207126617432,96.7097396850586,0.3500000238418579,25.217500686645508,0.2169999927282333
1782223200000,2026-06-23 14:00:00,,,,,,,,,,,,,28.01749992370605,41.0,1020.9000244140624,13.541486740112305,0.0,7.2805495262146,8.530692100524902,0.3199999928474426,25.567501068115234,0.2160000056028366
1782226800000,2026-06-23 15:00:00,,,,,,,,,,,,,27.36750030517578,44.0,1020.4000244140624,14.04395866394043,0.0,10.464797973632812,3.94510817527771,0.3100000023841858,25.717500686645508,0.2150000035762787
1782229737109,2026-06-23 15:48:57,,,,19.2,18.61,17.28,,,,100.0,-121.0,-21.5,,,,,,,,,,
1782229746008,2026-06-23 15:49:06,32.58,25.68,23.97,,,,328.77,298.85,276.16,100.0,-122.0,-19.5,,,,,,,,,,
1782230400000,2026-06-23 16:00:00,,,,,,,,,,,,,27.217500686645508,43.0,1020.0999755859376,13.554522514343262,0.0,11.65977668762207,8.880589485168457,0.2599999904632568,25.61750030517578,0.2140000015497207
1782234000000,2026-06-23 17:00:00,,,,,,,,,,,,,26.567501068115234,45.0,1020.0999755859376,13.666001319885254,0.0,6.92473840713501,27.897186279296875,0.1899999976158142,25.217500686645508,0.2129999995231628
1782237600000,2026-06-23 18:00:00,,,,,,,,,,,,,25.667499542236328,48.0,1020.0999755859376,13.840310096740724,0.0,3.89399528503418,56.30989837646485,0.1000000089406967,24.667499542236328,0.2119999974966049
1782241200000,2026-06-23 19:00:00,,,,,,,,,,,,,23.36750030517578,58.0,1020.2000122070312,14.637872695922852,0.0,5.241678714752197,74.05453491210938,0.0399999991059303,23.76749992370605,0.2119999974966049
1782244133236,2026-06-23 19:48:53,,,,19.32,18.95,17.11,,,,100.0,-117.0,-20.8,,,,,,,,,,
1782244142369,2026-06-23 19:49:02,32.55,25.65,23.97,,,,328.74,298.82,276.16,100.0,-113.0,-12.5,,,,,,,,,,
1782244800000,2026-06-23 20:00:00,,,,,,,,,,,,,21.26749992370605,64.0,1020.2999877929688,14.184309005737305,0.0,6.193674087524414,54.46223831176758,0.0299999993294477,22.61750030517578,0.210999995470047
1782248400000,2026-06-23 21:00:00,,,,,,,,,,,,,20.717500686645508,66.0,1020.5,14.137613296508787,0.0,5.692099571228027,71.5649642944336,0.0299999993294477,21.717500686645508,0.210999995470047
1782252000000,2026-06-23 22:00:00,,,,,,,,,,,,,20.417499542236328,66.0,1020.5,13.852388381958008,0.0,5.447788238525391,82.40545654296875,0.0299999993294477,21.01749992370605,0.210999995470047
1782255600000,2026-06-23 23:00:00,,,,,,,,,,,,,19.817501068115234,69.0,1020.5,13.96550178527832,0.0,5.411986351013184,86.18600463867188,0.0199999995529651,20.467500686645508,0.209999993443489
1782258537125,2026-06-23 23:48:57,32.55,25.65,23.97,,,,328.74,298.82,276.16,100.0,-117.0,-22.0,,,,,,,,,,
1782259200000,2026-06-24 00:00:00,,,,,,,,,,,,,19.11750030517578,75.0,1020.2999877929688,14.58173370361328,0.0,4.735060214996338,98.74607849121094,0.0199999995529651,20.717500686645508,0.2129999995231628
1782262800000,2026-06-24 01:00:00,,,,,,,,,,,,,18.667499542236328,78.0,1020.5,14.754218101501465,0.0,5.506940841674805,101.30989837646484,0.0099999997764825,20.217500686645508,0.2129999995231628
1782266400000,2026-06-24 02:00:00,,,,,,,,,,,,,18.467500686645508,80.0,1020.5,14.952951431274414,0.0,5.58870267868042,104.93147277832033,0.0099999997764825,19.817501068115234,0.2129999995231628
1782270000000,2026-06-24 03:00:00,,,,,,,,,,,,,17.86750030517578,83.0,1020.4000244140624,14.93966293334961,0.0,4.104631423950195,105.2551727294922,0.0099999997764825,19.467500686645508,0.2129999995231628
1782272925862,2026-06-24 03:48:45,,,,19.29,18.76,17.17,,,,100.0,-113.0,-14.8,,,,,,,,,,
1782272934874,2026-06-24 03:48:54,32.52,25.65,23.97,,,,328.71,298.82,276.16,100.0,-117.0,-21.2,,,,,,,,,,
1782273600000,2026-06-24 04:00:00,,,,,,,,,,,,,17.817501068115234,84.0,1020.2999877929688,15.07691478729248,0.0,4.0249223709106445,100.3047866821289,0.0099999997764825,19.11750030517578,0.2129999995231628
1782277200000,2026-06-24 05:00:00,,,,,,,,,,,,,19.11750030517578,81.0,1020.2999877929688,15.779696464538574,0.0,3.3190360069274902,130.60121154785156,0.0399999991059303,19.317501068115234,0.2129999995231628
1782280800000,2026-06-24 06:00:00,,,,,,,,,,,,,21.167499542236328,77.0,1020.2000122070312,16.975849151611328,0.0,2.811689853668213,140.19447326660156,0.1099999994039535,20.01749992370605,0.2119999974966049
1782284400000,2026-06-24 07:00:00,,,,,,,,,,,,,23.51749992370605,71.0,1020.2000122070312,17.955068588256836,0.0,2.545584201812744,188.1300201416016,0.2000000178813934,21.067501068115234,0.2119999974966049
1782287322191,2026-06-24 07:48:42,,,,18.67,17.97,17.88,,,,100.0,-121.0,-22.2,,,,,,,,,,
1782287331154,2026-06-24 07:48:51,47.28,43.69,43.39,,,,359.03,327.47,298.03,100.0,-122.0,-16.2,,,,,,,,,,
1782288000000,2026-06-24 08:00:00,,,,,,,,,,,,,25.61750030517578,60.0,1020.0999755859376,17.277463912963867,0.0,2.620839357376098,254.0545349121093,0.3000000119209289,22.217500686645508,0.210999995470047
1782291600000,2026-06-24 09:00:00,,,,,,,,,,,,,27.567501068115234,51.0,1020.0,16.526247024536133,0.0,5.014219284057617,291.0375671386719,0.3700000345706939,23.417499542236328,0.209999993443489
1782295200000,2026-06-24 10:00:00,,,,,,,,,,,,,28.76749992370605,45.0,1019.7999877929688,15.659707069396973,0.0,5.937272071838379,284.0362548828125,0.4099999964237213,24.667499542236328,0.2090000063180923
1782298800000,2026-06-24 11:00:00,,,,,,,,,,,,,29.667499542236328,40.0,1019.5,14.636159896850586,0.0,6.877789974212647,276.0089111328125,0.4099999964237213,25.76749992370605,0.2080000042915344
1782301725945,2026-06-24 11:48:45,45.97,42.08,41.27,,,,354.57,322.47,293.26,100.0,-113.0,-22.0,,,,,,,,,,
1782302400000,2026-06-24 12:00:00,,,,,,,,,,,,,30.417499542236328,43.0,1019.0,16.43742561340332,0.0,5.154415130615234,294.7751159667969,0.3900000154972076,26.61750030517578,0.2070000022649765
1782306000000,2026-06-24 13:00:00,,,,,,,,,,,,,30.817501068115234,41.0,1018.5999755859376,16.04901885986328,0.0,3.826852560043335,318.81414794921875,0.3700000345706939,27.36750030517578,0.2060000002384185
1782309600000,2026-06-24 14:00:00,,,,,,,,,,,,,31.167499542236328,42.0,1018.2999877929688,16.741363525390625,0.0,2.595996856689453,303.6900939941406,0.3300000131130218,27.817501068115234,0.2049999982118606
1782313200000,2026-06-24 15:00:00,,,,,,,,,,,,,31.217500686645508,38.0,1018.0,15.218424797058104,0.0,7.9932966232299805,324.1622619628906,0.2900000214576721,28.067501068115234,0.2049999982118606
1782316114644,2026-06-24 15:48:34,,,,18.98,18.12,17.61,,,,100.0,-113.0,-18.5,,,,,,,,,,
1782316800000,2026-06-24 16:00:00,,,,,,,,,,,,,30.86750030517578,38.0,1017.9000244140624,14.90804672241211,0.0,6.792466163635254,327.9946594238281,0.25,27.967500686645508,0.2039999961853027
1782320400000,2026-06-24 17:00:00,,,,,,,,,,,,,30.317501068115234,36.0,1017.5999755859376,13.586274147033691,0.0,6.193674087524414,324.4622497558594,0.1800000071525573,27.61750030517578,0.2029999941587448
1782324000000,2026-06-24 18:00:00,,,,,,,,,,,,,28.967500686645508,47.0,1017.5999755859376,16.52301788330078,0.0,3.563817977905273,44.99989700317383,0.0900000035762786,27.01749992370605,0.202000007033348
1782327600000,2026-06-24 19:00:00,,,,,,,,,,,,,26.667499542236328,51.0,1017.9000244140624,15.698077201843262,0.0,5.991593837738037,57.26478576660156,0.0500000044703483,26.067501068115234,0.202000007033348
1782330510938,2026-06-24 19:48:30,,,,19.16,18.58,17.46,,,,100.0,-113.0,-16.5,,,,,,,,,,
1782331200000,2026-06-24 20:00:00,,,,,,,,,,,,,24.76749992370605,55.0,1018.2999877929688,15.118440628051758,0.0,7.421589851379394,50.90615463256836,0.0399999991059303,24.917499542236328,0.2010000050067901
1782334800000,2026-06-24 21:00:00,,,,,,,,,,,,,23.917499542236328,60.0,1018.7000122070312,15.681056022644045,0.0,6.489992141723633,70.55987548828125,0.0399999991059303,24.067501068115234,0.2010000050067901
1782338400000,2026-06-24 22:00:00,,,,,,,,,,,,,23.11750030517578,59.0,1019.0,14.668744087219238,0.0,5.804825305938721,82.87508392333984,0.0299999993294477,23.26749992370605,0.2010000050067901
1782342000000,2026-06-24 23:00:00,,,,,,,,,,,,,22.26749992370605,62.0,1019.2000122070312,14.63826847076416,0.0,4.6938252449035645,94.39862060546876,0.0299999993294477,22.567501068115234,0.2000000029802322
1782345600000,2026-06-25 00:00:00,,,,,,,,,,,,,21.76749992370605,81.0,1019.0,18.3623161315918,0.0,4.452953815460205,104.03627014160156,0.0199999995529651,22.717500686645508,0.202000007033348
1782349200000,2026-06-25 01:00:00,,,,,,,,,,,,,21.11750030517578,79.0,1019.0999755859376,17.33262062072754,0.0,3.3190360069274902,102.52880096435548,0.0099999997764825,22.067501068115234,0.202000007033348
1782352800000,2026-06-25 02:00:00,,,,,,,,,,,,,20.51749992370605,78.0,1019.4000244140624,16.549116134643555,0.0,3.7585103511810303,106.69932556152344,0.0,21.467500686645508,0.202000007033348
1782356400000,2026-06-25 03:00:00,,,,,,,,,,,,,20.01749992370605,79.0,1019.5999755859376,16.26385498046875,0.0,3.7585103511810303,106.69932556152344,0.0,20.917499542236328,0.202000007033348
1782359303550,2026-06-25 03:48:23,,,,19.44,18.46,17.52,,,,100.0,-121.0,-19.2,,,,,,,,,,
1782359312538,2026-06-25 03:48:32,43.7,39.34,36.69,,,,347.62,314.87,285.9,100.0,-113.0,-13.2,,,,,,,,,,
1782360000000,2026-06-25 04:00:00,,,,,,,,,,,,,20.317501068115234,79.0,1019.5,16.555349349975586,0.0,3.415259599685669,108.43504333496094,0.0099999997764825,20.51749992370605,0.202000007033348
1782363600000,2026-06-25 05:00:00,,,,,,,,,,,,,21.667499542236328,77.0,1019.2999877929688,17.460094451904297,0.0,2.4149534702301025,116.5649871826172,0.0399999991059303,20.86750030517578,0.2010000050067901
1782367200000,2026-06-25 06:00:00,,,,,,,,,,,,,23.61750030517578,71.0,1019.2000122070312,18.050939559936523,0.0,1.0800000429153442,180.0,0.1199999973177909,21.717500686645508,0.2010000050067901
1782370800000,2026-06-25 07:00:00,,,,,,,,,,,,,26.317501068115234,62.0,1019.2000122070312,18.45701789855957,0.0,2.1600000858306885,270.0,0.2100000232458114,22.817501068115234,0.2010000050067901
1782373699742,2026-06-25 07:48:19,,,,19.41,18.92,17.46,,,,100.0,-113.0,-14.8,,,,,,,,,,
1782373708619,2026-06-25 07:48:28,43.17,38.87,35.33,,,,346.13,313.68,284.86,100.0,-119.0,-22.2,,,,,,,,,,
1782374400000,2026-06-25 08:00:00,,,,,,,,,,,,,28.567501068115234,52.0,1019.0999755859376,17.754117965698242,0.0,5.634891033172607,296.5649719238281,0.2900000214576721,24.167499542236328,0.2000000029802322
1782378000000,2026-06-25 09:00:00,,,,,,,,,,,,,30.467500686645508,45.0,1019.0,17.199228286743164,0.0,6.439876079559326,296.5649719238281,0.3500000238418579,25.51749992370605,0.1990000009536743
1782381600000,2026-06-25 10:00:00,,,,,,,,,,,,,31.467500686645508,39.0,1018.9000244140624,15.84587574005127,0.0,8.287821769714355,272.489501953125,0.3600000143051147,26.86750030517578,0.1979999989271164
1782385200000,2026-06-25 11:00:00,,,,,,,,,,,,,32.817501068115234,35.0,1018.5999755859376,15.348549842834473,0.0,1.4843180179595947,284.0362548828125,0.3300000131130218,27.76749992370605,0.1979999989271164
1782388800000,2026-06-25 12:00:00,,,,,,,,,,,,,33.36750030517578,33.0,1018.2999877929688,14.913766860961914,0.0,10.315114974975586,299.24871826171875,0.3300000131130218,28.567501068115234,0.1969999969005584
1782392400000,2026-06-25 13:00:00,,,,,,,,,,,,,33.817501068115234,30.0,1017.7999877929688,13.829107284545898,0.0,10.29625129699707,306.4693298339844,0.3300000131130218,29.317501068115234,0.1959999948740005
1782396000000,2026-06-25 14:00:00,,,,,,,,,,,,,34.26750183105469,28.0,1017.4000244140624,13.154894828796388,0.0,6.287129878997803,283.24053955078125,0.3100000023841858,29.86750030517578,0.1949999928474426
1782399600000,2026-06-25 15:00:00,,,,,,,,,,,,,34.11750030517578,29.0,1017.2999877929688,13.565138816833496,0.0,9.220499038696287,308.6598205566406,0.270000010728836,30.01749992370605,0.1940000057220459
1782403200000,2026-06-25 16:00:00,,,,,,,,,,,,,33.717498779296875,30.0,1017.0999755859376,13.743017196655272,0.0,6.877789974212647,276.0089111328125,0.2399999946355819,29.967500686645508,0.1940000057220459
1782406800000,2026-06-25 17:00:00,,,,,,,,,,,,,33.16749954223633,32.0,1016.9000244140624,14.263099670410156,0.0,5.86037540435791,317.4895935058594,0.1700000017881393,29.717500686645508,0.1930000036954879
1782410400000,2026-06-25 18:00:00,,,,,,,,,,,,,31.717500686645508,43.0,1016.9000244140624,17.60761260986328,0.0,2.595996856689453,303.6900939941406,0.1000000089406967,29.167499542236328,0.19200000166893
1782414000000,2026-06-25 19:00:00,,,,,,,,,,,,,29.467500686645508,46.0,1017.2000122070312,16.6392765045166,0.0,5.241678714752197,15.945476531982422,0.0399999991059303,28.067501068115234,0.19200000166893
1782417600000,2026-06-25 20:00:00,,,,,,,,,,,,,27.36750030517578,46.0,1017.4000244140624,14.731647491455078,0.0,6.439876079559326,26.564985275268555,0.0500000044703483,26.817501068115234,0.19200000166893
1782421200000,2026-06-25 21:00:00,,,,,,,,,,,,,27.01749992370605,50.0,1017.9000244140624,15.710286140441896,0.0,8.404285430908203,46.73566818237305,0.0500000044703483,26.01749992370605,0.1909999996423721
1782424800000,2026-06-25 22:00:00,,,,,,,,,,,,,25.217500686645508,56.0,1018.5,15.818127632141112,0.0,5.116561412811279,50.71061706542969,0.0399999991059303,25.36750030517578,0.1909999996423721
1782428400000,2026-06-25 23:00:00,,,,,,,,,,,,,23.567501068115234,63.0,1019.0999755859376,16.115026473999023,0.0,4.072935104370117,44.99989700317383,0.0199999995529651,24.467500686645508,0.1909999996423721
1782431292196,2026-06-25 23:48:12,40.78,35.7,31.6,,,,339.92,309.18,281.99,100.0,-117.0,-21.5,,,,,,,,,,
1782432000000,2026-06-26 00:00:00,,,,,,,,,,,,,22.61750030517578,73.0,1019.2999877929688,17.531763076782227,0.0,5.623379707336426,39.80552673339844,0.0199999995529651,23.86750030517578,0.1899999976158142
1782435600000,2026-06-26 01:00:00,,,,,,,,,,,,,22.217500686645508,74.0,1018.7999877929688,17.36211585998535,0.0,4.394360065460205,55.00790023803711,0.0199999995529651,23.317501068115234,0.1899999976158142
1782439200000,2026-06-26 02:00:00,,,,,,,,,,,,,22.317501068115234,73.0,1018.9000244140624,17.243131637573242,0.0,1.938659191131592,68.19853210449219,0.0099999997764825,22.717500686645508,0.1899999976158142
1782442800000,2026-06-26 03:00:00,,,,,,,,,,,,,21.51749992370605,75.0,1019.0,16.899036407470703,0.0,1.1384198665618896,71.5649642944336,0.0,22.067501068115234,0.1899999976158142
1782446400000,2026-06-26 04:00:00,,,,,,,,,,,,,21.61750030517578,76.0,1019.2000122070312,17.20482635498047,0.0,1.6099690198898315,26.564985275268555,0.0,21.567501068115234,0.1899999976158142
1782450000000,2026-06-26 05:00:00,,,,,,,,,,,,,22.667499542236328,80.0,1019.7000122070312,19.039936065673828,0.0,1.4843180179595947,345.9637145996094,0.0299999993294477,21.86750030517578,0.1899999976158142
1782453600000,2026-06-26 06:00:00,,,,,,,,,,,,,24.167499542236328,77.0,1020.0999755859376,19.880889892578125,0.0,1.8356469869613647,281.3099060058594,0.1099999994039535,22.717500686645508,0.1889999955892563
1782457200000,2026-06-26 07:00:00,,,,,,,,,,,,,25.667499542236328,74.0,1020.2999877929688,20.686180114746094,0.0,1.4399999380111694,270.0,0.1899999976158142,23.667499542236328,0.1889999955892563
1782460800000,2026-06-26 08:00:00,,,,,,,,,,,,,27.86750030517578,66.0,1020.2000122070312,20.93073272705078,0.0,1.7999999523162842,306.8699645996094,0.2599999904632568,24.667499542236328,0.1879999935626983
1782464400000,2026-06-26 09:00:00,,,,,,,,,,,,,30.11750030517578,56.0,1020.2000122070312,20.377843856811523,0.0,1.2979984283447266,326.3099060058594,0.3400000035762787,25.917499542236328,0.1879999935626983
1782468000000,2026-06-26 10:00:00,,,,,,,,,,,,,31.967500686645508,48.0,1020.0999755859376,19.59198951721192,0.0,1.2979984283447266,326.3099060058594,0.3600000143051147,27.11750030517578,0.1870000064373016
1782471600000,2026-06-26 11:00:00,,,,,,,,,,,,,33.26750183105469,43.0,1019.7999877929688,19.002103805541992,0.0,3.2599384784698486,353.659912109375,0.3700000345706939,28.36750030517578,0.1860000044107437
1782475200000,2026-06-26 12:00:00,,,,,,,,,,,,,34.11750030517578,38.0,1019.2999877929688,17.788360595703125,0.0,3.9600000381469727,360.0,0.3700000345706939,29.417499542236328,0.1850000023841858
1782478800000,2026-06-26 13:00:00,,,,,,,,,,,,,34.717498779296875,36.0,1018.5999755859376,17.4603214263916,0.0,1.8356469869613647,11.309895515441896,0.3500000238418579,30.217500686645508,0.1840000003576278
1782482400000,2026-06-26 14:00:00,,,,,,,,,,,,,34.91749954223633,34.0,1018.2000122070312,16.732648849487305,0.0,3.826852560043335,41.18583679199219,0.3199999928474426,30.717500686645508,0.1840000003576278
1782486000000,2026-06-26 15:00:00,,,,,,,,,,,,,34.817501068115234,33.0,1017.9000244140624,16.176177978515625,0.0,7.289443969726562,69.77505493164062,0.2900000214576721,31.01749992370605,0.1829999983310699
1782489600000,2026-06-26 16:00:00,,,,,,,,,,,,,34.317501068115234,37.0,1017.7000122070312,17.542057037353516,0.0,7.928177833557129,92.60250854492188,0.2399999946355819,31.01749992370605,0.181999996304512
1782493200000,2026-06-26 17:00:00,,,,,,,,,,,,,33.41749954223633,34.0,1017.9000244140624,15.422038078308104,0.0,8.70723819732666,82.87508392333984,0.1800000071525573,30.61750030517578,0.1809999942779541
1782496800000,2026-06-26 18:00:00,,,,,,,,,,,,,32.26749801635742,39.0,1017.7999877929688,16.557296752929688,0.0,6.489992141723633,70.55987548828125,0.1099999994039535,29.917499542236328,0.1809999942779541
1782500400000,2026-06-26 19:00:00,,,,,,,,,,,,,29.76749992370605,41.0,1018.2000122070312,15.109015464782717,0.0,7.787990570068359,56.30989837646485,0.0599999986588954,28.817501068115234,0.1809999942779541
1782504000000,2026-06-26 20:00:00,,,,,,,,,,,,,27.967500686645508,45.0,1018.4000244140624,14.934900283813477,0.0,8.37338638305664,64.53669738769531,0.0599999986588954,27.667499542236328,0.1800000071525573
1782507600000,2026-06-26 21:00:00,,,,,,,,,,,,,27.01749992370605,51.0,1018.7000122070312,16.020170211791992,0.0,7.771330833435059,76.60749053955078,0.0500000044703483,26.76749992370605,0.1800000071525573
1782511200000,2026-06-26 22:00:00,,,,,,,,,,,,,25.917499542236328,56.0,1019.0999755859376,16.469873428344727,0.0,6.479999542236328,90.0,0.0399999991059303,26.067501068115234,0.1800000071525573
1782514800000,2026-06-26 23:00:00,,,,,,,,,,,,,24.967500686645508,61.0,1019.2999877929688,16.92766761779785,0.0,6.725354194641113,105.52417755126952,0.0299999993294477,25.36750030517578,0.1790000051259994
1782518400000,2026-06-27 00:00:00,,,,,,,,,,,,,24.51749992370605,58.0,1019.2000122070312,15.713589668273926,0.0,6.725354194641113,105.52417755126952,0.0399999991059303,24.717500686645508,0.1790000051259994
1782522000000,2026-06-27 01:00:00,,,,,,,,,,,,,23.817501068115234,60.0,1019.2999877929688,15.58713436126709,0.0,7.421589851379394,104.03627014160156,0.0299999993294477,24.167499542236328,0.1790000051259994
1782525600000,2026-06-27 02:00:00,,,,,,,,,,,,,24.11750030517578,61.0,1018.9000244140624,16.12782859802246,0.0,8.473393440246582,102.26476287841795,0.0399999991059303,23.817501068115234,0.1780000030994415
1782529200000,2026-06-27 03:00:00,,,,,,,,,,,,,24.417499542236328,60.0,1018.9000244140624,16.15065574645996,0.0,9.346142768859863,105.6423110961914,0.0399999991059303,23.61750030517578,0.1780000030994415
1782532800000,2026-06-27 04:00:00,,,,,,,,,,,,,24.61750030517578,62.0,1018.7000122070312,16.854494094848633,0.0,9.904906272888184,109.09358978271484,0.0599999986588954,23.567501068115234,0.1780000030994415
1782536400000,2026-06-27 05:00:00,,,,,,,,,,,,,25.717500686645508,61.0,1018.7999877929688,17.63328742980957,0.0,8.854828834533691,116.5649871826172,0.1000000089406967,23.717500686645508,0.1780000030994415
1782540000000,2026-06-27 06:00:00,,,,,,,,,,,,,27.217500686645508,60.0,1018.7999877929688,18.77938461303711,0.0,9.199390411376951,120.5791473388672,0.1899999976158142,24.26749992370605,0.1770000010728836
1782543600000,2026-06-27 07:00:00,,,,,,,,,,,,,29.317501068115234,56.0,1018.7999877929688,19.63380241394043,0.0,8.396570205688477,120.96369171142578,0.270000010728836,25.217500686645508,0.1759999990463256
1782546452579,2026-06-27 07:47:32,,,,20.52,19.73,18.52,,,,100.0,-111.0,-9.0,,,,,,,,,,
1782547200000,2026-06-27 08:00:00,,,,,,,,,,,,,31.817501068115234,50.0,1018.7999877929688,20.113475799560547,0.0,6.119999885559082,118.07239532470705,0.3400000035762787,26.51749992370605,0.1759999990463256
1782550800000,2026-06-27 09:00:00,,,,,,,,,,,,,34.41749954223633,42.0,1018.5999755859376,19.656570434570312,0.0,5.692099094390869,124.69522094726562,0.3799999952316284,28.067501068115234,0.1749999970197677
1782554400000,2026-06-27 10:00:00,,,,,,,,,,,,,36.46749877929688,32.0,1018.4000244140624,17.124494552612305,0.0,4.0249223709106445,259.6952209472656,0.4000000357627868,29.61750030517578,0.1739999949932098
1782558000000,2026-06-27 11:00:00,,,,,,,,,,,,,37.91749954223633,21.0,1018.0999755859376,11.828646659851074,0.0,4.213691711425781,250.0167999267578,0.4099999964237213,30.967500686645508,0.1729999929666519
1782561600000,2026-06-27 12:00:00,,,,,,,,,,,,,38.26750183105469,23.0,1017.5,13.506817817687988,0.0,6.119999885559082,241.9276123046875,0.3799999952316284,32.067501068115234,0.1720000058412552
1782565200000,2026-06-27 13:00:00,,,,,,,,,,,,,38.36750030517578,25.0,1017.0,14.87838649749756,0.0,2.620839357376098,105.94546508789062,0.3000000119209289,32.41749954223633,0.1720000058412552
1782568800000,2026-06-27 14:00:00,,,,,,,,,,,,,38.26750183105469,26.0,1016.5999755859376,15.40450668334961,0.0,8.20926284790039,105.2551727294922,0.2800000309944153,32.76750183105469,0.1710000038146972
1782572400000,2026-06-27 15:00:00,,,,,,,,,,,,,38.067501068115234,28.0,1016.2999877929688,16.394920349121094,0.0,10.239453315734863,79.8753890991211,0.2800000309944153,33.067501068115234,0.1700000017881393
1782576000000,2026-06-27 16:00:00,,,,,,,,,,,,,37.91749954223633,26.0,1016.2000122070312,15.10905933380127,0.0,8.66994857788086,85.23644256591797,0.2399999946355819,32.967498779296875,0.1700000017881393
1782579600000,2026-06-27 17:00:00,,,,,,,,,,,,,36.817501068115234,29.0,1016.0,15.877886772155762,0.0,11.570514678955078,95.3557357788086,0.1899999976158142,32.66749954223633,0.1689999997615814
1782583200000,2026-06-27 18:00:00,,,,,,,,,,,,,35.36750030517578,34.0,1015.7999877929688,17.12565040588379,0.0,9.826087951660156,98.42688751220705,0.1299999952316284,31.967500686645508,0.1679999977350235
1782586800000,2026-06-27 19:00:00,,,,,,,,,,,,,33.067501068115234,32.0,1016.2000122070312,14.17632007598877,0.0,8.427383422851562,109.98319244384766,0.0900000035762786,30.86750030517578,0.1679999977350235
1782589648287,2026-06-27 19:47:28,36.68,29.73,27.23,,,,332.46,303.02,278.64,100.0,-110.0,-11.8,,,,,,,,,,
1782590400000,2026-06-27 20:00:00,,,,,,,,,,,,,30.86750030517578,40.0,1016.7000122070312,15.70725917816162,0.0,7.968938827514648,108.43504333496094,0.0700000077486038,29.717500686645508,0.1679999977350235
1782594000000,2026-06-27 21:00:00,,,,,,,,,,,,,29.667499542236328,43.0,1016.9000244140624,15.762055397033691,0.0,6.989935398101807,101.88863372802734,0.0599999986588954,28.667499542236328,0.1669999957084655
1782597600000,2026-06-27 22:00:00,,,,,,,,,,,,,28.717500686645508,44.0,1017.2000122070312,15.263900756835938,0.0,6.519876956939697,96.34009552001952,0.0500000044703483,27.817501068115234,0.1669999957084655
1782601200000,2026-06-27 23:00:00,,,,,,,,,,,,,27.967500686645508,45.0,1017.0,14.934900283813477,0.0,6.924737930297852,98.97254943847656,0.0500000044703483,27.11750030517578,0.1669999957084655
1782604037610,2026-06-27 23:47:17,,,,21.2,20.07,18.49,,,,100.0,-113.0,-12.0,,,,,,,,,,
1782604800000,2026-06-28 00:00:00,,,,,,,,,,,,,27.817501068115234,53.0,1015.5,17.36376190185547,0.0,7.628262996673584,109.29014587402344,0.0500000044703483,26.717500686645508,0.1669999957084655
1782608400000,2026-06-28 01:00:00,,,,,,,,,,,,,27.76749992370605,51.0,1016.4000244140624,16.710248947143555,0.0,7.342587947845459,101.30989837646484,0.0500000044703483,26.36750030517578,0.1669999957084655
1782612000000,2026-06-28 02:00:00,,,,,,,,,,,,,27.317501068115234,52.0,1016.0999755859376,16.601457595825195,0.0,6.989935398101807,101.88863372802734,0.0500000044703483,26.01749992370605,0.1659999936819076
1782615600000,2026-06-28 03:00:00,,,,,,,,,,,,,26.567501068115234,55.0,1016.4000244140624,16.790666580200195,0.0,6.877789974212647,96.00891876220705,0.0399999991059303,25.667499542236328,0.1659999936819076
1782618433935,2026-06-28 03:47:13,,,,21.27,19.29,18.61,,,,100.0,-113.0,-8.8,,,,,,,,,,
1782619200000,2026-06-28 04:00:00,,,,,,,,,,,,,26.467500686645508,57.0,1016.4000244140624,17.26154327392578,0.0,6.214563369750977,100.00791931152344,0.0599999986588954,25.26749992370605,0.1659999936819076
1782622800000,2026-06-28 05:00:00,,,,,,,,,,,,,27.417499542236328,56.0,1016.4000244140624,17.866069793701172,0.0,6.0346999168396,107.35411071777344,0.1099999994039535,25.26749992370605,0.1650000065565109
1782626400000,2026-06-28 06:00:00,,,,,,,,,,,,,29.11750030517578,53.0,1016.2000122070312,18.56512260437012,0.0,8.049844741821289,116.5649871826172,0.2100000232458114,25.817501068115234,0.1650000065565109
1782630000000,2026-06-28 07:00:00,,,,,,,,,,,,,30.86750030517578,49.0,1016.2000122070312,18.91848564147949,0.0,10.144082069396973,117.47434997558594,0.3100000023841858,26.717500686645508,0.164000004529953
1782632830216,2026-06-28 07:47:10,,,,21.23,19.48,18.64,,,,100.0,-120.0,-10.2,,,,,,,,,,
1782632835785,2026-06-28 07:47:15,35.73,28.88,26.55,,,,331.61,302.14,278.12,100.0,-112.0,-8.2,,,,,,,,,,
1782633600000,2026-06-28 08:00:00,,,,,,,,,,,,,32.967498779296875,44.0,1016.0999755859376,19.10054588317871,0.0,12.879752159118652,116.5649871826172,0.3500000238418579,27.917499542236328,0.163000002503395
1782637200000,2026-06-28 09:00:00,,,,,,,,,,,,,35.11750030517578,37.0,1016.0,18.24808120727539,0.0,14.113652229309082,127.7468719482422,0.3700000345706939,29.217500686645508,0.1620000004768371
1782640800000,2026-06-28 10:00:00,,,,,,,,,,,,,37.317501068115234,29.0,1015.7000122070312,16.305805206298828,0.0,11.753876686096191,117.34979248046876,0.3799999952316284,30.667499542236328,0.1620000004768371
1782644400000,2026-06-28 11:00:00,,,,,,,,,,,,,38.51750183105469,26.0,1015.5999755859376,15.615508079528809,0.0,4.0249223709106445,153.4350128173828,0.3700000345706939,32.11750030517578,0.1609999984502792
1782648000000,2026-06-28 12:00:00,,,,,,,,,,,,,38.46749877929688,25.0,1015.5999755859376,14.962388038635254,0.0,16.26785659790039,294.8636779785156,0.3199999928474426,32.86750030517578,0.1599999964237213
1782651600000,2026-06-28 13:00:00,,,,,,,,,,,,,39.067501068115234,23.0,1015.5999755859376,14.172019004821776,0.0,11.019763946533203,308.3675231933594,0.3199999928474426,33.51750183105469,0.1589999943971634
1782655200000,2026-06-28 14:00:00,,,,,,,,,,,,,38.86750030517578,23.0,1015.2000122070312,14.005746841430664,0.0,10.195056915283203,312.13751220703125,0.3000000119209289,34.01750183105469,0.1589999943971634
1782658800000,2026-06-28 15:00:00,,,,,,,,,,,,,39.067501068115234,22.0,1014.9000244140624,13.487306594848633,0.0,13.32486343383789,308.4180908203125,0.270000010728836,34.16749954223633,0.1580000072717666
1782661622736,2026-06-28 15:47:02,,,,21.53,20.36,18.79,,,,100.0,-112.0,-15.0,,,,,,,,,,
1782662400000,2026-06-28 16:00:00,,,,,,,,,,,,,38.51750183105469,22.0,1015.0999755859376,13.03244686126709,0.0,14.98222827911377,305.2176818847656,0.2399999946355819,33.967498779296875,0.1580000072717666
1782666000000,2026-06-28 17:00:00,,,,,,,,,,,,,36.46749877929688,34.0,1015.2000122070312,18.08597755432129,0.0,15.990646362304688,301.1849060058594,0.1899999976158142,33.41749954223633,0.1570000052452087
1782669600000,2026-06-28 18:00:00,,,,,,,,,,,,,34.66749954223633,33.0,1015.7999877929688,16.045625686645508,0.0,9.686609268188477,311.98712158203125,0.1299999952316284,32.51749801635742,0.1570000052452087
1782673200000,2026-06-28 19:00:00,,,,,,,,,,,,,32.51749801635742,42.0,1017.0,17.952733993530273,0.0,17.87355613708496,332.4028015136719,0.0900000035762786,31.36750030517578,0.1560000032186508
1782676800000,2026-06-28 20:00:00,,,,,,,,,,,,,30.11750030517578,50.0,1018.0,18.55475807189941,0.0,7.704335689544678,322.5945739746094,0.0700000077486038,30.417499542236328,0.1560000032186508
1782680400000,2026-06-28 21:00:00,,,,,,,,,,,,,28.167499542236328,58.0,1019.0,19.12580299377441,0.0,5.495161056518555,328.3925476074219,0.0500000044703483,29.26749992370605,0.1560000032186508
1782684000000,2026-06-28 22:00:00,,,,,,,,,,,,,27.317501068115234,61.0,1019.5999755859376,19.13821220397949,0.1000000014901161,6.696386814117432,323.7460632324219,0.0399999991059303,28.317501068115234,0.1550000011920929
1782687600000,2026-06-28 23:00:00,,,,,,,,,,,,,26.317501068115234,67.0,1019.5,19.70100212097168,0.0,7.993297576904297,352.23492431640625,0.0500000044703483,27.61750030517578,0.1550000011920929
1782691200000,2026-06-29 00:00:00,,,,,,,,,,,,,26.167499542236328,64.0,1019.2000122070312,18.82289123535156,0.0,3.7064266204833984,330.94549560546875,0.0299999993294477,27.317501068115234,0.1599999964237213
1782694800000,2026-06-29 01:00:00,,,,,,,,,,,,,24.667499542236328,77.0,1019.5,20.36496353149414,0.2000000029802322,3.6712939739227295,281.3099060058594,0.0299999993294477,26.76749992370605,0.1599999964237213
1782698400000,2026-06-29 02:00:00,,,,,,,,,,,,,23.11750030517578,90.0,1021.0999755859376,21.386430740356445,1.100000023841858,2.9024126529693604,262.8750915527344,0.0299999993294477,26.217500686645508,0.1589999943971634
1782702000000,2026-06-29 03:00:00,,,,,,,,,,,,,22.567501068115234,96.0,1021.2000122070312,21.89689064025879,0.8999999761581421,5.351784706115723,317.72637939453125,0.0299999993294477,25.61750030517578,0.1589999943971634
1782705600000,2026-06-29 04:00:00,,,,,,,,,,,,,23.067501068115234,92.0,1019.7999877929688,21.69619941711425,0.800000011920929,8.287821769714355,55.61959838867188,0.0299999993294477,25.167499542236328,0.1599999964237213
1782709200000,2026-06-29 05:00:00,,,,,,,,,,,,,23.61750030517578,92.0,1019.7000122070312,22.24053955078125,0.1000000014901161,3.075841426849365,20.556127548217773,0.0399999991059303,25.067501068115234,0.1620000004768371
1782712800000,2026-06-29 06:00:00,,,,,,,,,,,,,24.61750030517578,79.0,1019.4000244140624,20.732397079467773,0.0,6.0346999168396,17.354122161865234,0.1299999952316284,25.317501068115234,0.164000004529953
1782716400000,2026-06-29 07:00:00,,,,,,,,,,,,,25.567501068115234,73.0,1019.0999755859376,20.369291305541992,0.0,6.119999885559082,61.92761993408203,0.2599999904632568,25.667499542236328,0.1650000065565109
1782720000000,2026-06-29 08:00:00,,,,,,,,,,,,,26.717500686645508,68.0,1019.4000244140624,20.32124137878418,0.0,8.55710220336914,337.7509155273437,0.4000000357627868,26.26749992370605,0.1659999936819076
1782723600000,2026-06-29 09:00:00,,,,,,,,,,,,,25.217500686645508,74.0,1021.2000122070312,20.25269889831543,0.0,18.204042434692383,294.5377197265625,0.4300000071525574,26.667499542236328,0.1669999957084655
1782727200000,2026-06-29 10:00:00,,,,,,,,,,,,,23.467500686645508,77.0,1021.2999877929688,19.20313835144043,0.0,14.654253959655762,332.1759948730469,0.25,26.11750030517578,0.1679999977350235
1782730800000,2026-06-29 11:00:00,,,,,,,,,,,,,23.967500686645508,72.0,1022.2999877929688,18.609806060791016,0.0,12.682018280029297,325.4076538085937,0.1700000017881393,25.36750030517578,0.1689999997615814
1782734400000,2026-06-29 12:00:00,,,,,,,,,,,,,24.317501068115234,81.0,1021.4000244140624,20.84684944152832,2.0,7.771330833435059,346.60748291015625,0.2300000041723251,25.11750030517578,0.1700000017881393
1782738000000,2026-06-29 13:00:00,,,,,,,,,,,,,24.667499542236328,76.0,1021.9000244140624,20.15340042114257,0.0,10.495713233947754,337.8335876464844,0.4399999976158142,25.667499542236328,0.1720000058412552
1782741600000,2026-06-29 14:00:00,,,,,,,,,,,,,25.817501068115234,68.0,1021.5999755859376,19.463350296020508,0.0,9.746630668640137,355.763671875,0.4300000071525574,26.067501068115234,0.1739999949932098
1782745200000,2026-06-29 15:00:00,,,,,,,,,,,,,26.667499542236328,59.0,1021.0999755859376,17.995532989501953,0.0,10.739832878112791,346.4295349121094,0.3600000143051147,26.467500686645508,0.1749999970197677
1782748800000,2026-06-29 16:00:00,,,,,,,,,,,,,26.11750030517578,62.0,1021.2999877929688,18.26851272583008,0.0,13.044721603393556,320.599365234375,0.2399999946355819,26.417499542236328,0.1770000010728836
1782752400000,2026-06-29 17:00:00,,,,,,,,,,,,,25.26749992370605,65.0,1021.5999755859376,18.21806907653809,0.0,12.574259757995604,346.75946044921875,0.1500000059604644,25.967500686645508,0.1770000010728836
1782756000000,2026-06-29 18:00:00,,,,,,,,,,,,,24.467500686645508,69.0,1022.5999755859376,18.40900611877441,0.0,7.56856632232666,334.65386962890625,0.0799999982118606,25.467500686645508,0.1780000030994415
1782759600000,2026-06-29 19:00:00,,,,,,,,,,,,,21.76749992370605,90.0,1023.0999755859376,20.05389213562012,0.4000000059604645,14.058449745178224,309.8055114746094,0.0700000077486038,24.717500686645508,0.1790000051259994
1782762396635,2026-06-29 19:46:36,,,,22.23,20.84,19.88,,,,100.0,-112.0,-8.0,,,,,,,,,,
1782762402209,2026-06-29 19:46:42,44.69,30.62,29.28,,,,350.54,303.94,280.21,100.0,-113.0,-8.8,,,,,,,,,,
1782763200000,2026-06-29 20:00:00,,,,,,,,,,,,,20.61750030517578,92.0,1023.7000122070312,19.27126693725586,0.0,14.689587593078612,306.0274658203125,0.0500000044703483,23.86750030517578,0.1790000051259994
1782766800000,2026-06-29 21:00:00,,,,,,,,,,,,,19.717500686645508,92.0,1024.4000244140625,18.380414962768555,0.0,11.98859405517578,311.3476867675781,0.0399999991059303,23.11750030517578,0.1800000071525573
1782770400000,2026-06-29 22:00:00,,,,,,,,,,,,,19.467500686645508,93.0,1024.699951171875,18.30521774291992,0.0,9.686609268188477,311.98712158203125,0.0299999993294477,22.567501068115234,0.1800000071525573
1782774000000,2026-06-29 23:00:00,,,,,,,,,,,,,19.36750030517578,93.0,1024.800048828125,18.206104278564453,0.0,8.78872013092041,304.9920959472656,0.0299999993294477,22.167499542236328,0.1809999942779541
1782777600000,2026-06-30 00:00:00,,,,,,,,,,,,,20.917499542236328,91.0,1024.5,19.39237594604492,0.0,6.214563369750977,349.9920654296875,0.0399999991059303,23.01749992370605,0.328000009059906
1782781200000,2026-06-30 01:00:00,,,,,,,,,,,,,20.717500686645508,90.0,1024.0,19.017406463623047,0.0,6.162207126617432,6.709750175476074,0.0299999993294477,22.717500686645508,0.3190000057220459
1782784800000,2026-06-30 02:00:00,,,,,,,,,,,,,20.567501068115234,87.0,1024.699951171875,18.327566146850582,0.0,2.27683973312378,18.4350528717041,0.0399999991059303,22.417499542236328,0.3120000064373016
1782788400000,2026-06-30 03:00:00,,,,,,,,,,,,,19.967500686645508,89.0,1023.5,18.09903335571289,0.4000000059604645,9.746630668640137,4.236320018768311,0.0299999993294477,22.11750030517578,0.3059999942779541
1782792000000,2026-06-30 04:00:00,,,,,,,,,,,,,19.917499542236328,91.0,1023.9000244140624,18.40387725830078,0.0,3.826852560043335,48.81417465209961,0.0399999991059303,21.817501068115234,0.3030000030994415
1782795600000,2026-06-30 05:00:00,,,,,,,,,,,,,20.217500686645508,90.0,1023.7999877929688,18.523828506469727,0.0,6.130578517913818,49.763710021972656,0.0500000044703483,21.76749992370605,0.2989999949932098
1782799200000,2026-06-30 06:00:00,,,,,,,,,,,,,20.417499542236328,89.0,1024.0999755859375,18.54265785217285,0.0,7.127635955810547,44.99989700317383,0.0900000035762786,21.817501068115234,0.2949999868869781
1782802800000,2026-06-30 07:00:00,,,,,,,,,,,,,20.417499542236328,88.0,1023.7999877929688,18.36228370666504,0.1000000014901161,7.412853240966797,60.94549179077149,0.0799999982118606,21.76749992370605,0.2919999957084656
1782805592413,2026-06-30 07:46:32,45.56,33.2,32.23,,,,353.23,306.6,282.48,100.0,-113.0,-15.2,,,,,,,,,,
1782806400000,2026-06-30 08:00:00,,,,,,,,,,,,,20.467500686645508,89.0,1023.7000122070312,18.591947555541992,0.0,6.877789497375488,47.12110900878906,0.0799999982118606,21.667499542236328,0.289000004529953
1782810000000,2026-06-30 09:00:00,,,,,,,,,,,,,21.217500686645508,84.0,1023.7000122070312,18.405393600463867,0.0,5.9044389724731445,37.56866455078125,0.1099999994039535,21.76749992370605,0.2860000133514404
1782813600000,2026-06-30 10:00:00,,,,,,,,,,,,,22.11750030517578,82.0,1023.7000122070312,18.899757385253903,0.0,7.127635955810547,44.99989700317383,0.1700000017881393,22.11750030517578,0.2829999923706054
1782817200000,2026-06-30 11:00:00,,,,,,,,,,,,,22.217500686645508,83.0,1023.2999877929688,19.191783905029297,0.0,7.289443969726562,20.22494506835937,0.2100000232458114,22.467500686645508,0.2809999883174896
1782820800000,2026-06-30 12:00:00,,,,,,,,,,,,,22.717500686645508,79.0,1022.7999877929688,18.88696479797364,0.0,4.0249223709106445,26.564985275268555,0.1599999964237213,22.717500686645508,0.277999997138977
1782824400000,2026-06-30 13:00:00,,,,,,,,,,,,,22.667499542236328,81.0,1022.2000122070312,19.23927879333496,0.0,3.9600000381469727,360.0,0.1199999973177909,22.667499542236328,0.2759999930858612
1782828000000,2026-06-30 14:00:00,,,,,,,,,,,,,22.667499542236328,81.0,1021.7000122070312,19.23927879333496,0.0,5.241678714752197,344.0545349121094,0.1299999952316284,22.76749992370605,0.2739999890327453
1782831600000,2026-06-30 15:00:00,,,,,,,,,,,,,21.61750030517578,88.0,1021.2000122070312,19.54359245300293,0.5,7.704335689544678,322.5945739746094,0.0900000035762786,22.51749992370605,0.2720000147819519
1782835200000,2026-06-30 16:00:00,,,,,,,,,,,,,20.917499542236328,93.0,1020.7999877929688,19.742374420166016,1.600000023841858,8.21715259552002,331.1893005371094,0.0599999986588954,22.11750030517578,0.2739999890327453
1782838800000,2026-06-30 17:00:00,,,,,,,,,,,,,20.61750030517578,92.0,1020.5999755859376,19.27126693725586,0.3000000119209289,7.208993911743164,2.862345695495605,0.0500000044703483,21.817501068115234,0.2809999883174896
1782842400000,2026-06-30 18:00:00,,,,,,,,,,,,,20.51749992370605,91.0,1020.5999755859376,18.99698257446289,0.0,7.412853240966797,29.05450820922852,0.0500000044703483,21.61750030517578,0.2849999964237213
1782846000000,2026-06-30 19:00:00,,,,,,,,,,,,,20.11750030517578,92.0,1020.5999755859376,18.77635383605957,0.0,3.7064266204833984,60.94549179077149,0.0399999991059303,21.36750030517578,0.2849999964237213
1782849600000,2026-06-30 20:00:00,,,,,,,,,,,,,19.567501068115234,94.0,1020.4000244140624,18.57511138916016,0.0,3.075841426849365,69.4438705444336,0.0099999997764825,21.01749992370605,0.2840000092983246
1782853200000,2026-06-30 21:00:00,,,,,,,,,,,,,19.36750030517578,94.0,1020.0999755859376,18.37661933898925,0.0,3.3190360069274902,49.39878463745117,0.0099999997764825,20.717500686645508,0.2820000052452087
1782856800000,2026-06-30 22:00:00,,,,,,,,,,,,,19.217500686645508,95.0,1019.7999877929688,18.39649200439453,0.0,3.545588731765747,23.962491989135746,0.0099999997764825,20.51749992370605,0.2809999883174896
1782860400000,2026-06-30 23:00:00,,,,,,,,,,,,,19.11750030517578,96.0,1019.2000122070312,18.46417617797852,0.0,3.5999999046325684,53.13002014160156,0.0099999997764825,20.36750030517578,0.2790000140666961
1782864000000,2026-07-01 00:00:00,,,,,,,,,,,,,19.717500686645508,95.0,1018.0999755859376,18.89336204528809,0.0,3.826852560043335,41.18583679199219,0.0,21.167499542236328,0.231000006198883
1782867600000,2026-07-01 01:00:00,,,,,,,,,,,,,19.667499542236328,95.0,1017.5,18.84367561340332,0.0,6.725354194641113,344.475830078125,0.0099999997764825,21.01749992370605,0.231000006198883
1782871200000,2026-07-01 02:00:00,,,,,,,,,,,,,19.51749992370605,95.0,1018.0999755859376,18.694616317749023,0.0,5.447788238525391,7.594560146331787,0.0099999997764825,20.917499542236328,0.231000006198883
1782874800000,2026-07-01 03:00:00,,,,,,,,,,,,,19.417499542236328,95.0,1017.2999877929688,18.59524154663086,0.0,4.693825721740723,32.47117233276367,0.0099999997764825,20.817501068115234,0.2300000041723251
1782878400000,2026-07-01 04:00:00,,,,,,,,,,,,,19.51749992370605,94.0,1017.0,18.52548789978028,0.0,3.239999771118164,360.0,0.0099999997764825,20.717500686645508,0.2300000041723251
1782882000000,2026-07-01 05:00:00,,,,,,,,,,,,,19.76749992370605,93.0,1016.7000122070312,18.60256767272949,0.0,4.104631423950195,344.74481201171875,0.0199999995529651,20.76749992370605,0.2300000041723251
1782885600000,2026-07-01 06:00:00,,,,,,,,,,,,,19.667499542236328,93.0,1016.2999877929688,18.50345230102539,0.0,7.594208240509033,328.57049560546875,0.0299999993294477,20.817501068115234,0.2300000041723251
1782889200000,2026-07-01 07:00:00,,,,,,,,,,,,,19.61750030517578,93.0,1016.9000244140624,18.453895568847656,0.4000000059604645,7.636752605438232,315.0000915527344,0.0399999991059303,20.817501068115234,0.2290000021457672
1782891973047,2026-07-01 07:46:13,45.11,36.3,34.29,,,,351.82,309.8,284.06,100.0,-112.0,-8.8,,,,,,,,,,
1782892800000,2026-07-01 08:00:00,,,,,,,,,,,,,19.36750030517578,94.0,1017.0999755859376,18.37661933898925,2.200000047683716,11.792404174804688,328.736328125,0.0599999986588954,20.717500686645508,0.231000006198883
1782896400000,2026-07-01 09:00:00,,,,,,,,,,,,,19.417499542236328,92.0,1017.2000122070312,18.08346366882324,2.0,13.52757167816162,334.7989196777344,0.0900000035762786,20.61750030517578,0.2469999939203262
1782900000000,2026-07-01 10:00:00,,,,,,,,,,,,,19.317501068115234,91.0,1017.7999877929688,17.810758590698242,0.1000000014901161,10.99032211303711,328.3925476074219,0.0900000035762786,20.567501068115234,0.2660000026226043
1782903600000,2026-07-01 11:00:00,,,,,,,,,,,,,19.817501068115234,87.0,1017.9000244140624,17.590240478515625,0.5,11.17740535736084,345.06854248046875,0.1099999994039535,20.51749992370605,0.2739999890327453
1782907200000,2026-07-01 12:00:00,,,,,,,,,,,,,20.61750030517578,80.0,1018.4000244140624,17.045320510864258,0.0,11.384199142456056,341.56494140625,0.2100000232458114,20.817501068115234,0.277999997138977
1782910800000,2026-07-01 13:00:00,,,,,,,,,,,,,21.36750030517578,68.0,1018.2999877929688,15.2195463180542,0.0,13.378250122070312,336.19403076171875,0.3100000023841858,21.26749992370605,0.2770000100135803
1782914400000,2026-07-01 14:00:00,,,,,,,,,,,,,21.167499542236328,68.0,1018.2000122070312,15.028736114501951,0.0,12.43433952331543,337.8905029296875,0.2900000214576721,21.417499542236328,0.2759999930858612
1782918000000,2026-07-01 15:00:00,,,,,,,,,,,,,21.26749992370605,60.0,1018.2000122070312,13.191293716430664,0.0,10.89557647705078,352.4054260253906,0.2599999904632568,21.467500686645508,0.2730000019073486
1782921600000,2026-07-01 16:00:00,,,,,,,,,,,,,21.26749992370605,61.0,1018.0,13.444889068603516,0.0,7.771330833435059,346.60748291015625,0.1700000017881393,21.36750030517578,0.2709999978542328
1782925200000,2026-07-01 17:00:00,,,,,,,,,,,,,21.01749992370605,68.0,1018.5,14.885623931884766,0.0,7.56856632232666,334.65386962890625,0.1299999952316284,21.36750030517578,0.2689999938011169
1782928800000,2026-07-01 18:00:00,,,,,,,,,,,,,20.61750030517578,72.0,1018.7999877929688,15.39208984375,0.0,7.704335689544678,307.4054260253906,0.0599999986588954,21.11750030517578,0.2669999897480011
1782932400000,2026-07-01 19:00:00,,,,,,,,,,,,,19.01749992370605,89.0,1019.2000122070312,17.162460327148438,0.0,10.18869972229004,302.0053405761719,0.0299999993294477,20.76749992370605,0.2660000026226043
1782935158766,2026-07-01 19:45:58,44.95,36.98,34.51,,,,351.32,310.49,284.23,100.0,-122.0,-13.2,,,,,,,,,,
1782936000000,2026-07-01 20:00:00,,,,,,,,,,,,,18.26749992370605,90.0,1019.5,16.59874725341797,0.0,8.20926284790039,322.1249389648437,0.0099999997764825,20.26749992370605,0.2639999985694885
1782939600000,2026-07-01 21:00:00,,,,,,,,,,,,,17.517499923706055,94.0,1019.4000244140624,16.540517807006836,0.0,5.600285530090332,315.0000915527344,0.0099999997764825,19.76749992370605,0.2630000114440918
1782943200000,2026-07-01 22:00:00,,,,,,,,,,,,,17.017499923706055,95.0,1019.5999755859376,16.210187911987305,0.0,6.130578517913818,310.2362976074219,0.0,19.317501068115234,0.2619999945163727
1782946800000,2026-07-01 23:00:00,,,,,,,,,,,,,16.3174991607666,96.0,1019.7000122070312,15.678040504455566,0.0,4.33497428894043,311.6334533691406,0.0,18.817501068115234,0.2610000073909759
1782949548132,2026-07-01 23:45:48,,,,21.07,21.43,19.79,,,,100.0,-122.0,-12.5,,,,,,,,,,
1782949553680,2026-07-01 23:45:53,44.95,37.14,34.55,,,,351.32,310.66,284.26,100.0,-114.0,-12.8,,,,,,,,,,
1782950400000,2026-07-02 00:00:00,,,,,,,,,,,,,16.217500686645508,94.0,1020.5999755859376,15.250221252441406,0.0,4.198285102844238,329.03631591796875,0.0,18.26749992370605,0.270000010728836
1782954000000,2026-07-02 01:00:00,,,,,,,,,,,,,16.3174991607666,93.0,1020.2000122070312,15.182886123657228,0.0,3.545588731765747,336.0375061035156,0.0,17.917499542236328,0.2689999938011169
1782957600000,2026-07-02 02:00:00,,,,,,,,,,,,,16.467500686645508,90.0,1019.5999755859376,14.821584701538086,0.0,5.351784706115723,317.72637939453125,0.0,17.717500686645508,0.2669999897480011
1782961200000,2026-07-02 03:00:00,,,,,,,,,,,,,15.817500114440918,92.0,1020.2000122070312,14.519718170166016,0.0,7.145795822143555,319.085693359375,0.0,17.467500686645508,0.2660000026226043
1782964800000,2026-07-02 04:00:00,,,,,,,,,,,,,15.967500686645508,92.0,1020.7000122070312,14.668214797973633,0.0,7.9932966232299805,324.1622619628906,0.0099999997764825,17.36750030517578,0.2649999856948852
1782968400000,2026-07-02 05:00:00,,,,,,,,,,,,,16.61750030517578,91.0,1021.2999877929688,15.141521453857422,0.0,7.199999809265137,306.8699645996094,0.0399999991059303,17.61750030517578,0.2639999985694885
1782972000000,2026-07-02 06:00:00,,,,,,,,,,,,,17.61750030517578,86.0,1021.2999877929688,15.247037887573242,0.0,9.65981388092041,296.5649719238281,0.1000000089406967,18.067501068115234,0.2630000114440918
1782975600000,2026-07-02 07:00:00,,,,,,,,,,,,,19.217500686645508,81.0,1021.0,15.87716579437256,0.0,9.65981388092041,296.5649719238281,0.1899999976158142,18.86750030517578,0.2619999945163727
1782979200000,2026-07-02 08:00:00,,,,,,,,,,,,,20.86750030517578,73.0,1020.5999755859376,15.84791088104248,0.0,9.693296432495115,291.8014831542969,0.270000010728836,19.86750030517578,0.2599999904632568
1782982800000,2026-07-02 09:00:00,,,,,,,,,,,,,22.26749992370605,61.0,1020.2999877929688,14.386466026306152,0.0,11.17740535736084,284.93145751953125,0.3300000131130218,20.917499542236328,0.2590000033378601
1782986400000,2026-07-02 10:00:00,,,,,,,,,,,,,23.51749992370605,54.0,1020.0,13.674089431762695,0.0,11.440978050231934,282.724365234375,0.3199999928474426,21.61750030517578,0.2569999992847442
1782990000000,2026-07-02 11:00:00,,,,,,,,,,,,,24.717500686645508,48.0,1019.5,12.971961975097656,0.0,12.245293617248535,271.68463134765625,0.3199999928474426,22.317501068115234,0.2549999952316284
1782992736913,2026-07-02 11:45:36,,,,20.65,19.79,19.79,,,,100.0,-121.0,-14.2,,,,,,,,,,
1782993600000,2026-07-02 12:00:00,,,,,,,,,,,,,25.067501068115234,43.0,1019.0999755859376,11.615639686584473,0.0,12.245293617248535,271.68463134765625,0.3300000131130218,23.167499542236328,0.2540000081062317
1782997200000,2026-07-02 13:00:00,,,,,,,,,,,,,26.26749992370605,36.0,1018.5,10.013631820678713,0.0,11.43531322479248,241.82150268554688,0.3199999928474426,23.717500686645508,0.2520000040531158
1783000800000,2026-07-02 14:00:00,,,,,,,,,,,,,26.51749992370605,34.0,1018.0,9.381270408630373,0.0,11.525623321533203,268.2101135253906,0.3100000023841858,24.217500686645508,0.25
1783004400000,2026-07-02 15:00:00,,,,,,,,,,,,,26.417499542236328,35.0,1017.4000244140624,9.725192070007324,0.0,11.841755867004396,289.5367431640625,0.2800000309944153,24.417499542236328,0.2479999959468841
1783008000000,2026-07-02 16:00:00,,,,,,,,,,,,,26.61750030517578,36.0,1017.0,10.32263469696045,0.0,12.661563873291016,284.8265075683594,0.25,24.417499542236328,0.2469999939203262
1783011600000,2026-07-02 17:00:00,,,,,,,,,,,,,26.01749992370605,40.0,1016.7999877929688,11.375033378601074,0.0,10.82995891571045,285.4222106933594,0.1700000017881393,24.217500686645508,0.2450000047683715
1783015200000,2026-07-02 18:00:00,,,,,,,,,,,,,25.11750030517578,41.0,1016.7000122070312,10.941482543945312,0.0,6.519876956939697,263.659912109375,0.0900000035762786,23.76749992370605,0.2440000027418136
1783018800000,2026-07-02 19:00:00,,,,,,,,,,,,,23.567501068115234,50.0,1016.7000122070312,12.54144287109375,0.0,3.5999999046325684,270.0,0.0399999991059303,23.01749992370605,0.2440000027418136
1783022400000,2026-07-02 20:00:00,,,,,,,,,,,,,22.317501068115234,57.0,1017.0999755859376,13.38818073272705,0.0,4.104631423950195,285.2551574707031,0.0199999995529651,22.11750030517578,0.2430000007152557
1783026000000,2026-07-02 21:00:00,,,,,,,,,,,,,21.01749992370605,62.0,1018.2999877929688,13.458965301513672,0.0,13.32486343383789,321.5819091796875,0.0399999991059303,21.667499542236328,0.2419999986886978
1783029600000,2026-07-02 22:00:00,,,,,,,,,,,,,20.26749992370605,69.0,1019.0,14.395668983459473,0.0,11.525623321533203,308.6598205566406,0.0399999991059303,21.26749992370605,0.2419999986886978
1783033200000,2026-07-02 23:00:00,,,,,,,,,,,,,19.667499542236328,74.0,1019.5999755859376,14.904182434082031,0.0,11.753875732421877,310.0302124023437,0.0299999993294477,20.917499542236328,0.2409999966621399
1783035925674,2026-07-02 23:45:25,,,,20.62,19.63,19.48,,,,100.0,-121.0,-10.8,,,,,,,,,,
1783035931261,2026-07-02 23:45:31,43.89,37.01,34.07,,,,348.15,310.52,283.89,100.0,-121.0,-9.5,,,,,,,,,,
1783036800000,2026-07-03 00:00:00,,,,,,,,,,,,,17.567501068115234,89.0,1020.5,15.73285961151123,0.0,14.399999618530272,306.8699645996094,0.0599999986588954,20.217500686645508,0.2430000007152557
1783040400000,2026-07-03 01:00:00,,,,,,,,,,,,,16.86750030517578,84.0,1020.7000122070312,14.146737098693848,0.0,16.29174041748047,315.0000915527344,0.0599999986588954,19.717500686645508,0.2430000007152557
1783044000000,2026-07-03 02:00:00,,,,,,,,,,,,,15.717500686645508,82.0,1020.7999877929688,12.652313232421877,0.0,14.79945945739746,311.0547180175781,0.0799999982118606,19.067501068115234,0.2430000007152557
1783047600000,2026-07-03 03:00:00,,,,,,,,,,,,,14.767499923706056,83.0,1021.5,11.908443450927734,0.0,13.830748558044434,308.6598205566406,0.0799999982118606,18.417499542236328,0.2430000007152557
1783050328948,2026-07-03 03:45:28,43.83,37.01,34.07,,,,347.99,310.52,283.89,100.0,-113.0,-12.5,,,,,,,,,,
1783051200000,2026-07-03 04:00:00,,,,,,,,,,,,,14.467500686645508,84.0,1022.4000244140624,11.796493530273438,0.0,12.101570129394531,300.3790588378906,0.0599999986588954,17.917499542236328,0.2430000007152557
1783054800000,2026-07-03 05:00:00,,,,,,,,,,,,,14.36750030517578,84.0,1023.0999755859376,11.698556900024414,0.0,11.681986808776855,303.6900939941406,0.1000000089406967,17.667499542236328,0.2430000007152557
1783058400000,2026-07-03 06:00:00,,,,,,,,,,,,,15.11750030517578,79.0,1023.4000244140624,11.501429557800291,0.0,13.77911376953125,303.27490234375,0.1700000017881393,17.717500686645508,0.2419999986886978
1783062000000,2026-07-03 07:00:00,,,,,,,,,,,,,16.167499542236328,70.0,1023.2000122070312,10.691201210021973,0.0,17.429353713989258,308.2901916503906,0.2599999904632568,17.967500686645508,0.2409999966621399
1783064725243,2026-07-03 07:45:25,43.69,36.98,33.99,,,,347.59,310.49,283.83,100.0,-113.0,-13.2,,,,,,,,,,
1783065600000,2026-07-03 08:00:00,,,,,,,,,,,,,17.36750030517578,66.0,1023.0999755859376,10.951664924621582,0.0,17.373497009277344,304.0193786621094,0.3100000023841858,18.36750030517578,0.2409999966621399
1783069200000,2026-07-03 09:00:00,,,,,,,,,,,,,18.26749992370605,54.0,1022.9000244140624,8.801129341125488,0.0,18.35999870300293,298.0723876953125,0.3700000345706939,18.967500686645508,0.238999992609024
1783072800000,2026-07-03 10:00:00,,,,,,,,,,,,,19.317501068115234,52.0,1023.2000122070312,9.214409828186035,0.0,18.19336128234864,297.0719909667969,0.3600000143051147,19.417499542236328,0.2380000054836273
1783076400000,2026-07-03 11:00:00,,,,,,,,,,,,,18.817501068115234,48.0,1023.2000122070312,7.57301664352417,0.0,16.279802322387695,305.09588623046875,0.3600000143051147,19.817501068115234,0.2370000034570694
1783079114459,2026-07-03 11:45:14,,,,20.33,20.62,19.79,,,,100.0,-116.0,-15.2,,,,,,,,,,
1783080000000,2026-07-03 12:00:00,,,,,,,,,,,,,20.717500686645508,46.0,1023.0,8.681666374206543,0.0,18.08977508544922,301.15924072265625,0.3799999952316284,20.01749992370605,0.2360000014305114
1783083600000,2026-07-03 13:00:00,,,,,,,,,,,,,20.61750030517578,47.0,1022.9000244140624,8.908884048461914,0.0,18.05750846862793,293.4985656738281,0.3300000131130218,20.317501068115234,0.2339999973773956
1783087200000,2026-07-03 14:00:00,,,,,,,,,,,,,21.067501068115234,46.0,1022.5999755859376,9.000435829162598,0.0,16.981164932250977,291.1247863769531,0.2900000214576721,20.567501068115234,0.2329999953508377
1783090800000,2026-07-03 15:00:00,,,,,,,,,,,,,21.317501068115234,45.0,1022.4000244140624,8.901994705200195,0.0,16.78156089782715,292.7144470214844,0.2900000214576721,20.717500686645508,0.2319999933242797
1783093510798,2026-07-03 15:45:10,,,,20.14,20.49,18.7,,,,100.0,-114.0,-12.5,,,,,,,,,,
1783094400000,2026-07-03 16:00:00,,,,,,,,,,,,,21.317501068115234,47.0,1022.0999755859376,9.548017501831056,0.0,15.175612449645996,292.3062438964844,0.25,20.717500686645508,0.231000006198883
1783098000000,2026-07-03 17:00:00,,,,,,,,,,,,,20.967500686645508,48.0,1022.0999755859376,9.541635513305664,0.0,14.332340240478516,295.2776794433594,0.2000000178813934,20.61750030517578,0.2300000041723251
1783101600000,2026-07-03 18:00:00,,,,,,,,,,,,,20.26749992370605,50.0,1022.0999755859376,9.507201194763184,0.0,11.592894554138184,295.7692565917969,0.1299999952316284,20.36750030517578,0.2290000021457672
1783105200000,2026-07-03 19:00:00,,,,,,,,,,,,,18.417499542236328,62.0,1022.4000244140624,11.004990577697754,0.0,5.634891033172607,296.5649719238281,0.0599999986588954,19.717500686645508,0.2280000001192093
1783108800000,2026-07-03 20:00:00,,,,,,,,,,,,,16.917499542236328,67.0,1022.7000122070312,10.74945831298828,0.0,5.191993713378906,303.6900939941406,0.0299999993294477,18.76749992370605,0.2280000001192093
1783112400000,2026-07-03 21:00:00,,,,,,,,,,,,,16.0674991607666,72.0,1023.0,11.019158363342283,0.0,5.600285530090332,315.0000915527344,0.0299999993294477,18.01749992370605,0.2269999980926513
1783116000000,2026-07-03 22:00:00,,,,,,,,,,,,,15.417500495910645,73.0,1023.2999877929688,10.601202011108398,0.0,5.815978050231934,338.1985168457031,0.0199999995529651,17.417499542236328,0.2269999980926513
1783119600000,2026-07-03 23:00:00,,,,,,,,,,,,,14.667500495910645,78.0,1023.5,10.87205982208252,0.0,5.191993713378906,326.3099060058594,0.0199999995529651,16.917499542236328,0.2259999960660934
1783122303344,2026-07-03 23:45:03,,,,19.88,20.17,18.98,,,,100.0,-122.0,-13.0,,,,,,,,,,
1783123200000,2026-07-04 00:00:00,,,,,,,,,,,,,14.61750030517578,80.0,1023.7000122070312,11.205001831054688,0.0,5.991593837738037,327.2647705078125,0.0199999995529651,17.467500686645508,0.2280000001192093
1783126800000,2026-07-04 01:00:00,,,,,,,,,,,,,13.767499923706056,85.0,1024.4000244140625,11.289498329162598,0.0,5.495161056518555,328.3925476074219,0.0099999997764825,16.917499542236328,0.2280000001192093
1783130400000,2026-07-04 02:00:00,,,,,,,,,,,,,13.217500686645508,88.0,1024.5999755859375,11.272666931152344,0.0,4.693825721740723,327.5288391113281,0.0099999997764825,16.417499542236328,0.2280000001192093
1783134000000,2026-07-04 03:00:00,,,,,,,,,,,,,13.317500114440918,86.0,1024.5999755859375,11.02425765991211,0.0,5.600285530090332,315.0000915527344,0.0099999997764825,16.0674991607666,0.2280000001192093
1783137600000,2026-07-04 04:00:00,,,,,,,,,,,,,13.61750030517578,84.0,1024.5999755859375,10.964006423950195,0.0,7.145795822143555,310.9142761230469,0.0199999995529651,15.917500495910645,0.2280000001192093
1783141200000,2026-07-04 05:00:00,,,,,,,,,,,,,14.317500114440918,83.0,1024.5,11.468358993530272,0.0,8.089993476867676,302.275634765625,0.0399999991059303,16.0674991607666,0.2280000001192093
1783144800000,2026-07-04 06:00:00,,,,,,,,,,,,,15.267499923706056,75.0,1024.699951171875,10.862860679626465,0.0,13.044723510742188,297.9793701171875,0.1000000089406967,16.517499923706055,0.2269999980926513
1783148400000,2026-07-04 07:00:00,,,,,,,,,,,,,15.917500495910645,71.0,1024.800048828125,10.66461181640625,0.0,14.693999290466309,300.96368408203125,0.1500000059604644,16.917499542236328,0.2269999980926513
1783152000000,2026-07-04 08:00:00,,,,,,,,,,,,,16.767499923706055,64.0,1024.800048828125,9.920323371887209,0.0,17.414474487304688,299.7447814941406,0.2000000178813934,17.36750030517578,0.2259999960660934
1783155600000,2026-07-04 09:00:00,,,,,,,,,,,,,17.467500686645508,61.0,1024.4000244140625,9.864970207214355,0.0,16.595178604125977,294.341064453125,0.2300000041723251,17.817501068115234,0.2259999960660934
1783159200000,2026-07-04 10:00:00,,,,,,,,,,,,,17.917499542236328,57.0,1023.9000244140624,9.27702522277832,0.0,15.459053993225098,297.7584228515625,0.25,18.217500686645508,0.2249999940395355
1783162800000,2026-07-04 11:00:00,,,,,,,,,,,,,18.51749992370605,53.0,1023.7000122070312,8.756366729736328,0.0,18.21827507019043,299.6043395996094,0.270000010728836,18.717500686645508,0.2240000069141388
1783165499220,2026-07-04 11:44:59,42.51,35.95,33.13,,,,344.33,309.44,283.17,100.0,-112.0,-6.2,,,,,,,,,,
1783166400000,2026-07-04 12:00:00,,,,,,,,,,,,,19.01749992370605,50.0,1023.2999877929688,8.357054710388184,0.0,16.119800567626953,293.70263671875,0.2599999904632568,19.067501068115234,0.2230000048875808
1783170000000,2026-07-04 13:00:00,,,,,,,,,,,,,20.067501068115234,49.0,1022.9000244140624,9.02319622039795,0.0,15.89309310913086,283.0918884277344,0.2399999946355819,19.26749992370605,0.2230000048875808
1783173600000,2026-07-04 14:00:00,,,,,,,,,,,,,20.51749992370605,47.0,1022.7000122070312,8.81756591796875,0.0,16.450069427490234,293.1986083984375,0.2399999946355819,19.61750030517578,0.2220000028610229
1783177200000,2026-07-04 15:00:00,,,,,,,,,,,,,20.01749992370605,50.0,1022.2999877929688,9.277207374572754,0.0,15.876774787902832,302.96942138671875,0.2100000232458114,19.76749992370605,0.221000000834465
1783179888428,2026-07-04 15:44:48,,,,19.38,18.76,18.73,,,,100.0,-121.0,-12.2,,,,,,,,,,
1783179893973,2026-07-04 15:44:53,42.28,35.73,32.94,,,,343.71,309.21,283.02,100.0,-113.0,-13.0,,,,,,,,,,
1783180800000,2026-07-04 16:00:00,,,,,,,,,,,,,18.817501068115234,58.0,1022.2999877929688,10.378793716430664,0.0,14.345897674560549,287.5256652832031,0.1400000154972076,19.51749992370605,0.2199999988079071
1783184400000,2026-07-04 17:00:00,,,,,,,,,,,,,17.417499542236328,68.0,1022.4000244140624,11.449790954589844,0.2000000029802322,10.390226364135742,284.0362548828125,0.0799999982118606,18.917499542236328,0.2199999988079071
1783188000000,2026-07-04 18:00:00,,,,,,,,,,,,,16.61750030517578,79.0,1022.0,12.959583282470703,0.4000000059604645,7.208993911743164,272.8623352050781,0.0700000077486038,18.417499542236328,0.2199999988079071
1783191600000,2026-07-04 19:00:00,,,,,,,,,,,,,15.717500686645508,86.0,1021.5999755859376,13.381311416625977,1.0,3.396233081817627,237.99465942382807,0.0399999991059303,17.917499542236328,0.2199999988079071
1783194284744,2026-07-04 19:44:44,,,,19.29,19.82,18.95,,,,100.0,-113.0,-13.0,,,,,,,,,,
1783194291718,2026-07-04 19:44:51,42.22,35.61,32.87,,,,343.56,309.09,282.97,100.0,-122.0,-12.5,,,,,,,,,,
1783195200000,2026-07-04 20:00:00,,,,,,,,,,,,,15.36750030517578,89.0,1021.0999755859376,13.5635986328125,1.0,1.4843180179595947,104.03627014160156,0.0099999997764825,17.467500686645508,0.221000000834465
1783198800000,2026-07-04 21:00:00,,,,,,,,,,,,,15.267499923706056,91.0,1021.0999755859376,13.806787490844728,3.0,2.4149534702301025,296.5649719238281,0.0099999997764825,17.11750030517578,0.2319999933242797
1783202400000,2026-07-04 22:00:00,,,,,,,,,,,,,14.967500686645508,95.0,1020.7000122070312,14.172844886779783,0.800000011920929,1.1384198665618896,161.56495666503906,0.0099999997764825,16.917499542236328,0.2610000073909759
1783206000000,2026-07-04 23:00:00,,,,,,,,,,,,,15.267499923706056,90.0,1020.0999755859376,13.636723518371582,0.0,0.8049845099449158,26.564985275268555,0.0,16.667499542236328,0.2730000019073486
1783208680976,2026-07-04 23:44:40,,,,19.23,18.73,17.94,,,,100.0,-113.0,-7.8,,,,,,,,,,
1783208686617,2026-07-04 23:44:46,42.17,35.53,32.79,,,,343.43,309.0,282.91,100.0,-121.0,-9.8,,,,,,,,,,
1783209600000,2026-07-05 00:00:00,,,,,,,,,,,,,16.517499923706055,89.0,1019.2999877929688,14.697562217712402,0.1000000014901161,6.877789497375488,312.87890625,0.0299999993294477,16.967500686645508,0.2319999933242797
1783213200000,2026-07-05 01:00:00,,,,,,,,,,,,,16.467500686645508,88.0,1019.4000244140624,14.47321605682373,0.0,10.691452980041504,315.0000915527344,0.0299999993294477,17.017499923706055,0.2329999953508377
1783216800000,2026-07-05 02:00:00,,,,,,,,,,,,,16.167499542236328,90.0,1019.2000122070312,14.525375366210938,0.0,6.92473840713501,297.8971862792969,0.0399999991059303,16.967500686645508,0.2339999973773956
1783220400000,2026-07-05 03:00:00,,,,,,,,,,,,,16.0674991607666,92.0,1019.0,14.767215728759766,0.2000000029802322,4.896529197692871,287.1028137207031,0.0199999995529651,16.917499542236328,0.2349999994039535
1783223077323,2026-07-05 03:44:37,,,,19.1,19.51,18.64,,,,100.0,-121.0,-9.8,,,,,,,,,,
1783223084209,2026-07-05 03:44:44,42.13,35.47,32.75,,,,343.34,308.94,282.88,100.0,-122.0,-9.0,,,,,,,,,,
1783224000000,2026-07-05 04:00:00,,,,,,,,,,,,,16.167499542236328,91.0,1018.5,14.696619033813477,0.1000000014901161,5.804825305938721,299.7447814941406,0.0199999995529651,16.86750030517578,0.2360000014305114
1783227600000,2026-07-05 05:00:00,,,,,,,,,,,,,16.267499923706055,90.0,1018.5,14.624113082885742,0.2000000029802322,7.244860172271728,296.5649719238281,0.0299999993294477,16.86750030517578,0.2370000034570694
1783231200000,2026-07-05 06:00:00,,,,,,,,,,,,,16.36750030517578,93.0,1018.4000244140624,15.232451438903809,0.2000000029802322,5.771238803863525,266.4237365722656,0.0299999993294477,16.917499542236328,0.2380000054836273
1783234800000,2026-07-05 07:00:00,,,,,,,,,,,,,16.967500686645508,87.0,1018.2999877929688,14.788073539733888,0.2000000029802322,8.759178161621094,279.4622497558594,0.0700000077486038,17.067501068115234,0.238999992609024
1783237473542,2026-07-05 07:44:33,,,,19.07,19.32,18.49,,,,100.0,-122.0,-9.5,,,,,,,,,,
1783237480488,2026-07-05 07:44:40,42.1,35.41,32.68,,,,343.25,308.88,282.82,100.0,-112.0,-8.2,,,,,,,,,,
1783238400000,2026-07-05 08:00:00,,,,,,,,,,,,,17.36750030517578,87.0,1018.0,15.181392669677734,0.5,11.65977668762207,278.8805847167969,0.1000000089406967,17.267499923706055,0.2409999966621399
1783242000000,2026-07-05 09:00:00,,,,,,,,,,,,,18.217500686645508,84.0,1017.9000244140624,15.468548774719238,0.2000000029802322,13.084402084350586,277.9070739746094,0.1299999952316284,17.417499542236328,0.2430000007152557
1783245600000,2026-07-05 10:00:00,,,,,,,,,,,,,17.917499542236328,84.0,1018.0999755859376,15.174824714660645,0.1000000014901161,13.708391189575195,283.6713256835937,0.1500000059604644,17.61750030517578,0.2460000067949295
1783249200000,2026-07-05 11:00:00,,,,,,,,,,,,,18.917499542236328,80.0,1017.9000244140624,15.390928268432615,0.0,15.111424446105955,282.3807373046875,0.2000000178813934,17.86750030517578,0.2469999939203262
1783252800000,2026-07-05 12:00:00,,,,,,,,,,,,,20.167499542236328,74.0,1017.7999877929688,15.386198043823242,0.0,15.315873146057127,293.5522766113281,0.2900000214576721,18.417499542236328,0.2479999959468841
1783256400000,2026-07-05 13:00:00,,,,,,,,,,,,,21.667499542236328,66.0,1017.2999877929688,15.040727615356444,0.0,14.70722198486328,291.5410461425781,0.4000000357627868,19.167499542236328,0.2469999939203262
1783260000000,2026-07-05 14:00:00,,,,,,,,,,,,,21.417499542236328,61.0,1017.2000122070312,13.586137771606444,0.0,15.484185218811035,287.5924987792969,0.3199999928474426,19.51749992370605,0.2469999939203262
1783263600000,2026-07-05 15:00:00,,,,,,,,,,,,,21.36750030517578,61.0,1017.2999877929688,13.539055824279783,0.0,15.59676742553711,288.8532409667969,0.2800000309944153,19.667499542236328,0.2450000047683715
1783267200000,2026-07-05 16:00:00,,,,,,,,,,,,,20.917499542236328,62.0,1017.2000122070312,13.364606857299805,0.0,14.118243217468262,289.35906982421875,0.1899999976158142,19.667499542236328,0.2440000027418136
1783270800000,2026-07-05 17:00:00,,,,,,,,,,,,,20.51749992370605,67.0,1017.2000122070312,14.179524421691896,0.0,14.118243217468262,289.35906982421875,0.1299999952316284,19.567501068115234,0.2440000027418136
1783274400000,2026-07-05 18:00:00,,,,,,,,,,,,,19.51749992370605,68.0,1017.2000122070312,13.454290390014648,0.0,12.0693998336792,287.3540954589844,0.0799999982118606,19.36750030517578,0.2430000007152557
1783278000000,2026-07-05 19:00:00,,,,,,,,,,,,,18.217500686645508,76.0,1017.5,13.916553497314451,0.0,8.404284477233887,279.8657531738281,0.0500000044703483,18.967500686645508,0.2419999986886978
1783280669415,2026-07-05 19:44:29,41.7,34.98,32.34,,,,342.23,308.44,282.56,100.0,-122.0,-13.8,,,,,,,,,,
1783281600000,2026-07-05 20:00:00,,,,,,,,,,,,,17.517499923706055,81.0,1017.5999755859376,14.220060348510742,0.0,7.862518310546875,285.9454650878906,0.0299999993294477,18.467500686645508,0.2419999986886978
1783285200000,2026-07-05 21:00:00,,,,,,,,,,,,,17.167499542236328,86.0,1017.7999877929688,14.80517578125,0.0,6.287129878997803,293.62939453125,0.0199999995529651,18.11750030517578,0.2409999966621399
1783288800000,2026-07-05 22:00:00,,,,,,,,,,,,,17.217500686645508,88.0,1017.7999877929688,15.211714744567873,0.0,7.091177463531494,293.9624938964844,0.0099999997764825,17.817501068115234,0.2409999966621399
1783292400000,2026-07-05 23:00:00,,,,,,,,,,,,,17.11750030517578,87.0,1017.7999877929688,14.93557071685791,0.0,9.983105659484863,295.6409606933594,0.0199999995529651,17.717500686645508,0.2399999946355819
1783295058662,2026-07-05 23:44:18,,,,18.95,18.33,18.37,,,,100.0,-121.0,-13.8,,,,,,,,,,
1783296000000,2026-07-06 00:00:00,,,,,,,,,,,,,17.917499542236328,89.0,1017.5999755859376,16.07794761657715,0.1000000014901161,9.339207649230955,297.552734375,0.0199999995529651,18.567501068115234,0.2430000007152557
1783299600000,2026-07-06 01:00:00,,,,,,,,,,,,,17.517499923706055,90.0,1017.5,15.858283996582031,0.0,9.6932954788208,285.06854248046875,0.0199999995529651,18.36750030517578,0.2430000007152557
1783303200000,2026-07-06 02:00:00,,,,,,,,,,,,,17.217500686645508,89.0,1017.5,15.387765884399414,0.0,12.101570129394531,300.3790588378906,0.0199999995529651,18.217500686645508,0.2419999986886978
1783306800000,2026-07-06 03:00:00,,,,,,,,,,,,,16.61750030517578,90.0,1017.2999877929688,14.969688415527344,0.0,10.086426734924316,304.8245544433594,0.0199999995529651,17.967500686645508,0.2419999986886978
1783309454915,2026-07-06 03:44:14,,,,18.98,18.52,18.37,,,,100.0,-113.0,-12.2,,,,,,,,,,
1783310400000,2026-07-06 04:00:00,,,,,,,,,,,,,16.61750030517578,88.0,1017.2000122070312,14.620919227600098,0.0,11.43531322479248,298.1784973144531,0.0199999995529651,17.767499923706055,0.2419999986886978
1783314000000,2026-07-06 05:00:00,,,,,,,,,,,,,16.517499923706055,85.0,1017.2000122070312,13.986404418945312,0.0,10.495713233947754,292.1663818359375,0.0299999993294477,17.717500686645508,0.2409999966621399
1783317600000,2026-07-06 06:00:00,,,,,,,,,,,,,16.667499542236328,86.0,1017.0999755859376,14.314205169677734,0.0,8.66994857788086,274.7635498046875,0.0500000044703483,17.667499542236328,0.2409999966621399
1783321200000,2026-07-06 07:00:00,,,,,,,,,,,,,16.967500686645508,84.0,1017.4000244140624,14.244650840759276,0.0,11.792404174804688,282.3390808105469,0.0599999986588954,17.667499542236328,0.2409999966621399
1783323851188,2026-07-06 07:44:11,,,,18.92,18.18,18.18,,,,100.0,-114.0,-13.2,,,,,,,,,,
1783323858210,2026-07-06 07:44:18,41.62,34.84,32.23,,,,342.01,308.29,282.48,100.0,-121.0,-11.0,,,,,,,,,,
1783324800000,2026-07-06 08:00:00,,,,,,,,,,,,,17.217500686645508,82.0,1017.7000122070312,14.1168851852417,0.1000000014901161,10.661107063293455,281.6893310546875,0.0799999982118606,17.667499542236328,0.2399999946355819
1783328400000,2026-07-06 09:00:00,,,,,,,,,,,,,17.517499923706055,80.0,1017.5999755859376,14.028273582458496,0.0,12.496719360351562,281.63360595703125,0.1099999994039535,17.767499923706055,0.2399999946355819
1783332000000,2026-07-06 10:00:00,,,,,,,,,,,,,18.61750030517578,71.0,1017.4000244140624,13.255635261535645,0.0,16.750640869140625,278.6524658203125,0.2399999946355819,18.26749992370605,0.238999992609024
1783335600000,2026-07-06 11:00:00,,,,,,,,,,,,,18.467500686645508,71.0,1017.4000244140624,13.111717224121094,0.0,15.480000495910645,270.0,0.2300000041723251,18.567501068115234,0.2380000054836273
1783338247463,2026-07-06 11:44:07,,,,18.89,18.37,17.46,,,,100.0,-121.0,-11.8,,,,,,,,,,
1783338252979,2026-07-06 11:44:12,41.5,34.72,32.12,,,,341.7,308.17,282.39,100.0,-112.0,-8.2,,,,,,,,,,
1783339200000,2026-07-06 12:00:00,,,,,,,,,,,,,18.317501068115234,74.0,1017.2999877929688,13.602574348449709,0.1000000014901161,12.959999084472656,270.0,0.1800000071525573,18.51749992370605,0.2380000054836273
1783342800000,2026-07-06 13:00:00,,,,,,,,,,,,,18.11750030517578,79.0,1016.5999755859376,14.417499542236328,0.4000000059604645,6.6380720138549805,257.47119140625,0.1400000154972076,18.417499542236328,0.2370000034570694
1783346400000,2026-07-06 14:00:00,,,,,,,,,,,,,19.26749992370605,77.0,1015.5999755859376,15.135448455810549,0.2000000029802322,7.1003098487854,239.53453063964844,0.1700000017881393,18.51749992370605,0.2370000034570694
1783350000000,2026-07-06 15:00:00,,,,,,,,,,,,,19.417499542236328,78.0,1015.0999755859376,15.481924057006836,0.699999988079071,10.464797973632812,266.0549011230469,0.1099999994039535,18.567501068115234,0.2370000034570694
1783352643776,2026-07-06 15:44:03,,,,18.86,19.1,18.3,,,,100.0,-121.0,-8.8,,,,,,,,,,
1783352650765,2026-07-06 15:44:10,41.46,34.63,32.08,,,,341.61,308.08,282.36,100.0,-112.0,-8.5,,,,,,,,,,
1783353600000,2026-07-06 16:00:00,,,,,,,,,,,,,19.417499542236328,81.0,1014.5,16.072101593017578,0.800000011920929,6.569382667541504,260.5377502441406,0.0700000077486038,18.51749992370605,0.238999992609024
1783357200000,2026-07-06 17:00:00,,,,,,,,,,,,,19.817501068115234,78.0,1014.2000122070312,15.870010375976562,0.1000000014901161,7.695919990539551,280.78424072265625,0.0599999986588954,18.467500686645508,0.2419999986886978
1783360800000,2026-07-06 18:00:00,,,,,,,,,,,,,19.76749992370605,81.0,1014.0,16.413230895996094,0.1000000014901161,6.6380720138549805,282.52880859375,0.0399999991059303,18.467500686645508,0.2460000067949295
1783364400000,2026-07-06 19:00:00,,,,,,,,,,,,,19.01749992370605,86.0,1014.0999755859376,16.62162208557129,0.6000000238418579,7.235910415649414,275.71051025390625,0.0399999991059303,18.36750030517578,0.248999997973442
1783367039991,2026-07-06 19:43:59,,,,18.86,18.98,18.18,,,,100.0,-112.0,-5.8,,,,,,,,,,
1783367047011,2026-07-06 19:44:07,41.42,34.57,32.04,,,,341.52,308.02,282.33,100.0,-121.0,-9.2,,,,,,,,,,
1783368000000,2026-07-06 20:00:00,,,,,,,,,,,,,18.567501068115234,89.0,1014.0999755859376,16.71880531311035,0.3000000119209289,4.735060214996338,278.7460632324219,0.0299999993294477,18.26749992370605,0.2529999911785126
1783371600000,2026-07-06 21:00:00,,,,,,,,,,,,,18.51749992370605,89.0,1014.0999755859376,16.66950798034668,0.1000000014901161,4.452953815460205,284.0362548828125,0.0199999995529651,18.11750030517578,0.2560000121593475
1783375200000,2026-07-06 22:00:00,,,,,,,,,,,,,18.467500686645508,91.0,1014.0999755859376,16.970474243164062,0.2000000029802322,4.349896430969238,294.4439392089844,0.0199999995529651,18.067501068115234,0.2590000033378601
1783378800000,2026-07-06 23:00:00,,,,,,,,,,,,,18.317501068115234,92.0,1014.0,16.994592666625977,0.2000000029802322,3.826852560043335,311.1858215332031,0.0099999997764825,18.01749992370605,0.2610000073909759
1783381436344,2026-07-06 23:43:56,,,,18.86,18.49,18.27,,,,100.0,-121.0,-11.0,,,,,,,,,,
1783382400000,2026-07-07 00:00:00,,,,,,,,,,,,,18.51749992370605,85.0,1013.7999877929688,15.947443962097168,0.0,5.091168403625488,315.0000915527344,0.0099999997764825,18.36750030517578,0.2549999952316284
1783386000000,2026-07-07 01:00:00,,,,,,,,,,,,,18.067501068115234,86.0,1013.4000244140624,15.688884735107422,0.0,5.091168403625488,315.0000915527344,0.0099999997764825,18.01749992370605,0.2549999952316284
1783389600000,2026-07-07 02:00:00,,,,,,,,,,,,,17.917499542236328,82.0,1013.0999755859376,14.800286293029783,0.0,2.3051247596740723,308.6598205566406,0.0099999997764825,17.567501068115234,0.2540000081062317
1783393200000,2026-07-07 03:00:00,,,,,,,,,,,,,17.517499923706055,78.0,1012.5999755859376,13.638279914855955,0.0,1.0800000429153442,180.0,0.0,16.917499542236328,0.2540000081062317
1783395832574,2026-07-07 03:43:52,,,,18.86,18.95,18.09,,,,100.0,-121.0,-11.2,,,,,,,,,,
1783395838207,2026-07-07 03:43:58,41.4,34.52,32.0,,,,341.46,307.96,282.3,100.0,-122.0,-10.0,,,,,,,,,,
1783396800000,2026-07-07 04:00:00,,,,,,,,,,,,,18.167499542236328,75.0,1012.2000122070312,13.664265632629396,0.0,1.0800000429153442,360.0,0.0,16.667499542236328,0.2540000081062317
1783400400000,2026-07-07 05:00:00,,,,,,,,,,,,,18.667499542236328,78.0,1011.7999877929688,14.754218101501465,0.0,3.6712939739227295,348.6900939941406,0.0199999995529651,16.967500686645508,0.2540000081062317
1783404000000,2026-07-07 06:00:00,,,,,,,,,,,,,20.217500686645508,78.0,1011.5,16.258075714111328,0.0,0.8049845099449158,243.4350128173828,0.0799999982118606,17.61750030517578,0.2529999911785126
1783407600000,2026-07-07 07:00:00,,,,,,,,,,,,,20.86750030517578,73.0,1011.5,15.84791088104248,0.0,10.182336807250977,278.1300048828125,0.2300000041723251,18.417499542236328,0.2529999911785126
1783410228768,2026-07-07 07:43:48,,,,18.76,18.09,17.97,,,,100.0,-122.0,-14.2,,,,,,,,,,
1783411200000,2026-07-07 08:00:00,,,,,,,,,,,,,21.01749992370605,71.0,1011.5999755859376,15.557848930358888,0.0,13.556282043457031,280.71307373046875,0.3500000238418579,18.717500686645508,0.2520000040531158
1783414800000,2026-07-07 09:00:00,,,,,,,,,,,,,21.86750030517578,69.0,1011.2999877929688,15.924896240234377,0.0,11.96695327758789,276.9111328125,0.3900000154972076,19.067501068115234,0.2509999871253967
1783418400000,2026-07-07 10:00:00,,,,,,,,,,,,,22.36750030517578,60.0,1011.5,14.22496509552002,0.0,17.87355613708496,279.27252197265625,0.4700000584125519,19.667499542236328,0.25
1783422000000,2026-07-07 11:00:00,,,,,,,,,,,,,20.86750030517578,71.0,1012.0999755859376,15.413986206054688,0.3000000119209289,15.12428379058838,268.6361083984375,0.3300000131130218,19.467500686645508,0.248999997973442
1783425600000,2026-07-07 12:00:00,,,,,,,,,,,,,21.36750030517578,67.0,1011.5999755859376,14.989070892333984,0.0,14.79945945739746,274.1848449707031,0.3700000345706939,19.61750030517578,0.2479999959468841
1783429200000,2026-07-07 13:00:00,,,,,,,,,,,,,22.967500686645508,65.0,1010.9000244140624,16.036848068237305,0.0,10.446206092834473,268.0251159667969,0.3600000143051147,19.967500686645508,0.2469999939203262
1783432800000,2026-07-07 14:00:00,,,,,,,,,,,,,23.217500686645508,58.0,1010.4000244140624,14.497538566589355,0.0,13.281023025512695,302.8285522460937,0.3600000143051147,20.51749992370605,0.2460000067949295
1783436400000,2026-07-07 15:00:00,,,,,,,,,,,,,23.467500686645508,62.0,1009.5999755859376,15.770096778869627,0.0,10.99032211303711,301.6074523925781,0.2599999904632568,20.667499542236328,0.2450000047683715
1783440000000,2026-07-07 16:00:00,,,,,,,,,,,,,23.36750030517578,58.0,1009.2000122070312,14.637872695922852,0.0,14.79945945739746,288.4350280761719,0.2199999988079071,20.717500686645508,0.2440000027418136
1783443600000,2026-07-07 17:00:00,,,,,,,,,,,,,22.36750030517578,63.0,1008.9000244140624,14.981032371520996,0.0,9.44957160949707,287.7447509765625,0.1400000154972076,20.567501068115234,0.2430000007152557
1783447200000,2026-07-07 18:00:00,,,,,,,,,,,,,21.167499542236328,73.0,1008.9000244140624,16.136600494384766,0.0,5.815978050231934,338.1985168457031,0.0900000035762786,20.317501068115234,0.2419999986886978
1783450800000,2026-07-07 19:00:00,,,,,,,,,,,,,20.36750030517578,77.0,1008.7999877929688,16.20099639892578,0.0,4.6102495193481445,308.6598205566406,0.0399999991059303,19.86750030517578,0.2419999986886978
1783453424701,2026-07-07 19:43:44,40.83,33.83,31.44,,,,340.04,307.25,281.87,100.0,-122.0,-10.2,,,,,,,,,,
1783454400000,2026-07-07 20:00:00,,,,,,,,,,,,,19.86750030517578,78.0,1009.0999755859376,15.918519973754885,0.0,7.704335689544678,322.5945739746094,0.0299999993294477,19.36750030517578,0.2419999986886978
1783458000000,2026-07-07 21:00:00,,,,,,,,,,,,,19.36750030517578,79.0,1009.7000122070312,15.632248878479004,0.0,12.229406356811523,312.614013671875,0.0399999991059303,19.26749992370605,0.2409999966621399
1783461600000,2026-07-07 22:00:00,,,,,,,,,,,,,18.967500686645508,74.0,1010.2000122070312,14.229305267333984,0.0,17.87355613708496,304.33026123046875,0.0500000044703483,19.11750030517578,0.2409999966621399
1783465200000,2026-07-07 23:00:00,,,,,,,,,,,,,18.217500686645508,75.0,1010.5,13.71255588531494,0.0,19.29613494873047,306.6561889648437,0.0700000077486038,18.86750030517578,0.2409999966621399
1783467820960,2026-07-07 23:43:40,40.8,33.77,31.41,,,,339.98,307.19,281.85,100.0,-112.0,-3.2,,,,,,,,,,
1783468800000,2026-07-08 00:00:00,,,,,,,,,,,,,18.01749992370605,87.0,1010.2000122070312,15.820510864257812,0.0,12.313894271850586,307.8750305175781,0.0700000077486038,18.76749992370605,0.2560000121593475
1783472400000,2026-07-08 01:00:00,,,,,,,,,,,,,17.167499542236328,85.0,1010.7999877929688,14.623773574829102,0.4000000059604645,15.778515815734863,325.2221069335937,0.0700000077486038,18.567501068115234,0.2560000121593475
1783476000000,2026-07-08 02:00:00,,,,,,,,,,,,,15.667500495910645,83.0,1011.5999755859376,12.78856086730957,0.0,19.336389541625977,331.0491027832031,0.0900000035762786,18.217500686645508,0.2569999992847442
1783479600000,2026-07-08 03:00:00,,,,,,,,,,,,,14.817500114440918,84.0,1012.5,12.139267921447754,0.0,17.102840423583984,329.6568298339844,0.0799999982118606,17.667499542236328,0.2569999992847442
1783483200000,2026-07-08 04:00:00,,,,,,,,,,,,,13.967500686645508,86.0,1013.2000122070312,11.662664413452148,0.0,13.84947681427002,332.1028137207031,0.0700000077486038,17.167499542236328,0.2569999992847442
1783486800000,2026-07-08 05:00:00,,,,,,,,,,,,,13.967500686645508,77.0,1013.7000122070312,9.999476432800291,0.0,15.580141067504885,319.6859741210937,0.1099999994039535,16.817501068115234,0.2569999992847442
1783490400000,2026-07-08 06:00:00,,,,,,,,,,,,,14.267499923706056,76.0,1014.2999877929688,10.094587326049805,0.0,15.281989097595217,316.9091491699219,0.1899999976158142,16.717500686645508,0.2560000121593475
1783494000000,2026-07-08 07:00:00,,,,,,,,,,,,,14.567500114440918,73.0,1014.5999755859376,9.7825345993042,0.0,16.279802322387695,305.09588623046875,0.2100000232458114,16.817501068115234,0.2560000121593475
1783496613486,2026-07-08 07:43:33,40.64,33.56,31.26,,,,339.58,306.98,281.73,100.0,-121.0,-14.2,,,,,,,,,,
1783497600000,2026-07-08 08:00:00,,,,,,,,,,,,,15.667500495910645,65.0,1014.5999755859376,9.10733413696289,0.0,16.61079216003418,299.8988037109375,0.270000010728836,17.167499542236328,0.2549999952316284
1783501200000,2026-07-08 09:00:00,,,,,,,,,,,,,16.3174991607666,61.0,1015.0,8.780973434448242,0.0,17.429353713989258,308.2901916503906,0.270000010728836,17.467500686645508,0.2540000081062317
1783504800000,2026-07-08 10:00:00,,,,,,,,,,,,,17.36750030517578,59.0,1015.2000122070312,9.274300575256348,0.0,18.161277770996094,309.3692932128906,0.2900000214576721,17.86750030517578,0.2529999911785126
1783508400000,2026-07-08 11:00:00,,,,,,,,,,,,,18.717500686645508,52.0,1015.2000122070312,8.65967845916748,0.0,18.532135009765625,299.05450439453125,0.3400000035762787,18.51749992370605,0.2520000040531158
1783512000000,2026-07-08 12:00:00,,,,,,,,,,,,,20.067501068115234,47.0,1014.9000244140624,8.406601905822754,0.0,17.068706512451172,297.6458740234375,0.3799999952316284,19.317501068115234,0.2509999871253967
1783515600000,2026-07-08 13:00:00,,,,,,,,,,,,,20.467500686645508,49.0,1014.7999877929688,9.390295028686523,0.0,16.17998695373535,302.275634765625,0.3700000345706939,19.917499542236328,0.25
1783519200000,2026-07-08 14:00:00,,,,,,,,,,,,,20.76749992370605,48.0,1014.7999877929688,9.35856819152832,0.0,17.47762107849121,302.3806457519531,0.3400000035762787,20.317501068115234,0.248999997973442
1783522800000,2026-07-08 15:00:00,,,,,,,,,,,,,21.067501068115234,45.0,1014.5999755859376,8.674915313720703,0.0,15.844088554382324,291.3179931640625,0.3100000023841858,20.51749992370605,0.2479999959468841
1783525399093,2026-07-08 15:43:19,,,,18.73,18.61,17.91,,,,100.0,-122.0,-13.8,,,,,,,,,,
1783525404738,2026-07-08 15:43:24,40.21,33.11,30.88,,,,338.56,306.51,281.44,100.0,-113.0,-10.2,,,,,,,,,,
1783526400000,2026-07-08 16:00:00,,,,,,,,,,,,,20.567501068115234,50.0,1014.7000122070312,9.783170700073242,0.0,15.5301513671875,315.9390869140625,0.2599999904632568,20.417499542236328,0.2469999939203262
1783530000000,2026-07-08 17:00:00,,,,,,,,,,,,,20.01749992370605,52.0,1014.7999877929688,9.861468315124512,0.0,10.4399995803833,316.3970947265625,0.1800000071525573,20.067501068115234,0.2469999939203262
1783533600000,2026-07-08 18:00:00,,,,,,,,,,,,,19.11750030517578,56.0,1014.9000244140624,10.133580207824709,0.0,9.686609268188477,318.01287841796875,0.1199999973177909,19.717500686645508,0.2460000067949295
1783537200000,2026-07-08 19:00:00,,,,,,,,,,,,,17.86750030517578,63.0,1015.2000122070312,10.7260160446167,0.0,7.594208240509033,328.57049560546875,0.0700000077486038,19.067501068115234,0.2460000067949295
1783539795417,2026-07-08 19:43:15,,,,18.73,18.86,17.94,,,,100.0,-112.0,-10.5,,,,,,,,,,
1783539802290,2026-07-08 19:43:22,40.1,32.94,30.78,,,,338.31,306.33,281.36,100.0,-121.0,-14.8,,,,,,,,,,
1783540800000,2026-07-08 20:00:00,,,,,,,,,,,,,16.3174991607666,72.0,1015.5999755859376,11.259506225585938,0.0,5.495161056518555,328.3925476074219,0.0399999991059303,18.317501068115234,0.2460000067949295
1783544400000,2026-07-08 21:00:00,,,,,,,,,,,,,15.567500114440918,79.0,1015.7000122070312,11.938901901245115,0.0,5.623379707336426,320.1944885253906,0.0199999995529651,17.567501068115234,0.2460000067949295
1783548000000,2026-07-08 22:00:00,,,,,,,,,,,,,14.767499923706056,81.0,1015.7000122070312,11.538866996765137,0.0,5.315336227416992,331.6993408203125,0.0199999995529651,16.917499542236328,0.2460000067949295
1783551600000,2026-07-08 23:00:00,,,,,,,,,,,,,14.067500114440918,84.0,1015.7999877929688,11.404741287231444,0.0,6.193674087524414,324.4622497558594,0.0099999997764825,16.36750030517578,0.2460000067949295
1783554191581,2026-07-08 23:43:11,,,,18.73,18.86,18.06,,,,100.0,-122.0,-14.5,,,,,,,,,,
1783554197221,2026-07-08 23:43:17,40.08,32.85,30.7,,,,338.25,306.24,281.3,100.0,-121.0,-12.5,,,,,,,,,,
1783555200000,2026-07-09 00:00:00,,,,,,,,,,,,,15.517499923706056,70.0,1015.5999755859376,10.06834316253662,0.0,9.0,323.1300048828125,0.0199999995529651,17.967500686645508,0.2450000047683715
1783558800000,2026-07-09 01:00:00,,,,,,,,,,,,,14.717500686645508,69.0,1015.5,9.087946891784668,0.0,8.43506908416748,320.1944885253906,0.0199999995529651,17.36750030517578,0.2450000047683715
1783562400000,2026-07-09 02:00:00,,,,,,,,,,,,,13.817500114440918,71.0,1016.0,8.64861011505127,0.0,7.65370512008667,318.81414794921875,0.0199999995529651,16.767499923706055,0.2450000047683715
1783566000000,2026-07-09 03:00:00,,,,,,,,,,,,,13.267499923706056,72.0,1016.2000122070312,8.326637268066406,0.0,8.66994857788086,311.6334533691406,0.0199999995529651,16.267499923706055,0.2450000047683715
1783568587956,2026-07-09 03:43:07,,,,18.67,18.06,18.03,,,,100.0,-121.0,-13.0,,,,,,,,,,
1783568594883,2026-07-09 03:43:14,40.04,32.79,30.66,,,,338.16,306.18,281.27,100.0,-112.0,-9.8,,,,,,,,,,
1783569600000,2026-07-09 04:00:00,,,,,,,,,,,,,13.017499923706056,72.0,1016.4000244140624,8.08617877960205,0.0,8.287821769714355,304.3804016113281,0.0199999995529651,15.86750030517578,0.2450000047683715
1783573200000,2026-07-09 05:00:00,,,,,,,,,,,,,13.667500495910645,70.0,1016.5,8.295232772827148,0.0,9.983105659484863,295.6409606933594,0.0500000044703483,15.767499923706056,0.2440000027418136
1783576800000,2026-07-09 06:00:00,,,,,,,,,,,,,14.667500495910645,68.0,1016.5999755859376,8.823731422424316,0.0,13.202726364135742,295.8663024902344,0.1000000089406967,16.167499542236328,0.2440000027418136
1783580400000,2026-07-09 07:00:00,,,,,,,,,,,,,15.767499923706056,67.0,1016.9000244140624,9.653270721435549,0.0,13.708391189575195,293.1986083984375,0.1400000154972076,16.767499923706055,0.2440000027418136
1783584000000,2026-07-09 08:00:00,,,,,,,,,,,,,17.167499542236328,64.0,1016.7000122070312,10.299500465393066,0.0,13.708391189575195,293.1986083984375,0.1800000071525573,17.61750030517578,0.2430000007152557
1783587600000,2026-07-09 09:00:00,,,,,,,,,,,,,18.817501068115234,58.0,1016.5999755859376,10.378793716430664,0.0,14.658676147460938,294.6768493652344,0.2300000041723251,18.61750030517578,0.2419999986886978
1783591200000,2026-07-09 10:00:00,,,,,,,,,,,,,20.417499542236328,53.0,1016.4000244140624,10.516721725463867,0.0,15.459053993225098,297.7584228515625,0.2800000309944153,19.61750030517578,0.2409999966621399
1783594800000,2026-07-09 11:00:00,,,,,,,,,,,,,21.817501068115234,49.0,1016.4000244140624,10.628914833068848,0.0,16.43430519104004,298.8106994628906,0.2900000214576721,20.567501068115234,0.2399999946355819
1783598400000,2026-07-09 12:00:00,,,,,,,,,,,,,22.917499542236328,43.0,1016.2000122070312,9.675189971923828,0.0,16.485485076904297,301.6074523925781,0.2800000309944153,21.417499542236328,0.2399999946355819
1783602000000,2026-07-09 13:00:00,,,,,,,,,,,,,23.76749992370605,42.0,1015.9000244140624,10.09006404876709,0.0,15.778515815734863,304.77789306640625,0.2900000214576721,22.11750030517578,0.238999992609024
1783605600000,2026-07-09 14:00:00,,,,,,,,,,,,,24.167499542236328,40.0,1015.7000122070312,9.720293045043944,0.0,15.12428379058838,308.2338562011719,0.270000010728836,22.61750030517578,0.2380000054836273
1783609200000,2026-07-09 15:00:00,,,,,,,,,,,,,24.36750030517578,40.0,1015.5999755859376,9.899245262145996,0.0,13.89618682861328,323.4268798828125,0.25,22.86750030517578,0.2370000034570694
1783612800000,2026-07-09 16:00:00,,,,,,,,,,,,,23.967500686645508,39.0,1015.2999877929688,9.164817810058594,0.0,7.072877883911133,345.2563781738281,0.2000000178813934,22.717500686645508,0.2360000014305114
1783616400000,2026-07-09 17:00:00,,,,,,,,,,,,,23.567501068115234,42.0,1015.0999755859376,9.910038948059082,0.0,9.178235054016112,318.1799011230469,0.1599999964237213,22.417499542236328,0.2349999994039535
1783620000000,2026-07-09 18:00:00,,,,,,,,,,,,,22.467500686645508,45.0,1015.2000122070312,9.946294784545898,0.0,8.91318130493164,316.63653564453125,0.1099999994039535,21.967500686645508,0.2349999994039535
1783623600000,2026-07-09 19:00:00,,,,,,,,,,,,,20.61750030517578,51.0,1015.7999877929688,10.12511157989502,0.0,7.903619289398193,329.9314880371094,0.0599999986588954,21.167499542236328,0.2339999973773956
1783626173025,2026-07-09 19:42:53,,,,18.55,18.73,18.06,,,,100.0,-121.0,-14.5,,,,,,,,,,
1783626178561,2026-07-09 19:42:58,39.46,31.99,30.02,,,,336.84,305.35,280.78,100.0,-113.0,-10.8,,,,,,,,,,
1783627200000,2026-07-09 20:00:00,,,,,,,,,,,,,18.86750030517578,65.0,1016.2999877929688,12.146148681640623,0.0,6.792466163635254,327.9946594238281,0.0299999993294477,20.217500686645508,0.2339999973773956
1783630800000,2026-07-09 21:00:00,,,,,,,,,,,,,17.667499542236328,71.0,1016.5999755859376,12.34410285949707,0.0,5.959060192108154,334.9831237792969,0.0199999995529651,19.36750030517578,0.2339999973773956
1783634400000,2026-07-09 22:00:00,,,,,,,,,,,,,16.817501068115234,76.0,1016.9000244140624,12.562151908874512,0.0,6.439876079559326,333.4350280761719,0.0199999995529651,18.667499542236328,0.2339999973773956
1783638000000,2026-07-09 23:00:00,,,,,,,,,,,,,16.267499923706055,80.0,1017.0999755859376,12.81144905090332,0.0,6.119999885559082,331.9276123046875,0.0099999997764825,18.11750030517578,0.2329999953508377
1783640569251,2026-07-09 23:42:49,,,,18.58,18.27,17.88,,,,100.0,-122.0,-9.8,,,,,,,,,,
1783640574852,2026-07-09 23:42:54,39.44,31.96,30.0,,,,336.78,305.32,280.76,100.0,-113.0,-10.0,,,,,,,,,,
1783641600000,2026-07-10 00:00:00,,,,,,,,,,,,,14.217500686645508,91.0,1017.4000244140624,12.768604278564451,0.0,3.7585103511810303,343.3006896972656,0.0,16.3174991607666,0.2290000021457672
1783645200000,2026-07-10 01:00:00,,,,,,,,,,,,,13.767499923706056,91.0,1017.2999877929688,12.323655128479004,0.0,3.3190360069274902,347.47119140625,0.0,15.86750030517578,0.2290000021457672
1783648800000,2026-07-10 02:00:00,,,,,,,,,,,,,13.467500686645508,90.0,1017.2000122070312,11.85930061340332,0.0,1.938659191131592,338.1985168457031,0.0,15.317500114440918,0.2290000021457672
1783652400000,2026-07-10 03:00:00,,,,,,,,,,,,,13.067500114440918,90.0,1017.0999755859376,11.4642972946167,0.0,1.4399999380111694,360.0,0.0,14.767499923706056,0.2290000021457672
1783654965566,2026-07-10 03:42:45,,,,18.58,17.79,17.91,,,,100.0,-113.0,-9.8,,,,,,,,,,
1783654972511,2026-07-10 03:42:52,39.41,31.88,29.92,,,,336.72,305.24,280.7,100.0,-121.0,-13.0,,,,,,,,,,
1783656000000,2026-07-10 04:00:00,,,,,,,,,,,,,13.317500114440918,90.0,1017.2000122070312,11.711175918579102,0.0,1.8356469869613647,348.6900939941406,0.0,14.36750030517578,0.2290000021457672
1783659600000,2026-07-10 05:00:00,,,,,,,,,,,,,14.917500495910645,89.0,1017.2999877929688,13.119855880737305,0.0,2.0364675521850586,315.0000915527344,0.0099999997764825,14.767499923706056,0.2290000021457672
1783663200000,2026-07-10 06:00:00,,,,,,,,,,,,,16.717500686645508,81.0,1017.5,13.44014835357666,0.0,5.001279830932617,300.25634765625,0.0799999982118606,15.767499923706056,0.2290000021457672
1783666800000,2026-07-10 07:00:00,,,,,,,,,,,,,18.217500686645508,76.0,1017.2000122070312,13.916553497314451,0.0,6.7637858390808105,295.2010803222656,0.1400000154972076,16.817501068115234,0.2290000021457672
1783669361865,2026-07-10 07:42:41,,,,18.4,18.61,17.7,,,,100.0,-113.0,-11.2,,,,,,,,,,
1783670400000,2026-07-10 08:00:00,,,,,,,,,,,,,19.86750030517578,70.0,1017.2000122070312,14.235445022583008,0.0,8.37338638305664,295.4633178710937,0.2199999988079071,17.967500686645508,0.2280000001192093
1783674000000,2026-07-10 09:00:00,,,,,,,,,,,,,21.26749992370605,60.0,1017.0,13.191293716430664,0.0,9.885261535644531,303.1113586425781,0.2800000309944153,19.01749992370605,0.2280000001192093
1783677600000,2026-07-10 10:00:00,,,,,,,,,,,,,22.567501068115234,53.0,1016.9000244140624,12.50755500793457,0.0,10.99032211303711,301.6074523925781,0.3400000035762787,20.01749992370605,0.2269999980926513
1783681200000,2026-07-10 11:00:00,,,,,,,,,,,,,23.817501068115234,50.0,1016.5,12.771184921264648,0.0,11.298495292663574,300.65057373046875,0.3600000143051147,21.167499542236328,0.2259999960660934
1783684800000,2026-07-10 12:00:00,,,,,,,,,,,,,24.51749992370605,49.0,1016.4000244140624,13.1045503616333,0.0,10.739831924438477,309.55963134765625,0.3400000035762787,22.067501068115234,0.2249999940395355
1783688400000,2026-07-10 13:00:00,,,,,,,,,,,,,25.26749992370605,41.0,1016.2000122070312,11.07603931427002,0.0,10.23312282562256,320.7106018066406,0.3400000035762787,22.76749992370605,0.2240000069141388
1783692000000,2026-07-10 14:00:00,,,,,,,,,,,,,26.167499542236328,39.0,1016.0,11.126753807067873,0.0,10.464797019958496,310.8149719238281,0.3100000023841858,23.067501068115234,0.2230000048875808
1783695600000,2026-07-10 15:00:00,,,,,,,,,,,,,25.817501068115234,39.0,1015.7999877929688,10.81474781036377,0.0,10.685391426086426,302.6192321777344,0.3000000119209289,23.417499542236328,0.2230000048875808
1783698161408,2026-07-10 15:42:41,38.91,31.28,29.36,,,,335.61,304.62,280.27,100.0,-114.0,-14.2,,,,,,,,,,
1783699200000,2026-07-10 16:00:00,,,,,,,,,,,,,25.61750030517578,37.0,1015.9000244140624,9.84803581237793,0.0,10.00903606414795,322.3056945800781,0.2599999904632568,23.26749992370605,0.2220000028610229
1783702800000,2026-07-10 17:00:00,,,,,,,,,,,,,24.967500686645508,40.0,1016.0,10.436006546020508,0.0,9.726664543151855,357.8789367675781,0.1800000071525573,23.01749992370605,0.221000000834465
1783706400000,2026-07-10 18:00:00,,,,,,,,,,,,,23.567501068115234,42.0,1016.0,9.910038948059082,0.0,6.489992141723633,356.8202209472656,0.1199999973177909,22.51749992370605,0.221000000834465
1783710000000,2026-07-10 19:00:00,,,,,,,,,,,,,21.417499542236328,52.0,1016.2000122070312,11.155186653137209,0.0,6.162207126617432,6.709750175476074,0.0599999986588954,21.667499542236328,0.2199999988079071
1783713600000,2026-07-10 20:00:00,,,,,,,,,,,,,19.967500686645508,55.0,1016.5,10.655213356018066,0.0,6.569382667541504,9.462261199951172,0.0399999991059303,20.667499542236328,0.2199999988079071
1783717200000,2026-07-10 21:00:00,,,,,,,,,,,,,19.317501068115234,58.0,1017.0,10.847057342529297,0.0,7.2805495262146,8.530692100524902,0.0399999991059303,19.917499542236328,0.2199999988079071
1783720800000,2026-07-10 22:00:00,,,,,,,,,,,,,18.667499542236328,61.0,1017.7000122070312,10.995800971984863,0.0,8.714676856994629,38.29020690917969,0.0399999991059303,19.36750030517578,0.2199999988079071
1783724400000,2026-07-10 23:00:00,,,,,,,,,,,,,17.36750030517578,70.0,1018.4000244140624,11.840920448303224,0.0,2.189794540405273,9.462247848510742,0.0199999995529651,18.76749992370605,0.2199999988079071
1783728000000,2026-07-11 00:00:00,,,,,,,,,,,,,16.217500686645508,80.0,1017.4000244140624,12.762771606445312,0.0,5.241678714752197,15.945476531982422,0.0099999997764825,18.217500686645508,0.2160000056028366
1783731600000,2026-07-11 01:00:00,,,,,,,,,,,,,16.167499542236328,80.0,1018.0999755859376,12.71409511566162,0.0,5.001279830932617,30.25636100769043,0.0199999995529651,17.767499923706055,0.2160000056028366
1783735200000,2026-07-11 02:00:00,,,,,,,,,,,,,16.11750030517578,79.0,1018.4000244140624,12.47355842590332,0.0,4.680000305175781,22.619909286499023,0.0199999995529651,17.567501068115234,0.2160000056028366
1783738800000,2026-07-11 03:00:00,,,,,,,,,,,,,15.86750030517578,79.0,1018.7000122070312,12.230536460876465,0.0,4.452953815460205,14.036274909973145,0.0199999995529651,17.36750030517578,0.2160000056028366
1783742400000,2026-07-11 04:00:00,,,,,,,,,,,,,15.017499923706056,84.0,1019.0,12.335131645202637,0.0,4.896529197692871,17.102825164794922,0.0199999995529651,17.11750030517578,0.2160000056028366
1783746000000,2026-07-11 05:00:00,,,,,,,,,,,,,16.417499542236328,80.0,1019.2999877929688,12.957473754882812,0.0,3.7585103511810303,16.699325561523438,0.0500000044703483,17.067501068115234,0.2160000056028366
1783749600000,2026-07-11 06:00:00,,,,,,,,,,,,,17.567501068115234,73.0,1019.5999755859376,12.67149543762207,0.0,4.0249223709106445,10.304792404174805,0.1299999952316284,17.567501068115234,0.2160000056028366
1783753200000,2026-07-11 07:00:00,,,,,,,,,,,,,18.917499542236328,71.0,1019.7000122070312,13.54345989227295,0.0,4.680000305175781,337.3800964355469,0.2100000232458114,18.36750030517578,0.2160000056028366
1783755739501,2026-07-11 07:42:19,,,,18.82,18.27,18.03,,,,100.0,-113.0,-12.2,,,,,,,,,,
1783756800000,2026-07-11 08:00:00,,,,,,,,,,,,,20.667499542236328,65.0,1019.7000122070312,13.85464572906494,0.0,6.287129878997803,346.75946044921875,0.2900000214576721,19.317501068115234,0.2150000035762787
1783760400000,2026-07-11 09:00:00,,,,,,,,,,,,,21.61750030517578,58.0,1019.7999877929688,13.000328063964844,0.0,10.079999923706056,360.0,0.3600000143051147,20.26749992370605,0.2140000015497207
1783764000000,2026-07-11 10:00:00,,,,,,,,,,,,,22.61750030517578,53.0,1020.0,12.553837776184082,0.0,10.823972702026367,3.814009666442871,0.3400000035762787,20.817501068115234,0.2129999995231628
1783767600000,2026-07-11 11:00:00,,,,,,,,,,,,,23.417499542236328,48.0,1019.9000244140624,11.783260345458984,0.0,13.679999351501465,360.0,0.3600000143051147,21.467500686645508,0.2129999995231628
1783771200000,2026-07-11 12:00:00,,,,,,,,,,,,,24.317501068115234,46.0,1019.7999877929688,11.958575248718262,0.0,9.746630668640137,355.763671875,0.3600000143051147,21.967500686645508,0.2119999974966049
1783774800000,2026-07-11 13:00:00,,,,,,,,,,,,,24.667499542236328,44.0,1019.5999755859376,11.60227108001709,0.0,8.08999252319336,339.1454467773437,0.3300000131130218,22.317501068115234,0.210999995470047
1783778400000,2026-07-11 14:00:00,,,,,,,,,,,,,24.11750030517578,46.0,1019.5999755859376,11.776628494262695,0.0,10.80599880218506,358.09088134765625,0.2900000214576721,22.51749992370605,0.209999993443489
1783782000000,2026-07-11 15:00:00,,,,,,,,,,,,,24.817501068115234,43.0,1019.2000122070312,11.39008617401123,0.0,11.486200332641602,327.8042907714844,0.3000000119209289,22.667499542236328,0.2090000063180923
1783784541036,2026-07-11 15:42:21,38.32,30.45,28.62,,,,334.33,303.76,279.7,100.0,-113.0,-14.2,,,,,,,,,,
1783785600000,2026-07-11 16:00:00,,,,,,,,,,,,,24.51749992370605,42.0,1019.0999755859376,10.765045166015623,0.0,10.495713233947754,337.8335876464844,0.270000010728836,22.717500686645508,0.2080000042915344
1783789200000,2026-07-11 17:00:00,,,,,,,,,,,,,24.01749992370605,46.0,1019.0,11.68565273284912,0.0,6.489992141723633,340.55987548828125,0.1700000017881393,22.417499542236328,0.2080000042915344
1783792800000,2026-07-11 18:00:00,,,,,,,,,,,,,22.567501068115234,54.0,1019.0999755859376,12.792841911315918,0.0,4.896529674530029,36.02747344970703,0.1199999973177909,22.067501068115234,0.2070000022649765
1783796400000,2026-07-11 19:00:00,,,,,,,,,,,,,20.467500686645508,62.0,1019.2999877929688,12.939970016479492,0.0,5.014219284057617,21.03758811950684,0.0500000044703483,21.317501068115234,0.2070000022649765
1783800000000,2026-07-11 20:00:00,,,,,,,,,,,,,19.417499542236328,61.0,1019.7000122070312,11.702414512634276,0.0,7.412853240966797,29.05450820922852,0.0399999991059303,20.36750030517578,0.2070000022649765
1783803600000,2026-07-11 21:00:00,,,,,,,,,,,,,18.51749992370605,63.0,1020.0,11.3408784866333,0.0,7.289444923400879,32.90524673461914,0.0399999991059303,19.717500686645508,0.2060000002384185
1783807200000,2026-07-11 22:00:00,,,,,,,,,,,,,17.817501068115234,63.0,1020.4000244140624,10.678716659545898,0.0,5.804825305938721,29.74479484558105,0.0399999991059303,19.11750030517578,0.2060000002384185
1783810800000,2026-07-11 23:00:00,,,,,,,,,,,,,16.86750030517578,64.0,1020.9000244140624,10.01512050628662,0.0,6.725354194641113,15.524176597595217,0.0299999993294477,18.567501068115234,0.2060000002384185
1783813324623,2026-07-11 23:42:04,,,,19.1,18.89,17.82,,,,100.0,-121.0,-12.8,,,,,,,,,,
1783813330222,2026-07-11 23:42:10,38.24,30.27,28.46,,,,334.14,303.58,279.58,100.0,-122.0,-12.5,,,,,,,,,,
1783814400000,2026-07-12 00:00:00,,,,,,,,,,,,,17.467500686645508,66.0,1019.9000244140624,11.046796798706056,0.0,7.342587947845459,11.309895515441896,0.0599999986588954,19.36750030517578,0.2039999961853027
1783818000000,2026-07-12 01:00:00,,,,,,,,,,,,,16.017499923706055,75.0,1020.5999755859376,11.587464332580566,0.0,6.130578994750977,356.63360595703125,0.0299999993294477,18.76749992370605,0.2039999961853027
1783821600000,2026-07-12 02:00:00,,,,,,,,,,,,,14.967500686645508,82.0,1020.7000122070312,11.919952392578123,0.0,5.411986351013184,3.814009666442871,0.0199999995529651,18.167499542236328,0.2039999961853027
1783825200000,2026-07-12 03:00:00,,,,,,,,,,,,,14.61750030517578,85.0,1020.7999877929688,12.123147010803224,0.0,4.735060214996338,351.25390625,0.0099999997764825,17.61750030517578,0.2039999961853027
1783827720877,2026-07-12 03:42:00,,,,19.1,18.98,18.0,,,,100.0,-121.0,-13.8,,,,,,,,,,
1783828800000,2026-07-12 04:00:00,,,,,,,,,,,,,15.217500686645508,84.0,1020.7000122070312,12.530991554260254,0.0,5.506940841674805,348.6900939941406,0.0199999995529651,17.217500686645508,0.2039999961853027
1783832400000,2026-07-12 05:00:00,,,,,,,,,,,,,17.017499923706055,78.0,1020.7000122070312,13.15304183959961,0.0,5.495161056518555,328.3925476074219,0.0599999986588954,17.267499923706055,0.2039999961853027
1783836000000,2026-07-12 06:00:00,,,,,,,,,,,,,18.217500686645508,74.0,1020.7000122070312,13.506148338317873,0.0,7.386581897735596,313.02508544921875,0.1400000154972076,17.767499923706055,0.2039999961853027
1783839600000,2026-07-12 07:00:00,,,,,,,,,,,,,19.967500686645508,70.0,1020.5,14.331204414367676,0.0,11.486200332641602,302.1957092285156,0.2100000232458114,18.317501068115234,0.2039999961853027
1783843200000,2026-07-12 08:00:00,,,,,,,,,,,,,21.26749992370605,64.0,1020.2999877929688,14.184309005737305,0.0,13.281023025512695,302.8285522460937,0.2900000214576721,19.01749992370605,0.2029999941587448
1783846800000,2026-07-12 09:00:00,,,,,,,,,,,,,23.067501068115234,59.0,1020.4000244140624,14.621868133544922,0.0,14.689587593078612,306.0274658203125,0.2900000214576721,19.61750030517578,0.202000007033348
1783850400000,2026-07-12 10:00:00,,,,,,,,,,,,,25.217500686645508,52.0,1020.2999877929688,14.664033889770508,0.0,15.5301513671875,315.9390869140625,0.3500000238418579,20.417499542236328,0.202000007033348
1783854000000,2026-07-12 11:00:00,,,,,,,,,,,,,25.567501068115234,51.0,1019.9000244140624,14.685569763183594,0.0,14.168641090393066,332.7839660644531,0.3799999952316284,21.36750030517578,0.2010000050067901
1783857600000,2026-07-12 12:00:00,,,,,,,,,,,,,26.567501068115234,46.0,1019.5999755859376,14.004568099975586,0.0,14.372974395751951,337.9320373535156,0.2800000309944153,21.717500686645508,0.2000000029802322
1783861200000,2026-07-12 13:00:00,,,,,,,,,,,,,26.717500686645508,45.0,1019.5,13.80198097229004,0.0,12.964998245239258,1.5911110639572144,0.3000000119209289,22.167499542236328,0.1990000009536743
1783864800000,2026-07-12 14:00:00,,,,,,,,,,,,,26.717500686645508,45.0,1019.2999877929688,13.80198097229004,0.0,8.287821769714355,357.510498046875,0.3000000119209289,22.51749992370605,0.1990000009536743
1783868400000,2026-07-12 15:00:00,,,,,,,,,,,,,28.36750030517578,40.0,1018.7000122070312,13.475214958190918,0.0,7.993297576904297,7.765082359313965,0.3400000035762787,23.11750030517578,0.1979999989271164
1783872000000,2026-07-12 16:00:00,,,,,,,,,,,,,26.86750030517578,46.0,1018.5,14.277244567871094,0.0,5.495161056518555,31.60745429992676,0.2599999904632568,23.36750030517578,0.1969999969005584
1783875600000,2026-07-12 17:00:00,,,,,,,,,,,,,26.417499542236328,55.0,1018.4000244140624,16.651342391967773,0.0,3.075841426849365,339.4438781738281,0.1800000071525573,23.317501068115234,0.1969999969005584
1783879200000,2026-07-12 18:00:00,,,,,,,,,,,,,24.86750030517578,50.0,1019.0999755859376,13.735895156860352,0.0,12.101570129394531,59.62095642089844,0.1099999994039535,23.11750030517578,0.1959999948740005
1783882800000,2026-07-12 19:00:00,,,,,,,,,,,,,22.717500686645508,60.0,1019.7000122070312,14.55380630493164,0.0,7.491114139556885,54.782325744628906,0.0900000035762786,22.567501068115234,0.1959999948740005
1783885305978,2026-07-12 19:41:45,,,,19.23,18.24,18.06,,,,100.0,-122.0,-14.0,,,,,,,,,,
1783886400000,2026-07-12 20:00:00,,,,,,,,,,,,,20.817501068115234,67.0,1020.2000122070312,14.465262413024902,0.0,2.968636035919189,14.036274909973145,0.0299999993294477,21.717500686645508,0.1959999948740005
1783890000000,2026-07-12 21:00:00,,,,,,,,,,,,,19.467500686645508,68.0,1020.5,13.406571388244627,0.0,5.241678714752197,15.945476531982422,0.0099999997764825,20.567501068115234,0.1959999948740005
1783893600000,2026-07-12 22:00:00,,,,,,,,,,,,,18.967500686645508,69.0,1020.7999877929688,13.15286636352539,0.0,6.162207126617432,6.709750175476074,0.0199999995529651,19.717500686645508,0.1949999928474426
1783897200000,2026-07-12 23:00:00,,,,,,,,,,,,,17.61750030517578,72.0,1021.0,12.50917625427246,0.0,6.519876956939697,6.340100288391113,0.0199999995529651,19.067501068115234,0.1949999928474426
1783900800000,2026-07-13 00:00:00,,,,,,,,,,,,,17.467500686645508,80.0,1021.0999755859376,13.97960090637207,0.0,4.6102495193481445,38.65982818603516,0.0199999995529651,19.61750030517578,0.1940000057220459
1783904400000,2026-07-13 01:00:00,,,,,,,,,,,,,17.017499923706055,82.0,1021.4000244140624,13.921622276306152,0.0,5.154415130615234,24.775121688842773,0.0099999997764825,18.967500686645508,0.1940000057220459
1783908000000,2026-07-13 02:00:00,,,,,,,,,,,,,16.86750030517578,82.0,1021.5999755859376,13.775172233581545,0.0,5.58870267868042,14.931467056274414,0.0099999997764825,18.467500686645508,0.1940000057220459
1783911600000,2026-07-13 03:00:00,,,,,,,,,,,,,16.267499923706055,87.0,1021.7000122070312,14.099745750427246,0.0,4.582051753997803,44.99989700317383,0.0099999997764825,18.01749992370605,0.1949999928474426
1783915200000,2026-07-13 04:00:00,,,,,,,,,,,,,16.417499542236328,88.0,1021.9000244140624,14.423980712890623,0.0,2.9024126529693604,29.74479484558105,0.0,17.61750030517578,0.1949999928474426
1783918800000,2026-07-13 05:00:00,,,,,,,,,,,,,18.167499542236328,89.0,1022.0,16.324432373046875,0.0,2.0364675521850586,315.0000915527344,0.0199999995529651,17.767499923706055,0.1949999928474426
1783922400000,2026-07-13 06:00:00,,,,,,,,,,,,,19.717500686645508,84.0,1021.9000244140624,16.93705940246582,0.0,2.3051247596740723,321.3401794433594,0.1099999994039535,18.417499542236328,0.1949999928474426
1783926000000,2026-07-13 07:00:00,,,,,,,,,,,,,21.417499542236328,77.0,1021.7000122070312,17.217975616455078,0.0,2.9024126529693604,330.2552185058594,0.1899999976158142,19.167499542236328,0.1940000057220459
1783929600000,2026-07-13 08:00:00,,,,,,,,,,,,,22.917499542236328,70.0,1021.5999755859376,17.155441284179688,0.0,3.877318382263184,338.1985168457031,0.270000010728836,20.01749992370605,0.1940000057220459
1783933200000,2026-07-13 09:00:00,,,,,,,,,,,,,24.36750030517578,65.0,1021.4000244140624,17.36466407775879,0.0,5.241678714752197,344.0545349121094,0.3799999952316284,20.967500686645508,0.1930000036954879
1783936800000,2026-07-13 10:00:00,,,,,,,,,,,,,25.317501068115234,60.0,1021.2999877929688,16.99578857421875,0.0,6.989935398101807,11.88864517211914,0.3799999952316284,21.917499542236328,0.1930000036954879
1783940400000,2026-07-13 11:00:00,,,,,,,,,,,,,26.36750030517578,55.0,1020.9000244140624,16.604902267456055,0.0,7.862518310546875,15.945476531982422,0.3900000154972076,22.667499542236328,0.19200000166893
1783942903208,2026-07-13 11:41:43,,,,19.35,18.3,18.24,,,,100.0,-109.0,7.0,,,,,,,,,,
1783942904471,2026-07-13 11:41:44,36.81,29.16,27.45,,,,332.58,302.43,278.81,100.0,-115.0,2.75,,,,,,,,,,
1783944000000,2026-07-13 12:00:00,,,,,,,,,,,,,27.11750030517578,52.0,1020.7999877929688,16.416990280151367,0.0,7.091177463531494,23.962491989135746,0.3799999952316284,23.26749992370605,0.1909999996423721
1783947600000,2026-07-13 13:00:00,,,,,,,,,,,,,28.01749992370605,48.0,1020.5999755859376,15.987167358398438,0.0,5.351784706115723,19.653913497924805,0.3900000154972076,23.86750030517578,0.1899999976158142
1783951200000,2026-07-13 14:00:00,,,,,,,,,,,,,28.11750030517578,45.0,1020.0999755859376,15.070819854736328,0.0,7.9932966232299805,54.16226959228516,0.3700000345706939,24.36750030517578,0.1899999976158142
1783954800000,2026-07-13 15:00:00,,,,,,,,,,,,,28.417499542236328,44.0,1019.5999755859376,14.992855072021484,0.0,5.014219284057617,21.03758811950684,0.3500000238418579,24.667499542236328,0.1889999955892563
1783957287387,2026-07-13 15:41:27,,,,19.44,18.58,17.97,,,,100.0,-113.0,-14.8,,,,,,,,,,
1783958400000,2026-07-13 16:00:00,,,,,,,,,,,,,27.76749992370605,45.0,1019.0,14.753669738769531,0.0,9.178235054016112,64.44009399414062,0.2800000309944153,24.76749992370605,0.1879999935626983
1783962000000,2026-07-13 17:00:00,,,,,,,,,,,,,27.167499542236328,50.0,1018.5999755859376,15.847982406616213,0.0,4.693825721740723,32.47117233276367,0.2100000232458114,24.61750030517578,0.1879999935626983
1783965600000,2026-07-13 18:00:00,,,,,,,,,,,,,25.217500686645508,59.0,1018.7000122070312,16.63704490661621,0.0,4.843304634094238,48.01287078857422,0.1199999973177909,24.217500686645508,0.1870000064373016
1783969200000,2026-07-13 19:00:00,,,,,,,,,,,,,23.067501068115234,62.0,1018.9000244140624,15.39285659790039,0.0,6.696386814117432,53.74607849121094,0.0700000077486038,23.51749992370605,0.1870000064373016
1783971683726,2026-07-13 19:41:23,,,,19.6,19.54,18.06,,,,100.0,-115.0,3.25,,,,,,,,,,
1783971689088,2026-07-13 19:41:29,36.41,28.94,27.19,,,,332.22,302.2,278.61,100.0,-110.0,-2.0,,,,,,,,,,
1783972800000,2026-07-13 20:00:00,,,,,,,,,,,,,22.11750030517578,66.0,1019.0,15.468459129333496,0.0,8.089993476867676,57.7243766784668,0.0500000044703483,22.667499542236328,0.1870000064373016
1783976400000,2026-07-13 21:00:00,,,,,,,,,,,,,21.067501068115234,71.0,1019.2000122070312,15.605802536010742,0.0,5.634891033172607,63.43501281738281,0.0399999991059303,22.01749992370605,0.1870000064373016
1783980000000,2026-07-13 22:00:00,,,,,,,,,,,,,20.26749992370605,74.0,1019.2999877929688,15.482599258422852,0.0,5.191993713378906,56.30991363525391,0.0299999993294477,21.36750030517578,0.1870000064373016
1783983600000,2026-07-13 23:00:00,,,,,,,,,,,,,19.36750030517578,78.0,1019.4000244140624,15.4334135055542,0.0,4.896529674530029,53.972537994384766,0.0199999995529651,20.717500686645508,0.1870000064373016
1783987200000,2026-07-14 00:00:00,,,,,,,,,,,,,20.01749992370605,80.0,1019.2000122070312,16.461450576782227,0.0,2.968636035919189,75.96372985839844,0.0199999995529651,20.667499542236328,0.1870000064373016
1783990800000,2026-07-14 01:00:00,,,,,,,,,,,,,20.167499542236328,75.0,1018.9000244140624,15.5956449508667,0.0,4.0249223709106445,100.3047866821289,0.0199999995529651,20.417499542236328,0.1870000064373016
1783994400000,2026-07-14 02:00:00,,,,,,,,,,,,,19.01749992370605,82.0,1019.0999755859376,15.874109268188477,0.0,2.3051247596740723,128.6598358154297,0.0099999997764825,20.11750030517578,0.1870000064373016
1783998000000,2026-07-14 03:00:00,,,,,,,,,,,,,19.01749992370605,82.0,1019.0999755859376,15.874109268188477,0.0,2.3051247596740723,231.3401641845703,0.0,19.86750030517578,0.1870000064373016
1784001600000,2026-07-14 04:00:00,,,,,,,,,,,,,18.86750030517578,84.0,1019.0,16.104923248291016,0.0,1.1384198665618896,18.4350528717041,0.0099999997764825,19.667499542236328,0.1870000064373016
1784005200000,2026-07-14 05:00:00,,,,,,,,,,,,,19.667499542236328,85.0,1018.7999877929688,17.07490348815918,0.0,2.099142551422119,59.036319732666016,0.0199999995529651,19.717500686645508,0.1870000064373016
1784008800000,2026-07-14 06:00:00,,,,,,,,,,,,,20.817501068115234,83.0,1019.0999755859376,17.823461532592773,0.0,1.8356469869613647,168.6901092529297,0.0900000035762786,20.067501068115234,0.1870000064373016
1784012400000,2026-07-14 07:00:00,,,,,,,,,,,,,22.717500686645508,76.0,1019.0999755859376,18.26837730407715,0.0,1.938659191131592,68.19853210449219,0.1700000017881393,20.61750030517578,0.1870000064373016
1784014872297,2026-07-14 07:41:12,,,,18.37,18.27,18.09,,,,100.0,-112.0,4.5,,,,,,,,,,
1784014877564,2026-07-14 07:41:17,47.38,42.13,41.82,,,,359.75,322.62,294.46,100.0,-114.0,4.5,,,,,,,,,,
1784016000000,2026-07-14 08:00:00,,,,,,,,,,,,,24.067501068115234,69.0,1019.2000122070312,18.02690887451172,0.0,4.33497428894043,94.76355743408205,0.2300000041723251,21.417499542236328,0.1860000044107437
1784019600000,2026-07-14 09:00:00,,,,,,,,,,,,,25.11750030517578,65.0,1019.2000122070312,18.07584571838379,0.0,5.804825305938721,60.25520706176758,0.2300000041723251,22.01749992370605,0.1860000044107437
1784023200000,2026-07-14 10:00:00,,,,,,,,,,,,,24.317501068115234,65.0,1019.0,17.31725311279297,0.0,9.387651443481444,57.52882766723633,0.25,22.51749992370605,0.1860000044107437
1784026800000,2026-07-14 11:00:00,,,,,,,,,,,,,26.01749992370605,62.0,1018.9000244140624,18.17426109313965,0.0,9.339207649230955,62.44727325439453,0.3000000119209289,22.917499542236328,0.1850000023841858
1784030400000,2026-07-14 12:00:00,,,,,,,,,,,,,25.567501068115234,65.0,1018.7999877929688,18.50250625610352,0.0,8.145870208740234,44.99989700317383,0.2300000041723251,23.417499542236328,0.1850000023841858
1784034000000,2026-07-14 13:00:00,,,,,,,,,,,,,25.667499542236328,65.0,1018.4000244140624,18.59731101989746,0.0,10.29625129699707,53.53066635131836,0.2199999988079071,23.717500686645508,0.1840000003576278
1784037600000,2026-07-14 14:00:00,,,,,,,,,,,,,26.26749992370605,60.0,1017.9000244140624,17.88768768310547,0.0,11.525623321533203,51.34017181396485,0.2399999946355819,24.067501068115234,0.1840000003576278
1784041200000,2026-07-14 15:00:00,,,,,,,,,,,,,25.667499542236328,62.0,1017.4000244140624,17.844356536865234,0.0,15.281989097595217,43.090858459472656,0.2100000232458114,24.217500686645508,0.1829999983310699
1784044800000,2026-07-14 16:00:00,,,,,,,,,,,,,24.467500686645508,66.0,1017.7999877929688,17.701583862304688,0.0,14.182354927062988,66.03750610351562,0.1800000071525573,24.167499542236328,0.1829999983310699
1784048400000,2026-07-14 17:00:00,,,,,,,,,,,,,21.167499542236328,85.0,1018.0,18.545360565185547,2.700000047683716,7.729526996612549,117.75845336914062,0.1000000089406967,23.61750030517578,0.1829999983310699
1784052000000,2026-07-14 18:00:00,,,,,,,,,,,,,20.26749992370605,97.0,1018.5,19.775434494018555,2.200000047683716,3.219938039779663,333.4350280761719,0.0299999993294477,22.817501068115234,0.1879999935626983
1784055600000,2026-07-14 19:00:00,,,,,,,,,,,,,20.26749992370605,93.0,1018.5,19.09814071655273,0.0,3.2599384784698486,6.340100288391113,0.0199999995529651,22.26749992370605,0.1940000057220459
1784059200000,2026-07-14 20:00:00,,,,,,,,,,,,,19.86750030517578,92.0,1018.9000244140624,18.52889633178711,0.1000000014901161,2.27683973312378,341.56494140625,0.0099999997764825,21.717500686645508,0.1979999989271164
1784062800000,2026-07-14 21:00:00,,,,,,,,,,,,,19.567501068115234,89.0,1019.0,17.704694747924805,0.0,4.843304634094238,48.01287078857422,0.0099999997764825,21.217500686645508,0.2010000050067901
1784066400000,2026-07-14 22:00:00,,,,,,,,,,,,,19.11750030517578,90.0,1019.2999877929688,17.43790626525879,0.1000000014901161,6.489992141723633,3.179771900177002,0.0199999995529651,20.817501068115234,0.2039999961853027
1784070000000,2026-07-14 23:00:00,,,,,,,,,,,,,18.61750030517578,91.0,1019.4000244140624,17.118762969970703,0.0,2.4149534702301025,63.43501281738281,0.0199999995529651,20.467500686645508,0.2060000002384185
1784073600000,2026-07-15 00:00:00,,,,,,,,,,,,,17.86750030517578,93.0,1019.4000244140624,16.719314575195312,1.2000000476837158,3.7064266204833984,60.94549179077149,0.0199999995529651,22.167499542236328,0.1860000044107437
1784077200000,2026-07-15 01:00:00,,,,,,,,,,,,,17.467500686645508,95.0,1019.7999877929688,16.65739631652832,2.5999999046325684,3.5999999046325684,53.13002014160156,0.0199999995529651,21.717500686645508,0.1879999935626983
1784080800000,2026-07-15 02:00:00,,,,,,,,,,,,,17.36750030517578,95.0,1020.0,16.558015823364258,2.400000095367432,3.396233081817627,122.0053482055664,0.0199999995529651,21.26749992370605,0.2000000029802322
1784084400000,2026-07-15 03:00:00,,,,,,,,,,,,,17.217500686645508,94.0,1019.5999755859376,16.242759704589844,0.800000011920929,5.483356475830078,23.198617935180664,0.0199999995529651,20.86750030517578,0.2169999927282333
1784088000000,2026-07-15 04:00:00,,,,,,,,,,,,,17.167499542236328,94.0,1019.5999755859376,16.193134307861328,0.0,3.2599384784698486,353.659912109375,0.0199999995529651,20.567501068115234,0.2269999980926513
1784091600000,2026-07-15 05:00:00,,,,,,,,,,,,,17.217500686645508,91.0,1019.5,15.734710693359377,0.0,4.693825721740723,32.47117233276367,0.0299999993294477,20.317501068115234,0.2319999933242797
1784095200000,2026-07-15 06:00:00,,,,,,,,,,,,,17.467500686645508,89.0,1020.7000122070312,15.634263038635254,0.0,8.287821769714355,55.61959838867188,0.0599999986588954,20.11750030517578,0.2349999994039535
1784098800000,2026-07-15 07:00:00,,,,,,,,,,,,,18.317501068115234,84.0,1021.2000122070312,15.56645679473877,0.0,9.08598804473877,56.30989837646485,0.0799999982118606,20.01749992370605,0.2360000014305114
1784102400000,2026-07-15 08:00:00,,,,,,,,,,,,,19.967500686645508,75.0,1021.0999755859376,15.402530670166016,0.0,9.65981388092041,63.43501281738281,0.2100000232458114,20.067501068115234,0.2370000034570694
1784106000000,2026-07-15 09:00:00,,,,,,,,,,,,,22.01749992370605,67.0,1021.0,15.608052253723145,0.0,8.654987335205078,44.99989700317383,0.3400000035762787,20.36750030517578,0.2360000014305114
1784109600000,2026-07-15 10:00:00,,,,,,,,,,,,,23.067501068115234,60.0,1020.7999877929688,14.882622718811035,0.0,9.44957160949707,49.63554763793945,0.3600000143051147,20.86750030517578,0.2360000014305114
1784113200000,2026-07-15 11:00:00,,,,,,,,,,,,,23.36750030517578,56.0,1020.7000122070312,14.095084190368652,0.0,9.53150463104248,79.11451721191406,0.2900000214576721,21.417499542236328,0.2349999994039535
1784115646286,2026-07-15 11:40:46,,,,19.2,19.29,18.46,,,,100.0,-124.0,-3.5,,,,,,,,,,
1784115652324,2026-07-15 11:40:52,44.04,39.93,37.57,,,,348.61,316.4,286.57,100.0,-112.0,5.5,,,,,,,,,,
1784116800000,2026-07-15 12:00:00,,,,,,,,,,,,,24.26749992370605,51.0,1020.5,13.488530158996582,0.0,7.386581897735596,46.97492980957031,0.25,21.917499542236328,0.2329999953508377
1784120400000,2026-07-15 13:00:00,,,,,,,,,,,,,25.36750030517578,48.0,1020.2999877929688,13.56612491607666,0.0,7.5170207023620605,73.30067443847656,0.2199999988079071,22.417499542236328,0.2319999933242797
1784124000000,2026-07-15 14:00:00,,,,,,,,,,,,,25.217500686645508,50.0,1020.0,14.057398796081545,0.0,12.371644973754885,81.63420104980469,0.2199999988079071,22.86750030517578,0.231000006198883
1784127600000,2026-07-15 15:00:00,,,,,,,,,,,,,25.317501068115234,46.0,1019.5999755859376,12.868101119995115,0.0,9.931041717529297,43.53126907348633,0.2100000232458114,23.317501068115234,0.2300000041723251
1784131200000,2026-07-15 16:00:00,,,,,,,,,,,,,24.51749992370605,51.0,1019.0999755859376,13.718767166137695,0.0,13.854154586791992,65.43284606933594,0.1700000017881393,23.51749992370605,0.2280000001192093
1784134800000,2026-07-15 17:00:00,,,,,,,,,,,,,23.717500686645508,56.0,1019.5,14.421127319335938,0.0,10.137691497802734,83.88459014892578,0.1299999952316284,23.567501068115234,0.2269999980926513
1784138400000,2026-07-15 18:00:00,,,,,,,,,,,,,22.61750030517578,59.0,1019.5,14.19995403289795,0.0,7.754636764526367,68.19853210449219,0.0700000077486038,23.417499542236328,0.2269999980926513
1784142000000,2026-07-15 19:00:00,,,,,,,,,,,,,20.567501068115234,71.0,1020.2000122070312,15.126251220703123,0.0,7.244860172271728,63.43501281738281,0.0399999991059303,23.067501068115234,0.2259999960660934
1784145600000,2026-07-15 20:00:00,,,,,,,,,,,,,19.26749992370605,77.0,1020.2000122070312,15.135448455810549,0.0,8.707237243652344,60.25520706176758,0.0199999995529651,22.567501068115234,0.2249999940395355
1784149200000,2026-07-15 21:00:00,,,,,,,,,,,,,18.217500686645508,80.0,1020.5999755859376,14.709623336791992,0.0,5.447788238525391,82.40545654296875,0.0099999997764825,22.067501068115234,0.2249999940395355
1784152800000,2026-07-15 22:00:00,,,,,,,,,,,,,17.217500686645508,85.0,1020.5,14.672800064086914,0.0,4.349896430969238,65.55606079101562,0.0099999997764825,21.467500686645508,0.2240000069141388
1784156400000,2026-07-15 23:00:00,,,,,,,,,,,,,16.517499923706055,88.0,1020.2999877929688,14.52245044708252,0.0,4.394360065460205,55.00790023803711,0.0,20.86750030517578,0.2240000069141388
1784160000000,2026-07-16 00:00:00,,,,,,,,,,,,,15.567500114440918,90.0,1020.4000244140624,13.932947158813477,0.0,4.379589080810547,80.53775024414062,0.0,19.51749992370605,0.2189999967813491
1784163600000,2026-07-16 01:00:00,,,,,,,,,,,,,15.417500495910645,90.0,1020.9000244140624,13.784836769104004,0.0,2.879999876022339,90.0,0.0,18.917499542236328,0.2189999967813491
1784167200000,2026-07-16 02:00:00,,,,,,,,,,,,,14.717500686645508,93.0,1020.9000244140624,13.59681224822998,0.0,3.617955207824707,84.28949737548828,0.0,18.26749992370605,0.2189999967813491
1784170800000,2026-07-16 03:00:00,,,,,,,,,,,,,13.967500686645508,94.0,1020.7999877929688,13.016907691955566,0.0,3.7585103511810303,73.30067443847656,0.0,17.717500686645508,0.2189999967813491
1784174400000,2026-07-16 04:00:00,,,,,,,,,,,,,14.267499923706056,93.0,1020.7000122070312,13.150713920593262,0.0,1.7999999523162842,90.0,0.0,17.217500686645508,0.2179999947547912
1784178000000,2026-07-16 05:00:00,,,,,,,,,,,,,15.517499923706056,94.0,1021.0,14.555429458618164,0.0,1.527350664138794,135.00010681152344,0.0099999997764825,17.017499923706055,0.2179999947547912
1784181600000,2026-07-16 06:00:00,,,,,,,,,,,,,17.817501068115234,86.0,1020.9000244140624,15.443414688110352,0.0,3.2599384784698486,186.3401031494141,0.0700000077486038,17.467500686645508,0.2179999947547912
1784185200000,2026-07-16 07:00:00,,,,,,,,,,,,,20.567501068115234,76.0,1020.7000122070312,16.189481735229492,0.0,0.8049845099449158,243.4350128173828,0.1299999952316284,18.217500686645508,0.2169999927282333
1784188800000,2026-07-16 08:00:00,,,,,,,,,,,,,23.067501068115234,66.0,1020.5999755859376,16.371334075927734,0.0,0.3599999845027923,270.0,0.1899999976158142,19.11750030517578,0.2169999927282333
1784192400000,2026-07-16 09:00:00,,,,,,,,,,,,,25.167499542236328,57.0,1020.4000244140624,16.04863929748535,0.0,0.7199999690055847,90.0,0.25,20.11750030517578,0.2160000056028366
1784196000000,2026-07-16 10:00:00,,,,,,,,,,,,,26.667499542236328,50.0,1019.9000244140624,15.388961791992188,0.0,1.7999999523162842,216.86997985839844,0.3000000119209289,21.26749992370605,0.2150000035762787
1784199600000,2026-07-16 11:00:00,,,,,,,,,,,,,28.26749992370605,44.0,1019.5999755859376,14.857321739196776,0.0,3.5999999046325684,306.8699645996094,0.2900000214576721,22.26749992370605,0.2140000015497207
1784202023909,2026-07-16 11:40:23,,,,19.35,19.35,18.73,,,,100.0,-120.0,-11.5,,,,,,,,,,
1784202029167,2026-07-16 11:40:29,41.29,37.29,32.9,,,,341.18,310.81,282.99,100.0,-127.0,-9.0,,,,,,,,,,
1784203200000,2026-07-16 12:00:00,,,,,,,,,,,,,29.51749992370605,40.0,1019.2000122070312,14.50223445892334,0.0,3.396233081817627,237.99465942382807,0.3100000023841858,23.417499542236328,0.2129999995231628
1784206800000,2026-07-16 13:00:00,,,,,,,,,,,,,29.61750030517578,39.0,1018.7999877929688,14.19981288909912,0.0,6.696386814117432,233.74606323242188,0.3000000119209289,24.417499542236328,0.2119999974966049
1784210400000,2026-07-16 14:00:00,,,,,,,,,,,,,29.61750030517578,40.0,1018.2999877929688,14.591516494750977,0.0,3.617955207824707,275.71051025390625,0.2399999946355819,25.067501068115234,0.210999995470047
1784214000000,2026-07-16 15:00:00,,,,,,,,,,,,,28.967500686645508,43.0,1017.9000244140624,15.131536483764648,0.0,11.525623321533203,358.21014404296875,0.2000000178813934,25.317501068115234,0.209999993443489
1784216428703,2026-07-16 15:40:28,40.72,36.39,32.23,,,,339.79,309.89,282.48,100.0,-114.0,4.0,,,,,,,,,,
1784217600000,2026-07-16 16:00:00,,,,,,,,,,,,,28.86750030517578,41.0,1017.5,14.302993774414062,0.0,7.729526996612549,27.758451461791992,0.1500000059604644,25.36750030517578,0.2090000063180923
1784221200000,2026-07-16 17:00:00,,,,,,,,,,,,,28.317501068115234,47.0,1017.2999877929688,15.931075096130373,0.0,6.6380720138549805,49.39878463745117,0.1400000154972076,25.36750030517578,0.2090000063180923
1784224800000,2026-07-16 18:00:00,,,,,,,,,,,,,27.067501068115234,47.0,1017.2000122070312,14.79234504699707,0.0,5.241678714752197,74.05453491210938,0.0900000035762786,25.217500686645508,0.2080000042915344
1784228400000,2026-07-16 19:00:00,,,,,,,,,,,,,25.217500686645508,57.0,1017.0999755859376,16.095294952392578,0.0,6.6380720138549805,77.47119903564453,0.0500000044703483,24.76749992370605,0.2080000042915344
1784230816473,2026-07-16 19:40:16,,,,19.57,19.1,18.27,,,,100.0,-113.0,-9.0,,,,,,,,,,
1784230823506,2026-07-16 19:40:23,40.39,35.73,31.78,,,,338.99,309.21,282.13,100.0,-112.0,-10.5,,,,,,,,,,
1784232000000,2026-07-16 20:00:00,,,,,,,,,,,,,23.917499542236328,62.0,1016.7000122070312,16.1944580078125,0.0,7.993297576904297,82.23492431640625,0.0299999993294477,24.167499542236328,0.2070000022649765
1784235600000,2026-07-16 21:00:00,,,,,,,,,,,,,22.967500686645508,66.0,1016.7000122070312,16.27629852294922,0.0,6.479999542236328,90.0,0.0299999993294477,23.567501068115234,0.2070000022649765
1784239200000,2026-07-16 22:00:00,,,,,,,,,,,,,21.917499542236328,69.0,1016.7999877929688,15.972679138183594,0.0,6.214563369750977,100.00791931152344,0.0199999995529651,22.967500686645508,0.2070000022649765
1784242800000,2026-07-16 23:00:00,,,,,,,,,,,,,21.317501068115234,72.0,1016.0999755859376,16.06458282470703,0.0,8.66994857788086,94.76355743408205,0.0199999995529651,22.36750030517578,0.2060000002384185
1784246400000,2026-07-17 00:00:00,,,,,,,,,,,,,21.26749992370605,80.0,1016.2000122070312,17.677804946899414,0.0,5.351784706115723,109.65391540527344,0.0199999995529651,21.86750030517578,0.202000007033348
1784250000000,2026-07-17 01:00:00,,,,,,,,,,,,,21.36750030517578,76.0,1014.7000122070312,16.963088989257812,0.0,5.483356475830078,113.19862365722656,0.0099999997764825,21.567501068115234,0.2010000050067901
1784253600000,2026-07-17 02:00:00,,,,,,,,,,,,,21.167499542236328,75.0,1014.0,16.56114387512207,0.0,8.121970176696777,102.80426025390624,0.0099999997764825,21.317501068115234,0.2010000050067901
1784257200000,2026-07-17 03:00:00,,,,,,,,,,,,,20.86750030517578,77.0,1014.0,16.685287475585938,0.0,2.3051247596740723,128.6598358154297,0.0199999995529651,21.167499542236328,0.2010000050067901
1784260800000,2026-07-17 04:00:00,,,,,,,,,,,,,21.467500686645508,71.0,1013.5,15.989416122436523,0.0,6.287129878997803,103.24053192138672,0.0199999995529651,20.967500686645508,0.2010000050067901
1784264400000,2026-07-17 05:00:00,,,,,,,,,,,,,20.967500686645508,77.0,1013.9000244140624,16.782140731811523,0.0,4.198285102844238,300.96368408203125,0.0299999993294477,20.967500686645508,0.2010000050067901
1784268000000,2026-07-17 06:00:00,,,,,,,,,,,,,21.667499542236328,77.0,1013.7999877929688,17.460094451904297,0.0,4.33497428894043,184.7635498046875,0.0399999991059303,21.067501068115234,0.2000000029802322
1784271600000,2026-07-17 07:00:00,,,,,,,,,,,,,22.76749992370605,72.0,1013.2999877929688,17.457380294799805,0.0,3.075841426849365,159.44387817382812,0.0900000035762786,21.417499542236328,0.2000000029802322
1784274005298,2026-07-17 07:40:05,,,,19.79,19.1,18.76,,,,100.0,-118.0,-3.75,,,,,,,,,,
1784274010595,2026-07-17 07:40:10,39.73,34.43,30.84,,,,337.45,307.87,281.41,100.0,-118.0,1.25,,,,,,,,,,
1784275200000,2026-07-17 08:00:00,,,,,,,,,,,,,25.067501068115234,61.0,1013.0999755859376,17.021760940551758,0.0,3.563817977905273,224.99989318847656,0.1899999976158142,22.11750030517578,0.1990000009536743
1784278800000,2026-07-17 09:00:00,,,,,,,,,,,,,26.667499542236328,56.0,1012.9000244140624,17.168039321899414,0.0,4.6102495193481445,231.3401641845703,0.25,23.01749992370605,0.1990000009536743
1784282400000,2026-07-17 10:00:00,,,,,,,,,,,,,28.167499542236328,53.0,1012.0999755859376,17.687246322631836,0.0,5.447788238525391,262.40545654296875,0.270000010728836,23.967500686645508,0.1979999989271164
1784286000000,2026-07-17 11:00:00,,,,,,,,,,,,,29.317501068115234,47.0,1011.7999877929688,16.841711044311523,0.0,9.957107543945312,229.39878845214844,0.25,24.76749992370605,0.1969999969005584
1784288401555,2026-07-17 11:40:01,,,,19.79,18.67,18.58,,,,100.0,-113.0,-9.2,,,,,,,,,,
1784288408532,2026-07-17 11:40:08,39.26,33.74,30.44,,,,336.38,307.16,281.1,100.0,-113.0,-11.8,,,,,,,,,,
1784289600000,2026-07-17 12:00:00,,,,,,,,,,,,,29.317501068115234,41.0,1011.7000122070312,14.706043243408203,0.0,11.983187675476074,237.2647705078125,0.2599999904632568,25.51749992370605,0.1959999948740005
1784293200000,2026-07-17 13:00:00,,,,,,,,,,,,,28.86750030517578,41.0,1011.4000244140624,14.302993774414062,0.0,13.10419750213623,249.075424194336,0.2199999988079071,25.817501068115234,0.1959999948740005
1784296800000,2026-07-17 14:00:00,,,,,,,,,,,,,29.11750030517578,41.0,1010.7000122070312,14.526915550231934,0.0,11.480557441711426,228.81417846679688,0.2000000178813934,26.01749992370605,0.1949999928474426
1784300400000,2026-07-17 15:00:00,,,,,,,,,,,,,29.217500686645508,40.0,1009.5999755859376,14.23436164855957,0.0,13.32486343383789,218.4180908203125,0.2000000178813934,26.167499542236328,0.1940000057220459
1784302797852,2026-07-17 15:39:57,,,,19.92,18.76,18.52,,,,100.0,-114.0,3.0,,,,,,,,,,
1784302803100,2026-07-17 15:40:03,38.86,33.08,30.02,,,,335.49,306.48,280.78,100.0,-112.0,4.75,,,,,,,,,,
1784304000000,2026-07-17 16:00:00,,,,,,,,,,,,,24.76749992370605,59.0,1010.0999755859376,16.215349197387695,0.0,25.69905662536621,258.6900939941406,0.1299999952316284,26.11750030517578,0.1940000057220459
1784307600000,2026-07-17 17:00:00,,,,,,,,,,,,,25.417499542236328,54.0,1009.5999755859376,15.435891151428224,0.0,5.411986351013184,176.18600463867188,0.0799999982118606,25.467500686645508,0.1930000036954879
1784311200000,2026-07-17 18:00:00,,,,,,,,,,,,,24.51749992370605,64.0,1009.7999877929688,17.261436462402344,0.0,9.931041717529297,313.53125,0.0599999986588954,25.01749992370605,0.1930000036954879
1784314800000,2026-07-17 19:00:00,,,,,,,,,,,,,23.01749992370605,71.0,1010.2000122070312,17.475698471069336,0.0,9.387651443481444,302.4711608886719,0.0399999991059303,24.467500686645508,0.19200000166893
1784317194159,2026-07-17 19:39:54,,,,20.04,18.98,18.49,,,,100.0,-115.0,-6.5,,,,,,,,,,
1784317201055,2026-07-17 19:40:01,38.62,32.6,29.74,,,,334.97,305.98,280.56,100.0,-118.0,0.25,,,,,,,,,,
1784318400000,2026-07-17 20:00:00,,,,,,,,,,,,,19.36750030517578,92.0,1011.7999877929688,18.03396797180176,6.0,3.826852560043335,228.81417846679688,0.0599999986588954,23.667499542236328,0.1940000057220459
1784322000000,2026-07-17 21:00:00,,,,,,,,,,,,,18.86750030517578,86.0,1011.9000244140624,16.474349975585938,0.3000000119209289,6.130578517913818,220.2362823486328,0.0199999995529651,22.817501068115234,0.2179999947547912
1784325600000,2026-07-17 22:00:00,,,,,,,,,,,,,18.467500686645508,87.0,1012.0,16.262962341308594,0.2000000029802322,7.208993911743164,272.8623352050781,0.0299999993294477,22.067501068115234,0.231000006198883
1784329200000,2026-07-17 23:00:00,,,,,,,,,,,,,18.36750030517578,92.0,1012.0999755859376,17.044090270996094,0.5,2.27683973312378,288.4350280761719,0.0199999995529651,21.567501068115234,0.2399999946355819
1784331590355,2026-07-17 23:39:50,,,,20.07,19.57,19.04,,,,100.0,-122.0,-6.0,,,,,,,,,,
1784331595751,2026-07-17 23:39:55,38.51,32.28,29.46,,,,334.73,305.65,280.35,100.0,-116.0,-7.5,,,,,,,,,,
1784332800000,2026-07-18 00:00:00,,,,,,,,,,,,,20.51749992370605,80.0,1010.9000244140624,16.94801139831543,0.0,7.289444923400879,302.9052429199219,0.0099999997764825,21.067501068115234,0.1870000064373016
1784336400000,2026-07-18 01:00:00,,,,,,,,,,,,,20.26749992370605,77.0,1010.7999877929688,16.1041316986084,0.0,6.1516828536987305,290.5561218261719,0.0199999995529651,20.917499542236328,0.1870000064373016
1784340000000,2026-07-18 02:00:00,,,,,,,,,,,,,19.717500686645508,79.0,1010.9000244140624,15.972346305847168,0.0,6.725354194641113,285.524169921875,0.0199999995529651,20.667499542236328,0.1870000064373016
1784343600000,2026-07-18 03:00:00,,,,,,,,,,,,,19.51749992370605,81.0,1011.5999755859376,16.16956901550293,0.0,9.0,286.2602844238281,0.0199999995529651,20.417499542236328,0.1870000064373016
1784345987140,2026-07-18 03:39:47,,,,20.04,19.35,18.73,,,,100.0,-119.0,-1.25,,,,,,,,,,
1784345994172,2026-07-18 03:39:54,38.39,31.99,29.28,,,,334.48,305.35,280.21,100.0,-120.0,-4.25,,,,,,,,,,
1784347200000,2026-07-18 04:00:00,,,,,,,,,,,,,19.26749992370605,83.0,1011.9000244140624,16.30833625793457,0.0,9.885261535644531,280.4914245605469,0.0199999995529651,20.26749992370605,0.1870000064373016
1784350800000,2026-07-18 05:00:00,,,,,,,,,,,,,19.167499542236328,85.0,1012.2999877929688,16.584716796875,0.2000000029802322,9.178235054016112,281.3099060058594,0.0299999993294477,20.167499542236328,0.1860000044107437
1784354400000,2026-07-18 06:00:00,,,,,,,,,,,,,19.61750030517578,82.0,1012.5999755859376,16.45978546142578,0.0,12.864648818969728,287.9280090332031,0.0700000077486038,20.217500686645508,0.1860000044107437
1784358000000,2026-07-18 07:00:00,,,,,,,,,,,,,19.967500686645508,75.0,1012.9000244140624,15.402530670166016,0.0,14.241628646850586,286.1444091796875,0.1400000154972076,20.417499542236328,0.1860000044107437
1784361600000,2026-07-18 08:00:00,,,,,,,,,,,,,21.01749992370605,68.0,1013.0,14.885623931884766,0.0,15.042658805847168,291.0375671386719,0.2100000232458114,20.86750030517578,0.1860000044107437
1784365200000,2026-07-18 09:00:00,,,,,,,,,,,,,22.167499542236328,60.0,1013.0999755859376,14.037044525146484,0.0,14.75999927520752,282.68035888671875,0.2300000041723251,21.567501068115234,0.1850000023841858
1784368800000,2026-07-18 10:00:00,,,,,,,,,,,,,22.467500686645508,59.0,1013.2000122070312,14.059306144714355,0.0,15.978486061096191,284.349365234375,0.2399999946355819,22.317501068115234,0.1840000003576278
1784372400000,2026-07-18 11:00:00,,,,,,,,,,,,,22.51749992370605,60.0,1013.2000122070312,14.365900039672852,0.0,14.081478118896484,274.39862060546875,0.2100000232458114,22.51749992370605,0.1840000003576278
1784374779219,2026-07-18 11:39:39,,,,19.98,19.85,18.61,,,,100.0,-115.0,-7.0,,,,,,,,,,
1784374784470,2026-07-18 11:39:44,37.71,31.02,28.68,,,,333.38,304.35,279.75,100.0,-117.0,-0.25,,,,,,,,,,
1784376000000,2026-07-18 12:00:00,,,,,,,,,,,,,23.667499542236328,56.0,1012.7000122070312,14.374550819396973,0.0,14.039999961853027,270.0,0.1800000071525573,22.61750030517578,0.1829999983310699
1784379600000,2026-07-18 13:00:00,,,,,,,,,,,,,23.217500686645508,58.0,1012.5999755859376,14.497538566589355,0.0,15.484185218811035,271.3321838378906,0.2100000232458114,23.317501068115234,0.1829999983310699
1784383200000,2026-07-18 14:00:00,,,,,,,,,,,,,24.817501068115234,50.0,1012.0,13.689966201782228,0.0,13.556282043457031,280.71307373046875,0.1899999976158142,23.567501068115234,0.181999996304512
1784386800000,2026-07-18 15:00:00,,,,,,,,,,,,,25.467500686645508,46.0,1011.7000122070312,13.004499435424805,0.0,15.62997055053711,284.6764221191406,0.2100000232458114,24.01749992370605,0.181999996304512
1784389182522,2026-07-18 15:39:42,37.06,30.53,28.32,,,,332.8,303.85,279.47,100.0,-117.0,-7.75,,,,,,,,,,
1784390400000,2026-07-18 16:00:00,,,,,,,,,,,,,25.467500686645508,42.0,1011.2999877929688,11.619736671447754,0.0,10.739831924438477,309.55963134765625,0.2000000178813934,24.217500686645508,0.1809999942779541
1784394000000,2026-07-18 17:00:00,,,,,,,,,,,,,24.717500686645508,45.0,1011.5,11.98826503753662,0.0,12.031756401062012,321.07244873046875,0.1500000059604644,24.01749992370605,0.1809999942779541
1784397600000,2026-07-18 18:00:00,,,,,,,,,,,,,23.667499542236328,45.0,1011.7999877929688,11.035550117492676,0.0,7.895416259765625,316.8475952148437,0.0799999982118606,23.51749992370605,0.1800000071525573
1784401200000,2026-07-18 19:00:00,,,,,,,,,,,,,21.567501068115234,54.0,1012.2999877929688,11.864959716796877,0.0,4.735060214996338,351.25390625,0.0500000044703483,22.76749992370605,0.1800000071525573
1784403571760,2026-07-18 19:39:31,,,,20.01,19.6,18.61,,,,100.0,-120.0,-3.5,,,,,,,,,,
1784403578718,2026-07-18 19:39:38,36.78,30.19,28.05,,,,332.55,303.49,279.27,100.0,-120.0,-4.25,,,,,,,,,,
1784404800000,2026-07-18 20:00:00,,,,,,,,,,,,,20.167499542236328,58.0,1012.5999755859376,11.64297103881836,0.0,5.506940841674805,11.309895515441896,0.0299999993294477,21.76749992370605,0.1800000071525573
1784408400000,2026-07-18 21:00:00,,,,,,,,,,,,,19.667499542236328,63.0,1013.0,12.428503036499023,0.0,2.620839357376098,15.945476531982422,0.0199999995529651,20.86750030517578,0.1800000071525573
1784412000000,2026-07-18 22:00:00,,,,,,,,,,,,,18.86750030517578,67.0,1013.7000122070312,12.60768985748291,0.0,9.114471435546877,9.09020709991455,0.0199999995529651,20.217500686645508,0.1790000051259994
1784415600000,2026-07-18 23:00:00,,,,,,,,,,,,,17.817501068115234,75.0,1014.0,13.32622241973877,0.0,3.415259599685669,341.56494140625,0.0199999995529651,19.917499542236328,0.1790000051259994
1784417968046,2026-07-18 23:39:28,,,,19.98,19.32,18.76,,,,100.0,-122.0,-4.25,,,,,,,,,,
1784417973385,2026-07-18 23:39:33,36.61,29.96,27.86,,,,332.4,303.26,279.12,100.0,-121.0,-4.0,,,,,,,,,,
1784419200000,2026-07-19 00:00:00,,,,,,,,,,,,,17.167499542236328,77.0,1014.0999755859376,13.100830078125,0.0,6.489992141723633,356.8202209472656,0.0099999997764825,19.467500686645508,0.1809999942779541
1784422800000,2026-07-19 01:00:00,,,,,,,,,,,,,16.217500686645508,82.0,1013.7999877929688,13.14052677154541,0.0,3.5999999046325684,36.86999130249024,0.0099999997764825,19.067501068115234,0.1809999942779541
1784426400000,2026-07-19 02:00:00,,,,,,,,,,,,,16.017499923706055,80.0,1013.9000244140624,12.568065643310549,0.0,4.349896430969238,24.443952560424805,0.0099999997764825,18.61750030517578,0.1809999942779541
1784430000000,2026-07-19 03:00:00,,,,,,,,,,,,,16.217500686645508,80.0,1013.7000122070312,12.762771606445312,0.0,3.096837043762207,35.53776550292969,0.0099999997764825,18.317501068115234,0.1809999942779541
1784432364379,2026-07-19 03:39:24,,,,19.88,18.89,18.79,,,,100.0,-121.0,-11.8,,,,,,,,,,
1784432370976,2026-07-19 03:39:30,36.48,29.76,27.72,,,,332.28,303.05,279.01,100.0,-119.0,-2.0,,,,,,,,,,
1784433600000,2026-07-19 04:00:00,,,,,,,,,,,,,16.017499923706055,84.0,1013.9000244140624,13.314411163330078,0.3000000119209289,0.5091168880462646,44.99989700317383,0.0099999997764825,18.167499542236328,0.1809999942779541
1784437200000,2026-07-19 05:00:00,,,,,,,,,,,,,15.567500114440918,93.0,1014.2000122070312,14.439427375793455,3.299999952316284,2.4149534702301025,333.4350280761719,0.0099999997764825,18.11750030517578,0.1809999942779541
1784440800000,2026-07-19 06:00:00,,,,,,,,,,,,,15.61750030517578,89.0,1014.5,13.810118675231934,1.2000000476837158,6.618519306182861,337.61981201171875,0.0299999993294477,18.01749992370605,0.1889999955892563
1784444400000,2026-07-19 07:00:00,,,,,,,,,,,,,15.417500495910645,90.0,1014.2000122070312,13.784836769104004,0.3000000119209289,7.695919990539551,349.2157287597656,0.0500000044703483,17.967500686645508,0.202000007033348
1784448000000,2026-07-19 08:00:00,,,,,,,,,,,,,14.917500495910645,94.0,1014.7999877929688,13.959883689880373,1.5,9.931041717529297,313.53125,0.0500000044703483,17.817501068115234,0.210999995470047
1784451600000,2026-07-19 09:00:00,,,,,,,,,,,,,15.317500114440918,89.0,1015.2999877929688,13.51429557800293,4.800000190734863,9.422101020812988,316.548095703125,0.0599999986588954,17.667499542236328,0.2630000114440918
1784455200000,2026-07-19 10:00:00,,,,,,,,,,,,,15.067500114440918,92.0,1016.0999755859376,13.777210235595703,1.100000023841858,10.315114974975586,299.24871826171875,0.0700000077486038,17.61750030517578,0.2910000085830688
1784458800000,2026-07-19 11:00:00,,,,,,,,,,,,,16.36750030517578,85.0,1016.0,13.839316368103027,0.3000000119209289,9.339207649230955,297.552734375,0.0900000035762786,17.61750030517578,0.3030000030994415
1784461156878,2026-07-19 11:39:16,,,,19.66,18.7,18.89,,,,100.0,-107.0,8.25,,,,,,,,,,
1784461162203,2026-07-19 11:39:22,36.17,29.39,27.38,,,,332.0,302.67,278.75,100.0,-108.0,8.0,,,,,,,,,,
1784462400000,2026-07-19 12:00:00,,,,,,,,,,,,,17.667499542236328,78.0,1015.7999877929688,13.783843040466309,0.0,9.470120429992676,278.7460632324219,0.3000000119209289,18.167499542236328,0.3019999861717224
1784466000000,2026-07-19 13:00:00,,,,,,,,,,,,,19.567501068115234,66.0,1015.5,13.044158935546877,0.0,5.86037540435791,259.3804016113281,0.2900000214576721,18.667499542236328,0.2980000078678131
1784469600000,2026-07-19 14:00:00,,,,,,,,,,,,,20.01749992370605,44.0,1015.2000122070312,7.391505718231201,0.0,12.964998245239258,271.5910949707031,0.2800000309944153,19.01749992370605,0.2930000126361847
1784473200000,2026-07-19 15:00:00,,,,,,,,,,,,,21.36750030517578,42.0,1015.2000122070312,7.928825855255127,0.0,15.683775901794434,279.2460327148437,0.3799999952316284,19.36750030517578,0.2879999876022339
1784475553201,2026-07-19 15:39:13,,,,19.51,19.66,18.67,,,,100.0,-113.0,4.75,,,,,,,,,,
1784475560118,2026-07-19 15:39:20,36.0,29.19,27.23,,,,331.85,302.46,278.64,100.0,-116.0,-1.5,,,,,,,,,,
1784476800000,2026-07-19 16:00:00,,,,,,,,,,,,,20.417499542236328,47.0,1015.7999877929688,8.726244926452637,0.0,18.345876693725582,285.9454650878906,0.2800000309944153,19.61750030517578,0.2829999923706054
1784480400000,2026-07-19 17:00:00,,,,,,,,,,,,,19.11750030517578,57.0,1016.5,10.398703575134276,0.0,15.49673557281494,300.73541259765625,0.1500000059604644,19.567501068115234,0.2790000140666961
1784484000000,2026-07-19 18:00:00,,,,,,,,,,,,,17.11750030517578,65.0,1016.7999877929688,10.484532356262209,0.1000000014901161,15.192682266235352,283.7069702148437,0.0900000035762786,19.317501068115234,0.2759999930858612
1784487600000,2026-07-19 19:00:00,,,,,,,,,,,,,15.717500686645508,75.0,1017.2000122070312,11.297629356384276,0.0,8.854828834533691,296.5649719238281,0.0500000044703483,18.76749992370605,0.2730000019073486
1784489949432,2026-07-19 19:39:09,,,,19.38,18.98,18.64,,,,100.0,-118.0,-9.75,,,,,,,,,,
1784489956391,2026-07-19 19:39:16,35.87,29.04,27.11,,,,331.73,302.31,278.55,100.0,-120.0,-2.25,,,,,,,,,,
1784491200000,2026-07-19 20:00:00,,,,,,,,,,,,,14.667500495910645,84.0,1017.7000122070312,11.992365837097168,0.0,7.5170207023620605,286.6993103027344,0.0199999995529651,18.11750030517578,0.2709999978542328
1784494800000,2026-07-19 21:00:00,,,,,,,,,,,,,14.067500114440918,85.0,1018.0999755859376,11.583734512329102,0.0,6.618519306182861,292.38018798828125,0.0099999997764825,17.517499923706055,0.2689999938011169
1784498400000,2026-07-19 22:00:00,,,,,,,,,,,,,13.217500686645508,87.0,1018.2999877929688,11.100231170654297,0.0,5.116561412811279,309.28936767578125,0.0099999997764825,16.917499542236328,0.2669999897480011
1784502000000,2026-07-19 23:00:00,,,,,,,,,,,,,12.717500686645508,86.0,1018.4000244140624,10.434932708740234,0.0,3.219938039779663,296.5649719238281,0.0,16.3174991607666,0.2649999856948852
1784504345713,2026-07-19 23:39:05,,,,19.32,18.95,18.61,,,,100.0,-122.0,-12.0,,,,,,,,,,
1784504351032,2026-07-19 23:39:11,35.8,28.96,27.05,,,,331.67,302.23,278.5,100.0,-122.0,-11.8,,,,,,,,,,
1784505600000,2026-07-20 00:00:00,,,,,,,,,,,,,13.217500686645508,90.0,1019.0999755859376,11.61242389678955,0.0,0.5091168880462646,135.00010681152344,0.0,15.317500114440918,0.248999997973442
1784509200000,2026-07-20 01:00:00,,,,,,,,,,,,,12.917500495910645,88.0,1018.5,10.977202415466309,0.0,1.8356469869613647,281.3099060058594,0.0,14.767499923706056,0.2479999959468841
1784512800000,2026-07-20 02:00:00,,,,,,,,,,,,,12.61750030517578,84.0,1018.5999755859376,9.984537124633787,0.0,2.545584201812744,315.0000915527344,0.0,14.36750030517578,0.2469999939203262
1784516400000,2026-07-20 03:00:00,,,,,,,,,,,,,12.417500495910645,88.0,1018.7000122070312,10.484746932983398,0.0,5.116561412811279,320.7106018066406,0.0,14.167500495910645,0.2460000067949295
1784518749637,2026-07-20 03:39:09,35.7,28.88,26.97,,,,331.58,302.14,278.44,100.0,-120.0,-4.5,,,,,,,,,,
1784520000000,2026-07-20 04:00:00,,,,,,,,,,,,,12.167500495910645,88.0,1018.7000122070312,10.238513946533203,0.0,5.399999618530273,306.8699645996094,0.0,14.067500114440918,0.2450000047683715
1784523600000,2026-07-20 05:00:00,,,,,,,,,,,,,13.317500114440918,83.0,1018.7999877929688,10.490336418151855,0.0,7.421589851379394,292.83367919921875,0.0199999995529651,14.217500686645508,0.2440000027418136
1784527200000,2026-07-20 06:00:00,,,,,,,,,,,,,14.11750030517578,74.0,1018.7999877929688,9.551569938659668,0.0,14.058449745178224,283.3245544433594,0.0700000077486038,14.717500686645508,0.2430000007152557
1784530800000,2026-07-20 07:00:00,,,,,,,,,,,,,14.817500114440918,72.0,1018.9000244140624,9.817282676696776,0.0,14.934576988220217,285.3763122558594,0.1000000089406967,15.167500495910645,0.2419999986886978
1784534400000,2026-07-20 08:00:00,,,,,,,,,,,,,16.167499542236328,66.0,1018.9000244140624,9.8099365234375,0.0,16.520822525024414,281.3099060058594,0.1400000154972076,15.767499923706056,0.2409999966621399
1784538000000,2026-07-20 09:00:00,,,,,,,,,,,,,17.267499923706055,60.0,1019.0,9.430268287658691,0.0,17.057313919067383,277.27490234375,0.1899999976158142,16.467500686645508,0.2399999946355819
1784541600000,2026-07-20 10:00:00,,,,,,,,,,,,,18.217500686645508,58.0,1019.0,9.816798210144045,0.0,17.67302894592285,273.5034484863281,0.2100000232458114,17.167499542236328,0.238999992609024
1784545200000,2026-07-20 11:00:00,,,,,,,,,,,,,18.967500686645508,56.0,1018.9000244140624,9.993681907653809,0.0,19.82943344116211,273.1220703125,0.2199999988079071,17.86750030517578,0.2370000034570694
1784547534598,2026-07-20 11:38:54,,,,18.76,18.37,18.58,,,,100.0,-112.0,4.5,,,,,,,,,,
1784547539881,2026-07-20 11:38:59,35.32,28.59,26.75,,,,331.24,301.84,278.27,100.0,-113.0,3.25,,,,,,,,,,
1784548800000,2026-07-20 12:00:00,,,,,,,,,,,,,19.417499542236328,53.0,1018.7999877929688,9.590338706970217,0.0,21.17583465576172,287.8189697265625,0.2199999988079071,18.417499542236328,0.2360000014305114
1784552400000,2026-07-20 13:00:00,,,,,,,,,,,,,19.217500686645508,53.0,1018.9000244140624,9.405029296875,0.0,20.326454162597656,292.93212890625,0.1899999976158142,18.717500686645508,0.2339999973773956
1784556000000,2026-07-20 14:00:00,,,,,,,,,,,,,17.917499542236328,60.0,1019.2000122070312,10.041672706604004,0.1000000014901161,16.489416122436523,306.11944580078125,0.1500000059604644,18.51749992370605,0.2329999953508377
1784559600000,2026-07-20 15:00:00,,,,,,,,,,,,,18.467500686645508,57.0,1019.2999877929688,9.791168212890623,0.0,16.854766845703125,289.9831848144531,0.1700000017881393,18.567501068115234,0.2319999933242797
1784561937909,2026-07-20 15:38:57,35.15,28.42,26.59,,,,331.09,301.67,278.15,100.0,-115.0,-1.75,,,,,,,,,,
1784563200000,2026-07-20 16:00:00,,,,,,,,,,,,,18.667499542236328,56.0,1019.0999755859376,9.713871002197266,0.0,19.336389541625977,294.1791076660156,0.1400000154972076,18.567501068115234,0.231000006198883
1784566800000,2026-07-20 17:00:00,,,,,,,,,,,,,18.317501068115234,57.0,1019.0999755859376,9.650956153869627,0.0,14.51206398010254,299.7447814941406,0.1000000089406967,18.51749992370605,0.2300000041723251
1784570400000,2026-07-20 18:00:00,,,,,,,,,,,,,17.967500686645508,62.0,1018.9000244140624,10.580121994018556,0.0,13.27614402770996,282.52880859375,0.0599999986588954,18.317501068115234,0.2290000021457672
1784574000000,2026-07-20 19:00:00,,,,,,,,,,,,,16.817501068115234,72.0,1019.7999877929688,11.740180015563965,0.4000000059604645,13.47958278656006,304.114501953125,0.0399999991059303,17.967500686645508,0.2280000001192093
1784576327154,2026-07-20 19:38:47,,,,18.61,18.09,18.4,,,,100.0,-113.0,2.0,,,,,,,,,,
1784576334112,2026-07-20 19:38:54,35.09,28.33,26.53,,,,331.03,301.58,278.1,100.0,-112.0,-4.0,,,,,,,,,,
1784577600000,2026-07-20 20:00:00,,,,,,,,,,,,,15.717500686645508,77.0,1020.0999755859376,11.69567584991455,0.0,8.049844741821289,296.5649719238281,0.0500000044703483,17.417499542236328,0.2280000001192093
1784581200000,2026-07-20 21:00:00,,,,,,,,,,,,,14.567500114440918,79.0,1020.5,10.966713905334473,0.0,7.386581897735596,313.02508544921875,0.0399999991059303,16.767499923706055,0.2269999980926513
1784584800000,2026-07-20 22:00:00,,,,,,,,,,,,,14.067500114440918,78.0,1020.7000122070312,10.289581298828123,0.0,7.145795822143555,319.085693359375,0.0399999991059303,16.267499923706055,0.2269999980926513
1784588400000,2026-07-20 23:00:00,,,,,,,,,,,,,13.517499923706056,80.0,1020.7000122070312,10.133885383605955,0.0,6.696386814117432,323.7460632324219,0.0299999993294477,15.717500686645508,0.2259999960660934
1784592000000,2026-07-21 00:00:00,,,,,,,,,,,,,14.317500114440918,93.0,1021.9000244140624,13.200279235839844,0.0,7.895416259765625,316.8475952148437,0.0,16.5674991607666,0.2339999973773956
1784595600000,2026-07-21 01:00:00,,,,,,,,,,,,,13.967500686645508,93.0,1021.0,12.85330867767334,0.0,10.495713233947754,329.03631591796875,0.0,16.267499923706055,0.2339999973773956
1784599200000,2026-07-21 02:00:00,,,,,,,,,,,,,13.267499923706056,94.0,1021.2999877929688,12.322071075439451,0.0,6.409617424011231,321.8427124023437,0.0,15.86750030517578,0.2329999953508377
1784602800000,2026-07-21 03:00:00,,,,,,,,,,,,,12.917500495910645,95.0,1021.4000244140624,12.135404586791992,0.0,5.9044389724731445,322.43133544921875,0.0,15.417500495910645,0.2329999953508377
1784605119759,2026-07-21 03:38:39,,,,18.4,18.27,18.24,,,,100.0,-121.0,-10.5,,,,,,,,,,
1784605127149,2026-07-21 03:38:47,34.99,28.22,26.41,,,,330.94,301.46,278.01,100.0,-125.0,-6.5,,,,,,,,,,
1784606400000,2026-07-21 04:00:00,,,,,,,,,,,,,13.267499923706056,94.0,1021.7999877929688,12.322071075439451,0.0,6.130578517913818,310.2362976074219,0.0,15.167500495910645,0.2329999953508377
1784610000000,2026-07-21 05:00:00,,,,,,,,,,,,,14.017499923706056,91.0,1021.7999877929688,12.570849418640137,0.0,7.091177463531494,293.9624938964844,0.0199999995529651,15.217500686645508,0.2329999953508377
1784613600000,2026-07-21 06:00:00,,,,,,,,,,,,,14.967500686645508,85.0,1022.0999755859376,12.466398239135742,0.0,12.18162441253662,304.1597595214844,0.0500000044703483,15.517499923706056,0.2319999933242797
1784617200000,2026-07-21 07:00:00,,,,,,,,,,,,,16.11750030517578,78.0,1022.0999755859376,12.279546737670898,0.0,12.783802032470703,302.347412109375,0.1099999994039535,16.017499923706055,0.2319999933242797
1784619515915,2026-07-21 07:38:35,,,,18.27,18.27,18.24,,,,100.0,-115.0,3.0,,,,,,,,,,
1784619522863,2026-07-21 07:38:42,34.92,28.1,26.33,,,,330.88,301.34,277.95,100.0,-117.0,-9.0,,,,,,,,,,
1784620800000,2026-07-21 08:00:00,,,,,,,,,,,,,17.317501068115234,69.0,1022.0,11.575071334838867,0.0,12.904882431030272,300.14129638671875,0.1800000071525573,16.717500686645508,0.231000006198883
1784624400000,2026-07-21 09:00:00,,,,,,,,,,,,,18.51749992370605,60.0,1021.9000244140624,10.605963706970217,0.0,13.281023025512695,302.8285522460937,0.2300000041723251,17.417499542236328,0.2300000041723251
1784628000000,2026-07-21 10:00:00,,,,,,,,,,,,,19.11750030517578,53.0,1021.7999877929688,9.312371253967283,0.0,13.493998527526855,313.9191589355469,0.2599999904632568,18.01749992370605,0.2290000021457672
1784631600000,2026-07-21 11:00:00,,,,,,,,,,,,,19.917499542236328,49.0,1021.7000122070312,8.88552188873291,0.0,13.27614402770996,319.3987731933594,0.270000010728836,18.51749992370605,0.2280000001192093
1784633912210,2026-07-21 11:38:32,,,,18.18,18.64,18.03,,,,100.0,-121.0,-4.25,,,,,,,,,,
1784635200000,2026-07-21 12:00:00,,,,,,,,,,,,,20.817501068115234,45.0,1021.2000122070312,8.447816848754883,0.0,11.592893600463867,306.15826416015625,0.270000010728836,19.11750030517578,0.2269999980926513
1784638800000,2026-07-21 13:00:00,,,,,,,,,,,,,21.01749992370605,42.0,1020.9000244140624,7.61347770690918,0.0,15.57598114013672,326.3099060058594,0.2599999904632568,19.567501068115234,0.2259999960660934
1784642400000,2026-07-21 14:00:00,,,,,,,,,,,,,20.167499542236328,50.0,1020.7999877929688,9.415204048156738,0.0,6.608721733093262,330.642333984375,0.1700000017881393,19.417499542236328,0.2249999940395355
1784646000000,2026-07-21 15:00:00,,,,,,,,,,,,,21.217500686645508,41.0,1020.4000244140624,7.440233707427978,0.0,10.948972702026367,297.4075012207031,0.2199999988079071,19.667499542236328,0.2240000069141388
1784648308515,2026-07-21 15:38:28,,,,18.18,18.67,18.52,,,,100.0,-119.0,-0.75,,,,,,,,,,
1784648313702,2026-07-21 15:38:33,34.54,27.79,26.11,,,,330.54,301.02,277.78,100.0,-121.0,-3.0,,,,,,,,,,
1784649600000,2026-07-21 16:00:00,,,,,,,,,,,,,21.067501068115234,47.0,1020.4000244140624,9.319772720336914,0.0,10.446206092834473,1.9748992919921875,0.1899999976158142,19.817501068115234,0.2230000048875808
1784653200000,2026-07-21 17:00:00,,,,,,,,,,,,,20.067501068115234,53.0,1020.5999755859376,10.19251823425293,0.0,12.605141639709473,1.6365454196929932,0.1500000059604644,19.717500686645508,0.2220000028610229
1784656800000,2026-07-21 18:00:00,,,,,,,,,,,,,18.76749992370605,57.0,1020.7000122070312,10.071582794189451,0.0,7.594207286834717,5.440250396728516,0.0700000077486038,19.36750030517578,0.2220000028610229
1784660400000,2026-07-21 19:00:00,,,,,,,,,,,,,16.717500686645508,66.0,1020.9000244140624,10.333260536193848,0.0,4.394360065460205,325.0079040527344,0.0399999991059303,18.717500686645508,0.221000000834465
1784664000000,2026-07-21 20:00:00,,,,,,,,,,,,,16.017499923706055,69.0,1021.0999755859376,10.331645965576172,0.0,4.452953815460205,345.9637145996094,0.0199999995529651,17.917499542236328,0.221000000834465
1784667600000,2026-07-21 21:00:00,,,,,,,,,,,,,15.717500686645508,69.0,1021.0999755859376,10.044660568237305,0.0,3.7585103511810303,343.3006896972656,0.0199999995529651,17.317501068115234,0.2199999988079071
1784671200000,2026-07-21 22:00:00,,,,,,,,,,,,,15.267499923706056,71.0,1021.0999755859376,10.040681838989258,0.0,4.213691711425781,340.0168151855469,0.0099999997764825,16.717500686645508,0.2199999988079071
1784674800000,2026-07-21 23:00:00,,,,,,,,,,,,,14.817500114440918,72.0,1021.0,9.817282676696776,0.0,3.096837043762207,324.4622497558594,0.0099999997764825,16.167499542236328,0.2199999988079071
1784678400000,2026-07-22 00:00:00,,,,,,,,,,,,,14.817500114440918,75.0,1021.0999755859376,10.428064346313477,0.0,4.213691711425781,340.0168151855469,0.0099999997764825,15.817500114440918,0.2230000048875808
1784682000000,2026-07-22 01:00:00,,,,,,,,,,,,,14.067500114440918,77.0,1021.0,10.096412658691406,0.0,4.802999019622803,347.00537109375,0.0,15.317500114440918,0.2230000048875808
1784685600000,2026-07-22 02:00:00,,,,,,,,,,,,,13.86750030517578,75.0,1020.5999755859376,9.510071754455566,0.0,2.741678237915039,336.8013916015625,0.0,14.767499923706056,0.2230000048875808
1784689200000,2026-07-22 03:00:00,,,,,,,,,,,,,13.067500114440918,76.0,1020.5,8.933104515075684,0.0,2.545584201812744,315.0000915527344,0.0,14.11750030517578,0.2230000048875808
1784691497393,2026-07-22 03:38:17,,,,18.21,18.33,18.0,,,,100.0,-113.0,-7.8,,,,,,,,,,
1784691505691,2026-07-22 03:38:25,34.44,27.64,25.92,,,,330.45,300.87,277.64,100.0,-117.0,-1.75,,,,,,,,,,
1784692800000,2026-07-22 04:00:00,,,,,,,,,,,,,12.417500495910645,80.0,1020.7999877929688,9.062647819519045,0.0,6.130578517913818,319.7637023925781,0.0,13.517499923706056,0.2230000048875808
1784696400000,2026-07-22 05:00:00,,,,,,,,,,,,,13.667500495910645,79.0,1021.0,10.091654777526855,0.0,3.826852560043335,311.1858215332031,0.0199999995529651,13.767499923706056,0.2230000048875808
1784700000000,2026-07-22 06:00:00,,,,,,,,,,,,,15.017499923706056,71.0,1020.7999877929688,9.800691604614258,0.0,2.741678237915039,293.1986083984375,0.0799999982118606,14.567500114440918,0.2220000028610229
1784703600000,2026-07-22 07:00:00,,,,,,,,,,,,,15.817500114440918,70.0,1020.7000122070312,10.355825424194336,0.0,5.991593837738037,302.7351989746094,0.1000000089406967,15.217500686645508,0.2220000028610229
1784705893646,2026-07-22 07:38:13,,,,18.09,18.7,17.94,,,,100.0,-117.0,0.25,,,,,,,,,,
1784705900674,2026-07-22 07:38:20,34.31,27.56,25.84,,,,330.33,300.78,277.58,100.0,-122.0,-4.25,,,,,,,,,,
1784707200000,2026-07-22 08:00:00,,,,,,,,,,,,,16.717500686645508,67.0,1020.4000244140624,10.558833122253418,0.0,9.339207649230955,297.552734375,0.1599999964237213,15.86750030517578,0.2220000028610229
1784710800000,2026-07-22 09:00:00,,,,,,,,,,,,,17.517499923706055,64.0,1020.0999755859376,10.631258010864258,0.0,9.339207649230955,297.552734375,0.1700000017881393,16.417499542236328,0.221000000834465
1784714400000,2026-07-22 10:00:00,,,,,,,,,,,,,18.26749992370605,61.0,1019.5,10.618891716003418,0.0,10.739832878112791,283.5704345703125,0.2199999988079071,17.167499542236328,0.221000000834465
1784718000000,2026-07-22 11:00:00,,,,,,,,,,,,,18.967500686645508,58.0,1019.0,10.51927661895752,0.0,13.556282043457031,280.71307373046875,0.2100000232458114,17.567501068115234,0.2199999988079071
1784720289947,2026-07-22 11:38:09,,,,17.94,18.49,17.7,,,,100.0,-115.0,2.5,,,,,,,,,,
1784720295126,2026-07-22 11:38:15,34.07,27.42,25.74,,,,330.11,300.64,277.5,100.0,-118.0,-0.75,,,,,,,,,,
1784721600000,2026-07-22 12:00:00,,,,,,,,,,,,,19.11750030517578,56.0,1018.2999877929688,10.133580207824709,0.0,13.441070556640623,262.3040466308594,0.2100000232458114,17.917499542236328,0.2189999967813491
1784725200000,2026-07-22 13:00:00,,,,,,,,,,,,,19.317501068115234,55.0,1018.0,10.050376892089844,0.0,13.905508995056152,291.2505798339844,0.1700000017881393,18.01749992370605,0.2189999967813491
1784728800000,2026-07-22 14:00:00,,,,,,,,,,,,,19.01749992370605,57.0,1017.7000122070312,10.305243492126465,0.0,12.41347599029541,286.8584899902344,0.1700000017881393,18.217500686645508,0.2179999947547912
1784732400000,2026-07-22 15:00:00,,,,,,,,,,,,,19.317501068115234,55.0,1017.5999755859376,10.050376892089844,0.0,13.684735298156738,296.5649719238281,0.1599999964237213,18.417499542236328,0.2169999927282333
1784736000000,2026-07-22 16:00:00,,,,,,,,,,,,,17.917499542236328,63.0,1017.7999877929688,10.773316383361816,0.0,16.087610244750977,310.462158203125,0.1099999994039535,18.26749992370605,0.2169999927282333
1784739600000,2026-07-22 17:00:00,,,,,,,,,,,,,17.717500686645508,67.0,1017.5,11.511890411376951,0.0,9.178235054016112,295.5599060058594,0.0900000035762786,18.01749992370605,0.2160000056028366
1784743200000,2026-07-22 18:00:00,,,,,,,,,,,,,16.61750030517578,77.0,1017.0,12.567870140075684,0.2000000029802322,8.699792861938477,294.4439392089844,0.0599999986588954,17.717500686645508,0.2160000056028366
1784746800000,2026-07-22 19:00:00,,,,,,,,,,,,,15.417500495910645,80.0,1016.9000244140624,11.983922004699709,0.0,5.937272071838379,284.0362548828125,0.0399999991059303,17.217500686645508,0.2160000056028366
1784750400000,2026-07-22 20:00:00,,,,,,,,,,,,,15.36750030517578,82.0,1016.7999877929688,12.310552597045898,0.1000000014901161,5.771238803863525,273.5762634277344,0.0299999993294477,16.717500686645508,0.2160000056028366
1784754000000,2026-07-22 21:00:00,,,,,,,,,,,,,15.217500686645508,83.0,1016.5,12.34850788116455,0.1000000014901161,6.569382667541504,279.4622497558594,0.0299999993294477,16.36750030517578,0.2150000035762787
1784757600000,2026-07-22 22:00:00,,,,,,,,,,,,,15.067500114440918,84.0,1016.0999755859376,12.384098052978516,0.0,6.877789974212647,276.0089111328125,0.0299999993294477,16.167499542236328,0.2150000035762787
1784761200000,2026-07-22 23:00:00,,,,,,,,,,,,,14.967500686645508,86.0,1015.9000244140624,12.644775390625,0.0,7.771330833435059,283.3925170898437,0.0299999993294477,15.967500686645508,0.2150000035762787
1784764800000,2026-07-23 00:00:00,,,,,,,,,,,,,15.017499923706056,90.0,1015.9000244140624,13.38986873626709,0.2000000029802322,6.7637858390808105,295.2010803222656,0.0299999993294477,16.767499923706055,0.2169999927282333
1784768400000,2026-07-23 01:00:00,,,,,,,,,,,,,15.017499923706056,91.0,1015.9000244140624,13.55960464477539,0.1000000014901161,9.021574020385742,298.6103515625,0.0199999995529651,16.467500686645508,0.2179999947547912
1784772000000,2026-07-23 02:00:00,,,,,,,,,,,,,14.767499923706056,91.0,1015.9000244140624,13.312419891357422,0.4000000059604645,10.948972702026367,297.4075012207031,0.0299999993294477,16.3174991607666,0.2199999988079071
1784775600000,2026-07-23 03:00:00,,,,,,,,,,,,,14.517499923706056,89.0,1015.7999877929688,12.725404739379885,0.3000000119209289,10.805997848510742,299.9815673828125,0.0299999993294477,16.167499542236328,0.2230000048875808
1784779200000,2026-07-23 04:00:00,,,,,,,,,,,,,14.167500495910645,87.0,1016.0,12.03456974029541,0.0,11.983187675476074,302.7351989746094,0.0399999991059303,15.967500686645508,0.2269999980926513
1784782800000,2026-07-23 05:00:00,,,,,,,,,,,,,13.717500686645508,83.0,1016.4000244140624,10.881556510925291,0.0,15.941944122314451,295.4076843261719,0.0700000077486038,15.817500114440918,0.2290000021457672
1784786400000,2026-07-23 06:00:00,,,,,,,,,,,,,13.86750030517578,82.0,1016.7000122070312,10.84572982788086,0.0,15.003839492797852,300.25634765625,0.1099999994039535,15.717500686645508,0.231000006198883
1784790000000,2026-07-23 07:00:00,,,,,,,,,,,,,13.767499923706056,82.0,1016.7999877929688,10.748068809509276,0.0,14.843179702758787,292.83367919921875,0.0900000035762786,15.61750030517578,0.2319999933242797
1784792271381,2026-07-23 07:37:51,,,,17.88,18.33,18.0,,,,100.0,-116.0,3.5,,,,,,,,,,
1784792276579,2026-07-23 07:37:56,33.77,27.07,25.44,,,,329.84,300.28,277.27,100.0,-117.0,2.5,,,,,,,,,,
1784793600000,2026-07-23 08:00:00,,,,,,,,,,,,,13.967500686645508,82.0,1016.9000244140624,10.943389892578123,0.0,12.758432388305664,286.3896179199219,0.0799999982118606,15.517499923706056,0.2319999933242797
1784797200000,2026-07-23 09:00:00,,,,,,,,,,,,,14.517499923706056,79.0,1016.9000244140624,10.91810131072998,0.0,17.78268814086914,291.3706970214844,0.1099999994039535,15.567500114440918,0.2329999953508377
1784800800000,2026-07-23 10:00:00,,,,,,,,,,,,,15.467500686645508,74.0,1016.9000244140624,10.85393238067627,0.0,14.658676147460938,294.6768493652344,0.1400000154972076,15.767499923706056,0.2319999933242797
1784804400000,2026-07-23 11:00:00,,,,,,,,,,,,,17.417499542236328,67.0,1016.7000122070312,11.225992202758787,0.0,18.03236961364746,296.0534362792969,0.1500000059604644,16.017499923706055,0.2319999933242797
1784806667661,2026-07-23 11:37:47,,,,17.82,18.18,17.64,,,,100.0,-109.0,5.75,,,,,,,,,,
1784806672858,2026-07-23 11:37:52,33.7,27.05,25.4,,,,329.78,300.26,277.24,100.0,-109.0,6.75,,,,,,,,,,
1784808000000,2026-07-23 12:00:00,,,,,,,,,,,,,17.36750030517578,66.0,1016.4000244140624,10.951664924621582,0.0,16.548255920410156,315.8813171386719,0.2399999946355819,16.667499542236328,0.2319999933242797
1784811600000,2026-07-23 13:00:00,,,,,,,,,,,,,19.01749992370605,64.0,1015.9000244140624,12.052802085876465,0.0,11.918120384216309,295.016845703125,0.1899999976158142,16.967500686645508,0.231000006198883
1784815200000,2026-07-23 14:00:00,,,,,,,,,,,,,18.76749992370605,57.0,1015.5999755859376,10.071582794189451,0.2000000029802322,11.246759414672852,309.8055114746094,0.2599999904632568,17.61750030517578,0.2300000041723251
1784818800000,2026-07-23 15:00:00,,,,,,,,,,,,,16.11750030517578,78.0,1016.2000122070312,12.279546737670898,6.400000095367432,4.6938252449035645,355.60137939453125,0.1099999994039535,17.267499923706055,0.2509999871253967
1784822400000,2026-07-23 16:00:00,,,,,,,,,,,,,17.067501068115234,80.0,1015.9000244140624,13.590234756469728,0.0,3.976329803466797,264.8056640625,0.1199999973177909,17.11750030517578,0.2720000147819519
1784826000000,2026-07-23 17:00:00,,,,,,,,,,,,,17.567501068115234,82.0,1015.7999877929688,14.45859146118164,0.0,0.5091168880462646,135.00010681152344,0.1099999994039535,17.217500686645508,0.2770000100135803
1784829600000,2026-07-23 18:00:00,,,,,,,,,,,,,16.267499923706055,80.0,1016.4000244140624,12.81144905090332,0.699999988079071,14.241628646850586,16.144412994384766,0.0700000077486038,17.217500686645508,0.277999997138977
1784833200000,2026-07-23 19:00:00,,,,,,,,,,,,,14.86750030517578,84.0,1017.0999755859376,12.188232421875,1.5,1.527350664138794,135.00010681152344,0.0500000044703483,16.767499923706055,0.2899999916553497
1784836800000,2026-07-23 20:00:00,,,,,,,,,,,,,13.817500114440918,92.0,1017.2999877929688,12.539643287658691,0.0,2.27683973312378,108.43504333496094,0.0099999997764825,16.3174991607666,0.2949999868869781
1784840400000,2026-07-23 21:00:00,,,,,,,,,,,,,13.86750030517578,90.0,1017.5,12.25429630279541,0.0,2.189794540405273,99.46224975585938,0.0,15.86750030517578,0.2939999997615814
1784844000000,2026-07-23 22:00:00,,,,,,,,,,,,,13.717500686645508,89.0,1017.5999755859376,11.936482429504396,0.0,0.7199999690055847,360.0,0.0,15.517499923706056,0.2930000126361847
1784847600000,2026-07-23 23:00:00,,,,,,,,,,,,,13.61750030517578,88.0,1017.5999755859376,11.666614532470703,0.0,4.072935104370117,315.0000915527344,0.0,15.11750030517578,0.2899999916553497
1784851200000,2026-07-24 00:00:00,,,,,,,,,,,,,12.717500686645508,94.0,1018.2000122070312,11.776117324829102,0.0,5.991593837738037,327.2647705078125,0.0099999997764825,14.417500495910645,0.2790000140666961
1784854800000,2026-07-24 01:00:00,,,,,,,,,,,,,12.217500686645508,93.0,1018.5,11.118400573730469,0.0,5.804825305938721,330.2552185058594,0.0,14.167500495910645,0.2770000100135803
1784858400000,2026-07-24 02:00:00,,,,,,,,,,,,,11.767499923706056,94.0,1019.2999877929688,10.833084106445312,0.0,6.287129878997803,336.37060546875,0.0,13.917500495910645,0.2759999930858612
1784862000000,2026-07-24 03:00:00,,,,,,,,,,,,,11.317500114440918,94.0,1019.5,10.386374473571776,0.0,5.495161056518555,328.3925476074219,0.0,13.667500495910645,0.2739999890327453
1784864252911,2026-07-24 03:37:32,,,,17.46,17.28,16.67,,,,100.0,-112.0,-8.8,,,,,,,,,,
1784864259814,2026-07-24 03:37:39,33.54,26.9,25.21,,,,329.63,300.11,277.1,100.0,-112.0,-8.8,,,,,,,,,,
1784865600000,2026-07-24 04:00:00,,,,,,,,,,,,,11.717500686645508,94.0,1019.5999755859376,10.783451080322266,0.0,5.191993713378906,326.3099060058594,0.0099999997764825,13.467500686645508,0.2730000019073486
1784869200000,2026-07-24 05:00:00,,,,,,,,,,,,,12.567500114440918,92.0,1019.9000244140624,11.302020072937012,0.0,5.623379707336426,309.8055114746094,0.0500000044703483,13.517499923706056,0.2709999978542328
1784872800000,2026-07-24 06:00:00,,,,,,,,,,,,,13.517499923706056,89.0,1020.0,11.739246368408203,0.0,5.634891033172607,296.5649719238281,0.1299999952316284,13.767499923706056,0.270000010728836
1784876400000,2026-07-24 07:00:00,,,,,,,,,,,,,14.61750030517578,84.0,1020.0999755859376,11.943397521972656,0.0,7.421589851379394,292.83367919921875,0.2199999988079071,14.217500686645508,0.2680000066757202
1784878649137,2026-07-24 07:37:29,,,,17.28,17.94,17.49,,,,100.0,-112.0,5.25,,,,,,,,,,
1784878654324,2026-07-24 07:37:34,33.5,26.88,25.21,,,,329.6,300.08,277.1,100.0,-111.0,6.75,,,,,,,,,,
1784880000000,2026-07-24 08:00:00,,,,,,,,,,,,,15.817500114440918,77.0,1019.7999877929688,11.792593955993652,0.0,9.227523803710938,290.5561218261719,0.3199999928474426,14.767499923706056,0.2660000026226043
1784883600000,2026-07-24 09:00:00,,,,,,,,,,,,,16.517499923706055,72.0,1019.5,11.45177936553955,0.0,9.178235054016112,295.5599060058594,0.3799999952316284,15.267499923706056,0.2639999985694885
1784887200000,2026-07-24 10:00:00,,,,,,,,,,,,,17.967500686645508,63.0,1019.0999755859376,10.820612907409668,0.0,9.793058395385742,287.1028137207031,0.4399999976158142,15.817500114440918,0.2610000073909759
1784890800000,2026-07-24 11:00:00,,,,,,,,,,,,,19.317501068115234,57.0,1018.5,10.585618019104004,0.0,11.726277351379396,287.8787841796875,0.4700000584125519,16.517499923706055,0.2590000033378601
1784894400000,2026-07-24 12:00:00,,,,,,,,,,,,,20.86750030517578,49.0,1018.0,9.757349014282228,0.0,9.44957160949707,287.7447509765625,0.5,17.36750030517578,0.2560000121593475
1784898000000,2026-07-24 13:00:00,,,,,,,,,,,,,21.717500686645508,45.0,1017.2999877929688,9.265276908874512,0.0,9.904906272888184,289.0935974121094,0.5,18.167499542236328,0.2540000081062317
1784901600000,2026-07-24 14:00:00,,,,,,,,,,,,,22.067501068115234,46.0,1016.7000122070312,9.910987854003906,0.0,9.178235054016112,295.5599060058594,0.4600000083446502,18.76749992370605,0.2509999871253967
1784905200000,2026-07-24 15:00:00,,,,,,,,,,,,,22.11750030517578,47.0,1016.0,10.27826976776123,0.0,6.297428131103516,300.96368408203125,0.4099999964237213,19.167499542236328,0.2479999959468841
1784907448715,2026-07-24 15:37:28,33.54,26.82,25.17,,,,329.63,300.02,277.07,100.0,-117.0,-7.75,,,,,,,,,,
1784908800000,2026-07-24 16:00:00,,,,,,,,,,,,,21.61750030517578,47.0,1015.7000122070312,9.821884155273438,0.0,8.891343116760254,301.7594299316406,0.3400000035762787,19.26749992370605,0.2460000067949295
1784912400000,2026-07-24 17:00:00,,,,,,,,,,,,,20.967500686645508,55.0,1015.2999877929688,11.585527420043944,0.0,4.582051753997803,315.0000915527344,0.25,19.11750030517578,0.2440000027418136
1784916000000,2026-07-24 18:00:00,,,,,,,,,,,,,19.317501068115234,67.0,1015.0999755859376,13.036421775817873,0.0,3.617955207824707,5.710507392883301,0.1000000089406967,18.817501068115234,0.2430000007152557
1784919600000,2026-07-24 19:00:00,,,,,,,,,,,,,17.567501068115234,66.0,1015.2000122070312,11.141926765441896,0.0,4.072935104370117,44.99989700317383,0.0199999995529651,18.01749992370605,0.2409999966621399
1784921845007,2026-07-24 19:37:25,33.64,26.82,25.21,,,,329.72,300.02,277.1,100.0,-118.0,-3.5,,,,,,,,,,
1784923200000,2026-07-24 20:00:00,,,,,,,,,,,,,16.517499923706055,61.0,1015.0999755859376,8.969514846801758,0.0,3.545588731765747,66.03750610351562,0.0,16.86750030517578,0.2399999946355819
1784926800000,2026-07-24 21:00:00,,,,,,,,,,,,,15.61750030517578,66.0,1015.0,9.286558151245115,0.0,3.617955207824707,95.71050262451172,0.0,15.767499923706056,0.2399999946355819
1784930400000,2026-07-24 22:00:00,,,,,,,,,,,,,14.767499923706056,70.0,1014.9000244140624,9.349578857421877,0.0,4.104631423950195,105.2551727294922,0.0,14.86750030517578,0.238999992609024
1784934000000,2026-07-24 23:00:00,,,,,,,,,,,,,14.017499923706056,73.0,1014.7000122070312,9.252755165100098,0.0,4.104631423950195,105.2551727294922,0.0,14.217500686645508,0.238999992609024
1784936241375,2026-07-24 23:37:21,33.7,26.85,25.17,,,,329.78,300.05,277.07,100.0,-113.0,-6.0,,,,,,,,,,
1784937600000,2026-07-25 00:00:00,,,,,,,,,,,,,14.717500686645508,83.0,1014.2000122070312,11.859545707702637,0.0,4.829906940460205,116.5649871826172,0.0,14.86750030517578,0.2399999946355819
1784941200000,2026-07-25 01:00:00,,,,,,,,,,,,,13.86750030517578,86.0,1013.7000122070312,11.56445026397705,0.0,5.937272071838379,104.03627014160156,0.0,14.517499923706056,0.238999992609024
1784944800000,2026-07-25 02:00:00,,,,,,,,,,,,,13.517499923706056,82.0,1013.2000122070312,10.503911018371582,0.0,6.287129878997803,103.24053192138672,0.0099999997764825,14.167500495910645,0.238999992609024
1784948400000,2026-07-25 03:00:00,,,,,,,,,,,,,13.267499923706056,78.0,1012.7999877929688,9.512883186340332,0.0,5.937272071838379,104.03627014160156,0.0099999997764825,13.767499923706056,0.238999992609024
1784952000000,2026-07-25 04:00:00,,,,,,,,,,,,,13.11750030517578,77.0,1012.5,9.1754789352417,0.0,5.351784706115723,109.65391540527344,0.0099999997764825,13.417500495910645,0.238999992609024
1784955600000,2026-07-25 05:00:00,,,,,,,,,,,,,14.217500686645508,77.0,1012.4000244140624,10.241812705993652,0.0,4.829906940460205,116.5649871826172,0.0299999993294477,13.467500686645508,0.238999992609024
1784959200000,2026-07-25 06:00:00,,,,,,,,,,,,,16.467500686645508,72.0,1012.0999755859376,11.403712272644045,0.0,5.001279830932617,120.25635528564452,0.1199999973177909,14.267499923706056,0.2380000054836273
1784962800000,2026-07-25 07:00:00,,,,,,,,,,,,,18.917499542236328,66.0,1011.7000122070312,12.42601203918457,0.0,6.409617424011231,128.1572723388672,0.2399999946355819,15.417500495910645,0.2380000054836273
1784965026863,2026-07-25 07:37:06,,,,17.28,16.93,17.28,,,,100.0,-112.0,-0.5,,,,,,,,,,
1784966400000,2026-07-25 08:00:00,,,,,,,,,,,,,21.217500686645508,61.0,1011.4000244140624,13.39780330657959,0.0,6.489992141723633,123.69010162353516,0.3600000143051147,16.61750030517578,0.2370000034570694
1784970000000,2026-07-25 09:00:00,,,,,,,,,,,,,23.467500686645508,55.0,1010.7999877929688,13.91021728515625,0.0,7.199999809265137,126.86998748779295,0.4300000071525574,18.01749992370605,0.2349999994039535
1784973600000,2026-07-25 10:00:00,,,,,,,,,,,,,25.26749992370605,46.0,1010.0,12.8226318359375,0.0,4.680000305175781,157.38009643554688,0.4900000393390655,19.36750030517578,0.2339999973773956
1784977200000,2026-07-25 11:00:00,,,,,,,,,,,,,26.36750030517578,39.0,1009.0999755859376,11.30502223968506,0.0,4.213691711425781,160.0167999267578,0.5400000214576721,20.61750030517578,0.2319999933242797
1784979423238,2026-07-25 11:37:03,,,,17.28,17.37,17.28,,,,100.0,-111.0,2.75,,,,,,,,,,
1784979428372,2026-07-25 11:37:08,33.5,26.7,25.05,,,,329.6,299.9,276.98,100.0,-111.0,0.5,,,,,,,,,,
1784980800000,2026-07-25 12:00:00,,,,,,,,,,,,,27.217500686645508,33.0,1008.4000244140624,9.549568176269531,0.0,11.17740535736084,255.0685272216797,0.550000011920929,21.567501068115234,0.2300000041723251
1784984400000,2026-07-25 13:00:00,,,,,,,,,,,,,27.61750030517578,37.0,1007.7999877929688,11.619362831115724,0.0,6.519876956939697,263.659912109375,0.5299999713897705,22.217500686645508,0.2280000001192093
1784988000000,2026-07-25 14:00:00,,,,,,,,,,,,,28.467500686645508,34.0,1007.0,11.090432167053224,0.0,8.496304512023926,233.6155548095703,0.4799999892711639,22.817501068115234,0.2259999960660934
1784991600000,2026-07-25 15:00:00,,,,,,,,,,,,,28.01749992370605,32.0,1006.5,9.788225173950195,0.0,10.308831214904783,257.9052429199219,0.4600000083446502,23.067501068115234,0.2240000069141388
1784993826467,2026-07-25 15:37:06,33.6,26.7,25.09,,,,329.69,299.9,277.01,100.0,-126.0,-8.0,,,,,,,,,,
1784995200000,2026-07-25 16:00:00,,,,,,,,,,,,,27.467500686645508,34.0,1006.0,10.21413516998291,0.0,7.952659606933594,264.8056640625,0.3600000143051147,22.967500686645508,0.2230000048875808
1784998800000,2026-07-25 17:00:00,,,,,,,,,,,,,26.567501068115234,45.0,1005.7000122070312,13.666001319885254,0.0,3.976329803466797,264.8056640625,0.2399999946355819,22.76749992370605,0.221000000834465
1785002400000,2026-07-25 18:00:00,,,,,,,,,,,,,25.567501068115234,52.0,1005.5,14.987021446228027,0.0,2.595996856689453,236.3099060058593,0.1000000089406967,22.217500686645508,0.2199999988079071
1785006000000,2026-07-25 19:00:00,,,,,,,,,,,,,23.667499542236328,51.0,1005.5,12.93589210510254,0.0,4.198285102844238,120.96369171142578,0.0099999997764825,21.26749992370605,0.2189999967813491
1785009600000,2026-07-25 20:00:00,,,,,,,,,,,,,22.217500686645508,53.0,1005.5,12.18354606628418,0.0,5.804825305938721,97.12492370605467,0.0199999995529651,20.067501068115234,0.2179999947547912
1785013200000,2026-07-25 21:00:00,,,,,,,,,,,,,20.667499542236328,57.0,1005.5,11.847033500671388,0.0,4.553679466247559,108.43504333496094,0.0199999995529651,19.11750030517578,0.2179999947547912
1785016800000,2026-07-25 22:00:00,,,,,,,,,,,,,19.217500686645508,63.0,1005.5999755859376,12.00294303894043,0.0,5.052840709686279,94.08554077148438,0.0199999995529651,18.317501068115234,0.2169999927282333
1785020400000,2026-07-25 23:00:00,,,,,,,,,,,,,17.917499542236328,67.0,1005.7000122070312,11.702482223510742,0.0,0.3599999845027923,360.0,0.0099999997764825,17.61750030517578,0.2169999927282333
1785022620895,2026-07-25 23:37:00,,,,17.82,17.64,16.99,,,,100.0,-114.0,-3.5,,,,,,,,,,
1785024000000,2026-07-26 00:00:00,,,,,,,,,,,,,18.067501068115234,68.0,1004.9000244140624,12.0703125,0.0,0.3599999845027923,270.0,0.0099999997764825,17.86750030517578,0.2179999947547912
1785027600000,2026-07-26 01:00:00,,,,,,,,,,,,,16.817501068115234,71.0,1005.0999755859376,11.528409004211426,0.0,0.8049845099449158,116.5649871826172,0.0,17.11750030517578,0.2179999947547912
1785031200000,2026-07-26 02:00:00,,,,,,,,,,,,,16.0674991607666,72.0,1005.5,11.019158363342283,0.0,1.4399999380111694,360.0,0.0,16.417499542236328,0.2179999947547912
1785034800000,2026-07-26 03:00:00,,,,,,,,,,,,,15.267499923706056,75.0,1005.5999755859376,10.862860679626465,0.0,2.9024126529693604,97.12492370605467,0.0,15.767499923706056,0.2179999947547912
1785037008292,2026-07-26 03:36:48,,,,17.91,17.4,17.22,,,,100.0,-112.0,-7.8,,,,,,,,,,
1785037015240,2026-07-26 03:36:55,34.0,26.85,25.21,,,,330.05,300.05,277.1,100.0,-112.0,-9.2,,,,,,,,,,
1785038400000,2026-07-26 04:00:00,,,,,,,,,,,,,15.667500495910645,74.0,1005.7999877929688,11.04685878753662,0.0,2.27683973312378,71.5649642944336,0.0,15.267499923706056,0.2179999947547912
1785042000000,2026-07-26 05:00:00,,,,,,,,,,,,,16.967500686645508,76.0,1005.7999877929688,12.707274436950684,0.0,2.189794540405273,80.53775024414062,0.0,15.417500495910645,0.2179999947547912
1785045600000,2026-07-26 06:00:00,,,,,,,,,,,,,19.067501068115234,71.0,1005.7000122070312,13.687368392944336,0.0,0.3599999845027923,180.0,0.0900000035762786,16.467500686645508,0.2179999947547912
1785049200000,2026-07-26 07:00:00,,,,,,,,,,,,,21.217500686645508,65.0,1005.7999877929688,14.37656593322754,0.0,1.1384198665618896,198.4350433349609,0.2000000178813934,17.61750030517578,0.2169999927282333
1785051411590,2026-07-26 07:36:51,33.93,26.85,25.17,,,,329.99,300.05,277.07,100.0,-119.0,-0.75,,,,,,,,,,
1785052800000,2026-07-26 08:00:00,,,,,,,,,,,,,23.317501068115234,57.0,1005.5,14.321894645690918,0.0,2.099142551422119,210.96368408203125,0.3400000035762787,18.817501068115234,0.2169999927282333
1785056400000,2026-07-26 09:00:00,,,,,,,,,,,,,25.36750030517578,50.0,1005.2999877929688,14.195173263549805,0.0,2.189794540405273,260.5377502441406,0.4200000464916229,20.11750030517578,0.2160000056028366
1785060000000,2026-07-26 10:00:00,,,,,,,,,,,,,27.01749992370605,45.0,1004.7999877929688,14.073930740356444,0.0,2.741678237915039,246.80137634277344,0.4700000584125519,21.417499542236328,0.2140000015497207
1785063600000,2026-07-26 11:00:00,,,,,,,,,,,,,27.76749992370605,45.0,1004.4000244140624,14.753669738769531,0.0,3.5999999046325684,270.0,0.4600000083446502,22.567501068115234,0.2129999995231628
1785065800860,2026-07-26 11:36:40,,,,17.85,18.18,17.11,,,,100.0,-126.0,-8.5,,,,,,,,,,
1785065806045,2026-07-26 11:36:46,33.83,26.79,25.13,,,,329.9,299.99,277.04,100.0,-119.0,-2.5,,,,,,,,,,
1785067200000,2026-07-26 12:00:00,,,,,,,,,,,,,28.717500686645508,35.0,1003.7000122070312,11.747989654541016,0.0,13.77911376953125,289.8553161621094,0.3900000154972076,23.26749992370605,0.2119999974966049
1785070800000,2026-07-26 13:00:00,,,,,,,,,,,,,28.667499542236328,35.0,1003.5,11.704038619995115,0.0,10.144082069396973,297.4743347167969,0.4099999964237213,23.717500686645508,0.210999995470047
1785074400000,2026-07-26 14:00:00,,,,,,,,,,,,,29.61750030517578,34.0,1003.0,12.097664833068848,0.0,10.10568141937256,274.0855407714844,0.3799999952316284,24.067501068115234,0.209999993443489
1785078000000,2026-07-26 15:00:00,,,,,,,,,,,,,29.167499542236328,32.0,1002.7999877929688,10.78846263885498,0.0,17.555307388305664,241.8584899902344,0.3500000238418579,24.26749992370605,0.2080000042915344
1785080197151,2026-07-26 15:36:37,,,,17.97,17.55,16.7,,,,100.0,-118.0,1.0,,,,,,,,,,
1785080202286,2026-07-26 15:36:42,33.83,26.76,25.17,,,,329.9,299.96,277.07,100.0,-116.0,3.0,,,,,,,,,,
1785081600000,2026-07-26 16:00:00,,,,,,,,,,,,,28.667499542236328,34.0,1002.4000244140624,11.265645027160645,0.0,13.755578994750977,222.8788909912109,0.2900000214576721,24.317501068115234,0.2070000022649765
1785085200000,2026-07-26 17:00:00,,,,,,,,,,,,,27.717500686645508,37.0,1002.4000244140624,11.707887649536133,0.0,9.686609268188477,228.0128631591797,0.1599999964237213,24.067501068115234,0.2060000002384185
1785088800000,2026-07-26 18:00:00,,,,,,,,,,,,,26.217500686645508,46.0,1002.7000122070312,13.686403274536133,0.0,5.001279830932617,239.74365234375,0.0900000035762786,23.567501068115234,0.2060000002384185
1785092400000,2026-07-26 19:00:00,,,,,,,,,,,,,22.417499542236328,53.0,1004.2999877929688,12.368698120117188,0.0,10.182336807250977,351.8699951171875,0.1000000089406967,22.86750030517578,0.2049999982118606
1785096000000,2026-07-26 20:00:00,,,,,,,,,,,,,21.01749992370605,66.0,1004.7000122070312,14.422825813293455,0.0,2.3051247596740723,38.65982818603516,0.0500000044703483,21.917499542236328,0.2039999961853027
1785099600000,2026-07-26 21:00:00,,,,,,,,,,,,,20.817501068115234,65.0,1004.7999877929688,13.996994972229004,0.0,2.4149534702301025,116.5649871826172,0.0,20.967500686645508,0.2039999961853027
1785103200000,2026-07-26 22:00:00,,,,,,,,,,,,,20.217500686645508,67.0,1005.0,13.893769264221191,0.0,2.620839357376098,254.0545349121093,0.0,20.26749992370605,0.2029999941587448
1785106800000,2026-07-26 23:00:00,,,,,,,,,,,,,19.51749992370605,72.0,1005.2000122070312,14.33517074584961,0.0,6.6380720138549805,282.52880859375,0.0299999993294477,19.817501068115234,0.2029999941587448
1785110400000,2026-07-27 00:00:00,,,,,,,,,,,,,20.11750030517578,65.0,1004.7000122070312,13.332669258117676,0.1000000014901161,5.506940841674805,258.6900939941406,0.0099999997764825,19.76749992370605,0.2000000029802322
1785114000000,2026-07-27 01:00:00,,,,,,,,,,,,,19.967500686645508,68.0,1005.2000122070312,13.883729934692385,0.0,17.643672943115234,271.1690979003906,0.0399999991059303,19.817501068115234,0.2000000029802322
1785117600000,2026-07-27 02:00:00,,,,,,,,,,,,,19.11750030517578,75.0,1006.2000122070312,14.58173370361328,0.0,17.057313919067383,277.27490234375,0.0299999993294477,19.76749992370605,0.2000000029802322
1785121200000,2026-07-27 03:00:00,,,,,,,,,,,,,18.467500686645508,78.0,1006.5999755859376,14.560150146484377,0.0,13.441070556640623,277.6959533691406,0.0299999993294477,19.417499542236328,0.2000000029802322
1785124800000,2026-07-27 04:00:00,,,,,,,,,,,,,18.36750030517578,79.0,1007.2999877929688,14.660463333129885,0.0,14.685175895690918,281.3099060058594,0.0299999993294477,19.217500686645508,0.2000000029802322
1785128400000,2026-07-27 05:00:00,,,,,,,,,,,,,18.067501068115234,78.0,1007.7000122070312,14.172008514404297,0.2000000029802322,13.138765335083008,279.4622497558594,0.0399999991059303,19.01749992370605,0.1990000009536743
1785132000000,2026-07-27 06:00:00,,,,,,,,,,,,,18.26749992370605,78.0,1008.2000122070312,14.366081237792969,0.0,14.79945945739746,274.1848449707031,0.0599999986588954,18.86750030517578,0.1990000009536743
1785135600000,2026-07-27 07:00:00,,,,,,,,,,,,,18.36750030517578,76.0,1008.7000122070312,14.061655044555664,0.0,18.94708251953125,284.3003234863281,0.1199999973177909,18.967500686645508,0.1990000009536743
1785139200000,2026-07-27 08:00:00,,,,,,,,,,,,,16.767499923706055,81.0,1010.2000122070312,13.488896369934082,1.2000000476837158,17.0725040435791,294.9438781738281,0.1199999973177909,18.717500686645508,0.1990000009536743
1785142800000,2026-07-27 09:00:00,,,,,,,,,,,,,17.417499542236328,76.0,1011.4000244140624,13.142638206481934,0.2000000029802322,18.709611892700195,300.0182800292969,0.1500000059604644,18.467500686645508,0.2000000029802322
1785146400000,2026-07-27 10:00:00,,,,,,,,,,,,,19.26749992370605,64.0,1012.0,12.289684295654297,0.0,20.26899147033692,289.72235107421875,0.2900000214576721,18.817501068115234,0.2010000050067901
1785150000000,2026-07-27 11:00:00,,,,,,,,,,,,,21.01749992370605,59.0,1012.5999755859376,12.699457168579102,0.0,18.709611892700195,300.0182800292969,0.3600000143051147,19.717500686645508,0.202000007033348
1785153600000,2026-07-27 12:00:00,,,,,,,,,,,,,21.467500686645508,55.0,1013.0,12.050591468811035,0.0,16.645864486694336,291.5713806152344,0.3000000119209289,20.36750030517578,0.2029999941587448
1785157200000,2026-07-27 13:00:00,,,,,,,,,,,,,22.467500686645508,50.0,1013.2000122070312,11.530370712280272,0.0,14.843179702758787,292.83367919921875,0.2900000214576721,21.167499542236328,0.2029999941587448
1785160800000,2026-07-27 14:00:00,,,,,,,,,,,,,21.36750030517578,51.0,1013.7000122070312,10.816526412963867,0.2000000029802322,12.979984283447266,289.44012451171875,0.2199999988079071,21.067501068115234,0.2029999941587448
1785164400000,2026-07-27 15:00:00,,,,,,,,,,,,,21.36750030517578,48.0,1014.2000122070312,9.90774154663086,0.0,14.843179702758787,309.0938415527344,0.2599999904632568,20.817501068115234,0.2039999961853027
1785168000000,2026-07-27 16:00:00,,,,,,,,,,,,,20.36750030517578,54.0,1014.7999877929688,10.751165390014648,0.1000000014901161,13.97987174987793,304.5085754394531,0.1400000154972076,20.417499542236328,0.2039999961853027
1785171600000,2026-07-27 17:00:00,,,,,,,,,,,,,20.417499542236328,57.0,1015.2000122070312,11.613470077514648,0.0,8.089993476867676,302.275634765625,0.1099999994039535,20.067501068115234,0.2039999961853027
1785175200000,2026-07-27 18:00:00,,,,,,,,,,,,,20.01749992370605,58.0,1015.4000244140624,11.50252914428711,0.0,6.725354194641113,285.524169921875,0.0700000077486038,19.76749992370605,0.2039999961853027
1785178800000,2026-07-27 19:00:00,,,,,,,,,,,,,18.717500686645508,65.0,1016.0999755859376,12.003746032714844,0.0,5.315336227416992,298.3006591796875,0.0399999991059303,19.217500686645508,0.2039999961853027
1785182400000,2026-07-27 20:00:00,,,,,,,,,,,,,18.11750030517578,70.0,1016.9000244140624,12.559378623962402,0.1000000014901161,6.877789497375488,317.12109375,0.0299999993294477,18.76749992370605,0.2039999961853027
1785186000000,2026-07-27 21:00:00,,,,,,,,,,,,,16.967500686645508,77.0,1017.7000122070312,12.90703010559082,0.8999999761581421,6.519876956939697,276.340087890625,0.0399999991059303,18.36750030517578,0.2039999961853027
1785189600000,2026-07-27 22:00:00,,,,,,,,,,,,,16.267499923706055,85.0,1018.4000244140624,13.741254806518556,0.0,4.680000305175781,292.6199035644531,0.0199999995529651,17.86750030517578,0.2049999982118606
1785193200000,2026-07-27 23:00:00,,,,,,,,,,,,,15.717500686645508,88.0,1018.7999877929688,13.734681129455566,0.0,4.104631423950195,307.8750305175781,0.0099999997764825,17.36750030517578,0.2049999982118606
1785196800000,2026-07-28 00:00:00,,,,,,,,,,,,,16.517499923706055,89.0,1019.2999877929688,14.697562217712402,0.0,5.959060192108154,295.016845703125,0.0099999997764825,18.26749992370605,0.2269999980926513
1785200400000,2026-07-28 01:00:00,,,,,,,,,,,,,16.36750030517578,90.0,1020.2999877929688,14.722850799560549,0.0,6.608721733093262,299.357666015625,0.0099999997764825,18.01749992370605,0.2259999960660934
1785204000000,2026-07-28 02:00:00,,,,,,,,,,,,,15.667500495910645,92.0,1021.0,14.371219635009766,0.0,6.6380720138549805,319.3987731933594,0.0099999997764825,17.767499923706055,0.2259999960660934
1785207600000,2026-07-28 03:00:00,,,,,,,,,,,,,14.567500114440918,94.0,1021.5,13.61247444152832,0.0,4.582051753997803,315.0000915527344,0.0099999997764825,17.317501068115234,0.2259999960660934
1785211200000,2026-07-28 04:00:00,,,,,,,,,,,,,14.017499923706056,94.0,1022.0999755859376,13.066539764404297,0.0,3.7585103511810303,343.3006896972656,0.0,16.717500686645508,0.2249999940395355
1785214800000,2026-07-28 05:00:00,,,,,,,,,,,,,15.217500686645508,90.0,1022.2000122070312,13.587350845336914,0.0,2.968636035919189,284.0362548828125,0.0099999997764825,16.517499923706055,0.2249999940395355
1785218400000,2026-07-28 06:00:00,,,,,,,,,,,,,16.61750030517578,80.0,1022.2999877929688,13.15217399597168,0.0,5.447788238525391,262.40545654296875,0.0799999982118606,16.967500686645508,0.2249999940395355
1785222000000,2026-07-28 07:00:00,,,,,,,,,,,,,17.967500686645508,71.0,1022.2999877929688,12.631967544555664,0.0,7.5170207023620605,286.6993103027344,0.1700000017881393,17.667499542236328,0.2240000069141388
1785225600000,2026-07-28 08:00:00,,,,,,,,,,,,,18.967500686645508,68.0,1022.5,12.929373741149902,0.0,9.6932954788208,285.06854248046875,0.2399999946355819,18.51749992370605,0.2230000048875808
1785229200000,2026-07-28 09:00:00,,,,,,,,,,,,,20.11750030517578,58.0,1022.5999755859376,11.59615707397461,0.0,11.841755867004396,289.5367431640625,0.270000010728836,19.01749992370605,0.2230000048875808
1785232800000,2026-07-28 10:00:00,,,,,,,,,,,,,21.717500686645508,52.0,1022.7000122070312,11.43234157562256,0.0,14.471820831298828,275.71051025390625,0.3300000131130218,19.76749992370605,0.221000000834465
1785236400000,2026-07-28 11:00:00,,,,,,,,,,,,,22.467500686645508,49.0,1022.5999755859376,11.225091934204102,0.0,14.154914855957031,277.3056640625,0.3600000143051147,20.61750030517578,0.2199999988079071
1785238556269,2026-07-28 11:35:56,,,,18.4,17.61,17.43,,,,100.0,-113.0,-7.0,,,,,,,,,,
1785238565223,2026-07-28 11:36:05,33.83,26.82,25.25,,,,329.9,300.02,277.13,100.0,-120.0,-1.0,,,,,,,,,,
1785240000000,2026-07-28 12:00:00,,,,,,,,,,,,,22.967500686645508,47.0,1022.4000244140624,11.053947448730469,0.0,15.72503662109375,285.9454650878906,0.3400000035762787,21.26749992370605,0.2189999967813491
1785243600000,2026-07-28 13:00:00,,,,,,,,,,,,,24.067501068115234,42.0,1022.0,10.36008071899414,0.0,15.379205703735352,286.3139343261719,0.3400000035762787,21.86750030517578,0.2169999927282333
1785247200000,2026-07-28 14:00:00,,,,,,,,,,,,,24.667499542236328,42.0,1021.7000122070312,10.900015830993652,0.0,14.825706481933594,299.05450439453125,0.3400000035762787,22.467500686645508,0.2160000056028366
1785250800000,2026-07-28 15:00:00,,,,,,,,,,,,,24.86750030517578,40.0,1021.4000244140624,10.346556663513184,0.0,11.367109298706056,280.9540100097656,0.3000000119209289,22.717500686645508,0.2150000035762787
1785254400000,2026-07-28 16:00:00,,,,,,,,,,,,,24.317501068115234,45.0,1021.5,11.625371932983398,0.0,11.019763946533203,308.3675231933594,0.25,22.76749992370605,0.2129999995231628
1785258000000,2026-07-28 17:00:00,,,,,,,,,,,,,23.667499542236328,45.0,1021.5999755859376,11.035550117492676,0.0,9.693296432495115,301.3286437988281,0.1700000017881393,22.51749992370605,0.2119999974966049
1785261600000,2026-07-28 18:00:00,,,,,,,,,,,,,22.467500686645508,51.0,1022.0999755859376,11.830317497253418,0.0,10.829957962036133,338.5521850585937,0.0799999982118606,22.01749992370605,0.210999995470047
1785265200000,2026-07-28 19:00:00,,,,,,,,,,,,,19.76749992370605,57.0,1022.5,11.006135940551758,0.0,6.725354194641113,15.524176597595217,0.0500000044703483,21.11750030517578,0.210999995470047
1785267348832,2026-07-28 19:35:48,,,,18.49,17.58,17.55,,,,100.0,-119.0,-1.75,,,,,,,,,,
1785268800000,2026-07-28 20:00:00,,,,,,,,,,,,,18.26749992370605,61.0,1022.9000244140624,10.618891716003418,0.0,6.989935874938965,34.50859069824219,0.0399999991059303,20.067501068115234,0.209999993443489
1785272400000,2026-07-28 21:00:00,,,,,,,,,,,,,17.36750030517578,67.0,1023.0,11.178340911865234,0.0,5.623379707336426,50.19447326660156,0.0299999993294477,19.217500686645508,0.2090000063180923
1785276000000,2026-07-28 22:00:00,,,,,,,,,,,,,16.86750030517578,70.0,1023.2999877929688,11.361898422241213,0.0,4.6102495193481445,51.34017181396485,0.0199999995529651,18.467500686645508,0.2090000063180923
1785279600000,2026-07-28 23:00:00,,,,,,,,,,,,,16.767499923706055,69.0,1023.5,11.049038887023926,0.0,4.104631423950195,105.2551727294922,0.0099999997764825,17.767499923706055,0.2080000042915344
1785283200000,2026-07-29 00:00:00,,,,,,,,,,,,,15.817500114440918,75.0,1023.5,11.394244194030762,0.0,3.9600000381469727,90.0,0.0199999995529651,17.417499542236328,0.2080000042915344
1785286800000,2026-07-29 01:00:00,,,,,,,,,,,,,14.917500495910645,80.0,1023.4000244140624,11.49710464477539,0.0,5.58870267868042,104.93147277832033,0.0099999997764825,16.86750030517578,0.2080000042915344
1785290400000,2026-07-29 02:00:00,,,,,,,,,,,,,15.36750030517578,77.0,1023.0999755859376,11.35646629333496,0.0,6.214563369750977,100.00791931152344,0.0099999997764825,16.5674991607666,0.2080000042915344
1785294000000,2026-07-29 03:00:00,,,,,,,,,,,,,15.417500495910645,76.0,1022.7000122070312,11.20750904083252,0.0,5.937272071838379,104.03627014160156,0.0199999995529651,16.417499542236328,0.2080000042915344
1785296141405,2026-07-29 03:35:41,,,,18.55,18.3,17.76,,,,100.0,-112.0,-8.5,,,,,,,,,,
1785296147275,2026-07-29 03:35:47,33.87,26.79,25.21,,,,329.93,299.99,277.1,100.0,-117.0,1.0,,,,,,,,,,
1785297600000,2026-07-29 04:00:00,,,,,,,,,,,,,15.11750030517578,77.0,1022.5,11.114163398742676,0.0,6.7637858390808105,115.20108795166016,0.0199999995529651,16.267499923706055,0.2070000022649765
1785301200000,2026-07-29 05:00:00,,,,,,,,,,,,,16.267499923706055,74.0,1022.5999755859376,11.625592231750488,0.0,5.804825305938721,119.74478912353516,0.0299999993294477,16.3174991607666,0.2070000022649765
1785304800000,2026-07-29 06:00:00,,,,,,,,,,,,,17.967500686645508,70.0,1022.4000244140624,12.415692329406738,0.0,5.692099094390869,124.69522094726562,0.0900000035762786,16.86750030517578,0.2070000022649765
1785308400000,2026-07-29 07:00:00,,,,,,,,,,,,,20.51749992370605,61.0,1022.0,12.738567352294922,0.0,7.289444923400879,122.90524291992188,0.1800000071525573,17.86750030517578,0.2060000002384185
1785310537672,2026-07-29 07:35:37,,,,18.4,18.21,17.52,,,,100.0,-115.0,2.0,,,,,,,,,,
1785312000000,2026-07-29 08:00:00,,,,,,,,,,,,,22.567501068115234,56.0,1021.5,13.349725723266602,0.0,9.504273414611816,114.62355041503906,0.270000010728836,19.067501068115234,0.2060000002384185
1785315600000,2026-07-29 09:00:00,,,,,,,,,,,,,24.86750030517578,51.0,1021.4000244140624,14.041067123413086,0.0,10.18869972229004,122.0053482055664,0.3300000131130218,20.36750030517578,0.2049999982118606
1785319200000,2026-07-29 10:00:00,,,,,,,,,,,,,27.01749992370605,43.0,1020.9000244140624,13.37423038482666,0.0,10.739831924438477,129.55963134765625,0.3900000154972076,21.817501068115234,0.2039999961853027
1785322800000,2026-07-29 11:00:00,,,,,,,,,,,,,28.717500686645508,37.0,1020.2000122070312,12.59293270111084,0.0,11.525623321533203,141.3401641845703,0.4000000357627868,23.167499542236328,0.2029999941587448
1785324941030,2026-07-29 11:35:41,33.47,26.64,25.09,,,,329.57,299.84,277.01,100.0,-112.0,-8.8,,,,,,,,,,
1785326400000,2026-07-29 12:00:00,,,,,,,,,,,,,29.917499542236328,32.0,1019.5999755859376,11.440482139587402,0.0,11.92355728149414,151.11351013183594,0.4099999964237213,24.317501068115234,0.2010000050067901
1785330000000,2026-07-29 13:00:00,,,,,,,,,,,,,30.667499542236328,31.0,1019.2000122070312,11.610724449157717,0.0,11.298495292663574,157.52052307128906,0.3900000154972076,25.217500686645508,0.2000000029802322
1785333600000,2026-07-29 14:00:00,,,,,,,,,,,,,31.11750030517578,30.0,1018.7000122070312,11.503256797790527,0.0,10.58791732788086,162.18101501464844,0.3600000143051147,25.917499542236328,0.1990000009536743
1785337200000,2026-07-29 15:00:00,,,,,,,,,,,,,31.11750030517578,31.0,1018.0999755859376,12.000194549560549,0.0,10.58791732788086,162.18101501464844,0.3199999928474426,26.26749992370605,0.1979999989271164
1785339337250,2026-07-29 15:35:37,33.44,26.59,25.05,,,,329.54,299.79,276.98,100.0,-113.0,-2.5,,,,,,,,,,
1785340800000,2026-07-29 16:00:00,,,,,,,,,,,,,30.917499542236328,32.0,1017.7000122070312,12.30946445465088,0.0,10.483357429504396,164.05453491210938,0.2599999904632568,26.317501068115234,0.1969999969005584
1785344400000,2026-07-29 17:00:00,,,,,,,,,,,,,30.317501068115234,34.0,1017.5999755859376,12.71049976348877,0.0,8.225034713745117,156.8013916015625,0.1800000071525573,26.11750030517578,0.1959999948740005
1785348000000,2026-07-29 18:00:00,,,,,,,,,,,,,28.76749992370605,39.0,1017.7000122070312,13.443093299865724,0.0,6.7637858390808105,115.20108795166016,0.0900000035762786,25.51749992370605,0.1949999928474426
1785351600000,2026-07-29 19:00:00,,,,,,,,,,,,,26.067501068115234,43.0,1017.9000244140624,12.517641067504885,0.0,6.924737930297852,98.97254943847656,0.0599999986588954,24.417499542236328,0.1949999928474426
1785353726532,2026-07-29 19:35:26,,,,18.64,17.58,17.82,,,,100.0,-115.0,0.25,,,,,,,,,,
1785353733557,2026-07-29 19:35:33,33.57,26.59,25.01,,,,329.66,299.79,276.95,100.0,-117.0,1.0,,,,,,,,,,
1785355200000,2026-07-29 20:00:00,,,,,,,,,,,,,24.61750030517578,48.0,1017.9000244140624,12.88054370880127,0.0,7.072877883911133,104.74361419677734,0.0500000044703483,23.36750030517578,0.1940000057220459
1785358800000,2026-07-29 21:00:00,,,,,,,,,,,,,23.917499542236328,51.0,1017.9000244140624,13.166170120239258,0.0,8.121970176696777,102.80426025390624,0.0500000044703483,22.61750030517578,0.1940000057220459
1785362400000,2026-07-29 22:00:00,,,,,,,,,,,,,23.667499542236328,52.0,1017.7999877929688,13.233264923095703,0.0,8.55710220336914,104.62091827392578,0.0500000044703483,22.11750030517578,0.1930000036954879
1785366000000,2026-07-29 23:00:00,,,,,,,,,,,,,23.36750030517578,54.0,1017.5999755859376,13.534960746765137,0.0,8.121970176696777,102.80426025390624,0.0500000044703483,21.76749992370605,0.1930000036954879
1785368123866,2026-07-29 23:35:23,,,,18.79,18.24,17.52,,,,100.0,-117.0,0.5,,,,,,,,,,
1785369600000,2026-07-30 00:00:00,,,,,,,,,,,,,23.167499542236328,50.0,1017.0999755859376,12.173820495605469,0.0,6.989935398101807,101.88863372802734,0.0399999991059303,21.817501068115234,0.1940000057220459
1785373200000,2026-07-30 01:00:00,,,,,,,,,,,,,22.717500686645508,52.0,1016.9000244140624,12.3560209274292,0.0,7.2805495262146,98.53068542480467,0.0399999991059303,21.467500686645508,0.1940000057220459
1785376800000,2026-07-30 02:00:00,,,,,,,,,,,,,22.36750030517578,53.0,1016.9000244140624,12.32241153717041,0.0,7.771330833435059,103.39251708984376,0.0399999991059303,21.217500686645508,0.1940000057220459
1785380400000,2026-07-30 03:00:00,,,,,,,,,,,,,21.967500686645508,55.0,1016.7999877929688,12.515591621398926,0.0,7.421589851379394,104.03627014160156,0.0399999991059303,20.967500686645508,0.1940000057220459
1785382526567,2026-07-30 03:35:26,33.73,26.64,25.05,,,,329.81,299.84,276.98,100.0,-121.0,-1.0,,,,,,,,,,
1785384000000,2026-07-30 04:00:00,,,,,,,,,,,,,22.01749992370605,56.0,1016.5999755859376,12.837201118469238,0.0,7.695919990539551,100.78425598144533,0.0399999991059303,20.76749992370605,0.1930000036954879
1785387600000,2026-07-30 05:00:00,,,,,,,,,,,,,22.817501068115234,58.0,1016.7999877929688,14.123292922973633,0.0,6.287129878997803,113.62938690185548,0.0599999986588954,20.76749992370605,0.1930000036954879
1785391200000,2026-07-30 06:00:00,,,,,,,,,,,,,24.317501068115234,58.0,1016.7999877929688,15.526532173156738,0.0,5.9044389724731445,127.56866455078124,0.1199999973177909,21.217500686645508,0.19200000166893
1785394800000,2026-07-30 07:00:00,,,,,,,,,,,,,26.417499542236328,53.0,1017.0,16.069480895996094,0.0,6.989935874938965,124.50858306884766,0.2199999988079071,22.067501068115234,0.19200000166893
1785396922371,2026-07-30 07:35:22,33.64,26.61,25.05,,,,329.72,299.81,276.98,100.0,-111.0,4.0,,,,,,,,,,
1785398400000,2026-07-30 08:00:00,,,,,,,,,,,,,28.967500686645508,48.0,1017.0,16.854572296142578,0.0,5.86037540435791,132.51040649414062,0.3100000023841858,23.26749992370605,0.1909999996423721
1785402000000,2026-07-30 09:00:00,,,,,,,,,,,,,31.467500686645508,42.0,1016.9000244140624,17.010604858398438,0.0,3.075841426849365,159.44387817382812,0.3600000143051147,24.76749992370605,0.1899999976158142
1785405600000,2026-07-30 10:00:00,,,,,,,,,,,,,33.467498779296875,37.0,1016.5999755859376,16.7916259765625,0.0,3.5999999046325684,270.0,0.3799999952316284,26.26749992370605,0.1889999955892563
1785409200000,2026-07-30 11:00:00,,,,,,,,,,,,,35.01750183105469,31.0,1016.0,15.37191677093506,0.0,6.989935874938965,304.5085754394531,0.3799999952316284,27.717500686645508,0.1879999935626983
1785411311650,2026-07-30 11:35:11,,,,19.01,18.67,18.09,,,,100.0,-112.0,-0.75,,,,,,,,,,
1785412800000,2026-07-30 12:00:00,,,,,,,,,,,,,36.067501068115234,25.0,1015.4000244140624,12.9450101852417,0.0,5.495161056518555,301.6074523925781,0.3799999952316284,28.967500686645508,0.1870000064373016
1785416400000,2026-07-30 13:00:00,,,,,,,,,,,,,36.36750030517578,26.0,1014.9000244140624,13.799914360046388,0.0,7.729526996612549,332.2415466308594,0.3600000143051147,29.917499542236328,0.1860000044107437
1785420000000,2026-07-30 14:00:00,,,,,,,,,,,,,36.66749954223633,23.0,1014.2000122070312,12.175422668457031,0.0,1.7999999523162842,270.0,0.3300000131130218,30.567501068115234,0.1850000023841858
1785423600000,2026-07-30 15:00:00,,,,,,,,,,,,,36.51750183105469,23.0,1013.5999755859376,12.050531387329102,0.0,5.991593837738037,302.7351989746094,0.270000010728836,30.817501068115234,0.1840000003576278
1785425707946,2026-07-30 15:35:07,,,,19.23,18.89,17.88,,,,100.0,-113.0,-7.0,,,,,,,,,,
1785425714942,2026-07-30 15:35:14,33.54,26.59,25.01,,,,329.63,299.79,276.95,100.0,-121.0,-3.5,,,,,,,,,,
1785427200000,2026-07-30 16:00:00,,,,,,,,,,,,,36.41749954223633,21.0,1013.4000244140624,10.593671798706056,0.0,11.269782066345217,243.4350128173828,0.2100000232458114,30.717500686645508,0.1840000003576278
1785430800000,2026-07-30 17:00:00,,,,,,,,,,,,,35.567501068115234,17.0,1013.4000244140624,6.776299476623535,0.0,8.31124496459961,274.9696350097656,0.1700000017881393,30.417499542236328,0.1829999983310699
1785434400000,2026-07-30 18:00:00,,,,,,,,,,,,,33.26750183105469,27.0,1013.5999755859376,11.748786926269531,0.0,2.811689853668213,309.8055114746094,0.0900000035762786,29.51749992370605,0.181999996304512
1785438000000,2026-07-30 19:00:00,,,,,,,,,,,,,30.917499542236328,34.0,1013.9000244140624,13.235623359680176,0.0,1.4843180179595947,75.96372985839844,0.0,28.067501068115234,0.181999996304512
1785441600000,2026-07-30 20:00:00,,,,,,,,,,,,,29.317501068115234,35.0,1014.2000122070312,12.275324821472168,0.0,3.7064266204833984,119.05451202392578,0.0099999997764825,26.417499542236328,0.181999996304512
1785445200000,2026-07-30 21:00:00,,,,,,,,,,,,,25.76749992370605,49.0,1016.7000122070312,14.249954223632812,0.0,13.004921913146973,311.6334533691406,0.0500000044703483,25.667499542236328,0.1809999942779541
1785448800000,2026-07-30 22:00:00,,,,,,,,,,,,,23.817501068115234,59.0,1017.5999755859376,15.324954986572266,0.0,3.617955207824707,275.71051025390625,0.0399999991059303,25.01749992370605,0.1809999942779541
1785452400000,2026-07-30 23:00:00,,,,,,,,,,,,,22.917499542236328,65.0,1017.5,15.989418029785156,0.0,1.8356469869613647,101.30989837646484,0.0199999995529651,24.01749992370605,0.1800000071525573
1785456000000,2026-07-31 00:00:00,,,,,,,,,,,,,22.86750030517578,63.0,1015.5999755859376,15.453567504882812,0.0,10.137691497802734,83.88459014892578,0.0099999997764825,24.067501068115234,0.1790000051259994
1785459600000,2026-07-31 01:00:00,,,,,,,,,,,,,22.217500686645508,65.0,1016.7000122070312,15.325366973876951,0.0,3.545588731765747,23.962491989135746,0.0199999995529651,23.51749992370605,0.1790000051259994
1785463200000,2026-07-31 02:00:00,,,,,,,,,,,,,22.217500686645508,65.0,1016.7999877929688,15.325366973876951,0.0,2.620839357376098,74.05453491210938,0.0199999995529651,22.917499542236328,0.1790000051259994
1785466800000,2026-07-31 03:00:00,,,,,,,,,,,,,20.967500686645508,70.0,1017.2000122070312,15.288724899291992,0.0,4.379589080810547,99.46224975585938,0.0099999997764825,22.11750030517578,0.1790000051259994
1785468897452,2026-07-31 03:34:57,,,,19.88,18.37,18.09,,,,100.0,-119.0,-1.25,,,,,,,,,,
1785468902802,2026-07-31 03:35:02,34.0,26.79,25.17,,,,330.05,299.99,277.07,100.0,-121.0,-3.75,,,,,,,,,,
1785470400000,2026-07-31 04:00:00,,,,,,,,,,,,,20.567501068115234,74.0,1017.5,15.771791458129885,0.0,2.27683973312378,108.43504333496094,0.0099999997764825,21.417499542236328,0.1780000030994415
1785474000000,2026-07-31 05:00:00,,,,,,,,,,,,,20.317501068115234,81.0,1018.0,16.949268341064453,0.0,4.0249223709106445,333.4350280761719,0.0099999997764825,21.167499542236328,0.1780000030994415
1785477600000,2026-07-31 06:00:00,,,,,,,,,,,,,22.51749992370605,74.0,1018.0999755859376,17.651227951049805,0.0,3.396233081817627,302.0053405761719,0.0799999982118606,21.76749992370605,0.1780000030994415
1785481200000,2026-07-31 07:00:00,,,,,,,,,,,,,23.917499542236328,68.0,1017.7999877929688,17.65179443359375,0.0,5.399999618530273,323.1300354003906,0.1800000071525573,22.667499542236328,0.1770000010728836
1785484800000,2026-07-31 08:00:00,,,,,,,,,,,,,25.567501068115234,64.0,1017.4000244140624,18.255151748657227,0.0,2.545584201812744,278.1300048828125,0.25,23.667499542236328,0.1770000010728836
1785488400000,2026-07-31 09:00:00,,,,,,,,,,,,,27.217500686645508,59.0,1017.0,18.51069641113281,0.0,1.4843180179595947,284.0362548828125,0.3100000023841858,24.76749992370605,0.1759999990463256
1785492000000,2026-07-31 10:00:00,,,,,,,,,,,,,29.01749992370605,52.0,1016.2999877929688,18.16897201538086,0.0,0.8049845099449158,333.4350280761719,0.3199999928474426,25.76749992370605,0.1749999970197677
1785495600000,2026-07-31 11:00:00,,,,,,,,,,,,,30.86750030517578,48.0,1015.2999877929688,18.58858299255371,0.0,2.3051247596740723,51.34017181396485,0.3400000035762787,26.917499542236328,0.1739999949932098
1785499200000,2026-07-31 12:00:00,,,,,,,,,,,,,32.467498779296875,41.0,1014.2999877929688,17.525373458862305,0.0,5.116561412811279,39.28939437866211,0.3500000238418579,28.067501068115234,0.1739999949932098
1785502800000,2026-07-31 13:00:00,,,,,,,,,,,,,33.317501068115234,38.0,1013.7999877929688,17.079736709594727,0.0,5.014219284057617,21.03758811950684,0.3400000035762787,29.067501068115234,0.1729999929666519
1785506400000,2026-07-31 14:00:00,,,,,,,,,,,,,33.51750183105469,37.0,1013.0999755859376,16.835777282714844,0.0,2.9024126529693604,172.8750762939453,0.270000010728836,29.467500686645508,0.1720000058412552
1785510000000,2026-07-31 15:00:00,,,,,,,,,,,,,33.86750030517578,36.0,1012.2999877929688,16.712520599365234,0.0,2.189794540405273,99.46224975585938,0.2599999904632568,29.717500686645508,0.1720000058412552
1785512092625,2026-07-31 15:34:52,33.7,26.76,25.17,,,,329.78,299.96,277.07,100.0,-113.0,-9.2,,,,,,,,,,
1785513600000,2026-07-31 16:00:00,,,,,,,,,,,,,24.817501068115234,64.0,1013.7000122070312,17.54537582397461,0.0,30.27426528930664,334.65386962890625,0.1500000059604644,29.417499542236328,0.1710000038146972
1785517200000,2026-07-31 17:00:00,,,,,,,,,,,,,25.36750030517578,58.0,1013.5,16.508487701416016,0.0,18.79254913330078,36.43096160888672,0.0700000077486038,27.417499542236328,0.1710000038146972
1785520800000,2026-07-31 18:00:00,,,,,,,,,,,,,25.26749992370605,64.0,1013.0,17.971254348754883,0.0,3.396233081817627,122.0053482055664,0.0799999982118606,26.467500686645508,0.1700000017881393
1785524400000,2026-07-31 19:00:00,,,,,,,,,,,,,23.36750030517578,79.0,1013.0,19.518341064453125,0.0,4.349896430969238,114.4439468383789,0.0199999995529651,25.467500686645508,0.1700000017881393
1785528000000,2026-07-31 20:00:00,,,,,,,,,,,,,23.067501068115234,73.0,1013.0,17.964683532714844,0.0,5.692099571228027,71.5649642944336,0.0199999995529651,24.51749992370605,0.1700000017881393
1785531600000,2026-07-31 21:00:00,,,,,,,,,,,,,22.86750030517578,70.0,1013.0,17.107587814331055,0.0,5.399999618530273,53.13002014160156,0.0199999995529651,23.917499542236328,0.1700000017881393
1785535200000,2026-07-31 22:00:00,,,,,,,,,,,,,22.36750030517578,69.0,1012.7999877929688,16.402694702148438,0.0,5.154415607452393,77.90525817871094,0.0299999993294477,23.417499542236328,0.1689999997615814
1785538800000,2026-07-31 23:00:00,,,,,,,,,,,,,22.01749992370605,72.0,1013.0,16.73700523376465,0.0,2.811689853668213,39.80552673339844,0.0099999997764825,22.817501068115234,0.1689999997615814
1785540878230,2026-07-31 23:34:38,,,,20.42,19.73,18.3,,,,100.0,-113.0,-7.8,,,,,,,,,,
1785542400000,2026-08-01 00:00:00,,,,,,,,,,,,,21.217500686645508,84.0,1014.0999755859376,18.405393600463867,0.0,4.843304634094238,48.01287078857422,0.0299999993294477,22.11750030517578,0.1720000058412552
1785546000000,2026-08-01 01:00:00,,,,,,,,,,,,,20.36750030517578,88.0,1014.0999755859376,18.31306266784668,0.0,3.7585103511810303,73.30067443847656,0.0299999993294477,21.86750030517578,0.1729999929666519
1785549600000,2026-08-01 02:00:00,,,,,,,,,,,,,20.467500686645508,85.0,1013.0999755859376,17.859169006347656,0.0,3.89399528503418,56.30989837646485,0.0299999993294477,21.61750030517578,0.1729999929666519
1785553200000,2026-08-01 03:00:00,,,,,,,,,,,,,20.217500686645508,89.0,1013.2999877929688,18.34549331665039,0.0,3.2599384784698486,353.659912109375,0.0,21.317501068115234,0.1729999929666519
1785556800000,2026-08-01 04:00:00,,,,,,,,,,,,,20.317501068115234,92.0,1013.5,18.974321365356445,0.0,4.6102495193481445,321.3401794433594,0.0099999997764825,21.11750030517578,0.1729999929666519
1785560400000,2026-08-01 05:00:00,,,,,,,,,,,,,20.967500686645508,91.0,1013.5999755859376,19.441797256469727,0.0,2.9024126529693604,262.8750915527344,0.0199999995529651,21.11750030517578,0.1729999929666519
1785564000000,2026-08-01 06:00:00,,,,,,,,,,,,,22.01749992370605,86.0,1014.0999755859376,19.566709518432617,0.0,5.634891033172607,296.5649719238281,0.0599999986588954,21.467500686645508,0.1739999949932098
1785567600000,2026-08-01 07:00:00,,,,,,,,,,,,,21.11750030517578,86.0,1014.9000244140624,18.68324851989746,0.1000000014901161,11.874544143676758,284.0362548828125,0.1400000154972076,21.717500686645508,0.1739999949932098
1785571200000,2026-08-01 08:00:00,,,,,,,,,,,,,20.917499542236328,89.0,1015.2000122070312,19.03556060791016,0.2000000029802322,8.55710220336914,292.24908447265625,0.1199999973177909,21.667499542236328,0.1739999949932098
1785574800000,2026-08-01 09:00:00,,,,,,,,,,,,,21.86750030517578,84.0,1015.2999877929688,19.041616439819336,0.0,10.464797019958496,296.5649719238281,0.1800000071525573,21.86750030517578,0.1739999949932098
1785578400000,2026-08-01 10:00:00,,,,,,,,,,,,,21.61750030517578,87.0,1015.5,19.35976219177246,0.1000000014901161,9.565437316894531,289.7989501953125,0.1599999964237213,21.967500686645508,0.1739999949932098
1785582000000,2026-08-01 11:00:00,,,,,,,,,,,,,21.967500686645508,82.0,1015.5,18.75337219238281,0.0,5.815978050231934,291.8014831542969,0.1899999976158142,22.11750030517578,0.1739999949932098
1785585600000,2026-08-01 12:00:00,,,,,,,,,,,,,21.667499542236328,87.0,1015.7000122070312,19.40891456604004,0.2000000029802322,10.739831924438477,309.55963134765625,0.1800000071525573,22.167499542236328,0.1739999949932098
1785589200000,2026-08-01 13:00:00,,,,,,,,,,,,,21.01749992370605,88.0,1016.2999877929688,18.95294952392578,0.1000000014901161,14.081477165222168,302.4711608886719,0.1400000154972076,21.967500686645508,0.1739999949932098
1785592800000,2026-08-01 14:00:00,,,,,,,,,,,,,18.467500686645508,93.0,1017.0999755859376,17.31403923034668,0.5,15.34968376159668,320.7106018066406,0.0799999982118606,21.467500686645508,0.1739999949932098
1785596400000,2026-08-01 15:00:00,,,,,,,,,,,,,17.817501068115234,96.0,1017.9000244140624,17.17063331604004,3.5,10.086426734924316,304.8245544433594,0.0700000077486038,20.817501068115234,0.1749999970197677
1785600000000,2026-08-01 16:00:00,,,,,,,,,,,,,17.717500686645508,93.0,1018.2999877929688,16.57063102722168,0.5,11.200571060180664,315.0000915527344,0.0599999986588954,20.36750030517578,0.1850000023841858
1785603600000,2026-08-01 17:00:00,,,,,,,,,,,,,18.01749992370605,92.0,1018.7000122070312,16.697620391845703,0.0,9.422101020812988,316.548095703125,0.0799999982118606,20.067501068115234,0.19200000166893
1785607200000,2026-08-01 18:00:00,,,,,,,,,,,,,17.717500686645508,91.0,1019.0999755859376,16.22902488708496,0.0,8.91318130493164,313.36346435546875,0.0599999986588954,19.86750030517578,0.1969999969005584
1785610800000,2026-08-01 19:00:00,,,,,,,,,,,,,16.61750030517578,95.0,1019.5,15.812665939331056,0.0,5.241678714752197,344.0545349121094,0.0299999993294477,19.467500686645508,0.2000000029802322
1785614400000,2026-08-01 20:00:00,,,,,,,,,,,,,16.167499542236328,96.0,1020.0999755859376,15.528780937194824,0.0,5.014219284057617,338.96240234375,0.0,18.917499542236328,0.202000007033348
1785618000000,2026-08-01 21:00:00,,,,,,,,,,,,,15.717500686645508,97.0,1020.5999755859376,15.242274284362791,0.0,4.320000171661377,360.0,0.0,18.467500686645508,0.2029999941587448
1785621600000,2026-08-01 22:00:00,,,,,,,,,,,,,15.717500686645508,96.0,1020.5999755859376,15.0809907913208,0.0,3.5999999046325684,360.0,0.0,18.167499542236328,0.2039999961853027
1785625200000,2026-08-01 23:00:00,,,,,,,,,,,,,15.567500114440918,95.0,1020.7999877929688,14.769153594970703,0.0,3.3190360069274902,40.60121536254883,0.0,17.817501068115234,0.2049999982118606
1785628800000,2026-08-02 00:00:00,,,,,,,,,,,,,14.817500114440918,98.0,1021.2000122070312,14.50429344177246,0.0,3.877318382263184,21.801475524902344,0.0,17.817501068115234,0.1759999990463256
1785632400000,2026-08-02 01:00:00,,,,,,,,,,,,,14.667500495910645,98.0,1021.4000244140624,14.354657173156738,0.0,4.104631423950195,52.12495803833008,0.0,17.467500686645508,0.1770000010728836
1785636000000,2026-08-02 02:00:00,,,,,,,,,,,,,14.967500686645508,98.0,1021.5,14.653926849365234,0.0,3.89399528503418,56.30989837646485,0.0,17.317501068115234,0.1770000010728836
1785639600000,2026-08-02 03:00:00,,,,,,,,,,,,,14.11750030517578,98.0,1021.9000244140624,13.805988311767578,0.0,4.104631423950195,52.12495803833008,0.0,17.017499923706055,0.1770000010728836
1785643200000,2026-08-02 04:00:00,,,,,,,,,,,,,13.667500495910645,99.0,1021.5999755859376,13.512979507446287,0.0,5.191993713378906,56.30991363525391,0.0,16.717500686645508,0.1770000010728836
1785646800000,2026-08-02 05:00:00,,,,,,,,,,,,,14.467500686645508,99.0,1021.7000122070312,14.31201457977295,0.0,3.075841426849365,69.4438705444336,0.0,16.61750030517578,0.1780000030994415
1785650400000,2026-08-02 06:00:00,,,,,,,,,,,,,15.917500495910645,92.0,1021.9000244140624,14.618719100952148,0.0,3.3190360069274902,130.60121154785156,0.0599999986588954,17.017499923706055,0.1780000030994415
1785654000000,2026-08-02 07:00:00,,,,,,,,,,,,,17.567501068115234,86.0,1021.9000244140624,15.197941780090332,0.0,1.0800000429153442,90.0,0.1599999964237213,17.767499923706055,0.1780000030994415
1785656177967,2026-08-02 07:36:17,,,,,,,,,,100.0,-121.0,-14.0,,,,,,,,,,
1785656194985,2026-08-02 07:36:34,,,,19.85,19.6,18.79,,,,100.0,-122.0,-16.5,,,,,,,,,,
1785656203960,2026-08-02 07:36:43,33.64,26.88,25.36,,,,329.72,300.08,277.21,100.0,-118.0,-15.2,,,,,,,,,,
1785657600000,2026-08-02 08:00:00,,,,,,,,,,,,,19.51749992370605,74.0,1021.7000122070312,14.759572982788086,0.0,5.116561412811279,50.71061706542969,0.2800000309944153,18.667499542236328,0.1780000030994415
1785661200000,2026-08-02 09:00:00,,,,,,,,,,,,,20.86750030517578,64.0,1021.5999755859376,13.805444717407228,0.0,8.08999252319336,69.14546203613281,0.3900000154972076,19.61750030517578,0.1770000010728836
1785664800000,2026-08-02 10:00:00,,,,,,,,,,,,,22.167499542236328,57.0,1021.2999877929688,13.248101234436035,0.0,9.44957160949707,72.25524139404297,0.4200000464916229,20.417499542236328,0.1770000010728836
1785668400000,2026-08-02 11:00:00,,,,,,,,,,,,,23.51749992370605,51.0,1020.9000244140624,12.79771900177002,0.0,9.693296432495115,68.19853210449219,0.4200000464916229,21.51749992370605,0.1759999990463256
1785670585850,2026-08-02 11:36:25,33.4,26.79,25.25,,,,329.51,299.99,277.13,100.0,-116.0,-19.2,,,,,,,,,,
1785672000000,2026-08-02 12:00:00,,,,,,,,,,,,,24.317501068115234,49.0,1020.5999755859376,12.92124366760254,0.0,9.08598804473877,56.30989837646485,0.3900000154972076,22.51749992370605,0.1749999970197677
1785675600000,2026-08-02 13:00:00,,,,,,,,,,,,,25.26749992370605,46.0,1020.0,12.8226318359375,0.0,9.931041717529297,46.46874237060547,0.3700000345706939,23.317501068115234,0.1749999970197677
1785679200000,2026-08-02 14:00:00,,,,,,,,,,,,,25.667499542236328,46.0,1019.4000244140624,13.186359405517578,0.0,10.308830261230469,65.2248764038086,0.3400000035762787,23.817501068115234,0.1739999949932098
1785682800000,2026-08-02 15:00:00,,,,,,,,,,,,,24.967500686645508,47.0,1018.9000244140624,12.878198623657228,0.0,13.708391189575195,66.8013916015625,0.2900000214576721,23.917499542236328,0.1739999949932098
1785684973234,2026-08-02 15:36:13,,,,19.6,19.79,18.61,,,,100.0,-121.0,-14.8,,,,,,,,,,
1785684982230,2026-08-02 15:36:22,33.32,26.73,25.21,,,,329.44,299.93,277.1,100.0,-112.0,-11.0,,,,,,,,,,
1785686400000,2026-08-02 16:00:00,,,,,,,,,,,,,24.51749992370605,48.0,1018.7000122070312,12.789121627807615,0.0,12.074766159057615,63.43501281738281,0.2399999946355819,23.667499542236328,0.1729999929666519
1785690000000,2026-08-02 17:00:00,,,,,,,,,,,,,23.917499542236328,49.0,1018.4000244140624,12.554591178894045,0.0,11.592894554138184,64.23072814941406,0.1700000017881393,23.26749992370605,0.1729999929666519
1785693600000,2026-08-02 18:00:00,,,,,,,,,,,,,22.51749992370605,53.0,1018.4000244140624,12.461268424987791,0.0,9.885261535644531,56.888648986816406,0.1099999994039535,22.61750030517578,0.1720000058412552
1785697200000,2026-08-02 19:00:00,,,,,,,,,,,,,20.467500686645508,57.0,1018.5,11.660183906555176,0.0,10.002559661865234,59.74365234375,0.0599999986588954,21.717500686645508,0.1720000058412552
1785699377045,2026-08-02 19:36:17,33.36,26.7,25.21,,,,329.47,299.9,277.1,100.0,-121.0,-15.2,,,,,,,,,,
1785700800000,2026-08-02 20:00:00,,,,,,,,,,,,,19.317501068115234,61.0,1018.7000122070312,11.60820770263672,0.0,8.70723819732666,82.87508392333984,0.0500000044703483,20.86750030517578,0.1720000058412552
1785704400000,2026-08-02 21:00:00,,,,,,,,,,,,,17.967500686645508,68.0,1018.9000244140624,11.974847793579102,0.0,7.235910415649414,84.28949737548828,0.0399999991059303,20.01749992370605,0.1720000058412552
1785708000000,2026-08-02 22:00:00,,,,,,,,,,,,,17.86750030517578,66.0,1018.7999877929688,11.427308082580566,0.0,7.072877883911133,75.25639343261719,0.0299999993294477,19.36750030517578,0.1720000058412552
1785711600000,2026-08-02 23:00:00,,,,,,,,,,,,,17.217500686645508,70.0,1018.5,11.69721508026123,0.0,6.379216194152832,73.61038208007812,0.0299999993294477,18.86750030517578,0.1720000058412552
1785713765855,2026-08-02 23:36:05,,,,19.57,19.63,18.79,,,,100.0,-122.0,-19.2,,,,,,,,,,
1785713774812,2026-08-02 23:36:14,33.4,26.67,25.21,,,,329.51,299.87,277.1,100.0,-121.0,-17.5,,,,,,,,,,
1785715200000,2026-08-03 00:00:00,,,,,,,,,,,,,16.967500686645508,73.0,1018.2999877929688,12.09380054473877,0.0,5.506940841674805,78.69010162353516,0.0299999993294477,18.51749992370605,0.1759999990463256
1785718800000,2026-08-03 01:00:00,,,,,,,,,,,,,16.967500686645508,75.0,1018.2000122070312,12.505191802978516,0.0,4.6938252449035645,94.39862060546876,0.0199999995529651,18.317501068115234,0.1759999990463256
1785722400000,2026-08-03 02:00:00,,,,,,,,,,,,,16.5674991607666,76.0,1017.5999755859376,12.320265769958496,0.0,4.452953815460205,75.96372985839844,0.0199999995529651,18.11750030517578,0.1759999990463256
1785726000000,2026-08-03 03:00:00,,,,,,,,,,,,,15.567500114440918,80.0,1017.5,12.129961013793944,0.0,5.399999618530273,53.13002014160156,0.0199999995529651,17.667499542236328,0.1759999990463256
1785728162070,2026-08-03 03:36:02,,,,19.54,19.7,18.49,,,,100.0,-113.0,-17.8,,,,,,,,,,
1785729600000,2026-08-03 04:00:00,,,,,,,,,,,,,15.667500495910645,80.0,1017.0999755859376,12.227319717407228,0.0,5.483356475830078,66.80138397216797,0.0199999995529651,17.317501068115234,0.1759999990463256
1785733200000,2026-08-03 05:00:00,,,,,,,,,,,,,16.917499542236328,81.0,1016.7999877929688,13.6351318359375,0.0,3.617955207824707,95.71050262451172,0.0299999993294477,17.267499923706055,0.1759999990463256
1785736800000,2026-08-03 06:00:00,,,,,,,,,,,,,19.11750030517578,74.0,1016.7999877929688,14.373926162719728,0.0,4.104631423950195,127.8750457763672,0.0799999982118606,18.01749992370605,0.1759999990463256
1785740400000,2026-08-03 07:00:00,,,,,,,,,,,,,22.067501068115234,66.0,1016.5999755859376,15.420937538146973,0.0,4.104631423950195,127.8750457763672,0.1800000071525573,19.167499542236328,0.1749999970197677
1785744000000,2026-08-03 08:00:00,,,,,,,,,,,,,24.567501068115234,62.0,1016.2000122070312,16.80735206604004,0.0,5.399999618530273,126.86997985839844,0.2800000309944153,20.667499542236328,0.1749999970197677
1785747600000,2026-08-03 09:00:00,,,,,,,,,,,,,26.717500686645508,57.0,1015.9000244140624,17.494749069213867,0.0,3.3190360069274902,130.60121154785156,0.3600000143051147,22.167499542236328,0.1739999949932098
1785751200000,2026-08-03 10:00:00,,,,,,,,,,,,,28.667499542236328,52.0,1015.2999877929688,17.846309661865234,0.0,3.219938039779663,116.5649871826172,0.3900000154972076,23.61750030517578,0.1729999929666519
1785754800000,2026-08-03 11:00:00,,,,,,,,,,,,,30.167499542236328,48.0,1015.0,17.949867248535156,0.0,1.0182337760925293,135.00010681152344,0.4000000357627868,24.967500686645508,0.1729999929666519
1785756952282,2026-08-03 11:35:52,,,,19.35,19.01,18.67,,,,100.0,-121.0,-13.8,,,,,,,,,,
1785756957778,2026-08-03 11:35:57,32.99,26.53,25.05,,,,329.14,299.73,276.98,100.0,-121.0,-11.5,,,,,,,,,,
1785758400000,2026-08-03 12:00:00,,,,,,,,,,,,,31.417499542236328,45.0,1014.5999755859376,18.059154510498047,0.0,0.3599999845027923,360.0,0.4000000357627868,26.11750030517578,0.1720000058412552
1785762000000,2026-08-03 13:00:00,,,,,,,,,,,,,32.01749801635742,44.0,1014.0999755859376,18.243457794189453,0.0,6.989935398101807,348.1113586425781,0.3700000345706939,26.967500686645508,0.1710000038146972
1785765600000,2026-08-03 14:00:00,,,,,,,,,,,,,32.76750183105469,32.0,1013.7000122070312,13.915948867797852,0.0,5.692099571228027,341.56494140625,0.3799999952316284,27.667499542236328,0.1700000017881393
1785769200000,2026-08-03 15:00:00,,,,,,,,,,,,,32.317501068115234,41.0,1013.5,17.391202926635742,0.0,6.924737930297852,8.972550392150879,0.3400000035762787,28.01749992370605,0.1689999997615814
1785771348521,2026-08-03 15:35:48,,,,19.51,18.55,18.67,,,,100.0,-113.0,-13.8,,,,,,,,,,
1785772800000,2026-08-03 16:00:00,,,,,,,,,,,,,31.967500686645508,40.0,1013.2000122070312,16.688644409179688,0.0,5.399999618530273,36.86997985839844,0.270000010728836,27.917499542236328,0.1689999997615814
1785776400000,2026-08-03 17:00:00,,,,,,,,,,,,,31.067501068115234,43.0,1013.0999755859376,17.022592544555664,0.0,7.968938827514648,71.5649642944336,0.1800000071525573,27.61750030517578,0.1679999977350235
1785780000000,2026-08-03 18:00:00,,,,,,,,,,,,,28.717500686645508,51.0,1013.2000122070312,17.584129333496094,0.0,7.787990570068359,56.30989837646485,0.1199999973177909,26.817501068115234,0.1679999977350235
1785783600000,2026-08-03 19:00:00,,,,,,,,,,,,,27.01749992370605,51.0,1013.2999877929688,16.020170211791992,0.0,10.966712951660156,66.80138397216797,0.0700000077486038,25.76749992370605,0.1679999977350235
1785785744869,2026-08-03 19:35:44,,,,19.7,19.6,18.58,,,,100.0,-113.0,-11.8,,,,,,,,,,
1785785751748,2026-08-03 19:35:51,33.16,26.5,25.05,,,,329.29,299.7,276.98,100.0,-113.0,-11.0,,,,,,,,,,
1785787200000,2026-08-03 20:00:00,,,,,,,,,,,,,25.817501068115234,55.0,1013.5,16.094003677368164,0.0,8.473393440246582,77.73524475097656,0.0700000077486038,24.917499542236328,0.1669999957084655
1785790800000,2026-08-03 21:00:00,,,,,,,,,,,,,24.967500686645508,59.0,1013.7000122070312,16.40277099609375,0.0,7.235910415649414,84.28949737548828,0.0500000044703483,24.11750030517578,0.1669999957084655
1785794400000,2026-08-03 22:00:00,,,,,,,,,,,,,23.86750030517578,64.0,1013.9000244140624,16.646169662475586,0.0,6.489992141723633,93.17977142333984,0.0399999991059303,23.467500686645508,0.1669999957084655
1785798000000,2026-08-03 23:00:00,,,,,,,,,,,,,23.567501068115234,67.0,1013.7999877929688,17.083789825439453,0.0,6.489992141723633,93.17977142333984,0.0299999993294477,22.917499542236328,0.1669999957084655
1785801600000,2026-08-04 00:00:00,,,,,,,,,,,,,22.11750030517578,77.0,1013.5999755859376,17.895893096923828,0.0,5.86037540435791,100.6196060180664,0.0099999997764825,23.067501068115234,0.1689999997615814
1785805200000,2026-08-04 01:00:00,,,,,,,,,,,,,21.717500686645508,79.0,1013.7000122070312,17.915531158447266,0.0,5.86037540435791,100.6196060180664,0.0099999997764825,22.51749992370605,0.1689999997615814
1785808800000,2026-08-04 02:00:00,,,,,,,,,,,,,21.76749992370605,78.0,1013.5,17.76167106628418,0.0,5.804825305938721,97.12492370605467,0.0099999997764825,22.11750030517578,0.1689999997615814
1785812400000,2026-08-04 03:00:00,,,,,,,,,,,,,22.567501068115234,73.0,1013.2000122070312,17.483657836914062,0.0,7.421589851379394,104.03627014160156,0.0099999997764825,21.86750030517578,0.1689999997615814
1785814544375,2026-08-04 03:35:44,33.4,26.59,25.09,,,,329.51,299.79,277.01,100.0,-121.0,-13.5,,,,,,,,,,
1785816000000,2026-08-04 04:00:00,,,,,,,,,,,,,22.86750030517578,70.0,1012.9000244140624,17.107587814331055,0.0,6.6380720138549805,102.52880096435548,0.0099999997764825,21.817501068115234,0.1689999997615814
1785819600000,2026-08-04 05:00:00,,,,,,,,,,,,,24.667499542236328,64.0,1012.9000244140624,17.403406143188477,0.0,8.08999252319336,110.85454559326172,0.0299999993294477,21.917499542236328,0.1689999997615814
1785823200000,2026-08-04 06:00:00,,,,,,,,,,,,,26.567501068115234,59.0,1013.0,17.90186309814453,0.0,11.11345100402832,114.9047393798828,0.0799999982118606,22.61750030517578,0.1679999977350235
1785826800000,2026-08-04 07:00:00,,,,,,,,,,,,,28.817501068115234,53.0,1012.9000244140624,18.28792953491211,0.0,12.074766159057615,116.5649871826172,0.1599999964237213,23.61750030517578,0.1679999977350235
1785828933645,2026-08-04 07:35:33,,,,19.98,19.73,18.7,,,,100.0,-112.0,-7.8,,,,,,,,,,
1785830400000,2026-08-04 08:00:00,,,,,,,,,,,,,30.567501068115234,49.0,1012.9000244140624,18.644079208374023,0.0,10.787993431091309,115.70990753173828,0.2000000178813934,24.817501068115234,0.1669999957084655
1785834000000,2026-08-04 09:00:00,,,,,,,,,,,,,32.61750030517578,46.0,1013.2000122070312,19.49812698364257,0.0,13.55150032043457,286.99090576171875,0.25,26.36750030517578,0.1669999957084655
1785837600000,2026-08-04 10:00:00,,,,,,,,,,,,,32.817501068115234,45.0,1013.2000122070312,19.32587432861328,0.0,13.217443466186523,299.357666015625,0.25,27.717500686645508,0.1659999936819076
1785841200000,2026-08-04 11:00:00,,,,,,,,,,,,,33.16749954223633,43.0,1013.4000244140624,18.91216087341309,0.0,13.70839023590088,299.9314270019531,0.2399999946355819,28.76749992370605,0.1659999936819076
1785843329945,2026-08-04 11:35:29,,,,20.04,19.82,18.55,,,,100.0,-113.0,-13.2,,,,,,,,,,
1785844800000,2026-08-04 12:00:00,,,,,,,,,,,,,33.817501068115234,39.0,1012.7999877929688,17.935009002685547,0.0,6.409617424011231,308.1572570800781,0.2300000041723251,29.667499542236328,0.1650000065565109
1785848400000,2026-08-04 13:00:00,,,,,,,,,,,,,33.86750030517578,39.0,1012.5999755859376,17.979433059692383,0.0,10.028438568115234,291.0375671386719,0.1899999976158142,30.01749992370605,0.164000004529953
1785852000000,2026-08-04 14:00:00,,,,,,,,,,,,,33.91749954223633,43.0,1012.2999877929688,19.58664894104004,0.0,11.72075080871582,317.4895935058594,0.1800000071525573,30.26749992370605,0.164000004529953
1785855600000,2026-08-04 15:00:00,,,,,,,,,,,,,33.36750030517578,43.0,1012.2999877929688,19.092041015625,0.0,10.948972702026367,316.3321533203125,0.1599999964237213,30.36750030517578,0.164000004529953
1785859200000,2026-08-04 16:00:00,,,,,,,,,,,,,32.41749954223633,46.0,1012.4000244140624,19.316709518432617,0.0,9.387651443481444,327.5288391113281,0.1199999973177909,29.917499542236328,0.163000002503395
1785862800000,2026-08-04 17:00:00,,,,,,,,,,,,,31.967500686645508,48.0,1012.4000244140624,19.59198951721192,0.0,6.877789497375488,317.12109375,0.1000000089406967,29.61750030517578,0.163000002503395
1785866400000,2026-08-04 18:00:00,,,,,,,,,,,,,31.067501068115234,50.0,1012.5999755859376,19.4259090423584,0.0,6.725354194641113,344.475830078125,0.0500000044703483,29.01749992370605,0.163000002503395
1785870000000,2026-08-04 19:00:00,,,,,,,,,,,,,28.317501068115234,57.0,1013.0999755859376,18.98691368103028,0.0,5.634891033172607,63.43501281738281,0.0299999993294477,28.067501068115234,0.1620000004768371
1785873600000,2026-08-04 20:00:00,,,,,,,,,,,,,26.76749992370605,60.0,1013.5,18.357027053833008,0.0,7.421589851379394,39.0938606262207,0.0299999993294477,27.067501068115234,0.1620000004768371
1785877200000,2026-08-04 21:00:00,,,,,,,,,,,,,26.01749992370605,65.0,1013.5,18.929122924804688,0.0,5.692099094390869,34.695220947265625,0.0199999995529651,26.26749992370605,0.1620000004768371
1785880800000,2026-08-04 22:00:00,,,,,,,,,,,,,25.167499542236328,70.0,1013.5,19.308609008789062,0.0,3.826852560043335,41.18583679199219,0.0199999995529651,25.567501068115234,0.1620000004768371
1785884400000,2026-08-04 23:00:00,,,,,,,,,,,,,24.51749992370605,71.0,1013.2999877929688,18.913694381713867,0.0,3.6712939739227295,101.30989837646484,0.0,24.76749992370605,0.1620000004768371
1785888000000,2026-08-05 00:00:00,,,,,,,,,,,,,21.76749992370605,88.0,1013.4000244140624,19.691251754760746,0.0,5.154415130615234,114.77511596679688,0.0099999997764825,23.917499542236328,0.1609999984502792
1785891600000,2026-08-05 01:00:00,,,,,,,,,,,,,21.817501068115234,88.0,1013.2000122070312,19.74047088623047,0.0,3.6712939739227295,101.30989837646484,0.0,23.467500686645508,0.1609999984502792
1785895200000,2026-08-05 02:00:00,,,,,,,,,,,,,21.11750030517578,92.0,1013.0,19.76616668701172,0.0,5.154415607452393,102.09474182128906,0.0,23.067501068115234,0.1609999984502792
1785898800000,2026-08-05 03:00:00,,,,,,,,,,,,,21.567501068115234,77.0,1013.7999877929688,17.36324691772461,0.0,3.9600000381469727,360.0,0.0,22.76749992370605,0.1609999984502792
1785900915060,2026-08-05 03:35:15,,,,20.78,19.01,18.64,,,,100.0,-113.0,-13.0,,,,,,,,,,
1785902400000,2026-08-05 04:00:00,,,,,,,,,,,,,22.917499542236328,71.0,1013.2000122070312,17.379819869995117,0.0,2.189794540405273,99.46224975585938,0.0099999997764825,22.51749992370605,0.1599999964237213
1785906000000,2026-08-05 05:00:00,,,,,,,,,,,,,23.667499542236328,67.0,1013.2000122070312,17.178979873657227,0.0,3.3190360069274902,102.52880096435548,0.0099999997764825,22.417499542236328,0.1599999964237213
1785909600000,2026-08-05 06:00:00,,,,,,,,,,,,,24.51749992370605,65.0,1014.0,17.506912231445312,0.0,2.099142551422119,300.96368408203125,0.0299999993294477,22.86750030517578,0.1599999964237213
1785913200000,2026-08-05 07:00:00,,,,,,,,,,,,,26.717500686645508,55.0,1014.4000244140624,16.92997932434082,0.0,4.213691711425781,289.9831848144531,0.0700000077486038,23.467500686645508,0.1599999964237213
1785915318345,2026-08-05 07:35:18,33.54,26.7,25.17,,,,329.63,299.9,277.07,100.0,-121.0,-14.5,,,,,,,,,,
1785916800000,2026-08-05 08:00:00,,,,,,,,,,,,,27.467500686645508,54.0,1014.7999877929688,17.33574104309082,0.0,8.55710220336914,292.24908447265625,0.1400000154972076,24.36750030517578,0.1599999964237213
1785920400000,2026-08-05 09:00:00,,,,,,,,,,,,,28.51749992370605,53.0,1015.0999755859376,18.010704040527344,0.0,13.708391189575195,283.6713256835937,0.1599999964237213,25.26749992370605,0.1589999943971634
1785924000000,2026-08-05 10:00:00,,,,,,,,,,,,,29.567501068115234,51.0,1015.0999755859376,18.365816116333008,0.0,11.792404174804688,282.3390808105469,0.1700000017881393,25.967500686645508,0.1589999943971634
1785927600000,2026-08-05 11:00:00,,,,,,,,,,,,,31.01749992370605,49.0,1015.0999755859376,19.0556755065918,0.0,11.304228782653809,279.1622619628906,0.2100000232458114,26.967500686645508,0.1580000072717666
1785931200000,2026-08-05 12:00:00,,,,,,,,,,,,,31.967500686645508,46.0,1015.0,18.90846443176269,0.0,13.049689292907717,294.4439392089844,0.2399999946355819,28.317501068115234,0.1580000072717666
1785934800000,2026-08-05 13:00:00,,,,,,,,,,,,,32.86750030517578,41.0,1014.7000122070312,17.883132934570312,0.0,13.684735298156738,296.5649719238281,0.2199999988079071,29.317501068115234,0.1570000052452087
1785938400000,2026-08-05 14:00:00,,,,,,,,,,,,,32.86750030517578,43.0,1014.2000122070312,18.642311096191406,0.0,12.387348175048828,305.5377502441406,0.2000000178813934,29.967500686645508,0.1570000052452087
1785942000000,2026-08-05 15:00:00,,,,,,,,,,,,,32.51749801635742,42.0,1014.0999755859376,17.952733993530273,0.0,14.618837356567385,307.998779296875,0.1599999964237213,30.167499542236328,0.1560000032186508
1785945600000,2026-08-05 16:00:00,,,,,,,,,,,,,32.01749801635742,44.0,1013.7999877929688,18.243457794189453,0.0,12.261157035827637,319.7637023925781,0.1400000154972076,30.01749992370605,0.1560000032186508
1785949200000,2026-08-05 17:00:00,,,,,,,,,,,,,31.26749992370605,45.0,1014.0,17.92339324951172,0.0,11.269782066345217,333.4350280761719,0.1099999994039535,29.717500686645508,0.1560000032186508
1785952800000,2026-08-05 18:00:00,,,,,,,,,,,,,30.217500686645508,46.0,1014.0999755859376,17.320240020751953,0.0,4.349896430969238,24.443952560424805,0.0599999986588954,29.11750030517578,0.1550000011920929
1785956400000,2026-08-05 19:00:00,,,,,,,,,,,,,27.51749992370605,54.0,1014.7999877929688,17.382068634033203,0.0,5.351784706115723,42.27362823486328,0.0199999995529651,28.067501068115234,0.1550000011920929
1785958500219,2026-08-05 19:35:00,,,,20.88,20.11,19.07,,,,100.0,-113.0,-9.2,,,,,,,,,,
1785958505895,2026-08-05 19:35:05,33.36,26.61,25.13,,,,329.47,299.81,277.04,100.0,-113.0,-11.8,,,,,,,,,,
1785960000000,2026-08-05 20:00:00,,,,,,,,,,,,,27.167499542236328,54.0,1015.2000122070312,17.057783126831055,0.0,5.399999618530273,53.13002014160156,0.0299999993294477,27.11750030517578,0.1550000011920929
1785963600000,2026-08-05 21:00:00,,,,,,,,,,,,,26.51749992370605,57.0,1015.2999877929688,17.30818748474121,0.0,4.6938252449035645,94.39862060546876,0.0199999995529651,26.467500686645508,0.1550000011920929
1785967200000,2026-08-05 22:00:00,,,,,,,,,,,,,25.467500686645508,63.0,1015.2000122070312,17.909929275512695,0.0,4.896529197692871,107.10281372070312,0.0099999997764825,25.667499542236328,0.1550000011920929
1785970800000,2026-08-05 23:00:00,,,,,,,,,,,,,24.36750030517578,69.0,1015.0999755859376,18.313486099243164,0.0,5.506940841674805,101.30989837646484,0.0099999997764825,24.967500686645508,0.1550000011920929
1785972903496,2026-08-05 23:35:03,33.5,26.67,25.17,,,,329.6,299.87,277.07,100.0,-113.0,-9.0,,,,,,,,,,
1785974400000,2026-08-06 00:00:00,,,,,,,,,,,,,23.967500686645508,78.0,1014.7999877929688,19.895341873168945,0.0,2.099142551422119,120.96369171142578,0.0,24.217500686645508,0.1550000011920929
1785978000000,2026-08-06 01:00:00,,,,,,,,,,,,,23.417499542236328,78.0,1015.2999877929688,19.361974716186523,0.0,1.1384198665618896,341.56494140625,0.0,23.567501068115234,0.1550000011920929
1785981600000,2026-08-06 02:00:00,,,,,,,,,,,,,22.967500686645508,75.0,1015.7000122070312,18.29871940612793,0.0,2.595996856689453,303.6900939941406,0.0,22.917499542236328,0.1539999991655349
1785985200000,2026-08-06 03:00:00,,,,,,,,,,,,,22.61750030517578,75.0,1015.9000244140624,17.960887908935547,0.0,1.7999999523162842,323.1300048828125,0.0,22.26749992370605,0.1539999991655349
1785987292760,2026-08-06 03:34:52,,,,21.07,20.52,18.95,,,,100.0,-121.0,-15.0,,,,,,,,,,
1785988800000,2026-08-06 04:00:00,,,,,,,,,,,,,22.01749992370605,77.0,1016.2000122070312,17.79905128479004,0.0,2.811689853668213,320.1944885253906,0.0,21.717500686645508,0.1539999991655349
1785992400000,2026-08-06 05:00:00,,,,,,,,,,,,,22.76749992370605,75.0,1016.5,18.105676651000977,0.0,3.5999999046325684,323.1300048828125,0.0099999997764825,21.717500686645508,0.1539999991655349
1785996000000,2026-08-06 06:00:00,,,,,,,,,,,,,24.217500686645508,68.0,1017.0,17.937868118286133,0.0,4.680000305175781,292.6199035644531,0.0599999986588954,22.417499542236328,0.1539999991655349
1785999600000,2026-08-06 07:00:00,,,,,,,,,,,,,25.167499542236328,66.0,1017.2000122070312,18.366579055786133,0.0,8.714676856994629,308.2901916503906,0.1099999994039535,23.317501068115234,0.1539999991655349
1786001689015,2026-08-06 07:34:49,,,,21.04,20.55,19.16,,,,100.0,-113.0,-13.5,,,,,,,,,,
1786003200000,2026-08-06 08:00:00,,,,,,,,,,,,,26.467500686645508,63.0,1017.4000244140624,18.85432815551757,0.0,11.983187675476074,302.7351989746094,0.1500000059604644,24.167499542236328,0.152999997138977
1786006800000,2026-08-06 09:00:00,,,,,,,,,,,,,27.817501068115234,55.0,1017.4000244140624,17.95145606994629,0.0,12.722829818725586,295.11480712890625,0.2100000232458114,25.26749992370605,0.152999997138977
1786010400000,2026-08-06 10:00:00,,,,,,,,,,,,,28.667499542236328,51.0,1017.2999877929688,17.538143157958984,0.0,13.397611618041992,300.6996459960937,0.2399999946355819,26.36750030517578,0.1519999951124191
1786014000000,2026-08-06 11:00:00,,,,,,,,,,,,,29.317501068115234,47.0,1017.2000122070312,16.841711044311523,0.0,14.843179702758787,292.83367919921875,0.2300000041723251,27.26749992370605,0.1519999951124191
1786016085325,2026-08-06 11:34:45,,,,21.01,20.62,19.29,,,,100.0,-113.0,-14.0,,,,,,,,,,
1786016092305,2026-08-06 11:34:52,33.32,26.64,25.17,,,,329.44,299.84,277.07,100.0,-113.0,-12.5,,,,,,,,,,
1786017600000,2026-08-06 12:00:00,,,,,,,,,,,,,29.61750030517578,44.0,1017.0,16.076860427856445,0.0,15.315873146057127,293.5522766113281,0.2000000178813934,27.76749992370605,0.1509999930858612
1786021200000,2026-08-06 13:00:00,,,,,,,,,,,,,29.36750030517578,43.0,1016.9000244140624,15.491851806640623,0.0,15.815435409545898,311.3085327148437,0.2000000178813934,28.217500686645508,0.1509999930858612
1786024800000,2026-08-06 14:00:00,,,,,,,,,,,,,29.317501068115234,42.0,1016.5999755859376,15.080307960510254,0.0,15.782622337341309,315.0000915527344,0.1800000071525573,28.36750030517578,0.1500000059604644
1786028400000,2026-08-06 15:00:00,,,,,,,,,,,,,29.61750030517578,39.0,1016.2000122070312,14.19981288909912,0.0,13.905508995056152,291.2505798339844,0.1700000017881393,28.417499542236328,0.1500000059604644
1786030488653,2026-08-06 15:34:48,33.26,26.61,25.17,,,,329.38,299.81,277.07,100.0,-113.0,-11.2,,,,,,,,,,
1786032000000,2026-08-06 16:00:00,,,,,,,,,,,,,29.167499542236328,37.0,1016.2000122070312,12.991079330444336,0.0,15.141413688659668,298.3929138183594,0.1500000059604644,28.26749992370605,0.1490000039339065
1786035600000,2026-08-06 17:00:00,,,,,,,,,,,,,27.967500686645508,39.0,1016.4000244140624,12.730636596679688,0.0,9.957107543945312,310.6012268066406,0.1199999973177909,27.817501068115234,0.1490000039339065
1786039200000,2026-08-06 18:00:00,,,,,,,,,,,,,26.467500686645508,36.0,1017.0,10.190208435058594,0.0,13.684735298156738,324.637451171875,0.0599999986588954,27.11750030517578,0.1490000039339065
1786042800000,2026-08-06 19:00:00,,,,,,,,,,,,,23.417499542236328,43.0,1018.4000244140624,10.126595497131348,0.0,14.332340240478516,334.7223205566406,0.0399999991059303,26.01749992370605,0.1490000039339065
1786046400000,2026-08-06 20:00:00,,,,,,,,,,,,,21.61750030517578,48.0,1019.5,10.136529922485352,0.0,12.18162441253662,325.8402404785156,0.0299999993294477,24.967500686645508,0.1490000039339065
1786050000000,2026-08-06 21:00:00,,,,,,,,,,,,,20.317501068115234,54.0,1020.0999755859376,10.70474910736084,0.0,7.862518310546875,344.0545349121094,0.0299999993294477,24.01749992370605,0.1480000019073486
1786053600000,2026-08-06 22:00:00,,,,,,,,,,,,,19.51749992370605,58.0,1020.5999755859376,11.034343719482422,0.0,5.351784706115723,340.3460998535156,0.0199999995529651,23.217500686645508,0.1480000019073486
1786057200000,2026-08-06 23:00:00,,,,,,,,,,,,,18.167499542236328,64.0,1020.7999877929688,11.247312545776367,0.0,5.506940841674805,348.6900939941406,0.0199999995529651,22.467500686645508,0.1480000019073486
1786059284165,2026-08-06 23:34:44,33.29,26.64,25.17,,,,329.41,299.84,277.07,100.0,-113.0,-13.2,,,,,,,,,,
1786060800000,2026-08-07 00:00:00,,,,,,,,,,,,,18.567501068115234,64.0,1020.9000244140624,11.626385688781738,0.0,4.802999019622803,347.00537109375,0.0199999995529651,22.51749992370605,0.1469999998807907
1786064400000,2026-08-07 01:00:00,,,,,,,,,,,,,17.167499542236328,71.0,1020.7999877929688,11.864294052124023,0.0,6.214563369750977,349.9920654296875,0.0099999997764825,21.467500686645508,0.1469999998807907
1786068000000,2026-08-07 02:00:00,,,,,,,,,,,,,16.5674991607666,72.0,1021.0999755859376,11.499845504760742,0.0,5.759999752044678,360.0,0.0099999997764825,20.667499542236328,0.1469999998807907
1786071600000,2026-08-07 03:00:00,,,,,,,,,,,,,16.267499923706055,72.0,1021.4000244140624,11.21143913269043,0.0,6.6380720138549805,347.47119140625,0.0099999997764825,20.01749992370605,0.1469999998807907
1786073670457,2026-08-07 03:34:30,,,,21.07,19.6,19.26,,,,100.0,-112.0,-12.0,,,,,,,,,,
1786073680376,2026-08-07 03:34:40,33.26,26.64,25.17,,,,329.38,299.84,277.07,100.0,-113.0,-10.8,,,,,,,,,,
1786075200000,2026-08-07 04:00:00,,,,,,,,,,,,,15.167500495910645,81.0,1021.7999877929688,11.92890167236328,0.0,6.1516828536987305,339.4438781738281,0.0099999997764825,19.467500686645508,0.1459999978542328
1786078800000,2026-08-07 05:00:00,,,,,,,,,,,,,15.817500114440918,80.0,1022.2000122070312,12.373353958129885,0.0,5.9044389724731445,322.43133544921875,0.0099999997764825,19.11750030517578,0.1459999978542328
1786082400000,2026-08-07 06:00:00,,,,,,,,,,,,,17.017499923706055,76.0,1022.7000122070312,12.755650520324709,0.0,5.351784706115723,317.72637939453125,0.0500000044703483,19.467500686645508,0.1459999978542328
1786086000000,2026-08-07 07:00:00,,,,,,,,,,,,,18.76749992370605,69.0,1023.0999755859376,12.96164321899414,0.0,4.104631423950195,307.8750305175781,0.1000000089406967,20.36750030517578,0.1459999978542328
1786088066763,2026-08-07 07:34:26,,,,20.94,20.78,19.29,,,,100.0,-121.0,-12.0,,,,,,,,,,
1786089600000,2026-08-07 08:00:00,,,,,,,,,,,,,20.417499542236328,61.0,1022.9000244140624,12.644381523132324,0.0,7.636752605438232,315.0000915527344,0.1500000059604644,21.36750030517578,0.1449999958276748
1786093200000,2026-08-07 09:00:00,,,,,,,,,,,,,21.417499542236328,53.0,1022.9000244140624,11.442841529846191,0.0,9.686609268188477,311.98712158203125,0.1899999976158142,22.317501068115234,0.1449999958276748
1786096800000,2026-08-07 10:00:00,,,,,,,,,,,,,22.36750030517578,48.0,1022.5999755859376,10.822786331176758,0.0,9.72666358947754,308.9909973144531,0.2199999988079071,23.167499542236328,0.1439999938011169
1786100400000,2026-08-07 11:00:00,,,,,,,,,,,,,23.467500686645508,44.0,1022.4000244140624,10.51630401611328,0.0,9.79305934906006,306.0274658203125,0.2399999946355819,24.067501068115234,0.1439999938011169
1786102472081,2026-08-07 11:34:32,32.83,26.48,25.05,,,,328.99,299.67,276.98,100.0,-113.0,-12.0,,,,,,,,,,
1786104000000,2026-08-07 12:00:00,,,,,,,,,,,,,24.067501068115234,42.0,1022.0,10.36008071899414,0.0,9.0,306.8699645996094,0.2300000041723251,24.817501068115234,0.1430000066757202
1786107600000,2026-08-07 13:00:00,,,,,,,,,,,,,24.467500686645508,38.0,1021.5999755859376,9.224383354187012,0.0,10.23312282562256,309.28936767578125,0.2199999988079071,25.467500686645508,0.1430000066757202
1786111200000,2026-08-07 14:00:00,,,,,,,,,,,,,24.86750030517578,35.0,1021.0999755859376,8.360795974731445,0.0,9.36691951751709,272.2025451660156,0.2000000178813934,25.667499542236328,0.1420000046491623
1786114800000,2026-08-07 15:00:00,,,,,,,,,,,,,24.467500686645508,34.0,1020.7999877929688,7.582757949829102,0.0,11.753875732421877,319.96978759765625,0.1700000017881393,25.467500686645508,0.1420000046491623
1786118400000,2026-08-07 16:00:00,,,,,,,,,,,,,23.967500686645508,33.0,1020.5,6.708378314971924,0.0,12.43433952331543,337.8905029296875,0.1500000059604644,25.167499542236328,0.1420000046491623
1786122000000,2026-08-07 17:00:00,,,,,,,,,,,,,23.067501068115234,35.0,1020.4000244140624,6.775117874145508,0.0,10.239453315734863,349.8753967285156,0.1199999973177909,24.567501068115234,0.1410000026226043
1786125600000,2026-08-07 18:00:00,,,,,,,,,,,,,21.967500686645508,39.0,1020.5,7.379687786102295,0.0,6.725354194641113,344.475830078125,0.0599999986588954,23.717500686645508,0.1410000026226043
1786129200000,2026-08-07 19:00:00,,,,,,,,,,,,,19.11750030517578,48.0,1021.2999877929688,7.847789287567139,0.0,6.725354194641113,15.524176597595217,0.0299999993294477,22.467500686645508,0.1410000026226043
1786132800000,2026-08-07 20:00:00,,,,,,,,,,,,,18.26749992370605,51.0,1021.7999877929688,7.9576592445373535,0.0,8.55710220336914,22.24907112121582,0.0199999995529651,21.36750030517578,0.1410000026226043
1786136121080,2026-08-07 20:55:21,,,,,,,,,,100.0,-121.0,-18.0,,,,,,,,,,
1786136137967,2026-08-07 20:55:37,,,,20.65,19.54,19.51,,,,100.0,-118.0,-17.8,,,,,,,,,,
1786136147038,2026-08-07 20:55:47,32.66,26.36,24.95,,,,328.84,299.55,276.9,100.0,-113.0,-16.0,,,,,,,,,,
1786136400000,2026-08-07 21:00:00,,,,,,,,,,,,,17.817501068115234,57.0,1022.4000244140624,9.183536529541016,0.0,8.91318130493164,43.363468170166016,0.0199999995529651,20.667499542236328,0.1410000026226043
1786140000000,2026-08-07 22:00:00,,,,,,,,,,,,,16.3174991607666,68.0,1022.7999877929688,10.399518013000488,0.0,2.879999876022339,360.0,0.0099999997764825,19.967500686645508,0.1410000026226043
1786143600000,2026-08-07 23:00:00,,,,,,,,,,,,,14.467500686645508,73.0,1022.9000244140624,9.686213493347168,0.0,5.001279830932617,30.25636100769043,0.0099999997764825,19.01749992370605,0.1400000005960464
1786147200000,2026-08-08 00:00:00,,,,,,,,,,,,,13.517499923706056,82.0,1023.5999755859376,10.503911018371582,0.0,4.33497428894043,48.36655426025391,0.0099999997764825,18.11750030517578,0.1400000005960464
1786150528964,2026-08-08 00:55:28,32.55,26.3,24.91,,,,328.74,299.49,276.87,100.0,-113.0,-12.0,,,,,,,,,,
1786150800000,2026-08-08 01:00:00,,,,,,,,,,,,,13.167500495910645,84.0,1024.199951171875,10.523255348205566,0.0,4.6102495193481445,38.65982818603516,0.0,17.467500686645508,0.1400000005960464
1786154400000,2026-08-08 02:00:00,,,,,,,,,,,,,13.217500686645508,83.0,1023.7999877929688,10.392529487609863,0.0,3.826852560043335,48.81417465209961,0.0,16.86750030517578,0.1400000005960464
1786158000000,2026-08-08 03:00:00,,,,,,,,,,,,,12.817500114440918,83.0,1023.5,10.001293182373049,0.0,3.89399528503418,33.69010162353516,0.0,16.167499542236328,0.1400000005960464
1786161600000,2026-08-08 04:00:00,,,,,,,,,,,,,12.017499923706056,86.0,1024.0,9.747353553771973,0.0,3.3190360069274902,40.60121536254883,0.0,15.567500114440918,0.1400000005960464
1786164916285,2026-08-08 04:55:16,,,,20.39,20.52,19.7,,,,100.0,-112.0,-11.2,,,,,,,,,,
1786164925302,2026-08-08 04:55:25,32.42,26.21,24.83,,,,328.62,299.4,276.81,100.0,-121.0,-14.8,,,,,,,,,,
1786165200000,2026-08-08 05:00:00,,,,,,,,,,,,,13.267499923706056,84.0,1024.300048828125,10.621201515197754,0.0,2.0364675521850586,44.99989700317383,0.0,15.417500495910645,0.1400000005960464
1786168800000,2026-08-08 06:00:00,,,,,,,,,,,,,15.267499923706056,78.0,1024.5999755859375,11.454496383666992,0.0,1.4399999380111694,180.0,0.0299999993294477,16.36750030517578,0.1400000005960464
1786172400000,2026-08-08 07:00:00,,,,,,,,,,,,,17.767499923706055,69.0,1024.199951171875,12.00542163848877,0.0,0.8049845099449158,116.5649871826172,0.0799999982118606,17.567501068115234,0.1389999985694885
1786176000000,2026-08-08 08:00:00,,,,,,,,,,,,,19.86750030517578,57.0,1024.199951171875,11.099581718444824,0.0,2.595996856689453,56.30991363525391,0.1500000059604644,19.01749992370605,0.1389999985694885
1786179320041,2026-08-08 08:55:20,32.18,26.1,24.73,,,,328.41,299.29,276.73,100.0,-118.0,-16.8,,,,,,,,,,
1786179600000,2026-08-08 09:00:00,,,,,,,,,,,,,21.51749992370605,51.0,1024.0,10.954789161682127,0.0,3.7064266204833984,60.94549179077149,0.2100000232458114,20.417499542236328,0.1389999985694885
1786183200000,2026-08-08 10:00:00,,,,,,,,,,,,,23.01749992370605,45.0,1023.7999877929688,10.445595741271973,0.0,4.104631423950195,52.12495803833008,0.2399999946355819,21.76749992370605,0.1379999965429306
1786186800000,2026-08-08 11:00:00,,,,,,,,,,,,,24.26749992370605,40.0,1023.0999755859376,9.809769630432127,0.0,3.7064266204833984,29.05450820922852,0.2599999904632568,23.01749992370605,0.1379999965429306
1786190400000,2026-08-08 12:00:00,,,,,,,,,,,,,25.317501068115234,37.0,1022.4000244140624,9.58220386505127,0.0,5.116561412811279,39.28939437866211,0.25,24.067501068115234,0.1369999945163726
1786193708817,2026-08-08 12:55:08,,,,20.01,20.62,19.44,,,,100.0,-121.0,-12.2,,,,,,,,,,
1786193717829,2026-08-08 12:55:17,31.99,26.02,24.69,,,,328.23,299.2,276.7,100.0,-118.0,-15.2,,,,,,,,,,
1786194000000,2026-08-08 13:00:00,,,,,,,,,,,,,25.817501068115234,36.0,1022.0,9.616271018981934,0.0,8.766572952270508,19.179105758666992,0.2399999946355819,24.917499542236328,0.1369999945163726
1786197600000,2026-08-08 14:00:00,,,,,,,,,,,,,25.917499542236328,35.0,1021.5999755859376,9.285171508789062,0.0,9.422101020812988,46.54811096191406,0.2100000232458114,25.317501068115234,0.1360000073909759
1786201200000,2026-08-08 15:00:00,,,,,,,,,,,,,25.967500686645508,36.0,1021.2000122070312,9.748732566833496,0.0,5.991593837738037,32.7352294921875,0.1899999976158142,25.51749992370605,0.1360000073909759
1786204800000,2026-08-08 16:00:00,,,,,,,,,,,,,25.567501068115234,36.0,1020.7999877929688,9.395482063293455,0.0,10.29625129699707,36.46933364868164,0.1599999964237213,25.36750030517578,0.135000005364418
1786208105101,2026-08-08 16:55:05,,,,19.98,19.92,19.13,,,,100.0,-117.0,-23.0,,,,,,,,,,
1786208114084,2026-08-08 16:55:14,31.95,25.96,24.65,,,,328.2,299.14,276.67,100.0,-112.0,-9.5,,,,,,,,,,
1786208400000,2026-08-08 17:00:00,,,,,,,,,,,,,24.417499542236328,38.0,1020.7999877929688,9.179922103881836,0.0,9.021574020385742,61.389644622802734,0.1099999994039535,24.717500686645508,0.135000005364418
1786212000000,2026-08-08 18:00:00,,,,,,,,,,,,,22.86750030517578,41.0,1020.9000244140624,8.922189712524414,0.0,7.628262996673584,70.7098617553711,0.0500000044703483,23.76749992370605,0.135000005364418
1786215600000,2026-08-08 19:00:00,,,,,,,,,,,,,20.467500686645508,49.0,1021.2000122070312,9.390295028686523,0.0,8.5873384475708,56.97612762451172,0.0299999993294477,22.51749992370605,0.135000005364418
1786219200000,2026-08-08 20:00:00,,,,,,,,,,,,,19.667499542236328,50.0,1021.2000122070312,8.955184936523438,0.0,7.754636764526367,68.19853210449219,0.0199999995529651,21.51749992370605,0.135000005364418
1786222508906,2026-08-08 20:55:08,31.99,25.93,24.61,,,,328.23,299.11,276.64,100.0,-121.0,-15.0,,,,,,,,,,
1786222800000,2026-08-08 21:00:00,,,,,,,,,,,,,18.217500686645508,56.0,1021.4000244140624,9.294108390808104,0.0,5.86037540435791,79.3803939819336,0.0199999995529651,20.667499542236328,0.135000005364418
1786226400000,2026-08-08 22:00:00,,,,,,,,,,,,,17.817501068115234,56.0,1021.2000122070312,8.920948028564453,0.0,6.877789974212647,83.9910888671875,0.0199999995529651,19.86750030517578,0.1340000033378601
1786230000000,2026-08-08 23:00:00,,,,,,,,,,,,,17.317501068115234,58.0,1020.9000244140624,8.973654747009277,0.0,6.479999542236328,90.0,0.0199999995529651,19.26749992370605,0.1340000033378601
1786233600000,2026-08-09 00:00:00,,,,,,,,,,,,,16.267499923706055,67.0,1021.0,10.129902839660645,0.0,5.815978050231934,111.80147552490234,0.0099999997764825,18.76749992370605,0.1340000033378601
1786236897684,2026-08-09 00:54:57,,,,19.98,20.17,19.29,,,,100.0,-121.0,-15.5,,,,,,,,,,
1786237200000,2026-08-09 01:00:00,,,,,,,,,,,,,16.517499923706055,67.0,1020.2999877929688,10.368202209472656,0.0,7.862518310546875,105.94546508789062,0.0099999997764825,18.26749992370605,0.1340000033378601
1786240800000,2026-08-09 02:00:00,,,,,,,,,,,,,17.11750030517578,65.0,1019.9000244140624,10.484532356262209,0.0,12.0693998336792,107.35411071777344,0.0099999997764825,18.167499542236328,0.1340000033378601
1786244400000,2026-08-09 03:00:00,,,,,,,,,,,,,17.317501068115234,63.0,1019.7000122070312,10.205684661865234,0.0,12.864648818969728,107.92800903320312,0.0099999997764825,18.167499542236328,0.1340000033378601
1786248000000,2026-08-09 04:00:00,,,,,,,,,,,,,17.467500686645508,62.0,1019.2999877929688,10.10800075531006,0.0,13.10419750213623,105.94546508789062,0.0199999995529651,18.217500686645508,0.1340000033378601
1786251303053,2026-08-09 04:55:03,31.82,25.81,24.46,,,,328.08,298.99,276.53,100.0,-111.0,-5.5,,,,,,,,,,
1786251600000,2026-08-09 05:00:00,,,,,,,,,,,,,18.317501068115234,59.0,1019.2999877929688,10.166068077087402,0.0,12.64107608795166,109.98319244384766,0.0299999993294477,18.317501068115234,0.1340000033378601
1786255200000,2026-08-09 06:00:00,,,,,,,,,,,,,19.86750030517578,56.0,1018.9000244140624,10.832990646362305,0.0,13.237038612365724,112.38018035888672,0.0700000077486038,18.86750030517578,0.1340000033378601
1786258800000,2026-08-09 07:00:00,,,,,,,,,,,,,21.917499542236328,51.0,1018.7000122070312,11.323466300964355,0.0,15.13713264465332,115.34613800048828,0.1199999973177909,19.76749992370605,0.1330000013113021
1786262400000,2026-08-09 08:00:00,,,,,,,,,,,,,24.817501068115234,42.0,1018.2999877929688,11.034981727600098,0.0,15.580141067504885,139.68597412109375,0.1800000071525573,21.067501068115234,0.1330000013113021
1786265687879,2026-08-09 08:54:47,,,,19.76,20.04,19.23,,,,100.0,-121.0,-10.8,,,,,,,,,,
1786265693442,2026-08-09 08:54:53,31.64,25.73,24.38,,,,327.92,298.91,276.47,100.0,-112.0,-6.5,,,,,,,,,,
1786266000000,2026-08-09 09:00:00,,,,,,,,,,,,,26.86750030517578,36.0,1018.0999755859376,10.543319702148438,0.0,14.081477165222168,147.52882385253906,0.2300000041723251,22.567501068115234,0.1330000013113021
1786269600000,2026-08-09 10:00:00,,,,,,,,,,,,,28.86750030517578,32.0,1017.5,10.52758502960205,0.0,14.332340240478516,154.72232055664062,0.25,24.067501068115234,0.1319999992847442
1786273200000,2026-08-09 11:00:00,,,,,,,,,,,,,30.217500686645508,30.0,1016.9000244140624,10.72724723815918,0.0,16.56391143798828,178.75466918945312,0.2399999946355819,25.467500686645508,0.1319999992847442
1786276800000,2026-08-09 12:00:00,,,,,,,,,,,,,31.01749992370605,27.0,1016.2999877929688,9.834381103515623,0.0,16.215991973876953,182.5447540283203,0.2300000041723251,26.567501068115234,0.1309999972581863
1786280084071,2026-08-09 12:54:44,,,,19.73,19.95,18.92,,,,100.0,-112.0,-7.5,,,,,,,,,,
1786280400000,2026-08-09 13:00:00,,,,,,,,,,,,,31.717500686645508,25.0,1015.7000122070312,9.281167030334473,0.0,14.75999927520752,180.0,0.2199999988079071,27.36750030517578,0.1309999972581863
1786284000000,2026-08-09 14:00:00,,,,,,,,,,,,,32.16749954223633,24.0,1014.9000244140624,9.05353546142578,0.0,13.202726364135742,168.9965057373047,0.2100000232458114,28.01749992370605,0.1309999972581863
1786287600000,2026-08-09 15:00:00,,,,,,,,,,,,,32.36750030517578,23.0,1014.4000244140624,8.590665817260742,0.0,11.885453224182127,178.2643280029297,0.1899999976158142,28.317501068115234,0.1299999952316284
1786291200000,2026-08-09 16:00:00,,,,,,,,,,,,,32.11750030517578,25.0,1014.0,9.61846923828125,0.0,9.360000610351562,202.61990356445312,0.1599999964237213,28.317501068115234,0.1299999952316284
1786294487466,2026-08-09 16:54:47,31.64,25.68,24.34,,,,327.92,298.85,276.44,100.0,-122.0,-13.2,,,,,,,,,,
1786294800000,2026-08-09 17:00:00,,,,,,,,,,,,,31.067501068115234,26.0,1013.7999877929688,9.314627647399902,0.0,11.96695327758789,173.0888671875,0.1199999973177909,27.917499542236328,0.1299999952316284
1786298400000,2026-08-09 18:00:00,,,,,,,,,,,,,29.067501068115234,31.0,1013.5999755859376,10.225202560424805,0.0,7.895416259765625,136.84759521484375,0.0599999986588954,27.01749992370605,0.1299999952316284
1786302000000,2026-08-09 19:00:00,,,,,,,,,,,,,26.467500686645508,39.0,1013.5999755859376,11.39414882659912,0.0,10.93120288848877,107.2415542602539,0.0399999991059303,25.817501068115234,0.1299999952316284
1786305600000,2026-08-09 20:00:00,,,,,,,,,,,,,25.467500686645508,41.0,1013.7000122070312,11.25543212890625,0.0,12.30336570739746,110.5561294555664,0.0399999991059303,24.967500686645508,0.1289999932050705
1786308876633,2026-08-09 20:54:36,,,,19.98,20.36,18.86,,,,100.0,-121.0,-12.2,,,,,,,,,,
1786309200000,2026-08-09 21:00:00,,,,,,,,,,,,,25.26749992370605,40.0,1013.5,10.70434284210205,0.0,13.10419750213623,110.92457580566406,0.0399999991059303,24.417499542236328,0.1289999932050705
1786312800000,2026-08-09 22:00:00,,,,,,,,,,,,,25.26749992370605,38.0,1013.4000244140624,9.935691833496094,0.0,12.864648818969728,107.92800903320312,0.0399999991059303,24.11750030517578,0.1289999932050705
1786316400000,2026-08-09 23:00:00,,,,,,,,,,,,,25.567501068115234,36.0,1013.4000244140624,9.395482063293455,0.0,8.31124496459961,107.65021514892578,0.0399999991059303,23.967500686645508,0.1289999932050705
1786320000000,2026-08-10 00:00:00,,,,,,,,,,,,,25.667499542236328,37.0,1012.4000244140624,9.892335891723633,0.0,8.89134407043457,111.37069702148438,0.0399999991059303,23.717500686645508,0.1280000060796737
1786323272935,2026-08-10 00:54:32,,,,20.04,19.7,18.86,,,,100.0,-121.0,-14.5,,,,,,,,,,
1786323278528,2026-08-10 00:54:38,31.82,25.7,24.34,,,,328.08,298.88,276.44,100.0,-111.0,-3.2,,,,,,,,,,
1786323600000,2026-08-10 01:00:00,,,,,,,,,,,,,25.067501068115234,39.0,1012.5,10.14601230621338,0.0,6.379216194152832,106.38961791992188,0.0500000044703483,23.567501068115234,0.1280000060796737
1786327200000,2026-08-10 02:00:00,,,,,,,,,,,,,24.467500686645508,47.0,1013.0,12.422250747680664,0.0,1.7999999523162842,90.0,0.0199999995529651,23.067501068115234,0.1280000060796737
1786330800000,2026-08-10 03:00:00,,,,,,,,,,,,,22.917499542236328,51.0,1013.2999877929688,12.244956970214844,0.0,1.6099690198898315,243.4350128173828,0.0,22.11750030517578,0.1280000060796737
1786334400000,2026-08-10 04:00:00,,,,,,,,,,,,,21.917499542236328,54.0,1013.5,12.189748764038086,0.0,0.3599999845027923,360.0,0.0,21.217500686645508,0.1280000060796737
1786337669185,2026-08-10 04:54:29,,,,20.11,19.92,19.13,,,,100.0,-112.0,-7.8,,,,,,,,,,
1786337674779,2026-08-10 04:54:34,31.85,25.7,24.34,,,,328.11,298.88,276.44,100.0,-121.0,-12.2,,,,,,,,,,
1786338000000,2026-08-10 05:00:00,,,,,,,,,,,,,22.417499542236328,58.0,1013.7000122070312,13.749006271362305,0.0,1.938659191131592,338.1985168457031,0.0,20.717500686645508,0.1280000060796737
1786341600000,2026-08-10 06:00:00,,,,,,,,,,,,,23.61750030517578,54.0,1014.2000122070312,13.766839981079102,0.0,5.600285530090332,315.0000915527344,0.0599999986588954,21.467500686645508,0.1280000060796737
1786345200000,2026-08-10 07:00:00,,,,,,,,,,,,,24.667499542236328,52.0,1014.5999755859376,14.156415939331056,0.0,7.1003098487854,300.4654541015625,0.1700000017881393,22.61750030517578,0.1270000040531158
1786348800000,2026-08-10 08:00:00,,,,,,,,,,,,,25.917499542236328,49.0,1014.5999755859376,14.387372970581056,0.0,6.214563369750977,280.0079040527344,0.2300000041723251,23.76749992370605,0.1270000040531158
1786352065546,2026-08-10 08:54:25,,,,19.98,20.11,19.1,,,,100.0,-112.0,-10.5,,,,,,,,,,
1786352400000,2026-08-10 09:00:00,,,,,,,,,,,,,27.667499542236328,43.0,1014.5999755859376,13.960142135620115,0.0,6.162207126617432,276.7097473144531,0.270000010728836,25.01749992370605,0.1260000020265579
1786356000000,2026-08-10 10:00:00,,,,,,,,,,,,,29.467500686645508,39.0,1014.2000122070312,14.066293716430664,0.0,6.924737930297852,278.9725341796875,0.2800000309944153,26.36750030517578,0.1260000020265579
1786359600000,2026-08-10 11:00:00,,,,,,,,,,,,,31.26749992370605,31.0,1013.9000244140624,12.130000114440918,0.0,11.525623321533203,271.78985595703125,0.2800000309944153,27.61750030517578,0.1260000020265579
1786363200000,2026-08-10 12:00:00,,,,,,,,,,,,,32.317501068115234,26.0,1013.5,10.37371826171875,0.0,15.84000015258789,270.0,0.2599999904632568,28.417499542236328,0.125
1786366800000,2026-08-10 13:00:00,,,,,,,,,,,,,32.067501068115234,26.0,1013.0,10.16196346282959,0.0,12.72792148590088,278.1300048828125,0.2199999988079071,28.667499542236328,0.125
1786370400000,2026-08-10 14:00:00,,,,,,,,,,,,,31.86750030517578,27.0,1012.5999755859376,10.55788516998291,0.0,10.966712951660156,293.1986083984375,0.1899999976158142,28.567501068115234,0.125
1786374000000,2026-08-10 15:00:00,,,,,,,,,,,,,31.567501068115234,28.0,1012.7000122070312,10.84865951538086,0.0,15.57598114013672,303.6900939941406,0.1599999964237213,28.36750030517578,0.123999997973442
1786377600000,2026-08-10 16:00:00,,,,,,,,,,,,,31.36750030517578,28.0,1012.0999755859376,10.67768669128418,0.0,10.630672454833984,298.3006591796875,0.1400000154972076,28.217500686645508,0.123999997973442
1786381200000,2026-08-10 17:00:00,,,,,,,,,,,,,30.11750030517578,30.0,1012.2000122070312,10.640999794006348,0.0,8.21715259552002,298.8106994628906,0.0700000077486038,27.61750030517578,0.123999997973442
1786384800000,2026-08-10 18:00:00,,,,,,,,,,,,,27.61750030517578,40.0,1013.2999877929688,12.805161476135254,0.0,15.038350105285645,348.9590759277344,0.0500000044703483,26.86750030517578,0.123999997973442
1786388400000,2026-08-10 19:00:00,,,,,,,,,,,,,24.967500686645508,48.0,1014.7000122070312,13.20050048828125,0.0,13.849475860595703,351.0274353027344,0.0399999991059303,25.917499542236328,0.123999997973442
1786392000000,2026-08-10 20:00:00,,,,,,,,,,,,,22.417499542236328,65.0,1016.2000122070312,15.515108108520508,0.0,17.280000686645508,360.0,0.0299999993294477,24.967500686645508,0.123999997973442
1786395254395,2026-08-10 20:54:14,,,,20.3,19.76,19.23,,,,100.0,-113.0,-13.5,,,,,,,,,,
1786395600000,2026-08-10 21:00:00,,,,,,,,,,,,,20.61750030517578,70.0,1017.4000244140624,14.953612327575684,0.0,10.041354179382324,345.46551513671875,0.0199999995529651,23.917499542236328,0.1230000033974647
1786399200000,2026-08-10 22:00:00,,,,,,,,,,,,,19.11750030517578,76.0,1018.4000244140624,14.787116050720217,0.0,6.952754497528076,338.7494201660156,0.0099999997764825,22.917499542236328,0.1230000033974647
1786402800000,2026-08-10 23:00:00,,,,,,,,,,,,,17.917499542236328,82.0,1019.0999755859376,14.800286293029783,0.0,5.815978050231934,338.1985168457031,0.0099999997764825,22.01749992370605,0.1230000033974647
1786406400000,2026-08-11 00:00:00,,,,,,,,,,,,,18.917499542236328,69.0,1020.0,13.105060577392578,0.0,8.70723819732666,352.87506103515625,0.0099999997764825,22.317501068115234,0.123999997973442
1786409650637,2026-08-11 00:54:10,,,,20.39,19.92,19.48,,,,100.0,-113.0,-12.0,,,,,,,,,,
1786410000000,2026-08-11 01:00:00,,,,,,,,,,,,,17.917499542236328,75.0,1020.2000122070312,13.422807693481444,0.0,7.993297576904297,352.23492431640625,0.0099999997764825,21.61750030517578,0.123999997973442
1786413600000,2026-08-11 02:00:00,,,,,,,,,,,,,17.36750030517578,76.0,1021.0,13.094265937805176,0.0,7.968938827514648,341.56494140625,0.0099999997764825,20.967500686645508,0.123999997973442
1786417200000,2026-08-11 03:00:00,,,,,,,,,,,,,16.717500686645508,79.0,1021.7000122070312,13.056784629821776,0.0,10.002559661865234,329.74365234375,0.0099999997764825,20.51749992370605,0.123999997973442
1786420800000,2026-08-11 04:00:00,,,,,,,,,,,,,15.967500686645508,72.0,1022.5999755859376,10.923016548156738,0.0,11.770402908325195,336.5712890625,0.0099999997764825,20.067501068115234,0.123999997973442
1786424400000,2026-08-11 05:00:00,,,,,,,,,,,,,15.36750030517578,71.0,1023.2999877929688,10.136674880981444,0.0,10.787993431091309,334.29010009765625,0.0199999995529651,19.61750030517578,0.123999997973442
1786428000000,2026-08-11 06:00:00,,,,,,,,,,,,,15.767499923706056,67.0,1023.5999755859376,9.653270721435549,0.0,10.18869972229004,327.9946594238281,0.0399999991059303,19.51749992370605,0.123999997973442
1786431600000,2026-08-11 07:00:00,,,,,,,,,,,,,17.017499923706055,62.0,1023.9000244140624,9.6830472946167,0.0,10.4399995803833,313.6029052734375,0.0700000077486038,19.967500686645508,0.123999997973442
1786435200000,2026-08-11 08:00:00,,,,,,,,,,,,,18.317501068115234,55.0,1024.199951171875,9.119648933410645,0.0,11.304228782653809,307.23492431640625,0.1099999994039535,20.717500686645508,0.123999997973442
1786438450254,2026-08-11 08:54:10,42.68,39.57,38.86,,,,344.8,315.47,288.47,100.0,-111.0,-7.5,,,,,,,,,,
1786438800000,2026-08-11 09:00:00,,,,,,,,,,,,,19.51749992370605,50.0,1024.4000244140625,8.81716537475586,0.0,12.413476943969728,299.5386962890625,0.1400000154972076,21.61750030517578,0.1230000033974647
1786442400000,2026-08-11 10:00:00,,,,,,,,,,,,,20.817501068115234,44.0,1024.199951171875,8.116448402404785,0.0,13.217443466186523,299.357666015625,0.1700000017881393,22.467500686645508,0.1230000033974647
1786446000000,2026-08-11 11:00:00,,,,,,,,,,,,,22.01749992370605,40.0,1024.0999755859375,7.795661926269531,0.0,14.2006196975708,300.4654541015625,0.1899999976158142,23.317501068115234,0.1230000033974647
1786449600000,2026-08-11 12:00:00,,,,,,,,,,,,,22.967500686645508,37.0,1024.0,7.498639106750488,0.0,14.98222827911377,305.2176818847656,0.2000000178813934,24.01749992370605,0.1230000033974647
1786452839649,2026-08-11 12:53:59,,,,19.76,19.2,19.57,,,,100.0,-112.0,-11.5,,,,,,,,,,
1786453200000,2026-08-11 13:00:00,,,,,,,,,,,,,23.567501068115234,33.0,1024.0999755859375,6.358386993408203,0.0,14.843179702758787,309.0938415527344,0.1899999976158142,24.51749992370605,0.1220000013709068
1786456800000,2026-08-11 14:00:00,,,,,,,,,,,,,23.467500686645508,38.0,1023.9000244140624,8.334911346435547,0.0,13.891522407531738,328.7816467285156,0.1599999964237213,24.76749992370605,0.1220000013709068
1786460400000,2026-08-11 15:00:00,,,,,,,,,,,,,22.86750030517578,38.0,1024.0,7.801048755645752,0.0,13.52757167816162,334.7989196777344,0.1400000154972076,24.667499542236328,0.1220000013709068
1786464000000,2026-08-11 16:00:00,,,,,,,,,,,,,22.36750030517578,38.0,1024.0,7.356056213378906,0.0,10.661107063293455,348.3106689453125,0.1199999973177909,24.26749992370605,0.1220000013709068
1786467600000,2026-08-11 17:00:00,,,,,,,,,,,,,21.467500686645508,37.0,1024.199951171875,6.167586326599121,0.0,10.966712951660156,336.8013916015625,0.0900000035762786,23.567501068115234,0.1209999993443489
1786471200000,2026-08-11 18:00:00,,,,,,,,,,,,,19.917499542236328,42.0,1024.5,6.622109889984131,0.0,7.208993911743164,2.862345695495605,0.0500000044703483,22.61750030517578,0.1209999993443489
1786474800000,2026-08-11 19:00:00,,,,,,,,,,,,,17.567501068115234,48.0,1025.0999755859375,6.427828311920166,0.0,5.804825305938721,29.74479484558105,0.0199999995529651,21.317501068115234,0.1209999993443489
1786478400000,2026-08-11 20:00:00,,,,,,,,,,,,,16.667499542236328,50.0,1025.699951171875,6.1935715675354,0.0,6.489992141723633,33.69010162353516,0.0199999995529651,20.167499542236328,0.1209999993443489
1786481639086,2026-08-11 20:53:59,45.06,41.87,42.18,,,,351.67,321.84,295.25,100.0,-113.0,-14.0,,,,,,,,,,
1786482000000,2026-08-11 21:00:00,,,,,,,,,,,,,16.0674991607666,52.0,1026.0,6.208462238311768,0.0,6.193674087524414,35.53776550292969,0.0199999995529651,19.36750030517578,0.1209999993443489
1786485600000,2026-08-11 22:00:00,,,,,,,,,,,,,14.967500686645508,56.0,1026.5,6.261040210723877,0.0,4.843304634094238,48.01287078857422,0.0099999997764825,18.61750030517578,0.1209999993443489
1786489200000,2026-08-11 23:00:00,,,,,,,,,,,,,15.017499923706056,58.0,1026.699951171875,6.8180999755859375,0.0,2.811689853668213,50.19447326660156,0.0099999997764825,17.717500686645508,0.1209999993443489
1786492800000,2026-08-12 00:00:00,,,,,,,,,,,,,12.11750030517578,74.0,1027.0999755859375,7.621695041656494,0.0,4.33497428894043,41.63344955444336,0.0099999997764825,16.517499923706055,0.1199999973177909
1786496035428,2026-08-12 00:53:55,44.23,41.23,41.56,,,,349.14,319.97,293.88,100.0,-113.0,-14.2,,,,,,,,,,
1786496400000,2026-08-12 01:00:00,,,,,,,,,,,,,12.567500114440918,71.0,1027.699951171875,7.44829511642456,0.0,2.3051247596740723,51.34017181396485,0.0,15.917500495910645,0.1199999973177909
1786500000000,2026-08-12 02:00:00,,,,,,,,,,,,,11.967500686645508,73.0,1027.9000244140625,7.277755260467529,0.0,2.741678237915039,66.80138397216797,0.0,15.167500495910645,0.1199999973177909
1786503600000,2026-08-12 03:00:00,,,,,,,,,,,,,11.317500114440918,74.0,1028.199951171875,6.849593639373779,0.0,2.189794540405273,80.53775024414062,0.0,14.517499923706056,0.1199999973177909
1786507200000,2026-08-12 04:00:00,,,,,,,,,,,,,10.817500114440918,77.0,1028.4000244140625,6.945415019989014,0.0,1.8356469869613647,78.69010162353516,0.0,13.967500686645508,0.1199999973177909
1786510424701,2026-08-12 04:53:44,,,,19.7,19.85,19.26,,,,100.0,-112.0,-12.5,,,,,,,,,,
1786510800000,2026-08-12 05:00:00,,,,,,,,,,,,,11.467500686645508,79.0,1028.5999755859375,7.952262878417969,0.0,1.8356469869613647,101.30989837646484,0.0,13.767499923706056,0.1199999973177909
1786514400000,2026-08-12 06:00:00,,,,,,,,,,,,,13.917500495910645,69.0,1028.5999755859375,8.322460174560547,0.0,1.8356469869613647,168.6901092529297,0.0199999995529651,14.767499923706056,0.1199999973177909
1786518000000,2026-08-12 07:00:00,,,,,,,,,,,,,16.417499542236328,63.0,1028.5,9.354097366333008,0.0,1.4843180179595947,194.0362701416016,0.0700000077486038,16.217500686645508,0.1199999973177909
1786521600000,2026-08-12 08:00:00,,,,,,,,,,,,,19.26749992370605,51.0,1028.199951171875,8.880167007446289,0.0,1.8356469869613647,168.6901092529297,0.1199999973177909,17.767499923706055,0.1199999973177909
1786524821040,2026-08-12 08:53:41,,,,19.51,19.88,19.1,,,,100.0,-121.0,-13.5,,,,,,,,,,
1786524826602,2026-08-12 08:53:46,42.53,39.87,40.11,,,,344.39,316.25,290.88,100.0,-121.0,-13.8,,,,,,,,,,
1786525200000,2026-08-12 09:00:00,,,,,,,,,,,,,21.167499542236328,42.0,1028.199951171875,7.748632431030273,0.0,3.3190360069274902,130.60121154785156,0.1800000071525573,19.36750030517578,0.1199999973177909
1786528800000,2026-08-12 10:00:00,,,,,,,,,,,,,22.51749992370605,39.0,1028.0,7.870747089385986,0.0,3.096837043762207,54.46223831176758,0.2199999988079071,20.817501068115234,0.1190000027418136
1786532400000,2026-08-12 11:00:00,,,,,,,,,,,,,23.76749992370605,35.0,1027.5999755859375,7.391926288604736,0.0,4.452953815460205,75.96372985839844,0.2300000041723251,22.167499542236328,0.1190000027418136
1786536000000,2026-08-12 12:00:00,,,,,,,,,,,,,24.667499542236328,33.0,1027.199951171875,7.320706844329834,0.0,4.213691711425781,70.01680755615234,0.2300000041723251,23.317501068115234,0.1190000027418136
1786539600000,2026-08-12 13:00:00,,,,,,,,,,,,,25.26749992370605,35.0,1027.0999755859375,8.712993621826172,0.0,6.877789497375488,47.12110900878906,0.2000000178813934,24.11750030517578,0.1190000027418136
1786543200000,2026-08-12 14:00:00,,,,,,,,,,,,,25.667499542236328,25.0,1026.9000244140625,4.169706344604492,0.0,4.553679466247559,71.5649642944336,0.1899999976158142,24.61750030517578,0.1180000007152557
1786546800000,2026-08-12 15:00:00,,,,,,,,,,,,,25.51749992370605,28.0,1026.800048828125,5.668538570404053,0.0,6.989935874938965,55.49142456054688,0.1700000017881393,24.76749992370605,0.1180000007152557
1786550400000,2026-08-12 16:00:00,,,,,,,,,,,,,25.01749992370605,28.0,1026.5,5.239657878875732,0.0,8.66994857788086,85.23644256591797,0.1500000059604644,24.61750030517578,0.1180000007152557
1786553620596,2026-08-12 16:53:40,40.76,38.36,38.35,,,,339.88,312.42,287.52,100.0,-113.0,-13.0,,,,,,,,,,
1786554000000,2026-08-12 17:00:00,,,,,,,,,,,,,23.917499542236328,35.0,1026.5999755859375,7.524073123931885,0.0,8.91318130493164,46.63653564453125,0.1000000089406967,23.967500686645508,0.1180000007152557
1786557600000,2026-08-12 18:00:00,,,,,,,,,,,,,22.167499542236328,37.0,1026.800048828125,6.788853645324707,0.0,6.915374279022217,38.65982818603516,0.0500000044703483,22.967500686645508,0.1180000007152557
1786561200000,2026-08-12 19:00:00,,,,,,,,,,,,,19.967500686645508,43.0,1027.300048828125,7.010171890258789,0.0,9.164103507995604,44.99989700317383,0.0299999993294477,21.717500686645508,0.1180000007152557
1786564800000,2026-08-12 20:00:00,,,,,,,,,,,,,19.36750030517578,48.0,1027.4000244140625,8.076748847961426,0.0,9.585739135742188,55.713077545166016,0.0199999995529651,20.817501068115234,0.1180000007152557
1786568009962,2026-08-12 20:53:29,,,,19.32,18.67,18.98,,,,100.0,-112.0,-12.8,,,,,,,,,,
1786568400000,2026-08-12 21:00:00,,,,,,,,,,,,,18.11750030517578,52.0,1027.699951171875,8.104854583740234,0.0,7.072877883911133,75.25639343261719,0.0199999995529651,20.11750030517578,0.1180000007152557
1786572000000,2026-08-12 22:00:00,,,,,,,,,,,,,16.917499542236328,55.0,1027.9000244140625,7.816206455230713,0.0,5.815978050231934,68.19853210449219,0.0199999995529651,19.317501068115234,0.1180000007152557
1786575600000,2026-08-12 23:00:00,,,,,,,,,,,,,16.217500686645508,57.0,1028.0999755859375,7.687392711639404,0.0,5.692099571228027,71.5649642944336,0.0099999997764825,18.567501068115234,0.1180000007152557
1786579200000,2026-08-13 00:00:00,,,,,,,,,,,,,15.167500495910645,63.0,1028.300048828125,8.171077728271484,0.0,5.411986351013184,93.81400299072266,0.0099999997764825,17.767499923706055,0.1180000007152557
1786582800000,2026-08-13 01:00:00,,,,,,,,,,,,,14.767499923706056,64.0,1028.300048828125,8.023968696594238,0.0,5.091168403625488,98.13002014160156,0.0099999997764825,17.267499923706055,0.1180000007152557
1786586400000,2026-08-13 02:00:00,,,,,,,,,,,,,14.36750030517578,65.0,1028.199951171875,7.872267723083496,0.0,5.937272071838379,104.03627014160156,0.0099999997764825,16.817501068115234,0.1180000007152557
1786590000000,2026-08-13 03:00:00,,,,,,,,,,,,,14.167500495910645,66.0,1028.0999755859375,7.906481742858887,0.0,5.58870267868042,104.93147277832033,0.0099999997764825,16.517499923706055,0.1180000007152557
1786593600000,2026-08-13 04:00:00,,,,,,,,,,,,,13.86750030517578,68.0,1028.300048828125,8.059544563293457,0.0,4.452953815460205,104.03627014160156,0.0099999997764825,16.167499542236328,0.1180000007152557
1786596809504,2026-08-13 04:53:29,39.39,35.64,35.03,,,,336.66,309.12,284.63,100.0,-113.0,-14.0,,,,,,,,,,
1786597200000,2026-08-13 05:00:00,,,,,,,,,,,,,14.317500114440918,68.0,1028.4000244140625,8.489411354064941,0.0,3.7585103511810303,106.69932556152344,0.0099999997764825,15.917500495910645,0.1180000007152557
1786600800000,2026-08-13 06:00:00,,,,,,,,,,,,,16.467500686645508,61.0,1028.4000244140625,8.922379493713379,0.0,3.826852560043335,138.81417846679688,0.0399999991059303,16.517499923706055,0.1180000007152557
1786604400000,2026-08-13 07:00:00,,,,,,,,,,,,,19.667499542236328,51.0,1028.199951171875,9.249091148376465,0.0,3.5999999046325684,126.86998748779295,0.0900000035762786,17.767499923706055,0.1180000007152557
1786608000000,2026-08-13 08:00:00,,,,,,,,,,,,,22.61750030517578,44.0,1027.800048828125,9.74679183959961,0.0,4.896529674530029,126.0274658203125,0.1500000059604644,19.317501068115234,0.1180000007152557
1786611205862,2026-08-13 08:53:25,38.81,34.6,33.87,,,,335.37,308.05,283.74,100.0,-112.0,-5.2,,,,,,,,,,
1786611600000,2026-08-13 09:00:00,,,,,,,,,,,,,24.417499542236328,37.0,1027.800048828125,8.78449535369873,0.0,6.877789974212647,96.00891876220705,0.2100000232458114,20.917499542236328,0.1169999986886978
1786615200000,2026-08-13 10:00:00,,,,,,,,,,,,,25.76749992370605,34.0,1027.800048828125,8.723479270935059,0.0,6.569382667541504,80.53775024414062,0.2399999946355819,22.417499542236328,0.1169999986886978
1786618800000,2026-08-13 11:00:00,,,,,,,,,,,,,26.967500686645508,27.0,1027.4000244140625,6.382327079772949,0.0,7.2805495262146,81.46932220458984,0.25,23.76749992370605,0.1169999986886978
1786622400000,2026-08-13 12:00:00,,,,,,,,,,,,,27.917499542236328,26.0,1026.5999755859375,6.642312049865723,0.0,8.20926284790039,74.74482727050781,0.2399999946355819,24.967500686645508,0.1159999966621398
1786625595096,2026-08-13 12:53:15,,,,19.01,19.04,18.7,,,,100.0,-112.0,-10.5,,,,,,,,,,
1786625602068,2026-08-13 12:53:22,38.22,33.56,32.83,,,,334.11,306.98,282.94,100.0,-121.0,-12.2,,,,,,,,,,
1786626000000,2026-08-13 13:00:00,,,,,,,,,,,,,28.61750030517578,25.0,1025.800048828125,6.664371967315674,0.0,9.0,73.73973083496094,0.2199999988079071,25.817501068115234,0.1159999966621398
1786629600000,2026-08-13 14:00:00,,,,,,,,,,,,,28.817501068115234,22.0,1025.300048828125,4.983860015869141,0.0,10.495713233947754,67.83361053466797,0.2000000178813934,26.36750030517578,0.1159999966621398
1786633200000,2026-08-13 15:00:00,,,,,,,,,,,,,28.61750030517578,21.0,1024.9000244140625,4.151999950408936,0.0,10.58791732788086,72.18102264404297,0.1700000017881393,26.467500686645508,0.1150000020861625
1786636800000,2026-08-13 16:00:00,,,,,,,,,,,,,28.067501068115234,20.0,1024.800048828125,3.005052089691162,0.0,10.245779991149902,71.5649642944336,0.1500000059604644,26.217500686645508,0.1150000020861625
1786639991412,2026-08-13 16:53:11,,,,19.04,19.51,18.73,,,,100.0,-112.0,-5.2,,,,,,,,,,
1786639998289,2026-08-13 16:53:18,37.46,32.7,31.97,,,,333.16,306.09,282.28,100.0,-121.0,-13.5,,,,,,,,,,
1786640400000,2026-08-13 17:00:00,,,,,,,,,,,,,27.01749992370605,26.0,1024.5,5.8778977394104,0.0,9.904906272888184,70.90641784667969,0.1099999994039535,25.667499542236328,0.1150000020861625
1786644000000,2026-08-13 18:00:00,,,,,,,,,,,,,24.61750030517578,31.0,1024.5,6.365780353546143,0.0,10.028438568115234,68.96241760253906,0.0500000044703483,24.717500686645508,0.1150000020861625
1786647600000,2026-08-13 19:00:00,,,,,,,,,,,,,22.717500686645508,35.0,1024.5,6.466635227203369,0.0,10.390226364135742,75.96372985839844,0.0299999993294477,23.61750030517578,0.1150000020861625
1786651200000,2026-08-13 20:00:00,,,,,,,,,,,,,21.317501068115234,38.0,1024.5999755859375,6.4212646484375,0.0,8.640000343322754,90.0,0.0299999993294477,22.667499542236328,0.1150000020861625
1786654394656,2026-08-13 20:53:14,36.78,32.02,31.34,,,,332.55,305.38,281.79,100.0,-112.0,-10.5,,,,,,,,,,
1786654800000,2026-08-13 21:00:00,,,,,,,,,,,,,20.067501068115234,44.0,1024.5,7.43682050704956,0.0,7.208993911743164,87.13765716552734,0.0199999995529651,21.76749992370605,0.1150000020861625
1786658400000,2026-08-13 22:00:00,,,,,,,,,,,,,18.967500686645508,48.0,1024.5,7.710405349731445,0.0,6.519876956939697,96.34009552001952,0.0199999995529651,20.917499542236328,0.1150000020861625
1786662000000,2026-08-13 23:00:00,,,,,,,,,,,,,18.417499542236328,51.0,1024.5,8.096052169799805,0.0,6.989935398101807,101.88863372802734,0.0199999995529651,20.217500686645508,0.1150000020861625
1786665600000,2026-08-14 00:00:00,,,,,,,,,,,,,17.417499542236328,54.0,1024.4000244140625,8.011507034301758,0.0,6.287129878997803,103.24053192138672,0.0099999997764825,19.467500686645508,0.1140000000596046
1786668790960,2026-08-14 00:53:10,36.2,31.39,30.78,,,,332.03,304.73,281.36,100.0,-113.0,-7.8,,,,,,,,,,
1786669200000,2026-08-14 01:00:00,,,,,,,,,,,,,17.017499923706055,55.0,1023.7999877929688,7.909326076507568,0.0,6.6380720138549805,102.52880096435548,0.0099999997764825,19.01749992370605,0.1140000000596046
1786672800000,2026-08-14 02:00:00,,,,,,,,,,,,,17.317501068115234,54.0,1023.7000122070312,7.918599128723144,0.0,7.421589851379394,104.03627014160156,0.0099999997764825,18.667499542236328,0.1129999980330467
1786676400000,2026-08-14 03:00:00,,,,,,,,,,,,,17.067501068115234,55.0,1023.7000122070312,7.955886840820312,0.0,7.421589851379394,104.03627014160156,0.0099999997764825,18.417499542236328,0.1129999980330467
1786680000000,2026-08-14 04:00:00,,,,,,,,,,,,,17.267499923706055,54.0,1023.2000122070312,7.87214183807373,0.0,8.121970176696777,102.80426025390624,0.0099999997764825,18.26749992370605,0.1129999980330467
1786683180220,2026-08-14 04:53:00,,,,19.16,18.46,18.76,,,,100.0,-111.0,-3.8,,,,,,,,,,
1786683187225,2026-08-14 04:53:07,35.6,30.76,30.14,,,,331.49,304.08,280.87,100.0,-121.0,-11.8,,,,,,,,,,
1786683600000,2026-08-14 05:00:00,,,,,,,,,,,,,18.26749992370605,51.0,1023.0999755859376,7.9576592445373535,0.0,9.227523803710938,110.55612182617188,0.0299999993294477,18.26749992370605,0.1129999980330467
1786687200000,2026-08-14 06:00:00,,,,,,,,,,,,,20.11750030517578,46.0,1022.7999877929688,8.135120391845703,0.0,10.948972702026367,117.4074935913086,0.0599999986588954,18.717500686645508,0.1129999980330467
1786690800000,2026-08-14 07:00:00,,,,,,,,,,,,,22.36750030517578,41.0,1022.4000244140624,8.473214149475098,0.0,11.792404174804688,121.263671875,0.1199999973177909,19.667499542236328,0.1129999980330467
1786694400000,2026-08-14 08:00:00,,,,,,,,,,,,,25.11750030517578,34.0,1022.0,8.153206825256348,0.0,12.475960731506348,136.16905212402344,0.1700000017881393,20.86750030517578,0.1129999980330467
1786697576588,2026-08-14 08:52:56,,,,19.07,18.27,19.04,,,,100.0,-110.0,-12.2,,,,,,,,,,
1786697582088,2026-08-14 08:53:02,34.68,30.05,29.5,,,,330.66,303.35,280.38,100.0,-121.0,-14.2,,,,,,,,,,
1786698000000,2026-08-14 09:00:00,,,,,,,,,,,,,27.067501068115234,29.0,1021.7000122070312,7.510527610778809,0.0,13.281023025512695,147.1714630126953,0.2199999988079071,22.317501068115234,0.1129999980330467
1786701600000,2026-08-14 10:00:00,,,,,,,,,,,,,28.61750030517578,27.0,1021.2000122070312,7.789673805236816,0.0,13.532360076904297,151.38963317871094,0.2399999946355819,23.717500686645508,0.1120000034570694
1786705200000,2026-08-14 11:00:00,,,,,,,,,,,,,29.917499542236328,23.0,1020.4000244140624,6.543868541717529,0.0,12.239999771118164,151.9276123046875,0.2300000041723251,25.067501068115234,0.1120000034570694
1786708800000,2026-08-14 12:00:00,,,,,,,,,,,,,30.917499542236328,20.0,1019.7000122070312,5.350194931030273,0.0,12.18162441253662,145.8402557373047,0.2300000041723251,26.217500686645508,0.1120000034570694
1786711979802,2026-08-14 12:52:59,34.03,29.42,29.02,,,,330.08,302.7,280.01,100.0,-112.0,-8.0,,,,,,,,,,
1786712400000,2026-08-14 13:00:00,,,,,,,,,,,,,31.61750030517578,18.0,1019.2000122070312,4.410198211669922,0.0,11.304228782653809,142.7650909423828,0.2199999988079071,27.167499542236328,0.1110000014305114
1786716000000,2026-08-14 14:00:00,,,,,,,,,,,,,32.01749801635742,17.0,1018.5,3.918333053588867,0.0,10.163227081298828,157.06787109375,0.2000000178813934,27.817501068115234,0.1110000014305114
1786719600000,2026-08-14 15:00:00,,,,,,,,,,,,,31.917499542236328,17.0,1017.7999877929688,3.8377223014831534,0.0,10.239453315734863,169.87539672851562,0.1800000071525573,28.11750030517578,0.1110000014305114
1786723200000,2026-08-14 16:00:00,,,,,,,,,,,,,31.317501068115234,20.0,1017.0999755859376,5.678974628448486,0.0,9.832679748535156,156.25050354003906,0.1500000059604644,28.01749992370605,0.1110000014305114
1786726369177,2026-08-14 16:52:49,,,,19.16,19.54,18.46,,,,100.0,-122.0,-11.8,,,,,,,,,,
1786726376080,2026-08-14 16:52:56,33.64,28.88,28.58,,,,329.72,302.14,279.67,100.0,-112.0,-4.8,,,,,,,,,,
1786726800000,2026-08-14 17:00:00,,,,,,,,,,,,,30.26749992370605,20.0,1016.9000244140624,4.815735816955566,0.0,8.854828834533691,153.4350128173828,0.1000000089406967,27.567501068115234,0.1110000014305114
1786730400000,2026-08-14 18:00:00,,,,,,,,,,,,,26.86750030517578,29.0,1017.0,7.3384294509887695,0.0,5.991593837738037,122.73522186279295,0.0500000044703483,26.567501068115234,0.1110000014305114
1786734000000,2026-08-14 19:00:00,,,,,,,,,,,,,24.667499542236328,30.0,1017.0999755859376,5.933783054351807,0.0,6.924737930297852,98.97254943847656,0.0299999993294477,25.217500686645508,0.1110000014305114
1786737600000,2026-08-14 20:00:00,,,,,,,,,,,,,23.11750030517578,33.0,1017.0999755859376,5.964562892913818,0.0,7.072877883911133,104.74361419677734,0.0299999993294477,24.01749992370605,0.1099999994039535
1786740765400,2026-08-14 20:52:45,,,,19.32,18.49,18.64,,,,100.0,-112.0,-8.0,,,,,,,,,,
1786741200000,2026-08-14 21:00:00,,,,,,,,,,,,,22.01749992370605,37.0,1016.9000244140624,6.655742168426514,0.0,7.072877883911133,104.74361419677734,0.0199999995529651,23.067501068115234,0.1099999994039535
1786744800000,2026-08-14 22:00:00,,,,,,,,,,,,,21.36750030517578,38.0,1016.7999877929688,6.4657883644104,0.0,7.695919990539551,100.78425598144533,0.0199999995529651,22.317501068115234,0.1099999994039535
1786748400000,2026-08-14 23:00:00,,,,,,,,,,,,,21.01749992370605,37.0,1016.5999755859376,5.768101215362549,0.0,7.342587947845459,101.30989837646484,0.0199999995529651,21.717500686645508,0.1099999994039535
1786752000000,2026-08-15 00:00:00,,,,,,,,,,,,,20.217500686645508,48.0,1016.4000244140624,8.855066299438477,0.0,6.877789974212647,96.00891876220705,0.0299999993294477,20.817501068115234,0.1110000014305114
1786755161696,2026-08-15 00:52:41,,,,19.41,19.51,18.73,,,,100.0,-121.0,-13.8,,,,,,,,,,
1786755600000,2026-08-15 01:00:00,,,,,,,,,,,,,19.717500686645508,46.0,1015.7999877929688,7.770691394805908,0.0,7.2805495262146,98.53068542480467,0.0299999993294477,20.567501068115234,0.1110000014305114
1786759200000,2026-08-15 02:00:00,,,,,,,,,,,,,19.567501068115234,48.0,1015.5999755859376,8.259902000427246,0.0,7.771330833435059,103.39251708984376,0.0299999993294477,20.36750030517578,0.1110000014305114
1786762800000,2026-08-15 03:00:00,,,,,,,,,,,,,19.11750030517578,51.0,1015.5,8.74180793762207,0.0,7.862518310546875,105.94546508789062,0.0299999993294477,20.217500686645508,0.1110000014305114
1786766400000,2026-08-15 04:00:00,,,,,,,,,,,,,18.76749992370605,52.0,1015.2999877929688,8.705911636352539,0.0,7.862518310546875,105.94546508789062,0.0299999993294477,20.01749992370605,0.1110000014305114
1786769564937,2026-08-15 04:52:44,32.96,27.76,27.45,,,,329.11,300.99,278.81,100.0,-111.0,-4.5,,,,,,,,,,
1786770000000,2026-08-15 05:00:00,,,,,,,,,,,,,19.567501068115234,51.0,1015.0999755859376,9.156865119934082,0.0,8.225034713745117,113.19861602783205,0.0500000044703483,19.917499542236328,0.1110000014305114
1786773600000,2026-08-15 06:00:00,,,,,,,,,,,,,21.467500686645508,48.0,1015.0999755859376,9.99925708770752,0.0,8.396570205688477,120.96369171142578,0.1299999952316284,20.167499542236328,0.1110000014305114
1786777200000,2026-08-15 07:00:00,,,,,,,,,,,,,24.217500686645508,42.0,1015.0999755859376,10.495073318481444,0.0,8.496304512023926,126.38444519042967,0.2199999988079071,20.86750030517578,0.1099999994039535
1786780800000,2026-08-15 08:00:00,,,,,,,,,,,,,27.36750030517578,35.0,1014.9000244140624,10.560955047607422,0.0,7.787990570068359,123.69010162353516,0.2900000214576721,21.917499542236328,0.1099999994039535
1786783954318,2026-08-15 08:52:34,,,,19.32,18.52,18.55,,,,100.0,-120.0,-13.2,,,,,,,,,,
1786783959859,2026-08-15 08:52:39,32.48,27.3,27.05,,,,328.68,300.52,278.5,100.0,-110.0,-2.8,,,,,,,,,,
1786784400000,2026-08-15 09:00:00,,,,,,,,,,,,,30.667499542236328,28.0,1014.2000122070312,10.079154014587402,0.0,8.43506908416748,129.80552673339844,0.3199999928474426,23.317501068115234,0.1099999994039535
1786788000000,2026-08-15 10:00:00,,,,,,,,,,,,,33.11750030517578,23.0,1013.5,9.216608047485352,0.0,5.623379707336426,140.19447326660156,0.3300000131130218,24.86750030517578,0.1089999973773956
1786791600000,2026-08-15 11:00:00,,,,,,,,,,,,,34.467498779296875,23.0,1012.9000244140624,10.342565536499023,0.0,2.595996856689453,213.69009399414065,0.3199999928474426,26.26749992370605,0.1089999973773956
1786795200000,2026-08-15 12:00:00,,,,,,,,,,,,,35.317501068115234,21.0,1012.4000244140624,9.687243461608888,0.0,5.014219284057617,248.96241760253903,0.3000000119209289,27.417499542236328,0.1080000028014183
1786798350578,2026-08-15 12:52:30,,,,19.32,19.51,18.58,,,,100.0,-113.0,-12.2,,,,,,,,,,
1786798800000,2026-08-15 13:00:00,,,,,,,,,,,,,35.967498779296875,17.0,1012.0,7.097846508026123,0.0,4.379589080810547,279.4622497558594,0.2800000309944153,28.317501068115234,0.1080000028014183
1786802400000,2026-08-15 14:00:00,,,,,,,,,,,,,35.91749954223633,20.0,1011.7999877929688,9.453495025634766,0.0,9.346142768859863,285.6423034667969,0.25,28.967500686645508,0.1080000028014183
1786806000000,2026-08-15 15:00:00,,,,,,,,,,,,,36.01750183105469,14.0,1011.4000244140624,4.332956314086914,0.0,9.199390411376951,300.5791320800781,0.2199999988079071,29.317501068115234,0.1080000028014183
1786809600000,2026-08-15 16:00:00,,,,,,,,,,,,,35.217498779296875,17.0,1011.0,6.494858264923096,0.0,8.08999252319336,290.8545227050781,0.1800000071525573,29.36750030517578,0.1070000007748603
1786813200000,2026-08-15 17:00:00,,,,,,,,,,,,,33.217498779296875,26.0,1010.7000122070312,11.135786056518556,0.0,2.811689853668213,320.1944885253906,0.1199999973177909,29.11750030517578,0.1070000007748603
1786816800000,2026-08-15 18:00:00,,,,,,,,,,,,,29.417499542236328,32.0,1010.7000122070312,11.005828857421877,0.0,5.623379707336426,39.80552673339844,0.0500000044703483,28.217500686645508,0.1070000007748603
1786820400000,2026-08-15 19:00:00,,,,,,,,,,,,,27.317501068115234,32.0,1011.2999877929688,9.179107666015623,0.0,4.104631423950195,15.255176544189451,0.0299999993294477,26.817501068115234,0.1070000007748603
1786824000000,2026-08-15 20:00:00,,,,,,,,,,,,,25.817501068115234,38.0,1012.5,10.42457389831543,0.0,8.766572952270508,19.179105758666992,0.0099999997764825,25.417499542236328,0.1070000007748603
1786827150061,2026-08-15 20:52:30,32.15,26.53,26.29,,,,328.38,299.73,277.92,100.0,-112.0,-11.5,,,,,,,,,,
1786827600000,2026-08-15 21:00:00,,,,,,,,,,,,,23.317501068115234,47.0,1013.0999755859376,11.373283386230469,0.0,7.421589851379394,14.036274909973145,0.0299999993294477,24.667499542236328,0.1070000007748603
1786831200000,2026-08-15 22:00:00,,,,,,,,,,,,,22.61750030517578,53.0,1013.5999755859376,12.553837776184082,0.0,5.399999618530273,360.0,0.0299999993294477,24.067501068115234,0.1070000007748603
1786834800000,2026-08-15 23:00:00,,,,,,,,,,,,,21.61750030517578,58.0,1013.5999755859376,13.000328063964844,0.0,4.896529197692871,17.102825164794922,0.0199999995529651,23.467500686645508,0.1070000007748603
1786838400000,2026-08-16 00:00:00,,,,,,,,,,,,,20.217500686645508,63.0,1013.7999877929688,12.948579788208008,0.0,7.199999809265137,360.0,0.0099999997764825,23.667499542236328,0.1089999973773956
1786841546401,2026-08-16 00:52:26,32.18,26.45,26.11,,,,328.41,299.64,277.78,100.0,-112.0,-11.5,,,,,,,,,,
1786842000000,2026-08-16 01:00:00,,,,,,,,,,,,,21.317501068115234,59.0,1013.9000244140624,12.98084545135498,0.0,7.628262996673584,19.290138244628903,0.0099999997764825,23.01749992370605,0.1089999973773956
1786845600000,2026-08-16 02:00:00,,,,,,,,,,,,,20.167499542236328,66.0,1013.7000122070312,13.614686965942385,0.0,5.241678714752197,74.05453491210938,0.0099999997764825,22.567501068115234,0.1089999973773956
1786849200000,2026-08-16 03:00:00,,,,,,,,,,,,,20.167499542236328,68.0,1013.5999755859376,14.074581146240234,0.0,3.545588731765747,66.03750610351562,0.0099999997764825,22.11750030517578,0.1089999973773956
1786852800000,2026-08-16 04:00:00,,,,,,,,,,,,,18.967500686645508,74.0,1013.7000122070312,14.229305267333984,0.0,4.6102495193481445,38.65982818603516,0.0099999997764825,21.667499542236328,0.1089999973773956
1786855935601,2026-08-16 04:52:15,,,,20.04,19.35,18.58,,,,100.0,-112.0,-10.5,,,,,,,,,,
1786856400000,2026-08-16 05:00:00,,,,,,,,,,,,,19.417499542236328,74.0,1014.2000122070312,14.663161277770996,0.0,3.976329803466797,5.194349765777588,0.0099999997764825,21.36750030517578,0.1089999973773956
1786860000000,2026-08-16 06:00:00,,,,,,,,,,,,,20.667499542236328,71.0,1014.9000244140624,15.222163200378418,0.0,6.989935874938965,325.49139404296875,0.0299999993294477,21.467500686645508,0.1089999973773956
1786863600000,2026-08-16 07:00:00,,,,,,,,,,,,,20.067501068115234,78.0,1015.4000244140624,16.1125545501709,0.4000000059604645,6.92473840713501,332.1028137207031,0.0500000044703483,21.51749992370605,0.1080000028014183
1786867200000,2026-08-16 08:00:00,,,,,,,,,,,,,19.61750030517578,85.0,1015.9000244140624,17.025888442993164,0.800000011920929,6.162207126617432,276.7097473144531,0.0700000077486038,21.51749992370605,0.1080000028014183
1786870338944,2026-08-16 08:52:18,32.02,26.21,25.76,,,,328.26,299.4,277.52,100.0,-121.0,-14.2,,,,,,,,,,
1786870800000,2026-08-16 09:00:00,,,,,,,,,,,,,19.067501068115234,88.0,1016.2999877929688,17.033212661743164,0.800000011920929,2.3051247596740723,231.3401641845703,0.0799999982118606,21.417499542236328,0.1080000028014183
1786874400000,2026-08-16 10:00:00,,,,,,,,,,,,,20.76749992370605,82.0,1015.7000122070312,17.58224105834961,0.8999999761581421,3.6712939739227295,348.6900939941406,0.1199999973177909,21.567501068115234,0.1080000028014183
1786878000000,2026-08-16 11:00:00,,,,,,,,,,,,,23.417499542236328,70.0,1015.0,17.633991241455078,0.0,5.154415607452393,102.09474182128906,0.3900000154972076,22.567501068115234,0.1080000028014183
1786881600000,2026-08-16 12:00:00,,,,,,,,,,,,,24.417499542236328,65.0,1015.0999755859376,17.412080764770508,0.0,2.4149534702301025,333.4350280761719,0.4300000071525574,23.51749992370605,0.1089999973773956
1786884728296,2026-08-16 12:52:08,,,,19.92,19.73,18.76,,,,100.0,-121.0,-12.5,,,,,,,,,,
1786884733957,2026-08-16 12:52:13,31.85,26.08,25.62,,,,328.11,299.26,277.41,100.0,-112.0,-9.8,,,,,,,,,,
1786885200000,2026-08-16 13:00:00,,,,,,,,,,,,,25.11750030517578,62.0,1014.9000244140624,17.325883865356445,0.0,5.9044389724731445,322.43133544921875,0.3700000345706939,24.167499542236328,0.1089999973773956
1786888800000,2026-08-16 14:00:00,,,,,,,,,,,,,24.967500686645508,63.0,1014.7000122070312,17.437654495239258,0.0,10.028438568115234,338.96240234375,0.3199999928474426,24.717500686645508,0.1089999973773956
1786892400000,2026-08-16 15:00:00,,,,,,,,,,,,,24.967500686645508,62.0,1014.2999877929688,17.184471130371094,0.0,10.041354179382324,345.46551513671875,0.2199999988079071,24.917499542236328,0.1089999973773956
1786896000000,2026-08-16 16:00:00,,,,,,,,,,,,,25.217500686645508,60.0,1013.5999755859376,16.901891708374023,0.0,6.877789497375488,47.12110900878906,0.1599999964237213,24.967500686645508,0.1099999994039535
1786899131576,2026-08-16 16:52:11,31.75,25.93,25.48,,,,328.02,299.11,277.3,100.0,-112.0,-13.0,,,,,,,,,,
1786899600000,2026-08-16 17:00:00,,,,,,,,,,,,,24.86750030517578,61.0,1013.2999877929688,16.833580017089844,0.0,5.315336227416992,61.6993408203125,0.1099999994039535,24.817501068115234,0.1099999994039535
1786903200000,2026-08-16 18:00:00,,,,,,,,,,,,,23.167499542236328,70.0,1013.4000244140624,17.39472198486328,0.0,6.569382667541504,80.53775024414062,0.0500000044703483,24.217500686645508,0.1099999994039535
1786906800000,2026-08-16 19:00:00,,,,,,,,,,,,,21.467500686645508,75.0,1013.4000244140624,16.850767135620117,0.0,7.289443969726562,69.77505493164062,0.0199999995529651,23.217500686645508,0.1110000014305114
1786910400000,2026-08-16 20:00:00,,,,,,,,,,,,,20.76749992370605,77.0,1013.0999755859376,16.588430404663086,0.0,8.20926284790039,74.74482727050781,0.0099999997764825,22.36750030517578,0.1110000014305114
1786913520799,2026-08-16 20:52:00,,,,20.07,18.92,19.1,,,,100.0,-112.0,-10.5,,,,,,,,,,
1786914000000,2026-08-16 21:00:00,,,,,,,,,,,,,19.817501068115234,83.0,1013.4000244140624,16.84598731994629,0.0,5.86037540435791,79.3803939819336,0.0099999997764825,21.717500686645508,0.1110000014305114
1786917600000,2026-08-16 22:00:00,,,,,,,,,,,,,19.667499542236328,84.0,1012.5,16.88810920715332,0,6.6380720138549805,77.47119903564453,0.009999999776482582,21.167499542236328,0.1120000034570694
1786921200000,2026-08-16 23:00:00,,,,,,,,,,,,,19.667499542236328,84.0,1012.2999877929688,16.88810920715332,0,6.119999885559082,90.0,0.009999999776482582,20.817501068115234,0.1120000034570694
1786924800000,2026-08-17 00:00:00,,,,,,,,,,,,,18.967500686645508,89.0,1013.4000244140625,17.1131649017334,0,7.695919990539551,100.78425598144531,0.009999999776482582,20.917499542236328,0.10899999737739563
1786928400000,2026-08-17 01:00:00,,,,,,,,,,,,,18.36750030517578,87.0,1013.2999877929688,16.164642333984375,0,6.369049549102783,132.70936584472656,0.009999999776482582,20.61750030517578,0.10899999737739563
1786932000000,2026-08-17 02:00:00,,,,,,,,,,,,,18.567501068115234,84.0,1012.9000244140625,15.811217308044434,0.10000000149011612,4.896529197692871,72.89718627929688,0.009999999776482582,20.267499923706055,0.10899999737739563
1786935600000,2026-08-17 03:00:00,,,,,,,,,,,,,18.017499923706055,90.0,1012.0,16.351926803588867,0,3.7585103511810303,106.69932556152344,0.009999999776482582,20.017499923706055,0.10899999737739563
1786939200000,2026-08-17 04:00:00,,,,,,,,,,,,,17.467500686645508,92.0,1011.7000122070312,16.153160095214844,0,3.239999771118164,90.0,0,19.567501068115234,0.10899999737739563
1786942320421,2026-08-17 04:52:00,31.79,25.81,25.17,,,,328.05,298.99,277.07,100.0,-113.0,-13.8,,,,,,,,,,
1786942800000,2026-08-17 05:00:00,,,,,,,,,,,,,17.36750030517578,94.0,1011.7000122070312,16.391637802124023,0,2.595996856689453,123.69009399414062,0,19.267499923706055,0.10899999737739563
1786946400000,2026-08-17 06:00:00,,,,,,,,,,,,,18.567501068115234,89.0,1011.5999755859375,16.71880531311035,0,2.1897945404052734,189.46224975585938,0.029999999329447746,19.667499542236328,0.10999999940395355
1786950000000,2026-08-17 07:00:00,,,,,,,,,,,,,20.467500686645508,81.0,1011.5999755859375,17.09545135498047,0,3.096837043762207,234.4622344970703,0.09000000357627869,20.467500686645508,0.10999999940395355
1786953600000,2026-08-17 08:00:00,,,,,,,,,,,,,20.86750030517578,80.0,1011.2999877929688,17.28858757019043,0.10000000149011612,6.792466163635254,302.0053405761719,0.11999999731779099,21.267499923706055,0.10899999737739563
1786956709642,2026-08-17 08:51:49,,,,20.04,19.98,19.16,,,,100.0,-119.0,-3.0,,,,,,,,,,
1786956715222,2026-08-17 08:51:55,31.68,25.73,25.09,,,,327.95,298.91,277.01,100.0,-108.0,1.0,,,,,,,,,,
1786957200000,2026-08-17 09:00:00,,,,,,,,,,,,,20.267499923706055,86.0,1011.0999755859375,17.84881591796875,0.20000000298023224,8.654987335205078,315.0000915527344,0.07999999821186066,21.317501068115234,0.10999999940395355
1786960800000,2026-08-17 10:00:00,,,,,,,,,,,,,19.017499923706055,95.0,1010.5,18.197742462158203,6.099999904632568,10.188699722290039,327.9946594238281,0.07000000774860382,20.917499542236328,0.10999999940395355
1786964400000,2026-08-17 11:00:00,,,,,,,,,,,,,19.067501068115234,91.0,1011.4000244140625,17.56361961364746,6,12.819234848022461,308.1572570800781,0.07000000774860382,20.517499923706055,0.1589999943971634
1786968000000,2026-08-17 12:00:00,,,,,,,,,,,,,19.067501068115234,89.0,1011.2000122070312,17.21175765991211,0.30000001192092896,12.53813362121582,309.17364501953125,0.14000001549720764,20.317501068115234,0.20399999618530273
1786971105992,2026-08-17 12:51:45,,,,19.98,19.32,19.04,,,,100.0,-112.0,-2.25,,,,,,,,,,
1786971113144,2026-08-17 12:51:53,31.71,25.73,25.05,,,,327.98,298.91,276.98,100.0,-120.0,-3.25,,,,,,,,,,
1786971600000,2026-08-17 13:00:00,,,,,,,,,,,,,18.417499542236328,88.0,1011.2000122070312,16.39324951171875,0.5,15.294703483581543,296.5649719238281,0.11999999731779099,20.11750030517578,0.22100000083446503
1786975200000,2026-08-17 14:00:00,,,,,,,,,,,,,18.167499542236328,87.0,1011.0999755859375,15.967995643615723,0.20000000298023224,13.276144027709961,310.6012268066406,0.10000000894069672,19.86750030517578,0.23000000417232513
1786978800000,2026-08-17 15:00:00,,,,,,,,,,,,,18.717500686645508,78.0,1011.7000122070312,14.802730560302734,0,11.885453224182129,324.86572265625,0.11999999731779099,19.667499542236328,0.23499999940395355
1786982400000,2026-08-17 16:00:00,,,,,,,,,,,,,18.667499542236328,77.0,1011.7000122070312,14.554182052612305,0,9.726663589477539,321.0090026855469,0.15000000596046448,19.717500686645508,0.2370000034570694
1786985502269,2026-08-17 16:51:42,,,,19.98,20.55,19.13,,,,100.0,-121.0,-3.5,,,,,,,,,,
1786985507871,2026-08-17 16:51:47,31.75,25.75,25.05,,,,328.02,298.93,276.98,100.0,-120.0,-6.5,,,,,,,,,,
1786986000000,2026-08-17 17:00:00,,,,,,,,,,,,,16.967500686645508,82.0,1012.0,13.872803688049316,2.799999952316284,7.386581897735596,313.02508544921875,0.07999999821186066,19.217500686645508,0.24400000274181366
1786989600000,2026-08-17 18:00:00,,,,,,,,,,,,,15.767499923706055,88.0,1012.4000244140625,13.783920288085938,2.799999952316284,7.289444923400879,327.0947570800781,0.05999999865889549,18.717500686645508,0.25999999046325684
1786993200000,2026-08-17 19:00:00,,,,,,,,,,,,,15.817500114440918,90.0,1012.5,14.179793357849121,0.4000000059604645,6.4096174240112305,308.1572570800781,0.029999999329447746,18.267499923706055,0.2840000092983246
1786996800000,2026-08-17 20:00:00,,,,,,,,,,,,,15.717500686645508,89.0,1012.4000244140625,13.908724784851074,0,8.31124496459961,287.65020751953125,0.029999999329447746,17.917499542236328,0.2879999876022339
1787000400000,2026-08-17 21:00:00,,,,,,,,,,,,,15.417500495910645,89.0,1012.2999877929688,13.612905502319336,0,6.7637858390808105,295.2010803222656,0.029999999329447746,17.517499923706055,0.2879999876022339
1787004000000,2026-08-17 22:00:00,,,,,,,,,,,,,15.367500305175781,90.0,1012.2999877929688,13.735465049743652,0.5,6.489992141723633,303.6900939941406,0.029999999329447746,17.317501068115234,0.28600001335144043
1787007600000,2026-08-17 23:00:00,,,,,,,,,,,,,15.017499923706055,96.0,1012.4000244140625,14.384428024291992,3.700000047683716,9.65981388092041,296.5649719238281,0.029999999329447746,17.167499542236328,0.30799999833106995
1787011200000,2026-08-18 00:00:00,,,,,,,,,,,,,15.117500305175781,90.0,1012.5,13.48861026763916,0.30000001192092896,10.028438568115234,291.0375671386719,0.029999999329447746,16.917499542236328,0.23100000619888306
1787014296185,2026-08-18 00:51:36,,,,19.73,20.49,19.23,,,,100.0,-119.0,,,,,,,,,,,
1787014300371,2026-08-18 00:51:40,31.95,25.81,25.01,,,,328.2,298.99,276.95,100.0,-110.0,-10.5,,,,,,,,,,
1787014800000,2026-08-18 01:00:00,,,,,,,,,,,,,15.017499923706055,90.0,1012.5,13.38986873626709,0,9.290511131286621,305.5377502441406,0.029999999329447746,16.767499923706055,0.23199999332427979
1787018400000,2026-08-18 02:00:00,,,,,,,,,,,,,14.567500114440918,89.0,1012.7999877929688,12.774713516235352,0,10.4399995803833,313.6029052734375,0.029999999329447746,16.61750030517578,0.2329999953508377
1787022000000,2026-08-18 03:00:00,,,,,,,,,,,,,14.017499923706055,88.0,1012.9000244140625,12.060552597045898,0,6.608721733093262,299.357666015625,0.03999999910593033,16.267499923706055,0.2329999953508377
1787025600000,2026-08-18 04:00:00,,,,,,,,,,,,,14.167500495910645,90.0,1012.9000244140625,12.55053997039795,0,7.091177463531494,293.9624938964844,0.019999999552965164,16.0674991607666,0.23199999332427979
1787028691233,2026-08-18 04:51:31,,,,19.57,19.23,19.2,,,,100.0,-111.0,-2.5,,,,,,,,,,
1787028698131,2026-08-18 04:51:38,32.05,25.81,25.01,,,,328.29,298.99,276.95,100.0,-116.0,1.0,,,,,,,,,,
1787029200000,2026-08-18 05:00:00,,,,,,,,,,,,,14.217500686645508,91.0,1013.2000122070312,12.768604278564453,0,10.703569412231445,317.72637939453125,0.029999999329447746,16.017499923706055,0.23199999332427979
1787032800000,2026-08-18 06:00:00,,,,,,,,,,,,,14.567500114440918,90.0,1013.0,12.945523262023926,0,10.799999237060547,306.8699645996094,0.05000000447034836,16.0674991607666,0.23100000619888306
1787036400000,2026-08-18 07:00:00,,,,,,,,,,,,,15.017499923706055,83.0,1012.9000244140625,12.152926445007324,0,11.486200332641602,302.1957092285156,0.09000000357627869,16.267499923706055,0.23000000417232513
1787040000000,2026-08-18 08:00:00,,,,,,,,,,,,,15.867500305175781,78.0,1012.7999877929688,12.036892890930176,0,10.966712951660156,293.1986083984375,0.12999999523162842,16.667499542236328,0.2290000021457672
1787043087471,2026-08-18 08:51:27,,,,19.41,19.63,18.82,,,,100.0,-109.0,0.5,,,,,,,,,,
1787043093294,2026-08-18 08:51:33,32.08,25.78,24.99,,,,328.32,298.96,276.93,100.0,-120.0,-6.5,,,,,,,,,,
1787043600000,2026-08-18 09:00:00,,,,,,,,,,,,,16.917499542236328,71.0,1012.5,11.62437629699707,0,9.53150463104248,280.8854675292969,0.17000000178813934,17.167499542236328,0.22699999809265137
1787047200000,2026-08-18 10:00:00,,,,,,,,,,,,,17.567501068115234,65.0,1012.2999877929688,10.911859512329102,0,9.387650489807129,274.39862060546875,0.1899999976158142,17.767499923706055,0.22599999606609344
1787050800000,2026-08-18 11:00:00,,,,,,,,,,,,,18.167499542236328,62.0,1011.7999877929688,10.768959045410156,0,10.086426734924316,272.04534912109375,0.18000000715255737,18.017499923706055,0.2240000069141388
1787054400000,2026-08-18 12:00:00,,,,,,,,,,,,,18.317501068115234,63.0,1011.2999877929688,11.15169906616211,0,9.746630668640137,265.763671875,0.18000000715255737,18.36750030517578,0.22300000488758087
1787057483762,2026-08-18 12:51:23,,,,19.29,18.76,18.86,,,,100.0,-120.0,-4.2,,,,,,,,,,
1787057490705,2026-08-18 12:51:30,32.12,25.75,24.99,,,,328.35,298.93,276.93,100.0,-107.0,-1.2,,,,,,,,,,
1787058000000,2026-08-18 13:00:00,,,,,,,,,,,,,17.61750030517578,72.0,1011.0,12.509176254272461,0.5,12.783802032470703,260.2724914550781,0.1599999964237213,18.317501068115234,0.22100000083446503
1787061600000,2026-08-18 14:00:00,,,,,,,,,,,,,17.067501068115234,80.0,1010.5,13.590234756469727,1,10.383987426757812,236.30990600585938,0.14000001549720764,18.167499542236328,0.22100000083446503
1787065200000,2026-08-18 15:00:00,,,,,,,,,,,,,16.267499923706055,81.0,1010.0,13.001423835754395,0.699999988079071,5.991593837738037,237.2647705078125,0.10999999940395355,17.817501068115234,0.22100000083446503
1787068800000,2026-08-18 16:00:00,,,,,,,,,,,,,16.017499923706055,84.0,1009.2000122070312,13.314411163330078,0.4000000059604645,6.130578517913818,220.2362823486328,0.05999999865889549,17.61750030517578,0.2240000069141388
1787071880039,2026-08-18 16:51:20,,,,19.23,19.73,18.98,,,,100.0,-120.0,-1.75,,,,,,,,,,
1787071886982,2026-08-18 16:51:26,32.22,25.75,25.01,,,,328.44,298.93,276.95,100.0,-109.0,-4.5,,,,,,,,,,
1787072400000,2026-08-18 17:00:00,,,,,,,,,,,,,15.817500114440918,86.0,1008.9000244140625,13.47951602935791,0.800000011920929,2.099142551422119,210.96368408203125,0.03999999910593033,17.267499923706055,0.2280000001192093
1787076000000,2026-08-18 18:00:00,,,,,,,,,,,,,15.717500686645508,92.0,1008.5999755859375,14.42071533203125,1,3.7064266204833984,150.94549560546875,0.029999999329447746,17.017499923706055,0.23399999737739563
1787079600000,2026-08-18 19:00:00,,,,,,,,,,,,,15.567500114440918,94.0,1008.5999755859375,14.605060577392578,0.6000000238418579,3.096837043762207,125.53776550292969,0.009999999776482582,16.817501068115234,0.24199999868869781
1787083200000,2026-08-18 20:00:00,,,,,,,,,,,,,16.017499923706055,93.0,1008.5,14.885504722595215,0,1.1384198665618896,251.56495666503906,0,16.767499923706055,0.24799999594688416
1787086276338,2026-08-18 20:51:16,,,,19.2,18.76,18.92,,,,100.0,-118.0,-2.5,,,,,,,,,,
1787086281937,2026-08-18 20:51:21,32.32,25.75,25.01,,,,328.53,298.93,276.95,100.0,-119.0,-5.0,,,,,,,,,,
1787086800000,2026-08-18 21:00:00,,,,,,,,,,,,,16.267499923706055,93.0,1008.7000122070312,15.133323669433594,0.20000000298023224,3.976329803466797,275.1943359375,0,16.667499542236328,0.25099998712539673
1787090400000,2026-08-18 22:00:00,,,,,,,,,,,,,16.517499923706055,93.0,1008.9000244140625,15.381139755249023,0.20000000298023224,4.394360065460205,304.9920959472656,0,16.61750030517578,0.2529999911785126
1787094000000,2026-08-18 23:00:00,,,,,,,,,,,,,16.767499923706055,93.0,1009.0,15.628954887390137,0.10000000149011612,3.3190360069274902,257.47119140625,0,16.667499542236328,0.2540000081062317
1787097600000,2026-08-19 00:00:00,,,,,,,,,,,,,17.167499542236328,95.0,1008.5999755859375,16.359256744384766,0,4.379589080810547,279.4622497558594,0.009999999776482582,17.36750030517578,0.24500000476837158
1787100672687,2026-08-19 00:51:12,,,,19.2,19.51,18.89,,,,100.0,-107.0,,,,,,,,,,,
1787100679643,2026-08-19 00:51:19,32.38,25.75,25.01,,,,328.59,298.93,276.95,100.0,-120.0,-4.8,,,,,,,,,,
1787101200000,2026-08-19 01:00:00,,,,,,,,,,,,,17.36750030517578,92.0,1008.4000244140625,16.054168701171875,0,5.815978050231934,291.8014831542969,0.009999999776482582,17.36750030517578,0.24500000476837158
1787104800000,2026-08-19 02:00:00,,,,,,,,,,,,,17.417499542236328,92.0,1008.5999755859375,16.10366439819336,0.10000000149011612,5.154415607452393,282.0947265625,0.009999999776482582,17.417499542236328,0.24400000274181366
1787108400000,2026-08-19 03:00:00,,,,,,,,,,,,,17.417499542236328,91.0,1008.7000122070312,15.932439804077148,0,4.6938252449035645,265.60137939453125,0.009999999776482582,17.467500686645508,0.24300000071525574
1787112000000,2026-08-19 04:00:00,,,,,,,,,,,,,17.167499542236328,90.0,1008.5,15.51272201538086,0,4.33497428894043,265.2364501953125,0.009999999776482582,17.417499542236328,0.24300000071525574
1787115068933,2026-08-19 04:51:08,,,,19.04,19.07,19.07,,,,100.0,-120.0,-4.8,,,,,,,,,,
1787115600000,2026-08-19 05:00:00,,,,,,,,,,,,,17.317501068115234,89.0,1008.4000244140625,15.486369132995605,0,5.771238803863525,273.5762634277344,0.019999999552965164,17.36750030517578,0.24199999868869781
1787119200000,2026-08-19 06:00:00,,,,,,,,,,,,,17.717500686645508,88.0,1008.7999877929688,15.704031944274902,0,7.636752605438232,261.8699951171875,0.03999999910593033,17.517499923706055,0.24199999868869781
1787122800000,2026-08-19 07:00:00,,,,,,,,,,,,,18.917499542236328,82.0,1008.7000122070312,15.776493072509766,0,7.993297576904297,262.23492431640625,0.09000000357627869,17.86750030517578,0.2409999966621399
1787126400000,2026-08-19 08:00:00,,,,,,,,,,,,,19.917499542236328,76.0,1008.5999755859375,15.560867309570312,0,9.6932954788208,254.93145751953125,0.17000000178813934,18.417499542236328,0.23999999463558197
1787129465220,2026-08-19 08:51:05,,,,19.01,19.54,18.86,,,,100.0,-121.0,-4.2,,,,,,,,,,
1787129470842,2026-08-19 08:51:10,32.48,25.75,25.01,,,,328.68,298.93,276.95,100.0,-110.0,0.5,,,,,,,,,,
1787130000000,2026-08-19 09:00:00,,,,,,,,,,,,,21.017499923706055,71.0,1008.2999877929688,15.557848930358887,0,10.587918281555176,234.68870544433594,0.23999999463558197,19.067501068115234,0.23899999260902405
1787133600000,2026-08-19 10:00:00,,,,,,,,,,,,,21.767499923706055,68.0,1007.4000244140625,15.601149559020996,0,8.854828834533691,206.5649871826172,0.23999999463558197,19.567501068115234,0.23800000548362732
1787137200000,2026-08-19 11:00:00,,,,,,,,,,,,,22.717500686645508,67.0,1006.9000244140625,16.274564743041992,0,8.707237243652344,209.7447967529297,0.21000002324581146,20.017499923706055,0.2370000034570694
1787140800000,2026-08-19 12:00:00,,,,,,,,,,,,,23.467500686645508,65.0,1006.7000122070312,16.5111083984375,0,10.182336807250977,224.99989318847656,0.21000002324581146,20.467500686645508,0.23600000143051147
1787143861503,2026-08-19 12:51:01,,,,19.01,19.73,18.76,,,,100.0,-119.0,-1.75,,,,,,,,,,
1787143868512,2026-08-19 12:51:08,32.55,25.78,25.05,,,,328.74,298.96,276.98,100.0,-120.0,-8.2,,,,,,,,,,
1787144400000,2026-08-19 13:00:00,,,,,,,,,,,,,24.267499923706055,55.0,1006.2999877929688,14.653790473937988,0,13.10419750213623,254.05453491210938,0.23000000417232513,20.917499542236328,0.23499999940395355
1787148000000,2026-08-19 14:00:00,,,,,,,,,,,,,25.36750030517578,51.0,1005.7999877929688,14.501437187194824,0,14.830076217651367,264.4278869628906,0.25,21.36750030517578,0.23399999737739563
1787151600000,2026-08-19 15:00:00,,,,,,,,,,,,,24.017499923706055,56.0,1005.4000244140625,14.70057201385498,0.10000000149011612,10.805998802185059,271.90911865234375,0.17000000178813934,21.667499542236328,0.2329999953508377
1787155200000,2026-08-19 16:00:00,,,,,,,,,,,,,20.61750030517578,82.0,1006.2000122070312,17.435842514038086,1.2999999523162842,8.654986381530762,253.07240295410156,0.09000000357627869,21.067501068115234,0.23199999332427979
1787158257798,2026-08-19 16:50:57,,,,19.07,18.73,18.49,,,,100.0,-110.0,0.8,,,,,,,,,,
1787158264724,2026-08-19 16:51:04,32.69,25.81,25.09,,,,328.87,298.99,277.01,100.0,-120.0,-5.0,,,,,,,,,,
1787158800000,2026-08-19 17:00:00,,,,,,,,,,,,,20.167499542236328,88.0,1006.0,18.116167068481445,0.5,4.33497428894043,184.7635498046875,0.03999999910593033,20.467500686645508,0.2329999953508377
1787162400000,2026-08-19 18:00:00,,,,,,,,,,,,,20.36750030517578,86.0,1006.0,17.946989059448242,0,3.054701328277588,224.99989318847656,0.019999999552965164,20.067501068115234,0.23499999940395355
1787166000000,2026-08-19 19:00:00,,,,,,,,,,,,,20.067501068115234,85.0,1005.7999877929688,17.467042922973633,0,3.0758414268493652,200.55612182617188,0.009999999776482582,19.717500686645508,0.2370000034570694
1787169600000,2026-08-19 20:00:00,,,,,,,,,,,,,19.667499542236328,84.0,1006.0,16.88810920715332,0,2.545584201812744,224.99989318847656,0,19.267499923706055,0.23800000548362732
1787172654125,2026-08-19 20:50:54,,,,19.16,19.41,18.7,,,,100.0,-125.0,-7.0,,,,,,,,,,
1787172661109,2026-08-19 20:51:01,32.83,25.84,25.13,,,,328.99,299.02,277.04,100.0,-110.0,-8.0,,,,,,,,,,
1787173200000,2026-08-19 21:00:00,,,,,,,,,,,,,19.267499923706055,85.0,1005.7999877929688,16.682756423950195,0.20000000298023224,3.0758414268493652,159.44387817382812,0.009999999776482582,18.967500686645508,0.23899999260902405
1787176800000,2026-08-19 22:00:00,,,,,,,,,,,,,19.067501068115234,85.0,1005.7000122070312,16.486677169799805,0.10000000149011612,0.8049845099449158,63.43501281738281,0,18.767499923706055,0.23899999260902405
1787180400000,2026-08-19 23:00:00,,,,,,,,,,,,,18.667499542236328,89.0,1005.2999877929688,16.81739616394043,0.30000001192092896,6.489992141723633,356.8202209472656,0.009999999776482582,18.567501068115234,0.23999999463558197
1787184000000,2026-08-20 00:00:00,,,,,,,,,,,,,18.067501068115234,98.0,1004.7999877929688,17.746355056762695,0,10.787993431091309,295.70989990234375,0.009999999776482582,18.567501068115234,0.3050000071525574
1787187050415,2026-08-20 00:50:50,,,,19.16,19.35,18.79,,,,100.0,-121.0,-10.5,,,,,,,,,,
1787187055894,2026-08-20 00:50:55,38.04,25.9,25.21,,,,333.72,299.08,277.1,100.0,-112.0,-10.0,,,,,,,,,,
1787187600000,2026-08-20 01:00:00,,,,,,,,,,,,,17.267499923706055,91.0,1004.7000122070312,15.784144401550293,0.4000000059604645,2.2768397331237793,198.43504333496094,0.019999999552965164,18.467500686645508,0.3100000023841858
1787191200000,2026-08-20 02:00:00,,,,,,,,,,,,,16.817501068115234,91.0,1004.7999877929688,15.339255332946777,0,1.2979984283447266,123.69009399414062,0,18.017499923706055,0.30799999833106995
1787194800000,2026-08-20 03:00:00,,,,,,,,,,,,,16.767499923706055,92.0,1005.5,15.460197448730469,0,1.7999999523162842,233.13002014160156,0,17.567501068115234,0.30399999022483826
1787198400000,2026-08-20 04:00:00,,,,,,,,,,,,,16.817501068115234,91.0,1006.2000122070312,15.339255332946777,0,2.741678237915039,293.1986083984375,0,17.217500686645508,0.30000001192092896
1787201446654,2026-08-20 04:50:46,,,,19.23,18.3,18.79,,,,100.0,-123.0,-7.75,,,,,,,,,,
1787201453769,2026-08-20 04:50:53,38.87,25.9,25.21,,,,335.52,299.08,277.1,100.0,-118.0,-0.5,,,,,,,,,,
1787202000000,2026-08-20 05:00:00,,,,,,,,,,,,,17.417499542236328,88.0,1007.2999877929688,15.408644676208496,0,5.014219284057617,291.0375671386719,0,17.11750030517578,0.29600000381469727
1787205600000,2026-08-20 06:00:00,,,,,,,,,,,,,18.417499542236328,82.0,1007.4000244140625,15.288398742675781,0,7.928177833557129,267.3974914550781,0.05000000447034836,17.417499542236328,0.2930000126361847
1787209200000,2026-08-20 07:00:00,,,,,,,,,,,,,19.167499542236328,82.0,1008.2999877929688,16.020530700683594,0,11.252518653869629,262.647705078125,0.1599999964237213,17.967500686645508,0.28999999165534973
1787212800000,2026-08-20 08:00:00,,,,,,,,,,,,,20.11750030517578,76.0,1008.7000122070312,15.754291534423828,0,13.441070556640625,277.6959533691406,0.23000000417232513,18.467500686645508,0.28700000047683716
1787215842978,2026-08-20 08:50:42,,,,19.13,19.7,18.46,,,,100.0,-120.0,-3.25,,,,,,,,,,
1787215848545,2026-08-20 08:50:48,38.96,25.9,25.21,,,,335.71,299.08,277.1,100.0,-120.0,-3.25,,,,,,,,,,
1787216400000,2026-08-20 09:00:00,,,,,,,,,,,,,21.11750030517578,73.0,1009.2999877929688,16.08848762512207,0,11.01388168334961,281.3099060058594,0.3199999928474426,19.067501068115234,0.2840000092983246
1787220000000,2026-08-20 10:00:00,,,,,,,,,,,,,22.017499923706055,65.0,1009.4000244140625,15.135623931884766,0,13.138765335083008,260.5377502441406,0.36000001430511475,19.817501068115234,0.2809999883174896
1787223600000,2026-08-20 11:00:00,,,,,,,,,,,,,23.467500686645508,58.0,1009.0,14.731422424316406,0,12.0693998336792,252.64588928222656,0.3500000238418579,20.567501068115234,0.27799999713897705
1787227200000,2026-08-20 12:00:00,,,,,,,,,,,,,24.567501068115234,53.0,1008.9000244140625,14.358394622802734,0,13.10419750213623,254.05453491210938,0.3199999928474426,21.217500686645508,0.2750000059604645
1787230239327,2026-08-20 12:50:39,,,,19.13,19.48,18.4,,,,100.0,-120.0,-6.0,,,,,,,,,,
1787230246299,2026-08-20 12:50:46,38.82,25.93,25.25,,,,335.4,299.11,277.13,100.0,-119.0,-1.5,,,,,,,,,,
1787230800000,2026-08-20 13:00:00,,,,,,,,,,,,,25.217500686645508,50.0,1008.5999755859375,14.057398796081543,0,13.708391189575195,256.32867431640625,0.3100000023841858,21.967500686645508,0.2720000147819519
1787234400000,2026-08-20 14:00:00,,,,,,,,,,,,,25.417499542236328,48.0,1008.5,13.611824989318848,0,14.843179702758789,255.96372985839844,0.27000001072883606,22.317501068115234,0.27000001072883606
1787238000000,2026-08-20 15:00:00,,,,,,,,,,,,,25.717500686645508,46.0,1008.5999755859375,13.231821060180664,0,15.328560829162598,260.5377502441406,0.23999999463558197,22.517499923706055,0.2669999897480011
1787241600000,2026-08-20 16:00:00,,,,,,,,,,,,,25.067501068115234,44.0,1008.2999877929688,11.964156150817871,0,12.620553970336914,266.7295837402344,0.2199999988079071,22.61750030517578,0.26499998569488525
1787244635568,2026-08-20 16:50:35,,,,19.2,18.33,18.55,,,,100.0,-124.0,-15.5,,,,,,,,,,
1787244642558,2026-08-20 16:50:42,38.69,25.99,25.28,,,,335.12,299.17,277.15,100.0,-109.0,-5.5,,,,,,,,,,
1787245200000,2026-08-20 17:00:00,,,,,,,,,,,,,24.36750030517578,48.0,1008.5,12.651978492736816,0,10.805997848510742,240.01844787597656,0.14000001549720764,22.417499542236328,0.2630000114440918
1787248800000,2026-08-20 18:00:00,,,,,,,,,,,,,22.61750030517578,55.0,1009.0,13.120000839233398,0,6.989935874938965,235.4914093017578,0.05999999865889549,21.817501068115234,0.2619999945163727
1787252400000,2026-08-20 19:00:00,,,,,,,,,,,,,20.61750030517578,63.0,1009.7999877929688,13.3267822265625,0,2.595996856689453,213.69009399414062,0.019999999552965164,20.817501068115234,0.25999999046325684
1787256000000,2026-08-20 20:00:00,,,,,,,,,,,,,19.517499923706055,65.0,1009.9000244140625,12.763175010681152,0,1.4399999380111694,90.0,0,19.61750030517578,0.2590000033378601
1787259031868,2026-08-20 20:50:31,,,,19.35,19.41,18.4,,,,100.0,-105.0,-1.75,,,,,,,,,,
1787259037443,2026-08-20 20:50:37,38.68,26.08,25.32,,,,335.09,299.26,277.18,100.0,-120.0,-1.75,,,,,,,,,,
1787259600000,2026-08-20 21:00:00,,,,,,,,,,,,,18.86750030517578,68.0,1009.7999877929688,12.833929061889648,0,3.239999771118164,90.0,0,18.717500686645508,0.2590000033378601
1787263200000,2026-08-20 22:00:00,,,,,,,,,,,,,18.11750030517578,71.0,1009.9000244140625,12.775898933410645,0,3.096837043762207,125.53776550292969,0,18.017499923706055,0.257999986410141
1787266800000,2026-08-20 23:00:00,,,,,,,,,,,,,17.167499542236328,77.0,1009.7000122070312,13.100830078125,0,4.735060214996338,98.74607849121094,0,17.417499542236328,0.25699999928474426
1787270400000,2026-08-21 00:00:00,,,,,,,,,,,,,16.86750030517578,83.0,1009.5,13.961938858032227,0,1.8356469869613647,78.69010162353516,0,17.567501068115234,0.25200000405311584
1787273428135,2026-08-21 00:50:28,,,,19.41,18.43,18.64,,,,100.0,-120.0,-5.0,,,,,,,,,,
1787273435070,2026-08-21 00:50:35,38.64,26.08,25.36,,,,335.0,299.26,277.21,100.0,-120.0,-4.8,,,,,,,,,,
1787274000000,2026-08-21 01:00:00,,,,,,,,,,,,,16.86750030517578,75.0,1009.9000244140625,12.40859603881836,0,1.2979984283447266,33.690101623535156,0,17.017499923706055,0.25099998712539673
1787277600000,2026-08-21 02:00:00,,,,,,,,,,,,,16.11750030517578,81.0,1010.5,12.855177879333496,0,4.213691711425781,109.98319244384766,0,16.517499923706055,0.25099998712539673
1787281200000,2026-08-21 03:00:00,,,,,,,,,,,,,15.467500686645508,81.0,1010.5,12.221417427062988,0,3.2599384784698486,96.34009552001953,0,16.017499923706055,0.25099998712539673
1787284800000,2026-08-21 04:00:00,,,,,,,,,,,,,14.517499923706055,84.0,1010.4000244140625,11.845460891723633,0,2.595996856689453,123.69009399414062,0,15.517499923706055,0.25
1787287824486,2026-08-21 04:50:24,,,,19.35,19.44,18.58,,,,100.0,-120.0,-3.5,,,,,,,,,,
1787287830033,2026-08-21 04:50:30,38.58,26.08,25.32,,,,334.88,299.26,277.18,100.0,-121.0,-5.5,,,,,,,,,,
1787288400000,2026-08-21 05:00:00,,,,,,,,,,,,,14.717500686645508,84.0,1011.0,12.04133129119873,0,2.879999876022339,90.0,0,15.117500305175781,0.25
1787292000000,2026-08-21 06:00:00,,,,,,,,,,,,,16.767499923706055,82.0,1010.9000244140625,13.677536964416504,0,2.9024126529693604,119.74478912353516,0.029999999329447746,15.617500305175781,0.25
1787295600000,2026-08-21 07:00:00,,,,,,,,,,,,,18.967500686645508,67.0,1010.9000244140625,12.70296573638916,0,2.3051247596740723,128.6598358154297,0.15000000596046448,16.61750030517578,0.24899999797344208
1787299200000,2026-08-21 08:00:00,,,,,,,,,,,,,21.017499923706055,62.0,1011.0999755859375,13.458965301513672,0,1.7999999523162842,216.86997985839844,0.27000001072883606,17.767499923706055,0.24799999594688416
1787302220834,2026-08-21 08:50:20,,,,19.23,19.41,18.58,,,,100.0,-125.0,-11.0,,,,,,,,,,
1787302226234,2026-08-21 08:50:26,38.44,26.05,25.32,,,,334.57,299.23,277.18,100.0,-117.0,0.75,,,,,,,,,,
1787302800000,2026-08-21 09:00:00,,,,,,,,,,,,,22.817501068115234,54.0,1010.7999877929688,13.024772644042969,0,2.6208393573760986,285.9454650878906,0.37000003457069397,18.917499542236328,0.2460000067949295
1787306400000,2026-08-21 10:00:00,,,,,,,,,,,,,24.067501068115234,52.0,1010.5,13.602558135986328,0,2.811689853668213,320.1944885253906,0.4099999964237213,20.067501068115234,0.24500000476837158
1787310000000,2026-08-21 11:00:00,,,,,,,,,,,,,24.167499542236328,51.0,1010.2000122070312,13.396430969238281,0,6.792466163635254,302.0053405761719,0.39000001549720764,21.067501068115234,0.24300000071525574
1787313600000,2026-08-21 12:00:00,,,,,,,,,,,,,24.317501068115234,51.0,1009.7000122070312,13.534581184387207,0,7.145795822143555,319.085693359375,0.3400000035762787,21.567501068115234,0.2409999966621399
1787316617018,2026-08-21 12:50:17,,,,19.16,18.46,18.49,,,,100.0,-108.0,0.8,,,,,,,,,,
1787316624004,2026-08-21 12:50:24,38.25,26.05,25.36,,,,334.17,299.23,277.21,100.0,-119.0,-3.8,,,,,,,,,,
1787317200000,2026-08-21 13:00:00,,,,,,,,,,,,,23.817501068115234,50.0,1009.2999877929688,12.771184921264648,0,7.386581897735596,316.97491455078125,0.23999999463558197,21.61750030517578,0.23999999463558197
1787320800000,2026-08-21 14:00:00,,,,,,,,,,,,,22.717500686645508,55.0,1009.0,13.212974548339844,0,7.636752605438232,351.8699951171875,0.1599999964237213,21.467500686645508,0.23899999260902405
1787324400000,2026-08-21 15:00:00,,,,,,,,,,,,,20.917499542236328,70.0,1009.2000122070312,15.240852355957031,0.4000000059604645,6.849466800689697,356.9872741699219,0.09000000357627869,21.067501068115234,0.23800000548362732
1787328000000,2026-08-21 16:00:00,,,,,,,,,,,,,19.467500686645508,69.0,1009.5,13.630899429321289,0.699999988079071,6.489992141723633,3.179771900177002,0.10999999940395355,20.417499542236328,0.2370000034570694
1787331013348,2026-08-21 16:50:13,,,,19.23,18.61,18.64,,,,100.0,-109.0,0.2,,,,,,,,,,
1787331020314,2026-08-21 16:50:20,38.19,26.1,25.4,,,,334.05,299.29,277.24,100.0,-121.0,-7.5,,,,,,,,,,
1787331600000,2026-08-21 17:00:00,,,,,,,,,,,,,18.067501068115234,81.0,1009.4000244140625,14.756214141845703,0.699999988079071,7.172948837280273,342.4743347167969,0.07000000774860382,19.767499923706055,0.2370000034570694
1787335200000,2026-08-21 18:00:00,,,,,,,,,,,,,17.36750030517578,89.0,1009.7999877929688,15.535665512084961,1,6.489992141723633,326.3099060058594,0.05000000447034836,19.217500686645508,0.23999999463558197
1787338800000,2026-08-21 19:00:00,,,,,,,,,,,,,16.167499542236328,88.0,1010.5,14.177806854248047,1.899999976158142,11.72075080871582,312.5104064941406,0.03999999910593033,18.767499923706055,0.24799999594688416
1787342400000,2026-08-21 20:00:00,,,,,,,,,,,,,15.217500686645508,94.0,1010.9000244140625,14.257655143737793,3.4000000953674316,5.692099094390869,325.3047790527344,0.03999999910593033,18.217500686645508,0.28700000047683716
1787345409599,2026-08-21 20:50:09,,,,19.29,18.55,18.73,,,,100.0,-124.0,-6.25,,,,,,,,,,
1787345415181,2026-08-21 20:50:15,38.21,26.13,25.44,,,,334.08,299.32,277.27,100.0,-125.0,-5.75,,,,,,,,,,
1787346000000,2026-08-21 21:00:00,,,,,,,,,,,,,15.117500305175781,97.0,1010.5999755859375,14.644475936889648,1.7999999523162842,6.193674087524414,305.5377502441406,0.019999999552965164,17.817501068115234,0.31700000166893005
1787349600000,2026-08-21 22:00:00,,,,,,,,,,,,,14.667500495910645,93.0,1010.7000122070312,13.547247886657715,0.6000000238418579,2.545584201812744,315.0000915527344,0.019999999552965164,17.517499923706055,0.3269999921321869
1787353200000,2026-08-21 23:00:00,,,,,,,,,,,,,14.517499923706055,95.0,1010.9000244140625,13.725610733032227,0,2.6208393573760986,254.05453491210938,0.009999999776482582,17.167499542236328,0.3240000009536743
1787356800000,2026-08-22 00:00:00,,,,,,,,,,,,,15.167500495910645,97.0,1010.0999755859375,14.694293022155762,0.10000000149011612,6.214563369750977,280.0079040527344,0.019999999552965164,17.417499542236328,0.30399999022483826
1787360400000,2026-08-22 01:00:00,,,,,,,,,,,,,15.167500495910645,94.0,1010.9000244140625,14.208027839660645,0,5.241678714752197,285.9454650878906,0.029999999329447746,17.267499923706055,0.3009999990463257
1787364000000,2026-08-22 02:00:00,,,,,,,,,,,,,14.467500686645508,91.0,1010.5999755859375,13.015795707702637,0,1.0800000429153442,270.0,0.009999999776482582,16.967500686645508,0.2980000078678131
1787367600000,2026-08-22 03:00:00,,,,,,,,,,,,,14.317500114440918,88.0,1010.9000244140625,12.355998039245605,0,5.039999961853027,270.0,0,16.467500686645508,0.29499998688697815
1787371200000,2026-08-22 04:00:00,,,,,,,,,,,,,13.917500495910645,94.0,1011.0,12.967278480529785,0,5.495161056518555,301.6074523925781,0.009999999776482582,16.267499923706055,0.2919999957084656
1787374209212,2026-08-22 04:50:09,38.89,26.1,25.4,,,,335.55,299.29,277.24,100.0,-116.0,0.5,,,,,,,,,,
1787374800000,2026-08-22 05:00:00,,,,,,,,,,,,,14.767499923706055,94.0,1011.4000244140625,13.810994148254395,0.30000001192092896,6.297428131103516,300.96368408203125,0.019999999552965164,16.217500686645508,0.28999999165534973
1787378400000,2026-08-22 06:00:00,,,,,,,,,,,,,15.167500495910645,94.0,1011.9000244140625,14.208027839660645,3,7.56856632232666,295.34613037109375,0.029999999329447746,16.267499923706055,0.296999990940094
1787382000000,2026-08-22 07:00:00,,,,,,,,,,,,,14.967500686645508,97.0,1012.5999755859375,14.495024681091309,5.699999809265137,6.618519306182861,292.38018798828125,0.03999999910593033,16.36750030517578,0.3199999928474426
1787385600000,2026-08-22 08:00:00,,,,,,,,,,,,,15.117500305175781,97.0,1012.7999877929688,14.644475936889648,3.9000000953674316,7.993297576904297,277.76507568359375,0.05000000447034836,16.467500686645508,0.3330000042915344
1787388598495,2026-08-22 08:49:58,,,,19.01,18.4,18.4,,,,100.0,-123.0,-5.0,,,,,,,,,,
1787388604105,2026-08-22 08:50:04,39.25,26.08,25.44,,,,336.35,299.26,277.27,100.0,-116.0,-7.25,,,,,,,,,,
1787389200000,2026-08-22 09:00:00,,,,,,,,,,,,,15.067500114440918,96.0,1013.7999877929688,14.434185028076172,5.699999809265137,9.726664543151855,272.12103271484375,0.03999999910593033,16.467500686645508,0.36800000071525574
1787392800000,2026-08-22 10:00:00,,,,,,,,,,,,,14.517499923706055,94.0,1014.7999877929688,13.562843322753906,7,13.532360076904297,298.6103515625,0.07000000774860382,16.467500686645508,0.39399999380111694
1787396400000,2026-08-22 11:00:00,,,,,,,,,,,,,15.017499923706055,89.0,1015.7999877929688,13.218465805053711,2.299999952316284,13.237038612365723,292.38018798828125,0.14000001549720764,16.417499542236328,0.38499999046325684
1787400000000,2026-08-22 12:00:00,,,,,,,,,,,,,15.917500495910645,83.0,1016.0,13.033023834228516,0.4000000059604645,13.527571678161621,295.2010803222656,0.25999999046325684,16.517499923706055,0.36899998784065247
1787403017353,2026-08-22 12:50:17,,,,,,,,,,100.0,-118.0,-3.5,,,,,,,,,,
1787403024368,2026-08-22 12:50:24,,,,,,,,,,100.0,-116.0,-0.5,,,,,,,,,,
1787403600000,2026-08-22 13:00:00,,,,,,,,,,,,,16.517499923706055,81.0,1016.2999877929688,13.245162010192871,0,14.145755767822266,284.7436218261719,0.3199999928474426,16.767499923706055,0.35600000619888306
1787407200000,2026-08-22 14:00:00,,,,,,,,,,,,,17.217500686645508,74.0,1016.5,12.541821479797363,0,15.815435409545898,281.82147216796875,0.39000001549720764,17.017499923706055,0.34700000286102295
1787410800000,2026-08-22 15:00:00,,,,,,,,,,,,,17.517499923706055,74.0,1016.7999877929688,12.831135749816895,0,12.924952507019043,282.875,0.3400000035762787,17.167499542236328,0.3409999907016754
1787414400000,2026-08-22 16:00:00,,,,,,,,,,,,,17.61750030517578,74.0,1017.0,12.927569389343262,0,11.609650611877441,277.1249084472656,0.2900000214576721,17.317501068115234,0.3370000123977661
1787417413699,2026-08-22 16:50:13,,,,,,,,,,100.0,-119.0,-7.0,,,,,,,,,,
1787417420634,2026-08-22 16:50:20,,,,,,,,,,100.0,-103.0,-6.5,,,,,,,,,,
1787418000000,2026-08-22 17:00:00,,,,,,,,,,,,,16.967500686645508,73.0,1017.4000244140625,12.09380054473877,0,10.390226364135742,284.0362548828125,0.1899999976158142,17.317501068115234,0.33399999141693115
1787421600000,2026-08-22 18:00:00,,,,,,,,,,,,,15.667500495910645,80.0,1018.0999755859375,12.227319717407227,0,6.119999885559082,270.0,0.07999999821186066,17.067501068115234,0.3310000002384186
1787425200000,2026-08-22 19:00:00,,,,,,,,,,,,,14.817500114440918,81.0,1018.7999877929688,11.587621688842773,0,3.6712939739227295,281.3099060058594,0.009999999776482582,16.517499923706055,0.33000001311302185
1787428800000,2026-08-22 20:00:00,,,,,,,,,,,,,14.117500305175781,87.0,1019.2999877929688,11.985395431518555,0,5.495161056518555,301.6074523925781,0.019999999552965164,16.11750030517578,0.32899999618530273
1787431809971,2026-08-22 20:50:09,,,,,,,,,,100.0,-125.0,-8.75,,,,,,,,,,
1787431815519,2026-08-22 20:50:15,,,,,,,,,,100.0,-120.0,-4.8,,,,,,,,,,
1787432400000,2026-08-22 21:00:00,,,,,,,,,,,,,13.367500305175781,89.0,1019.7000122070312,11.591317176818848,0,5.86037540435791,312.5104064941406,0.009999999776482582,15.767499923706055,0.3269999921321869
1787436000000,2026-08-22 22:00:00,,,,,,,,,,,,,12.717500686645508,88.0,1020.0999755859375,10.78022289276123,0,5.351784706115723,312.27362060546875,0.009999999776482582,15.367500305175781,0.32600000500679016
1787439600000,2026-08-22 23:00:00,,,,,,,,,,,,,12.217500686645508,84.0,1020.5999755859375,9.592728614807129,0,5.191993713378906,326.3099060058594,0.009999999776482582,14.917500495910645,0.32499998807907104
1787443200000,2026-08-23 00:00:00,,,,,,,,,,,,,13.317500114440918,83.0,1021.5,10.490336418151855,0,3.3190360069274902,282.52880859375,0,15.417500495910645,0.2879999876022339
1787446183654,2026-08-23 00:49:43,,,,18.58,18.79,18.73,,,,100.0,-120.0,-4.5,,,,,,,,,,
1787446190671,2026-08-23 00:49:50,41.1,25.96,25.48,,,,340.72,299.14,277.3,100.0,-120.0,-4.2,,,,,,,,,,
1787446800000,2026-08-23 01:00:00,,,,,,,,,,,,,12.467500686645508,88.0,1021.2000122070312,10.5339937210083,0,3.5638179779052734,315.0000915527344,0,14.967500686645508,0.28700000047683716
1787450400000,2026-08-23 02:00:00,,,,,,,,,,,,,12.017499923706055,89.0,1021.4000244140625,10.259907722473145,0,3.5999999046325684,306.8699645996094,0,14.517499923706055,0.28600001335144043
1787454000000,2026-08-23 03:00:00,,,,,,,,,,,,,11.567500114440918,90.0,1021.5,9.982962608337402,0,2.3051247596740723,321.3401794433594,0,14.117500305175781,0.28600001335144043
1787457600000,2026-08-23 04:00:00,,,,,,,,,,,,,11.267499923706055,89.0,1021.5999755859375,9.520194053649902,0,1.0182337760925293,315.0000915527344,0,13.567500114440918,0.2849999964237213
1787460586982,2026-08-23 04:49:46,41.03,25.9,25.48,,,,340.53,299.08,277.3,100.0,-119.0,-6.8,,,,,,,,,,
1787461200000,2026-08-23 05:00:00,,,,,,,,,,,,,11.517499923706055,89.0,1021.7999877929688,9.766768455505371,0,1.6099690198898315,243.4350128173828,0,13.167500495910645,0.2840000092983246
1787464800000,2026-08-23 06:00:00,,,,,,,,,,,,,12.967500686645508,85.0,1022.2000122070312,10.504838943481445,0,2.741678237915039,246.80137634277344,0.019999999552965164,13.467500686645508,0.28299999237060547
1787468400000,2026-08-23 07:00:00,,,,,,,,,,,,,14.867500305175781,76.0,1022.0999755859375,10.675261497497559,0,10.823972702026367,273.8139953613281,0.10000000894069672,14.317500114440918,0.28200000524520874
1787472000000,2026-08-23 08:00:00,,,,,,,,,,,,,15.917500495910645,67.0,1022.4000244140625,9.796265602111816,0,15.379205703735352,286.3139343261719,0.17000000178813934,15.167500495910645,0.2809999883174896
1787474983283,2026-08-23 08:49:43,40.88,25.87,25.44,,,,340.16,299.05,277.27,100.0,-109.0,0.2,,,,,,,,,,
1787475600000,2026-08-23 09:00:00,,,,,,,,,,,,,16.967500686645508,62.0,1022.5999755859375,9.635825157165527,0,15.59676742553711,288.8532409667969,0.1899999976158142,15.767499923706055,0.2800000011920929
1787479200000,2026-08-23 10:00:00,,,,,,,,,,,,,17.717500686645508,56.0,1022.5,8.827651023864746,0,16.071491241455078,285.5928649902344,0.23000000417232513,16.467500686645508,0.27900001406669617
1787482800000,2026-08-23 11:00:00,,,,,,,,,,,,,18.567501068115234,51.0,1022.4000244140625,8.234441757202148,0,15.905319213867188,275.1943359375,0.23999999463558197,17.067501068115234,0.2770000100135803
1787486400000,2026-08-23 12:00:00,,,,,,,,,,,,,19.11750030517578,43.0,1022.2000122070312,6.241739273071289,0,14.44044303894043,265.7109375,0.25999999046325684,17.667499542236328,0.2759999930858612
1787489372609,2026-08-23 12:49:32,,,,18.12,18.06,18.12,,,,100.0,-109.0,0.8,,,,,,,,,,
1787489378211,2026-08-23 12:49:38,40.58,25.84,25.4,,,,339.45,299.02,277.24,100.0,-120.0,-5.2,,,,,,,,,,
1787490000000,2026-08-23 13:00:00,,,,,,,,,,,,,19.517499923706055,44.0,1022.0999755859375,6.938308238983154,0,19.079999923706055,301.8907470703125,0.23999999463558197,18.11750030517578,0.27399998903274536
1787493600000,2026-08-23 14:00:00,,,,,,,,,,,,,19.11750030517578,44.0,1022.0999755859375,6.5756916999816895,0,12.397806167602539,295.8209228515625,0.21000002324581146,18.417499542236328,0.27300000190734863
1787497200000,2026-08-23 15:00:00,,,,,,,,,,,,,19.767499923706055,47.0,1021.7999877929688,8.132589340209961,0,13.97987174987793,304.5085754394531,0.20000001788139343,18.61750030517578,0.2720000147819519
1787500800000,2026-08-23 16:00:00,,,,,,,,,,,,,19.11750030517578,46.0,1021.7999877929688,7.223956108093262,0,14.113652229309082,307.7468566894531,0.18000000715255737,18.667499542236328,0.2709999978542328
1787503775896,2026-08-23 16:49:35,40.38,25.81,25.4,,,,338.96,298.99,277.24,100.0,-118.0,-7.8,,,,,,,,,,
1787504400000,2026-08-23 17:00:00,,,,,,,,,,,,,18.317501068115234,50.0,1021.7999877929688,7.712778568267822,0,9.422101020812988,313.451904296875,0.10999999940395355,18.417499542236328,0.27000001072883606
1787508000000,2026-08-23 18:00:00,,,,,,,,,,,,,16.167499542236328,59.0,1022.0999755859375,8.14756965637207,0,6.489992141723633,326.3099060058594,0.05000000447034836,17.817501068115234,0.26899999380111694
1787511600000,2026-08-23 19:00:00,,,,,,,,,,,,,14.867500305175781,66.0,1022.2999877929688,8.572772979736328,0,3.8939952850341797,326.3099060058594,0.019999999552965164,16.917499542236328,0.2680000066757202
1787515200000,2026-08-23 20:00:00,,,,,,,,,,,,,14.467500686645508,66.0,1022.4000244140625,8.192046165466309,0,0.7199999690055847,270.0,0.009999999776482582,16.017499923706055,0.2680000066757202
1787518165171,2026-08-23 20:49:25,,,,18.0,18.67,18.03,,,,100.0,-120.0,-5.8,,,,,,,,,,
1787518170751,2026-08-23 20:49:30,40.3,25.78,25.36,,,,338.78,298.96,277.21,100.0,-121.0,-5.0,,,,,,,,,,
1787518800000,2026-08-23 21:00:00,,,,,,,,,,,,,13.117500305175781,71.0,1022.5999755859375,7.976461887359619,0,2.595996856689453,123.69009399414062,0,15.067500114440918,0.2680000066757202
1787522400000,2026-08-23 22:00:00,,,,,,,,,,,,,12.067500114440918,75.0,1022.7999877929688,7.770406246185303,0,2.6208393573760986,105.94546508789062,0,14.267499923706055,0.2669999897480011
1787526000000,2026-08-23 23:00:00,,,,,,,,,,,,,11.617500305175781,75.0,1023.0,7.335425853729248,0,0.8049845099449158,116.56498718261719,0,13.567500114440918,0.2669999897480011
1787529600000,2026-08-24 00:00:00,,,,,,,,,,,,,10.817500114440918,81.0,1023.0,7.686440944671631,0,2.099142551422119,59.036319732666016,0,12.267499923706055,0.2720000147819519
1787532561486,2026-08-24 00:49:21,,,,17.94,18.3,18.12,,,,100.0,-120.0,-5.5,,,,,,,,,,
1787532568511,2026-08-24 00:49:28,40.25,25.75,25.32,,,,338.65,298.93,277.18,100.0,-109.0,,,,,,,,,,,
1787533200000,2026-08-24 01:00:00,,,,,,,,,,,,,10.467500686645508,81.0,1022.7999877929688,7.345016956329346,0,1.2979984283447266,33.690101623535156,0,11.817500114440918,0.2720000147819519
1787536800000,2026-08-24 02:00:00,,,,,,,,,,,,,10.067500114440918,82.0,1023.0999755859375,7.1339497566223145,0,1.4843180179595947,345.9637145996094,0,11.417500495910645,0.2720000147819519
1787540400000,2026-08-24 03:00:00,,,,,,,,,,,,,10.017499923706055,82.0,1023.2000122070312,7.085103511810303,0,1.2979984283447266,326.3099060058594,0,11.167500495910645,0.2720000147819519
1787544000000,2026-08-24 04:00:00,,,,,,,,,,,,,9.267499923706055,86.0,1023.2000122070312,7.045829772949219,0,1.7999999523162842,360.0,0,10.867500305175781,0.2709999978542328
1787546957768,2026-08-24 04:49:17,,,,17.79,17.7,18.4,,,,100.0,-108.0,,,,,,,,,,,
1787547600000,2026-08-24 05:00:00,,,,,,,,,,,,,9.817500114440918,85.0,1023.5,7.414784908294678,0,2.099142551422119,329.03631591796875,0,10.667500495910645,0.2709999978542328
1787551200000,2026-08-24 06:00:00,,,,,,,,,,,,,11.517499923706055,84.0,1023.7000122070312,8.907031059265137,0,2.099142551422119,300.96368408203125,0.009999999776482582,11.167500495910645,0.2709999978542328
1787554800000,2026-08-24 07:00:00,,,,,,,,,,,,,13.617500305175781,73.0,1023.7000122070312,8.86743450164795,0,5.692099094390869,304.6952209472656,0.09000000357627869,12.367500305175781,0.2709999978542328
1787558400000,2026-08-24 08:00:00,,,,,,,,,,,,,15.117500305175781,70.0,1024.0,9.685013771057129,0,8.43506908416748,309.8055114746094,0.1599999964237213,13.617500305175781,0.27000001072883606
1787561354113,2026-08-24 08:49:14,,,,17.58,18.37,17.97,,,,100.0,-120.0,-3.8,,,,,,,,,,
1787561359699,2026-08-24 08:49:19,40.04,25.68,25.25,,,,338.16,298.85,277.13,100.0,-120.0,-4.8,,,,,,,,,,
1787562000000,2026-08-24 09:00:00,,,,,,,,,,,,,16.5674991607666,66.0,1023.7999877929688,10.190539360046387,0,7.56856632232666,295.34613037109375,0.2199999988079071,14.817500114440918,0.26899999380111694
1787565600000,2026-08-24 10:00:00,,,,,,,,,,,,,17.817501068115234,58.0,1023.2000122070312,9.442090034484863,0,7.091177463531494,293.9624938964844,0.27000001072883606,16.017499923706055,0.2680000066757202
1787569200000,2026-08-24 11:00:00,,,,,,,,,,,,,19.11750030517578,50.0,1022.7999877929688,8.449082374572754,0,5.86037540435791,280.6195983886719,0.3100000023841858,17.067501068115234,0.26600000262260437
1787572800000,2026-08-24 12:00:00,,,,,,,,,,,,,19.36750030517578,50.0,1022.7000122070312,8.6791410446167,0,7.65370512008667,318.81414794921875,0.2800000309944153,17.767499923706055,0.26499998569488525
1787575750408,2026-08-24 12:49:10,,,,17.43,18.0,18.0,,,,100.0,-120.0,-7.5,,,,,,,,,,
1787575757524,2026-08-24 12:49:17,39.83,25.65,25.21,,,,337.67,298.82,277.1,100.0,-110.0,-2.0,,,,,,,,,,
1787576400000,2026-08-24 13:00:00,,,,,,,,,,,,,19.917499542236328,48.0,1022.5999755859375,8.580390930175781,0,4.896529674530029,323.9725341796875,0.25999999046325684,18.317501068115234,0.2639999985694885
1787580000000,2026-08-24 14:00:00,,,,,,,,,,,,,19.917499542236328,50.0,1022.0999755859375,9.185205459594727,0,7.559999465942383,360.0,0.21000002324581146,18.467500686645508,0.2619999945163727
1787583600000,2026-08-24 15:00:00,,,,,,,,,,,,,20.017499923706055,50.0,1021.5,9.277207374572754,0,7.729526996612549,27.758451461791992,0.21000002324581146,18.717500686645508,0.26100000739097595
1787587200000,2026-08-24 16:00:00,,,,,,,,,,,,,19.467500686645508,51.0,1020.7999877929688,9.0646333694458,0,8.496304512023926,36.38444900512695,0.17000000178813934,18.667499542236328,0.25999999046325684
1787590146712,2026-08-24 16:49:06,,,,17.4,17.17,17.91,,,,100.0,-121.0,-4.8,,,,,,,,,,
1787590152267,2026-08-24 16:49:12,39.73,25.62,25.21,,,,337.45,298.79,277.1,100.0,-110.0,,,,,,,,,,,
1787590800000,2026-08-24 17:00:00,,,,,,,,,,,,,18.767499923706055,55.0,1020.5999755859375,9.538506507873535,0,4.198285102844238,59.036319732666016,0.09000000357627869,18.267499923706055,0.2590000033378601
1787594400000,2026-08-24 18:00:00,,,,,,,,,,,,,16.86750030517578,62.0,1020.4000244140625,9.541387557983398,0,5.9044389724731445,52.43133544921875,0.03999999910593033,17.61750030517578,0.2590000033378601
1787598000000,2026-08-24 19:00:00,,,,,,,,,,,,,15.267499923706055,67.0,1020.7000122070312,9.176593780517578,0,5.483356475830078,66.80138397216797,0.019999999552965164,16.717500686645508,0.257999986410141
1787601600000,2026-08-24 20:00:00,,,,,,,,,,,,,14.567500114440918,71.0,1020.5,9.368687629699707,0,5.959060192108154,64.98314666748047,0.019999999552965164,15.967500686645508,0.257999986410141
1787604543074,2026-08-24 20:49:03,,,,17.43,17.94,17.82,,,,100.0,-109.0,0.5,,,,,,,,,,
1787604548604,2026-08-24 20:49:08,39.69,25.62,25.17,,,,337.36,298.79,277.07,100.0,-120.0,-5.0,,,,,,,,,,
1787605200000,2026-08-24 21:00:00,,,,,,,,,,,,,13.967500686645508,74.0,1020.5,9.40684700012207,0,5.483356475830078,66.80138397216797,0.009999999776482582,15.317500114440918,0.257999986410141
1787608800000,2026-08-24 22:00:00,,,,,,,,,,,,,13.367500305175781,77.0,1020.2000122070312,9.417839050292969,0,5.241678714752197,74.05453491210938,0.009999999776482582,14.767499923706055,0.257999986410141
1787612400000,2026-08-24 23:00:00,,,,,,,,,,,,,13.017499923706055,78.0,1019.9000244140625,9.270150184631348,0,5.241678714752197,74.05453491210938,0.009999999776482582,14.267499923706055,0.25699999928474426
1787616000000,2026-08-25 00:00:00,,,,,,,,,,,,,12.417500495910645,88.0,1018.0999755859375,10.484746932983398,0,5.091168403625488,98.13002014160156,0.009999999776482582,13.967500686645508,0.2590000033378601
1787618939318,2026-08-25 00:48:59,,,,17.49,18.06,17.58,,,,100.0,-120.0,-4.8,,,,,,,,,,
1787618946308,2026-08-25 00:49:06,39.68,25.59,25.17,,,,337.33,298.76,277.07,100.0,-120.0,-4.8,,,,,,,,,,
1787619600000,2026-08-25 01:00:00,,,,,,,,,,,,,12.567500114440918,85.0,1018.2000122070312,10.112491607666016,0,4.6938252449035645,94.39862060546875,0,13.767499923706055,0.2590000033378601
1787623200000,2026-08-25 02:00:00,,,,,,,,,,,,,12.467500686645508,83.0,1018.2000122070312,9.658951759338379,0,4.693825721740723,57.52882766723633,0,13.567500114440918,0.2590000033378601
1787626800000,2026-08-25 03:00:00,,,,,,,,,,,,,11.217500686645508,90.0,1018.0,9.63730525970459,0,4.680000305175781,112.61991119384766,0,13.317500114440918,0.2590000033378601
1787630400000,2026-08-25 04:00:00,,,,,,,,,,,,,11.917500495910645,85.0,1017.7000122070312,9.474903106689453,0,3.617955207824707,84.28949737548828,0,13.117500305175781,0.2590000033378601
1787633335620,2026-08-25 04:48:55,,,,17.4,17.82,17.7,,,,100.0,-120.0,-4.8,,,,,,,,,,
1787633342650,2026-08-25 04:49:02,39.64,25.59,25.13,,,,337.24,298.76,277.04,100.0,-120.0,-4.0,,,,,,,,,,
1787634000000,2026-08-25 05:00:00,,,,,,,,,,,,,12.217500686645508,86.0,1016.9000244140625,9.943809509277344,0,6.214563369750977,79.9920883178711,0.009999999776482582,13.067500114440918,0.2590000033378601
1787637600000,2026-08-25 06:00:00,,,,,,,,,,,,,13.417500495910645,83.0,1017.0,10.588143348693848,0,3.6712939739227295,101.30989837646484,0.029999999329447746,13.367500305175781,0.2590000033378601
1787641200000,2026-08-25 07:00:00,,,,,,,,,,,,,15.217500686645508,79.0,1016.7000122070312,11.59864616394043,0,4.320000171661377,90.0,0.07000000774860382,14.017499923706055,0.2590000033378601
1787644800000,2026-08-25 08:00:00,,,,,,,,,,,,,17.417499542236328,73.0,1016.4000244140625,12.527076721191406,0,9.36691951751709,87.79744720458984,0.1599999964237213,15.017499923706055,0.257999986410141
1787647731999,2026-08-25 08:48:51,,,,17.31,17.67,17.73,,,,100.0,-120.0,-4.5,,,,,,,,,,
1787647737560,2026-08-25 08:48:57,39.54,25.56,25.09,,,,337.02,298.73,277.01,100.0,-109.0,1.0,,,,,,,,,,
1787648400000,2026-08-25 09:00:00,,,,,,,,,,,,,18.86750030517578,69.0,1016.2000122070312,13.057254791259766,0,11.65977668762207,81.11942291259766,0.23000000417232513,16.11750030517578,0.25699999928474426
1787652000000,2026-08-25 10:00:00,,,,,,,,,,,,,20.517499923706055,61.0,1015.7999877929688,12.738567352294922,0,12.496719360351562,78.36639404296875,0.2900000214576721,17.11750030517578,0.25600001215934753
1787655600000,2026-08-25 11:00:00,,,,,,,,,,,,,21.61750030517578,57.0,1015.2999877929688,12.7344388961792,0,13.55150032043457,73.00909423828125,0.30000001192092896,17.967500686645508,0.2549999952316284
1787659200000,2026-08-25 12:00:00,,,,,,,,,,,,,22.167499542236328,55.0,1015.2999877929688,12.70157527923584,0,12.429126739501953,79.9920883178711,0.25999999046325684,18.567501068115234,0.2540000081062317
1787662128271,2026-08-25 12:48:48,,,,17.2,17.61,17.61,,,,100.0,-109.0,1.2,,,,,,,,,,
1787662135188,2026-08-25 12:48:55,39.33,25.62,25.09,,,,336.53,298.79,277.01,100.0,-119.0,-2.2,,,,,,,,,,
1787662800000,2026-08-25 13:00:00,,,,,,,,,,,,,22.317501068115234,55.0,1015.4000244140625,12.841057777404785,0,11.92898941040039,84.8056640625,0.25999999046325684,19.067501068115234,0.2529999911785126
1787666400000,2026-08-25 14:00:00,,,,,,,,,,,,,22.667499542236328,51.0,1015.4000244140625,12.014610290527344,0,13.441070556640625,82.30403900146484,0.2199999988079071,19.317501068115234,0.25200000405311584
1787670000000,2026-08-25 15:00:00,,,,,,,,,,,,,21.967500686645508,52.0,1015.2999877929688,11.663287162780762,0,14.113653182983398,84.14408874511719,0.2199999988079071,19.567501068115234,0.25099998712539673
1787673600000,2026-08-25 16:00:00,,,,,,,,,,,,,20.967500686645508,50.0,1015.0999755859375,10.151084899902344,0,13.493998527526855,80.78904724121094,0.12999999523162842,19.36750030517578,0.25
1787676524528,2026-08-25 16:48:44,,,,17.31,17.88,17.55,,,,100.0,-121.0,-8.5,,,,,,,,,,
1787676531461,2026-08-25 16:48:51,39.23,25.62,25.13,,,,336.32,298.79,277.04,100.0,-120.0,-5.5,,,,,,,,,,
1787677200000,2026-08-25 17:00:00,,,,,,,,,,,,,19.86750030517578,55.0,1015.5,10.56217098236084,0,13.556282043457031,79.28692626953125,0.07999999821186066,19.017499923706055,0.25
1787680800000,2026-08-25 18:00:00,,,,,,,,,,,,,18.517499923706055,63.0,1016.0999755859375,11.3408784866333,0,12.783802032470703,80.27249908447266,0.05000000447034836,18.61750030517578,0.24899999797344208
1787684400000,2026-08-25 19:00:00,,,,,,,,,,,,,17.767499923706055,65.0,1016.7000122070312,11.101770401000977,0.10000000149011612,9.359999656677246,90.0,0.05000000447034836,18.11750030517578,0.24899999797344208
1787688000000,2026-08-25 20:00:00,,,,,,,,,,,,,17.217500686645508,66.0,1016.7999877929688,10.808960914611816,0,6.489992141723633,93.17977142333984,0.03999999910593033,17.667499542236328,0.24799999594688416
1787690920884,2026-08-25 20:48:40,,,,17.37,17.31,17.58,,,,100.0,-119.0,-4.0,,,,,,,,,,
1787690926390,2026-08-25 20:48:46,39.22,25.65,25.13,,,,336.29,298.82,277.04,100.0,-120.0,-3.5,,,,,,,,,,
1787691600000,2026-08-25 21:00:00,,,,,,,,,,,,,16.86750030517578,68.0,1016.9000244140625,10.924681663513184,0,7.559999465942383,90.0,0.03999999910593033,17.267499923706055,0.24799999594688416
1787695200000,2026-08-25 22:00:00,,,,,,,,,,,,,16.517499923706055,71.0,1017.2999877929688,11.240487098693848,0.10000000149011612,6.849466800689697,86.9872817993164,0.03999999910593033,16.967500686645508,0.24799999594688416
1787698800000,2026-08-25 23:00:00,,,,,,,,,,,,,16.11750030517578,76.0,1017.5999755859375,11.884859085083008,0.20000000298023224,4.6938252449035645,94.39862060546875,0.029999999329447746,16.667499542236328,0.24799999594688416
1787702400000,2026-08-26 00:00:00,,,,,,,,,,,,,15.317500114440918,80.0,1017.7999877929688,11.886558532714844,0.30000001192092896,3.415259599685669,108.43504333496094,0.009999999776482582,17.417499542236328,0.25099998712539673
1787705317155,2026-08-26 00:48:37,,,,17.43,17.88,17.31,,,,100.0,-119.0,-4.0,,,,,,,,,,
1787705324073,2026-08-26 00:48:44,39.21,25.65,25.13,,,,336.26,298.82,277.04,100.0,-106.0,1.2,,,,,,,,,,
1787706000000,2026-08-26 01:00:00,,,,,,,,,,,,,15.317500114440918,82.0,1018.2999877929688,12.261730194091797,0.30000001192092896,3.2599384784698486,83.65990447998047,0.009999999776482582,17.11750030517578,0.25099998712539673
1787709600000,2026-08-26 02:00:00,,,,,,,,,,,,,14.967500686645508,86.0,1018.9000244140625,12.644775390625,0.10000000149011612,2.1600000858306885,360.0,0,16.86750030517578,0.25099998712539673
1787713200000,2026-08-26 03:00:00,,,,,,,,,,,,,14.267499923706055,91.0,1019.0,12.81804370880127,0.800000011920929,3.3190360069274902,49.39878463745117,0.009999999776482582,16.61750030517578,0.25099998712539673
1787716800000,2026-08-26 04:00:00,,,,,,,,,,,,,14.317500114440918,91.0,1018.7000122070312,12.867480278015137,1.2000000476837158,2.545584201812744,81.86998748779297,0.009999999776482582,16.417499542236328,0.2540000081062317
1787720400000,2026-08-26 05:00:00,,,,,,,,,,,,,14.467500686645508,90.0,1019.0,12.846776962280273,0.800000011920929,4.349896430969238,65.55606079101562,0.009999999776482582,16.217500686645508,0.2639999985694885
1787724000000,2026-08-26 06:00:00,,,,,,,,,,,,,14.567500114440918,92.0,1019.2999877929688,13.282190322875977,0.8999999761581421,3.545588731765747,113.96249389648438,0.019999999552965164,16.11750030517578,0.2770000100135803
1787727600000,2026-08-26 07:00:00,,,,,,,,,,,,,15.617500305175781,88.0,1019.4000244140625,13.636209487915039,1,3.976329803466797,95.19434356689453,0.029999999329447746,16.0674991607666,0.296999990940094
1787731200000,2026-08-26 08:00:00,,,,,,,,,,,,,16.017499923706055,87.0,1019.9000244140625,13.85390567779541,0.10000000149011612,4.104631423950195,105.25517272949219,0.05999999865889549,16.167499542236328,0.3050000071525574
1787734109788,2026-08-26 08:48:29,,,,17.43,17.88,17.4,,,,100.0,-111.0,-1.0,,,,,,,,,,
1787734800000,2026-08-26 09:00:00,,,,,,,,,,,,,16.417499542236328,86.0,1020.0,14.068713188171387,0.10000000149011612,5.86037540435791,100.6196060180664,0.05000000447034836,16.267499923706055,0.3070000112056732
1787738400000,2026-08-26 10:00:00,,,,,,,,,,,,,16.667499542236328,86.0,1020.0999755859375,14.314205169677734,0.4000000059604645,5.052840709686279,94.08554077148438,0.029999999329447746,16.36750030517578,0.3070000112056732
1787742000000,2026-08-26 11:00:00,,,,,,,,,,,,,17.067501068115234,87.0,1020.0999755859375,14.886407852172852,0.5,5.506940841674805,78.69010162353516,0.05999999865889549,16.467500686645508,0.3089999854564667
1787745600000,2026-08-26 12:00:00,,,,,,,,,,,,,17.267499923706055,87.0,1020.0999755859375,15.083064079284668,0.10000000149011612,7.4215898513793945,75.96372985839844,0.05999999865889549,16.61750030517578,0.3089999854564667
1787748506086,2026-08-26 12:48:26,,,,17.4,17.05,17.49,,,,100.0,-120.0,-5.0,,,,,,,,,,
1787748511553,2026-08-26 12:48:31,39.15,25.65,25.09,,,,336.13,298.82,277.01,100.0,-109.0,1.0,,,,,,,,,,
1787749200000,2026-08-26 13:00:00,,,,,,,,,,,,,17.567501068115234,84.0,1020.2000122070312,14.832137107849121,0.30000001192092896,8.66994857788086,85.23644256591797,0.07999999821186066,16.767499923706055,0.30799999833106995
1787752800000,2026-08-26 14:00:00,,,,,,,,,,,,,18.36750030517578,82.0,1020.2000122070312,15.239590644836426,0,8.759178161621094,99.46224975585938,0.10000000894069672,16.917499542236328,0.3070000112056732
1787756400000,2026-08-26 15:00:00,,,,,,,,,,,,,18.417499542236328,81.0,1020.0,15.097384452819824,0,8.647496223449707,87.61410522460938,0.10999999940395355,17.11750030517578,0.30399999022483826
1787760000000,2026-08-26 16:00:00,,,,,,,,,,,,,18.86750030517578,80.0,1019.7000122070312,15.342265129089355,0,8.70723819732666,97.12492370605469,0.10999999940395355,17.267499923706055,0.3009999990463257
1787762902337,2026-08-26 16:48:22,,,,17.4,17.76,17.25,,,,100.0,-120.0,-2.75,,,,,,,,,,
1787762909393,2026-08-26 16:48:29,39.14,25.65,25.09,,,,336.1,298.82,277.01,100.0,-111.0,-0.5,,,,,,,,,,
1787763600000,2026-08-26 17:00:00,,,,,,,,,,,,,18.517499923706055,81.0,1019.5,15.194862365722656,0,8.350137710571289,97.43131256103516,0.07999999821186066,17.417499542236328,0.2980000078678131
1787767200000,2026-08-26 18:00:00,,,,,,,,,,,,,17.167499542236328,87.0,1019.7000122070312,14.984733581542969,0,6.849466800689697,86.9872817993164,0.029999999329447746,17.36750030517578,0.29499998688697815
1787770800000,2026-08-26 19:00:00,,,,,,,,,,,,,16.517499923706055,87.0,1020.0999755859375,14.345580101013184,0,6.569382667541504,80.53775024414062,0.009999999776482582,17.11750030517578,0.2930000126361847
1787774400000,2026-08-26 20:00:00,,,,,,,,,,,,,16.167499542236328,87.0,1020.0,14.001410484313965,0,6.8777899742126465,83.9910888671875,0.009999999776482582,16.917499542236328,0.29100000858306885
1787777298649,2026-08-26 20:48:18,,,,17.4,17.49,17.43,,,,100.0,-106.0,-6.25,,,,,,,,,,
1787777304302,2026-08-26 20:48:24,39.14,25.68,25.09,,,,336.1,298.85,277.01,100.0,-120.0,-5.25,,,,,,,,,,
1787778000000,2026-08-26 21:00:00,,,,,,,,,,,,,15.867500305175781,88.0,1020.0,13.882392883300781,0,7.5170207023620605,106.69932556152344,0.009999999776482582,16.667499542236328,0.289000004529953
1787781600000,2026-08-26 22:00:00,,,,,,,,,,,,,15.767499923706055,87.0,1020.2000122070312,13.608062744140625,0,7.771330833435059,103.39251708984375,0.009999999776482582,16.467500686645508,0.28700000047683716
1787785200000,2026-08-26 23:00:00,,,,,,,,,,,,,15.467500686645508,85.0,1020.2000122070312,12.956741333007812,0,7.771330833435059,103.39251708984375,0.019999999552965164,16.267499923706055,0.28600001335144043
1787788800000,2026-08-27 00:00:00,,,,,,,,,,,,,15.417500495910645,90.0,1018.7999877929688,13.784836769104004,0,6.379216194152832,106.38961791992188,0.009999999776482582,15.667500495910645,0.2800000011920929
1787791694981,2026-08-27 00:48:14,,,,17.43,17.76,17.49,,,,100.0,-107.0,-2.8,,,,,,,,,,
1787791700514,2026-08-27 00:48:20,39.12,25.68,25.09,,,,336.07,298.85,277.01,100.0,-116.0,-11.2,,,,,,,,,,
1787792400000,2026-08-27 01:00:00,,,,,,,,,,,,,15.867500305175781,82.0,1019.2000122070312,12.798781394958496,0,7.4215898513793945,104.03627014160156,0.009999999776482582,15.617500305175781,0.27900001406669617
1787796000000,2026-08-27 02:00:00,,,,,,,,,,,,,15.767499923706055,78.0,1018.7000122070312,11.93982982635498,0,8.404284477233887,99.8657455444336,0.029999999329447746,15.567500114440918,0.27799999713897705
1787799600000,2026-08-27 03:00:00,,,,,,,,,,,,,15.667500495910645,76.0,1018.5999755859375,11.449426651000977,0,9.957108497619629,102.52880096435547,0.03999999910593033,15.467500686645508,0.2770000100135803
1787803200000,2026-08-27 04:00:00,,,,,,,,,,,,,15.367500305175781,77.0,1018.2999877929688,11.356466293334961,0,9.605998039245605,102.99462127685547,0.05000000447034836,15.417500495910645,0.2770000100135803
1787806091298,2026-08-27 04:48:11,,,,17.43,17.82,17.2,,,,100.0,-121.0,-3.25,,,,,,,,,,
1787806098295,2026-08-27 04:48:18,39.09,25.68,25.05,,,,336.01,298.85,276.98,100.0,-109.0,-7.2,,,,,,,,,,
1787806800000,2026-08-27 05:00:00,,,,,,,,,,,,,15.767499923706055,76.0,1018.4000244140625,11.546192169189453,0,9.793058395385742,107.10281372070312,0.05000000447034836,15.367500305175781,0.2759999930858612
1787810400000,2026-08-27 06:00:00,,,,,,,,,,,,,17.417499542236328,71.0,1018.5,12.104204177856445,0,10.966712951660156,113.19862365722656,0.07999999821186066,15.467500686645508,0.2750000059604645
1787814000000,2026-08-27 07:00:00,,,,,,,,,,,,,19.017499923706055,69.0,1018.5,13.200672149658203,0,13.77911376953125,109.85530853271484,0.18000000715255737,15.817500114440918,0.27399998903274536
1787817600000,2026-08-27 08:00:00,,,,,,,,,,,,,20.667499542236328,67.0,1018.5,14.322394371032715,0,14.654253959655762,117.82400512695312,0.25999999046325684,16.36750030517578,0.27300000190734863
1787820487640,2026-08-27 08:48:07,,,,17.34,17.79,17.14,,,,100.0,-118.0,-5.2,,,,,,,,,,
1787820493132,2026-08-27 08:48:13,38.99,25.68,25.05,,,,335.77,298.85,276.98,100.0,-112.0,4.25,,,,,,,,,,
1787821200000,2026-08-27 09:00:00,,,,,,,,,,,,,22.667499542236328,62.0,1018.2999877929688,15.015576362609863,0,14.825706481933594,119.05451202392578,0.3100000023841858,17.11750030517578,0.2709999978542328
1787824800000,2026-08-27 10:00:00,,,,,,,,,,,,,24.267499923706055,56.0,1017.9000244140625,14.93342399597168,0,15.192682266235352,126.32691955566406,0.3400000035762787,18.017499923706055,0.27000001072883606
1787828400000,2026-08-27 11:00:00,,,,,,,,,,,,,25.767499923706055,52.0,1017.5999755859375,15.171567916870117,0,15.038350105285645,132.08909606933594,0.3500000238418579,18.917499542236328,0.2680000066757202
1787832000000,2026-08-27 12:00:00,,,,,,,,,,,,,26.967500686645508,50.0,1017.0999755859375,15.664381980895996,0,14.29159164428711,130.91429138183594,0.3500000238418579,19.86750030517578,0.2669999897480011
1787834883891,2026-08-27 12:48:03,,,,17.34,17.82,17.22,,,,100.0,-115.0,1.0,,,,,,,,,,
1787834890890,2026-08-27 12:48:10,38.85,25.7,25.09,,,,335.46,298.88,277.01,100.0,-121.0,-10.25,,,,,,,,,,
1787835600000,2026-08-27 13:00:00,,,,,,,,,,,,,27.417499542236328,48.0,1016.5999755859375,15.439189910888672,0,14.336860656738281,141.11549377441406,0.33000001311302185,20.717500686645508,0.26499998569488525
1787839200000,2026-08-27 14:00:00,,,,,,,,,,,,,27.567501068115234,45.0,1016.0999755859375,14.572423934936523,0,14.618837356567383,127.99878692626953,0.30000001192092896,21.317501068115234,0.2630000114440918
1787842800000,2026-08-27 15:00:00,,,,,,,,,,,,,27.517499923706055,44.0,1015.7999877929688,14.179537773132324,0,15.02110481262207,134.02906799316406,0.25,21.717500686645508,0.2619999945163727
1787846400000,2026-08-27 16:00:00,,,,,,,,,,,,,27.167499542236328,45.0,1015.4000244140625,14.209891319274902,0,13.755578994750977,132.87889099121094,0.20000001788139343,21.917499542236328,0.26100000739097595
1787849280226,2026-08-27 16:48:00,,,,17.43,18.03,17.37,,,,100.0,-119.0,-2.0,,,,,,,,,,
1787849287268,2026-08-27 16:48:07,38.82,25.75,25.17,,,,335.4,298.93,277.07,100.0,-121.0,-13.5,,,,,,,,,,
1787850000000,2026-08-27 17:00:00,,,,,,,,,,,,,26.36750030517578,47.0,1015.0999755859375,14.15444564819336,0,11.592893600463867,126.15827941894531,0.10999999940395355,21.967500686645508,0.25999999046325684
1787853600000,2026-08-27 18:00:00,,,,,,,,,,,,,24.067501068115234,54.0,1014.9000244140625,14.184182167053223,0,11.620808601379395,106.18927764892578,0.07000000774860382,21.717500686645508,0.2590000033378601
1787857200000,2026-08-27 19:00:00,,,,,,,,,,,,,22.467500686645508,61.0,1015.2000122070312,14.574752807617188,0,14.332341194152832,101.59214782714844,0.05000000447034836,21.317501068115234,0.257999986410141
1787860800000,2026-08-27 20:00:00,,,,,,,,,,,,,21.817501068115234,62.0,1015.0,14.213757514953613,0,16.071491241455078,105.5928726196289,0.05000000447034836,20.917499542236328,0.257999986410141
1787863676526,2026-08-27 20:47:56,,,,17.64,17.82,17.37,,,,100.0,-124.0,-11.5,,,,,,,,,,
1787863682094,2026-08-27 20:48:02,38.86,25.81,25.21,,,,335.49,298.99,277.1,100.0,-122.0,-5.25,,,,,,,,,,
1787864400000,2026-08-27 21:00:00,,,,,,,,,,,,,21.217500686645508,61.0,1014.5999755859375,13.39780330657959,0,17.917007446289062,112.44280242919922,0.05000000447034836,20.61750030517578,0.25699999928474426
1787868000000,2026-08-27 22:00:00,,,,,,,,,,,,,20.917499542236328,60.0,1013.9000244140625,12.862342834472656,0,19.052810668945312,112.20352935791016,0.05000000447034836,20.317501068115234,0.25699999928474426
1787871600000,2026-08-27 23:00:00,,,,,,,,,,,,,20.61750030517578,61.0,1013.7999877929688,12.832751274108887,0,19.336389541625977,114.1791000366211,0.05000000447034836,20.017499923706055,0.25600001215934753
1787875200000,2026-08-28 00:00:00,,,,,,,,,,,,,20.817501068115234,60.0,1013.0999755859375,12.768353462219238,0,20.140705108642578,114.27442932128906,0.05999999865889549,20.267499923706055,0.2540000081062317
1787878800000,2026-08-28 01:00:00,,,,,,,,,,,,,20.61750030517578,58.0,1013.5,12.064273834228516,0,17.584810256958008,112.89058685302734,0.07000000774860382,19.917499542236328,0.2540000081062317
1787882400000,2026-08-28 02:00:00,,,,,,,,,,,,,20.317501068115234,58.0,1012.7000122070312,11.783411979675293,0,19.469974517822266,109.44012451171875,0.07000000774860382,19.667499542236328,0.2529999911785126
1787886000000,2026-08-28 03:00:00,,,,,,,,,,,,,20.317501068115234,59.0,1011.9000244140625,12.042810440063477,0,19.586116790771484,107.10281372070312,0.07000000774860382,19.417499542236328,0.2529999911785126
1787889600000,2026-08-28 04:00:00,,,,,,,,,,,,,20.417499542236328,60.0,1011.5,12.392366409301758,0,19.855558395385742,112.38018035888672,0.05999999865889549,19.317501068115234,0.2529999911785126
1787892469099,2026-08-28 04:47:49,,,,17.91,18.03,17.49,,,,100.0,-118.0,-2.5,,,,,,,,,,
1787892474666,2026-08-28 04:47:54,38.9,25.93,25.25,,,,335.58,299.11,277.13,100.0,-115.0,2.75,,,,,,,,,,
1787893200000,2026-08-28 05:00:00,,,,,,,,,,,,,20.317501068115234,62.0,1011.0,12.798418045043945,0,20.140705108642578,118.85556030273438,0.07000000774860382,19.267499923706055,0.25200000405311584
1787896800000,2026-08-28 06:00:00,,,,,,,,,,,,,20.517499923706055,64.0,1011.2000122070312,13.473915100097656,0,18.043148040771484,118.61036682128906,0.10999999940395355,19.217500686645508,0.25200000405311584
1787900400000,2026-08-28 07:00:00,,,,,,,,,,,,,20.967500686645508,65.0,1011.2000122070312,14.139334678649902,0,17.1746768951416,123.02387237548828,0.18000000715255737,19.267499923706055,0.25099998712539673
1787904000000,2026-08-28 08:00:00,,,,,,,,,,,,,21.567501068115234,65.0,1013.7000122070312,14.70866870880127,0,10.464797973632812,176.0548858642578,0.18000000715255737,19.467500686645508,0.25099998712539673
1787906865445,2026-08-28 08:47:45,,,,17.97,17.76,17.11,,,,100.0,-120.0,-2.75,,,,,,,,,,
1787907600000,2026-08-28 09:00:00,,,,,,,,,,,,,21.86750030517578,67.0,1012.2999877929688,15.465214729309082,0,14.489720344543457,116.56498718261719,0.20000001788139343,19.717500686645508,0.25
1787911200000,2026-08-28 10:00:00,,,,,,,,,,,,,22.317501068115234,67.0,1012.2999877929688,15.893712043762207,0,15.459053993225098,152.24154663085938,0.25,20.067501068115234,0.24899999797344208
1787914800000,2026-08-28 11:00:00,,,,,,,,,,,,,24.917499542236328,58.0,1010.9000244140625,16.087678909301758,0,15.124283790588379,141.76614379882812,0.2800000309944153,20.567501068115234,0.24899999797344208
1787918400000,2026-08-28 12:00:00,,,,,,,,,,,,,26.717500686645508,54.0,1010.7999877929688,16.640796661376953,0,17.102840423583984,149.65682983398438,0.37000003457069397,21.61750030517578,0.24699999392032623
1787921261658,2026-08-28 12:47:41,,,,18.03,17.82,17.46,,,,100.0,-124.0,-6.25,,,,,,,,,,
1787922000000,2026-08-28 13:00:00,,,,,,,,,,,,,27.667499542236328,52.0,1010.7000122070312,16.92424201965332,0,12.758432388305664,163.61038208007812,0.3400000035762787,22.36750030517578,0.2460000067949295
1787925600000,2026-08-28 14:00:00,,,,,,,,,,,,,25.817501068115234,63.0,1011.0,18.240495681762695,0,7.5170207023620605,163.30067443847656,0.21000002324581146,22.667499542236328,0.24500000476837158
1787929200000,2026-08-28 15:00:00,,,,,,,,,,,,,23.36750030517578,82.0,1012.2000122070312,20.11953353881836,0.8999999761581421,14.007655143737793,244.09353637695312,0.10999999940395355,22.417499542236328,0.24500000476837158
1787932800000,2026-08-28 16:00:00,,,,,,,,,,,,,21.61750030517578,89.0,1010.7999877929688,19.725601196289062,4.400000095367432,8.049844741821289,153.4350128173828,0.07000000774860382,21.86750030517578,0.25600001215934753
1787935657972,2026-08-28 16:47:37,,,,18.15,17.61,17.52,,,,100.0,-119.0,-10.0,,,,,,,,,,
1787935664971,2026-08-28 16:47:44,38.78,26.1,25.36,,,,335.31,299.29,277.21,100.0,-116.0,2.0,,,,,,,,,,
1787936400000,2026-08-28 17:00:00,,,,,,,,,,,,,21.267499923706055,86.0,1009.9000244140625,18.830493927001953,0.30000001192092896,11.298495292663574,112.47947692871094,0.05999999865889549,21.36750030517578,0.27300000190734863
1787940000000,2026-08-28 18:00:00,,,,,,,,,,,,,20.817501068115234,84.0,1010.9000244140625,18.01385498046875,0.10000000149011612,10.464797019958496,116.56498718261719,0.05000000447034836,20.917499542236328,0.27900001406669617
1787943600000,2026-08-28 19:00:00,,,,,,,,,,,,,20.267499923706055,85.0,1011.5999755859375,17.663108825683594,0.20000000298023224,5.411986351013184,93.81400299072266,0.05000000447034836,20.467500686645508,0.2809999883174896
1787947200000,2026-08-28 20:00:00,,,,,,,,,,,,,20.317501068115234,84.0,1011.5999755859375,17.524417877197266,0.10000000149011612,8.08999252319336,110.85454559326172,0.029999999329447746,20.11750030517578,0.2809999883174896
1787950054260,2026-08-28 20:47:34,,,,18.27,18.24,17.52,,,,100.0,-117.0,-4.25,,,,,,,,,,
1787950059834,2026-08-28 20:47:39,38.79,26.16,25.4,,,,335.34,299.35,277.24,100.0,-117.0,0.25,,,,,,,,,,
1787950800000,2026-08-28 21:00:00,,,,,,,,,,,,,19.667499542236328,88.0,1011.5,17.62392234802246,0.5,7.65370512008667,138.81417846679688,0.029999999329447746,19.86750030517578,0.2809999883174896
1787954400000,2026-08-28 22:00:00,,,,,,,,,,,,,19.317501068115234,89.0,1012.2000122070312,17.458227157592773,0,8.942214012145996,130.10084533691406,0.029999999329447746,19.61750030517578,0.2809999883174896
1787958000000,2026-08-28 23:00:00,,,,,,,,,,,,,19.017499923706055,90.0,1012.5,17.339183807373047,2.799999952316284,3.5999999046325684,126.86998748779297,0.019999999552965164,19.417499542236328,0.28299999237060547
1787961600000,2026-08-29 00:00:00,,,,,,,,,,,,,17.317501068115234,85.0,1013.2999877929688,14.770858764648438,2,7.386581897735596,136.9749298095703,0.07999999821186066,18.817501068115234,0.2630000114440918
1787964450540,2026-08-29 00:47:30,,,,18.37,17.46,17.43,,,,100.0,-122.0,-4.75,,,,,,,,,,
1787964457561,2026-08-29 00:47:37,38.82,26.18,25.44,,,,335.4,299.37,277.27,100.0,-118.0,-2.0,,,,,,,,,,
1787965200000,2026-08-29 01:00:00,,,,,,,,,,,,,17.067501068115234,85.0,1013.2000122070312,14.525721549987793,0.699999988079071,4.896529674530029,126.0274658203125,0.03999999910593033,18.317501068115234,0.2809999883174896
1787968800000,2026-08-29 02:00:00,,,,,,,,,,,,,17.11750030517578,84.0,1013.0,14.391526222229004,0,4.452953815460205,75.96372985839844,0.05000000447034836,17.967500686645508,0.2879999876022339
1787972400000,2026-08-29 03:00:00,,,,,,,,,,,,,17.717500686645508,80.0,1013.2000122070312,14.222949028015137,0,5.399999618530273,233.13002014160156,0.009999999776482582,17.717500686645508,0.289000004529953
1787976000000,2026-08-29 04:00:00,,,,,,,,,,,,,16.917499542236328,83.0,1013.4000244140625,14.01082706451416,0,6.839999675750732,270.0,0.03999999910593033,17.517499923706055,0.2879999876022339
1787979600000,2026-08-29 05:00:00,,,,,,,,,,,,,16.61750030517578,86.0,1013.7999877929688,14.265108108520508,0,3.976329803466797,275.1943359375,0.029999999329447746,17.217500686645508,0.28700000047683716
1787983200000,2026-08-29 06:00:00,,,,,,,,,,,,,17.167499542236328,85.0,1014.4000244140625,14.623773574829102,0,6.92473840713501,242.1028289794922,0.07000000774860382,17.267499923706055,0.2849999964237213
1787986800000,2026-08-29 07:00:00,,,,,,,,,,,,,18.217500686645508,80.0,1014.7000122070312,14.709623336791992,0,11.090103149414062,256.865966796875,0.20000001788139343,17.667499542236328,0.28299999237060547
1787990400000,2026-08-29 08:00:00,,,,,,,,,,,,,18.967500686645508,74.0,1015.0,14.229305267333984,0,14.417987823486328,267.1376647949219,0.3400000035762787,18.11750030517578,0.2809999883174896
1787993250128,2026-08-29 08:47:30,38.75,26.24,25.48,,,,335.25,299.43,277.3,100.0,-118.0,-1.25,,,,,,,,,,
1787994000000,2026-08-29 09:00:00,,,,,,,,,,,,,20.267499923706055,66.0,1015.0999755859375,13.709769248962402,0,15.484185218811035,271.3321838378906,0.4700000584125519,18.61750030517578,0.27799999713897705
1787997600000,2026-08-29 10:00:00,,,,,,,,,,,,,21.567501068115234,56.0,1014.9000244140625,12.417807579040527,0,15.226763725280762,263.21112060546875,0.49000003933906555,19.167499542236328,0.2759999930858612
