timestamp,datetime,DEVICE|DEV__ENERGY__VCAP,DEVICE|DEV__RF__RSSI,DEVICE|DEV__RF__SINR,MTB|ENV__ATMO__T,MTB|ENV__ATMO__RH,MTB|ENV__ATMO__P,MTB|ENV__ATMO__DEWPOINT,MTB|ENV__ATMO__RAIN__DELTA,MTB|ENV__ATMO__WIND__SPEED,MTB|ENV__ATMO__WIND__DIRECTION,MTB|ENV__SOIL__ET,MTB|ENV__SOIL__T,MTB|ENV__SOIL__VWC,-10|ENV__SOIL__VWC,-30|ENV__SOIL__VWC,-45|ENV__SOIL__VWC,-10|ENV__SOIL__T,-30|ENV__SOIL__T,-45|ENV__SOIL__T,-10|ENV__SOIL__CAPACITANCE__ABSOLUTE,-30|ENV__SOIL__CAPACITANCE__ABSOLUTE,-45|ENV__SOIL__CAPACITANCE__ABSOLUTE
1775640035354,2026-04-08 09:20:35,,-119.0,-10.0,,,,,,,,,,,,,,,,,,,
1775640067730,2026-04-08 09:21:07,100.0,-111.0,-3.5,,,,,,,,,,,,,,,,,,,
1775668844581,2026-04-08 17:20:44,100.0,-135.0,-16.2,,,,,,,,,,,,,,,,,,,
1775668853556,2026-04-08 17:20:53,100.0,-137.0,-17.0,,,,,,,,,,,,,,,,,,,
1775683248477,2026-04-08 21:20:48,100.0,-118.0,-9.5,,,,,,,,,,,,,,,,,,,
1775697637331,2026-04-09 01:20:37,100.0,-109.0,-2.5,,,,,,,,,,,,,,,,,,,
1775697646387,2026-04-09 01:20:46,100.0,-108.0,-2.2,,,,,,,,,,,,,,,,,,,
1775712033805,2026-04-09 05:20:33,100.0,-118.0,-7.0,,,,,,,,,,,,,,,,,,,
1775712040320,2026-04-09 05:20:40,100.0,-118.0,-6.8,,,,,,,,,,,,,,,,,,,
1775779200000,2026-04-10 00:00:00,,,,2.506500005722046,59.0,1019.4000244140624,-4.702112674713135,0.0,7.491114139556885,125.21768188476562,0.0,5.606499671936035,0.2630000114440918,,,,,,,,,
1775782800000,2026-04-10 01:00:00,,,,2.506500005722046,56.0,1019.4000244140624,-5.392148494720459,0.0,8.089993476867676,122.27561950683594,0.0,5.256499767303467,0.2630000114440918,,,,,,,,,
1775786400000,2026-04-10 02:00:00,,,,2.256500005722046,54.0,1018.7999877929688,-6.103909969329834,0.0,9.0,126.86998748779295,0.0,5.006499767303467,0.2630000114440918,,,,,,,,,
1775790000000,2026-04-10 03:00:00,,,,2.1064999103546143,54.0,1017.7000122070312,-6.243862628936768,0.0,10.086426734924316,124.8245620727539,0.0,4.80649995803833,0.2630000114440918,,,,,,,,,
1775793600000,2026-04-10 04:00:00,,,,2.156500101089477,55.0,1017.5999755859376,-5.9566802978515625,0.0,9.686609268188477,131.9871368408203,0.0,4.706499576568604,0.2630000114440918,,,,,,,,,
1775797200000,2026-04-10 05:00:00,,,,2.30649995803833,55.0,1017.2000122070312,-5.816445827484131,0.0,9.931041717529297,133.53126525878906,0.0,4.656499862670898,0.2630000114440918,,,,,,,,,
1775800800000,2026-04-10 06:00:00,,,,2.7065000534057617,54.0,1017.0999755859376,-5.68408727645874,0.0,9.957107543945312,139.39878845214844,0.0,4.856499671936035,0.2630000114440918,,,,,,,,,
1775804400000,2026-04-10 07:00:00,,,,3.8564999103546143,50.0,1017.2000122070312,-5.628456592559815,0.0,7.787990570068359,123.69010162353516,0.0,5.156499862670898,0.2630000114440918,,,,,,,,,
1775808000000,2026-04-10 08:00:00,,,,4.356499671936035,49.0,1017.7999877929688,-5.432740211486816,0.0,8.496304512023926,126.38444519042967,0.0,5.756499767303467,0.2630000114440918,,,,,,,,,
1775811600000,2026-04-10 09:00:00,,,,4.656499862670898,57.0,1017.5999755859376,-3.1412482261657715,0.2000000029802322,9.885261535644531,123.1113510131836,0.0,6.206499576568604,0.2630000114440918,,,,,,,,,
1775815200000,2026-04-10 10:00:00,,,,4.30649995803833,73.0,1017.7000122070312,-0.1081360578536987,0.4000000059604645,9.585739135742188,124.28693389892578,0.0,6.506499767303467,0.2630000114440918,,,,,,,,,
1775818800000,2026-04-10 11:00:00,,,,4.356499671936035,80.0,1017.7000122070312,1.2087277173995972,0.4000000059604645,9.693296432495115,121.3286361694336,0.0,6.756499767303467,0.2630000114440918,,,,,,,,,
1775822400000,2026-04-10 12:00:00,,,,4.206499576568604,82.0,1018.2000122070312,1.4064853191375732,0.2000000029802322,8.854828834533691,116.5649871826172,0.0,6.606499671936035,0.2630000114440918,,,,,,,,,
1775826000000,2026-04-10 13:00:00,,,,4.80649995803833,79.0,1017.9000244140624,1.471651315689087,0.1000000014901161,8.287821769714355,124.38040161132812,0.0,6.906499862670898,0.2639999985694885,,,,,,,,,
1775829600000,2026-04-10 14:00:00,,,,5.156499862670898,78.0,1017.7999877929688,1.634123921394348,0.0,5.804825305938721,119.74478912353516,0.0,7.156499862670898,0.2649999856948852,,,,,,,,,
1775833200000,2026-04-10 15:00:00,,,,5.30649995803833,79.0,1017.9000244140624,1.95827317237854,0.0,3.7064266204833984,119.05451202392578,0.0,7.106499671936035,0.2649999856948852,,,,,,,,,
1775836800000,2026-04-10 16:00:00,,,,5.406499862670898,81.0,1018.5,2.406708240509033,0.0,0.5091168880462646,315.0000915527344,0.0,6.956499576568604,0.2660000026226043,,,,,,,,,
1775840400000,2026-04-10 17:00:00,,,,5.656499862670898,81.0,1019.2000122070312,2.650704860687256,0.0,3.7064266204833984,330.94549560546875,0.0,6.756499767303467,0.2660000026226043,,,,,,,,,
1775844000000,2026-04-10 18:00:00,,,,5.55649995803833,84.0,1019.7000122070312,3.0662600994110107,0.0,0.5091168880462646,315.0000915527344,0.0,6.606499671936035,0.2669999897480011,,,,,,,,,
1775847600000,2026-04-10 19:00:00,,,,5.106499671936035,86.0,1020.0,2.957191705703736,0.0,1.4399999380111694,180.0,0.0,6.106499671936035,0.2669999897480011,,,,,,,,,
1775851200000,2026-04-10 20:00:00,,,,4.156499862670898,90.0,1020.0999755859376,2.6625943183898926,0.0,2.741678237915039,156.80137634277344,0.0,5.506499767303467,0.2669999897480011,,,,,,,,,
1775854800000,2026-04-10 21:00:00,,,,3.006500005722046,95.0,1020.0999755859376,2.283712863922119,0.0,2.099142551422119,149.03631591796875,0.0,4.906499862670898,0.2669999897480011,,,,,,,,,
1775858400000,2026-04-10 22:00:00,,,,1.756500005722046,98.0,1020.2999877929688,1.474199652671814,0.0,1.6099690198898315,153.4350128173828,0.0,4.256499767303467,0.2669999897480011,,,,,,,,,
1775862000000,2026-04-10 23:00:00,,,,0.656499981880188,100.0,1020.2999877929688,0.656499981880188,0.0,0.7199999690055847,180.0,0.0,3.6565001010894775,0.2680000066757202,,,,,,,,,
1775865600000,2026-04-11 00:00:00,,,,1.856500029563904,92.0,1020.2000122070312,0.6946152448654175,0.0,1.2979984283447266,146.30990600585938,0.0,3.6064999103546143,0.2669999897480011,,,,,,,,,
1775869200000,2026-04-11 01:00:00,,,,1.506500005722046,98.0,1020.0999755859376,1.2247754335403442,0.0,2.620839357376098,105.94546508789062,0.0,3.30649995803833,0.2669999897480011,,,,,,,,,
1775872800000,2026-04-11 02:00:00,,,,1.156499981880188,96.0,1020.2000122070312,0.5895341634750366,0.0,3.89399528503418,123.69010162353516,0.0,3.05649995803833,0.2669999897480011,,,,,,,,,
1775876400000,2026-04-11 03:00:00,,,,1.3565000295639038,96.0,1020.0999755859376,0.7886061072349548,0.0,3.89399528503418,123.69010162353516,0.0,3.006500005722046,0.2680000066757202,,,,,,,,,
1775880000000,2026-04-11 04:00:00,,,,1.2065000534057615,97.0,1020.2000122070312,0.7830381393432617,0.0,2.811689853668213,140.19447326660156,0.0,2.8564999103546143,0.2680000066757202,,,,,,,,,
1775883600000,2026-04-11 05:00:00,,,,0.8065000176429749,99.0,1020.4000244140624,0.6670694947242737,0.0,3.89399528503418,146.30990600585938,0.0,2.756500005722046,0.2680000066757202,,,,,,,,,
1775887200000,2026-04-11 06:00:00,,,,0.8065000176429749,99.0,1020.5999755859376,0.6670694947242737,0.0,4.33497428894043,131.63345336914062,0.0,3.1064999103546143,0.2680000066757202,,,,,,,,,
1775890800000,2026-04-11 07:00:00,,,,1.906499981880188,92.0,1020.9000244140624,0.7441418170928955,0.0,4.394360065460205,145.00790405273438,0.0,3.8564999103546143,0.2680000066757202,,,,,,,,,
1775894400000,2026-04-11 08:00:00,,,,4.406499862670898,80.0,1020.5999755859376,1.2574633359909058,0.0,4.198285102844238,120.96369171142578,0.0,5.406499862670898,0.2680000066757202,,,,,,,,,
1775898000000,2026-04-11 09:00:00,,,,7.356499671936035,69.0,1020.0999755859376,2.040576934814453,0.0,5.116561412811279,129.2893829345703,0.0,7.756499767303467,0.2680000066757202,,,,,,,,,
1775901600000,2026-04-11 10:00:00,,,,10.006500244140623,53.0,1019.0999755859376,0.8591713309288025,0.0,7.903619289398193,120.06849670410156,0.0,10.206500053405762,0.2680000066757202,,,,,,,,,
1775905200000,2026-04-11 11:00:00,,,,11.606500625610352,44.0,1018.4000244140624,-0.2431807368993759,0.0,9.199390411376951,120.5791473388672,0.0,12.206500053405762,0.2669999897480011,,,,,,,,,
1775908800000,2026-04-11 12:00:00,,,,12.756500244140623,40.0,1017.5999755859376,-0.5137678980827332,0.0,10.308830261230469,114.77511596679688,0.0,13.706500053405762,0.2669999897480011,,,,,,,,,
1775912400000,2026-04-11 13:00:00,,,,13.456500053405762,37.0,1017.0999755859376,-0.9559342265129088,0.0,10.805997848510742,119.98155212402344,0.0,14.656499862670898,0.2660000026226043,,,,,,,,,
1775916000000,2026-04-11 14:00:00,,,,13.906499862670898,36.0,1016.4000244140624,-0.9306350350379944,0.0,11.119280815124512,119.05451202392578,0.0,15.056500434875488,0.2649999856948852,,,,,,,,,
1775919600000,2026-04-11 15:00:00,,,,13.956500053405762,40.0,1016.0,0.5646913051605225,0.0,10.703569412231444,137.72637939453125,0.0,14.906499862670898,0.2639999985694885,,,,,,,,,
1775923200000,2026-04-11 16:00:00,,,,13.656499862670898,39.0,1016.0999755859376,-0.0543413162231445,0.0,10.805997848510742,150.01844787597656,0.0,14.306500434875488,0.2630000114440918,,,,,,,,,
1775926800000,2026-04-11 17:00:00,,,,12.706500053405762,44.0,1016.2000122070312,0.7566251754760742,0.0,11.119280815124512,150.94549560546875,0.0,13.206500053405762,0.2630000114440918,,,,,,,,,
1775930400000,2026-04-11 18:00:00,,,,11.306500434875488,49.0,1016.5999755859376,0.971014678478241,0.0,8.854828834533691,153.4350128173828,0.0,11.806500434875488,0.2630000114440918,,,,,,,,,
1775934000000,2026-04-11 19:00:00,,,,9.656499862670898,57.0,1016.7000122070312,1.5459187030792236,0.0,7.145795822143555,130.91429138183594,0.0,10.506500244140623,0.2619999945163727,,,,,,,,,
1775937600000,2026-04-11 20:00:00,,,,8.306500434875488,59.0,1016.4000244140624,0.7585530281066895,0.0,7.289444923400879,122.90524291992188,0.0,9.456500053405762,0.2619999945163727,,,,,,,,,
1775941200000,2026-04-11 21:00:00,,,,7.406499862670898,59.0,1016.7000122070312,-0.0882953628897667,0.0,6.489992141723633,123.69010162353516,0.0,8.606500625610352,0.2619999945163727,,,,,,,,,
1775944800000,2026-04-11 22:00:00,,,,7.006499767303467,57.0,1016.0999755859376,-0.9375383257865906,0.0,8.161764144897461,131.42356872558594,0.0,7.906499862670898,0.2619999945163727,,,,,,,,,
1775948400000,2026-04-11 23:00:00,,,,6.756499767303467,55.0,1016.0999755859376,-1.6587265729904177,0.0,7.65370512008667,138.81417846679688,0.0,7.4564995765686035,0.2619999945163727,,,,,,,,,
1775952000000,2026-04-12 00:00:00,,,,7.156499862670898,51.0,1015.2000122070312,-2.311100959777832,0.0,9.0,126.86998748779295,0.0,7.656499862670898,0.2660000026226043,,,,,,,,,
1775955600000,2026-04-12 01:00:00,,,,6.906499862670898,48.0,1015.0,-3.3583545684814453,0.0,10.18869972229004,122.0053482055664,0.0,7.30649995803833,0.2660000026226043,,,,,,,,,
1775959200000,2026-04-12 02:00:00,,,,6.606499671936035,48.0,1014.5,-3.634233236312866,0.0,12.031756401062012,128.92755126953125,0.0,7.106499671936035,0.2660000026226043,,,,,,,,,
1775962800000,2026-04-12 03:00:00,,,,6.506499767303467,49.0,1014.5999755859376,-3.450202465057373,0.0,11.808877944946287,127.56866455078124,0.0,7.006499767303467,0.2660000026226043,,,,,,,,,
1775966400000,2026-04-12 04:00:00,,,,6.706499576568604,48.0,1014.5999755859376,-3.54227066040039,0.0,12.599998474121094,126.86998748779295,0.0,7.006499767303467,0.2660000026226043,,,,,,,,,
1775970000000,2026-04-12 05:00:00,,,,6.906499862670898,47.0,1015.2999877929688,-3.640370130538941,0.0,10.464797019958496,130.8149871826172,0.0,7.106499671936035,0.2660000026226043,,,,,,,,,
1775973600000,2026-04-12 06:00:00,,,,7.406499862670898,44.0,1016.0,-4.064324378967285,0.0,7.386581897735596,136.9749298095703,0.0,7.30649995803833,0.2649999856948852,,,,,,,,,
1775977200000,2026-04-12 07:00:00,,,,8.356500625610352,42.0,1016.2000122070312,-3.822591543197632,0.0,7.421589851379394,129.09385681152344,0.0,7.906499862670898,0.2649999856948852,,,,,,,,,
1775980800000,2026-04-12 08:00:00,,,,9.556500434875488,41.0,1016.2999877929688,-3.0607097148895264,0.0,6.696386814117432,126.2539291381836,0.0,8.856500625610352,0.2649999856948852,,,,,,,,,
1775984400000,2026-04-12 09:00:00,,,,10.906499862670898,39.0,1016.4000244140624,-2.519826889038086,0.0,4.6102495193481445,128.6598358154297,0.0,10.006500244140623,0.2649999856948852,,,,,,,,,
1775988000000,2026-04-12 10:00:00,,,,11.756500244140623,38.0,1016.5,-2.109977960586548,0.0,3.2599384784698486,96.34009552001952,0.0,11.306500434875488,0.2649999856948852,,,,,,,,,
1775991600000,2026-04-12 11:00:00,,,,12.506500244140623,39.0,1016.4000244140624,-1.085019588470459,0.0,2.1600000858306885,360.0,0.0,12.156499862670898,0.2639999985694885,,,,,,,,,
1775995200000,2026-04-12 12:00:00,,,,12.656499862670898,48.0,1016.7000122070312,1.924069166183472,0.0,4.6102495193481445,321.3401794433594,0.0,12.956500053405762,0.2639999985694885,,,,,,,,,
1775998800000,2026-04-12 13:00:00,,,,12.306500434875488,52.0,1016.7000122070312,2.726306438446045,0.0,5.091168403625488,315.0000915527344,0.0,13.006500244140623,0.2639999985694885,,,,,,,,,
1776002400000,2026-04-12 14:00:00,,,,11.406499862670898,76.0,1016.7999877929688,7.325131416320801,0.0,9.0,306.8699645996094,0.0,12.756500244140623,0.2630000114440918,,,,,,,,,
1776006000000,2026-04-12 15:00:00,,,,10.906499862670898,79.0,1016.5999755859376,7.406635761260986,0.0,8.66994857788086,311.6334533691406,0.0,12.406499862670898,0.2630000114440918,,,,,,,,,
1776009600000,2026-04-12 16:00:00,,,,10.456500053405762,79.0,1016.5,6.968942642211914,0.0,7.421589851379394,320.9061279296875,0.0,11.906499862670898,0.2630000114440918,,,,,,,,,
1776013200000,2026-04-12 17:00:00,,,,10.056500434875488,81.0,1016.7999877929688,6.944071292877197,0.0,5.692099094390869,325.3047790527344,0.0,11.306500434875488,0.2630000114440918,,,,,,,,,
1776016800000,2026-04-12 18:00:00,,,,9.606500625610352,85.0,1017.0,7.207774639129639,0.3000000119209289,4.0249223709106445,333.4350280761719,0.0,10.706500053405762,0.2630000114440918,,,,,,,,,
1776020400000,2026-04-12 19:00:00,,,,9.306500434875488,89.0,1017.2000122070312,7.585946083068848,0.2000000029802322,3.415259599685669,341.56494140625,0.0,10.206500053405762,0.2630000114440918,,,,,,,,,
1776024000000,2026-04-12 20:00:00,,,,8.956500053405762,92.0,1016.9000244140624,7.726437091827393,0.4000000059604645,2.9024126529693604,7.124929904937744,0.0,9.856500625610352,0.2630000114440918,,,,,,,,,
1776027600000,2026-04-12 21:00:00,,,,8.706500053405762,93.0,1017.0,7.637363910675049,0.1000000014901161,1.8356469869613647,11.309895515441896,0.0,9.556500434875488,0.2639999985694885,,,,,,,,,
1776031200000,2026-04-12 22:00:00,,,,8.656499862670898,93.0,1016.7000122070312,7.587788581848144,0.0,0.3599999845027923,270.0,0.0,9.356500625610352,0.2639999985694885,,,,,,,,,
1776034800000,2026-04-12 23:00:00,,,,8.506500244140625,93.0,1016.0999755859376,7.439059257507324,0.0,1.1384198665618896,341.56494140625,0.0,9.156499862670898,0.2649999856948852,,,,,,,,,
1776038400000,2026-04-13 00:00:00,,,,7.506499767303467,93.0,1016.0,6.447510719299316,0.5,1.2979984283447266,303.6900939941406,0.0,8.206500053405762,0.2770000100135803,,,,,,,,,
1776042000000,2026-04-13 01:00:00,,,,7.55649995803833,93.0,1015.5,6.497089862823486,0.0,1.7999999523162842,90.0,0.0,8.106500625610352,0.2800000011920929,,,,,,,,,
1776045600000,2026-04-13 02:00:00,,,,7.656499862670898,92.0,1014.9000244140624,6.439066410064697,0.0,0.7199999690055847,90.0,0.0,8.106500625610352,0.2809999883174896,,,,,,,,,
1776049200000,2026-04-13 03:00:00,,,,7.80649995803833,91.0,1015.0999755859376,6.428726673126221,0.0,2.620839357376098,105.94546508789062,0.0,8.056500434875488,0.2820000052452087,,,,,,,,,
1776052800000,2026-04-13 04:00:00,,,,7.9564995765686035,89.0,1014.7000122070312,6.254242897033691,0.0,2.4149534702301025,116.5649871826172,0.0,8.056500434875488,0.2829999923706054,,,,,,,,,
1776056400000,2026-04-13 05:00:00,,,,7.906499862670898,89.0,1014.4000244140624,6.204919338226318,0.0,2.4149534702301025,116.5649871826172,0.0,8.006500244140625,0.2829999923706054,,,,,,,,,
1776060000000,2026-04-13 06:00:00,,,,8.656499862670898,84.0,1014.2000122070312,6.104085445404053,0.0,1.1384198665618896,198.4350433349609,0.0,8.206500053405762,0.2829999923706054,,,,,,,,,
1776063600000,2026-04-13 07:00:00,,,,10.556500434875488,66.0,1013.9000244140624,4.467967033386231,0.0,7.5170207023620605,106.69932556152344,0.0,9.106500625610352,0.2829999923706054,,,,,,,,,
1776067200000,2026-04-13 08:00:00,,,,11.806500434875488,57.0,1013.7000122070312,3.5595695972442627,0.0,13.52757167816162,115.20108795166016,0.0,10.206500053405762,0.2829999923706054,,,,,,,,,
1776070800000,2026-04-13 09:00:00,,,,12.956500053405762,51.0,1013.4000244140624,3.053546905517578,0.0,14.578889846801758,122.90524291992188,0.0,11.556500434875488,0.2820000052452087,,,,,,,,,
1776074400000,2026-04-13 10:00:00,,,,14.356500625610352,44.0,1013.0,2.255582571029663,0.0,17.057313919067383,135.85501098632812,0.0,12.956500053405762,0.2820000052452087,,,,,,,,,
1776078000000,2026-04-13 11:00:00,,,,14.606500625610352,43.0,1012.7000122070312,2.159521102905273,0.0,16.363178253173828,129.64413452148438,0.0,13.756500244140623,0.2809999883174896,,,,,,,,,
1776081600000,2026-04-13 12:00:00,,,,14.606500625610352,42.0,1012.5999755859376,1.8296988010406487,0.0,15.62997055053711,128.4537353515625,0.0,14.256500244140623,0.2800000011920929,,,,,,,,,
1776085200000,2026-04-13 13:00:00,,,,15.256500244140623,41.0,1012.2999877929688,2.078287363052368,0.0,16.119800567626953,119.4273681640625,0.0,14.506500244140623,0.2790000140666961,,,,,,,,,
1776088800000,2026-04-13 14:00:00,,,,15.256500244140623,40.0,1012.0999755859376,1.732429265975952,0.0,13.5706148147583,111.80147552490234,0.0,14.656499862670898,0.277999997138977,,,,,,,,,
1776092400000,2026-04-13 15:00:00,,,,15.656499862670898,40.0,1011.5999755859376,2.091608762741089,0.0,10.80599880218506,91.90911865234376,0.0,14.456500053405762,0.2770000100135803,,,,,,,,,
1776096000000,2026-04-13 16:00:00,,,,14.756500244140623,51.0,1011.2999877929688,4.716526031494141,0.0,11.04326057434082,70.97430419921875,0.0,14.006500244140623,0.2759999930858612,,,,,,,,,
1776099600000,2026-04-13 17:00:00,,,,14.356500625610352,57.0,1011.0999755859376,5.946430683135986,0.0,11.367109298706056,79.04598236083984,0.0,13.606500625610352,0.2750000059604645,,,,,,,,,
1776103200000,2026-04-13 18:00:00,,,,13.356500625610352,57.0,1011.2999877929688,5.010591506958008,0.0,8.049844741821289,79.6952133178711,0.0,12.906499862670898,0.2750000059604645,,,,,,,,,
1776106800000,2026-04-13 19:00:00,,,,12.006500244140623,65.0,1011.7999877929688,5.628396987915039,0.0,5.937272071838379,75.96372985839844,0.0,12.106500625610352,0.2750000059604645,,,,,,,,,
1776110400000,2026-04-13 20:00:00,,,,11.656499862670898,60.0,1011.9000244140624,4.148622512817383,0.0,3.5999999046325684,90.0,0.0,11.306500434875488,0.2739999890327453,,,,,,,,,
1776114000000,2026-04-13 21:00:00,,,,11.706500053405762,49.0,1011.7000122070312,1.339142680168152,0.0,4.802999019622803,102.99462127685548,0.0,10.856500625610352,0.2739999890327453,,,,,,,,,
1776117600000,2026-04-13 22:00:00,,,,11.606500625610352,46.0,1011.7000122070312,0.3701063096523285,0.0,5.86037540435791,132.51040649414062,0.0,10.506500244140623,0.2739999890327453,,,,,,,,,
1776121200000,2026-04-13 23:00:00,,,,11.206500053405762,50.0,1011.9000244140624,1.1599012613296509,0.0,5.001279830932617,149.74365234375,0.0,10.256500244140623,0.2739999890327453,,,,,,,,,
1776124800000,2026-04-14 00:00:00,,,,10.656499862670898,56.0,1012.5,2.2338099479675293,0.0,5.091168403625488,135.00010681152344,0.0,10.456500053405762,0.2820000052452087,,,,,,,,,
1776128400000,2026-04-14 01:00:00,,,,10.356500625610352,64.0,1012.7000122070312,3.838837146759033,0.4000000059604645,5.014219284057617,111.03758239746094,0.0,10.206500053405762,0.2820000052452087,,,,,,,,,
1776132000000,2026-04-14 02:00:00,,,,10.156499862670898,66.0,1013.2000122070312,4.086929798126221,0.0,3.563817977905273,135.00010681152344,0.0,9.906499862670898,0.2820000052452087,,,,,,,,,
1776135600000,2026-04-14 03:00:00,,,,9.656499862670898,71.0,1013.4000244140624,4.652091026306152,0.0,2.9024126529693604,187.1249237060547,0.0,9.606500625610352,0.2820000052452087,,,,,,,,,
1776139200000,2026-04-14 04:00:00,,,,9.206500053405762,75.0,1014.0,5.004456043243408,0.0,3.3190360069274902,167.47120666503906,0.0,9.306500434875488,0.2820000052452087,,,,,,,,,
1776142800000,2026-04-14 05:00:00,,,,8.806500434875488,80.0,1015.0,5.5452165603637695,0.0,1.4399999380111694,180.0,0.0,9.006500244140625,0.2820000052452087,,,,,,,,,
1776146400000,2026-04-14 06:00:00,,,,9.106500625610352,87.0,1015.7999877929688,7.056347370147705,0.0,0.8049845099449158,206.5649871826172,0.0,9.156499862670898,0.2820000052452087,,,,,,,,,
1776150000000,2026-04-14 07:00:00,,,,10.356500625610352,82.0,1016.5,7.416288375854492,0.0,0.5091168880462646,135.00010681152344,0.0,9.756500244140623,0.2820000052452087,,,,,,,,,
1776153600000,2026-04-14 08:00:00,,,,11.356500625610352,75.0,1016.9000244140624,7.083126544952393,0.0,5.771238803863525,273.5762634277344,0.0,10.606500625610352,0.2820000052452087,,,,,,,,,
1776157200000,2026-04-14 09:00:00,,,,11.356500625610352,76.0,1017.7000122070312,7.276722431182861,0.0,7.968938827514648,288.4350280761719,0.0,11.356500625610352,0.2809999883174896,,,,,,,,,
1776160800000,2026-04-14 10:00:00,,,,11.856500625610352,73.0,1018.0999755859376,7.17080020904541,0.0,7.754636764526367,291.8014831542969,0.0,12.106500625610352,0.2809999883174896,,,,,,,,,
1776164400000,2026-04-14 11:00:00,,,,11.806500434875488,77.0,1018.7000122070312,7.904417514801025,0.1000000014901161,7.903619289398193,300.0684814453125,0.0,12.556500434875488,0.2809999883174896,,,,,,,,,
1776168000000,2026-04-14 12:00:00,,,,11.906499862670898,79.0,1019.0999755859376,8.379210472106934,0.3000000119209289,8.396570205688477,300.96368408203125,0.0,12.456500053405762,0.2809999883174896,,,,,,,,,
1776171600000,2026-04-14 13:00:00,,,,11.806500434875488,81.0,1019.5,8.651148796081543,0.2000000029802322,9.885261535644531,303.1113586425781,0.0,12.456500053405762,0.2809999883174896,,,,,,,,,
1776175200000,2026-04-14 14:00:00,,,,11.556500434875488,79.0,1020.0,8.038820266723633,0.0,7.754636764526367,291.8014831542969,0.0,12.156499862670898,0.2809999883174896,,,,,,,,,
1776178800000,2026-04-14 15:00:00,,,,11.056500434875488,81.0,1020.5999755859376,7.91957950592041,0.0,8.534353256225586,297.6458740234375,0.0,11.756500244140623,0.2809999883174896,,,,,,,,,
1776182400000,2026-04-14 16:00:00,,,,10.756500244140623,82.0,1021.2000122070312,7.807051658630371,0.0,8.854828834533691,296.5649719238281,0.0,11.406499862670898,0.2809999883174896,,,,,,,,,
1776186000000,2026-04-14 17:00:00,,,,10.406499862670898,83.0,1021.5999755859376,7.642833709716797,0.0,8.707237243652344,299.7447814941406,0.0,11.006500244140623,0.2809999883174896,,,,,,,,,
1776189600000,2026-04-14 18:00:00,,,,10.106500625610352,83.0,1022.2999877929688,7.349335670471191,0.0,6.608721733093262,299.357666015625,0.0,10.656499862670898,0.2809999883174896,,,,,,,,,
1776193200000,2026-04-14 19:00:00,,,,9.906499862670898,84.0,1023.0999755859376,7.328800678253174,0.0,5.495161056518555,301.6074523925781,0.0,10.406499862670898,0.2809999883174896,,,,,,,,,
1776196800000,2026-04-14 20:00:00,,,,9.756500244140623,85.0,1023.5999755859376,7.354938507080078,0.0,4.680000305175781,292.6199035644531,0.0,10.206500053405762,0.2809999883174896,,,,,,,,,
1776200400000,2026-04-14 21:00:00,,,,9.606500625610352,86.0,1023.7000122070312,7.378881931304932,0.0,3.545588731765747,293.9624938964844,0.0,10.006500244140623,0.2809999883174896,,,,,,,,,
1776204000000,2026-04-14 22:00:00,,,,9.556500434875488,87.0,1023.9000244140624,7.499053478240967,0.0,3.075841426849365,290.5561218261719,0.0,9.906499862670898,0.2809999883174896,,,,,,,,,
1776207600000,2026-04-14 23:00:00,,,,9.456500053405762,88.0,1024.0,7.56812572479248,0.0,3.396233081817627,302.0053405761719,0.0,9.806500434875488,0.2809999883174896,,,,,,,,,
1776211200000,2026-04-15 00:00:00,,,,9.706500053405762,89.0,1024.0,7.980504989624023,0.0,3.826852560043335,311.1858215332031,0.0,10.006500244140623,0.2879999876022339,,,,,,,,,
1776214800000,2026-04-15 01:00:00,,,,9.456500053405762,90.0,1024.0,7.898049354553223,0.0,4.843304634094238,311.98712158203125,0.0,9.856500625610352,0.2879999876022339,,,,,,,,,
1776218400000,2026-04-15 02:00:00,,,,9.156499862670898,91.0,1024.0999755859375,7.763898372650146,0.0,5.351784706115723,317.72637939453125,0.0,9.706500053405762,0.2879999876022339,,,,,,,,,
1776222000000,2026-04-15 03:00:00,,,,8.756500244140625,91.0,1024.4000244140625,7.36829948425293,0.0,4.6102495193481445,321.3401794433594,0.0,9.556500434875488,0.2879999876022339,,,,,,,,,
1776225600000,2026-04-15 04:00:00,,,,8.206500053405762,92.0,1024.5999755859375,6.983730316162109,0.0,3.826852560043335,318.81414794921875,0.0,9.256500244140623,0.289000004529953,,,,,,,,,
1776229200000,2026-04-15 05:00:00,,,,7.55649995803833,94.0,1024.800048828125,6.652659893035889,0.0,2.9024126529693604,299.7447814941406,0.0,8.706500053405762,0.289000004529953,,,,,,,,,
1776232800000,2026-04-15 06:00:00,,,,8.006500244140625,90.0,1025.0999755859375,6.465843200683594,0.0,2.545584201812744,315.0000915527344,0.0,8.756500244140625,0.289000004529953,,,,,,,,,
1776236400000,2026-04-15 07:00:00,,,,8.956500053405762,81.0,1025.4000244140625,5.870901107788086,0.0,3.054701328277588,315.0000915527344,0.0,9.606500625610352,0.289000004529953,,,,,,,,,
1776240000000,2026-04-15 08:00:00,,,,10.206500053405762,75.0,1025.4000244140625,5.971353530883789,0.0,3.096837043762207,324.4622497558594,0.0,11.006500244140623,0.289000004529953,,,,,,,,,
1776243600000,2026-04-15 09:00:00,,,,11.756500244140623,64.0,1025.0999755859375,5.1675543785095215,0.0,0.8049845099449158,333.4350280761719,0.0,12.456500053405762,0.2879999876022339,,,,,,,,,
1776247200000,2026-04-15 10:00:00,,,,13.256500244140623,57.0,1024.300048828125,4.9169921875,0.0,0.8049845099449158,26.564985275268555,0.0,13.706500053405762,0.2879999876022339,,,,,,,,,
1776250800000,2026-04-15 11:00:00,,,,14.406499862670898,51.0,1023.5999755859376,4.393240451812744,0.0,1.4843180179595947,75.96372985839844,0.0,15.006500244140623,0.2870000004768371,,,,,,,,,
1776254400000,2026-04-15 12:00:00,,,,15.406499862670898,47.0,1023.0,4.146249771118164,0.0,1.4843180179595947,104.03627014160156,0.0,16.056499481201172,0.2860000133514404,,,,,,,,,
1776258000000,2026-04-15 13:00:00,,,,16.10650062561035,46.0,1022.4000244140624,4.478536128997803,0.0,2.620839357376098,105.94546508789062,0.0,16.806499481201172,0.2849999964237213,,,,,,,,,
1776261600000,2026-04-15 14:00:00,,,,16.60650062561035,45.0,1021.9000244140624,4.619522571563721,0.0,3.396233081817627,57.994659423828125,0.0,17.256500244140625,0.2840000092983246,,,,,,,,,
1776265200000,2026-04-15 15:00:00,,,,16.706501007080078,44.0,1021.5,4.388901710510254,0.0,5.86037540435791,10.619609832763672,0.0,17.306499481201172,0.2840000092983246,,,,,,,,,
1776268800000,2026-04-15 16:00:00,,,,16.1564998626709,43.0,1021.5,3.5629656314849854,0.0,6.479999542236328,360.0,0.0,16.556499481201172,0.2829999923706054,,,,,,,,,
1776272400000,2026-04-15 17:00:00,,,,15.406499862670898,44.0,1021.4000244140624,3.2089922428131104,0.0,5.399999618530273,360.0,0.0,15.506500244140623,0.2829999923706054,,,,,,,,,
1776276000000,2026-04-15 18:00:00,,,,14.356500625610352,53.0,1021.5999755859376,4.897852897644043,0.0,4.0249223709106445,333.4350280761719,0.0,14.356500625610352,0.2829999923706054,,,,,,,,,
1776279600000,2026-04-15 19:00:00,,,,13.406499862670898,63.0,1021.7000122070312,6.503907680511475,0.0,2.5199999809265137,360.0,0.0,13.506500244140623,0.2829999923706054,,,,,,,,,
1776283200000,2026-04-15 20:00:00,,,,12.656499862670898,67.0,1021.7000122070312,6.686683177947998,0.0,2.3051247596740723,308.6598205566406,0.0,12.906499862670898,0.2829999923706054,,,,,,,,,
1776286800000,2026-04-15 21:00:00,,,,11.756500244140623,73.0,1021.5999755859376,7.074441432952881,0.0,2.1600000858306885,360.0,0.0,12.456500053405762,0.2829999923706054,,,,,,,,,
1776290400000,2026-04-15 22:00:00,,,,11.756500244140623,67.0,1021.4000244140624,5.828146934509277,0.0,2.189794540405273,80.53775024414062,0.0,12.056500434875488,0.2829999923706054,,,,,,,,,
1776294000000,2026-04-15 23:00:00,,,,11.806500434875488,61.0,1021.2000122070312,4.526179313659668,0.0,0.5091168880462646,44.99989700317383,0.0,11.756500244140623,0.2840000092983246,,,,,,,,,
1776297600000,2026-04-16 00:00:00,,,,9.406499862670898,82.0,1021.2000122070312,6.488165378570557,0.0,1.7999999523162842,53.13002014160156,0.0,10.506500244140623,0.2840000092983246,,,,,,,,,
1776301200000,2026-04-16 01:00:00,,,,9.506500244140623,85.0,1020.5,7.109663963317871,0.0,3.075841426849365,110.5561294555664,0.0,10.306500434875488,0.2849999964237213,,,,,,,,,
1776304800000,2026-04-16 02:00:00,,,,9.656499862670898,83.0,1020.7000122070312,6.909076690673828,0.0,1.7999999523162842,143.13002014160156,0.0,10.106500625610352,0.2849999964237213,,,,,,,,,
1776308400000,2026-04-16 03:00:00,,,,9.356500625610352,88.0,1020.5999755859376,7.469616413116455,0.0,2.099142551422119,120.96369171142578,0.0,9.906499862670898,0.2849999964237213,,,,,,,,,
1776312000000,2026-04-16 04:00:00,,,,9.106500625610352,89.0,1020.7999877929688,7.388663291931152,0.0,3.219938039779663,116.5649871826172,0.0,9.706500053405762,0.2849999964237213,,,,,,,,,
1776315600000,2026-04-16 05:00:00,,,,9.406499862670898,88.0,1020.7999877929688,7.518871784210205,0.0,3.415259599685669,108.43504333496094,0.0,9.656499862670898,0.2849999964237213,,,,,,,,,
1776319200000,2026-04-16 06:00:00,,,,10.706500053405762,83.0,1020.7999877929688,7.93632173538208,0.0,1.8356469869613647,78.69010162353516,0.0099999997764825,10.106500625610352,0.2849999964237213,,,,,,,,,
1776322800000,2026-04-16 07:00:00,,,,12.306500434875488,76.0,1021.0,8.196440696716309,0.0,1.4843180179595947,345.9637145996094,0.0299999993294477,11.056500434875488,0.2849999964237213,,,,,,,,,
1776326400000,2026-04-16 08:00:00,,,,13.556500434875488,72.0,1021.0,8.604597091674805,0.0,1.4843180179595947,345.9637145996094,0.0500000044703483,12.056500434875488,0.2849999964237213,,,,,,,,,
1776330000000,2026-04-16 09:00:00,,,,15.556500434875488,67.0,1021.0,9.45211696624756,0.0,2.741678237915039,336.8013916015625,0.1000000089406967,13.806500434875488,0.2840000092983246,,,,,,,,,
1776333600000,2026-04-16 10:00:00,,,,17.35650062561035,55.0,1020.7000122070312,8.224984169006348,0.0,8.714676856994629,308.2901916503906,0.1599999964237213,15.806500434875488,0.2840000092983246,,,,,,,,,
1776337200000,2026-04-16 11:00:00,,,,17.956501007080078,51.0,1020.9000244140624,7.670703887939453,0.0,9.79305934906006,306.0274658203125,0.1899999976158142,17.10650062561035,0.2829999923706054,,,,,,,,,
1776340800000,2026-04-16 12:00:00,,,,18.20650100708008,46.0,1020.7000122070312,6.393612861633301,0.0,8.91318130493164,316.63653564453125,0.1899999976158142,17.756500244140625,0.2820000052452087,,,,,,,,,
1776344400000,2026-04-16 13:00:00,,,,18.85650062561035,42.0,1020.7000122070312,5.665493488311768,0.0,10.29625129699707,323.5306701660156,0.2100000232458114,18.30649948120117,0.2809999883174896,,,,,,,,,
1776348000000,2026-04-16 14:00:00,,,,18.6564998626709,38.0,1020.5,4.050357818603516,0.0,11.480557441711426,318.8141784667969,0.1899999976158142,18.20650100708008,0.2800000011920929,,,,,,,,,
1776351600000,2026-04-16 15:00:00,,,,18.756500244140625,44.0,1020.5999755859376,6.248383522033691,0.0,11.592893600463867,306.15826416015625,0.1700000017881393,17.956501007080078,0.2790000140666961,,,,,,,,,
1776355200000,2026-04-16 16:00:00,,,,18.55649948120117,41.0,1020.5999755859376,5.048212051391602,0.0,7.704335689544678,322.5945739746094,0.1500000059604644,17.6564998626709,0.277999997138977,,,,,,,,,
1776358800000,2026-04-16 17:00:00,,,,17.806499481201172,49.0,1020.9000244140624,6.947277545928955,0.0,5.937272071838379,345.9637145996094,0.0900000035762786,17.006500244140625,0.2770000100135803,,,,,,,,,
1776362400000,2026-04-16 18:00:00,,,,16.256500244140625,57.0,1021.2999877929688,7.723869800567627,0.0,2.545584201812744,351.8699951171875,0.0299999993294477,15.906499862670898,0.2770000100135803,,,,,,,,,
1776366000000,2026-04-16 19:00:00,,,,14.356500625610352,66.0,1021.7000122070312,8.086390495300293,0.0,1.1384198665618896,18.4350528717041,0.0,14.556500434875488,0.2770000100135803,,,,,,,,,
1776369600000,2026-04-16 20:00:00,,,,13.456500053405762,68.0,1022.0,7.666905403137207,0.0,1.6099690198898315,206.5649871826172,0.0,13.456500053405762,0.2770000100135803,,,,,,,,,
1776373200000,2026-04-16 21:00:00,,,,12.706500053405762,72.0,1022.4000244140624,7.78703498840332,0.1000000014901161,1.7999999523162842,180.0,0.0,12.906499862670898,0.2770000100135803,,,,,,,,,
1776376800000,2026-04-16 22:00:00,,,,11.906499862670898,78.0,1022.7000122070312,8.191363334655762,0.0,1.4843180179595947,165.96372985839844,0.0,12.406499862670898,0.2770000100135803,,,,,,,,,
1776380400000,2026-04-16 23:00:00,,,,11.456500053405762,82.0,1022.9000244140624,8.490854263305664,0.0,0.3599999845027923,180.0,0.0,12.056500434875488,0.2770000100135803,,,,,,,,,
1776384000000,2026-04-17 00:00:00,,,,12.356500625610352,76.0,1022.5999755859376,8.244844436645508,0.0,1.4843180179595947,284.0362548828125,0.0,12.406499862670898,0.2739999890327453,,,,,,,,,
1776387600000,2026-04-17 01:00:00,,,,11.806500434875488,78.0,1023.0,8.094254493713379,0.0,1.4843180179595947,255.96372985839844,0.0,11.956500053405762,0.2750000059604645,,,,,,,,,
1776391200000,2026-04-17 02:00:00,,,,10.906499862670898,82.0,1022.7999877929688,7.953585624694824,0.0,0.7199999690055847,360.0,0.0,11.356500625610352,0.2750000059604645,,,,,,,,,
1776394800000,2026-04-17 03:00:00,,,,10.256500244140623,85.0,1023.2000122070312,7.8454742431640625,0.0,0.7199999690055847,270.0,0.0,10.756500244140623,0.2750000059604645,,,,,,,,,
1776398400000,2026-04-17 04:00:00,,,,9.356500625610352,88.0,1023.2999877929688,7.469616413116455,0.0,0.8049845099449158,116.5649871826172,0.0,10.206500053405762,0.2750000059604645,,,,,,,,,
1776402000000,2026-04-17 05:00:00,,,,9.106500625610352,86.0,1023.7000122070312,6.887651443481445,0.0,1.6099690198898315,243.4350128173828,0.0,9.706500053405762,0.2759999930858612,,,,,,,,,
1776405600000,2026-04-17 06:00:00,,,,10.456500053405762,82.0,1023.9000244140624,7.513978481292725,0.0,1.1384198665618896,288.4350280761719,0.0,10.056500434875488,0.2759999930858612,,,,,,,,,
1776409200000,2026-04-17 07:00:00,,,,12.306500434875488,71.0,1023.7000122070312,7.197640419006348,0.0,3.096837043762207,305.5377502441406,0.0399999991059303,11.556500434875488,0.2759999930858612,,,,,,,,,
1776412800000,2026-04-17 08:00:00,,,,14.156499862670898,63.0,1023.5999755859376,7.2140212059021,0.0,5.495161056518555,301.6074523925781,0.0799999982118606,13.556500434875488,0.2759999930858612,,,,,,,,,
1776416400000,2026-04-17 09:00:00,,,,15.956500053405762,59.0,1023.5,7.949419021606445,0.0,6.6380720138549805,310.6012268066406,0.1099999994039535,15.656499862670898,0.2750000059604645,,,,,,,,,
1776420000000,2026-04-17 10:00:00,,,,17.706501007080078,46.0,1023.2000122070312,5.937768459320068,0.0,8.427383422851562,340.0168151855469,0.1500000059604644,17.60650062561035,0.2750000059604645,,,,,,,,,
1776423600000,2026-04-17 11:00:00,,,,18.756500244140625,36.0,1023.0999755859376,3.370729923248291,0.0,10.948972702026367,332.5924987792969,0.1899999976158142,19.10650062561035,0.2739999890327453,,,,,,,,,
1776427200000,2026-04-17 12:00:00,,,,18.95650100708008,36.0,1023.0,3.547907590866089,0.0,9.028754234313965,4.573840618133545,0.1899999976158142,19.80649948120117,0.2730000019073486,,,,,,,,,
1776430800000,2026-04-17 13:00:00,,,,19.20650100708008,35.0,1022.5999755859376,3.369396924972534,0.0,8.145870208740234,315.0000915527344,0.1500000059604644,19.506500244140625,0.2720000147819519,,,,,,,,,
1776434400000,2026-04-17 14:00:00,,,,19.4064998626709,35.0,1022.0,3.545959949493408,0.0,9.359999656677246,360.0,0.1599999964237213,19.80649948120117,0.2709999978542328,,,,,,,,,
1776438000000,2026-04-17 15:00:00,,,,19.10650062561035,38.0,1021.7000122070312,4.45149040222168,0.0,10.799999237060549,360.0,0.1500000059604644,19.85650062561035,0.2709999978542328,,,,,,,,,
1776441600000,2026-04-17 16:00:00,,,,18.85650062561035,34.0,1021.5,2.651195526123047,0.0,7.559999465942383,360.0,0.1299999952316284,19.35650062561035,0.270000010728836,,,,,,,,,
1776445200000,2026-04-17 17:00:00,,,,18.256500244140625,35.0,1021.5999755859376,2.530487298965454,0.0,7.2805495262146,8.530692100524902,0.0799999982118606,18.4064998626709,0.2689999938011169,,,,,,,,,
1776448800000,2026-04-17 18:00:00,,,,16.6564998626709,47.0,1022.0999755859376,5.28945779800415,0.0,3.976329803466797,5.194349765777588,0.0299999993294477,17.056499481201172,0.2689999938011169,,,,,,,,,
1776452400000,2026-04-17 19:00:00,,,,13.906499862670898,58.0,1022.5999755859376,5.776435375213623,0.0,3.396233081817627,57.994659423828125,0.0099999997764825,15.506500244140623,0.2689999938011169,,,,,,,,,
1776456000000,2026-04-17 20:00:00,,,,12.556500434875488,59.0,1022.9000244140624,4.755101680755615,0.0,1.1384198665618896,71.5649642944336,0.0099999997764825,14.106500625610352,0.2689999938011169,,,,,,,,,
1776459600000,2026-04-17 21:00:00,,,,12.206500053405762,60.0,1023.0999755859376,4.666641712188721,0.0,1.4399999380111694,90.0,0.0,13.056500434875488,0.2689999938011169,,,,,,,,,
1776463200000,2026-04-17 22:00:00,,,,11.306500434875488,64.0,1023.2999877929688,4.740508079528809,0.0,2.545584201812744,81.86998748779297,0.0,12.256500244140623,0.2689999938011169,,,,,,,,,
1776466800000,2026-04-17 23:00:00,,,,10.506500244140623,68.0,1023.5,4.847843170166016,0.0,3.096837043762207,125.53776550292967,0.0099999997764825,11.706500053405762,0.270000010728836,,,,,,,,,
1776470400000,2026-04-18 00:00:00,,,,8.506500244140625,85.0,1022.0,6.128518581390381,0.0,2.811689853668213,140.19447326660156,0.0099999997764825,10.356500625610352,0.2660000026226043,,,,,,,,,
1776474000000,2026-04-18 01:00:00,,,,8.106500625610352,83.0,1022.2000122070312,5.392496585845947,0.0,3.219938039779663,116.5649871826172,0.0,9.906499862670898,0.2669999897480011,,,,,,,,,
1776477600000,2026-04-18 02:00:00,,,,7.4564995765686035,84.0,1022.0999755859376,4.9282426834106445,0.0,3.5999999046325684,126.86998748779295,0.0,9.506500244140623,0.2669999897480011,,,,,,,,,
1776481200000,2026-04-18 03:00:00,,,,7.30649995803833,82.0,1022.4000244140624,4.436240196228027,0.0,4.104631423950195,127.8750457763672,0.0099999997764825,9.256500244140623,0.2669999897480011,,,,,,,,,
1776484800000,2026-04-18 04:00:00,,,,7.106499671936035,81.0,1022.2000122070312,4.06576681137085,0.0,4.896529674530029,126.0274658203125,0.0099999997764825,9.006500244140625,0.2669999897480011,,,,,,,,,
1776488400000,2026-04-18 05:00:00,,,,7.156499862670898,80.0,1022.5,3.937536001205444,0.0,4.33497428894043,131.63345336914062,0.0099999997764825,8.806500434875488,0.2680000066757202,,,,,,,,,
1776492000000,2026-04-18 06:00:00,,,,8.406499862670898,75.0,1022.2999877929688,4.230846881866455,0.0,4.582051753997803,135.00010681152344,0.0199999995529651,9.156499862670898,0.2680000066757202,,,,,,,,,
1776495600000,2026-04-18 07:00:00,,,,10.556500434875488,67.0,1021.9000244140624,4.683212757110596,0.0,4.072935104370117,135.00010681152344,0.0599999986588954,10.206500053405762,0.2680000066757202,,,,,,,,,
1776499200000,2026-04-18 08:00:00,,,,13.606500625610352,56.0,1021.4000244140624,4.990119457244873,0.0,4.582051753997803,135.00010681152344,0.1099999994039535,12.006500244140623,0.2680000066757202,,,,,,,,,
1776502800000,2026-04-18 09:00:00,,,,16.706501007080078,48.0,1020.9000244140624,5.638751983642578,0.0,2.9024126529693604,119.74478912353516,0.1800000071525573,14.106500625610352,0.2669999897480011,,,,,,,,,
1776506400000,2026-04-18 10:00:00,,,,18.80649948120117,40.0,1020.4000244140624,4.918120384216309,0.0,1.1384198665618896,18.4350528717041,0.2599999904632568,15.956500053405762,0.2669999897480011,,,,,,,,,
1776510000000,2026-04-18 11:00:00,,,,20.006500244140625,35.0,1019.7000122070312,4.075558185577393,0.0,3.075841426849365,339.4438781738281,0.3000000119209289,17.506500244140625,0.2660000026226043,,,,,,,,,
1776513600000,2026-04-18 12:00:00,,,,20.70650100708008,33.0,1019.2999877929688,3.853078842163086,0.0,4.679999828338623,360.0,0.2900000214576721,18.95650100708008,0.2639999985694885,,,,,,,,,
1776517200000,2026-04-18 13:00:00,,,,21.10650062561035,36.0,1018.9000244140624,5.451533317565918,0.0,6.162207126617432,6.709750175476074,0.2800000309944153,19.9064998626709,0.2630000114440918,,,,,,,,,
1776520800000,2026-04-18 14:00:00,,,,21.006500244140625,37.0,1018.4000244140624,5.758333206176758,0.0,5.052840709686279,355.9144592285156,0.2399999946355819,20.1564998626709,0.2619999945163727,,,,,,,,,
1776524400000,2026-04-18 15:00:00,,,,20.756500244140625,36.0,1018.0,5.141764163970947,0.0,4.6938252449035645,4.398633003234863,0.1899999976158142,19.756500244140625,0.2610000073909759,,,,,,,,,
1776528000000,2026-04-18 16:00:00,,,,20.35650062561035,39.0,1017.5999755859376,5.940686702728272,0.0,3.3190360069274902,347.47119140625,0.1299999952316284,19.1564998626709,0.2599999904632568,,,,,,,,,
1776531600000,2026-04-18 17:00:00,,,,19.30649948120117,46.0,1017.5999755859376,7.396188259124756,0.0,4.553679466247559,18.4350528717041,0.0799999982118606,18.256500244140625,0.2599999904632568,,,,,,,,,
1776535200000,2026-04-18 18:00:00,,,,17.556499481201172,59.0,1017.7999877929688,9.451730728149414,0.0,4.198285102844238,30.963695526123047,0.0399999991059303,17.256500244140625,0.2590000033378601,,,,,,,,,
1776538800000,2026-04-18 19:00:00,,,,16.556499481201172,63.0,1018.0,9.485630989074709,0.0,1.6099690198898315,206.5649871826172,0.0099999997764825,16.256500244140625,0.2590000033378601,,,,,,,,,
1776542400000,2026-04-18 20:00:00,,,,14.456500053405762,76.0,1017.9000244140624,10.277502059936523,0.0,2.3051247596740723,308.6598205566406,0.0,15.356500625610352,0.2590000033378601,,,,,,,,,
1776546000000,2026-04-18 21:00:00,,,,15.006500244140623,73.0,1017.9000244140624,10.205363273620604,0.0,4.33497428894043,274.7635498046875,0.0099999997764825,14.756500244140623,0.2599999904632568,,,,,,,,,
1776549600000,2026-04-18 22:00:00,,,,14.556500434875488,80.0,1018.0,11.14560604095459,0.0,2.968636035919189,284.0362548828125,0.0099999997764825,14.456500053405762,0.2599999904632568,,,,,,,,,
1776553200000,2026-04-18 23:00:00,,,,14.106500625610352,81.0,1017.7999877929688,10.89429759979248,0.0,3.5999999046325684,306.8699645996094,0.0099999997764825,14.156499862670898,0.2599999904632568,,,,,,,,,
1776556800000,2026-04-19 00:00:00,,,,13.256500244140623,91.0,1017.2000122070312,11.818377494812012,0.0,1.527350664138794,135.00010681152344,0.0,14.006500244140623,0.2599999904632568,,,,,,,,,
1776560400000,2026-04-19 01:00:00,,,,12.656499862670898,95.0,1016.7000122070312,11.875995635986328,0.0,1.938659191131592,248.1985321044922,0.0,13.606500625610352,0.2599999904632568,,,,,,,,,
1776564000000,2026-04-19 02:00:00,,,,12.256500244140623,94.0,1016.7000122070312,11.318500518798828,0.0,1.527350664138794,315.0000915527344,0.0,13.156499862670898,0.2610000073909759,,,,,,,,,
1776567600000,2026-04-19 03:00:00,,,,11.656499862670898,95.0,1016.2000122070312,10.882079124450684,0.0,2.545584201812744,171.86997985839844,0.0,12.756500244140623,0.2610000073909759,,,,,,,,,
1776571200000,2026-04-19 04:00:00,,,,11.256500244140623,97.0,1015.9000244140624,10.797507286071776,0.0,2.4149534702301025,153.4350128173828,0.0,12.356500625610352,0.2610000073909759,,,,,,,,,
1776574800000,2026-04-19 05:00:00,,,,11.556500434875488,92.0,1015.7999877929688,10.300987243652344,0.0,2.3051247596740723,141.3401641845703,0.0099999997764825,12.206500053405762,0.2619999945163727,,,,,,,,,
1776578400000,2026-04-19 06:00:00,,,,12.206500053405762,91.0,1015.5999755859376,10.780106544494627,0.0,1.2979984283447266,146.30990600585938,0.0099999997764825,12.356500625610352,0.2619999945163727,,,,,,,,,
1776582000000,2026-04-19 07:00:00,,,,13.156499862670898,87.0,1015.0999755859376,11.04023551940918,0.0,1.1384198665618896,161.56495666503906,0.0399999991059303,12.856500625610352,0.2630000114440918,,,,,,,,,
1776585600000,2026-04-19 08:00:00,,,,14.006500244140623,83.0,1014.5,11.164202690124512,0.0,2.099142551422119,329.03631591796875,0.0500000044703483,13.456500053405762,0.2630000114440918,,,,,,,,,
1776589200000,2026-04-19 09:00:00,,,,14.656499862670898,82.0,1014.2000122070312,11.616250038146973,0.1000000014901161,4.33497428894043,318.3665466308594,0.0900000035762786,14.306500434875488,0.2630000114440918,,,,,,,,,
1776592800000,2026-04-19 10:00:00,,,,15.256500244140623,80.0,1013.7000122070312,11.827165603637695,0.0,5.014219284057617,338.96240234375,0.1299999952316284,15.256500244140623,0.2630000114440918,,,,,,,,,
1776596400000,2026-04-19 11:00:00,,,,15.456500053405762,78.0,1012.9000244140624,11.637954711914062,0.0,3.7064266204833984,330.94549560546875,0.1299999952316284,15.856500625610352,0.2630000114440918,,,,,,,,,
1776600000000,2026-04-19 12:00:00,,,,15.756500244140623,78.0,1012.2999877929688,11.92915153503418,0.1000000014901161,8.31124496459961,162.34979248046875,0.1099999994039535,16.006500244140625,0.2630000114440918,,,,,,,,,
1776603600000,2026-04-19 13:00:00,,,,13.356500625610352,79.0,1012.0,9.789255142211914,3.0999999046325684,7.895416259765625,245.7722625732422,0.1099999994039535,15.306500434875488,0.2660000026226043,,,,,,,,,
1776607200000,2026-04-19 14:00:00,,,,12.506500244140623,84.0,1012.9000244140624,9.875811576843262,4.599999904632568,19.336389541625977,294.1791076660156,0.0900000035762786,14.656499862670898,0.2860000133514404,,,,,,,,,
1776610800000,2026-04-19 15:00:00,,,,10.506500244140623,81.0,1014.0999755859376,7.383060932159424,0.1000000014901161,19.809812545776367,289.0935974121094,0.1199999973177909,13.956500053405762,0.296999990940094,,,,,,,,,
1776614400000,2026-04-19 16:00:00,,,,9.556500434875488,82.0,1014.9000244140624,6.634716033935547,0.0,19.59273147583008,290.43292236328125,0.0799999982118606,13.106500625610352,0.2980000078678131,,,,,,,,,
1776618000000,2026-04-19 17:00:00,,,,8.856500625610352,84.0,1015.7999877929688,6.300047874450684,0.5,18.584510803222656,291.5953674316406,0.0799999982118606,12.356500625610352,0.296999990940094,,,,,,,,,
1776621600000,2026-04-19 18:00:00,,,,8.406499862670898,82.0,1016.5,5.511106967926025,0.699999988079071,14.578887939453123,290.2249450683594,0.0900000035762786,11.656499862670898,0.296999990940094,,,,,,,,,
1776625200000,2026-04-19 19:00:00,,,,8.306500434875488,82.0,1016.9000244140624,5.41339635848999,0.1000000014901161,14.917211532592772,289.7469177246094,0.0700000077486038,11.106500625610352,0.2980000078678131,,,,,,,,,
1776628800000,2026-04-19 20:00:00,,,,8.106500625610352,82.0,1016.9000244140624,5.217972755432129,0.1000000014901161,12.620553970336914,273.2704162597656,0.0599999986588954,10.706500053405762,0.296999990940094,,,,,,,,,
1776632400000,2026-04-19 21:00:00,,,,7.9564995765686035,84.0,1016.9000244140624,5.418190002441406,0.0,10.440000534057615,270.0,0.0500000044703483,10.356500625610352,0.2960000038146972,,,,,,,,,
1776636000000,2026-04-19 22:00:00,,,,8.206500053405762,83.0,1016.9000244140624,5.49034595489502,0.1000000014901161,7.491114139556885,305.2176818847656,0.0399999991059303,10.156499862670898,0.2949999868869781,,,,,,,,,
1776639600000,2026-04-19 23:00:00,,,,7.906499862670898,86.0,1016.9000244140624,5.708629131317139,0.1000000014901161,9.79305934906006,323.9725341796875,0.0399999991059303,10.056500434875488,0.2939999997615814,,,,,,,,,
1776643200000,2026-04-20 00:00:00,,,,7.55649995803833,93.0,1016.0,6.497089862823486,1.2999999523162842,4.802999019622803,257.00537109375,0.0399999991059303,9.656499862670898,0.3019999861717224,,,,,,,,,
1776646800000,2026-04-20 01:00:00,,,,7.55649995803833,86.0,1015.7000122070312,5.364729404449463,0.0,6.119999885559082,270.0,0.0299999993294477,9.456500053405762,0.3030000030994415,,,,,,,,,
1776650400000,2026-04-20 02:00:00,,,,7.756499767303467,87.0,1015.5999755859376,5.728153228759766,0.3000000119209289,9.007196426391602,272.2905578613281,0.0399999991059303,9.306500434875488,0.3030000030994415,,,,,,,,,
1776654000000,2026-04-20 03:00:00,,,,7.80649995803833,83.0,1015.5,5.098941802978516,0.4000000059604645,12.144330978393556,281.9761047363281,0.0500000044703483,9.206500053405762,0.3030000030994415,,,,,,,,,
1776657600000,2026-04-20 04:00:00,,,,7.4564995765686035,82.0,1015.4000244140624,4.582818508148193,0.0,12.496719360351562,281.63360595703125,0.0599999986588954,9.006500244140625,0.3030000030994415,,,,,,,,,
1776661200000,2026-04-20 05:00:00,,,,7.2064995765686035,81.0,1015.0,4.163349628448486,0.0,14.058449745178224,283.3245544433594,0.0599999986588954,8.856500625610352,0.3019999861717224,,,,,,,,,
1776664800000,2026-04-20 06:00:00,,,,7.2064995765686035,82.0,1014.5999755859376,4.3385186195373535,0.2000000029802322,13.684735298156738,271.50738525390625,0.0700000077486038,8.806500434875488,0.3009999990463257,,,,,,,,,
1776668400000,2026-04-20 07:00:00,,,,7.156499862670898,83.0,1014.4000244140624,4.462879180908203,0.5,13.004920959472656,274.7635498046875,0.0799999982118606,8.806500434875488,0.3000000119209289,,,,,,,,,
1776672000000,2026-04-20 08:00:00,,,,7.606499671936035,82.0,1014.4000244140624,4.729395389556885,0.6000000238418579,12.429126739501951,280.0079040527344,0.1000000089406967,8.906499862670898,0.3000000119209289,,,,,,,,,
1776675600000,2026-04-20 09:00:00,,,,7.55649995803833,82.0,1014.7000122070312,4.680538177490234,0.800000011920929,13.5706148147583,291.8014831542969,0.1199999973177909,9.156499862670898,0.3000000119209289,,,,,,,,,
1776679200000,2026-04-20 10:00:00,,,,6.656499862670898,82.0,1015.2000122070312,3.801040172576904,0.8999999761581421,14.480772972106934,304.8753967285156,0.1500000059604644,9.156499862670898,0.3019999861717224,,,,,,,,,
1776682800000,2026-04-20 11:00:00,,,,6.156499862670898,82.0,1015.5999755859376,3.312398910522461,1.2999999523162842,14.372974395751951,292.0679626464844,0.1500000059604644,9.106500625610352,0.3039999902248382,,,,,,,,,
1776686400000,2026-04-20 12:00:00,,,,6.456499576568604,82.0,1015.7000122070312,3.605586051940918,0.699999988079071,12.904882431030272,292.9887390136719,0.1400000154972076,8.956500053405762,0.3059999942779541,,,,,,,,,
1776690000000,2026-04-20 13:00:00,,,,6.55649995803833,81.0,1015.5,3.5290427207946777,0.8999999761581421,11.96695327758789,291.16131591796875,0.1400000154972076,8.956500053405762,0.3070000112056732,,,,,,,,,
1776693600000,2026-04-20 14:00:00,,,,6.506499767303467,81.0,1015.5,3.480247259140014,0.5,11.92355728149414,298.886474609375,0.1400000154972076,9.006500244140625,0.3079999983310699,,,,,,,,,
1776697200000,2026-04-20 15:00:00,,,,6.30649995803833,84.0,1015.7999877929688,3.8012871742248535,0.699999988079071,11.269782066345217,296.5649719238281,0.1199999973177909,8.856500625610352,0.3079999983310699,,,,,,,,,
1776700800000,2026-04-20 16:00:00,,,,5.906499862670898,88.0,1016.0,4.070659160614014,0.5,9.983105659484863,295.6409606933594,0.0799999982118606,8.506500244140625,0.3079999983310699,,,,,,,,,
1776704400000,2026-04-20 17:00:00,,,,6.05649995803833,91.0,1016.4000244140624,4.697830677032471,0.3000000119209289,8.225034713745117,293.1986083984375,0.0500000044703483,8.206500053405762,0.3079999983310699,,,,,,,,,
1776708000000,2026-04-20 18:00:00,,,,6.456499576568604,93.0,1016.7999877929688,5.4063496589660645,0.0,6.369049549102783,317.2906188964844,0.0299999993294477,8.056500434875488,0.3079999983310699,,,,,,,,,
1776711600000,2026-04-20 19:00:00,,,,6.756499767303467,92.0,1017.2999877929688,5.547769069671631,0.0,4.510787010192871,331.3896179199219,0.0199999995529651,7.9564995765686035,0.3070000112056732,,,,,,,,,
1776715200000,2026-04-20 20:00:00,,,,6.80649995803833,92.0,1017.7000122070312,5.597286224365234,0.0,4.198285102844238,329.03631591796875,0.0099999997764825,7.9564995765686035,0.3059999942779541,,,,,,,,,
1776718800000,2026-04-20 21:00:00,,,,6.80649995803833,93.0,1018.2000122070312,5.753407001495361,0.1000000014901161,4.896529197692871,342.8971862792969,0.0099999997764825,7.906499862670898,0.3050000071525574,,,,,,,,,
1776722400000,2026-04-20 22:00:00,,,,6.606499671936035,92.0,1018.9000244140624,5.399217128753662,0.0,5.959060192108154,334.9831237792969,0.0099999997764825,7.80649995803833,0.3039999902248382,,,,,,,,,
1776726000000,2026-04-20 23:00:00,,,,6.206499576568604,92.0,1019.5,5.003073692321777,0.0,5.86037540435791,349.3804016113281,0.0099999997764825,7.606499671936035,0.3030000030994415,,,,,,,,,
1776729600000,2026-04-21 00:00:00,,,,6.656499862670898,92.0,1019.7000122070312,5.448735237121582,0.0,4.452953815460205,14.036274909973145,0.0199999995529651,7.856499671936035,0.3109999895095825,,,,,,,,,
1776733200000,2026-04-21 01:00:00,,,,6.606499671936035,91.0,1020.0999755859376,5.241840362548828,0.0,3.3190360069274902,347.47119140625,0.0099999997764825,7.80649995803833,0.3109999895095825,,,,,,,,,
1776736800000,2026-04-21 02:00:00,,,,6.656499862670898,91.0,1020.5999755859376,5.291295528411865,0.0,2.968636035919189,345.9637145996094,0.0099999997764825,7.656499862670898,0.3100000023841858,,,,,,,,,
1776740400000,2026-04-21 03:00:00,,,,6.30649995803833,90.0,1020.7000122070312,4.7865753173828125,0.0,2.189794540405273,9.462247848510742,0.0099999997764825,7.55649995803833,0.3100000023841858,,,,,,,,,
1776744000000,2026-04-21 04:00:00,,,,5.906499862670898,88.0,1020.9000244140624,4.070659160614014,0.0,1.8356469869613647,348.6900939941406,0.0099999997764825,7.256499767303467,0.3100000023841858,,,,,,,,,
1776747600000,2026-04-21 05:00:00,,,,5.856499671936035,91.0,1021.5,4.50000524520874,0.0,3.7585103511810303,343.3006896972656,0.0099999997764825,7.006499767303467,0.3100000023841858,,,,,,,,,
1776751200000,2026-04-21 06:00:00,,,,6.206499576568604,89.0,1022.0999755859376,4.52781867980957,0.0,6.792466163635254,32.00535583496094,0.0399999991059303,7.30649995803833,0.3089999854564667,,,,,,,,,
1776754800000,2026-04-21 07:00:00,,,,6.30649995803833,89.0,1022.7000122070312,4.626475811004639,0.0,5.091168403625488,351.8699951171875,0.0599999986588954,7.80649995803833,0.3089999854564667,,,,,,,,,
1776758400000,2026-04-21 08:00:00,,,,7.356499671936035,81.0,1023.0,4.309722900390625,0.0,6.130578517913818,319.7637023925781,0.0900000035762786,8.606500625610352,0.3089999854564667,,,,,,,,,
1776762000000,2026-04-21 09:00:00,,,,9.456500053405762,70.0,1023.0,4.257253646850586,0.0,6.924737930297852,351.0274353027344,0.1700000017881393,10.356500625610352,0.3079999983310699,,,,,,,,,
1776765600000,2026-04-21 10:00:00,,,,11.356500625610352,53.0,1022.7000122070312,2.1130921840667725,0.0,9.387651443481444,32.47117233276367,0.2000000178813934,12.106500625610352,0.3079999983310699,,,,,,,,,
1776769200000,2026-04-21 11:00:00,,,,12.406499862670898,39.0,1022.7000122070312,-1.174665927886963,0.0,12.387348175048828,54.46223831176758,0.25,13.406499862670898,0.3070000112056732,,,,,,,,,
1776772800000,2026-04-21 12:00:00,,,,12.156499862670898,39.0,1022.7999877929688,-1.39880108833313,0.0,8.91318130493164,46.63653564453125,0.25,14.006500244140623,0.3059999942779541,,,,,,,,,
1776776400000,2026-04-21 13:00:00,,,,12.756500244140623,35.0,1022.7999877929688,-2.333564758300781,0.0,11.11345100402832,24.90474510192871,0.2199999988079071,13.906499862670898,0.3050000071525574,,,,,,,,,
1776780000000,2026-04-21 14:00:00,,,,12.306500434875488,39.0,1022.9000244140624,-1.2643176317214966,0.0,13.10419750213623,15.945476531982422,0.1899999976158142,13.656499862670898,0.3050000071525574,,,,,,,,,
1776783600000,2026-04-21 15:00:00,,,,12.406499862670898,37.0,1022.7999877929688,-1.891465663909912,0.0,7.127635955810547,44.99989700317383,0.1800000071525573,13.356500625610352,0.3039999902248382,,,,,,,,,
1776787200000,2026-04-21 16:00:00,,,,12.156499862670898,39.0,1022.7999877929688,-1.39880108833313,0.0,9.720000267028809,360.0,0.1500000059604644,12.956500053405762,0.3039999902248382,,,,,,,,,
1776790800000,2026-04-21 17:00:00,,,,11.656499862670898,42.0,1022.7999877929688,-0.8364869952201843,0.0,7.244860172271728,26.564985275268555,0.1099999994039535,12.406499862670898,0.3039999902248382,,,,,,,,,
1776794400000,2026-04-21 18:00:00,,,,10.156499862670898,52.0,1023.4000244140624,0.7339802980422974,0.0,4.6938252449035645,4.398633003234863,0.0599999986588954,11.406499862670898,0.3030000030994415,,,,,,,,,
1776798000000,2026-04-21 19:00:00,,,,8.256500244140625,67.0,1024.0,2.488054275512696,0.0,3.617955207824707,354.2894897460937,0.0199999995529651,10.156499862670898,0.3030000030994415,,,,,,,,,
1776801600000,2026-04-21 20:00:00,,,,7.4564995765686035,70.0,1024.300048828125,2.338458299636841,0.0,2.3051247596740723,308.6598205566406,0.0099999997764825,9.106500625610352,0.3039999902248382,,,,,,,,,
1776805200000,2026-04-21 21:00:00,,,,6.956499576568604,68.0,1024.5999755859375,1.453472137451172,0.0,3.3190360069274902,282.52880859375,0.0099999997764825,8.406499862670898,0.3039999902248382,,,,,,,,,
1776808800000,2026-04-21 22:00:00,,,,6.106499671936035,71.0,1025.199951171875,1.2403576374053955,0.0,3.976329803466797,275.1943359375,0.0099999997764825,7.606499671936035,0.3039999902248382,,,,,,,,,
1776812400000,2026-04-21 23:00:00,,,,5.456499576568604,72.0,1025.5999755859375,0.8094652891159058,0.0,3.415259599685669,288.4350280761719,0.0099999997764825,6.956499576568604,0.3039999902248382,,,,,,,,,
1776816000000,2026-04-22 00:00:00,,,,3.9065001010894775,89.0,1025.0999755859375,2.258554458618164,0.0,2.27683973312378,288.4350280761719,0.0,5.756499767303467,0.3109999895095825,,,,,,,,,
1776819600000,2026-04-22 01:00:00,,,,3.30649995803833,88.0,1025.5,1.5086677074432373,0.0,2.595996856689453,303.6900939941406,0.0,5.30649995803833,0.3109999895095825,,,,,,,,,
1776823200000,2026-04-22 02:00:00,,,,2.756500005722046,90.0,1025.5999755859375,1.2794175148010254,0.0,2.741678237915039,336.8013916015625,0.0,4.956499576568604,0.3109999895095825,,,,,,,,,
1776826800000,2026-04-22 03:00:00,,,,2.3564999103546143,89.0,1025.4000244140625,0.7291078567504883,0.0,3.545588731765747,293.9624938964844,0.0,4.656499862670898,0.3109999895095825,,,,,,,,,
1776830400000,2026-04-22 04:00:00,,,,1.906499981880188,89.0,1025.5999755859375,0.2850514054298401,0.0,3.219938039779663,296.5649719238281,0.0,4.30649995803833,0.3120000064373016,,,,,,,,,
1776834000000,2026-04-22 05:00:00,,,,2.05649995803833,88.0,1026.199951171875,0.2768008410930633,0.0,3.545588731765747,293.9624938964844,0.0,4.05649995803833,0.3120000064373016,,,,,,,,,
1776837600000,2026-04-22 06:00:00,,,,3.6064999103546143,80.0,1026.699951171875,0.4776634275913238,0.0,5.116561412811279,309.28936767578125,0.0199999995529651,4.656499862670898,0.3120000064373016,,,,,,,,,
1776841200000,2026-04-22 07:00:00,,,,5.356499671936035,71.0,1026.9000244140625,0.5193260908126831,0.0,6.297428131103516,300.96368408203125,0.0599999986588954,6.006499767303467,0.3120000064373016,,,,,,,,,
1776844800000,2026-04-22 08:00:00,,,,7.256499767303467,63.0,1026.9000244140625,0.6767613887786865,0.0,7.491114139556885,305.2176818847656,0.1199999973177909,7.7064995765686035,0.3109999895095825,,,,,,,,,
1776848400000,2026-04-22 09:00:00,,,,9.256500244140623,55.0,1026.800048828125,0.6748827695846558,0.0,8.496304512023926,306.38446044921875,0.1800000071525573,9.656499862670898,0.3109999895095825,,,,,,,,,
1776852000000,2026-04-22 10:00:00,,,,11.056500434875488,51.0,1026.300048828125,1.2971986532211304,0.0,9.220499038696287,308.6598205566406,0.25,11.456500053405762,0.3100000023841858,,,,,,,,,
1776855600000,2026-04-22 11:00:00,,,,12.606500625610352,45.0,1025.699951171875,0.9777380228042604,0.0,9.931041717529297,316.4687194824219,0.3000000119209289,13.106500625610352,0.3089999854564667,,,,,,,,,
1776859200000,2026-04-22 12:00:00,,,,13.556500434875488,42.0,1025.300048828125,0.88106369972229,0.0,11.709688186645508,315.0000915527344,0.3300000131130218,14.256500244140623,0.3089999854564667,,,,,,,,,
1776862800000,2026-04-22 13:00:00,,,,14.356500625610352,40.0,1025.0,0.9240618944168092,0.0,13.104198455810549,322.8152160644531,0.3199999928474426,14.956500053405762,0.3079999983310699,,,,,,,,,
1776866400000,2026-04-22 14:00:00,,,,14.856500625610352,41.0,1024.9000244140625,1.718035101890564,0.0,13.397611618041992,329.30035400390625,0.3000000119209289,15.256500244140623,0.3070000112056732,,,,,,,,,
1776870000000,2026-04-22 15:00:00,,,,14.906499862670898,38.0,1024.9000244140625,0.7045995593070984,0.0,11.44097900390625,335.8544616699219,0.2599999904632568,15.106500625610352,0.3070000112056732,,,,,,,,,
1776873600000,2026-04-22 16:00:00,,,,14.456500053405762,38.0,1024.4000244140625,0.302749752998352,0.0,11.486200332641602,327.8042907714844,0.2000000178813934,14.456500053405762,0.3059999942779541,,,,,,,,,
1776877200000,2026-04-22 17:00:00,,,,13.906499862670898,38.0,1024.300048828125,-0.1885069608688354,0.0,9.79305934906006,323.9725341796875,0.1400000154972076,13.556500434875488,0.3059999942779541,,,,,,,,,
1776880800000,2026-04-22 18:00:00,,,,12.356500625610352,53.0,1024.5999755859375,3.0416104793548584,0.0,6.119999885559082,298.0723876953125,0.0799999982118606,12.456500053405762,0.3059999942779541,,,,,,,,,
1776884400000,2026-04-22 19:00:00,,,,10.856500625610352,59.0,1024.9000244140625,3.1569693088531494,0.0,6.379216194152832,286.3896179199219,0.0399999991059303,11.456500053405762,0.3059999942779541,,,,,,,,,
1776888000000,2026-04-22 20:00:00,,,,9.456500053405762,68.0,1025.300048828125,3.844095468521118,0.0,4.896529197692871,287.1028137207031,0.0299999993294477,10.456500053405762,0.3059999942779541,,,,,,,,,
1776891600000,2026-04-22 21:00:00,,,,8.606500625610352,68.0,1025.699951171875,3.031402349472046,0.0,4.198285102844238,300.96368408203125,0.0099999997764825,9.606500625610352,0.3070000112056732,,,,,,,,,
1776895200000,2026-04-22 22:00:00,,,,7.756499767303467,70.0,1026.0999755859375,2.6263175010681152,0.0,3.826852560043335,311.1858215332031,0.0099999997764825,8.806500434875488,0.3070000112056732,,,,,,,,,
1776898800000,2026-04-22 23:00:00,,,,6.856499671936035,74.0,1026.199951171875,2.542610645294189,0.0,3.3190360069274902,310.6012268066406,0.0099999997764825,8.056500434875488,0.3070000112056732,,,,,,,,,
1776902400000,2026-04-23 00:00:00,,,,7.2064995765686035,69.0,1024.5999755859375,1.896876096725464,0.0,2.4149534702301025,296.5649719238281,0.0099999997764825,8.256500244140625,0.3000000119209289,,,,,,,,,
1776906000000,2026-04-23 01:00:00,,,,6.656499862670898,69.0,1024.5,1.369943618774414,0.0,4.104631423950195,307.8750305175781,0.0099999997764825,7.606499671936035,0.3000000119209289,,,,,,,,,
1776909600000,2026-04-23 02:00:00,,,,6.206499576568604,69.0,1025.0,0.9387799501419068,0.0,3.5999999046325684,323.1300048828125,0.0099999997764825,7.05649995803833,0.3000000119209289,,,,,,,,,
1776913200000,2026-04-23 03:00:00,,,,5.906499862670898,70.0,1024.800048828125,0.8509608507156372,0.0,3.89399528503418,303.6900939941406,0.0099999997764825,6.606499671936035,0.3000000119209289,,,,,,,,,
1776916800000,2026-04-23 04:00:00,,,,6.106499671936035,68.0,1024.699951171875,0.6404206156730652,0.0,5.399999618530273,306.8699645996094,0.0099999997764825,6.406499862670898,0.3000000119209289,,,,,,,,,
1776920400000,2026-04-23 05:00:00,,,,6.606499671936035,65.0,1024.5,0.4923819303512573,0.0,6.952754497528076,291.2505798339844,0.0199999995529651,6.506499767303467,0.3000000119209289,,,,,,,,,
1776924000000,2026-04-23 06:00:00,,,,8.106500625610352,56.0,1024.5,-0.1504764705896377,0.0,10.245779991149902,288.4350280761719,0.0500000044703483,7.2064995765686035,0.3000000119209289,,,,,,,,,
1776927600000,2026-04-23 07:00:00,,,,9.556500434875488,46.0,1024.699951171875,-1.503636598587036,0.0,14.332340240478516,295.2776794433594,0.1000000089406967,8.506500244140625,0.2989999949932098,,,,,,,,,
1776931200000,2026-04-23 08:00:00,,,,10.906499862670898,40.0,1024.800048828125,-2.17742133140564,0.0,17.414474487304688,299.7447814941406,0.1599999964237213,10.006500244140623,0.2989999949932098,,,,,,,,,
1776934800000,2026-04-23 09:00:00,,,,12.056500434875488,44.0,1024.4000244140625,0.1658792942762375,0.0,18.21827507019043,299.6043395996094,0.1899999976158142,11.556500434875488,0.2980000078678131,,,,,,,,,
1776938400000,2026-04-23 10:00:00,,,,13.556500434875488,41.0,1023.5,0.5468162298202515,0.0,17.974781036376953,302.7351989746094,0.2199999988079071,13.056500434875488,0.296999990940094,,,,,,,,,
1776942000000,2026-04-23 11:00:00,,,,14.806500434875488,39.0,1022.7999877929688,0.9758440852165222,0.0,18.17197608947754,303.6900939941406,0.25,14.406499862670898,0.2949999868869781,,,,,,,,,
1776945600000,2026-04-23 12:00:00,,,,15.756500244140623,37.0,1022.2999877929688,1.0918231010437012,0.0,17.713315963745117,307.56866455078125,0.2599999904632568,15.556500434875488,0.2939999997615814,,,,,,,,,
1776949200000,2026-04-23 13:00:00,,,,16.256500244140625,37.0,1021.9000244140624,1.536715030670166,0.0,17.377225875854492,309.9574890136719,0.25,16.35650062561035,0.2930000126361847,,,,,,,,,
1776952800000,2026-04-23 14:00:00,,,,16.35650062561035,42.0,1021.5,3.4099037647247314,0.0,17.14824676513672,309.0354919433594,0.2300000041723251,16.6564998626709,0.2919999957084656,,,,,,,,,
1776956400000,2026-04-23 15:00:00,,,,16.10650062561035,47.0,1021.2000122070312,4.786508560180664,0.0,16.299694061279297,313.2101135253906,0.1899999976158142,16.556499481201172,0.2910000085830688,,,,,,,,,
1776960000000,2026-04-23 16:00:00,,,,15.356500625610352,47.0,1020.7999877929688,4.100513935089111,0.0,15.5301513671875,314.0608825683594,0.1500000059604644,15.956500053405762,0.2899999916553497,,,,,,,,,
1776963600000,2026-04-23 17:00:00,,,,14.406499862670898,52.0,1020.9000244140624,4.671084880828857,0.0,14.565547943115234,309.98681640625,0.1000000089406967,14.956500053405762,0.289000004529953,,,,,,,,,
1776967200000,2026-04-23 18:00:00,,,,13.206500053405762,58.0,1021.2999877929688,5.119976043701172,0.0,12.313894271850586,307.8750305175781,0.0599999986588954,13.806500434875488,0.289000004529953,,,,,,,,,
1776970800000,2026-04-23 19:00:00,,,,11.856500625610352,66.0,1022.0,5.706141471862793,0.0,9.511088371276855,299.4757995605469,0.0299999993294477,12.706500053405762,0.289000004529953,,,,,,,,,
1776974400000,2026-04-23 20:00:00,,,,10.706500053405762,72.0,1021.7999877929688,5.862948894500732,0.0,6.287129878997803,293.62939453125,0.0199999995529651,11.756500244140623,0.289000004529953,,,,,,,,,
1776978000000,2026-04-23 21:00:00,,,,10.006500244140623,77.0,1021.5,6.158928394317627,0.0,5.154415130615234,294.7751159667969,0.0099999997764825,11.006500244140623,0.289000004529953,,,,,,,,,
1776981600000,2026-04-23 22:00:00,,,,9.506500244140623,79.0,1021.4000244140624,6.04485559463501,0.0,5.001279830932617,300.25634765625,0.0099999997764825,10.406499862670898,0.289000004529953,,,,,,,,,
1776985200000,2026-04-23 23:00:00,,,,9.006500244140625,82.0,1021.5,6.097352027893066,0.0,4.843304634094238,311.98712158203125,0.0099999997764825,9.906499862670898,0.2899999916553497,,,,,,,,,
1776988800000,2026-04-24 00:00:00,,,,9.106500625610352,75.0,1020.7000122070312,4.907759666442871,0.0,3.219938039779663,296.5649719238281,0.0,9.856500625610352,0.2879999876022339,,,,,,,,,
1776992400000,2026-04-24 01:00:00,,,,8.706500053405762,76.0,1020.0999755859376,4.710608005523682,0.0,6.130578994750977,273.36639404296875,0.0,9.306500434875488,0.2879999876022339,,,,,,,,,
1776996000000,2026-04-24 02:00:00,,,,8.306500434875488,79.0,1020.0,4.877450942993164,0.0,7.771330833435059,283.3925170898437,0.0099999997764825,9.056500434875488,0.2879999876022339,,,,,,,,,
1776999600000,2026-04-24 03:00:00,,,,7.406499862670898,81.0,1020.2000122070312,4.358513355255127,0.0,6.379216194152832,286.3896179199219,0.0099999997764825,8.706500053405762,0.2879999876022339,,,,,,,,,
1777003200000,2026-04-24 04:00:00,,,,6.606499671936035,81.0,1020.2999877929688,3.577836275100708,0.0,7.421589851379394,284.0362548828125,0.0099999997764825,8.306500434875488,0.2879999876022339,,,,,,,,,
1777006800000,2026-04-24 05:00:00,,,,6.506499767303467,77.0,1020.5,2.7638399600982666,0.0,9.178235054016112,295.5599060058594,0.0099999997764825,8.006500244140625,0.2879999876022339,,,,,,,,,
1777010400000,2026-04-24 06:00:00,,,,7.05649995803833,73.0,1020.5,2.5440499782562256,0.0,12.287554740905762,301.827392578125,0.0299999993294477,8.406499862670898,0.2879999876022339,,,,,,,,,
1777014000000,2026-04-24 07:00:00,,,,7.30649995803833,73.0,1020.4000244140624,2.7851061820983887,0.0,13.183079719543455,304.9920959472656,0.0399999991059303,9.356500625610352,0.2879999876022339,,,,,,,,,
1777017600000,2026-04-24 08:00:00,,,,6.406499862670898,80.0,1020.7000122070312,3.206682205200196,0.0,14.480772972106934,304.8753967285156,0.0399999991059303,9.856500625610352,0.2879999876022339,,,,,,,,,
1777021200000,2026-04-24 09:00:00,,,,6.55649995803833,78.0,1021.0999755859376,2.9945597648620605,0.0,12.682018280029297,304.59234619140625,0.0299999993294477,9.856500625610352,0.2879999876022339,,,,,,,,,
1777024800000,2026-04-24 10:00:00,,,,7.356499671936035,73.0,1021.0999755859376,2.833315849304199,0.0,11.885453224182127,305.13427734375,0.0399999991059303,10.006500244140623,0.2879999876022339,,,,,,,,,
1777028400000,2026-04-24 11:00:00,,,,8.456500053405762,69.0,1020.7000122070312,3.094268560409546,0.0,11.090103149414062,305.75396728515625,0.0500000044703483,10.656499862670898,0.2879999876022339,,,,,,,,,
1777032000000,2026-04-24 12:00:00,,,,9.756500244140623,65.0,1020.2000122070312,3.489051818847656,0.0,11.090103149414062,305.75396728515625,0.0700000077486038,11.556500434875488,0.2879999876022339,,,,,,,,,
1777035600000,2026-04-24 13:00:00,,,,11.306500434875488,59.0,1019.5999755859376,3.5800673961639404,0.0,11.18320083618164,303.17852783203125,0.1000000089406967,12.956500053405762,0.2870000004768371,,,,,,,,,
1777039200000,2026-04-24 14:00:00,,,,12.606500625610352,57.0,1019.0,4.3085551261901855,0.0,11.119280815124512,299.05450439453125,0.1099999994039535,14.056500434875488,0.2870000004768371,,,,,,,,,
1777042800000,2026-04-24 15:00:00,,,,13.556500434875488,55.0,1018.4000244140624,4.685012340545654,0.0,11.298495292663574,300.65057373046875,0.1099999994039535,14.706500053405762,0.2860000133514404,,,,,,,,,
1777046400000,2026-04-24 16:00:00,,,,13.906499862670898,55.0,1017.7999877929688,5.0112128257751465,0.0,9.826087951660156,298.4428100585937,0.1000000089406967,14.706500053405762,0.2860000133514404,,,,,,,,,
1777050000000,2026-04-24 17:00:00,,,,13.956500053405762,54.0,1017.4000244140624,4.794425010681152,0.0,9.021574020385742,298.6103515625,0.0700000077486038,14.206500053405762,0.2849999964237213,,,,,,,,,
1777053600000,2026-04-24 18:00:00,,,,13.206500053405762,59.0,1017.4000244140624,5.365979194641113,0.0,5.634891033172607,296.5649719238281,0.0299999993294477,13.206500053405762,0.2849999964237213,,,,,,,,,
1777057200000,2026-04-24 19:00:00,,,,11.956500053405762,66.0,1017.7999877929688,5.801372528076172,0.0,3.617955207824707,264.2894897460937,0.0099999997764825,12.056500434875488,0.2849999964237213,,,,,,,,,
1777060800000,2026-04-24 20:00:00,,,,10.556500434875488,71.0,1017.9000244140624,5.516735553741455,0.0,3.075841426849365,249.44386291503903,0.0099999997764825,10.956500053405762,0.2849999964237213,,,,,,,,,
1777064400000,2026-04-24 21:00:00,,,,9.856500625610352,73.0,1017.9000244140624,5.243376731872559,0.0,2.620839357376098,254.0545349121093,0.0,10.056500434875488,0.2849999964237213,,,,,,,,,
1777068000000,2026-04-24 22:00:00,,,,9.356500625610352,76.0,1017.7000122070312,5.34011173248291,0.0,3.3190360069274902,257.47119140625,0.0,9.356500625610352,0.2849999964237213,,,,,,,,,
1777071600000,2026-04-24 23:00:00,,,,8.906499862670898,79.0,1017.7999877929688,5.461173057556152,0.0,4.0249223709106445,280.3047790527344,0.0,8.806500434875488,0.2860000133514404,,,,,,,,,
1777075200000,2026-04-25 00:00:00,,,,6.80649995803833,92.0,1017.2000122070312,5.597286224365234,0.0,3.219938039779663,333.4350280761719,0.0,6.906499862670898,0.2849999964237213,,,,,,,,,
1777078800000,2026-04-25 01:00:00,,,,7.106499671936035,90.0,1017.2999877929688,5.576836109161377,0.0,3.096837043762207,305.5377502441406,0.0,6.956499576568604,0.2849999964237213,,,,,,,,,
1777082400000,2026-04-25 02:00:00,,,,7.156499862670898,88.0,1017.4000244140624,5.302245140075684,0.0,5.116561412811279,320.7106018066406,0.0,7.156499862670898,0.2849999964237213,,,,,,,,,
1777086000000,2026-04-25 03:00:00,,,,6.756499767303467,87.0,1017.5,4.7442307472229,0.0,9.199390411376951,300.5791320800781,0.0,7.2064995765686035,0.2860000133514404,,,,,,,,,
1777089600000,2026-04-25 04:00:00,,,,6.656499862670898,82.0,1017.2999877929688,3.801040172576904,0.0,9.565437316894531,289.7989501953125,0.0099999997764825,7.256499767303467,0.2860000133514404,,,,,,,,,
1777093200000,2026-04-25 05:00:00,,,,6.456499576568604,80.0,1017.2000122070312,3.2554078102111816,0.0,9.565437316894531,289.7989501953125,0.0199999995529651,7.356499671936035,0.2860000133514404,,,,,,,,,
1777096800000,2026-04-25 06:00:00,,,,7.156499862670898,83.0,1017.2000122070312,4.462879180908203,0.0,7.56856632232666,295.3461303710937,0.0299999993294477,7.756499767303467,0.2860000133514404,,,,,,,,,
1777100400000,2026-04-25 07:00:00,,,,8.806500434875488,75.0,1016.7000122070312,4.617661952972412,0.0,11.525623321533203,284.4703369140625,0.0399999991059303,8.556500434875488,0.2860000133514404,,,,,,,,,
1777104000000,2026-04-25 08:00:00,,,,10.156499862670898,70.0,1016.5,4.928685188293457,0.0,11.43531322479248,298.1784973144531,0.0900000035762786,9.906499862670898,0.2849999964237213,,,,,,,,,
1777107600000,2026-04-25 09:00:00,,,,11.456500053405762,67.0,1016.2999877929688,5.541936874389648,0.0,11.50311279296875,290.1363830566406,0.1199999973177909,11.556500434875488,0.2849999964237213,,,,,,,,,
1777111200000,2026-04-25 10:00:00,,,,13.206500053405762,55.0,1016.2000122070312,4.358779430389404,0.0,12.64107608795166,289.9831848144531,0.1700000017881393,13.156499862670898,0.2840000092983246,,,,,,,,,
1777114800000,2026-04-25 11:00:00,,,,14.556500434875488,50.0,1015.7999877929688,4.248773097991943,0.0,13.10419750213623,290.924560546875,0.2100000232458114,14.606500625610352,0.2829999923706054,,,,,,,,,
1777118400000,2026-04-25 12:00:00,,,,15.906499862670898,42.0,1015.2999877929688,3.003664970397949,0.0,13.905508995056152,291.2505798339844,0.2300000041723251,15.856500625610352,0.2820000052452087,,,,,,,,,
1777122000000,2026-04-25 13:00:00,,,,16.6564998626709,34.0,1014.7000122070312,0.714020848274231,0.0,14.70722198486328,291.5410461425781,0.25,16.706501007080078,0.2809999883174896,,,,,,,,,
1777125600000,2026-04-25 14:00:00,,,,17.206501007080078,32.0,1014.2999877929688,0.3571643829345703,0.0,15.175612449645996,292.3062438964844,0.2399999946355819,17.056499481201172,0.2800000011920929,,,,,,,,,
1777129200000,2026-04-25 15:00:00,,,,17.1564998626709,34.0,1014.0,1.1544653177261353,0.0,14.70722198486328,291.5410461425781,0.2100000232458114,16.956501007080078,0.2790000140666961,,,,,,,,,
1777132800000,2026-04-25 16:00:00,,,,17.10650062561035,37.0,1013.5,2.292808532714844,0.0,14.241629600524902,290.72564697265625,0.1700000017881393,16.506500244140625,0.277999997138977,,,,,,,,,
1777136400000,2026-04-25 17:00:00,,,,16.4064998626709,39.0,1013.5,2.408324718475342,0.0,13.089353561401367,301.50421142578125,0.1099999994039535,15.756500244140623,0.2770000100135803,,,,,,,,,
1777140000000,2026-04-25 18:00:00,,,,15.106500625610352,39.0,1014.0999755859376,1.244509220123291,0.0,13.97987174987793,304.5085754394531,0.0599999986588954,14.806500434875488,0.2770000100135803,,,,,,,,,
1777143600000,2026-04-25 19:00:00,,,,13.756500244140623,44.0,1014.9000244140624,1.7106105089187622,0.0,12.979984283447266,303.6900939941406,0.0500000044703483,13.856500625610352,0.2770000100135803,,,,,,,,,
1777147200000,2026-04-25 20:00:00,,,,12.656499862670898,47.0,1015.4000244140624,1.6294933557510376,0.0,12.18162441253662,304.1597595214844,0.0500000044703483,13.056500434875488,0.2770000100135803,,,,,,,,,
1777150800000,2026-04-25 21:00:00,,,,11.306500434875488,56.0,1015.7999877929688,2.841315269470215,0.0,10.787993431091309,295.7098999023437,0.0399999991059303,12.156499862670898,0.2759999930858612,,,,,,,,,
1777154400000,2026-04-25 22:00:00,,,,10.556500434875488,63.0,1016.4000244140624,3.8044588565826416,0.0,13.27614402770996,310.6012268066406,0.0299999993294477,11.406499862670898,0.2759999930858612,,,,,,,,,
1777158000000,2026-04-25 23:00:00,,,,9.156499862670898,70.0,1017.4000244140624,3.969475507736206,0.0,13.246826171875,312.7973937988281,0.0299999993294477,10.806500434875488,0.2759999930858612,,,,,,,,,
1777161600000,2026-04-26 00:00:00,,,,8.706500053405762,68.0,1018.9000244140624,3.127019166946411,0.0,13.493998527526855,313.9191589355469,0.0199999995529651,11.556500434875488,0.277999997138977,,,,,,,,,
1777165200000,2026-04-26 01:00:00,,,,7.7064995765686035,63.0,1018.7999877929688,1.1033935546875,0.0,13.830748558044434,308.6598205566406,0.0199999995529651,10.856500625610352,0.277999997138977,,,,,,,,,
1777168800000,2026-04-26 02:00:00,,,,7.006499767303467,65.0,1020.2999877929688,0.873013973236084,0.0,15.98659324645996,305.8377380371094,0.0199999995529651,10.256500244140623,0.2790000140666961,,,,,,,,,
1777172400000,2026-04-26 03:00:00,,,,6.356499671936035,63.0,1021.2999877929688,-0.1766230463981628,0.0,11.885453224182127,305.13427734375,0.0199999995529651,9.656499862670898,0.2790000140666961,,,,,,,,,
1777176000000,2026-04-26 04:00:00,,,,5.706499576568604,71.0,1022.0999755859376,0.8558181524276733,0.0,9.511088371276855,299.4757995605469,0.0199999995529651,8.806500434875488,0.2790000140666961,,,,,,,,,
1777179600000,2026-04-26 05:00:00,,,,5.55649995803833,69.0,1023.2000122070312,0.3159302771091461,0.0,10.002559661865234,300.25634765625,0.0199999995529651,8.356500625610352,0.2790000140666961,,,,,,,,,
1777183200000,2026-04-26 06:00:00,,,,6.156499862670898,69.0,1024.199951171875,0.8908708095550537,0.0,10.587918281555176,305.311279296875,0.0299999993294477,8.656499862670898,0.2790000140666961,,,,,,,,,
1777186800000,2026-04-26 07:00:00,,,,7.05649995803833,66.0,1024.800048828125,1.1329054832458496,0.0,9.957107543945312,310.6012268066406,0.0500000044703483,9.606500625610352,0.2790000140666961,,,,,,,,,
1777190400000,2026-04-26 08:00:00,,,,8.306500434875488,62.0,1025.0,1.4486947059631348,0.0,8.78872013092041,304.9920959472656,0.0700000077486038,11.056500434875488,0.2790000140666961,,,,,,,,,
1777194000000,2026-04-26 09:00:00,,,,9.806500434875488,56.0,1025.199951171875,1.4392246007919312,0.0,8.089993476867676,302.275634765625,0.1099999994039535,12.806500434875488,0.277999997138977,,,,,,,,,
1777197600000,2026-04-26 10:00:00,,,,11.156499862670898,49.0,1025.300048828125,0.8329545855522156,0.0,8.396570205688477,300.96368408203125,0.1400000154972076,14.506500244140623,0.277999997138977,,,,,,,,,
1777201200000,2026-04-26 11:00:00,,,,12.306500434875488,41.0,1025.0,-0.5799229741096497,0.0,8.78872013092041,304.9920959472656,0.1599999964237213,15.856500625610352,0.2770000100135803,,,,,,,,,
1777204800000,2026-04-26 12:00:00,,,,12.956500053405762,36.0,1024.699951171875,-1.7742687463760376,0.0,10.245779991149902,288.4350280761719,0.1899999976158142,16.85650062561035,0.2770000100135803,,,,,,,,,
1777208400000,2026-04-26 13:00:00,,,,13.356500625610352,35.0,1024.5,-1.802340507507324,0.0,9.983105659484863,295.6409606933594,0.1800000071525573,17.10650062561035,0.2759999930858612,,,,,,,,,
1777212000000,2026-04-26 14:00:00,,,,13.806500434875488,34.0,1024.4000244140625,-1.7984938621520996,0.0,9.565437316894531,289.7989501953125,0.1800000071525573,17.206501007080078,0.2750000059604645,,,,,,,,,
1777215600000,2026-04-26 15:00:00,,,,14.006500244140623,34.0,1024.4000244140625,-1.622066855430603,0.0,9.5042724609375,307.30401611328125,0.1599999964237213,17.1564998626709,0.2739999890327453,,,,,,,,,
1777219200000,2026-04-26 16:00:00,,,,13.456500053405762,34.0,1024.199951171875,-2.1072819232940674,0.0,9.885261535644531,326.8886413574219,0.1299999952316284,16.456501007080078,0.2739999890327453,,,,,,,,,
1777222800000,2026-04-26 17:00:00,,,,13.056500434875488,40.0,1024.0,-0.2441043704748153,0.0,5.991593837738037,327.2647705078125,0.0799999982118606,15.306500434875488,0.2730000019073486,,,,,,,,,
1777226400000,2026-04-26 18:00:00,,,,12.106500625610352,39.0,1024.300048828125,-1.443631291389465,0.0,6.379216194152832,16.389616012573242,0.0399999991059303,14.056500434875488,0.2730000019073486,,,,,,,,,
1777230000000,2026-04-26 19:00:00,,,,10.806500434875488,47.0,1024.5999755859375,-0.0649125799536705,0.0,4.213691711425781,19.983198165893555,0.0199999995529651,12.756500244140623,0.2730000019073486,,,,,,,,,
1777233600000,2026-04-26 20:00:00,,,,9.656499862670898,52.0,1024.699951171875,0.2704677283763885,0.0,2.595996856689453,33.69010162353516,0.0099999997764825,11.656499862670898,0.2730000019073486,,,,,,,,,
1777237200000,2026-04-26 21:00:00,,,,8.706500053405762,56.0,1025.0,0.4106747210025787,0.0,1.1384198665618896,18.4350528717041,0.0099999997764825,10.706500053405762,0.2730000019073486,,,,,,,,,
1777240800000,2026-04-26 22:00:00,,,,8.256500244140625,56.0,1025.0999755859375,-0.0101806772872805,0.0,0.3599999845027923,180.0,0.0,9.756500244140623,0.2730000019073486,,,,,,,,,
1777244400000,2026-04-26 23:00:00,,,,7.80649995803833,56.0,1025.199951171875,-0.4310855865478515,0.0,2.545584201812744,98.13002014160156,0.0,8.956500053405762,0.2739999890327453,,,,,,,,,
1777248000000,2026-04-27 00:00:00,,,,4.356499671936035,92.0,1025.300048828125,3.1708292961120605,0.0,2.3051247596740723,141.3401641845703,0.0,7.30649995803833,0.2730000019073486,,,,,,,,,
1777251600000,2026-04-27 01:00:00,,,,3.8564999103546143,91.0,1025.199951171875,2.52165961265564,0.0,2.189794540405273,99.46224975585938,0.0,6.756499767303467,0.2739999890327453,,,,,,,,,
1777255200000,2026-04-27 02:00:00,,,,3.256500005722046,91.0,1025.699951171875,1.9281222820281985,0.0,2.3051247596740723,128.6598358154297,0.0,6.30649995803833,0.2750000059604645,,,,,,,,,
1777258800000,2026-04-27 03:00:00,,,,3.006500005722046,89.0,1025.699951171875,1.3705042600631714,0.0,3.219938039779663,116.5649871826172,0.0,5.906499862670898,0.2750000059604645,,,,,,,,,
1777262400000,2026-04-27 04:00:00,,,,2.7065000534057617,89.0,1025.5,1.0744781494140625,0.0,1.938659191131592,111.80147552490234,0.0,5.506499767303467,0.2759999930858612,,,,,,,,,
1777266000000,2026-04-27 05:00:00,,,,3.2065000534057617,88.0,1025.4000244140625,1.410122036933899,0.0,2.4149534702301025,116.5649871826172,0.0,5.356499671936035,0.2759999930858612,,,,,,,,,
1777269600000,2026-04-27 06:00:00,,,,5.206499576568604,78.0,1025.5,1.682714343070984,0.0,3.3190360069274902,130.60121154785156,0.0199999995529651,6.05649995803833,0.2759999930858612,,,,,,,,,
1777273200000,2026-04-27 07:00:00,,,,7.756499767303467,70.0,1025.5,2.6263175010681152,0.0,2.099142551422119,120.96369171142578,0.0700000077486038,7.55649995803833,0.2770000100135803,,,,,,,,,
1777276800000,2026-04-27 08:00:00,,,,10.606500625610352,57.0,1025.4000244140625,2.4358069896698,0.0,0.5091168880462646,135.00010681152344,0.1400000154972076,9.456500053405762,0.2770000100135803,,,,,,,,,
1777280400000,2026-04-27 09:00:00,,,,12.606500625610352,42.0,1025.0999755859375,0.0224453769624233,0.0,1.1384198665618896,18.4350528717041,0.2399999946355819,11.256500244140623,0.2759999930858612,,,,,,,,,
1777284000000,2026-04-27 10:00:00,,,,13.706500053405762,43.0,1024.5999755859375,1.3442394733428955,0.0,0.8049845099449158,26.564985275268555,0.3000000119209289,13.006500244140623,0.2759999930858612,,,,,,,,,
1777287600000,2026-04-27 11:00:00,,,,14.456500053405762,46.0,1024.0999755859375,2.9728541374206543,0.0,1.527350664138794,315.0000915527344,0.2900000214576721,14.256500244140623,0.2750000059604645,,,,,,,,,
1777291200000,2026-04-27 12:00:00,,,,15.256500244140623,42.0,1023.5999755859376,2.416754007339477,0.0,6.439876079559326,333.4350280761719,0.2800000309944153,15.506500244140623,0.2750000059604645,,,,,,,,,
1777294800000,2026-04-27 13:00:00,,,,15.756500244140623,34.0,1023.0999755859376,-0.0790379121899604,0.0,6.489992141723633,3.179771900177002,0.3000000119209289,16.456501007080078,0.2739999890327453,,,,,,,,,
1777298400000,2026-04-27 14:00:00,,,,15.956500053405762,38.0,1022.5,1.6419527530670166,0.0,4.802999019622803,12.994629859924316,0.270000010728836,16.85650062561035,0.2739999890327453,,,,,,,,,
1777302000000,2026-04-27 15:00:00,,,,15.606500625610352,37.0,1022.2000122070312,0.9583375453948976,0.0,9.107358932495115,18.4350528717041,0.2100000232458114,16.506500244140625,0.2730000019073486,,,,,,,,,
1777305600000,2026-04-27 16:00:00,,,,15.156499862670898,43.0,1022.0,2.657609701156616,0.0,6.130578994750977,3.3664000034332275,0.1599999964237213,15.656499862670898,0.2730000019073486,,,,,,,,,
1777309200000,2026-04-27 17:00:00,,,,14.256500244140623,47.0,1021.9000244140624,3.094071626663208,0.0,7.56856632232666,357.27374267578125,0.1099999994039535,14.756500244140623,0.2730000019073486,,,,,,,,,
1777312800000,2026-04-27 18:00:00,,,,12.856500625610352,57.0,1022.0999755859376,4.542581558227539,0.0,4.379589080810547,9.462247848510742,0.0599999986588954,13.756500244140623,0.2730000019073486,,,,,,,,,
1777316400000,2026-04-27 19:00:00,,,,10.956500053405762,64.0,1022.5,4.408332824707031,0.0,2.4149534702301025,26.564985275268555,0.0199999995529651,12.556500434875488,0.2739999890327453,,,,,,,,,
1777320000000,2026-04-27 20:00:00,,,,9.606500625610352,65.0,1022.7000122070312,3.346395492553711,0.0,1.938659191131592,68.19853210449219,0.0,11.356500625610352,0.2739999890327453,,,,,,,,,
1777323600000,2026-04-27 21:00:00,,,,9.156499862670898,66.0,1022.7000122070312,3.13420844078064,0.0,1.4843180179595947,165.96372985839844,0.0,10.406499862670898,0.2739999890327453,,,,,,,,,
1777327200000,2026-04-27 22:00:00,,,,9.056500434875488,64.0,1022.5999755859376,2.60468864440918,0.0,2.9024126529693604,119.74478912353516,0.0,9.606500625610352,0.2750000059604645,,,,,,,,,
1777330800000,2026-04-27 23:00:00,,,,7.156499862670898,75.0,1022.5999755859376,3.0219180583953857,0.0,1.8356469869613647,101.30989837646484,0.0099999997764825,8.956500053405762,0.2750000059604645,,,,,,,,,
1777334400000,2026-04-28 00:00:00,,,,7.80649995803833,76.0,1022.2000122070312,3.8389036655426025,0.0,3.219938039779663,296.5649719238281,0.0,8.706500053405762,0.2709999978542328,,,,,,,,,
1777338000000,2026-04-28 01:00:00,,,,5.956499576568604,80.0,1022.5999755859376,2.768142938613892,0.0,2.620839357376098,344.0545349121094,0.0,8.156499862670898,0.2720000147819519,,,,,,,,,
1777341600000,2026-04-28 02:00:00,,,,5.156499862670898,81.0,1022.9000244140624,2.162705898284912,0.0,1.6099690198898315,333.4350280761719,0.0099999997764825,7.656499862670898,0.2720000147819519,,,,,,,,,
1777345200000,2026-04-28 03:00:00,,,,4.906499862670898,82.0,1023.0,2.090698719024658,0.0,2.5199999809265137,360.0,0.0099999997764825,7.256499767303467,0.2720000147819519,,,,,,,,,
1777348800000,2026-04-28 04:00:00,,,,4.856499671936035,80.0,1023.2000122070312,1.6960724592208862,0.0,2.9024126529693604,352.87506103515625,0.0099999997764825,6.906499862670898,0.2730000019073486,,,,,,,,,
1777352400000,2026-04-28 05:00:00,,,,5.106499671936035,69.0,1023.5,-0.1153138428926467,0.0,4.0249223709106445,63.43501281738281,0.0099999997764825,6.80649995803833,0.2730000019073486,,,,,,,,,
1777356000000,2026-04-28 06:00:00,,,,6.256499767303467,67.0,1023.7999877929688,0.5784700512886047,0.0,4.802999019622803,102.99462127685548,0.0399999991059303,7.356499671936035,0.2730000019073486,,,,,,,,,
1777359600000,2026-04-28 07:00:00,,,,7.656499862670898,64.0,1024.0,1.2752426862716677,0.0,3.239999771118164,90.0,0.0799999982118606,8.506500244140625,0.2730000019073486,,,,,,,,,
1777363200000,2026-04-28 08:00:00,,,,10.006500244140623,57.0,1024.199951171875,1.873796820640564,0.0,3.5999999046325684,36.86999130249024,0.1299999952316284,10.206500053405762,0.2730000019073486,,,,,,,,,
1777366800000,2026-04-28 09:00:00,,,,11.956500053405762,49.0,1023.9000244140624,1.5691989660263062,0.0,7.491114139556885,54.782325744628906,0.2000000178813934,12.206500053405762,0.2730000019073486,,,,,,,,,
1777370400000,2026-04-28 10:00:00,,,,13.356500625610352,45.0,1023.7000122070312,1.6609681844711304,0.0,7.9932966232299805,54.16226959228516,0.25,13.906499862670898,0.2720000147819519,,,,,,,,,
1777374000000,2026-04-28 11:00:00,,,,14.656499862670898,41.0,1023.2999877929688,1.5378844738006592,0.0,9.5042724609375,52.69597625732422,0.270000010728836,15.356500625610352,0.2720000147819519,,,,,,,,,
1777377600000,2026-04-28 12:00:00,,,,15.406499862670898,38.0,1023.2000122070312,1.151010274887085,0.0,11.212135314941406,47.60262298583984,0.2900000214576721,16.4064998626709,0.2709999978542328,,,,,,,,,
1777381200000,2026-04-28 13:00:00,,,,15.706500053405762,36.0,1023.0,0.6668421626091003,0.0,12.18162441253662,34.15974426269531,0.2800000309944153,17.006500244140625,0.270000010728836,,,,,,,,,
1777384800000,2026-04-28 14:00:00,,,,15.456500053405762,32.0,1022.9000244140624,-1.1742371320724487,0.0,12.096214294433594,36.52894592285156,0.25,17.10650062561035,0.270000010728836,,,,,,,,,
1777388400000,2026-04-28 15:00:00,,,,15.156499862670898,30.0,1022.7000122070312,-2.313168525695801,0.0,11.480557441711426,41.18582534790039,0.2300000041723251,16.806499481201172,0.2689999938011169,,,,,,,,,
1777392000000,2026-04-28 16:00:00,,,,14.456500053405762,25.0,1022.7999877929688,-5.35097074508667,0.0,10.630672454833984,61.6993408203125,0.1899999976158142,16.056499481201172,0.2689999938011169,,,,,,,,,
1777395600000,2026-04-28 17:00:00,,,,13.556500434875488,28.0,1022.9000244140624,-4.62361478805542,0.0,10.195056915283203,42.13753128051758,0.1400000154972076,15.006500244140623,0.2680000066757202,,,,,,,,,
1777399200000,2026-04-28 18:00:00,,,,11.706500053405762,32.0,1023.5,-4.460301876068115,0.0,7.65370512008667,41.18583679199219,0.0900000035762786,13.606500625610352,0.2680000066757202,,,,,,,,,
1777402800000,2026-04-28 19:00:00,,,,9.106500625610352,43.0,1024.4000244140625,-2.827046155929565,0.0,5.191993713378906,33.69010162353516,0.0500000044703483,12.106500625610352,0.2680000066757202,,,,,,,,,
1777406400000,2026-04-28 20:00:00,,,,7.55649995803833,47.0,1025.0999755859375,-3.044132947921753,0.0,4.072935104370117,44.99989700317383,0.0199999995529651,10.656499862670898,0.2680000066757202,,,,,,,,,
1777410000000,2026-04-28 21:00:00,,,,6.656499862670898,46.0,1025.5,-4.156573295593262,0.0,3.396233081817627,57.994659423828125,0.0199999995529651,9.456500053405762,0.2689999938011169,,,,,,,,,
1777413600000,2026-04-28 22:00:00,,,,6.206499576568604,45.0,1025.9000244140625,-4.859910011291504,0.0,2.741678237915039,113.19862365722656,0.0099999997764825,8.456500053405762,0.2689999938011169,,,,,,,,,
1777417200000,2026-04-28 23:00:00,,,,5.506499767303467,49.0,1026.0,-4.372143268585205,0.0,1.4399999380111694,180.0,0.0,7.606499671936035,0.2689999938011169,,,,,,,,,
1777420800000,2026-04-29 00:00:00,,,,5.05649995803833,58.0,1025.9000244140625,-2.531430959701538,0.0,2.879999876022339,90.0,0.0099999997764825,7.30649995803833,0.2639999985694885,,,,,,,,,
1777424400000,2026-04-29 01:00:00,,,,3.55649995803833,69.0,1026.300048828125,-1.6009613275527954,0.0,2.9024126529693604,7.124929904937744,0.0099999997764825,6.706499576568604,0.2649999856948852,,,,,,,,,
1777428000000,2026-04-29 02:00:00,,,,2.55649995803833,77.0,1027.0999755859375,-1.0694752931594849,0.0,0.5091168880462646,315.0000915527344,0.0,6.106499671936035,0.2649999856948852,,,,,,,,,
1777431600000,2026-04-29 03:00:00,,,,2.656500101089477,76.0,1027.199951171875,-1.151092290878296,0.0,2.3051247596740723,141.3401641845703,0.0,5.606499671936035,0.2660000026226043,,,,,,,,,
1777435200000,2026-04-29 04:00:00,,,,1.506500005722046,82.0,1027.4000244140625,-1.2330331802368164,0.0,2.595996856689453,123.69009399414062,0.0,5.156499862670898,0.2660000026226043,,,,,,,,,
1777438800000,2026-04-29 05:00:00,,,,2.05649995803833,79.0,1027.699951171875,-1.2052420377731323,0.0,2.099142551422119,120.96369171142578,0.0099999997764825,4.956499576568604,0.2660000026226043,,,,,,,,,
1777442400000,2026-04-29 06:00:00,,,,4.406499862670898,68.0,1028.0999755859375,-0.986047625541687,0.0,0.5091168880462646,44.99989700317383,0.0299999993294477,5.456499576568604,0.2669999897480011,,,,,,,,,
1777446000000,2026-04-29 07:00:00,,,,6.856499671936035,58.0,1028.199951171875,-0.8402271270751953,0.0,2.0364675521850586,44.99989700317383,0.0700000077486038,6.856499671936035,0.2669999897480011,,,,,,,,,
1777449600000,2026-04-29 08:00:00,,,,9.056500434875488,50.0,1028.5,-0.8242031335830688,0.0,5.116561412811279,50.71061706542969,0.1299999952316284,8.906499862670898,0.2669999897480011,,,,,,,,,
1777453200000,2026-04-29 09:00:00,,,,10.656499862670898,43.0,1028.4000244140625,-1.4206995964050293,0.0,9.693296432495115,58.67136764526367,0.1899999976158142,10.956500053405762,0.2669999897480011,,,,,,,,,
1777456800000,2026-04-29 10:00:00,,,,11.556500434875488,38.0,1028.5999755859375,-2.288809299468994,0.0,11.486200332641602,57.80430221557617,0.2399999946355819,12.556500434875488,0.2660000026226043,,,,,,,,,
1777460400000,2026-04-29 11:00:00,,,,12.306500434875488,33.0,1028.4000244140625,-3.5227112770080566,0.0,10.739831924438477,50.44037628173828,0.2599999904632568,13.856500625610352,0.2660000026226043,,,,,,,,,
1777464000000,2026-04-29 12:00:00,,,,12.856500625610352,29.0,1028.300048828125,-4.763852596282959,0.0,12.18162441253662,34.15974426269531,0.270000010728836,14.856500625610352,0.2649999856948852,,,,,,,,,
1777467600000,2026-04-29 13:00:00,,,,13.156499862670898,26.0,1028.0999755859375,-5.945511817932129,0.0,12.594856262207031,30.963695526123047,0.2599999904632568,15.356500625610352,0.2639999985694885,,,,,,,,,
1777471200000,2026-04-29 14:00:00,,,,13.106500625610352,26.0,1028.199951171875,-5.988333225250244,0.0,12.55879020690918,27.299489974975582,0.2399999946355819,15.506500244140623,0.2639999985694885,,,,,,,,,
1777474800000,2026-04-29 15:00:00,,,,12.706500053405762,25.0,1028.4000244140625,-6.842873573303223,0.0,13.97987174987793,34.50859069824219,0.2100000232458114,15.156499862670898,0.2630000114440918,,,,,,,,,
1777478400000,2026-04-29 16:00:00,,,,12.156499862670898,24.0,1028.5999755859375,-7.840446949005127,0.0,11.486200332641602,57.80430221557617,0.1800000071525573,14.406499862670898,0.2630000114440918,,,,,,,,,
1777482000000,2026-04-29 17:00:00,,,,11.306500434875488,29.0,1028.699951171875,-6.108304500579834,0.0,10.464797973632812,86.05489349365234,0.1299999952316284,13.406499862670898,0.2619999945163727,,,,,,,,,
1777485600000,2026-04-29 18:00:00,,,,9.806500434875488,29.0,1029.5,-7.410455703735352,0.0,9.504273414611816,65.37645721435547,0.0799999982118606,12.106500625610352,0.2619999945163727,,,,,,,,,
1777489200000,2026-04-29 19:00:00,,,,7.506499767303467,41.0,1030.4000244140625,-4.911779880523682,0.0,6.0346999168396,72.64588928222656,0.0500000044703483,10.706500053405762,0.2619999945163727,,,,,,,,,
1777492800000,2026-04-29 20:00:00,,,,6.356499671936035,44.0,1031.0,-5.020528316497803,0.0,5.399999618530273,90.0,0.0299999993294477,9.456500053405762,0.2630000114440918,,,,,,,,,
1777496400000,2026-04-29 21:00:00,,,,5.156499862670898,50.0,1031.699951171875,-4.426663875579834,0.0,4.510787010192871,151.38963317871094,0.0199999995529651,8.406499862670898,0.2630000114440918,,,,,,,,,
1777500000000,2026-04-29 22:00:00,,,,4.206499576568604,56.0,1032.300048828125,-3.800114631652832,0.0,2.9024126529693604,119.74478912353516,0.0099999997764825,7.406499862670898,0.2630000114440918,,,,,,,,,
1777503600000,2026-04-29 23:00:00,,,,2.9565000534057617,64.0,1032.699951171875,-3.1906654834747314,0.0,3.3190360069274902,130.60121154785156,0.0099999997764825,6.606499671936035,0.2630000114440918,,,,,,,,,
1777507200000,2026-04-30 00:00:00,,,,2.30649995803833,74.0,1032.4000244140625,-1.8530361652374268,0.0,3.563817977905273,135.00010681152344,0.0099999997764825,5.80649995803833,0.2590000033378601,,,,,,,,,
1777510800000,2026-04-30 01:00:00,,,,1.55649995803833,73.0,1032.800048828125,-2.7613744735717773,0.0,4.104631423950195,142.1249542236328,0.0099999997764825,5.206499576568604,0.2590000033378601,,,,,,,,,
1777514400000,2026-04-30 02:00:00,,,,1.006500005722046,74.0,1032.699951171875,-3.109442710876465,0.0,2.811689853668213,129.80552673339844,0.0099999997764825,4.656499862670898,0.2590000033378601,,,,,,,,,
1777518000000,2026-04-30 03:00:00,,,,0.4564999938011169,75.0,1033.0,-3.461341142654419,0.0,3.3190360069274902,130.60121154785156,0.0099999997764825,4.206499576568604,0.2599999904632568,,,,,,,,,
1777521600000,2026-04-30 04:00:00,,,,-0.0434999987483024,78.0,1033.300048828125,-3.4208309650421143,0.0,3.096837043762207,125.53776550292967,0.0099999997764825,3.756500005722046,0.2599999904632568,,,,,,,,,
1777525200000,2026-04-30 05:00:00,,,,0.3065000176429748,75.0,1033.800048828125,-3.6065542697906494,0.0,3.096837043762207,125.53776550292967,0.0099999997764825,3.6064999103546143,0.2610000073909759,,,,,,,,,
1777528800000,2026-04-30 06:00:00,,,,1.9565000534057613,68.0,1034.0999755859375,-3.330932378768921,0.0,2.811689853668213,129.80552673339844,0.0199999995529651,4.206499576568604,0.2610000073909759,,,,,,,,,
1777532400000,2026-04-30 07:00:00,,,,4.856499671936035,58.0,1034.0,-2.719389200210572,0.0,1.1384198665618896,108.43504333496094,0.0599999986588954,5.606499671936035,0.2610000073909759,,,,,,,,,
1777536000000,2026-04-30 08:00:00,,,,8.256500244140625,43.0,1033.5,-3.598615884780884,0.0,0.3599999845027923,90.0,0.1299999952316284,7.506499767303467,0.2610000073909759,,,,,,,,,
1777539600000,2026-04-30 09:00:00,,,,10.606500625610352,37.0,1033.199951171875,-3.4962377548217773,0.0,1.1384198665618896,161.56495666503906,0.2100000232458114,9.556500434875488,0.2610000073909759,,,,,,,,,
1777543200000,2026-04-30 10:00:00,,,,12.006500244140623,40.0,1032.800048828125,-1.188071846961975,0.0,0.7199999690055847,360.0,0.25,11.606500625610352,0.2599999904632568,,,,,,,,,
1777546800000,2026-04-30 11:00:00,,,,13.756500244140623,35.0,1032.300048828125,-1.4482743740081787,0.0,3.3190360069274902,77.47119903564453,0.270000010728836,13.356500625610352,0.2599999904632568,,,,,,,,,
1777550400000,2026-04-30 12:00:00,,,,14.756500244140623,32.0,1031.5,-1.7871699333190918,0.0,6.696386814117432,53.74607849121094,0.2900000214576721,15.106500625610352,0.2590000033378601,,,,,,,,,
1777554000000,2026-04-30 13:00:00,,,,15.156499862670898,32.0,1031.0999755859375,-1.436896562576294,0.0,7.145795822143555,40.91429901123047,0.2800000309944153,16.10650062561035,0.257999986410141,,,,,,,,,
1777557600000,2026-04-30 14:00:00,,,,15.256500244140623,37.0,1030.5,0.6468332409858704,0.0,7.895416259765625,24.22773551940918,0.25,16.506500244140625,0.2569999992847442,,,,,,,,,
1777561200000,2026-04-30 15:00:00,,,,15.556500434875488,36.0,1030.300048828125,0.5337695479393005,0.0,7.636752605438232,44.99989700317383,0.2100000232458114,16.456501007080078,0.2569999992847442,,,,,,,,,
1777564800000,2026-04-30 16:00:00,,,,15.106500625610352,39.0,1030.0999755859375,1.244509220123291,0.0,6.830519199371338,18.4350528717041,0.1700000017881393,15.906499862670898,0.2560000121593475,,,,,,,,,
1777568400000,2026-04-30 17:00:00,,,,14.556500434875488,41.0,1030.0999755859375,1.4478070735931396,0.0,7.695919990539551,10.784257888793944,0.1199999973177909,14.956500053405762,0.2560000121593475,,,,,,,,,
1777572000000,2026-04-30 18:00:00,,,,13.156499862670898,50.0,1030.0999755859375,2.958292007446289,0.0,4.349896430969238,24.443952560424805,0.0700000077486038,13.706500053405762,0.2560000121593475,,,,,,,,,
1777575600000,2026-04-30 19:00:00,,,,11.106500625610352,64.0,1030.300048828125,4.550697326660156,0.0,1.6099690198898315,63.43501281738281,0.0099999997764825,12.206500053405762,0.2560000121593475,,,,,,,,,
1777579200000,2026-04-30 20:00:00,,,,9.906499862670898,70.0,1030.4000244140625,4.688897132873535,0.0,0.7199999690055847,360.0,0.0,10.906499862670898,0.2560000121593475,,,,,,,,,
1777582800000,2026-04-30 21:00:00,,,,9.006500244140625,73.0,1030.5999755859375,4.424053192138672,0.0,1.7999999523162842,126.86998748779295,0.0,9.906499862670898,0.2569999992847442,,,,,,,,,
1777586400000,2026-04-30 22:00:00,,,,7.05649995803833,76.0,1030.9000244140625,3.112406015396118,0.0,2.9024126529693604,172.8750762939453,0.0,9.056500434875488,0.2569999992847442,,,,,,,,,
1777590000000,2026-04-30 23:00:00,,,,5.856499671936035,82.0,1031.0999755859375,3.019203424453736,0.0,1.6099690198898315,153.4350128173828,0.0099999997764825,8.306500434875488,0.2569999992847442,,,,,,,,,
1777593600000,2026-05-01 00:00:00,,,,6.406499862670898,82.0,1030.4000244140625,3.5567219257354736,0.0,2.595996856689453,146.30990600585938,0.0099999997764825,8.456500053405762,0.2540000081062317,,,,,,,,,
1777597200000,2026-05-01 01:00:00,,,,5.756499767303467,82.0,1029.9000244140625,2.921469688415528,0.0,2.545584201812744,135.00010681152344,0.0,7.80649995803833,0.2540000081062317,,,,,,,,,
1777600800000,2026-05-01 02:00:00,,,,5.256499767303467,81.0,1030.199951171875,2.2603068351745605,0.0,1.7999999523162842,180.0,0.0,7.256499767303467,0.2549999952316284,,,,,,,,,
1777604400000,2026-05-01 03:00:00,,,,4.856499671936035,82.0,1030.5,2.04182767868042,0.0,2.545584201812744,135.00010681152344,0.0,6.80649995803833,0.2549999952316284,,,,,,,,,
1777608000000,2026-05-01 04:00:00,,,,4.256499767303467,85.0,1030.5999755859375,1.957826375961304,0.0,3.054701328277588,135.00010681152344,0.0,6.406499862670898,0.2549999952316284,,,,,,,,,
1777611600000,2026-05-01 05:00:00,,,,4.55649995803833,84.0,1030.800048828125,2.0861544609069824,0.0,2.9024126529693604,119.74478912353516,0.0099999997764825,6.256499767303467,0.2560000121593475,,,,,,,,,
1777615200000,2026-05-01 06:00:00,,,,6.55649995803833,79.0,1030.9000244140625,3.174712896347046,0.0,2.4149534702301025,116.5649871826172,0.0199999995529651,7.05649995803833,0.2560000121593475,,,,,,,,,
1777618800000,2026-05-01 07:00:00,,,,9.606500625610352,67.0,1030.800048828125,3.7766287326812735,0.0,0.8049845099449158,63.43501281738281,0.0700000077486038,8.706500053405762,0.2560000121593475,,,,,,,,,
1777622400000,2026-05-01 08:00:00,,,,13.256500244140623,53.0,1030.5,3.87704873085022,0.0,1.2979984283447266,326.3099060058594,0.1299999952316284,10.756500244140623,0.2560000121593475,,,,,,,,,
1777626000000,2026-05-01 09:00:00,,,,16.006500244140625,43.0,1030.0999755859375,3.4271841049194336,0.0,4.394360065460205,304.9920959472656,0.2100000232458114,13.306500434875488,0.2560000121593475,,,,,,,,,
1777629600000,2026-05-01 10:00:00,,,,17.6564998626709,42.0,1029.699951171875,4.583078384399414,0.0,5.191993713378906,303.6900939941406,0.2599999904632568,15.706500053405762,0.2549999952316284,,,,,,,,,
1777633200000,2026-05-01 11:00:00,,,,19.05649948120117,41.0,1029.199951171875,5.497861385345459,0.0,5.351784706115723,317.72637939453125,0.2800000309944153,17.60650062561035,0.2540000081062317,,,,,,,,,
1777636800000,2026-05-01 12:00:00,,,,19.95650100708008,36.0,1028.5999755859375,4.433544158935547,0.0,5.692099571228027,341.56494140625,0.2900000214576721,19.05649948120117,0.2529999911785126,,,,,,,,,
1777640400000,2026-05-01 13:00:00,,,,20.506500244140625,35.0,1027.800048828125,4.516777038574219,0.0,4.896529197692871,342.8971862792969,0.2800000309944153,20.006500244140625,0.2520000040531158,,,,,,,,,
1777644000000,2026-05-01 14:00:00,,,,20.80649948120117,36.0,1027.199951171875,5.186019420623779,0.0,4.349896430969238,335.5560607910156,0.2599999904632568,20.506500244140625,0.2520000040531158,,,,,,,,,
1777647600000,2026-05-01 15:00:00,,,,20.85650062561035,38.0,1026.699951171875,6.010714054107666,0.0,5.692099094390869,325.3047790527344,0.2199999988079071,20.506500244140625,0.2509999871253967,,,,,,,,,
1777651200000,2026-05-01 16:00:00,,,,20.6564998626709,37.0,1026.5,5.447566032409668,0.0,6.1516828536987305,339.4438781738281,0.1700000017881393,19.95650100708008,0.25,,,,,,,,,
1777654800000,2026-05-01 17:00:00,,,,19.9064998626709,41.0,1026.199951171875,6.262063980102539,0.0,5.154415607452393,347.9052734375,0.1199999973177909,18.95650100708008,0.25,,,,,,,,,
1777658400000,2026-05-01 18:00:00,,,,18.6564998626709,48.0,1026.199951171875,7.425540447235107,0.0,3.2599384784698486,6.340100288391113,0.0500000044703483,17.6564998626709,0.248999997973442,,,,,,,,,
1777662000000,2026-05-01 19:00:00,,,,16.556499481201172,57.0,1026.4000244140625,8.004439353942871,0.0,2.9024126529693604,29.74479484558105,0.0099999997764825,16.006500244140625,0.25,,,,,,,,,
1777665600000,2026-05-01 20:00:00,,,,14.156499862670898,70.0,1026.5999755859375,8.763960838317871,0.0,2.27683973312378,108.43504333496094,0.0,14.506500244140623,0.25,,,,,,,,,
1777669200000,2026-05-01 21:00:00,,,,12.306500434875488,70.0,1026.699951171875,6.9904561042785645,0.0,3.396233081817627,122.0053482055664,0.0099999997764825,13.256500244140623,0.25,,,,,,,,,
1777672800000,2026-05-01 22:00:00,,,,10.656499862670898,77.0,1027.0,6.78928804397583,0.0,3.096837043762207,144.4622344970703,0.0099999997764825,12.156499862670898,0.25,,,,,,,,,
1777676400000,2026-05-01 23:00:00,,,,9.506500244140623,80.0,1027.0,6.227180004119873,0.0,3.3190360069274902,139.39878845214844,0.0099999997764825,11.256500244140623,0.2509999871253967,,,,,,,,,
1777680000000,2026-05-02 00:00:00,,,,8.456500053405762,83.0,1026.0999755859375,5.734967231750488,0.0,2.9024126529693604,150.2552032470703,0.0099999997764825,10.556500434875488,0.2479999959468841,,,,,,,,,
1777683600000,2026-05-02 01:00:00,,,,8.006500244140625,78.0,1025.699951171875,4.403353214263916,0.0,2.9024126529693604,150.2552032470703,0.0,9.806500434875488,0.248999997973442,,,,,,,,,
1777687200000,2026-05-02 02:00:00,,,,7.256499767303467,77.0,1025.800048828125,3.4914791584014893,0.0,4.33497428894043,138.36654663085938,0.0099999997764825,9.206500053405762,0.248999997973442,,,,,,,,,
1777690800000,2026-05-02 03:00:00,,,,6.706499576568604,79.0,1025.5999755859375,3.320674180984497,0.0,3.3190360069274902,130.60121154785156,0.0099999997764825,8.706500053405762,0.25,,,,,,,,,
1777694400000,2026-05-02 04:00:00,,,,6.206499576568604,81.0,1025.5999755859375,3.187475681304932,0.0,3.826852560043335,131.18582153320312,0.0099999997764825,8.206500053405762,0.25,,,,,,,,,
1777698000000,2026-05-02 05:00:00,,,,7.006499767303467,81.0,1025.5999755859375,3.9681825637817374,0.0,3.563817977905273,135.00010681152344,0.0099999997764825,8.106500625610352,0.25,,,,,,,,,
1777701600000,2026-05-02 06:00:00,,,,9.706500053405762,72.0,1025.5999755859375,4.9006876945495605,0.0,3.826852560043335,131.18582153320312,0.0299999993294477,9.006500244140625,0.2509999871253967,,,,,,,,,
1777705200000,2026-05-02 07:00:00,,,,13.006500244140623,60.0,1024.9000244140625,5.4200053215026855,0.0,3.5999999046325684,143.13002014160156,0.0900000035762786,10.856500625610352,0.2509999871253967,,,,,,,,,
1777708800000,2026-05-02 08:00:00,,,,16.85650062561035,53.0,1024.0999755859375,7.2166643142700195,0.0,3.3190360069274902,130.60121154785156,0.1599999964237213,13.256500244140623,0.2509999871253967,,,,,,,,,
1777712400000,2026-05-02 09:00:00,,,,20.60650062561035,46.0,1023.2999877929688,8.580568313598633,0.0,5.804825305938721,119.74478912353516,0.2300000041723251,15.906499862670898,0.2509999871253967,,,,,,,,,
1777716000000,2026-05-02 10:00:00,,,,23.35650062561035,29.0,1022.4000244140624,4.314279079437256,0.0,8.714676856994629,128.2902069091797,0.3199999928474426,18.45650100708008,0.25,,,,,,,,,
1777719600000,2026-05-02 11:00:00,,,,24.35650062561035,25.0,1021.9000244140624,3.059654951095581,0.0,12.229406356811523,132.61402893066406,0.3700000345706939,20.256500244140625,0.248999997973442,,,,,,,,,
1777723200000,2026-05-02 12:00:00,,,,25.05649948120117,24.0,1021.0,3.073864459991455,0.0,12.218805313110352,135.00010681152344,0.3600000143051147,21.506500244140625,0.2479999959468841,,,,,,,,,
1777726800000,2026-05-02 13:00:00,,,,25.506500244140625,24.0,1020.0,3.453041315078736,0.0,9.826087951660156,151.5571746826172,0.3400000035762787,22.4064998626709,0.2469999939203262,,,,,,,,,
1777730400000,2026-05-02 14:00:00,,,,25.9064998626709,22.0,1019.0,2.558619260787964,0.0,11.525623321533203,141.3401641845703,0.3100000023841858,22.95650100708008,0.2460000067949295,,,,,,,,,
1777734000000,2026-05-02 15:00:00,,,,25.55649948120117,21.0,1018.5,1.614944577217102,0.0,12.783802032470703,147.652587890625,0.2800000309944153,22.85650062561035,0.2450000047683715,,,,,,,,,
1777737600000,2026-05-02 16:00:00,,,,25.006500244140625,21.0,1018.2000122070312,1.1585410833358765,0.0,12.879752159118652,153.4350128173828,0.2300000041723251,22.256500244140625,0.2450000047683715,,,,,,,,,
1777741200000,2026-05-02 17:00:00,,,,23.95650100708008,22.0,1017.7999877929688,0.9314709901809692,0.0,12.287554740905762,148.17259216308594,0.1700000017881393,21.30649948120117,0.2440000027418136,,,,,,,,,
1777744800000,2026-05-02 18:00:00,,,,21.45650100708008,30.0,1017.5,3.154129266738892,0.0,7.127635955810547,135.00010681152344,0.1099999994039535,20.006500244140625,0.2440000027418136,,,,,,,,,
1777748400000,2026-05-02 19:00:00,,,,18.4064998626709,38.0,1017.5999755859376,3.827472448348999,0.0,5.9044389724731445,127.56866455078124,0.0500000044703483,18.30649948120117,0.2440000027418136,,,,,,,,,
1777752000000,2026-05-02 20:00:00,,,,16.256500244140625,42.0,1017.7000122070312,3.31963324546814,0.0,5.623379707336426,129.80552673339844,0.0399999991059303,16.806499481201172,0.2440000027418136,,,,,,,,,
1777755600000,2026-05-02 21:00:00,,,,14.456500053405762,48.0,1017.7999877929688,3.575648069381714,0.0,5.86037540435791,137.48959350585938,0.0299999993294477,15.556500434875488,0.2440000027418136,,,,,,,,,
1777759200000,2026-05-02 22:00:00,,,,13.306500434875488,53.0,1017.7999877929688,3.923457622528076,0.0,5.9044389724731445,142.43133544921875,0.0299999993294477,14.506500244140623,0.2440000027418136,,,,,,,,,
1777762800000,2026-05-02 23:00:00,,,,12.456500053405762,58.0,1017.4000244140624,4.416501045227051,0.0,5.692099094390869,145.30477905273438,0.0299999993294477,13.706500053405762,0.2450000047683715,,,,,,,,,
1777766400000,2026-05-03 00:00:00,,,,11.856500625610352,64.0,1016.7999877929688,5.262448787689209,0.0,4.896529674530029,143.9725341796875,0.0199999995529651,13.206500053405762,0.2409999966621399,,,,,,,,,
1777770000000,2026-05-03 01:00:00,,,,11.206500053405762,65.0,1016.0,4.8678483963012695,0.0,4.349896430969238,155.55606079101562,0.0099999997764825,12.506500244140623,0.2409999966621399,,,,,,,,,
1777773600000,2026-05-03 02:00:00,,,,10.956500053405762,66.0,1016.2000122070312,4.84897518157959,0.0,4.829906940460205,153.4350128173828,0.0099999997764825,11.906499862670898,0.2409999966621399,,,,,,,,,
1777777200000,2026-05-03 03:00:00,,,,11.056500434875488,63.0,1016.0999755859376,4.278162956237793,0.0,6.119999885559082,151.9276123046875,0.0099999997764825,11.456500053405762,0.2419999986886978,,,,,,,,,
1777780800000,2026-05-03 04:00:00,,,,10.856500625610352,65.0,1016.0,4.5350728034973145,0.0,6.439876079559326,153.4350128173828,0.0199999995529651,11.056500434875488,0.2419999986886978,,,,,,,,,
1777784400000,2026-05-03 05:00:00,,,,11.956500053405762,63.0,1015.7999877929688,5.1307053565979,0.0,6.7637858390808105,154.7989044189453,0.0199999995529651,11.056500434875488,0.2430000007152557,,,,,,,,,
1777788000000,2026-05-03 06:00:00,,,,14.156499862670898,58.0,1015.7000122070312,6.01085901260376,0.0,7.289444923400879,147.09475708007812,0.0700000077486038,12.006500244140623,0.2430000007152557,,,,,,,,,
1777791600000,2026-05-03 07:00:00,,,,17.10650062561035,51.0,1015.2999877929688,6.886277675628662,0.0,8.161764144897461,138.57643127441406,0.1400000154972076,13.706500053405762,0.2430000007152557,,,,,,,,,
1777795200000,2026-05-03 08:00:00,,,,20.256500244140625,43.0,1015.0999755859376,7.271383285522461,0.0,8.66994857788086,131.63345336914062,0.2199999988079071,15.856500625610352,0.2430000007152557,,,,,,,,,
1777798800000,2026-05-03 09:00:00,,,,23.756500244140625,32.0,1014.4000244140624,6.077152729034424,0.0,9.339207649230955,117.552734375,0.2900000214576721,18.20650100708008,0.2419999986886978,,,,,,,,,
1777802400000,2026-05-03 10:00:00,,,,25.506500244140625,27.0,1014.0999755859376,5.135090827941895,0.0,10.661107063293455,101.68934631347656,0.3600000143051147,20.35650062561035,0.2419999986886978,,,,,,,,,
1777806000000,2026-05-03 11:00:00,,,,27.20650100708008,26.0,1013.4000244140624,6.038458347320557,0.0,5.014219284057617,21.03758811950684,0.3600000143051147,22.256500244140625,0.2409999966621399,,,,,,,,,
1777809600000,2026-05-03 12:00:00,,,,27.45650100708008,20.0,1012.9000244140624,2.5016934871673584,0.0,5.804825305938721,330.2552185058594,0.3799999952316284,23.85650062561035,0.2399999946355819,,,,,,,,,
1777813200000,2026-05-03 13:00:00,,,,27.85650062561035,20.0,1012.2000122070312,2.8312478065490723,0.0,4.213691711425781,340.0168151855469,0.3600000143051147,24.85650062561035,0.238999992609024,,,,,,,,,
1777816800000,2026-05-03 14:00:00,,,,28.1564998626709,23.0,1011.5999755859376,5.070733070373535,0.0,2.545584201812744,98.13002014160156,0.3300000131130218,25.256500244140625,0.2380000054836273,,,,,,,,,
1777820400000,2026-05-03 15:00:00,,,,27.9064998626709,24.0,1011.0,5.473561763763428,0.0,7.199999809265137,143.13002014160156,0.270000010728836,25.006500244140625,0.2380000054836273,,,,,,,,,
1777824000000,2026-05-03 16:00:00,,,,27.1564998626709,24.0,1010.7000122070312,4.842466831207275,0.0,10.703569412231444,160.34608459472656,0.2100000232458114,24.20650100708008,0.2370000034570694,,,,,,,,,
1777827600000,2026-05-03 17:00:00,,,,26.10650062561035,26.0,1010.5999755859376,5.103734970092773,0.0,8.89134407043457,158.6293182373047,0.1700000017881393,23.256500244140625,0.2370000034570694,,,,,,,,,
1777831200000,2026-05-03 18:00:00,,,,23.45650100708008,35.0,1010.7000122070312,7.117912292480469,0.0,5.804825305938721,119.74478912353516,0.1000000089406967,22.006500244140625,0.2370000034570694,,,,,,,,,
1777834800000,2026-05-03 19:00:00,,,,21.1564998626709,42.0,1011.0999755859376,7.738719940185547,0.0,5.116561412811279,129.2893829345703,0.0599999986588954,20.4064998626709,0.2370000034570694,,,,,,,,,
1777838400000,2026-05-03 20:00:00,,,,19.20650100708008,49.0,1011.2999877929688,8.232853889465332,0.0,3.2599384784698486,173.65989685058594,0.0299999993294477,18.95650100708008,0.2370000034570694,,,,,,,,,
1777842000000,2026-05-03 21:00:00,,,,18.80649948120117,48.0,1011.9000244140624,7.562936782836914,0.0,4.680000305175781,292.6199035644531,0.0199999995529651,17.9064998626709,0.2370000034570694,,,,,,,,,
1777845600000,2026-05-03 22:00:00,,,,17.60650062561035,57.0,1012.5999755859376,8.986268997192383,0.0,1.2979984283447266,236.3099060058593,0.0099999997764825,17.056499481201172,0.2380000054836273,,,,,,,,,
1777849200000,2026-05-03 23:00:00,,,,16.506500244140625,61.0,1013.0,8.959144592285156,0.0,0.0,270.0,0.0,16.306499481201172,0.2380000054836273,,,,,,,,,
1777852800000,2026-05-04 00:00:00,,,,17.056499481201172,55.0,1012.4000244140624,7.94564151763916,0.0,1.1384198665618896,161.56495666503906,0.0,16.506500244140625,0.2339999973773956,,,,,,,,,
1777856400000,2026-05-04 01:00:00,,,,16.35650062561035,58.0,1012.5,8.07315731048584,0.0,2.099142551422119,120.96369171142578,0.0,15.806500434875488,0.2339999973773956,,,,,,,,,
1777860000000,2026-05-04 02:00:00,,,,15.006500244140623,67.0,1012.9000244140624,8.927750587463379,0.0,2.099142551422119,120.96369171142578,0.0099999997764825,15.356500625610352,0.2349999994039535,,,,,,,,,
1777863600000,2026-05-04 03:00:00,,,,15.006500244140623,68.0,1013.4000244140624,9.147520065307615,0.0,1.938659191131592,111.80147552490234,0.0099999997764825,15.056500434875488,0.2349999994039535,,,,,,,,,
1777867200000,2026-05-04 04:00:00,,,,14.806500434875488,68.0,1013.2999877929688,8.95649528503418,0.0,4.104631423950195,52.12495803833008,0.0099999997764825,14.856500625610352,0.2360000014305114,,,,,,,,,
1777870800000,2026-05-04 05:00:00,,,,14.706500053405762,70.0,1013.7999877929688,9.291115760803224,0.1000000014901161,5.804825305938721,150.2552032470703,0.0299999993294477,14.856500625610352,0.2360000014305114,,,,,,,,,
1777874400000,2026-05-04 06:00:00,,,,15.506500244140623,70.0,1013.7999877929688,10.057802200317385,0.1000000014901161,1.527350664138794,44.99989700317383,0.0399999991059303,15.306500434875488,0.2360000014305114,,,,,,,,,
1777878000000,2026-05-04 07:00:00,,,,16.206501007080078,62.0,1014.2000122070312,8.917081832885742,0.0,4.843304634094238,131.9871368408203,0.0599999986588954,15.956500053405762,0.2370000034570694,,,,,,,,,
1777881600000,2026-05-04 08:00:00,,,,17.756500244140625,58.0,1014.4000244140624,9.384943008422852,0.0,2.3051247596740723,141.3401641845703,0.1000000089406967,16.756500244140625,0.2370000034570694,,,,,,,,,
1777885200000,2026-05-04 09:00:00,,,,19.55649948120117,53.0,1014.2999877929688,9.719120025634766,0.0,0.5091168880462646,44.99989700317383,0.1299999952316284,18.05649948120117,0.2370000034570694,,,,,,,,,
1777888800000,2026-05-04 10:00:00,,,,20.1564998626709,49.0,1014.0,9.104878425598145,0.0,1.938659191131592,338.1985168457031,0.1599999964237213,19.1564998626709,0.2370000034570694,,,,,,,,,
1777892400000,2026-05-04 11:00:00,,,,21.006500244140625,49.0,1013.7999877929688,9.8848876953125,0.0,5.191993713378906,326.3099060058594,0.1899999976158142,20.60650062561035,0.2370000034570694,,,,,,,,,
1777896000000,2026-05-04 12:00:00,,,,22.30649948120117,48.0,1013.0,10.766974449157717,0.0,7.895416259765625,335.77227783203125,0.2300000041723251,22.506500244140625,0.2370000034570694,,,,,,,,,
1777899600000,2026-05-04 13:00:00,,,,23.55649948120117,43.0,1012.0,10.252071380615234,0.0,6.379216194152832,343.6103820800781,0.2300000041723251,23.95650100708008,0.2360000014305114,,,,,,,,,
1777903200000,2026-05-04 14:00:00,,,,24.35650062561035,39.0,1011.2999877929688,9.51185703277588,0.0,10.383987426757812,303.6900939941406,0.2000000178813934,24.55649948120117,0.2360000014305114,,,,,,,,,
1777906800000,2026-05-04 15:00:00,,,,23.55649948120117,40.0,1011.2999877929688,9.17350959777832,0.0,10.703569412231444,312.27362060546875,0.1700000017881393,24.20650100708008,0.2349999994039535,,,,,,,,,
1777910400000,2026-05-04 16:00:00,,,,23.006500244140625,39.0,1011.2000122070312,8.30724811553955,0.0,8.404285430908203,316.73565673828125,0.1400000154972076,23.45650100708008,0.2349999994039535,,,,,,,,,
1777914000000,2026-05-04 17:00:00,,,,22.506500244140625,44.0,1011.2999877929688,9.646284103393556,0.0,7.754636764526367,338.1985168457031,0.1000000089406967,22.506500244140625,0.2349999994039535,,,,,,,,,
1777917600000,2026-05-04 18:00:00,,,,21.55649948120117,45.0,1011.2000122070312,9.119060516357422,0.0,5.091168403625488,351.8699951171875,0.0599999986588954,21.35650062561035,0.2349999994039535,,,,,,,,,
1777921200000,2026-05-04 19:00:00,,,,19.35650062561035,60.0,1011.5,11.394899368286133,0.0,2.0364675521850586,44.99989700317383,0.0199999995529651,19.95650100708008,0.2349999994039535,,,,,,,,,
1777924800000,2026-05-04 20:00:00,,,,17.806499481201172,68.0,1011.4000244140624,11.82115364074707,0.0,1.4399999380111694,90.0,0.0099999997764825,18.70650100708008,0.2360000014305114,,,,,,,,,
1777928400000,2026-05-04 21:00:00,,,,17.206501007080078,71.0,1011.4000244140624,11.901723861694336,0.0,1.0800000429153442,90.0,0.0099999997764825,17.706501007080078,0.2360000014305114,,,,,,,,,
1777932000000,2026-05-04 22:00:00,,,,16.756500244140625,72.0,1011.4000244140624,11.681536674499512,0.0,1.0800000429153442,90.0,0.0,16.956501007080078,0.2360000014305114,,,,,,,,,
1777935600000,2026-05-04 23:00:00,,,,16.056499481201172,74.0,1011.2000122070312,11.422074317932127,0.0,2.099142551422119,120.96369171142578,0.0099999997764825,16.60650062561035,0.2370000034570694,,,,,,,,,
1777939200000,2026-05-05 00:00:00,,,,15.406499862670898,84.0,1010.7999877929688,12.716079711914062,0.0,2.620839357376098,344.0545349121094,0.0099999997764825,16.756500244140625,0.2329999953508377,,,,,,,,,
1777942800000,2026-05-05 01:00:00,,,,15.156499862670898,82.0,1010.7999877929688,12.104512214660645,0.0,1.0182337760925293,315.0000915527344,0.0,16.056499481201172,0.2339999973773956,,,,,,,,,
1777946400000,2026-05-05 02:00:00,,,,14.556500434875488,85.0,1010.4000244140624,12.06332302093506,0.0,1.2979984283447266,123.69009399414062,0.0,15.556500434875488,0.2339999973773956,,,,,,,,,
1777950000000,2026-05-05 03:00:00,,,,14.406499862670898,84.0,1010.2000122070312,11.736751556396484,0.0,3.3190360069274902,310.6012268066406,0.0,15.156499862670898,0.2349999994039535,,,,,,,,,
1777953600000,2026-05-05 04:00:00,,,,14.056500434875488,85.0,1009.7999877929688,11.572945594787598,0.0,3.054701328277588,315.0000915527344,0.0099999997764825,14.806500434875488,0.2349999994039535,,,,,,,,,
1777957200000,2026-05-05 05:00:00,,,,14.556500434875488,82.0,1009.7999877929688,11.518597602844238,0.0,4.394360065460205,304.9920959472656,0.0099999997764825,14.806500434875488,0.2349999994039535,,,,,,,,,
1777960800000,2026-05-05 06:00:00,,,,15.206500053405762,80.0,1010.2000122070312,11.778486251831056,0.0,5.399999618530273,306.8699645996094,0.0299999993294477,15.256500244140623,0.2360000014305114,,,,,,,,,
1777964400000,2026-05-05 07:00:00,,,,15.706500053405762,80.0,1009.7999877929688,12.265286445617676,0.1000000014901161,6.877789497375488,312.87890625,0.0500000044703483,15.856500625610352,0.2360000014305114,,,,,,,,,
1777968000000,2026-05-05 08:00:00,,,,16.6564998626709,78.0,1009.7000122070312,12.802681922912598,0.0,2.811689853668213,309.8055114746094,0.0799999982118606,16.756500244140625,0.2360000014305114,,,,,,,,,
1777971600000,2026-05-05 09:00:00,,,,18.10650062561035,70.0,1009.2999877929688,12.548843383789062,0.0,3.075841426849365,339.4438781738281,0.1500000059604644,18.60650062561035,0.2360000014305114,,,,,,,,,
1777975200000,2026-05-05 10:00:00,,,,19.506500244140625,65.0,1009.0,12.75273323059082,0.0,6.489992141723633,326.3099060058594,0.1800000071525573,20.20650100708008,0.2360000014305114,,,,,,,,,
1777978800000,2026-05-05 11:00:00,,,,21.05649948120117,58.0,1008.2999877929688,12.475228309631348,0.0,6.287129878997803,346.75946044921875,0.2300000041723251,21.85650062561035,0.2360000014305114,,,,,,,,,
1777982400000,2026-05-05 12:00:00,,,,21.80649948120117,56.0,1007.7000122070312,12.640554428100586,0.0,6.924737930297852,351.0274353027344,0.2399999946355819,23.10650062561035,0.2360000014305114,,,,,,,,,
1777986000000,2026-05-05 13:00:00,,,,22.60650062561035,50.0,1007.0999755859376,11.658157348632812,0.0,6.214563369750977,349.9920654296875,0.2300000041723251,23.95650100708008,0.2349999994039535,,,,,,,,,
1777989600000,2026-05-05 14:00:00,,,,22.9064998626709,48.0,1006.2999877929688,11.31587028503418,0.0,6.92473840713501,27.897186279296875,0.1899999976158142,24.006500244140625,0.2349999994039535,,,,,,,,,
1777993200000,2026-05-05 15:00:00,,,,22.30649948120117,50.0,1005.9000244140624,11.38235855102539,0.0,7.920000076293945,360.0,0.1500000059604644,23.256500244140625,0.2349999994039535,,,,,,,,,
1777996800000,2026-05-05 16:00:00,,,,21.80649948120117,53.0,1005.7999877929688,11.803028106689451,0.0,10.739832878112791,13.570456504821776,0.1099999994039535,22.30649948120117,0.2349999994039535,,,,,,,,,
1778000400000,2026-05-05 17:00:00,,,,20.256500244140625,62.0,1005.7999877929688,12.740848541259766,0.0,10.948972702026367,9.462261199951172,0.0700000077486038,21.35650062561035,0.2349999994039535,,,,,,,,,
1778004000000,2026-05-05 18:00:00,,,,18.9064998626709,67.0,1005.7000122070312,12.64484691619873,0.1000000014901161,6.130578994750977,3.3664000034332275,0.0500000044703483,20.1564998626709,0.2349999994039535,,,,,,,,,
1778007600000,2026-05-05 19:00:00,,,,17.706501007080078,75.0,1005.7999877929688,13.219011306762695,0.5,0.8049845099449158,26.564985275268555,0.0399999991059303,19.10650062561035,0.2349999994039535,,,,,,,,,
1778011200000,2026-05-05 20:00:00,,,,16.456501007080078,83.0,1006.0,13.560070991516112,3.299999952316284,2.968636035919189,284.0362548828125,0.0199999995529651,18.30649948120117,0.2370000034570694,,,,,,,,,
1778014800000,2026-05-05 21:00:00,,,,15.556500434875488,89.0,1005.9000244140624,13.749967575073242,4.300000190734863,1.527350664138794,315.0000915527344,0.0199999995529651,17.60650062561035,0.2430000007152557,,,,,,,,,
1778018400000,2026-05-05 22:00:00,,,,15.106500625610352,91.0,1005.7000122070312,13.64760398864746,3.200000047683716,1.1384198665618896,341.56494140625,0.0199999995529651,17.10650062561035,0.2549999952316284,,,,,,,,,
1778022000000,2026-05-05 23:00:00,,,,14.956500053405762,93.0,1005.5999755859376,13.83373737335205,1.600000023841858,3.826852560043335,318.81414794921875,0.0199999995529651,16.706501007080078,0.2619999945163727,,,,,,,,,
1778025600000,2026-05-06 00:00:00,,,,13.506500244140623,92.0,1005.2999877929688,12.231727600097656,0.800000011920929,8.647496223449707,182.38589477539065,0.0299999993294477,15.706500053405762,0.324999988079071,,,,,,,,,
1778029200000,2026-05-06 01:00:00,,,,13.956500053405762,87.0,1005.0999755859376,11.82705307006836,0.0,3.096837043762207,234.4622344970703,0.0199999995529651,15.506500244140623,0.3230000138282776,,,,,,,,,
1778032800000,2026-05-06 02:00:00,,,,13.856500625610352,85.0,1004.9000244140624,11.376791000366213,0.0,2.620839357376098,254.0545349121093,0.0099999997764825,15.206500053405762,0.3190000057220459,,,,,,,,,
1778036400000,2026-05-06 03:00:00,,,,13.806500434875488,82.0,1005.2000122070312,10.78615665435791,0.0,3.617955207824707,174.2895050048828,0.0099999997764825,15.006500244140623,0.3149999976158142,,,,,,,,,
1778040000000,2026-05-06 04:00:00,,,,13.506500244140623,85.0,1005.2000122070312,11.033507347106934,0.0,4.394360065460205,124.99209594726562,0.0199999995529651,14.856500625610352,0.3109999895095825,,,,,,,,,
1778043600000,2026-05-06 05:00:00,,,,14.056500434875488,78.0,1005.0,10.278902053833008,0.0,3.6712939739227295,191.3098907470703,0.0199999995529651,14.756500244140623,0.3079999983310699,,,,,,,,,
1778047200000,2026-05-06 06:00:00,,,,15.356500625610352,74.0,1005.0,10.746861457824709,0.0,9.5042724609375,232.6959686279297,0.0700000077486038,15.206500053405762,0.3050000071525574,,,,,,,,,
1778050800000,2026-05-06 07:00:00,,,,16.4064998626709,68.0,1005.0,10.484501838684082,0.0,15.256525993347168,250.70985412597656,0.1299999952316284,16.1564998626709,0.3019999861717224,,,,,,,,,
1778054400000,2026-05-06 08:00:00,,,,17.60650062561035,60.0,1004.9000244140624,9.749153137207031,0.0,16.700275421142578,262.5686950683594,0.1800000071525573,17.1564998626709,0.3000000119209289,,,,,,,,,
1778058000000,2026-05-06 09:00:00,,,,18.10650062561035,58.0,1005.5,9.71282196044922,0.0,17.11420440673828,255.37908935546875,0.2000000178813934,18.20650100708008,0.2980000078678131,,,,,,,,,
1778061600000,2026-05-06 10:00:00,,,,18.95650100708008,55.0,1005.7000122070312,9.714412689208984,0.0,13.138765335083008,279.4622497558594,0.1899999976158142,18.95650100708008,0.2960000038146972,,,,,,,,,
1778065200000,2026-05-06 11:00:00,,,,20.10650062561035,51.0,1005.7000122070312,9.653936386108398,0.0,13.849475860595703,278.9725341796875,0.2100000232458114,20.506500244140625,0.2939999997615814,,,,,,,,,
1778068800000,2026-05-06 12:00:00,,,,20.60650062561035,50.0,1005.5,9.819045066833496,0.0,10.966712951660156,293.1986083984375,0.2000000178813934,21.55649948120117,0.2919999957084656,,,,,,,,,
1778072400000,2026-05-06 13:00:00,,,,20.4064998626709,54.0,1005.2999877929688,10.78736686706543,0.0,11.019763946533203,321.6324768066406,0.1700000017881393,22.10650062561035,0.2899999916553497,,,,,,,,,
1778076000000,2026-05-06 14:00:00,,,,20.55649948120117,50.0,1004.9000244140624,9.773049354553224,0.0,8.287821769714355,325.6195983886719,0.1500000059604644,22.20650100708008,0.2879999876022339,,,,,,,,,
1778079600000,2026-05-06 15:00:00,,,,19.4064998626709,58.0,1004.7000122070312,10.930399894714355,0.1000000014901161,9.67322063446045,44.99989700317383,0.1099999994039535,21.45650100708008,0.2870000004768371,,,,,,,,,
1778083200000,2026-05-06 16:00:00,,,,17.4064998626709,75.0,1005.2999877929688,12.929240226745604,1.0,6.162207126617432,83.2902603149414,0.1000000089406967,19.9064998626709,0.2860000133514404,,,,,,,,,
1778086800000,2026-05-06 17:00:00,,,,16.456501007080078,81.0,1005.5,13.185691833496094,1.100000023841858,3.239999771118164,90.0,0.0599999986588954,18.70650100708008,0.2870000004768371,,,,,,,,,
1778090400000,2026-05-06 18:00:00,,,,15.756500244140623,82.0,1005.5,12.690396308898926,0.1000000014901161,7.9281768798828125,39.47243118286133,0.0399999991059303,17.9064998626709,0.289000004529953,,,,,,,,,
1778094000000,2026-05-06 19:00:00,,,,15.006500244140623,85.0,1006.2000122070312,12.504647254943848,0.0,6.409617424011231,51.842735290527344,0.0299999993294477,17.1564998626709,0.2899999916553497,,,,,,,,,
1778097600000,2026-05-06 20:00:00,,,,14.556500434875488,83.0,1006.5999755859376,11.702095985412598,0.0,3.5999999046325684,90.0,0.0199999995529651,16.556499481201172,0.2899999916553497,,,,,,,,,
1778101200000,2026-05-06 21:00:00,,,,14.006500244140623,85.0,1007.0,11.523905754089355,0.1000000014901161,3.976329803466797,84.8056640625,0.0199999995529651,16.056499481201172,0.289000004529953,,,,,,,,,
1778104800000,2026-05-06 22:00:00,,,,13.456500053405762,87.0,1007.7000122070312,11.335297584533691,0.3000000119209289,4.680000305175781,22.619909286499023,0.0199999995529651,15.656499862670898,0.289000004529953,,,,,,,,,
1778108400000,2026-05-06 23:00:00,,,,13.106500625610352,88.0,1007.7000122070312,11.163347244262695,0.2000000029802322,4.33497428894043,41.63344955444336,0.0199999995529651,15.306500434875488,0.2899999916553497,,,,,,,,,
1778112000000,2026-05-07 00:00:00,,,,12.006500244140623,87.0,1007.4000244140624,9.909113883972168,3.700000047683716,7.289443969726562,69.77505493164062,0.0399999991059303,15.306500434875488,0.2919999957084656,,,,,,,,,
1778115600000,2026-05-07 01:00:00,,,,12.256500244140623,83.0,1007.5999755859376,9.45256233215332,0.0,3.396233081817627,122.0053482055664,0.0199999995529651,14.706500053405762,0.2949999868869781,,,,,,,,,
1778119200000,2026-05-07 02:00:00,,,,12.106500625610352,84.0,1008.5,9.48399829864502,0.0,4.320000171661377,360.0,0.0199999995529651,14.356500625610352,0.2960000038146972,,,,,,,,,
1778122800000,2026-05-07 03:00:00,,,,11.306500434875488,90.0,1008.5999755859376,9.725201606750488,0.699999988079071,6.6380720138549805,347.47119140625,0.0299999993294477,14.156499862670898,0.2960000038146972,,,,,,,,,
1778126400000,2026-05-07 04:00:00,,,,11.006500244140623,92.0,1008.9000244140624,9.756393432617188,1.0,3.075841426849365,339.4438781738281,0.0199999995529651,13.806500434875488,0.2980000078678131,,,,,,,,,
1778130000000,2026-05-07 05:00:00,,,,11.006500244140623,92.0,1009.2999877929688,9.756393432617188,1.7000000476837158,4.679999828338623,360.0,0.0199999995529651,13.606500625610352,0.3030000030994415,,,,,,,,,
1778133600000,2026-05-07 06:00:00,,,,10.956500053405762,91.0,1010.2000122070312,9.544002532958984,1.0,7.2805495262146,351.46929931640625,0.0299999993294477,13.556500434875488,0.3109999895095825,,,,,,,,,
1778137200000,2026-05-07 07:00:00,,,,10.706500053405762,88.0,1010.5999755859376,8.799453735351562,0.699999988079071,7.862518310546875,15.945476531982422,0.0500000044703483,13.406499862670898,0.3160000145435333,,,,,,,,,
1778140800000,2026-05-07 08:00:00,,,,10.706500053405762,86.0,1011.2999877929688,8.459527969360352,0.2000000029802322,7.1003098487854,30.46547508239746,0.0599999986588954,13.506500244140623,0.3179999887943268,,,,,,,,,
1778144400000,2026-05-07 09:00:00,,,,10.656499862670898,86.0,1012.0,8.410409927368164,0.1000000014901161,5.86037540435791,42.51040267944336,0.0500000044703483,13.456500053405762,0.3160000145435333,,,,,,,,,
1778148000000,2026-05-07 10:00:00,,,,10.706500053405762,85.0,1012.7000122070312,8.286940574645996,0.1000000014901161,6.696386814117432,36.253936767578125,0.0599999986588954,13.506500244140623,0.3140000104904175,,,,,,,,,
1778151600000,2026-05-07 11:00:00,,,,10.606500625610352,85.0,1013.0,8.188838958740234,0.4000000059604645,5.9044389724731445,37.56866455078125,0.0500000044703483,13.306500434875488,0.3129999935626983,,,,,,,,,
1778155200000,2026-05-07 12:00:00,,,,10.706500053405762,86.0,1013.4000244140624,8.459527969360352,0.5,6.297428131103516,30.963695526123047,0.0500000044703483,13.206500053405762,0.3120000064373016,,,,,,,,,
1778158800000,2026-05-07 13:00:00,,,,10.756500244140623,87.0,1013.5999755859376,8.679539680480957,0.699999988079071,5.315336227416992,28.3006591796875,0.0599999986588954,13.156499862670898,0.3129999935626983,,,,,,,,,
1778162400000,2026-05-07 14:00:00,,,,10.856500625610352,87.0,1013.7999877929688,8.777908325195312,1.100000023841858,5.052840709686279,355.9144592285156,0.0599999986588954,13.156499862670898,0.3149999976158142,,,,,,,,,
1778166000000,2026-05-07 15:00:00,,,,10.506500244140623,88.0,1014.4000244140624,8.602446556091309,0.8999999761581421,7.754636764526367,338.1985168457031,0.0500000044703483,12.956500053405762,0.3190000057220459,,,,,,,,,
1778169600000,2026-05-07 16:00:00,,,,10.356500625610352,89.0,1014.9000244140624,8.621647834777832,0.2000000029802322,7.56856632232666,334.65386962890625,0.0399999991059303,12.606500625610352,0.3210000097751617,,,,,,,,,
1778173200000,2026-05-07 17:00:00,,,,9.806500434875488,89.0,1015.5,8.079144477844238,0.1000000014901161,7.289443969726562,339.7750549316406,0.0299999993294477,12.306500434875488,0.3199999928474426,,,,,,,,,
1778176800000,2026-05-07 18:00:00,,,,9.706500053405762,89.0,1016.0,7.980504989624023,0.3000000119209289,7.072877883911133,345.2563781738281,0.0299999993294477,12.006500244140623,0.3179999887943268,,,,,,,,,
1778180400000,2026-05-07 19:00:00,,,,9.556500434875488,89.0,1016.7000122070312,7.832546710968018,0.1000000014901161,7.208993911743164,357.1376647949219,0.0199999995529651,11.756500244140623,0.31700000166893,,,,,,,,,
1778184000000,2026-05-07 20:00:00,,,,9.206500053405762,89.0,1017.2000122070312,7.487305164337158,0.2000000029802322,6.479999542236328,360.0,0.0299999993294477,11.506500244140623,0.3149999976158142,,,,,,,,,
1778187600000,2026-05-07 21:00:00,,,,9.006500244140625,89.0,1017.5,7.29002046585083,0.1000000014901161,5.506940841674805,348.6900939941406,0.0199999995529651,11.306500434875488,0.3140000104904175,,,,,,,,,
1778191200000,2026-05-07 22:00:00,,,,9.006500244140625,89.0,1017.9000244140624,7.29002046585083,0.0,4.693825721740723,327.5288391113281,0.0199999995529651,11.156499862670898,0.3120000064373016,,,,,,,,,
1778194800000,2026-05-07 23:00:00,,,,9.006500244140625,88.0,1018.2000122070312,7.124826431274414,0.0,5.091168403625488,351.8699951171875,0.0199999995529651,11.006500244140623,0.3109999895095825,,,,,,,,,
1778198400000,2026-05-08 00:00:00,,,,8.856500625610352,91.0,1017.5999755859376,7.467199802398682,0.0,5.091168403625488,8.130019187927246,0.0199999995529651,11.056500434875488,0.3160000145435333,,,,,,,,,
1778202000000,2026-05-08 01:00:00,,,,8.806500434875488,91.0,1018.0,7.417749881744385,0.0,3.3190360069274902,347.47119140625,0.0199999995529651,10.906499862670898,0.3160000145435333,,,,,,,,,
1778205600000,2026-05-08 02:00:00,,,,8.806500434875488,90.0,1018.5,7.256038665771484,0.0,4.6102495193481445,321.3401794433594,0.0199999995529651,10.806500434875488,0.3160000145435333,,,,,,,,,
1778209200000,2026-05-08 03:00:00,,,,8.706500053405762,92.0,1018.5,7.478870868682861,0.0,4.896529197692871,342.8971862792969,0.0199999995529651,10.706500053405762,0.3149999976158142,,,,,,,,,
1778212800000,2026-05-08 04:00:00,,,,8.556500434875488,93.0,1018.7000122070312,7.488634586334228,0.0,5.411986351013184,3.814009666442871,0.0199999995529651,10.556500434875488,0.3149999976158142,,,,,,,,,
1778216400000,2026-05-08 05:00:00,,,,8.506500244140625,91.0,1019.2000122070312,7.121047496795654,0.0,4.6938252449035645,4.398633003234863,0.0199999995529651,10.456500053405762,0.3149999976158142,,,,,,,,,
1778220000000,2026-05-08 06:00:00,,,,8.656499862670898,91.0,1019.5999755859376,7.269399642944336,0.1000000014901161,4.0249223709106445,349.6952209472656,0.0299999993294477,10.456500053405762,0.3140000104904175,,,,,,,,,
1778223600000,2026-05-08 07:00:00,,,,8.956500053405762,90.0,1019.7999877929688,7.404196262359619,0.1000000014901161,3.9600000381469727,360.0,0.0399999991059303,10.556500434875488,0.3140000104904175,,,,,,,,,
1778227200000,2026-05-08 08:00:00,,,,9.456500053405762,87.0,1020.0999755859376,7.400674819946289,0.0,3.617955207824707,5.710507392883301,0.0599999986588954,10.956500053405762,0.3140000104904175,,,,,,,,,
1778230800000,2026-05-08 09:00:00,,,,9.906499862670898,85.0,1020.2999877929688,7.502102375030518,0.0,2.545584201812744,351.8699951171875,0.0700000077486038,11.456500053405762,0.3129999935626983,,,,,,,,,
1778234400000,2026-05-08 10:00:00,,,,10.156499862670898,84.0,1020.2999877929688,7.573729038238525,0.0,3.3190360069274902,347.47119140625,0.0700000077486038,11.706500053405762,0.3129999935626983,,,,,,,,,
1778238000000,2026-05-08 11:00:00,,,,10.506500244140623,83.0,1020.4000244140624,7.740663051605225,0.0,3.5999999046325684,360.0,0.0599999986588954,11.856500625610352,0.3129999935626983,,,,,,,,,
1778241600000,2026-05-08 12:00:00,,,,10.856500625610352,82.0,1020.4000244140624,7.904740333557129,0.0,3.89399528503418,33.69010162353516,0.0700000077486038,12.056500434875488,0.3120000064373016,,,,,,,,,
1778245200000,2026-05-08 13:00:00,,,,11.556500434875488,77.0,1020.2000122070312,7.66201114654541,0.0,4.349896430969238,335.5560607910156,0.1000000089406967,12.556500434875488,0.3120000064373016,,,,,,,,,
1778248800000,2026-05-08 14:00:00,,,,11.056500434875488,78.0,1020.0999755859376,7.365913867950439,0.0,5.815978050231934,21.801475524902344,0.0900000035762786,12.806500434875488,0.3109999895095825,,,,,,,,,
1778252400000,2026-05-08 15:00:00,,,,11.356500625610352,78.0,1020.0,7.657259464263916,0.0,3.239999771118164,360.0,0.0599999986588954,12.506500244140623,0.3109999895095825,,,,,,,,,
1778256000000,2026-05-08 16:00:00,,,,11.556500434875488,82.0,1019.9000244140624,8.588537216186523,0.0,2.968636035919189,14.036274909973145,0.0500000044703483,12.456500053405762,0.3109999895095825,,,,,,,,,
1778259600000,2026-05-08 17:00:00,,,,11.406499862670898,82.0,1020.0999755859376,8.442012786865234,0.0,4.553679466247559,18.4350528717041,0.0399999991059303,12.306500434875488,0.3109999895095825,,,,,,,,,
1778263200000,2026-05-08 18:00:00,,,,11.056500434875488,83.0,1020.2999877929688,8.278716087341309,0.0,3.976329803466797,354.8056640625,0.0299999993294477,12.056500434875488,0.3100000023841858,,,,,,,,,
1778266800000,2026-05-08 19:00:00,,,,10.656499862670898,88.0,1020.9000244140624,8.750202178955078,0.0,3.219938039779663,333.4350280761719,0.0199999995529651,11.656499862670898,0.3100000023841858,,,,,,,,,
1778270400000,2026-05-08 20:00:00,,,,10.406499862670898,88.0,1021.0,8.503944396972656,0.0,1.938659191131592,338.1985168457031,0.0099999997764825,11.206500053405762,0.3100000023841858,,,,,,,,,
1778274000000,2026-05-08 21:00:00,,,,9.906499862670898,91.0,1021.0999755859376,8.50562572479248,0.0,1.4399999380111694,360.0,0.0,10.856500625610352,0.3100000023841858,,,,,,,,,
1778277600000,2026-05-08 22:00:00,,,,9.206500053405762,94.0,1021.2000122070312,8.290739059448242,0.0,1.7999999523162842,36.86999130249024,0.0,10.406499862670898,0.3100000023841858,,,,,,,,,
1778281200000,2026-05-08 23:00:00,,,,8.656499862670898,96.0,1021.4000244140624,8.054217338562012,0.0,0.7199999690055847,90.0,0.0,9.906499862670898,0.3100000023841858,,,,,,,,,
1778284800000,2026-05-09 00:00:00,,,,10.056500434875488,93.0,1020.7000122070312,8.975892066955566,0.0,1.6099690198898315,63.43501281738281,0.0,11.206500053405762,0.3109999895095825,,,,,,,,,
1778288400000,2026-05-09 01:00:00,,,,9.806500434875488,94.0,1020.9000244140624,8.886384963989258,0.0,1.0182337760925293,44.99989700317383,0.0,10.906499862670898,0.3109999895095825,,,,,,,,,
1778292000000,2026-05-09 02:00:00,,,,9.906499862670898,94.0,1021.0,8.9856595993042,0.0,0.5091168880462646,44.99989700317383,0.0,10.756500244140623,0.3109999895095825,,,,,,,,,
1778295600000,2026-05-09 03:00:00,,,,10.056500434875488,92.0,1020.7999877929688,8.815702438354492,0.0,1.0800000429153442,90.0,0.0,10.756500244140623,0.3109999895095825,,,,,,,,,
1778299200000,2026-05-09 04:00:00,,,,9.906499862670898,92.0,1020.9000244140624,8.667169570922852,0.0,2.0364675521850586,44.99989700317383,0.0,10.656499862670898,0.3109999895095825,,,,,,,,,
1778302800000,2026-05-09 05:00:00,,,,10.106500625610352,90.0,1021.0,8.540040969848633,0.0,1.2979984283447266,33.69010162353516,0.0099999997764825,10.756500244140623,0.3109999895095825,,,,,,,,,
1778306400000,2026-05-09 06:00:00,,,,10.706500053405762,87.0,1021.2999877929688,8.630352973937988,0.0,2.9024126529693604,97.12492370605467,0.0299999993294477,11.206500053405762,0.3100000023841858,,,,,,,,,
1778310000000,2026-05-09 07:00:00,,,,11.656499862670898,83.0,1021.0999755859376,8.865654945373535,0.0,4.104631423950195,142.1249542236328,0.0700000077486038,12.306500434875488,0.3100000023841858,,,,,,,,,
1778313600000,2026-05-09 08:00:00,,,,12.956500053405762,73.0,1021.0999755859376,8.230645179748535,0.0,4.582051753997803,135.00010681152344,0.1199999973177909,13.806500434875488,0.3100000023841858,,,,,,,,,
1778317200000,2026-05-09 09:00:00,,,,14.056500434875488,64.0,1020.9000244140624,7.349628448486328,0.0,3.9600000381469727,90.0,0.1400000154972076,14.906499862670898,0.3089999854564667,,,,,,,,,
1778320800000,2026-05-09 10:00:00,,,,14.556500434875488,59.0,1020.9000244140624,6.634426116943359,0.0,5.315336227416992,61.6993408203125,0.1500000059604644,15.456500053405762,0.3079999983310699,,,,,,,,,
1778324400000,2026-05-09 11:00:00,,,,15.206500053405762,57.0,1020.5999755859376,6.741706848144531,0.0,5.483356475830078,66.80138397216797,0.1700000017881393,15.906499862670898,0.3079999983310699,,,,,,,,,
1778328000000,2026-05-09 12:00:00,,,,15.306500434875488,55.0,1020.4000244140624,6.315711498260498,0.0,6.489992141723633,93.17977142333984,0.1800000071525573,16.506500244140625,0.3070000112056732,,,,,,,,,
1778331600000,2026-05-09 13:00:00,,,,15.406499862670898,56.0,1020.0999755859376,6.67088794708252,0.0,4.829906940460205,26.564985275268555,0.1400000154972076,16.206501007080078,0.3059999942779541,,,,,,,,,
1778335200000,2026-05-09 14:00:00,,,,15.656499862670898,55.0,1019.7000122070312,6.641757011413574,0.0,8.496304512023926,53.61555099487305,0.1299999952316284,16.206501007080078,0.3059999942779541,,,,,,,,,
1778338800000,2026-05-09 15:00:00,,,,15.906499862670898,55.0,1019.2999877929688,6.874630928039551,0.0,8.20926284790039,52.12495803833008,0.1400000154972076,16.306499481201172,0.3050000071525574,,,,,,,,,
1778342400000,2026-05-09 16:00:00,,,,15.906499862670898,56.0,1018.7999877929688,7.137628078460693,0.0,10.028438568115234,68.96241760253906,0.1500000059604644,16.506500244140625,0.3050000071525574,,,,,,,,,
1778346000000,2026-05-09 17:00:00,,,,15.506500244140623,57.0,1018.7000122070312,7.022350788116455,0.0,8.699792861938477,65.55606079101562,0.1199999973177909,16.1564998626709,0.3039999902248382,,,,,,,,,
1778349600000,2026-05-09 18:00:00,,,,14.506500244140623,65.0,1018.7000122070312,8.004339218139648,0.0,6.162207126617432,83.2902603149414,0.0700000077486038,15.356500625610352,0.3039999902248382,,,,,,,,,
1778353200000,2026-05-09 19:00:00,,,,13.256500244140623,67.0,1019.0,7.258960723876953,0.0,3.415259599685669,108.43504333496094,0.0199999995529651,14.256500244140623,0.3039999902248382,,,,,,,,,
1778356800000,2026-05-09 20:00:00,,,,12.206500053405762,70.0,1019.0,6.894576549530029,0.0,3.617955207824707,95.71050262451172,0.0099999997764825,13.156499862670898,0.3039999902248382,,,,,,,,,
1778360400000,2026-05-09 21:00:00,,,,11.156499862670898,75.0,1019.0,6.889787197113037,0.0,2.5199999809265137,90.0,0.0099999997764825,12.256500244140623,0.3039999902248382,,,,,,,,,
1778364000000,2026-05-09 22:00:00,,,,10.456500053405762,79.0,1019.0,6.968942642211914,0.0,3.219938039779663,116.5649871826172,0.0099999997764825,11.656499862670898,0.3039999902248382,,,,,,,,,
1778367600000,2026-05-09 23:00:00,,,,9.406499862670898,83.0,1018.7999877929688,6.664480686187744,0.0,4.104631423950195,127.8750457763672,0.0099999997764825,11.056500434875488,0.3039999902248382,,,,,,,,,
1778371200000,2026-05-10 00:00:00,,,,8.406499862670898,88.0,1018.5999755859376,6.533740997314453,0.0,4.6102495193481445,128.6598358154297,0.0099999997764825,10.906499862670898,0.3000000119209289,,,,,,,,,
1778374800000,2026-05-10 01:00:00,,,,7.80649995803833,88.0,1018.0,5.942635536193848,0.0,4.6102495193481445,141.3401641845703,0.0,10.506500244140623,0.3000000119209289,,,,,,,,,
1778378400000,2026-05-10 02:00:00,,,,7.606499671936035,88.0,1017.2000122070312,5.745594501495361,0.0,5.86037540435791,137.48959350585938,0.0,10.106500625610352,0.3009999990463257,,,,,,,,,
1778382000000,2026-05-10 03:00:00,,,,7.256499767303467,87.0,1016.7000122070312,5.236199855804443,0.0,4.843304634094238,138.0128631591797,0.0099999997764825,9.706500053405762,0.3009999990463257,,,,,,,,,
1778385600000,2026-05-10 04:00:00,,,,7.05649995803833,86.0,1016.7000122070312,4.873427867889404,0.0,3.7064266204833984,150.94549560546875,0.0,9.356500625610352,0.3009999990463257,,,,,,,,,
1778389200000,2026-05-10 05:00:00,,,,8.156499862670898,81.0,1016.5,5.090342998504639,0.0,6.193674087524414,144.4622344970703,0.0099999997764825,9.506500244140623,0.3009999990463257,,,,,,,,,
1778392800000,2026-05-10 06:00:00,,,,10.356500625610352,73.0,1016.0,5.725285053253174,0.0,6.989935874938965,145.49142456054688,0.0500000044703483,10.456500053405762,0.3009999990463257,,,,,,,,,
1778396400000,2026-05-10 07:00:00,,,,13.156499862670898,65.0,1015.4000244140624,6.721474647521973,0.0,5.9044389724731445,142.43133544921875,0.1000000089406967,12.156499862670898,0.3000000119209289,,,,,,,,,
1778400000000,2026-05-10 08:00:00,,,,15.906499862670898,60.0,1014.7000122070312,8.149785995483398,0.0,4.104631423950195,127.8750457763672,0.1500000059604644,14.456500053405762,0.3000000119209289,,,,,,,,,
1778403600000,2026-05-10 09:00:00,,,,18.55649948120117,51.0,1013.7999877929688,8.224291801452637,0.0,8.21715259552002,118.81069946289062,0.2300000041723251,16.85650062561035,0.2989999949932098,,,,,,,,,
1778407200000,2026-05-10 10:00:00,,,,20.10650062561035,45.0,1012.9000244140624,7.801835536956787,0.0,8.31124496459961,107.65021514892578,0.2900000214576721,19.006500244140625,0.2980000078678131,,,,,,,,,
1778410800000,2026-05-10 11:00:00,,,,20.80649948120117,40.0,1012.0999755859376,6.710861682891846,0.0,6.489992141723633,93.17977142333984,0.3000000119209289,20.55649948120117,0.296999990940094,,,,,,,,,
1778414400000,2026-05-10 12:00:00,,,,21.55649948120117,39.0,1011.5,7.012658596038818,0.0,6.489992141723633,93.17977142333984,0.2900000214576721,21.756500244140625,0.2960000038146972,,,,,,,,,
1778418000000,2026-05-10 13:00:00,,,,21.756500244140625,38.0,1010.7999877929688,6.812145709991455,0.0,4.829906940460205,116.5649871826172,0.2599999904632568,22.20650100708008,0.2939999997615814,,,,,,,,,
1778421600000,2026-05-10 14:00:00,,,,22.1564998626709,37.0,1010.0,6.779090881347656,0.0,4.198285102844238,120.96369171142578,0.2300000041723251,22.30649948120117,0.2939999997615814,,,,,,,,,
1778425200000,2026-05-10 15:00:00,,,,22.006500244140625,37.0,1009.4000244140624,6.6459784507751465,0.0,2.9024126529693604,82.87508392333984,0.1800000071525573,21.95650100708008,0.2930000126361847,,,,,,,,,
1778428800000,2026-05-10 16:00:00,,,,21.30649948120117,41.0,1009.0,7.520192146301269,0.0,4.394360065460205,55.00790023803711,0.1199999973177909,21.05649948120117,0.2919999957084656,,,,,,,,,
1778432400000,2026-05-10 17:00:00,,,,20.55649948120117,46.0,1008.4000244140624,8.535021781921387,0.0,6.297428131103516,59.036319732666016,0.0900000035762786,20.10650062561035,0.2919999957084656,,,,,,,,,
1778436000000,2026-05-10 18:00:00,,,,19.20650100708008,53.0,1007.9000244140624,9.3948392868042,0.0,6.489992141723633,70.55987548828125,0.0700000077486038,19.10650062561035,0.2919999957084656,,,,,,,,,
1778439600000,2026-05-10 19:00:00,,,,17.456501007080078,58.0,1007.7999877929688,9.10388469696045,0.0,5.154415607452393,102.09474182128906,0.0399999991059303,17.9064998626709,0.2919999957084656,,,,,,,,,
1778443200000,2026-05-10 20:00:00,,,,16.256500244140625,66.0,1007.5999755859376,9.894623756408691,0.0,4.33497428894043,131.63345336914062,0.0199999995529651,16.806499481201172,0.2919999957084656,,,,,,,,,
1778446800000,2026-05-10 21:00:00,,,,14.706500053405762,72.0,1007.0999755859376,9.710542678833008,0.0,4.33497428894043,138.36654663085938,0.0099999997764825,15.856500625610352,0.2919999957084656,,,,,,,,,
1778450400000,2026-05-10 22:00:00,,,,13.806500434875488,72.0,1006.5,8.845035552978516,0.0,3.096837043762207,144.4622344970703,0.0099999997764825,15.106500625610352,0.2930000126361847,,,,,,,,,
1778454000000,2026-05-10 23:00:00,,,,13.106500625610352,72.0,1005.9000244140624,8.171783447265625,0.0,3.3190360069274902,130.60121154785156,0.0099999997764825,14.456500053405762,0.2930000126361847,,,,,,,,,
1778457600000,2026-05-11 00:00:00,,,,12.706500053405762,85.0,1005.5,10.248833656311035,0.0,4.843304634094238,138.0128631591797,0.0099999997764825,14.206500053405762,0.2919999957084656,,,,,,,,,
1778461200000,2026-05-11 01:00:00,,,,12.256500244140623,85.0,1004.5999755859376,9.80743408203125,0.0,6.130578517913818,139.7637176513672,0.0099999997764825,13.806500434875488,0.2930000126361847,,,,,,,,,
1778464800000,2026-05-11 02:00:00,,,,11.906499862670898,82.0,1004.0,8.930418968200684,0.0,6.409617424011231,141.8427276611328,0.0199999995529651,13.506500244140623,0.2930000126361847,,,,,,,,,
1778468400000,2026-05-11 03:00:00,,,,11.356500625610352,81.0,1003.0,8.212214469909668,0.0,5.692099094390869,145.30477905273438,0.0199999995529651,13.106500625610352,0.2930000126361847,,,,,,,,,
1778472000000,2026-05-11 04:00:00,,,,11.306500434875488,78.0,1001.9000244140624,7.608703136444092,0.0,5.351784706115723,160.34608459472656,0.0199999995529651,12.806500434875488,0.2939999997615814,,,,,,,,,
1778475600000,2026-05-11 05:00:00,,,,12.006500244140623,73.0,1002.0,7.315333366394043,0.0,5.351784706115723,227.72637939453125,0.0299999993294477,12.806500434875488,0.2939999997615814,,,,,,,,,
1778479200000,2026-05-11 06:00:00,,,,12.456500053405762,75.0,1002.0,8.146403312683105,0.4000000059604645,4.379589080810547,99.46224975585938,0.0399999991059303,13.106500625610352,0.2949999868869781,,,,,,,,,
1778482800000,2026-05-11 07:00:00,,,,12.556500434875488,82.0,1001.4000244140624,9.565312385559082,1.7000000476837158,5.001279830932617,120.25635528564452,0.0799999982118606,13.406499862670898,0.2949999868869781,,,,,,,,,
1778486400000,2026-05-11 08:00:00,,,,13.906499862670898,78.0,1001.0999755859376,10.133275985717772,0.1000000014901161,8.145870208740234,135.00010681152344,0.1299999952316284,13.956500053405762,0.2960000038146972,,,,,,,,,
1778490000000,2026-05-11 09:00:00,,,,16.1564998626709,76.0,1000.2000122070312,11.922593116760254,0.0,6.409617424011231,141.8427276611328,0.2100000232458114,15.406499862670898,0.2960000038146972,,,,,,,,,
1778493600000,2026-05-11 10:00:00,,,,18.60650062561035,74.0,999.4000244140624,13.881237030029297,0.0,1.6099690198898315,206.5649871826172,0.2199999988079071,16.956501007080078,0.2960000038146972,,,,,,,,,
1778497200000,2026-05-11 11:00:00,,,,19.30649948120117,59.0,999.0,11.094225883483888,0.0,14.812589645385742,244.0577545166016,0.3199999928474426,18.006500244140625,0.2960000038146972,,,,,,,,,
1778500800000,2026-05-11 12:00:00,,,,19.20650100708008,67.0,998.5999755859376,12.930670738220217,0.1000000014901161,8.20926284790039,232.1249542236328,0.3000000119209289,18.20650100708008,0.2960000038146972,,,,,,,,,
1778504400000,2026-05-11 13:00:00,,,,20.05649948120117,57.0,997.7000122070312,11.276179313659668,0.0,15.459053993225098,242.2415466308593,0.3400000035762787,18.85650062561035,0.2960000038146972,,,,,,,,,
1778508000000,2026-05-11 14:00:00,,,,18.6564998626709,64.0,997.5999755859376,11.710721969604492,0.0,29.627365112304688,297.4990539550781,0.3400000035762787,19.4064998626709,0.2949999868869781,,,,,,,,,
1778511600000,2026-05-11 15:00:00,,,,14.706500053405762,71.0,999.0999755859376,9.502132415771484,0.0,19.272613525390625,302.7995300292969,0.1800000071525573,18.4064998626709,0.2949999868869781,,,,,,,,,
1778515200000,2026-05-11 16:00:00,,,,13.306500434875488,74.0,1000.0,8.769070625305176,0.0,15.778515815734863,304.77789306640625,0.1199999973177909,17.10650062561035,0.2949999868869781,,,,,,,,,
1778518800000,2026-05-11 17:00:00,,,,12.356500625610352,77.0,1000.9000244140624,8.437686920166016,0.2000000029802322,13.891522407531738,301.2183532714844,0.0799999982118606,15.756500244140623,0.2949999868869781,,,,,,,,,
1778522400000,2026-05-11 18:00:00,,,,11.206500053405762,78.0,1001.5999755859376,7.511586666107178,0.1000000014901161,14.386493682861328,301.7013854980469,0.0900000035762786,14.706500053405762,0.2949999868869781,,,,,,,,,
1778526000000,2026-05-11 19:00:00,,,,10.206500053405762,81.0,1002.0999755859376,7.090404033660889,0.0,13.217443466186523,299.357666015625,0.0700000077486038,13.756500244140623,0.2960000038146972,,,,,,,,,
1778529600000,2026-05-11 20:00:00,,,,9.606500625610352,80.0,1002.9000244140624,6.324599742889404,0.0,12.074766159057615,296.5649719238281,0.0599999986588954,13.006500244140623,0.2960000038146972,,,,,,,,,
1778533200000,2026-05-11 21:00:00,,,,9.106500625610352,76.0,1003.5,5.098001480102539,0.0,10.966712951660156,293.1986083984375,0.0500000044703483,12.456500053405762,0.2960000038146972,,,,,,,,,
1778536800000,2026-05-11 22:00:00,,,,8.806500434875488,77.0,1003.7999877929688,4.995059490203857,0.0,9.605998039245604,282.99462890625,0.0500000044703483,11.956500053405762,0.2960000038146972,,,,,,,,,
1778540400000,2026-05-11 23:00:00,,,,8.606500625610352,79.0,1003.7000122070312,5.16931676864624,0.0,9.114471435546877,279.0901794433594,0.0399999991059303,11.556500434875488,0.296999990940094,,,,,,,,,
1778544000000,2026-05-12 00:00:00,,,,8.456500053405762,79.0,1004.4000244140624,5.023385047912598,0.0,9.826087951660156,278.4268798828125,0.0399999991059303,11.006500244140623,0.2930000126361847,,,,,,,,,
1778547600000,2026-05-12 01:00:00,,,,8.056500434875488,81.0,1004.7000122070312,4.99276876449585,0.0,10.823972702026367,273.8139953613281,0.0399999991059303,10.556500434875488,0.2939999997615814,,,,,,,,,
1778551200000,2026-05-12 02:00:00,,,,7.80649995803833,81.0,1004.7000122070312,4.7488298416137695,0.0,10.495713233947754,275.9060363769531,0.0299999993294477,10.206500053405762,0.2939999997615814,,,,,,,,,
1778554800000,2026-05-12 03:00:00,,,,7.756499767303467,81.0,1005.5999755859376,4.700040340423584,0.0,11.54247760772705,273.5762634277344,0.0299999993294477,9.956500053405762,0.2939999997615814,,,,,,,,,
1778558400000,2026-05-12 04:00:00,,,,7.506499767303467,76.0,1006.2999877929688,3.548312187194824,0.0,11.252518653869627,277.352294921875,0.0399999991059303,9.806500434875488,0.2939999997615814,,,,,,,,,
1778562000000,2026-05-12 05:00:00,,,,7.006499767303467,69.0,1007.0999755859376,1.7052698135375977,0.0,11.92898941040039,275.1943359375,0.0700000077486038,9.606500625610352,0.2949999868869781,,,,,,,,,
1778565600000,2026-05-12 06:00:00,,,,7.506499767303467,66.0,1007.5,1.5618230104446411,0.0,10.495713233947754,264.0939636230469,0.1099999994039535,9.906499862670898,0.2949999868869781,,,,,,,,,
1778569200000,2026-05-12 07:00:00,,,,8.056500434875488,61.0,1007.5,0.9858878254890442,0.0,12.371644973754885,261.6341857910156,0.1400000154972076,10.506500244140623,0.2949999868869781,,,,,,,,,
1778572800000,2026-05-12 08:00:00,,,,9.056500434875488,56.0,1007.2000122070312,0.737972617149353,0.0,14.205182075500488,261.25390625,0.2000000178813934,11.456500053405762,0.2949999868869781,,,,,,,,,
1778576400000,2026-05-12 09:00:00,,,,8.756500244140625,63.0,1007.5999755859376,2.098710775375366,0.0,13.358860969543455,255.96372985839844,0.2000000178813934,12.056500434875488,0.2949999868869781,,,,,,,,,
1778580000000,2026-05-12 10:00:00,,,,8.756500244140625,65.0,1007.5,2.537928342819214,0.0,13.339445114135742,266.906005859375,0.2000000178813934,12.556500434875488,0.2949999868869781,,,,,,,,,
1778583600000,2026-05-12 11:00:00,,,,8.756500244140625,66.0,1007.5,2.753068447113037,0.1000000014901161,12.496719360351562,258.36639404296875,0.1899999976158142,12.656499862670898,0.2949999868869781,,,,,,,,,
1778587200000,2026-05-12 12:00:00,,,,8.356500625610352,69.0,1007.4000244140624,2.998486518859864,0.1000000014901161,14.44044303894043,265.7109375,0.1800000071525573,12.406499862670898,0.2949999868869781,,,,,,,,,
1778590800000,2026-05-12 13:00:00,,,,8.706500053405762,71.0,1007.5,3.7392776012420654,0.1000000014901161,15.941944122314451,263.5170288085937,0.2000000178813934,12.656499862670898,0.2949999868869781,,,,,,,,,
1778594400000,2026-05-12 14:00:00,,,,8.256500244140625,72.0,1008.0,3.50515365600586,0.6000000238418579,19.602651596069336,277.3859558105469,0.2300000041723251,12.956500053405762,0.2949999868869781,,,,,,,,,
1778598000000,2026-05-12 15:00:00,,,,8.406499862670898,66.0,1008.4000244140624,2.419548511505127,0.1000000014901161,17.643672943115234,268.8309020996094,0.2300000041723251,11.906499862670898,0.2949999868869781,,,,,,,,,
1778601600000,2026-05-12 16:00:00,,,,8.256500244140625,72.0,1008.5,3.50515365600586,0.0,9.387650489807127,265.60137939453125,0.1800000071525573,11.456500053405762,0.2949999868869781,,,,,,,,,
1778605200000,2026-05-12 17:00:00,,,,8.056500434875488,76.0,1009.0999755859376,4.081053256988525,0.3000000119209289,13.627795219421388,282.200439453125,0.1099999994039535,10.856500625610352,0.2949999868869781,,,,,,,,,
1778608800000,2026-05-12 18:00:00,,,,7.506499767303467,78.0,1009.4000244140624,3.917588710784912,0.0,15.941944122314451,276.48297119140625,0.1000000089406967,10.256500244140623,0.2960000038146972,,,,,,,,,
1778612400000,2026-05-12 19:00:00,,,,6.706499576568604,80.0,1009.7000122070312,3.499030351638794,0.3000000119209289,13.722564697265623,274.5138854980469,0.0900000035762786,9.506500244140623,0.2960000038146972,,,,,,,,,
1778616000000,2026-05-12 20:00:00,,,,6.756499767303467,81.0,1009.7000122070312,3.7242178916931152,0.4000000059604645,10.182336807250977,278.1300048828125,0.0799999982118606,9.056500434875488,0.2960000038146972,,,,,,,,,
1778619600000,2026-05-12 21:00:00,,,,6.706499576568604,85.0,1009.4000244140624,4.362270355224609,0.1000000014901161,5.495161056518555,238.39254760742188,0.0500000044703483,8.756500244140625,0.2960000038146972,,,,,,,,,
1778623200000,2026-05-12 22:00:00,,,,6.906499862670898,82.0,1009.0999755859376,4.045351982116699,0.0,6.489992141723633,273.1797790527344,0.0399999991059303,8.556500434875488,0.296999990940094,,,,,,,,,
1778626800000,2026-05-12 23:00:00,,,,6.606499671936035,85.0,1008.7000122070312,4.264138698577881,0.0,8.31124496459961,252.34979248046875,0.0299999993294477,8.256500244140625,0.296999990940094,,,,,,,,,
1778630400000,2026-05-13 00:00:00,,,,6.80649995803833,82.0,1008.7000122070312,3.947627067565918,0.0,6.379216194152832,253.61038208007807,0.0399999991059303,8.256500244140625,0.3050000071525574,,,,,,,,,
1778634000000,2026-05-13 01:00:00,,,,6.55649995803833,80.0,1008.0999755859376,3.352857828140259,0.0,7.172948837280273,252.47433471679688,0.0399999991059303,7.906499862670898,0.3050000071525574,,,,,,,,,
1778637600000,2026-05-13 02:00:00,,,,6.356499671936035,83.0,1007.7000122070312,3.67998480796814,0.0,6.130578517913818,229.7637176513672,0.0399999991059303,7.7064995765686035,0.3050000071525574,,,,,,,,,
1778641200000,2026-05-13 03:00:00,,,,6.456499576568604,82.0,1007.2000122070312,3.605586051940918,0.0,3.3190360069274902,229.39878845214844,0.0299999993294477,7.656499862670898,0.3059999942779541,,,,,,,,,
1778644800000,2026-05-13 04:00:00,,,,6.356499671936035,81.0,1007.0,3.3338623046875,0.0,3.054701328277588,224.99989318847656,0.0199999995529651,7.4564995765686035,0.3059999942779541,,,,,,,,,
1778648400000,2026-05-13 05:00:00,,,,6.706499576568604,81.0,1006.7999877929688,3.675424098968506,0.0,4.510787010192871,208.61036682128903,0.0399999991059303,7.55649995803833,0.3059999942779541,,,,,,,,,
1778652000000,2026-05-13 06:00:00,,,,7.606499671936035,80.0,1006.2000122070312,4.376021385192871,0.0,5.804825305938721,172.8750762939453,0.0599999986588954,8.106500625610352,0.3059999942779541,,,,,,,,,
1778655600000,2026-05-13 07:00:00,,,,8.806500434875488,76.0,1005.5999755859376,4.807458877563477,0.0,10.315114974975586,240.7512664794922,0.1099999994039535,8.806500434875488,0.3059999942779541,,,,,,,,,
1778659200000,2026-05-13 08:00:00,,,,9.956500053405762,73.0,1004.9000244140624,5.339760780334473,0.1000000014901161,10.086426734924316,235.1754302978516,0.1599999964237213,9.656499862670898,0.3059999942779541,,,,,,,,,
1778662800000,2026-05-13 09:00:00,,,,11.156499862670898,65.0,1004.7000122070312,4.820311069488525,0.0,14.264361381530762,259.8245544433594,0.2100000232458114,10.506500244140623,0.3059999942779541,,,,,,,,,
1778666400000,2026-05-13 10:00:00,,,,11.956500053405762,63.0,1004.5999755859376,5.1307053565979,0.0,13.5706148147583,248.1985321044922,0.2199999988079071,11.406499862670898,0.3050000071525574,,,,,,,,,
1778670000000,2026-05-13 11:00:00,,,,12.756500244140623,61.0,1004.2000122070312,5.422582149505615,0.0,10.137691497802734,263.88458251953125,0.2399999946355819,12.556500434875488,0.3050000071525574,,,,,,,,,
1778673600000,2026-05-13 12:00:00,,,,11.156499862670898,79.0,1003.9000244140624,7.649789810180664,1.399999976158142,9.199390411376951,300.5791320800781,0.1800000071525573,12.656499862670898,0.3050000071525574,,,,,,,,,
1778677200000,2026-05-13 13:00:00,,,,12.656499862670898,64.0,1003.0,6.021531581878662,0.0,13.493998527526855,279.2109375,0.2599999904632568,12.956500053405762,0.3050000071525574,,,,,,,,,
1778680800000,2026-05-13 14:00:00,,,,13.256500244140623,58.0,1002.5,5.166869163513184,0.0,13.79791259765625,254.8759307861328,0.3100000023841858,13.406499862670898,0.3050000071525574,,,,,,,,,
1778684400000,2026-05-13 15:00:00,,,,13.956500053405762,52.0,1002.2999877929688,4.2544474601745605,0.0,13.5706148147583,248.1985321044922,0.2599999904632568,13.656499862670898,0.3050000071525574,,,,,,,,,
1778688000000,2026-05-13 16:00:00,,,,13.706500053405762,52.0,1002.4000244140624,4.022958278656006,0.0,14.003028869628906,252.03076171875,0.2000000178813934,13.456500053405762,0.3050000071525574,,,,,,,,,
1778691600000,2026-05-13 17:00:00,,,,12.956500053405762,57.0,1002.0999755859376,4.636187553405762,0.0,10.799999237060549,233.1300201416016,0.1400000154972076,13.056500434875488,0.3050000071525574,,,,,,,,,
1778695200000,2026-05-13 18:00:00,,,,12.106500625610352,65.0,1001.7999877929688,5.723457336425781,0.0,6.287129878997803,203.62939453125,0.0799999982118606,12.456500053405762,0.3050000071525574,,,,,,,,,
1778698800000,2026-05-13 19:00:00,,,,11.156499862670898,73.0,1001.7000122070312,6.496265411376953,0.0,5.86037540435791,190.61959838867188,0.0199999995529651,11.606500625610352,0.3050000071525574,,,,,,,,,
1778702400000,2026-05-13 20:00:00,,,,10.006500244140623,76.0,1001.7000122070312,5.969563007354736,0.699999988079071,7.412853240966797,209.05450439453125,0.0500000044703483,11.056500434875488,0.3050000071525574,,,,,,,,,
1778706000000,2026-05-13 21:00:00,,,,9.256500244140623,81.0,1001.4000244140624,6.163595676422119,0.2000000029802322,5.351784706115723,199.65391540527344,0.0599999986588954,10.506500244140623,0.3050000071525574,,,,,,,,,
1778709600000,2026-05-13 22:00:00,,,,9.056500434875488,81.0,1000.9000244140624,5.968466758728027,0.1000000014901161,7.091177463531494,156.03750610351562,0.0500000044703483,10.156499862670898,0.3059999942779541,,,,,,,,,
1778713200000,2026-05-13 23:00:00,,,,8.956500053405762,82.0,1000.2999877929688,6.048499584197998,0.0,6.0346999168396,162.64588928222656,0.0299999993294477,9.856500625610352,0.3059999942779541,,,,,,,,,
1778716800000,2026-05-14 00:00:00,,,,9.506500244140623,74.0,1000.2999877929688,5.101439476013184,0.0,6.119999885559082,208.0723876953125,0.0299999993294477,10.006500244140623,0.3019999861717224,,,,,,,,,
1778720400000,2026-05-14 01:00:00,,,,9.156499862670898,75.0,999.5,4.956109046936035,0.0,5.091168403625488,171.86997985839844,0.0299999993294477,9.806500434875488,0.3019999861717224,,,,,,,,,
1778724000000,2026-05-14 02:00:00,,,,8.906499862670898,76.0,999.4000244140624,4.9043073654174805,0.0,5.771238803863525,176.42373657226562,0.0199999995529651,9.556500434875488,0.3009999990463257,,,,,,,,,
1778727600000,2026-05-14 03:00:00,,,,8.506500244140625,78.0,999.0999755859376,4.889090061187744,0.0,4.510787010192871,151.38963317871094,0.0199999995529651,9.356500625610352,0.3009999990463257,,,,,,,,,
1778731200000,2026-05-14 04:00:00,,,,8.006500244140625,83.0,999.0999755859376,5.294645309448242,0.2000000029802322,7.491114139556885,125.21768188476562,0.0199999995529651,9.156499862670898,0.3009999990463257,,,,,,,,,
1778734800000,2026-05-14 05:00:00,,,,8.506500244140625,83.0,999.2999877929688,5.783891201019287,0.0,5.116561412811279,129.2893829345703,0.0299999993294477,9.206500053405762,0.3009999990463257,,,,,,,,,
1778738400000,2026-05-14 06:00:00,,,,10.256500244140623,71.0,999.7000122070312,5.228533744812012,0.0,5.991593837738037,212.73521423339844,0.0500000044703483,9.906499862670898,0.3009999990463257,,,,,,,,,
1778742000000,2026-05-14 07:00:00,,,,11.156499862670898,64.0,999.7999877929688,4.598150730133057,0.0,11.681986808776855,236.3099060058593,0.1199999973177909,10.656499862670898,0.3000000119209289,,,,,,,,,
1778745600000,2026-05-14 08:00:00,,,,11.606500625610352,60.0,999.9000244140624,4.101526737213135,0.0,12.239999771118164,241.9276123046875,0.1599999964237213,11.606500625610352,0.3000000119209289,,,,,,,,,
1778749200000,2026-05-14 09:00:00,,,,11.656499862670898,60.0,999.9000244140624,4.148622512817383,0.0,11.090103149414062,234.2460174560547,0.1599999964237213,12.406499862670898,0.2989999949932098,,,,,,,,,
1778752800000,2026-05-14 10:00:00,,,,13.306500434875488,54.0,999.5999755859376,4.189890384674072,0.0,11.119280815124512,240.9454803466797,0.2000000178813934,13.556500434875488,0.2980000078678131,,,,,,,,,
1778756400000,2026-05-14 11:00:00,,,,14.456500053405762,46.0,999.2999877929688,2.9728541374206543,0.0,11.019763946533203,218.3675231933593,0.270000010728836,15.356500625610352,0.296999990940094,,,,,,,,,
1778760000000,2026-05-14 12:00:00,,,,14.906499862670898,46.0,998.7000122070312,3.3835785388946533,0.0,13.854154586791992,204.5671539306641,0.270000010728836,16.6564998626709,0.2960000038146972,,,,,,,,,
1778763600000,2026-05-14 13:00:00,,,,14.406499862670898,54.0,998.7000122070312,5.21288537979126,1.100000023841858,7.594208240509033,238.5704803466797,0.2800000309944153,15.856500625610352,0.2960000038146972,,,,,,,,,
1778767200000,2026-05-14 14:00:00,,,,15.206500053405762,47.0,998.5,3.963292837142944,0.0,12.76858615875244,229.57400512695312,0.3400000035762787,16.706501007080078,0.2960000038146972,,,,,,,,,
1778770800000,2026-05-14 15:00:00,,,,14.056500434875488,51.0,998.7000122070312,4.069920539855957,0.0,13.493998527526855,313.9191589355469,0.270000010728836,16.85650062561035,0.2949999868869781,,,,,,,,,
1778774400000,2026-05-14 16:00:00,,,,15.106500625610352,49.0,998.2999877929688,4.466339111328125,0.0,8.225034713745117,246.8013916015625,0.1800000071525573,16.4064998626709,0.2939999997615814,,,,,,,,,
1778778000000,2026-05-14 17:00:00,,,,14.006500244140623,48.0,998.7999877929688,3.162843942642212,0.0,7.628262996673584,250.70985412597656,0.1400000154972076,15.406499862670898,0.2939999997615814,,,,,,,,,
1778781600000,2026-05-14 18:00:00,,,,13.506500244140623,48.0,999.0999755859376,2.704102039337158,0.0,8.121970176696777,257.1957397460937,0.0799999982118606,14.406499862670898,0.2939999997615814,,,,,,,,,
1778785200000,2026-05-14 19:00:00,,,,12.206500053405762,60.0,999.5,4.666641712188721,0.0,2.3051247596740723,218.6598358154297,0.0399999991059303,13.256500244140623,0.2930000126361847,,,,,,,,,
1778788800000,2026-05-14 20:00:00,,,,11.106500625610352,68.0,999.5999755859376,5.42133092880249,0.0,2.0364675521850586,224.99989318847656,0.0099999997764825,12.106500625610352,0.2930000126361847,,,,,,,,,
1778792400000,2026-05-14 21:00:00,,,,9.606500625610352,80.0,999.7000122070312,6.324599742889404,0.0,2.595996856689453,236.3099060058593,0.0099999997764825,11.206500053405762,0.2930000126361847,,,,,,,,,
1778796000000,2026-05-14 22:00:00,,,,9.256500244140623,78.0,999.9000244140624,5.617642879486084,0.0,2.741678237915039,246.80137634277344,0.0099999997764825,10.506500244140623,0.2930000126361847,,,,,,,,,
1778799600000,2026-05-14 23:00:00,,,,8.406499862670898,80.0,1000.0999755859376,5.155501365661621,0.0,1.1384198665618896,198.4350433349609,0.0,9.856500625610352,0.2930000126361847,,,,,,,,,
1778803200000,2026-05-15 00:00:00,,,,8.706500053405762,86.0,1000.0,6.494655132293701,0.1000000014901161,1.1384198665618896,198.4350433349609,0.0099999997764825,10.256500244140623,0.2949999868869781,,,,,,,,,
1778806800000,2026-05-15 01:00:00,,,,8.306500434875488,91.0,1000.0,6.923243522644043,0.0,2.3051247596740723,218.6598358154297,0.0,9.956500053405762,0.2949999868869781,,,,,,,,,
1778810400000,2026-05-15 02:00:00,,,,8.706500053405762,81.0,1000.0999755859376,5.626983642578125,0.0,2.968636035919189,284.0362548828125,0.0099999997764825,9.906499862670898,0.2960000038146972,,,,,,,,,
1778814000000,2026-05-15 03:00:00,,,,8.356500625610352,80.0,1000.4000244140624,5.106786251068115,0.0,3.6712939739227295,281.3099060058594,0.0099999997764825,9.606500625610352,0.2960000038146972,,,,,,,,,
1778817600000,2026-05-15 04:00:00,,,,7.9564995765686035,82.0,1001.0,5.071401119232178,0.0,3.545588731765747,293.9624938964844,0.0099999997764825,9.306500434875488,0.2960000038146972,,,,,,,,,
1778821200000,2026-05-15 05:00:00,,,,8.056500434875488,83.0,1001.2999877929688,5.343570709228516,0.0,4.553679466247559,288.4350280761719,0.0199999995529651,9.406499862670898,0.2960000038146972,,,,,,,,,
1778824800000,2026-05-15 06:00:00,,,,8.806500434875488,80.0,1001.4000244140624,5.5452165603637695,0.0,4.198285102844238,300.96368408203125,0.0599999986588954,10.106500625610352,0.2960000038146972,,,,,,,,,
1778828400000,2026-05-15 07:00:00,,,,9.856500625610352,76.0,1001.5,5.824310302734375,0.0,5.191993713378906,303.6900939941406,0.1000000089406967,11.256500244140623,0.2960000038146972,,,,,,,,,
1778832000000,2026-05-15 08:00:00,,,,11.056500434875488,70.0,1001.5999755859376,5.791839599609375,0.0,4.394360065460205,304.9920959472656,0.1199999973177909,12.356500625610352,0.2960000038146972,,,,,,,,,
1778835600000,2026-05-15 09:00:00,,,,12.306500434875488,60.0,1001.7000122070312,4.760819911956787,0.0,3.054701328277588,315.0000915527344,0.1899999976158142,13.956500053405762,0.2949999868869781,,,,,,,,,
1778839200000,2026-05-15 10:00:00,,,,13.256500244140623,55.0,1001.7000122070312,4.40538501739502,0.0,5.623379707336426,309.8055114746094,0.2199999988079071,15.056500434875488,0.2949999868869781,,,,,,,,,
1778842800000,2026-05-15 11:00:00,,,,13.806500434875488,52.0,1001.7999877929688,4.115556240081787,0.0,6.6380720138549805,319.3987731933594,0.2300000041723251,15.606500625610352,0.2939999997615814,,,,,,,,,
1778846400000,2026-05-15 12:00:00,,,,14.906499862670898,48.0,1001.7000122070312,3.988389492034912,0.0,5.692099094390869,325.3047790527344,0.2399999946355819,16.306499481201172,0.2939999997615814,,,,,,,,,
1778850000000,2026-05-15 13:00:00,,,,15.256500244140623,45.0,1001.5999755859376,3.3909974098205566,0.0,5.634891033172607,296.5649719238281,0.25,17.1564998626709,0.2930000126361847,,,,,,,,,
1778853600000,2026-05-15 14:00:00,,,,12.656499862670898,62.0,1002.5999755859376,5.562617778778076,0.0,18.532133102416992,204.07550048828125,0.1899999976158142,16.6564998626709,0.2930000126361847,,,,,,,,,
1778857200000,2026-05-15 15:00:00,,,,11.906499862670898,66.0,1002.0999755859376,5.753757476806641,1.600000023841858,1.7999999523162842,90.0,0.1800000071525573,14.756500244140623,0.2930000126361847,,,,,,,,,
1778860800000,2026-05-15 16:00:00,,,,13.356500625610352,58.0,1001.7999877929688,5.26065731048584,0.0,1.6099690198898315,243.4350128173828,0.1599999964237213,14.606500625610352,0.2939999997615814,,,,,,,,,
1778864400000,2026-05-15 17:00:00,,,,13.456500053405762,57.0,1001.7999877929688,5.104185581207275,0.0,3.415259599685669,251.56495666503903,0.1199999973177909,14.306500434875488,0.2939999997615814,,,,,,,,,
1778868000000,2026-05-15 18:00:00,,,,13.006500244140623,63.0,1002.2999877929688,6.125134468078613,0.0,3.877318382263184,248.1985321044922,0.0700000077486038,13.656499862670898,0.2939999997615814,,,,,,,,,
1778871600000,2026-05-15 19:00:00,,,,11.956500053405762,72.0,1003.0999755859376,7.065569877624512,0.0,3.096837043762207,234.4622344970703,0.0299999993294477,12.806500434875488,0.2939999997615814,,,,,,,,,
1778875200000,2026-05-15 20:00:00,,,,11.406499862670898,76.0,1003.2000122070312,7.325131416320801,0.0,3.617955207824707,275.71051025390625,0.0199999995529651,12.006500244140623,0.2939999997615814,,,,,,,,,
1778878800000,2026-05-15 21:00:00,,,,10.756500244140623,79.0,1003.4000244140624,7.260741233825684,0.0,4.680000305175781,292.6199035644531,0.0099999997764825,11.506500244140623,0.2939999997615814,,,,,,,,,
1778882400000,2026-05-15 22:00:00,,,,10.256500244140623,81.0,1003.5,7.139179706573486,0.0,4.829906940460205,296.5649719238281,0.0099999997764825,11.056500434875488,0.2939999997615814,,,,,,,,,
1778886000000,2026-05-15 23:00:00,,,,10.006500244140623,82.0,1003.7999877929688,7.0743560791015625,0.0,4.0249223709106445,296.5649719238281,0.0099999997764825,10.806500434875488,0.2939999997615814,,,,,,,,,
1778889600000,2026-05-16 00:00:00,,,,8.406499862670898,88.0,1004.0,6.533740997314453,0.0,2.595996856689453,303.6900939941406,0.0099999997764825,10.156499862670898,0.3030000030994415,,,,,,,,,
1778893200000,2026-05-16 01:00:00,,,,8.206500053405762,86.0,1004.2999877929688,6.003393650054932,0.0,1.8356469869613647,281.3099060058594,0.0099999997764825,9.806500434875488,0.3030000030994415,,,,,,,,,
1778896800000,2026-05-16 02:00:00,,,,8.156499862670898,87.0,1004.5,6.121705055236816,0.0,3.3190360069274902,310.6012268066406,0.0099999997764825,9.656499862670898,0.3030000030994415,,,,,,,,,
1778900400000,2026-05-16 03:00:00,,,,7.9564995765686035,86.0,1004.7999877929688,5.757756233215332,0.0,4.0249223709106445,296.5649719238281,0.0099999997764825,9.456500053405762,0.3019999861717224,,,,,,,,,
1778904000000,2026-05-16 04:00:00,,,,7.4564995765686035,86.0,1005.4000244140624,5.266469955444336,0.0,3.415259599685669,288.4350280761719,0.0099999997764825,9.156499862670898,0.3019999861717224,,,,,,,,,
1778907600000,2026-05-16 05:00:00,,,,7.7064995765686035,85.0,1005.7999877929688,5.343548774719238,0.0,4.693825721740723,302.4711608886719,0.0299999993294477,9.206500053405762,0.3009999990463257,,,,,,,,,
1778911200000,2026-05-16 06:00:00,,,,8.506500244140625,83.0,1006.4000244140624,5.783891201019287,0.0,8.891343116760254,301.7594299316406,0.0799999982118606,9.906499862670898,0.3009999990463257,,,,,,,,,
1778914800000,2026-05-16 07:00:00,,,,9.356500625610352,76.0,1006.9000244140624,5.34011173248291,0.0,9.957107543945312,310.6012268066406,0.1199999973177909,10.706500053405762,0.3000000119209289,,,,,,,,,
1778918400000,2026-05-16 08:00:00,,,,10.356500625610352,71.0,1007.0999755859376,5.32460355758667,0.0,6.989935874938965,304.5085754394531,0.1500000059604644,11.756500244140623,0.3000000119209289,,,,,,,,,
1778922000000,2026-05-16 09:00:00,,,,11.856500625610352,63.0,1007.2999877929688,5.035987377166748,0.0,8.5873384475708,303.0238647460937,0.1899999976158142,13.106500625610352,0.2989999949932098,,,,,,,,,
1778925600000,2026-05-16 10:00:00,,,,12.856500625610352,58.0,1007.2999877929688,4.791704177856445,0.0,10.495713233947754,300.96368408203125,0.2399999946355819,14.556500434875488,0.2980000078678131,,,,,,,,,
1778929200000,2026-05-16 11:00:00,,,,13.706500053405762,55.0,1007.5999755859376,4.82481575012207,0.0,10.495713233947754,300.96368408203125,0.2599999904632568,15.856500625610352,0.296999990940094,,,,,,,,,
1778932800000,2026-05-16 12:00:00,,,,13.806500434875488,59.0,1007.9000244140624,5.929784297943115,0.0,16.43430519104004,298.8106994628906,0.25,16.756500244140625,0.2949999868869781,,,,,,,,,
1778936400000,2026-05-16 13:00:00,,,,13.906499862670898,53.0,1008.2999877929688,4.480289459228516,0.0,11.60965061187744,299.7447814941406,0.2000000178813934,16.556499481201172,0.2939999997615814,,,,,,,,,
1778940000000,2026-05-16 14:00:00,,,,14.106500625610352,50.0,1008.4000244140624,3.83403754234314,0.0,8.287821769714355,325.6195983886719,0.2000000178813934,16.506500244140625,0.2930000126361847,,,,,,,,,
1778943600000,2026-05-16 15:00:00,,,,14.206500053405762,48.0,1008.7000122070312,3.3463196754455566,0.0,11.753875732421877,310.0302124023437,0.1800000071525573,16.9064998626709,0.2919999957084656,,,,,,,,,
1778947200000,2026-05-16 16:00:00,,,,14.006500244140623,48.0,1008.9000244140624,3.162843942642212,0.0,11.72075080871582,280.6195983886719,0.1400000154972076,15.956500053405762,0.2910000085830688,,,,,,,,,
1778950800000,2026-05-16 17:00:00,,,,13.806500434875488,50.0,1009.2999877929688,3.557513475418091,0.0,10.63676643371582,293.9624938964844,0.1099999994039535,15.206500053405762,0.2910000085830688,,,,,,,,,
1778954400000,2026-05-16 18:00:00,,,,12.306500434875488,55.0,1010.2999877929688,3.5197560787200928,0.0,9.387651443481444,302.4711608886719,0.0700000077486038,14.256500244140623,0.2899999916553497,,,,,,,,,
1778958000000,2026-05-16 19:00:00,,,,11.256500244140623,61.0,1011.0999755859376,4.0071234703063965,0.0,5.091168403625488,278.1300048828125,0.0299999993294477,13.006500244140623,0.2899999916553497,,,,,,,,,
1778961600000,2026-05-16 20:00:00,,,,10.056500434875488,68.0,1011.9000244140624,4.417689323425293,0.0,2.545584201812744,224.99989318847656,0.0099999997764825,11.856500625610352,0.2899999916553497,,,,,,,,,
1778965200000,2026-05-16 21:00:00,,,,9.356500625610352,74.0,1012.4000244140624,4.956625938415527,0.0,1.7999999523162842,233.1300201416016,0.0099999997764825,11.006500244140623,0.2899999916553497,,,,,,,,,
1778968800000,2026-05-16 22:00:00,,,,8.506500244140625,80.0,1012.7999877929688,5.252931594848633,0.0,2.0364675521850586,135.00010681152344,0.0,10.306500434875488,0.2899999916553497,,,,,,,,,
1778972400000,2026-05-16 23:00:00,,,,7.7064995765686035,85.0,1013.2999877929688,5.343548774719238,0.0,1.4843180179595947,165.96372985839844,0.0,9.706500053405762,0.2899999916553497,,,,,,,,,
1778976000000,2026-05-17 00:00:00,,,,5.606499671936035,96.0,1015.0,5.018706798553467,0.0,2.0364675521850586,135.00010681152344,0.0,8.556500434875488,0.2879999876022339,,,,,,,,,
1778979600000,2026-05-17 01:00:00,,,,5.206499576568604,99.0,1014.5999755859376,5.0619940757751465,0.0,2.0364675521850586,135.00010681152344,0.0,8.056500434875488,0.2879999876022339,,,,,,,,,
1778983200000,2026-05-17 02:00:00,,,,4.856499671936035,95.0,1014.7999877929688,4.122818470001221,0.0,3.3190360069274902,139.39878845214844,0.0,7.656499862670898,0.289000004529953,,,,,,,,,
1778986800000,2026-05-17 03:00:00,,,,4.606499671936035,93.0,1015.4000244140624,3.5718331336975098,0.0,2.3051247596740723,141.3401641845703,0.0,7.256499767303467,0.289000004529953,,,,,,,,,
1778990400000,2026-05-17 04:00:00,,,,4.206499576568604,94.0,1015.7999877929688,3.326619863510132,0.0,2.595996856689453,123.69009399414062,0.0,6.80649995803833,0.289000004529953,,,,,,,,,
1778994000000,2026-05-17 05:00:00,,,,5.456499576568604,89.0,1016.4000244140624,3.787871599197388,0.0,4.104631423950195,127.8750457763672,0.0099999997764825,7.006499767303467,0.289000004529953,,,,,,,,,
1778997600000,2026-05-17 06:00:00,,,,7.606499671936035,78.0,1016.2999877929688,4.014743328094482,0.0,2.9024126529693604,119.74478912353516,0.0399999991059303,8.156499862670898,0.289000004529953,,,,,,,,,
1779001200000,2026-05-17 07:00:00,,,,10.256500244140623,68.0,1016.2000122070312,4.608872413635254,0.0,2.741678237915039,113.19862365722656,0.0900000035762786,9.956500053405762,0.2879999876022339,,,,,,,,,
1779004800000,2026-05-17 08:00:00,,,,12.956500053405762,59.0,1016.0999755859376,5.13103723526001,0.0,3.2599384784698486,96.34009552001952,0.1599999964237213,12.156499862670898,0.2879999876022339,,,,,,,,,
1779008400000,2026-05-17 09:00:00,,,,14.356500625610352,46.0,1016.0999755859376,2.8815739154815674,0.0,2.3051247596740723,38.65982818603516,0.2399999946355819,14.156499862670898,0.2870000004768371,,,,,,,,,
1779012000000,2026-05-17 10:00:00,,,,15.506500244140623,42.0,1015.9000244140624,2.6425068378448486,0.0,4.680000305175781,337.3800964355469,0.270000010728836,15.356500625610352,0.2860000133514404,,,,,,,,,
1779015600000,2026-05-17 11:00:00,,,,16.456501007080078,36.0,1015.7000122070312,1.3320786952972412,0.0,4.693825721740723,302.4711608886719,0.3100000023841858,17.006500244140625,0.2849999964237213,,,,,,,,,
1779019200000,2026-05-17 12:00:00,,,,16.956501007080078,32.0,1015.2999877929688,0.1384751200675964,0.0,4.896529197692871,17.102825164794922,0.3199999928474426,18.1564998626709,0.2829999923706054,,,,,,,,,
1779022800000,2026-05-17 13:00:00,,,,17.10650062561035,33.0,1014.9000244140624,0.6957046985626221,0.0,5.351784706115723,42.27362823486328,0.2599999904632568,18.30649948120117,0.2820000052452087,,,,,,,,,
1779026400000,2026-05-17 14:00:00,,,,17.206501007080078,34.0,1014.5999755859376,1.1985061168670654,0.0,5.692099571228027,251.56495666503903,0.2100000232458114,17.956501007080078,0.2809999883174896,,,,,,,,,
1779030000000,2026-05-17 15:00:00,,,,15.956500053405762,40.0,1015.0,2.3609580993652344,0.0,11.480557441711426,221.18582153320312,0.1500000059604644,16.806499481201172,0.2800000011920929,,,,,,,,,
1779033600000,2026-05-17 16:00:00,,,,15.706500053405762,45.0,1015.0999755859376,3.800571203231812,0.5,2.620839357376098,74.05453491210938,0.1500000059604644,16.056499481201172,0.2800000011920929,,,,,,,,,
1779037200000,2026-05-17 17:00:00,,,,15.856500625610352,46.0,1015.2000122070312,4.250457286834717,0.0,2.189794540405273,170.53775024414062,0.1299999952316284,15.756500244140623,0.2790000140666961,,,,,,,,,
1779040800000,2026-05-17 18:00:00,,,,14.206500053405762,61.0,1015.4000244140624,6.790404796600342,0.0,6.489992141723633,340.55987548828125,0.1000000089406967,14.906499862670898,0.2790000140666961,,,,,,,,,
1779044400000,2026-05-17 19:00:00,,,,13.306500434875488,67.0,1015.9000244140624,7.306649208068848,0.0,2.099142551422119,329.03631591796875,0.0299999993294477,13.906499862670898,0.2790000140666961,,,,,,,,,
1779048000000,2026-05-17 20:00:00,,,,12.406499862670898,74.0,1016.0999755859376,7.900595188140869,0.0,0.0,270.0,0.0099999997764825,13.056500434875488,0.2790000140666961,,,,,,,,,
1779051600000,2026-05-17 21:00:00,,,,11.206500053405762,79.0,1016.0999755859376,7.698418617248535,0.0,2.545584201812744,171.86997985839844,0.0,12.306500434875488,0.2790000140666961,,,,,,,,,
1779055200000,2026-05-17 22:00:00,,,,9.306500434875488,86.0,1016.2999877929688,7.084145545959473,0.0,2.9024126529693604,150.2552032470703,0.0099999997764825,11.406499862670898,0.2800000011920929,,,,,,,,,
1779058800000,2026-05-17 23:00:00,,,,8.356500625610352,89.0,1016.2000122070312,6.64883279800415,0.0,2.595996856689453,146.30990600585938,0.0099999997764825,10.606500625610352,0.2800000011920929,,,,,,,,,
1779062400000,2026-05-18 00:00:00,,,,8.106500625610352,91.0,1015.7999877929688,6.725438117980957,0.0,3.396233081817627,147.99465942382812,0.0,10.756500244140623,0.2809999883174896,,,,,,,,,
1779066000000,2026-05-18 01:00:00,,,,7.7064995765686035,84.0,1016.0999755859376,5.173219203948975,0.0,3.3190360069274902,167.47120666503906,0.0,10.056500434875488,0.2809999883174896,,,,,,,,,
1779069600000,2026-05-18 02:00:00,,,,7.30649995803833,84.0,1015.7999877929688,4.781254768371582,0.0,3.096837043762207,144.4622344970703,0.0099999997764825,9.456500053405762,0.2820000052452087,,,,,,,,,
1779073200000,2026-05-18 03:00:00,,,,6.906499862670898,85.0,1015.9000244140624,4.55853271484375,0.0,3.7064266204833984,150.94549560546875,0.0099999997764825,9.006500244140625,0.2820000052452087,,,,,,,,,
1779076800000,2026-05-18 04:00:00,,,,6.856499671936035,85.0,1015.9000244140624,4.509466648101807,0.0,3.7064266204833984,150.94549560546875,0.0099999997764825,8.656499862670898,0.2820000052452087,,,,,,,,,
1779080400000,2026-05-18 05:00:00,,,,7.856499671936035,83.0,1016.2999877929688,5.147867679595947,0.0,4.072935104370117,135.00010681152344,0.0099999997764825,8.856500625610352,0.2829999923706054,,,,,,,,,
1779084000000,2026-05-18 06:00:00,,,,9.356500625610352,77.0,1016.2000122070312,5.528520584106445,0.0,5.191993713378906,146.30990600585938,0.0500000044703483,9.756500244140623,0.2829999923706054,,,,,,,,,
1779087600000,2026-05-18 07:00:00,,,,11.806500434875488,67.0,1016.2000122070312,5.875846862792969,0.0,5.001279830932617,120.25635528564452,0.1000000089406967,11.356500625610352,0.2829999923706054,,,,,,,,,
1779091200000,2026-05-18 08:00:00,,,,14.606500625610352,58.0,1015.7999877929688,6.432784557342529,0.0,3.877318382263184,111.80147552490234,0.1700000017881393,13.456500053405762,0.2829999923706054,,,,,,,,,
1779094800000,2026-05-18 09:00:00,,,,16.756500244140625,49.0,1015.4000244140624,5.982722282409668,0.0,3.219938039779663,63.43501281738281,0.25,15.656499862670898,0.2820000052452087,,,,,,,,,
1779098400000,2026-05-18 10:00:00,,,,17.9064998626709,42.0,1014.9000244140624,4.808623313903809,0.0,2.0364675521850586,135.00010681152344,0.2900000214576721,17.256500244140625,0.2809999883174896,,,,,,,,,
1779102000000,2026-05-18 11:00:00,,,,18.10650062561035,39.0,1014.7000122070312,3.9292945861816406,0.0,2.595996856689453,123.69009399414062,0.2199999988079071,17.4064998626709,0.2809999883174896,,,,,,,,,
1779105600000,2026-05-18 12:00:00,,,,18.1564998626709,39.0,1014.5,3.974009513854981,0.0,5.241678714752197,105.94546508789062,0.2300000041723251,17.506500244140625,0.2800000011920929,,,,,,,,,
1779109200000,2026-05-18 13:00:00,,,,17.10650062561035,50.0,1014.4000244140624,6.597848892211914,0.0,11.480557441711426,221.18582153320312,0.1700000017881393,17.306499481201172,0.2800000011920929,,,,,,,,,
1779112800000,2026-05-18 14:00:00,,,,17.306499481201172,45.0,1014.0999755859376,5.256299018859863,0.0,4.829906940460205,153.4350128173828,0.1400000154972076,16.60650062561035,0.2800000011920929,,,,,,,,,
1779116400000,2026-05-18 15:00:00,,,,18.30649948120117,42.0,1014.0999755859376,5.169447898864746,0.0,3.5999999046325684,180.0,0.1599999964237213,16.956501007080078,0.2790000140666961,,,,,,,,,
1779120000000,2026-05-18 16:00:00,,,,18.45650100708008,41.0,1014.0999755859376,4.958272933959961,0.0,1.7999999523162842,126.86998748779295,0.1599999964237213,17.456501007080078,0.2790000140666961,,,,,,,,,
1779123600000,2026-05-18 17:00:00,,,,18.20650100708008,42.0,1014.0999755859376,5.079249382019043,0.0,3.6712939739227295,101.30989837646484,0.1199999973177909,17.206501007080078,0.2790000140666961,,,,,,,,,
1779127200000,2026-05-18 18:00:00,,,,17.256500244140625,50.0,1014.2000122070312,6.735970497131348,0.0,3.3190360069274902,102.52880096435548,0.0700000077486038,16.506500244140625,0.2790000140666961,,,,,,,,,
1779130800000,2026-05-18 19:00:00,,,,15.256500244140623,59.0,1014.7000122070312,7.291976451873779,0.0,2.545584201812744,81.86998748779297,0.0199999995529651,15.256500244140623,0.2790000140666961,,,,,,,,,
1779134400000,2026-05-18 20:00:00,,,,13.606500625610352,65.0,1015.0999755859376,7.149135589599609,0.0,1.7999999523162842,126.86998748779295,0.0099999997764825,13.906499862670898,0.2790000140666961,,,,,,,,,
1779138000000,2026-05-18 21:00:00,,,,12.656499862670898,69.0,1015.5999755859376,7.115646839141846,0.0,2.595996856689453,123.69009399414062,0.0,12.906499862670898,0.2790000140666961,,,,,,,,,
1779141600000,2026-05-18 22:00:00,,,,10.756500244140623,81.0,1015.9000244140624,7.626937389373779,0.0,2.545584201812744,171.86997985839844,0.0099999997764825,12.156499862670898,0.2800000011920929,,,,,,,,,
1779145200000,2026-05-18 23:00:00,,,,9.706500053405762,88.0,1016.5,7.814399242401123,0.0,2.4149534702301025,116.5649871826172,0.0099999997764825,11.456500053405762,0.2800000011920929,,,,,,,,,
1779148800000,2026-05-19 00:00:00,,,,9.256500244140623,86.0,1016.7999877929688,7.035022735595703,0.0,3.2599384784698486,96.34009552001952,0.0099999997764825,11.506500244140623,0.2770000100135803,,,,,,,,,
1779152400000,2026-05-19 01:00:00,,,,9.556500434875488,84.0,1016.4000244140624,6.985892295837402,0.0,2.595996856689453,123.69009399414062,0.0,11.156499862670898,0.2770000100135803,,,,,,,,,
1779156000000,2026-05-19 02:00:00,,,,11.156499862670898,80.0,1016.7999877929688,7.834472179412842,0.0,3.415259599685669,288.4350280761719,0.0,10.956500053405762,0.2770000100135803,,,,,,,,,
1779159600000,2026-05-19 03:00:00,,,,11.056500434875488,80.0,1017.2000122070312,7.737067222595215,0.0,4.553679466247559,288.4350280761719,0.0,10.856500625610352,0.2770000100135803,,,,,,,,,
1779163200000,2026-05-19 04:00:00,,,,10.556500434875488,82.0,1018.0999755859376,7.611671447753906,0.0,3.7585103511810303,286.6993103027344,0.0,10.656499862670898,0.2770000100135803,,,,,,,,,
1779166800000,2026-05-19 05:00:00,,,,11.106500625610352,81.0,1018.5,7.968353271484375,0.0,4.104631423950195,285.2551574707031,0.0099999997764825,10.906499862670898,0.277999997138977,,,,,,,,,
1779170400000,2026-05-19 06:00:00,,,,12.406499862670898,74.0,1018.5999755859376,7.900595188140869,0.0,6.830519199371338,288.4350280761719,0.0500000044703483,12.006500244140623,0.277999997138977,,,,,,,,,
1779174000000,2026-05-19 07:00:00,,,,13.606500625610352,69.0,1018.7000122070312,8.024848937988281,0.0,8.404284477233887,279.8657531738281,0.0900000035762786,13.556500434875488,0.277999997138977,,,,,,,,,
1779177600000,2026-05-19 08:00:00,,,,14.856500625610352,64.0,1019.0,8.108372688293457,0.0,8.766572952270508,289.1791076660156,0.1400000154972076,15.256500244140623,0.2770000100135803,,,,,,,,,
1779181200000,2026-05-19 09:00:00,,,,16.10650062561035,58.0,1019.0,7.838860511779785,0.0,7.895416259765625,294.22772216796875,0.1800000071525573,17.006500244140625,0.2770000100135803,,,,,,,,,
1779184800000,2026-05-19 10:00:00,,,,17.35650062561035,51.0,1019.0,7.117013454437256,0.0,7.594208240509033,301.42950439453125,0.2300000041723251,18.70650100708008,0.2759999930858612,,,,,,,,,
1779188400000,2026-05-19 11:00:00,,,,18.55649948120117,45.0,1019.0,6.393012523651123,0.0,8.37338638305664,295.4633178710937,0.2599999904632568,20.256500244140625,0.2750000059604645,,,,,,,,,
1779192000000,2026-05-19 12:00:00,,,,19.10650062561035,42.0,1018.7000122070312,5.890933513641357,0.0,12.722829818725586,295.11480712890625,0.2599999904632568,21.20650100708008,0.2739999890327453,,,,,,,,,
1779195600000,2026-05-19 13:00:00,,,,19.506500244140625,39.0,1018.2999877929688,5.181046009063721,0.0,12.72792148590088,315.0000915527344,0.2399999946355819,21.70650100708008,0.2739999890327453,,,,,,,,,
1779199200000,2026-05-19 14:00:00,,,,20.006500244140625,32.0,1017.5999755859376,2.80462908744812,0.0,7.704335689544678,322.5945739746094,0.2199999988079071,21.9064998626709,0.2730000019073486,,,,,,,,,
1779202800000,2026-05-19 15:00:00,,,,20.1564998626709,34.0,1017.5999755859376,3.79494047164917,0.0,5.86037540435791,317.4895935058594,0.2000000178813934,21.9064998626709,0.2720000147819519,,,,,,,,,
1779206400000,2026-05-19 16:00:00,,,,20.10650062561035,37.0,1017.5999755859376,4.959123611450195,0.0,4.320000171661377,360.0,0.1700000017881393,21.506500244140625,0.2709999978542328,,,,,,,,,
1779210000000,2026-05-19 17:00:00,,,,19.756500244140625,39.0,1017.9000244140624,5.404496669769287,0.0,4.829906940460205,26.564985275268555,0.1199999973177909,20.6564998626709,0.2709999978542328,,,,,,,,,
1779213600000,2026-05-19 18:00:00,,,,18.80649948120117,44.0,1018.0,6.2937188148498535,0.0,5.116561412811279,50.71061706542969,0.0700000077486038,19.45650100708008,0.2709999978542328,,,,,,,,,
1779217200000,2026-05-19 19:00:00,,,,16.806499481201172,55.0,1018.2999877929688,7.7128400802612305,0.0,3.976329803466797,84.8056640625,0.0299999993294477,17.956501007080078,0.2709999978542328,,,,,,,,,
1779220800000,2026-05-19 20:00:00,,,,15.806500434875488,60.0,1018.9000244140624,8.055686950683594,0.0,2.811689853668213,219.80552673339844,0.0099999997764825,16.556499481201172,0.2709999978542328,,,,,,,,,
1779224400000,2026-05-19 21:00:00,,,,15.306500434875488,64.0,1019.2000122070312,8.535111427307129,0.0,2.099142551422119,59.036319732666016,0.0199999995529651,15.906499862670898,0.2709999978542328,,,,,,,,,
1779228000000,2026-05-19 22:00:00,,,,14.306500434875488,69.0,1019.2999877929688,8.69469165802002,0.0,3.6712939739227295,168.6901092529297,0.0099999997764825,15.306500434875488,0.2709999978542328,,,,,,,,,
1779231600000,2026-05-19 23:00:00,,,,13.506500244140623,74.0,1019.5,8.962048530578613,0.0,3.096837043762207,125.53776550292967,0.0099999997764825,14.806500434875488,0.2720000147819519,,,,,,,,,
1779235200000,2026-05-20 00:00:00,,,,10.356500625610352,84.0,1020.0999755859376,7.769667148590088,0.0,2.9024126529693604,150.2552032470703,0.0099999997764825,12.656499862670898,0.270000010728836,,,,,,,,,
1779238800000,2026-05-20 01:00:00,,,,10.006500244140623,85.0,1019.9000244140624,7.600208759307861,0.0,3.89399528503418,146.30990600585938,0.0099999997764825,12.156499862670898,0.2709999978542328,,,,,,,,,
1779242400000,2026-05-20 02:00:00,,,,9.856500625610352,86.0,1020.0999755859376,7.624490737915039,0.0,4.33497428894043,138.36654663085938,0.0099999997764825,11.806500434875488,0.2709999978542328,,,,,,,,,
1779246000000,2026-05-20 03:00:00,,,,10.256500244140623,82.0,1020.2999877929688,7.318593978881836,0.0,4.843304634094238,138.0128631591797,0.0099999997764825,11.606500625610352,0.2709999978542328,,,,,,,,,
1779249600000,2026-05-20 04:00:00,,,,10.656499862670898,80.0,1020.9000244140624,7.347442626953125,0.0,1.0800000429153442,270.0,0.0099999997764825,11.556500434875488,0.2720000147819519,,,,,,,,,
1779253200000,2026-05-20 05:00:00,,,,10.956500053405762,80.0,1020.9000244140624,7.63966178894043,0.0,4.693825721740723,147.52882385253906,0.0199999995529651,11.756500244140623,0.2720000147819519,,,,,,,,,
1779256800000,2026-05-20 06:00:00,,,,12.656499862670898,73.0,1020.9000244140624,7.941612243652344,0.0,4.843304634094238,131.9871368408203,0.0500000044703483,12.456500053405762,0.2720000147819519,,,,,,,,,
1779260400000,2026-05-20 07:00:00,,,,14.606500625610352,68.0,1020.7999877929688,8.765464782714844,0.0,3.545588731765747,113.96249389648438,0.0900000035762786,13.706500053405762,0.2720000147819519,,,,,,,,,
1779264000000,2026-05-20 08:00:00,,,,16.456501007080078,64.0,1021.0,9.625492095947266,0.0,0.3599999845027923,360.0,0.1199999973177909,15.056500434875488,0.2720000147819519,,,,,,,,,
1779267600000,2026-05-20 09:00:00,,,,18.30649948120117,62.0,1021.2000122070312,10.900192260742188,0.0,0.5091168880462646,224.99989318847656,0.1400000154972076,16.1564998626709,0.2720000147819519,,,,,,,,,
1779271200000,2026-05-20 10:00:00,,,,18.95650100708008,56.0,1021.4000244140624,9.983424186706545,0.0,6.0346999168396,252.64588928222656,0.1700000017881393,17.306499481201172,0.2709999978542328,,,,,,,,,
1779274800000,2026-05-20 11:00:00,,,,19.70650100708008,51.0,1021.2000122070312,9.28506088256836,0.0,5.991593837738037,237.2647705078125,0.1899999976158142,18.30649948120117,0.2709999978542328,,,,,,,,,
1779278400000,2026-05-20 12:00:00,,,,18.9064998626709,58.0,1021.2999877929688,10.46214485168457,0.0,8.854828834533691,243.4350128173828,0.1400000154972076,17.9064998626709,0.270000010728836,,,,,,,,,
1779282000000,2026-05-20 13:00:00,,,,19.80649948120117,57.0,1021.0999755859376,11.042576789855955,0.0,3.3190360069274902,220.6012115478516,0.1500000059604644,18.10650062561035,0.270000010728836,,,,,,,,,
1779285600000,2026-05-20 14:00:00,,,,20.9064998626709,49.0,1020.7000122070312,9.793132781982422,0.0,11.212135314941406,264.4725646972656,0.2000000178813934,19.1564998626709,0.270000010728836,,,,,,,,,
1779289200000,2026-05-20 15:00:00,,,,18.506500244140625,60.0,1021.5,10.595616340637209,0.0,9.0,270.0,0.1299999952316284,18.45650100708008,0.2689999938011169,,,,,,,,,
1779292800000,2026-05-20 16:00:00,,,,19.256500244140625,57.0,1021.5,10.528607368469238,0.0,8.654986381530762,286.9275817871094,0.1299999952316284,18.20650100708008,0.2689999938011169,,,,,,,,,
1779296400000,2026-05-20 17:00:00,,,,16.056499481201172,78.0,1022.5,12.220337867736816,1.899999976158142,7.968938827514648,251.56495666503903,0.1000000089406967,17.756500244140625,0.2689999938011169,,,,,,,,,
1779300000000,2026-05-20 18:00:00,,,,16.556499481201172,76.0,1022.7000122070312,12.30962371826172,0.1000000014901161,3.563817977905273,224.99989318847656,0.0599999986588954,16.85650062561035,0.2709999978542328,,,,,,,,,
1779303600000,2026-05-20 19:00:00,,,,16.056499481201172,80.0,1023.5999755859376,12.606032371520996,0.1000000014901161,5.506940841674805,258.6900939941406,0.0199999995529651,16.206501007080078,0.2720000147819519,,,,,,,,,
1779307200000,2026-05-20 20:00:00,,,,15.306500434875488,84.0,1024.5,12.61815071105957,4.699999809265137,6.130578994750977,266.63360595703125,0.0299999993294477,15.756500244140623,0.2820000052452087,,,,,,,,,
1779310800000,2026-05-20 21:00:00,,,,14.856500625610352,83.0,1024.800048828125,11.99548053741455,0.4000000059604645,2.9024126529693604,262.8750915527344,0.0299999993294477,15.306500434875488,0.2899999916553497,,,,,,,,,
1779314400000,2026-05-20 22:00:00,,,,14.306500434875488,85.0,1025.300048828125,11.81813621520996,0.0,1.7999999523162842,270.0,0.0099999997764825,14.856500625610352,0.2919999957084656,,,,,,,,,
1779318000000,2026-05-20 23:00:00,,,,13.856500625610352,88.0,1025.699951171875,11.901995658874512,0.0,3.2599384784698486,263.659912109375,0.0099999997764825,14.356500625610352,0.2930000126361847,,,,,,,,,
1779321600000,2026-05-21 00:00:00,,,,13.856500625610352,82.0,1025.0,10.834989547729492,0.0,3.617955207824707,275.71051025390625,0.0,14.206500053405762,0.2669999897480011,,,,,,,,,
1779325200000,2026-05-21 01:00:00,,,,13.606500625610352,83.0,1025.800048828125,10.772995948791504,0.0,3.826852560043335,311.1858215332031,0.0099999997764825,14.006500244140623,0.2669999897480011,,,,,,,,,
1779328800000,2026-05-21 02:00:00,,,,13.506500244140623,83.0,1026.199951171875,10.675189018249512,0.0,4.379589080810547,279.4622497558594,0.0099999997764825,13.806500434875488,0.2669999897480011,,,,,,,,,
1779332400000,2026-05-21 03:00:00,,,,13.206500053405762,86.0,1026.300048828125,10.91523265838623,0.0,3.617955207824707,264.2894897460937,0.0,13.656499862670898,0.2680000066757202,,,,,,,,,
1779336000000,2026-05-21 04:00:00,,,,12.956500053405762,86.0,1026.800048828125,10.669681549072266,0.0,4.320000171661377,270.0,0.0,13.356500625610352,0.2680000066757202,,,,,,,,,
1779339600000,2026-05-21 05:00:00,,,,13.506500244140623,83.0,1027.4000244140625,10.675189018249512,0.0,4.802999019622803,282.99462890625,0.0099999997764825,13.506500244140623,0.2680000066757202,,,,,,,,,
1779343200000,2026-05-21 06:00:00,,,,14.656499862670898,78.0,1027.5999755859375,10.861377716064451,0.0,6.618519306182861,292.38018798828125,0.0399999991059303,14.356500625610352,0.2680000066757202,,,,,,,,,
1779346800000,2026-05-21 07:00:00,,,,15.506500244140623,73.0,1027.800048828125,10.686912536621094,0.0,8.496304512023926,306.38446044921875,0.0599999986588954,15.206500053405762,0.2680000066757202,,,,,,,,,
1779350400000,2026-05-21 08:00:00,,,,16.556499481201172,69.0,1027.699951171875,10.847220420837402,0.0,7.9932966232299805,305.8377380371094,0.0900000035762786,16.256500244140625,0.2680000066757202,,,,,,,,,
1779354000000,2026-05-21 09:00:00,,,,17.85650062561035,63.0,1027.9000244140625,10.715611457824709,0.0,7.895416259765625,313.15240478515625,0.1400000154972076,18.1564998626709,0.2680000066757202,,,,,,,,,
1779357600000,2026-05-21 10:00:00,,,,18.80649948120117,58.0,1027.699951171875,10.368486404418944,0.0,8.714676856994629,308.2901916503906,0.1700000017881393,19.70650100708008,0.2669999897480011,,,,,,,,,
1779361200000,2026-05-21 11:00:00,,,,19.006500244140625,52.0,1027.4000244140625,8.926884651184082,0.0,8.287821769714355,304.3804016113281,0.1599999964237213,20.30649948120117,0.2669999897480011,,,,,,,,,
1779364800000,2026-05-21 12:00:00,,,,20.10650062561035,45.0,1027.0999755859375,7.801835536956787,0.0,11.212135314941406,312.3973693847656,0.1700000017881393,20.70650100708008,0.2660000026226043,,,,,,,,,
1779368400000,2026-05-21 13:00:00,,,,20.4064998626709,43.0,1027.0,7.406949043273926,0.0,12.879752159118652,296.5649719238281,0.1800000071525573,21.45650100708008,0.2660000026226043,,,,,,,,,
1779372000000,2026-05-21 14:00:00,,,,20.35650062561035,47.0,1027.199951171875,8.670539855957031,0.0,7.9932966232299805,324.1622619628906,0.1400000154972076,21.1564998626709,0.2649999856948852,,,,,,,,,
1779375600000,2026-05-21 15:00:00,,,,20.506500244140625,45.0,1027.0,8.165273666381836,0.0,8.942214012145996,310.100830078125,0.1199999973177909,21.256500244140625,0.2649999856948852,,,,,,,,,
1779379200000,2026-05-21 16:00:00,,,,19.85650062561035,49.0,1027.0999755859375,8.8295316696167,0.0,11.726277351379396,287.8787841796875,0.0900000035762786,20.45650100708008,0.2649999856948852,,,,,,,,,
1779382800000,2026-05-21 17:00:00,,,,19.55649948120117,54.0,1027.199951171875,9.998212814331056,0.0,8.08999252319336,290.8545227050781,0.0700000077486038,19.756500244140625,0.2639999985694885,,,,,,,,,
1779386400000,2026-05-21 18:00:00,,,,19.1564998626709,56.0,1027.5999755859375,10.169951438903809,0.0,7.56856632232666,295.3461303710937,0.0500000044703483,19.20650100708008,0.2639999985694885,,,,,,,,,
1779390000000,2026-05-21 19:00:00,,,,18.35650062561035,63.0,1028.0,11.188590049743652,0.0,6.1516828536987305,290.5561218261719,0.0299999993294477,18.4064998626709,0.2639999985694885,,,,,,,,,
1779393600000,2026-05-21 20:00:00,,,,17.456501007080078,70.0,1028.199951171875,11.92618179321289,0.0,4.379589080810547,279.4622497558594,0.0199999995529651,17.6564998626709,0.2639999985694885,,,,,,,,,
1779397200000,2026-05-21 21:00:00,,,,16.1564998626709,75.0,1028.300048828125,11.721747398376465,0.0,3.239999771118164,270.0,0.0099999997764825,16.9064998626709,0.2649999856948852,,,,,,,,,
1779400800000,2026-05-21 22:00:00,,,,15.056500434875488,79.0,1028.699951171875,11.442127227783203,0.0,2.9024126529693604,240.2552032470703,0.0099999997764825,16.006500244140625,0.2649999856948852,,,,,,,,,
1779404400000,2026-05-21 23:00:00,,,,14.256500244140623,83.0,1029.0,11.408702850341797,0.0,0.5091168880462646,135.00010681152344,0.0,15.206500053405762,0.2649999856948852,,,,,,,,,
1779408000000,2026-05-22 00:00:00,,,,12.256500244140623,88.0,1029.699951171875,10.326172828674316,0.0,2.27683973312378,161.56495666503906,0.0,13.956500053405762,0.2689999938011169,,,,,,,,,
1779411600000,2026-05-22 01:00:00,,,,11.556500434875488,91.0,1029.0999755859375,10.137340545654297,0.0,2.811689853668213,140.19447326660156,0.0,13.456500053405762,0.270000010728836,,,,,,,,,
1779415200000,2026-05-22 02:00:00,,,,11.056500434875488,92.0,1029.0999755859375,9.805901527404783,0.0,3.219938039779663,116.5649871826172,0.0,13.006500244140623,0.270000010728836,,,,,,,,,
1779418800000,2026-05-22 03:00:00,,,,10.556500434875488,92.0,1029.5,9.310806274414062,0.0,1.6099690198898315,153.4350128173828,0.0,12.506500244140623,0.270000010728836,,,,,,,,,
1779422400000,2026-05-22 04:00:00,,,,10.406499862670898,92.0,1029.9000244140625,9.162277221679688,0.0,2.3051247596740723,141.3401641845703,0.0,12.106500625610352,0.270000010728836,,,,,,,,,
1779426000000,2026-05-22 05:00:00,,,,11.306500434875488,88.0,1030.300048828125,9.390459060668944,0.0,3.096837043762207,125.53776550292967,0.0099999997764825,12.356500625610352,0.270000010728836,,,,,,,,,
1779429600000,2026-05-22 06:00:00,,,,13.156499862670898,81.0,1030.300048828125,9.967840194702148,0.0,3.89399528503418,123.69010162353516,0.0399999991059303,13.456500053405762,0.270000010728836,,,,,,,,,
1779433200000,2026-05-22 07:00:00,,,,15.956500053405762,73.0,1030.199951171875,11.120278358459473,0.0,2.27683973312378,108.43504333496094,0.0799999982118606,15.206500053405762,0.270000010728836,,,,,,,,,
1779436800000,2026-05-22 08:00:00,,,,18.95650100708008,64.0,1030.0,11.995002746582031,0.0,1.4843180179595947,104.03627014160156,0.1400000154972076,17.4064998626709,0.270000010728836,,,,,,,,,
1779440400000,2026-05-22 09:00:00,,,,20.70650100708008,51.0,1029.800048828125,10.207167625427246,0.0,2.620839357376098,344.0545349121094,0.2100000232458114,19.45650100708008,0.270000010728836,,,,,,,,,
1779444000000,2026-05-22 10:00:00,,,,21.95650100708008,45.0,1029.699951171875,9.482317924499512,0.0,3.877318382263184,338.1985168457031,0.2599999904632568,21.506500244140625,0.2689999938011169,,,,,,,,,
1779447600000,2026-05-22 11:00:00,,,,22.756500244140625,43.0,1029.300048828125,9.529817581176758,0.0,3.3190360069274902,310.6012268066406,0.2599999904632568,23.10650062561035,0.2680000066757202,,,,,,,,,
1779451200000,2026-05-22 12:00:00,,,,23.1564998626709,42.0,1029.0999755859375,9.540038108825684,0.0,6.489992141723633,326.3099060058594,0.2199999988079071,23.60650062561035,0.2669999897480011,,,,,,,,,
1779454800000,2026-05-22 13:00:00,,,,23.9064998626709,40.0,1028.5,9.486740112304688,0.0,7.127635955810547,315.0000915527344,0.2199999988079071,24.20650100708008,0.2660000026226043,,,,,,,,,
1779458400000,2026-05-22 14:00:00,,,,24.20650100708008,40.0,1028.0,9.755192756652832,0.0,8.496304512023926,323.61553955078125,0.2100000232458114,24.55649948120117,0.2660000026226043,,,,,,,,,
1779462000000,2026-05-22 15:00:00,,,,24.05649948120117,40.0,1028.0,9.620967864990234,0.0,7.968938827514648,341.56494140625,0.1700000017881393,24.05649948120117,0.2649999856948852,,,,,,,,,
1779465600000,2026-05-22 16:00:00,,,,23.756500244140625,42.0,1028.0,10.080162048339844,0.0,7.695919990539551,10.784257888793944,0.1700000017881393,23.95650100708008,0.2649999856948852,,,,,,,,,
1779469200000,2026-05-22 17:00:00,,,,23.30649948120117,44.0,1028.0999755859375,10.37056827545166,0.0,5.506940841674805,11.309895515441896,0.1199999973177909,23.30649948120117,0.2639999985694885,,,,,,,,,
1779472800000,2026-05-22 18:00:00,,,,22.4064998626709,49.0,1028.0999755859375,11.169148445129396,0.0,5.241678714752197,15.945476531982422,0.0700000077486038,22.20650100708008,0.2639999985694885,,,,,,,,,
1779476400000,2026-05-22 19:00:00,,,,20.4064998626709,64.0,1028.4000244140625,13.368765830993652,0.0,3.096837043762207,35.53776550292969,0.0299999993294477,20.80649948120117,0.2639999985694885,,,,,,,,,
1779480000000,2026-05-22 20:00:00,,,,18.006500244140625,75.0,1028.5,13.508766174316406,0.0,1.6099690198898315,63.43501281738281,0.0099999997764825,19.35650062561035,0.2639999985694885,,,,,,,,,
1779483600000,2026-05-22 21:00:00,,,,17.10650062561035,78.0,1028.699951171875,13.239416122436523,0.0,1.1384198665618896,108.43504333496094,0.0099999997764825,18.1564998626709,0.2639999985694885,,,,,,,,,
1779487200000,2026-05-22 22:00:00,,,,16.556499481201172,76.0,1028.9000244140625,12.30962371826172,0.0,2.27683973312378,108.43504333496094,0.0,17.206501007080078,0.2649999856948852,,,,,,,,,
1779490800000,2026-05-22 23:00:00,,,,15.606500625610352,79.0,1029.0999755859375,11.976813316345217,0.0,3.219938039779663,116.5649871826172,0.0099999997764825,16.4064998626709,0.2649999856948852,,,,,,,,,
1779494400000,2026-05-23 00:00:00,,,,14.356500625610352,89.0,1028.5999755859375,12.566638946533203,0.0,3.054701328277588,135.00010681152344,0.0099999997764825,15.956500053405762,0.2649999856948852,,,,,,,,,
1779498000000,2026-05-23 01:00:00,,,,13.756500244140623,89.0,1028.699951171875,11.974942207336426,0.0,3.5999999046325684,126.86998748779295,0.0,15.356500625610352,0.2660000026226043,,,,,,,,,
1779501600000,2026-05-23 02:00:00,,,,13.106500625610352,90.0,1029.0,11.502811431884766,0.0,3.096837043762207,125.53776550292967,0.0,14.856500625610352,0.2660000026226043,,,,,,,,,
1779505200000,2026-05-23 03:00:00,,,,12.506500244140623,91.0,1029.4000244140625,11.076759338378906,0.0,4.33497428894043,131.63345336914062,0.0,14.356500625610352,0.2660000026226043,,,,,,,,,
1779508800000,2026-05-23 04:00:00,,,,12.356500625610352,91.0,1029.5,10.928433418273926,0.0,3.396233081817627,122.0053482055664,0.0,13.956500053405762,0.2660000026226043,,,,,,,,,
1779512400000,2026-05-23 05:00:00,,,,13.306500434875488,87.0,1029.5,11.187767028808594,0.0,4.582051753997803,135.00010681152344,0.0099999997764825,14.206500053405762,0.2669999897480011,,,,,,,,,
1779516000000,2026-05-23 06:00:00,,,,15.156499862670898,79.0,1029.4000244140625,11.539342880249023,0.0,3.826852560043335,131.18582153320312,0.0500000044703483,15.256500244140623,0.2669999897480011,,,,,,,,,
1779519600000,2026-05-23 07:00:00,,,,17.806499481201172,70.0,1029.0999755859375,12.261465072631836,0.0,2.811689853668213,129.80552673339844,0.1000000089406967,16.956501007080078,0.2669999897480011,,,,,,,,,
1779523200000,2026-05-23 08:00:00,,,,20.80649948120117,60.0,1029.0,12.758011817932127,0.0,2.545584201812744,98.13002014160156,0.1599999964237213,19.10650062561035,0.2660000026226043,,,,,,,,,
1779526800000,2026-05-23 09:00:00,,,,23.30649948120117,49.0,1028.9000244140625,11.9944429397583,0.0,1.1384198665618896,71.5649642944336,0.25,21.256500244140625,0.2660000026226043,,,,,,,,,
1779530400000,2026-05-23 10:00:00,,,,24.70650100708008,42.0,1028.699951171875,10.935110092163086,0.0,1.6099690198898315,26.564985275268555,0.3000000119209289,23.006500244140625,0.2649999856948852,,,,,,,,,
1779534000000,2026-05-23 11:00:00,,,,25.756500244140625,39.0,1028.199951171875,10.76036262512207,0.0,1.4843180179595947,345.9637145996094,0.3100000023841858,24.55649948120117,0.2639999985694885,,,,,,,,,
1779537600000,2026-05-23 12:00:00,,,,26.60650062561035,38.0,1027.9000244140625,11.125696182250977,0.0,4.510787010192871,331.3896179199219,0.3000000119209289,25.9064998626709,0.2630000114440918,,,,,,,,,
1779541200000,2026-05-23 13:00:00,,,,26.9064998626709,38.0,1027.5,11.392217636108398,0.0,5.634891033172607,333.4350280761719,0.2900000214576721,27.006500244140625,0.2619999945163727,,,,,,,,,
1779544800000,2026-05-23 14:00:00,,,,27.4064998626709,40.0,1027.0,12.616613388061523,0.0,2.9024126529693604,330.2552185058594,0.2599999904632568,27.55649948120117,0.2610000073909759,,,,,,,,,
1779548400000,2026-05-23 15:00:00,,,,27.55649948120117,37.0,1026.5999755859375,11.565357208251951,0.0,7.199999809265137,306.8699645996094,0.2300000041723251,27.55649948120117,0.2610000073909759,,,,,,,,,
1779552000000,2026-05-23 16:00:00,,,,27.1564998626709,35.0,1026.5,10.375357627868652,0.0,7.903619289398193,300.0684814453125,0.2000000178813934,26.9064998626709,0.2599999904632568,,,,,,,,,
1779555600000,2026-05-23 17:00:00,,,,26.35650062561035,40.0,1026.5,11.67812156677246,0.0,8.161764144897461,318.576416015625,0.1500000059604644,25.9064998626709,0.2599999904632568,,,,,,,,,
1779559200000,2026-05-23 18:00:00,,,,25.35650062561035,49.0,1026.5,13.873397827148438,0.0,4.510787010192871,331.3896179199219,0.0900000035762786,24.60650062561035,0.2590000033378601,,,,,,,,,
1779562800000,2026-05-23 19:00:00,,,,23.6564998626709,60.0,1026.699951171875,15.435905456542969,0.0,1.938659191131592,338.1985168457031,0.0299999993294477,23.1564998626709,0.2590000033378601,,,,,,,,,
1779566400000,2026-05-23 20:00:00,,,,22.20650100708008,66.0,1026.800048828125,15.55305290222168,0.0,1.8356469869613647,168.6901092529297,0.0,21.70650100708008,0.2599999904632568,,,,,,,,,
1779570000000,2026-05-23 21:00:00,,,,19.20650100708008,81.0,1027.0999755859375,15.866446495056152,0.0,1.8356469869613647,168.6901092529297,0.0099999997764825,20.506500244140625,0.2599999904632568,,,,,,,,,
1779573600000,2026-05-23 22:00:00,,,,17.556499481201172,86.0,1027.300048828125,15.187140464782717,0.0,2.595996856689453,146.30990600585938,0.0099999997764825,19.4064998626709,0.2599999904632568,,,,,,,,,
1779577200000,2026-05-23 23:00:00,,,,16.456501007080078,91.0,1027.5,14.982348442077637,0.0,2.3051247596740723,141.3401641845703,0.0099999997764825,18.506500244140625,0.2599999904632568,,,,,,,,,
1779580800000,2026-05-24 00:00:00,,,,15.956500053405762,91.0,1027.4000244140625,14.488006591796877,0.0,2.741678237915039,113.19862365722656,0.0,18.35650062561035,0.257999986410141,,,,,,,,,
1779584400000,2026-05-24 01:00:00,,,,15.456500053405762,93.0,1027.9000244140625,14.329390525817873,0.0,1.938659191131592,158.1985321044922,0.0,17.706501007080078,0.2590000033378601,,,,,,,,,
1779588000000,2026-05-24 02:00:00,,,,14.756500244140623,94.0,1028.0,13.800073623657228,0.0,3.5999999046325684,143.13002014160156,0.0,17.10650062561035,0.2590000033378601,,,,,,,,,
1779591600000,2026-05-24 03:00:00,,,,14.356500625610352,93.0,1028.4000244140625,13.238944053649902,0.0,3.563817977905273,135.00010681152344,0.0,16.556499481201172,0.2590000033378601,,,,,,,,,
1779595200000,2026-05-24 04:00:00,,,,14.306500434875488,92.0,1028.5999755859375,13.023785591125488,0.0,3.396233081817627,122.0053482055664,0.0,16.1564998626709,0.2590000033378601,,,,,,,,,
1779598800000,2026-05-24 05:00:00,,,,15.456500053405762,88.0,1028.5,13.477665901184082,0.0,4.104631423950195,127.8750457763672,0.0099999997764825,16.35650062561035,0.2599999904632568,,,,,,,,,
1779602400000,2026-05-24 06:00:00,,,,17.506500244140625,80.0,1028.699951171875,14.017565727233888,0.0,1.938659191131592,111.80147552490234,0.0500000044703483,17.4064998626709,0.2599999904632568,,,,,,,,,
1779606000000,2026-05-24 07:00:00,,,,20.4064998626709,71.0,1028.5,14.97182559967041,0.0,1.0800000429153442,90.0,0.0900000035762786,19.006500244140625,0.2599999904632568,,,,,,,,,
1779609600000,2026-05-24 08:00:00,,,,23.35650062561035,61.0,1028.300048828125,15.41160488128662,0.0,1.2979984283447266,56.30991363525391,0.1500000059604644,21.05649948120117,0.2599999904632568,,,,,,,,,
1779613200000,2026-05-24 09:00:00,,,,25.70650100708008,57.0,1028.0,16.551576614379883,0.0,2.545584201812744,315.0000915527344,0.2100000232458114,23.10650062561035,0.2590000033378601,,,,,,,,,
1779616800000,2026-05-24 10:00:00,,,,27.55649948120117,47.0,1027.699951171875,15.237866401672363,0.0,8.766572952270508,289.1791076660156,0.2599999904632568,25.35650062561035,0.257999986410141,,,,,,,,,
1779620400000,2026-05-24 11:00:00,,,,28.30649948120117,42.0,1027.4000244140625,14.172063827514648,0.0,10.805997848510742,299.9815673828125,0.2800000309944153,27.05649948120117,0.2569999992847442,,,,,,,,,
1779624000000,2026-05-24 12:00:00,,,,28.85650062561035,36.0,1027.0,12.298224449157717,0.0,10.799999237060549,306.8699645996094,0.270000010728836,28.256500244140625,0.2569999992847442,,,,,,,,,
1779627600000,2026-05-24 13:00:00,,,,28.85650062561035,38.0,1026.9000244140625,13.123804092407228,0.0,14.79945945739746,311.0547180175781,0.2399999946355819,28.55649948120117,0.2560000121593475,,,,,,,,,
1779631200000,2026-05-24 14:00:00,,,,28.506500244140625,44.0,1026.5,15.07326602935791,0.0,14.480772972106934,304.8753967285156,0.1899999976158142,28.10650062561035,0.2549999952316284,,,,,,,,,
1779634800000,2026-05-24 15:00:00,,,,28.30649948120117,43.0,1026.699951171875,14.535996437072754,0.0,15.815435409545898,318.69146728515625,0.1599999964237213,27.55649948120117,0.2540000081062317,,,,,,,,,
1779638400000,2026-05-24 16:00:00,,,,27.85650062561035,44.0,1026.699951171875,14.485919952392578,0.0,14.79945945739746,318.9452819824219,0.1599999964237213,27.30649948120117,0.2540000081062317,,,,,,,,,
1779642000000,2026-05-24 17:00:00,,,,26.9064998626709,42.0,1027.0,12.913777351379396,0.0,14.277982711791992,326.3099060058594,0.1099999994039535,26.506500244140625,0.2540000081062317,,,,,,,,,
1779645600000,2026-05-24 18:00:00,,,,25.6564998626709,45.0,1027.5,12.839966773986816,0.0,11.885453224182127,324.86572265625,0.0799999982118606,25.4064998626709,0.2529999911785126,,,,,,,,,
1779649200000,2026-05-24 19:00:00,,,,23.6564998626709,56.0,1028.4000244140625,14.364302635192873,0.0,8.707237243652344,330.2552185058594,0.0500000044703483,24.10650062561035,0.2529999911785126,,,,,,,,,
1779652800000,2026-05-24 20:00:00,,,,21.756500244140625,63.0,1029.199951171875,14.40353012084961,0.0,7.491114139556885,324.7823181152344,0.0299999993294477,22.80649948120117,0.2529999911785126,,,,,,,,,
1779656400000,2026-05-24 21:00:00,,,,20.256500244140625,71.0,1029.9000244140625,14.827947616577148,0.0,7.421589851379394,320.9061279296875,0.0199999995529651,21.70650100708008,0.2529999911785126,,,,,,,,,
1779660000000,2026-05-24 22:00:00,,,,19.006500244140625,76.0,1030.5999755859375,14.679750442504885,0.0,5.351784706115723,312.27362060546875,0.0199999995529651,20.85650062561035,0.2540000081062317,,,,,,,,,
1779663600000,2026-05-24 23:00:00,,,,18.006500244140625,78.0,1031.0,14.112811088562012,0.0,5.154415130615234,294.7751159667969,0.0099999997764825,20.006500244140625,0.2540000081062317,,,,,,,,,
1779667200000,2026-05-25 00:00:00,,,,17.556499481201172,68.0,1030.5,11.582491874694824,0.0,4.349896430969238,294.4439392089844,0.0099999997764825,19.55649948120117,0.2509999871253967,,,,,,,,,
1779670800000,2026-05-25 01:00:00,,,,16.756500244140625,70.0,1031.0999755859375,11.255548477172852,0.0,4.510787010192871,298.6103515625,0.0099999997764825,18.756500244140625,0.2509999871253967,,,,,,,,,
1779674400000,2026-05-25 02:00:00,,,,15.956500053405762,73.0,1031.699951171875,11.120278358459473,0.0,3.89399528503418,303.6900939941406,0.0099999997764825,18.05649948120117,0.2509999871253967,,,,,,,,,
1779678000000,2026-05-25 03:00:00,,,,15.306500434875488,74.0,1032.199951171875,10.698628425598145,0.0,4.104631423950195,307.8750305175781,0.0099999997764825,17.35650062561035,0.2520000040531158,,,,,,,,,
1779681600000,2026-05-25 04:00:00,,,,14.706500053405762,77.0,1032.5999755859375,10.715802192687988,0.0,3.396233081817627,302.0053405761719,0.0099999997764825,16.756500244140625,0.2520000040531158,,,,,,,,,
1779685200000,2026-05-25 05:00:00,,,,15.306500434875488,73.0,1032.699951171875,10.49429702758789,0.0,3.826852560043335,318.81414794921875,0.0199999995529651,16.806499481201172,0.2520000040531158,,,,,,,,,
1779688800000,2026-05-25 06:00:00,,,,16.256500244140625,65.0,1032.800048828125,9.666808128356934,0.0,4.33497428894043,318.3665466308594,0.0500000044703483,17.6564998626709,0.2520000040531158,,,,,,,,,
1779692400000,2026-05-25 07:00:00,,,,17.6564998626709,60.0,1033.0,9.796178817749023,0.0,4.33497428894043,311.6334533691406,0.0900000035762786,19.05649948120117,0.2520000040531158,,,,,,,,,
1779696000000,2026-05-25 08:00:00,,,,19.30649948120117,55.0,1033.0999755859375,10.040136337280272,0.0,5.600285530090332,315.0000915527344,0.1299999952316284,20.80649948120117,0.2520000040531158,,,,,,,,,
1779699600000,2026-05-25 09:00:00,,,,20.9064998626709,52.0,1032.9000244140625,10.683039665222168,0.0,6.369049549102783,317.2906188964844,0.1700000017881393,22.6564998626709,0.2520000040531158,,,,,,,,,
1779703200000,2026-05-25 10:00:00,,,,22.35650062561035,48.0,1032.4000244140625,10.812724113464355,0.0,6.6380720138549805,319.3987731933594,0.2000000178813934,24.4064998626709,0.2509999871253967,,,,,,,,,
1779706800000,2026-05-25 11:00:00,,,,23.6564998626709,41.0,1031.9000244140625,9.630489349365234,0.0,7.199999809265137,323.1300048828125,0.2199999988079071,25.9064998626709,0.25,,,,,,,,,
1779710400000,2026-05-25 12:00:00,,,,24.756500244140625,37.0,1031.5999755859375,9.085000038146973,0.0,6.915374279022217,321.3401794433594,0.2199999988079071,27.10650062561035,0.25,,,,,,,,,
1779714000000,2026-05-25 13:00:00,,,,25.55649948120117,37.0,1031.300048828125,9.793983459472656,0.0,7.421589851379394,309.0938415527344,0.2000000178813934,27.95650100708008,0.248999997973442,,,,,,,,,
1779717600000,2026-05-25 14:00:00,,,,26.05649948120117,36.0,1030.699951171875,9.82732105255127,0.0,7.127635955810547,315.0000915527344,0.1899999976158142,28.30649948120117,0.248999997973442,,,,,,,,,
1779721200000,2026-05-25 15:00:00,,,,26.256500244140625,36.0,1030.0,10.003917694091797,0.0,6.696386814117432,323.7460632324219,0.1599999964237213,28.256500244140625,0.2479999959468841,,,,,,,,,
1779724800000,2026-05-25 16:00:00,,,,26.006500244140625,37.0,1029.5999755859375,10.192676544189451,0.0,7.491114139556885,305.2176818847656,0.1400000154972076,27.70650100708008,0.2469999939203262,,,,,,,,,
1779728400000,2026-05-25 17:00:00,,,,25.30649948120117,38.0,1029.5999755859375,9.970359802246094,0.0,8.707237243652344,299.7447814941406,0.1000000089406967,26.6564998626709,0.2469999939203262,,,,,,,,,
1779732000000,2026-05-25 18:00:00,,,,24.30649948120117,38.0,1029.800048828125,9.081204414367676,0.0,8.396570205688477,300.96368408203125,0.0700000077486038,25.256500244140625,0.2469999939203262,,,,,,,,,
1779735600000,2026-05-25 19:00:00,,,,22.95650100708008,41.0,1030.0999755859375,9.002099990844727,0.0,5.399999618530273,306.8699645996094,0.0500000044703483,23.756500244140625,0.2469999939203262,,,,,,,,,
1779739200000,2026-05-25 20:00:00,,,,21.55649948120117,49.0,1030.4000244140625,10.389486312866213,0.0,2.27683973312378,288.4350280761719,0.0199999995529651,22.30649948120117,0.2469999939203262,,,,,,,,,
1779742800000,2026-05-25 21:00:00,,,,20.20650100708008,54.0,1030.4000244140625,10.601702690124512,0.0,2.0364675521850586,224.99989318847656,0.0099999997764825,21.006500244140625,0.2469999939203262,,,,,,,,,
1779746400000,2026-05-25 22:00:00,,,,18.20650100708008,63.0,1030.4000244140625,11.04670238494873,0.0,1.8356469869613647,191.3098907470703,0.0099999997764825,19.95650100708008,0.2469999939203262,,,,,,,,,
1779750000000,2026-05-25 23:00:00,,,,16.60650062561035,72.0,1030.199951171875,11.537341117858888,0.0,2.27683973312378,161.56495666503906,0.0099999997764825,19.05649948120117,0.2469999939203262,,,,,,,,,
1779753600000,2026-05-26 00:00:00,,,,16.806499481201172,81.0,1030.5,13.526914596557615,0.0,1.4399999380111694,180.0,0.0,18.506500244140625,0.2469999939203262,,,,,,,,,
1779757200000,2026-05-26 01:00:00,,,,15.656499862670898,86.0,1030.5,13.321407318115234,0.0,1.8356469869613647,168.6901092529297,0.0,17.806499481201172,0.2479999959468841,,,,,,,,,
1779760800000,2026-05-26 02:00:00,,,,14.556500434875488,89.0,1030.300048828125,12.76386547088623,0.0,1.7999999523162842,126.86998748779295,0.0,17.206501007080078,0.2479999959468841,,,,,,,,,
1779764400000,2026-05-26 03:00:00,,,,13.806500434875488,93.0,1030.0999755859375,12.693702697753906,0.0,1.7999999523162842,143.13002014160156,0.0,16.6564998626709,0.2479999959468841,,,,,,,,,
1779768000000,2026-05-26 04:00:00,,,,13.656499862670898,94.0,1030.199951171875,12.708202362060549,0.0,1.527350664138794,135.00010681152344,0.0,16.1564998626709,0.2479999959468841,,,,,,,,,
1779771600000,2026-05-26 05:00:00,,,,15.206500053405762,88.0,1030.5999755859375,13.231477737426758,0.0,0.7199999690055847,90.0,0.0099999997764825,16.35650062561035,0.248999997973442,,,,,,,,,
1779775200000,2026-05-26 06:00:00,,,,17.806499481201172,75.0,1030.5999755859375,13.315593719482422,0.0,0.0,270.0,0.0399999991059303,17.35650062561035,0.248999997973442,,,,,,,,,
1779778800000,2026-05-26 07:00:00,,,,20.30649948120117,65.0,1030.0,13.512044906616213,0.0,2.0364675521850586,315.0000915527344,0.0900000035762786,19.05649948120117,0.248999997973442,,,,,,,,,
1779782400000,2026-05-26 08:00:00,,,,22.4064998626709,59.0,1029.5,14.002108573913574,0.0,6.130578517913818,310.2362976074219,0.1400000154972076,21.30649948120117,0.248999997973442,,,,,,,,,
1779786000000,2026-05-26 09:00:00,,,,24.20650100708008,49.0,1029.5,12.819503784179688,0.0,7.421589851379394,309.0938415527344,0.2000000178813934,23.506500244140625,0.2479999959468841,,,,,,,,,
1779789600000,2026-05-26 10:00:00,,,,25.506500244140625,44.0,1029.199951171875,12.361258506774902,0.0,7.289444923400879,302.9052429199219,0.2399999946355819,25.4064998626709,0.2479999959468841,,,,,,,,,
1779793200000,2026-05-26 11:00:00,,,,26.70650100708008,38.0,1028.5999755859375,11.214543342590332,0.0,7.412853240966797,299.05450439453125,0.2399999946355819,27.05649948120117,0.2469999939203262,,,,,,,,,
1779796800000,2026-05-26 12:00:00,,,,27.70650100708008,36.0,1027.5,11.28376579284668,0.0,7.412853240966797,299.05450439453125,0.2399999946355819,28.35650062561035,0.2460000067949295,,,,,,,,,
1779800400000,2026-05-26 13:00:00,,,,28.55649948120117,34.0,1026.5999755859375,11.16840362548828,0.0,8.089993476867676,302.275634765625,0.2300000041723251,29.30649948120117,0.2450000047683715,,,,,,,,,
1779804000000,2026-05-26 14:00:00,,,,29.05649948120117,32.0,1025.699951171875,10.691939353942873,0.0,8.089993476867676,302.275634765625,0.2100000232458114,29.756500244140625,0.2440000027418136,,,,,,,,,
1779807600000,2026-05-26 15:00:00,,,,29.10650062561035,34.0,1025.199951171875,11.650175094604492,0.0,8.21715259552002,298.8106994628906,0.1899999976158142,29.70650100708008,0.2440000027418136,,,,,,,,,
1779811200000,2026-05-26 16:00:00,,,,28.80649948120117,35.0,1024.5999755859375,11.826218605041504,0.0,8.891343116760254,301.7594299316406,0.1599999964237213,29.1564998626709,0.2430000007152557,,,,,,,,,
1779814800000,2026-05-26 17:00:00,,,,28.1564998626709,35.0,1024.0999755859375,11.254800796508787,0.0,8.396570205688477,300.96368408203125,0.1199999973177909,28.20650100708008,0.2430000007152557,,,,,,,,,
1779818400000,2026-05-26 18:00:00,,,,27.006500244140625,38.0,1023.7000122070312,11.481053352355955,0.0,6.7637858390808105,295.2010803222656,0.0799999982118606,26.9064998626709,0.2419999986886978,,,,,,,,,
1779822000000,2026-05-26 19:00:00,,,,25.1564998626709,48.0,1023.5999755859376,13.373263359069824,0.0,4.104631423950195,254.7448272705078,0.0399999991059303,25.30649948120117,0.2419999986886978,,,,,,,,,
1779825600000,2026-05-26 20:00:00,,,,22.756500244140625,62.0,1023.5,15.09952163696289,0.0,2.811689853668213,219.80552673339844,0.0199999995529651,23.70650100708008,0.2419999986886978,,,,,,,,,
1779829200000,2026-05-26 21:00:00,,,,20.70650100708008,72.0,1023.2999877929688,15.477595329284668,0.0,2.189794540405273,170.53775024414062,0.0099999997764825,22.35650062561035,0.2419999986886978,,,,,,,,,
1779832800000,2026-05-26 22:00:00,,,,18.45650100708008,80.0,1023.0999755859376,14.942248344421388,0.0,2.4149534702301025,153.4350128173828,0.0099999997764825,21.1564998626709,0.2430000007152557,,,,,,,,,
1779836400000,2026-05-26 23:00:00,,,,17.056499481201172,85.0,1022.7000122070312,14.514933586120604,0.0,2.0364675521850586,135.00010681152344,0.0099999997764825,20.05649948120117,0.2430000007152557,,,,,,,,,
1779840000000,2026-05-27 00:00:00,,,,15.256500244140623,92.0,1021.7000122070312,13.96432113647461,0.0,2.545584201812744,135.00010681152344,0.0099999997764825,18.85650062561035,0.2430000007152557,,,,,,,,,
1779843600000,2026-05-27 01:00:00,,,,14.456500053405762,90.0,1021.4000244140624,12.835914611816406,0.0,2.4149534702301025,116.5649871826172,0.0099999997764825,18.05649948120117,0.2440000027418136,,,,,,,,,
1779847200000,2026-05-27 02:00:00,,,,13.906499862670898,90.0,1021.5,12.292808532714844,0.0,2.099142551422119,149.03631591796875,0.0099999997764825,17.306499481201172,0.2440000027418136,,,,,,,,,
1779850800000,2026-05-27 03:00:00,,,,13.606500625610352,90.0,1021.5,11.996563911437988,0.0,2.811689853668213,129.80552673339844,0.0099999997764825,16.706501007080078,0.2440000027418136,,,,,,,,,
1779854400000,2026-05-27 04:00:00,,,,14.556500434875488,88.0,1021.7000122070312,12.591368675231934,0.0,2.811689853668213,230.1944732666016,0.0099999997764825,16.306499481201172,0.2450000047683715,,,,,,,,,
1779858000000,2026-05-27 05:00:00,,,,17.556499481201172,76.0,1022.0,13.277111053466797,0.0,3.89399528503418,303.6900939941406,0.0099999997764825,16.756500244140625,0.2450000047683715,,,,,,,,,
1779861600000,2026-05-27 06:00:00,,,,19.45650100708008,73.0,1022.2000122070312,14.48993968963623,0.0,10.29625129699707,306.4693298339844,0.0799999982118606,18.1564998626709,0.2450000047683715,,,,,,,,,
1779865200000,2026-05-27 07:00:00,,,,20.35650062561035,69.0,1022.2000122070312,14.480743408203123,0.0,11.019763946533203,308.3675231933594,0.1199999973177909,19.756500244140625,0.2450000047683715,,,,,,,,,
1779868800000,2026-05-27 08:00:00,,,,21.1564998626709,63.0,1022.2999877929688,13.836355209350586,0.0,13.004921913146973,318.3665466308594,0.1599999964237213,21.256500244140625,0.2450000047683715,,,,,,,,,
1779871208419,2026-05-27 08:40:08,100.0,-111.0,1.75,,,,,,,,,,,,,,,,,,,
1779871230013,2026-05-27 08:40:30,100.0,-111.0,-4.5,,,,,,,,,,,40.84,45.2,47.38,,,,465.27,394.23,334.85
1779872400000,2026-05-27 09:00:00,,,,21.80649948120117,55.0,1022.5999755859376,12.365866661071776,0.0,12.98497486114502,313.87677001953125,0.2100000232458114,22.506500244140625,0.2450000047683715,,,,,,,,,
1779876000000,2026-05-27 10:00:00,,,,22.45650100708008,51.0,1022.7999877929688,11.820186614990234,0.0,14.529914855957031,311.98712158203125,0.2399999946355819,23.756500244140625,0.2440000027418136,,,,,,,,,
1779879600000,2026-05-27 11:00:00,,,,23.256500244140625,42.0,1022.5999755859376,9.630067825317385,0.0,14.904172897338867,307.1467590332031,0.25,24.85650062561035,0.2440000027418136,,,,,,,,,
1779883200000,2026-05-27 12:00:00,,,,23.85650062561035,28.0,1022.4000244140624,4.243342399597168,0.0,16.595178604125977,310.6012268066406,0.270000010728836,25.70650100708008,0.2430000007152557,,,,,,,,,
1779885611523,2026-05-27 12:40:11,100.0,-113.0,6.0,,,,,,,,,,,,,,15.48,14.75,13.43,,,
1779885618650,2026-05-27 12:40:18,100.0,-113.0,2.0,,,,,,,,,,,40.82,45.2,47.38,,,,465.23,394.23,334.82
1779886800000,2026-05-27 13:00:00,,,,24.006500244140625,25.0,1022.0,2.763152837753296,0.0,16.323528289794922,311.423583984375,0.270000010728836,26.1564998626709,0.2430000007152557,,,,,,,,,
1779890400000,2026-05-27 14:00:00,,,,24.1564998626709,20.0,1021.7000122070312,-0.2205734997987747,0.0,15.91346549987793,322.352294921875,0.25,26.256500244140625,0.2419999986886978,,,,,,,,,
1779894000000,2026-05-27 15:00:00,,,,23.9064998626709,24.0,1021.5,2.1043810844421387,0.0,14.934576988220217,344.6236877441406,0.2199999988079071,26.006500244140625,0.2419999986886978,,,,,,,,,
1779897600000,2026-05-27 16:00:00,,,,23.20650100708008,24.0,1021.5,1.513929843902588,0.0,15.646544456481934,336.9744873046875,0.1899999976158142,25.35650062561035,0.2409999966621399,,,,,,,,,
1779900008009,2026-05-27 16:40:08,100.0,-114.0,3.75,,,,,,,,,,,,,,15.54,14.14,13.62,,,
1779900014895,2026-05-27 16:40:14,100.0,-120.0,-1.0,,,,,,,,,,,40.81,45.18,47.38,,,,465.2,394.19,334.82
1779901200000,2026-05-27 17:00:00,,,,22.35650062561035,25.0,1021.5999755859376,1.3645399808883667,0.0,15.12428379058838,321.76611328125,0.1500000059604644,24.30649948120117,0.2409999966621399,,,,,,,,,
1779904800000,2026-05-27 18:00:00,,,,21.256500244140625,30.0,1022.0,2.9808380603790283,0.0,11.486200332641602,327.8042907714844,0.1000000089406967,23.05649948120117,0.2409999966621399,,,,,,,,,
1779908400000,2026-05-27 19:00:00,,,,19.256500244140625,35.0,1022.5999755859376,3.41353726387024,0.0,10.495713233947754,354.09393310546875,0.0700000077486038,21.60650062561035,0.2409999966621399,,,,,,,,,
1779912000000,2026-05-27 20:00:00,,,,17.4064998626709,40.0,1023.0,3.662339210510254,0.0,6.989935398101807,348.1113586425781,0.0500000044703483,20.20650100708008,0.2409999966621399,,,,,,,,,
1779914404269,2026-05-27 20:40:04,100.0,-113.0,4.75,,,,,,,,,,,,,,15.54,14.72,13.59,,,
1779914411024,2026-05-27 20:40:11,100.0,-113.0,4.75,,,,,,,,,,,40.81,45.21,47.38,,,,465.2,394.26,334.82
1779915600000,2026-05-27 21:00:00,,,,15.756500244140623,44.0,1023.4000244140624,3.526715040206909,0.0,5.116561412811279,320.7106018066406,0.0399999991059303,19.006500244140625,0.2409999966621399,,,,,,,,,
1779919200000,2026-05-27 22:00:00,,,,14.656499862670898,49.0,1024.0,4.052637100219727,0.0,4.896529674530029,306.0274658203125,0.0299999993294477,17.85650062561035,0.2419999986886978,,,,,,,,,
1779922800000,2026-05-27 23:00:00,,,,13.456500053405762,56.0,1024.4000244140625,4.850018501281738,0.0,3.826852560043335,318.81414794921875,0.0199999995529651,16.806499481201172,0.2419999986886978,,,,,,,,,
1779926400000,2026-05-28 00:00:00,,,,12.806500434875488,64.0,1023.5999755859376,6.163845062255859,0.0,3.396233081817627,302.0053405761719,0.0099999997764825,16.256500244140625,0.238999992609024,,,,,,,,,
1779928800783,2026-05-28 00:40:00,100.0,-113.0,3.75,,,,,,,,,,,,,,15.6,14.78,13.89,,,
1779928807658,2026-05-28 00:40:07,100.0,-116.0,3.75,,,,,,,,,,,40.81,45.2,47.38,,,,465.2,394.23,334.82
1779930000000,2026-05-28 01:00:00,,,,12.106500625610352,65.0,1023.7999877929688,5.723457336425781,0.0,4.104631423950195,285.2551574707031,0.0099999997764825,15.356500625610352,0.2399999946355819,,,,,,,,,
1779933600000,2026-05-28 02:00:00,,,,11.406499862670898,68.0,1023.7999877929688,5.708051681518555,0.0,3.5999999046325684,323.1300048828125,0.0099999997764825,14.606500625610352,0.2399999946355819,,,,,,,,,
1779937200000,2026-05-28 03:00:00,,,,11.156499862670898,68.0,1024.199951171875,5.469119071960449,0.0,3.3190360069274902,310.6012268066406,0.0099999997764825,14.106500625610352,0.2399999946355819,,,,,,,,,
1779940800000,2026-05-28 04:00:00,,,,10.956500053405762,70.0,1024.699951171875,5.695939540863037,0.0,3.096837043762207,305.5377502441406,0.0099999997764825,13.656499862670898,0.2399999946355819,,,,,,,,,
1779943197031,2026-05-28 04:39:57,100.0,-113.0,6.0,,,,,,,,,,,,,,15.6,14.72,13.62,,,
1779943204182,2026-05-28 04:40:04,100.0,-115.0,2.75,,,,,,,,,,,40.8,45.18,47.38,,,,465.16,394.19,334.79
1779944400000,2026-05-28 05:00:00,,,,11.956500053405762,65.0,1025.199951171875,5.580865383148193,0.0,3.89399528503418,303.6900939941406,0.0299999993294477,13.906499862670898,0.2409999966621399,,,,,,,,,
1779948000000,2026-05-28 06:00:00,,,,13.156499862670898,61.0,1025.199951171875,5.799956321716309,0.0,4.693825721740723,302.4711608886719,0.0799999982118606,14.906499862670898,0.2409999966621399,,,,,,,,,
1779951600000,2026-05-28 07:00:00,,,,14.756500244140623,54.0,1025.0999755859375,5.538318157196045,0.0,6.109402656555176,315.0000915527344,0.1199999973177909,16.4064998626709,0.2409999966621399,,,,,,,,,
1779955200000,2026-05-28 08:00:00,,,,16.306499481201172,47.0,1024.9000244140625,4.969407558441162,0.0,7.421589851379394,309.0938415527344,0.1800000071525573,18.1564998626709,0.2399999946355819,,,,,,,,,
1779957593420,2026-05-28 08:39:53,100.0,-109.0,7.75,,,,,,,,,,,,,,15.4,15.09,14.11,,,
1779957598979,2026-05-28 08:39:58,100.0,-110.0,8.25,,,,,,,,,,,41.73,46.44,47.38,,,,468.14,398.25,337.3
1779958800000,2026-05-28 09:00:00,,,,17.456501007080078,45.0,1025.0999755859375,5.392733097076416,0.0,8.78872013092041,304.9920959472656,0.2300000041723251,19.85650062561035,0.2399999946355819,,,,,,,,,
1779962400000,2026-05-28 10:00:00,,,,18.506500244140625,44.0,1025.199951171875,6.02169132232666,0.0,10.495713233947754,300.96368408203125,0.25,21.30649948120117,0.238999992609024,,,,,,,,,
1779966000000,2026-05-28 11:00:00,,,,19.35650062561035,44.0,1025.0,6.79236364364624,0.0,10.495713233947754,300.96368408203125,0.25,22.45650100708008,0.238999992609024,,,,,,,,,
1779969600000,2026-05-28 12:00:00,,,,20.05649948120117,44.0,1024.300048828125,7.426849842071533,0.0,11.298495292663574,300.65057373046875,0.2399999946355819,23.35650062561035,0.2380000054836273,,,,,,,,,
1779971989642,2026-05-28 12:39:49,100.0,-112.0,-5.75,,,,,,,,,,,,,,15.17,14.53,14.14,,,
1779971994995,2026-05-28 12:39:54,100.0,-114.0,-4.75,,,,,,,,,,,41.43,46.12,47.38,,,,467.16,397.17,336.81
1779973200000,2026-05-28 13:00:00,,,,20.70650100708008,41.0,1024.0,6.981083393096924,0.0,11.18320083618164,303.17852783203125,0.2300000041723251,23.85650062561035,0.2380000054836273,,,,,,,,,
1779976800000,2026-05-28 14:00:00,,,,21.20650100708008,36.0,1023.7000122070312,5.540030002593994,0.0,11.200571060180664,315.0000915527344,0.2199999988079071,24.1564998626709,0.2370000034570694,,,,,,,,,
1779980400000,2026-05-28 15:00:00,,,,21.05649948120117,39.0,1023.5999755859376,6.566068649291992,0.0,10.966712951660156,293.1986083984375,0.2000000178813934,23.95650100708008,0.2370000034570694,,,,,,,,,
1779984000000,2026-05-28 16:00:00,,,,21.006500244140625,39.0,1023.2999877929688,6.521404266357422,0.0,10.163227081298828,292.93212890625,0.1700000017881393,23.4064998626709,0.2360000014305114,,,,,,,,,
1779986386044,2026-05-28 16:39:46,100.0,-113.0,5.5,,,,,,,,,,,,,,15.09,15.14,13.95,,,
1779986393055,2026-05-28 16:39:53,100.0,-111.0,-4.5,,,,,,,,,,,41.29,45.97,47.38,,,,466.7,396.68,336.59
1779987600000,2026-05-28 17:00:00,,,,20.80649948120117,31.0,1023.2999877929688,3.053591012954712,0.0,9.29051113128662,324.4622497558594,0.1400000154972076,22.55649948120117,0.2360000014305114,,,,,,,,,
1779991200000,2026-05-28 18:00:00,,,,19.756500244140625,37.0,1023.4000244140624,4.648231029510498,0.0,9.387651443481444,302.4711608886719,0.1000000089406967,21.4064998626709,0.2360000014305114,,,,,,,,,
1779994800000,2026-05-28 19:00:00,,,,18.45650100708008,48.0,1023.9000244140624,7.242333889007568,0.0,7.127635955810547,315.0000915527344,0.0599999986588954,20.10650062561035,0.2360000014305114,,,,,,,,,
1779998400000,2026-05-28 20:00:00,,,,16.6564998626709,56.0,1024.300048828125,7.83762264251709,0.0,3.096837043762207,305.5377502441406,0.0299999993294477,18.70650100708008,0.2360000014305114,,,,,,,,,
1780000782435,2026-05-28 20:39:42,100.0,-116.0,1.75,,,,,,,,,,,,,,15.03,14.36,14.03,,,
1780000787777,2026-05-28 20:39:47,100.0,-116.0,2.75,,,,,,,,,,,41.2,45.87,47.38,,,,466.42,396.35,336.38
1780002000000,2026-05-28 21:00:00,,,,15.456500053405762,58.0,1024.800048828125,7.229622840881348,0.0,1.4399999380111694,270.0,0.0099999997764825,17.4064998626709,0.2360000014305114,,,,,,,,,
1780005600000,2026-05-28 22:00:00,,,,14.456500053405762,62.0,1025.199951171875,7.263794422149658,0.0,1.6099690198898315,243.4350128173828,0.0,16.35650062561035,0.2360000014305114,,,,,,,,,
1780009200000,2026-05-28 23:00:00,,,,12.906499862670898,70.0,1025.5,7.565705299377441,0.0,1.4399999380111694,180.0,0.0,15.456500053405762,0.2370000034570694,,,,,,,,,
1780012800000,2026-05-29 00:00:00,,,,12.306500434875488,72.0,1025.0,7.40226411819458,0.0,1.6099690198898315,116.5649871826172,0.0099999997764825,14.806500434875488,0.2360000014305114,,,,,,,,,
1780015178929,2026-05-29 00:39:38,100.0,-116.0,1.75,,,,,,,,,,,,,,15.03,14.83,13.81,,,
1780015186100,2026-05-29 00:39:46,100.0,-116.0,2.75,,,,,,,,,,,41.13,45.8,47.38,,,,466.21,396.12,336.26
1780016400000,2026-05-29 01:00:00,,,,10.706500053405762,84.0,1025.300048828125,8.112552642822266,0.0,1.7999999523162842,126.86998748779295,0.0,14.106500625610352,0.2360000014305114,,,,,,,,,
1780020000000,2026-05-29 02:00:00,,,,9.856500625610352,85.0,1025.5,7.453047275543213,0.0,2.3051247596740723,141.3401641845703,0.0099999997764825,13.456500053405762,0.2360000014305114,,,,,,,,,
1780023600000,2026-05-29 03:00:00,,,,9.306500434875488,83.0,1025.5999755859375,6.56663990020752,0.0,2.3051247596740723,128.6598358154297,0.0099999997764825,12.756500244140623,0.2370000034570694,,,,,,,,,
1780027200000,2026-05-29 04:00:00,,,,9.256500244140623,82.0,1025.9000244140625,6.341611862182617,0.0,2.595996856689453,146.30990600585938,0.0099999997764825,12.256500244140623,0.2370000034570694,,,,,,,,,
1780029575361,2026-05-29 04:39:35,100.0,-114.0,2.5,,,,,,,,,,,,,,15.03,14.42,13.95,,,
1780029582232,2026-05-29 04:39:42,100.0,-114.0,,,,,,,,,,,,41.08,45.75,47.38,,,,466.04,395.96,336.13
1780030800000,2026-05-29 05:00:00,,,,10.406499862670898,79.0,1026.0999755859375,6.920310020446777,0.0,2.9024126529693604,119.74478912353516,0.0099999997764825,12.506500244140623,0.2370000034570694,,,,,,,,,
1780034400000,2026-05-29 06:00:00,,,,12.206500053405762,72.0,1026.0999755859375,7.306068420410156,0.0,2.4149534702301025,116.5649871826172,0.0599999986588954,13.606500625610352,0.2380000054836273,,,,,,,,,
1780038000000,2026-05-29 07:00:00,,,,15.306500434875488,59.0,1025.9000244140625,7.33894157409668,0.0,1.0800000429153442,90.0,0.1099999994039535,15.256500244140623,0.2380000054836273,,,,,,,,,
1780041600000,2026-05-29 08:00:00,,,,18.4064998626709,48.0,1025.4000244140625,7.196527481079102,0.0,1.0182337760925293,315.0000915527344,0.1800000071525573,17.206501007080078,0.2370000034570694,,,,,,,,,
1780043971614,2026-05-29 08:39:31,100.0,-113.0,5.75,,,,,,,,,,,,,,15.0,14.75,13.95,,,
1780043977043,2026-05-29 08:39:37,100.0,-113.0,6.0,,,,,,,,,,,41.04,45.7,47.38,,,,465.9,395.83,336.07
1780045200000,2026-05-29 09:00:00,,,,20.05649948120117,43.0,1025.300048828125,7.0906171798706055,0.0,3.89399528503418,326.3099060058594,0.2399999946355819,19.4064998626709,0.2370000034570694,,,,,,,,,
1780048800000,2026-05-29 10:00:00,,,,21.45650100708008,41.0,1025.0,7.654955863952637,0.0,5.116561412811279,320.7106018066406,0.270000010728836,21.55649948120117,0.2360000014305114,,,,,,,,,
1780052400000,2026-05-29 11:00:00,,,,22.70650100708008,36.0,1024.5,6.8669939041137695,0.0,5.116561412811279,320.7106018066406,0.2900000214576721,23.256500244140625,0.2360000014305114,,,,,,,,,
1780056000000,2026-05-29 12:00:00,,,,23.80649948120117,31.0,1024.0,5.661468029022217,0.0,6.877789497375488,312.87890625,0.2900000214576721,24.60650062561035,0.2349999994039535,,,,,,,,,
1780058368028,2026-05-29 12:39:28,100.0,-112.0,0.75,,,,,,,,,,,,,,14.95,14.14,13.75,,,
1780058375029,2026-05-29 12:39:35,100.0,-114.0,-0.25,,,,,,,,,,,40.97,45.64,47.38,,,,465.69,395.63,335.95
1780059600000,2026-05-29 13:00:00,,,,24.60650062561035,28.0,1023.4000244140624,4.887030601501465,0.0,8.089993476867676,302.275634765625,0.2900000214576721,25.45650100708008,0.2339999973773956,,,,,,,,,
1780063200000,2026-05-29 14:00:00,,,,25.006500244140625,24.0,1022.7999877929688,3.031728029251098,0.0,7.787990570068359,303.6900939941406,0.270000010728836,25.80649948120117,0.2339999973773956,,,,,,,,,
1780066800000,2026-05-29 15:00:00,,,,25.20650100708008,21.0,1022.4000244140624,1.324527144432068,0.0,8.5873384475708,303.0238647460937,0.2399999946355819,25.756500244140625,0.2329999953508377,,,,,,,,,
1780070400000,2026-05-29 16:00:00,,,,24.80649948120117,25.0,1022.0,3.440774440765381,0.0,7.412853240966797,299.05450439453125,0.2100000232458114,25.20650100708008,0.2319999933242797,,,,,,,,,
1780072764422,2026-05-29 16:39:24,100.0,-117.0,-7.5,,,,,,,,,,,,,,14.92,14.22,13.75,,,
1780072769907,2026-05-29 16:39:29,100.0,-118.0,,,,,,,,,,,,40.92,45.6,47.38,,,,465.55,395.5,335.89
1780074000000,2026-05-29 17:00:00,,,,24.4064998626709,26.0,1021.7000122070312,3.65798544883728,0.0,8.049844741821289,296.5649719238281,0.1500000059604644,24.35650062561035,0.2319999933242797,,,,,,,,,
1780077600000,2026-05-29 18:00:00,,,,23.20650100708008,36.0,1021.7000122070312,7.309117794036865,0.0,7.1003098487854,300.4654541015625,0.1099999994039535,23.20650100708008,0.2319999933242797,,,,,,,,,
1780081200000,2026-05-29 19:00:00,,,,21.60650062561035,47.0,1021.2999877929688,9.811844825744627,0.0,2.741678237915039,246.80137634277344,0.0500000044703483,21.80649948120117,0.2319999933242797,,,,,,,,,
1780084800000,2026-05-29 20:00:00,,,,19.30649948120117,58.0,1021.0,10.836751937866213,0.0,1.2979984283447266,213.69009399414065,0.0099999997764825,20.30649948120117,0.2319999933242797,,,,,,,,,
1780087160805,2026-05-29 20:39:20,100.0,-114.0,-6.5,,,,,,,,,,,,,,14.86,14.06,13.78,,,
1780087166257,2026-05-29 20:39:26,100.0,-115.0,2.25,,,,,,,,,,,40.88,45.57,47.38,,,,465.41,395.4,335.83
1780088400000,2026-05-29 21:00:00,,,,17.206501007080078,60.0,1021.2000122070312,9.37288761138916,0.0,1.7999999523162842,216.86997985839844,0.0099999997764825,19.05649948120117,0.2319999933242797,,,,,,,,,
1780092000000,2026-05-29 22:00:00,,,,16.6564998626709,62.0,1021.2000122070312,9.342106819152832,0.0,2.1600000858306885,90.0,0.0099999997764825,18.10650062561035,0.2319999933242797,,,,,,,,,
1780095600000,2026-05-29 23:00:00,,,,15.806500434875488,69.0,1021.0,10.129802703857422,0.0,3.563817977905273,135.00010681152344,0.0099999997764825,17.506500244140625,0.2329999953508377,,,,,,,,,
1780099200000,2026-05-30 00:00:00,,,,19.85650062561035,58.0,1020.5,11.35177993774414,0.0,8.20926284790039,285.2551574707031,0.0299999993294477,19.006500244140625,0.2329999953508377,,,,,,,,,
1780101557188,2026-05-30 00:39:17,100.0,-114.0,4.75,,,,,,,,,,,,,,14.89,14.58,13.78,,,
1780101562463,2026-05-30 00:39:22,100.0,-113.0,-6.25,,,,,,,,,,,40.86,45.54,47.38,,,,465.34,395.31,335.77
1780102800000,2026-05-30 01:00:00,,,,19.1564998626709,69.0,1020.0999755859376,13.333565711975098,0.0,6.119999885559082,270.0,0.0199999995529651,19.006500244140625,0.2329999953508377,,,,,,,,,
1780106400000,2026-05-30 02:00:00,,,,18.70650100708008,74.0,1019.5,13.97765827178955,0.1000000014901161,3.415259599685669,251.56495666503903,0.0199999995529651,18.85650062561035,0.2329999953508377,,,,,,,,,
1780110000000,2026-05-30 03:00:00,,,,18.20650100708008,75.0,1018.9000244140624,13.701933860778809,0.0,1.0182337760925293,224.99989318847656,0.0099999997764825,18.45650100708008,0.2339999973773956,,,,,,,,,
1780113600000,2026-05-30 04:00:00,,,,17.85650062561035,76.0,1018.7000122070312,13.56733512878418,0.0,1.7999999523162842,306.8699645996094,0.0,18.006500244140625,0.2339999973773956,,,,,,,,,
1780115953611,2026-05-30 04:39:13,100.0,-116.0,1.25,,,,,,,,,,,,,,14.92,14.19,13.78,,,
1780115960639,2026-05-30 04:39:20,100.0,-116.0,-0.25,,,,,,,,,,,40.84,45.52,47.38,,,,465.27,395.24,335.71
1780117200000,2026-05-30 05:00:00,,,,18.45650100708008,73.0,1018.7999877929688,13.527353286743164,0.0,4.33497428894043,311.6334533691406,0.0199999995529651,18.20650100708008,0.2339999973773956,,,,,,,,,
1780120800000,2026-05-30 06:00:00,,,,19.256500244140625,70.0,1019.0,13.650310516357422,0.0,7.787990570068359,303.6900939941406,0.0700000077486038,18.95650100708008,0.2339999973773956,,,,,,,,,
1780124400000,2026-05-30 07:00:00,,,,19.506500244140625,72.0,1018.5999755859376,14.324599266052246,0.0,13.513193130493164,311.7601928710937,0.1000000089406967,19.80649948120117,0.2349999994039535,,,,,,,,,
1780128000000,2026-05-30 08:00:00,,,,19.20650100708008,75.0,1018.5,14.667682647705078,0.0,13.104198455810549,307.1847839355469,0.0799999982118606,19.95650100708008,0.2349999994039535,,,,,,,,,
1780130349884,2026-05-30 08:39:09,100.0,-114.0,3.5,,,,,,,,,,,,,,14.98,14.56,13.75,,,
1780130355075,2026-05-30 08:39:15,100.0,-118.0,1.0,,,,,,,,,,,40.82,45.49,47.38,,,,465.23,395.14,335.67
1780131600000,2026-05-30 09:00:00,,,,20.6564998626709,64.0,1018.5999755859376,13.60558032989502,0.0,16.422470092773438,296.0032958984375,0.0900000035762786,20.256500244140625,0.2349999994039535,,,,,,,,,
1780135200000,2026-05-30 10:00:00,,,,22.6564998626709,47.0,1018.4000244140624,10.770164489746094,0.0,16.26785659790039,294.8636779785156,0.2100000232458114,22.4064998626709,0.2349999994039535,,,,,,,,,
1780138800000,2026-05-30 11:00:00,,,,23.30649948120117,46.0,1018.0999755859376,11.038719177246094,0.0,17.287498474121094,301.3729553222656,0.2599999904632568,24.30649948120117,0.2339999973773956,,,,,,,,,
1780142400000,2026-05-30 12:00:00,,,,23.756500244140625,39.0,1017.7000122070312,8.976556777954102,0.0,15.91346549987793,307.6476745605469,0.2300000041723251,25.20650100708008,0.2339999973773956,,,,,,,,,
1780144746270,2026-05-30 12:39:06,100.0,-115.0,2.75,,,,,,,,,,,,,,15.0,14.58,13.81,,,
1780144753275,2026-05-30 12:39:13,100.0,-116.0,1.5,,,,,,,,,,,40.8,45.48,47.38,,,,465.16,395.11,335.61
1780146000000,2026-05-30 13:00:00,,,,24.4064998626709,38.0,1017.0999755859376,9.170137405395508,0.0,15.815435409545898,311.3085327148437,0.2100000232458114,25.70650100708008,0.2329999953508377,,,,,,,,,
1780149600000,2026-05-30 14:00:00,,,,23.80649948120117,39.0,1017.0999755859376,9.02117156982422,0.0,16.548255920410156,314.1186828613281,0.1800000071525573,25.70650100708008,0.2329999953508377,,,,,,,,,
1780153200000,2026-05-30 15:00:00,,,,24.20650100708008,38.0,1016.7000122070312,8.99227237701416,0.0,14.565547943115234,320.0131530761719,0.1599999964237213,25.45650100708008,0.2329999953508377,,,,,,,,,
1780156800000,2026-05-30 16:00:00,,,,23.6564998626709,38.0,1016.7999877929688,8.503049850463867,0.0,15.02110481262207,314.029052734375,0.1400000154972076,24.95650100708008,0.2319999933242797,,,,,,,,,
1780159142796,2026-05-30 16:39:02,100.0,-116.0,3.25,,,,,,,,,,,,,,15.03,14.64,13.54,,,
1780159149664,2026-05-30 16:39:09,100.0,-112.0,-5.0,,,,,,,,,,,40.78,45.46,47.38,,,,465.09,395.04,335.58
1780160400000,2026-05-30 17:00:00,,,,23.10650062561035,41.0,1016.5,9.136770248413086,0.0,11.808877944946287,307.56866455078125,0.1000000089406967,24.05649948120117,0.2319999933242797,,,,,,,,,
1780164000000,2026-05-30 18:00:00,,,,22.30649948120117,45.0,1016.2000122070312,9.800118446350098,0.0,10.00903606414795,322.3056945800781,0.0700000077486038,23.1564998626709,0.2319999933242797,,,,,,,,,
1780167600000,2026-05-30 19:00:00,,,,21.20650100708008,49.0,1016.0999755859376,10.068391799926758,0.0,9.422101020812988,313.451904296875,0.0500000044703483,22.05649948120117,0.2319999933242797,,,,,,,,,
1780171200000,2026-05-30 20:00:00,,,,19.506500244140625,58.0,1016.2999877929688,11.024042129516602,0.0,5.154415130615234,294.7751159667969,0.0299999993294477,20.85650062561035,0.2329999953508377,,,,,,,,,
1780173539139,2026-05-30 20:38:59,100.0,-114.0,4.0,,,,,,,,,,,,,,15.09,13.97,13.7,,,
1780173544428,2026-05-30 20:39:04,100.0,-114.0,2.0,,,,,,,,,,,40.78,45.45,47.38,,,,465.09,395.01,335.55
1780174800000,2026-05-30 21:00:00,,,,18.35650062561035,62.0,1016.5,10.94740104675293,0.0,3.9600000381469727,270.0,0.0199999995529651,19.80649948120117,0.2329999953508377,,,,,,,,,
1780178400000,2026-05-30 22:00:00,,,,17.1564998626709,66.0,1016.5,10.750927925109863,0.0,4.104631423950195,285.2551574707031,0.0099999997764825,18.80649948120117,0.2329999953508377,,,,,,,,,
1780182000000,2026-05-30 23:00:00,,,,16.4064998626709,70.0,1016.0999755859376,10.92020320892334,0.0,1.6099690198898315,296.5649719238281,0.0099999997764825,17.956501007080078,0.2329999953508377,,,,,,,,,
1780185600000,2026-05-31 00:00:00,,,,16.10650062561035,78.0,1016.5,12.268871307373049,0.0,2.5199999809265137,270.0,0.0,17.60650062561035,0.2319999933242797,,,,,,,,,
1780187935542,2026-05-31 00:38:55,100.0,-114.0,-3.75,,,,,,,,,,,,,,15.2,14.89,13.26,,,
1780187942437,2026-05-31 00:39:02,100.0,-115.0,3.75,,,,,,,,,,,40.77,45.44,47.38,,,,465.06,394.98,335.52
1780189200000,2026-05-31 01:00:00,,,,15.706500053405762,78.0,1015.9000244140624,11.880620002746582,0.0,1.4399999380111694,270.0,0.0099999997764825,17.006500244140625,0.2319999933242797,,,,,,,,,
1780192800000,2026-05-31 02:00:00,,,,15.356500625610352,79.0,1015.5999755859376,11.733778953552246,0.0,1.0182337760925293,135.00010681152344,0.0,16.556499481201172,0.2319999933242797,,,,,,,,,
1780196400000,2026-05-31 03:00:00,,,,15.006500244140623,82.0,1015.5,11.958037376403809,0.0,1.0800000429153442,90.0,0.0,16.256500244140625,0.2329999953508377,,,,,,,,,
1780200000000,2026-05-31 04:00:00,,,,14.656499862670898,87.0,1015.4000244140624,12.515483856201172,0.0,1.1384198665618896,108.43504333496094,0.0,15.956500053405762,0.2329999953508377,,,,,,,,,
1780202331924,2026-05-31 04:38:51,100.0,-111.0,-4.0,,,,,,,,,,,,,,15.26,14.08,13.56,,,
1780202338814,2026-05-31 04:38:58,100.0,-114.0,3.75,,,,,,,,,,,40.77,45.45,47.38,,,,465.06,395.01,335.52
1780203600000,2026-05-31 05:00:00,,,,15.756500244140623,84.0,1015.2999877929688,13.058826446533203,0.0,1.7999999523162842,126.86998748779295,0.0099999997764825,16.306499481201172,0.2329999953508377,,,,,,,,,
1780207200000,2026-05-31 06:00:00,,,,17.1564998626709,76.0,1015.2000122070312,12.890130996704102,0.0,0.8049845099449158,153.4350128173828,0.0599999986588954,17.456501007080078,0.2329999953508377,,,,,,,,,
1780210800000,2026-05-31 07:00:00,,,,19.05649948120117,68.0,1014.5999755859376,13.014315605163574,0.0,0.3599999845027923,360.0,0.1099999994039535,18.80649948120117,0.2329999953508377,,,,,,,,,
1780214400000,2026-05-31 08:00:00,,,,20.70650100708008,61.0,1013.7999877929688,12.91657257080078,0.0,1.0800000429153442,270.0,0.1700000017881393,20.60650062561035,0.2329999953508377,,,,,,,,,
1780216728298,2026-05-31 08:38:48,100.0,-111.0,6.75,,,,,,,,,,,,,,15.31,14.22,13.75,,,
1780216733406,2026-05-31 08:38:53,100.0,-112.0,7.0,,,,,,,,,,,40.77,45.43,47.38,,,,465.06,394.95,335.49
1780218000000,2026-05-31 09:00:00,,,,22.30649948120117,55.0,1013.2999877929688,12.830825805664062,0.0,3.545588731765747,293.9624938964844,0.2199999988079071,22.45650100708008,0.2329999953508377,,,,,,,,,
1780221600000,2026-05-31 10:00:00,,,,23.20650100708008,50.0,1012.9000244140624,12.20966911315918,0.0,7.412853240966797,299.05450439453125,0.2300000041723251,23.70650100708008,0.2319999933242797,,,,,,,,,
1780225200000,2026-05-31 11:00:00,,,,23.9064998626709,51.0,1012.7000122070312,13.15603733062744,0.0,8.78872013092041,325.0079040527344,0.2300000041723251,24.506500244140625,0.2319999933242797,,,,,,,,,
1780228800000,2026-05-31 12:00:00,,,,24.506500244140625,46.0,1012.0999755859376,12.13049602508545,0.0,12.682018280029297,304.59234619140625,0.2100000232458114,24.85650062561035,0.2319999933242797,,,,,,,,,
1780231131584,2026-05-31 12:38:51,100.0,-115.0,3.0,,,,,,,,,,,40.75,45.41,47.38,,,,464.99,394.91,335.46
1780232400000,2026-05-31 13:00:00,,,,24.60650062561035,48.0,1011.0,12.870488166809082,0.0,11.770402908325195,293.4287109375,0.1899999976158142,25.05649948120117,0.231000006198883,,,,,,,,,
1780236000000,2026-05-31 14:00:00,,,,23.756500244140625,57.0,1011.0,14.731714248657228,0.0,10.495713233947754,275.9060363769531,0.1599999964237213,24.95650100708008,0.231000006198883,,,,,,,,,
1780239600000,2026-05-31 15:00:00,,,,23.95650100708008,56.0,1010.5999755859376,14.643756866455078,0.0,10.594036102294922,279.7823486328125,0.1299999952316284,24.55649948120117,0.231000006198883,,,,,,,,,
1780243200000,2026-05-31 16:00:00,,,,24.05649948120117,55.0,1010.0999755859376,14.457687377929688,0.0,9.44957160949707,287.7447509765625,0.1400000154972076,24.6564998626709,0.231000006198883,,,,,,,,,
1780245521107,2026-05-31 16:38:41,100.0,-114.0,3.25,,,,,,,,,,,,,,15.37,14.83,13.81,,,
1780245528088,2026-05-31 16:38:48,100.0,-116.0,2.75,,,,,,,,,,,40.73,45.4,47.38,,,,464.95,394.88,335.43
1780246800000,2026-05-31 17:00:00,,,,23.756500244140625,52.0,1009.7000122070312,13.315434455871582,0.0,7.993297576904297,277.7650756835937,0.1099999994039535,24.30649948120117,0.231000006198883,,,,,,,,,
1780250400000,2026-05-31 18:00:00,,,,22.9064998626709,57.0,1009.5,13.93816375732422,0.0,8.89134407043457,291.3706970214844,0.0700000077486038,23.35650062561035,0.231000006198883,,,,,,,,,
1780254000000,2026-05-31 19:00:00,,,,20.95650100708008,71.0,1009.9000244140624,15.499346733093262,0.4000000059604645,8.20926284790039,322.1249389648437,0.0599999986588954,22.30649948120117,0.231000006198883,,,,,,,,,
1780257600000,2026-05-31 20:00:00,,,,18.30649948120117,85.0,1010.2000122070312,15.740565299987791,0.3000000119209289,4.104631423950195,15.255176544189451,0.0500000044703483,21.20650100708008,0.231000006198883,,,,,,,,,
1780259917346,2026-05-31 20:38:37,100.0,-114.0,3.0,,,,,,,,,,,,,,15.4,14.22,13.78,,,
1780259922537,2026-05-31 20:38:42,100.0,-116.0,2.5,,,,,,,,,,,40.72,45.4,47.38,,,,464.92,394.85,335.43
1780261200000,2026-05-31 21:00:00,,,,17.9064998626709,90.0,1010.2000122070312,16.242338180541992,1.5,2.3051247596740723,321.3401794433594,0.0299999993294477,20.35650062561035,0.2319999933242797,,,,,,,,,
1780264800000,2026-05-31 22:00:00,,,,17.9064998626709,91.0,1010.4000244140624,16.41587257385254,0.4000000059604645,1.0800000429153442,360.0,0.0199999995529651,19.85650062561035,0.2329999953508377,,,,,,,,,
1780268400000,2026-05-31 23:00:00,,,,18.10650062561035,92.0,1010.2999877929688,16.785722732543945,0.2000000029802322,5.315336227416992,331.6993408203125,0.0099999997764825,19.506500244140625,0.2339999973773956,,,,,,,,,
1780272000000,2026-06-01 00:00:00,,,,17.206501007080078,91.0,1011.9000244140624,15.72383975982666,10.300000190734863,8.891343116760254,301.7594299316406,0.0299999993294477,18.95650100708008,0.2430000007152557,,,,,,,,,
1780274313722,2026-06-01 00:38:33,100.0,-111.0,5.0,,,,,,,,,,,,,,15.43,14.28,13.81,,,
1780274319017,2026-06-01 00:38:39,100.0,-111.0,7.25,,,,,,,,,,,41.39,45.41,47.38,,,,467.02,394.91,335.49
1780275600000,2026-06-01 01:00:00,,,,16.306499481201172,91.0,1012.0999755859376,14.8340425491333,3.400000095367432,7.65370512008667,311.1858215332031,0.0399999991059303,18.45650100708008,0.2660000026226043,,,,,,,,,
1780279200000,2026-06-01 02:00:00,,,,16.056499481201172,90.0,1012.2000122070312,14.415776252746582,0.3000000119209289,7.704335689544678,307.4054260253906,0.0299999993294477,18.006500244140625,0.2720000147819519,,,,,,,,,
1780282800000,2026-06-01 03:00:00,,,,15.906499862670898,90.0,1012.5,14.267669677734377,0.4000000059604645,6.696386814117432,306.2539367675781,0.0299999993294477,17.706501007080078,0.2739999890327453,,,,,,,,,
1780286400000,2026-06-01 04:00:00,,,,15.906499862670898,87.0,1012.9000244140624,13.7447509765625,0.0,7.787990570068359,303.6900939941406,0.0299999993294477,17.456501007080078,0.2750000059604645,,,,,,,,,
1780288710111,2026-06-01 04:38:30,100.0,-113.0,5.5,,,,,,,,,,,,,,15.63,14.92,13.84,,,
1780288717123,2026-06-01 04:38:37,100.0,-111.0,4.75,,,,,,,,,,,42.01,45.56,47.38,,,,469.05,395.37,335.55
1780290000000,2026-06-01 05:00:00,,,,16.006500244140625,85.0,1013.4000244140624,13.485312461853027,0.0,6.696386814117432,306.2539367675781,0.0399999991059303,17.4064998626709,0.2739999890327453,,,,,,,,,
1780293600000,2026-06-01 06:00:00,,,,16.6564998626709,82.0,1014.0,13.569158554077148,0.0,9.72666358947754,308.9909973144531,0.0700000077486038,17.60650062561035,0.2739999890327453,,,,,,,,,
1780297200000,2026-06-01 07:00:00,,,,17.556499481201172,80.0,1014.4000244140624,14.06623363494873,0.0,10.587918281555176,305.311279296875,0.1099999994039535,18.35650062561035,0.2730000019073486,,,,,,,,,
1780300800000,2026-06-01 08:00:00,,,,18.256500244140625,74.0,1014.7000122070312,13.543752670288086,0.0,10.195056915283203,317.8624572753906,0.1599999964237213,19.1564998626709,0.2720000147819519,,,,,,,,,
1780303106494,2026-06-01 08:38:26,100.0,-111.0,6.5,,,,,,,,,,,,,,15.66,14.47,14.06,,,
1780303111812,2026-06-01 08:38:31,100.0,-112.0,5.75,,,,,,,,,,,41.85,45.66,47.38,,,,468.52,395.7,335.67
1780304400000,2026-06-01 09:00:00,,,,19.006500244140625,70.0,1014.9000244140624,13.410877227783203,0.0,9.178235054016112,318.1799011230469,0.1800000071525573,20.05649948120117,0.2709999978542328,,,,,,,,,
1780308000000,2026-06-01 10:00:00,,,,20.256500244140625,66.0,1015.0,13.69930934906006,0.0,10.23312282562256,309.28936767578125,0.2399999946355819,21.20650100708008,0.270000010728836,,,,,,,,,
1780311600000,2026-06-01 11:00:00,,,,21.35650062561035,54.0,1015.0999755859376,11.669145584106444,0.0,12.599998474121094,306.8699645996094,0.3000000119209289,22.55649948120117,0.2689999938011169,,,,,,,,,
1780315200000,2026-06-01 12:00:00,,,,22.20650100708008,46.0,1014.7999877929688,10.03752899169922,0.0,13.532360076904297,298.6103515625,0.3300000131130218,23.85650062561035,0.2669999897480011,,,,,,,,,
1780317503064,2026-06-01 12:38:23,100.0,-113.0,4.0,,,,,,,,,,,,,,15.71,15.0,13.92,,,
1780317509889,2026-06-01 12:38:29,100.0,-112.0,4.5,,,,,,,,,,,41.72,45.7,47.38,,,,468.1,395.83,335.74
1780318800000,2026-06-01 13:00:00,,,,22.506500244140625,45.0,1014.5,9.981704711914062,0.0,12.979984283447266,303.6900939941406,0.2599999904632568,24.05649948120117,0.2660000026226043,,,,,,,,,
1780322400000,2026-06-01 14:00:00,,,,23.1564998626709,40.0,1014.2000122070312,8.815476417541504,0.0,13.60876178741455,322.52374267578125,0.2599999904632568,24.55649948120117,0.2649999856948852,,,,,,,,,
1780326000000,2026-06-01 15:00:00,,,,23.6564998626709,39.0,1014.0,8.887327194213867,0.0,7.127635955810547,315.0000915527344,0.2300000041723251,24.756500244140625,0.2639999985694885,,,,,,,,,
1780329600000,2026-06-01 16:00:00,,,,23.4064998626709,38.0,1014.0,8.280640602111816,0.0,9.686609268188477,318.01287841796875,0.1899999976158142,24.256500244140625,0.2630000114440918,,,,,,,,,
1780331899437,2026-06-01 16:38:19,100.0,-111.0,7.75,,,,,,,,,,,,,,15.71,15.06,14.08,,,
1780331906272,2026-06-01 16:38:26,100.0,-114.0,-6.75,,,,,,,,,,,41.63,45.71,47.38,,,,467.79,395.86,335.8
1780333200000,2026-06-01 17:00:00,,,,22.95650100708008,39.0,1013.9000244140624,8.26262378692627,0.0,11.090103149414062,305.75396728515625,0.1599999964237213,23.756500244140625,0.2619999945163727,,,,,,,,,
1780336800000,2026-06-01 18:00:00,,,,22.4064998626709,40.0,1013.9000244140624,8.144007682800293,0.0,7.289444923400879,302.9052429199219,0.1099999994039535,22.756500244140625,0.2610000073909759,,,,,,,,,
1780340400000,2026-06-01 19:00:00,,,,21.05649948120117,44.0,1014.0999755859376,8.33298110961914,0.0,5.001279830932617,300.25634765625,0.0700000077486038,21.60650062561035,0.2610000073909759,,,,,,,,,
1780344000000,2026-06-01 20:00:00,,,,19.70650100708008,54.0,1014.2999877929688,10.137491226196287,0.0,3.2599384784698486,276.340087890625,0.0299999993294477,20.256500244140625,0.2599999904632568,,,,,,,,,
1780346295648,2026-06-01 20:38:15,100.0,-114.0,3.25,,,,,,,,,,,,,,15.74,15.06,14.08,,,
1780346300922,2026-06-01 20:38:20,100.0,-116.0,1.0,,,,,,,,,,,41.56,45.71,47.38,,,,467.58,395.86,335.83
1780347600000,2026-06-01 21:00:00,,,,18.35650062561035,60.0,1014.4000244140624,10.454553604125977,0.0,0.8049845099449158,296.5649719238281,0.0099999997764825,19.256500244140625,0.2599999904632568,,,,,,,,,
1780351200000,2026-06-01 22:00:00,,,,16.956501007080078,66.0,1014.7000122070312,10.560653686523438,0.0,3.3190360069274902,167.47120666503906,0.0,18.35650062561035,0.2599999904632568,,,,,,,,,
1780354800000,2026-06-01 23:00:00,,,,16.056499481201172,72.0,1014.5999755859376,11.00858211517334,0.0,2.4149534702301025,116.5649871826172,0.0099999997764825,17.706501007080078,0.2599999904632568,,,,,,,,,
1780358400000,2026-06-02 00:00:00,,,,14.406499862670898,90.0,1014.9000244140624,12.786541938781738,0.0,3.3190360069274902,139.39878845214844,0.0099999997764825,16.806499481201172,0.2800000011920929,,,,,,,,,
1780360692131,2026-06-02 00:38:12,100.0,-116.0,0.75,,,,,,,,,,,,,,15.77,14.58,14.08,,,
1780360699047,2026-06-02 00:38:19,100.0,-116.0,2.0,,,,,,,,,,,41.52,45.72,47.38,,,,467.44,395.89,335.86
1780362000000,2026-06-02 01:00:00,,,,13.756500244140623,88.0,1014.5999755859376,11.803507804870604,0.0,3.096837043762207,144.4622344970703,0.0099999997764825,16.1564998626709,0.2800000011920929,,,,,,,,,
1780365600000,2026-06-02 02:00:00,,,,13.256500244140623,88.0,1014.5,11.311078071594238,0.0,3.3190360069274902,139.39878845214844,0.0099999997764825,15.556500434875488,0.2800000011920929,,,,,,,,,
1780369200000,2026-06-02 03:00:00,,,,12.706500053405762,90.0,1014.0999755859376,11.107799530029297,0.0,3.415259599685669,161.56495666503906,0.0099999997764825,15.106500625610352,0.2800000011920929,,,,,,,,,
1780372800000,2026-06-02 04:00:00,,,,13.106500625610352,87.0,1014.0,10.991059303283691,0.0,4.198285102844238,149.03631591796875,0.0099999997764825,14.756500244140623,0.2800000011920929,,,,,,,,,
1780375088519,2026-06-02 04:38:08,100.0,-111.0,-4.0,,,,,,,,,,,,,,15.83,15.2,14.19,,,
1780375093618,2026-06-02 04:38:13,100.0,-113.0,4.5,,,,,,,,,,,41.48,45.72,47.38,,,,467.33,395.89,335.89
1780376400000,2026-06-02 05:00:00,,,,14.306500434875488,83.0,1013.7000122070312,11.457601547241213,0.0,5.600285530090332,135.00010681152344,0.0299999993294477,15.106500625610352,0.2800000011920929,,,,,,,,,
1780380000000,2026-06-02 06:00:00,,,,15.706500053405762,80.0,1013.4000244140624,12.265286445617676,0.0,5.116561412811279,140.7106170654297,0.0700000077486038,16.056499481201172,0.2790000140666961,,,,,,,,,
1780383600000,2026-06-02 07:00:00,,,,18.256500244140625,72.0,1012.7999877929688,13.123343467712402,0.0,6.130578517913818,130.2362823486328,0.1299999952316284,17.4064998626709,0.2790000140666961,,,,,,,,,
1780387200000,2026-06-02 08:00:00,,,,20.95650100708008,64.0,1012.2000122070312,13.889745712280272,0.0,7.491114139556885,125.21768188476562,0.2199999988079071,19.4064998626709,0.277999997138977,,,,,,,,,
1780389484898,2026-06-02 08:38:04,100.0,-114.0,3.0,,,,,,,,,,,,,,15.83,15.23,14.14,,,
1780389490054,2026-06-02 08:38:10,100.0,-111.0,6.0,,,,,,,,,,,41.45,45.72,47.38,,,,467.23,395.89,335.92
1780390800000,2026-06-02 09:00:00,,,,23.006500244140625,51.0,1011.7999877929688,12.32695484161377,0.0,7.9281768798828125,140.52757263183594,0.3000000119209289,21.20650100708008,0.277999997138977,,,,,,,,,
1780394400000,2026-06-02 10:00:00,,,,23.45650100708008,46.0,1011.2999877929688,11.17521858215332,0.0,8.766572952270508,160.82089233398438,0.3000000119209289,22.20650100708008,0.2770000100135803,,,,,,,,,
1780398000000,2026-06-02 11:00:00,,,,24.70650100708008,42.0,1010.4000244140624,10.935110092163086,0.0,6.519876956939697,186.3401031494141,0.3000000119209289,22.95650100708008,0.2759999930858612,,,,,,,,,
1780401600000,2026-06-02 12:00:00,,,,24.80649948120117,39.0,1009.5999755859376,9.91323947906494,0.0,11.841755867004396,160.4632568359375,0.3600000143051147,24.35650062561035,0.2750000059604645,,,,,,,,,
1780403881183,2026-06-02 12:38:01,100.0,-111.0,6.75,,,,,,,,,,,,,,15.83,15.03,14.25,,,
1780403888213,2026-06-02 12:38:08,100.0,-109.0,2.25,,,,,,,,,,,41.41,45.72,47.38,,,,467.09,395.89,335.92
1780405200000,2026-06-02 13:00:00,,,,25.256500244140625,40.0,1008.7999877929688,10.694502830505373,0.0,11.770402908325195,156.5712890625,0.3100000023841858,24.55649948120117,0.2739999890327453,,,,,,,,,
1780408800000,2026-06-02 14:00:00,,,,25.10650062561035,40.0,1008.2000122070312,10.560341835021973,0.0,12.722829818725586,154.88519287109375,0.2800000309944153,24.55649948120117,0.2730000019073486,,,,,,,,,
1780412400000,2026-06-02 15:00:00,,,,25.20650100708008,41.0,1007.2999877929688,11.021321296691896,0.0,9.199390411376951,120.5791473388672,0.2199999988079071,24.20650100708008,0.2730000019073486,,,,,,,,,
1780416000000,2026-06-02 16:00:00,,,,25.20650100708008,38.0,1006.9000244140624,9.881463050842283,0.0,9.164103507995604,135.00010681152344,0.1899999976158142,23.80649948120117,0.2720000147819519,,,,,,,,,
1780418277571,2026-06-02 16:37:57,100.0,-115.0,-2.5,,,,,,,,,,,,,,15.77,14.61,14.14,,,
1780418284570,2026-06-02 16:38:04,100.0,-113.0,5.25,,,,,,,,,,,41.37,45.7,47.38,,,,466.95,395.83,335.92
1780419600000,2026-06-02 17:00:00,,,,25.006500244140625,39.0,1006.2999877929688,10.0916109085083,0.0,8.942214012145996,139.89915466308594,0.2000000178813934,23.6564998626709,0.2720000147819519,,,,,,,,,
1780423200000,2026-06-02 18:00:00,,,,23.95650100708008,43.0,1006.2000122070312,10.613121032714844,0.0,8.20926284790039,142.1249542236328,0.1400000154972076,23.05649948120117,0.2709999978542328,,,,,,,,,
1780426800000,2026-06-02 19:00:00,,,,21.70650100708008,55.0,1006.2000122070312,12.272872924804688,0.0,6.193674087524414,125.53776550292967,0.0799999982118606,22.006500244140625,0.2709999978542328,,,,,,,,,
1780430400000,2026-06-02 20:00:00,,,,20.256500244140625,61.0,1006.2999877929688,12.492737770080566,0.0,6.109402656555176,135.00010681152344,0.0500000044703483,20.95650100708008,0.2709999978542328,,,,,,,,,
1780432674082,2026-06-02 20:37:54,100.0,-112.0,-0.25,,,,,,,,,,,,,,15.83,15.23,14.25,,,
1780432679280,2026-06-02 20:37:59,100.0,-112.0,4.75,,,,,,,,,,,41.34,45.7,47.38,,,,466.88,395.83,335.92
1780434000000,2026-06-02 21:00:00,,,,19.30649948120117,63.0,1005.5,12.08711051940918,0.0,6.409617424011231,128.1572723388672,0.0500000044703483,20.256500244140625,0.2709999978542328,,,,,,,,,
1780437600000,2026-06-02 22:00:00,,,,18.506500244140625,65.0,1005.2000122070312,11.803425788879396,0.0,6.915374279022217,141.3401641845703,0.0399999991059303,19.55649948120117,0.2709999978542328,,,,,,,,,
1780441200000,2026-06-02 23:00:00,,,,18.05649948120117,65.0,1004.9000244140624,11.376176834106444,0.0,6.618518829345703,135.00010681152344,0.0399999991059303,18.95650100708008,0.2709999978542328,,,,,,,,,
1780444800000,2026-06-03 00:00:00,,,,19.30649948120117,62.0,1006.2000122070312,11.84421443939209,0.0,5.315336227416992,241.6993408203125,0.0299999993294477,19.756500244140625,0.2770000100135803,,,,,,,,,
1780447070454,2026-06-03 00:37:50,100.0,-115.0,2.0,,,,,,,,,,,,,,15.88,14.75,14.19,,,
1780447077339,2026-06-03 00:37:57,100.0,-111.0,-3.75,,,,,,,,,,,41.33,45.7,47.38,,,,466.84,395.8,335.92
1780448400000,2026-06-03 01:00:00,,,,18.70650100708008,72.0,1006.7999877929688,13.555826187133787,0.0,7.072877883911133,255.2563934326172,0.0399999991059303,19.506500244140625,0.2770000100135803,,,,,,,,,
1780452000000,2026-06-03 02:00:00,,,,17.206501007080078,79.0,1006.9000244140624,13.532089233398438,0.800000011920929,8.287821769714355,272.489501953125,0.0500000044703483,19.1564998626709,0.2770000100135803,,,,,,,,,
1780455600000,2026-06-03 03:00:00,,,,16.85650062561035,87.0,1007.0,14.678929328918455,1.399999976158142,5.86037540435791,280.6195983886719,0.0399999991059303,18.6564998626709,0.277999997138977,,,,,,,,,
1780459200000,2026-06-03 04:00:00,,,,16.706501007080078,82.0,1007.2999877929688,13.61798095703125,1.100000023841858,6.287129878997803,256.75946044921875,0.0399999991059303,18.30649948120117,0.2800000011920929,,,,,,,,,
1780461466850,2026-06-03 04:37:46,100.0,-109.0,8.0,,,,,,,,,,,,,,15.94,15.31,14.25,,,
1780461473722,2026-06-03 04:37:53,100.0,-109.0,3.25,,,,,,,,,,,41.32,45.7,47.38,,,,466.81,395.8,335.95
1780462800000,2026-06-03 05:00:00,,,,16.6564998626709,82.0,1007.7000122070312,13.569158554077148,0.5,7.235910415649414,275.71051025390625,0.0500000044703483,18.10650062561035,0.2800000011920929,,,,,,,,,
1780466400000,2026-06-03 06:00:00,,,,16.9064998626709,78.0,1008.0999755859376,13.045312881469728,0.2000000029802322,9.470120429992676,278.7460632324219,0.0599999986588954,18.05649948120117,0.2809999883174896,,,,,,,,,
1780470000000,2026-06-03 07:00:00,,,,16.9064998626709,74.0,1008.9000244140624,12.241888999938965,0.0,11.252518653869627,277.352294921875,0.0900000035762786,18.05649948120117,0.2820000052452087,,,,,,,,,
1780473600000,2026-06-03 08:00:00,,,,17.10650062561035,72.0,1009.2999877929688,12.017989158630373,0.0,10.829957962036133,291.44781494140625,0.1400000154972076,18.45650100708008,0.2820000052452087,,,,,,,,,
1780475863099,2026-06-03 08:37:43,100.0,-115.0,0.5,,,,,,,,,,,,,,16.0,15.34,14.36,,,
1780475868312,2026-06-03 08:37:48,100.0,-119.0,-1.0,,,,,,,,,,,41.31,45.7,47.38,,,,466.77,395.8,335.98
1780477200000,2026-06-03 09:00:00,,,,17.956501007080078,67.0,1009.5999755859376,11.73964786529541,0.0,10.464797019958496,296.5649719238281,0.1599999964237213,19.05649948120117,0.2809999883174896,,,,,,,,,
1780480800000,2026-06-03 10:00:00,,,,18.9064998626709,62.0,1009.5999755859376,11.466630935668944,0.0,11.72075080871582,280.6195983886719,0.2000000178813934,19.70650100708008,0.2809999883174896,,,,,,,,,
1780484400000,2026-06-03 11:00:00,,,,20.10650062561035,52.0,1009.5,9.943727493286133,0.0,11.874544143676758,284.0362548828125,0.2399999946355819,20.60650062561035,0.2800000011920929,,,,,,,,,
1780488000000,2026-06-03 12:00:00,,,,20.35650062561035,51.0,1009.2999877929688,9.88446044921875,0.0,10.89557647705078,277.59454345703125,0.2599999904632568,21.506500244140625,0.2800000011920929,,,,,,,,,
1780490259482,2026-06-03 12:37:39,100.0,-111.0,-4.5,,,,,,,,,,,,,,16.03,15.34,14.33,,,
1780490266588,2026-06-03 12:37:46,100.0,-110.0,4.25,,,,,,,,,,,41.29,45.7,47.38,,,,466.7,395.8,335.98
1780491600000,2026-06-03 13:00:00,,,,21.10650062561035,50.0,1009.0999755859376,10.278928756713867,0.0,10.440000534057615,270.0,0.2300000041723251,22.10650062561035,0.2790000140666961,,,,,,,,,
1780495200000,2026-06-03 14:00:00,,,,21.256500244140625,47.0,1009.0,9.492324829101562,0.0,10.85386562347412,275.71051025390625,0.2100000232458114,22.506500244140625,0.2790000140666961,,,,,,,,,
1780498800000,2026-06-03 15:00:00,,,,21.05649948120117,46.0,1009.0,8.990416526794434,0.0,9.064568519592283,276.8426818847656,0.1800000071525573,22.4064998626709,0.277999997138977,,,,,,,,,
1780502400000,2026-06-03 16:00:00,,,,20.95650100708008,47.0,1009.0,9.218425750732422,0.0,9.470120429992676,278.7460632324219,0.1599999964237213,22.20650100708008,0.277999997138977,,,,,,,,,
1780504655967,2026-06-03 16:37:35,100.0,-115.0,2.25,,,,,,,,,,,,,,16.03,14.89,14.44,,,
1780504662869,2026-06-03 16:37:42,100.0,-110.0,-3.75,,,,,,,,,,,41.28,45.7,47.38,,,,466.67,395.8,335.98
1780506000000,2026-06-03 17:00:00,,,,19.80649948120117,51.0,1009.2000122070312,9.377279281616213,0.0,11.841755867004396,250.4632568359375,0.1099999994039535,21.55649948120117,0.277999997138977,,,,,,,,,
1780509600000,2026-06-03 18:00:00,,,,19.1564998626709,55.0,1009.2000122070312,9.900543212890623,0.0,5.991593837738037,237.2647705078125,0.0700000077486038,20.6564998626709,0.277999997138977,,,,,,,,,
1780513200000,2026-06-03 19:00:00,,,,18.30649948120117,61.0,1009.5,10.6556396484375,0.0,4.896529674530029,233.9725341796875,0.0399999991059303,19.756500244140625,0.277999997138977,,,,,,,,,
1780516800000,2026-06-03 20:00:00,,,,17.256500244140625,67.0,1009.7000122070312,11.072551727294922,0.0,2.9024126529693604,209.7447967529297,0.0199999995529651,18.80649948120117,0.277999997138977,,,,,,,,,
1780519052386,2026-06-03 20:37:32,100.0,-115.0,2.5,,,,,,,,,,,,,,16.06,15.03,14.47,,,
1780519057437,2026-06-03 20:37:37,100.0,-114.0,3.75,,,,,,,,,,,41.27,45.68,47.38,,,,466.63,395.76,335.98
1780520400000,2026-06-03 21:00:00,,,,16.006500244140625,72.0,1010.0,10.960512161254885,0.0,3.617955207824707,185.7104949951172,0.0099999997764825,17.806499481201172,0.277999997138977,,,,,,,,,
1780524000000,2026-06-03 22:00:00,,,,15.356500625610352,68.0,1010.0999755859376,9.481799125671388,0.0,3.075841426849365,200.55612182617188,0.0099999997764825,16.956501007080078,0.277999997138977,,,,,,,,,
1780527600000,2026-06-03 23:00:00,,,,14.556500434875488,72.0,1010.0,9.56630039215088,0.0,3.5999999046325684,126.86998748779295,0.0099999997764825,16.256500244140625,0.277999997138977,,,,,,,,,
1780531200000,2026-06-04 00:00:00,,,,13.656499862670898,81.0,1009.4000244140624,10.455458641052246,0.0,2.741678237915039,113.19862365722656,0.0099999997764825,15.706500053405762,0.2800000011920929,,,,,,,,,
1780533448634,2026-06-04 00:37:28,100.0,-115.0,3.5,,,,,,,,,,,,,,16.09,15.23,14.53,,,
1780533455733,2026-06-04 00:37:35,100.0,-114.0,4.25,,,,,,,,,,,41.26,45.68,47.38,,,,466.6,395.76,335.98
1780534800000,2026-06-04 01:00:00,,,,12.706500053405762,85.0,1009.2999877929688,10.248833656311035,0.0,4.104631423950195,105.2551727294922,0.0099999997764825,15.006500244140623,0.2800000011920929,,,,,,,,,
1780538400000,2026-06-04 02:00:00,,,,12.456500053405762,84.0,1009.4000244140624,9.82683563232422,0.0,5.154415607452393,102.09474182128906,0.0099999997764825,14.506500244140623,0.2800000011920929,,,,,,,,,
1780542000000,2026-06-04 03:00:00,,,,12.306500434875488,83.0,1009.2000122070312,9.501469612121582,0.0,5.154415130615234,114.77511596679688,0.0099999997764825,14.206500053405762,0.2800000011920929,,,,,,,,,
1780545600000,2026-06-04 04:00:00,,,,12.506500244140623,81.0,1009.2000122070312,9.33389949798584,0.0,5.815978050231934,111.80147552490234,0.0099999997764825,14.006500244140623,0.2800000011920929,,,,,,,,,
1780547845181,2026-06-04 04:37:25,100.0,-110.0,-3.25,,,,,,,,,,,,,,16.09,15.48,14.72,,,
1780547852027,2026-06-04 04:37:32,100.0,-113.0,4.0,,,,,,,,,,,41.24,45.68,47.38,,,,466.56,395.76,335.98
1780549200000,2026-06-04 05:00:00,,,,13.956500053405762,75.0,1008.7999877929688,9.596076965332031,0.0,6.7637858390808105,115.20108795166016,0.0399999991059303,14.506500244140623,0.2800000011920929,,,,,,,,,
1780552800000,2026-06-04 06:00:00,,,,15.806500434875488,70.0,1008.5999755859376,10.34528350830078,0.0,6.608721733093262,119.357666015625,0.0799999982118606,15.456500053405762,0.2790000140666961,,,,,,,,,
1780556400000,2026-06-04 07:00:00,,,,17.706501007080078,69.0,1008.5,11.947088241577148,0.0,5.495161056518555,121.60746002197266,0.1099999994039535,16.6564998626709,0.2790000140666961,,,,,,,,,
1780560000000,2026-06-04 08:00:00,,,,19.60650062561035,61.0,1008.2999877929688,11.880464553833008,0.0,5.58870267868042,165.0685272216797,0.0799999982118606,17.256500244140625,0.2790000140666961,,,,,,,,,
1780562241413,2026-06-04 08:37:21,100.0,-110.0,2.25,,,,,,,,,,,,,,16.09,15.48,14.56,,,
1780562246602,2026-06-04 08:37:26,100.0,-110.0,-2.75,,,,,,,,,,,41.23,45.68,47.38,,,,466.53,395.76,335.98
1780563600000,2026-06-04 09:00:00,,,,21.006500244140625,58.0,1008.0999755859376,12.428423881530762,0.0,7.754636764526367,201.8014678955078,0.2300000041723251,19.10650062561035,0.277999997138977,,,,,,,,,
1780567200000,2026-06-04 10:00:00,,,,21.20650100708008,58.0,1007.9000244140624,12.615638732910156,0.0,6.877789497375488,222.8788909912109,0.2000000178813934,19.9064998626709,0.277999997138977,,,,,,,,,
1780570800000,2026-06-04 11:00:00,,,,22.6564998626709,52.0,1007.4000244140624,12.2996826171875,0.0,9.36691951751709,177.79745483398438,0.2199999988079071,20.85650062561035,0.2770000100135803,,,,,,,,,
1780574400000,2026-06-04 12:00:00,,,,23.4064998626709,50.0,1006.7999877929688,12.393478393554688,0.0,9.360000610351562,157.38009643554688,0.2399999946355819,21.756500244140625,0.2770000100135803,,,,,,,,,
1780576637793,2026-06-04 12:37:17,100.0,-111.0,3.75,,,,,,,,,,,,,,16.03,15.12,14.53,,,
1780576643120,2026-06-04 12:37:23,100.0,-111.0,3.25,,,,,,,,,,,41.21,45.67,47.38,,,,466.46,395.73,335.95
1780578000000,2026-06-04 13:00:00,,,,23.60650062561035,52.0,1006.2999877929688,13.176944732666016,0.0,4.735060214996338,278.7460632324219,0.1700000017881393,21.756500244140625,0.2759999930858612,,,,,,,,,
1780581600000,2026-06-04 14:00:00,,,,23.80649948120117,51.0,1005.9000244140624,13.06393051147461,0.0,8.647496223449707,182.38589477539065,0.1700000017881393,21.9064998626709,0.2759999930858612,,,,,,,,,
1780585200000,2026-06-04 15:00:00,,,,24.20650100708008,47.0,1005.5999755859376,12.184219360351562,0.0,10.630672454833984,208.3006591796875,0.1599999964237213,21.9064998626709,0.2750000059604645,,,,,,,,,
1780588800000,2026-06-04 16:00:00,,,,24.10650062561035,48.0,1005.2000122070312,12.413339614868164,0.0,10.93120288848877,197.2415466308593,0.1899999976158142,22.20650100708008,0.2750000059604645,,,,,,,,,
1780591041182,2026-06-04 16:37:21,100.0,-110.0,7.5,,,,,,,,,,,41.19,45.66,47.38,,,,466.39,395.7,335.95
1780592400000,2026-06-04 17:00:00,,,,23.6564998626709,51.0,1005.0999755859376,12.925758361816406,0.0,8.854828834533691,206.5649871826172,0.1500000059604644,22.10650062561035,0.2750000059604645,,,,,,,,,
1780596000000,2026-06-04 18:00:00,,,,22.6564998626709,56.0,1005.0999755859376,13.432650566101074,0.0,5.191993713378906,213.69009399414065,0.0900000035762786,21.6564998626709,0.2739999890327453,,,,,,,,,
1780599600000,2026-06-04 19:00:00,,,,20.9064998626709,65.0,1005.5999755859376,14.081450462341309,0.0,3.396233081817627,302.0053405761719,0.0500000044703483,20.85650062561035,0.2739999890327453,,,,,,,,,
1780603200000,2026-06-04 20:00:00,,,,18.10650062561035,66.0,1007.0,11.654650688171388,0.5,15.876774787902832,273.9004211425781,0.0799999982118606,20.006500244140625,0.2739999890327453,,,,,,,,,
1780605430666,2026-06-04 20:37:10,100.0,-109.0,7.0,,,,,,,,,,,,,,16.0,15.37,14.64,,,
1780605435852,2026-06-04 20:37:15,100.0,-110.0,0.25,,,,,,,,,,,41.19,45.65,47.38,,,,466.39,395.66,335.95
1780606800000,2026-06-04 21:00:00,,,,16.956501007080078,78.0,1007.2999877929688,13.093843460083008,2.299999952316284,6.214563369750977,280.0079040527344,0.0700000077486038,18.9064998626709,0.2759999930858612,,,,,,,,,
1780610400000,2026-06-04 22:00:00,,,,16.85650062561035,73.0,1007.7999877929688,11.98692512512207,0.4000000059604645,12.41347599029541,253.1415100097656,0.0799999982118606,18.256500244140625,0.2770000100135803,,,,,,,,,
1780614000000,2026-06-04 23:00:00,,,,16.206501007080078,75.0,1008.2999877929688,11.770054817199709,0.3000000119209289,8.31124496459961,252.34979248046875,0.0900000035762786,17.706501007080078,0.277999997138977,,,,,,,,,
1780617600000,2026-06-05 00:00:00,,,,15.356500625610352,82.0,1009.2999877929688,12.299812316894531,0.2000000029802322,3.976329803466797,185.1943359375,0.0299999993294477,17.306499481201172,0.2809999883174896,,,,,,,,,
1780619826959,2026-06-05 00:37:06,100.0,-110.0,7.5,,,,,,,,,,,,,,16.09,15.06,14.56,,,
1780619833964,2026-06-05 00:37:13,100.0,-109.0,-2.25,,,,,,,,,,,41.19,45.65,47.38,,,,466.39,395.66,335.95
1780621200000,2026-06-05 01:00:00,,,,14.856500625610352,79.0,1009.5999755859376,11.247686386108398,1.0,4.0249223709106445,243.4350128173828,0.0299999993294477,16.956501007080078,0.2829999923706054,,,,,,,,,
1780624800000,2026-06-05 02:00:00,,,,14.406499862670898,82.0,1010.2999877929688,11.372113227844238,1.600000023841858,0.5091168880462646,44.99989700317383,0.0199999995529651,16.556499481201172,0.2849999964237213,,,,,,,,,
1780628400000,2026-06-05 03:00:00,,,,13.656499862670898,94.0,1010.7000122070312,12.708202362060549,1.0,5.315336227416992,118.30066680908205,0.0199999995529651,16.006500244140625,0.3079999983310699,,,,,,,,,
1780632000000,2026-06-05 04:00:00,,,,13.506500244140623,93.0,1010.2000122070312,12.396294593811035,0.5,5.091168403625488,135.00010681152344,0.0199999995529651,15.756500244140623,0.3120000064373016,,,,,,,,,
1780634223486,2026-06-05 04:37:03,100.0,-109.0,7.75,,,,,,,,,,,,,,16.11,15.31,14.56,,,
1780634230355,2026-06-05 04:37:10,100.0,-110.0,5.75,,,,,,,,,,,41.19,45.66,47.38,,,,466.39,395.7,335.98
1780635600000,2026-06-05 05:00:00,,,,13.806500434875488,92.0,1011.2999877929688,12.528753280639648,0.1000000014901161,3.054701328277588,135.00010681152344,0.0199999995529651,15.656499862670898,0.3109999895095825,,,,,,,,,
1780639200000,2026-06-05 06:00:00,,,,14.756500244140623,87.0,1011.5,12.61383056640625,0.1000000014901161,1.938659191131592,158.1985321044922,0.0399999991059303,15.906499862670898,0.3070000112056732,,,,,,,,,
1780642800000,2026-06-05 07:00:00,,,,16.006500244140625,75.0,1011.9000244140624,11.57683563232422,0.0,6.0346999168396,252.64588928222656,0.0900000035762786,16.506500244140625,0.3059999942779541,,,,,,,,,
1780646400000,2026-06-05 08:00:00,,,,16.806499481201172,70.0,1012.7000122070312,11.303451538085938,0.0,9.028754234313965,274.5738220214844,0.1700000017881393,17.206501007080078,0.3039999902248382,,,,,,,,,
1780648619812,2026-06-05 08:36:59,100.0,-109.0,7.75,,,,,,,,,,,,,,16.14,15.6,14.58,,,
1780648624900,2026-06-05 08:37:04,100.0,-108.0,9.0,,,,,,,,,,,41.19,45.66,47.38,,,,466.39,395.7,335.98
1780650000000,2026-06-05 09:00:00,,,,17.306499481201172,67.0,1012.7999877929688,11.120203971862791,0.0,9.359999656677246,270.0,0.2199999988079071,17.806499481201172,0.3030000030994415,,,,,,,,,
1780653600000,2026-06-05 10:00:00,,,,18.05649948120117,63.0,1013.0999755859376,10.904805183410645,0.0,7.56856632232666,267.27374267578125,0.2800000309944153,18.70650100708008,0.3009999990463257,,,,,,,,,
1780657200000,2026-06-05 11:00:00,,,,18.80649948120117,60.0,1013.2000122070312,10.877731323242188,0.0,6.877789974212647,263.9910888671875,0.2900000214576721,19.506500244140625,0.2989999949932098,,,,,,,,,
1780660800000,2026-06-05 12:00:00,,,,20.006500244140625,57.0,1012.9000244140624,11.229459762573242,0.0,7.235910415649414,264.2894897460937,0.3300000131130218,20.6564998626709,0.2980000078678131,,,,,,,,,
1780663016103,2026-06-05 12:36:56,100.0,-108.0,6.0,,,,,,,,,,,,,,16.11,15.6,14.58,,,
1780663023111,2026-06-05 12:37:03,100.0,-108.0,6.5,,,,,,,,,,,41.2,45.66,47.38,,,,466.42,395.7,335.98
1780664400000,2026-06-05 13:00:00,,,,19.55649948120117,57.0,1013.0999755859376,10.808964729309082,0.0,11.60965061187744,209.7447967529297,0.3100000023841858,21.45650100708008,0.2960000038146972,,,,,,,,,
1780668000000,2026-06-05 14:00:00,,,,17.756500244140625,62.0,1013.5999755859376,10.38089370727539,6.900000095367432,5.86037540435791,222.51040649414065,0.2300000041723251,19.80649948120117,0.3070000112056732,,,,,,,,,
1780671600000,2026-06-05 15:00:00,,,,17.85650062561035,65.0,1013.5,11.186279296875,0.2000000029802322,4.379589080810547,170.53775024414062,0.2000000178813934,19.10650062561035,0.3100000023841858,,,,,,,,,
1780675200000,2026-06-05 16:00:00,,,,18.55649948120117,67.0,1013.9000244140624,12.311370849609377,0.1000000014901161,5.154415130615234,204.77511596679688,0.2199999988079071,19.506500244140625,0.3089999854564667,,,,,,,,,
1780677412483,2026-06-05 16:36:52,100.0,-113.0,6.25,,,,,,,,,,,,,,16.09,15.06,14.58,,,
1780677417799,2026-06-05 16:36:57,100.0,-112.0,6.5,,,,,,,,,,,41.21,45.67,47.38,,,,466.46,395.73,336.01
1780678800000,2026-06-05 17:00:00,,,,18.95650100708008,68.0,1014.2999877929688,12.91887664794922,0.0,1.1384198665618896,71.5649642944336,0.1299999952316284,19.256500244140625,0.3079999983310699,,,,,,,,,
1780682400000,2026-06-05 18:00:00,,,,18.35650062561035,73.0,1014.7000122070312,13.431085586547852,0.0,5.623379707336426,140.19447326660156,0.1000000089406967,19.006500244140625,0.3059999942779541,,,,,,,,,
1780686000000,2026-06-05 19:00:00,,,,17.60650062561035,77.0,1015.2999877929688,13.52620792388916,0.0,2.595996856689453,146.30990600585938,0.0399999991059303,18.35650062561035,0.3050000071525574,,,,,,,,,
1780689600000,2026-06-05 20:00:00,,,,16.6564998626709,77.0,1016.0,12.605661392211914,0.0,2.741678237915039,156.80137634277344,0.0099999997764825,17.556499481201172,0.3039999902248382,,,,,,,,,
1780691808885,2026-06-05 20:36:48,100.0,-112.0,5.5,,,,,,,,,,,,,,16.06,15.54,14.72,,,
1780691814194,2026-06-05 20:36:54,100.0,-112.0,5.5,,,,,,,,,,,41.24,45.67,47.38,,,,466.56,395.73,336.01
1780693200000,2026-06-05 21:00:00,,,,14.906499862670898,89.0,1016.5,13.109006881713867,0.0,3.396233081817627,122.0053482055664,0.0099999997764825,16.756500244140625,0.3030000030994415,,,,,,,,,
1780696800000,2026-06-05 22:00:00,,,,14.006500244140623,91.0,1016.9000244140624,12.559972763061523,0.0,4.0249223709106445,116.5649871826172,0.0099999997764825,16.056499481201172,0.3030000030994415,,,,,,,,,
1780700400000,2026-06-05 23:00:00,,,,13.056500434875488,92.0,1017.0999755859376,11.78618621826172,0.0,3.5999999046325684,143.13002014160156,0.0099999997764825,15.356500625610352,0.3019999861717224,,,,,,,,,
1780704000000,2026-06-06 00:00:00,,,,13.906499862670898,88.0,1017.0,11.951234817504885,0.0,2.811689853668213,129.80552673339844,0.0,15.906499862670898,0.2879999876022339,,,,,,,,,
1780706205371,2026-06-06 00:36:45,100.0,-112.0,4.75,,,,,,,,,,,,,,16.06,15.63,14.36,,,
1780706212274,2026-06-06 00:36:52,100.0,-114.0,-3.25,,,,,,,,,,,41.28,45.68,47.38,,,,466.67,395.76,336.01
1780707600000,2026-06-06 01:00:00,,,,12.956500053405762,91.0,1017.0999755859376,11.521734237670898,0.0,2.595996856689453,146.30990600585938,0.0,15.256500244140623,0.2879999876022339,,,,,,,,,
1780711200000,2026-06-06 02:00:00,,,,11.856500625610352,93.0,1017.5999755859376,10.760499954223633,0.0,3.075841426849365,159.44387817382812,0.0,14.556500434875488,0.2870000004768371,,,,,,,,,
1780714800000,2026-06-06 03:00:00,,,,11.056500434875488,92.0,1017.9000244140624,9.805901527404783,0.0,3.5999999046325684,143.13002014160156,0.0,13.956500053405762,0.2870000004768371,,,,,,,,,
1780718400000,2026-06-06 04:00:00,,,,10.956500053405762,90.0,1017.9000244140624,9.379535675048828,0.0,3.5999999046325684,143.13002014160156,0.0099999997764825,13.456500053405762,0.2870000004768371,,,,,,,,,
1780720601657,2026-06-06 04:36:41,100.0,-110.0,-3.5,,,,,,,,,,,,,,16.09,14.89,14.61,,,
1780720608813,2026-06-06 04:36:48,100.0,-111.0,6.0,,,,,,,,,,,41.3,45.7,47.38,,,,466.74,395.8,336.04
1780722000000,2026-06-06 05:00:00,,,,11.956500053405762,85.0,1018.0,9.513158798217772,0.0,4.33497428894043,131.63345336914062,0.0199999995529651,13.706500053405762,0.2860000133514404,,,,,,,,,
1780725600000,2026-06-06 06:00:00,,,,13.706500053405762,80.0,1017.7999877929688,10.317930221557615,0.0,3.3190360069274902,130.60121154785156,0.0599999986588954,14.756500244140623,0.2860000133514404,,,,,,,,,
1780729200000,2026-06-06 07:00:00,,,,16.306499481201172,69.0,1017.7999877929688,10.608088493347168,0.0,2.545584201812744,98.13002014160156,0.1199999973177909,16.35650062561035,0.2849999964237213,,,,,,,,,
1780732800000,2026-06-06 08:00:00,,,,18.756500244140625,58.0,1017.5999755859376,10.321656227111816,0.0,2.9024126529693604,97.12492370605467,0.2000000178813934,18.35650062561035,0.2840000092983246,,,,,,,,,
1780734998032,2026-06-06 08:36:38,100.0,-114.0,1.0,,,,,,,,,,,,,,16.03,15.2,14.67,,,
1780735003222,2026-06-06 08:36:43,100.0,-110.0,0.75,,,,,,,,,,,41.32,45.7,47.38,,,,466.81,395.83,336.04
1780736400000,2026-06-06 09:00:00,,,,20.45650100708008,53.0,1017.2999877929688,10.552847862243652,0.0,2.9024126529693604,97.12492370605467,0.270000010728836,20.35650062561035,0.2829999923706054,,,,,,,,,
1780740000000,2026-06-06 10:00:00,,,,21.45650100708008,50.0,1017.2000122070312,10.600807189941406,0.0,4.510787010192871,118.61036682128906,0.2800000309944153,21.85650062561035,0.2809999883174896,,,,,,,,,
1780743600000,2026-06-06 11:00:00,,,,22.30649948120117,51.0,1016.7000122070312,11.68195629119873,0.0,7.1003098487854,120.46546173095705,0.2800000309944153,22.95650100708008,0.2800000011920929,,,,,,,,,
1780747200000,2026-06-06 12:00:00,,,,22.95650100708008,42.0,1016.2000122070312,9.35997200012207,0.0,6.369049549102783,137.29063415527344,0.2800000309944153,23.70650100708008,0.277999997138977,,,,,,,,,
1780749394410,2026-06-06 12:36:34,100.0,-113.0,5.0,,,,,,,,,,,,,,16.0,15.06,14.42,,,
1780749401424,2026-06-06 12:36:41,100.0,-112.0,5.75,,,,,,,,,,,41.32,45.7,47.38,,,,466.81,395.83,336.07
1780750800000,2026-06-06 13:00:00,,,,23.756500244140625,37.0,1015.7000122070312,8.198421478271484,0.0,5.771238803863525,183.5762634277344,0.2800000309944153,24.4064998626709,0.2770000100135803,,,,,,,,,
1780754400000,2026-06-06 14:00:00,,,,23.35650062561035,35.0,1015.5999755859376,7.0297956466674805,0.0,4.896529197692871,197.10281372070312,0.2199999988079071,23.95650100708008,0.2750000059604645,,,,,,,,,
1780758000000,2026-06-06 15:00:00,,,,23.6564998626709,36.0,1015.5999755859376,7.70693826675415,0.0,4.33497428894043,311.6334533691406,0.1599999964237213,23.1564998626709,0.2739999890327453,,,,,,,,,
1780761600000,2026-06-06 16:00:00,,,,24.05649948120117,36.0,1015.5999755859376,8.060494422912598,0.0,4.349896430969238,155.55606079101562,0.1800000071525573,23.35650062561035,0.2739999890327453,,,,,,,,,
1780763790801,2026-06-06 16:36:30,100.0,-114.0,4.0,,,,,,,,,,,,,,15.94,14.98,14.7,,,
1780763797804,2026-06-06 16:36:37,100.0,-114.0,-3.25,,,,,,,,,,,41.31,45.7,47.38,,,,466.77,395.83,336.04
1780765200000,2026-06-06 17:00:00,,,,23.1564998626709,43.0,1015.7000122070312,9.890973091125488,0.0,6.830519199371338,161.56495666503906,0.1400000154972076,22.756500244140625,0.2730000019073486,,,,,,,,,
1780768800000,2026-06-06 18:00:00,,,,22.506500244140625,46.0,1015.9000244140624,10.310616493225098,0.0,4.693825721740723,147.52882385253906,0.1000000089406967,22.05649948120117,0.2720000147819519,,,,,,,,,
1780772400000,2026-06-06 19:00:00,,,,21.35650062561035,56.0,1016.2999877929688,12.221141815185549,0.0,3.096837043762207,125.53776550292967,0.0399999991059303,21.10650062561035,0.2720000147819519,,,,,,,,,
1780776000000,2026-06-06 20:00:00,,,,19.55649948120117,66.0,1016.5,13.033697128295898,0.0,2.811689853668213,129.80552673339844,0.0199999995529651,19.95650100708008,0.2720000147819519,,,,,,,,,
1780778187341,2026-06-06 20:36:27,100.0,-110.0,6.0,,,,,,,,,,,,,,15.88,15.0,14.75,,,
1780778192408,2026-06-06 20:36:32,100.0,-110.0,0.5,,,,,,,,,,,41.31,45.7,47.38,,,,466.77,395.83,336.07
1780779600000,2026-06-06 21:00:00,,,,17.706501007080078,76.0,1016.7000122070312,13.42222499847412,0.0,3.096837043762207,144.4622344970703,0.0099999997764825,18.9064998626709,0.2709999978542328,,,,,,,,,
1780783200000,2026-06-06 22:00:00,,,,16.4064998626709,82.0,1017.0999755859376,13.325064659118652,0.0,3.545588731765747,156.03750610351562,0.0099999997764825,18.10650062561035,0.2709999978542328,,,,,,,,,
1780786800000,2026-06-06 23:00:00,,,,16.256500244140625,81.0,1018.0,12.99069881439209,0.1000000014901161,3.075841426849365,69.4438705444336,0.0099999997764825,17.6564998626709,0.2720000147819519,,,,,,,,,
1780790400000,2026-06-07 00:00:00,,,,15.506500244140623,88.0,1016.4000244140624,13.52690315246582,0.0,4.510787010192871,151.38963317871094,0.0099999997764825,17.306499481201172,0.2770000100135803,,,,,,,,,
1780792583589,2026-06-07 00:36:23,100.0,-110.0,8.25,,,,,,,,,,,,,,15.91,14.98,14.64,,,
1780792590709,2026-06-07 00:36:30,100.0,-110.0,-2.75,,,,,,,,,,,41.31,45.7,47.38,,,,466.77,395.83,336.07
1780794000000,2026-06-07 01:00:00,,,,15.456500053405762,84.0,1017.7999877929688,12.765043258666992,0.0,6.479999542236328,270.0,0.0099999997764825,16.9064998626709,0.2770000100135803,,,,,,,,,
1780797600000,2026-06-07 02:00:00,,,,15.656499862670898,85.0,1018.0999755859376,13.142085075378418,2.799999952316284,5.399999618530273,270.0,0.0500000044703483,16.806499481201172,0.2790000140666961,,,,,,,,,
1780801200000,2026-06-07 03:00:00,,,,14.956500053405762,89.0,1018.0999755859376,13.15831184387207,0.0,4.0249223709106445,206.5649871826172,0.0199999995529651,16.60650062561035,0.2829999923706054,,,,,,,,,
1780804800000,2026-06-07 04:00:00,,,,14.806500434875488,88.0,1018.5999755859376,12.837566375732422,0.0,2.3051247596740723,141.3401641845703,0.0099999997764825,16.306499481201172,0.2840000092983246,,,,,,,,,
1780806980058,2026-06-07 04:36:20,100.0,-110.0,2.5,,,,,,,,,,,,,,15.97,14.89,14.67,,,
1780806986974,2026-06-07 04:36:26,100.0,-109.0,6.25,,,,,,,,,,,41.32,45.71,47.38,,,,466.81,395.86,336.07
1780808400000,2026-06-07 05:00:00,,,,15.406499862670898,85.0,1019.0999755859376,12.89692211151123,0.0,3.3190360069274902,130.60121154785156,0.0299999993294477,16.456501007080078,0.2849999964237213,,,,,,,,,
1780812000000,2026-06-07 06:00:00,,,,17.35650062561035,79.0,1019.5999755859376,13.677882194519045,0.0,2.5199999809265137,270.0,0.1000000089406967,17.256500244140625,0.2849999964237213,,,,,,,,,
1780815600000,2026-06-07 07:00:00,,,,18.45650100708008,67.0,1020.0,12.216089248657228,0.0,12.979984283447266,266.8202209472656,0.2399999946355819,18.4064998626709,0.2849999964237213,,,,,,,,,
1780819200000,2026-06-07 08:00:00,,,,19.05649948120117,61.0,1020.2999877929688,11.362309455871582,0.0,13.755579948425291,276.0089111328125,0.3100000023841858,19.45650100708008,0.2840000092983246,,,,,,,,,
1780821376356,2026-06-07 08:36:16,100.0,-113.0,4.75,,,,,,,,,,,,,,15.97,15.74,14.72,,,
1780821381549,2026-06-07 08:36:21,100.0,-114.0,-0.25,,,,,,,,,,,41.34,45.71,47.38,,,,466.88,395.86,336.1
1780822800000,2026-06-07 09:00:00,,,,19.9064998626709,49.0,1020.5999755859376,8.875423431396484,0.0,17.11420440673828,284.62091064453125,0.3600000143051147,20.506500244140625,0.2829999923706054,,,,,,,,,
1780826400000,2026-06-07 10:00:00,,,,20.55649948120117,48.0,1021.0,9.165416717529297,0.0,10.703569412231444,289.6539001464844,0.3000000119209289,20.70650100708008,0.2820000052452087,,,,,,,,,
1780830000000,2026-06-07 11:00:00,,,,20.506500244140625,48.0,1021.2000122070312,9.119643211364746,0.0,10.538843154907228,277.85321044921875,0.25,21.006500244140625,0.2809999883174896,,,,,,,,,
1780833600000,2026-06-07 12:00:00,,,,21.30649948120117,46.0,1021.0,9.218083381652832,0.0,11.874544143676758,284.0362548828125,0.2300000041723251,21.05649948120117,0.2800000011920929,,,,,,,,,
1780835772752,2026-06-07 12:36:12,100.0,-111.0,5.75,,,,,,,,,,,,,,15.97,15.54,14.67,,,
1780835779745,2026-06-07 12:36:19,100.0,-111.0,6.0,,,,,,,,,,,41.37,45.72,47.38,,,,466.95,395.89,336.13
1780837200000,2026-06-07 13:00:00,,,,21.60650062561035,48.0,1021.0,10.126465797424316,0.0,10.948972702026367,316.3321533203125,0.2599999904632568,22.05649948120117,0.2790000140666961,,,,,,,,,
1780840800000,2026-06-07 14:00:00,,,,21.506500244140625,40.0,1020.9000244140624,7.337976932525635,0.0,11.525623321533203,284.4703369140625,0.25,22.70650100708008,0.277999997138977,,,,,,,,,
1780844400000,2026-06-07 15:00:00,,,,22.30649948120117,38.0,1020.9000244140624,7.3017578125,0.0,11.304228782653809,279.1622619628906,0.2100000232458114,22.35650062561035,0.2770000100135803,,,,,,,,,
1780848000000,2026-06-07 16:00:00,,,,21.95650100708008,38.0,1020.9000244140624,6.9902024269104,0.0,11.65977668762207,278.8805847167969,0.2000000178813934,22.10650062561035,0.2759999930858612,,,,,,,,,
1780850169270,2026-06-07 16:36:09,100.0,-111.0,6.5,,,,,,,,,,,,,,15.94,15.77,14.58,,,
1780850176263,2026-06-07 16:36:16,100.0,-109.0,-2.25,,,,,,,,,,,41.38,45.74,47.38,,,,466.98,395.93,336.13
1780851600000,2026-06-07 17:00:00,,,,21.30649948120117,43.0,1021.2000122070312,8.220182418823242,0.0,10.703569412231444,289.6539001464844,0.1700000017881393,21.756500244140625,0.2750000059604645,,,,,,,,,
1780855200000,2026-06-07 18:00:00,,,,20.506500244140625,45.0,1021.4000244140624,8.165273666381836,0.0,9.693296432495115,301.3286437988281,0.1199999973177909,21.10650062561035,0.2750000059604645,,,,,,,,,
1780858800000,2026-06-07 19:00:00,,,,19.256500244140625,52.0,1021.9000244140624,9.158014297485352,0.0,5.692099571228027,288.4350280761719,0.0700000077486038,20.10650062561035,0.2739999890327453,,,,,,,,,
1780862400000,2026-06-07 20:00:00,,,,18.006500244140625,61.0,1022.2999877929688,10.372937202453612,0.0,4.0249223709106445,296.5649719238281,0.0299999993294477,19.006500244140625,0.2739999890327453,,,,,,,,,
1780864565689,2026-06-07 20:36:05,100.0,-112.0,5.25,,,,,,,,,,,,,,16.0,15.54,14.64,,,
1780864570718,2026-06-07 20:36:10,100.0,-112.0,5.25,,,,,,,,,,,41.39,45.74,47.38,,,,467.02,395.93,336.13
1780866000000,2026-06-07 21:00:00,,,,16.4064998626709,69.0,1022.7000122070312,10.703742980957031,0.0,1.1384198665618896,198.4350433349609,0.0099999997764825,17.956501007080078,0.2739999890327453,,,,,,,,,
1780869600000,2026-06-07 22:00:00,,,,14.856500625610352,76.0,1023.0,10.664616584777832,0.0,1.6099690198898315,206.5649871826172,0.0,17.10650062561035,0.2739999890327453,,,,,,,,,
1780873200000,2026-06-07 23:00:00,,,,13.856500625610352,82.0,1023.0999755859376,10.834989547729492,0.0,2.545584201812744,278.1300048828125,0.0099999997764825,16.306499481201172,0.2739999890327453,,,,,,,,,
1780876800000,2026-06-08 00:00:00,,,,14.456500053405762,86.0,1023.5,12.142926216125488,0.0,0.8049845099449158,296.5649719238281,0.0,16.006500244140625,0.277999997138977,,,,,,,,,
1780878961898,2026-06-08 00:36:01,100.0,-112.0,0.75,,,,,,,,,,,,,,16.03,15.54,14.58,,,
1780878967099,2026-06-08 00:36:07,100.0,-114.0,5.0,,,,,,,,,,,41.41,45.75,47.38,,,,467.09,395.96,336.17
1780880400000,2026-06-08 01:00:00,,,,13.506500244140623,89.0,1023.0,11.728397369384766,0.0,2.9024126529693604,150.2552032470703,0.0,15.456500053405762,0.277999997138977,,,,,,,,,
1780884000000,2026-06-08 02:00:00,,,,12.506500244140623,92.0,1022.7000122070312,11.241623878479004,0.0,2.545584201812744,135.00010681152344,0.0,14.906499862670898,0.277999997138977,,,,,,,,,
1780887600000,2026-06-08 03:00:00,,,,11.856500625610352,93.0,1022.5999755859376,10.760499954223633,0.0,2.3051247596740723,128.6598358154297,0.0,14.356500625610352,0.277999997138977,,,,,,,,,
1780891200000,2026-06-08 04:00:00,,,,11.756500244140623,92.0,1022.7000122070312,10.499018669128418,0.0,3.3190360069274902,139.39878845214844,0.0,14.006500244140623,0.277999997138977,,,,,,,,,
1780893358376,2026-06-08 04:35:58,100.0,-111.0,5.5,,,,,,,,,,,,,,16.03,15.6,13.97,,,
1780893365307,2026-06-08 04:36:05,100.0,-111.0,5.5,,,,,,,,,,,41.41,45.75,47.38,,,,467.09,395.99,336.17
1780894800000,2026-06-08 05:00:00,,,,12.606500625610352,87.0,1022.2999877929688,10.499274253845217,0.0,4.6102495193481445,128.6598358154297,0.0199999995529651,14.306500434875488,0.277999997138977,,,,,,,,,
1780898400000,2026-06-08 06:00:00,,,,14.356500625610352,81.0,1021.7999877929688,11.13808822631836,0.0,3.7064266204833984,119.05451202392578,0.0700000077486038,15.256500244140623,0.277999997138977,,,,,,,,,
1780902000000,2026-06-08 07:00:00,,,,17.006500244140625,74.0,1020.9000244140624,12.338333129882812,0.0,4.104631423950195,127.8750457763672,0.1199999973177909,16.85650062561035,0.277999997138977,,,,,,,,,
1780905600000,2026-06-08 08:00:00,,,,19.756500244140625,64.0,1020.0999755859376,12.7529878616333,0.0,5.483356475830078,113.19862365722656,0.2000000178813934,18.80649948120117,0.2770000100135803,,,,,,,,,
1780907754816,2026-06-08 08:35:54,100.0,-109.0,8.0,,,,,,,,,,,,,,16.03,15.03,14.67,,,
1780907759873,2026-06-08 08:35:59,100.0,-109.0,-3.25,,,,,,,,,,,41.41,45.76,47.38,,,,467.09,396.02,336.2
1780909200000,2026-06-08 09:00:00,,,,21.55649948120117,56.0,1019.5999755859376,12.407553672790527,0.0,5.351784706115723,132.27362060546875,0.2800000309944153,20.756500244140625,0.2759999930858612,,,,,,,,,
1780912800000,2026-06-08 10:00:00,,,,23.4064998626709,46.0,1018.9000244140624,11.129716873168944,0.0,4.213691711425781,160.0167999267578,0.3000000119209289,22.1564998626709,0.2750000059604645,,,,,,,,,
1780916400000,2026-06-08 11:00:00,,,,24.35650062561035,42.0,1018.2999877929688,10.620165824890137,0.0,4.0249223709106445,169.69520568847656,0.3500000238418579,23.70650100708008,0.2739999890327453,,,,,,,,,
1780920000000,2026-06-08 12:00:00,,,,25.45650100708008,38.0,1017.5,10.103702545166016,0.0,3.617955207824707,185.7104949951172,0.3700000345706939,25.006500244140625,0.2720000147819519,,,,,,,,,
1780922151075,2026-06-08 12:35:51,100.0,-111.0,6.25,,,,,,,,,,,,,,15.97,15.0,14.64,,,
1780922158087,2026-06-08 12:35:58,100.0,-111.0,0.25,,,,,,,,,,,41.4,45.76,47.38,,,,467.05,396.02,336.2
1780923600000,2026-06-08 13:00:00,,,,25.85650062561035,35.0,1016.5999755859376,9.231484413146973,0.0,5.351784706115723,199.65391540527344,0.3700000345706939,25.95650100708008,0.2709999978542328,,,,,,,,,
1780927200000,2026-06-08 14:00:00,,,,26.506500244140625,32.0,1015.7999877929688,8.473133087158203,0.0,6.877789497375488,132.87889099121094,0.3400000035762787,26.35650062561035,0.2689999938011169,,,,,,,,,
1780930800000,2026-06-08 15:00:00,,,,26.30649948120117,35.0,1015.2000122070312,9.62751579284668,0.0,7.172948837280273,197.52566528320312,0.3000000119209289,26.30649948120117,0.2680000066757202,,,,,,,,,
1780934400000,2026-06-08 16:00:00,,,,26.60650062561035,34.0,1014.5,9.45931339263916,0.0,5.351784706115723,160.34608459472656,0.2300000041723251,25.70650100708008,0.2669999897480011,,,,,,,,,
1780936547464,2026-06-08 16:35:47,100.0,-114.0,4.5,,,,,,,,,,,,,,15.94,15.37,14.75,,,
1780936554475,2026-06-08 16:35:54,100.0,-112.0,6.0,,,,,,,,,,,41.38,45.76,47.38,,,,466.98,396.02,336.2
1780938000000,2026-06-08 17:00:00,,,,26.10650062561035,36.0,1013.5999755859376,9.87147617340088,0.0,7.56856632232666,154.65386962890625,0.1700000017881393,25.006500244140625,0.2660000026226043,,,,,,,,,
1780941600000,2026-06-08 18:00:00,,,,24.756500244140625,45.0,1013.2999877929688,12.023646354675291,0.0,5.495161056518555,121.60746002197266,0.1099999994039535,23.95650100708008,0.2660000026226043,,,,,,,,,
1780945200000,2026-06-08 19:00:00,,,,22.95650100708008,52.0,1013.2000122070312,12.576744079589844,0.0,5.001279830932617,120.25635528564452,0.0700000077486038,22.85650062561035,0.2660000026226043,,,,,,,,,
1780948800000,2026-06-08 20:00:00,,,,21.756500244140625,59.0,1013.2000122070312,13.392569541931152,0.0,3.075841426849365,159.44387817382812,0.0399999991059303,21.85650062561035,0.2660000026226043,,,,,,,,,
1780950943859,2026-06-08 20:35:43,100.0,-110.0,-2.75,,,,,,,,,,,,,,15.94,15.66,14.72,,,
1780950949051,2026-06-08 20:35:49,100.0,-110.0,6.25,,,,,,,,,,,41.4,45.75,47.38,,,,467.05,395.99,336.2
1780952400000,2026-06-08 21:00:00,,,,20.506500244140625,66.0,1012.9000244140624,13.937005043029783,0.0,4.33497428894043,131.63345336914062,0.0199999995529651,21.006500244140625,0.2660000026226043,,,,,,,,,
1780956000000,2026-06-08 22:00:00,,,,19.756500244140625,67.0,1012.9000244140624,13.454630851745604,0.0,3.219938039779663,116.5649871826172,0.0199999995529651,20.256500244140625,0.2660000026226043,,,,,,,,,
1780959600000,2026-06-08 23:00:00,,,,18.85650062561035,73.0,1013.0999755859376,13.912403106689451,0.0,2.620839357376098,105.94546508789062,0.0199999995529651,19.70650100708008,0.2660000026226043,,,,,,,,,
1780963200000,2026-06-09 00:00:00,,,,20.30649948120117,61.0,1011.7000122070312,12.539833068847656,0.0,3.6712939739227295,101.30989837646484,0.0199999995529651,20.6564998626709,0.2680000066757202,,,,,,,,,
1780965340356,2026-06-09 00:35:40,100.0,-113.0,3.0,,,,,,,,,,,,,,16.0,15.6,14.78,,,
1780965347384,2026-06-09 00:35:47,100.0,-109.0,-2.75,,,,,,,,,,,41.38,45.76,47.38,,,,466.98,396.02,336.2
1780966800000,2026-06-09 01:00:00,,,,19.756500244140625,64.0,1011.5,12.7529878616333,0.0,2.741678237915039,113.19862365722656,0.0199999995529651,20.10650062561035,0.2680000066757202,,,,,,,,,
1780970400000,2026-06-09 02:00:00,,,,19.10650062561035,68.0,1011.4000244140624,13.062040328979492,0.0,3.219938039779663,116.5649871826172,0.0099999997764825,19.55649948120117,0.2680000066757202,,,,,,,,,
1780974000000,2026-06-09 03:00:00,,,,18.45650100708008,71.0,1011.2999877929688,13.101165771484377,0.0,2.741678237915039,156.80137634277344,0.0099999997764825,19.05649948120117,0.2689999938011169,,,,,,,,,
1780977600000,2026-06-09 04:00:00,,,,18.30649948120117,74.0,1011.5,13.591964721679688,0.0,3.219938039779663,116.5649871826172,0.0099999997764825,18.70650100708008,0.2689999938011169,,,,,,,,,
1780979736617,2026-06-09 04:35:36,100.0,-112.0,6.0,,,,,,,,,,,,,,16.09,15.83,14.78,,,
1780979741816,2026-06-09 04:35:41,100.0,-113.0,-0.75,,,,,,,,,,,41.39,45.76,47.38,,,,467.02,396.02,336.23
1780981200000,2026-06-09 05:00:00,,,,19.05649948120117,74.0,1011.9000244140624,14.315112113952637,0.0,1.6099690198898315,153.4350128173828,0.0199999995529651,18.85650062561035,0.2689999938011169,,,,,,,,,
1780984800000,2026-06-09 06:00:00,,,,18.70650100708008,76.0,1012.4000244140624,14.38957405090332,1.2999999523162842,4.693825721740723,212.4711761474609,0.0399999991059303,19.006500244140625,0.2689999938011169,,,,,,,,,
1780988400000,2026-06-09 07:00:00,,,,19.30649948120117,73.0,1012.0999755859376,14.345556259155272,0.0,4.104631423950195,195.2551727294922,0.0700000077486038,19.10650062561035,0.270000010728836,,,,,,,,,
1780992000000,2026-06-09 08:00:00,,,,18.45650100708008,79.0,1013.0,14.746957778930664,0.5,11.525623321533203,284.4703369140625,0.0799999982118606,19.30649948120117,0.2709999978542328,,,,,,,,,
1780994133118,2026-06-09 08:35:33,100.0,-113.0,5.75,,,,,,,,,,,,,,16.14,15.66,14.72,,,
1780994138199,2026-06-09 08:35:38,100.0,-113.0,6.0,,,,,,,,,,,41.39,45.78,47.38,,,,467.02,396.06,336.23
1780995600000,2026-06-09 09:00:00,,,,18.10650062561035,78.0,1013.7000122070312,14.20985221862793,0.0,9.565437316894531,289.7989501953125,0.0900000035762786,19.006500244140625,0.2720000147819519,,,,,,,,,
1780999200000,2026-06-09 10:00:00,,,,18.05649948120117,63.0,1014.7000122070312,10.904805183410645,0.0,12.72792148590088,278.1300048828125,0.1299999952316284,19.20650100708008,0.2720000147819519,,,,,,,,,
1781002800000,2026-06-09 11:00:00,,,,18.05649948120117,64.0,1014.4000244140624,11.142112731933594,0.0,5.116561412811279,230.7106170654297,0.1700000017881393,19.30649948120117,0.2720000147819519,,,,,,,,,
1781006400000,2026-06-09 12:00:00,,,,19.506500244140625,60.0,1014.7000122070312,11.535929679870604,0.0,9.53150463104248,259.114501953125,0.1899999976158142,20.30649948120117,0.2720000147819519,,,,,,,,,
1781008529391,2026-06-09 12:35:29,100.0,-111.0,-4.25,,,,,,,,,,,,,,16.17,15.14,14.81,,,
1781008536495,2026-06-09 12:35:36,100.0,-112.0,4.5,,,,,,,,,,,41.4,45.79,47.38,,,,467.05,396.09,336.26
1781010000000,2026-06-09 13:00:00,,,,20.256500244140625,45.0,1014.5,7.938129901885986,0.0,11.92898941040039,264.8056640625,0.25,20.9064998626709,0.2709999978542328,,,,,,,,,
1781013600000,2026-06-09 14:00:00,,,,19.60650062561035,54.0,1015.0999755859376,10.044641494750977,0.0,12.879752159118652,296.5649719238281,0.2100000232458114,20.80649948120117,0.2709999978542328,,,,,,,,,
1781017200000,2026-06-09 15:00:00,,,,20.506500244140625,41.0,1015.2000122070312,6.801347255706787,0.0,10.823972702026367,266.1860046386719,0.2000000178813934,21.20650100708008,0.270000010728836,,,,,,,,,
1781020800000,2026-06-09 16:00:00,,,,20.9064998626709,34.0,1015.2999877929688,4.454475402832031,0.0,10.308831214904783,257.9052429199219,0.2199999988079071,21.70650100708008,0.270000010728836,,,,,,,,,
1781022925782,2026-06-09 16:35:25,100.0,-112.0,7.0,,,,,,,,,,,,,,16.23,15.66,14.75,,,
1781022932792,2026-06-09 16:35:32,100.0,-111.0,-7.0,,,,,,,,,,,41.39,45.79,47.38,,,,467.02,396.09,336.29
1781024400000,2026-06-09 17:00:00,,,,20.70650100708008,35.0,1015.2000122070312,4.693239688873291,0.0,9.387650489807127,265.60137939453125,0.1800000071525573,21.506500244140625,0.2689999938011169,,,,,,,,,
1781028000000,2026-06-09 18:00:00,,,,20.05649948120117,36.0,1015.5,4.522083282470703,0.0,8.55710220336914,292.24908447265625,0.1099999994039535,20.6564998626709,0.2689999938011169,,,,,,,,,
1781031600000,2026-06-09 19:00:00,,,,18.256500244140625,50.0,1016.4000244140624,7.656625270843506,0.0,8.854828834533691,333.4350280761719,0.0700000077486038,19.6564998626709,0.2689999938011169,,,,,,,,,
1781035200000,2026-06-09 20:00:00,,,,16.85650062561035,59.0,1017.0999755859376,8.794541358947754,0.0,3.3190360069274902,347.47119140625,0.0299999993294477,18.55649948120117,0.2689999938011169,,,,,,,,,
1781037322153,2026-06-09 20:35:22,100.0,-115.0,4.25,,,,,,,,,,,,,,16.26,15.31,14.75,,,
1781037327354,2026-06-09 20:35:27,100.0,-113.0,4.75,,,,,,,,,,,41.4,45.79,47.38,,,,467.05,396.09,336.29
1781038800000,2026-06-09 21:00:00,,,,15.856500625610352,65.0,1017.7999877929688,9.286866188049316,0.0,2.9024126529693604,330.2552185058594,0.0099999997764825,17.556499481201172,0.2689999938011169,,,,,,,,,
1781042400000,2026-06-09 22:00:00,,,,15.156499862670898,67.0,1017.9000244140624,9.07076358795166,0.0,2.099142551422119,59.036319732666016,0.0099999997764825,16.706501007080078,0.2689999938011169,,,,,,,,,
1781046000000,2026-06-09 23:00:00,,,,14.756500244140623,70.0,1017.7999877929688,9.33903694152832,0.0,1.2979984283447266,33.69010162353516,0.0,16.10650062561035,0.2689999938011169,,,,,,,,,
1781049600000,2026-06-10 00:00:00,,,,13.156499862670898,85.0,1017.7000122070312,10.690218925476074,0.0,3.563817977905273,135.00010681152344,0.0099999997764825,15.356500625610352,0.2680000066757202,,,,,,,,,
1781051718648,2026-06-10 00:35:18,100.0,-115.0,3.75,,,,,,,,,,,,,,16.29,14.92,14.89,,,
1781051725568,2026-06-10 00:35:25,100.0,-114.0,4.0,,,,,,,,,,,41.39,45.8,47.38,,,,467.02,396.12,336.29
1781053200000,2026-06-10 01:00:00,,,,12.606500625610352,86.0,1017.5,10.32590389251709,0.0,2.9024126529693604,150.2552032470703,0.0099999997764825,14.806500434875488,0.2680000066757202,,,,,,,,,
1781056800000,2026-06-10 02:00:00,,,,12.056500434875488,86.0,1017.5,9.785662651062012,0.0,3.219938039779663,153.4350128173828,0.0099999997764825,14.306500434875488,0.2680000066757202,,,,,,,,,
1781060400000,2026-06-10 03:00:00,,,,11.756500244140623,85.0,1017.5,9.316971778869627,0.0,2.811689853668213,129.80552673339844,0.0099999997764825,13.856500625610352,0.2689999938011169,,,,,,,,,
1781064000000,2026-06-10 04:00:00,,,,11.756500244140623,86.0,1017.7000122070312,9.490976333618164,0.0,2.811689853668213,140.19447326660156,0.0099999997764825,13.706500053405762,0.2689999938011169,,,,,,,,,
1781066114932,2026-06-10 04:35:14,100.0,-111.0,-4.0,,,,,,,,,,,,,,16.29,15.2,14.83,,,
1781066121943,2026-06-10 04:35:21,100.0,-113.0,5.0,,,,,,,,,,,41.39,45.8,47.38,,,,467.02,396.12,336.32
1781067600000,2026-06-10 05:00:00,,,,12.456500053405762,84.0,1017.7999877929688,9.82683563232422,0.0,3.89399528503418,123.69010162353516,0.0199999995529651,14.006500244140623,0.2689999938011169,,,,,,,,,
1781071200000,2026-06-10 06:00:00,,,,13.406499862670898,80.0,1017.5999755859376,10.025792121887209,0.0,2.099142551422119,120.96369171142578,0.0500000044703483,14.706500053405762,0.2689999938011169,,,,,,,,,
1781074800000,2026-06-10 07:00:00,,,,15.056500434875488,73.0,1017.5999755859376,10.253520011901855,0.0,0.7199999690055847,90.0,0.0900000035762786,15.656499862670898,0.2689999938011169,,,,,,,,,
1781078400000,2026-06-10 08:00:00,,,,16.556499481201172,65.0,1017.2000122070312,9.951744079589844,0.0,1.8356469869613647,78.69010162353516,0.1400000154972076,16.756500244140625,0.2689999938011169,,,,,,,,,
1781080511454,2026-06-10 08:35:11,100.0,-111.0,7.5,,,,,,,,,,,,,,16.23,15.77,14.78,,,
1781080516534,2026-06-10 08:35:16,100.0,-111.0,-5.5,,,,,,,,,,,41.38,45.8,47.38,,,,466.98,396.12,336.32
1781082000000,2026-06-10 09:00:00,,,,17.6564998626709,60.0,1017.0999755859376,9.796178817749023,0.0,1.4843180179595947,14.036274909973145,0.1800000071525573,17.956501007080078,0.2680000066757202,,,,,,,,,
1781085600000,2026-06-10 10:00:00,,,,18.85650062561035,53.0,1016.7999877929688,9.070521354675291,0.0,3.617955207824707,354.2894897460937,0.2199999988079071,19.20650100708008,0.2680000066757202,,,,,,,,,
1781089200000,2026-06-10 11:00:00,,,,19.30649948120117,49.0,1016.2999877929688,8.324655532836914,0.0,6.7637858390808105,334.7989196777344,0.2300000041723251,19.85650062561035,0.2669999897480011,,,,,,,,,
1781092800000,2026-06-10 12:00:00,,,,17.056499481201172,57.0,1016.2999877929688,8.47200870513916,0.0,9.387651443481444,122.47117614746094,0.1899999976158142,19.20650100708008,0.2660000026226043,,,,,,,,,
1781094907851,2026-06-10 12:35:07,100.0,-113.0,4.0,,,,,,,,,,,,,,16.17,15.26,14.86,,,
1781094914736,2026-06-10 12:35:14,100.0,-111.0,5.25,,,,,,,,,,,41.35,45.8,47.38,,,,466.91,396.12,336.32
1781096400000,2026-06-10 13:00:00,,,,18.60650062561035,56.0,1015.4000244140624,9.656973838806152,0.0,2.811689853668213,129.80552673339844,0.1700000017881393,19.30649948120117,0.2660000026226043,,,,,,,,,
1781100000000,2026-06-10 14:00:00,,,,18.05649948120117,56.0,1015.5,9.143914222717283,0.0,8.714676856994629,141.7097930908203,0.1599999964237213,19.4064998626709,0.2660000026226043,,,,,,,,,
1781103600000,2026-06-10 15:00:00,,,,17.6564998626709,59.0,1015.5999755859376,9.545604705810549,0.0,5.759999752044678,180.0,0.1299999952316284,19.006500244140625,0.2649999856948852,,,,,,,,,
1781107200000,2026-06-10 16:00:00,,,,17.306499481201172,59.0,1015.7000122070312,9.217031478881836,0.1000000014901161,2.741678237915039,203.19862365722656,0.1000000089406967,18.45650100708008,0.2649999856948852,,,,,,,,,
1781109304190,2026-06-10 16:35:04,100.0,-113.0,4.25,,,,,,,,,,,,,,16.11,15.2,14.89,,,
1781109311123,2026-06-10 16:35:11,100.0,-113.0,-0.5,,,,,,,,,,,41.33,45.79,47.38,,,,466.84,396.09,336.32
1781110800000,2026-06-10 17:00:00,,,,16.806499481201172,65.0,1016.2999877929688,10.18917751312256,0.2000000029802322,5.014219284057617,68.96241760253906,0.0700000077486038,18.006500244140625,0.2649999856948852,,,,,,,,,
1781114400000,2026-06-10 18:00:00,,,,16.35650062561035,73.0,1016.5,11.505470275878906,0.0,0.5091168880462646,135.00010681152344,0.0399999991059303,17.4064998626709,0.2649999856948852,,,,,,,,,
1781118000000,2026-06-10 19:00:00,,,,15.556500434875488,65.0,1016.7000122070312,9.0018892288208,0.0,4.6938252449035645,274.39862060546875,0.0399999991059303,16.9064998626709,0.2649999856948852,,,,,,,,,
1781121600000,2026-06-10 20:00:00,,,,14.956500053405762,74.0,1016.5999755859376,10.36099338531494,0.0,2.27683973312378,161.56495666503906,0.0299999993294477,16.256500244140625,0.2649999856948852,,,,,,,,,
1781123700647,2026-06-10 20:35:00,100.0,-111.0,5.75,,,,,,,,,,,,,,16.06,15.2,14.78,,,
1781123706821,2026-06-10 20:35:06,100.0,-111.0,5.5,,,,,,,,,,,41.33,45.79,47.38,,,,466.84,396.09,336.32
1781125200000,2026-06-10 21:00:00,,,,14.456500053405762,74.0,1016.7999877929688,9.87863063812256,0.1000000014901161,1.1384198665618896,251.56495666503903,0.0199999995529651,15.756500244140623,0.2649999856948852,,,,,,,,,
1781128800000,2026-06-10 22:00:00,,,,14.256500244140623,74.0,1017.0999755859376,9.685676574707031,0.0,2.545584201812744,224.99989318847656,0.0099999997764825,15.406499862670898,0.2660000026226043,,,,,,,,,
1781132400000,2026-06-10 23:00:00,,,,13.856500625610352,73.0,1017.2000122070312,9.097668647766112,0.1000000014901161,2.879999876022339,270.0,0.0199999995529651,15.056500434875488,0.2660000026226043,,,,,,,,,
1781136000000,2026-06-11 00:00:00,,,,12.906499862670898,76.0,1017.0,8.777259826660156,0.0,5.815978050231934,248.1985321044922,0.0299999993294477,14.556500434875488,0.2649999856948852,,,,,,,,,
1781138097019,2026-06-11 00:34:57,100.0,-110.0,7.25,,,,,,,,,,,,,,16.06,15.66,14.92,,,
1781138103920,2026-06-11 00:35:03,100.0,-110.0,7.75,,,,,,,,,,,41.32,45.78,47.38,,,,466.81,396.06,336.32
1781139600000,2026-06-11 01:00:00,,,,12.656499862670898,81.0,1017.2999877929688,9.480196952819824,0.0,5.506940841674805,258.6900939941406,0.0299999993294477,14.306500434875488,0.2649999856948852,,,,,,,,,
1781143200000,2026-06-11 02:00:00,,,,12.556500434875488,83.0,1017.2000122070312,9.746005058288574,0.1000000014901161,5.052840709686279,265.9144592285156,0.0199999995529651,14.056500434875488,0.2649999856948852,,,,,,,,,
1781146800000,2026-06-11 03:00:00,,,,12.356500625610352,84.0,1017.2999877929688,9.728882789611816,0.1000000014901161,6.214563369750977,280.0079040527344,0.0199999995529651,13.906499862670898,0.2649999856948852,,,,,,,,,
1781150400000,2026-06-11 04:00:00,,,,12.306500434875488,86.0,1017.7999877929688,10.03122901916504,0.6000000238418579,6.519876956939697,276.340087890625,0.0299999993294477,13.756500244140623,0.2660000026226043,,,,,,,,,
1781152493417,2026-06-11 04:34:53,100.0,-114.0,3.75,,,,,,,,,,,,,,16.03,15.68,14.86,,,
1781152500293,2026-06-11 04:35:00,100.0,-113.0,3.5,,,,,,,,,,,41.31,45.78,47.38,,,,466.77,396.06,336.29
1781154000000,2026-06-11 05:00:00,,,,12.306500434875488,84.0,1018.4000244140624,9.679905891418455,0.4000000059604645,7.993297576904297,277.7650756835937,0.0500000044703483,13.806500434875488,0.2660000026226043,,,,,,,,,
1781157600000,2026-06-11 06:00:00,,,,12.356500625610352,82.0,1018.7000122070312,9.369964599609377,1.2000000476837158,9.255571365356444,283.4957580566406,0.0599999986588954,13.856500625610352,0.2680000066757202,,,,,,,,,
1781161200000,2026-06-11 07:00:00,,,,12.506500244140623,76.0,1019.0,8.39005184173584,0.4000000059604645,9.65981388092041,296.5649719238281,0.0900000035762786,14.006500244140623,0.270000010728836,,,,,,,,,
1781164800000,2026-06-11 08:00:00,,,,12.756500244140623,77.0,1019.0999755859376,8.8254976272583,0.4000000059604645,7.091177463531494,293.9624938964844,0.1199999973177909,14.556500434875488,0.2709999978542328,,,,,,,,,
1781166889793,2026-06-11 08:34:49,100.0,-113.0,-2.0,,,,,,,,,,,,,,15.97,15.2,14.86,,,
1781166894988,2026-06-11 08:34:54,100.0,-114.0,-5.25,,,,,,,,,,,41.3,45.78,47.38,,,,466.74,396.06,336.29
1781168400000,2026-06-11 09:00:00,,,,14.656499862670898,68.0,1019.2999877929688,8.81322193145752,0.1000000014901161,7.729526996612549,297.7584228515625,0.1500000059604644,15.506500244140623,0.2720000147819519,,,,,,,,,
1781172000000,2026-06-11 10:00:00,,,,15.106500625610352,62.0,1019.4000244140624,7.877946853637695,0.0,11.269782066345217,296.5649719238281,0.2000000178813934,16.4064998626709,0.2720000147819519,,,,,,,,,
1781175600000,2026-06-11 11:00:00,,,,16.10650062561035,58.0,1019.2999877929688,7.838860511779785,0.0,10.787993431091309,295.7098999023437,0.2399999946355819,17.456501007080078,0.2720000147819519,,,,,,,,,
1781179200000,2026-06-11 12:00:00,,,,17.206501007080078,53.0,1019.0,7.541165828704834,0.0,9.565437316894531,289.7989501953125,0.2800000309944153,18.9064998626709,0.2720000147819519,,,,,,,,,
1781181286180,2026-06-11 12:34:46,100.0,-110.0,-3.5,,,,,,,,,,,,,,15.88,15.03,14.81,,,
1781181291409,2026-06-11 12:34:51,100.0,-111.0,5.25,,,,,,,,,,,41.28,45.76,47.38,,,,466.67,396.02,336.29
1781182800000,2026-06-11 13:00:00,,,,17.956501007080078,50.0,1018.5,7.380462646484375,0.0,8.640000343322754,270.0,0.2900000214576721,20.256500244140625,0.2709999978542328,,,,,,,,,
1781186400000,2026-06-11 14:00:00,,,,18.4064998626709,47.0,1018.5999755859376,6.889142990112305,0.0,13.450708389282228,254.475830078125,0.2599999904632568,20.70650100708008,0.270000010728836,,,,,,,,,
1781190000000,2026-06-11 15:00:00,,,,17.006500244140625,52.0,1019.0999755859376,7.077243328094482,0.0,13.797911643981934,277.4957580566406,0.2100000232458114,20.256500244140625,0.2689999938011169,,,,,,,,,
1781193600000,2026-06-11 16:00:00,,,,17.10650062561035,49.0,1019.5,6.304278373718262,0.0,11.620808601379396,286.18927001953125,0.1700000017881393,19.9064998626709,0.2689999938011169,,,,,,,,,
1781197200000,2026-06-11 17:00:00,,,,16.85650062561035,50.0,1019.7999877929688,6.367630481719971,0.0,10.58791732788086,287.8189697265625,0.1299999952316284,19.1564998626709,0.2680000066757202,,,,,,,,,
1781200800000,2026-06-11 18:00:00,,,,16.6564998626709,52.0,1020.0,6.753443241119385,0.0,8.31124496459961,274.9696350097656,0.0799999982118606,18.1564998626709,0.2680000066757202,,,,,,,,,
1781204400000,2026-06-11 19:00:00,,,,15.506500244140623,63.0,1020.5,8.491942405700684,0.0,11.252518653869627,262.647705078125,0.0500000044703483,17.206501007080078,0.2680000066757202,,,,,,,,,
1781208000000,2026-06-11 20:00:00,,,,14.156499862670898,70.0,1020.7999877929688,8.763960838317871,0.0,8.08999252319336,249.1454620361328,0.0299999993294477,16.1564998626709,0.2680000066757202,,,,,,,,,
1781210085872,2026-06-11 20:34:45,100.0,-122.0,-3.75,,,,,,,,,,,41.26,45.75,47.38,,,,466.6,395.96,336.26
1781211600000,2026-06-11 21:00:00,,,,13.006500244140623,68.0,1021.4000244140624,7.236971378326416,0.0,5.815978050231934,248.1985321044922,0.0199999995529651,15.206500053405762,0.2680000066757202,,,,,,,,,
1781215200000,2026-06-11 22:00:00,,,,12.306500434875488,68.0,1021.7000122070312,6.568122863769531,0.0,2.879999876022339,270.0,0.0199999995529651,14.356500625610352,0.2680000066757202,,,,,,,,,
1781218800000,2026-06-11 23:00:00,,,,11.906499862670898,69.0,1021.7999877929688,6.397754192352295,0.0,1.0182337760925293,135.00010681152344,0.0,13.606500625610352,0.2680000066757202,,,,,,,,,
1781222400000,2026-06-12 00:00:00,,,,11.656499862670898,75.0,1020.7000122070312,7.373126029968262,0.0,2.620839357376098,164.05453491210938,0.0,12.956500053405762,0.2680000066757202,,,,,,,,,
1781224475401,2026-06-12 00:34:35,100.0,-123.0,-4.25,,,,,,,,,,,,,,15.77,15.83,14.78,,,
1781224482284,2026-06-12 00:34:42,100.0,-121.0,-2.25,,,,,,,,,,,41.23,45.75,47.38,,,,466.53,395.96,336.26
1781226000000,2026-06-12 01:00:00,,,,11.506500244140623,76.0,1020.7999877929688,7.421947002410889,0.0,1.8356469869613647,101.30989837646484,0.0099999997764825,12.756500244140623,0.2680000066757202,,,,,,,,,
1781229600000,2026-06-12 02:00:00,,,,11.156499862670898,81.0,1020.7000122070312,8.017126083374023,0.0,3.415259599685669,108.43504333496094,0.0099999997764825,12.656499862670898,0.2680000066757202,,,,,,,,,
1781233200000,2026-06-12 03:00:00,,,,11.006500244140623,79.0,1020.7000122070312,7.503898620605469,0.0,1.4843180179595947,104.03627014160156,0.0099999997764825,12.456500053405762,0.2680000066757202,,,,,,,,,
1781236800000,2026-06-12 04:00:00,,,,10.906499862670898,82.0,1020.7000122070312,7.953585624694824,0.0,3.096837043762207,125.53776550292967,0.0099999997764825,12.306500434875488,0.2680000066757202,,,,,,,,,
1781238878732,2026-06-12 04:34:38,100.0,-123.0,-6.0,,,,,,,,,,,41.22,45.74,47.38,,,,466.49,395.93,336.23
1781240400000,2026-06-12 05:00:00,,,,11.456500053405762,81.0,1020.5999755859376,8.3097562789917,0.0,4.394360065460205,124.99209594726562,0.0199999995529651,12.606500625610352,0.2680000066757202,,,,,,,,,
1781244000000,2026-06-12 06:00:00,,,,11.756500244140623,76.0,1020.5,7.663985729217529,0.0,6.119999885559082,118.07239532470705,0.0299999993294477,13.156499862670898,0.2680000066757202,,,,,,,,,
1781247600000,2026-06-12 07:00:00,,,,12.656499862670898,75.0,1020.2999877929688,8.33971118927002,0.0,6.92473840713501,117.89717864990234,0.0500000044703483,13.706500053405762,0.2680000066757202,,,,,,,,,
1781251200000,2026-06-12 08:00:00,,,,14.006500244140623,74.0,1019.7999877929688,9.44447422027588,0.1000000014901161,7.421589851379394,129.09385681152344,0.0799999982118606,14.656499862670898,0.2669999897480011,,,,,,,,,
1781253268153,2026-06-12 08:34:28,100.0,-120.0,-1.5,,,,,,,,,,,,,,15.66,15.54,14.72,,,
1781253273263,2026-06-12 08:34:33,100.0,-122.0,-2.0,,,,,,,,,,,41.21,45.72,47.38,,,,466.46,395.89,336.23
1781254800000,2026-06-12 09:00:00,,,,15.156499862670898,67.0,1019.7000122070312,9.07076358795166,0.2000000029802322,4.829906940460205,206.5649871826172,0.0700000077486038,15.106500625610352,0.2669999897480011,,,,,,,,,
1781258400000,2026-06-12 10:00:00,,,,15.106500625610352,71.0,1019.5999755859376,9.886130332946776,0.1000000014901161,5.86037540435791,190.61959838867188,0.0700000077486038,15.156499862670898,0.2669999897480011,,,,,,,,,
1781262000000,2026-06-12 11:00:00,,,,15.056500434875488,74.0,1019.5999755859376,10.457463264465332,0.2000000029802322,5.001279830932617,210.25634765625,0.0700000077486038,15.256500244140623,0.2669999897480011,,,,,,,,,
1781265600000,2026-06-12 12:00:00,,,,15.306500434875488,74.0,1019.0999755859376,10.698628425598145,0.2000000029802322,5.483356475830078,203.19862365722656,0.0700000077486038,15.356500625610352,0.2669999897480011,,,,,,,,,
1781269200000,2026-06-12 13:00:00,,,,15.506500244140623,77.0,1019.0,11.491182327270508,0.4000000059604645,3.5999999046325684,216.86997985839844,0.0599999986588954,15.556500434875488,0.2669999897480011,,,,,,,,,
1781272800000,2026-06-12 14:00:00,,,,15.856500625610352,77.0,1018.9000244140624,11.830389976501465,0.4000000059604645,6.830519199371338,251.56495666503903,0.0599999986588954,15.656499862670898,0.2680000066757202,,,,,,,,,
1781276400000,2026-06-12 15:00:00,,,,15.606500625610352,79.0,1018.7000122070312,11.976813316345217,0.3000000119209289,7.342587947845459,258.6900939941406,0.0599999986588954,15.556500434875488,0.2680000066757202,,,,,,,,,
1781280000000,2026-06-12 16:00:00,,,,15.706500053405762,80.0,1018.7000122070312,12.265286445617676,0.1000000014901161,6.569382667541504,260.5377502441406,0.0500000044703483,15.406499862670898,0.2689999938011169,,,,,,,,,
1781282060989,2026-06-12 16:34:20,100.0,-120.0,-8.5,,,,,,,,,,,,,,15.48,15.46,14.81,,,
1781283600000,2026-06-12 17:00:00,,,,15.706500053405762,81.0,1018.7999877929688,12.454450607299805,0.2000000029802322,6.989935398101807,258.1113586425781,0.0399999991059303,15.356500625610352,0.2689999938011169,,,,,,,,,
1781287200000,2026-06-12 18:00:00,,,,15.606500625610352,82.0,1018.7000122070312,12.54392910003662,0.1000000014901161,6.849466800689697,266.9872741699219,0.0399999991059303,15.256500244140623,0.270000010728836,,,,,,,,,
1781290800000,2026-06-12 19:00:00,,,,15.656499862670898,82.0,1018.7000122070312,12.592748641967772,0.0,5.58870267868042,255.0685272216797,0.0299999993294477,15.156499862670898,0.270000010728836,,,,,,,,,
1781294400000,2026-06-12 20:00:00,,,,15.306500434875488,84.0,1018.5,12.61815071105957,0.0,4.553679466247559,251.56495666503903,0.0199999995529651,14.956500053405762,0.270000010728836,,,,,,,,,
1781296457409,2026-06-12 20:34:17,100.0,-118.0,0.25,,,,,,,,,,,,,,15.46,15.4,14.64,,,
1781296462575,2026-06-12 20:34:22,100.0,-118.0,0.5,,,,,,,,,,,41.16,45.7,47.38,,,,466.28,395.83,336.17
1781298000000,2026-06-12 21:00:00,,,,15.206500053405762,84.0,1018.4000244140624,12.520220756530762,0.0,4.553679466247559,251.56495666503903,0.0099999997764825,14.706500053405762,0.2709999978542328,,,,,,,,,
1781301600000,2026-06-12 22:00:00,,,,15.356500625610352,84.0,1018.2000122070312,12.66711711883545,0.0,3.239999771118164,270.0,0.0099999997764825,14.606500625610352,0.2709999978542328,,,,,,,,,
1781305200000,2026-06-12 23:00:00,,,,15.306500434875488,85.0,1018.0999755859376,12.798853874206545,0.0,5.351784706115723,250.34608459472656,0.0099999997764825,14.506500244140623,0.2709999978542328,,,,,,,,,
1781308800000,2026-06-13 00:00:00,,,,15.706500053405762,88.0,1016.5999755859376,13.72385025024414,0.0,5.154415607452393,257.9052429199219,0.0199999995529651,15.356500625610352,0.2759999930858612,,,,,,,,,
1781310853755,2026-06-13 00:34:13,100.0,-124.0,-4.0,,,,,,,,,,,,,,15.43,15.34,14.67,,,
1781312400000,2026-06-13 01:00:00,,,,15.556500434875488,87.0,1017.2000122070312,13.400568008422852,0.0,3.6712939739227295,281.3099060058594,0.0099999997764825,15.106500625610352,0.2759999930858612,,,,,,,,,
1781316000000,2026-06-13 02:00:00,,,,15.306500434875488,86.0,1016.5999755859376,12.97769546508789,0.0,3.096837043762207,215.5377655029297,0.0,15.006500244140623,0.2759999930858612,,,,,,,,,
1781319600000,2026-06-13 03:00:00,,,,15.206500053405762,87.0,1017.0999755859376,13.05637550354004,0.0,2.811689853668213,219.80552673339844,0.0099999997764825,14.806500434875488,0.2759999930858612,,,,,,,,,
1781323200000,2026-06-13 04:00:00,,,,15.456500053405762,88.0,1017.0,13.477665901184082,0.0,4.0249223709106445,243.4350128173828,0.0099999997764825,14.756500244140623,0.2759999930858612,,,,,,,,,
1781325250193,2026-06-13 04:34:10,100.0,-120.0,-4.0,,,,,,,,,,,,,,15.37,14.81,14.67,,,
1781326800000,2026-06-13 05:00:00,,,,15.956500053405762,86.0,1016.7999877929688,13.616015434265137,0.0,5.483356475830078,246.80137634277344,0.0199999995529651,15.006500244140623,0.2770000100135803,,,,,,,,,
1781330400000,2026-06-13 06:00:00,,,,16.056499481201172,84.0,1016.5999755859376,13.35260009765625,0.3000000119209289,8.31124496459961,252.34979248046875,0.0500000044703483,15.356500625610352,0.2770000100135803,,,,,,,,,
1781334000000,2026-06-13 07:00:00,,,,16.35650062561035,84.0,1016.2999877929688,13.646370887756348,0.3000000119209289,7.928177833557129,272.6025085449219,0.0900000035762786,15.856500625610352,0.2770000100135803,,,,,,,,,
1781337600000,2026-06-13 08:00:00,,,,17.35650062561035,80.0,1016.0,13.871556282043455,0.1000000014901161,9.36691951751709,272.2025451660156,0.1099999994039535,16.206501007080078,0.2770000100135803,,,,,,,,,
1781339646584,2026-06-13 08:34:06,100.0,-120.0,-1.0,,,,,,,,,,,,,,15.37,14.7,14.56,,,
1781339651666,2026-06-13 08:34:11,100.0,-121.0,-2.5,,,,,,,,,,,41.13,45.68,47.38,,,,466.21,395.76,336.13
1781341200000,2026-06-13 09:00:00,,,,17.556499481201172,78.0,1015.9000244140624,13.676125526428224,0.0,10.80599880218506,271.9091186523437,0.1800000071525573,17.1564998626709,0.2770000100135803,,,,,,,,,
1781344800000,2026-06-13 10:00:00,,,,18.45650100708008,72.0,1015.9000244140624,13.31556224822998,0.0,14.471820831298828,275.71051025390625,0.2199999988079071,17.756500244140625,0.2770000100135803,,,,,,,,,
1781348400000,2026-06-13 11:00:00,,,,19.05649948120117,68.0,1015.7000122070312,13.014315605163574,0.0,11.885453224182127,268.26434326171875,0.270000010728836,18.70650100708008,0.2770000100135803,,,,,,,,,
1781352000000,2026-06-13 12:00:00,,,,20.4064998626709,60.0,1015.0,12.382025718688965,0.0,11.159998893737791,270.0,0.3100000023841858,19.55649948120117,0.2759999930858612,,,,,,,,,
1781354049974,2026-06-13 12:34:09,100.0,-120.0,-1.25,,,,,,,,,,,41.12,45.67,47.38,,,,466.18,395.73,336.1
1781355600000,2026-06-13 13:00:00,,,,19.4064998626709,67.0,1014.5999755859376,13.121207237243652,0.2000000029802322,7.491114139556885,324.7823181152344,0.2399999946355819,19.506500244140625,0.2759999930858612,,,,,,,,,
1781359200000,2026-06-13 14:00:00,,,,21.45650100708008,55.0,1013.5999755859376,12.040364265441896,0.0,14.241628646850586,286.1444091796875,0.2900000214576721,20.55649948120117,0.2750000059604645,,,,,,,,,
1781362800000,2026-06-13 15:00:00,,,,20.506500244140625,61.0,1013.2999877929688,12.728204727172852,0.0,9.346142768859863,254.35769653320312,0.2599999904632568,20.256500244140625,0.2750000059604645,,,,,,,,,
1781366400000,2026-06-13 16:00:00,,,,20.55649948120117,54.0,1012.9000244140624,10.926610946655272,0.0,13.55150032043457,286.99090576171875,0.2000000178813934,20.006500244140625,0.2750000059604645,,,,,,,,,
1781368439340,2026-06-13 16:33:59,100.0,-116.0,3.5,,,,,,,,,,,,,,15.37,14.64,14.31,,,
1781370000000,2026-06-13 17:00:00,,,,19.95650100708008,53.0,1012.9000244140624,10.089693069458008,0.0,14.458381652832031,288.8861694335937,0.1700000017881393,19.45650100708008,0.2750000059604645,,,,,,,,,
1781373600000,2026-06-13 18:00:00,,,,17.60650062561035,61.0,1013.7999877929688,9.995976448059082,0.0,17.11420440673828,337.7509155273437,0.1299999952316284,18.756500244140625,0.2750000059604645,,,,,,,,,
1781377200000,2026-06-13 19:00:00,,,,16.456501007080078,62.0,1014.5,9.153213500976562,0.0,11.525623321533203,308.6598205566406,0.0700000077486038,17.756500244140625,0.2750000059604645,,,,,,,,,
1781380800000,2026-06-13 20:00:00,,,,15.656499862670898,62.0,1014.9000244140624,8.397541046142578,0.0,10.99032211303711,301.6074523925781,0.0599999986588954,16.85650062561035,0.2750000059604645,,,,,,,,,
1781382842799,2026-06-13 20:34:02,100.0,-125.0,-8.0,,,,,,,,,,,41.12,45.67,47.38,,,,466.18,395.73,336.1
1781384400000,2026-06-13 21:00:00,,,,14.656499862670898,66.0,1015.0,8.371940612792969,0.0,8.31124496459961,287.65020751953125,0.0500000044703483,16.1564998626709,0.2750000059604645,,,,,,,,,
1781388000000,2026-06-13 22:00:00,,,,13.956500053405762,69.0,1015.0,8.359779357910156,0.0,8.891343116760254,301.7594299316406,0.0399999991059303,15.556500434875488,0.2750000059604645,,,,,,,,,
1781391600000,2026-06-13 23:00:00,,,,12.806500434875488,76.0,1014.7999877929688,8.680459022521973,0.0,4.33497428894043,265.2364501953125,0.0299999993294477,14.856500625610352,0.2750000059604645,,,,,,,,,
1781395200000,2026-06-14 00:00:00,,,,14.256500244140623,66.0,1014.0999755859376,7.991199970245361,0.0,6.1516828536987305,290.5561218261719,0.0399999991059303,15.456500053405762,0.2800000011920929,,,,,,,,,
1781397232029,2026-06-14 00:33:52,100.0,-124.0,-5.5,,,,,,,,,,,,,,15.48,15.14,14.47,,,
1781398800000,2026-06-14 01:00:00,,,,13.806500434875488,70.0,1013.7000122070312,8.428473472595215,0.0,3.826852560043335,311.1858215332031,0.0299999993294477,15.156499862670898,0.2800000011920929,,,,,,,,,
1781402400000,2026-06-14 02:00:00,,,,13.506500244140623,75.0,1013.7000122070312,9.161205291748049,0.2000000029802322,3.877318382263184,291.8014831542969,0.0299999993294477,14.856500625610352,0.2800000011920929,,,,,,,,,
1781406000000,2026-06-14 03:00:00,,,,13.206500053405762,75.0,1013.2999877929688,8.871275901794434,0.0,6.877789974212647,263.9910888671875,0.0299999993294477,14.506500244140623,0.2800000011920929,,,,,,,,,
1781409600000,2026-06-14 04:00:00,,,,12.956500053405762,72.0,1013.2000122070312,8.027504920959473,0.0,9.028754234313965,265.4261474609375,0.0599999986588954,14.256500244140623,0.2800000011920929,,,,,,,,,
1781411628551,2026-06-14 04:33:48,100.0,-122.0,-4.0,,,,,,,,,,,,,,15.51,14.64,14.61,,,
1781411633684,2026-06-14 04:33:53,100.0,-121.0,-2.5,,,,,,,,,,,41.13,45.67,47.38,,,,466.21,395.73,336.07
1781413200000,2026-06-14 05:00:00,,,,13.006500244140623,70.0,1013.2000122070312,7.661573886871338,0.0,12.620553970336914,273.2704162597656,0.0799999982118606,14.206500053405762,0.2800000011920929,,,,,,,,,
1781416800000,2026-06-14 06:00:00,,,,13.356500625610352,66.0,1013.0999755859376,7.134427070617676,0.0,12.245293617248535,271.68463134765625,0.1199999973177909,14.556500434875488,0.2800000011920929,,,,,,,,,
1781420400000,2026-06-14 07:00:00,,,,13.906499862670898,64.0,1012.5999755859376,7.20734977722168,0.0,14.75999927520752,282.68035888671875,0.1500000059604644,15.156499862670898,0.2800000011920929,,,,,,,,,
1781424000000,2026-06-14 08:00:00,,,,14.106500625610352,66.0,1012.2999877929688,7.848416328430176,0.1000000014901161,15.188414573669434,275.44024658203125,0.1400000154972076,15.156499862670898,0.2800000011920929,,,,,,,,,
1781427600000,2026-06-14 09:00:00,,,,14.906499862670898,63.0,1012.2000122070312,7.924021244049072,0.0,16.167966842651367,281.5600891113281,0.2000000178813934,16.1564998626709,0.2790000140666961,,,,,,,,,
1781431200000,2026-06-14 10:00:00,,,,15.306500434875488,60.0,1012.0,7.5851545333862305,0.2000000029802322,15.188414573669434,275.44024658203125,0.1899999976158142,16.1564998626709,0.2790000140666961,,,,,,,,,
1781434800000,2026-06-14 11:00:00,,,,16.256500244140625,56.0,1011.5999755859376,7.464310646057129,0.0,17.651016235351562,281.76824951171875,0.270000010728836,17.1564998626709,0.2790000140666961,,,,,,,,,
1781438400000,2026-06-14 12:00:00,,,,14.756500244140623,72.0,1011.9000244140624,9.758623123168944,0.2000000029802322,10.29625129699707,306.4693298339844,0.1700000017881393,16.806499481201172,0.277999997138977,,,,,,,,,
1781440421232,2026-06-14 12:33:41,100.0,-123.0,-3.5,,,,,,,,,,,,,,15.48,15.29,14.64,,,
1781440426512,2026-06-14 12:33:46,100.0,-119.0,-0.5,,,,,,,,,,,41.12,45.66,47.38,,,,466.18,395.7,336.04
1781442000000,2026-06-14 13:00:00,,,,17.1564998626709,56.0,1011.5,8.304211616516113,0.0,16.51690101623535,286.4600830078125,0.2100000232458114,17.35650062561035,0.277999997138977,,,,,,,,,
1781445600000,2026-06-14 14:00:00,,,,16.756500244140625,56.0,1011.5999755859376,7.930945873260498,0.0,17.193532943725586,289.5732116699219,0.2199999988079071,17.556499481201172,0.277999997138977,,,,,,,,,
1781449200000,2026-06-14 15:00:00,,,,17.506500244140625,54.0,1011.5,8.094192504882812,0.0,15.62997055053711,284.6764221191406,0.2000000178813934,17.60650062561035,0.2770000100135803,,,,,,,,,
1781452800000,2026-06-14 16:00:00,,,,17.556499481201172,50.0,1011.2000122070312,7.012197494506836,0.0,18.17197608947754,303.6900939941406,0.1899999976158142,17.806499481201172,0.2770000100135803,,,,,,,,,
1781456400000,2026-06-14 17:00:00,,,,16.056499481201172,62.0,1011.7000122070312,8.77539348602295,0.2000000029802322,13.237038612365724,292.38018798828125,0.1400000154972076,17.256500244140625,0.2770000100135803,,,,,,,,,
1781460000000,2026-06-14 18:00:00,,,,15.856500625610352,61.0,1011.7000122070312,8.346354484558105,0.0,13.10419750213623,285.9454650878906,0.1199999973177909,16.6564998626709,0.2770000100135803,,,,,,,,,
1781463600000,2026-06-14 19:00:00,,,,15.356500625610352,59.0,1012.0,7.385906219482422,0.0,13.237038612365724,292.38018798828125,0.0799999982118606,16.006500244140625,0.2770000100135803,,,,,,,,,
1781467200000,2026-06-14 20:00:00,,,,14.606500625610352,61.0,1012.2999877929688,7.167659282684326,0.0,10.661107063293455,281.6893310546875,0.0599999986588954,15.356500625610352,0.2770000100135803,,,,,,,,,
1781469214146,2026-06-14 20:33:34,100.0,-115.0,1.5,,,,,,,,,,,,,,15.46,14.75,14.5,,,
1781469219221,2026-06-14 20:33:39,100.0,-118.0,-0.25,,,,,,,,,,,41.11,45.65,47.38,,,,466.14,395.66,336.04
1781470800000,2026-06-14 21:00:00,,,,13.806500434875488,67.0,1012.4000244140624,7.783495426177978,0.0,9.726664543151855,267.8789367675781,0.0500000044703483,14.756500244140623,0.2770000100135803,,,,,,,,,
1781474400000,2026-06-14 22:00:00,,,,13.106500625610352,72.0,1012.4000244140624,8.171783447265625,0.0,9.114471435546877,260.9097900390625,0.0299999993294477,14.156499862670898,0.2770000100135803,,,,,,,,,
1781478000000,2026-06-14 23:00:00,,,,13.006500244140623,72.0,1012.4000244140624,8.075596809387207,0.0,10.086426734924316,267.95465087890625,0.0299999993294477,13.856500625610352,0.2770000100135803,,,,,,,,,
1781481600000,2026-06-15 00:00:00,,,,12.956500053405762,78.0,1012.5999755859376,9.21092128753662,0.0,8.640000343322754,270.0,0.0500000044703483,13.906499862670898,0.2849999964237213,,,,,,,,,
1781483617530,2026-06-15 00:33:37,100.0,-115.0,-8.25,,,,,,,,,,,41.1,45.65,47.38,,,,466.11,395.66,336.01
1781485200000,2026-06-15 01:00:00,,,,12.756500244140623,78.0,1012.5,9.016730308532717,0.0,8.66994857788086,265.2364501953125,0.0500000044703483,13.756500244140623,0.2849999964237213,,,,,,,,,
1781488800000,2026-06-15 02:00:00,,,,12.406499862670898,82.0,1012.4000244140624,9.41880226135254,0.0,7.421589851379394,255.96372985839844,0.0399999991059303,13.606500625610352,0.2849999964237213,,,,,,,,,
1781492400000,2026-06-15 03:00:00,,,,12.056500434875488,79.0,1012.2999877929688,8.525087356567383,0.0,9.064568519592283,263.1573181152344,0.0399999991059303,13.256500244140623,0.2849999964237213,,,,,,,,,
1781496000000,2026-06-15 04:00:00,,,,11.756500244140623,82.0,1012.4000244140624,8.783899307250977,0.2000000029802322,8.08999252319336,249.1454620361328,0.0399999991059303,13.056500434875488,0.2860000133514404,,,,,,,,,
1781498006916,2026-06-15 04:33:26,100.0,-121.0,-2.75,,,,,,,,,,,,,,15.43,15.26,14.58,,,
1781498013820,2026-06-15 04:33:33,100.0,-122.0,-5.25,,,,,,,,,,,41.1,45.65,47.38,,,,466.11,395.66,336.01
1781499600000,2026-06-15 05:00:00,,,,12.406499862670898,78.0,1012.7999877929688,8.67688274383545,0.0,11.885453224182127,268.26434326171875,0.0700000077486038,13.156499862670898,0.2860000133514404,,,,,,,,,
1781503200000,2026-06-15 06:00:00,,,,13.106500625610352,74.0,1012.9000244140624,8.576085090637207,0.0,14.044614791870115,268.5312194824219,0.1299999952316284,13.856500625610352,0.2860000133514404,,,,,,,,,
1781506800000,2026-06-15 07:00:00,,,,13.256500244140623,71.0,1012.7999877929688,8.109936714172363,0.0,13.679999351501465,270.0,0.1299999952316284,14.306500434875488,0.2860000133514404,,,,,,,,,
1781510400000,2026-06-15 08:00:00,,,,13.806500434875488,70.0,1012.5999755859376,8.428473472595215,0.0,14.764389038085938,268.60284423828125,0.1299999952316284,14.656499862670898,0.2860000133514404,,,,,,,,,
1781514000000,2026-06-15 09:00:00,,,,14.506500244140623,67.0,1012.7000122070312,8.451007843017578,0.0,15.328560829162598,279.4622497558594,0.1400000154972076,15.106500625610352,0.2860000133514404,,,,,,,,,
1781517600000,2026-06-15 10:00:00,,,,15.356500625610352,64.0,1012.7999877929688,8.582526206970215,0.0,14.618837356567385,279.9261779785156,0.1400000154972076,15.456500053405762,0.2860000133514404,,,,,,,,,
1781521200000,2026-06-15 11:00:00,,,,16.256500244140625,62.0,1012.9000244140624,8.96430778503418,0.0,14.51206398010254,277.1249084472656,0.1800000071525573,16.206501007080078,0.2860000133514404,,,,,,,,,
1781524800000,2026-06-15 12:00:00,,,,16.9064998626709,61.0,1012.5999755859376,9.336200714111328,0.0,17.46278190612793,284.32275390625,0.2199999988079071,17.306499481201172,0.2849999964237213,,,,,,,,,
1781526806733,2026-06-15 12:33:26,100.0,-121.0,-3.25,,,,,,,,,,,41.07,45.63,47.38,,,,466.0,395.6,335.98
1781528400000,2026-06-15 13:00:00,,,,17.6564998626709,54.0,1012.5999755859376,8.23354721069336,0.0,15.844090461730955,271.3019104003906,0.2300000041723251,18.1564998626709,0.2849999964237213,,,,,,,,,
1781532000000,2026-06-15 14:00:00,,,,17.556499481201172,56.0,1012.7000122070312,8.677437782287598,0.0,15.941944122314451,276.48297119140625,0.1700000017881393,17.9064998626709,0.2849999964237213,,,,,,,,,
1781535600000,2026-06-15 15:00:00,,,,17.9064998626709,55.0,1013.0,8.737044334411621,0.0,18.07902717590332,282.6525573730469,0.1700000017881393,18.006500244140625,0.2849999964237213,,,,,,,,,
1781539200000,2026-06-15 16:00:00,,,,17.556499481201172,57.0,1013.4000244140624,8.939517974853516,0.0,17.78268814086914,291.3706970214844,0.1500000059604644,17.9064998626709,0.2849999964237213,,,,,,,,,
1781541196163,2026-06-15 16:33:16,100.0,-118.0,-1.25,,,,,,,,,,,,,,15.26,14.7,14.75,,,
1781542800000,2026-06-15 17:00:00,,,,16.9064998626709,59.0,1013.5999755859376,8.841484069824219,0.0,16.17998504638672,290.8545227050781,0.1199999973177909,17.506500244140625,0.2849999964237213,,,,,,,,,
1781546400000,2026-06-15 18:00:00,,,,16.60650062561035,61.0,1013.5,9.053415298461914,0.0,11.519999504089355,270.0,0.0799999982118606,17.006500244140625,0.2849999964237213,,,,,,,,,
1781550000000,2026-06-15 19:00:00,,,,15.856500625610352,66.0,1013.9000244140624,9.513998031616213,0.0,10.182336807250977,261.8699951171875,0.0500000044703483,16.35650062561035,0.2849999964237213,,,,,,,,,
1781553600000,2026-06-15 20:00:00,,,,15.056500434875488,67.0,1014.2999877929688,8.975423812866211,0.0,9.826087951660156,261.5731201171875,0.0299999993294477,15.606500625610352,0.2849999964237213,,,,,,,,,
1781555592582,2026-06-15 20:33:12,100.0,-121.0,-2.25,,,,,,,,,,,,,,15.2,14.64,14.53,,,
1781557200000,2026-06-15 21:00:00,,,,14.306500434875488,71.0,1014.7000122070312,9.118108749389648,0.0,8.121970176696777,257.1957397460937,0.0299999993294477,15.006500244140623,0.2849999964237213,,,,,,,,,
1781560800000,2026-06-15 22:00:00,,,,13.556500434875488,76.0,1015.0,9.406429290771484,0.0,6.287129878997803,256.75946044921875,0.0199999995529651,14.406499862670898,0.2860000133514404,,,,,,,,,
1781564400000,2026-06-15 23:00:00,,,,13.006500244140623,78.0,1015.4000244140624,9.25946807861328,0.0,5.091168403625488,261.8699951171875,0.0099999997764825,13.956500053405762,0.2860000133514404,,,,,,,,,
1781568000000,2026-06-16 00:00:00,,,,13.506500244140623,77.0,1015.5,9.55258846282959,0.0,6.130578994750977,266.63360595703125,0.0199999995529651,14.356500625610352,0.2870000004768371,,,,,,,,,
1781569988988,2026-06-16 00:33:08,100.0,-122.0,-3.5,,,,,,,,,,,,,,15.2,15.14,14.44,,,
1781569995840,2026-06-16 00:33:15,100.0,-121.0,-2.5,,,,,,,,,,,41.05,45.61,47.38,,,,465.93,395.53,335.92
1781571600000,2026-06-16 01:00:00,,,,12.856500625610352,78.0,1015.7000122070312,9.1138277053833,0.0,6.519876956939697,263.659912109375,0.0099999997764825,13.906499862670898,0.2870000004768371,,,,,,,,,
1781575200000,2026-06-16 02:00:00,,,,12.156499862670898,81.0,1016.0,8.992531776428223,0.0,4.33497428894043,265.2364501953125,0.0099999997764825,13.356500625610352,0.2870000004768371,,,,,,,,,
1781578800000,2026-06-16 03:00:00,,,,11.456500053405762,85.0,1016.5,9.022685050964355,0.0,2.099142551422119,300.96368408203125,0.0099999997764825,12.806500434875488,0.2870000004768371,,,,,,,,,
1781582400000,2026-06-16 04:00:00,,,,11.506500244140623,84.0,1016.5999755859376,8.896254539489746,0.0,1.527350664138794,315.0000915527344,0.0,12.456500053405762,0.2870000004768371,,,,,,,,,
1781586000000,2026-06-16 05:00:00,,,,12.256500244140623,81.0,1016.7999877929688,9.090065956115724,0.0,0.3599999845027923,270.0,0.0099999997764825,12.856500625610352,0.2879999876022339,,,,,,,,,
1781589600000,2026-06-16 06:00:00,,,,13.806500434875488,75.0,1016.7999877929688,9.451123237609863,0.0,2.099142551422119,210.96368408203125,0.0599999986588954,14.006500244140623,0.2879999876022339,,,,,,,,,
1781593200000,2026-06-16 07:00:00,,,,15.506500244140623,65.0,1016.5999755859376,8.954391479492188,0.0,6.877789974212647,263.9910888671875,0.1099999994039535,15.556500434875488,0.2870000004768371,,,,,,,,,
1781596800000,2026-06-16 08:00:00,,,,17.056499481201172,59.0,1016.4000244140624,8.982319831848145,0.0,6.6380720138549805,257.47119140625,0.1700000017881393,17.206501007080078,0.2870000004768371,,,,,,,,,
1781600400000,2026-06-16 09:00:00,,,,18.45650100708008,54.0,1016.2000122070312,8.976679801940918,0.0,6.725354194641113,254.475830078125,0.2300000041723251,18.95650100708008,0.2870000004768371,,,,,,,,,
1781604000000,2026-06-16 10:00:00,,,,19.30649948120117,54.0,1015.9000244140624,9.766072273254396,0.0,7.235910415649414,264.2894897460937,0.2199999988079071,19.756500244140625,0.2860000133514404,,,,,,,,,
1781607600000,2026-06-16 11:00:00,,,,18.9064998626709,59.0,1015.7000122070312,10.71885871887207,0.0,6.989935398101807,258.1113586425781,0.1700000017881393,19.60650062561035,0.2860000133514404,,,,,,,,,
1781611200000,2026-06-16 12:00:00,,,,19.506500244140625,60.0,1015.4000244140624,11.535929679870604,0.1000000014901161,6.1516828536987305,249.44386291503903,0.1800000071525573,19.70650100708008,0.2860000133514404,,,,,,,,,
1781614800000,2026-06-16 13:00:00,,,,19.95650100708008,61.0,1014.7000122070312,12.210162162780762,0.0,3.7064266204833984,209.05450439453125,0.1800000071525573,20.30649948120117,0.2860000133514404,,,,,,,,,
1781618400000,2026-06-16 14:00:00,,,,20.60650062561035,62.0,1014.2999877929688,13.071142196655272,0.0,1.7999999523162842,53.13002014160156,0.1500000059604644,20.45650100708008,0.2860000133514404,,,,,,,,,
1781622000000,2026-06-16 15:00:00,,,,21.35650062561035,60.0,1014.4000244140624,13.27493667602539,0.0,4.33497428894043,265.2364501953125,0.1199999973177909,20.4064998626709,0.2860000133514404,,,,,,,,,
1781625600000,2026-06-16 16:00:00,,,,19.95650100708008,67.0,1014.9000244140624,13.64515495300293,0.1000000014901161,10.739832878112791,283.5704345703125,0.1199999973177909,19.9064998626709,0.2860000133514404,,,,,,,,,
1781627574543,2026-06-16 16:32:54,100.0,-121.0,-2.5,,,,,,,,,,,,,,15.09,14.39,14.25,,,
1781627579647,2026-06-16 16:32:59,100.0,-117.0,1.75,,,,,,,,,,,41.0,45.58,47.38,,,,465.79,395.44,335.86
1781629200000,2026-06-16 17:00:00,,,,19.6564998626709,71.0,1014.9000244140624,14.252406120300291,0.0,7.072877883911133,284.7436218261719,0.0799999982118606,19.256500244140625,0.2860000133514404,,,,,,,,,
1781632800000,2026-06-16 18:00:00,,,,19.4064998626709,73.0,1015.0999755859376,14.441810607910156,0.0,6.569382667541504,279.4622497558594,0.0599999986588954,18.9064998626709,0.2860000133514404,,,,,,,,,
1781636400000,2026-06-16 19:00:00,,,,18.70650100708008,77.0,1015.5,14.591968536376951,0.1000000014901161,5.937272071838379,284.0362548828125,0.0399999991059303,18.45650100708008,0.2860000133514404,,,,,,,,,
1781640000000,2026-06-16 20:00:00,,,,18.006500244140625,80.0,1015.7999877929688,14.504250526428224,0.1000000014901161,6.489992141723633,266.8202209472656,0.0299999993294477,17.9064998626709,0.2860000133514404,,,,,,,,,
1781641978083,2026-06-16 20:32:58,100.0,-122.0,-4.5,,,,,,,,,,,41.0,45.58,47.38,,,,465.79,395.44,335.83
1781643600000,2026-06-16 21:00:00,,,,17.4064998626709,84.0,1016.0,14.674495697021484,0.0,4.735060214996338,261.25390625,0.0199999995529651,17.506500244140625,0.2860000133514404,,,,,,,,,
1781647200000,2026-06-16 22:00:00,,,,17.056499481201172,85.0,1016.2000122070312,14.514933586120604,0.0,3.2599384784698486,276.340087890625,0.0099999997764825,17.10650062561035,0.2860000133514404,,,,,,,,,
1781650800000,2026-06-16 23:00:00,,,,16.756500244140625,86.0,1016.5,14.401598930358888,0.0,2.879999876022339,270.0,0.0099999997764825,16.806499481201172,0.2870000004768371,,,,,,,,,
1781654400000,2026-06-17 00:00:00,,,,17.506500244140625,81.0,1015.5999755859376,14.209335327148438,0.0,2.9024126529693604,262.8750915527344,0.0099999997764825,17.9064998626709,0.2840000092983246,,,,,,,,,
1781658000000,2026-06-17 01:00:00,,,,16.756500244140625,85.0,1015.9000244140624,14.220763206481934,0.0,0.8049845099449158,333.4350280761719,0.0,17.306499481201172,0.2840000092983246,,,,,,,,,
1781661600000,2026-06-17 02:00:00,,,,16.506500244140625,86.0,1016.4000244140624,14.15610694885254,0.0,2.879999876022339,360.0,0.0,16.806499481201172,0.2840000092983246,,,,,,,,,
1781665200000,2026-06-17 03:00:00,,,,16.256500244140625,89.0,1016.5,14.44020938873291,0.0,1.4843180179595947,345.9637145996094,0.0,16.506500244140625,0.2840000092983246,,,,,,,,,
1781668800000,2026-06-17 04:00:00,,,,16.256500244140625,89.0,1017.0999755859376,14.44020938873291,0.0,1.7999999523162842,306.8699645996094,0.0,16.306499481201172,0.2840000092983246,,,,,,,,,
1781670763762,2026-06-17 04:32:43,100.0,-123.0,-4.25,,,,,,,,,,,,,,15.23,14.78,14.33,,,
1781672400000,2026-06-17 05:00:00,,,,17.056499481201172,85.0,1017.5999755859376,14.514933586120604,0.0,2.811689853668213,309.8055114746094,0.0099999997764825,16.706501007080078,0.2840000092983246,,,,,,,,,
1781676000000,2026-06-17 06:00:00,,,,18.05649948120117,81.0,1018.0999755859376,14.745487213134766,0.0,4.104631423950195,307.8750305175781,0.0500000044703483,17.756500244140625,0.2840000092983246,,,,,,,,,
1781679600000,2026-06-17 07:00:00,,,,19.55649948120117,74.0,1018.0999755859376,14.79716968536377,0.0,5.483356475830078,293.1986083984375,0.1000000089406967,19.256500244140625,0.2829999923706054,,,,,,,,,
1781683200000,2026-06-17 08:00:00,,,,20.95650100708008,63.0,1018.2999877929688,13.647281646728516,0.0,7.421589851379394,309.0938415527344,0.1500000059604644,20.80649948120117,0.2829999923706054,,,,,,,,,
1781686800000,2026-06-17 09:00:00,,,,21.85650062561035,55.0,1018.7000122070312,12.412368774414062,0.0,9.178235054016112,295.5599060058594,0.1899999976158142,22.1564998626709,0.2829999923706054,,,,,,,,,
1781690400000,2026-06-17 10:00:00,,,,22.85650062561035,50.0,1019.0,11.887964248657228,0.0,11.792404174804688,301.263671875,0.2199999988079071,23.1564998626709,0.2820000052452087,,,,,,,,,
1781694000000,2026-06-17 11:00:00,,,,23.6564998626709,47.0,1019.0,11.682538986206056,0.0,11.090103149414062,305.75396728515625,0.2300000041723251,24.256500244140625,0.2809999883174896,,,,,,,,,
1781697600000,2026-06-17 12:00:00,,,,24.4064998626709,45.0,1018.7999877929688,11.7061185836792,0.0,11.983187675476074,302.7351989746094,0.2100000232458114,24.95650100708008,0.2809999883174896,,,,,,,,,
1781701200000,2026-06-17 13:00:00,,,,24.70650100708008,44.0,1018.5999755859376,11.637560844421388,0.0,12.229406356811523,317.3859558105469,0.2100000232458114,25.6564998626709,0.2800000011920929,,,,,,,,,
1781704800000,2026-06-17 14:00:00,,,,24.6564998626709,43.0,1018.5,11.244816780090332,0.0,11.246759414672852,309.8055114746094,0.1800000071525573,25.506500244140625,0.2800000011920929,,,,,,,,,
1781708400000,2026-06-17 15:00:00,,,,24.256500244140625,45.0,1018.7999877929688,11.570022583007812,0.0,11.98859405517578,311.3476867675781,0.1400000154972076,24.80649948120117,0.2790000140666961,,,,,,,,,
1781712000000,2026-06-17 16:00:00,,,,23.9064998626709,47.0,1019.0999755859376,11.910585403442385,0.0,11.200571060180664,315.0000915527344,0.1099999994039535,24.20650100708008,0.2790000140666961,,,,,,,,,
1781715600000,2026-06-17 17:00:00,,,,23.55649948120117,50.0,1019.5,12.531331062316896,0.0,8.854828834533691,296.5649719238281,0.0799999982118606,23.35650062561035,0.2790000140666961,,,,,,,,,
1781719200000,2026-06-17 18:00:00,,,,22.80649948120117,53.0,1019.4000244140624,12.72878360748291,0.0,7.421589851379394,320.9061279296875,0.0599999986588954,22.70650100708008,0.2790000140666961,,,,,,,,,
1781722800000,2026-06-17 19:00:00,,,,22.006500244140625,58.0,1019.5999755859376,13.36439037322998,0.0,5.804825305938721,299.7447814941406,0.0399999991059303,21.95650100708008,0.2790000140666961,,,,,,,,,
1781726400000,2026-06-17 20:00:00,,,,21.256500244140625,64.0,1019.7999877929688,14.17388916015625,0.0,2.879999876022339,270.0,0.0199999995529651,21.1564998626709,0.2790000140666961,,,,,,,,,
1781730000000,2026-06-17 21:00:00,,,,20.256500244140625,70.0,1020.2999877929688,14.607942581176758,0.0,3.396233081817627,237.99465942382807,0.0199999995529651,20.506500244140625,0.2790000140666961,,,,,,,,,
1781733600000,2026-06-17 22:00:00,,,,19.80649948120117,72.0,1020.5999755859376,14.61286735534668,0.0,2.4149534702301025,243.4350128173828,0.0099999997764825,19.95650100708008,0.2790000140666961,,,,,,,,,
1781737200000,2026-06-17 23:00:00,,,,19.6564998626709,73.0,1020.9000244140624,14.682435989379885,0.0,2.1600000858306885,270.0,0.0099999997764825,19.60650062561035,0.2790000140666961,,,,,,,,,
1781740800000,2026-06-18 00:00:00,,,,20.1564998626709,75.0,1019.7000122070312,15.585022926330566,0.0,2.0364675521850586,224.99989318847656,0.0099999997764825,20.05649948120117,0.2820000052452087,,,,,,,,,
1781744400000,2026-06-18 01:00:00,,,,20.1564998626709,75.0,1019.7999877929688,15.585022926330566,0.0,1.1384198665618896,288.4350280761719,0.0099999997764825,19.70650100708008,0.2820000052452087,,,,,,,,,
1781748000000,2026-06-18 02:00:00,,,,19.95650100708008,75.0,1020.0999755859376,15.3919095993042,0.0,1.2979984283447266,326.3099060058594,0.0,19.45650100708008,0.2820000052452087,,,,,,,,,
1781751600000,2026-06-18 03:00:00,,,,19.256500244140625,79.0,1020.2999877929688,15.524384498596191,0.0,0.0,270.0,0.0,19.1564998626709,0.2820000052452087,,,,,,,,,
1781755200000,2026-06-18 04:00:00,,,,19.256500244140625,79.0,1020.7999877929688,15.524384498596191,0.0,1.1384198665618896,161.56495666503906,0.0,18.80649948120117,0.2829999923706054,,,,,,,,,
1781758800000,2026-06-18 05:00:00,,,,19.85650062561035,82.0,1021.0999755859376,16.693071365356445,0.0,1.7999999523162842,143.13002014160156,0.0199999995529651,19.20650100708008,0.2829999923706054,,,,,,,,,
1781762400000,2026-06-18 06:00:00,,,,21.45650100708008,74.0,1021.2000122070312,16.628686904907227,0.0,1.4399999380111694,270.0,0.0799999982118606,20.256500244140625,0.2829999923706054,,,,,,,,,
1781766000000,2026-06-18 07:00:00,,,,23.1564998626709,68.0,1021.0,16.926050186157227,0.0,3.415259599685669,288.4350280761719,0.1400000154972076,21.70650100708008,0.2829999923706054,,,,,,,,,
1781769600000,2026-06-18 08:00:00,,,,24.55649948120117,59.0,1020.5999755859376,16.017601013183594,0.0,7.594207286834717,275.44024658203125,0.2199999988079071,23.30649948120117,0.2820000052452087,,,,,,,,,
1781773200000,2026-06-18 09:00:00,,,,25.80649948120117,53.0,1020.5,15.50445556640625,0.0,8.427383422851562,289.9831848144531,0.2800000309944153,24.70650100708008,0.2820000052452087,,,,,,,,,
1781776800000,2026-06-18 10:00:00,,,,26.80649948120117,50.0,1020.2999877929688,15.516575813293455,0.0,9.983105659484863,295.6409606933594,0.3000000119209289,25.85650062561035,0.2809999883174896,,,,,,,,,
1781780400000,2026-06-18 11:00:00,,,,27.70650100708008,47.0,1020.2999877929688,15.374521255493164,0.0,11.770402908325195,293.4287109375,0.3100000023841858,26.85650062561035,0.2809999883174896,,,,,,,,,
1781784000000,2026-06-18 12:00:00,,,,28.4064998626709,43.0,1019.7999877929688,14.626102447509766,0.0,10.739832878112791,283.5704345703125,0.3300000131130218,27.80649948120117,0.2800000011920929,,,,,,,,,
1781787600000,2026-06-18 13:00:00,,,,28.506500244140625,42.0,1019.4000244140624,14.351762771606444,0.0,8.707237243652344,299.7447814941406,0.2599999904632568,27.55649948120117,0.2800000011920929,,,,,,,,,
1781791200000,2026-06-18 14:00:00,,,,29.35650062561035,37.0,1019.0,13.158275604248049,0.0,9.114471435546877,279.0901794433594,0.2800000309944153,28.10650062561035,0.2800000011920929,,,,,,,,,
1781794800000,2026-06-18 15:00:00,,,,29.55649948120117,40.0,1018.9000244140624,14.537054061889648,0.0,6.725354194641113,285.524169921875,0.2800000309944153,28.60650062561035,0.2790000140666961,,,,,,,,,
1781798400000,2026-06-18 16:00:00,,,,29.55649948120117,37.0,1018.7999877929688,13.335185050964355,0.0,7.072877883911133,284.7436218261719,0.2399999946355819,28.4064998626709,0.2790000140666961,,,,,,,,,
1781802000000,2026-06-18 17:00:00,,,,29.256500244140625,38.0,1018.4000244140624,13.47882080078125,0.0,5.483356475830078,293.1986083984375,0.1899999976158142,27.85650062561035,0.2790000140666961,,,,,,,,,
1781805600000,2026-06-18 18:00:00,,,,28.55649948120117,44.0,1018.0999755859376,15.118440628051758,0.0,2.595996856689453,236.3099060058593,0.1199999973177909,27.006500244140625,0.2790000140666961,,,,,,,,,
1781809200000,2026-06-18 19:00:00,,,,27.006500244140625,52.0,1018.2999877929688,16.314605712890625,0.0,3.075841426849365,200.55612182617188,0.0500000044703483,25.80649948120117,0.2790000140666961,,,,,,,,,
1781812800000,2026-06-18 20:00:00,,,,24.4064998626709,64.0,1018.5999755859376,17.1563720703125,0.0,2.968636035919189,165.96372985839844,0.0199999995529651,24.35650062561035,0.2790000140666961,,,,,,,,,
1781816400000,2026-06-18 21:00:00,,,,22.45650100708008,72.0,1018.9000244140624,17.158676147460938,0.0,3.5999999046325684,126.86998748779295,0.0199999995529651,23.10650062561035,0.2790000140666961,,,,,,,,,
1781820000000,2026-06-18 22:00:00,,,,21.4064998626709,77.0,1019.0,17.207321166992188,0.0,3.826852560043335,131.18582153320312,0.0099999997764825,22.10650062561035,0.2800000011920929,,,,,,,,,
1781823600000,2026-06-18 23:00:00,,,,20.256500244140625,79.0,1019.0999755859376,16.496078491210938,0.0,3.826852560043335,138.81417846679688,0.0099999997764825,21.256500244140625,0.2800000011920929,,,,,,,,,
1781827200000,2026-06-19 00:00:00,,,,19.70650100708008,80.0,1018.5,16.158798217773438,0.0,3.89399528503418,146.30990600585938,0.0099999997764825,21.10650062561035,0.2750000059604645,,,,,,,,,
1781830800000,2026-06-19 01:00:00,,,,18.95650100708008,81.0,1018.9000244140624,15.622770309448242,0.0,4.0249223709106445,153.4350128173828,0.0099999997764825,20.4064998626709,0.2750000059604645,,,,,,,,,
1781834400000,2026-06-19 02:00:00,,,,18.35650062561035,82.0,1019.2000122070312,15.228853225708008,0.0,3.396233081817627,147.99465942382812,0.0099999997764825,19.80649948120117,0.2750000059604645,,,,,,,,,
1781838000000,2026-06-19 03:00:00,,,,17.85650062561035,84.0,1019.0999755859376,15.115100860595703,0.0,3.89399528503418,146.30990600585938,0.0099999997764825,19.30649948120117,0.2750000059604645,,,,,,,,,
1781841600000,2026-06-19 04:00:00,,,,18.05649948120117,84.0,1019.0999755859376,15.31091594696045,0.0,3.89399528503418,146.30990600585938,0.0099999997764825,19.05649948120117,0.2750000059604645,,,,,,,,,
1781845200000,2026-06-19 05:00:00,,,,19.60650062561035,81.0,1019.0999755859376,16.256315231323242,0.0,4.6102495193481445,128.6598358154297,0.0299999993294477,19.45650100708008,0.2750000059604645,,,,,,,,,
1781848800000,2026-06-19 06:00:00,,,,21.506500244140625,75.0,1019.0,16.888416290283203,0.0,5.399999618530273,143.13002014160156,0.0900000035762786,20.55649948120117,0.2750000059604645,,,,,,,,,
1781852400000,2026-06-19 07:00:00,,,,24.4064998626709,68.0,1018.9000244140624,18.11808967590332,0.0,6.6380720138549805,130.60121154785156,0.1500000059604644,22.20650100708008,0.2750000059604645,,,,,,,,,
1781856000000,2026-06-19 08:00:00,,,,27.10650062561035,63.0,1018.5,19.45770263671875,0.0,6.696386814117432,126.2539291381836,0.2300000041723251,24.256500244140625,0.2750000059604645,,,,,,,,,
1781859600000,2026-06-19 09:00:00,,,,29.80649948120117,53.0,1018.2999877929688,19.201669692993164,0.0,6.287129878997803,113.62938690185548,0.3000000119209289,26.4064998626709,0.2739999890327453,,,,,,,,,
1781863200000,2026-06-19 10:00:00,,,,31.6564998626709,44.0,1017.7999877929688,17.91768455505371,0.0,5.399999618530273,180.0,0.3600000143051147,28.45650100708008,0.2730000019073486,,,,,,,,,
1781866800000,2026-06-19 11:00:00,,,,32.756500244140625,36.0,1017.7000122070312,15.73466968536377,0.0,9.028754234313965,184.57383728027344,0.3799999952316284,29.756500244140625,0.2720000147819519,,,,,,,,,
1781870400000,2026-06-19 12:00:00,,,,33.30649948120117,34.0,1017.4000244140624,15.32501220703125,0.0,11.384198188781738,214.6952209472656,0.3400000035762787,30.20650100708008,0.2720000147819519,,,,,,,,,
1781874000000,2026-06-19 13:00:00,,,,33.506500244140625,33.0,1017.0,15.034822463989258,0.0,5.937272071838379,194.0362701416016,0.3400000035762787,30.80649948120117,0.2709999978542328,,,,,,,,,
1781877600000,2026-06-19 14:00:00,,,,34.15650177001953,28.0,1016.5,13.06014633178711,0.0,2.620839357376098,285.9454650878906,0.3300000131130218,31.20650100708008,0.2709999978542328,,,,,,,,,
1781881200000,2026-06-19 15:00:00,,,,33.70650100708008,35.0,1016.2000122070312,16.128358840942383,0.0,7.421589851379394,202.8336944580078,0.2800000309944153,31.20650100708008,0.270000010728836,,,,,,,,,
1781884800000,2026-06-19 16:00:00,,,,33.45650100708008,31.0,1016.0999755859376,14.023164749145508,0.0,6.489992141723633,303.6900939941406,0.2199999988079071,30.506500244140625,0.270000010728836,,,,,,,,,
1781888400000,2026-06-19 17:00:00,,,,32.85649871826172,36.0,1016.0999755859376,15.82270622253418,0.0,4.6938252449035645,4.398633003234863,0.1700000017881393,29.80649948120117,0.270000010728836,,,,,,,,,
1781892000000,2026-06-19 18:00:00,,,,30.4064998626709,50.0,1016.4000244140624,18.81979751586914,0.0,5.315336227416992,61.6993408203125,0.1400000154972076,29.05649948120117,0.270000010728836,,,,,,,,,
1781895600000,2026-06-19 19:00:00,,,,28.35650062561035,57.0,1016.9000244140624,19.023277282714844,0.0,4.0249223709106445,116.5649871826172,0.0700000077486038,27.80649948120117,0.270000010728836,,,,,,,,,
1781899200000,2026-06-19 20:00:00,,,,26.95650100708008,62.0,1017.2999877929688,19.05922508239746,0.0,2.1600000858306885,90.0,0.0299999993294477,26.506500244140625,0.270000010728836,,,,,,,,,
1781902800000,2026-06-19 21:00:00,,,,25.6564998626709,67.0,1017.5999755859376,19.072036743164062,0.0,2.968636035919189,104.03627014160156,0.0099999997764825,25.4064998626709,0.270000010728836,,,,,,,,,
1781906400000,2026-06-19 22:00:00,,,,24.256500244140625,75.0,1017.5999755859376,19.542760848999023,0.0,3.3190360069274902,139.39878845214844,0.0099999997764825,24.4064998626709,0.270000010728836,,,,,,,,,
1781910000000,2026-06-19 23:00:00,,,,23.006500244140625,76.0,1017.7000122070312,18.54777336120605,0.0,3.5999999046325684,143.13002014160156,0.0099999997764825,23.55649948120117,0.270000010728836,,,,,,,,,
1781913600000,2026-06-20 00:00:00,,,,22.1564998626709,82.0,1017.0999755859376,18.93781471252441,0.0,3.3190360069274902,130.60121154785156,0.0099999997764825,22.506500244140625,0.2709999978542328,,,,,,,,,
1781917200000,2026-06-20 01:00:00,,,,21.20650100708008,86.0,1017.0999755859376,18.77061462402344,0.0,3.826852560043335,138.81417846679688,0.0099999997764825,21.95650100708008,0.2720000147819519,,,,,,,,,
1781920800000,2026-06-20 02:00:00,,,,20.70650100708008,84.0,1017.0999755859376,17.905202865600586,0.0,5.116561412811279,140.7106170654297,0.0099999997764825,21.4064998626709,0.2720000147819519,,,,,,,,,
1781924400000,2026-06-20 03:00:00,,,,20.256500244140625,84.0,1017.2000122070312,17.46470069885254,0.0,3.826852560043335,131.18582153320312,0.0099999997764825,20.85650062561035,0.2720000147819519,,,,,,,,,
1781928000000,2026-06-20 04:00:00,,,,20.05649948120117,85.0,1017.7000122070312,17.45625877380371,0.0,2.3051247596740723,141.3401641845703,0.0099999997764825,20.55649948120117,0.2720000147819519,,,,,,,,,
1781931600000,2026-06-20 05:00:00,,,,21.10650062561035,84.0,1018.0999755859376,18.29674530029297,0.0,2.545584201812744,135.00010681152344,0.0299999993294477,20.9064998626709,0.2730000019073486,,,,,,,,,
1781935200000,2026-06-20 06:00:00,,,,22.95650100708008,76.0,1018.7000122070312,18.499441146850582,0.0,3.3190360069274902,130.60121154785156,0.1099999994039535,21.95650100708008,0.2730000019073486,,,,,,,,,
1781938800000,2026-06-20 07:00:00,,,,24.95650100708008,70.0,1019.2999877929688,19.10672950744629,0.0,2.1600000858306885,360.0,0.1899999976158142,23.45650100708008,0.2730000019073486,,,,,,,,,
1781942400000,2026-06-20 08:00:00,,,,27.35650062561035,68.0,1019.5,20.930269241333008,0.0,5.959060192108154,295.016845703125,0.2900000214576721,25.20650100708008,0.2720000147819519,,,,,,,,,
1781946000000,2026-06-20 09:00:00,,,,28.45650100708008,63.0,1019.9000244140624,20.732158660888672,0.0,12.31389331817627,285.2551574707031,0.3700000345706939,26.9064998626709,0.2720000147819519,,,,,,,,,
1781949600000,2026-06-20 10:00:00,,,,27.80649948120117,63.0,1020.7999877929688,20.11857032775879,0.0,13.009902954101562,284.4208068847656,0.4000000357627868,27.80649948120117,0.2709999978542328,,,,,,,,,
1781953200000,2026-06-20 11:00:00,,,,28.20650100708008,62.0,1020.7999877929688,20.23700904846192,0.0,12.24529266357422,294.3045349121094,0.3700000345706939,28.20650100708008,0.2709999978542328,,,,,,,,,
1781956800000,2026-06-20 12:00:00,,,,27.45650100708008,64.0,1021.0999755859376,20.0423583984375,0.0,14.345897674560549,287.5256652832031,0.3700000345706939,28.60650062561035,0.2709999978542328,,,,,,,,,
1781960400000,2026-06-20 13:00:00,,,,28.35650062561035,58.0,1020.9000244140624,19.30240821838379,0.0,11.298495292663574,300.65057373046875,0.3500000238418579,28.6564998626709,0.2709999978542328,,,,,,,,,
1781964000000,2026-06-20 14:00:00,,,,28.20650100708008,55.0,1020.7000122070312,18.31261444091797,0.0,9.686609268188477,318.01287841796875,0.3400000035762787,28.756500244140625,0.2709999978542328,,,,,,,,,
1781967600000,2026-06-20 15:00:00,,,,27.60650062561035,58.0,1020.5999755859376,18.60155296325684,0.0,7.386581897735596,316.97491455078125,0.270000010728836,28.35650062561035,0.2709999978542328,,,,,,,,,
1781971200000,2026-06-20 16:00:00,,,,27.506500244140625,60.0,1020.7000122070312,19.05061149597168,0.0,5.86037540435791,317.4895935058594,0.2100000232458114,27.80649948120117,0.2709999978542328,,,,,,,,,
1781974800000,2026-06-20 17:00:00,,,,27.756500244140625,62.0,1020.4000244140624,19.81304168701172,0.0,7.903619289398193,329.9314880371094,0.1700000017881393,27.506500244140625,0.2709999978542328,,,,,,,,,
1781978400000,2026-06-20 18:00:00,,,,26.85650062561035,64.0,1021.2000122070312,19.47476577758789,0.0,5.241678714752197,344.0545349121094,0.1299999952316284,26.85650062561035,0.2709999978542328,,,,,,,,,
1781982000000,2026-06-20 19:00:00,,,,25.70650100708008,73.0,1022.0,20.502960205078125,0.0,2.741678237915039,66.80138397216797,0.0599999986588954,25.85650062561035,0.2709999978542328,,,,,,,,,
1781985600000,2026-06-20 20:00:00,,,,24.20650100708008,79.0,1022.5999755859376,20.33323860168457,0.0,3.7064266204833984,119.05451202392578,0.0199999995529651,24.6564998626709,0.2709999978542328,,,,,,,,,
1781989200000,2026-06-20 21:00:00,,,,22.70650100708008,84.0,1023.0,19.86278533935547,0.0,6.6380720138549805,130.60121154785156,0.0299999993294477,23.70650100708008,0.2720000147819519,,,,,,,,,
1781992800000,2026-06-20 22:00:00,,,,21.80649948120117,88.0,1022.7999877929688,19.729637145996094,0.0,4.104631423950195,127.8750457763672,0.0199999995529651,23.006500244140625,0.2720000147819519,,,,,,,,,
1781996400000,2026-06-20 23:00:00,,,,21.30649948120117,89.0,1023.0,19.41902542114257,0.0,3.396233081817627,122.0053482055664,0.0099999997764825,22.35650062561035,0.2720000147819519,,,,,,,,,
1782000000000,2026-06-21 00:00:00,,,,21.60650062561035,89.0,1022.7000122070312,19.71475982666016,0.0,2.595996856689453,123.69009399414062,0.0099999997764825,22.1564998626709,0.2680000066757202,,,,,,,,,
1782003600000,2026-06-21 01:00:00,,,,20.6564998626709,91.0,1022.5,19.13438034057617,0.0,3.3190360069274902,130.60121154785156,0.0099999997764825,21.6564998626709,0.2680000066757202,,,,,,,,,
1782007200000,2026-06-21 02:00:00,,,,20.10650062561035,89.0,1022.7999877929688,18.236066818237305,0.0,3.096837043762207,125.53776550292967,0.0099999997764825,21.1564998626709,0.2689999938011169,,,,,,,,,
1782010800000,2026-06-21 03:00:00,,,,19.506500244140625,87.0,1023.5999755859376,17.284482955932617,0.0,1.7999999523162842,180.0,0.0099999997764825,20.70650100708008,0.2689999938011169,,,,,,,,,
1782014400000,2026-06-21 04:00:00,,,,19.45650100708008,87.0,1024.0,17.235328674316406,0.0,3.096837043762207,125.53776550292967,0.0099999997764825,20.4064998626709,0.2689999938011169,,,,,,,,,
1782018000000,2026-06-21 05:00:00,,,,20.20650100708008,85.0,1024.199951171875,17.603309631347656,0.0,4.6102495193481445,128.6598358154297,0.0399999991059303,20.756500244140625,0.2689999938011169,,,,,,,,,
1782021600000,2026-06-21 06:00:00,,,,21.85650062561035,79.0,1024.5999755859375,18.050567626953125,0.0,3.096837043762207,125.53776550292967,0.1000000089406967,21.70650100708008,0.2689999938011169,,,,,,,,,
1782025200000,2026-06-21 07:00:00,,,,24.45650100708008,68.0,1024.5999755859375,18.165769577026367,0.0,1.0182337760925293,135.00010681152344,0.1800000071525573,23.1564998626709,0.2689999938011169,,,,,,,,,
1782028800000,2026-06-21 08:00:00,,,,26.80649948120117,60.0,1024.9000244140625,18.393630981445312,0.0,1.4843180179595947,75.96372985839844,0.2800000309944153,24.85650062561035,0.2689999938011169,,,,,,,,,
1782032400000,2026-06-21 09:00:00,,,,28.80649948120117,56.0,1025.0,19.158456802368164,0.0,1.938659191131592,338.1985168457031,0.3600000143051147,26.60650062561035,0.2680000066757202,,,,,,,,,
1782036000000,2026-06-21 10:00:00,,,,30.20650100708008,53.0,1024.9000244140625,19.5711612701416,0.0,4.0249223709106445,349.6952209472656,0.3700000345706939,28.35650062561035,0.2680000066757202,,,,,,,,,
1782039600000,2026-06-21 11:00:00,,,,31.1564998626709,50.0,1024.5999755859375,19.507503509521484,0.0,6.0346999168396,342.6458740234375,0.3700000345706939,29.55649948120117,0.2669999897480011,,,,,,,,,
1782043200000,2026-06-21 12:00:00,,,,32.20650100708008,43.0,1024.0,18.04764175415039,0.0,2.189794540405273,9.462247848510742,0.4300000071525574,30.85650062561035,0.2669999897480011,,,,,,,,,
1782046800000,2026-06-21 13:00:00,,,,32.45650100708008,41.0,1023.7000122070312,17.51553726196289,0.0,4.735060214996338,351.25390625,0.4099999964237213,31.30649948120117,0.2660000026226043,,,,,,,,,
1782050400000,2026-06-21 14:00:00,,,,33.10649871826172,36.0,1023.7000122070312,16.042776107788086,0.0,2.879999876022339,270.0,0.4099999964237213,31.85650062561035,0.2660000026226043,,,,,,,,,
1782054000000,2026-06-21 15:00:00,,,,32.85649871826172,38.0,1022.5999755859376,16.67127227783203,0.0,6.952754497528076,21.25057983398437,0.3700000345706939,31.80649948120117,0.2660000026226043,,,,,,,,,
1782057600000,2026-06-21 16:00:00,,,,32.90650177001953,36.0,1023.2000122070312,15.866724967956545,0.0,7.56856632232666,334.65386962890625,0.2900000214576721,31.20650100708008,0.2649999856948852,,,,,,,,,
1782061200000,2026-06-21 17:00:00,,,,23.256500244140625,74.0,1026.199951171875,18.36335563659668,0.0,14.98222827911377,305.2176818847656,0.1599999964237213,28.80649948120117,0.2649999856948852,,,,,,,,,
1782064800000,2026-06-21 18:00:00,,,,21.85650062561035,78.0,1026.5999755859375,17.84799575805664,0.3000000119209289,10.446206092834473,181.97488403320312,0.0900000035762786,26.35650062561035,0.2660000026226043,,,,,,,,,
1782068400000,2026-06-21 19:00:00,,,,22.05649948120117,81.0,1025.5999755859375,18.643922805786133,0.0,3.3190360069274902,130.60121154785156,0.0500000044703483,24.85650062561035,0.2660000026226043,,,,,,,,,
1782072000000,2026-06-21 20:00:00,,,,20.85650062561035,85.0,1025.9000244140625,18.2405014038086,0.0,5.600285530090332,135.00010681152344,0.0500000044703483,23.85650062561035,0.2660000026226043,,,,,,,,,
1782075600000,2026-06-21 21:00:00,,,,20.80649948120117,86.0,1026.4000244140625,18.377948760986328,0.0,3.617955207824707,354.2894897460937,0.0199999995529651,23.05649948120117,0.2660000026226043,,,,,,,,,
1782079200000,2026-06-21 22:00:00,,,,20.60650062561035,88.0,1026.5,18.54834747314453,0.0,1.0800000429153442,90.0,0.0099999997764825,22.4064998626709,0.2669999897480011,,,,,,,,,
1782082800000,2026-06-21 23:00:00,,,,20.1564998626709,91.0,1026.5999755859375,18.64012908935547,0.0,1.0800000429153442,270.0,0.0099999997764825,21.85650062561035,0.2669999897480011,,,,,,,,,
1782086400000,2026-06-22 00:00:00,,,,19.80649948120117,92.0,1025.800048828125,18.46851348876953,0.0,1.1384198665618896,71.5649642944336,0.0099999997764825,21.45650100708008,0.2649999856948852,,,,,,,,,
1782090000000,2026-06-22 01:00:00,,,,19.4064998626709,93.0,1025.4000244140625,18.24475860595703,0.0,1.4843180179595947,345.9637145996094,0.0,20.95650100708008,0.2649999856948852,,,,,,,,,
1782093600000,2026-06-22 02:00:00,,,,18.756500244140625,94.0,1025.5,17.770217895507812,0.0,1.938659191131592,111.80147552490234,0.0,20.45650100708008,0.2649999856948852,,,,,,,,,
1782097200000,2026-06-22 03:00:00,,,,18.55649948120117,94.0,1025.699951171875,17.57172203063965,0.0,0.8049845099449158,116.5649871826172,0.0,20.006500244140625,0.2649999856948852,,,,,,,,,
1782100800000,2026-06-22 04:00:00,,,,18.70650100708008,93.0,1026.0,17.55093765258789,0.0,1.4843180179595947,14.036274909973145,0.0,19.80649948120117,0.2649999856948852,,,,,,,,,
1782104400000,2026-06-22 05:00:00,,,,19.85650062561035,89.0,1026.4000244140625,17.989606857299805,0.0,0.3599999845027923,270.0,0.0199999995529651,20.256500244140625,0.2649999856948852,,,,,,,,,
1782108000000,2026-06-22 06:00:00,,,,21.1564998626709,83.0,1026.5,18.15480613708496,0.0,0.8049845099449158,296.5649719238281,0.0700000077486038,21.256500244140625,0.2649999856948852,,,,,,,,,
1782111600000,2026-06-22 07:00:00,,,,22.506500244140625,78.0,1026.199951171875,18.47844886779785,0.0,1.2979984283447266,56.30991363525391,0.1400000154972076,22.506500244140625,0.2649999856948852,,,,,,,,,
1782115200000,2026-06-22 08:00:00,,,,24.30649948120117,67.0,1026.0,17.7872314453125,0.0,3.545588731765747,23.962491989135746,0.1899999976158142,23.95650100708008,0.2649999856948852,,,,,,,,,
1782118800000,2026-06-22 09:00:00,,,,25.256500244140625,62.0,1026.0,17.456920623779297,0.0,5.771238803863525,3.5762643814086914,0.2599999904632568,25.35650062561035,0.2639999985694885,,,,,,,,,
1782122400000,2026-06-22 10:00:00,,,,26.30649948120117,57.0,1025.5999755859375,17.11134910583496,0.0,5.86037540435791,10.619609832763672,0.2900000214576721,26.506500244140625,0.2630000114440918,,,,,,,,,
1782126000000,2026-06-22 11:00:00,,,,27.20650100708008,54.0,1024.9000244140625,17.09391975402832,0.0,5.411986351013184,356.1860046386719,0.3199999928474426,27.70650100708008,0.2630000114440918,,,,,,,,,
1782129600000,2026-06-22 12:00:00,,,,27.756500244140625,53.0,1024.199951171875,17.307376861572266,0.0,8.279999732971191,360.0,0.3199999928474426,28.45650100708008,0.2619999945163727,,,,,,,,,
1782133200000,2026-06-22 13:00:00,,,,28.05649948120117,51.0,1023.7999877929688,16.976119995117188,0.0,9.007196426391602,2.2905633449554443,0.3100000023841858,28.85650062561035,0.2610000073909759,,,,,,,,,
1782136800000,2026-06-22 14:00:00,,,,28.55649948120117,49.0,1023.4000244140624,16.803936004638672,0.0,9.726664543151855,2.121051788330078,0.3100000023841858,29.20650100708008,0.2610000073909759,,,,,,,,,
1782140400000,2026-06-22 15:00:00,,,,28.60650062561035,46.0,1022.9000244140624,15.857319831848145,0.0,9.793058395385742,17.102825164794922,0.2900000214576721,29.30649948120117,0.2599999904632568,,,,,,,,,
1782144000000,2026-06-22 16:00:00,,,,28.256500244140625,45.0,1022.7999877929688,15.196760177612305,0.0,9.178235054016112,11.309895515441896,0.2599999904632568,28.9064998626709,0.2590000033378601,,,,,,,,,
1782147600000,2026-06-22 17:00:00,,,,27.6564998626709,46.0,1022.9000244140624,14.994254112243652,0.0,7.895416259765625,24.22773551940918,0.2000000178813934,28.1564998626709,0.2590000033378601,,,,,,,,,
1782151200000,2026-06-22 18:00:00,,,,26.70650100708008,48.0,1023.0,14.789700508117676,0.0,7.091177463531494,23.962491989135746,0.1400000154972076,27.10650062561035,0.2590000033378601,,,,,,,,,
1782154800000,2026-06-22 19:00:00,,,,24.95650100708008,55.0,1023.0999755859376,15.294063568115234,0.0,5.815978050231934,21.801475524902344,0.0900000035762786,25.85650062561035,0.2590000033378601,,,,,,,,,
1782158400000,2026-06-22 20:00:00,,,,23.20650100708008,61.0,1023.4000244140624,15.270416259765623,0.0,3.826852560043335,41.18583679199219,0.0500000044703483,24.506500244140625,0.2590000033378601,,,,,,,,,
1782162000000,2026-06-22 21:00:00,,,,22.35650062561035,57.0,1023.5,13.424600601196287,0.0,2.620839357376098,74.05453491210938,0.0299999993294477,23.35650062561035,0.2590000033378601,,,,,,,,,
1782165600000,2026-06-22 22:00:00,,,,21.35650062561035,57.0,1023.7999877929688,12.490657806396484,0.0,2.545584201812744,8.130019187927246,0.0099999997764825,22.4064998626709,0.2599999904632568,,,,,,,,,
1782169200000,2026-06-22 23:00:00,,,,19.9064998626709,64.0,1023.7999877929688,12.895098686218262,0.0,3.096837043762207,35.53776550292969,0.0199999995529651,21.55649948120117,0.2599999904632568,,,,,,,,,
1782172800000,2026-06-23 00:00:00,,,,19.9064998626709,71.0,1023.4000244140624,14.492219924926758,0.0,1.7999999523162842,90.0,0.0099999997764825,21.006500244140625,0.257999986410141,,,,,,,,,
1782176400000,2026-06-23 01:00:00,,,,18.506500244140625,77.0,1023.7000122070312,14.398198127746582,0.0,2.741678237915039,23.198617935180664,0.0099999997764825,20.45650100708008,0.257999986410141,,,,,,,,,
1782180000000,2026-06-23 02:00:00,,,,17.9064998626709,79.0,1023.5999755859376,14.212432861328123,0.0,0.7199999690055847,90.0,0.0099999997764825,19.9064998626709,0.257999986410141,,,,,,,,,
1782183600000,2026-06-23 03:00:00,,,,18.10650062561035,79.0,1023.4000244140624,14.40680980682373,0.0,1.8356469869613647,101.30989837646484,0.0099999997764825,19.55649948120117,0.2590000033378601,,,,,,,,,
1782187200000,2026-06-23 04:00:00,,,,18.256500244140625,79.0,1023.2999877929688,14.552586555480955,0.0,1.8356469869613647,348.6900939941406,0.0099999997764825,19.45650100708008,0.2590000033378601,,,,,,,,,
1782190800000,2026-06-23 05:00:00,,,,18.95650100708008,76.0,1022.9000244140624,14.631390571594238,0.0,2.811689853668213,129.80552673339844,0.0299999993294477,19.80649948120117,0.2590000033378601,,,,,,,,,
1782194400000,2026-06-23 06:00:00,,,,19.756500244140625,70.0,1022.7000122070312,14.129144668579102,0.0,3.563817977905273,135.00010681152344,0.0700000077486038,20.4064998626709,0.2590000033378601,,,,,,,,,
1782198000000,2026-06-23 07:00:00,,,,21.006500244140625,64.0,1022.7000122070312,13.93710231781006,0.0,3.5999999046325684,143.13002014160156,0.1199999973177909,21.30649948120117,0.257999986410141,,,,,,,,,
1782201600000,2026-06-23 08:00:00,,,,21.95650100708008,60.0,1022.7000122070312,13.838781356811523,0.0,3.3190360069274902,102.52880096435548,0.1500000059604644,22.05649948120117,0.257999986410141,,,,,,,,,
1782205200000,2026-06-23 09:00:00,,,,24.05649948120117,54.0,1022.5999755859376,14.17397689819336,0.0,1.7999999523162842,90.0,0.25,23.6564998626709,0.2569999992847442,,,,,,,,,
1782208800000,2026-06-23 10:00:00,,,,25.95650100708008,48.0,1022.2000122070312,14.104419708251951,0.0,2.595996856689453,56.30991363525391,0.3300000131130218,25.6564998626709,0.2569999992847442,,,,,,,,,
1782212400000,2026-06-23 11:00:00,,,,26.95650100708008,44.0,1021.7999877929688,13.672436714172363,0.0,4.553679466247559,18.4350528717041,0.3300000131130218,26.95650100708008,0.2560000121593475,,,,,,,,,
1782216000000,2026-06-23 12:00:00,,,,27.506500244140625,42.0,1021.5999755859376,13.453126907348633,0.0,5.411986351013184,3.814009666442871,0.3400000035762787,28.1564998626709,0.2549999952316284,,,,,,,,,
1782219600000,2026-06-23 13:00:00,,,,27.756500244140625,40.0,1021.2999877929688,12.929357528686523,0.0,9.028754234313965,355.4261474609375,0.3500000238418579,29.006500244140625,0.2540000081062317,,,,,,,,,
1782223200000,2026-06-23 14:00:00,,,,28.1564998626709,38.0,1020.7000122070312,12.502374649047852,0.0,6.7637858390808105,334.7989196777344,0.3100000023841858,29.05649948120117,0.2529999911785126,,,,,,,,,
1782226800000,2026-06-23 15:00:00,,,,27.9064998626709,40.0,1020.2000122070312,13.06337833404541,0.0,8.427383422851562,19.983198165893555,0.270000010728836,28.756500244140625,0.2520000040531158,,,,,,,,,
1782230400000,2026-06-23 16:00:00,,,,27.756500244140625,39.0,1019.9000244140624,12.542688369750977,0.0,8.049844741821289,10.304792404174805,0.25,28.4064998626709,0.2520000040531158,,,,,,,,,
1782234000000,2026-06-23 17:00:00,,,,27.006500244140625,42.0,1019.9000244140624,13.00367832183838,0.0,9.227523803710938,20.556127548217773,0.2000000178813934,27.70650100708008,0.2509999871253967,,,,,,,,,
1782237600000,2026-06-23 18:00:00,,,,26.20650100708008,46.0,1019.9000244140624,13.676406860351562,0.0,5.351784706115723,47.72637176513672,0.1299999952316284,26.70650100708008,0.2509999871253967,,,,,,,,,
1782241200000,2026-06-23 19:00:00,,,,24.756500244140625,55.0,1019.9000244140624,15.108217239379885,0.0,4.452953815460205,75.96372985839844,0.0700000077486038,25.4064998626709,0.2509999871253967,,,,,,,,,
1782244800000,2026-06-23 20:00:00,,,,23.1564998626709,63.0,1020.0,15.726664543151855,0.0,2.099142551422119,120.96369171142578,0.0299999993294477,24.006500244140625,0.2509999871253967,,,,,,,,,
1782248400000,2026-06-23 21:00:00,,,,22.10650062561035,66.0,1020.2000122070312,15.458006858825684,0.0,2.3051247596740723,141.3401641845703,0.0099999997764825,22.80649948120117,0.2520000040531158,,,,,,,,,
1782252000000,2026-06-23 22:00:00,,,,20.4064998626709,74.0,1020.2999877929688,15.616589546203612,0.0,2.4149534702301025,116.5649871826172,0.0099999997764825,21.80649948120117,0.2520000040531158,,,,,,,,,
1782255600000,2026-06-23 23:00:00,,,,19.256500244140625,79.0,1020.2999877929688,15.524384498596191,0.0,2.4149534702301025,116.5649871826172,0.0099999997764825,21.006500244140625,0.2520000040531158,,,,,,,,,
1782259200000,2026-06-24 00:00:00,,,,18.756500244140625,81.0,1020.2000122070312,15.42782211303711,0.0,3.5999999046325684,126.86998748779295,0.0099999997764825,21.20650100708008,0.248999997973442,,,,,,,,,
1782262800000,2026-06-24 01:00:00,,,,17.956501007080078,82.0,1020.2999877929688,14.83836269378662,0.0,3.826852560043335,131.18582153320312,0.0099999997764825,20.506500244140625,0.25,,,,,,,,,
1782266400000,2026-06-24 02:00:00,,,,17.206501007080078,85.0,1020.2999877929688,14.662016868591309,0.0,4.104631423950195,142.1249542236328,0.0099999997764825,19.9064998626709,0.25,,,,,,,,,
1782270000000,2026-06-24 03:00:00,,,,16.806499481201172,87.0,1020.2999877929688,14.629758834838867,0.0,2.545584201812744,135.00010681152344,0.0099999997764825,19.4064998626709,0.25,,,,,,,,,
1782273600000,2026-06-24 04:00:00,,,,16.806499481201172,88.0,1020.2000122070312,14.80702018737793,0.0,3.3190360069274902,130.60121154785156,0.0099999997764825,19.05649948120117,0.25,,,,,,,,,
1782277200000,2026-06-24 05:00:00,,,,17.85650062561035,83.0,1020.2000122070312,14.928910255432127,0.0,4.072935104370117,135.00010681152344,0.0299999993294477,19.4064998626709,0.25,,,,,,,,,
1782280800000,2026-06-24 06:00:00,,,,19.70650100708008,77.0,1020.0999755859376,15.56071662902832,0.0,3.7064266204833984,119.05451202392578,0.0700000077486038,20.4064998626709,0.25,,,,,,,,,
1782284400000,2026-06-24 07:00:00,,,,22.60650062561035,66.0,1020.0999755859376,15.933221817016602,0.0,2.595996856689453,123.69009399414062,0.1199999973177909,22.05649948120117,0.25,,,,,,,,,
1782288000000,2026-06-24 08:00:00,,,,25.55649948120117,54.0,1019.9000244140624,15.564743041992188,0.0,0.7199999690055847,360.0,0.2100000232458114,23.9064998626709,0.248999997973442,,,,,,,,,
1782291600000,2026-06-24 09:00:00,,,,27.506500244140625,48.0,1019.7999877929688,15.520478248596191,0.0,3.219938039779663,333.4350280761719,0.2800000309944153,25.95650100708008,0.2479999959468841,,,,,,,,,
1782295200000,2026-06-24 10:00:00,,,,28.756500244140625,43.0,1019.5999755859376,14.941449165344238,0.0,3.7064266204833984,330.94549560546875,0.3199999928474426,27.95650100708008,0.2469999939203262,,,,,,,,,
1782298800000,2026-06-24 11:00:00,,,,29.6564998626709,44.0,1019.2999877929688,16.11208152770996,0.0,2.3051247596740723,308.6598205566406,0.3199999928474426,29.506500244140625,0.2460000067949295,,,,,,,,,
1782302400000,2026-06-24 12:00:00,,,,30.506500244140625,41.0,1018.7000122070312,15.770636558532717,0.0,4.0249223709106445,280.3047790527344,0.3199999928474426,30.6564998626709,0.2450000047683715,,,,,,,,,
1782306000000,2026-06-24 13:00:00,,,,31.10650062561035,38.0,1018.2999877929688,15.119999885559082,0.0,4.6938252449035645,274.39862060546875,0.3100000023841858,31.506500244140625,0.2440000027418136,,,,,,,,,
1782309600000,2026-06-24 14:00:00,,,,31.45650100708008,36.0,1018.0,14.58985710144043,0.0,5.58870267868042,284.93145751953125,0.3000000119209289,32.006500244140625,0.2430000007152557,,,,,,,,,
1782313200000,2026-06-24 15:00:00,,,,31.70650100708008,34.0,1017.7999877929688,13.925931930541992,0.0,4.33497428894043,318.3665466308594,0.270000010728836,32.006500244140625,0.2419999986886978,,,,,,,,,
1782316800000,2026-06-24 16:00:00,,,,31.506500244140625,33.0,1017.5,13.292234420776367,0.0,7.56856632232666,2.726261138916016,0.2399999946355819,31.55649948120117,0.2409999966621399,,,,,,,,,
1782320400000,2026-06-24 17:00:00,,,,30.85650062561035,33.0,1017.2999877929688,12.72553253173828,0.0,6.162207126617432,6.709750175476074,0.1800000071525573,30.60650062561035,0.2409999966621399,,,,,,,,,
1782324000000,2026-06-24 18:00:00,,,,29.95650100708008,37.0,1017.2999877929688,13.688971519470217,0.0,5.039999961853027,360.0,0.1299999952316284,29.4064998626709,0.2409999966621399,,,,,,,,,
1782327600000,2026-06-24 19:00:00,,,,27.60650062561035,56.0,1017.5,18.041954040527344,0.0,3.89399528503418,56.30989837646485,0.0700000077486038,28.05649948120117,0.2409999966621399,,,,,,,,,
1782331200000,2026-06-24 20:00:00,,,,26.05649948120117,62.0,1018.0,18.21101760864257,0.0,1.527350664138794,135.00010681152344,0.0199999995529651,26.506500244140625,0.2409999966621399,,,,,,,,,
1782334800000,2026-06-24 21:00:00,,,,24.55649948120117,65.0,1018.4000244140624,17.54389190673828,0.0,2.099142551422119,120.96369171142578,0.0099999997764825,25.20650100708008,0.2409999966621399,,,,,,,,,
1782338400000,2026-06-24 22:00:00,,,,22.756500244140625,73.0,1018.7000122070312,17.665485382080078,0.0,2.27683973312378,108.43504333496094,0.0099999997764825,24.10650062561035,0.2409999966621399,,,,,,,,,
1782342000000,2026-06-24 23:00:00,,,,21.30649948120117,77.0,1018.9000244140624,17.1104679107666,0.0,2.9024126529693604,119.74478912353516,0.0099999997764825,23.1564998626709,0.2419999986886978,,,,,,,,,
1782345600000,2026-06-25 00:00:00,,,,21.10650062561035,81.0,1018.7000122070312,17.718185424804688,0.0,3.3190360069274902,139.39878845214844,0.0199999995529651,23.4064998626709,0.2419999986886978,,,,,,,,,
1782349200000,2026-06-25 01:00:00,,,,20.35650062561035,82.0,1018.9000244140624,17.18109893798828,0.0,2.545584201812744,135.00010681152344,0.0099999997764825,22.6564998626709,0.2419999986886978,,,,,,,,,
1782352800000,2026-06-25 02:00:00,,,,19.55649948120117,84.0,1019.2000122070312,16.77944564819336,0.0,3.3190360069274902,139.39878845214844,0.0099999997764825,22.006500244140625,0.2419999986886978,,,,,,,,,
1782356400000,2026-06-25 03:00:00,,,,18.85650062561035,85.0,1019.4000244140624,16.279809951782227,0.0,3.3190360069274902,139.39878845214844,0.0099999997764825,21.4064998626709,0.2430000007152557,,,,,,,,,
1782360000000,2026-06-25 04:00:00,,,,18.85650062561035,85.0,1019.4000244140624,16.279809951782227,0.0,3.3190360069274902,130.60121154785156,0.0099999997764825,21.006500244140625,0.2430000007152557,,,,,,,,,
1782363600000,2026-06-25 05:00:00,,,,19.9064998626709,82.0,1019.2000122070312,16.741872787475586,0.0,3.096837043762207,125.53776550292967,0.0299999993294477,21.256500244140625,0.2430000007152557,,,,,,,,,
1782367200000,2026-06-25 06:00:00,,,,21.9064998626709,73.0,1019.0999755859376,16.847686767578125,0.0,1.938659191131592,111.80147552490234,0.0799999982118606,22.256500244140625,0.2430000007152557,,,,,,,,,
1782370800000,2026-06-25 07:00:00,,,,25.10650062561035,63.0,1019.0,17.56895637512207,0.0,0.5091168880462646,44.99989700317383,0.1500000059604644,23.80649948120117,0.2430000007152557,,,,,,,,,
1782374400000,2026-06-25 08:00:00,,,,28.10650062561035,53.0,1018.9000244140624,17.63087272644043,0.0,2.3051247596740723,321.3401794433594,0.2199999988079071,25.70650100708008,0.2430000007152557,,,,,,,,,
1782378000000,2026-06-25 09:00:00,,,,30.20650100708008,45.0,1018.7999877929688,16.962928771972656,0.0,4.6102495193481445,321.3401794433594,0.2900000214576721,27.95650100708008,0.2419999986886978,,,,,,,,,
1782381600000,2026-06-25 10:00:00,,,,31.70650100708008,39.0,1018.7000122070312,16.058443069458008,0.0,4.104631423950195,322.1249389648437,0.3300000131130218,30.006500244140625,0.2409999966621399,,,,,,,,,
1782385200000,2026-06-25 11:00:00,,,,32.45650100708008,35.0,1018.4000244140624,15.031797409057615,0.0,6.379216194152832,286.3896179199219,0.3199999928474426,31.20650100708008,0.2399999946355819,,,,,,,,,
1782388800000,2026-06-25 12:00:00,,,,33.10649871826172,34.0,1018.0999755859376,15.150185585021973,0.0,3.976329803466797,354.8056640625,0.3199999928474426,32.006500244140625,0.238999992609024,,,,,,,,,
1782392400000,2026-06-25 13:00:00,,,,33.85649871826172,28.0,1017.5999755859376,12.80405044555664,0.0,9.904906272888184,340.9064025878906,0.3199999928474426,32.65650177001953,0.238999992609024,,,,,,,,,
1782396000000,2026-06-25 14:00:00,,,,33.95650100708008,28.0,1017.2999877929688,12.88942527770996,0.0,12.76858615875244,338.4985046386719,0.3100000023841858,32.95650100708008,0.2380000054836273,,,,,,,,,
1782399600000,2026-06-25 15:00:00,,,,34.05649948120117,28.0,1017.0999755859376,12.974785804748535,0.0,4.679999828338623,360.0,0.2800000309944153,33.05649948120117,0.2370000034570694,,,,,,,,,
1782403200000,2026-06-25 16:00:00,,,,34.256500244140625,29.0,1016.7000122070312,13.684285163879396,0.0,6.618519306182861,337.61981201171875,0.25,32.95650100708008,0.2360000014305114,,,,,,,,,
1782406800000,2026-06-25 17:00:00,,,,33.70650100708008,29.0,1016.5999755859376,13.212798118591309,0.0,2.741678237915039,336.8013916015625,0.2000000178813934,32.30649948120117,0.2360000014305114,,,,,,,,,
1782410400000,2026-06-25 18:00:00,,,,32.95650100708008,35.0,1016.5,15.470497131347656,0.0,2.099142551422119,300.96368408203125,0.1199999973177909,31.30649948120117,0.2360000014305114,,,,,,,,,
1782414000000,2026-06-25 19:00:00,,,,31.506500244140625,41.0,1016.7000122070312,16.665624618530273,0.0,1.4843180179595947,284.0362548828125,0.0500000044703483,30.006500244140625,0.2360000014305114,,,,,,,,,
1782417600000,2026-06-25 20:00:00,,,,29.20650100708008,52.0,1017.0,18.34319496154785,0.0,2.3051247596740723,321.3401794433594,0.0099999997764825,28.60650062561035,0.2360000014305114,,,,,,,,,
1782421200000,2026-06-25 21:00:00,,,,26.4064998626709,57.0,1017.7000122070312,17.204635620117188,0.0,1.8356469869613647,11.309895515441896,0.0299999993294477,27.256500244140625,0.2370000034570694,,,,,,,,,
1782424800000,2026-06-25 22:00:00,,,,25.6564998626709,60.0,1018.2000122070312,17.314075469970703,0.0,1.1384198665618896,288.4350280761719,0.0099999997764825,26.10650062561035,0.2370000034570694,,,,,,,,,
1782428400000,2026-06-25 23:00:00,,,,24.10650062561035,69.0,1018.7999877929688,18.06416702270508,0.0,1.4843180179595947,14.036274909973145,0.0,25.20650100708008,0.2370000034570694,,,,,,,,,
1782432000000,2026-06-26 00:00:00,,,,23.80649948120117,75.0,1019.0999755859376,19.10848045349121,0.0,3.5999999046325684,306.8699645996094,0.0,24.80649948120117,0.2360000014305114,,,,,,,,,
1782435600000,2026-06-26 01:00:00,,,,23.20650100708008,75.0,1018.5,18.529401779174805,0.0,1.7999999523162842,306.8699645996094,0.0099999997764825,24.1564998626709,0.2360000014305114,,,,,,,,,
1782439200000,2026-06-26 02:00:00,,,,22.55649948120117,77.0,1018.7000122070312,18.32101249694824,0.0,1.2979984283447266,326.3099060058594,0.0,23.55649948120117,0.2360000014305114,,,,,,,,,
1782442800000,2026-06-26 03:00:00,,,,21.80649948120117,80.0,1018.7999877929688,18.20224571228028,0.0,0.7199999690055847,270.0,0.0099999997764825,23.006500244140625,0.2370000034570694,,,,,,,,,
1782446400000,2026-06-26 04:00:00,,,,21.70650100708008,82.0,1019.0,18.498666763305664,0.0,0.7199999690055847,360.0,0.0,22.6564998626709,0.2370000034570694,,,,,,,,,
1782450000000,2026-06-26 05:00:00,,,,22.35650062561035,78.0,1019.5999755859376,18.33296775817871,0.0,3.545588731765747,293.9624938964844,0.0299999993294477,22.95650100708008,0.2370000034570694,,,,,,,,,
1782453600000,2026-06-26 06:00:00,,,,23.756500244140625,71.0,1019.9000244140624,18.18418884277344,0.0,3.415259599685669,288.4350280761719,0.0900000035762786,23.9064998626709,0.2370000034570694,,,,,,,,,
1782457200000,2026-06-26 07:00:00,,,,25.55649948120117,65.0,1020.0999755859376,18.49207305908203,0.0,1.7999999523162842,323.1300048828125,0.1500000059604644,25.35650062561035,0.2370000034570694,,,,,,,,,
1782460800000,2026-06-26 08:00:00,,,,27.35650062561035,60.0,1020.0,18.909841537475582,0.0,2.099142551422119,329.03631591796875,0.2100000232458114,26.95650100708008,0.2370000034570694,,,,,,,,,
1782464400000,2026-06-26 09:00:00,,,,29.256500244140625,56.0,1020.0,19.57706069946289,0.0,2.4149534702301025,333.4350280761719,0.270000010728836,28.6564998626709,0.2370000034570694,,,,,,,,,
1782468000000,2026-06-26 10:00:00,,,,31.30649948120117,49.0,1019.9000244140624,19.31999015808105,0.0,3.075841426849365,339.4438781738281,0.3000000119209289,30.4064998626709,0.2360000014305114,,,,,,,,,
1782471600000,2026-06-26 11:00:00,,,,32.95650100708008,40.0,1019.5999755859376,17.570629119873047,0.0,4.896529197692871,342.8971862792969,0.3300000131130218,32.20650100708008,0.2360000014305114,,,,,,,,,
1782475200000,2026-06-26 12:00:00,,,,33.90650177001953,35.0,1019.0,16.303752899169922,0.0,5.014219284057617,338.96240234375,0.3500000238418579,33.55649948120117,0.2349999994039535,,,,,,,,,
1782478800000,2026-06-26 13:00:00,,,,34.60649871826172,30.0,1018.4000244140624,14.50814723968506,0.0,3.877318382263184,338.1985168457031,0.3400000035762787,34.45650100708008,0.2339999973773956,,,,,,,,,
1782482400000,2026-06-26 14:00:00,,,,35.05649948120117,28.0,1017.9000244140624,13.828176498413086,0.0,3.976329803466797,354.8056640625,0.3300000131130218,34.80649948120117,0.2339999973773956,,,,,,,,,
1782486000000,2026-06-26 15:00:00,,,,35.15650177001953,30.0,1017.5,14.981337547302246,0.0,5.411986351013184,3.814009666442871,0.2900000214576721,34.80649948120117,0.2329999953508377,,,,,,,,,
1782489600000,2026-06-26 16:00:00,,,,34.90650177001953,29.0,1017.2999877929688,14.241321563720703,0.0,5.692099094390869,34.695220947265625,0.25,34.35649871826172,0.2329999953508377,,,,,,,,,
1782493200000,2026-06-26 17:00:00,,,,34.60649871826172,29.0,1017.4000244140624,13.98425006866455,0.0,5.495161056518555,31.60745429992676,0.2000000178813934,33.506500244140625,0.2319999933242797,,,,,,,,,
1782496800000,2026-06-26 18:00:00,,,,32.95650100708008,37.0,1017.4000244140624,16.34035301208496,0.0,5.399999618530273,90.0,0.1500000059604644,32.30649948120117,0.2319999933242797,,,,,,,,,
1782500400000,2026-06-26 19:00:00,,,,30.55649948120117,42.0,1017.7999877929688,16.192893981933594,0.0,3.545588731765747,66.03750610351562,0.0900000035762786,30.756500244140625,0.2319999933242797,,,,,,,,,
1782504000000,2026-06-26 20:00:00,,,,28.506500244140625,48.0,1018.0999755859376,16.433685302734375,0.0,2.189794540405273,99.46224975585938,0.0299999993294477,29.006500244140625,0.2329999953508377,,,,,,,,,
1782507600000,2026-06-26 21:00:00,,,,27.10650062561035,52.0,1018.4000244140624,16.40684700012207,0.0,2.4149534702301025,116.5649871826172,0.0199999995529651,27.60650062561035,0.2329999953508377,,,,,,,,,
1782511200000,2026-06-26 22:00:00,,,,25.30649948120117,63.0,1018.7999877929688,17.757863998413086,0.0,3.5999999046325684,143.13002014160156,0.0199999995529651,26.55649948120117,0.2329999953508377,,,,,,,,,
1782514800000,2026-06-26 23:00:00,,,,23.6564998626709,68.0,1019.0,17.402894973754883,0.0,4.582051753997803,135.00010681152344,0.0299999993294477,25.60650062561035,0.2339999973773956,,,,,,,,,
1782518400000,2026-06-27 00:00:00,,,,22.85650062561035,68.0,1019.0,16.639921188354492,0.0,3.7064266204833984,150.94549560546875,0.0299999993294477,24.95650100708008,0.231000006198883,,,,,,,,,
1782522000000,2026-06-27 01:00:00,,,,21.85650062561035,69.0,1019.0,15.914384841918944,0.0,5.191993713378906,146.30990600585938,0.0199999995529651,24.1564998626709,0.231000006198883,,,,,,,,,
1782525600000,2026-06-27 02:00:00,,,,21.256500244140625,71.0,1018.7000122070312,15.787062644958496,0.0,5.154415130615234,155.22488403320312,0.0199999995529651,23.45650100708008,0.231000006198883,,,,,,,,,
1782529200000,2026-06-27 03:00:00,,,,20.95650100708008,71.0,1018.7000122070312,15.499346733093262,0.0,5.014219284057617,158.96241760253906,0.0199999995529651,22.85650062561035,0.2319999933242797,,,,,,,,,
1782532800000,2026-06-27 04:00:00,,,,21.45650100708008,73.0,1018.5,16.414697647094727,0.0,4.896529197692871,162.89718627929688,0.0199999995529651,22.506500244140625,0.2319999933242797,,,,,,,,,
1782536400000,2026-06-27 05:00:00,,,,23.1564998626709,70.0,1018.5999755859376,17.38419532775879,0.0,5.315336227416992,151.6993408203125,0.0500000044703483,22.9064998626709,0.2319999933242797,,,,,,,,,
1782540000000,2026-06-27 06:00:00,,,,25.506500244140625,63.0,1018.5,17.946765899658203,0.0,6.489992141723633,146.30990600585938,0.1099999994039535,24.05649948120117,0.2319999933242797,,,,,,,,,
1782543600000,2026-06-27 07:00:00,,,,28.20650100708008,58.0,1018.5,19.16224670410156,0.0,6.109402656555176,135.00010681152344,0.1700000017881393,25.756500244140625,0.2319999933242797,,,,,,,,,
1782547200000,2026-06-27 08:00:00,,,,30.95650100708008,51.0,1018.4000244140624,19.64274024963379,0.0,5.191993713378906,123.69009399414062,0.2399999946355819,27.85650062561035,0.2319999933242797,,,,,,,,,
1782550800000,2026-06-27 09:00:00,,,,33.70650100708008,45.0,1018.2000122070312,20.12991523742676,0.0,4.510787010192871,118.61036682128906,0.3000000119209289,30.10650062561035,0.231000006198883,,,,,,,,,
1782554400000,2026-06-27 10:00:00,,,,36.35649871826172,33.0,1017.9000244140624,17.51510238647461,0.0,4.735060214996338,81.25392150878906,0.3400000035762787,32.256500244140625,0.231000006198883,,,,,,,,,
1782558000000,2026-06-27 11:00:00,,,,37.40650177001953,28.0,1017.7000122070312,15.831809997558594,0.0,4.843304634094238,48.01287078857422,0.3799999952316284,34.15650177001953,0.2300000041723251,,,,,,,,,
1782561600000,2026-06-27 12:00:00,,,,37.80649948120117,27.0,1017.0999755859376,15.6033935546875,0.0,3.075841426849365,110.5561294555664,0.3700000345706939,35.20650100708008,0.2290000021457672,,,,,,,,,
1782565200000,2026-06-27 13:00:00,,,,38.30649948120117,25.0,1016.5999755859376,14.827146530151367,0.0,1.7999999523162842,323.1300048828125,0.3199999928474426,35.40650177001953,0.2290000021457672,,,,,,,,,
1782568800000,2026-06-27 14:00:00,,,,38.45650100708008,25.0,1016.2000122070312,14.95315170288086,0.0,1.0182337760925293,135.00010681152344,0.3400000035762787,35.80649948120117,0.2280000001192093,,,,,,,,,
1782572400000,2026-06-27 15:00:00,,,,38.65650177001953,24.0,1015.7999877929688,14.487557411193848,0.0,0.7199999690055847,180.0,0.2900000214576721,35.756500244140625,0.2269999980926513,,,,,,,,,
1782576000000,2026-06-27 16:00:00,,,,38.20650100708008,25.0,1015.7000122070312,14.743142127990724,0.0,6.489992141723633,70.55987548828125,0.25,35.35649871826172,0.2269999980926513,,,,,,,,,
1782579600000,2026-06-27 17:00:00,,,,37.60649871826172,27.0,1015.5,15.433756828308104,0.0,5.014219284057617,111.03758239746094,0.2199999988079071,34.756500244140625,0.2269999980926513,,,,,,,,,
1782583200000,2026-06-27 18:00:00,,,,35.506500244140625,35.0,1015.2999877929688,17.70630645751953,0.0,4.6938252449035645,94.39862060546876,0.1599999964237213,33.70650100708008,0.2259999960660934,,,,,,,,,
1782586800000,2026-06-27 19:00:00,,,,33.40650177001953,35.0,1015.5,15.86524486541748,0.0,8.707237243652344,119.74478912353516,0.1199999973177909,32.256500244140625,0.2269999980926513,,,,,,,,,
1782590400000,2026-06-27 20:00:00,,,,31.256500244140625,39.0,1016.0999755859376,15.658201217651367,0.0,8.161764144897461,131.42356872558594,0.1000000089406967,30.756500244140625,0.2269999980926513,,,,,,,,,
1782594000000,2026-06-27 21:00:00,,,,28.70650100708008,49.0,1016.4000244140624,16.94123649597168,0.0,5.9044389724731445,142.43133544921875,0.0799999982118606,29.506500244140625,0.2269999980926513,,,,,,,,,
1782597600000,2026-06-27 22:00:00,,,,26.506500244140625,58.0,1016.7999877929688,17.57339096069336,0.0,4.198285102844238,149.03631591796875,0.0500000044703483,28.30649948120117,0.2269999980926513,,,,,,,,,
1782601200000,2026-06-27 23:00:00,,,,25.10650062561035,64.0,1016.7000122070312,17.81888771057129,0.0,3.89399528503418,146.30990600585938,0.0399999991059303,27.20650100708008,0.2269999980926513,,,,,,,,,
1782604800000,2026-06-28 00:00:00,,,,25.4064998626709,71.0,1015.0999755859376,19.765783309936523,0.0,4.896529674530029,143.9725341796875,0.0299999993294477,26.756500244140625,0.2269999980926513,,,,,,,,,
1782608400000,2026-06-28 01:00:00,,,,25.1564998626709,71.0,1016.0,19.52617454528809,0.0,4.104631423950195,142.1249542236328,0.0299999993294477,26.10650062561035,0.2269999980926513,,,,,,,,,
1782612000000,2026-06-28 02:00:00,,,,24.35650062561035,70.0,1015.7000122070312,18.53260612487793,0.0,3.7585103511810303,163.30067443847656,0.0199999995529651,25.506500244140625,0.2269999980926513,,,,,,,,,
1782615600000,2026-06-28 03:00:00,,,,23.80649948120117,71.0,1016.0,18.23212623596192,0.0,4.394360065460205,145.00790405273438,0.0199999995529651,24.85650062561035,0.2280000001192093,,,,,,,,,
1782619200000,2026-06-28 04:00:00,,,,23.80649948120117,70.0,1016.0999755859376,18.006277084350586,0.0,4.829906940460205,153.4350128173828,0.0299999993294477,24.4064998626709,0.2280000001192093,,,,,,,,,
1782622800000,2026-06-28 05:00:00,,,,24.95650100708008,69.0,1016.0999755859376,18.8760929107666,0.0,4.33497428894043,138.36654663085938,0.0500000044703483,24.6564998626709,0.2280000001192093,,,,,,,,,
1782626400000,2026-06-28 06:00:00,,,,27.05649948120117,61.0,1015.9000244140624,18.89275360107422,0.0,6.696386814117432,143.74607849121094,0.1199999973177909,25.6564998626709,0.2280000001192093,,,,,,,,,
1782630000000,2026-06-28 07:00:00,,,,29.85650062561035,53.0,1015.7999877929688,19.247861862182617,0.0,7.145795822143555,139.08570861816406,0.1899999976158142,27.20650100708008,0.2280000001192093,,,,,,,,,
1782633600000,2026-06-28 08:00:00,,,,32.55649948120117,47.0,1015.7000122070312,19.78916358947754,0.0,7.65370512008667,131.18582153320312,0.2599999904632568,29.20650100708008,0.2280000001192093,,,,,,,,,
1782637200000,2026-06-28 09:00:00,,,,35.35649871826172,37.0,1015.5,18.45895767211914,0.0,9.178235054016112,115.55992126464844,0.3300000131130218,31.30649948120117,0.2280000001192093,,,,,,,,,
1782640800000,2026-06-28 10:00:00,,,,37.40650177001953,29.0,1015.0999755859376,16.3819637298584,0.0,8.350137710571289,97.43131256103516,0.3700000345706939,33.30649948120117,0.2269999980926513,,,,,,,,,
1782644400000,2026-06-28 11:00:00,,,,38.25650024414063,29.0,1015.2000122070312,17.109127044677734,0.0,9.44957160949707,342.2552185058594,0.3900000154972076,35.10649871826172,0.2269999980926513,,,,,,,,,
1782648000000,2026-06-28 12:00:00,,,,38.70650100708008,26.0,1015.2000122070312,15.775004386901855,0.0,10.587918281555176,324.6886901855469,0.4000000357627868,36.05649948120117,0.2259999960660934,,,,,,,,,
1782651600000,2026-06-28 13:00:00,,,,39.00650024414063,24.0,1015.0999755859376,14.780041694641112,0.0,10.703569412231444,317.72637939453125,0.3900000154972076,36.65650177001953,0.2249999940395355,,,,,,,,,
1782655200000,2026-06-28 14:00:00,,,,39.20650100708008,23.0,1014.7000122070312,14.287562370300291,0.0,9.504273414611816,335.37646484375,0.3700000345706939,36.95650100708008,0.2249999940395355,,,,,,,,,
1782658800000,2026-06-28 15:00:00,,,,39.05649948120117,23.0,1014.5,14.16287326812744,0.0,11.885453224182127,324.86572265625,0.3400000035762787,36.85649871826172,0.2240000069141388,,,,,,,,,
1782662400000,2026-06-28 16:00:00,,,,38.70650100708008,22.0,1014.7000122070312,13.188772201538086,0.0,9.931041717529297,316.4687194824219,0.3100000023841858,36.25650024414063,0.2240000069141388,,,,,,,,,
1782666000000,2026-06-28 17:00:00,,,,36.90650177001953,30.0,1014.9000244140624,16.48603057861328,0.0,14.693999290466309,300.96368408203125,0.25,35.20650100708008,0.2240000069141388,,,,,,,,,
1782669600000,2026-06-28 18:00:00,,,,35.55649948120117,28.0,1015.4000244140624,14.254698753356934,0.0,8.699792861938477,294.4439392089844,0.2000000178813934,33.85649871826172,0.2240000069141388,,,,,,,,,
1782673200000,2026-06-28 19:00:00,,,,33.15650177001953,42.0,1016.7999877929688,18.525903701782227,0.0,14.058449745178224,320.1944885253906,0.1500000059604644,32.45650100708008,0.2240000069141388,,,,,,,,,
1782676800000,2026-06-28 20:00:00,,,,31.256500244140625,44.0,1017.5999755859376,17.556669235229492,0.0,8.891343116760254,301.7594299316406,0.1099999994039535,31.1564998626709,0.2240000069141388,,,,,,,,,
1782680400000,2026-06-28 21:00:00,,,,29.506500244140625,51.0,1018.7000122070312,18.309720993041992,0.0,4.802999019622803,282.99462890625,0.0799999982118606,30.006500244140625,0.2240000069141388,,,,,,,,,
1782684000000,2026-06-28 22:00:00,,,,28.45650100708008,56.0,1019.2999877929688,18.83284950256348,0.1000000014901161,5.634891033172607,296.5649719238281,0.0599999986588954,29.10650062561035,0.2240000069141388,,,,,,,,,
1782687600000,2026-06-28 23:00:00,,,,27.60650062561035,61.0,1019.2999877929688,19.40998268127441,0.0,6.489992141723633,326.3099060058594,0.0599999986588954,28.4064998626709,0.2249999940395355,,,,,,,,,
1782691200000,2026-06-29 00:00:00,,,,27.9064998626709,56.0,1018.9000244140624,18.32111167907715,0.0,4.6938252449035645,274.39862060546875,0.0599999986588954,28.55649948120117,0.2240000069141388,,,,,,,,,
1782694800000,2026-06-29 01:00:00,,,,27.30649948120117,63.0,1019.0999755859376,19.646530151367188,0.0,1.1384198665618896,341.56494140625,0.0399999991059303,28.05649948120117,0.2240000069141388,,,,,,,,,
1782698400000,2026-06-29 02:00:00,,,,23.30649948120117,89.0,1020.7999877929688,21.39046096801757,2.0999999046325684,3.396233081817627,212.00534057617188,0.0500000044703483,27.45650100708008,0.2249999940395355,,,,,,,,,
1782702000000,2026-06-29 03:00:00,,,,23.4064998626709,90.0,1020.9000244140624,21.671680450439453,10.800000190734863,5.692099571228027,288.4350280761719,0.0500000044703483,26.506500244140625,0.2349999994039535,,,,,,,,,
1782705600000,2026-06-29 04:00:00,,,,23.4064998626709,89.0,1019.7000122070312,21.489028930664062,0.1000000014901161,1.938659191131592,201.8014678955078,0.0399999991059303,25.95650100708008,0.2380000054836273,,,,,,,,,
1782709200000,2026-06-29 05:00:00,,,,23.70650100708008,87.0,1019.4000244140624,21.41313743591309,0.0,1.938659191131592,21.801475524902344,0.0399999991059303,25.756500244140625,0.238999992609024,,,,,,,,,
1782712800000,2026-06-29 06:00:00,,,,24.10650062561035,81.0,1019.4000244140624,20.64128875732422,0.0,4.896529674530029,36.02747344970703,0.1000000089406967,26.05649948120117,0.2399999946355819,,,,,,,,,
1782716400000,2026-06-29 07:00:00,,,,25.256500244140625,76.0,1019.0999755859376,20.72268295288086,0.0,1.2979984283447266,33.69010162353516,0.1700000017881393,26.85650062561035,0.2409999966621399,,,,,,,,,
1782720000000,2026-06-29 08:00:00,,,,26.30649948120117,68.0,1019.2999877929688,19.929487228393555,0.0,8.21715259552002,331.1893005371094,0.2599999904632568,27.85650062561035,0.2409999966621399,,,,,,,,,
1782723600000,2026-06-29 09:00:00,,,,24.756500244140625,73.0,1021.2000122070312,19.58932876586914,0.0,18.86138916015625,293.62939453125,0.2900000214576721,28.05649948120117,0.2399999946355819,,,,,,,,,
1782727200000,2026-06-29 10:00:00,,,,24.20650100708008,73.0,1021.4000244140624,19.06033134460449,0.0,11.966954231262209,316.21881103515625,0.2300000041723251,27.506500244140625,0.2399999946355819,,,,,,,,,
1782730800000,2026-06-29 11:00:00,,,,23.9064998626709,79.0,1022.2999877929688,20.041858673095703,0.5,10.495713233947754,300.96368408203125,0.2300000041723251,27.60650062561035,0.2399999946355819,,,,,,,,,
1782734400000,2026-06-29 12:00:00,,,,23.30649948120117,81.0,1021.7000122070312,19.861873626708984,0.0,10.703569412231444,312.27362060546875,0.1800000071525573,27.10650062561035,0.2399999946355819,,,,,,,,,
1782738000000,2026-06-29 13:00:00,,,,25.35650062561035,70.0,1021.7000122070312,19.48944091796875,0.0,10.002559661865234,329.74365234375,0.3000000119209289,28.30649948120117,0.2399999946355819,,,,,,,,,
1782741600000,2026-06-29 14:00:00,,,,26.4064998626709,63.0,1021.5,18.79672813415528,0.0,9.470120429992676,351.25390625,0.2900000214576721,29.20650100708008,0.2399999946355819,,,,,,,,,
1782745200000,2026-06-29 15:00:00,,,,26.6564998626709,60.0,1021.0999755859376,18.25283432006836,0.0,8.55710220336914,345.37908935546875,0.25,29.506500244140625,0.238999992609024,,,,,,,,,
1782748800000,2026-06-29 16:00:00,,,,26.45650100708008,57.0,1021.2999877929688,17.251283645629883,0.0,11.44097900390625,335.8544616699219,0.2000000178813934,29.10650062561035,0.238999992609024,,,,,,,,,
1782752400000,2026-06-29 17:00:00,,,,26.006500244140625,61.0,1021.5999755859376,17.905153274536133,0.0,11.631956100463867,338.1985168457031,0.1500000059604644,28.30649948120117,0.238999992609024,,,,,,,,,
1782756000000,2026-06-29 18:00:00,,,,23.70650100708008,78.0,1022.7000122070312,19.64224433898925,0.0,14.081477165222168,302.4711608886719,0.0900000035762786,27.35650062561035,0.238999992609024,,,,,,,,,
1782759600000,2026-06-29 19:00:00,,,,22.20650100708008,84.0,1023.2000122070312,19.3734188079834,0.0,13.392773628234863,306.2539367675781,0.0399999991059303,26.05649948120117,0.238999992609024,,,,,,,,,
1782763200000,2026-06-29 20:00:00,,,,20.80649948120117,84.0,1023.7000122070312,18.00308609008789,0.0,12.53813362121582,309.17364501953125,0.0299999993294477,24.9064998626709,0.238999992609024,,,,,,,,,
1782766800000,2026-06-29 21:00:00,,,,20.20650100708008,86.0,1024.4000244140625,17.78893280029297,0.0,10.464797019958496,310.8149719238281,0.0299999993294477,24.05649948120117,0.238999992609024,,,,,,,,,
1782770400000,2026-06-29 22:00:00,,,,20.006500244140625,86.0,1024.699951171875,17.59258270263672,0.0,9.44957160949707,310.36444091796875,0.0299999993294477,23.45650100708008,0.238999992609024,,,,,,,,,
1782774000000,2026-06-29 23:00:00,,,,19.85650062561035,86.0,1024.699951171875,17.44532585144043,0.0,8.66994857788086,311.6334533691406,0.0299999993294477,23.05649948120117,0.238999992609024,,,,,,,,,
1782777600000,2026-06-30 00:00:00,,,,21.506500244140625,81.0,1024.4000244140625,18.10797882080078,0.0,5.506940841674805,348.6900939941406,0.0500000044703483,23.35650062561035,0.2269999980926513,,,,,,,,,
1782781200000,2026-06-30 01:00:00,,,,21.1564998626709,81.0,1024.0,17.766908645629883,0.0,5.86037540435791,349.3804016113281,0.0399999991059303,23.10650062561035,0.2280000001192093,,,,,,,,,
1782784800000,2026-06-30 02:00:00,,,,20.85650062561035,82.0,1024.5,17.669105529785156,0.0,3.239999771118164,360.0,0.0399999991059303,22.80649948120117,0.2280000001192093,,,,,,,,,
1782788400000,2026-06-30 03:00:00,,,,20.55649948120117,85.0,1023.4000244140624,17.946414947509766,0.0,7.928177833557129,2.602511644363404,0.0299999993294477,22.55649948120117,0.2280000001192093,,,,,,,,,
1782792000000,2026-06-30 04:00:00,,,,20.256500244140625,87.0,1023.7999877929688,18.02182579040528,0.2000000029802322,5.091168403625488,44.99989700317383,0.0299999993294477,22.256500244140625,0.2290000021457672,,,,,,,,,
1782795600000,2026-06-30 05:00:00,,,,20.506500244140625,86.0,1023.7999877929688,18.08344078063965,0.0,5.091168403625488,44.99989700317383,0.0500000044703483,22.256500244140625,0.2290000021457672,,,,,,,,,
1782799200000,2026-06-30 06:00:00,,,,20.70650100708008,85.0,1023.9000244140624,18.09346008300781,0.0,5.315336227416992,28.3006591796875,0.0599999986588954,22.35650062561035,0.2290000021457672,,,,,,,,,
1782802800000,2026-06-30 07:00:00,,,,21.05649948120117,82.0,1023.7000122070312,17.864299774169922,0.0,5.991593837738037,57.26478576660156,0.0700000077486038,22.506500244140625,0.2290000021457672,,,,,,,,,
1782806400000,2026-06-30 08:00:00,,,,20.9064998626709,84.0,1023.7000122070312,18.100971221923828,0.0,5.86037540435791,42.51040267944336,0.0599999986588954,22.45650100708008,0.2290000021457672,,,,,,,,,
1782810000000,2026-06-30 09:00:00,,,,20.9064998626709,83.0,1023.7000122070312,17.910451889038086,0.1000000014901161,5.315336227416992,28.3006591796875,0.0700000077486038,22.4064998626709,0.2300000041723251,,,,,,,,,
1782813600000,2026-06-30 10:00:00,,,,21.45650100708008,82.0,1023.7000122070312,18.25468635559082,0.1000000014901161,5.154415607452393,12.094738960266112,0.1000000089406967,22.6564998626709,0.2300000041723251,,,,,,,,,
1782817200000,2026-06-30 11:00:00,,,,21.9064998626709,79.0,1023.2999877929688,18.099140167236328,0.0,5.241678714752197,15.945476531982422,0.1199999973177909,23.10650062561035,0.2300000041723251,,,,,,,,,
1782820800000,2026-06-30 12:00:00,,,,22.80649948120117,76.0,1022.7000122070312,18.354421615600582,0.0,2.9024126529693604,330.2552185058594,0.1199999973177909,23.45650100708008,0.2300000041723251,,,,,,,,,
1782824400000,2026-06-30 13:00:00,,,,22.85650062561035,77.0,1022.0999755859376,18.61151695251465,0.1000000014901161,3.7585103511810303,16.699325561523438,0.1199999973177909,23.6564998626709,0.2300000041723251,,,,,,,,,
1782828000000,2026-06-30 14:00:00,,,,22.4064998626709,78.0,1021.5999755859376,18.381460189819336,0.3000000119209289,4.735060214996338,351.25390625,0.1199999973177909,23.6564998626709,0.2300000041723251,,,,,,,,,
1782831600000,2026-06-30 15:00:00,,,,22.006500244140625,82.0,1021.0999755859376,18.791433334350582,0.3000000119209289,6.489992141723633,326.3099060058594,0.0900000035762786,23.1564998626709,0.2300000041723251,,,,,,,,,
1782835200000,2026-06-30 16:00:00,,,,20.55649948120117,93.0,1020.7999877929688,19.38457679748535,6.199999809265137,6.696386814117432,323.7460632324219,0.0700000077486038,22.60650062561035,0.2319999933242797,,,,,,,,,
1782838800000,2026-06-30 17:00:00,,,,20.6564998626709,91.0,1020.5,19.13438034057617,0.3000000119209289,5.804825305938721,352.87506103515625,0.0599999986588954,22.30649948120117,0.2329999953508377,,,,,,,,,
1782842400000,2026-06-30 18:00:00,,,,20.756500244140625,89.0,1020.5,18.87684631347656,0.0,4.680000305175781,22.619909286499023,0.0500000044703483,22.1564998626709,0.2339999973773956,,,,,,,,,
1782846000000,2026-06-30 19:00:00,,,,20.4064998626709,88.0,1020.5,18.35145378112793,0.0,2.811689853668213,39.80552673339844,0.0399999991059303,21.9064998626709,0.2339999973773956,,,,,,,,,
1782849600000,2026-06-30 20:00:00,,,,20.10650062561035,90.0,1020.2000122070312,18.41425323486328,0.0,2.595996856689453,56.30991363525391,0.0199999995529651,21.506500244140625,0.2349999994039535,,,,,,,,,
1782853200000,2026-06-30 21:00:00,,,,19.95650100708008,90.0,1020.0,18.266176223754883,0.0,2.741678237915039,23.198617935180664,0.0099999997764825,21.1564998626709,0.2349999994039535,,,,,,,,,
1782856800000,2026-06-30 22:00:00,,,,19.60650062561035,91.0,1019.5999755859376,18.0964469909668,0.0,3.396233081817627,32.00535583496094,0.0199999995529651,20.95650100708008,0.2349999994039535,,,,,,,,,
1782860400000,2026-06-30 23:00:00,,,,19.45650100708008,92.0,1019.2000122070312,18.1220703125,0.0,1.4399999380111694,360.0,0.0099999997764825,20.756500244140625,0.2349999994039535,,,,,,,,,
1782864000000,2026-07-01 00:00:00,,,,20.006500244140625,91.0,1018.0999755859376,18.49185371398925,0.0,2.741678237915039,336.8013916015625,0.0099999997764825,21.35650062561035,0.2370000034570694,,,,,,,,,
1782867600000,2026-07-01 01:00:00,,,,19.80649948120117,92.0,1017.5999755859376,18.46851348876953,0.0,7.289444923400879,327.0947570800781,0.0199999995529651,21.256500244140625,0.2370000034570694,,,,,,,,,
1782871200000,2026-07-01 02:00:00,,,,19.506500244140625,92.0,1018.0999755859376,18.17155838012696,0.0,5.58870267868042,345.06854248046875,0.0199999995529651,21.10650062561035,0.2380000054836273,,,,,,,,,
1782874800000,2026-07-01 03:00:00,,,,19.30649948120117,92.0,1017.2999877929688,17.973583221435547,0.0,5.351784706115723,340.3460998535156,0.0199999995529651,20.95650100708008,0.2380000054836273,,,,,,,,,
1782878400000,2026-07-01 04:00:00,,,,19.30649948120117,92.0,1017.0,17.973583221435547,0.0,4.320000171661377,360.0,0.0199999995529651,20.85650062561035,0.2380000054836273,,,,,,,,,
1782882000000,2026-07-01 05:00:00,,,,19.4064998626709,92.0,1016.7000122070312,18.072572708129883,0.0,5.692099571228027,341.56494140625,0.0199999995529651,20.85650062561035,0.2380000054836273,,,,,,,,,
1782885600000,2026-07-01 06:00:00,,,,19.35650062561035,92.0,1016.4000244140624,18.023080825805664,0.0,6.792466163635254,327.9946594238281,0.0299999993294477,20.9064998626709,0.2380000054836273,,,,,,,,,
1782885918804,2026-07-01 06:05:18,100.0,-121.0,-7.25,,,,,,,,,,,,,,,,,,,
1782885943625,2026-07-01 06:05:43,100.0,-127.0,-12.0,,,,,,,,,,,41.41,45.68,47.38,,,,467.09,395.76,336.41
1782889200000,2026-07-01 07:00:00,,,,19.45650100708008,91.0,1016.9000244140624,17.948165893554688,1.399999976158142,8.496304512023926,306.38446044921875,0.0399999991059303,20.9064998626709,0.238999992609024,,,,,,,,,
1782892800000,2026-07-01 08:00:00,,,,19.30649948120117,93.0,1017.0999755859376,18.145639419555664,3.799999952316284,10.086426734924316,325.1754455566406,0.0599999986588954,20.80649948120117,0.2399999946355819,,,,,,,,,
1782896400000,2026-07-01 09:00:00,,,,19.4064998626709,90.0,1017.2999877929688,17.72321319580078,2.5,11.592893600463867,323.8417053222656,0.0900000035762786,20.85650062561035,0.2399999946355819,,,,,,,,,
1782900000000,2026-07-01 10:00:00,,,,19.35650062561035,88.0,1017.9000244140624,17.31774139404297,0.5,10.99032211303711,328.3925476074219,0.0799999982118606,20.70650100708008,0.2409999966621399,,,,,,,,,
1782900324281,2026-07-01 10:05:24,100.0,-126.0,-12.25,,,,,,,,,,,,,,20.55,19.66,18.06,,,
1782900333287,2026-07-01 10:05:33,100.0,-122.0,-15.75,,,,,,,,,,,41.52,45.68,47.38,,,,467.44,395.76,336.41
1782903600000,2026-07-01 11:00:00,,,,20.20650100708008,82.0,1018.0,17.03469467163086,0.3000000119209289,8.20926284790039,344.74481201171875,0.1099999994039535,20.95650100708008,0.2409999966621399,,,,,,,,,
1782907200000,2026-07-01 12:00:00,,,,21.30649948120117,73.0,1018.2999877929688,16.270353317260742,0.0,8.90590763092041,345.9637145996094,0.2199999988079071,21.9064998626709,0.2409999966621399,,,,,,,,,
1782910800000,2026-07-01 13:00:00,,,,21.85650062561035,64.0,1018.2999877929688,14.7421293258667,0.0,11.592894554138184,334.230712890625,0.270000010728836,22.70650100708008,0.2409999966621399,,,,,,,,,
1782914400000,2026-07-01 14:00:00,,,,21.95650100708008,61.0,1018.0999755859376,14.093660354614258,0.0,10.464797973632812,356.0549011230469,0.2599999904632568,22.95650100708008,0.2409999966621399,,,,,,,,,
1782914720645,2026-07-01 14:05:20,100.0,-123.0,-6.75,,,,,,,,,,,,,,20.49,18.98,18.24,,,
1782914729573,2026-07-01 14:05:29,100.0,-126.0,-10.25,,,,,,,,,,,41.52,45.68,47.38,,,,467.44,395.76,336.41
1782918000000,2026-07-01 15:00:00,,,,21.95650100708008,64.0,1018.0999755859376,14.836830139160156,0.0,9.007196426391602,2.2905633449554443,0.2199999988079071,22.9064998626709,0.2409999966621399,,,,,,,,,
1782921600000,2026-07-01 16:00:00,,,,21.9064998626709,57.0,1017.9000244140624,13.004351615905762,0.0,7.2805495262146,351.46929931640625,0.1800000071525573,22.756500244140625,0.2409999966621399,,,,,,,,,
1782925200000,2026-07-01 17:00:00,,,,21.60650062561035,61.0,1018.2999877929688,13.764107704162598,0.0,6.1516828536987305,339.4438781738281,0.1299999952316284,22.45650100708008,0.2409999966621399,,,,,,,,,
1782928800000,2026-07-01 18:00:00,,,,20.1564998626709,80.0,1018.7999877929688,16.59671401977539,0.0,10.787993431091309,295.7098999023437,0.0799999982118606,21.9064998626709,0.2419999986886978,,,,,,,,,
1782932400000,2026-07-01 19:00:00,,,,19.30649948120117,82.0,1019.2000122070312,16.156211853027344,0.1000000014901161,8.31124496459961,287.65020751953125,0.0399999991059303,21.1564998626709,0.2419999986886978,,,,,,,,,
1782936000000,2026-07-01 20:00:00,,,,18.60650062561035,84.0,1019.4000244140624,15.849400520324709,0.0,6.6380720138549805,310.6012268066406,0.0299999993294477,20.506500244140625,0.2419999986886978,,,,,,,,,
1782939600000,2026-07-01 21:00:00,,,,17.9064998626709,87.0,1019.2999877929688,15.711371421813965,0.0,4.104631423950195,307.8750305175781,0.0199999995529651,19.9064998626709,0.2419999986886978,,,,,,,,,
1782943200000,2026-07-01 22:00:00,,,,17.456501007080078,89.0,1019.5999755859376,15.623417854309082,0.0,3.3190360069274902,282.52880859375,0.0099999997764825,19.35650062561035,0.2419999986886978,,,,,,,,,
1782943513391,2026-07-01 22:05:13,100.0,-132.0,-16.0,,,,,,,,,,,,,,20.36,19.6,18.21,,,
1782946800000,2026-07-01 23:00:00,,,,16.9064998626709,90.0,1019.5999755859376,15.255026817321776,0.0,3.976329803466797,275.1943359375,0.0099999997764825,18.85650062561035,0.2430000007152557,,,,,,,,,
1782950400000,2026-07-02 00:00:00,,,,17.056499481201172,88.0,1020.5999755859376,15.053187370300291,0.0,2.879999876022339,270.0,0.0,18.4064998626709,0.2460000067949295,,,,,,,,,
1782954000000,2026-07-02 01:00:00,,,,16.6564998626709,88.0,1020.0,14.659319877624512,0.0,0.7199999690055847,180.0,0.0,17.956501007080078,0.2460000067949295,,,,,,,,,
1782957600000,2026-07-02 02:00:00,,,,16.556499481201172,86.0,1019.5999755859376,14.205206871032717,0.0,4.394360065460205,304.9920959472656,0.0,17.506500244140625,0.2460000067949295,,,,,,,,,
1782957909774,2026-07-02 02:05:09,100.0,-133.0,-15.75,,,,,,,,,,,,,,20.3,19.2,18.15,,,
1782961200000,2026-07-02 03:00:00,,,,16.056499481201172,87.0,1020.0999755859376,13.892255783081056,0.0,5.351784706115723,312.27362060546875,0.0099999997764825,17.10650062561035,0.2469999939203262,,,,,,,,,
1782964800000,2026-07-02 04:00:00,,,,15.856500625610352,89.0,1020.5999755859376,14.04578971862793,0.0,5.351784706115723,317.72637939453125,0.0099999997764825,16.85650062561035,0.2469999939203262,,,,,,,,,
1782968400000,2026-07-02 05:00:00,,,,16.6564998626709,88.0,1021.2000122070312,14.659319877624512,0.0,4.6102495193481445,308.6598205566406,0.0299999993294477,17.35650062561035,0.2469999939203262,,,,,,,,,
1782972000000,2026-07-02 06:00:00,,,,18.20650100708008,81.0,1021.2000122070312,14.89171028137207,0.0,7.412853240966797,299.05450439453125,0.0900000035762786,18.4064998626709,0.2469999939203262,,,,,,,,,
1782975600000,2026-07-02 07:00:00,,,,19.506500244140625,77.0,1020.9000244140624,15.366971969604492,0.0,6.119999885559082,298.0723876953125,0.1700000017881393,19.85650062561035,0.2469999939203262,,,,,,,,,
1782979200000,2026-07-02 08:00:00,,,,21.30649948120117,67.0,1020.5,14.930975914001465,0.0,7.091177463531494,293.9624938964844,0.25,21.60650062561035,0.2469999939203262,,,,,,,,,
1782982800000,2026-07-02 09:00:00,,,,22.6564998626709,57.0,1020.2000122070312,13.704731941223145,0.0,8.766572952270508,289.1791076660156,0.3199999928474426,23.05649948120117,0.2469999939203262,,,,,,,,,
1782986400000,2026-07-02 10:00:00,,,,23.756500244140625,51.0,1019.7999877929688,13.017871856689451,0.0,8.90590763092041,284.0362548828125,0.3400000035762787,24.20650100708008,0.2469999939203262,,,,,,,,,
1782986700148,2026-07-02 10:05:00,100.0,-123.0,-16.0,,,,,,,,,,,,,,20.11,19.48,18.0,,,
1782990000000,2026-07-02 11:00:00,,,,24.95650100708008,44.0,1019.4000244140624,11.863740921020508,0.0,10.464797973632812,273.9450988769531,0.3500000238418579,25.256500244140625,0.2460000067949295,,,,,,,,,
1782993600000,2026-07-02 12:00:00,,,,25.756500244140625,41.0,1019.0,11.514633178710938,0.0,10.85386562347412,275.71051025390625,0.3600000143051147,26.256500244140625,0.2460000067949295,,,,,,,,,
1782997200000,2026-07-02 13:00:00,,,,26.4064998626709,37.0,1018.2999877929688,10.547005653381348,0.0,12.413476943969728,299.5386962890625,0.3400000035762787,26.756500244140625,0.2460000067949295,,,,,,,,,
1783000800000,2026-07-02 14:00:00,,,,26.60650062561035,33.0,1017.9000244140624,9.01576805114746,0.0,14.345897674560549,287.5256652832031,0.3300000131130218,27.10650062561035,0.2450000047683715,,,,,,,,,
1783001096516,2026-07-02 14:04:56,100.0,-125.0,-13.25,,,,,,,,,,,,,,19.98,19.1,18.06,,,
1783004400000,2026-07-02 15:00:00,,,,27.10650062561035,35.0,1017.0999755859376,10.331378936767578,0.0,11.54247760772705,273.5762634277344,0.3000000119209289,27.05649948120117,0.2450000047683715,,,,,,,,,
1783008000000,2026-07-02 16:00:00,,,,26.6564998626709,36.0,1016.7999877929688,10.357060432434082,0.0,10.948972702026367,297.4075012207031,0.2599999904632568,26.70650100708008,0.2450000047683715,,,,,,,,,
1783011600000,2026-07-02 17:00:00,,,,26.506500244140625,36.0,1016.5999755859376,10.224639892578123,0.0,8.55710220336914,284.62091064453125,0.2000000178813934,26.10650062561035,0.2450000047683715,,,,,,,,,
1783015200000,2026-07-02 18:00:00,,,,25.55649948120117,40.0,1016.5,10.962803840637209,0.0,6.489992141723633,266.8202209472656,0.1400000154972076,25.20650100708008,0.2450000047683715,,,,,,,,,
1783015499929,2026-07-02 18:04:59,100.0,-126.0,-8.75,,,,,,,,,,,41.73,45.62,47.38,,,,468.14,395.57,336.26
1783018800000,2026-07-02 19:00:00,,,,24.006500244140625,50.0,1016.5,12.944852828979492,0.0,4.693825721740723,237.52882385253903,0.0799999982118606,24.1564998626709,0.2460000067949295,,,,,,,,,
1783022400000,2026-07-02 20:00:00,,,,23.05649948120117,51.0,1016.9000244140624,12.373021125793455,0.0,6.379216194152832,253.61038208007807,0.0599999986588954,23.1564998626709,0.2460000067949295,,,,,,,,,
1783026000000,2026-07-02 21:00:00,,,,21.60650062561035,60.0,1018.2000122070312,13.509881973266602,0.0,9.44957160949707,310.36444091796875,0.0799999982118606,22.55649948120117,0.2460000067949295,,,,,,,,,
1783029600000,2026-07-02 22:00:00,,,,20.80649948120117,65.0,1019.0,13.986554145812988,0.0,9.885261535644531,303.1113586425781,0.0599999986588954,22.006500244140625,0.2460000067949295,,,,,,,,,
1783033200000,2026-07-02 23:00:00,,,,20.10650062561035,70.0,1019.5,14.464310646057127,0.0,9.983105659484863,295.6409606933594,0.0500000044703483,21.506500244140625,0.2460000067949295,,,,,,,,,
1783036800000,2026-07-03 00:00:00,,,,18.1564998626709,81.0,1020.5,14.842966079711914,0.0,11.592893600463867,306.15826416015625,0.1099999994039535,20.506500244140625,0.2739999890327453,,,,,,,,,
1783040400000,2026-07-03 01:00:00,,,,17.456501007080078,75.0,1020.7999877929688,12.977537155151367,0.0,14.51206398010254,313.9949951171875,0.0900000035762786,19.9064998626709,0.2739999890327453,,,,,,,,,
1783044000000,2026-07-03 02:00:00,,,,16.6564998626709,76.0,1020.7999877929688,12.406375885009766,0.0,13.89618682861328,306.5731201171875,0.0799999982118606,19.256500244140625,0.2739999890327453,,,,,,,,,
1783044285673,2026-07-03 02:04:45,100.0,-119.0,-12.25,,,,,,,,,,,,,,19.82,18.58,17.94,,,
1783047600000,2026-07-03 03:00:00,,,,15.606500625610352,75.0,1021.5,11.190390586853027,0.0,12.413476943969728,299.5386962890625,0.0799999982118606,18.55649948120117,0.2750000059604645,,,,,,,,,
1783051200000,2026-07-03 04:00:00,,,,14.856500625610352,77.0,1022.4000244140624,10.861191749572754,0.0,11.918120384216309,295.016845703125,0.0700000077486038,17.956501007080078,0.2750000059604645,,,,,,,,,
1783054800000,2026-07-03 05:00:00,,,,14.906499862670898,76.0,1023.0,10.71300220489502,0.0,11.269782066345217,296.5649719238281,0.1000000089406967,17.756500244140625,0.2750000059604645,,,,,,,,,
1783058400000,2026-07-03 06:00:00,,,,15.756500244140623,71.0,1023.4000244140624,10.5100736618042,0.0,13.891522407531738,301.2183532714844,0.1500000059604644,18.20650100708008,0.2750000059604645,,,,,,,,,
1783058682069,2026-07-03 06:04:42,100.0,-123.0,-5.5,,,,,,,,,,,,,,19.79,19.1,17.94,,,
1783058687663,2026-07-03 06:04:47,100.0,-121.0,-5.25,,,,,,,,,,,41.75,45.59,47.38,,,,468.21,395.47,336.17
1783062000000,2026-07-03 07:00:00,,,,16.6564998626709,64.0,1023.2000122070312,9.815093040466309,0.0,16.279802322387695,305.09588623046875,0.2100000232458114,18.80649948120117,0.2750000059604645,,,,,,,,,
1783065600000,2026-07-03 08:00:00,,,,17.85650062561035,61.0,1023.0999755859376,10.231582641601562,0.0,14.578889846801758,302.9052429199219,0.25,19.60650062561035,0.2750000059604645,,,,,,,,,
1783069200000,2026-07-03 09:00:00,,,,18.95650100708008,52.0,1023.0999755859376,8.880659103393555,0.0,17.287498474121094,301.3729553222656,0.3199999928474426,20.6564998626709,0.2739999890327453,,,,,,,,,
1783072800000,2026-07-03 10:00:00,,,,20.006500244140625,48.0,1023.2000122070312,8.661879539489746,0.0,16.676977157592773,302.660888671875,0.3500000238418579,21.506500244140625,0.2739999890327453,,,,,,,,,
1783076400000,2026-07-03 11:00:00,,,,20.05649948120117,44.0,1023.2000122070312,7.426849842071533,0.0,14.843179702758787,292.83367919921875,0.3100000023841858,21.70650100708008,0.2739999890327453,,,,,,,,,
1783080000000,2026-07-03 12:00:00,,,,21.20650100708008,43.0,1022.9000244140624,8.129840850830078,0.0,17.1746768951416,303.0238647460937,0.3100000023841858,21.9064998626709,0.2739999890327453,,,,,,,,,
1783083600000,2026-07-03 13:00:00,,,,20.9064998626709,44.0,1022.9000244140624,8.19708251953125,0.0,17.068706512451172,297.6458740234375,0.2800000309944153,22.05649948120117,0.2730000019073486,,,,,,,,,
1783087200000,2026-07-03 14:00:00,,,,21.506500244140625,43.0,1022.5,8.40086555480957,0.0,14.986553192138672,294.10223388671875,0.2900000214576721,22.35650062561035,0.2730000019073486,,,,,,,,,
1783090800000,2026-07-03 15:00:00,,,,21.80649948120117,42.0,1022.4000244140624,8.324298858642578,0.0,15.484185218811035,287.5924987792969,0.270000010728836,22.45650100708008,0.2730000019073486,,,,,,,,,
1783094400000,2026-07-03 16:00:00,,,,21.80649948120117,43.0,1022.0999755859376,8.671860694885254,0.0,16.05535316467285,289.6539001464844,0.2399999946355819,22.35650062561035,0.2730000019073486,,,,,,,,,
1783098000000,2026-07-03 17:00:00,,,,21.6564998626709,45.0,1022.0,9.209879875183104,0.0,14.021525382995604,299.1973876953125,0.2100000232458114,22.05649948120117,0.2730000019073486,,,,,,,,,
1783101600000,2026-07-03 18:00:00,,,,20.95650100708008,48.0,1022.0,9.531569480895996,0.0,9.565437316894531,289.7989501953125,0.1500000059604644,21.506500244140625,0.2730000019073486,,,,,,,,,
1783105200000,2026-07-03 19:00:00,,,,19.756500244140625,51.0,1022.2999877929688,9.331169128417969,0.0,7.594207286834717,275.44024658203125,0.1000000089406967,20.70650100708008,0.2739999890327453,,,,,,,,,
1783108800000,2026-07-03 20:00:00,,,,18.506500244140625,59.0,1022.5999755859376,10.34345531463623,0.0,6.130578994750977,266.63360595703125,0.0599999986588954,19.6564998626709,0.2739999890327453,,,,,,,,,
1783112400000,2026-07-03 21:00:00,,,,17.706501007080078,62.0,1022.7999877929688,10.333683967590332,0.0,5.091168403625488,278.1300048828125,0.0500000044703483,18.95650100708008,0.2739999890327453,,,,,,,,,
1783116000000,2026-07-03 22:00:00,,,,16.85650062561035,67.0,1023.2000122070312,10.691320419311523,0.0,4.0249223709106445,296.5649719238281,0.0299999993294477,18.20650100708008,0.2739999890327453,,,,,,,,,
1783119600000,2026-07-03 23:00:00,,,,15.906499862670898,70.0,1023.4000244140624,10.441106796264648,0.0,4.452953815460205,284.0362548828125,0.0199999995529651,17.456501007080078,0.2739999890327453,,,,,,,,,
1783123200000,2026-07-04 00:00:00,,,,15.806500434875488,73.0,1023.7000122070312,10.975826263427734,0.0,5.315336227416992,298.3006591796875,0.0299999993294477,17.6564998626709,0.277999997138977,,,,,,,,,
1783126800000,2026-07-04 01:00:00,,,,15.106500625610352,75.0,1024.300048828125,10.707304000854492,0.0,4.680000305175781,292.6199035644531,0.0199999995529651,17.1564998626709,0.277999997138977,,,,,,,,,
1783130400000,2026-07-04 02:00:00,,,,14.506500244140623,77.0,1024.4000244140625,10.521944046020508,0.0,4.33497428894043,274.7635498046875,0.0199999995529651,16.6564998626709,0.277999997138977,,,,,,,,,
1783134000000,2026-07-04 03:00:00,,,,14.206500053405762,78.0,1024.5999755859375,10.42452335357666,0.0,4.735060214996338,278.7460632324219,0.0199999995529651,16.35650062561035,0.277999997138977,,,,,,,,,
1783137600000,2026-07-04 04:00:00,,,,14.206500053405762,79.0,1024.5999755859375,10.615726470947266,0.0,5.241678714752197,285.9454650878906,0.0199999995529651,16.1564998626709,0.277999997138977,,,,,,,,,
1783141200000,2026-07-04 05:00:00,,,,14.806500434875488,77.0,1024.5,10.81272792816162,0.0,6.379216194152832,286.3896179199219,0.0399999991059303,16.4064998626709,0.277999997138977,,,,,,,,,
1783144800000,2026-07-04 06:00:00,,,,15.606500625610352,70.0,1024.800048828125,10.153631210327148,0.0,10.948972702026367,297.4075012207031,0.1000000089406967,17.10650062561035,0.277999997138977,,,,,,,,,
1783148400000,2026-07-04 07:00:00,,,,16.4064998626709,67.0,1024.9000244140625,10.262396812438965,0.0,12.72792148590088,298.7396850585937,0.1299999952316284,17.9064998626709,0.277999997138977,,,,,,,,,
1783152000000,2026-07-04 08:00:00,,,,16.956501007080078,60.0,1024.800048828125,9.13770580291748,0.0,15.49673557281494,300.73541259765625,0.1700000017881393,18.6564998626709,0.277999997138977,,,,,,,,,
1783155600000,2026-07-04 09:00:00,,,,17.556499481201172,59.0,1024.4000244140625,9.451730728149414,0.0,13.84947681427002,297.8971862792969,0.1800000071525573,19.006500244140625,0.277999997138977,,,,,,,,,
1783159200000,2026-07-04 10:00:00,,,,18.45650100708008,52.0,1023.9000244140624,8.418344497680664,0.0,12.594856262207031,300.96368408203125,0.2300000041723251,20.006500244140625,0.2770000100135803,,,,,,,,,
1783162800000,2026-07-04 11:00:00,,,,19.1564998626709,48.0,1023.5999755859376,7.8835062980651855,0.0,14.973576545715332,297.1810302734375,0.2599999904632568,20.85650062561035,0.2770000100135803,,,,,,,,,
1783166400000,2026-07-04 12:00:00,,,,19.70650100708008,48.0,1023.2999877929688,8.387187957763672,0.0,13.31999969482422,288.9247436523437,0.2300000041723251,21.006500244140625,0.2759999930858612,,,,,,,,,
1783170000000,2026-07-04 13:00:00,,,,20.70650100708008,45.0,1022.9000244140624,8.346978187561035,0.0,11.620808601379396,286.18927001953125,0.2300000041723251,21.4064998626709,0.2759999930858612,,,,,,,,,
1783173600000,2026-07-04 14:00:00,,,,20.85650062561035,45.0,1022.5,8.483243942260742,0.0,11.792404174804688,301.263671875,0.2300000041723251,21.85650062561035,0.2759999930858612,,,,,,,,,
1783177200000,2026-07-04 15:00:00,,,,20.20650100708008,50.0,1022.2999877929688,9.451085090637209,0.0,14.843179702758787,292.83367919921875,0.1899999976158142,21.70650100708008,0.2750000059604645,,,,,,,,,
1783180800000,2026-07-04 16:00:00,,,,19.1564998626709,57.0,1022.2000122070312,10.435150146484377,0.0,13.493998527526855,279.2109375,0.1299999952316284,20.9064998626709,0.2750000059604645,,,,,,,,,
1783184400000,2026-07-04 17:00:00,,,,17.806499481201172,66.0,1022.2999877929688,11.36927890777588,0.2000000029802322,8.759178161621094,279.4622497558594,0.1099999994039535,19.9064998626709,0.2750000059604645,,,,,,,,,
1783188000000,2026-07-04 18:00:00,,,,17.006500244140625,76.0,1021.9000244140624,12.745007514953612,0.4000000059604645,6.6380720138549805,257.47119140625,0.0900000035762786,19.20650100708008,0.2759999930858612,,,,,,,,,
1783191600000,2026-07-04 19:00:00,,,,16.206501007080078,81.0,1021.4000244140624,12.9419527053833,1.100000023841858,4.33497428894043,221.63345336914065,0.0599999986588954,18.55649948120117,0.2759999930858612,,,,,,,,,
1783195200000,2026-07-04 20:00:00,,,,15.956500053405762,84.0,1021.0,13.254676818847656,1.2000000476837158,1.2979984283447266,146.30990600585938,0.0299999993294477,18.05649948120117,0.2770000100135803,,,,,,,,,
1783198800000,2026-07-04 21:00:00,,,,15.556500434875488,90.0,1021.2000122070312,13.922083854675291,2.799999952316284,2.189794540405273,260.5377502441406,0.0199999995529651,17.706501007080078,0.277999997138977,,,,,,,,,
1783202400000,2026-07-04 22:00:00,,,,15.706500053405762,89.0,1020.5,13.89787769317627,0.800000011920929,1.938659191131592,158.1985321044922,0.0199999995529651,17.456501007080078,0.2800000011920929,,,,,,,,,
1783206000000,2026-07-04 23:00:00,,,,16.1564998626709,84.0,1019.9000244140624,13.450522422790527,0.0,0.5091168880462646,44.99989700317383,0.0099999997764825,17.256500244140625,0.2800000011920929,,,,,,,,,
1783209600000,2026-07-05 00:00:00,,,,17.10650062561035,83.0,1019.2000122070312,14.195622444152832,0.0,4.802999019622803,282.99462890625,0.0299999993294477,17.4064998626709,0.2750000059604645,,,,,,,,,
1783213200000,2026-07-05 01:00:00,,,,17.10650062561035,82.0,1019.2999877929688,14.008516311645508,0.0,8.891343116760254,301.7594299316406,0.0500000044703483,17.456501007080078,0.2750000059604645,,,,,,,,,
1783216800000,2026-07-05 02:00:00,,,,16.806499481201172,84.0,1019.0,14.087003707885742,0.0,5.411986351013184,273.8139953613281,0.0399999991059303,17.456501007080078,0.2759999930858612,,,,,,,,,
1783220400000,2026-07-05 03:00:00,,,,16.756500244140625,85.0,1018.9000244140624,14.220763206481934,0.2000000029802322,5.506940841674805,281.3099060058594,0.0299999993294477,17.4064998626709,0.2759999930858612,,,,,,,,,
1783224000000,2026-07-05 04:00:00,,,,16.756500244140625,85.0,1018.4000244140624,14.220763206481934,0.0,5.804825305938721,277.1249084472656,0.0299999993294477,17.35650062561035,0.2759999930858612,,,,,,,,,
1783227600000,2026-07-05 05:00:00,,,,16.756500244140625,85.0,1018.4000244140624,14.220763206481934,0.2000000029802322,5.804825305938721,277.1249084472656,0.0399999991059303,17.35650062561035,0.2759999930858612,,,,,,,,,
1783231200000,2026-07-05 06:00:00,,,,17.006500244140625,84.0,1018.2000122070312,14.28283977508545,0.2000000029802322,7.636752605438232,261.8699951171875,0.0399999991059303,17.4064998626709,0.2759999930858612,,,,,,,,,
1783234800000,2026-07-05 07:00:00,,,,17.556499481201172,81.0,1018.2000122070312,14.25807762145996,0.1000000014901161,9.0,270.0,0.0799999982118606,17.6564998626709,0.2770000100135803,,,,,,,,,
1783238400000,2026-07-05 08:00:00,,,,17.9064998626709,81.0,1017.7999877929688,14.599268913269045,0.6000000238418579,9.885261535644531,259.5085754394531,0.1000000089406967,18.006500244140625,0.2770000100135803,,,,,,,,,
1783242000000,2026-07-05 09:00:00,,,,18.45650100708008,77.0,1017.7000122070312,14.349761009216309,0.0,13.202726364135742,281.00347900390625,0.1400000154972076,18.4064998626709,0.2770000100135803,,,,,,,,,
1783245600000,2026-07-05 10:00:00,,,,18.506500244140625,78.0,1018.0,14.597991943359377,0.1000000014901161,12.924952507019045,282.875,0.1400000154972076,18.60650062561035,0.2770000100135803,,,,,,,,,
1783249200000,2026-07-05 11:00:00,,,,20.20650100708008,72.0,1017.9000244140624,14.99720859527588,0.0,13.79791259765625,285.1240539550781,0.2100000232458114,19.35650062561035,0.2770000100135803,,,,,,,,,
1783252003890,2026-07-05 11:46:43,100.0,-133.0,-18.75,,,,,,,,,,,,,,,,,,,
1783252800000,2026-07-05 12:00:00,,,,21.30649948120117,66.0,1017.5999755859376,14.69756031036377,0.0,12.43433952331543,292.1094970703125,0.25,20.506500244140625,0.2770000100135803,,,,,,,,,
1783256400000,2026-07-05 13:00:00,,,,22.70650100708008,58.0,1017.2000122070312,14.019433975219728,0.0,15.13713264465332,295.3461303710937,0.2900000214576721,21.70650100708008,0.2759999930858612,,,,,,,,,
1783260000000,2026-07-05 14:00:00,,,,22.1564998626709,54.0,1017.2000122070312,12.411511421203612,0.0,16.279802322387695,288.03436279296875,0.270000010728836,22.05649948120117,0.2759999930858612,,,,,,,,,
1783263600000,2026-07-05 15:00:00,,,,22.20650100708008,54.0,1017.2000122070312,12.45790672302246,0.0,15.827720642089844,287.1986389160156,0.2300000041723251,22.006500244140625,0.2759999930858612,,,,,,,,,
1783267200000,2026-07-05 16:00:00,,,,21.60650062561035,58.0,1017.0999755859376,12.990035057067873,0.0,12.758432388305664,286.3896179199219,0.1700000017881393,21.756500244140625,0.2759999930858612,,,,,,,,,
1783270800000,2026-07-05 17:00:00,,,,21.05649948120117,63.0,1017.0999755859376,13.74181842803955,0.0,12.181625366210938,288.9704895019531,0.1199999973177909,21.1564998626709,0.2759999930858612,,,,,,,,,
1783274400000,2026-07-05 18:00:00,,,,19.85650062561035,65.0,1017.2000122070312,13.084948539733888,0.0,11.275529861450195,286.6993103027344,0.0900000035762786,20.55649948120117,0.2759999930858612,,,,,,,,,
1783278000000,2026-07-05 19:00:00,,,,19.10650062561035,70.0,1017.4000244140624,13.506654739379885,0.0,9.422101020812988,276.58184814453125,0.0599999986588954,19.9064998626709,0.2759999930858612,,,,,,,,,
1783281600000,2026-07-05 20:00:00,,,,18.35650062561035,76.0,1017.5999755859376,14.05101490020752,0.0,8.647496223449707,272.3858947753906,0.0399999991059303,19.30649948120117,0.2759999930858612,,,,,,,,,
1783285200000,2026-07-05 21:00:00,,,,18.006500244140625,81.0,1017.5999755859376,14.696748733520508,0.0,6.489992141723633,266.8202209472656,0.0299999993294477,18.85650062561035,0.2759999930858612,,,,,,,,,
1783288800000,2026-07-05 22:00:00,,,,18.006500244140625,81.0,1017.5999755859376,14.696748733520508,0.0,7.636752605438232,278.1300048828125,0.0199999995529651,18.55649948120117,0.2759999930858612,,,,,,,,,
1783292400000,2026-07-05 23:00:00,,,,17.6564998626709,83.0,1017.7999877929688,14.733367919921877,0.0,8.121970176696777,282.80426025390625,0.0299999993294477,18.35650062561035,0.2759999930858612,,,,,,,,,
1783296000000,2026-07-06 00:00:00,,,,18.35650062561035,83.0,1017.5999755859376,15.41774082183838,0.1000000014901161,7.862518310546875,285.9454650878906,0.0299999993294477,19.256500244140625,0.2800000011920929,,,,,,,,,
1783299600000,2026-07-06 01:00:00,,,,17.9064998626709,85.0,1017.5999755859376,15.348376274108888,0.0,9.77981662750244,276.340087890625,0.0199999995529651,18.95650100708008,0.2800000011920929,,,,,,,,,
1783303200000,2026-07-06 02:00:00,,,,17.60650062561035,82.0,1017.4000244140624,14.496668815612791,0.0,9.693296432495115,291.8014831542969,0.0199999995529651,18.756500244140625,0.2800000011920929,,,,,,,,,
1783306800000,2026-07-06 03:00:00,,,,17.10650062561035,85.0,1017.2999877929688,14.563961029052734,0.0,8.31124496459961,287.65020751953125,0.0199999995529651,18.45650100708008,0.2790000140666961,,,,,,,,,
1783310400000,2026-07-06 04:00:00,,,,17.006500244140625,83.0,1017.2000122070312,14.097846031188965,0.0,9.028754234313965,293.4985656738281,0.0199999995529651,18.256500244140625,0.2790000140666961,,,,,,,,,
1783314000000,2026-07-06 05:00:00,,,,16.9064998626709,79.0,1017.0999755859376,13.240490913391112,0.0,7.729526996612549,297.7584228515625,0.0299999993294477,18.1564998626709,0.2790000140666961,,,,,,,,,
1783317600000,2026-07-06 06:00:00,,,,17.1564998626709,83.0,1017.0,14.244507789611816,0.0,6.479999542236328,270.0,0.0399999991059303,18.20650100708008,0.2790000140666961,,,,,,,,,
1783321200000,2026-07-06 07:00:00,,,,17.456501007080078,79.0,1017.2999877929688,13.775074005126951,0.1000000014901161,9.178235054016112,281.3099060058594,0.0500000044703483,18.35650062561035,0.2790000140666961,,,,,,,,,
1783324800000,2026-07-06 08:00:00,,,,17.9064998626709,76.0,1017.7000122070312,13.615702629089355,0.0,10.739832878112791,283.5704345703125,0.0799999982118606,18.60650062561035,0.277999997138977,,,,,,,,,
1783328400000,2026-07-06 09:00:00,,,,18.256500244140625,73.0,1017.5,13.334815979003906,0.0,10.823972702026367,273.8139953613281,0.0900000035762786,18.85650062561035,0.277999997138977,,,,,,,,,
1783332000000,2026-07-06 10:00:00,,,,19.256500244140625,66.0,1017.4000244140624,12.748407363891602,0.0,13.32486343383789,271.5481262207031,0.1700000017881393,20.006500244140625,0.277999997138977,,,,,,,,,
1783335600000,2026-07-06 11:00:00,,,,19.20650100708008,66.0,1017.2999877929688,12.700860977172852,0.0,13.684735298156738,268.4925842285156,0.1700000017881393,20.35650062561035,0.2770000100135803,,,,,,,,,
1783339200000,2026-07-06 12:00:00,,,,18.95650100708008,68.0,1017.0999755859376,12.91887664794922,0.1000000014901161,12.620553970336914,266.7295837402344,0.1400000154972076,20.1564998626709,0.2770000100135803,,,,,,,,,
1783342800000,2026-07-06 13:00:00,,,,19.006500244140625,72.0,1016.4000244140624,13.844123840332031,0.3000000119209289,7.895416259765625,245.7722625732422,0.1199999973177909,19.85650062561035,0.2770000100135803,,,,,,,,,
1783346400000,2026-07-06 14:00:00,,,,19.756500244140625,71.0,1015.5,14.348332405090332,0.1000000014901161,7.754636764526367,248.1985321044922,0.1299999952316284,20.006500244140625,0.2759999930858612,,,,,,,,,
1783350000000,2026-07-06 15:00:00,,,,19.85650062561035,74.0,1014.9000244140624,15.08638858795166,0.3000000119209289,8.825508117675781,258.2317199707031,0.1000000089406967,19.9064998626709,0.2759999930858612,,,,,,,,,
1783353600000,2026-07-06 16:00:00,,,,20.006500244140625,75.0,1014.2000122070312,15.440187454223633,0.5,8.37338638305664,244.5366973876953,0.0900000035762786,19.6564998626709,0.2770000100135803,,,,,,,,,
1783357200000,2026-07-06 17:00:00,,,,20.256500244140625,75.0,1014.0,15.68157958984375,0.0,8.70723819732666,262.8750915527344,0.0799999982118606,19.55649948120117,0.2770000100135803,,,,,,,,,
1783360800000,2026-07-06 18:00:00,,,,20.30649948120117,76.0,1013.7999877929688,15.937073707580566,0.0,7.636752605438232,261.8699951171875,0.0599999986588954,19.45650100708008,0.2770000100135803,,,,,,,,,
1783364400000,2026-07-06 19:00:00,,,,19.9064998626709,78.0,1013.9000244140624,15.956354141235352,0.4000000059604645,8.647496223449707,267.6141052246094,0.0599999986588954,19.30649948120117,0.2770000100135803,,,,,,,,,
1783367186223,2026-07-06 19:46:26,100.0,-133.0,-20.5,,,,,,,,,,,41.58,45.34,47.38,,,,467.65,394.68,335.37
1783368000000,2026-07-06 20:00:00,,,,19.4064998626709,82.0,1013.7999877929688,16.253826141357422,0.3000000119209289,6.725354194641113,254.475830078125,0.0399999991059303,19.10650062561035,0.2770000100135803,,,,,,,,,
1783371600000,2026-07-06 21:00:00,,,,19.20650100708008,83.0,1013.9000244140624,16.248706817626953,0.0,6.0346999168396,252.64588928222656,0.0299999993294477,18.95650100708008,0.2770000100135803,,,,,,,,,
1783375200000,2026-07-06 22:00:00,,,,18.95650100708008,86.0,1013.9000244140624,16.56173324584961,0.2000000029802322,3.545588731765747,246.0375061035156,0.0199999995529651,18.85650062561035,0.2770000100135803,,,,,,,,,
1783378800000,2026-07-06 23:00:00,,,,18.756500244140625,88.0,1013.7999877929688,16.727014541625977,0.2000000029802322,2.5199999809265137,270.0,0.0099999997764825,18.756500244140625,0.2770000100135803,,,,,,,,,
1783382400000,2026-07-07 00:00:00,,,,19.1564998626709,79.0,1013.5999755859376,15.42720890045166,0.0,3.2599384784698486,263.659912109375,0.0099999997764825,18.756500244140625,0.2829999923706054,,,,,,,,,
1783386000000,2026-07-07 01:00:00,,,,18.756500244140625,79.0,1013.2000122070312,15.038497924804688,0.0,4.33497428894043,265.2364501953125,0.0099999997764825,18.30649948120117,0.2840000092983246,,,,,,,,,
1783389600000,2026-07-07 02:00:00,,,,18.256500244140625,76.0,1012.9000244140624,13.954278945922852,0.0,3.7064266204833984,240.9454803466797,0.0099999997764825,17.756500244140625,0.2840000092983246,,,,,,,,,
1783393200000,2026-07-07 03:00:00,,,,17.956501007080078,75.0,1012.2999877929688,13.460477828979492,0.0,2.4149534702301025,153.4350128173828,0.0099999997764825,17.256500244140625,0.2840000092983246,,,,,,,,,
1783396800000,2026-07-07 04:00:00,,,,17.4064998626709,82.0,1012.0999755859376,14.30140781402588,0.0,3.2599384784698486,83.65990447998047,0.0099999997764825,17.206501007080078,0.2849999964237213,,,,,,,,,
1783400400000,2026-07-07 05:00:00,,,,18.10650062561035,81.0,1011.5999755859376,14.794229507446287,0.0,1.8356469869613647,78.69010162353516,0.0199999995529651,17.506500244140625,0.2849999964237213,,,,,,,,,
1783404000000,2026-07-07 06:00:00,,,,19.80649948120117,80.0,1011.2000122070312,16.25611114501953,0.0,1.4399999380111694,90.0,0.0599999986588954,18.30649948120117,0.2849999964237213,,,,,,,,,
1783407600000,2026-07-07 07:00:00,,,,21.70650100708008,62.0,1011.2999877929688,14.109039306640623,0.0,11.885453224182127,268.26434326171875,0.1599999964237213,19.45650100708008,0.2849999964237213,,,,,,,,,
1783411200000,2026-07-07 08:00:00,,,,22.30649948120117,60.0,1011.4000244140624,14.167648315429688,0.0,13.039753913879396,276.340087890625,0.25,19.95650100708008,0.2860000133514404,,,,,,,,,
1783414800000,2026-07-07 09:00:00,,,,23.05649948120117,59.0,1011.0999755859376,14.611552238464355,0.0,11.901798248291016,273.4681701660156,0.2599999904632568,20.85650062561035,0.2860000133514404,,,,,,,,,
1783418400000,2026-07-07 10:00:00,,,,23.45650100708008,52.0,1011.2999877929688,13.03844928741455,0.0,18.07902717590332,282.6525573730469,0.3100000023841858,21.95650100708008,0.2849999964237213,,,,,,,,,
1783422000000,2026-07-07 11:00:00,,,,21.756500244140625,62.0,1011.9000244140624,14.156206130981444,0.2000000029802322,13.004920959472656,265.2364501953125,0.2199999988079071,21.506500244140625,0.2860000133514404,,,,,,,,,
1783425600000,2026-07-07 12:00:00,,,,22.10650062561035,59.0,1011.4000244140624,13.72079849243164,0.0,13.004920959472656,274.7635498046875,0.25,21.9064998626709,0.2860000133514404,,,,,,,,,
1783429200000,2026-07-07 13:00:00,,,,23.9064998626709,57.0,1010.5999755859376,14.87173843383789,0.0,9.064568519592283,263.1573181152344,0.2300000041723251,22.4064998626709,0.2860000133514404,,,,,,,,,
1783432800000,2026-07-07 14:00:00,,,,24.10650062561035,53.0,1010.0999755859376,13.931870460510254,0.0,10.495713233947754,292.1663818359375,0.2399999946355819,22.85650062561035,0.2860000133514404,,,,,,,,,
1783436400000,2026-07-07 15:00:00,,,,24.1564998626709,56.0,1009.4000244140624,14.830038070678713,0.0,11.384198188781738,304.6952209472656,0.1899999976158142,22.85650062561035,0.2860000133514404,,,,,,,,,
1783440000000,2026-07-07 16:00:00,,,,24.10650062561035,53.0,1009.0,13.931870460510254,0.0,12.181625366210938,288.9704895019531,0.1700000017881393,22.756500244140625,0.2860000133514404,,,,,,,,,
1783443600000,2026-07-07 17:00:00,,,,23.506500244140625,57.0,1008.7000122070312,14.498335838317873,0.0,8.350137710571289,277.4313049316406,0.1299999952316284,22.35650062561035,0.2860000133514404,,,,,,,,,
1783447200000,2026-07-07 18:00:00,,,,22.506500244140625,63.0,1008.5999755859376,15.11240005493164,0.0,5.351784706115723,317.72637939453125,0.0799999982118606,21.9064998626709,0.2860000133514404,,,,,,,,,
1783450800000,2026-07-07 19:00:00,,,,21.70650100708008,65.0,1008.5999755859376,14.840557098388672,0.0,4.896529197692871,287.1028137207031,0.0500000044703483,21.35650062561035,0.2870000004768371,,,,,,,,,
1783454400000,2026-07-07 20:00:00,,,,20.85650062561035,69.0,1009.0999755859376,14.958664894104004,0.0,6.297428131103516,300.96368408203125,0.0399999991059303,20.756500244140625,0.2870000004768371,,,,,,,,,
1783458000000,2026-07-07 21:00:00,,,,20.20650100708008,72.0,1009.7000122070312,14.99720859527588,0.0,11.18320083618164,303.17852783203125,0.0500000044703483,20.4064998626709,0.2879999876022339,,,,,,,,,
1783461600000,2026-07-07 22:00:00,,,,19.45650100708008,68.0,1010.2000122070312,13.396077156066896,0.0,16.676977157592773,302.660888671875,0.0599999986588954,20.05649948120117,0.2879999876022339,,,,,,,,,
1783465200000,2026-07-07 23:00:00,,,,18.85650062561035,70.0,1010.5,13.267215728759766,0.0,15.57598114013672,303.6900939941406,0.0599999986588954,19.6564998626709,0.2879999876022339,,,,,,,,,
1783468800000,2026-07-08 00:00:00,,,,18.60650062561035,78.0,1010.0999755859376,14.695029258728027,0.0,13.089353561401367,301.50421142578125,0.0799999982118606,19.256500244140625,0.2899999916553497,,,,,,,,,
1783472400000,2026-07-08 01:00:00,,,,17.756500244140625,80.0,1011.0,14.260910987854004,0.3000000119209289,13.392773628234863,323.7460632324219,0.0799999982118606,19.006500244140625,0.2899999916553497,,,,,,,,,
1783476000000,2026-07-08 02:00:00,,,,16.4064998626709,78.0,1011.7000122070312,12.560043334960938,0.0,14.689587593078612,323.9725341796875,0.0900000035762786,18.55649948120117,0.2910000085830688,,,,,,,,,
1783479600000,2026-07-08 03:00:00,,,,15.556500434875488,80.0,1012.5999755859376,12.11924934387207,0.0,12.979984283447266,326.3099060058594,0.0700000077486038,17.956501007080078,0.2910000085830688,,,,,,,,,
1783483200000,2026-07-08 04:00:00,,,,14.756500244140623,81.0,1013.2999877929688,11.528138160705566,0.0,11.681986808776855,326.3099060058594,0.0599999986588954,17.4064998626709,0.2910000085830688,,,,,,,,,
1783486800000,2026-07-08 05:00:00,,,,14.656499862670898,67.0,1013.7999877929688,8.594034194946289,0.0,14.51206398010254,316.0049743652344,0.0900000035762786,17.1564998626709,0.2919999957084656,,,,,,,,,
1783490400000,2026-07-08 06:00:00,,,,14.706500053405762,70.0,1014.4000244140624,9.291115760803224,0.0,14.00302791595459,313.9584655761719,0.1500000059604644,17.256500244140625,0.2919999957084656,,,,,,,,,
1783494000000,2026-07-08 07:00:00,,,,15.206500053405762,67.0,1014.5999755859376,9.118435859680176,0.0,14.399999618530272,306.8699645996094,0.1700000017881393,17.806499481201172,0.2919999957084656,,,,,,,,,
1783496753683,2026-07-08 07:45:53,100.0,-134.0,-19.25,,,,,,,,,,,41.54,45.28,47.38,,,,467.51,394.49,335.06
1783497600000,2026-07-08 08:00:00,,,,16.1564998626709,62.0,1014.7000122070312,8.869850158691406,0.0,14.480772972106934,304.8753967285156,0.2199999988079071,18.6564998626709,0.2919999957084656,,,,,,,,,
1783501200000,2026-07-08 09:00:00,,,,16.756500244140625,59.0,1015.0,8.70064640045166,0.0,14.058449745178224,309.8055114746094,0.25,19.45650100708008,0.2919999957084656,,,,,,,,,
1783504800000,2026-07-08 10:00:00,,,,17.60650062561035,56.0,1015.2999877929688,8.724091529846191,0.0,14.843179702758787,309.0938415527344,0.25,19.95650100708008,0.2919999957084656,,,,,,,,,
1783508400000,2026-07-08 11:00:00,,,,18.6564998626709,50.0,1015.4000244140624,8.024808883666992,0.0,16.13587188720703,308.6598205566406,0.3100000023841858,21.05649948120117,0.2919999957084656,,,,,,,,,
1783512000000,2026-07-08 12:00:00,,,,20.45650100708008,45.0,1014.9000244140624,8.119850158691406,0.0,14.79945945739746,311.0547180175781,0.3400000035762787,22.30649948120117,0.2919999957084656,,,,,,,,,
1783515600000,2026-07-08 13:00:00,,,,20.85650062561035,47.0,1014.7999877929688,9.127118110656738,0.0,15.91346549987793,307.6476745605469,0.3199999928474426,23.10650062561035,0.2919999957084656,,,,,,,,,
1783519200000,2026-07-08 14:00:00,,,,21.20650100708008,47.0,1014.7999877929688,9.446680068969728,0.0,14.399999618530272,306.8699645996094,0.3000000119209289,23.506500244140625,0.2919999957084656,,,,,,,,,
1783522800000,2026-07-08 15:00:00,,,,21.35650062561035,46.0,1014.7000122070312,9.263617515563965,0.0,14.386493682861328,301.7013854980469,0.2800000309944153,23.506500244140625,0.2919999957084656,,,,,,,,,
1783526400000,2026-07-08 16:00:00,,,,21.10650062561035,42.0,1014.7999877929688,7.693671703338623,0.0,14.058449745178224,309.8055114746094,0.2399999946355819,23.10650062561035,0.2919999957084656,,,,,,,,,
1783530000000,2026-07-08 17:00:00,,,,20.95650100708008,46.0,1014.7000122070312,8.899345397949219,0.0,11.792404174804688,301.263671875,0.1800000071525573,22.35650062561035,0.2930000126361847,,,,,,,,,
1783533600000,2026-07-08 18:00:00,,,,20.30649948120117,50.0,1014.7999877929688,9.543076515197754,0.0,9.44957160949707,310.36444091796875,0.1299999952316284,21.45650100708008,0.2930000126361847,,,,,,,,,
1783537200000,2026-07-08 19:00:00,,,,19.256500244140625,56.0,1015.0999755859376,10.263213157653809,0.0,7.145795822143555,310.9142761230469,0.0900000035762786,20.506500244140625,0.2930000126361847,,,,,,,,,
1783540800000,2026-07-08 20:00:00,,,,17.9064998626709,66.0,1015.5,11.464405059814451,0.0,5.154415607452393,282.0947265625,0.0500000044703483,19.506500244140625,0.2939999997615814,,,,,,,,,
1783544400000,2026-07-08 21:00:00,,,,16.956501007080078,68.0,1015.5999755859376,11.009658813476562,0.0,5.154415607452393,282.0947265625,0.0299999993294477,18.60650062561035,0.2939999997615814,,,,,,,,,
1783548000000,2026-07-08 22:00:00,,,,16.056499481201172,72.0,1015.5999755859376,11.00858211517334,0.0,4.213691711425781,289.9831848144531,0.0199999995529651,17.806499481201172,0.2949999868869781,,,,,,,,,
1783551600000,2026-07-08 23:00:00,,,,15.356500625610352,73.0,1015.7000122070312,10.542452812194824,0.0,5.483356475830078,293.1986083984375,0.0199999995529651,17.056499481201172,0.2960000038146972,,,,,,,,,
1783555200000,2026-07-09 00:00:00,,,,16.85650062561035,59.0,1015.5999755859376,8.794541358947754,0.0,8.396570205688477,300.96368408203125,0.0299999993294477,18.4064998626709,0.2910000085830688,,,,,,,,,
1783558800000,2026-07-09 01:00:00,,,,16.056499481201172,58.0,1015.4000244140624,7.791997909545898,0.0,7.628262996673584,289.2901306152344,0.0299999993294477,17.756500244140625,0.2919999957084656,,,,,,,,,
1783562400000,2026-07-09 02:00:00,,,,15.256500244140623,61.0,1016.0,7.780620098114014,0.0,7.628262996673584,289.2901306152344,0.0299999993294477,17.206501007080078,0.2919999957084656,,,,,,,,,
1783566000000,2026-07-09 03:00:00,,,,14.456500053405762,63.0,1016.0999755859376,7.498035430908203,0.0,8.121970176696777,282.80426025390625,0.0299999993294477,16.6564998626709,0.2930000126361847,,,,,,,,,
1783569600000,2026-07-09 04:00:00,,,,13.856500625610352,65.0,1016.4000244140624,7.386707782745361,0.0,7.771330833435059,283.3925170898437,0.0299999993294477,16.206501007080078,0.2930000126361847,,,,,,,,,
1783573200000,2026-07-09 05:00:00,,,,14.106500625610352,65.0,1016.5,7.624268054962158,0.0,7.342587947845459,281.3099060058594,0.0500000044703483,16.206501007080078,0.2930000126361847,,,,,,,,,
1783576800000,2026-07-09 06:00:00,,,,14.956500053405762,65.0,1016.7000122070312,8.431886672973633,0.0,10.028438568115234,291.0375671386719,0.0799999982118606,16.9064998626709,0.2939999997615814,,,,,,,,,
1783580400000,2026-07-09 07:00:00,,,,16.006500244140625,65.0,1016.9000244140624,9.429346084594728,0.0,10.787993431091309,295.7098999023437,0.1099999994039535,18.05649948120117,0.2939999997615814,,,,,,,,,
1783584000000,2026-07-09 08:00:00,,,,17.4064998626709,61.0,1016.7000122070312,9.807476997375488,0.0,11.11345100402832,294.9047241210937,0.1500000059604644,19.55649948120117,0.2939999997615814,,,,,,,,,
1783587600000,2026-07-09 09:00:00,,,,19.10650062561035,56.0,1016.5999755859376,10.12332248687744,0.0,11.753876686096191,297.34979248046875,0.2000000178813934,21.20650100708008,0.2949999868869781,,,,,,,,,
1783591200000,2026-07-09 10:00:00,,,,20.70650100708008,51.0,1016.4000244140624,10.207167625427246,0.0,12.904882431030272,300.14129638671875,0.25,22.80649948120117,0.2949999868869781,,,,,,,,,
1783594800000,2026-07-09 11:00:00,,,,22.05649948120117,46.0,1016.4000244140624,9.90096950531006,0.0,13.77911376953125,303.27490234375,0.270000010728836,24.20650100708008,0.2949999868869781,,,,,,,,,
1783598400000,2026-07-09 12:00:00,,,,23.05649948120117,43.0,1016.2000122070312,9.800688743591309,0.0,13.392773628234863,306.2539367675781,0.270000010728836,25.30649948120117,0.2949999868869781,,,,,,,,,
1783602000000,2026-07-09 13:00:00,,,,23.85650062561035,40.0,1015.9000244140624,9.441997528076172,0.0,13.32486343383789,308.4180908203125,0.270000010728836,26.10650062561035,0.2949999868869781,,,,,,,,,
1783605600000,2026-07-09 14:00:00,,,,24.35650062561035,36.0,1015.7000122070312,8.32562255859375,0.0,12.76858615875244,310.4259948730469,0.2599999904632568,26.55649948120117,0.2949999868869781,,,,,,,,,
1783609200000,2026-07-09 15:00:00,,,,24.506500244140625,39.0,1015.5999755859376,9.645657539367676,0.0,11.72075080871582,312.5104064941406,0.2300000041723251,26.506500244140625,0.2949999868869781,,,,,,,,,
1783612800000,2026-07-09 16:00:00,,,,24.60650062561035,37.0,1015.2000122070312,8.952040672302246,0.0,14.773163795471191,316.97491455078125,0.2000000178813934,26.10650062561035,0.2960000038146972,,,,,,,,,
1783616400000,2026-07-09 17:00:00,,,,24.35650062561035,36.0,1015.0,8.32562255859375,0.0,11.269782066345217,333.4350280761719,0.1599999964237213,25.256500244140625,0.2960000038146972,,,,,,,,,
1783620000000,2026-07-09 18:00:00,,,,23.55649948120117,39.0,1015.0999755859376,8.798095703125,0.0,10.086426734924316,304.8245544433594,0.1199999973177909,24.30649948120117,0.2960000038146972,,,,,,,,,
1783623600000,2026-07-09 19:00:00,,,,22.05649948120117,50.0,1015.7000122070312,11.152510643005373,0.0,9.65981388092041,296.5649719238281,0.0799999982118606,23.05649948120117,0.296999990940094,,,,,,,,,
1783627200000,2026-07-09 20:00:00,,,,20.506500244140625,58.0,1016.2000122070312,11.96035385131836,0.0,7.412853240966797,299.05450439453125,0.0500000044703483,21.85650062561035,0.2980000078678131,,,,,,,,,
1783630800000,2026-07-09 21:00:00,,,,19.20650100708008,64.0,1016.4000244140624,12.231886863708496,0.0,4.693825721740723,302.4711608886719,0.0299999993294477,20.756500244140625,0.2980000078678131,,,,,,,,,
1783634400000,2026-07-09 22:00:00,,,,18.256500244140625,68.0,1016.7999877929688,12.250723838806152,0.0,4.198285102844238,300.96368408203125,0.0199999995529651,19.85650062561035,0.2989999949932098,,,,,,,,,
1783638000000,2026-07-09 23:00:00,,,,17.506500244140625,73.0,1017.0999755859376,12.61276626586914,0.0,3.5999999046325684,306.8699645996094,0.0099999997764825,19.10650062561035,0.2989999949932098,,,,,,,,,
1783641600000,2026-07-10 00:00:00,,,,15.356500625610352,82.0,1017.2999877929688,12.299812316894531,0.0,2.189794540405273,260.5377502441406,0.0099999997764825,17.556499481201172,0.2870000004768371,,,,,,,,,
1783645200000,2026-07-10 01:00:00,,,,14.906499862670898,83.0,1017.2000122070312,12.0443754196167,0.0,1.4843180179595947,255.96372985839844,0.0,16.956501007080078,0.2870000004768371,,,,,,,,,
1783648800000,2026-07-10 02:00:00,,,,14.506500244140623,83.0,1017.0999755859376,11.653196334838867,0.0,1.2979984283447266,213.69009399414065,0.0,16.456501007080078,0.2879999876022339,,,,,,,,,
1783652400000,2026-07-10 03:00:00,,,,14.006500244140623,86.0,1017.0,11.700968742370604,0.0,0.5091168880462646,224.99989318847656,0.0,16.006500244140625,0.2879999876022339,,,,,,,,,
1783656000000,2026-07-10 04:00:00,,,,14.306500434875488,85.0,1017.0999755859376,11.81813621520996,0.0,0.8049845099449158,243.4350128173828,0.0,15.806500434875488,0.2879999876022339,,,,,,,,,
1783659600000,2026-07-10 05:00:00,,,,15.456500053405762,81.0,1017.2000122070312,12.210693359375,0.0,1.6099690198898315,296.5649719238281,0.0099999997764825,16.206501007080078,0.289000004529953,,,,,,,,,
1783663200000,2026-07-10 06:00:00,,,,16.806499481201172,77.0,1017.4000244140624,12.751016616821287,0.0,2.595996856689453,303.6900939941406,0.0500000044703483,17.35650062561035,0.289000004529953,,,,,,,,,
1783666800000,2026-07-10 07:00:00,,,,18.4064998626709,73.0,1017.2000122070312,13.47921657562256,0.0,4.198285102844238,300.96368408203125,0.1000000089406967,18.9064998626709,0.289000004529953,,,,,,,,,
1783670400000,2026-07-10 08:00:00,,,,20.006500244140625,66.0,1017.2000122070312,13.461602210998535,0.0,7.145795822143555,310.9142761230469,0.1400000154972076,20.506500244140625,0.2899999916553497,,,,,,,,,
1783674000000,2026-07-10 09:00:00,,,,21.506500244140625,56.0,1017.0,12.360950469970703,0.0,9.178235054016112,311.820068359375,0.1899999976158142,21.95650100708008,0.2899999916553497,,,,,,,,,
1783677600000,2026-07-10 10:00:00,,,,22.80649948120117,51.0,1016.7999877929688,12.142685890197754,0.0,9.199390411376951,300.5791320800781,0.270000010728836,23.60650062561035,0.2899999916553497,,,,,,,,,
1783681200000,2026-07-10 11:00:00,,,,23.80649948120117,48.0,1016.4000244140624,12.139010429382324,0.0,9.29051113128662,305.5377502441406,0.3000000119209289,25.20650100708008,0.2899999916553497,,,,,,,,,
1783684800000,2026-07-10 12:00:00,,,,24.85650062561035,47.0,1016.2999877929688,12.776987075805664,0.0,8.942214012145996,310.100830078125,0.3000000119209289,26.45650100708008,0.2899999916553497,,,,,,,,,
1783688400000,2026-07-10 13:00:00,,,,25.60650062561035,40.0,1016.0999755859376,11.00752067565918,0.0,10.82995891571045,344.5777587890625,0.2800000309944153,27.006500244140625,0.2899999916553497,,,,,,,,,
1783692000000,2026-07-10 14:00:00,,,,26.256500244140625,34.0,1015.9000244140624,9.152383804321287,0.0,11.592894554138184,334.230712890625,0.2800000309944153,27.35650062561035,0.2899999916553497,,,,,,,,,
1783692381213,2026-07-10 14:06:21,100.0,-139.0,-22.25,,,,,,,,,,,,,,,,,,,
1783695600000,2026-07-10 15:00:00,,,,26.4064998626709,35.0,1015.7000122070312,9.715511322021484,0.0,9.6932954788208,344.93145751953125,0.2599999904632568,27.35650062561035,0.2899999916553497,,,,,,,,,
1783699200000,2026-07-10 16:00:00,,,,26.756500244140625,34.0,1015.5999755859376,9.590834617614746,0.0,8.89134407043457,338.6293029785156,0.2199999988079071,26.95650100708008,0.2899999916553497,,,,,,,,,
1783702800000,2026-07-10 17:00:00,,,,25.80649948120117,36.0,1015.7999877929688,9.60655403137207,0.0,10.446206092834473,358.02508544921875,0.1700000017881393,26.05649948120117,0.2910000085830688,,,,,,,,,
1783706400000,2026-07-10 18:00:00,,,,24.70650100708008,37.0,1015.9000244140624,9.04068374633789,0.0,7.594207286834717,5.440250396728516,0.1299999952316284,25.006500244140625,0.2910000085830688,,,,,,,,,
1783710000000,2026-07-10 19:00:00,,,,23.10650062561035,46.0,1016.0,10.856715202331545,0.0,4.802999019622803,347.00537109375,0.0799999982118606,23.80649948120117,0.2919999957084656,,,,,,,,,
1783713600000,2026-07-10 20:00:00,,,,21.60650062561035,54.0,1016.4000244140624,11.90115451812744,0.0,4.0249223709106445,333.4350280761719,0.0399999991059303,22.45650100708008,0.2919999957084656,,,,,,,,,
1783717200000,2026-07-10 21:00:00,,,,20.4064998626709,57.0,1016.9000244140624,11.603193283081056,0.0,3.826852560043335,318.81414794921875,0.0199999995529651,21.30649948120117,0.2930000126361847,,,,,,,,,
1783720800000,2026-07-10 22:00:00,,,,19.006500244140625,61.0,1017.7999877929688,11.315202713012695,0.0,3.3190360069274902,310.6012268066406,0.0199999995529651,20.30649948120117,0.2930000126361847,,,,,,,,,
1783724400000,2026-07-10 23:00:00,,,,18.256500244140625,64.0,1018.2999877929688,11.331657409667969,0.0,2.545584201812744,278.1300048828125,0.0099999997764825,19.4064998626709,0.2939999997615814,,,,,,,,,
1783728000000,2026-07-11 00:00:00,,,,17.60650062561035,81.0,1017.2999877929688,14.306822776794434,0.0,3.054701328277588,315.0000915527344,0.0099999997764825,19.006500244140625,0.2820000052452087,,,,,,,,,
1783731600000,2026-07-11 01:00:00,,,,17.256500244140625,83.0,1018.0999755859376,14.34228229522705,0.0,2.545584201812744,315.0000915527344,0.0099999997764825,18.55649948120117,0.2820000052452087,,,,,,,,,
1783735200000,2026-07-11 02:00:00,,,,16.956501007080078,84.0,1018.4000244140624,14.233884811401367,0.0,2.595996856689453,326.3099060058594,0.0099999997764825,18.256500244140625,0.2829999923706054,,,,,,,,,
1783738800000,2026-07-11 03:00:00,,,,16.706501007080078,82.0,1018.7000122070312,13.61798095703125,0.0,3.096837043762207,305.5377502441406,0.0099999997764825,18.006500244140625,0.2829999923706054,,,,,,,,,
1783742400000,2026-07-11 04:00:00,,,,16.456501007080078,84.0,1018.9000244140624,13.744291305541992,0.0,3.89399528503418,326.3099060058594,0.0099999997764825,17.706501007080078,0.2829999923706054,,,,,,,,,
1783746000000,2026-07-11 05:00:00,,,,16.806499481201172,77.0,1019.4000244140624,12.751016616821287,0.0,4.829906940460205,333.4350280761719,0.0299999993294477,17.85650062561035,0.2840000092983246,,,,,,,,,
1783749600000,2026-07-11 06:00:00,,,,17.456501007080078,71.0,1019.7000122070312,12.141629219055176,0.0,3.877318382263184,338.1985168457031,0.0900000035762786,18.6564998626709,0.2840000092983246,,,,,,,,,
1783753200000,2026-07-11 07:00:00,,,,18.70650100708008,67.0,1019.7000122070312,12.45429515838623,0.0,4.6102495193481445,321.3401794433594,0.1400000154972076,19.9064998626709,0.2840000092983246,,,,,,,,,
1783756800000,2026-07-11 08:00:00,,,,20.35650062561035,63.0,1019.7999877929688,13.08000946044922,0.0,5.315336227416992,331.6993408203125,0.2000000178813934,21.45650100708008,0.2840000092983246,,,,,,,,,
1783760400000,2026-07-11 09:00:00,,,,21.85650062561035,56.0,1019.7999877929688,12.687156677246094,0.0,7.56856632232666,357.27374267578125,0.270000010728836,23.10650062561035,0.2840000092983246,,,,,,,,,
1783764000000,2026-07-11 10:00:00,,,,22.85650062561035,49.0,1020.0,11.581827163696287,0.0,10.182336807250977,8.130019187927246,0.2800000309944153,23.95650100708008,0.2840000092983246,,,,,,,,,
1783764373365,2026-07-11 10:06:13,100.0,-134.0,-18.75,,,,,,,,,,,41.22,45.11,47.12,,,,466.49,393.97,333.84
1783767600000,2026-07-11 11:00:00,,,,23.80649948120117,45.0,1019.7999877929688,11.161693572998049,0.0,10.440000534057615,360.0,0.2900000214576721,24.6564998626709,0.2840000092983246,,,,,,,,,
1783771200000,2026-07-11 12:00:00,,,,24.6564998626709,42.0,1019.7000122070312,10.890117645263672,0.0,11.901798248291016,3.468169927597046,0.2900000214576721,25.256500244140625,0.2840000092983246,,,,,,,,,
1783774800000,2026-07-11 13:00:00,,,,24.9064998626709,41.0,1019.5,10.752193450927734,0.0,8.427383422851562,340.0168151855469,0.2900000214576721,25.85650062561035,0.2840000092983246,,,,,,,,,
1783778400000,2026-07-11 14:00:00,,,,25.45650100708008,38.0,1019.2999877929688,10.103702545166016,0.0,12.41347599029541,343.1415100097656,0.2599999904632568,25.95650100708008,0.2840000092983246,,,,,,,,,
1783782000000,2026-07-11 15:00:00,,,,25.70650100708008,38.0,1019.0999755859376,10.32591724395752,0.0,9.44957160949707,342.2552185058594,0.25,25.80649948120117,0.2840000092983246,,,,,,,,,
1783785600000,2026-07-11 16:00:00,,,,25.4064998626709,40.0,1018.9000244140624,10.828658103942873,0.0,9.007196426391602,2.2905633449554443,0.2300000041723251,25.756500244140625,0.2849999964237213,,,,,,,,,
1783789200000,2026-07-11 17:00:00,,,,24.756500244140625,42.0,1018.9000244140624,10.980093955993652,0.0,6.479999542236328,360.0,0.1599999964237213,25.006500244140625,0.2849999964237213,,,,,,,,,
1783792800000,2026-07-11 18:00:00,,,,23.9064998626709,48.0,1018.9000244140624,12.230453491210938,0.0,6.877789497375488,42.87890625,0.1199999973177909,24.256500244140625,0.2849999964237213,,,,,,,,,
1783796400000,2026-07-11 19:00:00,,,,22.6564998626709,56.0,1019.0999755859376,13.432650566101074,0.0,1.938659191131592,21.801475524902344,0.0599999986588954,23.256500244140625,0.2860000133514404,,,,,,,,,
1783800000000,2026-07-11 20:00:00,,,,20.85650062561035,63.0,1019.5,13.552741050720217,0.0,4.510787010192871,28.61036872863769,0.0199999995529651,22.1564998626709,0.2860000133514404,,,,,,,,,
1783803600000,2026-07-11 21:00:00,,,,19.20650100708008,66.0,1019.9000244140624,12.700860977172852,0.0,1.6099690198898315,333.4350280761719,0.0199999995529651,21.006500244140625,0.2870000004768371,,,,,,,,,
1783807200000,2026-07-11 22:00:00,,,,18.6564998626709,66.0,1020.2999877929688,12.177780151367188,0.0,1.7999999523162842,306.8699645996094,0.0099999997764825,19.95650100708008,0.2870000004768371,,,,,,,,,
1783810800000,2026-07-11 23:00:00,,,,17.706501007080078,72.0,1020.7999877929688,12.594720840454102,0.0,2.099142551422119,329.03631591796875,0.0099999997764825,19.256500244140625,0.2879999876022339,,,,,,,,,
1783814400000,2026-07-12 00:00:00,,,,19.1564998626709,65.0,1020.0,12.420495986938477,0.0,4.6102495193481445,321.3401794433594,0.0299999993294477,20.4064998626709,0.2759999930858612,,,,,,,,,
1783818000000,2026-07-12 01:00:00,,,,17.9064998626709,71.0,1020.5999755859376,12.573437690734863,0.0,5.191993713378906,303.6900939941406,0.0299999993294477,19.756500244140625,0.2759999930858612,,,,,,,,,
1783821600000,2026-07-12 02:00:00,,,,17.1564998626709,73.0,1020.5999755859376,12.275779724121094,0.0,3.219938039779663,296.5649719238281,0.0199999995529651,19.006500244140625,0.2770000100135803,,,,,,,,,
1783825200000,2026-07-12 03:00:00,,,,16.35650062561035,77.0,1020.7000122070312,12.314947128295898,0.0,2.099142551422119,300.96368408203125,0.0099999997764825,18.256500244140625,0.2770000100135803,,,,,,,,,
1783828800000,2026-07-12 04:00:00,,,,15.856500625610352,83.0,1020.7000122070312,12.973373413085938,0.0,2.741678237915039,336.8013916015625,0.0099999997764825,17.756500244140625,0.2770000100135803,,,,,,,,,
1783832400000,2026-07-12 05:00:00,,,,17.10650062561035,76.0,1020.5999755859376,12.841757774353027,0.0,3.054701328277588,315.0000915527344,0.0299999993294477,17.956501007080078,0.277999997138977,,,,,,,,,
1783836000000,2026-07-12 06:00:00,,,,18.6564998626709,69.0,1020.5999755859376,12.855508804321287,0.0,4.33497428894043,311.6334533691406,0.0799999982118606,18.9064998626709,0.277999997138977,,,,,,,,,
1783839600000,2026-07-12 07:00:00,,,,20.95650100708008,61.0,1020.4000244140624,13.152015686035156,0.0,9.65981388092041,296.5649719238281,0.1500000059604644,20.20650100708008,0.277999997138977,,,,,,,,,
1783843200000,2026-07-12 08:00:00,,,,22.506500244140625,55.0,1020.2000122070312,13.01679229736328,0.0,12.074766159057615,296.5649719238281,0.2100000232458114,21.45650100708008,0.277999997138977,,,,,,,,,
1783846800000,2026-07-12 09:00:00,,,,23.60650062561035,54.0,1020.2999877929688,13.756637573242188,0.0,12.387348175048828,305.5377502441406,0.2300000041723251,22.4064998626709,0.277999997138977,,,,,,,,,
1783850400000,2026-07-12 10:00:00,,,,25.30649948120117,49.0,1020.2000122070312,13.827581405639648,0.0,12.287554740905762,328.1725769042969,0.270000010728836,23.60650062561035,0.277999997138977,,,,,,,,,
1783854000000,2026-07-12 11:00:00,,,,26.80649948120117,43.0,1019.7000122070312,13.184000015258787,0.0,12.48115348815918,326.7682800292969,0.3000000119209289,24.6564998626709,0.277999997138977,,,,,,,,,
1783857600000,2026-07-12 12:00:00,,,,27.006500244140625,41.0,1019.4000244140624,12.63540744781494,0.0,12.324414253234863,353.2902526855469,0.270000010728836,25.10650062561035,0.277999997138977,,,,,,,,,
1783861200000,2026-07-12 13:00:00,,,,27.506500244140625,39.0,1019.2000122070312,12.319979667663574,0.0,9.227523803710938,339.4438781738281,0.270000010728836,25.70650100708008,0.277999997138977,,,,,,,,,
1783864800000,2026-07-12 14:00:00,,,,27.20650100708008,40.0,1019.0,12.437886238098145,0.0,8.70723819732666,7.124929904937744,0.2399999946355819,25.756500244140625,0.277999997138977,,,,,,,,,
1783868400000,2026-07-12 15:00:00,,,,28.35650062561035,37.0,1018.5,12.273478507995604,0.0,6.489992141723633,340.55987548828125,0.2599999904632568,26.4064998626709,0.277999997138977,,,,,,,,,
1783872000000,2026-07-12 16:00:00,,,,27.60650062561035,41.0,1018.2999877929688,13.173187255859377,0.0,9.29051113128662,35.53776550292969,0.2300000041723251,26.45650100708008,0.277999997138977,,,,,,,,,
1783875600000,2026-07-12 17:00:00,,,,27.70650100708008,42.0,1018.2000122070312,13.63288402557373,0.0,3.976329803466797,354.8056640625,0.1700000017881393,26.1564998626709,0.277999997138977,,,,,,,,,
1783879200000,2026-07-12 18:00:00,,,,26.506500244140625,45.0,1018.5999755859376,13.610695838928224,0.0,5.052840709686279,4.085536956787109,0.1299999952316284,25.506500244140625,0.2790000140666961,,,,,,,,,
1783882800000,2026-07-12 19:00:00,,,,24.05649948120117,57.0,1019.5,15.011752128601074,0.0,2.4149534702301025,116.5649871826172,0.0900000035762786,24.4064998626709,0.2790000140666961,,,,,,,,,
1783886400000,2026-07-12 20:00:00,,,,22.55649948120117,63.0,1020.0,15.159652709960938,0.0,1.8356469869613647,258.6900939941406,0.0099999997764825,23.10650062561035,0.2790000140666961,,,,,,,,,
1783890000000,2026-07-12 21:00:00,,,,20.95650100708008,70.0,1020.2999877929688,15.27819538116455,0.0,1.527350664138794,315.0000915527344,0.0099999997764825,21.95650100708008,0.2800000011920929,,,,,,,,,
1783893600000,2026-07-12 22:00:00,,,,20.20650100708008,73.0,1020.7000122070312,15.211788177490234,0.0,3.877318382263184,291.8014831542969,0.0099999997764825,21.006500244140625,0.2800000011920929,,,,,,,,,
1783897200000,2026-07-12 23:00:00,,,,19.506500244140625,67.0,1020.9000244140624,13.216472625732422,0.0,4.693825721740723,302.4711608886719,0.0199999995529651,20.20650100708008,0.2800000011920929,,,,,,,,,
1783900800000,2026-07-13 00:00:00,,,,18.756500244140625,79.0,1021.0,15.038497924804688,0.0,1.8356469869613647,281.3099060058594,0.0099999997764825,19.95650100708008,0.270000010728836,,,,,,,,,
1783904400000,2026-07-13 01:00:00,,,,17.6564998626709,83.0,1021.4000244140624,14.733367919921877,0.0,3.096837043762207,324.4622497558594,0.0,19.30649948120117,0.270000010728836,,,,,,,,,
1783908000000,2026-07-13 02:00:00,,,,17.60650062561035,80.0,1021.5,14.114906311035156,0.0,2.811689853668213,309.8055114746094,0.0099999997764825,18.80649948120117,0.270000010728836,,,,,,,,,
1783911600000,2026-07-13 03:00:00,,,,17.006500244140625,84.0,1021.5999755859376,14.28283977508545,0.0,2.099142551422119,300.96368408203125,0.0,18.4064998626709,0.2709999978542328,,,,,,,,,
1783915200000,2026-07-13 04:00:00,,,,16.806499481201172,87.0,1021.9000244140624,14.629758834838867,0.0,2.189794540405273,279.4622497558594,0.0,18.05649948120117,0.2709999978542328,,,,,,,,,
1783918800000,2026-07-13 05:00:00,,,,17.956501007080078,85.0,1021.9000244140624,15.397404670715332,0.0,3.5999999046325684,306.8699645996094,0.0199999995529651,18.35650062561035,0.2709999978542328,,,,,,,,,
1783922400000,2026-07-13 06:00:00,,,,19.20650100708008,81.0,1021.7999877929688,15.866446495056152,0.0,3.826852560043335,318.81414794921875,0.0700000077486038,19.35650062561035,0.2720000147819519,,,,,,,,,
1783926000000,2026-07-13 07:00:00,,,,20.6564998626709,77.0,1021.7000122070312,16.48091697692871,0.0,2.811689853668213,320.1944885253906,0.1199999973177909,20.756500244140625,0.2720000147819519,,,,,,,,,
1783929600000,2026-07-13 08:00:00,,,,22.506500244140625,68.0,1021.5,16.30608367919922,0.0,3.877318382263184,338.1985168457031,0.1700000017881393,22.20650100708008,0.2720000147819519,,,,,,,,,
1783933200000,2026-07-13 09:00:00,,,,24.05649948120117,62.0,1021.4000244140624,16.325529098510742,0.0,4.349896430969238,335.5560607910156,0.2599999904632568,23.95650100708008,0.2720000147819519,,,,,,,,,
1783936800000,2026-07-13 10:00:00,,,,25.20650100708008,59.0,1021.2000122070312,16.626739501953125,0.0,6.489992141723633,356.8202209472656,0.3199999928474426,25.60650062561035,0.2709999978542328,,,,,,,,,
1783940400000,2026-07-13 11:00:00,,,,26.55649948120117,52.0,1020.7000122070312,15.899506568908691,0.0,7.421589851379394,14.036274909973145,0.3199999928474426,26.70650100708008,0.2709999978542328,,,,,,,,,
1783944000000,2026-07-13 12:00:00,,,,27.256500244140625,49.0,1020.5999755859376,15.613767623901367,0.0,6.6380720138549805,12.52879810333252,0.3300000131130218,27.506500244140625,0.2709999978542328,,,,,,,,,
1783947600000,2026-07-13 13:00:00,,,,28.05649948120117,46.0,1020.2999877929688,15.357684135437012,0.0,5.86037540435791,10.619609832763672,0.3199999928474426,28.05649948120117,0.2709999978542328,,,,,,,,,
1783951200000,2026-07-13 14:00:00,,,,28.55649948120117,42.0,1019.9000244140624,14.396685600280762,0.0,9.826087951660156,8.426886558532715,0.3300000131130218,28.70650100708008,0.2709999978542328,,,,,,,,,
1783954800000,2026-07-13 15:00:00,,,,28.85650062561035,40.0,1019.2999877929688,13.911981582641602,0.0,3.2599384784698486,6.340100288391113,0.3100000023841858,28.80649948120117,0.2709999978542328,,,,,,,,,
1783958400000,2026-07-13 16:00:00,,,,28.506500244140625,40.0,1018.7000122070312,13.599372863769531,0.0,8.427383422851562,19.983198165893555,0.2599999904632568,28.30649948120117,0.2709999978542328,,,,,,,,,
1783962000000,2026-07-13 17:00:00,,,,27.85650062561035,43.0,1018.4000244140624,14.130480766296388,0.0,6.608721733093262,29.35765838623047,0.2000000178813934,27.506500244140625,0.2709999978542328,,,,,,,,,
1783965600000,2026-07-13 18:00:00,,,,26.6564998626709,50.0,1018.4000244140624,15.378860473632812,0.0,6.193674087524414,35.53776550292969,0.1400000154972076,26.6564998626709,0.2709999978542328,,,,,,,,,
1783965914782,2026-07-13 18:05:14,100.0,-137.0,-18.5,,,,,,,,,,,,,,18.37,17.94,16.55,,,
1783969200000,2026-07-13 19:00:00,,,,24.60650062561035,59.0,1018.5999755859376,16.06446647644043,0.0,3.877318382263184,68.19853210449219,0.0799999982118606,25.45650100708008,0.2709999978542328,,,,,,,,,
1783972800000,2026-07-13 20:00:00,,,,22.756500244140625,65.0,1018.7999877929688,15.836694717407228,0.0,2.189794540405273,80.53775024414062,0.0299999993294477,24.10650062561035,0.2720000147819519,,,,,,,,,
1783976400000,2026-07-13 21:00:00,,,,22.05649948120117,67.0,1019.0,15.645187377929688,0.0,1.2979984283447266,146.30990600585938,0.0,23.006500244140625,0.2720000147819519,,,,,,,,,
1783980000000,2026-07-13 22:00:00,,,,20.6564998626709,74.0,1019.0999755859376,15.857577323913574,0.0,1.938659191131592,21.801475524902344,0.0,22.1564998626709,0.2720000147819519,,,,,,,,,
1783980311116,2026-07-13 22:05:11,100.0,-127.0,-8.75,,,,,,,,,,,,,,18.46,17.91,16.67,,,
1783983600000,2026-07-13 23:00:00,,,,19.006500244140625,85.0,1019.2000122070312,16.426868438720703,0.0,1.6099690198898315,63.43501281738281,0.0099999997764825,21.30649948120117,0.2730000019073486,,,,,,,,,
1783987200000,2026-07-14 00:00:00,,,,19.6564998626709,83.0,1019.0,16.688600540161133,0.0,2.27683973312378,71.5649642944336,0.0099999997764825,21.256500244140625,0.2639999985694885,,,,,,,,,
1783990800000,2026-07-14 01:00:00,,,,19.756500244140625,82.0,1018.5999755859376,16.595458984375,0.0,4.394360065460205,145.00790405273438,0.0099999997764825,20.9064998626709,0.2639999985694885,,,,,,,,,
1783994400000,2026-07-14 02:00:00,,,,19.55649948120117,81.0,1018.7999877929688,16.20758056640625,0.0,2.27683973312378,108.43504333496094,0.0099999997764825,20.60650062561035,0.2639999985694885,,,,,,,,,
1783998000000,2026-07-14 03:00:00,,,,19.1564998626709,86.0,1018.7999877929688,16.758089065551758,0.0,3.096837043762207,125.53776550292967,0.0099999997764825,20.4064998626709,0.2649999856948852,,,,,,,,,
1784001600000,2026-07-14 04:00:00,,,,19.006500244140625,87.0,1018.7999877929688,16.79290199279785,0.0,1.1384198665618896,341.56494140625,0.0099999997764825,20.20650100708008,0.2649999856948852,,,,,,,,,
1784005200000,2026-07-14 05:00:00,,,,19.60650062561035,85.0,1018.7000122070312,17.015106201171875,0.0,1.7999999523162842,306.8699645996094,0.0199999995529651,20.30649948120117,0.2649999856948852,,,,,,,,,
1784008800000,2026-07-14 06:00:00,,,,20.85650062561035,80.0,1018.9000244140624,17.27788543701172,0.0,1.527350664138794,135.00010681152344,0.0700000077486038,20.95650100708008,0.2649999856948852,,,,,,,,,
1784012400000,2026-07-14 07:00:00,,,,22.30649948120117,72.0,1019.0,17.014596939086914,0.0,2.4149534702301025,63.43501281738281,0.1299999952316284,22.10650062561035,0.2649999856948852,,,,,,,,,
1784016000000,2026-07-14 08:00:00,,,,23.45650100708008,72.0,1019.0999755859376,18.119091033935547,0.0,2.9024126529693604,119.74478912353516,0.1700000017881393,23.256500244140625,0.2649999856948852,,,,,,,,,
1784019600000,2026-07-14 09:00:00,,,,25.20650100708008,60.0,1019.0,16.891565322875977,0.0,5.191993713378906,56.30991363525391,0.1899999976158142,24.35650062561035,0.2649999856948852,,,,,,,,,
1784023200000,2026-07-14 10:00:00,,,,25.05649948120117,59.0,1019.0,16.486175537109375,0.0,5.191993713378906,56.30991363525391,0.2199999988079071,24.9064998626709,0.2649999856948852,,,,,,,,,
1784026800000,2026-07-14 11:00:00,,,,25.95650100708008,57.0,1018.5999755859376,16.78483009338379,0.0,5.241678714752197,74.05453491210938,0.2599999904632568,25.70650100708008,0.2649999856948852,,,,,,,,,
1784030400000,2026-07-14 12:00:00,,,,26.256500244140625,57.0,1018.5,17.06470489501953,0.0,5.600285530090332,44.99989700317383,0.2300000041723251,26.30649948120117,0.2649999856948852,,,,,,,,,
1784034000000,2026-07-14 13:00:00,,,,26.10650062561035,60.0,1018.2999877929688,17.736549377441406,0.0,7.412853240966797,29.05450820922852,0.2000000178813934,26.256500244140625,0.2649999856948852,,,,,,,,,
1784037600000,2026-07-14 14:00:00,,,,26.45650100708008,58.0,1017.7999877929688,17.526653289794922,0.0,7.636752605438232,44.99989700317383,0.2300000041723251,26.756500244140625,0.2649999856948852,,,,,,,,,
1784037901274,2026-07-14 14:05:01,100.0,-128.0,-11.75,,,,,,,,,,,40.88,44.88,46.64,,,,465.41,393.25,332.4
1784041200000,2026-07-14 15:00:00,,,,25.95650100708008,61.0,1017.2999877929688,17.858123779296875,0.0,12.475960731506348,43.83095169067383,0.2100000232458114,26.756500244140625,0.2649999856948852,,,,,,,,,
1784044800000,2026-07-14 16:00:00,,,,25.4064998626709,60.0,1017.5999755859376,17.07935333251953,0.0,12.30336570739746,69.4438705444336,0.1899999976158142,26.506500244140625,0.2649999856948852,,,,,,,,,
1784048400000,2026-07-14 17:00:00,,,,20.60650062561035,88.0,1018.0999755859376,18.54834747314453,5.099999904632568,16.19999885559082,216.86997985839844,0.1199999973177909,25.35650062561035,0.2660000026226043,,,,,,,,,
1784052000000,2026-07-14 18:00:00,,,,20.506500244140625,92.0,1018.0,19.161396026611328,19.5,5.759999752044678,90.0,0.0599999986588954,23.6564998626709,0.2720000147819519,,,,,,,,,
1784055600000,2026-07-14 19:00:00,,,,20.55649948120117,90.0,1018.2999877929688,18.858476638793945,0.2000000029802322,5.039999961853027,360.0,0.0399999991059303,22.9064998626709,0.2730000019073486,,,,,,,,,
1784059200000,2026-07-14 20:00:00,,,,20.30649948120117,89.0,1018.7999877929688,18.43323135375977,0.0,1.8356469869613647,281.3099060058594,0.0199999995529651,22.256500244140625,0.2730000019073486,,,,,,,,,
1784062800000,2026-07-14 21:00:00,,,,20.35650062561035,86.0,1019.0,17.936189651489258,0.0,2.741678237915039,336.8013916015625,0.0099999997764825,21.756500244140625,0.2739999890327453,,,,,,,,,
1784066400000,2026-07-14 22:00:00,,,,19.9064998626709,86.0,1019.0999755859376,17.494413375854492,0.0,3.9600000381469727,360.0,0.0199999995529651,21.4064998626709,0.2739999890327453,,,,,,,,,
1784070000000,2026-07-14 23:00:00,,,,19.60650062561035,84.0,1019.2999877929688,16.82839584350586,0.0,3.054701328277588,315.0000915527344,0.0199999995529651,21.006500244140625,0.2739999890327453,,,,,,,,,
1784073600000,2026-07-15 00:00:00,,,,18.60650062561035,87.0,1019.4000244140624,16.399629592895508,0.0,3.3190360069274902,130.60121154785156,0.0199999995529651,21.6564998626709,0.2569999992847442,,,,,,,,,
1784077200000,2026-07-15 01:00:00,,,,18.256500244140625,88.0,1019.7000122070312,16.234731674194336,1.2999999523162842,2.968636035919189,75.96372985839844,0.0199999995529651,21.20650100708008,0.2569999992847442,,,,,,,,,
1784080800000,2026-07-15 02:00:00,,,,18.05649948120117,89.0,1020.0,16.214990615844727,0.800000011920929,0.3599999845027923,180.0,0.0199999995529651,20.80649948120117,0.257999986410141,,,,,,,,,
1784081083521,2026-07-15 02:04:43,100.0,-128.0,-9.25,,,,,,,,,,,,,,18.86,17.58,16.87,,,
1784081089056,2026-07-15 02:04:49,100.0,-124.0,-3.5,,,,,,,,,,,40.84,44.82,46.57,,,,465.27,393.09,332.19
1784084400000,2026-07-15 03:00:00,,,,17.9064998626709,87.0,1019.5,15.711371421813965,0.1000000014901161,6.1516828536987305,20.556127548217773,0.0199999995529651,20.45650100708008,0.2590000033378601,,,,,,,,,
1784088000000,2026-07-15 04:00:00,,,,17.806499481201172,85.0,1019.5,15.250324249267578,0.0,5.052840709686279,4.085536956787109,0.0199999995529651,20.1564998626709,0.2590000033378601,,,,,,,,,
1784091600000,2026-07-15 05:00:00,,,,17.60650062561035,85.0,1019.5,15.054229736328123,0.0,5.411986351013184,356.1860046386719,0.0299999993294477,20.006500244140625,0.2599999904632568,,,,,,,,,
1784095200000,2026-07-15 06:00:00,,,,17.956501007080078,85.0,1020.7000122070312,15.397404670715332,0.0,6.369049549102783,42.70936584472656,0.0500000044703483,20.1564998626709,0.2599999904632568,,,,,,,,,
1784098800000,2026-07-15 07:00:00,,,,18.506500244140625,80.0,1021.2000122070312,14.9909086227417,0.0,6.287129878997803,66.37061309814453,0.0799999982118606,20.60650062561035,0.2599999904632568,,,,,,,,,
1784102400000,2026-07-15 08:00:00,,,,20.45650100708008,70.0,1021.0999755859376,14.799452781677246,0.0,7.244860172271728,63.43501281738281,0.1299999952316284,21.506500244140625,0.2599999904632568,,,,,,,,,
1784106000000,2026-07-15 09:00:00,,,,22.20650100708008,61.0,1021.0,14.3290376663208,0.0,7.386581897735596,46.97492980957031,0.2000000178813934,23.05649948120117,0.2599999904632568,,,,,,,,,
1784109600000,2026-07-15 10:00:00,,,,23.6564998626709,53.0,1020.7000122070312,13.515464782714844,0.0,8.654987335205078,44.99989700317383,0.2300000041723251,24.95650100708008,0.2590000033378601,,,,,,,,,
1784113200000,2026-07-15 11:00:00,,,,23.9064998626709,51.0,1020.5999755859376,13.15603733062744,0.0,6.92473840713501,62.10282897949219,0.1700000017881393,25.55649948120117,0.2590000033378601,,,,,,,,,
1784116800000,2026-07-15 12:00:00,,,,24.70650100708008,47.0,1020.2999877929688,12.640207290649414,0.0,4.510787010192871,28.61036872863769,0.1500000059604644,25.85650062561035,0.2590000033378601,,,,,,,,,
1784120400000,2026-07-15 13:00:00,,,,25.45650100708008,45.0,1020.2000122070312,12.658587455749512,0.0,5.154415607452393,77.90525817871094,0.1700000017881393,26.80649948120117,0.257999986410141,,,,,,,,,
1784124000000,2026-07-15 14:00:00,,,,25.80649948120117,43.0,1019.7000122070312,12.28224754333496,0.0,10.703569412231444,47.72637176513672,0.1700000017881393,27.70650100708008,0.257999986410141,,,,,,,,,
1784124272623,2026-07-15 14:04:32,100.0,-129.0,-9.0,,,,,,,,,,,,,,18.86,18.3,16.93,,,
1784127600000,2026-07-15 15:00:00,,,,25.70650100708008,44.0,1019.2999877929688,12.542155265808104,0.0,4.553679466247559,71.5649642944336,0.1400000154972076,27.6564998626709,0.2569999992847442,,,,,,,,,
1784131200000,2026-07-15 16:00:00,,,,25.20650100708008,46.0,1018.9000244140624,12.767157554626465,0.0,9.585739135742188,55.713077545166016,0.1099999994039535,27.20650100708008,0.2569999992847442,,,,,,,,,
1784134800000,2026-07-15 17:00:00,,,,24.6564998626709,48.0,1019.2000122070312,12.9161958694458,0.0,8.287821769714355,87.510498046875,0.1000000089406967,26.756500244140625,0.2569999992847442,,,,,,,,,
1784138400000,2026-07-15 18:00:00,,,,23.70650100708008,52.0,1019.4000244140624,13.269274711608888,0.0,7.342587947845459,78.69010162353516,0.0599999986588954,25.85650062561035,0.2569999992847442,,,,,,,,,
1784138669078,2026-07-15 18:04:29,100.0,-124.0,-4.5,,,,,,,,,,,,,,18.86,18.24,16.96,,,
1784138704843,2026-07-15 18:05:04,100.0,-132.0,-13.5,,,,,,,,,,,40.75,44.73,46.48,,,,464.99,392.82,331.91
1784142000000,2026-07-15 19:00:00,,,,22.30649948120117,60.0,1020.0,14.167648315429688,0.0,7.5170207023620605,73.30067443847656,0.0399999991059303,24.70650100708008,0.2569999992847442,,,,,,,,,
1784145600000,2026-07-15 20:00:00,,,,20.45650100708008,71.0,1020.0999755859376,15.01978588104248,0.0,5.001279830932617,59.74365234375,0.0199999995529651,23.506500244140625,0.2569999992847442,,,,,,,,,
1784149200000,2026-07-15 21:00:00,,,,19.506500244140625,74.0,1020.5,14.748964309692385,0.0,2.545584201812744,135.00010681152344,0.0099999997764825,22.4064998626709,0.2569999992847442,,,,,,,,,
1784152800000,2026-07-15 22:00:00,,,,18.30649948120117,79.0,1020.2999877929688,14.601179122924805,0.0,1.7999999523162842,90.0,0.0099999997764825,21.4064998626709,0.2569999992847442,,,,,,,,,
1784153065401,2026-07-15 22:04:25,100.0,-124.0,-4.0,,,,,,,,,,,,,,18.89,17.79,16.99,,,
1784153072477,2026-07-15 22:04:32,100.0,-132.0,-11.5,,,,,,,,,,,40.72,44.71,46.45,,,,464.92,392.76,331.82
1784156400000,2026-07-15 23:00:00,,,,17.1564998626709,84.0,1020.2000122070312,14.429712295532228,0.0,1.6099690198898315,26.564985275268555,0.0099999997764825,20.506500244140625,0.2569999992847442,,,,,,,,,
1784160000000,2026-07-16 00:00:00,,,,16.956501007080078,87.0,1020.2000122070312,14.777260780334473,0.0,1.8356469869613647,101.30989837646484,0.0,19.70650100708008,0.2669999897480011,,,,,,,,,
1784163600000,2026-07-16 01:00:00,,,,16.6564998626709,88.0,1020.7000122070312,14.659319877624512,0.0,2.189794540405273,99.46224975585938,0.0,19.10650062561035,0.2669999897480011,,,,,,,,,
1784167200000,2026-07-16 02:00:00,,,,15.956500053405762,90.0,1020.7000122070312,14.317039489746094,0.0,3.054701328277588,135.00010681152344,0.0,18.506500244140625,0.2669999897480011,,,,,,,,,
1784167468798,2026-07-16 02:04:28,100.0,-130.0,-10.25,,,,,,,,,,,40.71,44.69,46.43,,,,464.89,392.69,331.76
1784170800000,2026-07-16 03:00:00,,,,15.256500244140623,90.0,1020.7000122070312,13.625859260559082,0.0,2.0364675521850586,135.00010681152344,0.0,18.006500244140625,0.2669999897480011,,,,,,,,,
1784174400000,2026-07-16 04:00:00,,,,15.156499862670898,91.0,1020.5999755859376,13.69703769683838,0.0,0.8049845099449158,153.4350128173828,0.0,17.556499481201172,0.2669999897480011,,,,,,,,,
1784178000000,2026-07-16 05:00:00,,,,16.206501007080078,87.0,1020.9000244140624,14.039762496948242,0.0,2.099142551422119,120.96369171142578,0.0099999997764825,17.706501007080078,0.2669999897480011,,,,,,,,,
1784181600000,2026-07-16 06:00:00,,,,17.506500244140625,80.0,1020.7999877929688,14.017565727233888,0.0,2.0364675521850586,135.00010681152344,0.0399999991059303,18.756500244140625,0.2669999897480011,,,,,,,,,
1784185200000,2026-07-16 07:00:00,,,,19.80649948120117,71.0,1020.7000122070312,14.396295547485352,0.0,0.3599999845027923,360.0,0.0700000077486038,20.256500244140625,0.2669999897480011,,,,,,,,,
1784188800000,2026-07-16 08:00:00,,,,22.006500244140625,65.0,1020.5999755859376,15.1251859664917,0.0,1.1384198665618896,341.56494140625,0.1099999994039535,22.05649948120117,0.2669999897480011,,,,,,,,,
1784192400000,2026-07-16 09:00:00,,,,24.30649948120117,60.0,1020.4000244140624,16.046405792236328,0.0,0.5091168880462646,315.0000915527344,0.1400000154972076,23.95650100708008,0.2660000026226043,,,,,,,,,
1784196000000,2026-07-16 10:00:00,,,,26.256500244140625,52.0,1019.9000244140624,15.622742652893066,0.0,1.527350664138794,315.0000915527344,0.1800000071525573,25.85650062561035,0.2660000026226043,,,,,,,,,
1784199600000,2026-07-16 11:00:00,,,,27.70650100708008,45.0,1019.4000244140624,14.69839096069336,0.0,3.5999999046325684,36.86999130249024,0.2100000232458114,27.506500244140625,0.2649999856948852,,,,,,,,,
1784203200000,2026-07-16 12:00:00,,,,29.1564998626709,38.0,1019.0,13.390070915222168,0.0,3.415259599685669,18.4350528717041,0.2399999946355819,29.4064998626709,0.2639999985694885,,,,,,,,,
1784206800000,2026-07-16 13:00:00,,,,29.9064998626709,36.0,1018.5999755859376,13.224007606506348,0.0,3.054701328277588,44.99989700317383,0.2100000232458114,30.20650100708008,0.2630000114440918,,,,,,,,,
1784210400000,2026-07-16 14:00:00,,,,28.95650100708008,38.0,1018.4000244140624,13.212563514709473,0.2000000029802322,9.826087951660156,208.4428253173828,0.1899999976158142,30.45650100708008,0.2630000114440918,,,,,,,,,
1784210651064,2026-07-16 14:04:11,100.0,-125.0,-8.5,,,,,,,,,,,,,,18.79,18.37,16.96,,,
1784214000000,2026-07-16 15:00:00,,,,28.256500244140625,39.0,1017.7000122070312,12.988039016723633,0.6000000238418579,5.399999618530273,360.0,0.25,28.6564998626709,0.2630000114440918,,,,,,,,,
1784217600000,2026-07-16 16:00:00,,,,28.1564998626709,46.0,1017.4000244140624,15.448535919189451,0.0,5.86037540435791,42.51040267944336,0.1899999976158142,27.756500244140625,0.2630000114440918,,,,,,,,,
1784221200000,2026-07-16 17:00:00,,,,28.6564998626709,40.0,1017.0999755859376,13.733351707458496,0.0,5.191993713378906,33.69010162353516,0.1899999976158142,27.60650062561035,0.2619999945163727,,,,,,,,,
1784224800000,2026-07-16 18:00:00,,,,27.55649948120117,50.0,1016.9000244140624,16.205049514770508,0.0,4.33497428894043,41.63344955444336,0.1099999994039535,27.006500244140625,0.2619999945163727,,,,,,,,,
1784225047366,2026-07-16 18:04:07,100.0,-134.0,-14.75,,,,,,,,,,,,,,18.79,17.97,16.96,,,
1784228400000,2026-07-16 19:00:00,,,,26.30649948120117,55.0,1016.7000122070312,16.548240661621094,0.0,4.379589080810547,80.53775024414062,0.0500000044703483,26.05649948120117,0.2619999945163727,,,,,,,,,
1784232000000,2026-07-16 20:00:00,,,,24.70650100708008,61.0,1016.4000244140624,16.682090759277344,0.0,3.6712939739227295,101.30989837646484,0.0299999993294477,25.006500244140625,0.2619999945163727,,,,,,,,,
1784235600000,2026-07-16 21:00:00,,,,23.6564998626709,65.0,1016.4000244140624,16.69036865234375,0.0,3.826852560043335,131.18582153320312,0.0199999995529651,24.006500244140625,0.2619999945163727,,,,,,,,,
1784239200000,2026-07-16 22:00:00,,,,22.506500244140625,70.0,1016.5999755859376,16.762042999267578,0.0,1.4843180179595947,165.96372985839844,0.0099999997764825,23.10650062561035,0.2619999945163727,,,,,,,,,
1784242800000,2026-07-16 23:00:00,,,,21.10650062561035,77.0,1015.5999755859376,16.916770935058594,0.0,6.0346999168396,107.35411071777344,0.0099999997764825,22.30649948120117,0.2619999945163727,,,,,,,,,
1784246400000,2026-07-17 00:00:00,,,,20.6564998626709,78.0,1016.0,16.683958053588867,0.0,3.219938039779663,153.4350128173828,0.0099999997764825,22.45650100708008,0.2599999904632568,,,,,,,,,
1784250000000,2026-07-17 01:00:00,,,,20.256500244140625,79.0,1014.5999755859376,16.496078491210938,0.0,4.680000305175781,157.38009643554688,0.0099999997764825,22.006500244140625,0.2590000033378601,,,,,,,,,
1784253600000,2026-07-17 02:00:00,,,,20.1564998626709,80.0,1014.0,16.59671401977539,0.0,1.4843180179595947,104.03627014160156,0.0099999997764825,21.70650100708008,0.2590000033378601,,,,,,,,,
1784253840154,2026-07-17 02:04:00,100.0,-127.0,-8.25,,,,,,,,,,,,,,18.92,18.06,16.87,,,
1784257200000,2026-07-17 03:00:00,,,,19.85650062561035,81.0,1013.7999877929688,16.49997329711914,0.0,3.563817977905273,135.00010681152344,0.0099999997764825,21.4064998626709,0.2590000033378601,,,,,,,,,
1784260800000,2026-07-17 04:00:00,,,,19.95650100708008,79.0,1013.5,16.2045841217041,0.0,0.5091168880462646,224.99989318847656,0.0099999997764825,21.1564998626709,0.2590000033378601,,,,,,,,,
1784264400000,2026-07-17 05:00:00,,,,20.4064998626709,77.0,1013.5999755859376,16.238771438598633,0.0,2.9024126529693604,7.124929904937744,0.0099999997764825,21.1564998626709,0.2590000033378601,,,,,,,,,
1784268000000,2026-07-17 06:00:00,,,,21.20650100708008,74.0,1013.5999755859376,16.387723922729492,0.0,2.189794540405273,189.4622497558593,0.0299999993294477,21.506500244140625,0.2590000033378601,,,,,,,,,
1784271600000,2026-07-17 07:00:00,,,,22.05649948120117,70.0,1013.0999755859376,16.33128547668457,0.0,2.9024126529693604,97.12492370605467,0.0500000044703483,22.20650100708008,0.2590000033378601,,,,,,,,,
1784275200000,2026-07-17 08:00:00,,,,24.70650100708008,59.0,1012.9000244140624,16.158185958862305,0.0,1.7999999523162842,90.0,0.1000000089406967,23.70650100708008,0.257999986410141,,,,,,,,,
1784278800000,2026-07-17 09:00:00,,,,26.70650100708008,53.0,1012.5999755859376,16.336702346801758,0.0,1.4399999380111694,180.0,0.1400000154972076,25.60650062561035,0.257999986410141,,,,,,,,,
1784282400000,2026-07-17 10:00:00,,,,28.30649948120117,51.0,1011.7999877929688,17.206090927124023,0.0,1.6099690198898315,243.4350128173828,0.1599999964237213,27.30649948120117,0.2569999992847442,,,,,,,,,
1784282639998,2026-07-17 10:03:59,100.0,-132.0,-12.75,,,,,,,,,,,43.03,47.35,47.38,,,,472.55,401.4,339.67
1784286000000,2026-07-17 11:00:00,,,,29.35650062561035,42.0,1011.5,15.115337371826172,0.0,8.089993476867676,237.7243804931641,0.1800000071525573,28.80649948120117,0.2560000121593475,,,,,,,,,
1784289600000,2026-07-17 12:00:00,,,,29.30649948120117,41.0,1011.4000244140624,14.696187019348145,0.0,8.287821769714355,235.61959838867188,0.1800000071525573,29.45650100708008,0.2549999952316284,,,,,,,,,
1784293200000,2026-07-17 13:00:00,,,,29.35650062561035,40.0,1011.0999755859376,14.35848331451416,0.0,10.464797019958496,229.1850128173828,0.1500000059604644,29.30649948120117,0.2549999952316284,,,,,,,,,
1784296800000,2026-07-17 14:00:00,,,,29.756500244140625,39.0,1010.4000244140624,14.323535919189451,0.0,9.686609268188477,228.0128631591797,0.1500000059604644,29.506500244140625,0.2540000081062317,,,,,,,,,
1784297029413,2026-07-17 14:03:49,100.0,-129.0,-9.5,,,,,,,,,,,,,,18.73,18.15,17.49,,,
1784300400000,2026-07-17 15:00:00,,,,30.006500244140625,39.0,1009.2000122070312,14.546038627624512,0.0,12.229406356811523,227.385971069336,0.1400000154972076,29.80649948120117,0.2529999911785126,,,,,,,,,
1784304000000,2026-07-17 16:00:00,,,,23.9064998626709,60.0,1009.9000244140624,15.67072582244873,0.699999988079071,26.758922576904297,236.5236968994141,0.1199999973177909,29.256500244140625,0.2529999911785126,,,,,,,,,
1784307600000,2026-07-17 17:00:00,,,,25.506500244140625,59.0,1009.2999877929688,16.907840728759766,3.5999999046325684,4.896529674530029,306.0274658203125,0.1700000017881393,27.006500244140625,0.2590000033378601,,,,,,,,,
1784311200000,2026-07-17 18:00:00,,,,24.85650062561035,63.0,1009.5999755859376,17.332807540893555,0.0,10.630672454833984,298.3006591796875,0.1400000154972076,26.05649948120117,0.2610000073909759,,,,,,,,,
1784311432786,2026-07-17 18:03:52,100.0,-130.0,-10.25,,,,,,,,,,,42.36,46.63,47.38,,,,470.24,398.87,337.55
1784314800000,2026-07-17 19:00:00,,,,23.756500244140625,63.0,1010.2000122070312,16.293601989746094,0.0,7.491114139556885,305.2176818847656,0.0900000035762786,25.1564998626709,0.2619999945163727,,,,,,,,,
1784318400000,2026-07-17 20:00:00,,,,20.45650100708008,83.0,1011.4000244140624,17.470603942871094,2.400000095367432,10.739832878112791,256.4295349121094,0.0799999982118606,24.20650100708008,0.2639999985694885,,,,,,,,,
1784322000000,2026-07-17 21:00:00,,,,19.80649948120117,78.0,1011.7000122070312,15.859333992004396,0.2000000029802322,3.826852560043335,228.81417846679688,0.0500000044703483,23.10650062561035,0.2689999938011169,,,,,,,,,
1784325600000,2026-07-17 22:00:00,,,,19.30649948120117,84.0,1011.9000244140624,16.534704208374023,0.5,5.052840709686279,265.9144592285156,0.0299999993294477,22.4064998626709,0.2709999978542328,,,,,,,,,
1784329200000,2026-07-17 23:00:00,,,,19.45650100708008,84.0,1011.9000244140624,16.681550979614258,0.4000000059604645,5.411986351013184,266.1860046386719,0.0299999993294477,21.9064998626709,0.2730000019073486,,,,,,,,,
1784332800000,2026-07-18 00:00:00,,,,21.60650062561035,70.0,1010.5,15.90050220489502,0.0,6.489992141723633,273.1797790527344,0.0199999995529651,22.4064998626709,0.2529999911785126,,,,,,,,,
1784336400000,2026-07-18 01:00:00,,,,21.256500244140625,71.0,1010.5,15.787062644958496,0.0,8.049844741821289,259.6952209472656,0.0199999995529651,22.20650100708008,0.2529999911785126,,,,,,,,,
1784340000000,2026-07-18 02:00:00,,,,20.95650100708008,71.0,1010.7000122070312,15.499346733093262,0.0,9.0,270.0,0.0199999995529651,21.95650100708008,0.2529999911785126,,,,,,,,,
1784343600000,2026-07-18 03:00:00,,,,20.256500244140625,76.0,1011.4000244140624,15.888718605041504,0.0,9.007196426391602,272.2905578613281,0.0199999995529651,21.70650100708008,0.2529999911785126,,,,,,,,,
1784347200000,2026-07-18 04:00:00,,,,19.80649948120117,78.0,1011.7000122070312,15.859333992004396,0.0,9.007196426391602,267.7094421386719,0.0199999995529651,21.4064998626709,0.2529999911785126,,,,,,,,,
1784350800000,2026-07-18 05:00:00,,,,19.85650062561035,78.0,1012.2000122070312,15.90784740447998,0.0,9.114471435546877,279.0901794433594,0.0199999995529651,21.256500244140625,0.2529999911785126,,,,,,,,,
1784354400000,2026-07-18 06:00:00,,,,20.10650062561035,75.0,1012.5,15.53674602508545,0.0,11.841755867004396,289.5367431640625,0.0399999991059303,21.45650100708008,0.2529999911785126,,,,,,,,,
1784354614964,2026-07-18 06:03:34,100.0,-128.0,-7.75,,,,,,,,,,,,,,18.98,18.4,17.28,,,
1784358000000,2026-07-18 07:00:00,,,,20.60650062561035,69.0,1012.7999877929688,14.719711303710938,0.0,10.829957962036133,291.44781494140625,0.0700000077486038,21.95650100708008,0.2529999911785126,,,,,,,,,
1784361600000,2026-07-18 08:00:00,,,,21.70650100708008,61.0,1012.9000244140624,13.858269691467283,0.0,12.76858615875244,291.5014953613281,0.1000000089406967,22.95650100708008,0.2529999911785126,,,,,,,,,
1784365200000,2026-07-18 09:00:00,,,,22.80649948120117,55.0,1013.0,13.295723915100098,0.0,13.5706148147583,291.8014831542969,0.1299999952316284,24.1564998626709,0.2529999911785126,,,,,,,,,
1784368800000,2026-07-18 10:00:00,,,,22.55649948120117,57.0,1013.0999755859376,13.611355781555176,0.0,12.904882431030272,292.9887390136719,0.1400000154972076,25.006500244140625,0.2520000040531158,,,,,,,,,
1784369018394,2026-07-18 10:03:38,100.0,-129.0,-8.75,,,,,,,,,,,41.88,46.3,47.38,,,,468.63,397.76,336.59
1784372400000,2026-07-18 11:00:00,,,,22.80649948120117,57.0,1013.0999755859376,13.84479522705078,0.0,10.823972702026367,273.8139953613281,0.1299999952316284,25.30649948120117,0.2520000040531158,,,,,,,,,
1784376000000,2026-07-18 12:00:00,,,,24.006500244140625,53.0,1012.5,13.839337348937988,0.0,10.446206092834473,271.9748840332031,0.1400000154972076,25.70650100708008,0.2520000040531158,,,,,,,,,
1784379600000,2026-07-18 13:00:00,,,,23.6564998626709,54.0,1012.4000244140624,13.803008079528809,0.0,12.287554740905762,264.9576416015625,0.1599999964237213,26.506500244140625,0.2509999871253967,,,,,,,,,
1784383200000,2026-07-18 14:00:00,,,,25.20650100708008,50.0,1011.7999877929688,14.047295570373535,0.0,12.682018280029297,276.51971435546875,0.1599999964237213,27.006500244140625,0.2509999871253967,,,,,,,,,
1784383414755,2026-07-18 14:03:34,100.0,-127.0,-9.5,,,,,,,,,,,41.79,46.21,47.38,,,,468.31,397.46,336.32
1784386800000,2026-07-18 15:00:00,,,,26.20650100708008,41.0,1011.4000244140624,11.918179512023926,0.0,11.72075080871582,280.6195983886719,0.1700000017881393,27.80649948120117,0.25,,,,,,,,,
1784390400000,2026-07-18 16:00:00,,,,26.256500244140625,37.0,1011.0999755859376,10.414139747619627,0.0,10.308830261230469,294.7751159667969,0.1500000059604644,27.60650062561035,0.25,,,,,,,,,
1784394000000,2026-07-18 17:00:00,,,,25.6564998626709,39.0,1011.2000122070312,10.671208381652832,0.0,8.049844741821289,296.5649719238281,0.1199999973177909,26.85650062561035,0.248999997973442,,,,,,,,,
1784397600000,2026-07-18 18:00:00,,,,24.60650062561035,40.0,1011.5999755859376,10.113072395324709,0.0,11.72075080871582,317.4895935058594,0.0799999982118606,25.80649948120117,0.248999997973442,,,,,,,,,
1784397804165,2026-07-18 18:03:24,100.0,-131.0,-11.5,,,,,,,,,,,,,,19.01,17.94,17.25,,,
1784401200000,2026-07-18 19:00:00,,,,23.60650062561035,45.0,1012.0999755859376,10.98019313812256,0.0,4.896529674530029,306.0274658203125,0.0500000044703483,24.6564998626709,0.248999997973442,,,,,,,,,
1784404800000,2026-07-18 20:00:00,,,,22.20650100708008,55.0,1012.4000244140624,12.73784351348877,0.0,1.4843180179595947,284.0362548828125,0.0199999995529651,23.506500244140625,0.248999997973442,,,,,,,,,
1784408400000,2026-07-18 21:00:00,,,,20.9064998626709,61.0,1012.9000244140624,13.104926109313965,0.0,3.563817977905273,315.0000915527344,0.0099999997764825,22.45650100708008,0.248999997973442,,,,,,,,,
1784412000000,2026-07-18 22:00:00,,,,19.60650062561035,64.0,1013.5999755859376,12.610878944396973,0.0,5.315336227416992,331.6993408203125,0.0299999993294477,21.80649948120117,0.25,,,,,,,,,
1784412200567,2026-07-18 22:03:20,100.0,-131.0,-11.5,,,,,,,,,,,,,,19.04,18.64,17.25,,,
1784415600000,2026-07-18 23:00:00,,,,19.256500244140625,68.0,1013.9000244140624,13.205199241638184,0.0,3.5999999046325684,306.8699645996094,0.0199999995529651,21.30649948120117,0.25,,,,,,,,,
1784419200000,2026-07-19 00:00:00,,,,18.6564998626709,69.0,1014.0,12.855508804321287,0.0,4.6102495193481445,321.3401794433594,0.0199999995529651,21.05649948120117,0.248999997973442,,,,,,,,,
1784422800000,2026-07-19 01:00:00,,,,18.1564998626709,71.0,1013.7000122070312,12.81331729888916,0.0,1.6099690198898315,296.5649719238281,0.0099999997764825,20.55649948120117,0.248999997973442,,,,,,,,,
1784426400000,2026-07-19 02:00:00,,,,17.806499481201172,75.0,1013.7999877929688,13.315593719482422,0.0,1.1384198665618896,341.56494140625,0.0099999997764825,20.10650062561035,0.248999997973442,,,,,,,,,
1784426603903,2026-07-19 02:03:23,100.0,-132.0,-11.25,,,,,,,,,,,41.57,46.03,47.38,,,,467.61,396.88,335.77
1784430000000,2026-07-19 03:00:00,,,,17.306499481201172,79.0,1013.5999755859376,13.629280090332031,0.5,1.6099690198898315,296.5649719238281,0.0099999997764825,19.756500244140625,0.248999997973442,,,,,,,,,
1784433600000,2026-07-19 04:00:00,,,,17.256500244140625,78.0,1013.7999877929688,13.384986877441406,0.2000000029802322,2.27683973312378,251.56495666503903,0.0199999995529651,19.506500244140625,0.248999997973442,,,,,,,,,
1784437200000,2026-07-19 05:00:00,,,,16.456501007080078,82.0,1014.2000122070312,13.37388801574707,2.900000095367432,5.191993713378906,303.6900939941406,0.0299999993294477,19.35650062561035,0.25,,,,,,,,,
1784440800000,2026-07-19 06:00:00,,,,15.606500625610352,88.0,1014.4000244140624,13.625377655029297,2.400000095367432,6.297428131103516,329.03631591796875,0.0500000044703483,19.10650062561035,0.2549999952316284,,,,,,,,,
1784440994370,2026-07-19 06:03:14,100.0,-125.0,-5.0,,,,,,,,,,,,,,19.04,18.64,17.22,,,
1784441000761,2026-07-19 06:03:20,100.0,-131.0,-12.25,,,,,,,,,,,41.52,45.99,47.38,,,,467.44,396.74,335.61
1784444400000,2026-07-19 07:00:00,,,,15.656499862670898,88.0,1014.2000122070312,13.67461109161377,1.2999999523162842,4.735060214996338,351.25390625,0.0399999991059303,18.85650062561035,0.2599999904632568,,,,,,,,,
1784448000000,2026-07-19 08:00:00,,,,15.406499862670898,88.0,1014.7999877929688,13.428427696228027,4.0,7.9281768798828125,320.5275573730469,0.0500000044703483,18.70650100708008,0.2669999897480011,,,,,,,,,
1784451600000,2026-07-19 09:00:00,,,,15.606500625610352,86.0,1015.2000122070312,13.272309303283691,3.0999999046325684,7.704335689544678,307.4054260253906,0.0599999986588954,18.60650062561035,0.2870000004768371,,,,,,,,,
1784455200000,2026-07-19 10:00:00,,,,15.756500244140623,85.0,1016.0,13.240153312683104,1.100000023841858,7.895416259765625,294.22772216796875,0.0599999986588954,18.45650100708008,0.2939999997615814,,,,,,,,,
1784458800000,2026-07-19 11:00:00,,,,17.006500244140625,77.0,1016.0,12.944822311401367,0.0,6.608721733093262,299.357666015625,0.0900000035762786,18.85650062561035,0.296999990940094,,,,,,,,,
1784462400000,2026-07-19 12:00:00,,,,18.60650062561035,65.0,1015.5999755859376,11.89836883544922,0.0,5.399999618530273,270.0,0.1700000017881393,20.506500244140625,0.2960000038146972,,,,,,,,,
1784466000000,2026-07-19 13:00:00,,,,20.85650062561035,52.0,1015.0999755859376,10.636839866638184,0.0,8.404284477233887,279.8657531738281,0.2399999946355819,21.9064998626709,0.2949999868869781,,,,,,,,,
1784469600000,2026-07-19 14:00:00,,,,21.45650100708008,37.0,1015.0999755859376,6.157825469970703,0.0,11.570514678955078,264.6442565917969,0.2599999904632568,22.35650062561035,0.2930000126361847,,,,,,,,,
1784469786962,2026-07-19 14:03:06,100.0,-129.0,-10.75,,,,,,,,,,,,,,18.98,18.55,17.4,,,
1784473200000,2026-07-19 15:00:00,,,,21.55649948120117,36.0,1015.2999877929688,5.849730491638184,0.0,15.484185218811035,287.5924987792969,0.2199999988079071,22.70650100708008,0.2910000085830688,,,,,,,,,
1784476800000,2026-07-19 16:00:00,,,,20.756500244140625,46.0,1015.9000244140624,8.71718978881836,0.0,16.51690101623535,290.40997314453125,0.1599999964237213,22.506500244140625,0.2899999916553497,,,,,,,,,
1784480400000,2026-07-19 17:00:00,,,,19.9064998626709,51.0,1016.5,9.469499588012695,0.0,14.332340240478516,295.2776794433594,0.1000000089406967,21.85650062561035,0.289000004529953,,,,,,,,,
1784484000000,2026-07-19 18:00:00,,,,17.706501007080078,59.0,1016.7999877929688,9.59254550933838,0.1000000014901161,11.901798248291016,273.4681701660156,0.0799999982118606,21.05649948120117,0.2879999876022339,,,,,,,,,
1784487600000,2026-07-19 19:00:00,,,,16.956501007080078,67.0,1017.0999755859376,10.786632537841797,0.0,9.605998039245604,282.99462890625,0.0500000044703483,19.9064998626709,0.2870000004768371,,,,,,,,,
1784491200000,2026-07-19 20:00:00,,,,16.056499481201172,74.0,1017.5,11.422074317932127,0.0,7.636752605438232,261.8699951171875,0.0299999993294477,18.9064998626709,0.2860000133514404,,,,,,,,,
1784494800000,2026-07-19 21:00:00,,,,15.456500053405762,74.0,1018.0,10.84332275390625,0.0,7.993297576904297,262.23492431640625,0.0199999995529651,18.256500244140625,0.2860000133514404,,,,,,,,,
1784498400000,2026-07-19 22:00:00,,,,14.706500053405762,76.0,1018.0999755859376,10.519451141357422,0.0,6.6380720138549805,257.47119140625,0.0199999995529651,17.556499481201172,0.2849999964237213,,,,,,,,,
1784502000000,2026-07-19 23:00:00,,,,13.956500053405762,77.0,1018.2000122070312,9.988814353942873,0.0,3.877318382263184,248.1985321044922,0.0099999997764825,16.9064998626709,0.2840000092983246,,,,,,,,,
1784505600000,2026-07-20 00:00:00,,,,14.806500434875488,81.0,1018.9000244140624,11.57689380645752,0.0,4.0249223709106445,243.4350128173828,0.0099999997764825,16.556499481201172,0.2739999890327453,,,,,,,,,
1784509200000,2026-07-20 01:00:00,,,,14.356500625610352,78.0,1018.2000122070312,10.570146560668944,0.0,5.692099571228027,251.56495666503903,0.0099999997764825,16.206501007080078,0.2739999890327453,,,,,,,,,
1784512800000,2026-07-20 02:00:00,,,,14.056500434875488,77.0,1018.4000244140624,10.085749626159668,0.0,3.617955207824707,275.71051025390625,0.0099999997764825,15.956500053405762,0.2730000019073486,,,,,,,,,
1784516400000,2026-07-20 03:00:00,,,,13.906499862670898,78.0,1018.5,10.133275985717772,0.0,3.239999771118164,270.0,0.0099999997764825,15.806500434875488,0.2730000019073486,,,,,,,,,
1784520000000,2026-07-20 04:00:00,,,,13.306500434875488,80.0,1018.5999755859376,9.928411483764648,0.0,5.039999961853027,270.0,0.0099999997764825,15.406499862670898,0.2730000019073486,,,,,,,,,
1784523600000,2026-07-20 05:00:00,,,,13.956500053405762,75.0,1018.7000122070312,9.596076965332031,0.0,7.928177833557129,272.6025085449219,0.0299999993294477,15.506500244140623,0.2720000147819519,,,,,,,,,
1784527200000,2026-07-20 06:00:00,,,,14.556500434875488,70.0,1018.7999877929688,9.147351264953612,0.0,10.89557647705078,277.59454345703125,0.0500000044703483,16.10650062561035,0.2720000147819519,,,,,,,,,
1784530800000,2026-07-20 07:00:00,,,,15.306500434875488,68.0,1018.7999877929688,9.43404483795166,0.0,10.446206092834473,271.9748840332031,0.0700000077486038,16.806499481201172,0.2720000147819519,,,,,,,,,
1784534400000,2026-07-20 08:00:00,,,,16.60650062561035,60.0,1018.7999877929688,8.808425903320312,0.0,14.205182075500488,278.7460632324219,0.1000000089406967,17.9064998626709,0.2709999978542328,,,,,,,,,
1784538000000,2026-07-20 09:00:00,,,,17.556499481201172,57.0,1018.9000244140624,8.939517974853516,0.0,14.471820831298828,275.71051025390625,0.1299999952316284,19.05649948120117,0.270000010728836,,,,,,,,,
1784541600000,2026-07-20 10:00:00,,,,18.85650062561035,54.0,1018.9000244140624,9.348182678222656,0.0,15.15852165222168,274.0855407714844,0.1599999964237213,20.4064998626709,0.2689999938011169,,,,,,,,,
1784545200000,2026-07-20 11:00:00,,,,19.45650100708008,50.0,1018.9000244140624,8.761037826538086,0.0,15.546833038330078,275.314453125,0.1899999976158142,21.80649948120117,0.2689999938011169,,,,,,,,,
1784548800000,2026-07-20 12:00:00,,,,19.85650062561035,50.0,1018.7999877929688,9.12908172607422,0.0,15.72503662109375,285.9454650878906,0.1700000017881393,22.256500244140625,0.2680000066757202,,,,,,,,,
1784552400000,2026-07-20 13:00:00,,,,19.70650100708008,48.0,1018.9000244140624,8.387187957763672,0.0,15.175612449645996,292.3062438964844,0.1599999964237213,22.45650100708008,0.2669999897480011,,,,,,,,,
1784556000000,2026-07-20 14:00:00,,,,18.80649948120117,53.0,1019.2000122070312,9.024184226989746,0.0,13.70839023590088,299.9314270019531,0.1099999994039535,21.4064998626709,0.2660000026226043,,,,,,,,,
1784559600000,2026-07-20 15:00:00,,,,19.256500244140625,53.0,1019.2000122070312,9.441164016723633,0.0,12.496719360351562,281.63360595703125,0.1099999994039535,21.006500244140625,0.2649999856948852,,,,,,,,,
1784563200000,2026-07-20 16:00:00,,,,19.20650100708008,53.0,1019.0999755859376,9.3948392868042,0.0,14.70722198486328,291.5410461425781,0.1099999994039535,20.9064998626709,0.2649999856948852,,,,,,,,,
1784566800000,2026-07-20 17:00:00,,,,19.05649948120117,53.0,1019.0999755859376,9.25584602355957,0.0,12.574259757995604,293.62939453125,0.0799999982118606,20.55649948120117,0.2649999856948852,,,,,,,,,
1784570400000,2026-07-20 18:00:00,,,,18.6564998626709,58.0,1019.0,10.227996826171877,0.0,10.823972702026367,273.8139953613281,0.0599999986588954,20.05649948120117,0.2639999985694885,,,,,,,,,
1784570560868,2026-07-20 18:02:40,100.0,-130.0,-14.5,,,,,,,,,,,,,,18.3,17.82,17.11,,,
1784570569164,2026-07-20 18:02:49,100.0,-129.0,-9.0,,,,,,,,,,,41.15,45.74,47.38,,,,466.25,395.93,334.85
1784574000000,2026-07-20 19:00:00,,,,17.9064998626709,63.0,1019.7000122070312,10.762909889221191,0.3000000119209289,8.496304512023926,306.38446044921875,0.0500000044703483,19.45650100708008,0.2639999985694885,,,,,,,,,
1784577600000,2026-07-20 20:00:00,,,,17.256500244140625,62.0,1020.0,9.908748626708984,0.0,9.605998039245604,282.99462890625,0.0599999986588954,18.70650100708008,0.2639999985694885,,,,,,,,,
1784581200000,2026-07-20 21:00:00,,,,16.506500244140625,63.0,1020.4000244140624,9.438316345214844,0.0,7.072877883911133,284.7436218261719,0.0399999991059303,17.956501007080078,0.2639999985694885,,,,,,,,,
1784584800000,2026-07-20 22:00:00,,,,16.006500244140625,63.0,1020.5999755859376,8.965153694152832,0.0,5.506940841674805,281.3099060058594,0.0399999991059303,17.456501007080078,0.2630000114440918,,,,,,,,,
1784584957356,2026-07-20 22:02:37,100.0,-132.0,-13.5,,,,,,,,,,,,,,18.24,18.49,17.11,,,
1784588400000,2026-07-20 23:00:00,,,,15.306500434875488,70.0,1020.5,9.86613941192627,0.0,5.039999961853027,270.0,0.0199999995529651,16.85650062561035,0.2630000114440918,,,,,,,,,
1784592000000,2026-07-21 00:00:00,,,,15.406499862670898,83.0,1021.7999877929688,12.533330917358398,0.0,6.924737930297852,278.9725341796875,0.0099999997764825,17.10650062561035,0.2759999930858612,,,,,,,,,
1784595600000,2026-07-21 01:00:00,,,,14.806500434875488,84.0,1021.0,12.12849235534668,0.0,8.942214012145996,310.100830078125,0.0099999997764825,16.60650062561035,0.2759999930858612,,,,,,,,,
1784599200000,2026-07-21 02:00:00,,,,14.306500434875488,86.0,1021.0999755859376,11.99560832977295,0.0,6.119999885559082,298.0723876953125,0.0099999997764825,16.1564998626709,0.2759999930858612,,,,,,,,,
1784599353678,2026-07-21 02:02:33,100.0,-128.0,-8.5,,,,,,,,,,,,,,18.18,17.79,17.17,,,
1784599359310,2026-07-21 02:02:39,100.0,-128.0,-7.5,,,,,,,,,,,41.1,45.7,47.38,,,,466.11,395.8,334.73
1784602800000,2026-07-21 03:00:00,,,,13.806500434875488,88.0,1021.2999877929688,11.85275173187256,0.0,4.0249223709106445,296.5649719238281,0.0099999997764825,15.656499862670898,0.2759999930858612,,,,,,,,,
1784606400000,2026-07-21 04:00:00,,,,13.856500625610352,88.0,1021.7999877929688,11.901995658874512,0.0,3.877318382263184,291.8014831542969,0.0099999997764825,15.456500053405762,0.2759999930858612,,,,,,,,,
1784610000000,2026-07-21 05:00:00,,,,14.406499862670898,85.0,1021.7000122070312,11.916211128234863,0.0,5.154415607452393,282.0947265625,0.0199999995529651,15.656499862670898,0.2759999930858612,,,,,,,,,
1784613600000,2026-07-21 06:00:00,,,,15.406499862670898,80.0,1022.0,11.9732084274292,0.0,10.630672454833984,298.3006591796875,0.0399999991059303,16.35650062561035,0.2750000059604645,,,,,,,,,
1784617200000,2026-07-21 07:00:00,,,,16.456501007080078,72.0,1022.0999755859376,11.393138885498049,0.0,10.29625129699707,306.4693298339844,0.0799999982118606,17.35650062561035,0.2750000059604645,,,,,,,,,
1784620800000,2026-07-21 08:00:00,,,,17.756500244140625,64.0,1022.0,10.857784271240234,0.0,10.685391426086426,302.6192321777344,0.1299999952316284,18.85650062561035,0.2739999890327453,,,,,,,,,
1784624400000,2026-07-21 09:00:00,,,,19.1564998626709,52.0,1021.9000244140624,9.065564155578612,0.0,11.753875732421877,310.0302124023437,0.1800000071525573,20.55649948120117,0.2739999890327453,,,,,,,,,
1784628000000,2026-07-21 10:00:00,,,,19.95650100708008,46.0,1021.7999877929688,7.988446712493896,0.0,13.004921913146973,318.3665466308594,0.2199999988079071,21.80649948120117,0.2730000019073486,,,,,,,,,
1784628146454,2026-07-21 10:02:26,100.0,-132.0,-13.0,,,,,,,,,,,,,,18.03,17.4,16.93,,,
1784631600000,2026-07-21 11:00:00,,,,20.55649948120117,43.0,1021.7000122070312,7.542507171630859,0.0,12.496718406677246,318.5036315917969,0.2300000041723251,22.60650062561035,0.2720000147819519,,,,,,,,,
1784635200000,2026-07-21 12:00:00,,,,21.256500244140625,41.0,1021.2000122070312,7.475272655487059,0.0,9.29051113128662,305.5377502441406,0.2100000232458114,23.05649948120117,0.2709999978542328,,,,,,,,,
1784638800000,2026-07-21 13:00:00,,,,20.756500244140625,42.0,1020.9000244140624,7.37829065322876,0.0,13.004920959472656,355.2364501953125,0.2000000178813934,23.45650100708008,0.270000010728836,,,,,,,,,
1784642400000,2026-07-21 14:00:00,,,,21.80649948120117,35.0,1020.7000122070312,5.663472652435303,0.0,13.217443466186523,330.642333984375,0.1599999964237213,22.85650062561035,0.2689999938011169,,,,,,,,,
1784646000000,2026-07-21 15:00:00,,,,21.95650100708008,35.0,1020.2999877929688,5.795743942260742,0.0,9.565437316894531,289.7989501953125,0.1700000017881393,23.05649948120117,0.2680000066757202,,,,,,,,,
1784649600000,2026-07-21 16:00:00,,,,21.6564998626709,41.0,1020.2999877929688,7.834617614746094,0.0,12.31389331817627,15.255176544189451,0.1599999964237213,23.256500244140625,0.2680000066757202,,,,,,,,,
1784653200000,2026-07-21 17:00:00,,,,20.60650062561035,44.0,1020.5999755859376,7.925266265869141,0.0,13.698933601379396,356.9872741699219,0.1400000154972076,22.756500244140625,0.2669999897480011,,,,,,,,,
1784656800000,2026-07-21 18:00:00,,,,19.55649948120117,51.0,1020.7000122070312,9.14671802520752,0.0,7.208993911743164,357.1376647949219,0.0799999982118606,21.6564998626709,0.2669999897480011,,,,,,,,,
1784656939925,2026-07-21 18:02:19,100.0,-131.0,-11.75,,,,,,,,,,,,,,17.88,18.21,16.9,,,
1784656946901,2026-07-21 18:02:26,100.0,-127.0,-8.25,,,,,,,,,,,40.92,45.54,47.25,,,,465.55,395.31,334.24
1784660400000,2026-07-21 19:00:00,,,,18.70650100708008,52.0,1020.7999877929688,8.64951229095459,0.0,5.399999618530273,306.8699645996094,0.0500000044703483,20.55649948120117,0.2669999897480011,,,,,,,,,
1784664000000,2026-07-21 20:00:00,,,,18.10650062561035,56.0,1021.0,9.19056224822998,0.0,3.617955207824707,275.71051025390625,0.0299999993294477,19.55649948120117,0.2660000026226043,,,,,,,,,
1784667600000,2026-07-21 21:00:00,,,,17.4064998626709,60.0,1021.0,9.561020851135254,0.0,2.741678237915039,246.80137634277344,0.0199999995529651,18.85650062561035,0.2660000026226043,,,,,,,,,
1784671200000,2026-07-21 22:00:00,,,,16.60650062561035,62.0,1021.0,9.29488754272461,0.0,2.879999876022339,270.0,0.0099999997764825,18.1564998626709,0.2660000026226043,,,,,,,,,
1784671342682,2026-07-21 22:02:22,100.0,-130.0,-14.0,,,,,,,,,,,40.89,45.5,47.21,,,,465.44,395.17,334.11
1784674800000,2026-07-21 23:00:00,,,,15.806500434875488,64.0,1020.9000244140624,9.009220123291016,0.0,2.620839357376098,254.0545349121093,0.0099999997764825,17.456501007080078,0.2660000026226043,,,,,,,,,
1784678400000,2026-07-22 00:00:00,,,,15.606500625610352,74.0,1021.0999755859376,10.988017082214355,0.0,0.8049845099449158,333.4350280761719,0.0,16.956501007080078,0.270000010728836,,,,,,,,,
1784682000000,2026-07-22 01:00:00,,,,15.006500244140623,73.0,1020.9000244140624,10.205363273620604,0.0,1.938659191131592,338.1985168457031,0.0,16.256500244140625,0.270000010728836,,,,,,,,,
1784685600000,2026-07-22 02:00:00,,,,14.156499862670898,75.0,1020.5,9.789346694946287,0.0,0.7199999690055847,360.0,0.0,15.606500625610352,0.270000010728836,,,,,,,,,
1784685732178,2026-07-22 02:02:12,100.0,-133.0,-13.75,,,,,,,,,,,,,,17.82,18.0,16.75,,,
1784689200000,2026-07-22 03:00:00,,,,14.006500244140623,71.0,1020.4000244140624,8.830076217651367,0.0,2.811689853668213,320.1944885253906,0.0,15.006500244140623,0.270000010728836,,,,,,,,,
1784692800000,2026-07-22 04:00:00,,,,13.256500244140623,75.0,1020.7999877929688,8.919597625732422,0.0,4.072935104370117,315.0000915527344,0.0099999997764825,14.556500434875488,0.270000010728836,,,,,,,,,
1784696400000,2026-07-22 05:00:00,,,,14.156499862670898,71.0,1020.9000244140624,8.97409439086914,0.0,1.7999999523162842,323.1300048828125,0.0099999997764825,14.706500053405762,0.270000010728836,,,,,,,,,
1784700000000,2026-07-22 06:00:00,,,,15.456500053405762,66.0,1020.9000244140624,9.133339881896973,0.0,4.104631423950195,307.8750305175781,0.0399999991059303,15.706500053405762,0.270000010728836,,,,,,,,,
1784700128540,2026-07-22 06:02:08,100.0,-128.0,-9.0,,,,,,,,,,,,,,17.82,17.34,16.84,,,
1784700134078,2026-07-22 06:02:14,100.0,-129.0,-9.75,,,,,,,,,,,40.84,45.45,47.14,,,,465.27,395.01,333.9
1784703600000,2026-07-22 07:00:00,,,,16.506500244140625,63.0,1020.5999755859376,9.438316345214844,0.0,6.119999885559082,298.0723876953125,0.0700000077486038,16.806499481201172,0.2689999938011169,,,,,,,,,
1784707200000,2026-07-22 08:00:00,,,,17.306499481201172,61.0,1020.2999877929688,9.713227272033691,0.0,8.225034713745117,293.1986083984375,0.1000000089406967,17.9064998626709,0.2689999938011169,,,,,,,,,
1784710800000,2026-07-22 09:00:00,,,,17.60650062561035,60.0,1020.0,9.749153137207031,0.0,6.608721733093262,299.357666015625,0.1199999973177909,18.85650062561035,0.2680000066757202,,,,,,,,,
1784714400000,2026-07-22 10:00:00,,,,19.1564998626709,53.0,1019.2999877929688,9.348506927490234,0.0,11.01388168334961,281.3099060058594,0.1400000154972076,19.9064998626709,0.2669999897480011,,,,,,,,,
1784718000000,2026-07-22 11:00:00,,,,19.506500244140625,51.0,1018.9000244140624,9.100603103637695,0.0,13.493998527526855,279.2109375,0.1400000154972076,20.20650100708008,0.2669999897480011,,,,,,,,,
1784721600000,2026-07-22 12:00:00,,,,19.756500244140625,52.0,1018.2000122070312,9.620220184326172,0.0,13.89618682861328,286.5571594238281,0.1400000154972076,20.4064998626709,0.2660000026226043,,,,,,,,,
1784725200000,2026-07-22 13:00:00,,,,19.80649948120117,51.0,1017.9000244140624,9.377279281616213,0.0,11.165804862976074,290.7723388671875,0.1299999952316284,20.4064998626709,0.2649999856948852,,,,,,,,,
1784728800000,2026-07-22 14:00:00,,,,20.1564998626709,53.0,1017.5,10.274959564208984,0.0,9.422101020812988,276.58184814453125,0.1299999952316284,20.6564998626709,0.2649999856948852,,,,,,,,,
1784728921398,2026-07-22 14:02:01,100.0,-131.0,-13.75,,,,,,,,,,,,,,17.67,18.03,16.64,,,
1784728926944,2026-07-22 14:02:06,100.0,-130.0,-13.25,,,,,,,,,,,40.71,45.33,47.04,,,,464.89,394.65,333.59
1784732400000,2026-07-22 15:00:00,,,,19.85650062561035,48.0,1017.5999755859376,8.524537086486816,0.0,12.18162441253662,304.1597595214844,0.1199999973177909,20.756500244140625,0.2639999985694885,,,,,,,,,
1784736000000,2026-07-22 16:00:00,,,,18.45650100708008,60.0,1017.7999877929688,10.54859733581543,0.0,11.885453224182127,305.13427734375,0.0799999982118606,20.10650062561035,0.2639999985694885,,,,,,,,,
1784739600000,2026-07-22 17:00:00,,,,18.55649948120117,60.0,1017.4000244140624,10.642638206481934,0.0,9.504273414611816,294.62353515625,0.0700000077486038,19.55649948120117,0.2639999985694885,,,,,,,,,
1784743200000,2026-07-22 18:00:00,,,,17.456501007080078,68.0,1016.9000244140624,11.487024307250977,0.2000000029802322,9.114471435546877,279.0901794433594,0.0599999986588954,19.05649948120117,0.2630000114440918,,,,,,,,,
1784746800000,2026-07-22 19:00:00,,,,16.956501007080078,69.0,1016.7000122070312,11.229809761047363,0.0,9.0,270.0,0.0500000044703483,18.35650062561035,0.2630000114440918,,,,,,,,,
1784750400000,2026-07-22 20:00:00,,,,16.456501007080078,73.0,1016.5999755859376,11.601763725280762,0.1000000014901161,8.654986381530762,253.0724029541016,0.0399999991059303,17.85650062561035,0.2630000114440918,,,,,,,,,
1784754000000,2026-07-22 21:00:00,,,,16.456501007080078,73.0,1016.2999877929688,11.601763725280762,0.0,10.538843154907228,262.14678955078125,0.0399999991059303,17.456501007080078,0.2630000114440918,,,,,,,,,
1784757600000,2026-07-22 22:00:00,,,,16.006500244140625,78.0,1015.9000244140624,12.171807289123535,0.1000000014901161,8.55710220336914,255.37908935546875,0.0399999991059303,17.206501007080078,0.2630000114440918,,,,,,,,,
1784761200000,2026-07-22 23:00:00,,,,15.906499862670898,78.0,1015.7999877929688,12.074746131896973,0.0,10.823972702026367,273.8139953613281,0.0399999991059303,17.006500244140625,0.2630000114440918,,,,,,,,,
1784764800000,2026-07-23 00:00:00,,,,16.10650062561035,81.0,1015.7999877929688,12.844453811645508,0.0,7.993297576904297,277.7650756835937,0.0299999993294477,17.60650062561035,0.2639999985694885,,,,,,,,,
1784768400000,2026-07-23 01:00:00,,,,15.806500434875488,82.0,1015.7999877929688,12.739218711853027,0.0,10.36525058746338,290.3232116699219,0.0399999991059303,17.306499481201172,0.2639999985694885,,,,,,,,,
1784772000000,2026-07-23 02:00:00,,,,15.306500434875488,85.0,1015.9000244140624,12.798853874206545,0.699999988079071,11.298495292663574,292.4794616699219,0.0399999991059303,17.10650062561035,0.2649999856948852,,,,,,,,,
1784775600000,2026-07-23 03:00:00,,,,15.106500625610352,82.0,1015.7999877929688,12.055689811706545,0.1000000014901161,10.966712951660156,293.1986083984375,0.0500000044703483,16.9064998626709,0.2649999856948852,,,,,,,,,
1784779200000,2026-07-23 04:00:00,,,,14.706500053405762,81.0,1016.0,11.47938346862793,0.0,11.592894554138184,295.7692565917969,0.0500000044703483,16.6564998626709,0.2660000026226043,,,,,,,,,
1784782800000,2026-07-23 05:00:00,,,,14.256500244140623,76.0,1016.4000244140624,10.083939552307127,0.0,13.52757167816162,295.2010803222656,0.0700000077486038,16.456501007080078,0.2660000026226043,,,,,,,,,
1784786400000,2026-07-23 06:00:00,,,,14.306500434875488,76.0,1016.5999755859376,10.132329940795898,0.0,12.181625366210938,288.9704895019531,0.0799999982118606,16.506500244140625,0.2660000026226043,,,,,,,,,
1784786513997,2026-07-23 06:01:53,100.0,-127.0,-8.25,,,,,,,,,,,40.55,45.16,46.85,,,,464.4,394.13,333.01
1784790000000,2026-07-23 07:00:00,,,,14.206500053405762,77.0,1016.7999877929688,10.23115062713623,0.0,12.41347599029541,286.8584899902344,0.0700000077486038,16.456501007080078,0.2660000026226043,,,,,,,,,
1784793600000,2026-07-23 08:00:00,,,,14.606500625610352,75.0,1017.0,10.224183082580566,0.0,13.55150032043457,286.99090576171875,0.0700000077486038,16.35650062561035,0.2660000026226043,,,,,,,,,
1784797200000,2026-07-23 09:00:00,,,,15.206500053405762,73.0,1017.0,10.397987365722656,0.0,14.345897674560549,287.5256652832031,0.0700000077486038,16.456501007080078,0.2660000026226043,,,,,,,,,
1784800800000,2026-07-23 10:00:00,,,,16.4064998626709,65.0,1016.7999877929688,9.809277534484863,0.0,13.84947681427002,297.8971862792969,0.1000000089406967,17.006500244140625,0.2649999856948852,,,,,,,,,
1784804400000,2026-07-23 11:00:00,,,,17.35650062561035,63.0,1016.7999877929688,10.242583274841309,0.0,14.489720344543455,296.5649719238281,0.1199999973177909,17.6564998626709,0.2649999856948852,,,,,,,,,
1784808000000,2026-07-23 12:00:00,,,,18.256500244140625,60.0,1016.4000244140624,10.360504150390623,0.0,13.47958278656006,304.114501953125,0.1500000059604644,18.60650062561035,0.2639999985694885,,,,,,,,,
1784811600000,2026-07-23 13:00:00,,,,19.756500244140625,54.0,1015.7999877929688,10.183911323547363,0.0,13.77911376953125,289.8553161621094,0.1400000154972076,19.006500244140625,0.2639999985694885,,,,,,,,,
1784815200000,2026-07-23 14:00:00,,,,20.10650062561035,50.0,1015.4000244140624,9.359086990356444,0.0,14.118243217468262,289.35906982421875,0.2000000178813934,20.30649948120117,0.2630000114440918,,,,,,,,,
1784815306794,2026-07-23 14:01:46,100.0,-131.0,-12.0,,,,,,,,,,,40.52,45.15,46.82,,,,464.29,394.1,332.92
1784818800000,2026-07-23 15:00:00,,,,16.6564998626709,78.0,1016.0999755859376,12.802681922912598,4.5,0.0,270.0,0.1099999994039535,19.4064998626709,0.2680000066757202,,,,,,,,,
1784822400000,2026-07-23 16:00:00,,,,18.05649948120117,71.0,1015.7000122070312,12.717365264892578,0.0,2.4149534702301025,206.5649871826172,0.1199999973177909,18.9064998626709,0.2730000019073486,,,,,,,,,
1784826000000,2026-07-23 17:00:00,,,,19.80649948120117,60.0,1015.5999755859376,11.81797981262207,0.0,5.116561412811279,309.28936767578125,0.1199999973177909,19.30649948120117,0.2750000059604645,,,,,,,,,
1784829600000,2026-07-23 18:00:00,,,,16.85650062561035,75.0,1016.5999755859376,12.397971153259276,0.1000000014901161,13.684735298156738,26.564985275268555,0.1400000154972076,18.95650100708008,0.2759999930858612,,,,,,,,,
1784829696317,2026-07-23 18:01:36,100.0,-127.0,-9.0,,,,,,,,,,,,,,17.49,17.61,16.55,,,
1784833200000,2026-07-23 19:00:00,,,,15.756500244140623,78.0,1017.0,11.92915153503418,1.5,3.054701328277588,224.99989318847656,0.0500000044703483,18.10650062561035,0.277999997138977,,,,,,,,,
1784836800000,2026-07-23 20:00:00,,,,15.456500053405762,81.0,1017.2999877929688,12.210693359375,0.0,1.1384198665618896,288.4350280761719,0.0199999995529651,17.4064998626709,0.2809999883174896,,,,,,,,,
1784840400000,2026-07-23 21:00:00,,,,15.256500244140623,82.0,1017.2999877929688,12.202159881591797,0.0,1.938659191131592,158.1985321044922,0.0099999997764825,16.85650062561035,0.2820000052452087,,,,,,,,,
1784844000000,2026-07-23 22:00:00,,,,14.406499862670898,87.0,1017.5,12.269619941711426,0.0,1.2979984283447266,146.30990600585938,0.0099999997764825,16.306499481201172,0.2829999923706054,,,,,,,,,
1784844093756,2026-07-23 22:01:33,100.0,-133.0,-14.0,,,,,,,,,,,,,,17.43,17.55,16.46,,,
1784847600000,2026-07-23 23:00:00,,,,14.806500434875488,79.0,1017.5,11.199074745178224,0.0,4.320000171661377,270.0,0.0099999997764825,15.806500434875488,0.2829999923706054,,,,,,,,,
1784851200000,2026-07-24 00:00:00,,,,13.906499862670898,82.0,1018.0,10.883818626403809,0.0,4.452953815460205,284.0362548828125,0.0099999997764825,15.006500244140623,0.277999997138977,,,,,,,,,
1784854800000,2026-07-24 01:00:00,,,,13.356500625610352,82.0,1018.4000244140624,10.346670150756836,0.0,4.213691711425781,289.9831848144531,0.0099999997764825,14.456500053405762,0.277999997138977,,,,,,,,,
1784858400000,2026-07-24 02:00:00,,,,12.606500625610352,85.0,1019.2000122070312,10.15074634552002,0.0,3.396233081817627,302.0053405761719,0.0099999997764825,13.956500053405762,0.277999997138977,,,,,,,,,
1784858496019,2026-07-24 02:01:36,100.0,-133.0,-15.25,,,,,,,,,,,40.45,45.13,46.78,,,,464.08,394.03,332.8
1784862000000,2026-07-24 03:00:00,,,,12.256500244140623,85.0,1019.4000244140624,9.80743408203125,0.0,3.415259599685669,288.4350280761719,0.0099999997764825,13.556500434875488,0.277999997138977,,,,,,,,,
1784865600000,2026-07-24 04:00:00,,,,12.356500625610352,85.0,1019.5,9.905524253845217,0.0,3.545588731765747,293.9624938964844,0.0099999997764825,13.406499862670898,0.277999997138977,,,,,,,,,
1784869200000,2026-07-24 05:00:00,,,,12.856500625610352,84.0,1019.7999877929688,10.21863842010498,0.0,3.7585103511810303,286.6993103027344,0.0199999995529651,13.606500625610352,0.277999997138977,,,,,,,,,
1784872800000,2026-07-24 06:00:00,,,,14.006500244140623,79.0,1019.9000244140624,10.421269416809082,0.0,4.452953815460205,284.0362548828125,0.0799999982118606,14.406499862670898,0.277999997138977,,,,,,,,,
1784872898063,2026-07-24 06:01:38,100.0,-128.0,-9.5,,,,,,,,,,,40.44,45.13,46.78,,,,464.05,394.03,332.8
1784876400000,2026-07-24 07:00:00,,,,15.356500625610352,73.0,1020.0,10.542452812194824,0.0,6.489992141723633,289.44012451171875,0.1400000154972076,15.606500625610352,0.277999997138977,,,,,,,,,
1784880000000,2026-07-24 08:00:00,,,,16.4064998626709,68.0,1019.7999877929688,10.484501838684082,0.0,8.049844741821289,296.5649719238281,0.2100000232458114,16.9064998626709,0.2770000100135803,,,,,,,,,
1784883600000,2026-07-24 09:00:00,,,,17.60650062561035,60.0,1019.4000244140624,9.749153137207031,0.0,8.396570205688477,300.96368408203125,0.25,17.9064998626709,0.2759999930858612,,,,,,,,,
1784887200000,2026-07-24 10:00:00,,,,18.80649948120117,55.0,1019.0,9.574801445007324,0.0,9.178235054016112,295.5599060058594,0.3100000023841858,19.20650100708008,0.2750000059604645,,,,,,,,,
1784887282667,2026-07-24 10:01:22,100.0,-128.0,-7.5,,,,,,,,,,,,,,17.25,16.93,16.35,,,
1784887287549,2026-07-24 10:01:27,100.0,-129.0,-9.75,,,,,,,,,,,40.43,45.12,46.76,,,,464.01,394.0,332.74
1784890800000,2026-07-24 11:00:00,,,,20.20650100708008,49.0,1018.4000244140624,9.15077018737793,0.0,7.5170207023620605,286.6993103027344,0.3300000131130218,20.506500244140625,0.2730000019073486,,,,,,,,,
1784894400000,2026-07-24 12:00:00,,,,21.4064998626709,44.0,1017.9000244140624,8.65004825592041,0.0,8.31124496459961,287.65020751953125,0.3400000035762787,21.756500244140625,0.2720000147819519,,,,,,,,,
1784898000000,2026-07-24 13:00:00,,,,22.4064998626709,42.0,1017.0999755859376,8.864705085754395,0.0,6.915374279022217,308.6598205566406,0.3400000035762787,22.95650100708008,0.270000010728836,,,,,,,,,
1784901600000,2026-07-24 14:00:00,,,,22.9064998626709,40.0,1016.5,8.591675758361816,0.0,8.37338638305664,295.4633178710937,0.3199999928474426,23.70650100708008,0.2680000066757202,,,,,,,,,
1784905200000,2026-07-24 15:00:00,,,,23.20650100708008,40.0,1015.7999877929688,8.860236167907715,0.0,10.383987426757812,303.6900939941406,0.270000010728836,23.95650100708008,0.2669999897480011,,,,,,,,,
1784908800000,2026-07-24 16:00:00,,,,22.85650062561035,35.0,1015.5,6.589153289794922,0.0,8.90590763092041,284.0362548828125,0.2399999946355819,23.55649948120117,0.2649999856948852,,,,,,,,,
1784912400000,2026-07-24 17:00:00,,,,22.4064998626709,37.0,1015.2000122070312,7.000926971435547,0.0,8.287821769714355,304.3804016113281,0.1899999976158142,22.85650062561035,0.2639999985694885,,,,,,,,,
1784916000000,2026-07-24 18:00:00,,,,21.45650100708008,42.0,1014.9000244140624,8.00900936126709,0.0,5.804825305938721,299.7447814941406,0.1199999973177909,21.9064998626709,0.2630000114440918,,,,,,,,,
1784916074657,2026-07-24 18:01:14,100.0,-131.0,-12.0,,,,,,,,,,,,,,17.14,16.93,16.29,,,
1784919600000,2026-07-24 19:00:00,,,,19.95650100708008,53.0,1015.0,10.089693069458008,0.0,1.2979984283447266,326.3099060058594,0.0399999991059303,20.60650062561035,0.2630000114440918,,,,,,,,,
1784923200000,2026-07-24 20:00:00,,,,18.30649948120117,59.0,1014.9000244140624,10.15574073791504,0.0,2.099142551422119,149.03631591796875,0.0,19.256500244140625,0.2630000114440918,,,,,,,,,
1784926800000,2026-07-24 21:00:00,,,,15.956500053405762,74.0,1014.9000244140624,11.325620651245115,0.0,2.3051247596740723,141.3401641845703,0.0,18.05649948120117,0.2630000114440918,,,,,,,,,
1784930400000,2026-07-24 22:00:00,,,,14.056500434875488,82.0,1014.7999877929688,11.030309677124023,0.0,2.099142551422119,149.03631591796875,0.0099999997764825,17.006500244140625,0.2630000114440918,,,,,,,,,
1784934000000,2026-07-24 23:00:00,,,,12.956500053405762,84.0,1014.7000122070312,10.316585540771484,0.0,2.27683973312378,198.4350433349609,0.0099999997764825,16.10650062561035,0.2630000114440918,,,,,,,,,
1784937600000,2026-07-25 00:00:00,,,,13.306500434875488,83.0,1014.2000122070312,10.479578018188477,0.0,2.968636035919189,165.96372985839844,0.0099999997764825,16.056499481201172,0.2680000066757202,,,,,,,,,
1784941200000,2026-07-25 01:00:00,,,,12.856500625610352,86.0,1013.5999755859376,10.571460723876951,0.0,2.545584201812744,135.00010681152344,0.0099999997764825,15.406499862670898,0.2680000066757202,,,,,,,,,
1784944800000,2026-07-25 02:00:00,,,,12.056500434875488,88.0,1013.2000122070312,10.12918472290039,0.0,3.075841426849365,159.44387817382812,0.0099999997764825,14.756500244140623,0.2680000066757202,,,,,,,,,
1784944867528,2026-07-25 02:01:07,100.0,-127.0,-8.25,,,,,,,,,,,,,,17.17,16.78,16.2,,,
1784948400000,2026-07-25 03:00:00,,,,11.106500625610352,87.0,1012.9000244140624,9.02383041381836,0.0,2.968636035919189,165.96372985839844,0.0099999997764825,14.156499862670898,0.2689999938011169,,,,,,,,,
1784952000000,2026-07-25 04:00:00,,,,11.006500244140623,85.0,1012.5999755859376,8.581244468688965,0.0,2.545584201812744,171.86997985839844,0.0099999997764825,13.656499862670898,0.2689999938011169,,,,,,,,,
1784955600000,2026-07-25 05:00:00,,,,12.406499862670898,84.0,1012.4000244140624,9.777859687805176,0.0,3.096837043762207,144.4622344970703,0.0099999997764825,13.706500053405762,0.2689999938011169,,,,,,,,,
1784959200000,2026-07-25 06:00:00,,,,14.856500625610352,74.0,1012.0999755859376,10.264524459838867,0.0,4.394360065460205,124.99209594726562,0.0599999986588954,14.756500244140623,0.2689999938011169,,,,,,,,,
1784959264009,2026-07-25 06:01:04,100.0,-127.0,-8.0,,,,,,,,,,,,,,17.17,16.7,16.2,,,
1784959269480,2026-07-25 06:01:09,100.0,-128.0,-9.25,,,,,,,,,,,40.38,45.06,46.66,,,,463.87,393.8,332.46
1784962800000,2026-07-25 07:00:00,,,,17.556499481201172,64.0,1011.5999755859376,10.668222427368164,0.0,5.116561412811279,129.2893829345703,0.1299999952316284,16.456501007080078,0.2680000066757202,,,,,,,,,
1784966400000,2026-07-25 08:00:00,,,,20.6564998626709,57.0,1011.2000122070312,11.836755752563477,0.0,5.9044389724731445,127.56866455078124,0.2100000232458114,18.60650062561035,0.2680000066757202,,,,,,,,,
1784970000000,2026-07-25 09:00:00,,,,23.35650062561035,53.0,1010.5999755859376,13.237837791442873,0.0,5.495161056518555,121.60746002197266,0.2800000309944153,20.85650062561035,0.2669999897480011,,,,,,,,,
1784973600000,2026-07-25 10:00:00,,,,25.60650062561035,41.0,1009.5999755859376,11.380106925964355,0.0,5.634891033172607,116.5649871826172,0.3500000238418579,23.10650062561035,0.2649999856948852,,,,,,,,,
1784973660307,2026-07-25 10:01:00,100.0,-125.0,-5.5,,,,,,,,,,,,,,17.11,16.72,16.29,,,
1784973667323,2026-07-25 10:01:07,100.0,-127.0,-7.75,,,,,,,,,,,40.33,45.05,46.65,,,,463.7,393.77,332.43
1784977200000,2026-07-25 11:00:00,,,,27.006500244140625,37.0,1008.7000122070312,11.07838535308838,0.0,4.896529197692871,162.89718627929688,0.3900000154972076,24.85650062561035,0.2639999985694885,,,,,,,,,
1784980800000,2026-07-25 12:00:00,,,,27.85650062561035,32.0,1008.0,9.648147583007812,0.0,5.447788238525391,187.5945587158203,0.4099999964237213,26.256500244140625,0.2619999945163727,,,,,,,,,
1784984400000,2026-07-25 13:00:00,,,,28.45650100708008,32.0,1007.4000244140624,10.170122146606444,0.0,1.8356469869613647,281.3099060058594,0.3900000154972076,27.256500244140625,0.2610000073909759,,,,,,,,,
1784988000000,2026-07-25 14:00:00,,,,29.20650100708008,33.0,1006.5999755859376,11.286177635192873,0.0,4.802999019622803,257.00537109375,0.3600000143051147,27.60650062561035,0.2590000033378601,,,,,,,,,
1784988064470,2026-07-25 14:01:04,100.0,-127.0,-8.5,,,,,,,,,,,40.27,45.0,46.61,,,,463.52,393.64,332.31
1784991600000,2026-07-25 15:00:00,,,,28.85650062561035,30.0,1006.2000122070312,9.553057670593262,0.0,8.891343116760254,211.75942993164065,0.3199999928474426,27.55649948120117,0.257999986410141,,,,,,,,,
1784995200000,2026-07-25 16:00:00,,,,28.6564998626709,29.0,1005.5999755859376,8.87717056274414,0.0,5.241678714752197,195.94546508789065,0.270000010728836,26.95650100708008,0.2569999992847442,,,,,,,,,
1784998800000,2026-07-25 17:00:00,,,,28.256500244140625,31.0,1005.2999877929688,9.522482872009276,0.0,5.86037540435791,222.51040649414065,0.2100000232458114,26.4064998626709,0.2560000121593475,,,,,,,,,
1785002400000,2026-07-25 18:00:00,,,,26.85650062561035,42.0,1005.0999755859376,12.868829727172852,0.0,4.0249223709106445,190.30479431152344,0.1199999973177909,25.4064998626709,0.2549999952316284,,,,,,,,,
1785002453102,2026-07-25 18:00:53,100.0,-129.0,-9.5,,,,,,,,,,,,,,17.05,16.61,16.14,,,
1785002458693,2026-07-25 18:00:58,100.0,-126.0,-5.5,,,,,,,,,,,40.23,44.96,46.58,,,,463.42,393.51,332.22
1785006000000,2026-07-25 19:00:00,,,,24.85650062561035,46.0,1005.0999755859376,12.448846817016602,0.0,4.379589080810547,170.53775024414062,0.0500000044703483,24.006500244140625,0.2549999952316284,,,,,,,,,
1785009600000,2026-07-25 20:00:00,,,,22.256500244140625,55.0,1005.2000122070312,12.78433322906494,0.0,2.545584201812744,135.00010681152344,0.0299999993294477,22.45650100708008,0.2549999952316284,,,,,,,,,
1785013200000,2026-07-25 21:00:00,,,,19.45650100708008,70.0,1005.2999877929688,13.841853141784668,0.0,2.9024126529693604,150.2552032470703,0.0099999997764825,21.20650100708008,0.2549999952316284,,,,,,,,,
1785016800000,2026-07-25 22:00:00,,,,17.956501007080078,76.0,1005.4000244140624,13.664074897766112,0.0,3.396233081817627,147.99465942382812,0.0199999995529651,20.10650062561035,0.2549999952316284,,,,,,,,,
1785016849653,2026-07-25 22:00:49,100.0,-128.0,-7.0,,,,,,,,,,,,,,17.14,17.2,16.06,,,
1785016856439,2026-07-25 22:00:56,100.0,-127.0,-8.75,,,,,,,,,,,40.23,44.95,46.56,,,,463.42,393.48,332.16
1785020400000,2026-07-25 23:00:00,,,,16.9064998626709,79.0,1005.5999755859376,13.240490913391112,0.0,2.4149534702301025,153.4350128173828,0.0099999997764825,19.10650062561035,0.2560000121593475,,,,,,,,,
1785024000000,2026-07-26 00:00:00,,,,17.10650062561035,73.0,1004.7999877929688,12.22764015197754,0.0,1.4399999380111694,180.0,0.0099999997764825,19.35650062561035,0.2560000121593475,,,,,,,,,
1785027600000,2026-07-26 01:00:00,,,,16.206501007080078,79.0,1005.0,12.56007480621338,0.0,3.396233081817627,122.0053482055664,0.0099999997764825,18.55649948120117,0.2560000121593475,,,,,,,,,
1785031200000,2026-07-26 02:00:00,,,,15.656499862670898,84.0,1005.4000244140624,12.960896492004396,0.0,2.4149534702301025,116.5649871826172,0.0099999997764825,17.85650062561035,0.2569999992847442,,,,,,,,,
1785031245938,2026-07-26 02:00:45,100.0,-127.0,-8.0,,,,,,,,,,,,,,17.22,16.64,15.31,,,
1785031251459,2026-07-26 02:00:51,100.0,-128.0,-11.75,,,,,,,,,,,40.25,44.95,46.55,,,,463.46,393.48,332.13
1785034800000,2026-07-26 03:00:00,,,,14.756500244140623,86.0,1005.5,12.437556266784668,0.0,3.7585103511810303,106.69932556152344,0.0099999997764825,17.306499481201172,0.2569999992847442,,,,,,,,,
1785038400000,2026-07-26 04:00:00,,,,14.756500244140623,84.0,1005.7000122070312,12.079524993896484,0.0,2.4149534702301025,116.5649871826172,0.0099999997764825,16.806499481201172,0.2569999992847442,,,,,,,,,
1785042000000,2026-07-26 05:00:00,,,,15.756500244140623,82.0,1005.7000122070312,12.690396308898926,0.0,2.620839357376098,105.94546508789062,0.0099999997764825,16.956501007080078,0.2569999992847442,,,,,,,,,
1785045600000,2026-07-26 06:00:00,,,,17.4064998626709,76.0,1005.7000122070312,13.131994247436523,0.0,1.8356469869613647,101.30989837646484,0.0500000044703483,17.9064998626709,0.2569999992847442,,,,,,,,,
1785045642317,2026-07-26 06:00:42,100.0,-126.0,-6.75,,,,,,,,,,,,,,17.28,16.7,16.09,,,
1785045649251,2026-07-26 06:00:49,100.0,-127.0,-7.75,,,,,,,,,,,40.26,44.96,46.54,,,,463.49,393.51,332.1
1785049200000,2026-07-26 07:00:00,,,,19.95650100708008,65.0,1005.7000122070312,13.179863929748535,0.0,2.9024126529693604,97.12492370605467,0.1099999994039535,19.4064998626709,0.2569999992847442,,,,,,,,,
1785052800000,2026-07-26 08:00:00,,,,22.9064998626709,56.0,1005.2999877929688,13.665587425231934,0.0,3.219938039779663,116.5649871826172,0.1800000071525573,21.506500244140625,0.2569999992847442,,,,,,,,,
1785056400000,2026-07-26 09:00:00,,,,25.506500244140625,48.0,1005.0999755859376,13.693164825439451,0.0,1.6099690198898315,63.43501281738281,0.2599999904632568,23.70650100708008,0.2560000121593475,,,,,,,,,
1785060000000,2026-07-26 10:00:00,,,,27.30649948120117,41.0,1004.5,12.904312133789062,0.0,2.0364675521850586,44.99989700317383,0.3199999928474426,25.60650062561035,0.2549999952316284,,,,,,,,,
1785060038702,2026-07-26 10:00:38,100.0,-122.0,-2.25,,,,,,,,,,,,,,17.34,17.22,16.09,,,
1785063600000,2026-07-26 11:00:00,,,,28.756500244140625,34.0,1004.0,11.34360694885254,0.0,9.114471435546877,279.0901794433594,0.3000000119209289,26.80649948120117,0.2540000081062317,,,,,,,,,
1785067200000,2026-07-26 12:00:00,,,,29.35650062561035,31.0,1003.4000244140624,10.475545883178713,0.0,11.367109298706056,280.9540100097656,0.3000000119209289,27.60650062561035,0.2529999911785126,,,,,,,,,
1785070800000,2026-07-26 13:00:00,,,,29.80649948120117,30.0,1003.2999877929688,10.372747421264648,0.0,12.783802032470703,279.7275085449219,0.2800000309944153,27.9064998626709,0.2520000040531158,,,,,,,,,
1785074400000,2026-07-26 14:00:00,,,,29.95650100708008,29.0,1002.5999755859376,9.99439811706543,0.0,7.928177833557129,267.3974914550781,0.2800000309944153,28.35650062561035,0.2509999871253967,,,,,,,,,
1785078000000,2026-07-26 15:00:00,,,,30.05649948120117,26.0,1002.4000244140624,8.457469940185547,0.0,11.252518653869627,262.647705078125,0.2300000041723251,28.05649948120117,0.25,,,,,,,,,
1785081600000,2026-07-26 16:00:00,,,,29.60650062561035,27.0,1002.0999755859376,8.632600784301758,0.0,11.60965061187744,240.2552032470703,0.2000000178813934,27.60650062561035,0.248999997973442,,,,,,,,,
1785085200000,2026-07-26 17:00:00,,,,29.05649948120117,32.0,1002.0999755859376,10.691939353942873,0.0,7.968938827514648,251.56495666503903,0.1500000059604644,26.756500244140625,0.2479999959468841,,,,,,,,,
1785088800000,2026-07-26 18:00:00,,,,28.10650062561035,29.0,1002.5999755859376,8.40427017211914,0.0,13.044721603393556,309.400634765625,0.1099999994039535,26.006500244140625,0.2479999959468841,,,,,,,,,
1785088831525,2026-07-26 18:00:31,100.0,-126.0,-6.25,,,,,,,,,,,,,,17.37,16.75,16.11,,,
1785088837069,2026-07-26 18:00:37,100.0,-126.0,-5.5,,,,,,,,,,,40.14,44.83,46.43,,,,463.14,393.12,331.76
1785092400000,2026-07-26 19:00:00,,,,23.756500244140625,49.0,1004.0999755859376,12.40699863433838,0.0,6.379216194152832,343.6103820800781,0.1000000089406967,24.80649948120117,0.2479999959468841,,,,,,,,,
1785096000000,2026-07-26 20:00:00,,,,22.30649948120117,62.0,1004.4000244140624,14.675054550170898,0.0,2.27683973312378,108.43504333496094,0.0399999991059303,23.55649948120117,0.2479999959468841,,,,,,,,,
1785099600000,2026-07-26 21:00:00,,,,21.6564998626709,65.0,1004.5999755859376,14.793112754821776,0.0,2.741678237915039,156.80137634277344,0.0199999995529651,22.60650062561035,0.2479999959468841,,,,,,,,,
1785103200000,2026-07-26 22:00:00,,,,21.6564998626709,57.0,1004.7999877929688,12.77086353302002,0.0,5.86037540435791,227.4895935058593,0.0199999995529651,21.95650100708008,0.2479999959468841,,,,,,,,,
1785103234942,2026-07-26 22:00:34,100.0,-125.0,-8.5,,,,,,,,,,,40.13,44.81,46.4,,,,463.11,393.05,331.67
1785106800000,2026-07-26 23:00:00,,,,21.10650062561035,63.0,1005.0,13.789088249206545,0.0,5.351784706115723,250.34608459472656,0.0500000044703483,21.55649948120117,0.2479999959468841,,,,,,,,,
1785110400000,2026-07-27 00:00:00,,,,21.30649948120117,54.0,1004.5,11.622737884521484,0.8999999761581421,6.119999885559082,241.9276123046875,0.0199999995529651,21.05649948120117,0.2450000047683715,,,,,,,,,
1785114000000,2026-07-27 01:00:00,,,,20.30649948120117,68.0,1005.0,14.207218170166016,0.0,16.263872146606445,264.92047119140625,0.0500000044703483,20.95650100708008,0.2450000047683715,,,,,,,,,
1785117600000,2026-07-27 02:00:00,,,,19.55649948120117,70.0,1006.0,13.937617301940918,0.0,14.081478118896484,274.39862060546875,0.0399999991059303,20.70650100708008,0.2460000067949295,,,,,,,,,
1785117624333,2026-07-27 02:00:24,100.0,-132.0,-12.5,,,,,,,,,,,,,,17.55,17.58,15.97,,,
1785117629973,2026-07-27 02:00:29,100.0,-123.0,-2.5,,,,,,,,,,,40.13,44.8,46.39,,,,463.11,393.02,331.64
1785121200000,2026-07-27 03:00:00,,,,19.05649948120117,73.0,1006.5999755859376,14.1049165725708,0.0,13.31999969482422,270.0,0.0299999993294477,20.30649948120117,0.2460000067949295,,,,,,,,,
1785124800000,2026-07-27 04:00:00,,,,18.70650100708008,76.0,1007.2000122070312,14.38957405090332,0.0,13.339445114135742,273.093994140625,0.0299999993294477,19.95650100708008,0.2460000067949295,,,,,,,,,
1785128400000,2026-07-27 05:00:00,,,,18.55649948120117,75.0,1007.5,14.039958953857422,0.1000000014901161,12.59999942779541,270.0,0.0500000044703483,19.756500244140625,0.2460000067949295,,,,,,,,,
1785132000000,2026-07-27 06:00:00,,,,18.756500244140625,73.0,1008.2000122070312,13.816139221191406,0.0,14.081478118896484,274.39862060546875,0.0599999986588954,19.70650100708008,0.2460000067949295,,,,,,,,,
1785135600000,2026-07-27 07:00:00,,,,18.9064998626709,72.0,1008.7000122070312,13.748024940490724,0.0,16.946786880493164,282.2647705078125,0.0900000035762786,20.006500244140625,0.2460000067949295,,,,,,,,,
1785139200000,2026-07-27 08:00:00,,,,17.10650062561035,76.0,1010.2999877929688,12.841757774353027,2.0999999046325684,14.345897674560549,287.5256652832031,0.1099999994039535,19.55649948120117,0.2469999939203262,,,,,,,,,
1785142800000,2026-07-27 09:00:00,,,,17.956501007080078,69.0,1011.4000244140624,12.186161994934082,0.0,15.990646362304688,301.1849060058594,0.1500000059604644,19.60650062561035,0.248999997973442,,,,,,,,,
1785146400000,2026-07-27 10:00:00,,,,20.10650062561035,59.0,1011.9000244140624,11.844855308532717,0.0,18.204042434692383,294.5377197265625,0.2000000178813934,20.60650062561035,0.25,,,,,,,,,
1785150000000,2026-07-27 11:00:00,,,,21.6564998626709,53.0,1012.5,11.664144515991213,0.0,16.61079216003418,299.8988037109375,0.270000010728836,22.506500244140625,0.25,,,,,,,,,
1785153600000,2026-07-27 12:00:00,,,,22.1564998626709,51.0,1012.9000244140624,11.54372501373291,0.0,14.825706481933594,299.05450439453125,0.2599999904632568,23.9064998626709,0.25,,,,,,,,,
1785157200000,2026-07-27 13:00:00,,,,22.9064998626709,45.0,1013.2000122070312,10.34483528137207,0.0,15.509273529052734,291.8014831542969,0.2399999946355819,24.70650100708008,0.248999997973442,,,,,,,,,
1785160800000,2026-07-27 14:00:00,,,,22.256500244140625,43.0,1013.5,9.07830047607422,0.2000000029802322,10.703569412231444,289.6539001464844,0.1899999976158142,23.6564998626709,0.2479999959468841,,,,,,,,,
1785164400000,2026-07-27 15:00:00,,,,22.05649948120117,43.0,1014.0,8.897668838500977,0.0,13.004921913146973,311.6334533691406,0.1899999976158142,23.05649948120117,0.2479999959468841,,,,,,,,,
1785168000000,2026-07-27 16:00:00,,,,21.256500244140625,49.0,1014.7000122070312,10.114262580871582,0.0,11.841755867004396,289.5367431640625,0.1299999952316284,22.20650100708008,0.2479999959468841,,,,,,,,,
1785171600000,2026-07-27 17:00:00,,,,21.256500244140625,50.0,1015.0,10.416877746582031,0.0,7.695919990539551,280.78424072265625,0.1000000089406967,21.756500244140625,0.2469999939203262,,,,,,,,,
1785175200000,2026-07-27 18:00:00,,,,20.756500244140625,53.0,1015.2999877929688,10.830706596374512,0.0,8.08999252319336,290.8545227050781,0.0700000077486038,21.256500244140625,0.2469999939203262,,,,,,,,,
1785178800000,2026-07-27 19:00:00,,,,20.20650100708008,56.0,1015.9000244140624,11.149078369140623,0.0,5.771238803863525,273.5762634277344,0.0500000044703483,20.6564998626709,0.2469999939203262,,,,,,,,,
1785182400000,2026-07-27 20:00:00,,,,19.30649948120117,63.0,1016.7999877929688,12.08711051940918,0.2000000029802322,9.504273414611816,294.62353515625,0.0399999991059303,20.1564998626709,0.2469999939203262,,,,,,,,,
1785186000000,2026-07-27 21:00:00,,,,17.6564998626709,73.0,1017.5999755859376,12.757179260253906,0.8999999761581421,6.849466800689697,273.0127258300781,0.0700000077486038,19.506500244140625,0.2479999959468841,,,,,,,,,
1785189600000,2026-07-27 22:00:00,,,,17.456501007080078,76.0,1018.2000122070312,13.18036937713623,0.0,5.447788238525391,262.40545654296875,0.0399999991059303,18.9064998626709,0.248999997973442,,,,,,,,,
1785189606323,2026-07-27 22:00:06,100.0,-131.0,-11.25,,,,,,,,,,,,,,17.82,17.52,16.17,,,
1785193200000,2026-07-27 23:00:00,,,,16.9064998626709,79.0,1018.5999755859376,13.240490913391112,0.0,5.052840709686279,274.0855407714844,0.0199999995529651,18.4064998626709,0.248999997973442,,,,,,,,,
1785196800000,2026-07-28 00:00:00,,,,17.256500244140625,82.0,1019.2999877929688,14.154962539672852,0.0,5.771238803863525,273.5762634277344,0.0199999995529651,18.95650100708008,0.2440000027418136,,,,,,,,,
1785200400000,2026-07-28 01:00:00,,,,16.85650062561035,84.0,1020.2000122070312,14.135966300964355,0.0,5.937272071838379,284.0362548828125,0.0199999995529651,18.6564998626709,0.2440000027418136,,,,,,,,,
1785204000000,2026-07-28 02:00:00,,,,16.4064998626709,84.0,1020.9000244140624,13.695327758789062,0.0,6.369049549102783,312.7093811035156,0.0199999995529651,18.30649948120117,0.2450000047683715,,,,,,,,,
1785207600000,2026-07-28 03:00:00,,,,15.756500244140623,86.0,1021.4000244140624,13.419611930847168,0.0,4.379589080810547,279.4622497558594,0.0099999997764825,17.85650062561035,0.2450000047683715,,,,,,,,,
1785211200000,2026-07-28 04:00:00,,,,15.356500625610352,85.0,1021.9000244140624,12.84788990020752,0.0,2.9024126529693604,262.8750915527344,0.0099999997764825,17.256500244140625,0.2450000047683715,,,,,,,,,
1785214800000,2026-07-28 05:00:00,,,,15.806500434875488,83.0,1022.0999755859376,12.924481391906738,0.0,3.5999999046325684,233.1300201416016,0.0099999997764825,17.10650062561035,0.2450000047683715,,,,,,,,,
1785218400000,2026-07-28 06:00:00,,,,16.9064998626709,76.0,1022.2000122070312,12.648256301879885,0.0,3.877318382263184,248.1985321044922,0.0599999986588954,17.85650062561035,0.2450000047683715,,,,,,,,,
1785222000000,2026-07-28 07:00:00,,,,18.20650100708008,72.0,1022.2000122070312,13.07529067993164,0.0,5.154415130615234,294.7751159667969,0.1000000089406967,19.20650100708008,0.2450000047683715,,,,,,,,,
1785225600000,2026-07-28 08:00:00,,,,19.70650100708008,59.0,1022.2999877929688,11.469560623168944,0.0,9.227523803710938,290.5561218261719,0.1500000059604644,20.60650062561035,0.2450000047683715,,,,,,,,,
1785229200000,2026-07-28 09:00:00,,,,20.80649948120117,53.0,1022.5,10.877013206481934,0.0,9.6932954788208,285.06854248046875,0.1899999976158142,21.506500244140625,0.2440000027418136,,,,,,,,,
1785232800000,2026-07-28 10:00:00,,,,21.9064998626709,50.0,1022.7000122070312,11.014594078063965,0.0,11.440978050231934,282.724365234375,0.2399999946355819,22.756500244140625,0.2440000027418136,,,,,,,,,
1785232804255,2026-07-28 10:00:04,100.0,-128.0,-8.25,,,,,,,,,,,,,,17.85,17.7,16.37,,,
1785232805384,2026-07-28 10:00:05,100.0,-134.0,-13.75,,,,,,,,,,,39.95,44.57,46.15,,,,462.58,392.34,330.94
1785236400000,2026-07-28 11:00:00,,,,22.506500244140625,45.0,1022.5,9.981704711914062,0.0,12.324414253234863,276.7097473144531,0.25,23.756500244140625,0.2430000007152557,,,,,,,,,
1785240000000,2026-07-28 12:00:00,,,,23.30649948120117,44.0,1022.2999877929688,10.37056827545166,0.0,9.422101020812988,276.58184814453125,0.2300000041723251,24.20650100708008,0.2419999986886978,,,,,,,,,
1785243600000,2026-07-28 13:00:00,,,,24.20650100708008,38.0,1021.9000244140624,8.99227237701416,0.0,10.137691497802734,276.11541748046875,0.25,25.006500244140625,0.2409999966621399,,,,,,,,,
1785247200000,2026-07-28 14:00:00,,,,25.05649948120117,38.0,1021.5,9.7481050491333,0.0,9.72666358947754,308.9909973144531,0.25,25.756500244140625,0.2399999946355819,,,,,,,,,
1785250800000,2026-07-28 15:00:00,,,,25.35650062561035,39.0,1021.2000122070312,10.40372371673584,0.0,11.885453224182127,305.13427734375,0.2300000041723251,26.006500244140625,0.238999992609024,,,,,,,,,
1785254400000,2026-07-28 16:00:00,,,,24.85650062561035,42.0,1021.2999877929688,11.070072174072266,0.0,12.594856262207031,300.96368408203125,0.1899999976158142,25.70650100708008,0.2380000054836273,,,,,,,,,
1785258000000,2026-07-28 17:00:00,,,,24.30649948120117,44.0,1021.5,11.275625228881836,0.0,9.339207649230955,297.552734375,0.1500000059604644,24.95650100708008,0.2370000034570694,,,,,,,,,
1785261595357,2026-07-28 17:59:55,100.0,-130.0,-12.0,,,,,,,,,,,39.79,44.42,46.02,,,,462.1,391.88,330.57
1785261600000,2026-07-28 18:00:00,,,,23.10650062561035,47.0,1022.0,11.18077564239502,0.0,8.78872013092041,325.0079040527344,0.1000000089406967,23.95650100708008,0.2370000034570694,,,,,,,,,
1785265200000,2026-07-28 19:00:00,,,,21.1564998626709,55.0,1022.2999877929688,11.76132869720459,0.0,4.379589080810547,9.462247848510742,0.0599999986588954,22.6564998626709,0.2360000014305114,,,,,,,,,
1785268800000,2026-07-28 20:00:00,,,,19.006500244140625,67.0,1022.7000122070312,12.740121841430664,0.0,1.527350664138794,44.99989700317383,0.0199999995529651,21.30649948120117,0.2360000014305114,,,,,,,,,
1785272400000,2026-07-28 21:00:00,,,,17.506500244140625,75.0,1022.9000244140624,13.025832176208496,0.0,1.8356469869613647,78.69010162353516,0.0099999997764825,20.10650062561035,0.2370000034570694,,,,,,,,,
1785275991760,2026-07-28 21:59:51,100.0,-126.0,-6.5,,,,,,,,,,,39.73,44.36,45.97,,,,461.92,391.72,330.42
1785276000000,2026-07-28 22:00:00,,,,17.006500244140625,73.0,1023.2000122070312,12.131353378295898,0.0,1.7999999523162842,90.0,0.0099999997764825,19.10650062561035,0.2370000034570694,,,,,,,,,
1785279600000,2026-07-28 23:00:00,,,,16.456501007080078,77.0,1023.2999877929688,12.411853790283203,0.0,2.595996856689453,123.69009399414062,0.0099999997764825,18.35650062561035,0.2370000034570694,,,,,,,,,
1785283200000,2026-07-29 00:00:00,,,,15.706500053405762,80.0,1023.5,12.265286445617676,0.0,1.8356469869613647,101.30989837646484,0.0099999997764825,17.756500244140625,0.2419999986886978,,,,,,,,,
1785286800000,2026-07-29 01:00:00,,,,14.856500625610352,80.0,1023.2000122070312,11.437710762023926,0.0,4.104631423950195,127.8750457763672,0.0099999997764825,17.1564998626709,0.2419999986886978,,,,,,,,,
1785290381248,2026-07-29 01:59:41,100.0,-122.0,-2.25,,,,,,,,,,,,,,17.88,17.11,16.29,,,
1785290386772,2026-07-29 01:59:46,100.0,-123.0,-4.75,,,,,,,,,,,39.7,44.32,45.92,,,,461.82,391.59,330.3
1785290400000,2026-07-29 02:00:00,,,,14.456500053405762,80.0,1023.0999755859376,11.048235893249512,0.0,4.104631423950195,127.8750457763672,0.0099999997764825,16.6564998626709,0.2419999986886978,,,,,,,,,
1785294000000,2026-07-29 03:00:00,,,,14.056500434875488,81.0,1022.7000122070312,10.845538139343262,0.0,3.89399528503418,146.30990600585938,0.0099999997764825,16.256500244140625,0.2419999986886978,,,,,,,,,
1785297600000,2026-07-29 04:00:00,,,,13.806500434875488,81.0,1022.4000244140624,10.601739883422852,0.0,5.495161056518555,148.39254760742188,0.0099999997764825,15.856500625610352,0.2430000007152557,,,,,,,,,
1785301200000,2026-07-29 05:00:00,,,,14.656499862670898,78.0,1022.5999755859376,10.861377716064451,0.0,4.394360065460205,145.00790405273438,0.0199999995529651,15.906499862670898,0.2430000007152557,,,,,,,,,
1785304794295,2026-07-29 05:59:54,100.0,-132.0,-12.75,,,,,,,,,,,39.66,44.28,45.89,,,,461.71,391.46,330.21
1785304800000,2026-07-29 06:00:00,,,,16.1564998626709,73.0,1022.4000244140624,11.312874794006348,0.0,5.351784706115723,132.27362060546875,0.0500000044703483,16.756500244140625,0.2430000007152557,,,,,,,,,
1785308400000,2026-07-29 07:00:00,,,,18.55649948120117,66.0,1021.9000244140624,12.082670211791992,0.0,4.104631423950195,142.1249542236328,0.0900000035762786,18.256500244140625,0.2430000007152557,,,,,,,,,
1785312000000,2026-07-29 08:00:00,,,,21.95650100708008,56.0,1021.4000244140624,12.780354499816896,0.0,5.991593837738037,122.73522186279295,0.1500000059604644,20.256500244140625,0.2430000007152557,,,,,,,,,
1785315600000,2026-07-29 09:00:00,,,,24.55649948120117,49.0,1021.2000122070312,13.140291213989258,0.0,6.1516828536987305,110.5561294555664,0.2199999988079071,22.506500244140625,0.2419999986886978,,,,,,,,,
1785319174005,2026-07-29 09:59:34,100.0,-128.0,-8.75,,,,,,,,,,,,,,17.88,17.88,16.32,,,
1785319200000,2026-07-29 10:00:00,,,,26.95650100708008,41.0,1020.5999755859376,12.59058952331543,0.0,7.56856632232666,115.34613800048828,0.2800000309944153,24.70650100708008,0.2409999966621399,,,,,,,,,
1785322800000,2026-07-29 11:00:00,,,,28.70650100708008,36.0,1019.9000244140624,12.165932655334473,0.0,8.699792861938477,114.4439468383789,0.3100000023841858,26.60650062561035,0.2399999946355819,,,,,,,,,
1785326400000,2026-07-29 12:00:00,,,,30.20650100708008,33.0,1019.2000122070312,12.158652305603027,0.0,10.18869972229004,122.0053482055664,0.3199999928474426,28.10650062561035,0.238999992609024,,,,,,,,,
1785330000000,2026-07-29 13:00:00,,,,31.10650062561035,30.0,1018.7000122070312,11.493779182434082,0.0,11.72075080871582,132.51040649414062,0.3100000023841858,29.10650062561035,0.2370000034570694,,,,,,,,,
1785333570421,2026-07-29 13:59:30,100.0,-122.0,-3.25,,,,,,,,,,,,,,17.82,17.28,16.4,,,
1785333575896,2026-07-29 13:59:35,100.0,-126.0,-6.25,,,,,,,,,,,39.49,44.12,45.75,,,,461.23,391.0,329.81
1785333600000,2026-07-29 14:00:00,,,,31.506500244140625,30.0,1018.2000122070312,11.838553428649902,0.0,12.475960731506348,133.83094787597656,0.2900000214576721,29.6564998626709,0.2360000014305114,,,,,,,,,
1785337200000,2026-07-29 15:00:00,,,,31.6564998626709,30.0,1017.7000122070312,11.967824935913086,0.0,11.212135314941406,132.3973846435547,0.2599999904632568,29.70650100708008,0.2349999994039535,,,,,,,,,
1785340800000,2026-07-29 16:00:00,,,,31.55649948120117,30.0,1017.2999877929688,11.881647109985352,0.0,10.23312282562256,140.7106170654297,0.2300000041723251,29.45650100708008,0.2339999973773956,,,,,,,,,
1785344400000,2026-07-29 17:00:00,,,,31.006500244140625,31.0,1017.0999755859376,11.904132843017578,0.0,9.44957160949707,139.6355438232422,0.1800000071525573,28.756500244140625,0.2329999953508377,,,,,,,,,
1785347974283,2026-07-29 17:59:34,100.0,-121.0,-15.5,,,,,,,,,,,39.41,44.02,45.68,,,,460.98,390.71,329.6
1785348000000,2026-07-29 18:00:00,,,,29.4064998626709,35.0,1017.2000122070312,12.353532791137695,0.0,6.130578517913818,139.7637176513672,0.1199999973177909,27.70650100708008,0.2319999933242797,,,,,,,,,
1785351600000,2026-07-29 19:00:00,,,,26.85650062561035,46.0,1017.4000244140624,14.267248153686523,0.0,5.399999618530273,126.86997985839844,0.0700000077486038,26.20650100708008,0.2319999933242797,,,,,,,,,
1785355200000,2026-07-29 20:00:00,,,,24.70650100708008,55.0,1017.5,15.061759948730469,0.0,4.394360065460205,145.00790405273438,0.0399999991059303,24.756500244140625,0.2319999933242797,,,,,,,,,
1785358800000,2026-07-29 21:00:00,,,,22.70650100708008,61.0,1017.5999755859376,14.799753189086914,0.0,4.510787010192871,151.38963317871094,0.0199999995529651,23.45650100708008,0.2319999933242797,,,,,,,,,
1785362386834,2026-07-29 21:59:46,100.0,-127.0,-7.0,,,,,,,,,,,,,,17.88,17.64,16.4,,,
1785362387183,2026-07-29 21:59:47,100.0,-132.0,-12.25,,,,,,,,,,,39.35,43.94,45.61,,,,460.81,390.48,329.41
1785362400000,2026-07-29 22:00:00,,,,21.45650100708008,64.0,1017.5,14.363313674926758,0.0,4.510787010192871,151.38963317871094,0.0199999995529651,22.4064998626709,0.2319999933242797,,,,,,,,,
1785366000000,2026-07-29 23:00:00,,,,20.60650062561035,67.0,1017.2999877929688,14.264296531677246,0.0,4.198285102844238,149.03631591796875,0.0199999995529651,21.506500244140625,0.2319999933242797,,,,,,,,,
1785369600000,2026-07-30 00:00:00,,,,19.256500244140625,71.0,1016.9000244140624,13.868682861328123,0.0,3.3190360069274902,167.47120666503906,0.0199999995529651,20.85650062561035,0.2360000014305114,,,,,,,,,
1785373200000,2026-07-30 01:00:00,,,,18.506500244140625,73.0,1016.7000122070312,13.575481414794922,0.0,3.545588731765747,156.03750610351562,0.0099999997764825,20.20650100708008,0.2360000014305114,,,,,,,,,
1785376759607,2026-07-30 01:59:19,100.0,-125.0,-5.25,,,,,,,,,,,,,,17.94,17.67,16.23,,,
1785376765073,2026-07-30 01:59:25,100.0,-126.0,-6.5,,,,,,,,,,,39.3,43.88,45.54,,,,460.67,390.32,329.23
1785376800000,2026-07-30 02:00:00,,,,18.45650100708008,72.0,1016.7999877929688,13.31556224822998,0.0,3.877318382263184,158.1985321044922,0.0099999997764825,19.70650100708008,0.2360000014305114,,,,,,,,,
1785380400000,2026-07-30 03:00:00,,,,18.60650062561035,69.0,1016.5999755859376,12.807703018188477,0.0,4.198285102844238,149.03631591796875,0.0199999995529651,19.30649948120117,0.2370000034570694,,,,,,,,,
1785384000000,2026-07-30 04:00:00,,,,18.45650100708008,71.0,1016.5,13.101165771484377,0.0,4.349896430969238,155.55606079101562,0.0199999995529651,19.006500244140625,0.2370000034570694,,,,,,,,,
1785387600000,2026-07-30 05:00:00,,,,19.756500244140625,70.0,1016.7000122070312,14.129144668579102,0.0,4.104631423950195,142.1249542236328,0.0199999995529651,19.1564998626709,0.2370000034570694,,,,,,,,,
1785391155985,2026-07-30 05:59:15,100.0,-120.0,-15.0,,,,,,,,,,,,,,18.03,17.31,16.29,,,
1785391161562,2026-07-30 05:59:21,100.0,-126.0,-6.25,,,,,,,,,,,39.24,43.81,45.49,,,,460.5,390.12,329.08
1785391200000,2026-07-30 06:00:00,,,,22.006500244140625,63.0,1016.5999755859376,14.63983154296875,0.0,4.843304634094238,138.0128631591797,0.0700000077486038,20.1564998626709,0.2370000034570694,,,,,,,,,
1785394800000,2026-07-30 07:00:00,,,,24.506500244140625,58.0,1016.7999877929688,15.703296661376951,0.0,5.600285530090332,135.00010681152344,0.1400000154972076,21.756500244140625,0.2370000034570694,,,,,,,,,
1785398400000,2026-07-30 08:00:00,,,,27.6564998626709,51.0,1016.7000122070312,16.60812759399414,0.0,5.091168403625488,135.00010681152344,0.2100000232458114,23.80649948120117,0.2370000034570694,,,,,,,,,
1785402000000,2026-07-30 09:00:00,,,,30.60650062561035,44.0,1016.5999755859376,16.969911575317383,0.0,4.0249223709106445,116.5649871826172,0.2800000309944153,26.1564998626709,0.2360000014305114,,,,,,,,,
1785405552416,2026-07-30 09:59:12,100.0,-124.0,-3.5,,,,,,,,,,,,,,18.09,17.7,16.35,,,
1785405559368,2026-07-30 09:59:19,100.0,-124.0,-6.0,,,,,,,,,,,39.17,43.72,45.41,,,,460.29,389.86,328.87
1785405600000,2026-07-30 10:00:00,,,,33.05649948120117,38.0,1016.2999877929688,16.84848403930664,0.0,0.3599999845027923,90.0,0.3300000131130218,28.35650062561035,0.2349999994039535,,,,,,,,,
1785409200000,2026-07-30 11:00:00,,,,34.85649871826172,31.0,1015.5999755859376,15.2328519821167,0.0,3.545588731765747,336.0375061035156,0.3500000238418579,30.1564998626709,0.2339999973773956,,,,,,,,,
1785412800000,2026-07-30 12:00:00,,,,35.756500244140625,28.0,1014.9000244140624,14.425273895263672,0.0,5.804825305938721,352.87506103515625,0.3700000345706939,31.80649948120117,0.2329999953508377,,,,,,,,,
1785416400000,2026-07-30 13:00:00,,,,36.60649871826172,23.0,1014.4000244140624,12.124629974365234,0.0,7.594208240509033,301.42950439453125,0.3700000345706939,32.80649948120117,0.231000006198883,,,,,,,,,
1785419949112,2026-07-30 13:59:09,100.0,-134.0,-14.5,,,,,,,,,,,,,,18.15,17.22,16.35,,,
1785420000000,2026-07-30 14:00:00,,,,37.15650177001953,21.0,1013.7000122070312,11.202252388000488,0.0,6.989935398101807,281.8886413574219,0.3300000131130218,33.35649871826172,0.2300000041723251,,,,,,,,,
1785423600000,2026-07-30 15:00:00,,,,37.20650100708008,21.0,1013.0999755859376,11.243420600891112,0.0,7.56856632232666,272.72625732421875,0.3100000023841858,33.45650100708008,0.2290000021457672,,,,,,,,,
1785427200000,2026-07-30 16:00:00,,,,36.75650024414063,17.0,1013.0999755859376,7.73183012008667,0.0,11.96695327758789,276.9111328125,0.2800000309944153,33.05649948120117,0.2280000001192093,,,,,,,,,
1785430800000,2026-07-30 17:00:00,,,,35.80649948120117,17.0,1013.0,6.968433380126953,0.0,7.559999465942383,270.0,0.2300000041723251,32.10649871826172,0.2269999980926513,,,,,,,,,
1785434345167,2026-07-30 17:59:05,100.0,-124.0,-4.75,,,,,,,,,,,,,,18.24,17.79,16.46,,,
1785434352184,2026-07-30 17:59:12,100.0,-128.0,-7.75,,,,,,,,,,,39.02,43.53,45.23,,,,459.87,389.31,328.38
1785434400000,2026-07-30 18:00:00,,,,33.55649948120117,30.0,1013.0999755859376,13.604413032531738,0.0,2.968636035919189,255.96372985839844,0.1299999952316284,30.80649948120117,0.2259999960660934,,,,,,,,,
1785438000000,2026-07-30 19:00:00,,,,30.05649948120117,38.0,1013.5,14.188675880432127,0.0,3.6712939739227295,168.6901092529297,0.0399999991059303,29.10650062561035,0.2249999940395355,,,,,,,,,
1785441600000,2026-07-30 20:00:00,,,,24.45650100708008,61.0,1014.0999755859376,16.44684410095215,0.0,1.8356469869613647,191.3098907470703,0.0299999993294477,27.30649948120117,0.2249999940395355,,,,,,,,,
1785445200000,2026-07-30 21:00:00,,,,26.4064998626709,47.0,1016.5,14.189987182617188,0.0,7.729526996612549,297.7584228515625,0.0799999982118606,26.256500244140625,0.2249999940395355,,,,,,,,,
1785448800000,2026-07-30 22:00:00,,,,24.506500244140625,54.0,1017.2999877929688,14.591267585754396,0.0,6.725354194641113,254.475830078125,0.0599999986588954,25.4064998626709,0.2249999940395355,,,,,,,,,
1785452400000,2026-07-30 23:00:00,,,,23.70650100708008,61.0,1017.0,15.741025924682615,0.0,4.896529674530029,143.9725341796875,0.0299999993294477,24.6564998626709,0.2259999960660934,,,,,,,,,
1785456000000,2026-07-31 00:00:00,,,,23.35650062561035,67.0,1015.9000244140624,16.882923126220703,0.0,4.679999828338623,270.0,0.0199999995529651,24.756500244140625,0.2249999940395355,,,,,,,,,
1785459600000,2026-07-31 01:00:00,,,,22.45650100708008,74.0,1016.5,17.592445373535156,0.0,0.3599999845027923,360.0,0.0199999995529651,24.05649948120117,0.2249999940395355,,,,,,,,,
1785463200000,2026-07-31 02:00:00,,,,21.30649948120117,78.0,1016.7000122070312,17.314496994018555,0.0,0.8049845099449158,243.4350128173828,0.0099999997764825,23.256500244140625,0.2259999960660934,,,,,,,,,
1785466800000,2026-07-31 03:00:00,,,,20.70650100708008,78.0,1017.0,16.732465744018555,0.0,2.099142551422119,149.03631591796875,0.0,22.4064998626709,0.2259999960660934,,,,,,,,,
1785470400000,2026-07-31 04:00:00,,,,19.85650062561035,79.0,1017.4000244140624,16.10741424560547,0.0,2.189794540405273,260.5377502441406,0.0099999997764825,21.70650100708008,0.2269999980926513,,,,,,,,,
1785474000000,2026-07-31 05:00:00,,,,20.35650062561035,80.0,1017.7999877929688,16.791343688964844,0.0,1.7999999523162842,270.0,0.0199999995529651,21.45650100708008,0.2269999980926513,,,,,,,,,
1785477534377,2026-07-31 05:58:54,100.0,-132.0,-11.25,,,,,,,,,,,,,,18.73,17.76,16.4,,,
1785477600000,2026-07-31 06:00:00,,,,22.10650062561035,70.0,1017.9000244140624,16.379154205322266,0.0,1.6099690198898315,333.4350280761719,0.0599999986588954,22.20650100708008,0.2269999980926513,,,,,,,,,
1785481200000,2026-07-31 07:00:00,,,,23.60650062561035,64.0,1017.7000122070312,16.399097442626953,0.0,4.104631423950195,322.1249389648437,0.1199999973177909,23.55649948120117,0.2280000001192093,,,,,,,,,
1785484800000,2026-07-31 08:00:00,,,,25.256500244140625,61.0,1017.2999877929688,17.199583053588867,0.0,3.054701328277588,315.0000915527344,0.1800000071525573,25.256500244140625,0.2269999980926513,,,,,,,,,
1785488400000,2026-07-31 09:00:00,,,,26.85650062561035,56.0,1016.9000244140624,17.343957901000977,0.0,1.8356469869613647,11.309895515441896,0.2300000041723251,26.80649948120117,0.2269999980926513,,,,,,,,,
1785491930750,2026-07-31 09:58:50,100.0,-131.0,-10.5,,,,,,,,,,,,,,18.86,18.15,16.52,,,
1785491936347,2026-07-31 09:58:56,100.0,-132.0,-11.75,,,,,,,,,,,38.84,43.2,44.93,,,,459.35,388.4,327.56
1785492000000,2026-07-31 10:00:00,,,,28.506500244140625,48.0,1016.2000122070312,16.433685302734375,0.0,2.4149534702301025,26.564985275268555,0.270000010728836,28.1564998626709,0.2259999960660934,,,,,,,,,
1785495600000,2026-07-31 11:00:00,,,,30.30649948120117,44.0,1015.0999755859376,16.699047088623047,0.0,1.938659191131592,21.801475524902344,0.2900000214576721,29.55649948120117,0.2259999960660934,,,,,,,,,
1785499200000,2026-07-31 12:00:00,,,,32.15650177001953,43.0,1014.0999755859376,18.00265121459961,0.0,3.617955207824707,5.710507392883301,0.3000000119209289,31.05649948120117,0.2249999940395355,,,,,,,,,
1785502800000,2026-07-31 13:00:00,,,,33.256500244140625,40.0,1013.5,17.838092803955078,0.0,5.759999752044678,360.0,0.2900000214576721,32.35649871826172,0.2240000069141388,,,,,,,,,
1785506334201,2026-07-31 13:58:54,100.0,-128.0,-8.25,,,,,,,,,,,38.75,43.08,44.84,,,,459.11,388.08,327.32
1785506400000,2026-07-31 14:00:00,,,,33.85649871826172,37.0,1012.7999877929688,17.135087966918945,0.0,6.952754497528076,338.7494201660156,0.270000010728836,32.70650100708008,0.2230000048875808,,,,,,,,,
1785510000000,2026-07-31 15:00:00,,,,33.80649948120117,36.0,1012.0,16.658842086791992,0.0,5.771238803863525,356.4237365722656,0.2399999946355819,32.60649871826172,0.2220000028610229,,,,,,,,,
1785513600000,2026-07-31 16:00:00,,,,23.60650062561035,68.0,1013.2999877929688,17.355215072631836,0.0,25.95996856689453,326.3099060058594,0.1800000071525573,31.60650062561035,0.221000000834465,,,,,,,,,
1785517200000,2026-07-31 17:00:00,,,,24.85650062561035,56.0,1013.2000122070312,15.48196792602539,0.0,7.127635955810547,44.99989700317383,0.0799999982118606,28.45650100708008,0.221000000834465,,,,,,,,,
1785520723521,2026-07-31 17:58:43,100.0,-123.0,-2.25,,,,,,,,,,,,,,18.98,17.7,16.32,,,
1785520730471,2026-07-31 17:58:50,100.0,-123.0,-2.5,,,,,,,,,,,38.65,42.99,44.73,,,,458.83,387.82,327.04
1785520800000,2026-07-31 18:00:00,,,,25.95650100708008,54.0,1012.7999877929688,15.93552017211914,0.0,5.804825305938721,172.8750762939453,0.0799999982118606,27.256500244140625,0.2199999988079071,,,,,,,,,
1785524400000,2026-07-31 19:00:00,,,,24.70650100708008,66.0,1012.7000122070312,17.928646087646484,0.0,4.379589080810547,170.53775024414062,0.0500000044703483,26.256500244140625,0.2199999988079071,,,,,,,,,
1785528000000,2026-07-31 20:00:00,,,,23.80649948120117,73.0,1012.7000122070312,18.675575256347656,0.0,3.3190360069274902,49.39878463745117,0.0199999995529651,25.256500244140625,0.221000000834465,,,,,,,,,
1785531600000,2026-07-31 21:00:00,,,,22.60650062561035,83.0,1012.7000122070312,19.571956634521484,0.0,2.27683973312378,71.5649642944336,0.0199999995529651,24.55649948120117,0.221000000834465,,,,,,,,,
1785535119915,2026-07-31 21:58:39,100.0,-128.0,-8.75,,,,,,,,,,,,,,19.1,18.18,16.67,,,
1785535126931,2026-07-31 21:58:46,100.0,-127.0,-7.5,,,,,,,,,,,38.59,42.9,44.65,,,,458.65,387.59,326.83
1785535200000,2026-07-31 22:00:00,,,,22.70650100708008,78.0,1012.5999755859376,18.67242813110352,0.0,1.0800000429153442,90.0,0.0099999997764825,24.006500244140625,0.221000000834465,,,,,,,,,
1785538800000,2026-07-31 23:00:00,,,,21.35650062561035,84.0,1012.9000244140624,18.54145050048828,0.0,0.8049845099449158,333.4350280761719,0.0099999997764825,23.35650062561035,0.221000000834465,,,,,,,,,
1785542400000,2026-08-01 00:00:00,,,,21.756500244140625,85.0,1013.9000244140624,19.12271308898925,0.0,2.545584201812744,81.86998748779297,0.0099999997764825,23.256500244140625,0.2220000028610229,,,,,,,,,
1785546000000,2026-08-01 01:00:00,,,,21.60650062561035,85.0,1013.7999877929688,18.975685119628903,0.0,2.968636035919189,165.96372985839844,0.0099999997764825,22.85650062561035,0.2230000048875808,,,,,,,,,
1785549516369,2026-08-01 01:58:36,100.0,-129.0,-8.5,,,,,,,,,,,,,,19.23,18.15,16.64,,,
1785549521925,2026-08-01 01:58:41,100.0,-129.0,-9.0,,,,,,,,,,,38.54,42.84,44.59,,,,458.52,387.43,326.65
1785549600000,2026-08-01 02:00:00,,,,21.05649948120117,87.0,1013.0,18.80828285217285,0.2000000029802322,2.4149534702301025,206.5649871826172,0.0099999997764825,22.55649948120117,0.2230000048875808,,,,,,,,,
1785553200000,2026-08-01 03:00:00,,,,20.85650062561035,90.0,1013.0999755859376,19.15462303161621,0.0,2.099142551422119,59.036319732666016,0.0099999997764825,22.256500244140625,0.2240000069141388,,,,,,,,,
1785556800000,2026-08-01 04:00:00,,,,21.05649948120117,87.0,1013.2999877929688,18.80828285217285,0.0,2.595996856689453,236.30990600585932,0.0099999997764825,21.9064998626709,0.2240000069141388,,,,,,,,,
1785560400000,2026-08-01 05:00:00,,,,21.756500244140625,82.0,1013.4000244140624,18.54745864868164,0.0,3.239999771118164,270.0,0.0099999997764825,21.9064998626709,0.2249999940395355,,,,,,,,,
1785563919768,2026-08-01 05:58:39,100.0,-127.0,-7.5,,,,,,,,,,,38.47,42.79,44.53,,,,458.34,387.3,326.5
1785564000000,2026-08-01 06:00:00,,,,22.256500244140625,80.0,1014.2000122070312,18.640071868896484,0.0,7.704335689544678,307.4054260253906,0.0399999991059303,22.30649948120117,0.2249999940395355,,,,,,,,,
1785567600000,2026-08-01 07:00:00,,,,21.60650062561035,81.0,1014.9000244140624,18.20542907714844,0.1000000014901161,9.178235054016112,295.5599060058594,0.1000000089406967,22.756500244140625,0.2249999940395355,,,,,,,,,
1785571200000,2026-08-01 08:00:00,,,,21.6564998626709,82.0,1015.0999755859376,18.449865341186523,0.1000000014901161,7.091177463531494,293.9624938964844,0.1000000089406967,22.9064998626709,0.2259999960660934,,,,,,,,,
1785574800000,2026-08-01 09:00:00,,,,21.95650100708008,81.0,1015.2999877929688,18.54648399353028,0.0,9.021574020385742,298.6103515625,0.1199999973177909,23.30649948120117,0.2259999960660934,,,,,,,,,
1785578309566,2026-08-01 09:58:29,100.0,-124.0,-5.0,,,,,,,,,,,,,,19.41,17.82,16.84,,,
1785578316772,2026-08-01 09:58:36,100.0,-124.0,-4.5,,,,,,,,,,,38.41,42.73,44.46,,,,458.17,387.14,326.32
1785578400000,2026-08-01 10:00:00,,,,22.10650062561035,77.0,1015.2999877929688,17.885242462158203,0.0,5.600285530090332,315.0000915527344,0.1199999973177909,23.506500244140625,0.2259999960660934,,,,,,,,,
1785582000000,2026-08-01 11:00:00,,,,22.20650100708008,79.0,1015.4000244140624,18.39057731628418,0.0,7.9932966232299805,305.8377380371094,0.1000000089406967,23.55649948120117,0.2259999960660934,,,,,,,,,
1785585600000,2026-08-01 12:00:00,,,,21.85650062561035,81.0,1015.5999755859376,18.44903945922852,0.3000000119209289,9.44957160949707,310.36444091796875,0.1099999994039535,23.30649948120117,0.2259999960660934,,,,,,,,,
1785589200000,2026-08-01 13:00:00,,,,21.30649948120117,84.0,1016.2999877929688,18.49250602722168,0.1000000014901161,13.3637113571167,297.2552490234375,0.1000000089406967,23.006500244140625,0.2269999980926513,,,,,,,,,
1785592707931,2026-08-01 13:58:27,100.0,-129.0,-11.75,,,,,,,,,,,,,,19.44,18.55,16.84,,,
1785592713023,2026-08-01 13:58:33,100.0,-127.0,-9.25,,,,,,,,,,,38.36,42.67,44.39,,,,458.03,386.97,326.13
1785592800000,2026-08-01 14:00:00,,,,18.70650100708008,89.0,1017.2999877929688,16.85584831237793,2.900000095367432,13.513193130493164,311.7601928710937,0.0799999982118606,22.1564998626709,0.2280000001192093,,,,,,,,,
1785596400000,2026-08-01 15:00:00,,,,18.256500244140625,89.0,1017.9000244140624,16.412179946899414,6.699999809265137,10.086426734924316,304.8245544433594,0.0799999982118606,21.256500244140625,0.2360000014305114,,,,,,,,,
1785600000000,2026-08-01 16:00:00,,,,18.256500244140625,87.0,1018.2999877929688,16.05550193786621,0.2000000029802322,10.23312282562256,309.28936767578125,0.0799999982118606,20.756500244140625,0.2460000067949295,,,,,,,,,
1785603600000,2026-08-01 17:00:00,,,,18.55649948120117,85.0,1018.7000122070312,15.985679626464844,0.0,9.164103507995604,315.0000915527344,0.0900000035762786,20.80649948120117,0.248999997973442,,,,,,,,,
1785607107972,2026-08-01 17:58:27,100.0,-127.0,-8.5,,,,,,,,,,,,,,19.48,18.7,17.08,,,
1785607108937,2026-08-01 17:58:28,100.0,-132.0,-11.75,,,,,,,,,,,38.3,42.62,44.34,,,,457.86,386.84,326.01
1785607200000,2026-08-01 18:00:00,,,,18.506500244140625,83.0,1019.0999755859376,15.564382553100586,0.0,7.199999809265137,323.1300048828125,0.0799999982118606,20.60650062561035,0.2509999871253967,,,,,,,,,
1785610800000,2026-08-01 19:00:00,,,,18.30649948120117,84.0,1019.5,15.55568504333496,0.0,6.297428131103516,300.96368408203125,0.0399999991059303,20.1564998626709,0.2509999871253967,,,,,,,,,
1785614400000,2026-08-01 20:00:00,,,,17.706501007080078,87.0,1020.0,15.514721870422363,0.0,3.2599384784698486,276.340087890625,0.0199999995529651,19.55649948120117,0.2520000040531158,,,,,,,,,
1785618000000,2026-08-01 21:00:00,,,,17.206501007080078,87.0,1020.4000244140624,15.02308464050293,0.0,1.7999999523162842,270.0,0.0099999997764825,19.006500244140625,0.2520000040531158,,,,,,,,,
1785621498339,2026-08-01 21:58:18,100.0,-125.0,-10.25,,,,,,,,,,,,,,19.44,18.61,17.11,,,
1785621505974,2026-08-01 21:58:25,100.0,-128.0,-8.75,,,,,,,,,,,38.25,42.6,44.29,,,,457.72,386.78,325.89
1785621600000,2026-08-01 22:00:00,,,,16.806499481201172,88.0,1020.5,14.80702018737793,0.0,1.7999999523162842,270.0,0.0099999997764825,18.506500244140625,0.2520000040531158,,,,,,,,,
1785625200000,2026-08-01 23:00:00,,,,16.556499481201172,88.0,1020.7000122070312,14.56085205078125,0.0,1.4843180179595947,165.96372985839844,0.0,18.1564998626709,0.2520000040531158,,,,,,,,,
1785628800000,2026-08-02 00:00:00,,,,16.006500244140625,93.0,1021.0,14.874598503112791,0.0,2.0364675521850586,315.0000915527344,0.0,18.10650062561035,0.2319999933242797,,,,,,,,,
1785632400000,2026-08-02 01:00:00,,,,15.906499862670898,92.0,1021.2000122070312,14.607826232910156,0.0,1.938659191131592,158.1985321044922,0.0099999997764825,17.85650062561035,0.2319999933242797,,,,,,,,,
1785635894707,2026-08-02 01:58:14,100.0,-130.0,-12.0,,,,,,,,,,,,,,19.44,18.55,16.96,,,
1785636000000,2026-08-02 02:00:00,,,,15.906499862670898,92.0,1021.2999877929688,14.607826232910156,0.0,2.099142551422119,120.96369171142578,0.0099999997764825,17.60650062561035,0.2319999933242797,,,,,,,,,
1785639600000,2026-08-02 03:00:00,,,,15.556500434875488,94.0,1021.7000122070312,14.594141006469728,0.0,0.5091168880462646,44.99989700317383,0.0,17.35650062561035,0.2329999953508377,,,,,,,,,
1785643200000,2026-08-02 04:00:00,,,,15.306500434875488,94.0,1021.4000244140624,14.345995903015137,0.0,1.0800000429153442,90.0,0.0,17.056499481201172,0.2329999953508377,,,,,,,,,
1785646800000,2026-08-02 05:00:00,,,,15.356500625610352,93.0,1021.5999755859376,14.230262756347656,0.0,2.879999876022339,90.0,0.0099999997764825,17.006500244140625,0.2329999953508377,,,,,,,,,
1785650291119,2026-08-02 05:58:11,100.0,-131.0,-11.25,,,,,,,,,,,,,,19.38,18.24,17.05,,,
1785650400000,2026-08-02 06:00:00,,,,16.206501007080078,89.0,1021.9000244140624,14.390908241271973,0.0,3.545588731765747,113.96249389648438,0.0399999991059303,17.6564998626709,0.2329999953508377,,,,,,,,,
1785654000000,2026-08-02 07:00:00,,,,17.4064998626709,81.0,1021.9000244140624,14.111848831176758,0.0,1.6099690198898315,116.5649871826172,0.1000000089406967,18.80649948120117,0.2339999973773956,,,,,,,,,
1785657600000,2026-08-02 08:00:00,,,,19.006500244140625,74.0,1021.7000122070312,14.266904830932615,0.0,3.054701328277588,44.99989700317383,0.1800000071525573,20.20650100708008,0.2339999973773956,,,,,,,,,
1785661200000,2026-08-02 09:00:00,,,,21.006500244140625,60.0,1021.5999755859376,12.94599151611328,0.0,6.989935874938965,55.49142456054688,0.2399999946355819,21.95650100708008,0.2339999973773956,,,,,,,,,
1785664687484,2026-08-02 09:58:07,100.0,-127.0,-7.5,,,,,,,,,,,,,,19.29,19.01,17.28,,,
1785664694451,2026-08-02 09:58:14,100.0,-129.0,-11.25,,,,,,,,,,,38.11,42.55,44.22,,,,457.34,386.65,325.71
1785664800000,2026-08-02 10:00:00,,,,22.4064998626709,51.0,1021.2000122070312,11.774107933044434,0.0,7.787990570068359,56.30989837646485,0.3000000119209289,23.45650100708008,0.2329999953508377,,,,,,,,,
1785668400000,2026-08-02 11:00:00,,,,23.506500244140625,48.0,1020.7999877929688,11.864656448364258,0.0,8.08999252319336,69.14546203613281,0.3100000023841858,24.9064998626709,0.2329999953508377,,,,,,,,,
1785672000000,2026-08-02 12:00:00,,,,24.4064998626709,44.0,1020.5,11.366113662719728,0.0,8.20926284790039,74.74482727050781,0.3100000023841858,26.20650100708008,0.2329999953508377,,,,,,,,,
1785675600000,2026-08-02 13:00:00,,,,25.20650100708008,43.0,1019.9000244140624,11.741037368774414,0.0,7.704335689544678,52.59457778930664,0.2900000214576721,27.1564998626709,0.2319999933242797,,,,,,,,,
1785679084318,2026-08-02 13:58:04,100.0,-121.0,-2.25,,,,,,,,,,,,,,19.16,18.76,17.05,,,
1785679089505,2026-08-02 13:58:09,100.0,-123.0,-4.25,,,,,,,,,,,38.0,42.44,44.13,,,,457.06,386.36,325.47
1785679200000,2026-08-02 14:00:00,,,,25.60650062561035,42.0,1019.2999877929688,11.744768142700195,0.0,11.019763946533203,51.63247680664063,0.270000010728836,27.55649948120117,0.2319999933242797,,,,,,,,,
1785682800000,2026-08-02 15:00:00,,,,25.55649948120117,44.0,1018.7000122070312,12.40648365020752,0.0,9.65981388092041,63.43501281738281,0.2300000041723251,27.4064998626709,0.2319999933242797,,,,,,,,,
1785686400000,2026-08-02 16:00:00,,,,25.256500244140625,44.0,1018.5,12.135125160217283,0.0,9.565437316894531,70.20104217529297,0.1899999976158142,26.9064998626709,0.2319999933242797,,,,,,,,,
1785690000000,2026-08-02 17:00:00,,,,24.70650100708008,46.0,1018.2999877929688,12.312418937683104,0.0,9.693296432495115,68.19853210449219,0.1500000059604644,26.006500244140625,0.2319999933242797,,,,,,,,,
1785693487300,2026-08-02 17:58:07,100.0,-121.0,-2.0,,,,,,,,,,,37.8,42.33,44.03,,,,456.82,386.07,325.22
1785693600000,2026-08-02 18:00:00,,,,23.60650062561035,49.0,1018.2999877929688,12.269489288330078,0.0,7.412853240966797,60.94549179077149,0.1000000089406967,24.80649948120117,0.2319999933242797,,,,,,,,,
1785697200000,2026-08-02 19:00:00,,,,21.60650062561035,54.0,1018.4000244140624,11.90115451812744,0.0,4.104631423950195,74.74482727050781,0.0599999986588954,23.35650062561035,0.2319999933242797,,,,,,,,,
1785700800000,2026-08-02 20:00:00,,,,20.30649948120117,58.0,1018.7000122070312,11.773110389709473,0.0,2.545584201812744,135.00010681152344,0.0199999995529651,21.9064998626709,0.2319999933242797,,,,,,,,,
1785704400000,2026-08-02 21:00:00,,,,19.30649948120117,61.0,1018.7999877929688,11.597841262817385,0.0,2.9024126529693604,97.12492370605467,0.0199999995529651,20.70650100708008,0.2319999933242797,,,,,,,,,
1785707876683,2026-08-02 21:57:56,100.0,-129.0,-9.75,,,,,,,,,,,,,,18.98,18.49,17.05,,,
1785707883656,2026-08-02 21:58:03,100.0,-131.0,-12.5,,,,,,,,,,,37.58,42.25,43.96,,,,456.57,385.87,325.04
1785708000000,2026-08-02 22:00:00,,,,17.4064998626709,73.0,1018.7000122070312,12.516484260559082,0.0,3.5999999046325684,36.86999130249024,0.0199999995529651,19.80649948120117,0.2329999953508377,,,,,,,,,
1785711600000,2026-08-02 23:00:00,,,,16.256500244140625,79.0,1018.4000244140624,12.608675956726074,0.0,1.2979984283447266,33.69010162353516,0.0099999997764825,19.006500244140625,0.2329999953508377,,,,,,,,,
1785715200000,2026-08-03 00:00:00,,,,17.206501007080078,74.0,1018.2000122070312,12.531217575073242,0.0,2.27683973312378,108.43504333496094,0.0099999997764825,18.85650062561035,0.238999992609024,,,,,,,,,
1785718800000,2026-08-03 01:00:00,,,,17.256500244140625,75.0,1018.0999755859376,12.78435230255127,0.0,2.099142551422119,120.96369171142578,0.0099999997764825,18.6564998626709,0.238999992609024,,,,,,,,,
1785722273100,2026-08-03 01:57:53,100.0,-124.0,-4.5,,,,,,,,,,,,,,18.98,18.61,17.17,,,
1785722278728,2026-08-03 01:57:58,100.0,-127.0,-7.0,,,,,,,,,,,37.43,42.2,43.9,,,,456.4,385.74,324.89
1785722400000,2026-08-03 02:00:00,,,,16.85650062561035,78.0,1017.5999755859376,12.996790885925291,0.0,2.741678237915039,113.19862365722656,0.0099999997764825,18.506500244140625,0.2399999946355819,,,,,,,,,
1785726000000,2026-08-03 03:00:00,,,,16.306499481201172,80.0,1017.4000244140624,12.84941291809082,0.0,1.8356469869613647,101.30989837646484,0.0099999997764825,18.05649948120117,0.2399999946355819,,,,,,,,,
1785729600000,2026-08-03 04:00:00,,,,15.906499862670898,81.0,1017.0,12.649453163146973,0.0,2.9024126529693604,119.74478912353516,0.0099999997764825,17.60650062561035,0.2399999946355819,,,,,,,,,
1785733200000,2026-08-03 05:00:00,,,,16.4064998626709,79.0,1016.7999877929688,12.75448226928711,0.0,2.811689853668213,129.80552673339844,0.0099999997764825,17.60650062561035,0.2399999946355819,,,,,,,,,
1785736669488,2026-08-03 05:57:49,100.0,-122.0,-4.25,,,,,,,,,,,,,,18.92,18.49,16.7,,,
1785736676435,2026-08-03 05:57:56,100.0,-122.0,-3.0,,,,,,,,,,,37.29,42.15,43.84,,,,456.23,385.61,324.74
1785736800000,2026-08-03 06:00:00,,,,17.706501007080078,72.0,1016.7999877929688,12.594720840454102,0.0,3.3190360069274902,130.60121154785156,0.0500000044703483,18.45650100708008,0.2399999946355819,,,,,,,,,
1785740400000,2026-08-03 07:00:00,,,,19.756500244140625,66.0,1016.7000122070312,13.22387981414795,0.0,1.527350664138794,135.00010681152344,0.0900000035762786,20.006500244140625,0.2399999946355819,,,,,,,,,
1785744000000,2026-08-03 08:00:00,,,,22.756500244140625,60.0,1016.2000122070312,14.59044361114502,0.0,0.8049845099449158,116.5649871826172,0.1500000059604644,21.85650062561035,0.2399999946355819,,,,,,,,,
1785747600000,2026-08-03 09:00:00,,,,25.55649948120117,56.0,1015.7999877929688,16.133771896362305,0.0,1.6099690198898315,63.43501281738281,0.2000000178813934,23.95650100708008,0.2399999946355819,,,,,,,,,
1785751066153,2026-08-03 09:57:46,100.0,-122.0,-4.75,,,,,,,,,,,,,,18.86,18.55,17.02,,,
1785751073215,2026-08-03 09:57:53,100.0,-122.0,-3.0,,,,,,,,,,,37.04,42.05,43.74,,,,455.95,385.35,324.5
1785751200000,2026-08-03 10:00:00,,,,27.85650062561035,53.0,1015.0999755859376,17.39980697631836,0.0,1.7999999523162842,53.13002014160156,0.25,26.20650100708008,0.238999992609024,,,,,,,,,
1785754800000,2026-08-03 11:00:00,,,,29.70650100708008,48.0,1014.7999877929688,17.529142379760742,0.0,3.054701328277588,44.99989700317383,0.2800000309944153,28.20650100708008,0.238999992609024,,,,,,,,,
1785758400000,2026-08-03 12:00:00,,,,31.006500244140625,45.0,1014.5,17.687156677246094,0.0,3.219938039779663,26.564985275268555,0.2900000214576721,30.006500244140625,0.2380000054836273,,,,,,,,,
1785762000000,2026-08-03 13:00:00,,,,32.10649871826172,38.0,1013.9000244140624,16.006580352783203,0.0,4.735060214996338,8.746088981628418,0.2900000214576721,31.20650100708008,0.2380000054836273,,,,,,,,,
1785765469295,2026-08-03 13:57:49,100.0,-129.0,-9.75,,,,,,,,,,,36.74,41.94,43.65,,,,455.6,385.06,324.26
1785765600000,2026-08-03 14:00:00,,,,32.85649871826172,28.0,1013.4000244140624,11.950098037719728,0.0,5.506940841674805,11.309895515441896,0.2900000214576721,31.85650062561035,0.2370000034570694,,,,,,,,,
1785769200000,2026-08-03 15:00:00,,,,32.65650177001953,36.0,1013.0999755859376,15.646631240844728,0.0,7.862518310546875,15.945476531982422,0.2599999904632568,32.006500244140625,0.2370000034570694,,,,,,,,,
1785772800000,2026-08-03 16:00:00,,,,32.40650177001953,32.0,1012.9000244140624,13.602582931518556,0.0,6.7637858390808105,25.20109367370605,0.2199999988079071,31.45650100708008,0.2360000014305114,,,,,,,,,
1785776400000,2026-08-03 17:00:00,,,,31.35650062561035,44.0,1012.7999877929688,17.64693260192871,0.0,8.161764144897461,41.42356872558594,0.1599999964237213,30.55649948120117,0.2360000014305114,,,,,,,,,
1785779858713,2026-08-03 17:57:38,100.0,-124.0,-4.0,,,,,,,,,,,,,,18.76,18.0,16.87,,,
1785779865704,2026-08-03 17:57:45,100.0,-127.0,-6.25,,,,,,,,,,,36.56,41.83,43.53,,,,455.4,384.77,323.98
1785780000000,2026-08-03 18:00:00,,,,29.85650062561035,48.0,1012.9000244140624,17.666044235229492,0.0,6.92473840713501,62.10282897949219,0.1000000089406967,29.30649948120117,0.2360000014305114,,,,,,,,,
1785783600000,2026-08-03 19:00:00,,,,27.6564998626709,52.0,1013.0,16.91409683227539,0.0,3.9600000381469727,90.0,0.0599999986588954,27.756500244140625,0.2360000014305114,,,,,,,,,
1785787200000,2026-08-03 20:00:00,,,,26.506500244140625,54.0,1013.2999877929688,16.44525909423828,0.0,3.89399528503418,146.30990600585938,0.0299999993294477,26.256500244140625,0.2360000014305114,,,,,,,,,
1785790800000,2026-08-03 21:00:00,,,,25.006500244140625,64.0,1013.4000244140624,17.724246978759766,0.0,2.879999876022339,90.0,0.0199999995529651,25.10650062561035,0.2370000034570694,,,,,,,,,
1785794255198,2026-08-03 21:57:35,100.0,-120.0,-15.0,,,,,,,,,,,,,,18.82,18.67,16.81,,,
1785794262100,2026-08-03 21:57:42,100.0,-124.0,-8.5,,,,,,,,,,,36.38,41.75,43.45,,,,455.19,384.58,323.77
1785794400000,2026-08-03 22:00:00,,,,23.95650100708008,69.0,1013.5999755859376,17.920873641967773,0.0,2.595996856689453,123.69009399414062,0.0099999997764825,24.20650100708008,0.2370000034570694,,,,,,,,,
1785798000000,2026-08-03 23:00:00,,,,22.55649948120117,76.0,1013.5,18.11271858215332,0.0,2.9024126529693604,119.74478912353516,0.0099999997764825,23.45650100708008,0.2370000034570694,,,,,,,,,
1785801600000,2026-08-04 00:00:00,,,,21.05649948120117,81.0,1013.2999877929688,17.669456481933594,0.0,3.5999999046325684,143.13002014160156,0.0099999997764825,23.006500244140625,0.2360000014305114,,,,,,,,,
1785805200000,2026-08-04 01:00:00,,,,20.35650062561035,82.0,1013.5,17.18109893798828,0.0,3.826852560043335,131.18582153320312,0.0099999997764825,22.30649948120117,0.2360000014305114,,,,,,,,,
1785808658490,2026-08-04 01:57:38,100.0,-120.0,,,,,,,,,,,,36.29,41.69,43.37,,,,455.09,384.42,323.59
1785808800000,2026-08-04 02:00:00,,,,19.80649948120117,84.0,1013.2999877929688,17.024181365966797,0.0,3.826852560043335,138.81417846679688,0.0099999997764825,21.70650100708008,0.2360000014305114,,,,,,,,,
1785812400000,2026-08-04 03:00:00,,,,19.60650062561035,82.0,1013.0999755859376,16.449050903320312,0.0,3.563817977905273,135.00010681152344,0.0099999997764825,21.256500244140625,0.2360000014305114,,,,,,,,,
1785816000000,2026-08-04 04:00:00,,,,19.55649948120117,82.0,1012.7999877929688,16.40024185180664,0.0,3.096837043762207,144.4622344970703,0.0099999997764825,20.9064998626709,0.2360000014305114,,,,,,,,,
1785819600000,2026-08-04 05:00:00,,,,20.6564998626709,80.0,1012.7999877929688,17.083269119262695,0.0,3.89399528503418,146.30990600585938,0.0099999997764825,20.95650100708008,0.2360000014305114,,,,,,,,,
1785823054896,2026-08-04 05:57:34,100.0,-131.0,-13.5,,,,,,,,,,,36.17,41.65,43.31,,,,454.95,384.32,323.44
1785823200000,2026-08-04 06:00:00,,,,23.35650062561035,69.0,1012.9000244140624,17.34766387939453,0.0,5.634891033172607,153.4350128173828,0.0299999993294477,21.9064998626709,0.2360000014305114,,,,,,,,,
1785826800000,2026-08-04 07:00:00,,,,26.35650062561035,61.0,1012.7999877929688,18.234384536743164,0.0,3.617955207824707,174.2895050048828,0.0700000077486038,23.60650062561035,0.2360000014305114,,,,,,,,,
1785830400000,2026-08-04 08:00:00,,,,30.10650062561035,49.0,1012.7000122070312,18.22234916687012,0.0,5.600285530090332,135.00010681152344,0.1099999994039535,25.9064998626709,0.2360000014305114,,,,,,,,,
1785834000000,2026-08-04 09:00:00,,,,31.006500244140625,47.0,1013.0999755859376,18.379079818725582,0.0,10.182336807250977,315.0000915527344,0.1500000059604644,28.30649948120117,0.2360000014305114,,,,,,,,,
1785837600000,2026-08-04 10:00:00,,,,31.9064998626709,43.0,1013.2000122070312,17.77769660949707,0.0,12.239999771118164,298.0723876953125,0.1800000071525573,30.256500244140625,0.2349999994039535,,,,,,,,,
1785841200000,2026-08-04 11:00:00,,,,32.60649871826172,40.0,1013.0999755859376,17.258543014526367,0.0,10.00903606414795,322.3056945800781,0.1899999976158142,31.80649948120117,0.2339999973773956,,,,,,,,,
1785844800000,2026-08-04 12:00:00,,,,33.20650100708008,39.0,1012.5999755859376,17.392030715942383,0.0,4.843304634094238,311.98712158203125,0.1800000071525573,32.70650100708008,0.2329999953508377,,,,,,,,,
1785848400000,2026-08-04 13:00:00,,,,32.65650177001953,42.0,1012.4000244140624,18.07742691040039,0.0,7.9281768798828125,309.4724426269531,0.1400000154972076,32.55649948120117,0.2329999953508377,,,,,,,,,
1785852000000,2026-08-04 14:00:00,,,,33.20650100708008,41.0,1012.0999755859376,18.186294555664062,0.0,8.66994857788086,318.3665466308594,0.1299999952316284,32.60649871826172,0.2319999933242797,,,,,,,,,
1785855600000,2026-08-04 15:00:00,,,,32.85649871826172,42.0,1012.0999755859376,18.25682640075684,0.0,9.79305934906006,323.9725341796875,0.1099999994039535,32.30649948120117,0.2319999933242797,,,,,,,,,
1785859200000,2026-08-04 16:00:00,,,,32.30649948120117,46.0,1012.0999755859376,19.216014862060547,0.0,6.297428131103516,329.03631591796875,0.0900000035762786,31.6564998626709,0.231000006198883,,,,,,,,,
1785862800000,2026-08-04 17:00:00,,,,32.35649871826172,46.0,1012.0999755859376,19.261369705200195,0.0,5.399999618530273,323.1300354003906,0.0900000035762786,31.4064998626709,0.231000006198883,,,,,,,,,
1785866400000,2026-08-04 18:00:00,,,,31.60650062561035,47.0,1012.2000122070312,18.92500877380371,0.0,5.771238803863525,356.4237365722656,0.0599999986588954,30.60650062561035,0.231000006198883,,,,,,,,,
1785870000000,2026-08-04 19:00:00,,,,29.1564998626709,58.0,1012.5999755859376,20.04984664916992,0.0,3.075841426849365,20.556127548217773,0.0299999993294477,29.45650100708008,0.231000006198883,,,,,,,,,
1785873600000,2026-08-04 20:00:00,,,,27.1564998626709,66.0,1013.2000122070312,20.255630493164062,0.0,2.27683973312378,341.56494140625,0.0099999997764825,28.20650100708008,0.231000006198883,,,,,,,,,
1785877200000,2026-08-04 21:00:00,,,,25.60650062561035,73.0,1013.2000122070312,20.406795501708984,0.0,1.0800000429153442,270.0,0.0099999997764825,27.05649948120117,0.231000006198883,,,,,,,,,
1785880800000,2026-08-04 22:00:00,,,,24.85650062561035,75.0,1013.2000122070312,20.121767044067383,0.0,1.2979984283447266,303.6900939941406,0.0,26.05649948120117,0.231000006198883,,,,,,,,,
1785884400000,2026-08-04 23:00:00,,,,23.95650100708008,78.0,1013.0,19.884679794311523,0.0,1.7999999523162842,126.86998748779295,0.0,25.20650100708008,0.231000006198883,,,,,,,,,
1785888000000,2026-08-05 00:00:00,,,,22.506500244140625,81.0,1013.0999755859376,19.0824031829834,0.0,4.072935104370117,135.00010681152344,0.0099999997764825,24.85650062561035,0.2280000001192093,,,,,,,,,
1785891600000,2026-08-05 01:00:00,,,,21.95650100708008,79.0,1013.0,18.1477165222168,0.0,3.5999999046325684,126.86998748779295,0.0099999997764825,24.30649948120117,0.2280000001192093,,,,,,,,,
1785895200000,2026-08-05 02:00:00,,,,21.4064998626709,82.0,1012.7000122070312,18.205883026123047,0.0,4.829906940460205,116.5649871826172,0.0099999997764825,23.80649948120117,0.2280000001192093,,,,,,,,,
1785898800000,2026-08-05 03:00:00,,,,21.45650100708008,79.0,1013.5,17.66197395324707,0.0,4.896529674530029,53.972537994384766,0.0099999997764825,23.4064998626709,0.2280000001192093,,,,,,,,,
1785902400000,2026-08-05 04:00:00,,,,21.6564998626709,79.0,1012.9000244140624,17.85626983642578,0.0,5.623379707336426,129.80552673339844,0.0099999997764825,23.1564998626709,0.2290000021457672,,,,,,,,,
1785906000000,2026-08-05 05:00:00,,,,21.95650100708008,75.0,1012.9000244140624,17.322834014892578,0.0,4.553679466247559,161.56495666503906,0.0099999997764825,23.1564998626709,0.2290000021457672,,,,,,,,,
1785909600000,2026-08-05 06:00:00,,,,22.70650100708008,73.0,1013.9000244140624,17.617387771606445,0.0,1.1384198665618896,71.5649642944336,0.0199999995529651,23.506500244140625,0.2290000021457672,,,,,,,,,
1785913200000,2026-08-05 07:00:00,,,,24.756500244140625,65.0,1014.2999877929688,17.73354148864746,0.0,1.0182337760925293,135.00010681152344,0.0399999991059303,24.20650100708008,0.2290000021457672,,,,,,,,,
1785916800000,2026-08-05 08:00:00,,,,28.20650100708008,50.0,1014.4000244140624,16.80160140991211,0.0,9.957108497619627,282.52880859375,0.0799999982118606,25.70650100708008,0.2290000021457672,,,,,,,,,
1785920400000,2026-08-05 09:00:00,,,,28.9064998626709,51.0,1014.7999877929688,17.757957458496094,0.0,11.01388168334961,281.3099060058594,0.1099999994039535,27.35650062561035,0.2290000021457672,,,,,,,,,
1785924000000,2026-08-05 10:00:00,,,,29.1564998626709,51.0,1014.9000244140624,17.987869262695312,0.0,9.826087951660156,278.4268798828125,0.1199999973177909,28.45650100708008,0.2280000001192093,,,,,,,,,
1785927600000,2026-08-05 11:00:00,,,,30.85650062561035,49.0,1014.9000244140624,18.908424377441406,0.0,10.495713233947754,292.1663818359375,0.1599999964237213,30.256500244140625,0.2280000001192093,,,,,,,,,
1785931200000,2026-08-05 12:00:00,,,,31.80649948120117,45.0,1014.7000122070312,18.411178588867188,0.0,10.948972702026367,297.4075012207031,0.1899999976158142,32.05649948120117,0.2269999980926513,,,,,,,,,
1785934800000,2026-08-05 13:00:00,,,,32.60649871826172,43.0,1014.5,18.407520294189453,0.0,11.681986808776855,303.6900939941406,0.1899999976158142,33.35649871826172,0.2259999960660934,,,,,,,,,
1785938400000,2026-08-05 14:00:00,,,,33.05649948120117,41.0,1014.0,18.052154541015625,0.0,13.684735298156738,305.362548828125,0.1700000017881393,34.006500244140625,0.2259999960660934,,,,,,,,,
1785942000000,2026-08-05 15:00:00,,,,32.65650177001953,42.0,1013.9000244140624,18.07742691040039,0.0,11.480557441711426,311.1858215332031,0.1400000154972076,33.80649948120117,0.2249999940395355,,,,,,,,,
1785945600000,2026-08-05 16:00:00,,,,32.40650177001953,42.0,1013.5,17.85315704345703,0.0,11.525623321533203,321.3401794433594,0.1199999973177909,33.20650100708008,0.2240000069141388,,,,,,,,,
1785949200000,2026-08-05 17:00:00,,,,31.756500244140625,40.0,1013.7000122070312,16.500429153442383,0.0,9.67322063446045,315.0000915527344,0.1000000089406967,32.40650177001953,0.2240000069141388,,,,,,,,,
1785952800000,2026-08-05 18:00:00,,,,31.20650100708008,40.0,1013.7000122070312,16.00975227355957,0.0,4.693825721740723,327.5288391113281,0.0599999986588954,31.256500244140625,0.2240000069141388,,,,,,,,,
1785956400000,2026-08-05 19:00:00,,,,29.1564998626709,53.0,1014.4000244140624,18.601158142089844,0.0,2.189794540405273,9.462247848510742,0.0299999993294477,29.95650100708008,0.2230000048875808,,,,,,,,,
1785960000000,2026-08-05 20:00:00,,,,27.756500244140625,60.0,1014.9000244140624,19.28522300720215,0.0,2.545584201812744,135.00010681152344,0.0099999997764825,28.60650062561035,0.2230000048875808,,,,,,,,,
1785963600000,2026-08-05 21:00:00,,,,26.6564998626709,62.0,1014.9000244140624,18.77650451660156,0.0,2.099142551422119,120.96369171142578,0.0099999997764825,27.60650062561035,0.2240000069141388,,,,,,,,,
1785967200000,2026-08-05 22:00:00,,,,25.30649948120117,66.0,1014.9000244140624,18.49861526489257,0.0,1.2979984283447266,123.69009399414062,0.0099999997764825,26.6564998626709,0.2240000069141388,,,,,,,,,
1785970800000,2026-08-05 23:00:00,,,,23.95650100708008,71.0,1014.7999877929688,18.375926971435547,0.0,3.054701328277588,135.00010681152344,0.0099999997764825,25.756500244140625,0.2240000069141388,,,,,,,,,
1785974400000,2026-08-06 00:00:00,,,,22.70650100708008,87.0,1014.5999755859376,20.43022727966309,0.0,2.968636035919189,104.03627014160156,0.0099999997764825,24.756500244140625,0.2240000069141388,,,,,,,,,
1785978000000,2026-08-06 01:00:00,,,,22.10650062561035,89.0,1015.0,20.207630157470703,0.0,1.4843180179595947,104.03627014160156,0.0099999997764825,24.1564998626709,0.2240000069141388,,,,,,,,,
1785981600000,2026-08-06 02:00:00,,,,21.9064998626709,90.0,1015.5,20.19109344482422,0.0,0.8049845099449158,63.43501281738281,0.0,23.60650062561035,0.2240000069141388,,,,,,,,,
1785985200000,2026-08-06 03:00:00,,,,21.6564998626709,88.0,1015.7999877929688,19.58198356628418,0.0,1.2979984283447266,326.3099060058594,0.0,23.1564998626709,0.2240000069141388,,,,,,,,,
1785988800000,2026-08-06 04:00:00,,,,21.4064998626709,85.0,1016.0999755859376,18.77963829040528,0.0,3.096837043762207,234.4622344970703,0.0,22.756500244140625,0.2249999940395355,,,,,,,,,
1785992400000,2026-08-06 05:00:00,,,,23.1564998626709,70.0,1016.2000122070312,17.38419532775879,0.0,3.7585103511810303,286.6993103027344,0.0099999997764825,22.756500244140625,0.2249999940395355,,,,,,,,,
1785996000000,2026-08-06 06:00:00,,,,24.35650062561035,66.0,1016.7000122070312,17.59613037109375,0.0,3.096837043762207,305.5377502441406,0.0399999991059303,23.45650100708008,0.2249999940395355,,,,,,,,,
1785999600000,2026-08-06 07:00:00,,,,25.80649948120117,61.0,1017.0,17.717012405395508,0.0,9.021574020385742,298.6103515625,0.0900000035762786,24.70650100708008,0.2249999940395355,,,,,,,,,
1786003200000,2026-08-06 08:00:00,,,,26.60650062561035,61.0,1017.2000122070312,18.469528198242188,0.0,9.693296432495115,301.3286437988281,0.1299999952316284,26.10650062561035,0.2249999940395355,,,,,,,,,
1786006800000,2026-08-06 09:00:00,,,,27.6564998626709,53.0,1017.2000122070312,17.214941024780273,0.0,10.587918281555176,305.311279296875,0.1800000071525573,27.756500244140625,0.2240000069141388,,,,,,,,,
1786010400000,2026-08-06 10:00:00,,,,28.35650062561035,51.0,1017.0999755859376,17.25208854675293,0.0,11.384198188781738,304.6952209472656,0.2199999988079071,29.30649948120117,0.2240000069141388,,,,,,,,,
1786014000000,2026-08-06 11:00:00,,,,28.85650062561035,47.0,1017.0,16.421945571899414,0.0,12.24529266357422,294.3045349121094,0.2100000232458114,30.1564998626709,0.2230000048875808,,,,,,,,,
1786016291884,2026-08-06 11:38:11,100.0,-132.0,-16.75,,,,,,,,,,,34.7,40.83,42.29,,,,453.25,382.29,321.03
1786017600000,2026-08-06 12:00:00,,,,29.4064998626709,44.0,1016.7999877929688,15.886292457580566,0.0,11.631956100463867,291.8014831542969,0.2100000232458114,30.70650100708008,0.2220000028610229,,,,,,,,,
1786021200000,2026-08-06 13:00:00,,,,29.45650100708008,42.0,1016.5999755859376,15.205153465270996,0.0,14.081477165222168,302.4711608886719,0.2000000178813934,31.10650062561035,0.221000000834465,,,,,,,,,
1786024800000,2026-08-06 14:00:00,,,,29.45650100708008,40.0,1016.4000244140624,14.447772979736328,0.0,15.856353759765623,309.4724426269531,0.1899999976158142,31.256500244140625,0.2199999988079071,,,,,,,,,
1786028400000,2026-08-06 15:00:00,,,,29.30649948120117,38.0,1016.2000122070312,13.523193359375,0.0,14.843179702758787,320.9061279296875,0.1800000071525573,31.256500244140625,0.2189999967813491,,,,,,,,,
1786032000000,2026-08-06 16:00:00,,,,28.95650100708008,36.0,1016.0999755859376,12.386411666870115,0.0,12.313894271850586,307.8750305175781,0.1500000059604644,30.80649948120117,0.2179999947547912,,,,,,,,,
1786035600000,2026-08-06 17:00:00,,,,28.55649948120117,35.0,1016.2000122070312,11.60646152496338,0.0,12.413476943969728,299.5386962890625,0.1199999973177909,29.9064998626709,0.2179999947547912,,,,,,,,,
1786039200000,2026-08-06 18:00:00,,,,27.05649948120117,34.0,1016.7999877929688,9.85385513305664,0.0,12.218805313110352,315.0000915527344,0.0799999982118606,28.70650100708008,0.2169999927282333,,,,,,,,,
1786042800000,2026-08-06 19:00:00,,,,24.506500244140625,39.0,1018.2999877929688,9.645657539367676,0.0,13.47958278656006,325.885498046875,0.0500000044703483,27.30649948120117,0.2169999927282333,,,,,,,,,
1786045083260,2026-08-06 19:38:03,100.0,-136.0,-18.25,,,,,,,,,,,34.46,40.71,42.13,,,,452.98,382.0,320.66
1786046400000,2026-08-06 20:00:00,,,,22.70650100708008,45.0,1019.5,10.16327953338623,0.0,11.98859405517578,311.3476867675781,0.0399999991059303,25.85650062561035,0.2169999927282333,,,,,,,,,
1786050000000,2026-08-06 21:00:00,,,,21.6564998626709,50.0,1020.0,10.784717559814451,0.0,7.594208240509033,301.42950439453125,0.0399999991059303,24.756500244140625,0.2169999927282333,,,,,,,,,
1786053600000,2026-08-06 22:00:00,,,,20.95650100708008,53.0,1020.5,11.015934944152832,0.0,5.692099094390869,304.6952209472656,0.0299999993294477,24.006500244140625,0.2169999927282333,,,,,,,,,
1786057200000,2026-08-06 23:00:00,,,,20.1564998626709,58.0,1020.5999755859376,11.632671356201172,0.0,3.2599384784698486,276.340087890625,0.0199999995529651,23.256500244140625,0.2169999927282333,,,,,,,,,
1786059472041,2026-08-06 23:37:52,100.0,-132.0,-16.5,,,,,,,,,,,,,,20.39,19.44,17.58,,,
1786059481054,2026-08-06 23:38:01,100.0,-132.0,-18.25,,,,,,,,,,,34.34,40.67,42.08,,,,452.84,381.9,320.54
1786060800000,2026-08-07 00:00:00,,,,19.9064998626709,60.0,1020.7000122070312,11.911992073059082,0.0,4.213691711425781,289.9831848144531,0.0299999993294477,23.05649948120117,0.2129999995231628,,,,,,,,,
1786064400000,2026-08-07 01:00:00,,,,18.9064998626709,64.0,1020.7000122070312,11.947620391845703,0.0,4.553679466247559,288.4350280761719,0.0199999995529651,22.006500244140625,0.2129999995231628,,,,,,,,,
1786068000000,2026-08-07 02:00:00,,,,17.956501007080078,68.0,1021.0,11.964351654052734,0.0,3.7064266204833984,299.05450439453125,0.0199999995529651,21.05649948120117,0.2129999995231628,,,,,,,,,
1786071600000,2026-08-07 03:00:00,,,,16.956501007080078,71.0,1021.2999877929688,11.6618070602417,0.0,4.829906940460205,296.5649719238281,0.0099999997764825,20.20650100708008,0.2129999995231628,,,,,,,,,
1786073877556,2026-08-07 03:37:57,100.0,-134.0,-19.0,,,,,,,,,,,34.22,40.64,42.03,,,,452.7,381.83,320.42
1786075200000,2026-08-07 04:00:00,,,,16.056499481201172,73.0,1021.7000122070312,11.21657657623291,0.0,6.193674087524414,305.5377502441406,0.0199999995529651,19.45650100708008,0.2129999995231628,,,,,,,,,
1786078800000,2026-08-07 05:00:00,,,,16.1564998626709,76.0,1022.2000122070312,11.922593116760254,0.0,6.193674087524414,305.5377502441406,0.0199999995529651,19.05649948120117,0.2140000015497207,,,,,,,,,
1786082400000,2026-08-07 06:00:00,,,,16.806499481201172,74.0,1022.7000122070312,12.145444869995115,0.0,5.692099094390869,304.6952209472656,0.0500000044703483,19.60650062561035,0.2140000015497207,,,,,,,,,
1786086000000,2026-08-07 07:00:00,,,,18.30649948120117,68.0,1023.0999755859376,12.29845142364502,0.0,4.198285102844238,300.96368408203125,0.0900000035762786,20.756500244140625,0.2140000015497207,,,,,,,,,
1786089600000,2026-08-07 08:00:00,,,,19.9064998626709,62.0,1023.0,12.410529136657717,0.0,5.600285530090332,315.0000915527344,0.1400000154972076,22.30649948120117,0.2140000015497207,,,,,,,,,
1786093200000,2026-08-07 09:00:00,,,,21.10650062561035,55.0,1022.9000244140624,11.714823722839355,0.0,6.915374279022217,308.6598205566406,0.1800000071525573,23.85650062561035,0.2140000015497207,,,,,,,,,
1786096800000,2026-08-07 10:00:00,,,,22.1564998626709,49.0,1022.5999755859376,10.939857482910156,0.0,6.877789497375488,317.12109375,0.2100000232458114,24.9064998626709,0.2129999995231628,,,,,,,,,
1786100400000,2026-08-07 11:00:00,,,,23.05649948120117,45.0,1022.4000244140624,10.480996131896973,0.0,7.9281768798828125,309.4724426269531,0.25,26.10650062561035,0.2119999974966049,,,,,,,,,
1786104000000,2026-08-07 12:00:00,,,,23.9064998626709,41.0,1021.9000244140624,9.85487461090088,0.0,7.421589851379394,309.0938415527344,0.2599999904632568,27.20650100708008,0.2119999974966049,,,,,,,,,
1786107600000,2026-08-07 13:00:00,,,,24.45650100708008,37.0,1021.5999755859376,8.819069862365723,0.0,7.491114139556885,305.2176818847656,0.25,27.80649948120117,0.210999995470047,,,,,,,,,
1786111200000,2026-08-07 14:00:00,,,,24.506500244140625,34.0,1021.2000122070312,7.616990089416504,0.0,9.832679748535156,293.74951171875,0.2300000041723251,27.95650100708008,0.209999993443489,,,,,,,,,
1786114800000,2026-08-07 15:00:00,,,,24.85650062561035,33.0,1020.7000122070312,7.486000537872314,0.0,11.72075080871582,312.5104064941406,0.2100000232458114,27.756500244140625,0.2090000063180923,,,,,,,,,
1786117057822,2026-08-07 15:37:37,100.0,-131.0,-14.5,,,,,,,,,,,,,,20.2,19.6,17.52,,,
1786118400000,2026-08-07 16:00:00,,,,24.30649948120117,33.0,1020.4000244140624,7.004945278167725,0.0,12.224106788635254,346.3729858398437,0.1800000071525573,27.10650062561035,0.2080000042915344,,,,,,,,,
1786122000000,2026-08-07 17:00:00,,,,23.506500244140625,34.0,1020.4000244140624,6.739052295684815,0.0,12.758432388305664,343.6103820800781,0.1400000154972076,26.10650062561035,0.2080000042915344,,,,,,,,,
1786125600000,2026-08-07 18:00:00,,,,22.6564998626709,36.0,1020.4000244140624,6.8227715492248535,0.0,8.654986381530762,343.0723876953125,0.0799999982118606,24.85650062561035,0.2070000022649765,,,,,,,,,
1786129200000,2026-08-07 19:00:00,,,,20.6564998626709,46.0,1021.2000122070312,8.626106262207031,0.0,4.320000171661377,360.0,0.0500000044703483,23.506500244140625,0.2070000022649765,,,,,,,,,
1786132800000,2026-08-07 20:00:00,,,,18.60650062561035,56.0,1021.7999877929688,9.656973838806152,0.0,5.771238803863525,3.5762643814086914,0.0199999995529651,22.10650062561035,0.2060000002384185,,,,,,,,,
1786136400000,2026-08-07 21:00:00,,,,17.506500244140625,60.0,1022.5,9.6550874710083,0.0,2.3051247596740723,321.3401794433594,0.0199999995529651,20.85650062561035,0.2060000002384185,,,,,,,,,
1786140000000,2026-08-07 22:00:00,,,,17.056499481201172,64.0,1022.7999877929688,10.194281578063965,0.0,3.054701328277588,315.0000915527344,0.0199999995529651,19.95650100708008,0.2060000002384185,,,,,,,,,
1786143600000,2026-08-07 23:00:00,,,,15.856500625610352,72.0,1022.7000122070312,10.816298484802246,0.0,2.4149534702301025,333.4350280761719,0.0099999997764825,19.20650100708008,0.2070000022649765,,,,,,,,,
1786147200000,2026-08-08 00:00:00,,,,14.706500053405762,82.0,1023.5,11.665079116821287,0.0,0.7199999690055847,180.0,0.0099999997764825,18.1564998626709,0.209999993443489,,,,,,,,,
1786150800000,2026-08-08 01:00:00,,,,13.856500625610352,86.0,1024.0999755859375,11.553648948669434,0.0,0.8049845099449158,63.43501281738281,0.0,17.456501007080078,0.209999993443489,,,,,,,,,
1786154400000,2026-08-08 02:00:00,,,,13.056500434875488,90.0,1023.7000122070312,11.453433990478516,0.0,1.2979984283447266,33.69010162353516,0.0,16.85650062561035,0.209999993443489,,,,,,,,,
1786158000000,2026-08-08 03:00:00,,,,13.006500244140623,88.0,1023.4000244140624,11.06485652923584,0.0,1.4399999380111694,360.0,0.0,16.306499481201172,0.210999995470047,,,,,,,,,
1786161600000,2026-08-08 04:00:00,,,,12.906499862670898,87.0,1024.0,10.794346809387209,0.0,1.2979984283447266,303.6900939941406,0.0,15.806500434875488,0.210999995470047,,,,,,,,,
1786165200000,2026-08-08 05:00:00,,,,13.456500053405762,87.0,1024.300048828125,11.335297584533691,0.0,1.1384198665618896,288.4350280761719,0.0099999997764825,15.706500053405762,0.210999995470047,,,,,,,,,
1786168800000,2026-08-08 06:00:00,,,,15.206500053405762,77.0,1024.5,11.200424194335938,0.0,0.7199999690055847,270.0,0.0299999993294477,16.556499481201172,0.2119999974966049,,,,,,,,,
1786172400000,2026-08-08 07:00:00,,,,17.056499481201172,69.0,1024.300048828125,11.325448989868164,0.0,0.5091168880462646,44.99989700317383,0.0900000035762786,17.85650062561035,0.2119999974966049,,,,,,,,,
1786176000000,2026-08-08 08:00:00,,,,18.80649948120117,64.0,1024.300048828125,11.852861404418944,0.0,0.0,270.0,0.1299999952316284,19.506500244140625,0.2119999974966049,,,,,,,,,
1786179600000,2026-08-08 09:00:00,,,,20.60650062561035,57.0,1024.0,11.790047645568848,0.0,0.5091168880462646,135.00010681152344,0.1700000017881393,20.85650062561035,0.2119999974966049,,,,,,,,,
1786183200000,2026-08-08 10:00:00,,,,22.45650100708008,48.0,1023.7999877929688,10.90421199798584,0.0,1.2979984283447266,56.30991363525391,0.2300000041723251,22.85650062561035,0.210999995470047,,,,,,,,,
1786186800000,2026-08-08 11:00:00,,,,23.756500244140625,42.0,1023.0,10.080162048339844,0.0,0.5091168880462646,135.00010681152344,0.2599999904632568,24.35650062561035,0.210999995470047,,,,,,,,,
1786190400000,2026-08-08 12:00:00,,,,24.45650100708008,39.0,1022.4000244140624,9.60106086730957,0.0,9.885261535644531,349.5085754394531,0.270000010728836,25.60650062561035,0.209999993443489,,,,,,,,,
1786194000000,2026-08-08 13:00:00,,,,25.256500244140625,36.0,1022.0,9.120781898498535,0.0,7.968938827514648,18.4350528717041,0.2599999904632568,26.55649948120117,0.209999993443489,,,,,,,,,
1786197600000,2026-08-08 14:00:00,,,,25.55649948120117,35.0,1021.5,8.967411994934082,0.0,8.70723819732666,7.124929904937744,0.25,27.05649948120117,0.2090000063180923,,,,,,,,,
1786201200000,2026-08-08 15:00:00,,,,25.9064998626709,36.0,1021.0999755859376,9.694864273071287,0.0,8.473393440246582,12.264769554138184,0.2199999988079071,27.1564998626709,0.2080000042915344,,,,,,,,,
1786204800000,2026-08-08 16:00:00,,,,25.506500244140625,37.0,1020.5999755859376,9.749678611755373,0.0,9.164103507995604,44.99989700317383,0.1899999976158142,26.60650062561035,0.2070000022649765,,,,,,,,,
1786208400000,2026-08-08 17:00:00,,,,24.6564998626709,39.0,1020.5999755859376,9.77945327758789,0.0,8.707237243652344,29.74479484558105,0.1400000154972076,25.70650100708008,0.2070000022649765,,,,,,,,,
1786212000000,2026-08-08 18:00:00,,,,23.4064998626709,42.0,1020.7999877929688,9.765104293823242,0.0,6.193674087524414,54.46223831176758,0.0900000035762786,24.506500244140625,0.2060000002384185,,,,,,,,,
1786215600000,2026-08-08 19:00:00,,,,20.95650100708008,53.0,1021.0999755859376,11.015934944152832,0.0,3.826852560043335,48.81417465209961,0.0500000044703483,23.006500244140625,0.2060000002384185,,,,,,,,,
1786219200000,2026-08-08 20:00:00,,,,19.55649948120117,56.0,1021.0999755859376,10.542983055114746,0.0,1.527350664138794,135.00010681152344,0.0199999995529651,21.506500244140625,0.2060000002384185,,,,,,,,,
1786222800000,2026-08-08 21:00:00,,,,18.756500244140625,58.0,1021.2000122070312,10.321656227111816,0.0,2.5199999809265137,90.0,0.0,20.35650062561035,0.2060000002384185,,,,,,,,,
1786226400000,2026-08-08 22:00:00,,,,17.056499481201172,66.0,1021.0999755859376,10.655790328979492,0.0,2.620839357376098,74.05453491210938,0.0099999997764825,19.35650062561035,0.2060000002384185,,,,,,,,,
1786230000000,2026-08-08 23:00:00,,,,16.206501007080078,68.0,1020.7999877929688,10.293527603149414,0.0,2.620839357376098,105.94546508789062,0.0099999997764825,18.506500244140625,0.2060000002384185,,,,,,,,,
1786233600000,2026-08-09 00:00:00,,,,15.806500434875488,70.0,1020.7999877929688,10.34528350830078,0.0,3.396233081817627,147.99465942382812,0.0099999997764825,18.20650100708008,0.2070000022649765,,,,,,,,,
1786237200000,2026-08-09 01:00:00,,,,14.706500053405762,73.0,1020.2000122070312,9.91641616821289,0.0,5.623379707336426,140.19447326660156,0.0099999997764825,17.556499481201172,0.2070000022649765,,,,,,,,,
1786240800000,2026-08-09 02:00:00,,,,14.106500625610352,76.0,1019.7999877929688,9.938764572143556,0.0,5.495161056518555,148.39254760742188,0.0099999997764825,16.956501007080078,0.2070000022649765,,,,,,,,,
1786244400000,2026-08-09 03:00:00,,,,14.306500434875488,75.0,1019.5999755859376,9.934293746948242,0.0,5.634891033172607,153.4350128173828,0.0099999997764825,16.4064998626709,0.2070000022649765,,,,,,,,,
1786248000000,2026-08-09 04:00:00,,,,14.406499862670898,74.0,1019.2999877929688,9.830392837524414,0.0,5.483356475830078,156.80137634277344,0.0099999997764825,16.056499481201172,0.2080000042915344,,,,,,,,,
1786251600000,2026-08-09 05:00:00,,,,15.406499862670898,71.0,1019.2000122070312,10.174111366271973,0.0,6.439876079559326,153.4350128173828,0.0099999997764825,16.006500244140625,0.2080000042915344,,,,,,,,,
1786255200000,2026-08-09 06:00:00,,,,18.05649948120117,63.0,1018.7000122070312,10.904805183410645,0.0,6.989935874938965,145.49142456054688,0.0399999991059303,17.056499481201172,0.2080000042915344,,,,,,,,,
1786258800000,2026-08-09 07:00:00,,,,21.4064998626709,52.0,1018.4000244140624,11.14502239227295,0.0,9.5042724609375,127.30403137207033,0.0799999982118606,18.9064998626709,0.2080000042915344,,,,,,,,,
1786262400000,2026-08-09 08:00:00,,,,25.05649948120117,41.0,1017.9000244140624,10.886758804321287,0.0,11.480557441711426,131.18582153320312,0.1400000154972076,21.20650100708008,0.2080000042915344,,,,,,,,,
1786266000000,2026-08-09 09:00:00,,,,27.20650100708008,35.0,1017.7000122070312,10.41934299468994,0.0,11.966954231262209,133.7812042236328,0.2000000178813934,23.60650062561035,0.2080000042915344,,,,,,,,,
1786269600000,2026-08-09 10:00:00,,,,29.35650062561035,31.0,1016.9000244140624,10.475545883178713,0.0,12.261157035827637,139.7637176513672,0.2399999946355819,25.80649948120117,0.2080000042915344,,,,,,,,,
1786273200000,2026-08-09 11:00:00,,,,30.60650062561035,29.0,1016.2999877929688,10.552715301513672,0.0,12.64107608795166,160.0167999267578,0.2599999904632568,27.6564998626709,0.2070000022649765,,,,,,,,,
1786276800000,2026-08-09 12:00:00,,,,31.6564998626709,24.0,1015.7999877929688,8.624693870544434,0.0,9.904906272888184,199.0935821533203,0.2599999904632568,29.20650100708008,0.2060000002384185,,,,,,,,,
1786280400000,2026-08-09 13:00:00,,,,32.10649871826172,23.0,1015.2000122070312,8.372769355773926,0.0,7.928177833557129,182.60250854492188,0.25,30.35650062561035,0.2049999982118606,,,,,,,,,
1786284000000,2026-08-09 14:00:00,,,,32.40650177001953,24.0,1014.4000244140624,9.254061698913574,0.0,8.049844741821289,169.69520568847656,0.2300000041723251,30.95650100708008,0.2049999982118606,,,,,,,,,
1786287600000,2026-08-09 15:00:00,,,,32.40650177001953,25.0,1014.0,9.862122535705566,0.0,7.5170207023620605,163.30067443847656,0.2000000178813934,31.05649948120117,0.2039999961853027,,,,,,,,,
1786291200000,2026-08-09 16:00:00,,,,32.35649871826172,24.0,1013.5999755859376,9.21210765838623,0.0,8.279999732971191,180.0,0.1700000017881393,30.6564998626709,0.2029999941587448,,,,,,,,,
1786293471295,2026-08-09 16:37:51,100.0,-133.0,-19.5,,,,,,,,,,,,,,,,,,,
1786293496057,2026-08-09 16:38:16,100.0,-131.0,-16.75,,,,,,,,,,,31.75,39.76,40.93,,,,449.84,379.77,318.02
1786294800000,2026-08-09 17:00:00,,,,32.006500244140625,24.0,1013.2999877929688,8.918435096740723,0.0,9.746630668640137,175.76368713378906,0.1299999952316284,29.85650062561035,0.202000007033348,,,,,,,,,
1786298400000,2026-08-09 18:00:00,,,,30.506500244140625,26.0,1013.0,8.839054107666016,0.0,8.225034713745117,156.8013916015625,0.0700000077486038,28.756500244140625,0.202000007033348,,,,,,,,,
1786302000000,2026-08-09 19:00:00,,,,27.80649948120117,36.0,1013.0999755859376,11.371996879577637,0.0,8.43506908416748,129.80552673339844,0.0599999986588954,27.30649948120117,0.2010000050067901,,,,,,,,,
1786305600000,2026-08-09 20:00:00,,,,25.80649948120117,41.0,1013.0999755859376,11.55947494506836,0.0,9.72666358947754,128.99099731445312,0.0599999986588954,25.95650100708008,0.2010000050067901,,,,,,,,,
1786309200000,2026-08-09 21:00:00,,,,24.756500244140625,43.0,1013.0999755859376,11.335044860839844,0.0,8.145870208740234,135.00010681152344,0.0500000044703483,24.95650100708008,0.2000000029802322,,,,,,,,,
1786312800000,2026-08-09 22:00:00,,,,24.10650062561035,44.0,1013.0,11.094644546508787,0.0,6.369049549102783,137.29063415527344,0.0399999991059303,24.256500244140625,0.2000000029802322,,,,,,,,,
1786316400000,2026-08-09 23:00:00,,,,23.9064998626709,44.0,1013.0999755859376,10.913640975952148,0.0,4.33497428894043,131.63345336914062,0.0299999993294477,23.70650100708008,0.2000000029802322,,,,,,,,,
1786320000000,2026-08-10 00:00:00,,,,23.85650062561035,45.0,1012.0,11.207067489624023,0.0,4.6102495193481445,128.6598358154297,0.0500000044703483,23.30649948120117,0.202000007033348,,,,,,,,,
1786323600000,2026-08-10 01:00:00,,,,23.35650062561035,48.0,1012.2000122070312,11.727473258972168,0.0,4.349896430969238,114.4439468383789,0.0299999993294477,22.95650100708008,0.2029999941587448,,,,,,,,,
1786327200000,2026-08-10 02:00:00,,,,22.85650062561035,52.0,1012.7999877929688,12.484392166137695,0.0,0.0,270.0,0.0099999997764825,22.55649948120117,0.2029999941587448,,,,,,,,,
1786330800000,2026-08-10 03:00:00,,,,22.55649948120117,54.0,1013.0,12.782633781433104,0.0,1.7999999523162842,216.86997985839844,0.0,22.10650062561035,0.2029999941587448,,,,,,,,,
1786334400000,2026-08-10 04:00:00,,,,21.6564998626709,58.0,1013.2999877929688,13.03682804107666,0.0,1.938659191131592,158.1985321044922,0.0,21.55649948120117,0.2029999941587448,,,,,,,,,
1786338000000,2026-08-10 05:00:00,,,,21.6564998626709,59.0,1013.5,13.298786163330078,0.0,0.8049845099449158,206.5649871826172,0.0,21.20650100708008,0.2039999961853027,,,,,,,,,
1786341600000,2026-08-10 06:00:00,,,,23.256500244140625,55.0,1014.0999755859376,13.714075088500977,0.0,3.396233081817627,327.9946594238281,0.0399999991059303,21.95650100708008,0.2039999961853027,,,,,,,,,
1786345200000,2026-08-10 07:00:00,,,,24.55649948120117,51.0,1014.4000244140624,13.754680633544922,0.0,4.394360065460205,304.9920959472656,0.1199999973177909,23.35650062561035,0.2039999961853027,,,,,,,,,
1786348800000,2026-08-10 08:00:00,,,,26.006500244140625,46.0,1014.4000244140624,13.494577407836914,0.0,4.104631423950195,285.2551574707031,0.1700000017881393,25.05649948120117,0.2039999961853027,,,,,,,,,
1786351065956,2026-08-10 08:37:45,100.0,-134.0,-19.25,,,,,,,,,,,,,,19.35,18.7,17.28,,,
1786352400000,2026-08-10 09:00:00,,,,27.6564998626709,42.0,1014.2999877929688,13.587943077087402,0.0,3.3190360069274902,282.52880859375,0.2100000232458114,26.9064998626709,0.2039999961853027,,,,,,,,,
1786356000000,2026-08-10 10:00:00,,,,29.70650100708008,36.0,1013.9000244140624,13.047704696655272,0.0,7.235910415649414,275.71051025390625,0.2599999904632568,28.70650100708008,0.2039999961853027,,,,,,,,,
1786359600000,2026-08-10 11:00:00,,,,31.30649948120117,30.0,1013.5999755859376,11.666173934936523,0.0,9.36691951751709,272.2025451660156,0.2900000214576721,30.256500244140625,0.2039999961853027,,,,,,,,,
1786363200000,2026-08-10 12:00:00,,,,32.40650177001953,26.0,1013.2000122070312,10.449097633361816,0.0,14.934576988220217,285.3763122558594,0.2900000214576721,31.30649948120117,0.2029999941587448,,,,,,,,,
1786365471366,2026-08-10 12:37:51,100.0,-132.0,-17.5,,,,,,,,,,,31.39,39.6,40.66,,,,449.43,379.42,317.45
1786366800000,2026-08-10 13:00:00,,,,32.65650177001953,26.0,1012.7000122070312,10.660811424255373,0.0,10.948972702026367,279.4622497558594,0.2599999904632568,31.60650062561035,0.202000007033348,,,,,,,,,
1786370400000,2026-08-10 14:00:00,,,,32.35649871826172,25.0,1012.2000122070312,9.819966316223145,0.0,9.44957160949707,310.36444091796875,0.2000000178813934,31.006500244140625,0.202000007033348,,,,,,,,,
1786374000000,2026-08-10 15:00:00,,,,31.95650100708008,27.0,1012.2000122070312,10.633625030517578,0.0,8.766572952270508,289.1791076660156,0.1700000017881393,30.1564998626709,0.2010000050067901,,,,,,,,,
1786377600000,2026-08-10 16:00:00,,,,31.95650100708008,27.0,1011.7999877929688,10.633625030517578,0.0,9.565437316894531,289.7989501953125,0.1700000017881393,29.9064998626709,0.2010000050067901,,,,,,,,,
1786381200000,2026-08-10 17:00:00,,,,30.6564998626709,27.0,1011.9000244140624,9.527000427246094,0.0,10.245779991149902,288.4350280761719,0.1199999973177909,28.9064998626709,0.2000000029802322,,,,,,,,,
1786384800000,2026-08-10 18:00:00,,,,27.95650100708008,40.0,1013.2999877929688,13.108052253723145,0.0,15.51762866973877,356.0091552734375,0.1000000089406967,27.95650100708008,0.2000000029802322,,,,,,,,,
1786388400000,2026-08-10 19:00:00,,,,25.70650100708008,48.0,1014.7999877929688,13.875954627990724,0.0,13.910168647766112,349.5625915527344,0.0700000077486038,26.756500244140625,0.1990000009536743,,,,,,,,,
1786392000000,2026-08-10 20:00:00,,,,23.10650062561035,61.0,1016.2999877929688,15.176287651062012,0.0,12.144330978393556,348.0238952636719,0.0500000044703483,25.506500244140625,0.1990000009536743,,,,,,,,,
1786394255171,2026-08-10 20:37:35,100.0,-129.0,-16.25,,,,,,,,,,,,,,19.51,18.95,17.34,,,
1786395600000,2026-08-10 21:00:00,,,,21.6564998626709,64.0,1017.4000244140624,14.552721977233888,0.0,9.693296432495115,328.6713562011719,0.0399999991059303,24.35650062561035,0.1990000009536743,,,,,,,,,
1786399200000,2026-08-10 22:00:00,,,,20.55649948120117,67.0,1018.2999877929688,14.216670036315918,0.0,7.704335689544678,322.5945739746094,0.0299999993294477,23.35650062561035,0.1990000009536743,,,,,,,,,
1786402800000,2026-08-10 23:00:00,,,,19.756500244140625,72.0,1019.0,14.564823150634766,0.0,6.193674087524414,305.5377502441406,0.0199999995529651,22.55649948120117,0.1990000009536743,,,,,,,,,
1786406400000,2026-08-11 00:00:00,,,,20.4064998626709,62.0,1019.9000244140624,12.882405281066896,0.0,7.412853240966797,330.94549560546875,0.0199999995529651,23.35650062561035,0.2029999941587448,,,,,,,,,
1786408660545,2026-08-11 00:37:40,100.0,-130.0,-15.25,,,,,,,,,,,31.24,39.53,40.52,,,,449.25,379.26,317.15
1786410000000,2026-08-11 01:00:00,,,,19.45650100708008,68.0,1020.0999755859376,13.396077156066896,0.0,6.6380720138549805,319.3987731933594,0.0199999995529651,22.60650062561035,0.2039999961853027,,,,,,,,,
1786413600000,2026-08-11 02:00:00,,,,18.60650062561035,70.0,1021.0,13.027769088745115,0.0,8.942214012145996,319.8991394042969,0.0199999995529651,22.006500244140625,0.2039999961853027,,,,,,,,,
1786417200000,2026-08-11 03:00:00,,,,17.756500244140625,65.0,1021.7999877929688,11.09132480621338,0.0,10.315114974975586,330.75128173828125,0.0199999995529651,21.506500244140625,0.2039999961853027,,,,,,,,,
1786420800000,2026-08-11 04:00:00,,,,16.85650062561035,64.0,1022.7000122070312,10.004693031311035,0.0,11.486200332641602,327.8042907714844,0.0199999995529651,20.95650100708008,0.2039999961853027,,,,,,,,,
1786424400000,2026-08-11 05:00:00,,,,15.956500053405762,64.0,1023.2999877929688,9.151443481445312,0.0,10.18869972229004,327.9946594238281,0.0199999995529651,20.30649948120117,0.2049999982118606,,,,,,,,,
1786428000000,2026-08-11 06:00:00,,,,16.056499481201172,63.0,1023.5999755859376,9.012473106384276,0.0,8.714676856994629,321.70977783203125,0.0299999993294477,20.256500244140625,0.2049999982118606,,,,,,,,,
1786431600000,2026-08-11 07:00:00,,,,17.056499481201172,61.0,1023.9000244140624,9.477591514587402,0.0,8.43506908416748,309.8055114746094,0.0500000044703483,20.95650100708008,0.2049999982118606,,,,,,,,,
1786435200000,2026-08-11 08:00:00,,,,18.1564998626709,54.0,1024.300048828125,8.698020935058594,0.0,9.5042724609375,307.30401611328125,0.0700000077486038,22.256500244140625,0.2049999982118606,,,,,,,,,
1786438800000,2026-08-11 09:00:00,,,,19.4064998626709,48.0,1024.5,8.112462997436523,0.0,10.587918281555176,305.311279296875,0.1000000089406967,23.756500244140625,0.2049999982118606,,,,,,,,,
1786442400000,2026-08-11 10:00:00,,,,20.70650100708008,43.0,1024.300048828125,7.678060054779053,0.0,10.799999237060549,306.8699645996094,0.1199999973177909,25.256500244140625,0.2049999982118606,,,,,,,,,
1786446000000,2026-08-11 11:00:00,,,,21.9064998626709,39.0,1024.0999755859375,7.325216770172119,0.0,11.753875732421877,310.0302124023437,0.1400000154972076,26.60650062561035,0.2049999982118606,,,,,,,,,
1786449600000,2026-08-11 12:00:00,,,,22.80649948120117,37.0,1024.0999755859375,7.355814933776855,0.0,12.738099098205566,312.7093811035156,0.1500000059604644,27.60650062561035,0.2049999982118606,,,,,,,,,
1786453200000,2026-08-11 13:00:00,,,,23.45650100708008,32.0,1024.0999755859375,5.815579414367676,0.0,12.98497486114502,313.87677001953125,0.1500000059604644,28.20650100708008,0.2039999961853027,,,,,,,,,
1786456800000,2026-08-11 14:00:00,,,,23.55649948120117,34.0,1023.9000244140624,6.782959461212158,0.0,12.229406356811523,317.3859558105469,0.1400000154972076,28.35650062561035,0.2039999961853027,,,,,,,,,
1786460400000,2026-08-11 15:00:00,,,,23.4064998626709,36.0,1023.7999877929688,7.485934257507324,0.0,13.493998527526855,350.7890625,0.1199999973177909,28.006500244140625,0.2039999961853027,,,,,,,,,
1786464000000,2026-08-11 16:00:00,,,,22.85650062561035,33.0,1023.9000244140624,5.736105442047119,0.0,12.605141639709473,358.36346435546875,0.1000000089406967,27.1564998626709,0.2039999961853027,,,,,,,,,
1786467600000,2026-08-11 17:00:00,,,,22.30649948120117,35.0,1024.0999755859375,6.104328155517578,0.0,8.55710220336914,345.37908935546875,0.0799999982118606,26.006500244140625,0.2039999961853027,,,,,,,,,
1786471200000,2026-08-11 18:00:00,,,,21.30649948120117,38.0,1024.4000244140625,6.411466121673584,0.0,8.640000343322754,360.0,0.0500000044703483,24.60650062561035,0.2029999941587448,,,,,,,,,
1786474800000,2026-08-11 19:00:00,,,,19.60650062561035,43.0,1025.0,6.683846473693848,0.0,4.349896430969238,24.443952560424805,0.0299999993294477,23.05649948120117,0.2029999941587448,,,,,,,,,
1786478400000,2026-08-11 20:00:00,,,,17.956501007080078,54.0,1025.5999755859375,8.51224422454834,0.0,2.9024126529693604,7.124929904937744,0.0199999995529651,21.60650062561035,0.2039999961853027,,,,,,,,,
1786482000000,2026-08-11 21:00:00,,,,16.6564998626709,59.0,1026.0,8.606749534606934,0.0,1.4843180179595947,345.9637145996094,0.0099999997764825,20.35650062561035,0.2039999961853027,,,,,,,,,
1786485600000,2026-08-11 22:00:00,,,,15.856500625610352,63.0,1026.4000244140625,8.823197364807129,0.0,0.8049845099449158,63.43501281738281,0.0099999997764825,19.35650062561035,0.2039999961853027,,,,,,,,,
1786489200000,2026-08-11 23:00:00,,,,15.006500244140623,68.0,1026.699951171875,9.147520065307615,0.0,1.527350664138794,44.99989700317383,0.0099999997764825,18.45650100708008,0.2039999961853027,,,,,,,,,
1786492800000,2026-08-12 00:00:00,,,,14.106500625610352,69.0,1027.0,8.503316879272461,0.0,0.8049845099449158,333.4350280761719,0.0099999997764825,17.706501007080078,0.2039999961853027,,,,,,,,,
1786496400000,2026-08-12 01:00:00,,,,14.006500244140623,70.0,1027.5999755859375,8.620182991027832,0.0,0.8049845099449158,153.4350128173828,0.0,17.056499481201172,0.2039999961853027,,,,,,,,,
1786500000000,2026-08-12 02:00:00,,,,13.056500434875488,74.0,1027.800048828125,8.527836799621582,0.0,1.4843180179595947,165.96372985839844,0.0,16.506500244140625,0.2039999961853027,,,,,,,,,
1786503600000,2026-08-12 03:00:00,,,,12.306500434875488,75.0,1028.0999755859375,8.001420974731445,0.0,2.189794540405273,170.53775024414062,0.0099999997764825,15.956500053405762,0.2039999961853027,,,,,,,,,
1786507200000,2026-08-12 04:00:00,,,,11.706500053405762,75.0,1028.4000244140625,7.421458721160889,0.0,2.3051247596740723,141.3401641845703,0.0099999997764825,15.406499862670898,0.2049999982118606,,,,,,,,,
1786510800000,2026-08-12 05:00:00,,,,11.856500625610352,77.0,1028.5999755859375,7.952898979187012,0.0,1.6099690198898315,116.5649871826172,0.0099999997764825,15.106500625610352,0.2049999982118606,,,,,,,,,
1786514400000,2026-08-12 06:00:00,,,,13.356500625610352,70.0,1028.5999755859375,7.997107028961182,0.0,2.3051247596740723,128.6598358154297,0.0199999995529651,15.856500625610352,0.2049999982118606,,,,,,,,,
1786518000000,2026-08-12 07:00:00,,,,15.606500625610352,61.0,1028.5,8.110641479492188,0.0,1.0182337760925293,135.00010681152344,0.0399999991059303,17.4064998626709,0.2049999982118606,,,,,,,,,
1786521600000,2026-08-12 08:00:00,,,,18.256500244140625,50.0,1028.300048828125,7.656625270843506,0.0,1.0800000429153442,90.0,0.0599999986588954,19.30649948120117,0.2049999982118606,,,,,,,,,
1786525200000,2026-08-12 09:00:00,,,,20.506500244140625,43.0,1028.300048828125,7.497321128845215,0.0,1.527350664138794,135.00010681152344,0.0900000035762786,21.55649948120117,0.2049999982118606,,,,,,,,,
1786528800000,2026-08-12 10:00:00,,,,22.1564998626709,38.0,1028.0,7.168239116668701,0.0,1.0182337760925293,44.99989700317383,0.1199999973177909,23.60650062561035,0.2049999982118606,,,,,,,,,
1786532400000,2026-08-12 11:00:00,,,,23.35650062561035,34.0,1027.5999755859375,6.60732889175415,0.0,1.938659191131592,68.19853210449219,0.1400000154972076,25.55649948120117,0.2049999982118606,,,,,,,,,
1786536000000,2026-08-12 12:00:00,,,,24.45650100708008,34.0,1027.0999755859375,7.573105812072754,0.0,3.219938039779663,116.5649871826172,0.1500000059604644,26.85650062561035,0.2049999982118606,,,,,,,,,
1786539600000,2026-08-12 13:00:00,,,,25.20650100708008,30.0,1026.9000244140625,6.3999223709106445,0.0,6.792466163635254,57.994659423828125,0.1500000059604644,28.05649948120117,0.2039999961853027,,,,,,,,,
1786543200000,2026-08-12 14:00:00,,,,25.6564998626709,23.0,1026.699951171875,2.976600408554077,0.0,3.89399528503418,123.69010162353516,0.1500000059604644,28.60650062561035,0.2039999961853027,,,,,,,,,
1786546800000,2026-08-12 15:00:00,,,,25.70650100708008,24.0,1026.5999755859375,3.62153434753418,0.0,8.31124496459961,72.34979248046875,0.1400000154972076,28.55649948120117,0.2029999941587448,,,,,,,,,
1786550400000,2026-08-12 16:00:00,,,,25.45650100708008,31.0,1026.300048828125,7.09410285949707,0.0,8.404284477233887,9.865748405456545,0.1099999994039535,27.9064998626709,0.2029999941587448,,,,,,,,,
1786554000000,2026-08-12 17:00:00,,,,24.80649948120117,33.0,1026.4000244140625,7.442269802093506,0.0,9.339207649230955,62.44727325439453,0.0799999982118606,26.756500244140625,0.2029999941587448,,,,,,,,,
1786557600000,2026-08-12 18:00:00,,,,23.55649948120117,35.0,1026.699951171875,7.206021308898926,0.0,6.489992141723633,33.69010162353516,0.0500000044703483,25.256500244140625,0.202000007033348,,,,,,,,,
1786561200000,2026-08-12 19:00:00,,,,21.20650100708008,45.0,1027.199951171875,8.801175117492676,0.0,4.6102495193481445,38.65982818603516,0.0299999993294477,23.6564998626709,0.202000007033348,,,,,,,,,
1786564800000,2026-08-12 20:00:00,,,,19.6564998626709,48.0,1027.4000244140625,8.341398239135742,0.0,2.595996856689453,56.30991363525391,0.0199999995529651,22.1564998626709,0.202000007033348,,,,,,,,,
1786568400000,2026-08-12 21:00:00,,,,18.95650100708008,51.0,1027.5999755859375,8.593297004699707,0.0,1.8356469869613647,168.6901092529297,0.0099999997764825,20.80649948120117,0.202000007033348,,,,,,,,,
1786572000000,2026-08-12 22:00:00,,,,18.10650062561035,55.0,1027.699951171875,8.923233032226562,0.0,1.938659191131592,68.19853210449219,0.0099999997764825,19.80649948120117,0.202000007033348,,,,,,,,,
1786575600000,2026-08-12 23:00:00,,,,16.35650062561035,63.0,1028.0,9.29637622833252,0.0,2.099142551422119,59.036319732666016,0.0099999997764825,18.95650100708008,0.2029999941587448,,,,,,,,,
1786579200000,2026-08-13 00:00:00,,,,15.506500244140623,63.0,1028.199951171875,8.491942405700684,0.0,3.826852560043335,131.18582153320312,0.0099999997764825,18.1564998626709,0.202000007033348,,,,,,,,,
1786582800000,2026-08-13 01:00:00,,,,14.356500625610352,66.0,1028.300048828125,8.086390495300293,0.0,3.826852560043335,131.18582153320312,0.0099999997764825,17.456501007080078,0.2029999941587448,,,,,,,,,
1786586400000,2026-08-13 02:00:00,,,,13.356500625610352,69.0,1028.199951171875,7.785600185394287,0.0,5.600285530090332,135.00010681152344,0.0099999997764825,16.85650062561035,0.2029999941587448,,,,,,,,,
1786590000000,2026-08-13 03:00:00,,,,13.056500434875488,72.0,1028.199951171875,8.123690605163574,0.0,4.072935104370117,135.00010681152344,0.0099999997764825,16.306499481201172,0.2029999941587448,,,,,,,,,
1786593600000,2026-08-13 04:00:00,,,,12.456500053405762,75.0,1028.300048828125,8.146403312683105,0.0,3.096837043762207,144.4622344970703,0.0099999997764825,15.806500434875488,0.2029999941587448,,,,,,,,,
1786597200000,2026-08-13 05:00:00,,,,12.656499862670898,73.0,1028.5,7.941612243652344,0.0,3.5999999046325684,126.86998748779295,0.0099999997764825,15.506500244140623,0.2029999941587448,,,,,,,,,
1786600800000,2026-08-13 06:00:00,,,,14.206500053405762,65.0,1028.5,7.719287395477295,0.0,4.33497428894043,138.36654663085938,0.0199999995529651,16.1564998626709,0.2039999961853027,,,,,,,,,
1786604400000,2026-08-13 07:00:00,,,,16.9064998626709,56.0,1028.300048828125,8.070923805236816,0.0,2.811689853668213,129.80552673339844,0.0399999991059303,17.706501007080078,0.2039999961853027,,,,,,,,,
1786608000000,2026-08-13 08:00:00,,,,20.60650062561035,46.0,1027.9000244140625,8.580568313598633,0.0,1.1384198665618896,108.43504333496094,0.0700000077486038,19.95650100708008,0.2039999961853027,,,,,,,,,
1786611600000,2026-08-13 09:00:00,,,,23.6564998626709,39.0,1027.800048828125,8.887327194213867,0.0,2.1600000858306885,90.0,0.1099999994039535,22.4064998626709,0.2039999961853027,,,,,,,,,
1786615200000,2026-08-13 10:00:00,,,,25.45650100708008,31.0,1027.699951171875,7.09410285949707,0.0,6.0346999168396,72.64588928222656,0.1400000154972076,25.006500244140625,0.2039999961853027,,,,,,,,,
1786616282769,2026-08-13 10:18:02,100.0,-135.0,-21.5,,,,,,,,,,,,,,18.06,17.82,17.05,,,
1786618800000,2026-08-13 11:00:00,,,,26.6564998626709,30.0,1027.199951171875,7.653253555297852,0.0,6.130578994750977,86.63361358642578,0.1700000017881393,27.10650062561035,0.2029999941587448,,,,,,,,,
1786622400000,2026-08-13 12:00:00,,,,27.6564998626709,28.0,1026.4000244140625,7.501956462860107,0.0,6.519876956939697,83.65990447998047,0.1800000071525573,28.6564998626709,0.2029999941587448,,,,,,,,,
1786626000000,2026-08-13 13:00:00,,,,28.30649948120117,25.0,1025.699951171875,6.401579856872559,0.0,7.56856632232666,64.65387725830078,0.1800000071525573,29.6564998626709,0.2029999941587448,,,,,,,,,
1786629600000,2026-08-13 14:00:00,,,,28.756500244140625,20.0,1025.0999755859375,3.572416305541992,0.0,8.707237243652344,60.25520706176758,0.1599999964237213,30.006500244140625,0.202000007033348,,,,,,,,,
1786633200000,2026-08-13 15:00:00,,,,28.85650062561035,19.0,1024.699951171875,2.928148031234741,0.0,8.427383422851562,70.01680755615234,0.1500000059604644,29.85650062561035,0.202000007033348,,,,,,,,,
1786636800000,2026-08-13 16:00:00,,,,28.6564998626709,18.0,1024.5,2.004201889038086,0.0,8.31124496459961,72.34979248046875,0.1199999973177909,29.256500244140625,0.2010000050067901,,,,,,,,,
1786640400000,2026-08-13 17:00:00,,,,27.85650062561035,23.0,1024.300048828125,4.8196120262146,0.0,8.654986381530762,73.0724105834961,0.1000000089406967,28.20650100708008,0.2010000050067901,,,,,,,,,
1786644000000,2026-08-13 18:00:00,,,,26.10650062561035,25.0,1024.199951171875,4.541226387023926,0.0,7.771330833435059,76.60749053955078,0.0599999986588954,26.756500244140625,0.2010000050067901,,,,,,,,,
1786645084645,2026-08-13 18:18:04,100.0,-134.0,-17.75,,,,,,,,,,,40.67,45.92,46.69,,,,464.75,396.52,332.55
1786647600000,2026-08-13 19:00:00,,,,23.85650062561035,33.0,1024.300048828125,6.611264705657959,0.0,5.241678714752197,105.94546508789062,0.0399999991059303,25.05649948120117,0.2000000029802322,,,,,,,,,
1786651200000,2026-08-13 20:00:00,,,,22.256500244140625,37.0,1024.4000244140625,6.867828369140625,0.0,4.843304634094238,138.0128631591797,0.0299999993294477,23.506500244140625,0.2000000029802322,,,,,,,,,
1786654800000,2026-08-13 21:00:00,,,,20.80649948120117,43.0,1024.199951171875,7.768420219421387,0.0,3.89399528503418,123.69010162353516,0.0199999995529651,22.256500244140625,0.2000000029802322,,,,,,,,,
1786658400000,2026-08-13 22:00:00,,,,19.1564998626709,49.0,1024.300048828125,8.1869478225708,0.0,4.072935104370117,135.00010681152344,0.0199999995529651,21.1564998626709,0.2000000029802322,,,,,,,,,
1786662000000,2026-08-13 23:00:00,,,,17.506500244140625,57.0,1024.300048828125,8.892770767211914,0.0,4.843304634094238,138.0128631591797,0.0099999997764825,20.20650100708008,0.2000000029802322,,,,,,,,,
1786665600000,2026-08-14 00:00:00,,,,15.906499862670898,60.0,1024.199951171875,8.149785995483398,0.0,4.072935104370117,135.00010681152344,0.0099999997764825,19.256500244140625,0.2000000029802322,,,,,,,,,
1786669200000,2026-08-14 01:00:00,,,,14.906499862670898,62.0,1023.7000122070312,7.688983917236328,0.0,4.843304634094238,138.0128631591797,0.0099999997764825,18.45650100708008,0.2000000029802322,,,,,,,,,
1786672800000,2026-08-14 02:00:00,,,,14.356500625610352,65.0,1023.7000122070312,7.861816883087158,0.0,4.198285102844238,149.03631591796875,0.0099999997764825,17.756500244140625,0.2010000050067901,,,,,,,,,
1786676400000,2026-08-14 03:00:00,,,,14.206500053405762,66.0,1023.5999755859376,7.943605422973633,0.0,3.89399528503418,146.30990600585938,0.0099999997764825,17.1564998626709,0.2010000050067901,,,,,,,,,
1786680000000,2026-08-14 04:00:00,,,,14.006500244140623,66.0,1023.2000122070312,7.75322151184082,0.0,4.0249223709106445,153.4350128173828,0.0099999997764825,16.6564998626709,0.2010000050067901,,,,,,,,,
1786683600000,2026-08-14 05:00:00,,,,14.706500053405762,66.0,1023.0999755859376,8.419533729553223,0.0,4.349896430969238,155.55606079101562,0.0099999997764825,16.456501007080078,0.2010000050067901,,,,,,,,,
1786687200000,2026-08-14 06:00:00,,,,17.456501007080078,55.0,1022.7000122070312,8.318089485168457,0.0,5.315336227416992,151.6993408203125,0.0199999995529651,17.256500244140625,0.2010000050067901,,,,,,,,,
1786690800000,2026-08-14 07:00:00,,,,20.85650062561035,45.0,1022.2999877929688,8.483243942260742,0.0,5.86037540435791,137.48959350585938,0.0500000044703483,19.10650062561035,0.202000007033348,,,,,,,,,
1786694400000,2026-08-14 08:00:00,,,,24.256500244140625,36.0,1021.7999877929688,8.237247467041016,0.0,7.421589851379394,129.09385681152344,0.0799999982118606,21.55649948120117,0.202000007033348,,,,,,,,,
1786698000000,2026-08-14 09:00:00,,,,27.05649948120117,29.0,1021.4000244140624,7.501058578491211,0.0,9.67322063446045,135.00010681152344,0.1199999973177909,24.20650100708008,0.202000007033348,,,,,,,,,
1786701600000,2026-08-14 10:00:00,,,,28.60650062561035,27.0,1020.7999877929688,7.780297756195068,0.0,9.957107543945312,130.60121154785156,0.1500000059604644,26.60650062561035,0.2010000050067901,,,,,,,,,
1786702661242,2026-08-14 10:17:41,100.0,-132.0,-17.25,,,,,,,,,,,,,,18.21,17.82,17.02,,,
1786702670262,2026-08-14 10:17:50,100.0,-132.0,-16.75,,,,,,,,,,,39.57,45.2,46.06,,,,461.44,394.23,330.69
1786705200000,2026-08-14 11:00:00,,,,29.80649948120117,25.0,1020.0,7.66860818862915,0.0,10.883675575256348,124.21575164794922,0.1700000017881393,28.60650062561035,0.2010000050067901,,,,,,,,,
1786708800000,2026-08-14 12:00:00,,,,30.85650062561035,22.0,1019.2999877929688,6.6798996925354,0.0,10.799999237060549,126.86997985839844,0.1800000071525573,30.05649948120117,0.2010000050067901,,,,,,,,,
1786712400000,2026-08-14 13:00:00,,,,31.6564998626709,19.0,1018.7999877929688,5.217336177825928,0.0,10.383987426757812,123.69009399414062,0.1700000017881393,31.10650062561035,0.2000000029802322,,,,,,,,,
1786716000000,2026-08-14 14:00:00,,,,32.05649948120117,19.0,1018.0999755859376,5.543997287750244,0.0,10.29625129699707,126.46932983398438,0.1599999964237213,31.6564998626709,0.2000000029802322,,,,,,,,,
1786719600000,2026-08-14 15:00:00,,,,32.20650100708008,17.0,1017.4000244140624,4.070682525634766,0.0,10.703569412231444,132.27362060546875,0.1400000154972076,31.6564998626709,0.1990000009536743,,,,,,,,,
1786723200000,2026-08-14 16:00:00,,,,31.9064998626709,15.0,1016.7999877929688,2.0608575344085693,0.0,10.23312282562256,140.7106170654297,0.1199999973177909,31.10650062561035,0.1990000009536743,,,,,,,,,
1786726800000,2026-08-14 17:00:00,,,,31.10650062561035,18.0,1016.5,3.995350599288941,0.0,9.693296432495115,158.1985321044922,0.1000000089406967,30.10650062561035,0.1979999989271164,,,,,,,,,
1786730400000,2026-08-14 18:00:00,,,,29.10650062561035,22.0,1016.5,5.224386215209961,0.0,7.342587947845459,168.6901092529297,0.0599999986588954,28.70650100708008,0.1979999989271164,,,,,,,,,
1786734000000,2026-08-14 19:00:00,,,,26.55649948120117,27.0,1016.5999755859376,6.031566143035889,0.0,5.116561412811279,140.7106170654297,0.0399999991059303,26.9064998626709,0.1979999989271164,,,,,,,,,
1786737600000,2026-08-14 20:00:00,,,,23.45650100708008,36.0,1016.7000122070312,7.5301408767700195,0.0,5.116561412811279,129.2893829345703,0.0299999993294477,25.20650100708008,0.1979999989271164,,,,,,,,,
1786741200000,2026-08-14 21:00:00,,,,21.35650062561035,41.0,1016.5,7.565115451812744,0.0,4.6102495193481445,141.3401641845703,0.0199999995529651,23.70650100708008,0.1979999989271164,,,,,,,,,
1786744800000,2026-08-14 22:00:00,,,,19.70650100708008,45.0,1016.5999755859376,7.4383440017700195,0.0,4.510787010192871,151.38963317871094,0.0199999995529651,22.4064998626709,0.1979999989271164,,,,,,,,,
1786748400000,2026-08-14 23:00:00,,,,18.45650100708008,48.0,1016.4000244140624,7.242333889007568,0.0,4.0249223709106445,153.4350128173828,0.0099999997764825,21.30649948120117,0.1979999989271164,,,,,,,,,
1786752000000,2026-08-15 00:00:00,,,,16.4064998626709,67.0,1016.2999877929688,10.262396812438965,0.0,3.6712939739227295,168.6901092529297,0.0199999995529651,19.20650100708008,0.1969999969005584,,,,,,,,,
1786755600000,2026-08-15 01:00:00,,,,15.806500434875488,68.0,1015.7000122070312,9.911551475524902,0.0,3.7064266204833984,150.94549560546875,0.0199999995529651,18.506500244140625,0.1969999969005584,,,,,,,,,
1786759200000,2026-08-15 02:00:00,,,,15.606500625610352,67.0,1015.5,9.499784469604492,0.0,4.198285102844238,149.03631591796875,0.0199999995529651,18.006500244140625,0.1969999969005584,,,,,,,,,
1786762800000,2026-08-15 03:00:00,,,,15.556500434875488,65.0,1015.4000244140624,9.0018892288208,0.0,4.198285102844238,149.03631591796875,0.0199999995529651,17.556499481201172,0.1979999989271164,,,,,,,,,
1786766400000,2026-08-15 04:00:00,,,,15.456500053405762,64.0,1015.2000122070312,8.677348136901855,0.0,4.198285102844238,149.03631591796875,0.0199999995529651,17.206501007080078,0.1979999989271164,,,,,,,,,
1786770000000,2026-08-15 05:00:00,,,,16.256500244140625,64.0,1015.0,9.435876846313477,0.0,4.693825721740723,147.52882385253906,0.0199999995529651,17.056499481201172,0.1979999989271164,,,,,,,,,
1786773600000,2026-08-15 06:00:00,,,,18.80649948120117,55.0,1015.0,9.574801445007324,0.0,5.399999618530273,143.13002014160156,0.0500000044703483,17.806499481201172,0.1990000009536743,,,,,,,,,
1786777200000,2026-08-15 07:00:00,,,,21.756500244140625,48.0,1015.0,10.263727188110352,0.0,5.623379707336426,140.19447326660156,0.1099999994039535,19.45650100708008,0.1990000009536743,,,,,,,,,
1786780800000,2026-08-15 08:00:00,,,,25.4064998626709,40.0,1014.7000122070312,10.828658103942873,0.0,5.86037540435791,132.51040649414062,0.1599999964237213,21.6564998626709,0.1990000009536743,,,,,,,,,
1786784400000,2026-08-15 09:00:00,,,,29.20650100708008,32.0,1013.9000244140624,10.822372436523438,0.0,5.495161056518555,121.60746002197266,0.2300000041723251,24.1564998626709,0.1990000009536743,,,,,,,,,
1786788000000,2026-08-15 10:00:00,,,,32.256500244140625,25.0,1013.2000122070312,9.735658645629885,0.0,5.506940841674805,101.30989837646484,0.2900000214576721,26.6564998626709,0.1990000009536743,,,,,,,,,
1786791600000,2026-08-15 11:00:00,,,,33.70650100708008,23.0,1012.5999755859376,9.707978248596191,0.0,3.2599384784698486,83.65990447998047,0.3100000023841858,28.9064998626709,0.1979999989271164,,,,,,,,,
1786795200000,2026-08-15 12:00:00,,,,34.85649871826172,21.0,1012.0999755859376,9.307168006896973,0.0,1.1384198665618896,71.5649642944336,0.3199999928474426,30.55649948120117,0.1969999969005584,,,,,,,,,
1786798800000,2026-08-15 13:00:00,,,,35.35649871826172,21.0,1011.5999755859376,9.719388008117676,0.0,6.287129878997803,13.240530967712402,0.3100000023841858,31.506500244140625,0.1969999969005584,,,,,,,,,
1786802400000,2026-08-15 14:00:00,,,,35.85649871826172,16.0,1011.4000244140624,6.1268510818481445,0.0,0.8049845099449158,153.4350128173828,0.2900000214576721,32.10649871826172,0.1959999948740005,,,,,,,,,
1786806000000,2026-08-15 15:00:00,,,,35.756500244140625,16.0,1011.0,6.047033309936523,0.0,6.369049549102783,317.2906188964844,0.270000010728836,32.05649948120117,0.1959999948740005,,,,,,,,,
1786809600000,2026-08-15 16:00:00,,,,35.256500244140625,17.0,1010.7000122070312,6.526223659515381,0.0,9.387651443481444,302.4711608886719,0.2300000041723251,31.60650062561035,0.1949999928474426,,,,,,,,,
1786813200000,2026-08-15 17:00:00,,,,33.95650100708008,26.0,1010.2999877929688,11.76124095916748,0.0,1.7999999523162842,180.0,0.1500000059604644,30.756500244140625,0.1940000057220459,,,,,,,,,
1786816800000,2026-08-15 18:00:00,,,,31.30649948120117,37.0,1010.2999877929688,14.882519721984863,0.0,2.741678237915039,23.198617935180664,0.0399999991059303,29.60650062561035,0.1940000057220459,,,,,,,,,
1786820400000,2026-08-15 19:00:00,,,,29.006500244140625,38.0,1011.0,13.256939888000488,0.0,4.452953815460205,284.0362548828125,0.0299999993294477,27.756500244140625,0.1940000057220459,,,,,,,,,
1786824000000,2026-08-15 20:00:00,,,,26.70650100708008,39.0,1012.2999877929688,11.607155799865724,0.0,3.219938039779663,243.4350128173828,0.0500000044703483,26.10650062561035,0.1940000057220459,,,,,,,,,
1786827600000,2026-08-15 21:00:00,,,,25.35650062561035,45.0,1012.7999877929688,12.56789207458496,0.0,1.527350664138794,315.0000915527344,0.0199999995529651,24.85650062561035,0.1940000057220459,,,,,,,,,
1786831200000,2026-08-15 22:00:00,,,,23.85650062561035,54.0,1013.4000244140624,13.988500595092772,0.0,3.3190360069274902,282.52880859375,0.0199999995529651,23.95650100708008,0.1940000057220459,,,,,,,,,
1786834800000,2026-08-15 23:00:00,,,,22.756500244140625,58.0,1013.5,14.06621265411377,0.0,3.826852560043335,318.81414794921875,0.0099999997764825,23.20650100708008,0.1940000057220459,,,,,,,,,
1786838400000,2026-08-16 00:00:00,,,,22.05649948120117,60.0,1013.5999755859376,13.932743072509766,0.0,5.351784706115723,312.27362060546875,0.0099999997764825,22.60650062561035,0.1949999928474426,,,,,,,,,
1786842000000,2026-08-16 01:00:00,,,,21.006500244140625,62.0,1013.7999877929688,13.44858455657959,0.0,3.3190360069274902,319.3987731933594,0.0199999995529651,21.95650100708008,0.1949999928474426,,,,,,,,,
1786845600000,2026-08-16 02:00:00,,,,20.35650062561035,66.0,1013.5,13.794390678405762,0.0,1.4843180179595947,165.96372985839844,0.0099999997764825,21.4064998626709,0.1949999928474426,,,,,,,,,
1786849200000,2026-08-16 03:00:00,,,,20.30649948120117,68.0,1013.7000122070312,14.207218170166016,0.0,5.116561412811279,309.28936767578125,0.0099999997764825,21.10650062561035,0.1949999928474426,,,,,,,,,
1786852800000,2026-08-16 04:00:00,,,,20.006500244140625,70.0,1013.5999755859376,14.368550300598145,0.0,2.9024126529693604,299.7447814941406,0.0099999997764825,20.9064998626709,0.1959999948740005,,,,,,,,,
1786856400000,2026-08-16 05:00:00,,,,20.1564998626709,71.0,1014.0999755859376,14.732028007507324,0.0,3.6712939739227295,281.3099060058594,0.0199999995529651,20.756500244140625,0.1959999948740005,,,,,,,,,
1786860000000,2026-08-16 06:00:00,,,,20.55649948120117,70.0,1014.7999877929688,14.895203590393066,0.0,5.495161056518555,328.3925476074219,0.0299999993294477,20.95650100708008,0.1959999948740005,,,,,,,,,
1786863600000,2026-08-16 07:00:00,,,,20.05649948120117,74.0,1015.2999877929688,15.279192924499512,0.1000000014901161,6.7637858390808105,334.7989196777344,0.0500000044703483,21.256500244140625,0.1959999948740005,,,,,,,,,
1786867200000,2026-08-16 08:00:00,,,,19.1564998626709,81.0,1015.7999877929688,15.817708015441896,0.8999999761581421,5.495161056518555,301.6074523925781,0.0799999982118606,21.20650100708008,0.1969999969005584,,,,,,,,,
1786870800000,2026-08-16 09:00:00,,,,19.10650062561035,83.0,1015.9000244140624,16.150949478149414,0.6000000238418579,2.9024126529693604,97.12492370605467,0.0900000035762786,21.30649948120117,0.1969999969005584,,,,,,,,,
1786874400000,2026-08-16 10:00:00,,,,20.6564998626709,78.0,1015.5,16.683958053588867,0.4000000059604645,2.741678237915039,23.198617935180664,0.1299999952316284,21.70650100708008,0.1979999989271164,,,,,,,,,
1786878000000,2026-08-16 11:00:00,,,,23.10650062561035,68.0,1015.0999755859376,16.878366470336914,0.0,1.2979984283447266,123.69009399414062,0.270000010728836,23.55649948120117,0.1979999989271164,,,,,,,,,
1786881600000,2026-08-16 12:00:00,,,,24.6564998626709,60.0,1014.9000244140624,16.375099182128906,0.0,2.545584201812744,315.0000915527344,0.3500000238418579,24.756500244140625,0.1979999989271164,,,,,,,,,
1786885200000,2026-08-16 13:00:00,,,,25.30649948120117,57.0,1014.7999877929688,16.178342819213867,0.0,5.804825305938721,330.2552185058594,0.2800000309944153,25.756500244140625,0.1990000009536743,,,,,,,,,
1786888800000,2026-08-16 14:00:00,,,,25.256500244140625,58.0,1014.5999755859376,16.404691696166992,0.0,8.20926284790039,344.74481201171875,0.2300000041723251,26.05649948120117,0.1979999989271164,,,,,,,,,
1786892400000,2026-08-16 15:00:00,,,,25.35650062561035,57.0,1014.0,16.225004196166992,0.0,8.279999732971191,360.0,0.1700000017881393,25.80649948120117,0.1979999989271164,,,,,,,,,
1786896000000,2026-08-16 16:00:00,,,,25.55649948120117,57.0,1013.4000244140624,16.411617279052734,0.0,4.33497428894043,41.63344955444336,0.1500000059604644,25.9064998626709,0.1979999989271164,,,,,,,,,
1786899600000,2026-08-16 17:00:00,,,,25.256500244140625,57.0,1013.0999755859376,16.131689071655273,0.0,4.510787010192871,28.61036872863769,0.1199999973177909,25.6564998626709,0.1979999989271164,,,,,,,,,
1786903200000,2026-08-16 18:00:00,,,,24.1564998626709,63.0,1013.0,16.67152214050293,0.0,4.198285102844238,30.963695526123047,0.0700000077486038,24.80649948120117,0.1979999989271164,,,,,,,,,
1786906800000,2026-08-16 19:00:00,,,,22.20650100708008,73.0,1013.0999755859376,17.136335372924805,0.0,4.735060214996338,98.74607849121094,0.0299999993294477,23.6564998626709,0.1979999989271164,,,,,,,,,
1786910400000,2026-08-16 20:00:00,,,,21.256500244140625,75.0,1012.7999877929688,16.647064208984375,0.0,4.680000305175781,112.61991119384766,0.0199999995529651,22.6564998626709,0.1979999989271164,,,,,,,,,
1786914000000,2026-08-16 21:00:00,,,,20.55649948120117,78.0,1013.2000122070312,16.58694839477539,0.0,2.099142551422119,120.96369171142578,0.0099999997764825,21.80649948120117,0.1979999989271164,,,,,,,,,
1786917600000,2026-08-16 22:00:00,,,,19.706501007080078,83.0,1012.4000244140625,16.73748016357422,0,2.1897945404052734,80.53775024414062,0.009999999776482582,21.1564998626709,0.1979999989271164,,,,,,,,,
1786921200000,2026-08-16 23:00:00,,,,19.6564998626709,83.0,1012.2000122070312,16.688600540161133,0,4.198285102844238,59.036319732666016,0.009999999776482582,20.706501007080078,0.1979999989271164,,,,,,,,,
1786922273118,2026-08-16 23:17:53,100.0,-131.0,-15.25,,,,,,,,,,,,,,19.2,18.24,17.11,,,
1786922282229,2026-08-16 23:18:02,100.0,-130.0,-14.5,,,,,,,,,,,36.01,42.77,43.88,,,,454.77,387.23,324.83
1786924800000,2026-08-17 00:00:00,,,,19.6564998626709,86.0,1012.9000244140625,17.248973846435547,0,6.849466800689697,86.9872817993164,0.009999999776482582,21.056499481201172,0.19599999487400055,,,,,,,,,
1786928400000,2026-08-17 01:00:00,,,,19.056499481201172,87.0,1013.0,16.842060089111328,0,6.369049549102783,137.29063415527344,0.019999999552965164,20.85650062561035,0.19599999487400055,,,,,,,,,
1786932000000,2026-08-17 02:00:00,,,,18.756500244140625,82.0,1012.7999877929688,15.619327545166016,0.10000000149011612,2.595996856689453,123.69009399414062,0.019999999552965164,20.60650062561035,0.19699999690055847,,,,,,,,,
1786935600000,2026-08-17 03:00:00,,,,18.35650062561035,84.0,1011.7999877929688,15.604637145996094,0,3.545588731765747,156.03750610351562,0.009999999776482582,20.256500244140625,0.19699999690055847,,,,,,,,,
1786939200000,2026-08-17 04:00:00,,,,18.006500244140625,86.0,1011.5,15.628986358642578,0,2.9024126529693604,150.2552032470703,0.009999999776482582,19.85650062561035,0.19699999690055847,,,,,,,,,
1786942800000,2026-08-17 05:00:00,,,,18.006500244140625,86.0,1011.5,15.628986358642578,0,4.072935104370117,135.00010681152344,0.009999999776482582,19.556499481201172,0.1979999989271164,,,,,,,,,
1786946400000,2026-08-17 06:00:00,,,,18.806499481201172,84.0,1011.5,16.045202255249023,0,1.7999999523162842,143.13002014160156,0.029999999329447746,19.956501007080078,0.1979999989271164,,,,,,,,,
1786950000000,2026-08-17 07:00:00,,,,20.306499481201172,79.0,1011.4000244140625,16.544660568237305,0,1.1384198665618896,108.43504333496094,0.07000000774860382,20.9064998626709,0.1979999989271164,,,,,,,,,
1786953600000,2026-08-17 08:00:00,,,,20.4064998626709,81.0,1011.2000122070312,17.03600311279297,0.20000000298023224,4.510787010192871,331.3896179199219,0.07999999821186066,21.806499481201172,0.1979999989271164,,,,,,,,,
1786957200000,2026-08-17 09:00:00,,,,19.956501007080078,85.0,1010.7999877929688,17.358226776123047,0.6000000238418579,6.696386814117432,323.7460632324219,0.05999999865889549,21.706501007080078,0.1979999989271164,,,,,,,,,
1786960800000,2026-08-17 10:00:00,,,,19.506500244140625,91.0,1010.7000122070312,17.997587203979492,7.800000190734863,8.714676856994629,321.70977783203125,0.05999999865889549,21.1564998626709,0.2029999941587448,,,,,,,,,
1786964400000,2026-08-17 11:00:00,,,,19.60650062561035,87.0,1011.4000244140625,17.382801055908203,5.199999809265137,10.13769245147705,286.5044250488281,0.07999999821186066,20.9064998626709,0.23000000417232513,,,,,,,,,
1786968000000,2026-08-17 12:00:00,,,,19.60650062561035,79.0,1011.2999877929688,15.864492416381836,0,14.332340240478516,295.2776794433594,0.12999999523162842,20.85650062561035,0.24500000476837158,,,,,,,,,
1786971600000,2026-08-17 13:00:00,,,,18.85650062561035,82.0,1011.2000122070312,15.716948509216309,0.5,13.089353561401367,301.50421142578125,0.12999999523162842,20.706501007080078,0.25099998712539673,,,,,,,,,
1786975200000,2026-08-17 14:00:00,,,,18.6564998626709,78.0,1011.0999755859375,14.743542671203613,0.20000000298023224,11.966954231262207,316.21881103515625,0.10000000894069672,20.35650062561035,0.2540000081062317,,,,,,,,,
1786978800000,2026-08-17 15:00:00,,,,19.306499481201172,75.0,1011.7000122070312,14.764246940612793,0,10.4399995803833,316.3970947265625,0.10999999940395355,20.306499481201172,0.2549999952316284,,,,,,,,,
1786982400000,2026-08-17 16:00:00,,,,18.9064998626709,74.0,1011.7000122070312,14.170490264892578,0.20000000298023224,11.525623321533203,321.3401794433594,0.12999999523162842,20.456501007080078,0.2549999952316284,,,,,,,,,
1786986000000,2026-08-17 17:00:00,,,,17.85650062561035,78.0,1012.0,13.967253684997559,1.2000000476837158,8.66994857788086,311.6334533691406,0.09000000357627869,19.756500244140625,0.2549999952316284,,,,,,,,,
1786989600000,2026-08-17 18:00:00,,,,16.506500244140625,82.0,1012.2999877929688,13.42270278930664,1.899999976158142,4.198285102844238,300.96368408203125,0.05999999865889549,19.1564998626709,0.25699999928474426,,,,,,,,,
1786993200000,2026-08-17 19:00:00,,,,16.756500244140625,84.0,1012.2999877929688,14.038046836853027,0.10000000149011612,5.014219284057617,291.0375671386719,0.03999999910593033,18.6564998626709,0.25999999046325684,,,,,,,,,
1786996800000,2026-08-17 20:00:00,,,,16.306499481201172,82.0,1012.4000244140625,13.227424621582031,0,7.636752605438232,278.1300048828125,0.03999999910593033,18.256500244140625,0.2619999945163727,,,,,,,,,
1787000400000,2026-08-17 21:00:00,,,,16.006500244140625,82.0,1012.2999877929688,12.934503555297852,0.10000000149011612,5.506940841674805,281.3099060058594,0.03999999910593033,17.85650062561035,0.2630000114440918,,,,,,,,,
1787004000000,2026-08-17 22:00:00,,,,16.006500244140625,85.0,1012.2000122070312,13.485312461853027,0.4000000059604645,5.241678714752197,285.9454650878906,0.029999999329447746,17.6564998626709,0.2630000114440918,,,,,,,,,
1787007600000,2026-08-17 23:00:00,,,,15.856500625610352,87.0,1012.2000122070312,13.695584297180176,2.9000000953674316,6.130578994750977,266.63360595703125,0.029999999329447746,17.506500244140625,0.2669999897480011,,,,,,,,,
1787011200000,2026-08-18 00:00:00,,,,15.606500625610352,84.0,1012.5,12.91193675994873,0.10000000149011612,9.0,286.2602844238281,0.03999999910593033,17.256500244140625,0.25099998712539673,,,,,,,,,
1787014800000,2026-08-18 01:00:00,,,,15.556500434875488,83.0,1012.4000244140625,12.680013656616211,0,8.707237243652344,299.7447814941406,0.03999999910593033,17.10650062561035,0.25099998712539673,,,,,,,,,
1787018400000,2026-08-18 02:00:00,,,,14.906499862670898,80.0,1012.7999877929688,11.4863920211792,0,8.91318130493164,313.36346435546875,0.05000000447034836,16.85650062561035,0.25099998712539673,,,,,,,,,
1787022000000,2026-08-18 03:00:00,,,,14.756500244140625,83.0,1012.9000244140625,11.897685050964355,0,5.937272071838379,284.0362548828125,0.03999999910593033,16.556499481201172,0.25099998712539673,,,,,,,,,
1787025600000,2026-08-18 04:00:00,,,,14.706500053405762,85.0,1012.9000244140625,12.210432052612305,0,5.937272071838379,284.0362548828125,0.029999999329447746,16.35650062561035,0.25,,,,,,,,,
1787029200000,2026-08-18 05:00:00,,,,14.656499862670898,86.0,1013.0999755859375,12.33934497833252,0,8.161764144897461,311.423583984375,0.029999999329447746,16.306499481201172,0.25,,,,,,,,,
1787032800000,2026-08-18 06:00:00,,,,15.006500244140625,82.0,1013.0,11.958037376403809,0,8.496304512023926,306.38446044921875,0.05000000447034836,16.456501007080078,0.24899999797344208,,,,,,,,,
1787036400000,2026-08-18 07:00:00,,,,15.656499862670898,77.0,1012.7999877929688,11.636556625366211,0,9.339207649230957,297.552734375,0.07999999821186066,16.956501007080078,0.24899999797344208,,,,,,,,,
1787040000000,2026-08-18 08:00:00,,,,16.35650062561035,72.0,1012.7000122070312,11.297002792358398,0,9.44957160949707,287.7447509765625,0.10999999940395355,17.706501007080078,0.24799999594688416,,,,,,,,,
1787043600000,2026-08-18 09:00:00,,,,17.4064998626709,66.0,1012.4000244140625,10.988764762878418,0,7.56856632232666,272.72625732421875,0.14000001549720764,18.506500244140625,0.24699999392032623,,,,,,,,,
1787047200000,2026-08-18 10:00:00,,,,18.256500244140625,58.0,1012.2000122070312,9.853328704833984,0,7.594207286834717,275.44024658203125,0.1599999964237213,19.256500244140625,0.24699999392032623,,,,,,,,,
1787050800000,2026-08-18 11:00:00,,,,18.60650062561035,57.0,1011.7000122070312,9.921098709106445,0,8.66994857788086,274.7635498046875,0.1599999964237213,19.60650062561035,0.2460000067949295,,,,,,,,,
1787054400000,2026-08-18 12:00:00,,,,18.706501007080078,59.0,1011.2000122070312,10.531166076660156,0,7.235910415649414,264.28948974609375,0.15000000596046448,19.806499481201172,0.24500000476837158,,,,,,,,,
1787058000000,2026-08-18 13:00:00,,,,17.956501007080078,68.0,1011.0,11.964351654052734,0.6000000238418579,11.367109298706055,259.0459899902344,0.14000001549720764,19.60650062561035,0.24400000274181366,,,,,,,,,
1787061600000,2026-08-18 14:00:00,,,,17.456501007080078,71.0,1010.5,12.141629219055176,1,10.002559661865234,239.74365234375,0.12999999523162842,19.1564998626709,0.24400000274181366,,,,,,,,,
1787065200000,2026-08-18 15:00:00,,,,16.6564998626709,75.0,1009.7999877929688,12.204768180847168,0.8999999761581421,5.692099094390869,235.30477905273438,0.10999999940395355,18.756500244140625,0.24400000274181366,,,,,,,,,
1787066237299,2026-08-18 15:17:17,100.0,-138.0,-20.75,,,,,,,,,,,,,,18.82,19.07,17.31,,,
1787068800000,2026-08-18 16:00:00,,,,16.4064998626709,81.0,1009.0999755859375,13.136941909790039,0.699999988079071,6.696386814117432,233.74606323242188,0.07000000774860382,18.306499481201172,0.2460000067949295,,,,,,,,,
1787072400000,2026-08-18 17:00:00,,,,16.1564998626709,85.0,1008.7000122070312,13.632405281066895,0.6000000238418579,3.0758414268493652,159.44387817382812,0.05000000447034836,17.9064998626709,0.24699999392032623,,,,,,,,,
1787076000000,2026-08-18 18:00:00,,,,15.856500625610352,90.0,1008.5,14.218301773071289,1.2000000476837158,4.198285102844238,149.03631591796875,0.029999999329447746,17.556499481201172,0.25,,,,,,,,,
1787079600000,2026-08-18 19:00:00,,,,15.906499862670898,91.0,1008.5,14.438570976257324,0.6000000238418579,2.811689853668213,140.19447326660156,0.019999999552965164,17.35650062561035,0.2540000081062317,,,,,,,,,
1787083200000,2026-08-18 20:00:00,,,,16.1564998626709,91.0,1008.2999877929688,14.685741424560547,0,0.0,270.0,0.009999999776482582,17.206501007080078,0.25600001215934753,,,,,,,,,
1787086800000,2026-08-18 21:00:00,,,,16.6564998626709,90.0,1008.5,15.00819206237793,0.30000001192092896,3.976329803466797,275.1943359375,0.009999999776482582,17.1564998626709,0.25699999928474426,,,,,,,,,
1787090400000,2026-08-18 22:00:00,,,,17.35650062561035,88.0,1008.7000122070312,15.34858512878418,0.10000000149011612,5.091168403625488,278.1300048828125,0.009999999776482582,17.1564998626709,0.2590000033378601,,,,,,,,,
1787094000000,2026-08-18 23:00:00,,,,17.506500244140625,88.0,1008.7000122070312,15.49627685546875,0.10000000149011612,3.6712939739227295,258.6900939941406,0.009999999776482582,17.256500244140625,0.2590000033378601,,,,,,,,,
1787095039080,2026-08-18 23:17:19,100.0,-135.0,-19.25,,,,,,,,,,,34.28,42.17,43.06,,,,452.77,385.65,322.84
1787097600000,2026-08-19 00:00:00,,,,17.9064998626709,88.0,1008.4000244140625,15.890124320983887,0,4.679999828338623,270.0,0.019999999552965164,17.9064998626709,0.2709999978542328,,,,,,,,,
1787101200000,2026-08-19 01:00:00,,,,17.9064998626709,86.0,1008.2000122070312,15.530801773071289,0,5.399999618530273,270.0,0.019999999552965164,17.85650062561035,0.27000001072883606,,,,,,,,,
1787104800000,2026-08-19 02:00:00,,,,18.006500244140625,87.0,1008.4000244140625,15.80969524383545,0,4.6938252449035645,274.39862060546875,0.019999999552965164,17.9064998626709,0.27000001072883606,,,,,,,,,
1787108400000,2026-08-19 03:00:00,,,,18.056499481201172,83.0,1008.5,15.124441146850586,0,5.937272071838379,255.96372985839844,0.019999999552965164,17.9064998626709,0.27000001072883606,,,,,,,,,
1787112000000,2026-08-19 04:00:00,,,,17.706501007080078,85.0,1008.4000244140625,15.152278900146484,0,4.349896430969238,245.55606079101562,0.019999999552965164,17.85650062561035,0.27000001072883606,,,,,,,,,
1787115600000,2026-08-19 05:00:00,,,,17.706501007080078,84.0,1008.2999877929688,14.96823501586914,0,4.829906940460205,243.4350128173828,0.019999999552965164,17.756500244140625,0.26899999380111694,,,,,,,,,
1787119200000,2026-08-19 06:00:00,,,,18.206501007080078,83.0,1008.5,15.27109432220459,0,4.680000305175781,247.38009643554688,0.03999999910593033,18.006500244140625,0.26899999380111694,,,,,,,,,
1787122800000,2026-08-19 07:00:00,,,,19.306499481201172,77.0,1008.5,15.173226356506348,0,5.241678714752197,254.05453491210938,0.07999999821186066,18.556499481201172,0.26899999380111694,,,,,,,,,
1787126400000,2026-08-19 08:00:00,,,,20.4064998626709,71.0,1008.4000244140625,14.97182559967041,0,6.287129878997803,256.75946044921875,0.12999999523162842,19.456501007080078,0.2680000066757202,,,,,,,,,
1787130000000,2026-08-19 09:00:00,,,,21.756500244140625,64.0,1008.0,14.647425651550293,0,7.903619289398193,239.93150329589844,0.18000000715255737,20.60650062561035,0.2680000066757202,,,,,,,,,
1787133600000,2026-08-19 10:00:00,,,,22.60650062561035,62.0,1007.2000122070312,14.958041191101074,0,8.089993476867676,212.27561950683594,0.20000001788139343,21.506500244140625,0.2669999897480011,,,,,,,,,
1787137200000,2026-08-19 11:00:00,,,,23.256500244140625,60.0,1006.5999755859375,15.060168266296387,0,9.726663589477539,231.00900268554688,0.20000001788139343,21.956501007080078,0.26600000262260437,,,,,,,,,
1787140800000,2026-08-19 12:00:00,,,,24.206501007080078,58.0,1006.4000244140625,15.422710418701172,0,11.384198188781738,235.30477905273438,0.1899999976158142,22.4064998626709,0.26499998569488525,,,,,,,,,
1787144400000,2026-08-19 13:00:00,,,,25.006500244140625,50.0,1006.0,13.8635835647583,0,13.202726364135742,258.9964904785156,0.2199999988079071,23.006500244140625,0.26499998569488525,,,,,,,,,
1787148000000,2026-08-19 14:00:00,,,,25.60650062561035,49.0,1005.5,14.102453231811523,0,11.570514678955078,264.6442565917969,0.23000000417232513,23.60650062561035,0.2639999985694885,,,,,,,,,
1787151600000,2026-08-19 15:00:00,,,,24.706501007080078,52.0,1005.0,14.192416191101074,0,10.137691497802734,263.88458251953125,0.20000001788139343,23.806499481201172,0.2630000114440918,,,,,,,,,
1787155200000,2026-08-19 16:00:00,,,,21.556499481201172,75.0,1005.7999877929688,16.936687469482422,0.699999988079071,8.854828834533691,243.4350128173828,0.11999999731779099,22.6564998626709,0.2619999945163727,,,,,,,,,
1787158800000,2026-08-19 17:00:00,,,,21.006500244140625,83.0,1005.7999877929688,18.00819206237793,0.20000000298023224,5.154415607452393,192.09474182128906,0.07000000774860382,21.806499481201172,0.2619999945163727,,,,,,,,,
1787162400000,2026-08-19 18:00:00,,,,21.256500244140625,77.0,1005.4000244140625,17.06204605102539,0,5.991593837738037,237.2647705078125,0.05000000447034836,21.306499481201172,0.2619999945163727,,,,,,,,,
1787166000000,2026-08-19 19:00:00,,,,20.706501007080078,80.0,1005.2999877929688,17.131925582885742,0,4.33497428894043,228.36654663085938,0.05000000447034836,20.806499481201172,0.2619999945163727,,,,,,,,,
1787169600000,2026-08-19 20:00:00,,,,20.4064998626709,79.0,1005.5999755859375,16.641822814941406,0,4.198285102844238,239.0363006591797,0.029999999329447746,20.4064998626709,0.2619999945163727,,,,,,,,,
1787173200000,2026-08-19 21:00:00,,,,20.006500244140625,80.0,1005.7999877929688,16.450742721557617,0.20000000298023224,4.6102495193481445,231.3401641845703,0.019999999552965164,20.10650062561035,0.2619999945163727,,,,,,,,,
1787176800000,2026-08-19 22:00:00,,,,19.6564998626709,83.0,1005.5999755859375,16.688600540161133,0.20000000298023224,2.4149534702301025,333.4350280761719,0.009999999776482582,19.85650062561035,0.2619999945163727,,,,,,,,,
1787180400000,2026-08-19 23:00:00,,,,19.056499481201172,89.0,1005.4000244140625,17.20090675354004,1,6.7637858390808105,334.7989196777344,0.009999999776482582,19.6564998626709,0.2619999945163727,,,,,,,,,
1787184000000,2026-08-20 00:00:00,,,,18.506500244140625,93.0,1004.7999877929688,17.352693557739258,0.10000000149011612,8.534353256225586,297.6458740234375,0.009999999776482582,19.10650062561035,0.3230000138282776,,,,,,,,,
1787187600000,2026-08-20 01:00:00,,,,17.206501007080078,88.0,1004.5999755859375,15.200888633728027,0.4000000059604645,4.0249223709106445,190.30479431152344,0.029999999329447746,18.85650062561035,0.32199999690055847,,,,,,,,,
1787191200000,2026-08-20 02:00:00,,,,16.85650062561035,90.0,1004.5999755859375,15.205663681030273,0,2.545584201812744,81.86998748779297,0.009999999776482582,18.35650062561035,0.3190000057220459,,,,,,,,,
1787194800000,2026-08-20 03:00:00,,,,16.756500244140625,92.0,1005.4000244140625,15.449309349060059,0,1.1384198665618896,198.43504333496094,0,18.056499481201172,0.3160000145435333,,,,,,,,,
1787198400000,2026-08-20 04:00:00,,,,16.85650062561035,92.0,1006.0,15.548306465148926,0,0.7199999690055847,360.0,0,17.806499481201172,0.31299999356269836,,,,,,,,,
1787202000000,2026-08-20 05:00:00,,,,18.35650062561035,78.0,1007.0999755859375,14.452444076538086,0,6.519876956939697,276.340087890625,0.009999999776482582,17.806499481201172,0.3109999895095825,,,,,,,,,
1787205600000,2026-08-20 06:00:00,,,,18.756500244140625,78.0,1007.2999877929688,14.840572357177734,0,7.208993911743164,267.1376647949219,0.07000000774860382,18.206501007080078,0.3089999854564667,,,,,,,,,
1787209200000,2026-08-20 07:00:00,,,,19.756500244140625,75.0,1008.2000122070312,15.198785781860352,0,10.446206092834473,268.0251159667969,0.12999999523162842,19.10650062561035,0.3070000112056732,,,,,,,,,
1787212800000,2026-08-20 08:00:00,,,,20.60650062561035,71.0,1008.5999755859375,15.163658142089844,0,11.304228782653809,279.1622619628906,0.1899999976158142,20.006500244140625,0.3050000071525574,,,,,,,,,
1787216400000,2026-08-20 09:00:00,,,,21.60650062561035,64.0,1009.0999755859375,14.505373001098633,0,9.726664543151855,272.12103271484375,0.23999999463558197,21.256500244140625,0.3019999861717224,,,,,,,,,
1787220000000,2026-08-20 10:00:00,,,,22.506500244140625,61.0,1009.2000122070312,14.611470222473145,0,10.105681419372559,265.9144592285156,0.2800000309944153,22.4064998626709,0.30000001192092896,,,,,,,,,
1787223600000,2026-08-20 11:00:00,,,,23.806499481201172,56.0,1008.7999877929688,14.50403118133545,0,9.885261535644531,259.5085754394531,0.30000001192092896,23.806499481201172,0.2980000078678131,,,,,,,,,
1787227200000,2026-08-20 12:00:00,,,,24.806499481201172,51.0,1008.7000122070312,13.984894752502441,0,10.58791732788086,252.18101501464844,0.2800000309944153,24.60650062561035,0.29499998688697815,,,,,,,,,
1787230800000,2026-08-20 13:00:00,,,,25.9064998626709,45.0,1008.4000244140625,13.066675186157227,0,11.525623321533203,255.5296630859375,0.30000001192092896,25.60650062561035,0.2930000126361847,,,,,,,,,
1787234400000,2026-08-20 14:00:00,,,,25.85650062561035,46.0,1008.4000244140625,13.358206748962402,0,13.009902954101562,255.57919311523438,0.25,25.60650062561035,0.29100000858306885,,,,,,,,,
1787238000000,2026-08-20 15:00:00,,,,26.206501007080078,42.0,1008.2999877929688,12.28438663482666,0,14.40899658203125,257.00537109375,0.23000000417232513,25.506500244140625,0.289000004529953,,,,,,,,,
1787241600000,2026-08-20 16:00:00,,,,25.506500244140625,41.0,1008.0,11.290411949157715,0,9.904906272888184,250.90640258789062,0.1899999976158142,25.006500244140625,0.28700000047683716,,,,,,,,,
1787245200000,2026-08-20 17:00:00,,,,24.9064998626709,44.0,1008.2000122070312,11.818502426147461,0,9.832679748535156,246.25048828125,0.15000000596046448,24.4064998626709,0.28600001335144043,,,,,,,,,
1787248800000,2026-08-20 18:00:00,,,,23.256500244140625,48.0,1008.7000122070312,11.63601016998291,0,5.692099094390869,235.30477905273438,0.10000000894069672,23.4064998626709,0.2849999964237213,,,,,,,,,
1787252400000,2026-08-20 19:00:00,,,,21.1564998626709,58.0,1009.5999755859375,12.56883430480957,0,4.0249223709106445,190.30479431152344,0.03999999910593033,22.056499481201172,0.2840000092983246,,,,,,,,,
1787256000000,2026-08-20 20:00:00,,,,19.806499481201172,64.0,1009.5999755859375,12.800358772277832,0,3.3190360069274902,167.47120666503906,0.019999999552965164,20.85650062561035,0.28299999237060547,,,,,,,,,
1787259600000,2026-08-20 21:00:00,,,,18.85650062561035,70.0,1009.5999755859375,13.267215728759766,0,2.099142551422119,120.96369171142578,0.009999999776482582,19.956501007080078,0.28299999237060547,,,,,,,,,
1787263200000,2026-08-20 22:00:00,,,,18.256500244140625,74.0,1009.7000122070312,13.543752670288086,0,2.9024126529693604,119.74478912353516,0,19.256500244140625,0.28299999237060547,,,,,,,,,
1787266800000,2026-08-20 23:00:00,,,,17.256500244140625,79.0,1009.5,13.580683708190918,0,4.072935104370117,135.00010681152344,0.009999999776482582,18.6564998626709,0.28200000524520874,,,,,,,,,
1787270400000,2026-08-21 00:00:00,,,,15.906499862670898,92.0,1009.2999877929688,14.607826232910156,0,2.6208393573760986,105.94546508789062,0,17.6564998626709,0.2809999883174896,,,,,,,,,
1787274000000,2026-08-21 01:00:00,,,,15.506500244140625,97.0,1009.7999877929688,15.032050132751465,0,2.9024126529693604,97.12492370605469,0,17.1564998626709,0.2809999883174896,,,,,,,,,
1787277479976,2026-08-21 01:57:59,100.0,-135.0,-21.75,,,,,,,,,,,,,,,,,,,
1787277600000,2026-08-21 02:00:00,,,,15.156499862670898,89.0,1010.4000244140625,13.3555326461792,0,3.3190360069274902,139.39878845214844,0,16.85650062561035,0.2809999883174896,,,,,,,,,
1787281200000,2026-08-21 03:00:00,,,,14.206500053405762,92.0,1010.5,12.924779891967773,0,2.4149534702301025,153.4350128173828,0,16.456501007080078,0.2809999883174896,,,,,,,,,
1787284800000,2026-08-21 04:00:00,,,,13.456500053405762,90.0,1010.4000244140625,11.84843921661377,0,2.5199999809265137,180.0,0,15.956500053405762,0.2809999883174896,,,,,,,,,
1787288400000,2026-08-21 05:00:00,,,,13.356500625610352,92.0,1011.0,12.08321762084961,0,3.054701328277588,135.00010681152344,0.009999999776482582,15.606500625610352,0.2809999883174896,,,,,,,,,
1787292000000,2026-08-21 06:00:00,,,,15.456500053405762,83.0,1010.9000244140625,12.582225799560547,0,3.3190360069274902,130.60121154785156,0.029999999329447746,16.006500244140625,0.2809999883174896,,,,,,,,,
1787295600000,2026-08-21 07:00:00,,,,17.456501007080078,75.0,1010.7999877929688,12.977537155151367,0,4.104631423950195,105.25517272949219,0.10000000894069672,17.256500244140625,0.2809999883174896,,,,,,,,,
1787299200000,2026-08-21 08:00:00,,,,20.256500244140625,65.0,1011.0,13.464591026306152,0,1.4843180179595947,75.96372985839844,0.1899999976158142,18.85650062561035,0.2800000011920929,,,,,,,,,
1787302800000,2026-08-21 09:00:00,,,,22.4064998626709,59.0,1010.7000122070312,14.002108573913574,0,1.7999999523162842,360.0,0.2800000309944153,20.6564998626709,0.27900001406669617,,,,,,,,,
1787306400000,2026-08-21 10:00:00,,,,23.85650062561035,53.0,1010.5,13.700541496276855,0,4.349896430969238,335.5560607910156,0.33000001311302185,22.4064998626709,0.27799999713897705,,,,,,,,,
1787310000000,2026-08-21 11:00:00,,,,24.506500244140625,51.0,1010.0999755859375,13.708633422851562,0,5.804825305938721,330.2552185058594,0.3199999928474426,23.506500244140625,0.2759999930858612,,,,,,,,,
1787313600000,2026-08-21 12:00:00,,,,24.506500244140625,47.0,1009.5,12.457818031311035,0,7.594208240509033,328.57049560546875,0.3199999928474426,24.206501007080078,0.2750000059604645,,,,,,,,,
1787317200000,2026-08-21 13:00:00,,,,24.206501007080078,45.0,1009.0999755859375,11.524659156799316,0,6.119999885559082,331.9276123046875,0.2199999988079071,23.6564998626709,0.27399998903274536,,,,,,,,,
1787320800000,2026-08-21 14:00:00,,,,23.4064998626709,47.0,1008.9000244140625,11.454475402832031,0,10.188699722290039,327.9946594238281,0.1899999976158142,23.006500244140625,0.27300000190734863,,,,,,,,,
1787324400000,2026-08-21 15:00:00,,,,21.756500244140625,62.0,1009.0999755859375,14.156206130981445,0.20000000298023224,6.849466800689697,3.012732744216919,0.14000001549720764,22.35650062561035,0.27300000190734863,,,,,,,,,
1787328000000,2026-08-21 16:00:00,,,,20.1564998626709,74.0,1009.4000244140625,15.375593185424805,1.399999976158142,4.829906940460205,333.4350280761719,0.10000000894069672,21.456501007080078,0.27300000190734863,,,,,,,,,
1787331600000,2026-08-21 17:00:00,,,,18.956501007080078,77.0,1009.2999877929688,14.834163665771484,0.8999999761581421,6.369049549102783,312.7093811035156,0.10000000894069672,20.6564998626709,0.27399998903274536,,,,,,,,,
1787335200000,2026-08-21 18:00:00,,,,18.10650062561035,83.0,1009.7999877929688,15.173328399658203,0.6000000238418579,8.699792861938477,294.4439392089844,0.07000000774860382,20.006500244140625,0.2759999930858612,,,,,,,,,
1787338800000,2026-08-21 19:00:00,,,,16.456501007080078,83.0,1010.7000122070312,13.560070991516113,1.7000000476837158,8.287821769714355,304.3804016113281,0.09000000357627869,19.35650062561035,0.27799999713897705,,,,,,,,,
1787342400000,2026-08-21 20:00:00,,,,15.956500053405762,90.0,1010.7999877929688,14.317039489746094,2.5,4.829906940460205,296.5649719238281,0.03999999910593033,18.706501007080078,0.28299999237060547,,,,,,,,,
1787346000000,2026-08-21 21:00:00,,,,15.506500244140625,86.0,1010.5999755859375,13.174104690551758,1.600000023841858,5.58870267868042,284.93145751953125,0.03999999910593033,18.256500244140625,0.289000004529953,,,,,,,,,
1787349600000,2026-08-21 22:00:00,,,,15.406499862670898,87.0,1010.5999755859375,13.253056526184082,0.4000000059604645,3.2599384784698486,263.659912109375,0.029999999329447746,17.85650062561035,0.2919999957084656,,,,,,,,,
1787353200000,2026-08-21 23:00:00,,,,15.106500625610352,83.0,1010.7999877929688,12.23996353149414,0,4.104631423950195,217.8750457763672,0.019999999552965164,17.506500244140625,0.2930000126361847,,,,,,,,,
1787356800000,2026-08-22 00:00:00,,,,15.756500244140625,90.0,1010.0,14.119562149047852,0.10000000149011612,6.519876956939697,263.659912109375,0.029999999329447746,17.85650062561035,0.28999999165534973,,,,,,,,,
1787360400000,2026-08-22 01:00:00,,,,15.706500053405762,85.0,1010.5999755859375,13.191120147705078,0,6.379216194152832,253.61038208007812,0.029999999329447746,17.6564998626709,0.28999999165534973,,,,,,,,,
1787364000000,2026-08-22 02:00:00,,,,15.356500625610352,84.0,1010.4000244140625,12.66711711883545,0,4.349896430969238,245.55606079101562,0.019999999552965164,17.256500244140625,0.289000004529953,,,,,,,,,
1787367600000,2026-08-22 03:00:00,,,,14.906499862670898,85.0,1010.7000122070312,12.406575202941895,0,5.014219284057617,248.96241760253906,0.019999999552965164,16.9064998626709,0.289000004529953,,,,,,,,,
1787371200000,2026-08-22 04:00:00,,,,14.906499862670898,87.0,1010.7999877929688,12.761345863342285,0,6.162207126617432,263.2902526855469,0.019999999552965164,16.556499481201172,0.2879999876022339,,,,,,,,,
1787374800000,2026-08-22 05:00:00,,,,15.356500625610352,89.0,1011.2000122070312,13.552753448486328,0.800000011920929,6.489992141723633,273.1797790527344,0.029999999329447746,16.506500244140625,0.2879999876022339,,,,,,,,,
1787378400000,2026-08-22 06:00:00,,,,15.706500053405762,87.0,1011.7999877929688,13.548075675964355,0.699999988079071,7.072877883911133,284.7436218261719,0.03999999910593033,16.706501007080078,0.2879999876022339,,,,,,,,,
1787382000000,2026-08-22 07:00:00,,,,15.506500244140625,90.0,1012.5,13.872713088989258,4,4.802999019622803,282.99462890625,0.03999999910593033,16.806499481201172,0.29100000858306885,,,,,,,,,
1787385600000,2026-08-22 08:00:00,,,,15.506500244140625,92.0,1012.9000244140625,14.21182632446289,2.9000000953674316,4.320000171661377,270.0,0.03999999910593033,16.956501007080078,0.29600000381469727,,,,,,,,,
1787389200000,2026-08-22 09:00:00,,,,15.406499862670898,90.0,1013.7000122070312,13.773972511291504,3.5999999046325684,9.178235054016113,281.3099060058594,0.03999999910593033,16.956501007080078,0.30000001192092896,,,,,,,,,
1787392800000,2026-08-22 10:00:00,,,,15.056500434875488,87.0,1014.7999877929688,12.908862113952637,4.699999809265137,9.693296432495117,291.8014831542969,0.07999999821186066,16.85650062561035,0.3070000112056732,,,,,,,,,
1787396400000,2026-08-22 11:00:00,,,,15.606500625610352,83.0,1015.7999877929688,12.72890853881836,1.899999976158142,12.429126739501953,280.0079040527344,0.11999999731779099,17.006500244140625,0.3100000023841858,,,,,,,,,
1787400000000,2026-08-22 12:00:00,,,,16.60650062561035,75.0,1015.9000244140625,12.156471252441406,0.30000001192092896,12.0693998336792,287.3540954589844,0.20000001788139343,17.556499481201172,0.3100000023841858,,,,,,,,,
1787403600000,2026-08-22 13:00:00,,,,17.206501007080078,71.0,1016.4000244140625,11.901723861694336,0,12.371644973754883,278.36578369140625,0.23000000417232513,18.306499481201172,0.30799999833106995,,,,,,,,,
1787407200000,2026-08-22 14:00:00,,,,17.706501007080078,66.0,1016.5,11.27415657043457,0,14.058449745178223,283.3245544433594,0.27000001072883606,19.006500244140625,0.3059999942779541,,,,,,,,,
1787410800000,2026-08-22 15:00:00,,,,18.456501007080078,62.0,1016.7000122070312,11.0418119430542,0,12.758432388305664,286.3896179199219,0.23000000417232513,19.056499481201172,0.30399999022483826,,,,,,,,,
1787414400000,2026-08-22 16:00:00,,,,18.706501007080078,61.0,1016.9000244140625,11.032549858093262,0,12.496719360351562,281.63360595703125,0.21000002324581146,19.206501007080078,0.3019999861717224,,,,,,,,,
1787418000000,2026-08-22 17:00:00,,,,18.10650062561035,65.0,1017.2999877929688,11.423653602600098,0,9.779816627502441,276.340087890625,0.14000001549720764,18.9064998626709,0.3009999990463257,,,,,,,,,
1787421600000,2026-08-22 18:00:00,,,,17.10650062561035,68.0,1018.0,11.152871131896973,0,6.7637858390808105,244.7989044189453,0.07000000774860382,18.256500244140625,0.30000001192092896,,,,,,,,,
1787425200000,2026-08-22 19:00:00,,,,16.056499481201172,73.0,1018.7000122070312,11.21657657623291,0,7.2448601722717285,243.4350128173828,0.029999999329447746,17.456501007080078,0.29899999499320984,,,,,,,,,
1787428800000,2026-08-22 20:00:00,,,,15.506500244140625,77.0,1019.2000122070312,11.491182327270508,0,6.924737930297852,261.0274658203125,0.029999999329447746,17.006500244140625,0.2980000078678131,,,,,,,,,
1787432400000,2026-08-22 21:00:00,,,,14.606500625610352,79.0,1019.5,11.004631996154785,0,6.162207126617432,263.2902526855469,0.029999999329447746,16.4064998626709,0.296999990940094,,,,,,,,,
1787436000000,2026-08-22 22:00:00,,,,14.006500244140625,74.0,1019.9000244140625,9.444474220275879,0,5.447788238525391,262.40545654296875,0.019999999552965164,15.856500625610352,0.296999990940094,,,,,,,,,
1787439600000,2026-08-22 23:00:00,,,,13.406499862670898,75.0,1020.4000244140625,9.064562797546387,0,4.320000171661377,270.0,0.019999999552965164,15.306500434875488,0.29600000381469727,,,,,,,,,
1787443200000,2026-08-23 00:00:00,,,,14.156499862670898,79.0,1021.2999877929688,10.567113876342773,0,5.241678714752197,254.05453491210938,0.009999999776482582,15.956500053405762,0.30000001192092896,,,,,,,,,
1787446800000,2026-08-23 01:00:00,,,,13.456500053405762,82.0,1021.0999755859375,10.4443359375,0,4.104631423950195,254.7448272705078,0.009999999776482582,15.506500244140625,0.29899999499320984,,,,,,,,,
1787450400000,2026-08-23 02:00:00,,,,12.856500625610352,84.0,1021.2999877929688,10.21863842010498,0,4.0249223709106445,259.6952209472656,0.009999999776482582,15.106500625610352,0.2980000078678131,,,,,,,,,
1787454000000,2026-08-23 03:00:00,,,,12.356500625610352,84.0,1021.2999877929688,9.728882789611816,0,1.9386591911315918,248.1985321044922,0,14.656499862670898,0.2980000078678131,,,,,,,,,
1787457600000,2026-08-23 04:00:00,,,,12.056500434875488,84.0,1021.4000244140625,9.43502140045166,0,1.6099690198898315,243.4350128173828,0,14.106500625610352,0.296999990940094,,,,,,,,,
1787461200000,2026-08-23 05:00:00,,,,11.956500053405762,85.0,1021.7000122070312,9.513158798217773,0,1.527350664138794,224.99989318847656,0,13.806500434875488,0.296999990940094,,,,,,,,,
1787464800000,2026-08-23 06:00:00,,,,13.556500434875488,79.0,1022.0,9.983724594116211,0,2.4149534702301025,243.4350128173828,0.009999999776482582,14.206500053405762,0.29600000381469727,,,,,,,,,
1787468400000,2026-08-23 07:00:00,,,,15.206500053405762,71.0,1022.0,9.982125282287598,0,8.647496223449707,272.3858947753906,0.05999999865889549,15.456500053405762,0.29600000381469727,,,,,,,,,
1787472000000,2026-08-23 08:00:00,,,,16.556499481201172,62.0,1022.2999877929688,9.247660636901855,0,12.64107608795166,289.9831848144531,0.10999999940395355,16.9064998626709,0.29499998688697815,,,,,,,,,
1787475600000,2026-08-23 09:00:00,,,,17.35650062561035,55.0,1022.4000244140625,8.224984169006348,0,12.074766159057617,280.3047790527344,0.14000001549720764,18.056499481201172,0.2939999997615814,,,,,,,,,
1787479200000,2026-08-23 10:00:00,,,,18.306499481201172,50.0,1022.4000244140625,7.702650547027588,0,12.783802032470703,279.7275085449219,0.1599999964237213,19.10650062561035,0.2930000126361847,,,,,,,,,
1787482800000,2026-08-23 11:00:00,,,,18.85650062561035,47.0,1022.2999877929688,7.300339698791504,0,11.96695327758789,291.16131591796875,0.17000000178813934,19.9064998626709,0.2919999957084656,,,,,,,,,
1787486400000,2026-08-23 12:00:00,,,,19.35650062561035,43.0,1022.0999755859375,6.457831382751465,0,14.332340240478516,295.2776794433594,0.1599999964237213,20.35650062561035,0.29100000858306885,,,,,,,,,
1787490000000,2026-08-23 13:00:00,,,,19.506500244140625,40.0,1022.0999755859375,5.545745372772217,0,11.269782066345215,296.5649719238281,0.15000000596046448,20.556499481201172,0.28999999165534973,,,,,,,,,
1787493600000,2026-08-23 14:00:00,,,,20.1564998626709,40.0,1021.9000244140625,6.128380298614502,0,9.064568519592285,263.1573181152344,0.1599999964237213,20.9064998626709,0.289000004529953,,,,,,,,,
1787497200000,2026-08-23 15:00:00,,,,20.1564998626709,40.0,1021.7999877929688,6.128380298614502,0,14.081477165222168,302.4711608886719,0.15000000596046448,21.256500244140625,0.2879999876022339,,,,,,,,,
1787500800000,2026-08-23 16:00:00,,,,19.706501007080078,41.0,1021.7999877929688,6.082278728485107,0,10.883675575256348,304.21575927734375,0.12999999523162842,21.1564998626709,0.28700000047683716,,,,,,,,,
1787504400000,2026-08-23 17:00:00,,,,19.1564998626709,43.0,1021.7000122070312,6.277000427246094,0,8.43506908416748,309.8055114746094,0.09000000357627869,20.556499481201172,0.28600001335144043,,,,,,,,,
1787508000000,2026-08-23 18:00:00,,,,18.206501007080078,50.0,1021.9000244140625,7.610602855682373,0,6.287129878997803,293.62939453125,0.05000000447034836,19.556499481201172,0.2849999964237213,,,,,,,,,
1787511600000,2026-08-23 19:00:00,,,,16.6564998626709,57.0,1022.0999755859375,8.097955703735352,0,3.545588731765747,246.03750610351562,0.029999999329447746,18.456501007080078,0.2849999964237213,,,,,,,,,
1787515200000,2026-08-23 20:00:00,,,,15.506500244140625,61.0,1022.2999877929688,8.016352653503418,0,3.3190360069274902,220.60121154785156,0.009999999776482582,17.506500244140625,0.2849999964237213,,,,,,,,,
1787518800000,2026-08-23 21:00:00,,,,14.356500625610352,66.0,1022.4000244140625,8.086390495300293,0,2.6208393573760986,164.05453491210938,0.009999999776482582,16.6564998626709,0.2849999964237213,,,,,,,,,
1787522400000,2026-08-23 22:00:00,,,,12.906499862670898,75.0,1022.7000122070312,8.58133602142334,0,2.6208393573760986,105.94546508789062,0.009999999776482582,15.856500625610352,0.2840000092983246,,,,,,,,,
1787526000000,2026-08-23 23:00:00,,,,11.956500053405762,79.0,1022.9000244140625,8.427835464477539,0,2.3051247596740723,141.3401641845703,0.009999999776482582,15.106500625610352,0.2840000092983246,,,,,,,,,
1787529600000,2026-08-24 00:00:00,,,,8.456500053405762,99.0,1023.0,8.308187484741211,0,2.6208393573760986,105.94546508789062,0,12.856500625610352,0.2919999957084656,,,,,,,,,
1787533200000,2026-08-24 01:00:00,,,,7.906499862670898,100.0,1022.9000244140625,7.906500339508057,0,1.9386591911315918,111.80147552490234,0,12.356500625610352,0.2919999957084656,,,,,,,,,
1787536800000,2026-08-24 02:00:00,,,,7.906499862670898,99.0,1023.2000122070312,7.758834362030029,0,1.4399999380111694,90.0,0,12.006500244140625,0.2919999957084656,,,,,,,,,
1787540400000,2026-08-24 03:00:00,,,,7.9564995765686035,99.0,1023.2000122070312,7.808774948120117,0,1.527350664138794,135.00010681152344,0,11.756500244140625,0.29100000858306885,,,,,,,,,
1787544000000,2026-08-24 04:00:00,,,,7.606499671936035,99.0,1023.2000122070312,7.459187030792236,0,1.4843180179595947,104.03627014160156,0,11.406499862670898,0.29100000858306885,,,,,,,,,
1787547600000,2026-08-24 05:00:00,,,,8.106500625610352,99.0,1023.5,7.958598613739014,0,1.0800000429153442,90.0,0,11.256500244140625,0.29100000858306885,,,,,,,,,
1787551200000,2026-08-24 06:00:00,,,,10.856500625610352,91.0,1023.7000122070312,9.445113182067871,0,0.5091168880462646,44.99989700317383,0.009999999776482582,11.656499862670898,0.29100000858306885,,,,,,,,,
1787554800000,2026-08-24 07:00:00,,,,13.456500053405762,72.0,1023.7000122070312,8.508419036865234,0,2.099142551422119,329.03631591796875,0.05999999865889549,12.956500053405762,0.29100000858306885,,,,,,,,,
1787558400000,2026-08-24 08:00:00,,,,15.356500625610352,67.0,1023.9000244140625,9.261445999145508,0,5.623379707336426,320.1944885253906,0.10999999940395355,14.806500434875488,0.28999999165534973,,,,,,,,,
1787562000000,2026-08-24 09:00:00,,,,16.706501007080078,62.0,1023.7999877929688,9.389333724975586,0,5.804825305938721,299.7447814941406,0.1599999964237213,16.6564998626709,0.289000004529953,,,,,,,,,
1787565600000,2026-08-24 10:00:00,,,,17.956501007080078,55.0,1023.0999755859375,8.783595085144043,0,5.86037540435791,312.5104064941406,0.21000002324581146,18.4064998626709,0.2879999876022339,,,,,,,,,
1787569200000,2026-08-24 11:00:00,,,,18.9064998626709,48.0,1022.7999877929688,7.654532432556152,0,7.199999809265137,323.1300048828125,0.23000000417232513,19.6564998626709,0.28700000047683716,,,,,,,,,
1787572800000,2026-08-24 12:00:00,,,,19.6564998626709,46.0,1022.7000122070312,7.71511173248291,0,5.9044389724731445,322.43133544921875,0.2199999988079071,20.4064998626709,0.28600001335144043,,,,,,,,,
1787576400000,2026-08-24 13:00:00,,,,20.206501007080078,44.0,1022.5,7.562793254852295,0,5.804825305938721,352.87506103515625,0.2199999988079071,21.10650062561035,0.2840000092983246,,,,,,,,,
1787580000000,2026-08-24 14:00:00,,,,20.206501007080078,47.0,1022.0999755859375,8.533552169799805,0,7.56856632232666,2.7262611389160156,0.20000001788139343,21.306499481201172,0.28299999237060547,,,,,,,,,
1787583600000,2026-08-24 15:00:00,,,,20.256500244140625,47.0,1021.5,8.57921314239502,0,6.92473840713501,27.897186279296875,0.17000000178813934,21.206501007080078,0.28200000524520874,,,,,,,,,
1787587200000,2026-08-24 16:00:00,,,,19.85650062561035,50.0,1020.7000122070312,9.129081726074219,0,9.028754234313965,23.498586654663086,0.14000001549720764,20.85650062561035,0.2809999883174896,,,,,,,,,
1787590800000,2026-08-24 17:00:00,,,,19.206501007080078,53.0,1020.5,9.3948392868042,0,4.6102495193481445,38.659828186035156,0.09000000357627869,20.10650062561035,0.2809999883174896,,,,,,,,,
1787594218185,2026-08-24 17:56:58,100.0,-135.0,-20.0,,,,,,,,,,,40.75,42.69,42.54,,,,464.99,387.01,321.6
1787594400000,2026-08-24 18:00:00,,,,17.706501007080078,62.0,1020.2999877929688,10.333683967590332,0,4.510787010192871,61.389644622802734,0.03999999910593033,19.1564998626709,0.2800000011920929,,,,,,,,,
1787598000000,2026-08-24 19:00:00,,,,15.906499862670898,67.0,1020.5999755859375,9.78577709197998,0,2.6208393573760986,105.94546508789062,0.019999999552965164,17.956501007080078,0.2800000011920929,,,,,,,,,
1787601600000,2026-08-24 20:00:00,,,,14.556500434875488,71.0,1020.4000244140625,9.358126640319824,0,2.1897945404052734,80.53775024414062,0.009999999776482582,16.85650062561035,0.2800000011920929,,,,,,,,,
1787605200000,2026-08-24 21:00:00,,,,13.506500244140625,75.0,1020.4000244140625,9.161205291748047,0,2.1897945404052734,80.53775024414062,0,15.856500625610352,0.2800000011920929,,,,,,,,,
1787608800000,2026-08-24 22:00:00,,,,12.456500053405762,81.0,1020.2000122070312,9.285133361816406,0,1.9386591911315918,111.80147552490234,0,15.056500434875488,0.2800000011920929,,,,,,,,,
1787612400000,2026-08-24 23:00:00,,,,11.856500625610352,84.0,1019.9000244140625,9.23910903930664,0,2.1897945404052734,80.53775024414062,0,14.306500434875488,0.2800000011920929,,,,,,,,,
1787616000000,2026-08-25 00:00:00,,,,11.606500625610352,86.0,1018.2000122070312,9.343632698059082,0,2.545584201812744,171.86997985839844,0,14.256500244140625,0.2849999964237213,,,,,,,,,
1787619600000,2026-08-25 01:00:00,,,,11.206500053405762,86.0,1018.2000122070312,8.950702667236328,0,2.3051247596740723,128.6598358154297,0,13.906499862670898,0.2849999964237213,,,,,,,,,
1787623200000,2026-08-25 02:00:00,,,,11.006500244140625,90.0,1018.2999877929688,9.428916931152344,0,2.1897945404052734,80.53775024414062,0,13.556500434875488,0.2849999964237213,,,,,,,,,
1787626800000,2026-08-25 03:00:00,,,,10.706500053405762,88.0,1017.9000244140625,8.799453735351562,0,2.545584201812744,171.86997985839844,0,13.206500053405762,0.2849999964237213,,,,,,,,,
1787630400000,2026-08-25 04:00:00,,,,10.256500244140625,92.0,1017.7999877929688,9.013744354248047,0,1.4843180179595947,104.03627014160156,0,12.956500053405762,0.2849999964237213,,,,,,,,,
1787634000000,2026-08-25 05:00:00,,,,10.356500625610352,92.0,1017.0999755859375,9.11276626586914,0,1.0800000429153442,180.0,0,12.756500244140625,0.2849999964237213,,,,,,,,,
1787637600000,2026-08-25 06:00:00,,,,12.356500625610352,84.0,1017.0999755859375,9.728882789611816,0,2.1897945404052734,189.46224975585938,0.009999999776482582,13.056500434875488,0.2849999964237213,,,,,,,,,
1787641200000,2026-08-25 07:00:00,,,,14.256500244140625,76.0,1016.7999877929688,10.083939552307129,0,1.1384198665618896,161.56495666503906,0.03999999910593033,14.056500434875488,0.2849999964237213,,,,,,,,,
1787644800000,2026-08-25 08:00:00,,,,17.056499481201172,69.0,1016.5,11.325448989868164,0,2.2768397331237793,71.5649642944336,0.07000000774860382,15.606500625610352,0.2840000092983246,,,,,,,,,
1787648400000,2026-08-25 09:00:00,,,,19.056499481201172,63.0,1016.2000122070312,11.85067367553711,0,9.178235054016113,78.69010162353516,0.10999999940395355,17.706501007080078,0.2840000092983246,,,,,,,,,
1787652000000,2026-08-25 10:00:00,,,,20.60650062561035,59.0,1015.9000244140625,12.313926696777344,0,10.390226364135742,75.96372985839844,0.14000001549720764,19.4064998626709,0.28299999237060547,,,,,,,,,
1787655600000,2026-08-25 11:00:00,,,,21.956501007080078,53.0,1015.2999877929688,11.941912651062012,0,11.384199142456055,71.5649642944336,0.17000000178813934,20.9064998626709,0.28299999237060547,,,,,,,,,
1787659200000,2026-08-25 12:00:00,,,,22.506500244140625,51.0,1015.2999877929688,11.866256713867188,0,10.661107063293457,78.31066131591797,0.1599999964237213,21.506500244140625,0.28200000524520874,,,,,,,,,
1787662800000,2026-08-25 13:00:00,,,,23.006500244140625,50.0,1015.4000244140625,12.025837898254395,0,11.01388168334961,78.69010162353516,0.15000000596046448,21.956501007080078,0.2809999883174896,,,,,,,,,
1787666400000,2026-08-25 14:00:00,,,,23.306499481201172,48.0,1015.2999877929688,11.681739807128906,0,11.792404174804688,77.66093444824219,0.14000001549720764,22.206501007080078,0.2800000011920929,,,,,,,,,
1787670000000,2026-08-25 15:00:00,,,,23.056499481201172,47.0,1015.0999755859375,11.135151863098145,0,12.727921485900879,81.86998748779297,0.12999999523162842,22.35650062561035,0.2800000011920929,,,,,,,,,
1787673600000,2026-08-25 16:00:00,,,,22.056499481201172,45.0,1015.0,9.573119163513184,0,11.54247760772705,86.42374420166016,0.10000000894069672,21.9064998626709,0.27900001406669617,,,,,,,,,
1787677200000,2026-08-25 17:00:00,,,,20.756500244140625,49.0,1015.4000244140625,9.655495643615723,0,9.746630668640137,94.23632049560547,0.05999999865889549,21.1564998626709,0.27900001406669617,,,,,,,,,
1787680800000,2026-08-25 18:00:00,,,,19.456501007080078,57.0,1016.0,10.7155179977417,0,9.53150463104248,100.88548278808594,0.03999999910593033,20.35650062561035,0.27799999713897705,,,,,,,,,
1787684400000,2026-08-25 19:00:00,,,,18.506500244140625,61.0,1016.7000122070312,10.844096183776855,0,6.608721733093262,119.357666015625,0.029999999329447746,19.60650062561035,0.27799999713897705,,,,,,,,,
1787688000000,2026-08-25 20:00:00,,,,17.9064998626709,64.0,1016.7000122070312,10.99995231628418,0,4.349896430969238,114.4439468383789,0.019999999552965164,19.056499481201172,0.27799999713897705,,,,,,,,,
1787691600000,2026-08-25 21:00:00,,,,17.4064998626709,65.0,1016.7999877929688,10.758974075317383,0,3.8773183822631836,111.80147552490234,0.019999999552965164,18.60650062561035,0.27799999713897705,,,,,,,,,
1787695200000,2026-08-25 22:00:00,,,,16.956501007080078,70.0,1017.2000122070312,11.447168350219727,0,2.545584201812744,135.00010681152344,0.019999999552965164,18.206501007080078,0.27799999713897705,,,,,,,,,
1787698800000,2026-08-25 23:00:00,,,,16.206501007080078,77.0,1017.5,12.169583320617676,0.4000000059604645,2.099142551422119,120.96369171142578,0.009999999776482582,17.806499481201172,0.27799999713897705,,,,,,,,,
1787702400000,2026-08-26 00:00:00,,,,15.706500053405762,76.0,1017.5999755859375,11.487163543701172,0.699999988079071,2.099142551422119,120.96369171142578,0.009999999776482582,18.256500244140625,0.27900001406669617,,,,,,,,,
1787706000000,2026-08-26 01:00:00,,,,15.556500434875488,79.0,1018.2000122070312,11.928207397460938,0.30000001192092896,1.4843180179595947,104.03627014160156,0.009999999776482582,17.956501007080078,0.27900001406669617,,,,,,,,,
1787709600000,2026-08-26 02:00:00,,,,15.306500434875488,82.0,1018.7999877929688,12.250986099243164,0.30000001192092896,1.4843180179595947,14.036274909973145,0.009999999776482582,17.6564998626709,0.27900001406669617,,,,,,,,,
1787713200000,2026-08-26 03:00:00,,,,14.756500244140625,88.0,1018.7999877929688,12.78832721710205,1.2999999523162842,2.741678237915039,66.80138397216797,0.009999999776482582,17.4064998626709,0.2800000011920929,,,,,,,,,
1787716800000,2026-08-26 04:00:00,,,,14.506500244140625,90.0,1018.5999755859375,12.885286331176758,1.600000023841858,2.545584201812744,81.86998748779297,0.009999999776482582,17.10650062561035,0.2840000092983246,,,,,,,,,
1787720400000,2026-08-26 05:00:00,,,,14.556500434875488,90.0,1018.9000244140625,12.934660911560059,0.8999999761581421,3.239999771118164,90.0,0.009999999776482582,16.9064998626709,0.2930000126361847,,,,,,,,,
1787724000000,2026-08-26 06:00:00,,,,14.656499862670898,90.0,1019.2000122070312,13.033402442932129,1.600000023841858,2.9024126529693604,119.74478912353516,0.009999999776482582,16.756500244140625,0.3009999990463257,,,,,,,,,
1787727600000,2026-08-26 07:00:00,,,,15.106500625610352,88.0,1019.4000244140625,13.133002281188965,0.30000001192092896,2.1897945404052734,99.46224975585938,0.029999999329447746,16.9064998626709,0.3089999854564667,,,,,,,,,
1787731200000,2026-08-26 08:00:00,,,,15.706500053405762,86.0,1019.7999877929688,13.370511054992676,0.10000000149011612,2.9024126529693604,119.74478912353516,0.029999999329447746,17.006500244140625,0.3109999895095825,,,,,,,,,
1787734800000,2026-08-26 09:00:00,,,,16.6564998626709,82.0,1020.0,13.569158554077148,0.10000000149011612,3.6712939739227295,101.30989837646484,0.029999999329447746,17.10650062561035,0.31200000643730164,,,,,,,,,
1787738400000,2026-08-26 10:00:00,,,,17.006500244140625,81.0,1020.0,13.72189712524414,0.20000000298023224,4.679999828338623,90.0,0.029999999329447746,17.306499481201172,0.3109999895095825,,,,,,,,,
1787742000000,2026-08-26 11:00:00,,,,16.9064998626709,85.0,1020.0999755859375,14.367847442626953,0.30000001192092896,4.0249223709106445,79.6952133178711,0.03999999910593033,17.506500244140625,0.3100000023841858,,,,,,,,,
1787745600000,2026-08-26 12:00:00,,,,17.506500244140625,82.0,1020.0999755859375,14.399038314819336,0,5.154415607452393,77.90525817871094,0.03999999910593033,17.706501007080078,0.3100000023841858,,,,,,,,,
1787749200000,2026-08-26 13:00:00,,,,17.806499481201172,81.0,1020.2000122070312,14.501784324645996,0.10000000149011612,5.052840709686279,94.08554077148438,0.03999999910593033,17.85650062561035,0.3089999854564667,,,,,,,,,
1787752800000,2026-08-26 14:00:00,,,,18.956501007080078,76.0,1020.0999755859375,14.631390571594238,0,6.924737930297852,98.97254943847656,0.07000000774860382,18.256500244140625,0.30799999833106995,,,,,,,,,
1787756400000,2026-08-26 15:00:00,,,,19.4064998626709,72.0,1019.9000244140625,14.228508949279785,0,8.049844741821289,100.3047866821289,0.09000000357627869,18.806499481201172,0.3059999942779541,,,,,,,,,
1787760000000,2026-08-26 16:00:00,,,,19.556499481201172,73.0,1019.5,14.586188316345215,0,8.31124496459961,107.65021514892578,0.07999999821186066,19.056499481201172,0.3050000071525574,,,,,,,,,
1787763600000,2026-08-26 17:00:00,,,,19.306499481201172,74.0,1019.2999877929688,14.556145668029785,0,6.830519199371338,108.43504333496094,0.05000000447034836,19.056499481201172,0.30300000309944153,,,,,,,,,
1787767200000,2026-08-26 18:00:00,,,,18.1564998626709,80.0,1019.5999755859375,14.650248527526855,0,4.802999019622803,102.99462127685547,0.019999999552965164,18.706501007080078,0.3019999861717224,,,,,,,,,
1787770800000,2026-08-26 19:00:00,,,,16.806499481201172,85.0,1019.9000244140625,14.269790649414062,0,3.6712939739227295,101.30989837646484,0,18.056499481201172,0.3009999990463257,,,,,,,,,
1787774400000,2026-08-26 20:00:00,,,,15.656499862670898,88.0,1019.9000244140625,13.67461109161377,0,3.3190360069274902,130.60121154785156,0,17.4064998626709,0.30000001192092896,,,,,,,,,
1787778000000,2026-08-26 21:00:00,,,,14.806500434875488,92.0,1019.9000244140625,13.51880931854248,0,4.33497428894043,138.36654663085938,0,16.806499481201172,0.29899999499320984,,,,,,,,,
1787781600000,2026-08-26 22:00:00,,,,14.256500244140625,93.0,1020.0999755859375,13.139808654785156,0,3.8939952850341797,123.69010162353516,0,16.306499481201172,0.29899999499320984,,,,,,,,,
1787785200000,2026-08-26 23:00:00,,,,13.656499862670898,93.0,1020.0999755859375,12.544999122619629,0,3.826852560043335,131.18582153320312,0,15.856500625610352,0.2980000078678131,,,,,,,,,
1787788800000,2026-08-27 00:00:00,,,,13.606500625610352,97.0,1018.7999877929688,13.138993263244629,0,3.096837043762207,144.4622344970703,0,15.856500625610352,0.29899999499320984,,,,,,,,,
1787792400000,2026-08-27 01:00:00,,,,13.706500053405762,95.0,1019.2000122070312,12.919581413269043,0,3.096837043762207,144.4622344970703,0,15.506500244140625,0.29899999499320984,,,,,,,,,
1787796000000,2026-08-27 02:00:00,,,,13.406499862670898,95.0,1018.7999877929688,12.621416091918945,0,3.7585103511810303,163.30067443847656,0,15.206500053405762,0.29899999499320984,,,,,,,,,
1787799600000,2026-08-27 03:00:00,,,,13.506500244140625,90.0,1018.7000122070312,11.897811889648438,0,4.198285102844238,149.03631591796875,0,14.906499862670898,0.2980000078678131,,,,,,,,,
1787803200000,2026-08-27 04:00:00,,,,13.156499862670898,87.0,1018.4000244140625,11.04023551940918,0,4.510787010192871,151.38963317871094,0,14.656499862670898,0.2980000078678131,,,,,,,,,
1787806800000,2026-08-27 05:00:00,,,,13.206500053405762,87.0,1018.4000244140625,11.089411735534668,0,4.0249223709106445,153.4350128173828,0,14.406499862670898,0.296999990940094,,,,,,,,,
1787810400000,2026-08-27 06:00:00,,,,14.956500053405762,81.0,1018.5,11.723158836364746,0,4.693825721740723,147.52882385253906,0.019999999552965164,14.706500053405762,0.296999990940094,,,,,,,,,
1787814000000,2026-08-27 07:00:00,,,,18.056499481201172,72.0,1018.2999877929688,12.931119918823242,0,6.618518829345703,135.00010681152344,0.07000000774860382,15.856500625610352,0.296999990940094,,,,,,,,,
1787817600000,2026-08-27 08:00:00,,,,20.806499481201172,63.0,1018.2999877929688,13.505468368530273,0,10.495713233947754,120.96369171142578,0.1599999964237213,17.60650062561035,0.29600000381469727,,,,,,,,,
1787821200000,2026-08-27 09:00:00,,,,22.9064998626709,59.0,1018.0,14.47092056274414,0,11.792404174804688,121.263671875,0.21000002324581146,19.456501007080078,0.29499998688697815,,,,,,,,,
1787824800000,2026-08-27 10:00:00,,,,24.556499481201172,54.0,1017.5999755859375,14.637630462646484,0,12.287554740905762,121.82740783691406,0.23999999463558197,21.306499481201172,0.2939999997615814,,,,,,,,,
1787828400000,2026-08-27 11:00:00,,,,26.056499481201172,50.0,1017.2000122070312,14.827939987182617,0,12.727921485900879,118.73970031738281,0.23999999463558197,23.006500244140625,0.2930000126361847,,,,,,,,,
1787832000000,2026-08-27 12:00:00,,,,27.256500244140625,47.0,1016.7999877929688,14.96454906463623,0,11.681986808776855,123.69009399414062,0.23999999463558197,24.4064998626709,0.29100000858306885,,,,,,,,,
1787835600000,2026-08-27 13:00:00,,,,27.956501007080078,44.0,1016.2999877929688,14.57629108428955,0,12.229406356811523,132.61402893066406,0.2199999988079071,25.456501007080078,0.28999999165534973,,,,,,,,,
1787839200000,2026-08-27 14:00:00,,,,28.306499481201172,42.0,1015.5999755859375,14.172063827514648,0,13.089353561401367,121.50421142578125,0.1899999976158142,26.006500244140625,0.289000004529953,,,,,,,,,
1787842800000,2026-08-27 15:00:00,,,,28.256500244140625,41.0,1015.5,13.75562858581543,0,12.889809608459473,125.9098129272461,0.1599999964237213,25.9064998626709,0.2879999876022339,,,,,,,,,
1787846400000,2026-08-27 16:00:00,,,,27.956501007080078,41.0,1015.0,13.48682975769043,0,12.261157035827637,130.2362823486328,0.14000001549720764,25.556499481201172,0.28700000047683716,,,,,,,,,
1787850000000,2026-08-27 17:00:00,,,,27.006500244140625,44.0,1014.7000122070312,13.717634201049805,0,10.495713233947754,120.96369171142578,0.10000000894069672,24.9064998626709,0.28700000047683716,,,,,,,,,
1787853600000,2026-08-27 18:00:00,,,,25.006500244140625,51.0,1014.5,14.16905689239502,0,8.55710220336914,112.24907684326172,0.05999999865889549,23.956501007080078,0.28600001335144043,,,,,,,,,
1787857200000,2026-08-27 19:00:00,,,,22.9064998626709,58.0,1014.7999877929688,14.206562995910645,0,7.4215898513793945,112.83369445800781,0.03999999910593033,22.85650062561035,0.28600001335144043,,,,,,,,,
1787860800000,2026-08-27 20:00:00,,,,21.706501007080078,63.0,1014.7000122070312,14.35627269744873,0,8.396570205688477,120.96369171142578,0.029999999329447746,21.956501007080078,0.28600001335144043,,,,,,,,,
1787864400000,2026-08-27 21:00:00,,,,21.256500244140625,62.0,1014.2000122070312,13.684471130371094,0,10.883675575256348,124.21575164794922,0.029999999329447746,21.256500244140625,0.2849999964237213,,,,,,,,,
1787868000000,2026-08-27 22:00:00,,,,20.706501007080078,61.0,1013.5,12.916572570800781,0,11.304228782653809,127.23491668701172,0.029999999329447746,20.706501007080078,0.2849999964237213,,,,,,,,,
1787871600000,2026-08-27 23:00:00,,,,20.4064998626709,61.0,1013.4000244140625,12.634020805358887,0,11.304228782653809,127.23491668701172,0.029999999329447746,20.306499481201172,0.2849999964237213,,,,,,,,,
1787875200000,2026-08-28 00:00:00,,,,21.056499481201172,60.0,1012.7000122070312,12.992985725402832,0,11.681986808776855,123.69009399414062,0.029999999329447746,20.60650062561035,0.28600001335144043,,,,,,,,,
1787878800000,2026-08-28 01:00:00,,,,20.706501007080078,59.0,1013.0,12.407732009887695,0,10.188699722290039,122.0053482055664,0.03999999910593033,20.206501007080078,0.28600001335144043,,,,,,,,,
1787882400000,2026-08-28 02:00:00,,,,20.456501007080078,57.0,1012.2999877929688,11.649909019470215,0,11.090103149414062,125.75397491455078,0.03999999910593033,19.9064998626709,0.28600001335144043,,,,,,,,,
1787886000000,2026-08-28 03:00:00,,,,20.056499481201172,59.0,1011.4000244140625,11.797944068908691,0,10.739831924438477,129.55963134765625,0.03999999910593033,19.6564998626709,0.28600001335144043,,,,,,,,,
1787889600000,2026-08-28 04:00:00,,,,19.9064998626709,61.0,1011.2000122070312,12.16305923461914,0,9.686609268188477,131.9871368408203,0.029999999329447746,19.4064998626709,0.28600001335144043,,,,,,,,,
1787893200000,2026-08-28 05:00:00,,,,20.306499481201172,61.0,1010.5999755859375,12.539833068847656,0,11.592893600463867,126.15827941894531,0.03999999910593033,19.35650062561035,0.28600001335144043,,,,,,,,,
1787896800000,2026-08-28 06:00:00,,,,20.056499481201172,67.0,1011.2999877929688,13.740409851074219,0,3.6712939739227295,191.3098907470703,0.03999999910593033,19.506500244140625,0.2849999964237213,,,,,,,,,
1787900400000,2026-08-28 07:00:00,,,,21.35650062561035,62.0,1010.7999877929688,13.778824806213379,0,10.464797019958496,130.8149871826172,0.07000000774860382,20.006500244140625,0.2849999964237213,,,,,,,,,
1787904000000,2026-08-28 08:00:00,,,,21.956501007080078,67.0,1013.2999877929688,15.549968719482422,0,3.415259599685669,198.43504333496094,0.09000000357627869,20.706501007080078,0.2849999964237213,,,,,,,,,
1787907600000,2026-08-28 09:00:00,,,,23.006500244140625,62.0,1011.5999755859375,15.335319519042969,0,12.0693998336792,107.35411071777344,0.10999999940395355,21.456501007080078,0.2849999964237213,,,,,,,,,
1787911200000,2026-08-28 10:00:00,,,,22.806499481201172,63.0,1011.5999755859375,15.395918846130371,0,13.276144027709961,139.39878845214844,0.15000000596046448,22.10650062561035,0.2840000092983246,,,,,,,,,
1787914800000,2026-08-28 11:00:00,,,,25.1564998626709,55.0,1010.5,15.479894638061523,0,13.044721603393555,140.599365234375,0.1599999964237213,22.85650062561035,0.2840000092983246,,,,,,,,,
1787918400000,2026-08-28 12:00:00,,,,27.506500244140625,52.0,1010.2000122070312,16.77576446533203,0,13.493998527526855,136.08084106445312,0.23000000417232513,24.85650062561035,0.28299999237060547,,,,,,,,,
1787922000000,2026-08-28 13:00:00,,,,28.1564998626709,50.0,1010.2000122070312,16.755718231201172,0,10.315114974975586,150.7512664794922,0.1899999976158142,25.6564998626709,0.28200000524520874,,,,,,,,,
1787925600000,2026-08-28 14:00:00,,,,28.1564998626709,57.0,1010.5999755859375,18.836790084838867,0.10000000149011612,7.952659606933594,264.8056640625,0.14000001549720764,25.85650062561035,0.28200000524520874,,,,,,,,,
1787929200000,2026-08-28 15:00:00,,,,24.60650062561035,68.0,1011.7999877929688,18.308794021606445,0.5,9.983105659484863,244.35903930664062,0.11999999731779099,25.056499481201172,0.2809999883174896,,,,,,,,,
1787932800000,2026-08-28 16:00:00,,,,22.256500244140625,80.0,1010.5999755859375,18.640071868896484,1.2999999523162842,9.0,163.73971557617188,0.10000000894069672,23.60650062561035,0.28200000524520874,,,,,,,,,
1787936400000,2026-08-28 17:00:00,,,,21.756500244140625,85.0,1009.7000122070312,19.122713088989258,0.4000000059604645,6.792466163635254,147.99465942382812,0.05999999865889549,22.6564998626709,0.2840000092983246,,,,,,,,,
1787940000000,2026-08-28 18:00:00,,,,21.256500244140625,86.0,1010.2999877929688,18.81969451904297,0.10000000149011612,7.704335689544678,127.40543365478516,0.029999999329447746,22.006500244140625,0.28600001335144043,,,,,,,,,
1787943600000,2026-08-28 19:00:00,,,,20.706501007080078,86.0,1011.4000244140625,18.279783248901367,0.20000000298023224,3.3190360069274902,130.60121154785156,0.019999999552965164,21.456501007080078,0.28700000047683716,,,,,,,,,
1787947200000,2026-08-28 20:00:00,,,,20.306499481201172,86.0,1011.5999755859375,17.887100219726562,0,3.396233081817627,147.99465942382812,0.019999999552965164,21.056499481201172,0.28700000047683716,,,,,,,,,
1787950800000,2026-08-28 21:00:00,,,,19.9064998626709,87.0,1011.2999877929688,17.677736282348633,0.20000000298023224,5.447788238525391,172.4054412841797,0.019999999552965164,20.6564998626709,0.2879999876022339,,,,,,,,,
1787954400000,2026-08-28 22:00:00,,,,19.6564998626709,86.0,1011.9000244140625,17.248973846435547,0,4.510787010192871,151.38963317871094,0.019999999552965164,20.35650062561035,0.2879999876022339,,,,,,,,,
1787958000000,2026-08-28 23:00:00,,,,19.056499481201172,91.0,1012.2000122070312,17.55274200439453,2,6.119999885559082,118.07239532470703,0.019999999552965164,20.10650062561035,0.289000004529953,,,,,,,,,
1787961600000,2026-08-29 00:00:00,,,,18.006500244140625,80.0,1012.7000122070312,14.504250526428223,1.5,8.654986381530762,163.07240295410156,0.09000000357627869,19.6564998626709,0.28600001335144043,,,,,,,,,
1787965200000,2026-08-29 01:00:00,,,,18.1564998626709,79.0,1012.7000122070312,14.455400466918945,0.30000001192092896,3.8773183822631836,158.1985321044922,0.05000000447034836,19.10650062561035,0.28999999165534973,,,,,,,,,
1787968800000,2026-08-29 02:00:00,,,,18.9064998626709,74.0,1012.7000122070312,14.170490264892578,0.10000000149011612,3.826852560043335,221.18582153320312,0.05000000447034836,18.85650062561035,0.2919999957084656,,,,,,,,,
1787972400000,2026-08-29 03:00:00,,,,18.60650062561035,74.0,1012.7999877929688,13.881237030029297,0,10.805997848510742,240.01844787597656,0.05000000447034836,18.6564998626709,0.2930000126361847,,,,,,,,,
1787976000000,2026-08-29 04:00:00,,,,18.006500244140625,75.0,1013.0999755859375,13.508766174316406,0,11.275529861450195,253.30067443847656,0.07999999821186066,18.456501007080078,0.2930000126361847,,,,,,,,,
1787979600000,2026-08-29 05:00:00,,,,17.506500244140625,79.0,1013.5,13.823670387268066,0,9.793058395385742,252.89718627929688,0.05000000447034836,18.10650062561035,0.2930000126361847,,,,,,,,,
1787983200000,2026-08-29 06:00:00,,,,17.9064998626709,76.0,1014.0999755859375,13.615702629089355,0,8.396570205688477,239.0363006591797,0.07999999821186066,18.206501007080078,0.2919999957084656,,,,,,,,,
1787986800000,2026-08-29 07:00:00,,,,18.9064998626709,70.0,1014.5,13.315102577209473,0,10.028438568115234,248.96241760253906,0.15000000596046448,18.956501007080078,0.2919999957084656,,,,,,,,,
1787990400000,2026-08-29 08:00:00,,,,19.956501007080078,63.0,1014.9000244140625,12.701790809631348,0,12.287554740905762,264.9576416015625,0.2199999988079071,20.10650062561035,0.29100000858306885,,,,,,,,,
1787994000000,2026-08-29 09:00:00,,,,21.056499481201172,56.0,1014.9000244140625,11.941502571105957,0,12.959999084472656,270.0,0.2800000309944153,21.206501007080078,0.28999999165534973,,,,,,,,,
1787997600000,2026-08-29 10:00:00,,,,22.4064998626709,50.0,1014.7000122070312,11.47429370880127,0,15.124283790588379,268.6361083984375,0.2900000214576721,22.1564998626709,0.2879999876022339,,,,,,,,,
