timestamp,datetime,-10|ENV__SOIL__VWC,-30|ENV__SOIL__VWC,-45|ENV__SOIL__VWC,-10|ENV__SOIL__T,-30|ENV__SOIL__T,-45|ENV__SOIL__T,-10|ENV__SOIL__CAPACITANCE__ABSOLUTE,-30|ENV__SOIL__CAPACITANCE__ABSOLUTE,-45|ENV__SOIL__CAPACITANCE__ABSOLUTE,DEVICE|DEV__ENERGY__VCAP,DEVICE|DEV__RF__RSSI,DEVICE|DEV__RF__SINR,MTB|ENV__ATMO__T,MTB|ENV__ATMO__RH,MTB|ENV__ATMO__P,MTB|ENV__ATMO__DEWPOINT,MTB|ENV__ATMO__RAIN__DELTA,MTB|ENV__ATMO__WIND__SPEED,MTB|ENV__ATMO__WIND__DIRECTION,MTB|ENV__SOIL__ET,MTB|ENV__SOIL__T,MTB|ENV__SOIL__VWC
1775321941247,2026-04-04 16:59:01,,,,,,,,,,,-113.0,-15.8,,,,,,,,,,
1775365139524,2026-04-05 04:58:59,,,,,,,,,,100.0,-117.0,-16.5,,,,,,,,,,
1775379528985,2026-04-05 08:58:48,,,,,,,,,,100.0,-113.0,-17.8,,,,,,,,,,
1775379537877,2026-04-05 08:58:57,,,,,,,,,,100.0,-112.0,-15.8,,,,,,,,,,
1775577584627,2026-04-07 15:59:44,,,,,,,,,,100.0,-117.0,-19.2,,,,,,,,,,
1775577617081,2026-04-07 16:00:17,,,,,,,,,,100.0,-121.0,-21.0,,,,,,,,,,
1775591991175,2026-04-07 19:59:51,,,,,,,,,,100.0,-113.0,-17.0,,,,,,,,,,
1775592000216,2026-04-07 20:00:00,,,,,,,,,,100.0,-113.0,-16.8,,,,,,,,,,
1775606388130,2026-04-07 23:59:48,,,,,,,,,,100.0,-116.0,-21.5,,,,,,,,,,
1775606397081,2026-04-07 23:59:57,,,,,,,,,,100.0,-117.0,-21.5,,,,,,,,,,
1775620792434,2026-04-08 03:59:52,,,,,,,,,,100.0,-121.0,-22.8,,,,,,,,,,
1775635181902,2026-04-08 07:59:41,,,,,,,,,,100.0,-112.0,-15.8,,,,,,,,,,
1775649578871,2026-04-08 11:59:38,,,,,,,,,,100.0,-113.0,-14.2,,,,,,,,,,
1775649587758,2026-04-08 11:59:47,,,,,,,,,,100.0,-112.0,-13.2,,,,,,,,,,
1775663983293,2026-04-08 15:59:43,,,,,,,,,,100.0,-118.0,-21.0,,,,,,,,,,
1775678381702,2026-04-08 19:59:41,,,,,,,,,,100.0,-121.0,-21.0,,,,,,,,,,
1775721561019,2026-04-09 07:59:21,,,,,,,,,,100.0,-107.0,9.2,,,,,,,,,,
1775721566458,2026-04-09 07:59:26,,,,,,,,,,100.0,-109.0,9.0,,,,,,,,,,
1775731578706,2026-04-09 10:46:18,,,,,,,,,,100.0,-111.0,-5.2,,,,,,,,,,
1775731603297,2026-04-09 10:46:43,28.73,25.65,23.71,,,,315.47,297.12,277.3,100.0,-116.0,-0.2,,,,,,,,,,
1775745982379,2026-04-09 14:46:22,,,,9.41,9.59,8.91,,,,100.0,-112.0,-13.8,,,,,,,,,,
1775745989291,2026-04-09 14:46:29,28.73,25.54,23.57,,,,315.47,297.0,277.18,100.0,-121.0,-11.5,,,,,,,,,,
1775760386322,2026-04-09 18:46:26,29.03,25.78,23.77,,,,315.74,297.26,277.35,100.0,-113.0,-13.0,,,,,,,,,,
1775774776277,2026-04-09 22:46:16,,,,9.87,9.41,9.14,,,,100.0,-121.0,-10.8,,,,,,,,,,
1775779200000,2026-04-10 00:00:00,,,,,,,,,,,,,-0.0020000003278255,72.0,1019.7999877929688,-4.448948860168457,0.0,6.877789974212647,83.9910888671875,0.0,4.297999858856201,0.2319999933242797
1775782800000,2026-04-10 01:00:00,,,,,,,,,,,,,1.097999930381775,61.0,1019.7000122070312,-5.591373920440674,0.0,9.726664543151855,92.1210479736328,0.0,3.8980000019073486,0.2319999933242797
1775786400000,2026-04-10 02:00:00,,,,,,,,,,,,,1.0479999780654907,59.0,1019.0,-6.076474189758301,0.0,10.086426734924316,92.0453643798828,0.0,3.697999954223633,0.2319999933242797
1775789173205,2026-04-10 02:46:13,,,,9.66,8.96,9.19,,,,100.0,-120.0,-10.2,,,,,,,,,,
1775789180123,2026-04-10 02:46:20,29.1,26.06,23.98,,,,315.8,297.56,277.52,100.0,-120.0,-9.8,,,,,,,,,,
1775790000000,2026-04-10 03:00:00,,,,,,,,,,,,,0.9979999661445618,59.0,1018.0,-6.123598098754883,0.0,11.18320083618164,93.69131469726562,0.0,3.547999858856201,0.2319999933242797
1775793600000,2026-04-10 04:00:00,,,,,,,,,,,,,1.1979999542236328,60.0,1017.7999877929688,-5.71431827545166,0.0,11.96695327758789,96.9111328125,0.0,3.447999954223633,0.2319999933242797
1775797200000,2026-04-10 05:00:00,,,,,,,,,,,,,1.6480000019073486,58.0,1017.2999877929688,-5.735970497131348,0.0,14.154914855957031,97.30567169189452,0.0,3.447999954223633,0.2319999933242797
1775800800000,2026-04-10 06:00:00,,,,,,,,,,,,,2.5980000495910645,53.0,1017.5,-6.030684471130371,0.0,11.792404174804688,102.33907318115234,0.0,3.5980000495910645,0.2319999933242797
1775803570129,2026-04-10 06:46:10,,,,9.36,9.16,9.24,,,,100.0,-121.0,-12.5,,,,,,,,,,
1775803577291,2026-04-10 06:46:17,28.97,26.06,24.47,,,,315.68,297.56,277.92,100.0,-121.0,-10.8,,,,,,,,,,
1775804400000,2026-04-10 07:00:00,,,,,,,,,,,,,3.547999858856201,50.0,1017.2000122070312,-5.913722038269043,0.0,12.522619247436523,108.43504333496094,0.0,3.8980000019073486,0.2319999933242797
1775808000000,2026-04-10 08:00:00,,,,,,,,,,,,,4.447999954223633,49.0,1017.9000244140624,-5.348339080810547,0.0,12.64107608795166,109.98319244384766,0.0,4.297999858856201,0.231000006198883
1775811600000,2026-04-10 09:00:00,,,,,,,,,,,,,4.1479997634887695,61.0,1017.9000244140624,-2.707211971282959,0.0,11.983187675476074,122.73522186279295,0.0,4.697999954223633,0.231000006198883
1775815200000,2026-04-10 10:00:00,,,,,,,,,,,,,3.547999858856201,79.0,1017.9000244140624,0.2467065453529358,0.3000000119209289,12.0693998336792,107.35411071777344,0.0,4.8979997634887695,0.231000006198883
1775817967217,2026-04-10 10:46:07,,,,9.04,8.74,9.01,,,,100.0,-112.0,-9.8,,,,,,,,,,
1775818800000,2026-04-10 11:00:00,,,,,,,,,,,,,3.497999906539917,85.0,1018.0,1.2133409976959229,0.4000000059604645,10.93120288848877,107.2415542602539,0.0,5.047999858856201,0.231000006198883
1775822400000,2026-04-10 12:00:00,,,,,,,,,,,,,3.6480000019073486,85.0,1018.4000244140624,1.3605730533599854,0.3000000119209289,10.041354179382324,104.53450012207033,0.0,5.047999858856201,0.231000006198883
1775826000000,2026-04-10 13:00:00,,,,,,,,,,,,,4.3979997634887695,82.0,1017.9000244140624,1.5936710834503174,0.2000000029802322,11.165804862976074,110.77233123779295,0.0,5.1479997634887695,0.2319999933242797
1775829600000,2026-04-10 14:00:00,,,,,,,,,,,,,4.5980000495910645,82.0,1017.9000244140624,1.7891618013381958,0.0,9.114471435546877,99.09019470214844,0.0,5.297999858856201,0.2329999953508377
1775832364202,2026-04-10 14:46:04,,,,8.86,8.54,9.04,,,,100.0,-121.0,-10.0,,,,,,,,,,
1775832369868,2026-04-10 14:46:09,28.77,26.03,24.47,,,,315.5,297.53,277.92,100.0,-112.0,-6.8,,,,,,,,,,
1775833200000,2026-04-10 15:00:00,,,,,,,,,,,,,4.447999954223633,85.0,1018.0,2.145781755447388,0.1000000014901161,6.479999542236328,90.0,0.0,5.3979997634887695,0.2339999973773956
1775836800000,2026-04-10 16:00:00,,,,,,,,,,,,,4.3979997634887695,87.0,1018.5999755859376,2.4234001636505127,0.1000000014901161,2.5199999809265137,90.0,0.0,5.3480000495910645,0.2349999994039535
1775840400000,2026-04-10 17:00:00,,,,,,,,,,,,,4.447999954223633,89.0,1019.2999877929688,2.7928428649902344,0.0,0.5091168880462646,224.99989318847656,0.0,5.3480000495910645,0.2349999994039535
1775844000000,2026-04-10 18:00:00,,,,,,,,,,,,,4.197999954223633,91.0,1019.9000244140624,2.8594741821289062,0.0,2.620839357376098,164.05453491210938,0.0,5.248000144958496,0.2360000014305114
1775846761110,2026-04-10 18:46:01,,,,8.77,9.26,8.96,,,,100.0,-120.0,-9.0,,,,,,,,,,
1775846768124,2026-04-10 18:46:08,28.73,26.01,24.41,,,,315.47,297.5,277.87,100.0,-120.0,-8.8,,,,,,,,,,
1775847600000,2026-04-10 19:00:00,,,,,,,,,,,,,3.197999954223633,92.0,1020.2000122070312,2.023381471633911,0.0,2.1600000858306885,90.0,0.0,4.947999954223633,0.2370000034570694
1775851200000,2026-04-10 20:00:00,,,,,,,,,,,,,2.3980000019073486,93.0,1020.2000122070312,1.3816677331924438,0.0,2.968636035919189,75.96372985839844,0.0,4.3979997634887695,0.2380000054836273
1775854800000,2026-04-10 21:00:00,,,,,,,,,,,,,1.747999906539917,96.0,1020.2000122070312,1.1782872676849363,0.0,2.5199999809265137,90.0,0.0,3.848000049591065,0.2380000054836273
1775858400000,2026-04-10 22:00:00,,,,,,,,,,,,,0.2480000108480453,100.0,1020.4000244140624,0.2480000108480453,0.0,2.5199999809265137,90.0,0.0,3.297999858856201,0.238999992609024
1775861165117,2026-04-10 22:46:05,28.7,25.98,24.41,,,,315.44,297.47,277.87,100.0,-121.0,-8.2,,,,,,,,,,
1775862000000,2026-04-10 23:00:00,,,,,,,,,,,,,-1.3519999980926514,100.0,1020.5,-1.3519999980926514,0.0,2.5199999809265137,90.0,0.0,2.947999954223633,0.238999992609024
1775865600000,2026-04-11 00:00:00,,,,,,,,,,,,,1.097999930381775,97.0,1020.2999877929688,0.6749138236045837,0.0,2.595996856689453,56.30991363525391,0.0,2.947999954223633,0.2409999966621399
1775869200000,2026-04-11 01:00:00,,,,,,,,,,,,,0.1979999989271164,99.0,1020.2000122070312,0.0592642650008201,0.0,4.213691711425781,70.01680755615234,0.0,2.6480000019073486,0.2409999966621399
1775872800000,2026-04-11 02:00:00,,,,,,,,,,,,,0.7980000376701355,98.0,1020.4000244140624,0.5179046392440796,0.0,3.9600000381469727,90.0,0.0,2.5980000495910645,0.2409999966621399
1775875555203,2026-04-11 02:45:55,,,,8.57,9.11,8.67,,,,100.0,-113.0,-9.5,,,,,,,,,,
1775876400000,2026-04-11 03:00:00,,,,,,,,,,,,,0.3980000019073486,98.0,1020.2000122070312,0.1188223510980606,0.0,3.617955207824707,84.28949737548828,0.0,2.547999858856201,0.2409999966621399
1775880000000,2026-04-11 04:00:00,,,,,,,,,,,,,-0.2520000040531158,98.0,1020.2999877929688,-0.5296896696090698,0.0,2.9024126529693604,97.12492370605467,0.0,2.3480000495910645,0.2419999986886978
1775883600000,2026-04-11 05:00:00,,,,,,,,,,,,,-0.6019999980926514,99.0,1020.5,-0.7398249506950378,0.0,2.4149534702301025,116.5649871826172,0.0,2.197999954223633,0.2419999986886978
1775887200000,2026-04-11 06:00:00,,,,,,,,,,,,,1.0479999780654907,95.0,1020.5999755859376,0.336656779050827,0.0,4.0249223709106445,116.5649871826172,0.0,2.247999906539917,0.2419999986886978
1775889952236,2026-04-11 06:45:52,,,,8.32,8.37,8.59,,,,100.0,-120.0,-8.8,,,,,,,,,,
1775889959188,2026-04-11 06:45:59,28.53,25.92,24.38,,,,315.29,297.41,277.84,100.0,-113.0,-7.2,,,,,,,,,,
1775890800000,2026-04-11 07:00:00,,,,,,,,,,,,,2.747999906539917,91.0,1020.7999877929688,1.4250867366790771,0.0,4.693825721740723,122.47117614746094,0.0,2.8480000495910645,0.2419999986886978
1775894400000,2026-04-11 08:00:00,,,,,,,,,,,,,5.248000144958496,80.0,1020.5999755859376,2.0776467323303223,0.0,5.483356475830078,113.19862365722656,0.0,3.947999954223633,0.2419999986886978
1775898000000,2026-04-11 09:00:00,,,,,,,,,,,,,8.39799976348877,61.0,1020.0,1.308412790298462,0.0,7.895416259765625,114.2277374267578,0.0,5.447999954223633,0.2419999986886978
1775901600000,2026-04-11 10:00:00,,,,,,,,,,,,,10.447999954223633,51.0,1019.0999755859376,0.7344914078712463,0.0,9.983105659484863,115.64096069335938,0.0,7.047999858856201,0.2409999966621399
1775904349268,2026-04-11 10:45:49,,,,8.17,8.57,8.15,,,,100.0,-121.0,-12.5,,,,,,,,,,
1775904354863,2026-04-11 10:45:54,28.5,25.89,24.38,,,,315.26,297.38,277.84,100.0,-121.0,-11.0,,,,,,,,,,
1775905200000,2026-04-11 11:00:00,,,,,,,,,,,,,11.998000144958496,46.0,1018.4000244140624,0.7277936935424805,0.0,10.805997848510742,119.98155212402344,0.0,8.498000144958496,0.2409999966621399
1775908800000,2026-04-11 12:00:00,,,,,,,,,,,,,12.998000144958496,42.0,1017.7000122070312,0.3763242959976196,0.0,11.269782066345217,116.5649871826172,0.0,9.748000144958496,0.2399999946355819
1775912400000,2026-04-11 13:00:00,,,,,,,,,,,,,13.64799976348877,40.0,1017.2000122070312,0.287486732006073,0.0,10.948972702026367,117.4074935913086,0.0,10.64799976348877,0.238999992609024
1775916000000,2026-04-11 14:00:00,,,,,,,,,,,,,13.947999954223633,38.0,1016.5,-0.1514361053705215,0.0,11.18320083618164,123.17852783203124,0.0,11.197999954223633,0.2380000054836273
1775918746215,2026-04-11 14:45:46,,,,8.32,8.77,8.52,,,,100.0,-112.0,-12.5,,,,,,,,,,
1775918753266,2026-04-11 14:45:53,28.63,25.89,24.45,,,,315.38,297.38,277.9,100.0,-121.0,-9.8,,,,,,,,,,
1775919600000,2026-04-11 15:00:00,,,,,,,,,,,,,13.847999572753906,36.0,1016.0999755859376,-0.982574224472046,0.0,11.486200332641602,122.1957015991211,0.0,11.39799976348877,0.2370000034570694
1775923200000,2026-04-11 16:00:00,,,,,,,,,,,,,13.29800033569336,39.0,1016.2000122070312,-0.3755894005298614,0.0,10.4399995803833,133.60289001464844,0.0,11.197999954223633,0.2360000014305114
1775926800000,2026-04-11 17:00:00,,,,,,,,,,,,,12.248000144958496,47.0,1016.4000244140624,1.2554407119750977,0.0,9.65981388092041,153.4350128173828,0.0,10.748000144958496,0.2349999994039535
1775930400000,2026-04-11 18:00:00,,,,,,,,,,,,,9.748000144958496,57.0,1016.7000122070312,1.6316384077072144,0.0,5.86037540435791,132.51040649414062,0.0,9.847999572753906,0.2349999994039535
1775933143038,2026-04-11 18:45:43,,,,8.94,8.72,8.59,,,,100.0,-113.0,-8.2,,,,,,,,,,
1775933148822,2026-04-11 18:45:48,28.97,25.98,24.51,,,,315.68,297.47,277.95,100.0,-112.0,-13.8,,,,,,,,,,
1775934000000,2026-04-11 19:00:00,,,,,,,,,,,,,7.797999858856201,63.0,1017.0,1.1901363134384155,0.0,6.6380720138549805,102.52880096435548,0.0,8.748000144958496,0.2339999973773956
1775937600000,2026-04-11 20:00:00,,,,,,,,,,,,,6.297999858856201,63.0,1016.5999755859376,-0.2320983111858368,0.0,7.56856632232666,87.27374267578125,0.0,7.8979997634887695,0.2339999973773956
1775941200000,2026-04-11 21:00:00,,,,,,,,,,,,,6.197999954223633,61.0,1016.7999877929688,-0.769785463809967,0.0,8.66994857788086,85.23644256591797,0.0,7.197999954223633,0.2339999973773956
1775944800000,2026-04-11 22:00:00,,,,,,,,,,,,,6.297999858856201,55.0,1016.4000244140624,-2.086880922317505,0.0,10.80599880218506,91.90911865234376,0.0,6.697999954223633,0.2339999973773956
1775947540097,2026-04-11 22:45:40,,,,9.26,9.16,8.59,,,,100.0,-120.0,-11.0,,,,,,,,,,
1775948400000,2026-04-11 23:00:00,,,,,,,,,,,,,6.297999858856201,55.0,1016.2999877929688,-2.086880922317505,0.0,12.261157989501951,93.36639404296876,0.0,6.447999954223633,0.2339999973773956
1775952000000,2026-04-12 00:00:00,,,,,,,,,,,,,6.547999858856201,51.0,1015.5,-2.87447190284729,0.0,12.245293617248535,91.68464660644533,0.0,6.947999954223633,0.2349999994039535
1775955600000,2026-04-12 01:00:00,,,,,,,,,,,,,6.0980000495910645,50.0,1015.2999877929688,-3.55659294128418,0.0,14.764389038085938,91.39714813232422,0.0,6.697999954223633,0.2349999994039535
1775959200000,2026-04-12 02:00:00,,,,,,,,,,,,,5.6479997634887695,51.0,1014.7999877929688,-3.707913875579834,0.0,15.856355667114258,92.60250854492188,0.0,6.447999954223633,0.2339999973773956
1775961936963,2026-04-12 02:45:36,,,,9.21,8.81,8.72,,,,100.0,-120.0,-11.2,,,,,,,,,,
1775961943945,2026-04-12 02:45:43,29.1,26.12,24.62,,,,315.8,297.62,278.04,100.0,-120.0,-9.0,,,,,,,,,,
1775962800000,2026-04-12 03:00:00,,,,,,,,,,,,,5.8480000495910645,50.0,1015.0999755859376,-3.7876009941101074,0.0,15.15852165222168,94.08554077148438,0.0,6.297999858856201,0.2339999973773956
1775966400000,2026-04-12 04:00:00,,,,,,,,,,,,,6.047999858856201,49.0,1015.0999755859376,-3.872875690460205,0.0,15.188414573669434,95.44023895263672,0.0,6.297999858856201,0.2339999973773956
1775970000000,2026-04-12 05:00:00,,,,,,,,,,,,,6.3480000495910645,48.0,1015.5,-3.871970891952514,0.0,14.51206398010254,97.12492370605467,0.0,6.3480000495910645,0.2339999973773956
1775973600000,2026-04-12 06:00:00,,,,,,,,,,,,,7.197999954223633,44.0,1016.0,-4.2541704177856445,0.0,13.755579948425291,96.00891876220705,0.0,6.498000144958496,0.2339999973773956
1775976340963,2026-04-12 06:45:40,29.0,26.15,24.66,,,,315.71,297.65,278.07,100.0,-120.0,-9.5,,,,,,,,,,
1775977200000,2026-04-12 07:00:00,,,,,,,,,,,,,8.498000144958496,41.0,1016.2999877929688,-4.016307353973389,0.0,11.96695327758789,96.9111328125,0.0,6.947999954223633,0.2329999953508377
1775980800000,2026-04-12 08:00:00,,,,,,,,,,,,,9.697999954223633,40.0,1016.2999877929688,-3.2648675441741943,0.0,10.390226364135742,104.03627014160156,0.0,7.6479997634887695,0.2329999953508377
1775984400000,2026-04-12 09:00:00,,,,,,,,,,,,,11.04800033569336,37.0,1016.2999877929688,-3.102505207061768,0.0,8.55710220336914,104.62091827392578,0.0,8.347999572753906,0.2329999953508377
1775988000000,2026-04-12 10:00:00,,,,,,,,,,,,,12.097999572753906,36.0,1016.5999755859376,-2.5369579792022705,0.0,6.618519306182861,112.38018035888672,0.0,9.14799976348877,0.2319999933242797
1775990731068,2026-04-12 10:45:31,,,,8.99,8.96,8.74,,,,100.0,-112.0,-13.2,,,,,,,,,,
1775991600000,2026-04-12 11:00:00,,,,,,,,,,,,,12.64799976348877,37.0,1016.2999877929688,-1.6762558221817017,0.0,4.452953815460205,104.03627014160156,0.0,9.947999954223633,0.2319999933242797
1775995200000,2026-04-12 12:00:00,,,,,,,,,,,,,12.998000144958496,39.0,1016.5999755859376,-0.6444558501243591,0.0,1.0182337760925293,315.0000915527344,0.0,10.64799976348877,0.231000006198883
1775998800000,2026-04-12 13:00:00,,,,,,,,,,,,,13.248000144958496,42.0,1016.5,0.6022725105285645,0.0,0.8049845099449158,26.564985275268555,0.0,10.998000144958496,0.231000006198883
1776002400000,2026-04-12 14:00:00,,,,,,,,,,,,,13.39799976348877,47.0,1016.4000244140624,2.3083319664001465,0.0,3.563817977905273,315.0000915527344,0.0,11.29800033569336,0.2300000041723251
1776005128001,2026-04-12 14:45:28,,,,8.99,8.54,8.84,,,,100.0,-120.0,-9.5,,,,,,,,,,
1776005133622,2026-04-12 14:45:33,29.03,26.16,24.79,,,,315.74,297.67,278.18,100.0,-121.0,-11.2,,,,,,,,,,
1776006000000,2026-04-12 15:00:00,,,,,,,,,,,,,11.89799976348877,73.0,1016.4000244140624,7.21078634262085,0.0,11.165804862976074,290.7723388671875,0.0,11.39799976348877,0.2300000041723251
1776009600000,2026-04-12 16:00:00,,,,,,,,,,,,,10.89799976348877,76.0,1016.2999877929688,6.832796573638916,0.0,9.686609268188477,318.01287841796875,0.0,10.89799976348877,0.2290000021457672
1776013200000,2026-04-12 17:00:00,,,,,,,,,,,,,10.347999572753906,80.0,1016.5999755859376,7.046932697296143,0.0,5.351784706115723,317.72637939453125,0.0,10.39799976348877,0.2290000021457672
1776016800000,2026-04-12 18:00:00,,,,,,,,,,,,,9.597999572753906,87.0,1016.9000244140624,7.53987979888916,0.0,4.072935104370117,315.0000915527344,0.0,9.89799976348877,0.2290000021457672
1776019524973,2026-04-12 18:45:24,,,,9.16,8.27,8.62,,,,100.0,-120.0,-7.5,,,,,,,,,,
1776019531969,2026-04-12 18:45:31,29.13,26.33,24.79,,,,315.83,297.85,278.18,100.0,-120.0,-8.0,,,,,,,,,,
1776020400000,2026-04-12 19:00:00,,,,,,,,,,,,,8.847999572753906,92.0,1017.0999755859376,7.618993759155273,0.1000000014901161,3.096837043762207,324.4622497558594,0.0,9.39799976348877,0.2290000021457672
1776024000000,2026-04-12 20:00:00,,,,,,,,,,,,,8.447999954223633,95.0,1016.7999877929688,7.692938327789307,0.4000000059604645,1.7999999523162842,360.0,0.0,8.998000144958496,0.2290000021457672
1776027600000,2026-04-12 21:00:00,,,,,,,,,,,,,8.097999572753906,95.0,1016.9000244140624,7.345035076141357,0.2000000029802322,1.7999999523162842,36.86999130249024,0.0,8.64799976348877,0.2290000021457672
1776031200000,2026-04-12 22:00:00,,,,,,,,,,,,,7.8979997634887695,96.0,1016.5999755859376,7.299336433410644,0.0,1.527350664138794,44.99989700317383,0.0,8.29800033569336,0.2300000041723251
1776033921903,2026-04-12 22:45:21,,,,9.21,9.29,7.93,,,,100.0,-120.0,-7.5,,,,,,,,,,
1776033928949,2026-04-12 22:45:28,29.2,26.39,24.87,,,,315.89,297.91,278.24,100.0,-120.0,-8.5,,,,,,,,,,
1776034800000,2026-04-12 23:00:00,,,,,,,,,,,,,7.697999954223633,96.0,1016.0999755859376,7.10028886795044,0.0,1.4843180179595947,14.036274909973145,0.0,8.04800033569336,0.231000006198883
1776038400000,2026-04-13 00:00:00,,,,,,,,,,,,,7.047999858856201,93.0,1015.7999877929688,5.992875099182129,0.2000000029802322,1.6099690198898315,63.43501281738281,0.0,7.248000144958496,0.2549999952316284
1776042000000,2026-04-13 01:00:00,,,,,,,,,,,,,6.998000144958496,93.0,1015.5,5.943296432495117,0.0,3.976329803466797,84.8056640625,0.0,7.1479997634887695,0.2599999904632568
1776045600000,2026-04-13 02:00:00,,,,,,,,,,,,,7.348000049591064,91.0,1014.9000244140624,5.97524356842041,0.0,2.189794540405273,80.53775024414062,0.0,7.1479997634887695,0.2639999985694885
1776048318882,2026-04-13 02:45:18,,,,9.19,9.46,8.86,,,,100.0,-112.0,-7.5,,,,,,,,,,
1776048325877,2026-04-13 02:45:25,29.2,26.42,24.94,,,,315.89,297.94,278.3,100.0,-112.0,-12.2,,,,,,,,,,
1776049200000,2026-04-13 03:00:00,,,,,,,,,,,,,7.447999954223633,91.0,1015.0999755859376,6.074150562286377,0.0,3.6712939739227295,78.69010162353516,0.0,7.1479997634887695,0.2669999897480011
1776052800000,2026-04-13 04:00:00,,,,,,,,,,,,,7.598000049591064,89.0,1014.7000122070312,5.90058708190918,0.0,5.039999961853027,90.0,0.0,7.1479997634887695,0.2689999938011169
1776056400000,2026-04-13 05:00:00,,,,,,,,,,,,,7.697999954223633,86.0,1014.4000244140624,5.503763675689697,0.0,5.411986351013184,93.81400299072266,0.0,7.0980000495910645,0.2689999938011169
1776060000000,2026-04-13 06:00:00,,,,,,,,,,,,,9.197999954223633,73.0,1014.0,4.6086506843566895,0.0,7.594207286834717,95.44023895263672,0.0,7.297999858856201,0.270000010728836
1776062715874,2026-04-13 06:45:15,,,,9.14,9.01,9.14,,,,100.0,-120.0,-8.5,,,,,,,,,,
1776062722780,2026-04-13 06:45:22,29.16,26.47,24.96,,,,315.86,298.0,278.32,100.0,-112.0,-6.5,,,,,,,,,,
1776063600000,2026-04-13 07:00:00,,,,,,,,,,,,,10.14799976348877,71.0,1013.9000244140624,5.124297142028809,0.0,11.60965061187744,97.12492370605467,0.0,7.848000049591064,0.2689999938011169
1776067200000,2026-04-13 08:00:00,,,,,,,,,,,,,11.39799976348877,62.0,1013.7999877929688,4.37281608581543,0.0,13.89618682861328,106.5571517944336,0.0,8.447999954223633,0.2689999938011169
1776070800000,2026-04-13 09:00:00,,,,,,,,,,,,,13.347999572753906,49.0,1013.5,2.8493576049804688,0.0,16.279802322387695,125.09589385986328,0.0,9.347999572753906,0.2680000066757202
1776074400000,2026-04-13 10:00:00,,,,,,,,,,,,,13.89799976348877,45.0,1013.2000122070312,2.1541452407836914,0.0,19.681827545166016,129.80552673339844,0.0,10.39799976348877,0.2669999897480011
1776077112926,2026-04-13 10:45:12,,,,9.09,8.81,8.91,,,,100.0,-120.0,-9.2,,,,,,,,,,
1776077118327,2026-04-13 10:45:18,29.13,26.61,24.94,,,,315.83,298.14,278.3,100.0,-120.0,-10.0,,,,,,,,,,
1776078000000,2026-04-13 11:00:00,,,,,,,,,,,,,14.248000144958496,43.0,1012.9000244140624,1.8347994089126587,0.0,18.94708251953125,128.829833984375,0.0,11.04800033569336,0.2649999856948852
1776081600000,2026-04-13 12:00:00,,,,,,,,,,,,,14.64799976348877,42.0,1012.7000122070312,1.867182374000549,0.0,18.17197608947754,123.69010162353516,0.0,11.447999954223633,0.2630000114440918
1776085200000,2026-04-13 13:00:00,,,,,,,,,,,,,14.947999954223633,42.0,1012.4000244140624,2.138146162033081,0.0,17.78268814086914,111.37069702148438,0.0,12.04800033569336,0.2619999945163727
1776088800000,2026-04-13 14:00:00,,,,,,,,,,,,,15.14799976348877,42.0,1012.0,2.318772315979004,0.0,15.111424446105955,102.38075256347656,0.0,12.14799976348877,0.2599999904632568
1776091509844,2026-04-13 14:45:09,,,,9.14,9.26,8.67,,,,100.0,-121.0,-11.0,,,,,,,,,,
1776091515390,2026-04-13 14:45:15,29.2,26.66,24.96,,,,315.89,298.2,278.32,100.0,-121.0,-10.0,,,,,,,,,,
1776092400000,2026-04-13 15:00:00,,,,,,,,,,,,,15.447999954223633,42.0,1011.5,2.589682340621948,0.0,12.261157989501951,86.63361358642578,0.0,12.29800033569336,0.257999986410141
1776096000000,2026-04-13 16:00:00,,,,,,,,,,,,,15.99799919128418,41.0,1011.0999755859376,2.745956420898437,0.0,11.212135314941406,84.4725570678711,0.0,12.197999954223633,0.2569999992847442
1776099600000,2026-04-13 17:00:00,,,,,,,,,,,,,14.79800033569336,54.0,1011.0999755859376,5.576905250549316,0.0,11.874544143676758,75.96372985839844,0.0,12.14799976348877,0.2560000121593475
1776103200000,2026-04-13 18:00:00,,,,,,,,,,,,,13.04800033569336,58.0,1011.2999877929688,4.971320629119873,0.0,11.440978050231934,77.27565002441406,0.0,11.597999572753906,0.2560000121593475
1776105906733,2026-04-13 18:45:06,,,,9.39,8.59,9.19,,,,100.0,-112.0,-9.0,,,,,,,,,,
1776106800000,2026-04-13 19:00:00,,,,,,,,,,,,,12.197999954223633,56.0,1011.7000122070312,3.674363136291504,0.0,9.53150463104248,79.11451721191406,0.0,11.04800033569336,0.2549999952316284
1776110400000,2026-04-13 20:00:00,,,,,,,,,,,,,11.64799976348877,48.0,1011.7999877929688,0.9982985854148864,0.0,10.10568141937256,85.91446685791016,0.0,10.498000144958496,0.2540000081062317
1776114000000,2026-04-13 21:00:00,,,,,,,,,,,,,11.64799976348877,45.0,1011.7000122070312,0.1043051034212112,0.0,11.212135314941406,84.4725570678711,0.0,10.197999954223633,0.2540000081062317
1776117600000,2026-04-13 22:00:00,,,,,,,,,,,,,11.79800033569336,44.0,1011.7000122070312,-0.0690954774618148,0.0,12.964998245239258,91.5911102294922,0.0,10.04800033569336,0.2529999911785126
1776120303739,2026-04-13 22:45:03,,,,9.46,9.56,8.96,,,,100.0,-120.0,-9.5,,,,,,,,,,
1776121200000,2026-04-13 23:00:00,,,,,,,,,,,,,11.597999572753906,46.0,1011.9000244140624,0.3623388409614563,0.0,11.54247760772705,93.57626342773438,0.0,9.947999954223633,0.2529999911785126
1776124800000,2026-04-14 00:00:00,,,,,,,,,,,,,10.79800033569336,54.0,1012.5,1.855828046798706,0.1000000014901161,7.928177833557129,87.39749908447266,0.0,10.097999572753906,0.2529999911785126
1776128400000,2026-04-14 01:00:00,,,,,,,,,,,,,10.697999954223633,58.0,1012.7000122070312,2.766575336456299,0.4000000059604645,6.924737930297852,81.02745819091797,0.0,9.748000144958496,0.2520000040531158
1776132000000,2026-04-14 02:00:00,,,,,,,,,,,,,9.847999572753906,66.0,1013.2000122070312,3.793033599853516,0.0,6.924737930297852,81.02745819091797,0.0,9.29800033569336,0.2520000040531158
1776134700708,2026-04-14 02:45:00,,,,9.49,8.91,8.96,,,,100.0,-120.0,-7.2,,,,,,,,,,
1776134707569,2026-04-14 02:45:07,29.43,26.83,25.0,,,,316.1,298.38,278.35,100.0,-119.0,-6.8,,,,,,,,,,
1776135600000,2026-04-14 03:00:00,,,,,,,,,,,,,8.89799976348877,74.0,1013.4000244140624,4.5139570236206055,0.0,5.58870267868042,75.06853485107422,0.0,8.847999572753906,0.2509999871253967
1776139200000,2026-04-14 04:00:00,,,,,,,,,,,,,8.248000144958496,77.0,1014.0999755859376,4.453317642211914,0.0,5.399999618530273,90.0,0.0,8.498000144958496,0.2509999871253967
1776142800000,2026-04-14 05:00:00,,,,,,,,,,,,,8.197999954223633,79.0,1015.0,4.771890163421631,0.0,2.545584201812744,81.86998748779297,0.0,8.14799976348877,0.2509999871253967
1776146400000,2026-04-14 06:00:00,,,,,,,,,,,,,9.097999572753906,78.0,1015.7999877929688,5.463680267333984,0.0,1.1384198665618896,108.43504333496094,0.0,8.248000144958496,0.2509999871253967
1776149097631,2026-04-14 06:44:57,,,,9.41,9.29,8.91,,,,100.0,-120.0,-6.8,,,,,,,,,,
1776149103128,2026-04-14 06:45:03,29.36,26.72,25.07,,,,316.04,298.26,278.41,100.0,-120.0,-7.2,,,,,,,,,,
1776150000000,2026-04-14 07:00:00,,,,,,,,,,,,,9.847999572753906,79.0,1016.5,6.377052307128906,0.0,0.7199999690055847,360.0,0.0,8.748000144958496,0.2509999871253967
1776153600000,2026-04-14 08:00:00,,,,,,,,,,,,,11.14799976348877,72.0,1016.9000244140624,6.287740707397461,0.0,2.620839357376098,285.9454650878906,0.0,9.498000144958496,0.25
1776157200000,2026-04-14 09:00:00,,,,,,,,,,,,,11.89799976348877,76.0,1017.5999755859376,7.8009748458862305,0.1000000014901161,9.605998039245604,282.99462890625,0.0,10.14799976348877,0.25
1776160800000,2026-04-14 10:00:00,,,,,,,,,,,,,11.89799976348877,75.0,1018.0,7.606567859649658,0.0,8.55710220336914,284.62091064453125,0.0,10.64799976348877,0.25
1776163494641,2026-04-14 10:44:54,,,,9.36,9.49,8.91,,,,100.0,-112.0,-10.5,,,,,,,,,,
1776163500169,2026-04-14 10:45:00,29.36,26.83,25.04,,,,316.04,298.38,278.38,100.0,-112.0,-11.5,,,,,,,,,,
1776164400000,2026-04-14 11:00:00,,,,,,,,,,,,,12.04800033569336,74.0,1018.5999755859376,7.55462121963501,0.0,9.904906272888184,289.0935974121094,0.0,10.998000144958496,0.248999997973442
1776168000000,2026-04-14 12:00:00,,,,,,,,,,,,,11.89799976348877,79.0,1019.0,8.370942115783691,0.2000000029802322,9.885261535644531,303.1113586425781,0.0,11.097999572753906,0.248999997973442
1776171600000,2026-04-14 13:00:00,,,,,,,,,,,,,12.04800033569336,79.0,1019.5,8.516819953918457,0.3000000119209289,10.18869972229004,302.0053405761719,0.0,11.14799976348877,0.248999997973442
1776175200000,2026-04-14 14:00:00,,,,,,,,,,,,,11.54800033569336,81.0,1020.0,8.399007797241211,0.1000000014901161,8.891343116760254,301.7594299316406,0.0,10.947999954223633,0.25
1776177891473,2026-04-14 14:44:51,,,,9.46,9.14,9.09,,,,100.0,-120.0,-9.0,,,,,,,,,,
1776177897183,2026-04-14 14:44:57,29.43,26.75,25.11,,,,316.1,298.29,278.44,100.0,-121.0,-9.2,,,,,,,,,,
1776178800000,2026-04-14 15:00:00,,,,,,,,,,,,,11.197999954223633,83.0,1020.5,8.41713809967041,0.0,9.826087951660156,298.4428100585937,0.0,10.79800033569336,0.25
1776182400000,2026-04-14 16:00:00,,,,,,,,,,,,,10.89799976348877,83.0,1021.0,8.123661041259766,0.0,7.412853240966797,299.05450439453125,0.0,10.498000144958496,0.2509999871253967
1776186000000,2026-04-14 17:00:00,,,,,,,,,,,,,10.39799976348877,84.0,1021.5,7.810323238372803,0.0,8.089993476867676,302.275634765625,0.0,10.248000144958496,0.2509999871253967
1776189600000,2026-04-14 18:00:00,,,,,,,,,,,,,9.998000144958496,85.0,1022.2999877929688,7.591869831085205,0.1000000014901161,7.594208240509033,301.42950439453125,0.0,9.89799976348877,0.2509999871253967
1776192288626,2026-04-14 18:44:48,,,,9.56,9.06,8.84,,,,100.0,-119.0,-6.2,,,,,,,,,,
1776192295444,2026-04-14 18:44:55,29.53,26.91,25.11,,,,316.19,298.47,278.44,100.0,-119.0,-6.2,,,,,,,,,,
1776193200000,2026-04-14 19:00:00,,,,,,,,,,,,,9.748000144958496,85.0,1023.0999755859376,7.34660005569458,0.0,5.959060192108154,295.016845703125,0.0,9.64799976348877,0.2520000040531158
1776196800000,2026-04-14 20:00:00,,,,,,,,,,,,,9.347999572753906,89.0,1023.5,7.626881122589111,0.0,5.154415130615234,294.7751159667969,0.0,9.39799976348877,0.2520000040531158
1776200400000,2026-04-14 21:00:00,,,,,,,,,,,,,9.097999572753906,91.0,1023.7000122070312,7.706041812896728,0.0,3.415259599685669,288.4350280761719,0.0,9.248000144958496,0.2520000040531158
1776204000000,2026-04-14 22:00:00,,,,,,,,,,,,,8.947999954223633,92.0,1023.9000244140624,7.718019485473633,0.0,2.9024126529693604,299.7447814941406,0.0,9.04800033569336,0.2520000040531158
1776206685537,2026-04-14 22:44:45,,,,9.61,9.56,9.11,,,,100.0,-120.0,-5.8,,,,,,,,,,
1776206691080,2026-04-14 22:44:51,29.56,26.93,25.15,,,,316.22,298.49,278.47,100.0,-120.0,-5.5,,,,,,,,,,
1776207600000,2026-04-14 23:00:00,,,,,,,,,,,,,8.748000144958496,93.0,1024.0,7.678512096405029,0.0,2.545584201812744,315.0000915527344,0.0,8.89799976348877,0.2520000040531158
1776211200000,2026-04-15 00:00:00,,,,,,,,,,,,,9.248000144958496,94.0,1024.0,8.331937789916992,0.0,3.396233081817627,302.0053405761719,0.0,9.29800033569336,0.2549999952316284
1776214800000,2026-04-15 01:00:00,,,,,,,,,,,,,8.998000144958496,94.0,1023.9000244140624,8.083748817443848,0.0,3.89399528503418,303.6900939941406,0.0,9.197999954223633,0.2549999952316284
1776218400000,2026-04-15 02:00:00,,,,,,,,,,,,,8.79800033569336,94.0,1024.0,7.885197639465332,0.0,4.104631423950195,307.8750305175781,0.0,9.04800033569336,0.2549999952316284
1776221082472,2026-04-15 02:44:42,,,,9.64,9.49,9.29,,,,100.0,-112.0,-11.2,,,,,,,,,,
1776221089360,2026-04-15 02:44:49,29.56,26.99,25.18,,,,316.22,298.55,278.5,100.0,-113.0,-11.0,,,,,,,,,,
1776222000000,2026-04-15 03:00:00,,,,,,,,,,,,,8.498000144958496,94.0,1024.300048828125,7.587367057800293,0.0,3.826852560043335,311.1858215332031,0.0,8.89799976348877,0.2549999952316284
1776225600000,2026-04-15 04:00:00,,,,,,,,,,,,,7.797999858856201,94.0,1024.5999755859375,6.892417907714844,0.0,2.9024126529693604,299.7447814941406,0.0,8.697999954223633,0.2549999952316284
1776229200000,2026-04-15 05:00:00,,,,,,,,,,,,,7.0980000495910645,95.0,1024.800048828125,6.351011276245117,0.0,2.099142551422119,300.96368408203125,0.0,8.248000144958496,0.2549999952316284
1776232800000,2026-04-15 06:00:00,,,,,,,,,,,,,8.04800033569336,93.0,1025.0,6.984438896179199,0.0,2.27683973312378,288.4350280761719,0.0,8.248000144958496,0.2549999952316284
1776235479332,2026-04-15 06:44:39,,,,9.56,9.94,9.24,,,,100.0,-120.0,-6.8,,,,,,,,,,
1776235486354,2026-04-15 06:44:46,29.53,26.96,25.25,,,,316.19,298.52,278.55,100.0,-120.0,-8.2,,,,,,,,,,
1776236400000,2026-04-15 07:00:00,,,,,,,,,,,,,9.248000144958496,83.0,1025.300048828125,6.509403705596924,0.0,3.219938039779663,296.5649719238281,0.0,8.89799976348877,0.2549999952316284
1776240000000,2026-04-15 08:00:00,,,,,,,,,,,,,10.447999954223633,75.0,1025.300048828125,6.204838752746582,0.0,2.5199999809265137,270.0,0.0,9.697999954223633,0.2540000081062317
1776243600000,2026-04-15 09:00:00,,,,,,,,,,,,,11.947999954223633,66.0,1025.0999755859375,5.793277740478516,0.0,2.189794540405273,260.5377502441406,0.0,10.64799976348877,0.2540000081062317
1776247200000,2026-04-15 10:00:00,,,,,,,,,,,,,13.39799976348877,58.0,1024.199951171875,5.299575805664063,0.0,1.4399999380111694,270.0,0.0,11.54800033569336,0.2529999911785126
1776249876416,2026-04-15 10:44:36,,,,9.51,9.61,9.21,,,,100.0,-120.0,-9.5,,,,,,,,,,
1776249882012,2026-04-15 10:44:42,29.53,26.91,25.36,,,,316.19,298.47,278.64,100.0,-120.0,-8.5,,,,,,,,,,
1776250800000,2026-04-15 11:00:00,,,,,,,,,,,,,14.64799976348877,51.0,1023.5,4.6163105964660645,0.0,0.8049845099449158,243.4350128173828,0.0,12.39799976348877,0.2509999871253967
1776254400000,2026-04-15 12:00:00,,,,,,,,,,,,,15.79800033569336,44.0,1022.9000244140624,3.564385414123535,0.0,1.1384198665618896,108.43504333496094,0.0,13.197999954223633,0.25
1776258000000,2026-04-15 13:00:00,,,,,,,,,,,,,16.398000717163086,43.0,1022.2999877929688,3.781561851501465,0.0,1.8356469869613647,101.30989837646484,0.0,13.947999954223633,0.2479999959468841
1776261600000,2026-04-15 14:00:00,,,,,,,,,,,,,16.79800033569336,44.0,1021.7999877929688,4.471927642822266,0.0,2.3051247596740723,38.65982818603516,0.0,14.447999954223633,0.2460000067949295
1776264273339,2026-04-15 14:44:33,,,,9.79,8.84,9.11,,,,100.0,-112.0,-13.8,,,,,,,,,,
1776264280332,2026-04-15 14:44:40,29.73,26.99,25.32,,,,316.37,298.55,278.61,100.0,-120.0,-6.2,,,,,,,,,,
1776265200000,2026-04-15 15:00:00,,,,,,,,,,,,,16.648000717163086,45.0,1021.4000244140624,4.657278537750244,0.0,5.692099571228027,341.56494140625,0.0,14.64799976348877,0.2450000047683715
1776268800000,2026-04-15 16:00:00,,,,,,,,,,,,,15.847999572753906,49.0,1021.4000244140624,5.147889614105225,0.0,5.692099094390869,325.3047790527344,0.0,14.248000144958496,0.2430000007152557
1776272400000,2026-04-15 17:00:00,,,,,,,,,,,,,14.54800033569336,54.0,1021.2999877929688,5.34445858001709,0.0,3.9600000381469727,360.0,0.0,13.54800033569336,0.2430000007152557
1776276000000,2026-04-15 18:00:00,,,,,,,,,,,,,13.248000144958496,60.0,1021.5999755859376,5.647400379180908,0.0,3.3190360069274902,12.52879810333252,0.0,12.697999954223633,0.2419999986886978
1776278670334,2026-04-15 18:44:30,,,,10.53,10.17,9.46,,,,100.0,-112.0,-7.0,,,,,,,,,,
1776278677261,2026-04-15 18:44:37,30.09,27.1,25.39,,,,316.7,298.67,278.67,100.0,-112.0,-11.0,,,,,,,,,,
1776279600000,2026-04-15 19:00:00,,,,,,,,,,,,,11.79800033569336,71.0,1021.7000122070312,6.709264278411865,0.0,2.189794540405273,9.462247848510742,0.0,11.847999572753906,0.2419999986886978
1776283200000,2026-04-15 20:00:00,,,,,,,,,,,,,11.64799976348877,67.0,1021.5999755859376,5.724636077880859,0.0,2.099142551422119,30.963695526123047,0.0,11.29800033569336,0.2409999966621399
1776286800000,2026-04-15 21:00:00,,,,,,,,,,,,,11.248000144958496,65.0,1021.5,4.907305240631104,0.0,3.5999999046325684,53.13002014160156,0.0,10.89799976348877,0.2409999966621399
1776290400000,2026-04-15 22:00:00,,,,,,,,,,,,,11.248000144958496,60.0,1021.4000244140624,3.763832330703736,0.0,3.7585103511810303,73.30067443847656,0.0,10.54800033569336,0.2409999966621399
1776293067082,2026-04-15 22:44:27,,,,10.84,10.48,9.36,,,,100.0,-120.0,-8.0,,,,,,,,,,
1776294000000,2026-04-15 23:00:00,,,,,,,,,,,,,10.89799976348877,62.0,1021.2000122070312,3.900019407272339,0.0,3.976329803466797,84.8056640625,0.0,10.29800033569336,0.2419999986886978
1776297600000,2026-04-16 00:00:00,,,,,,,,,,,,,9.947999954223633,81.0,1021.2000122070312,6.838222026824951,0.0,1.4843180179595947,104.03627014160156,0.0,9.79800033569336,0.2450000047683715
1776301200000,2026-04-16 01:00:00,,,,,,,,,,,,,9.29800033569336,87.0,1020.5999755859376,7.244744777679443,0.0,2.879999876022339,90.0,0.0,9.54800033569336,0.2450000047683715
1776304800000,2026-04-16 02:00:00,,,,,,,,,,,,,9.097999572753906,87.0,1020.7999877929688,7.047985076904297,0.0,2.27683973312378,71.5649642944336,0.0,9.248000144958496,0.2450000047683715
1776307464215,2026-04-16 02:44:24,,,,10.86,9.92,9.56,,,,100.0,-120.0,-6.5,,,,,,,,,,
1776307470980,2026-04-16 02:44:30,30.29,27.43,25.56,,,,316.88,299.02,278.81,100.0,-120.0,-7.8,,,,,,,,,,
1776308400000,2026-04-16 03:00:00,,,,,,,,,,,,,8.847999572753906,89.0,1020.5999755859376,7.133670806884766,0.0,3.2599384784698486,96.34009552001952,0.0,8.947999954223633,0.2450000047683715
1776312000000,2026-04-16 04:00:00,,,,,,,,,,,,,8.54800033569336,90.0,1020.9000244140624,7.000710964202881,0.0,3.239999771118164,90.0,0.0,8.697999954223633,0.2450000047683715
1776315600000,2026-04-16 05:00:00,,,,,,,,,,,,,8.89799976348877,90.0,1020.9000244140624,7.346414566040039,0.0,2.545584201812744,98.13002014160156,0.0,8.697999954223633,0.2450000047683715
1776319200000,2026-04-16 06:00:00,,,,,,,,,,,,,10.29800033569336,86.0,1020.7999877929688,8.058226585388184,0.0,2.879999876022339,90.0,0.0099999997764825,8.998000144958496,0.2460000067949295
1776321861056,2026-04-16 06:44:21,,,,10.73,9.69,9.82,,,,100.0,-112.0,-13.2,,,,,,,,,,
1776321867941,2026-04-16 06:44:27,30.32,27.37,25.6,,,,316.91,298.96,278.84,100.0,-120.0,-6.8,,,,,,,,,,
1776322800000,2026-04-16 07:00:00,,,,,,,,,,,,,12.498000144958496,78.0,1021.0,8.765729904174805,0.0,0.8049845099449158,243.4350128173828,0.0500000044703483,9.89799976348877,0.2460000067949295
1776326400000,2026-04-16 08:00:00,,,,,,,,,,,,,14.04800033569336,71.0,1020.9000244140624,8.86992359161377,0.0,2.27683973312378,288.4350280761719,0.0799999982118606,10.847999572753906,0.2450000047683715
1776330000000,2026-04-16 09:00:00,,,,,,,,,,,,,15.99799919128418,65.0,1021.0,9.421271324157717,0.0,5.483356475830078,293.1986083984375,0.1299999952316284,11.947999954223633,0.2450000047683715
1776333600000,2026-04-16 10:00:00,,,,,,,,,,,,,17.447999954223633,58.0,1020.7000122070312,9.09592056274414,0.0,9.511088371276855,299.4757995605469,0.2199999988079071,13.29800033569336,0.2440000027418136
1776336258022,2026-04-16 10:44:18,,,,10.63,10.09,9.79,,,,100.0,-112.0,-8.5,,,,,,,,,,
1776336263461,2026-04-16 10:44:23,30.65,27.4,25.64,,,,317.21,298.99,278.87,100.0,-112.0,-8.8,,,,,,,,,,
1776337200000,2026-04-16 11:00:00,,,,,,,,,,,,,17.847999572753906,52.0,1020.9000244140624,7.855612754821777,0.0,11.486200332641602,302.1957092285156,0.2599999904632568,14.248000144958496,0.2430000007152557
1776340800000,2026-04-16 12:00:00,,,,,,,,,,,,,18.19799995422364,46.0,1020.7000122070312,6.385860919952393,0.0,11.18320083618164,303.17852783203125,0.2599999904632568,14.847999572753906,0.2419999986886978
1776344400000,2026-04-16 13:00:00,,,,,,,,,,,,,18.89800071716309,39.0,1020.7000122070312,4.6370720863342285,0.0,11.480557441711426,311.1858215332031,0.270000010728836,15.248000144958496,0.2409999966621399
1776348000000,2026-04-16 14:00:00,,,,,,,,,,,,,18.74799919128418,39.0,1020.5,4.502954959869385,0.0,12.218805313110352,315.0000915527344,0.2599999904632568,15.498000144958496,0.238999992609024
1776350654933,2026-04-16 14:44:14,,,,10.86,10.53,9.82,,,,100.0,-121.0,-10.5,,,,,,,,,,
1776350660490,2026-04-16 14:44:20,30.78,27.51,25.73,,,,317.33,299.11,278.95,100.0,-121.0,-10.5,,,,,,,,,,
1776351600000,2026-04-16 15:00:00,,,,,,,,,,,,,18.74799919128418,44.0,1020.5,6.240677833557129,0.0,10.739831924438477,309.55963134765625,0.2199999988079071,15.54800033569336,0.2380000054836273
1776355200000,2026-04-16 16:00:00,,,,,,,,,,,,,18.39800071716309,36.0,1020.5999755859376,3.053107023239136,0.0,10.464797019958496,310.8149719238281,0.1700000017881393,15.347999572753906,0.2370000034570694
1776358800000,2026-04-16 17:00:00,,,,,,,,,,,,,17.29800033569336,50.0,1020.9000244140624,6.774185657501221,0.0,5.58870267868042,345.06854248046875,0.0900000035762786,14.947999954223633,0.2370000034570694
1776362400000,2026-04-16 18:00:00,,,,,,,,,,,,,14.64799976348877,63.0,1021.2999877929688,7.679320335388184,0.0,3.3190360069274902,12.52879810333252,0.0199999995529651,13.998000144958496,0.2360000014305114
1776365051735,2026-04-16 18:44:11,,,,11.41,10.71,9.84,,,,100.0,-120.0,-7.2,,,,,,,,,,
1776365058888,2026-04-16 18:44:18,31.05,27.57,25.73,,,,317.57,299.17,278.95,100.0,-120.0,-8.0,,,,,,,,,,
1776366000000,2026-04-16 19:00:00,,,,,,,,,,,,,11.54800033569336,74.0,1021.9000244140624,7.072065353393555,0.0,4.198285102844238,30.963695526123047,0.0099999997764825,12.748000144958496,0.2360000014305114
1776369600000,2026-04-16 20:00:00,,,,,,,,,,,,,10.39799976348877,78.0,1022.2000122070312,6.72637939453125,0.0,2.099142551422119,59.036319732666016,0.0,11.597999572753906,0.2360000014305114
1776373200000,2026-04-16 21:00:00,,,,,,,,,,,,,10.447999954223633,80.0,1022.5,7.144343376159668,0.0,2.3051247596740723,128.6598358154297,0.0,10.79800033569336,0.2360000014305114
1776376800000,2026-04-16 22:00:00,,,,,,,,,,,,,9.39799976348877,86.0,1022.7999877929688,7.174040794372559,0.0,0.3599999845027923,360.0,0.0,10.347999572753906,0.2360000014305114
1776379455631,2026-04-16 22:44:15,31.64,27.65,25.81,,,,318.11,299.26,279.01,100.0,-121.0,-7.8,,,,,,,,,,
1776380400000,2026-04-16 23:00:00,,,,,,,,,,,,,8.847999572753906,89.0,1023.0999755859376,7.133670806884766,0.0,2.099142551422119,120.96369171142578,0.0,9.89799976348877,0.2360000014305114
1776384000000,2026-04-17 00:00:00,,,,,,,,,,,,,9.89799976348877,83.0,1022.5999755859376,7.145349979400635,0.0,1.0182337760925293,135.00010681152344,0.0,10.14799976348877,0.2349999994039535
1776387600000,2026-04-17 01:00:00,,,,,,,,,,,,,9.447999954223633,84.0,1023.0999755859376,6.879588603973389,0.0,0.7199999690055847,90.0,0.0,9.697999954223633,0.2349999994039535
1776391200000,2026-04-17 02:00:00,,,,,,,,,,,,,8.947999954223633,85.0,1022.9000244140624,6.561702251434326,0.0,1.938659191131592,68.19853210449219,0.0,9.197999954223633,0.2349999994039535
1776393845570,2026-04-17 02:44:05,,,,11.64,10.99,10.14,,,,100.0,-112.0,-6.5,,,,,,,,,,
1776393852694,2026-04-17 02:44:12,31.54,27.76,25.88,,,,318.02,299.37,279.07,100.0,-112.0,-11.0,,,,,,,,,,
1776394800000,2026-04-17 03:00:00,,,,,,,,,,,,,7.498000144958496,94.0,1023.4000244140624,6.59458065032959,0.0,1.1384198665618896,161.56495666503906,0.0,8.54800033569336,0.2360000014305114
1776398400000,2026-04-17 04:00:00,,,,,,,,,,,,,6.1479997634887695,99.0,1023.5999755859376,6.002396106719971,0.0,2.545584201812744,81.86998748779297,0.0,7.998000144958496,0.2360000014305114
1776402000000,2026-04-17 05:00:00,,,,,,,,,,,,,5.6479997634887695,100.0,1023.9000244140624,5.6479997634887695,0.0,1.0182337760925293,135.00010681152344,0.0,7.547999858856201,0.2360000014305114
1776405600000,2026-04-17 06:00:00,,,,,,,,,,,,,7.0980000495910645,99.0,1024.0999755859375,6.951284408569336,0.0,0.3599999845027923,180.0,0.0099999997764825,7.797999858856201,0.2360000014305114
1776408242645,2026-04-17 06:44:02,,,,11.48,10.17,9.94,,,,100.0,-120.0,-9.8,,,,,,,,,,
1776408249501,2026-04-17 06:44:09,31.51,27.74,25.92,,,,317.99,299.35,279.1,100.0,-112.0,-7.5,,,,,,,,,,
1776409200000,2026-04-17 07:00:00,,,,,,,,,,,,,12.04800033569336,77.0,1023.7000122070312,8.138575553894043,0.0,2.545584201812744,261.8699951171875,0.0399999991059303,8.89799976348877,0.2360000014305114
1776412800000,2026-04-17 08:00:00,,,,,,,,,,,,,14.54800033569336,64.0,1023.5,7.815798282623291,0.0,5.241678714752197,285.9454650878906,0.1099999994039535,10.498000144958496,0.2360000014305114
1776416400000,2026-04-17 09:00:00,,,,,,,,,,,,,16.447999954223633,58.0,1023.4000244140624,8.15890121459961,0.0,7.628262996673584,289.2901306152344,0.1700000017881393,12.097999572753906,0.2349999994039535
1776420000000,2026-04-17 10:00:00,,,,,,,,,,,,,17.99799919128418,48.0,1023.2000122070312,6.822281360626221,0.0,10.383987426757812,303.6900939941406,0.2100000232458114,13.447999954223633,0.2349999994039535
1776422639605,2026-04-17 10:43:59,,,,11.25,10.84,10.3,,,,100.0,-120.0,-8.0,,,,,,,,,,
1776422645134,2026-04-17 10:44:05,31.38,27.74,25.94,,,,317.87,299.35,279.12,100.0,-119.0,-8.0,,,,,,,,,,
1776423600000,2026-04-17 11:00:00,,,,,,,,,,,,,18.89800071716309,38.0,1023.0,4.265642166137695,0.0,11.18320083618164,326.82147216796875,0.270000010728836,14.597999572753906,0.2339999973773956
1776427200000,2026-04-17 12:00:00,,,,,,,,,,,,,19.54800033569336,35.0,1022.7999877929688,3.67087197303772,0.0,13.493998527526855,313.9191589355469,0.270000010728836,15.447999954223633,0.2319999933242797
1776430800000,2026-04-17 13:00:00,,,,,,,,,,,,,19.29800033569336,36.0,1022.5999755859376,3.850396871566773,0.0,13.397611618041992,329.30035400390625,0.25,15.947999954223633,0.231000006198883
1776434400000,2026-04-17 14:00:00,,,,,,,,,,,,,19.24799919128418,37.0,1022.0,4.196467399597168,0.0,13.207633972167969,342.5527038574219,0.2100000232458114,16.24799919128418,0.2300000041723251
1776437036526,2026-04-17 14:43:56,,,,11.51,10.02,10.6,,,,100.0,-112.0,-10.0,,,,,,,,,,
1776437043370,2026-04-17 14:44:03,31.51,27.76,25.98,,,,317.99,299.37,279.15,100.0,-121.0,-9.0,,,,,,,,,,
1776438000000,2026-04-17 15:00:00,,,,,,,,,,,,,19.39800071716309,37.0,1021.5,4.329745292663574,0.0,12.574259757995604,336.37060546875,0.2000000178813934,16.347999572753906,0.2290000021457672
1776441600000,2026-04-17 16:00:00,,,,,,,,,,,,,18.597999572753903,36.0,1021.5,3.230307340621948,0.0,8.049844741821289,333.4350280761719,0.1599999964237213,16.197999954223633,0.2280000001192093
1776445200000,2026-04-17 17:00:00,,,,,,,,,,,,,17.74799919128418,40.0,1021.5999755859376,3.968726396560669,0.0,6.1516828536987305,20.556127548217773,0.0799999982118606,15.748000144958496,0.2280000001192093
1776448800000,2026-04-17 18:00:00,,,,,,,,,,,,,15.097999572753906,50.0,1022.0999755859376,4.747761249542236,0.0,3.545588731765747,23.962491989135746,0.0299999993294477,14.748000144958496,0.2280000001192093
1776451433281,2026-04-17 18:43:53,,,,11.96,11.35,10.53,,,,100.0,-110.0,-12.0,,,,,,,,,,
1776451440324,2026-04-17 18:44:00,31.71,27.81,25.98,,,,318.17,299.43,279.15,100.0,-112.0,-11.0,,,,,,,,,,
1776452400000,2026-04-17 19:00:00,,,,,,,,,,,,,10.847999572753906,63.0,1022.7000122070312,4.080634117126465,0.0,4.582051753997803,44.99989700317383,0.0099999997764825,13.39799976348877,0.2269999980926513
1776456000000,2026-04-17 20:00:00,,,,,,,,,,,,,9.64799976348877,70.0,1023.0,4.440945148468018,0.0,4.104631423950195,74.74482727050781,0.0099999997764825,12.14799976348877,0.2269999980926513
1776459600000,2026-04-17 21:00:00,,,,,,,,,,,,,8.54800033569336,75.0,1023.2999877929688,4.367685317993164,0.0,3.976329803466797,84.8056640625,0.0,11.04800033569336,0.2269999980926513
1776463200000,2026-04-17 22:00:00,,,,,,,,,,,,,7.547999858856201,78.0,1023.5,3.957907676696777,0.0,3.5999999046325684,90.0,0.0,10.197999954223633,0.2269999980926513
1776465830206,2026-04-17 22:43:50,,,,12.19,11.51,10.48,,,,100.0,-121.0,-9.0,,,,,,,,,,
1776465835969,2026-04-17 22:43:55,31.81,27.9,26.01,,,,318.26,299.52,279.18,100.0,-113.0,-6.8,,,,,,,,,,
1776466800000,2026-04-17 23:00:00,,,,,,,,,,,,,6.547999858856201,82.0,1023.7999877929688,3.6950066089630127,0.0,4.6938252449035645,94.39862060546876,0.0,9.447999954223633,0.2269999980926513
1776470400000,2026-04-18 00:00:00,,,,,,,,,,,,,5.998000144958496,87.0,1022.2999877929688,3.997884511947632,0.0,3.976329803466797,95.19434356689452,0.0,8.697999954223633,0.2249999940395355
1776474000000,2026-04-18 01:00:00,,,,,,,,,,,,,5.498000144958496,86.0,1022.5,3.3419342041015625,0.0,3.976329803466797,95.19434356689452,0.0,8.248000144958496,0.2249999940395355
1776477600000,2026-04-18 02:00:00,,,,,,,,,,,,,4.797999858856201,86.0,1022.4000244140624,2.6540098190307617,0.0,4.104631423950195,105.2551727294922,0.0,7.697999954223633,0.2259999960660934
1776480227239,2026-04-18 02:43:47,,,,12.09,11.67,10.68,,,,100.0,-120.0,-9.0,,,,,,,,,,
1776480234124,2026-04-18 02:43:54,31.77,27.95,26.09,,,,318.23,299.58,279.24,100.0,-120.0,-9.2,,,,,,,,,,
1776481200000,2026-04-18 03:00:00,,,,,,,,,,,,,5.047999858856201,85.0,1022.5999755859376,2.7346577644348145,0.0,4.379589080810547,99.46224975585938,0.0,7.348000049591064,0.2259999960660934
1776484800000,2026-04-18 04:00:00,,,,,,,,,,,,,4.748000144958496,88.0,1022.4000244140624,2.9291441440582275,0.0,4.379589080810547,99.46224975585938,0.0,7.0980000495910645,0.2259999960660934
1776488400000,2026-04-18 05:00:00,,,,,,,,,,,,,5.447999954223633,86.0,1022.5999755859376,3.292797803878784,0.0,4.213691711425781,109.98319244384766,0.0,6.947999954223633,0.2259999960660934
1776492000000,2026-04-18 06:00:00,,,,,,,,,,,,,8.347999572753906,78.0,1022.4000244140624,4.735114097595215,0.0,3.219938039779663,116.5649871826172,0.0199999995529651,7.248000144958496,0.2259999960660934
1776494624226,2026-04-18 06:43:44,,,,11.88,11.25,10.86,,,,100.0,-121.0,-8.8,,,,,,,,,,
1776494631200,2026-04-18 06:43:51,31.64,27.95,26.09,,,,318.11,299.58,279.24,100.0,-120.0,-8.8,,,,,,,,,,
1776495600000,2026-04-18 07:00:00,,,,,,,,,,,,,11.697999954223633,66.0,1021.9000244140624,5.5551958084106445,0.0,3.7064266204833984,119.05451202392578,0.0599999986588954,8.197999954223633,0.2259999960660934
1776499200000,2026-04-18 08:00:00,,,,,,,,,,,,,15.04800033569336,56.0,1021.4000244140624,6.3361992835998535,0.0,4.104631423950195,127.8750457763672,0.1400000154972076,9.64799976348877,0.2259999960660934
1776502800000,2026-04-18 09:00:00,,,,,,,,,,,,,17.74799919128418,46.0,1020.7999877929688,5.975603103637695,0.0,3.096837043762207,125.53776550292967,0.2199999988079071,11.197999954223633,0.2249999940395355
1776506400000,2026-04-18 10:00:00,,,,,,,,,,,,,19.29800033569336,38.0,1020.4000244140624,4.622170448303223,0.0,1.8356469869613647,258.6900939941406,0.2900000214576721,12.597999572753906,0.2240000069141388
1776509021174,2026-04-18 10:43:41,,,,11.67,11.56,10.81,,,,100.0,-112.0,-14.0,,,,,,,,,,
1776510000000,2026-04-18 11:00:00,,,,,,,,,,,,,20.24799919128418,35.0,1019.7000122070312,4.288678646087647,0.0,2.968636035919189,284.0362548828125,0.3199999928474426,13.89799976348877,0.2230000048875808
1776513600000,2026-04-18 12:00:00,,,,,,,,,,,,,20.94799995422364,33.0,1019.2999877929688,4.064685821533203,0.0,5.351784706115723,317.72637939453125,0.3400000035762787,15.04800033569336,0.2220000028610229
1776517200000,2026-04-18 13:00:00,,,,,,,,,,,,,21.44799995422364,36.0,1018.9000244140624,5.753728866577148,0.0,7.127635955810547,315.0000915527344,0.3100000023841858,15.89799976348877,0.221000000834465
1776520800000,2026-04-18 14:00:00,,,,,,,,,,,,,21.24799919128418,34.0,1018.2999877929688,4.754705429077148,0.0,6.489992141723633,3.179771900177002,0.270000010728836,16.49799919128418,0.2199999988079071
1776523418048,2026-04-18 14:43:38,,,,11.88,10.45,10.76,,,,100.0,-120.0,-9.2,,,,,,,,,,
1776523423509,2026-04-18 14:43:43,31.64,28.01,26.12,,,,318.11,299.64,279.27,100.0,-112.0,-4.8,,,,,,,,,,
1776524400000,2026-04-18 15:00:00,,,,,,,,,,,,,20.847999572753903,37.0,1017.9000244140624,5.6176066398620605,0.0,5.191993713378906,326.3099060058594,0.1899999976158142,16.648000717163086,0.2189999967813491
1776528000000,2026-04-18 16:00:00,,,,,,,,,,,,,20.29800033569336,39.0,1017.5999755859376,5.88841438293457,0.0,3.396233081817627,327.9946594238281,0.1299999952316284,16.54800033569336,0.2179999947547912
1776531600000,2026-04-18 17:00:00,,,,,,,,,,,,,18.847999572753903,50.0,1017.5999755859376,8.201059341430664,0.0,3.075841426849365,339.4438781738281,0.0599999986588954,16.197999954223633,0.2179999947547912
1776535200000,2026-04-18 18:00:00,,,,,,,,,,,,,16.947999954223633,54.0,1017.9000244140624,7.57527494430542,0.0,3.6712939739227295,11.309895515441896,0.0199999995529651,15.447999954223633,0.2179999947547912
1776537814980,2026-04-18 18:43:34,,,,12.41,11.75,11.17,,,,100.0,-120.0,-9.5,,,,,,,,,,
1776537821923,2026-04-18 18:43:41,31.94,27.92,26.09,,,,318.38,299.55,279.24,100.0,-120.0,-9.5,,,,,,,,,,
1776538800000,2026-04-18 19:00:00,,,,,,,,,,,,,15.39799976348877,63.0,1018.0,8.38924789428711,0.0,1.938659191131592,68.19853210449219,0.0,14.64799976348877,0.2169999927282333
1776542400000,2026-04-18 20:00:00,,,,,,,,,,,,,13.947999954223633,73.0,1017.9000244140624,9.18580436706543,0.0,2.099142551422119,120.96369171142578,0.0,13.697999954223633,0.2169999927282333
1776546000000,2026-04-18 21:00:00,,,,,,,,,,,,,12.998000144958496,80.0,1018.0,9.627984046936035,0.0,3.219938039779663,296.5649719238281,0.0,12.998000144958496,0.2169999927282333
1776549600000,2026-04-18 22:00:00,,,,,,,,,,,,,12.998000144958496,85.0,1018.0999755859376,10.53475570678711,0.1000000014901161,2.9024126529693604,299.7447814941406,0.0,12.54800033569336,0.2169999927282333
1776552211924,2026-04-18 22:43:31,,,,12.67,11.46,10.76,,,,100.0,-121.0,-10.0,,,,,,,,,,
1776552217484,2026-04-18 22:43:37,32.04,28.01,26.09,,,,318.47,299.64,279.24,100.0,-121.0,-10.0,,,,,,,,,,
1776553200000,2026-04-18 23:00:00,,,,,,,,,,,,,12.29800033569336,90.0,1017.7999877929688,10.704387664794922,0.0,2.741678237915039,336.8013916015625,0.0,12.197999954223633,0.2169999927282333
1776556800000,2026-04-19 00:00:00,,,,,,,,,,,,,12.447999954223633,92.0,1017.2000122070312,11.183700561523438,0.2000000029802322,1.0182337760925293,44.99989700317383,0.0,13.04800033569336,0.2160000056028366
1776560400000,2026-04-19 01:00:00,,,,,,,,,,,,,11.847999572753906,96.0,1016.7000122070312,11.230363845825195,0.0,1.1384198665618896,161.56495666503906,0.0,12.39799976348877,0.2169999927282333
1776564000000,2026-04-19 02:00:00,,,,,,,,,,,,,11.14799976348877,98.0,1016.7000122070312,10.843637466430664,0.0,0.8049845099449158,26.564985275268555,0.0,11.79800033569336,0.2179999947547912
1776567600000,2026-04-19 03:00:00,,,,,,,,,,,,,10.248000144958496,97.0,1016.4000244140624,9.79263687133789,0.0,3.2599384784698486,96.34009552001952,0.0,11.29800033569336,0.2189999967813491
1776571200000,2026-04-19 04:00:00,,,,,,,,,,,,,10.097999572753906,98.0,1016.0,9.796143531799316,0.2000000029802322,2.9024126529693604,97.12492370605467,0.0,10.847999572753906,0.2199999988079071
1776574800000,2026-04-19 05:00:00,,,,,,,,,,,,,10.14799976348877,97.0,1015.9000244140624,9.69299602508545,0.0,2.27683973312378,108.43504333496094,0.0,10.64799976348877,0.221000000834465
1776578400000,2026-04-19 06:00:00,,,,,,,,,,,,,11.347999572753906,93.0,1015.7000122070312,10.25635814666748,0.0,0.3599999845027923,90.0,0.0099999997764825,10.79800033569336,0.2220000028610229
1776581005700,2026-04-19 06:43:25,,,,12.51,12.09,10.68,,,,100.0,-121.0,-10.2,,,,,,,,,,
1776581011256,2026-04-19 06:43:31,32.1,28.12,26.16,,,,318.53,299.76,279.3,100.0,-121.0,-10.2,,,,,,,,,,
1776582000000,2026-04-19 07:00:00,,,,,,,,,,,,,12.54800033569336,87.0,1015.2000122070312,10.441736221313477,0.0,1.0182337760925293,135.00010681152344,0.0500000044703483,11.347999572753906,0.2230000048875808
1776585600000,2026-04-19 08:00:00,,,,,,,,,,,,,13.498000144958496,84.0,1014.5999755859376,10.846963882446287,0.3000000119209289,1.0800000429153442,90.0,0.0700000077486038,11.79800033569336,0.2240000069141388
1776589200000,2026-04-19 09:00:00,,,,,,,,,,,,,14.64799976348877,82.0,1014.2000122070312,11.607951164245604,0.0,0.8049845099449158,333.4350280761719,0.1199999973177909,12.498000144958496,0.2240000069141388
1776592800000,2026-04-19 10:00:00,,,,,,,,,,,,,15.197999954223633,80.0,1013.5999755859376,11.770208358764648,0.1000000014901161,2.879999876022339,360.0,0.1400000154972076,13.04800033569336,0.2249999940395355
1776595402659,2026-04-19 10:43:22,,,,12.41,11.46,11.22,,,,100.0,-120.0,-9.8,,,,,,,,,,
1776595408155,2026-04-19 10:43:28,32.01,28.12,26.18,,,,318.44,299.76,279.32,100.0,-120.0,-9.8,,,,,,,,,,
1776596400000,2026-04-19 11:00:00,,,,,,,,,,,,,14.847999572753906,82.0,1012.9000244140624,11.803256034851074,0.2000000029802322,3.563817977905273,224.99989318847656,0.1199999973177909,13.498000144958496,0.2249999940395355
1776600000000,2026-04-19 12:00:00,,,,,,,,,,,,,14.597999572753906,85.0,1012.5,12.104021072387695,0.4000000059604645,8.78872013092041,145.00790405273438,0.1000000089406967,13.64799976348877,0.2259999960660934
1776603600000,2026-04-19 13:00:00,,,,,,,,,,,,,14.14799976348877,84.0,1011.5,11.483582496643066,1.600000023841858,0.7199999690055847,180.0,0.0900000035762786,13.54800033569336,0.2290000021457672
1776607200000,2026-04-19 14:00:00,,,,,,,,,,,,,12.347999572753906,86.0,1012.5999755859376,10.071992874145508,3.299999952316284,27.69895362854004,297.8971862792969,0.1000000089406967,13.29800033569336,0.2569999992847442
1776609806590,2026-04-19 14:43:26,32.01,28.09,26.18,,,,318.44,299.73,279.32,100.0,-121.0,-9.5,,,,,,,,,,
1776610800000,2026-04-19 15:00:00,,,,,,,,,,,,,10.64799976348877,81.0,1014.0,7.521095275878906,0.0,24.363250732421875,288.9704895019531,0.1199999973177909,12.847999572753906,0.2770000100135803
1776614400000,2026-04-19 16:00:00,,,,,,,,,,,,,9.597999572753906,82.0,1014.9000244140624,6.6752610206604,0.0,22.314193725585938,287.85040283203125,0.0799999982118606,12.347999572753906,0.2809999883174896
1776618000000,2026-04-19 17:00:00,,,,,,,,,,,,,8.947999954223633,84.0,1015.7000122070312,6.389698505401611,0.4000000059604645,20.73050117492676,290.3232116699219,0.0700000077486038,11.79800033569336,0.2809999883174896
1776621600000,2026-04-19 18:00:00,,,,,,,,,,,,,8.14799976348877,84.0,1016.4000244140624,5.605835437774658,1.399999976158142,18.250259399414062,292.0113220214844,0.0700000077486038,11.197999954223633,0.2840000092983246
1776624196510,2026-04-19 18:43:16,,,,12.46,12.14,11.3,,,,100.0,-112.0,-12.5,,,,,,,,,,
1776624203552,2026-04-19 18:43:23,31.94,28.12,26.16,,,,318.38,299.76,279.3,100.0,-112.0,-7.8,,,,,,,,,,
1776625200000,2026-04-19 19:00:00,,,,,,,,,,,,,8.197999954223633,81.0,1016.7999877929688,5.130835056304932,0.3000000119209289,16.981164932250977,291.1247863769531,0.0599999986588954,10.697999954223633,0.2910000085830688
1776628800000,2026-04-19 20:00:00,,,,,,,,,,,,,7.797999858856201,84.0,1016.7999877929688,5.26287841796875,0.1000000014901161,12.64107608795166,289.9831848144531,0.0500000044703483,10.29800033569336,0.2930000126361847
1776632400000,2026-04-19 21:00:00,,,,,,,,,,,,,7.498000144958496,86.0,1017.0,5.307247638702393,0.0,10.239453315734863,280.1246032714844,0.0399999991059303,9.89799976348877,0.2910000085830688
1776636000000,2026-04-19 22:00:00,,,,,,,,,,,,,7.748000144958496,87.0,1016.9000244140624,5.719790458679199,0.2000000029802322,7.386581897735596,316.97491455078125,0.0299999993294477,9.64799976348877,0.289000004529953
1776638593443,2026-04-19 22:43:13,,,,12.27,11.82,11.3,,,,100.0,-117.0,-13.2,,,,,,,,,,
1776638600431,2026-04-19 22:43:20,31.91,28.06,26.16,,,,318.35,299.7,279.3,100.0,-117.0,-12.5,,,,,,,,,,
1776639600000,2026-04-19 23:00:00,,,,,,,,,,,,,7.748000144958496,87.0,1016.9000244140624,5.719790458679199,0.2000000029802322,9.686609268188477,311.98712158203125,0.0299999993294477,9.447999954223633,0.2870000004768371
1776643200000,2026-04-20 00:00:00,,,,,,,,,,,,,7.0980000495910645,94.0,1016.0,6.197457313537598,1.600000023841858,5.014219284057617,291.0375671386719,0.0199999995529651,9.097999572753906,0.2750000059604645
1776646800000,2026-04-20 01:00:00,,,,,,,,,,,,,7.297999858856201,90.0,1015.7999877929688,5.766000270843506,0.1000000014901161,5.447788238525391,262.40545654296875,0.0099999997764825,8.89799976348877,0.2809999883174896
1776650400000,2026-04-20 02:00:00,,,,,,,,,,,,,7.248000144958496,89.0,1015.5999755859376,5.555308818817139,0.2000000029802322,5.447788238525391,262.40545654296875,0.0299999993294477,8.748000144958496,0.2829999923706054
1776652990434,2026-04-20 02:43:10,,,,12.06,11.3,11.35,,,,100.0,-120.0,-9.0,,,,,,,,,,
1776652995910,2026-04-20 02:43:15,31.81,28.04,26.16,,,,318.26,299.67,279.3,100.0,-120.0,-11.0,,,,,,,,,,
1776654000000,2026-04-20 03:00:00,,,,,,,,,,,,,7.447999954223633,88.0,1015.5,5.589438438415527,0.5,10.89557647705078,277.59454345703125,0.0399999991059303,8.597999572753906,0.2840000092983246
1776657600000,2026-04-20 04:00:00,,,,,,,,,,,,,7.197999954223633,85.0,1015.2999877929688,4.844577789306641,0.0,13.397611618041992,276.1700744628906,0.0599999986588954,8.498000144958496,0.2860000133514404
1776661200000,2026-04-20 05:00:00,,,,,,,,,,,,,6.998000144958496,83.0,1015.0,4.307773113250732,0.0,12.959999084472656,270.0,0.0700000077486038,8.39799976348877,0.2860000133514404
1776664800000,2026-04-20 06:00:00,,,,,,,,,,,,,7.0980000495910645,84.0,1014.5999755859376,4.576937675476074,0.2000000029802322,12.59999942779541,270.0,0.0900000035762786,8.29800033569336,0.2840000092983246
1776667387301,2026-04-20 06:43:07,,,,11.82,12.11,11.2,,,,100.0,-112.0,-12.0,,,,,,,,,,
1776668400000,2026-04-20 07:00:00,,,,,,,,,,,,,7.047999858856201,86.0,1014.5,4.865076065063477,0.6000000238418579,13.339445114135742,273.093994140625,0.1000000089406967,8.248000144958496,0.2829999923706054
1776672000000,2026-04-20 08:00:00,,,,,,,,,,,,,7.348000049591064,85.0,1014.5,4.991767883300781,0.800000011920929,14.113653182983398,275.8559265136719,0.1199999973177909,8.248000144958496,0.2849999964237213
1776675600000,2026-04-20 09:00:00,,,,,,,,,,,,,7.447999954223633,85.0,1014.5999755859376,5.089895248413086,1.0,14.685175895690918,281.3099060058594,0.1500000059604644,8.347999572753906,0.289000004529953
1776679200000,2026-04-20 10:00:00,,,,,,,,,,,,,6.8979997634887695,84.0,1015.0999755859376,4.380947589874268,1.100000023841858,18.11841011047364,290.9558410644531,0.2000000178813934,8.39799976348877,0.2960000038146972
1776682800000,2026-04-20 11:00:00,,,,,,,,,,,,,6.197999954223633,85.0,1015.5999755859376,3.863262414932251,1.100000023841858,15.315873146057127,293.5522766113281,0.1800000071525573,8.29800033569336,0.3009999990463257
1776686400000,2026-04-20 12:00:00,,,,,,,,,,,,,6.297999858856201,84.0,1015.7000122070312,3.792957067489624,1.0,14.68958854675293,287.1028137207031,0.2199999988079071,8.248000144958496,0.3059999942779541
1776690000000,2026-04-20 13:00:00,,,,,,,,,,,,,6.3480000495910645,84.0,1015.5,3.841957092285156,1.0,14.118243217468262,289.35906982421875,0.1899999976158142,8.197999954223633,0.3100000023841858
1776693600000,2026-04-20 14:00:00,,,,,,,,,,,,,6.447999954223633,85.0,1015.5,4.108598232269287,0.800000011920929,12.904882431030272,300.14129638671875,0.1599999964237213,8.14799976348877,0.3120000064373016
1776697200000,2026-04-20 15:00:00,,,,,,,,,,,,,6.0980000495910645,86.0,1015.7999877929688,3.931556701660156,0.699999988079071,11.44097900390625,294.1455383300781,0.1400000154972076,8.04800033569336,0.3129999935626983
1776700800000,2026-04-20 16:00:00,,,,,,,,,,,,,5.797999858856201,90.0,1016.0,4.284248352050781,0.6000000238418579,10.630672454833984,298.3006591796875,0.1000000089406967,7.8979997634887695,0.3140000104904175
1776704400000,2026-04-20 17:00:00,,,,,,,,,,,,,5.697999954223633,92.0,1016.4000244140624,4.499467372894287,0.4000000059604645,7.895416259765625,294.22772216796875,0.0500000044703483,7.697999954223633,0.3140000104904175
1776708000000,2026-04-20 18:00:00,,,,,,,,,,,,,5.8979997634887695,95.0,1016.7999877929688,5.158150672912598,0.0,4.829906940460205,296.5649719238281,0.0299999993294477,7.547999858856201,0.3109999895095825
1776711600000,2026-04-20 19:00:00,,,,,,,,,,,,,6.0980000495910645,95.0,1017.2999877929688,5.35696268081665,0.0,4.510787010192871,298.6103515625,0.0099999997764825,7.447999954223633,0.3079999983310699
1776715200000,2026-04-20 20:00:00,,,,,,,,,,,,,6.197999954223633,93.0,1017.5999755859376,5.150020122528076,0.0,3.3190360069274902,310.6012268066406,0.0099999997764825,7.348000049591064,0.3050000071525574
1776718800000,2026-04-20 21:00:00,,,,,,,,,,,,,6.1479997634887695,94.0,1018.0999755859376,5.2542724609375,0.1000000014901161,3.826852560043335,318.81414794921875,0.0099999997764825,7.297999858856201,0.3019999861717224
1776722400000,2026-04-20 22:00:00,,,,,,,,,,,,,5.947999954223633,94.0,1018.7000122070312,5.055703639984131,0.0,5.191993713378906,303.6900939941406,0.0,7.197999954223633,0.3000000119209289
1776724982279,2026-04-20 22:43:02,39.6,38.33,38.82,,,,327.38,311.17,290.68,100.0,-121.0,-14.0,,,,,,,,,,
1776726000000,2026-04-20 23:00:00,,,,,,,,,,,,,6.248000144958496,89.0,1019.2999877929688,4.568760871887207,0.0,6.1516828536987305,20.556127548217773,0.0099999997764825,7.0980000495910645,0.2980000078678131
1776729600000,2026-04-21 00:00:00,,,,,,,,,,,,,6.3480000495910645,91.0,1019.7000122070312,4.986156940460205,0.1000000014901161,4.693825721740723,32.47117233276367,0.0,6.998000144958496,0.3050000071525574
1776733200000,2026-04-21 01:00:00,,,,,,,,,,,,,6.3979997634887695,91.0,1019.9000244140624,5.035613059997559,0.0,4.104631423950195,37.87505340576172,0.0099999997764825,6.947999954223633,0.3030000030994415
1776736800000,2026-04-21 02:00:00,,,,,,,,,,,,,6.297999858856201,90.0,1020.2999877929688,4.778178215026856,0.0,2.968636035919189,14.036274909973145,0.0199999995529651,6.8979997634887695,0.3019999861717224
1776739379246,2026-04-21 02:42:59,39.29,38.05,38.55,,,,326.68,310.46,290.15,100.0,-117.0,-12.5,,,,,,,,,,
1776740400000,2026-04-21 03:00:00,,,,,,,,,,,,,5.748000144958496,90.0,1020.7000122070312,4.234855175018311,0.0,3.075841426849365,69.4438705444336,0.0,6.748000144958496,0.3009999990463257
1776744000000,2026-04-21 04:00:00,,,,,,,,,,,,,5.248000144958496,91.0,1020.7999877929688,3.898112535476685,0.0,3.219938039779663,63.43501281738281,0.0,6.547999858856201,0.3000000119209289
1776747600000,2026-04-21 05:00:00,,,,,,,,,,,,,5.197999954223633,91.0,1021.4000244140624,3.848654270172119,0.0,1.7999999523162842,306.8699645996094,0.0,6.1479997634887695,0.2989999949932098
1776751200000,2026-04-21 06:00:00,,,,,,,,,,,,,6.3979997634887695,89.0,1022.0,4.716746330261231,0.0,7.145795822143555,49.085716247558594,0.0299999993294477,6.3979997634887695,0.2980000078678131
1776753769252,2026-04-21 06:42:49,,,,10.53,10.84,10.84,,,,100.0,-121.0,-10.8,,,,,,,,,,
1776754800000,2026-04-21 07:00:00,,,,,,,,,,,,,7.047999858856201,86.0,1022.5,4.865076065063477,0.0,5.634891033172607,26.564985275268555,0.1199999973177909,6.8979997634887695,0.296999990940094
1776758400000,2026-04-21 08:00:00,,,,,,,,,,,,,8.748000144958496,80.0,1022.5999755859376,5.488221645355225,0.0,6.119999885559082,360.0,0.2000000178813934,7.547999858856201,0.2960000038146972
1776762000000,2026-04-21 09:00:00,,,,,,,,,,,,,10.447999954223633,65.0,1022.7999877929688,4.146644115447998,0.0,7.421589851379394,22.83369445800781,0.2900000214576721,8.597999572753906,0.2939999997615814
1776765600000,2026-04-21 10:00:00,,,,,,,,,,,,,11.847999572753906,50.0,1022.5,1.7516461610794067,0.0,11.384198188781738,55.30478286743164,0.3700000345706939,9.64799976348877,0.2919999957084656
1776768166237,2026-04-21 10:42:46,,,,10.37,10.84,10.71,,,,100.0,-120.0,-12.8,,,,,,,,,,
1776768171862,2026-04-21 10:42:51,38.79,37.1,38.07,,,,325.56,309.39,289.2,100.0,-121.0,-9.0,,,,,,,,,,
1776769200000,2026-04-21 11:00:00,,,,,,,,,,,,,12.248000144958496,40.0,1022.5999755859376,-0.9709239602088928,0.0,14.578889846801758,57.09475326538086,0.4000000357627868,10.347999572753906,0.2899999916553497
1776772800000,2026-04-21 12:00:00,,,,,,,,,,,,,12.64799976348877,39.0,1022.5999755859376,-0.9581742286682128,0.0,11.808877944946287,37.56866455078125,0.3400000035762787,10.748000144958496,0.2879999876022339
1776776400000,2026-04-21 13:00:00,,,,,,,,,,,,,12.89799976348877,39.0,1022.7000122070312,-0.7340851426124573,0.0,12.413476943969728,60.4613151550293,0.3000000119209289,10.998000144958496,0.2870000004768371
1776780000000,2026-04-21 14:00:00,,,,,,,,,,,,,12.748000144958496,37.0,1022.7000122070312,-1.5871487855911257,0.0,12.81923484802246,51.842735290527344,0.2800000309944153,11.14799976348877,0.2849999964237213
1776782563272,2026-04-21 14:42:43,,,,10.43,10.81,10.48,,,,100.0,-121.0,-10.8,,,,,,,,,,
1776782570159,2026-04-21 14:42:50,38.62,36.59,37.73,,,,325.19,308.85,288.85,100.0,-121.0,-11.8,,,,,,,,,,
1776783600000,2026-04-21 15:00:00,,,,,,,,,,,,,12.39799976348877,40.0,1022.7000122070312,-0.8360601663589478,0.0,10.966712951660156,23.198617935180664,0.270000010728836,11.197999954223633,0.2840000092983246
1776787200000,2026-04-21 16:00:00,,,,,,,,,,,,,11.89799976348877,41.0,1022.7000122070312,-0.9482628107070924,0.0,9.72666358947754,38.990997314453125,0.2100000232458114,11.097999572753906,0.2820000052452087
1776790800000,2026-04-21 17:00:00,,,,,,,,,,,,,10.847999572753906,48.0,1022.7000122070312,0.2637065947055816,0.0,6.130578994750977,3.3664000034332275,0.1299999952316284,10.697999954223633,0.2820000052452087
1776794400000,2026-04-21 18:00:00,,,,,,,,,,,,,8.29800033569336,60.0,1023.4000244140624,0.9839763045310974,0.0,5.052840709686279,355.9144592285156,0.0500000044703483,9.947999954223633,0.2809999883174896
1776796960105,2026-04-21 18:42:40,,,,10.76,10.84,10.48,,,,100.0,-112.0,-10.8,,,,,,,,,,
1776796967036,2026-04-21 18:42:47,38.49,36.21,37.26,,,,324.92,308.44,288.47,100.0,-116.0,-14.2,,,,,,,,,,
1776798000000,2026-04-21 19:00:00,,,,,,,,,,,,,6.047999858856201,72.0,1024.0,1.3790240287780762,0.0,4.6938252449035645,355.60137939453125,0.0199999995529651,8.847999572753906,0.2809999883174896
1776801600000,2026-04-21 20:00:00,,,,,,,,,,,,,5.248000144958496,74.0,1024.300048828125,0.9889931678771972,0.0,2.189794540405273,350.5377502441406,0.0099999997764825,7.797999858856201,0.2809999883174896
1776805200000,2026-04-21 21:00:00,,,,,,,,,,,,,5.047999858856201,76.0,1024.699951171875,1.1665092706680298,0.0,1.4399999380111694,180.0,0.0,7.047999858856201,0.2809999883174896
1776808800000,2026-04-21 22:00:00,,,,,,,,,,,,,4.047999858856201,80.0,1025.199951171875,0.9080238342285156,0.0,1.2979984283447266,236.3099060058593,0.0,6.197999954223633,0.2809999883174896
1776811356983,2026-04-21 22:42:36,,,,10.84,10.94,10.53,,,,100.0,-117.0,-11.0,,,,,,,,,,
1776811363941,2026-04-21 22:42:43,38.29,35.85,36.78,,,,324.47,308.05,288.07,100.0,-113.0,-7.0,,,,,,,,,,
1776812400000,2026-04-21 23:00:00,,,,,,,,,,,,,2.8980000019073486,87.0,1025.699951171875,0.947174072265625,0.0,0.5091168880462646,224.99989318847656,0.0,5.447999954223633,0.2809999883174896
1776816000000,2026-04-22 00:00:00,,,,,,,,,,,,,1.097999930381775,95.0,1025.0999755859375,0.3863657712936401,0.0,1.2979984283447266,213.69009399414065,0.0,4.197999954223633,0.2860000133514404
1776819600000,2026-04-22 01:00:00,,,,,,,,,,,,,0.8479999899864197,95.0,1025.5999755859375,0.1378204077482223,0.0,0.8049845099449158,333.4350280761719,0.0,3.747999906539917,0.2860000133514404
1776823200000,2026-04-22 02:00:00,,,,,,,,,,,,,1.097999930381775,92.0,1025.5999755859375,-0.0567157752811908,0.0,1.1384198665618896,341.56494140625,0.0,3.3980000019073486,0.2860000133514404
1776825754071,2026-04-22 02:42:34,,,,10.71,10.09,10.73,,,,100.0,-120.0,-11.0,,,,,,,,,,
1776825760903,2026-04-22 02:42:40,38.16,35.54,36.39,,,,324.2,307.72,287.75,100.0,-116.0,-10.5,,,,,,,,,,
1776826800000,2026-04-22 03:00:00,,,,,,,,,,,,,0.4480000138282776,95.0,1025.4000244140625,-0.2598553597927093,0.0,1.938659191131592,291.8014831542969,0.0,3.1480000019073486,0.2849999964237213
1776830400000,2026-04-22 04:00:00,,,,,,,,,,,,,0.1979999989271164,95.0,1025.5999755859375,-0.5084046125411987,0.0,1.4843180179595947,255.96372985839844,0.0,2.947999954223633,0.2849999964237213
1776834000000,2026-04-22 05:00:00,,,,,,,,,,,,,0.4980000257492065,93.0,1026.199951171875,-0.5026900768280029,0.0,2.189794540405273,279.4622497558594,0.0,2.747999906539917,0.2849999964237213
1776837600000,2026-04-22 06:00:00,,,,,,,,,,,,,3.197999954223633,89.0,1026.699951171875,1.5594650506973269,0.0,3.3190360069274902,282.52880859375,0.0099999997764825,3.1480000019073486,0.2849999964237213
1776840151068,2026-04-22 06:42:31,,,,10.43,11.12,10.53,,,,100.0,-121.0,-11.2,,,,,,,,,,
1776840158062,2026-04-22 06:42:38,37.73,35.21,36.04,,,,323.62,307.37,287.46,100.0,-121.0,-11.2,,,,,,,,,,
1776841200000,2026-04-22 07:00:00,,,,,,,,,,,,,5.297999858856201,74.0,1026.800048828125,1.0372923612594604,0.0,7.695919990539551,280.78424072265625,0.0700000077486038,4.047999858856201,0.2840000092983246
1776844800000,2026-04-22 08:00:00,,,,,,,,,,,,,7.297999858856201,66.0,1026.9000244140625,1.3630958795547483,0.0,8.55710220336914,292.24908447265625,0.1400000154972076,5.1479997634887695,0.2840000092983246
1776848400000,2026-04-22 09:00:00,,,,,,,,,,,,,9.29800033569336,61.0,1026.699951171875,2.158290147781372,0.0,9.65981388092041,296.5649719238281,0.2300000041723251,6.447999954223633,0.2829999923706054
1776852000000,2026-04-22 10:00:00,,,,,,,,,,,,,11.248000144958496,56.0,1026.199951171875,2.7866435050964355,0.0,10.495713233947754,300.96368408203125,0.3000000119209289,7.697999954223633,0.2809999883174896
1776854548016,2026-04-22 10:42:28,,,,10.14,9.94,10.45,,,,100.0,-112.0,-8.8,,,,,,,,,,
1776855600000,2026-04-22 11:00:00,,,,,,,,,,,,,12.847999572753906,45.0,1025.5999755859375,1.1977566480636597,0.0,10.703569412231444,312.27362060546875,0.3700000345706939,8.89799976348877,0.2790000140666961
1776859200000,2026-04-22 12:00:00,,,,,,,,,,,,,13.64799976348877,41.0,1025.199951171875,0.6292707920074463,0.0,12.229406356811523,312.614013671875,0.4200000464916229,9.79800033569336,0.2770000100135803
1776862800000,2026-04-22 13:00:00,,,,,,,,,,,,,14.29800033569336,42.0,1024.9000244140625,1.5510203838348389,0.0,14.255271911621094,315.0000915527344,0.3900000154972076,10.498000144958496,0.2750000059604645
1776866400000,2026-04-22 14:00:00,,,,,,,,,,,,,14.498000144958496,43.0,1024.9000244140625,2.0612478256225586,0.0,13.47958278656006,325.885498046875,0.3600000143051147,10.89799976348877,0.2730000019073486
1776868945029,2026-04-22 14:42:25,,,,10.3,10.76,10.27,,,,100.0,-120.0,-8.2,,,,,,,,,,
1776868950679,2026-04-22 14:42:30,37.3,34.65,35.44,,,,323.23,306.77,286.97,100.0,-121.0,-9.8,,,,,,,,,,
1776870000000,2026-04-22 15:00:00,,,,,,,,,,,,,14.097999572753906,43.0,1024.800048828125,1.6989200115203855,0.0,11.753875732421877,319.96978759765625,0.3000000119209289,11.097999572753906,0.2720000147819519
1776873600000,2026-04-22 16:00:00,,,,,,,,,,,,,13.79800033569336,48.0,1024.4000244140625,2.971559524536133,0.0,8.854828834533691,333.4350280761719,0.1899999976158142,10.947999954223633,0.270000010728836
1776877200000,2026-04-22 17:00:00,,,,,,,,,,,,,12.847999572753906,49.0,1024.199951171875,2.389430284500122,0.0,7.895416259765625,313.15240478515625,0.1199999973177909,10.748000144958496,0.2689999938011169
1776880800000,2026-04-22 18:00:00,,,,,,,,,,,,,9.79800033569336,63.0,1024.5999755859375,3.085754871368408,0.0,5.315336227416992,331.6993408203125,0.0599999986588954,10.14799976348877,0.2689999938011169
1776883341947,2026-04-22 18:42:21,,,,10.81,10.73,10.27,,,,100.0,-121.0,-11.8,,,,,,,,,,
1776883348974,2026-04-22 18:42:28,37.3,34.38,35.02,,,,323.23,306.48,286.62,100.0,-121.0,-11.8,,,,,,,,,,
1776884400000,2026-04-22 19:00:00,,,,,,,,,,,,,7.748000144958496,78.0,1025.0,4.15221643447876,0.0,4.33497428894043,311.6334533691406,0.0199999995529651,9.097999572753906,0.2689999938011169
1776888000000,2026-04-22 20:00:00,,,,,,,,,,,,,6.447999954223633,84.0,1025.4000244140625,3.9399571418762207,0.0,5.091168403625488,315.0000915527344,0.0099999997764825,8.197999954223633,0.2680000066757202
1776891600000,2026-04-22 21:00:00,,,,,,,,,,,,,5.5980000495910645,88.0,1025.9000244140625,3.766689538955689,0.0,5.091168403625488,315.0000915527344,0.0,7.447999954223633,0.2680000066757202
1776895200000,2026-04-22 22:00:00,,,,,,,,,,,,,5.0980000495910645,89.0,1026.199951171875,3.434166669845581,0.0,5.116561412811279,309.28936767578125,0.0,6.8979997634887695,0.2680000066757202
1776897738896,2026-04-22 22:42:18,,,,11.02,10.12,10.37,,,,100.0,-121.0,-11.5,,,,,,,,,,
1776897744480,2026-04-22 22:42:24,37.23,34.21,34.68,,,,323.17,306.3,286.34,100.0,-121.0,-11.2,,,,,,,,,,
1776898800000,2026-04-22 23:00:00,,,,,,,,,,,,,4.297999858856201,90.0,1026.199951171875,2.802389144897461,0.0,4.582051753997803,315.0000915527344,0.0,6.3979997634887695,0.2689999938011169
1776902400000,2026-04-23 00:00:00,,,,,,,,,,,,,4.797999858856201,81.0,1024.699951171875,1.8127963542938232,0.0,3.5999999046325684,306.8699645996094,0.0,6.6479997634887695,0.270000010728836
1776906000000,2026-04-23 01:00:00,,,,,,,,,,,,,4.047999858856201,83.0,1024.5,1.4205445051193235,0.0,4.582051753997803,315.0000915527344,0.0,5.998000144958496,0.270000010728836
1776909600000,2026-04-23 02:00:00,,,,,,,,,,,,,3.947999954223633,81.0,1025.0999755859375,0.983115255832672,0.0,4.582051753997803,315.0000915527344,0.0,5.447999954223633,0.270000010728836
1776912135852,2026-04-23 02:42:15,,,,10.96,10.96,10.53,,,,100.0,-113.0,-9.8,,,,,,,,,,
1776912141405,2026-04-23 02:42:21,37.13,34.04,34.46,,,,323.08,306.12,286.16,100.0,-112.0,-12.8,,,,,,,,,,
1776913200000,2026-04-23 03:00:00,,,,,,,,,,,,,3.797999858856201,81.0,1024.9000244140625,0.8366937637329102,0.0,4.843304634094238,311.98712158203125,0.0,4.998000144958496,0.270000010728836
1776916800000,2026-04-23 04:00:00,,,,,,,,,,,,,4.498000144958496,79.0,1024.699951171875,1.171392560005188,0.0,5.600285530090332,315.0000915527344,0.0,4.797999858856201,0.270000010728836
1776920400000,2026-04-23 05:00:00,,,,,,,,,,,,,5.547999858856201,75.0,1024.5,1.4659757614135742,0.0,6.130578517913818,310.2362976074219,0.0099999997764825,4.998000144958496,0.270000010728836
1776924000000,2026-04-23 06:00:00,,,,,,,,,,,,,7.8979997634887695,60.0,1024.4000244140625,0.6068998575210571,0.0,11.18320083618164,303.17852783203125,0.0399999991059303,5.6479997634887695,0.2689999938011169
1776926539767,2026-04-23 06:42:19,36.93,33.89,34.25,,,,322.9,305.95,285.99,100.0,-113.0,-11.2,,,,,,,,,,
1776927600000,2026-04-23 07:00:00,,,,,,,,,,,,,9.697999954223633,48.0,1024.5999755859375,-0.7926070094108582,0.0,17.0725040435791,294.9438781738281,0.1099999994039535,6.6479997634887695,0.2689999938011169
1776931200000,2026-04-23 08:00:00,,,,,,,,,,,,,10.998000144958496,41.0,1024.5999755859375,-1.7599899768829346,0.0,20.774213790893555,297.8971862792969,0.1800000071525573,7.697999954223633,0.2680000066757202
1776934800000,2026-04-23 09:00:00,,,,,,,,,,,,,12.197999954223633,44.0,1024.199951171875,0.2944914400577545,0.0,21.41319274902344,296.9957580566406,0.2199999988079071,8.697999954223633,0.2669999897480011
1776938400000,2026-04-23 10:00:00,,,,,,,,,,,,,13.697999954223633,41.0,1023.2999877929688,0.6743265986442566,0.0,21.120681762695312,299.6236572265625,0.2399999946355819,9.748000144958496,0.2660000026226043
1776942000000,2026-04-23 11:00:00,,,,,,,,,,,,,14.89799976348877,39.0,1022.5999755859376,1.0577902793884275,0.0,20.49788284301757,300.6185302734375,0.270000010728836,10.79800033569336,0.2649999856948852
1776945600000,2026-04-23 12:00:00,,,,,,,,,,,,,15.89799976348877,38.0,1022.2000122070312,1.5897393226623535,0.0,19.67194938659668,304.5625915527344,0.2800000309944153,11.697999954223633,0.2630000114440918
1776949200000,2026-04-23 13:00:00,,,,,,,,,,,,,16.347999572753906,37.0,1021.7999877929688,1.6181187629699707,0.0,19.08339500427246,305.7890625,0.2800000309944153,12.447999954223633,0.2619999945163727
1776952800000,2026-04-23 14:00:00,,,,,,,,,,,,,16.398000717163086,42.0,1021.4000244140624,3.4473648071289062,0.0,18.67147445678711,303.9964904785156,0.25,12.947999954223633,0.2599999904632568
1776955326725,2026-04-23 14:42:06,,,,10.71,10.81,10.66,,,,100.0,-121.0,-12.0,,,,,,,,,,
1776955332288,2026-04-23 14:42:12,36.35,33.47,33.79,,,,322.38,305.5,285.61,100.0,-121.0,-10.2,,,,,,,,,,
1776956400000,2026-04-23 15:00:00,,,,,,,,,,,,,16.04800033569336,46.0,1021.0,4.425167083740234,0.0,17.935081481933594,308.480224609375,0.2100000232458114,13.14799976348877,0.2590000033378601
1776960000000,2026-04-23 16:00:00,,,,,,,,,,,,,15.14799976348877,44.0,1020.7000122070312,2.974306344985962,0.0,16.56391143798828,312.3573913574219,0.1599999964237213,13.04800033569336,0.257999986410141
1776963600000,2026-04-23 17:00:00,,,,,,,,,,,,,14.248000144958496,49.0,1020.7999877929688,3.6770408153533936,0.0,15.34968376159668,309.28936767578125,0.0900000035762786,12.64799976348877,0.2569999992847442
1776967200000,2026-04-23 18:00:00,,,,,,,,,,,,,12.498000144958496,59.0,1021.2000122070312,4.7001166343688965,0.0,11.480557441711426,311.1858215332031,0.0399999991059303,11.998000144958496,0.2569999992847442
1776970800000,2026-04-23 19:00:00,,,,,,,,,,,,,10.89799976348877,70.0,1021.9000244140624,5.63983678817749,0.0,7.704335689544678,307.4054260253906,0.0199999995529651,11.197999954223633,0.2569999992847442
1776974400000,2026-04-23 20:00:00,,,,,,,,,,,,,9.04800033569336,81.0,1021.7999877929688,5.960174083709717,0.0,5.399999618530273,306.8699645996094,0.0099999997764825,10.39799976348877,0.2560000121593475
1776978000000,2026-04-23 21:00:00,,,,,,,,,,,,,8.248000144958496,86.0,1021.5999755859376,6.044168472290039,0.0,5.091168403625488,315.0000915527344,0.0,9.597999572753906,0.2560000121593475
1776981600000,2026-04-23 22:00:00,,,,,,,,,,,,,7.697999954223633,89.0,1021.5,5.999236106872559,0.0,5.091168403625488,315.0000915527344,0.0,8.998000144958496,0.2560000121593475
1776985200000,2026-04-23 23:00:00,,,,,,,,,,,,,7.348000049591064,90.0,1021.5999755859376,5.815389633178711,0.0,5.351784706115723,312.27362060546875,0.0,8.498000144958496,0.2560000121593475
1776988800000,2026-04-24 00:00:00,,,,,,,,,,,,,6.6479997634887695,86.0,1020.7000122070312,4.472022533416748,0.0,3.5999999046325684,323.1300048828125,0.0,8.197999954223633,0.2560000121593475
1776992400000,2026-04-24 01:00:00,,,,,,,,,,,,,6.197999954223633,87.0,1020.0999755859376,4.194684028625488,0.0,4.6102495193481445,321.3401794433594,0.0,7.498000144958496,0.2560000121593475
1776996000000,2026-04-24 02:00:00,,,,,,,,,,,,,6.3480000495910645,87.0,1020.0,4.342280864715576,0.0,5.495161056518555,301.6074523925781,0.0,7.0980000495910645,0.2560000121593475
1776998517556,2026-04-24 02:41:57,,,,11.46,11.35,10.58,,,,100.0,-121.0,-11.8,,,,,,,,,,
1776998524457,2026-04-24 02:42:04,36.55,33.14,33.17,,,,322.56,305.15,285.09,100.0,-121.0,-10.8,,,,,,,,,,
1776999600000,2026-04-24 03:00:00,,,,,,,,,,,,,5.998000144958496,89.0,1020.2000122070312,4.322116374969482,0.0,5.959060192108154,295.016845703125,0.0,6.8979997634887695,0.2560000121593475
1777003200000,2026-04-24 04:00:00,,,,,,,,,,,,,5.5980000495910645,89.0,1020.2999877929688,3.927476644515991,0.0,6.725354194641113,285.524169921875,0.0,6.748000144958496,0.2560000121593475
1777006800000,2026-04-24 05:00:00,,,,,,,,,,,,,5.8480000495910645,84.0,1020.5,3.351945400238037,0.0,8.55710220336914,292.24908447265625,0.0,6.6479997634887695,0.2560000121593475
1777010400000,2026-04-24 06:00:00,,,,,,,,,,,,,7.1479997634887695,74.0,1020.4000244140624,2.8241281509399414,0.0,13.84947681427002,297.8971862792969,0.0399999991059303,6.998000144958496,0.2560000121593475
1777012921553,2026-04-24 06:42:01,36.39,33.08,33.03,,,,322.41,305.09,284.98,100.0,-121.0,-14.5,,,,,,,,,,
1777014000000,2026-04-24 07:00:00,,,,,,,,,,,,,7.748000144958496,71.0,1020.2000122070312,2.818160057067871,0.0,15.49673557281494,300.73541259765625,0.0799999982118606,7.697999954223633,0.2560000121593475
1777017600000,2026-04-24 08:00:00,,,,,,,,,,,,,7.197999954223633,77.0,1020.5,3.4347262382507324,0.0,15.98659324645996,305.8377380371094,0.0700000077486038,8.197999954223633,0.2560000121593475
1777021200000,2026-04-24 09:00:00,,,,,,,,,,,,,6.8480000495910645,78.0,1021.0,3.277794122695923,0.0,15.141413688659668,298.3929138183594,0.0500000044703483,8.29800033569336,0.2549999952316284
1777024800000,2026-04-24 10:00:00,,,,,,,,,,,,,7.498000144958496,73.0,1021.0999755859376,2.9697489738464355,0.0,14.021525382995604,299.1973876953125,0.0500000044703483,8.447999954223633,0.2549999952316284
1777027311509,2026-04-24 10:41:51,,,,11.04,11.25,10.73,,,,100.0,-113.0,-14.0,,,,,,,,,,
1777027316988,2026-04-24 10:41:56,36.35,32.89,32.89,,,,322.38,304.88,284.86,100.0,-112.0,-12.0,,,,,,,,,,
1777028400000,2026-04-24 11:00:00,,,,,,,,,,,,,8.29800033569336,71.0,1020.7000122070312,3.346726894378662,0.0,13.217443466186523,299.357666015625,0.0700000077486038,8.697999954223633,0.2549999952316284
1777032000000,2026-04-24 12:00:00,,,,,,,,,,,,,9.597999572753906,66.0,1020.2000122070312,3.554856061935425,0.0,13.684735298156738,296.5649719238281,0.0900000035762786,9.14799976348877,0.2549999952316284
1777035600000,2026-04-24 13:00:00,,,,,,,,,,,,,11.197999954223633,61.0,1019.5999755859376,3.9519100189208975,0.0,12.879752159118652,296.5649719238281,0.1299999952316284,9.89799976348877,0.2540000081062317
1777039200000,2026-04-24 14:00:00,,,,,,,,,,,,,12.29800033569336,57.0,1019.0,4.019745826721191,0.0,13.044723510742188,297.9793701171875,0.1500000059604644,10.64799976348877,0.2529999911785126
1777042800000,2026-04-24 15:00:00,,,,,,,,,,,,,13.248000144958496,56.0,1018.4000244140624,4.655269622802734,0.0,11.753876686096191,297.34979248046875,0.1500000059604644,11.197999954223633,0.2529999911785126
1777046400000,2026-04-24 16:00:00,,,,,,,,,,,,,13.447999954223633,57.0,1017.7999877929688,5.096228122711182,0.0,10.630672454833984,298.3006591796875,0.1299999952316284,11.447999954223633,0.2520000040531158
1777050000000,2026-04-24 17:00:00,,,,,,,,,,,,,13.39799976348877,57.0,1017.4000244140624,5.049432277679443,0.0,8.37338638305664,295.4633178710937,0.0799999982118606,11.39799976348877,0.2509999871253967
1777053600000,2026-04-24 18:00:00,,,,,,,,,,,,,11.447999954223633,65.0,1017.5,5.097451210021973,0.0,4.6102495193481445,308.6598205566406,0.0299999993294477,10.89799976348877,0.2509999871253967
1777056105466,2026-04-24 18:41:45,,,,10.86,10.27,10.48,,,,100.0,-121.0,-13.8,,,,,,,,,,
1777057200000,2026-04-24 19:00:00,,,,,,,,,,,,,9.447999954223633,75.0,1017.9000244140624,5.237973213195801,0.0,2.3051247596740723,308.6598205566406,0.0,9.847999572753906,0.2509999871253967
1777060800000,2026-04-24 20:00:00,,,,,,,,,,,,,8.54800033569336,78.0,1018.0,4.929405212402344,0.0,1.527350664138794,315.0000915527344,0.0,8.697999954223633,0.2509999871253967
1777064400000,2026-04-24 21:00:00,,,,,,,,,,,,,7.598000049591064,81.0,1018.0,4.545379161834717,0.0,0.5091168880462646,44.99989700317383,0.0,7.748000144958496,0.2509999871253967
1777068000000,2026-04-24 22:00:00,,,,,,,,,,,,,6.547999858856201,86.0,1017.7999877929688,4.373757839202881,0.0,0.3599999845027923,90.0,0.0,6.947999954223633,0.2509999871253967
1777071600000,2026-04-24 23:00:00,,,,,,,,,,,,,6.297999858856201,87.0,1017.9000244140624,4.293082237243652,0.0,1.6099690198898315,26.564985275268555,0.0,6.297999858856201,0.2509999871253967
1777075200000,2026-04-25 00:00:00,,,,,,,,,,,,,4.498000144958496,99.0,1017.2000122070312,4.354317665100098,0.0,1.2979984283447266,33.69010162353516,0.0,4.047999858856201,0.2520000040531158
1777078800000,2026-04-25 01:00:00,,,,,,,,,,,,,5.197999954223633,95.0,1017.2999877929688,4.46229887008667,0.0,3.396233081817627,302.0053405761719,0.0,3.8980000019073486,0.2529999911785126
1777082400000,2026-04-25 02:00:00,,,,,,,,,,,,,5.297999858856201,95.0,1017.4000244140624,4.561707496643066,0.0,3.563817977905273,315.0000915527344,0.0,4.197999954223633,0.2529999911785126
1777084899300,2026-04-25 02:41:39,,,,10.71,10.99,10.68,,,,100.0,-113.0,-12.5,,,,,,,,,,
1777084906367,2026-04-25 02:41:46,35.99,32.42,32.33,,,,322.05,304.38,284.4,100.0,-112.0,-12.0,,,,,,,,,,
1777086000000,2026-04-25 03:00:00,,,,,,,,,,,,,5.748000144958496,94.0,1017.4000244140624,4.857134342193604,0.0,6.130578517913818,310.2362976074219,0.0,4.498000144958496,0.2529999911785126
1777089600000,2026-04-25 04:00:00,,,,,,,,,,,,,6.1479997634887695,87.0,1017.2999877929688,4.145484447479248,0.0,9.199390411376951,300.5791320800781,0.0,5.047999858856201,0.2529999911785126
1777093200000,2026-04-25 05:00:00,,,,,,,,,,,,,6.498000144958496,81.0,1017.0999755859376,3.471953153610229,0.0,10.163227081298828,292.93212890625,0.0199999995529651,5.498000144958496,0.2529999911785126
1777096800000,2026-04-25 06:00:00,,,,,,,,,,,,,7.1479997634887695,83.0,1017.0999755859376,4.454561710357666,0.0,8.699792861938477,294.4439392089844,0.0299999993294477,5.947999954223633,0.2529999911785126
1777099303359,2026-04-25 06:41:43,35.82,32.31,32.2,,,,321.9,304.26,284.29,100.0,-113.0,-13.8,,,,,,,,,,
1777100400000,2026-04-25 07:00:00,,,,,,,,,,,,,8.748000144958496,80.0,1016.7000122070312,5.488221645355225,0.0,10.028438568115234,291.0375671386719,0.0599999986588954,6.547999858856201,0.2529999911785126
1777104000000,2026-04-25 08:00:00,,,,,,,,,,,,,10.29800033569336,69.0,1016.4000244140624,4.857804775238037,0.0,13.854154586791992,294.5671691894531,0.1400000154972076,7.447999954223633,0.2520000040531158
1777107600000,2026-04-25 09:00:00,,,,,,,,,,,,,11.79800033569336,67.0,1016.0999755859376,5.867737770080566,0.0,12.904882431030272,292.9887390136719,0.1899999976158142,8.447999954223633,0.2520000040531158
1777111200000,2026-04-25 10:00:00,,,,,,,,,,,,,13.498000144958496,58.0,1016.0,5.3933587074279785,0.0,14.372974395751951,292.0679626464844,0.2399999946355819,9.498000144958496,0.2509999871253967
1777113693331,2026-04-25 10:41:33,,,,10.43,10.55,10.35,,,,100.0,-121.0,-12.5,,,,,,,,,,
1777113698927,2026-04-25 10:41:38,35.79,32.2,32.09,,,,321.87,304.14,284.2,100.0,-120.0,-10.0,,,,,,,,,,
1777114800000,2026-04-25 11:00:00,,,,,,,,,,,,,14.697999954223633,52.0,1015.7000122070312,4.940943241119385,0.0,14.986553192138672,294.10223388671875,0.3199999928474426,10.498000144958496,0.25
1777118400000,2026-04-25 12:00:00,,,,,,,,,,,,,16.04800033569336,44.0,1015.2000122070312,3.791301965713501,0.0,16.17998504638672,290.8545227050781,0.3300000131130218,11.347999572753906,0.248999997973442
1777122000000,2026-04-25 13:00:00,,,,,,,,,,,,,16.74799919128418,38.0,1014.5999755859376,2.348257780075073,0.0,16.39482879638672,289.23077392578125,0.3400000035762787,12.14799976348877,0.2469999939203262
1777125600000,2026-04-25 14:00:00,,,,,,,,,,,,,17.04800033569336,34.0,1014.2999877929688,1.0588995218276978,0.0,16.73516082763672,288.8247985839844,0.3199999928474426,12.64799976348877,0.2460000067949295
1777129200000,2026-04-25 15:00:00,,,,,,,,,,,,,16.947999954223633,33.0,1013.9000244140624,0.5565646886825562,0.0,16.854766845703125,289.9831848144531,0.2800000309944153,12.89799976348877,0.2450000047683715
1777132800000,2026-04-25 16:00:00,,,,,,,,,,,,,16.697999954223633,37.0,1013.5,1.9294724464416504,0.0,15.716793060302734,290.0953063964844,0.2199999988079071,12.89799976348877,0.2440000027418136
1777136400000,2026-04-25 17:00:00,,,,,,,,,,,,,16.398000717163086,38.0,1013.5,2.03596305847168,0.0,14.332340240478516,295.2776794433594,0.1099999994039535,12.748000144958496,0.2430000007152557
1777140000000,2026-04-25 18:00:00,,,,,,,,,,,,,14.347999572753906,44.0,1014.0999755859376,2.247861862182617,0.0,12.889809608459473,305.9097900390625,0.0599999986588954,12.248000144958496,0.2419999986886978
1777142494252,2026-04-25 18:41:34,35.96,31.99,31.74,,,,322.02,303.91,283.91,100.0,-112.0,-12.2,,,,,,,,,,
1777143600000,2026-04-25 19:00:00,,,,,,,,,,,,,13.248000144958496,46.0,1014.7999877929688,1.8695106506347656,0.0,12.287554740905762,301.827392578125,0.0500000044703483,11.79800033569336,0.2419999986886978
1777147200000,2026-04-25 20:00:00,,,,,,,,,,,,,12.14799976348877,48.0,1015.2999877929688,1.457319974899292,0.0,11.298495292663574,300.65057373046875,0.0500000044703483,11.347999572753906,0.2409999966621399
1777150800000,2026-04-25 21:00:00,,,,,,,,,,,,,10.498000144958496,58.0,1015.7000122070312,2.5788791179656982,0.0,9.693296432495115,291.8014831542969,0.0299999993294477,10.748000144958496,0.2409999966621399
1777154400000,2026-04-25 22:00:00,,,,,,,,,,,,,9.54800033569336,67.0,1016.2999877929688,3.7207977771759033,0.0,10.685391426086426,302.6192321777344,0.0199999995529651,10.097999572753906,0.2399999946355819
1777158000000,2026-04-25 23:00:00,,,,,,,,,,,,,8.847999572753906,70.0,1017.2000122070312,3.6735262870788574,0.0,15.546833038330078,312.1843566894531,0.0199999995529651,9.697999954223633,0.2399999946355819
1777161600000,2026-04-26 00:00:00,,,,,,,,,,,,,8.04800033569336,69.0,1018.7000122070312,2.702989101409912,0.0,11.885453224182127,324.86572265625,0.0199999995529651,10.79800033569336,0.2430000007152557
1777165200000,2026-04-26 01:00:00,,,,,,,,,,,,,7.498000144958496,63.0,1018.5999755859376,0.905726432800293,0.0,14.51206398010254,313.9949951171875,0.0199999995529651,10.097999572753906,0.2430000007152557
1777168800000,2026-04-26 02:00:00,,,,,,,,,,,,,6.998000144958496,62.0,1020.0999755859376,0.2104477137327194,0.0,13.584932327270508,302.0053405761719,0.0199999995529651,9.54800033569336,0.2430000007152557
1777171288110,2026-04-26 02:41:28,36.06,32.04,31.5,,,,322.11,303.97,283.71,100.0,-121.0,-13.5,,,,,,,,,,
1777172400000,2026-04-26 03:00:00,,,,,,,,,,,,,6.0980000495910645,67.0,1021.2000122070312,0.4271058440208435,0.0,11.119280815124512,299.05450439453125,0.0199999995529651,9.04800033569336,0.2430000007152557
1777176000000,2026-04-26 04:00:00,,,,,,,,,,,,,4.998000144958496,73.0,1022.0999755859376,0.5588675141334534,0.0,8.21715259552002,298.8106994628906,0.0099999997764825,8.39799976348877,0.2430000007152557
1777179600000,2026-04-26 05:00:00,,,,,,,,,,,,,5.498000144958496,71.0,1023.2000122070312,0.6553675532341003,0.0,9.983105659484863,295.6409606933594,0.0199999995529651,7.8979997634887695,0.2430000007152557
1777183200000,2026-04-26 06:00:00,,,,,,,,,,,,,6.197999954223633,69.0,1024.0999755859375,0.930635392665863,0.0,12.413476943969728,299.5386962890625,0.0500000044703483,7.8979997634887695,0.2430000007152557
1777185678124,2026-04-26 06:41:18,,,,11.38,11.33,10.6,,,,100.0,-112.0,-10.2,,,,,,,,,,
1777185685068,2026-04-26 06:41:25,35.92,31.82,31.44,,,,321.99,303.73,283.66,100.0,-121.0,-12.2,,,,,,,,,,
1777186800000,2026-04-26 07:00:00,,,,,,,,,,,,,7.297999858856201,66.0,1024.699951171875,1.3630958795547483,0.0,11.384198188781738,304.6952209472656,0.0799999982118606,8.197999954223633,0.2419999986886978
1777190400000,2026-04-26 08:00:00,,,,,,,,,,,,,8.597999572753906,63.0,1024.9000244140625,1.948479533195496,0.0,9.826087951660156,298.4428100585937,0.1199999973177909,8.847999572753906,0.2419999986886978
1777194000000,2026-04-26 09:00:00,,,,,,,,,,,,,10.097999572753906,58.0,1025.199951171875,2.2034571170806885,0.0,9.360000610351562,292.6199035644531,0.1599999964237213,9.697999954223633,0.2409999966621399
1777197600000,2026-04-26 10:00:00,,,,,,,,,,,,,11.347999572753906,51.0,1025.199951171875,1.56672465801239,0.0,9.227523803710938,290.5561218261719,0.2000000178813934,10.54800033569336,0.2409999966621399
1777200075048,2026-04-26 10:41:15,,,,11.15,11.02,10.96,,,,100.0,-112.0,-8.8,,,,,,,,,,
1777200080719,2026-04-26 10:41:20,35.72,31.73,31.37,,,,321.81,303.64,283.6,100.0,-112.0,-11.5,,,,,,,,,,
1777201200000,2026-04-26 11:00:00,,,,,,,,,,,,,12.748000144958496,40.0,1024.9000244140625,-0.5214095115661621,0.0,9.65981388092041,296.5649719238281,0.25,11.39799976348877,0.2399999946355819
1777204800000,2026-04-26 12:00:00,,,,,,,,,,,,,13.498000144958496,36.0,1024.5999755859375,-1.2933530807495115,0.0,9.164103507995604,315.0000915527344,0.2800000309944153,12.197999954223633,0.238999992609024
1777208400000,2026-04-26 13:00:00,,,,,,,,,,,,,13.847999572753906,38.0,1024.4000244140625,-0.2407650053501129,0.0,8.699792861938477,294.4439392089844,0.2599999904632568,12.79800033569336,0.2380000054836273
1777212000000,2026-04-26 14:00:00,,,,,,,,,,,,,13.947999954223633,37.0,1024.4000244140625,-0.5181652903556824,0.0,8.396570205688477,329.03631591796875,0.2399999946355819,13.04800033569336,0.2370000034570694
1777215600000,2026-04-26 15:00:00,,,,,,,,,,,,,13.89799976348877,30.0,1024.4000244140625,-3.407488822937012,0.0,9.346142768859863,344.3576965332031,0.2199999988079071,13.197999954223633,0.2360000014305114
1777219200000,2026-04-26 16:00:00,,,,,,,,,,,,,13.14799976348877,33.0,1024.0999755859375,-2.782460451126098,0.0,6.214563369750977,10.007925033569336,0.1800000071525573,12.998000144958496,0.2349999994039535
1777222800000,2026-04-26 17:00:00,,,,,,,,,,,,,12.447999954223633,44.0,1024.0999755859375,0.5217067003250122,0.0,5.483356475830078,336.8013916015625,0.0900000035762786,12.498000144958496,0.2349999994039535
1777226400000,2026-04-26 18:00:00,,,,,,,,,,,,,10.697999954223633,46.0,1024.300048828125,-0.4601182341575622,0.0,4.6938252449035645,4.398633003234863,0.0399999991059303,11.748000144958496,0.2339999973773956
1777228868916,2026-04-26 18:41:08,,,,11.8,11.3,10.78,,,,100.0,-121.0,-14.0,,,,,,,,,,
1777230000000,2026-04-26 19:00:00,,,,,,,,,,,,,9.14799976348877,51.0,1024.5999755859375,-0.4680236876010895,0.0,3.6712939739227295,11.309895515441896,0.0199999995529651,10.64799976348877,0.2339999973773956
1777233600000,2026-04-26 20:00:00,,,,,,,,,,,,,8.29800033569336,52.0,1024.699951171875,-0.9892387986183168,0.0,3.396233081817627,32.00535583496094,0.0099999997764825,9.54800033569336,0.2339999973773956
1777237200000,2026-04-26 21:00:00,,,,,,,,,,,,,7.1479997634887695,55.0,1025.0999755859375,-1.2931790351867676,0.0,1.7999999523162842,53.13002014160156,0.0,8.597999572753906,0.2339999973773956
1777240800000,2026-04-26 22:00:00,,,,,,,,,,,,,6.0980000495910645,59.0,1025.199951171875,-1.319844365119934,0.0,1.6099690198898315,63.43501281738281,0.0,7.6479997634887695,0.2339999973773956
1777244400000,2026-04-26 23:00:00,,,,,,,,,,,,,5.447999954223633,61.0,1025.300048828125,-1.4784964323043823,0.0,2.741678237915039,66.80138397216797,0.0,6.697999954223633,0.2339999973773956
1777248000000,2026-04-27 00:00:00,,,,,,,,,,,,,1.6480000019073486,91.0,1025.4000244140625,0.3368697762489319,0.0,1.2979984283447266,123.69009399414062,0.0,4.697999954223633,0.2349999994039535
1777251600000,2026-04-27 01:00:00,,,,,,,,,,,,,1.5479999780654907,84.0,1025.300048828125,-0.8629693984985352,0.0,2.5199999809265137,90.0,0.0,4.197999954223633,0.2349999994039535
1777255200000,2026-04-27 02:00:00,,,,,,,,,,,,,1.1979999542236328,86.0,1025.699951171875,-0.8844186663627625,0.0,2.4149534702301025,116.5649871826172,0.0,3.747999906539917,0.2349999994039535
1777257662867,2026-04-27 02:41:02,,,,11.77,11.67,10.94,,,,100.0,-112.0,-11.0,,,,,,,,,,
1777257668515,2026-04-27 02:41:08,35.76,31.52,30.88,,,,321.84,303.41,283.2,100.0,-113.0,-11.2,,,,,,,,,,
1777258800000,2026-04-27 03:00:00,,,,,,,,,,,,,0.6480000019073486,86.0,1025.800048828125,-1.4250900745391846,0.0,3.3190360069274902,102.52880096435548,0.0,3.3980000019073486,0.2349999994039535
1777262400000,2026-04-27 04:00:00,,,,,,,,,,,,,0.2480000108480453,88.0,1025.5999755859375,-1.505626201629639,0.0,3.075841426849365,110.5561294555664,0.0,3.1480000019073486,0.2349999994039535
1777266000000,2026-04-27 05:00:00,,,,,,,,,,,,,1.247999906539917,88.0,1025.5,-0.5200195908546448,0.0,3.075841426849365,110.5561294555664,0.0,2.947999954223633,0.2360000014305114
1777269600000,2026-04-27 06:00:00,,,,,,,,,,,,,4.748000144958496,79.0,1025.5999755859375,1.414715051651001,0.0,2.4149534702301025,116.5649871826172,0.0199999995529651,3.047999858856201,0.2360000014305114
1777273200000,2026-04-27 07:00:00,,,,,,,,,,,,,7.998000144958496,71.0,1025.5999755859375,3.058423042297364,0.0,1.6099690198898315,153.4350128173828,0.0900000035762786,3.797999858856201,0.2360000014305114
1777276800000,2026-04-27 08:00:00,,,,,,,,,,,,,10.847999572753906,58.0,1025.300048828125,2.907341718673706,0.0,1.4399999380111694,180.0,0.2000000178813934,4.797999858856201,0.2349999994039535
1777280400000,2026-04-27 09:00:00,,,,,,,,,,,,,12.597999572753906,46.0,1025.0,1.2758792638778689,0.0,1.0182337760925293,224.99989318847656,0.3400000035762787,5.998000144958496,0.2349999994039535
1777284000000,2026-04-27 10:00:00,,,,,,,,,,,,,13.947999954223633,45.0,1024.5,2.1996772289276123,0.0,1.2979984283447266,123.69009399414062,0.4000000357627868,7.197999954223633,0.2339999973773956
1777287600000,2026-04-27 11:00:00,,,,,,,,,,,,,15.097999572753906,36.0,1024.0999755859375,0.1269507706165313,0.0,3.239999771118164,90.0,0.4200000464916229,8.39799976348877,0.2329999953508377
1777291200000,2026-04-27 12:00:00,,,,,,,,,,,,,15.79800033569336,34.0,1023.5,-0.0424611046910285,0.0,4.510787010192871,61.389644622802734,0.4200000464916229,9.447999954223633,0.231000006198883
1777294800000,2026-04-27 13:00:00,,,,,,,,,,,,,16.197999954223633,42.0,1022.9000244140624,3.2668230533599854,0.0,3.096837043762207,35.53776550292969,0.3900000154972076,10.347999572753906,0.2300000041723251
1777298400000,2026-04-27 14:00:00,,,,,,,,,,,,,15.947999954223633,46.0,1022.4000244140624,4.333934307098389,0.0,6.287129878997803,13.240530967712402,0.3100000023841858,10.998000144958496,0.2290000021457672
1777300853765,2026-04-27 14:40:53,,,,11.33,11.51,10.32,,,,100.0,-111.0,-13.5,,,,,,,,,,
1777302000000,2026-04-27 15:00:00,,,,,,,,,,,,,15.447999954223633,42.0,1022.2000122070312,2.589682340621948,0.0,6.618519306182861,22.380184173583984,0.25,11.39799976348877,0.2280000001192093
1777305600000,2026-04-27 16:00:00,,,,,,,,,,,,,14.697999954223633,37.0,1022.0,0.1496656239032745,0.0,5.191993713378906,33.69010162353516,0.1800000071525573,11.498000144958496,0.2269999980926513
1777309200000,2026-04-27 17:00:00,,,,,,,,,,,,,13.498000144958496,62.0,1021.7999877929688,6.3580002784729,0.0,2.0364675521850586,44.99989700317383,0.0799999982118606,11.39799976348877,0.2259999960660934
1777312800000,2026-04-27 18:00:00,,,,,,,,,,,,,11.29800033569336,60.0,1022.0999755859376,3.8109326362609854,0.0,4.33497428894043,48.36655426025391,0.0299999993294477,11.04800033569336,0.2259999960660934
1777315250523,2026-04-27 18:40:50,,,,11.85,11.56,10.99,,,,100.0,-113.0,-13.2,,,,,,,,,,
1777315260471,2026-04-27 18:41:00,35.56,31.24,30.42,,,,321.66,303.11,282.82,100.0,-117.0,-13.8,,,,,,,,,,
1777316400000,2026-04-27 19:00:00,,,,,,,,,,,,,8.64799976348877,64.0,1022.5,2.216813325881958,0.0,3.826852560043335,41.18583679199219,0.0099999997764825,10.29800033569336,0.2259999960660934
1777320000000,2026-04-27 20:00:00,,,,,,,,,,,,,6.748000144958496,67.0,1022.7999877929688,1.0478153228759766,0.0,3.054701328277588,44.99989700317383,0.0,9.29800033569336,0.2249999940395355
1777323600000,2026-04-27 21:00:00,,,,,,,,,,,,,5.6479997634887695,70.0,1022.7999877929688,0.60284823179245,0.0,1.8356469869613647,78.69010162353516,0.0,8.248000144958496,0.2249999940395355
1777327200000,2026-04-27 22:00:00,,,,,,,,,,,,,5.498000144958496,70.0,1022.7999877929688,0.4588710069656372,0.0,2.9024126529693604,82.87508392333984,0.0,7.297999858856201,0.2249999940395355
1777329655560,2026-04-27 22:40:55,35.59,31.21,30.35,,,,321.69,303.08,282.76,100.0,-112.0,-14.0,,,,,,,,,,
1777330800000,2026-04-27 23:00:00,,,,,,,,,,,,,5.3480000495910645,69.0,1022.5999755859376,0.116124726831913,0.0,2.545584201812744,81.86998748779297,0.0,6.547999858856201,0.2249999940395355
1777334400000,2026-04-28 00:00:00,,,,,,,,,,,,,3.0980000495910645,85.0,1022.2999877929688,0.8207141160964966,0.0,2.620839357376098,74.05453491210938,0.0,6.1479997634887695,0.2280000001192093
1777338000000,2026-04-28 01:00:00,,,,,,,,,,,,,1.747999906539917,90.0,1022.7000122070312,0.2829771041870117,0.0,2.968636035919189,75.96372985839844,0.0,5.498000144958496,0.2280000001192093
1777341600000,2026-04-28 02:00:00,,,,,,,,,,,,,1.847999930381775,87.0,1023.0,-0.0862697809934616,0.0,2.27683973312378,71.5649642944336,0.0,4.947999954223633,0.2280000001192093
1777345200000,2026-04-28 03:00:00,,,,,,,,,,,,,1.6979999542236328,90.0,1023.0999755859376,0.2335738837718963,0.0,3.415259599685669,71.5649642944336,0.0,4.547999858856201,0.2280000001192093
1777348800000,2026-04-28 04:00:00,,,,,,,,,,,,,1.3980000019073486,92.0,1023.2000122070312,0.2404514402151107,0.0,2.0364675521850586,44.99989700317383,0.0,4.197999954223633,0.2280000001192093
1777352400000,2026-04-28 05:00:00,,,,,,,,,,,,,3.547999858856201,82.0,1023.4000244140624,0.7627964019775391,0.0,3.617955207824707,84.28949737548828,0.0,3.998000144958496,0.2280000001192093
1777356000000,2026-04-28 06:00:00,,,,,,,,,,,,,6.3480000495910645,70.0,1023.7999877929688,1.2746957540512085,0.0,5.154415607452393,102.09474182128906,0.0399999991059303,4.297999858856201,0.2280000001192093
1777359600000,2026-04-28 07:00:00,,,,,,,,,,,,,8.39799976348877,66.0,1023.9000244140624,2.411447763442993,0.0,2.9024126529693604,97.12492370605467,0.1000000089406967,5.047999858856201,0.2280000001192093
1777363200000,2026-04-28 08:00:00,,,,,,,,,,,,,10.847999572753906,58.0,1024.0,2.907341718673706,0.0,4.843304634094238,41.98712921142578,0.1800000071525573,5.947999954223633,0.2280000001192093
1777366800000,2026-04-28 09:00:00,,,,,,,,,,,,,12.14799976348877,52.0,1023.9000244140624,2.579472303390503,0.0,9.79305934906006,53.972537994384766,0.2599999904632568,6.947999954223633,0.2280000001192093
1777370400000,2026-04-28 10:00:00,,,,,,,,,,,,,13.54800033569336,47.0,1023.5999755859376,2.445636749267578,0.0,10.883675575256348,55.78424835205078,0.3100000023841858,7.8979997634887695,0.2269999980926513
1777374000000,2026-04-28 11:00:00,,,,,,,,,,,,,14.847999572753906,43.0,1023.2999877929688,2.37823748588562,0.0,11.592893600463867,53.84172821044922,0.3400000035762787,8.847999572753906,0.2259999960660934
1777377600000,2026-04-28 12:00:00,,,,,,,,,,,,,15.54800033569336,39.0,1023.0999755859376,1.639830231666565,0.0,13.32486343383789,51.58191680908203,0.3400000035762787,9.697999954223633,0.2249999940395355
1777377704174,2026-04-28 12:01:44,,,,,,,,,,100.0,-121.0,-15.5,,,,,,,,,,
1777377721033,2026-04-28 12:02:01,,,,11.51,11.09,11.12,,,,100.0,-121.0,-16.2,,,,,,,,,,
1777377730102,2026-04-28 12:02:10,35.13,30.86,30.11,,,,321.27,302.7,282.56,100.0,-122.0,-16.0,,,,,,,,,,
1777381200000,2026-04-28 13:00:00,,,,,,,,,,,,,15.748000144958496,37.0,1023.0,1.0842599868774414,0.0,12.81923484802246,51.842735290527344,0.3199999928474426,10.39799976348877,0.2240000069141388
1777384800000,2026-04-28 14:00:00,,,,,,,,,,,,,15.447999954223633,35.0,1022.7999877929688,0.0482660606503486,0.0,12.72792148590088,61.26031112670898,0.2900000214576721,10.947999954223633,0.2230000048875808
1777388400000,2026-04-28 15:00:00,,,,,,,,,,,,,15.39799976348877,36.0,1022.5,0.393143743276596,0.0,10.5142183303833,51.95290756225586,0.2599999904632568,11.29800033569336,0.2220000028610229
1777392000000,2026-04-28 16:00:00,,,,,,,,,,,,,14.197999954223633,31.0,1022.7000122070312,-2.7052273750305176,0.0,10.703569412231444,47.72637176513672,0.2199999988079071,11.447999954223633,0.2220000028610229
1777392103720,2026-04-28 16:01:43,,,,11.85,10.89,11.12,,,,100.0,-122.0,-15.8,,,,,,,,,,
1777395600000,2026-04-28 17:00:00,,,,,,,,,,,,,12.64799976348877,31.0,1022.9000244140624,-4.058752059936523,0.0,7.172948837280273,72.4743423461914,0.1299999952316284,11.39799976348877,0.221000000834465
1777399200000,2026-04-28 18:00:00,,,,,,,,,,,,,9.39799976348877,46.0,1023.5,-1.6485652923583984,0.0,4.843304634094238,41.98712921142578,0.0399999991059303,10.947999954223633,0.221000000834465
1777402800000,2026-04-28 19:00:00,,,,,,,,,,,,,6.697999954223633,46.0,1024.300048828125,-4.118589878082275,0.0,6.130578517913818,49.763710021972656,0.0199999995529651,10.04800033569336,0.2199999988079071
1777406400000,2026-04-28 20:00:00,,,,,,,,,,,,,6.3979997634887695,41.0,1025.0,-5.9133381843566895,0.0,7.787990570068359,56.30989837646485,0.0199999995529651,9.097999572753906,0.2199999988079071
1777406500594,2026-04-28 20:01:40,,,,12.22,10.96,11.2,,,,100.0,-113.0,-15.5,,,,,,,,,,
1777406509678,2026-04-28 20:01:49,35.39,30.72,29.83,,,,321.51,302.55,282.33,100.0,-121.0,-14.8,,,,,,,,,,
1777410000000,2026-04-28 21:00:00,,,,,,,,,,,,,5.3480000495910645,44.0,1025.5,-5.939283847808838,0.0,6.618519306182861,67.61981964111328,0.0199999995529651,8.29800033569336,0.2199999988079071
1777413600000,2026-04-28 22:00:00,,,,,,,,,,,,,3.8980000019073486,53.0,1025.9000244140625,-4.820637226104736,0.0,3.976329803466797,95.19434356689452,0.0099999997764825,7.547999858856201,0.2199999988079071
1777417200000,2026-04-28 23:00:00,,,,,,,,,,,,,1.3980000019073486,66.0,1026.0999755859375,-4.263614654541016,0.0,3.075841426849365,110.5561294555664,0.0,6.6479997634887695,0.2199999988079071
1777420800000,2026-04-29 00:00:00,,,,,,,,,,,,,0.4480000138282776,72.0,1026.0999755859375,-4.015280246734619,0.0,3.617955207824707,84.28949737548828,0.0,6.197999954223633,0.2199999988079071
1777420905095,2026-04-29 00:01:45,35.36,30.75,29.77,,,,321.48,302.58,282.28,100.0,-121.0,-20.5,,,,,,,,,,
1777424400000,2026-04-29 01:00:00,,,,,,,,,,,,,0.2480000108480453,73.0,1026.199951171875,-4.024203300476074,0.0,2.3051247596740723,128.6598358154297,0.0,5.447999954223633,0.2199999988079071
1777428000000,2026-04-29 02:00:00,,,,,,,,,,,,,-1.9520000219345093,84.0,1027.300048828125,-4.294792175292969,0.0,2.5199999809265137,180.0,0.0,4.748000144958496,0.2199999988079071
1777431600000,2026-04-29 03:00:00,,,,,,,,,,,,,-2.9019999504089355,84.0,1027.5999755859375,-5.226454734802246,0.0,2.27683973312378,108.43504333496094,0.0,4.1479997634887695,0.2199999988079071
1777435200000,2026-04-29 04:00:00,,,,,,,,,,,,,-3.4019999504089355,88.0,1027.699951171875,-5.103585720062256,0.0,2.545584201812744,135.00010681152344,0.0,3.697999954223633,0.2199999988079071
1777435294461,2026-04-29 04:01:34,,,,12.04,11.15,11.3,,,,100.0,-121.0,-20.2,,,,,,,,,,
1777435303406,2026-04-29 04:01:43,35.19,30.69,29.7,,,,321.33,302.52,282.22,100.0,-112.0,-16.5,,,,,,,,,,
1777438800000,2026-04-29 05:00:00,,,,,,,,,,,,,-1.752000093460083,88.0,1027.9000244140625,-3.477014303207397,0.0,1.1384198665618896,161.56495666503906,0.0,3.3480000495910645,0.2199999988079071
1777442400000,2026-04-29 06:00:00,,,,,,,,,,,,,2.747999906539917,71.0,1028.199951171875,-1.989081859588623,0.0,0.8049845099449158,206.5649871826172,0.0199999995529651,3.0980000495910645,0.221000000834465
1777446000000,2026-04-29 07:00:00,,,,,,,,,,,,,7.248000144958496,59.0,1028.199951171875,-0.2374534457921981,0.0,1.2979984283447266,56.30991363525391,0.0799999982118606,3.297999858856201,0.221000000834465
1777449600000,2026-04-29 08:00:00,,,,,,,,,,,,,9.447999954223633,53.0,1028.4000244140625,0.3402782380580902,0.0,6.409617424011231,51.842735290527344,0.1700000017881393,3.848000049591065,0.2199999988079071
1777449691546,2026-04-29 08:01:31,,,,11.72,11.59,11.33,,,,100.0,-121.0,-19.2,,,,,,,,,,
1777449700523,2026-04-29 08:01:40,34.86,30.61,29.63,,,,321.03,302.43,282.16,100.0,-112.0,-11.0,,,,,,,,,,
1777453200000,2026-04-29 09:00:00,,,,,,,,,,,,,10.89799976348877,48.0,1028.300048828125,0.3096243143081665,0.0,11.681986808776855,56.30991363525391,0.25,4.5980000495910645,0.2199999988079071
1777456800000,2026-04-29 10:00:00,,,,,,,,,,,,,11.64799976348877,41.0,1028.5999755859375,-1.1737136840820312,0.0,13.77911376953125,56.72510528564453,0.3100000023841858,5.498000144958496,0.2189999967813491
1777460400000,2026-04-29 11:00:00,,,,,,,,,,,,,12.347999572753906,35.0,1028.4000244140625,-2.695324182510376,0.0,12.783802032470703,57.6525764465332,0.3300000131130218,6.3480000495910645,0.2179999947547912
1777464000000,2026-04-29 12:00:00,,,,,,,,,,,,,12.947999954223633,32.0,1028.300048828125,-3.3717150688171387,0.0,12.599998474121094,53.13002014160156,0.3300000131130218,7.197999954223633,0.2179999947547912
1777464096001,2026-04-29 12:01:36,34.73,30.58,29.52,,,,320.91,302.4,282.07,100.0,-121.0,-14.2,,,,,,,,,,
1777467600000,2026-04-29 13:00:00,,,,,,,,,,,,,12.998000144958496,27.0,1028.199951171875,-5.5855255126953125,0.0,13.551501274108888,50.38935470581055,0.3199999928474426,7.8979997634887695,0.2169999927282333
1777471200000,2026-04-29 14:00:00,,,,,,,,,,,,,12.54800033569336,27.0,1028.300048828125,-5.972621917724609,0.0,14.154914855957031,82.6943359375,0.2900000214576721,8.498000144958496,0.2160000056028366
1777474800000,2026-04-29 15:00:00,,,,,,,,,,,,,12.14799976348877,29.0,1028.4000244140625,-5.37825870513916,0.0,15.51762866973877,86.00917053222656,0.25,8.89799976348877,0.2150000035762787
1777478400000,2026-04-29 16:00:00,,,,,,,,,,,,,11.79800033569336,29.0,1028.5,-5.681861877441406,0.0,11.480557441711426,48.81417465209961,0.2000000178813934,9.14799976348877,0.2150000035762787
1777478485374,2026-04-29 16:01:25,,,,11.77,11.9,10.91,,,,100.0,-113.0,-13.2,,,,,,,,,,
1777482000000,2026-04-29 17:00:00,,,,,,,,,,,,,10.39799976348877,27.0,1028.800048828125,-7.823449611663818,0.0,11.486200332641602,57.80430221557617,0.1199999973177909,9.197999954223633,0.2140000015497207
1777485600000,2026-04-29 18:00:00,,,,,,,,,,,,,7.248000144958496,42.0,1029.5999755859375,-4.826503753662109,0.0,6.439876079559326,63.43501281738281,0.0599999986588954,9.097999572753906,0.2140000015497207
1777489200000,2026-04-29 19:00:00,,,,,,,,,,,,,3.998000144958496,51.0,1030.5,-5.236481189727783,0.0,6.297428131103516,59.036319732666016,0.0299999993294477,8.597999572753906,0.2129999995231628
1777492800000,2026-04-29 20:00:00,,,,,,,,,,,,,3.0980000495910645,57.0,1031.199951171875,-4.603456020355225,0.0,5.091168403625488,81.86998748779297,0.0199999995529651,7.998000144958496,0.2129999995231628
1777492882333,2026-04-29 20:01:22,,,,12.17,10.94,11.51,,,,100.0,-121.0,-20.0,,,,,,,,,,
1777492891327,2026-04-29 20:01:31,34.96,30.42,29.31,,,,321.12,302.23,281.9,100.0,-122.0,-20.5,,,,,,,,,,
1777496400000,2026-04-29 21:00:00,,,,,,,,,,,,,-0.0020000003278255,70.0,1032.0,-4.822734355926514,0.0,5.014219284057617,68.96241760253906,0.0099999997764825,7.248000144958496,0.2129999995231628
1777500000000,2026-04-29 22:00:00,,,,,,,,,,,,,-0.4520000219345093,71.0,1032.5999755859375,-5.067695617675781,0.0,3.976329803466797,95.19434356689452,0.0,6.3979997634887695,0.2129999995231628
1777503600000,2026-04-29 23:00:00,,,,,,,,,,,,,-1.3519999980926514,75.0,1033.0,-5.2123212814331055,0.0,3.7585103511810303,106.69932556152344,0.0,5.697999954223633,0.2129999995231628
1777507200000,2026-04-30 00:00:00,,,,,,,,,,,,,-1.4520000219345093,82.0,1032.699951171875,-4.126011371612549,0.0,3.976329803466797,95.19434356689452,0.0,4.0980000495910645,0.210999995470047
1777507286701,2026-04-30 00:01:26,34.89,30.45,29.25,,,,321.06,302.26,281.85,100.0,-113.0,-8.5,,,,,,,,,,
1777510800000,2026-04-30 01:00:00,,,,,,,,,,,,,-1.9520000219345093,83.0,1033.0,-4.454046249389648,0.0,3.6712939739227295,101.30989837646484,0.0,3.497999906539917,0.210999995470047
1777514400000,2026-04-30 02:00:00,,,,,,,,,,,,,-2.452000141143799,83.0,1032.9000244140625,-4.943733215332031,0.0,3.7585103511810303,106.69932556152344,0.0,2.997999906539917,0.210999995470047
1777518000000,2026-04-30 03:00:00,,,,,,,,,,,,,-2.851999998092652,83.0,1033.300048828125,-5.335497856140137,0.0,3.7585103511810303,106.69932556152344,0.0,2.6480000019073486,0.210999995470047
1777521600000,2026-04-30 04:00:00,,,,,,,,,,,,,-3.052000045776367,84.0,1033.5,-5.373565673828125,0.0,3.075841426849365,110.5561294555664,0.0,2.3480000495910645,0.210999995470047
1777521676253,2026-04-30 04:01:16,,,,11.88,12.06,10.55,,,,100.0,-112.0,-9.0,,,,,,,,,,
1777521685223,2026-04-30 04:01:25,34.62,30.34,29.18,,,,320.81,302.14,281.79,100.0,-121.0,-18.2,,,,,,,,,,
1777525200000,2026-04-30 05:00:00,,,,,,,,,,,,,-1.8020000457763672,83.0,1034.0,-4.307145595550537,0.0,2.099142551422119,120.96369171142578,0.0,2.1480000019073486,0.210999995470047
1777528800000,2026-04-30 06:00:00,,,,,,,,,,,,,1.4479999542236328,72.0,1034.0999755859375,-3.051677942276001,0.0,1.1384198665618896,161.56495666503906,0.0199999995529651,2.0980000495910645,0.2119999974966049
1777532400000,2026-04-30 07:00:00,,,,,,,,,,,,,5.047999858856201,60.0,1034.0,-2.080777406692505,0.0,1.0182337760925293,224.99989318847656,0.0700000077486038,2.5980000495910645,0.2119999974966049
1777536000000,2026-04-30 08:00:00,,,,,,,,,,,,,8.597999572753906,48.0,1033.4000244140625,-1.8033671379089355,0.0,1.6099690198898315,243.4350128173828,0.1700000017881393,3.547999858856201,0.210999995470047
1777536073213,2026-04-30 08:01:13,,,,11.51,12.22,11.41,,,,100.0,-113.0,-8.8,,,,,,,,,,
1777536082225,2026-04-30 08:01:22,34.39,30.34,29.14,,,,320.6,302.14,281.76,100.0,-121.0,-20.0,,,,,,,,,,
1777539600000,2026-04-30 09:00:00,,,,,,,,,,,,,11.097999572753906,44.0,1033.0999755859375,-0.705501139163971,0.0,2.0364675521850586,135.00010681152344,0.2900000214576721,4.8979997634887695,0.210999995470047
1777543200000,2026-04-30 10:00:00,,,,,,,,,,,,,12.79800033569336,40.0,1032.699951171875,-0.4764622747898102,0.0,5.154415130615234,65.2248764038086,0.3600000143051147,6.3979997634887695,0.209999993443489
1777546800000,2026-04-30 11:00:00,,,,,,,,,,,,,13.89799976348877,34.0,1032.300048828125,-1.71777606010437,0.0,7.787990570068359,56.30989837646485,0.3900000154972076,7.797999858856201,0.2090000063180923
1777550400000,2026-04-30 12:00:00,,,,,,,,,,,,,14.697999954223633,35.0,1031.5999755859375,-0.6151458621025085,0.0,7.903619289398193,59.93151092529297,0.3799999952316284,8.947999954223633,0.2080000042915344
1777550477587,2026-04-30 12:01:17,34.25,30.03,28.97,,,,320.48,301.81,281.62,100.0,-112.0,-8.2,,,,,,,,,,
1777554000000,2026-04-30 13:00:00,,,,,,,,,,,,,15.197999954223633,37.0,1031.0999755859375,0.5947628021240234,0.0,8.225034713745117,66.8013916015625,0.3500000238418579,9.89799976348877,0.2070000022649765
1777557600000,2026-04-30 14:00:00,,,,,,,,,,,,,15.347999572753906,38.0,1030.5,1.0987838506698608,0.0,8.350137710571289,82.56868743896484,0.3199999928474426,10.597999572753906,0.2060000002384185
1777561200000,2026-04-30 15:00:00,,,,,,,,,,,,,15.347999572753906,41.0,1030.300048828125,2.1606862545013428,0.0,5.771238803863525,86.42374420166016,0.270000010728836,10.998000144958496,0.2060000002384185
1777564800000,2026-04-30 16:00:00,,,,,,,,,,,,,14.597999572753906,43.0,1030.0999755859375,2.151819467544556,0.0,3.545588731765747,66.03750610351562,0.2100000232458114,11.197999954223633,0.2049999982118606
1777564867049,2026-04-30 16:01:07,,,,11.56,11.59,11.15,,,,100.0,-118.0,-18.2,,,,,,,,,,
1777564875998,2026-04-30 16:01:15,34.39,29.98,28.87,,,,320.6,301.76,281.53,100.0,-113.0,-10.8,,,,,,,,,,
1777568400000,2026-04-30 17:00:00,,,,,,,,,,,,,13.998000144958496,56.0,1030.0,5.355752944946289,0.0,1.6099690198898315,63.43501281738281,0.1000000089406967,11.14799976348877,0.2039999961853027
1777572000000,2026-04-30 18:00:00,,,,,,,,,,,,,11.697999954223633,61.0,1030.0999755859375,4.4237895011901855,0.0,2.9024126529693604,7.124929904937744,0.0199999995529651,10.748000144958496,0.2039999961853027
1777575600000,2026-04-30 19:00:00,,,,,,,,,,,,,8.04800033569336,70.0,1030.4000244140625,2.906007766723633,0.0,4.0249223709106445,26.564985275268555,0.0,9.64799976348877,0.2039999961853027
1777579200000,2026-04-30 20:00:00,,,,,,,,,,,,,5.8480000495910645,76.0,1030.5999755859375,1.9416329860687256,0.0,3.3190360069274902,49.39878463745117,0.0,8.39799976348877,0.2039999961853027
1777579264079,2026-04-30 20:01:04,,,,12.01,11.46,11.22,,,,100.0,-112.0,-7.2,,,,,,,,,,
1777582800000,2026-04-30 21:00:00,,,,,,,,,,,,,5.3979997634887695,76.0,1030.9000244140625,1.505635380744934,0.0,2.545584201812744,81.86998748779297,0.0,7.297999858856201,0.2039999961853027
1777586400000,2026-04-30 22:00:00,,,,,,,,,,,,,3.697999954223633,86.0,1031.0999755859375,1.572917342185974,0.0,2.3051247596740723,141.3401641845703,0.0,6.297999858856201,0.2029999941587448
1777590000000,2026-04-30 23:00:00,,,,,,,,,,,,,2.497999906539917,91.0,1031.300048828125,1.1777691841125488,0.0,1.938659191131592,111.80147552490234,0.0,5.498000144958496,0.2029999941587448
1777593600000,2026-05-01 00:00:00,,,,,,,,,,,,,3.3980000019073486,89.0,1030.5999755859375,1.7568113803863523,0.0,3.219938039779663,116.5649871826172,0.0,5.8979997634887695,0.2039999961853027
1777593668391,2026-05-01 00:01:08,34.62,30.0,28.72,,,,320.81,301.78,281.41,100.0,-117.0,-15.0,,,,,,,,,,
1777597200000,2026-05-01 01:00:00,,,,,,,,,,,,,2.8980000019073486,89.0,1030.0999755859375,1.2634421586990356,0.0,2.545584201812744,98.13002014160156,0.0,5.197999954223633,0.2039999961853027
1777600800000,2026-05-01 02:00:00,,,,,,,,,,,,,1.747999906539917,95.0,1030.300048828125,1.0325767993927002,0.0,1.4843180179595947,194.0362701416016,0.0,4.547999858856201,0.2039999961853027
1777604400000,2026-05-01 03:00:00,,,,,,,,,,,,,1.247999906539917,97.0,1030.800048828125,0.8243942260742188,0.0,1.938659191131592,111.80147552490234,0.0,4.047999858856201,0.2039999961853027
1777608000000,2026-05-01 04:00:00,,,,,,,,,,,,,1.497999906539917,96.0,1030.800048828125,0.929448902606964,0.0,2.620839357376098,105.94546508789062,0.0,3.5980000495910645,0.2039999961853027
1777608057915,2026-05-01 04:00:57,,,,11.98,11.38,11.15,,,,100.0,-117.0,-15.5,,,,,,,,,,
1777608066910,2026-05-01 04:01:06,34.45,30.11,28.76,,,,320.66,301.9,281.44,100.0,-107.0,-13.2,,,,,,,,,,
1777611600000,2026-05-01 05:00:00,,,,,,,,,,,,,2.6480000019073486,93.0,1031.0,1.6296004056930542,0.0,2.27683973312378,108.43504333496094,0.0,3.3980000019073486,0.2049999982118606
1777615200000,2026-05-01 06:00:00,,,,,,,,,,,,,6.1479997634887695,79.0,1031.0,2.7771987915039062,0.0,1.2979984283447266,123.69009399414062,0.0199999995529651,4.047999858856201,0.2049999982118606
1777618800000,2026-05-01 07:00:00,,,,,,,,,,,,,10.097999572753906,65.0,1030.800048828125,3.813816785812378,0.0,0.7199999690055847,180.0,0.0900000035762786,5.447999954223633,0.2049999982118606
1777622400000,2026-05-01 08:00:00,,,,,,,,,,,,,13.89799976348877,55.0,1030.4000244140625,5.003291606903076,0.0,2.5199999809265137,270.0,0.1800000071525573,7.0980000495910645,0.2039999961853027
1777622454908,2026-05-01 08:00:54,,,,11.75,11.9,11.35,,,,100.0,-117.0,-18.8,,,,,,,,,,
1777622463913,2026-05-01 08:01:03,34.29,29.98,28.7,,,,320.51,301.76,281.39,100.0,-111.0,-5.8,,,,,,,,,,
1777626000000,2026-05-01 09:00:00,,,,,,,,,,,,,16.398000717163086,45.0,1030.0,4.42982292175293,0.0,6.489992141723633,289.44012451171875,0.2900000214576721,8.89799976348877,0.2039999961853027
1777629600000,2026-05-01 10:00:00,,,,,,,,,,,,,17.99799919128418,42.0,1029.5999755859375,4.8911662101745605,0.0,6.830519199371338,288.4350280761719,0.3600000143051147,10.54800033569336,0.2029999941587448
1777633200000,2026-05-01 11:00:00,,,,,,,,,,,,,19.39800071716309,44.0,1029.199951171875,6.829984664916992,0.0,6.489992141723633,289.44012451171875,0.3600000143051147,12.04800033569336,0.202000007033348
1777636800000,2026-05-01 12:00:00,,,,,,,,,,,,,20.347999572753903,38.0,1028.5,5.557765483856201,0.0,5.86037540435791,317.4895935058594,0.3500000238418579,13.347999572753906,0.2010000050067901
1777636859283,2026-05-01 12:00:59,34.22,30.0,28.62,,,,320.45,301.78,281.33,100.0,-118.0,-14.2,,,,,,,,,,
1777640400000,2026-05-01 13:00:00,,,,,,,,,,,,,20.89800071716309,38.0,1027.5999755859375,6.047676086425781,0.0,4.582051753997803,315.0000915527344,0.3300000131130218,14.347999572753906,0.2010000050067901
1777644000000,2026-05-01 14:00:00,,,,,,,,,,,,,21.14800071716309,38.0,1027.0,6.270323276519775,0.0,4.843304634094238,318.01287841796875,0.3000000119209289,15.097999572753906,0.2000000029802322
1777647600000,2026-05-01 15:00:00,,,,,,,,,,,,,21.24799919128418,36.0,1026.5999755859375,5.576751708984375,0.0,5.804825305938721,7.124929904937744,0.2599999904632568,15.54800033569336,0.1990000009536743
1777651200000,2026-05-01 16:00:00,,,,,,,,,,,,,20.54800033569336,39.0,1026.4000244140625,6.11179256439209,0.0,4.0249223709106445,333.4350280761719,0.2000000178813934,15.64799976348877,0.1990000009536743
1777651248794,2026-05-01 16:00:48,,,,12.06,11.02,11.22,,,,100.0,-113.0,-9.8,,,,,,,,,,
1777651257822,2026-05-01 16:00:57,34.42,29.9,28.45,,,,320.63,301.67,281.19,100.0,-117.0,-17.2,,,,,,,,,,
1777654800000,2026-05-01 17:00:00,,,,,,,,,,,,,19.847999572753903,38.0,1026.0999755859375,5.112296104431152,0.0,4.510787010192871,61.389644622802734,0.1000000089406967,15.39799976348877,0.1979999989271164
1777658400000,2026-05-01 18:00:00,,,,,,,,,,,,,16.648000717163086,56.0,1026.199951171875,7.82969331741333,0.0,3.396233081817627,32.00535583496094,0.0299999993294477,14.64799976348877,0.1979999989271164
1777662000000,2026-05-01 19:00:00,,,,,,,,,,,,,11.54800033569336,67.0,1026.699951171875,5.629232883453369,0.0,4.843304634094238,41.98712921142578,0.0099999997764825,13.248000144958496,0.1979999989271164
1777665600000,2026-05-01 20:00:00,,,,,,,,,,,,,9.748000144958496,72.0,1026.800048828125,4.9406256675720215,0.0,3.396233081817627,57.994659423828125,0.0,11.79800033569336,0.1979999989271164
1777665645729,2026-05-01 20:00:45,,,,12.62,11.51,11.35,,,,100.0,-116.0,-16.5,,,,,,,,,,
1777665654614,2026-05-01 20:00:54,34.62,29.9,28.38,,,,320.81,301.67,281.13,100.0,-118.0,-20.5,,,,,,,,,,
1777669200000,2026-05-01 21:00:00,,,,,,,,,,,,,8.847999572753906,78.0,1027.0,5.220831394195557,0.0,4.320000171661377,90.0,0.0,10.447999954223633,0.1979999989271164
1777672800000,2026-05-01 22:00:00,,,,,,,,,,,,,7.197999954223633,84.0,1027.300048828125,4.674931526184082,0.0,3.7585103511810303,106.69932556152344,0.0,9.39799976348877,0.1979999989271164
1777676400000,2026-05-01 23:00:00,,,,,,,,,,,,,6.6479997634887695,84.0,1027.199951171875,4.135954856872559,0.0,3.415259599685669,108.43504333496094,0.0,8.498000144958496,0.1979999989271164
1777680000000,2026-05-02 00:00:00,,,,,,,,,,,,,5.5980000495910645,88.0,1026.199951171875,3.766689538955689,0.0,3.6712939739227295,101.30989837646484,0.0,7.598000049591064,0.1979999989271164
1777683600000,2026-05-02 01:00:00,,,,,,,,,,,,,4.498000144958496,89.0,1025.9000244140625,2.842176675796509,0.0,4.735060214996338,98.74607849121094,0.0,6.8979997634887695,0.1979999989271164
1777687200000,2026-05-02 02:00:00,,,,,,,,,,,,,4.797999858856201,87.0,1026.0,2.8170366287231445,0.0,4.735060214996338,98.74607849121094,0.0,6.297999858856201,0.1979999989271164
1777690800000,2026-05-02 03:00:00,,,,,,,,,,,,,4.3979997634887695,87.0,1025.800048828125,2.4234001636505127,0.0,5.154415607452393,102.09474182128906,0.0,5.8480000495910645,0.1979999989271164
1777694400000,2026-05-02 04:00:00,,,,,,,,,,,,,4.047999858856201,87.0,1025.699951171875,2.078960418701172,0.0,4.802999019622803,102.99462127685548,0.0,5.447999954223633,0.1990000009536743
1777694439542,2026-05-02 04:00:39,,,,12.73,11.67,11.54,,,,100.0,-112.0,-8.5,,,,,,,,,,
1777694448492,2026-05-02 04:00:48,34.58,29.84,28.24,,,,320.78,301.61,281.01,100.0,-117.0,-13.8,,,,,,,,,,
1777698000000,2026-05-02 05:00:00,,,,,,,,,,,,,6.1479997634887695,85.0,1025.699951171875,3.814194679260254,0.0,4.802999019622803,102.99462127685548,0.0,5.248000144958496,0.1990000009536743
1777701600000,2026-05-02 06:00:00,,,,,,,,,,,,,10.597999572753906,76.0,1025.5999755859375,6.542319297790527,0.0,3.219938039779663,116.5649871826172,0.0399999991059303,5.998000144958496,0.1990000009536743
1777705200000,2026-05-02 07:00:00,,,,,,,,,,,,,14.947999954223633,64.0,1024.800048828125,8.195144653320312,0.0,4.0249223709106445,116.5649871826172,0.1299999952316284,7.348000049591064,0.1990000009536743
1777708800000,2026-05-02 08:00:00,,,,,,,,,,,,,18.74799919128418,53.0,1024.0,8.969975471496582,0.0,6.618519306182861,112.38018035888672,0.2599999904632568,8.998000144958496,0.1979999989271164
1777708836506,2026-05-02 08:00:36,,,,12.46,12.35,11.64,,,,100.0,-113.0,-9.5,,,,,,,,,,
1777708845446,2026-05-02 08:00:45,34.42,29.82,28.2,,,,320.63,301.58,280.98,100.0,-117.0,-17.0,,,,,,,,,,
1777712400000,2026-05-02 09:00:00,,,,,,,,,,,,,21.99799919128418,36.0,1023.2000122070312,6.240331172943115,0.0,10.18869972229004,147.99465942382812,0.4000000357627868,10.697999954223633,0.1979999989271164
1777716000000,2026-05-02 10:00:00,,,,,,,,,,,,,23.04800033569336,31.0,1022.7000122070312,5.00248908996582,0.0,11.918120384216309,154.98313903808594,0.4799999892711639,12.197999954223633,0.1969999969005584
1777719600000,2026-05-02 11:00:00,,,,,,,,,,,,,24.04800033569336,29.0,1022.2000122070312,4.910343170166016,0.0,11.269782066345217,153.4350128173828,0.4600000083446502,13.597999572753906,0.1959999948740005
1777723200000,2026-05-02 12:00:00,,,,,,,,,,,,,24.79800033569336,26.0,1021.2999877929688,3.9910616874694815,0.0,10.23312282562256,140.7106170654297,0.449999988079071,14.79800033569336,0.1949999928474426
1777723241037,2026-05-02 12:00:41,34.32,29.68,28.1,,,,320.54,301.43,280.9,100.0,-112.0,-8.5,,,,,,,,,,
1777726800000,2026-05-02 13:00:00,,,,,,,,,,,,,25.24799919128418,24.0,1020.2999877929688,3.2352373600006104,0.0,10.5142183303833,141.95291137695312,0.4300000071525574,15.79800033569336,0.1940000057220459
1777730400000,2026-05-02 14:00:00,,,,,,,,,,,,,25.39800071716309,20.0,1019.2999877929688,0.8042978644371033,0.0,10.308830261230469,155.22488403320312,0.3900000154972076,16.54800033569336,0.1930000036954879
1777734000000,2026-05-02 15:00:00,,,,,,,,,,,,,25.14800071716309,20.0,1018.7000122070312,0.5979897975921631,0.0,10.390226364135742,165.96372985839844,0.3500000238418579,16.99799919128418,0.19200000166893
1777737600000,2026-05-02 16:00:00,,,,,,,,,,,,,24.49799919128418,21.0,1018.5,0.7364262938499451,0.0,10.041354179382324,165.4654998779297,0.270000010728836,17.148000717163086,0.1909999996423721
1777737630445,2026-05-02 16:00:30,,,,12.89,12.35,11.48,,,,100.0,-118.0,-14.5,,,,,,,,,,
1777737639353,2026-05-02 16:00:39,34.62,29.59,27.93,,,,320.81,301.34,280.76,100.0,-112.0,-9.5,,,,,,,,,,
1777741200000,2026-05-02 17:00:00,,,,,,,,,,,,,22.99799919128418,24.0,1018.0,1.338006854057312,0.0,8.396570205688477,149.03631591796875,0.1599999964237213,17.097999572753906,0.1909999996423721
1777744800000,2026-05-02 18:00:00,,,,,,,,,,,,,18.49799919128418,35.0,1017.7000122070312,2.743781089782715,0.0,6.849466800689697,86.9872817993164,0.0799999982118606,16.54800033569336,0.1899999976158142
1777748400000,2026-05-02 19:00:00,,,,,,,,,,,,,14.498000144958496,42.0,1017.9000244140624,1.7316899299621582,0.0,7.244860172271728,63.43501281738281,0.0399999991059303,15.498000144958496,0.1899999976158142
1777752000000,2026-05-02 20:00:00,,,,,,,,,,,,,12.697999954223633,47.0,1018.0,1.6674906015396118,0.0,6.830519199371338,71.5649642944336,0.0399999991059303,14.447999954223633,0.1899999976158142
1777752027297,2026-05-02 20:00:27,,,,13.45,12.67,11.9,,,,100.0,-112.0,-7.8,,,,,,,,,,
1777752036362,2026-05-02 20:00:36,34.73,29.62,27.93,,,,320.91,301.37,280.76,100.0,-118.0,-12.0,,,,,,,,,,
1777755600000,2026-05-02 21:00:00,,,,,,,,,,,,,11.597999572753906,52.0,1018.2000122070312,2.069904088973999,0.0,6.287129878997803,76.75946807861328,0.0299999993294477,13.447999954223633,0.1899999976158142
1777759200000,2026-05-02 22:00:00,,,,,,,,,,,,,10.847999572753906,59.0,1018.0999755859376,3.148975849151612,0.0,6.162207126617432,83.2902603149414,0.0199999995529651,12.64799976348877,0.1889999955892563
1777762800000,2026-05-02 23:00:00,,,,,,,,,,,,,10.64799976348877,60.0,1017.7000122070312,3.1985912322998047,0.0,6.519876956939697,83.65990447998047,0.0199999995529651,11.998000144958496,0.1889999955892563
1777766400000,2026-05-03 00:00:00,,,,,,,,,,,,,10.39799976348877,67.0,1017.0,4.531966686248779,0.0,6.924737930297852,81.02745819091797,0.0199999995529651,11.447999954223633,0.1860000044107437
1777766431874,2026-05-03 00:00:31,34.79,29.65,27.79,,,,320.97,301.4,280.64,100.0,-121.0,-21.0,,,,,,,,,,
1777770000000,2026-05-03 01:00:00,,,,,,,,,,,,,10.39799976348877,67.0,1016.2000122070312,4.531966686248779,0.0,6.119999885559082,90.0,0.0199999995529651,10.998000144958496,0.1860000044107437
1777773600000,2026-05-03 02:00:00,,,,,,,,,,,,,10.29800033569336,68.0,1016.4000244140624,4.648543834686279,0.0,5.86037540435791,100.6196060180664,0.0199999995529651,10.597999572753906,0.1860000044107437
1777777200000,2026-05-03 03:00:00,,,,,,,,,,,,,10.54800033569336,67.0,1016.2999877929688,4.6751017570495605,0.0,6.489992141723633,93.17977142333984,0.0199999995529651,10.347999572753906,0.1860000044107437
1777780800000,2026-05-03 04:00:00,,,,,,,,,,,,,11.29800033569336,63.0,1016.2000122070312,4.506945610046387,0.0,7.928177833557129,92.60250854492188,0.0299999993294477,10.197999954223633,0.1860000044107437
1777780821180,2026-05-03 04:00:21,,,,13.59,11.98,12.17,,,,100.0,-116.0,-18.2,,,,,,,,,,
1777784400000,2026-05-03 05:00:00,,,,,,,,,,,,,12.748000144958496,60.0,1016.0,5.176590442657471,0.0,9.007196426391602,92.29055786132812,0.0700000077486038,10.29800033569336,0.1860000044107437
1777788000000,2026-05-03 06:00:00,,,,,,,,,,,,,14.748000144958496,59.0,1015.9000244140624,6.814323902130127,0.0,9.726664543151855,92.1210479736328,0.1700000017881393,10.697999954223633,0.1860000044107437
1777791600000,2026-05-03 07:00:00,,,,,,,,,,,,,17.29800033569336,55.0,1015.4000244140624,8.170514106750488,0.0,11.159998893737791,90.0,0.2800000309944153,11.347999572753906,0.1850000023841858
1777795200000,2026-05-03 08:00:00,,,,,,,,,,,,,20.69799995422364,44.0,1015.0999755859376,8.008170127868652,0.0,11.60965061187744,97.12492370605467,0.4000000357627868,12.29800033569336,0.1840000003576278
1777795227173,2026-05-03 08:00:27,34.52,29.62,27.82,,,,320.72,301.37,280.67,100.0,-113.0,-18.0,,,,,,,,,,
1777798800000,2026-05-03 09:00:00,,,,,,,,,,,,,23.597999572753903,32.0,1014.5999755859376,5.938958644866943,0.0,11.792404174804688,121.263671875,0.5100000500679016,13.447999954223633,0.1829999983310699
1777802400000,2026-05-03 10:00:00,,,,,,,,,,,,,25.39800071716309,29.0,1014.2000122070312,6.073390960693359,0.0,13.392773628234863,126.2539291381836,0.550000011920929,14.697999954223633,0.181999996304512
1777806000000,2026-05-03 11:00:00,,,,,,,,,,,,,26.44799995422364,26.0,1013.5999755859376,5.393984317779541,0.0,16.26785659790039,155.13632202148438,0.550000011920929,15.847999572753906,0.1809999942779541
1777809600000,2026-05-03 12:00:00,,,,,,,,,,,,,27.04800033569336,24.0,1012.9000244140624,4.751147270202637,0.0,16.78156089782715,157.28555297851562,0.5299999713897705,16.79800033569336,0.1800000071525573
1777809622539,2026-05-03 12:00:22,34.42,29.49,27.65,,,,320.63,301.23,280.53,100.0,-121.0,-12.0,,,,,,,,,,
1777813200000,2026-05-03 13:00:00,,,,,,,,,,,,,27.24799919128418,24.0,1012.4000244140624,4.919476509094238,0.0,13.89618682861328,163.44285583496094,0.5,17.597999572753906,0.1790000051259994
1777816800000,2026-05-03 14:00:00,,,,,,,,,,,,,27.04800033569336,26.0,1011.7999877929688,5.903809547424316,0.0,11.792404174804688,148.736328125,0.4399999976158142,18.19799995422364,0.1780000030994415
1777820400000,2026-05-03 15:00:00,,,,,,,,,,,,,26.79800033569336,27.0,1011.4000244140624,6.237683773040772,0.0,11.753876686096191,152.65020751953125,0.3700000345706939,18.54800033569336,0.1770000010728836
1777824000000,2026-05-03 16:00:00,,,,,,,,,,,,,26.24799919128418,27.0,1011.0,5.768228054046631,0.0,10.315114974975586,150.7512664794922,0.2800000309944153,18.69799995422364,0.1759999990463256
1777824011953,2026-05-03 16:00:11,,,,13.84,12.35,11.61,,,,100.0,-118.0,-14.2,,,,,,,,,,
1777824020953,2026-05-03 16:00:20,34.58,29.35,27.47,,,,320.78,301.08,280.38,100.0,-117.0,-16.8,,,,,,,,,,
1777827600000,2026-05-03 17:00:00,,,,,,,,,,,,,24.347999572753903,32.0,1010.7999877929688,6.592783451080322,0.0,7.9281768798828125,129.47242736816406,0.2000000178813934,18.64800071716309,0.1749999970197677
1777831200000,2026-05-03 18:00:00,,,,,,,,,,,,,20.14800071716309,42.0,1010.9000244140624,6.829882621765137,0.0,7.235910415649414,84.28949737548828,0.1000000089406967,18.19799995422364,0.1749999970197677
1777834800000,2026-05-03 19:00:00,,,,,,,,,,,,,16.697999954223633,53.0,1011.2999877929688,7.069698333740234,0.0,6.7637858390808105,64.79891967773438,0.0399999991059303,17.24799919128418,0.1749999970197677
1777838400000,2026-05-03 20:00:00,,,,,,,,,,,,,15.54800033569336,55.0,1011.4000244140624,6.540689468383789,0.0,5.58870267868042,75.06853485107422,0.0399999991059303,16.29800033569336,0.1739999949932098
1777838408896,2026-05-03 20:00:08,,,,14.42,12.41,12.25,,,,100.0,-117.0,-15.8,,,,,,,,,,
1777838417792,2026-05-03 20:00:17,34.83,29.35,27.27,,,,321.0,301.08,280.21,100.0,-112.0,-8.2,,,,,,,,,,
1777842000000,2026-05-03 21:00:00,,,,,,,,,,,,,14.29800033569336,62.0,1012.0,7.1140241622924805,0.0,5.9044389724731445,52.43133544921875,0.0299999993294477,15.447999954223633,0.1739999949932098
1777845600000,2026-05-03 22:00:00,,,,,,,,,,,,,13.64799976348877,64.0,1012.7000122070312,6.962147235870361,0.0,4.0249223709106445,10.304792404174805,0.0,14.64799976348877,0.1739999949932098
1777849200000,2026-05-03 23:00:00,,,,,,,,,,,,,13.947999954223633,62.0,1013.0999755859376,6.78327751159668,0.0,2.9024126529693604,82.87508392333984,0.0,13.697999954223633,0.1739999949932098
1777852800000,2026-05-04 00:00:00,,,,,,,,,,,,,14.89799976348877,59.0,1012.5,6.955231189727783,0.0,2.879999876022339,90.0,0.0,14.447999954223633,0.1749999970197677
1777856400000,2026-05-04 01:00:00,,,,,,,,,,,,,13.64799976348877,63.0,1012.7000122070312,6.7325758934021,0.0,3.3190360069274902,77.47119903564453,0.0,13.347999572753906,0.1749999970197677
1777860000000,2026-05-04 02:00:00,,,,,,,,,,,,,12.748000144958496,70.0,1013.0999755859376,7.413748741149902,0.0,2.9024126529693604,97.12492370605467,0.0,12.597999572753906,0.1749999970197677
1777863600000,2026-05-04 03:00:00,,,,,,,,,,,,,12.64799976348877,73.0,1013.7000122070312,7.933422565460205,0.0,1.938659191131592,68.19853210449219,0.0,12.248000144958496,0.1749999970197677
1777867200000,2026-05-04 04:00:00,,,,,,,,,,,,,12.14799976348877,74.0,1013.2000122070312,7.651127815246582,0.0,6.214563369750977,10.007925033569336,0.0099999997764825,12.097999572753906,0.1749999970197677
1777867202763,2026-05-04 04:00:02,,,,14.53,13.48,12.41,,,,100.0,-112.0,-9.0,,,,,,,,,,
1777867211723,2026-05-04 04:00:11,34.83,29.41,27.3,,,,321.0,301.14,280.24,100.0,-118.0,-13.8,,,,,,,,,,
1777870800000,2026-05-04 05:00:00,,,,,,,,,,,,,13.097999572753906,74.0,1014.0,8.567882537841797,0.0,2.811689853668213,219.80552673339844,0.0299999993294477,12.197999954223633,0.1749999970197677
1777874400000,2026-05-04 06:00:00,,,,,,,,,,,,,14.197999954223633,79.0,1014.0,10.607462882995604,0.0,1.4843180179595947,75.96372985839844,0.0399999991059303,12.498000144958496,0.1749999970197677
1777878000000,2026-05-04 07:00:00,,,,,,,,,,,,,15.748000144958496,68.0,1014.4000244140624,9.855685234069824,0.0,2.741678237915039,113.19862365722656,0.0900000035762786,13.04800033569336,0.1749999970197677
1777881599627,2026-05-04 07:59:59,,,,14.39,13.86,12.41,,,,100.0,-113.0,-7.8,,,,,,,,,,
1777881600000,2026-05-04 08:00:00,,,,,,,,,,,,,17.398000717163086,64.0,1014.5,10.517991065979004,0.1000000014901161,1.1384198665618896,198.4350433349609,0.1500000059604644,13.847999572753906,0.1749999970197677
1777885200000,2026-05-04 09:00:00,,,,,,,,,,,,,19.04800033569336,58.0,1014.4000244140624,10.5946683883667,0.0,1.1384198665618896,251.56495666503903,0.2599999904632568,14.748000144958496,0.1739999949932098
1777888800000,2026-05-04 10:00:00,,,,,,,,,,,,,20.49799919128418,51.0,1014.0,10.01492691040039,0.0,1.8356469869613647,11.309895515441896,0.3000000119209289,15.54800033569336,0.1739999949932098
1777892400000,2026-05-04 11:00:00,,,,,,,,,,,,,21.847999572753903,48.0,1013.5999755859376,10.347455978393556,0.0,6.696386814117432,306.2539367675781,0.3900000154972076,16.74799919128418,0.1729999929666519
1777896000000,2026-05-04 12:00:00,,,,,,,,,,,,,23.04800033569336,45.0,1012.7999877929688,10.473284721374512,0.0,8.396570205688477,329.03631591796875,0.3600000143051147,17.847999572753906,0.1729999929666519
1777896004066,2026-05-04 12:00:04,34.52,29.24,27.17,,,,320.72,300.96,280.13,100.0,-111.0,-5.5,,,,,,,,,,
1777899600000,2026-05-04 13:00:00,,,,,,,,,,,,,23.69799995422364,44.0,1012.0,10.724937438964844,0.0,6.952754497528076,338.7494201660156,0.3400000035762787,18.847999572753903,0.1720000058412552
1777903200000,2026-05-04 14:00:00,,,,,,,,,,,,,23.69799995422364,42.0,1011.2999877929688,10.027504920959473,0.0,6.952754497528076,338.7494201660156,0.2599999904632568,19.19799995422364,0.1710000038146972
1777906800000,2026-05-04 15:00:00,,,,,,,,,,,,,22.847999572753903,46.0,1011.2000122070312,10.62144947052002,0.0,11.480557441711426,311.1858215332031,0.2300000041723251,19.29800033569336,0.1710000038146972
1777910393584,2026-05-04 15:59:53,,,,14.61,13.92,12.65,,,,100.0,-122.0,-22.0,,,,,,,,,,
1777910400000,2026-05-04 16:00:00,,,,,,,,,,,,,22.54800033569336,45.0,1011.2000122070312,10.019384384155272,0.0,8.20926284790039,322.1249389648437,0.1700000017881393,18.99799919128418,0.1710000038146972
1777910402590,2026-05-04 16:00:02,34.58,29.1,26.95,,,,320.78,300.81,279.95,100.0,-112.0,-7.0,,,,,,,,,,
1777914000000,2026-05-04 17:00:00,,,,,,,,,,,,,21.64800071716309,46.0,1011.2000122070312,9.52904987335205,0.0,6.792466163635254,327.9946594238281,0.1199999973177909,18.597999572753903,0.1700000017881393
1777917600000,2026-05-04 18:00:00,,,,,,,,,,,,,19.597999572753903,58.0,1011.2999877929688,11.109724044799805,0.0,3.3190360069274902,12.52879810333252,0.0500000044703483,17.947999954223633,0.1700000017881393
1777921200000,2026-05-04 19:00:00,,,,,,,,,,,,,17.04800033569336,66.0,1011.5,10.647704124450684,0.0,3.5999999046325684,53.13002014160156,0.0099999997764825,16.79800033569336,0.1700000017881393
1777924790437,2026-05-04 19:59:50,,,,14.89,13.16,13.16,,,,100.0,-112.0,-6.0,,,,,,,,,,
1777924799376,2026-05-04 19:59:59,34.58,29.03,26.85,,,,320.78,300.73,279.87,100.0,-118.0,-13.8,,,,,,,,,,
1777924800000,2026-05-04 20:00:00,,,,,,,,,,,,,14.89799976348877,74.0,1011.5,10.304558753967283,0.0,3.3190360069274902,49.39878463745117,0.0,15.54800033569336,0.1700000017881393
1777928400000,2026-05-04 21:00:00,,,,,,,,,,,,,14.29800033569336,75.0,1011.4000244140624,9.926082611083984,0.0,2.3051247596740723,51.34017181396485,0.0,14.597999572753906,0.1700000017881393
1777932000000,2026-05-04 22:00:00,,,,,,,,,,,,,14.498000144958496,72.0,1011.4000244140624,9.51004409790039,0.0,1.527350664138794,44.99989700317383,0.0,13.847999572753906,0.1700000017881393
1777935600000,2026-05-04 23:00:00,,,,,,,,,,,,,14.39799976348877,72.0,1011.2999877929688,9.41387939453125,0.0,1.2979984283447266,123.69009399414062,0.0,13.29800033569336,0.1710000038146972
1777939194870,2026-05-04 23:59:54,34.55,29.05,26.82,,,,320.75,300.76,279.84,100.0,-117.0,-18.5,,,,,,,,,,
1777939200000,2026-05-05 00:00:00,,,,,,,,,,,,,13.197999954223633,85.0,1010.7000122070312,10.730924606323242,0.0,2.0364675521850586,44.99989700317383,0.0,13.248000144958496,0.1700000017881393
1777942800000,2026-05-05 01:00:00,,,,,,,,,,,,,12.64799976348877,88.0,1010.7999877929688,10.711770057678224,0.0,2.545584201812744,351.8699951171875,0.0,12.79800033569336,0.1700000017881393
1777946400000,2026-05-05 02:00:00,,,,,,,,,,,,,11.748000144958496,90.0,1010.4000244140624,10.161222457885742,0.0,2.3051247596740723,51.34017181396485,0.0,12.39799976348877,0.1710000038146972
1777950000000,2026-05-05 03:00:00,,,,,,,,,,,,,10.89799976348877,92.0,1010.2999877929688,9.648956298828123,0.0,1.7999999523162842,323.1300048828125,0.0,11.947999954223633,0.1710000038146972
1777953584297,2026-05-05 03:59:44,,,,14.86,14.58,13.16,,,,100.0,-117.0,-18.2,,,,,,,,,,
1777953593403,2026-05-05 03:59:53,34.52,29.1,26.82,,,,320.72,300.81,279.84,100.0,-111.0,-6.8,,,,,,,,,,
1777953600000,2026-05-05 04:00:00,,,,,,,,,,,,,11.597999572753906,87.0,1009.9000244140624,9.507299423217772,0.0,1.6099690198898315,63.43501281738281,0.0,11.498000144958496,0.1710000038146972
1777957200000,2026-05-05 05:00:00,,,,,,,,,,,,,12.498000144958496,88.0,1009.9000244140624,10.564032554626465,0.0,1.0800000429153442,270.0,0.0,11.498000144958496,0.1710000038146972
1777960800000,2026-05-05 06:00:00,,,,,,,,,,,,,14.54800033569336,87.0,1010.0999755859376,12.40878200531006,0.0,2.9024126529693604,299.7447814941406,0.0099999997764825,12.14799976348877,0.1710000038146972
1777964400000,2026-05-05 07:00:00,,,,,,,,,,,,,15.54800033569336,81.0,1009.7000122070312,12.299911499023438,0.2000000029802322,9.08598804473877,303.6900939941406,0.0700000077486038,12.89799976348877,0.1710000038146972
1777967981227,2026-05-05 07:59:41,,,,14.72,13.56,13.24,,,,100.0,-121.0,-15.8,,,,,,,,,,
1777967990096,2026-05-05 07:59:50,34.35,29.03,26.78,,,,320.57,300.73,279.81,100.0,-112.0,-5.0,,,,,,,,,,
1777968000000,2026-05-05 08:00:00,,,,,,,,,,,,,16.24799919128418,80.0,1009.7000122070312,12.792463302612305,0.0,4.0249223709106445,296.5649719238281,0.1199999973177909,13.64799976348877,0.1710000038146972
1777971600000,2026-05-05 09:00:00,,,,,,,,,,,,,18.19799995422364,73.0,1009.2999877929688,13.278497695922852,0.1000000014901161,3.89399528503418,303.6900939941406,0.2100000232458114,14.597999572753906,0.1710000038146972
1777975200000,2026-05-05 10:00:00,,,,,,,,,,,,,19.49799919128418,69.0,1009.0,13.660057067871094,0.0,5.991593837738037,302.7351989746094,0.3000000119209289,15.697999954223633,0.1710000038146972
1777978800000,2026-05-05 11:00:00,,,,,,,,,,,,,21.04800033569336,63.0,1008.2999877929688,13.733783721923828,0.0,6.297428131103516,329.03631591796875,0.3500000238418579,16.79800033569336,0.1710000038146972
1777982400000,2026-05-05 12:00:00,,,,,,,,,,,,,22.39800071716309,55.0,1007.5999755859376,12.91590976715088,0.0,5.399999618530273,360.0,0.3400000035762787,17.74799919128418,0.1700000017881393
1777986000000,2026-05-05 13:00:00,,,,,,,,,,,,,22.44799995422364,52.0,1007.0,12.107115745544434,0.0,7.2805495262146,351.46929931640625,0.2900000214576721,18.44799995422364,0.1700000017881393
1777989600000,2026-05-05 14:00:00,,,,,,,,,,,,,22.69799995422364,51.0,1006.2000122070312,12.04271125793457,0.0,8.31124496459961,4.969664096832275,0.270000010728836,18.94799995422364,0.1689999997615814
1777993200000,2026-05-05 15:00:00,,,,,,,,,,,,,21.89800071716309,53.0,1005.7999877929688,11.887750625610352,0.0,9.199390411376951,30.57915687561035,0.1899999976158142,18.99799919128418,0.1689999997615814
1777996775040,2026-05-05 15:59:35,,,,14.86,13.73,13.16,,,,100.0,-116.0,-13.2,,,,,,,,,,
1777996784068,2026-05-05 15:59:44,34.32,28.75,26.5,,,,320.54,300.43,279.58,100.0,-117.0,-18.8,,,,,,,,,,
1777996800000,2026-05-05 16:00:00,,,,,,,,,,,,,21.597999572753903,54.0,1005.7000122070312,11.893263816833496,0.0,9.44957160949707,17.744766235351562,0.1500000059604644,18.597999572753903,0.1689999997615814
1778000400000,2026-05-05 17:00:00,,,,,,,,,,,,,20.39800071716309,58.0,1005.5999755859376,11.858779907226562,0.0,8.699792861938477,24.443952560424805,0.0799999982118606,18.14800071716309,0.1689999997615814
1778004000000,2026-05-05 18:00:00,,,,,,,,,,,,,18.89800071716309,67.0,1005.4000244140624,12.63675022125244,0.0,3.89399528503418,326.3099060058594,0.0399999991059303,17.54800033569336,0.1689999997615814
1778007600000,2026-05-05 19:00:00,,,,,,,,,,,,,17.347999572753906,75.0,1005.9000244140624,12.872733116149902,0.6000000238418579,3.976329803466797,95.19434356689452,0.0099999997764825,16.79800033569336,0.1689999997615814
1778011171937,2026-05-05 19:59:31,,,,15.09,14.36,13.21,,,,100.0,-116.0,-16.2,,,,,,,,,,
1778011180975,2026-05-05 19:59:40,34.35,28.83,26.5,,,,320.57,300.52,279.58,100.0,-111.0,-6.0,,,,,,,,,,
1778011200000,2026-05-05 20:00:00,,,,,,,,,,,,,15.79800033569336,88.0,1005.9000244140624,13.813953399658203,4.0,2.0364675521850586,224.99989318847656,0.0199999995529651,16.097999572753906,0.1700000017881393
1778014800000,2026-05-05 21:00:00,,,,,,,,,,,,,15.347999572753906,87.0,1005.7000122070312,13.19552516937256,2.799999952316284,2.0364675521850586,44.99989700317383,0.0099999997764825,15.54800033569336,0.1840000003576278
1778018400000,2026-05-05 22:00:00,,,,,,,,,,,,,14.697999954223633,91.0,1005.5,13.243700981140137,2.0999999046325684,5.116561412811279,320.7106018066406,0.0199999995529651,15.14799976348877,0.2070000022649765
1778022000000,2026-05-05 23:00:00,,,,,,,,,,,,,14.447999954223633,93.0,1005.4000244140624,13.329647064208984,0.5,3.5999999046325684,323.1300048828125,0.0099999997764825,14.847999572753906,0.2240000069141388
1778025600000,2026-05-06 00:00:00,,,,,,,,,,,,,12.498000144958496,94.0,1005.2999877929688,11.5582275390625,1.0,3.617955207824707,185.7104949951172,0.0199999995529651,14.39799976348877,0.3190000057220459
1778029200000,2026-05-06 01:00:00,,,,,,,,,,,,,12.197999954223633,95.0,1005.2999877929688,11.420289039611816,0.0,2.595996856689453,56.30991363525391,0.0,13.847999572753906,0.3190000057220459
1778032800000,2026-05-06 02:00:00,,,,,,,,,,,,,11.64799976348877,96.0,1005.0999755859376,11.031331062316896,0.0,3.545588731765747,66.03750610351562,0.0,13.39799976348877,0.3140000104904175
1778036400000,2026-05-06 03:00:00,,,,,,,,,,,,,11.947999954223633,97.0,1005.4000244140624,11.486509323120115,0.0,3.075841426849365,110.5561294555664,0.0,13.097999572753906,0.3089999854564667
1778039965854,2026-05-06 03:59:25,,,,15.0,13.75,13.48,,,,100.0,-112.0,-8.5,,,,,,,,,,
1778039974832,2026-05-06 03:59:34,34.25,28.72,26.4,,,,320.48,300.4,279.5,100.0,-117.0,-13.0,,,,,,,,,,
1778040000000,2026-05-06 04:00:00,,,,,,,,,,,,,11.998000144958496,96.0,1005.4000244140624,11.379637718200684,0.0,3.877318382263184,68.19853210449219,0.0,12.998000144958496,0.3039999902248382
1778043600000,2026-05-06 05:00:00,,,,,,,,,,,,,12.64799976348877,92.0,1005.2000122070312,11.381725311279297,0.0,3.617955207824707,84.28949737548828,0.0099999997764825,12.947999954223633,0.3000000119209289
1778047200000,2026-05-06 06:00:00,,,,,,,,,,,,,14.39799976348877,81.0,1005.2000122070312,11.178555488586426,0.0,2.620839357376098,105.94546508789062,0.0799999982118606,13.248000144958496,0.2960000038146972
1778050800000,2026-05-06 07:00:00,,,,,,,,,,,,,16.597999572753906,70.0,1005.0,11.10368824005127,0.0,12.849528312683104,258.6900939941406,0.1800000071525573,13.89799976348877,0.2919999957084656
1778054362816,2026-05-06 07:59:22,,,,14.78,13.78,13.4,,,,100.0,-113.0,-8.0,,,,,,,,,,
1778054371675,2026-05-06 07:59:31,34.29,28.69,26.4,,,,320.51,300.37,279.5,100.0,-121.0,-17.2,,,,,,,,,,
1778054400000,2026-05-06 08:00:00,,,,,,,,,,,,,17.447999954223633,64.0,1005.0,10.565381050109863,0.0,15.188414573669434,264.55975341796875,0.3199999928474426,14.447999954223633,0.2879999876022339
1778058000000,2026-05-06 09:00:00,,,,,,,,,,,,,17.54800033569336,65.0,1005.5,10.893343925476074,0.0,14.039999961853027,270.0,0.3400000035762787,14.89799976348877,0.2849999964237213
1778061600000,2026-05-06 10:00:00,,,,,,,,,,,,,19.49799919128418,54.0,1005.5999755859376,9.943892478942873,0.0,13.397611618041992,276.1700744628906,0.3500000238418579,15.447999954223633,0.2820000052452087
1778065200000,2026-05-06 11:00:00,,,,,,,,,,,,,20.79800033569336,50.0,1005.5,9.99518871307373,0.0,14.618837356567385,279.9261779785156,0.3900000154972076,16.398000717163086,0.277999997138977
1778068767141,2026-05-06 11:59:27,34.39,28.59,26.29,,,,320.6,300.26,279.41,100.0,-121.0,-10.8,,,,,,,,,,
1778068800000,2026-05-06 12:00:00,,,,,,,,,,,,,20.64800071716309,50.0,1005.4000244140624,9.857216835021973,0.0,13.217443466186523,299.357666015625,0.3300000131130218,17.197999954223633,0.2750000059604645
1778072400000,2026-05-06 13:00:00,,,,,,,,,,,,,20.69799995422364,55.0,1005.2000122070312,11.334832191467283,0.0,11.525623321533203,321.3401794433594,0.2599999904632568,17.697999954223633,0.2720000147819519
1778076000000,2026-05-06 14:00:00,,,,,,,,,,,,,20.79800033569336,52.0,1004.9000244140624,10.582782745361328,0.0,9.44957160949707,319.6355285644531,0.2199999988079071,17.947999954223633,0.2689999938011169
1778079600000,2026-05-06 15:00:00,,,,,,,,,,,,,19.39800071716309,58.0,1004.7000122070312,10.922442436218262,0.0,7.421589851379394,14.036274909973145,0.1599999964237213,17.99799919128418,0.2660000026226043
1778083156797,2026-05-06 15:59:16,,,,14.83,13.29,13.56,,,,100.0,-118.0,-19.5,,,,,,,,,,
1778083165624,2026-05-06 15:59:25,34.45,28.45,26.16,,,,320.66,300.11,279.3,100.0,-113.0,-11.0,,,,,,,,,,
1778083200000,2026-05-06 16:00:00,,,,,,,,,,,,,15.947999954223633,80.0,1005.5,12.500401496887209,15.199999809265137,1.4843180179595947,14.036274909973145,0.0700000077486038,17.148000717163086,0.3720000088214874
1778086800000,2026-05-06 17:00:00,,,,,,,,,,,,,16.398000717163086,75.0,1005.5,11.955055236816406,0.0,1.2979984283447266,236.3099060058593,0.0399999991059303,16.49799919128418,0.3540000021457672
1778090400000,2026-05-06 18:00:00,,,,,,,,,,,,,15.947999954223633,80.0,1005.5,12.500401496887209,0.0,3.5999999046325684,36.86999130249024,0.0199999995529651,16.04800033569336,0.3409999907016754
1778094000000,2026-05-06 19:00:00,,,,,,,,,,,,,14.998000144958496,82.0,1006.0999755859376,11.949736595153809,0.0,4.829906940460205,26.564985275268555,0.0199999995529651,15.54800033569336,0.3319999873638153
1778097561525,2026-05-06 19:59:21,34.52,28.42,26.05,,,,320.72,300.08,279.21,100.0,-116.0,-17.2,,,,,,,,,,
1778097600000,2026-05-06 20:00:00,,,,,,,,,,,,,13.89799976348877,86.0,1006.5,11.594407081604004,0.0,7.208993911743164,87.13765716552734,0.0299999993294477,15.097999572753906,0.3260000050067901
1778101200000,2026-05-06 21:00:00,,,,,,,,,,,,,13.29800033569336,90.0,1006.9000244140624,11.691920280456545,0.1000000014901161,4.679999828338623,90.0,0.0199999995529651,14.64799976348877,0.3199999928474426
1778104800000,2026-05-06 22:00:00,,,,,,,,,,,,,12.89799976348877,92.0,1007.5,11.629254341125488,0.1000000014901161,3.096837043762207,35.53776550292969,0.0099999997764825,14.197999954223633,0.3149999976158142
1778108400000,2026-05-06 23:00:00,,,,,,,,,,,,,12.79800033569336,90.0,1007.4000244140624,11.198159217834473,0.8999999761581421,6.369049549102783,47.29063415527344,0.0099999997764825,13.947999954223633,0.3129999935626983
1778112000000,2026-05-07 00:00:00,,,,,,,,,,,,,12.248000144958496,86.0,1007.4000244140624,9.973767280578612,6.900000095367432,8.55710220336914,22.24907112121582,0.0299999993294477,14.597999572753906,0.2720000147819519
1778115600000,2026-05-07 01:00:00,,,,,,,,,,,,,11.947999954223633,88.0,1007.5,10.022316932678224,0.3000000119209289,4.213691711425781,70.01680755615234,0.0199999995529651,14.097999572753906,0.3009999990463257
1778119200000,2026-05-07 02:00:00,,,,,,,,,,,,,11.79800033569336,90.0,1008.4000244140624,10.210600852966309,0.0,3.219938039779663,26.564985275268555,0.0099999997764825,13.697999954223633,0.3100000023841858
1778122800000,2026-05-07 03:00:00,,,,,,,,,,,,,11.597999572753906,90.0,1008.5,10.01308536529541,0.6000000238418579,5.495161056518555,328.3925476074219,0.0199999995529651,13.447999954223633,0.3109999895095825
1778126347456,2026-05-07 03:59:07,,,,14.98,14.39,13.37,,,,100.0,-121.0,-19.5,,,,,,,,,,
1778126356331,2026-05-07 03:59:16,36.52,28.45,26.05,,,,322.53,300.11,279.21,100.0,-122.0,-21.0,,,,,,,,,,
1778126400000,2026-05-07 04:00:00,,,,,,,,,,,,,11.197999954223633,92.0,1008.7999877929688,9.946011543273926,0.699999988079071,3.826852560043335,311.1858215332031,0.0199999995529651,13.197999954223633,0.3149999976158142
1778130000000,2026-05-07 05:00:00,,,,,,,,,,,,,11.248000144958496,92.0,1009.0999755859376,9.99552059173584,0.8999999761581421,2.545584201812744,8.130019187927246,0.0199999995529651,12.998000144958496,0.3230000138282776
1778133600000,2026-05-07 06:00:00,,,,,,,,,,,,,11.498000144958496,92.0,1010.0,10.24306297302246,0.8999999761581421,3.075841426849365,339.4438781738281,0.0299999993294477,12.947999954223633,0.3310000002384186
1778137200000,2026-05-07 07:00:00,,,,,,,,,,,,,11.447999954223633,88.0,1010.4000244140624,9.52983283996582,1.100000023841858,7.199999809265137,53.13002014160156,0.0500000044703483,12.89799976348877,0.3409999907016754
1778140744357,2026-05-07 07:59:04,,,,14.78,14.17,13.73,,,,100.0,-122.0,-21.8,,,,,,,,,,
1778140753401,2026-05-07 07:59:13,39.12,29.1,26.22,,,,326.29,300.81,279.35,100.0,-113.0,-16.2,,,,,,,,,,
1778140800000,2026-05-07 08:00:00,,,,,,,,,,,,,10.847999572753906,88.0,1011.2000122070312,8.938833236694336,0.1000000014901161,7.9932966232299805,54.16226959228516,0.0900000035762786,12.79800033569336,0.3420000076293945
1778144400000,2026-05-07 09:00:00,,,,,,,,,,,,,10.79800033569336,87.0,1011.7999877929688,8.720361709594727,0.2000000029802322,7.386581897735596,46.97492980957031,0.0900000035762786,12.64799976348877,0.3350000083446502
1778148000000,2026-05-07 10:00:00,,,,,,,,,,,,,10.697999954223633,87.0,1012.5,8.621991157531738,0.1000000014901161,7.9281768798828125,50.52756881713867,0.1000000089406967,12.597999572753906,0.328000009059906
1778151600000,2026-05-07 11:00:00,,,,,,,,,,,,,10.79800033569336,86.0,1012.7999877929688,8.54941463470459,0.1000000014901161,7.127635955810547,44.99989700317383,0.0900000035762786,12.447999954223633,0.3219999969005584
1778155200000,2026-05-07 12:00:00,,,,,,,,,,,,,10.847999572753906,88.0,1013.2999877929688,8.938833236694336,1.5,5.399999618530273,36.86997985839844,0.0599999986588954,12.347999572753906,0.3190000057220459
1778158800000,2026-05-07 13:00:00,,,,,,,,,,,,,10.89799976348877,87.0,1013.4000244140624,8.818730354309082,0.6000000238418579,6.989935874938965,55.49142456054688,0.0799999982118606,12.29800033569336,0.3289999961853027
1778162400000,2026-05-07 14:00:00,,,,,,,,,,,,,10.998000144958496,87.0,1013.5999755859376,8.91710090637207,0.3000000119209289,5.9044389724731445,52.43133544921875,0.0599999986588954,12.197999954223633,0.3319999873638153
1778166000000,2026-05-07 15:00:00,,,,,,,,,,,,,10.697999954223633,87.0,1014.2000122070312,8.621991157531738,0.699999988079071,6.569382667541504,350.5377502441406,0.0599999986588954,12.14799976348877,0.3319999873638153
1778169538246,2026-05-07 15:58:58,,,,14.39,14.39,13.65,,,,100.0,-121.0,-21.8,,,,,,,,,,
1778169600000,2026-05-07 16:00:00,,,,,,,,,,,,,10.498000144958496,90.0,1014.7000122070312,8.926705360412598,0.8999999761581421,6.369049549102783,317.2906188964844,0.0399999991059303,11.947999954223633,0.3370000123977661
1778173200000,2026-05-07 17:00:00,,,,,,,,,,,,,10.14799976348877,88.0,1015.2999877929688,8.249306678771973,0.1000000014901161,7.56856632232666,334.65386962890625,0.0299999993294477,11.79800033569336,0.3370000123977661
1778176800000,2026-05-07 18:00:00,,,,,,,,,,,,,9.847999572753906,89.0,1015.7999877929688,8.120079040527344,0.1000000014901161,7.754636764526367,338.1985168457031,0.0299999993294477,11.597999572753906,0.3319999873638153
1778180400000,2026-05-07 19:00:00,,,,,,,,,,,,,9.597999572753906,89.0,1016.5999755859376,7.873481750488281,0.1000000014901161,6.379216194152832,343.6103820800781,0.0199999995529651,11.39799976348877,0.3269999921321869
1778183944163,2026-05-07 19:59:04,38.52,28.53,27.47,,,,324.98,300.2,280.38,100.0,-112.0,-15.2,,,,,,,,,,
1778184000000,2026-05-07 20:00:00,,,,,,,,,,,,,9.347999572753906,89.0,1017.0,7.626881122589111,0.0,5.759999752044678,360.0,0.0199999995529651,11.197999954223633,0.3219999969005584
1778187600000,2026-05-07 21:00:00,,,,,,,,,,,,,9.29800033569336,89.0,1017.4000244140624,7.577561855316162,0.0,4.0249223709106445,349.6952209472656,0.0199999995529651,10.998000144958496,0.3179999887943268
1778191200000,2026-05-07 22:00:00,,,,,,,,,,,,,9.197999954223633,88.0,1017.7999877929688,7.3134765625,0.0,3.545588731765747,336.0375061035156,0.0099999997764825,10.847999572753906,0.3129999935626983
1778194800000,2026-05-07 23:00:00,,,,,,,,,,,,,9.097999572753906,90.0,1018.0999755859376,7.543957710266113,0.0,3.219938039779663,333.4350280761719,0.0099999997764825,10.748000144958496,0.3100000023841858
1778198336814,2026-05-07 23:58:56,38.19,28.48,27.82,,,,324.26,300.14,280.67,100.0,-112.0,-10.8,,,,,,,,,,
1778198400000,2026-05-08 00:00:00,,,,,,,,,,,,,8.89799976348877,91.0,1017.5,7.508243083953857,0.0,3.617955207824707,354.2894897460937,0.0199999995529651,10.697999954223633,0.3009999990463257
1778202000000,2026-05-08 01:00:00,,,,,,,,,,,,,8.79800033569336,92.0,1018.0,7.569481372833252,0.0,2.3051247596740723,321.3401794433594,0.0199999995529651,10.597999572753906,0.2989999949932098
1778205600000,2026-05-08 02:00:00,,,,,,,,,,,,,8.847999572753906,92.0,1018.4000244140624,7.618993759155273,0.0,3.89399528503418,303.6900939941406,0.0099999997764825,10.447999954223633,0.2980000078678131
1778209200000,2026-05-08 03:00:00,,,,,,,,,,,,,8.697999954223633,93.0,1018.4000244140624,7.62893533706665,0.0,4.198285102844238,329.03631591796875,0.0099999997764825,10.347999572753906,0.296999990940094
1778212726733,2026-05-08 03:58:46,,,,13.92,14.14,12.86,,,,100.0,-112.0,-12.5,,,,,,,,,,
1778212800000,2026-05-08 04:00:00,,,,,,,,,,,,,8.697999954223633,91.0,1018.5999755859376,7.310441970825195,0.0,4.379589080810547,350.5377502441406,0.0099999997764825,10.248000144958496,0.2960000038146972
1778216400000,2026-05-08 05:00:00,,,,,,,,,,,,,8.79800033569336,92.0,1019.0,7.569481372833252,0.0,2.879999876022339,360.0,0.0199999995529651,10.14799976348877,0.2949999868869781
1778220000000,2026-05-08 06:00:00,,,,,,,,,,,,,8.947999954223633,91.0,1019.4000244140624,7.557692527770996,0.1000000014901161,3.075841426849365,339.4438781738281,0.0199999995529651,10.14799976348877,0.2939999997615814
1778223600000,2026-05-08 07:00:00,,,,,,,,,,,,,9.197999954223633,89.0,1019.7000122070312,7.478919982910156,0.0,2.9024126529693604,29.74479484558105,0.0399999991059303,10.197999954223633,0.2930000126361847
1778227200000,2026-05-08 08:00:00,,,,,,,,,,,,,9.847999572753906,87.0,1020.0,7.785820960998535,0.0,2.811689853668213,50.19447326660156,0.0700000077486038,10.347999572753906,0.2930000126361847
1778230800000,2026-05-08 09:00:00,,,,,,,,,,,,,10.097999572753906,85.0,1020.2000122070312,7.689976215362549,0.0,1.4843180179595947,14.036274909973145,0.0900000035762786,10.64799976348877,0.2919999957084656
1778234400000,2026-05-08 10:00:00,,,,,,,,,,,,,10.39799976348877,84.0,1020.2000122070312,7.810323238372803,0.0,3.396233081817627,57.994659423828125,0.1000000089406967,10.847999572753906,0.2910000085830688
1778238000000,2026-05-08 11:00:00,,,,,,,,,,,,,10.697999954223633,83.0,1020.2999877929688,7.928005218505859,0.0,2.811689853668213,39.80552673339844,0.1000000089406967,10.947999954223633,0.2899999916553497
1778241527617,2026-05-08 11:58:47,37.36,28.34,27.44,,,,323.29,299.99,280.35,100.0,-112.0,-10.0,,,,,,,,,,
1778241600000,2026-05-08 12:00:00,,,,,,,,,,,,,11.04800033569336,83.0,1020.2999877929688,8.270401954650879,0.0,3.396233081817627,327.9946594238281,0.1099999994039535,11.197999954223633,0.289000004529953
1778245200000,2026-05-08 13:00:00,,,,,,,,,,,,,11.39799976348877,83.0,1020.0999755859376,8.612785339355469,0.0,2.099142551422119,329.03631591796875,0.1000000089406967,11.347999572753906,0.2879999876022339
1778248800000,2026-05-08 14:00:00,,,,,,,,,,,,,11.29800033569336,79.0,1019.9000244140624,7.787411689758301,0.0,2.620839357376098,344.0545349121094,0.1000000089406967,11.447999954223633,0.2870000004768371
1778252400000,2026-05-08 15:00:00,,,,,,,,,,,,,11.54800033569336,82.0,1019.9000244140624,8.580235481262207,0.0,4.072935104370117,315.0000915527344,0.0900000035762786,11.447999954223633,0.2870000004768371
1778255924620,2026-05-08 15:58:44,37.16,28.28,27.1,,,,323.11,299.93,280.07,100.0,-113.0,-11.8,,,,,,,,,,
1778256000000,2026-05-08 16:00:00,,,,,,,,,,,,,11.498000144958496,83.0,1019.9000244140624,8.71060848236084,0.0,2.741678237915039,336.8013916015625,0.0500000044703483,11.447999954223633,0.2860000133514404
1778259600000,2026-05-08 17:00:00,,,,,,,,,,,,,11.347999572753906,84.0,1020.0,8.740987777709961,0.0,4.452953815460205,345.9637145996094,0.0399999991059303,11.347999572753906,0.2849999964237213
1778263200000,2026-05-08 18:00:00,,,,,,,,,,,,,11.097999572753906,86.0,1020.2000122070312,8.84411907196045,0.0,3.075841426849365,339.4438781738281,0.0299999993294477,11.197999954223633,0.2849999964237213
1778266800000,2026-05-08 19:00:00,,,,,,,,,,,,,10.347999572753906,92.0,1020.7999877929688,9.104348182678224,0.0,2.545584201812744,315.0000915527344,0.0099999997764825,10.947999954223633,0.2849999964237213
1778270314500,2026-05-08 19:58:34,,,,13.37,13.62,13.21,,,,100.0,-112.0,-9.5,,,,,,,,,,
1778270400000,2026-05-08 20:00:00,,,,,,,,,,,,,9.697999954223633,94.0,1021.0,8.778672218322754,0.0,2.3051247596740723,321.3401794433594,0.0,10.64799976348877,0.2840000092983246
1778274000000,2026-05-08 21:00:00,,,,,,,,,,,,,8.597999572753906,94.0,1021.0999755859376,7.686644077301025,0.0,2.5199999809265137,360.0,0.0,10.248000144958496,0.2840000092983246
1778277600000,2026-05-08 22:00:00,,,,,,,,,,,,,7.598000049591064,95.0,1021.2000122070312,6.848026752471924,0.0,1.7999999523162842,36.86999130249024,0.0,9.697999954223633,0.2829999923706054
1778281200000,2026-05-08 23:00:00,,,,,,,,,,,,,7.0980000495910645,95.0,1021.4000244140624,6.351011276245117,0.0,2.3051247596740723,51.34017181396485,0.0,9.097999572753906,0.2829999923706054
1778284800000,2026-05-09 00:00:00,,,,,,,,,,,,,9.14799976348877,94.0,1020.7000122070312,8.232661247253418,0.0,2.620839357376098,74.05453491210938,0.0,10.39799976348877,0.2829999923706054
1778288400000,2026-05-09 01:00:00,,,,,,,,,,,,,8.697999954223633,95.0,1020.9000244140624,7.9414381980896,0.0,3.219938039779663,63.43501281738281,0.0,10.097999572753906,0.2829999923706054
1778292000000,2026-05-09 02:00:00,,,,,,,,,,,,,8.39799976348877,95.0,1021.0,7.643237590789795,0.0,2.27683973312378,71.5649642944336,0.0,9.748000144958496,0.2829999923706054
1778295600000,2026-05-09 03:00:00,,,,,,,,,,,,,8.248000144958496,96.0,1020.9000244140624,7.6476664543151855,0.0,2.27683973312378,71.5649642944336,0.0,9.498000144958496,0.2820000052452087
1778299115461,2026-05-09 03:58:35,36.72,28.22,26.54,,,,322.71,299.87,279.61,100.0,-112.0,-9.8,,,,,,,,,,
1778299200000,2026-05-09 04:00:00,,,,,,,,,,,,,8.248000144958496,96.0,1021.0,7.6476664543151855,0.0,1.8356469869613647,78.69010162353516,0.0,9.347999572753906,0.2820000052452087
1778302800000,2026-05-09 05:00:00,,,,,,,,,,,,,9.14799976348877,95.0,1021.0999755859376,8.3887357711792,0.0,2.099142551422119,149.03631591796875,0.0099999997764825,9.447999954223633,0.2820000052452087
1778306400000,2026-05-09 06:00:00,,,,,,,,,,,,,10.54800033569336,90.0,1021.4000244140624,8.976088523864746,0.0,2.27683973312378,108.43504333496094,0.0399999991059303,9.947999954223633,0.2820000052452087
1778310000000,2026-05-09 07:00:00,,,,,,,,,,,,,12.04800033569336,82.0,1021.0,9.068633079528809,0.0,3.096837043762207,125.53776550292967,0.1199999973177909,10.748000144958496,0.2809999883174896
1778313512416,2026-05-09 07:58:32,36.52,28.17,26.4,,,,322.53,299.81,279.5,100.0,-112.0,-11.2,,,,,,,,,,
1778313600000,2026-05-09 08:00:00,,,,,,,,,,,,,13.197999954223633,73.0,1021.0999755859376,8.463305473327637,0.0,3.563817977905273,135.00010681152344,0.2000000178813934,11.64799976348877,0.2800000011920929
1778317200000,2026-05-09 09:00:00,,,,,,,,,,,,,14.097999572753906,67.0,1020.9000244140624,8.061477661132812,0.0,3.239999771118164,90.0,0.2100000232458114,12.29800033569336,0.2790000140666961
1778320800000,2026-05-09 10:00:00,,,,,,,,,,,,,14.54800033569336,62.0,1020.7999877929688,7.350254535675049,0.0,5.191993713378906,56.30991363525391,0.2100000232458114,12.748000144958496,0.277999997138977
1778324400000,2026-05-09 11:00:00,,,,,,,,,,,,,15.04800033569336,61.0,1020.5,7.584012031555176,0.0,6.618518829345703,44.99989700317383,0.2100000232458114,12.947999954223633,0.2770000100135803
1778327902376,2026-05-09 11:58:22,,,,13.02,12.46,13.02,,,,100.0,-110.0,-13.5,,,,,,,,,,
1778328000000,2026-05-09 12:00:00,,,,,,,,,,,,,15.597999572753906,58.0,1020.2999877929688,7.362256526947021,0.0,5.86037540435791,42.51040267944336,0.3000000119209289,13.64799976348877,0.2759999930858612
1778331600000,2026-05-09 13:00:00,,,,,,,,,,,,,15.29800033569336,58.0,1020.0999755859376,7.081049919128418,0.0,5.771238803863525,86.42374420166016,0.2199999988079071,13.847999572753906,0.2750000059604645
1778335200000,2026-05-09 14:00:00,,,,,,,,,,,,,15.39799976348877,60.0,1019.7999877929688,7.671265125274658,0.0,6.6380720138549805,40.60121536254883,0.1599999964237213,13.697999954223633,0.2739999890327453
1778338800000,2026-05-09 15:00:00,,,,,,,,,,,,,15.947999954223633,59.0,1019.0999755859376,7.941436290740967,0.0,7.9932966232299805,54.16226959228516,0.2000000178813934,13.748000144958496,0.2730000019073486
1778342400000,2026-05-09 16:00:00,,,,,,,,,,,,,15.79800033569336,58.0,1018.7999877929688,7.549719333648682,0.0,9.021574020385742,61.389644622802734,0.2000000178813934,13.947999954223633,0.2720000147819519
1778346000000,2026-05-09 17:00:00,,,,,,,,,,,,,15.248000144958496,58.0,1018.5999755859376,7.034177780151367,0.0,8.049844741821289,63.43501281738281,0.1400000154972076,13.79800033569336,0.2709999978542328
1778349600000,2026-05-09 18:00:00,,,,,,,,,,,,,14.14799976348877,60.0,1018.7000122070312,6.494722366333008,0.0,8.404284477233887,80.13426208496094,0.0599999986588954,13.39799976348877,0.2709999978542328
1778353200000,2026-05-09 19:00:00,,,,,,,,,,,,,11.64799976348877,73.0,1019.0,6.96989107131958,0.0,5.86037540435791,79.3803939819336,0.0199999995529651,12.64799976348877,0.270000010728836
1778356703214,2026-05-09 19:58:23,36.42,28.09,26.05,,,,322.44,299.73,279.21,100.0,-112.0,-10.0,,,,,,,,,,
1778356800000,2026-05-09 20:00:00,,,,,,,,,,,,,10.04800033569336,80.0,1019.0999755859376,6.754693984985352,0.0,4.452953815460205,75.96372985839844,0.0099999997764825,11.79800033569336,0.270000010728836
1778360400000,2026-05-09 21:00:00,,,,,,,,,,,,,8.748000144958496,86.0,1019.0999755859376,6.535429000854492,0.0,4.213691711425781,70.01680755615234,0.0099999997764825,10.998000144958496,0.270000010728836
1778364000000,2026-05-09 22:00:00,,,,,,,,,,,,,8.14799976348877,88.0,1019.2000122070312,6.279074668884277,0.0,4.33497428894043,94.76355743408205,0.0,10.347999572753906,0.270000010728836
1778367600000,2026-05-09 23:00:00,,,,,,,,,,,,,7.248000144958496,90.0,1019.0999755859376,5.716611385345459,0.0,4.379589080810547,99.46224975585938,0.0,9.79800033569336,0.270000010728836
1778371200000,2026-05-10 00:00:00,,,,,,,,,,,,,6.6479997634887695,92.0,1018.7999877929688,5.440316677093506,0.0,4.679999828338623,90.0,0.0,9.54800033569336,0.2669999897480011
1778374800000,2026-05-10 01:00:00,,,,,,,,,,,,,6.248000144958496,92.0,1018.2000122070312,5.044173717498779,0.0,5.447788238525391,97.59455108642578,0.0,9.248000144958496,0.2669999897480011
1778378400000,2026-05-10 02:00:00,,,,,,,,,,,,,6.297999858856201,92.0,1017.4000244140624,5.093692302703857,0.0,6.489992141723633,93.17977142333984,0.0,8.89799976348877,0.2669999897480011
1778382000000,2026-05-10 03:00:00,,,,,,,,,,,,,6.1479997634887695,90.0,1016.9000244140624,4.630000591278076,0.0,6.519876956939697,96.34009552001952,0.0,8.64799976348877,0.2669999897480011
1778385490091,2026-05-10 03:58:10,,,,13.29,12.62,12.83,,,,100.0,-112.0,-11.8,,,,,,,,,,
1778385495692,2026-05-10 03:58:15,36.15,28.12,25.88,,,,322.2,299.76,279.07,100.0,-117.0,-13.8,,,,,,,,,,
1778385600000,2026-05-10 04:00:00,,,,,,,,,,,,,6.447999954223633,87.0,1016.7999877929688,4.44067907333374,0.0,5.447788238525391,97.59455108642578,0.0,8.447999954223633,0.2669999897480011
1778389200000,2026-05-10 05:00:00,,,,,,,,,,,,,8.697999954223633,77.0,1016.5999755859376,4.889817714691162,0.0,7.993297576904297,97.76508331298828,0.0199999995529651,8.597999572753906,0.2669999897480011
1778392800000,2026-05-10 06:00:00,,,,,,,,,,,,,11.29800033569336,70.0,1016.0,6.02343225479126,0.0,10.239453315734863,100.12461853027344,0.0900000035762786,9.29800033569336,0.2669999897480011
1778396400000,2026-05-10 07:00:00,,,,,,,,,,,,,14.097999572753906,65.0,1015.2999877929688,7.616189002990723,0.0,11.440978050231934,102.72435760498048,0.1700000017881393,10.347999572753906,0.2660000026226043
1778399887029,2026-05-10 07:58:07,,,,13.05,12.54,12.91,,,,100.0,-117.0,-15.0,,,,,,,,,,
1778400000000,2026-05-10 08:00:00,,,,,,,,,,,,,16.898000717163086,55.0,1014.5,7.798050880432129,0.0,11.019763946533203,128.36752319335938,0.2800000309944153,11.697999954223633,0.2660000026226043
1778403600000,2026-05-10 09:00:00,,,,,,,,,,,,,18.69799995422364,51.0,1013.9000244140624,8.35483169555664,0.0,11.304228782653809,127.23491668701172,0.3700000345706939,13.097999572753906,0.2639999985694885
1778407200000,2026-05-10 10:00:00,,,,,,,,,,,,,20.14800071716309,45.0,1013.0,7.839545726776123,0.0,9.164103507995604,135.00010681152344,0.4099999964237213,14.447999954223633,0.2630000114440918
1778410800000,2026-05-10 11:00:00,,,,,,,,,,,,,21.097999572753903,42.0,1012.2000122070312,7.686009883880615,0.0,6.989935874938965,124.50858306884766,0.4200000464916229,15.697999954223633,0.2610000073909759
1778414291005,2026-05-10 11:58:11,35.86,27.98,25.67,,,,321.93,299.61,278.9,100.0,-112.0,-10.0,,,,,,,,,,
1778414400000,2026-05-10 12:00:00,,,,,,,,,,,,,21.597999572753903,41.0,1011.5999755859376,7.78206729888916,0.0,5.351784706115723,137.72637939453125,0.4099999964237213,16.697999954223633,0.2599999904632568
1778418000000,2026-05-10 13:00:00,,,,,,,,,,,,,21.847999572753903,39.0,1010.9000244140624,7.272978782653809,0.0,4.896529674530029,143.9725341796875,0.3799999952316284,17.447999954223633,0.257999986410141
1778421600000,2026-05-10 14:00:00,,,,,,,,,,,,,22.14800071716309,39.0,1010.0,7.540860176086426,0.0,4.843304634094238,138.0128631591797,0.3100000023841858,17.79800033569336,0.2569999992847442
1778425200000,2026-05-10 15:00:00,,,,,,,,,,,,,21.347999572753903,41.0,1009.5,7.557476997375488,0.0,7.235910415649414,185.7104949951172,0.2199999988079071,17.74799919128418,0.2560000121593475
1778428681045,2026-05-10 15:58:01,,,,13.54,12.99,12.67,,,,100.0,-121.0,-14.8,,,,,,,,,,
1778428686732,2026-05-10 15:58:06,36.06,27.92,25.53,,,,322.11,299.55,278.78,100.0,-113.0,-14.0,,,,,,,,,,
1778428800000,2026-05-10 16:00:00,,,,,,,,,,,,,20.94799995422364,42.0,1009.0999755859376,7.55085277557373,0.0,7.771330833435059,166.60748291015625,0.1400000154972076,17.49799919128418,0.2549999952316284
1778432400000,2026-05-10 17:00:00,,,,,,,,,,,,,20.44799995422364,42.0,1008.4000244140624,7.100270748138428,0.0,6.119999885559082,151.9276123046875,0.1099999994039535,17.24799919128418,0.2540000081062317
1778436000000,2026-05-10 18:00:00,,,,,,,,,,,,,18.49799919128418,54.0,1007.9000244140624,9.01522159576416,0.0,6.0346999168396,72.64588928222656,0.0500000044703483,16.648000717163086,0.2540000081062317
1778439600000,2026-05-10 19:00:00,,,,,,,,,,,,,14.947999954223633,70.0,1008.0,9.522568702697754,0.0,5.692099571228027,71.5649642944336,0.0199999995529651,15.697999954223633,0.2529999911785126
1778443077974,2026-05-10 19:57:57,,,,14.11,13.65,12.91,,,,100.0,-112.0,-8.5,,,,,,,,,,
1778443084841,2026-05-10 19:58:04,36.19,28.04,25.45,,,,322.23,299.67,278.72,100.0,-117.0,-14.2,,,,,,,,,,
1778443200000,2026-05-10 20:00:00,,,,,,,,,,,,,13.498000144958496,74.0,1007.7999877929688,8.953847885131836,0.0,3.7585103511810303,73.30067443847656,0.0199999995529651,14.748000144958496,0.2529999911785126
1778446800000,2026-05-10 21:00:00,,,,,,,,,,,,,12.347999572753906,76.0,1007.2999877929688,8.236616134643555,0.0,4.6938252449035645,85.60137939453125,0.0099999997764825,13.847999572753906,0.2529999911785126
1778450400000,2026-05-10 22:00:00,,,,,,,,,,,,,11.447999954223633,79.0,1006.5999755859376,7.933297157287598,0.0,5.052840709686279,94.08554077148438,0.0099999997764825,13.14799976348877,0.2529999911785126
1778454000000,2026-05-10 23:00:00,,,,,,,,,,,,,11.197999954223633,79.0,1006.0,7.690151691436768,0.0,4.6938252449035645,85.60137939453125,0.0099999997764825,12.597999572753906,0.2529999911785126
1778457600000,2026-05-11 00:00:00,,,,,,,,,,,,,10.79800033569336,93.0,1005.7999877929688,9.711064338684082,0.0,5.154415607452393,102.09474182128906,0.0,12.64799976348877,0.2520000040531158
1778461200000,2026-05-11 01:00:00,,,,,,,,,,,,,10.54800033569336,93.0,1004.7999877929688,9.463199615478516,0.0,5.091168403625488,98.13002014160156,0.0,12.29800033569336,0.2529999911785126
1778464800000,2026-05-11 02:00:00,,,,,,,,,,,,,10.447999954223633,90.0,1004.2000122070312,8.877324104309082,0.0,5.86037540435791,100.6196060180664,0.0099999997764825,11.998000144958496,0.2529999911785126
1778468400000,2026-05-11 03:00:00,,,,,,,,,,,,,10.347999572753906,84.0,1003.0999755859376,7.7613396644592285,0.0,6.569382667541504,99.46224975585938,0.0099999997764825,11.697999954223633,0.2529999911785126
1778472000000,2026-05-11 04:00:00,,,,,,,,,,,,,10.947999954223633,77.0,1002.0,7.071962833404541,0.0,6.287129878997803,103.24053192138672,0.0199999995529651,11.498000144958496,0.2529999911785126
1778475600000,2026-05-11 05:00:00,,,,,,,,,,,,,12.39799976348877,70.0,1001.7999877929688,7.078185558319092,0.0,6.214563369750977,100.00791931152344,0.0399999991059303,11.597999572753906,0.2529999911785126
1778479200000,2026-05-11 06:00:00,,,,,,,,,,,,,12.597999572753906,82.0,1002.0,9.605846405029297,0.2000000029802322,0.8049845099449158,63.43501281738281,0.0299999993294477,11.89799976348877,0.2529999911785126
1778482800000,2026-05-11 07:00:00,,,,,,,,,,,,,12.498000144958496,87.0,1001.5999755859376,10.392555236816406,1.5,6.725354194641113,105.52417755126952,0.0700000077486038,12.197999954223633,0.2540000081062317
1778486400000,2026-05-11 08:00:00,,,,,,,,,,,,,13.79800033569336,83.0,1001.2000122070312,10.960289001464844,0.1000000014901161,7.5170207023620605,106.69932556152344,0.1400000154972076,12.498000144958496,0.2560000121593475
1778490000000,2026-05-11 09:00:00,,,,,,,,,,,,,16.447999954223633,82.0,1000.2999877929688,13.365583419799805,0.0,7.072877883911133,104.74361419677734,0.3100000023841858,13.39799976348877,0.2590000033378601
1778493600000,2026-05-11 10:00:00,,,,,,,,,,,,,17.847999572753906,81.0,999.5,14.542241096496582,0.0,3.5999999046325684,90.0,0.3100000023841858,14.447999954223633,0.2599999904632568
1778497200000,2026-05-11 11:00:00,,,,,,,,,,,,,19.597999572753903,62.0,999.0,12.119359016418455,0.0,14.51206398010254,262.8750915527344,0.3100000023841858,15.14799976348877,0.2610000073909759
1778500665691,2026-05-11 11:57:45,,,,13.89,13.86,13.1,,,,100.0,-112.0,-11.5,,,,,,,,,,
1778500800000,2026-05-11 12:00:00,,,,,,,,,,,,,16.79800033569336,81.0,998.7999877929688,13.518632888793944,3.5999999046325684,4.452953815460205,284.0362548828125,0.3400000035762787,15.29800033569336,0.2630000114440918
1778504400000,2026-05-11 13:00:00,,,,,,,,,,,,,19.24799919128418,71.0,997.9000244140624,13.86052703857422,0.0,10.594036102294922,260.2176513671875,0.4000000357627868,15.54800033569336,0.2800000011920929
1778508000000,2026-05-11 14:00:00,,,,,,,,,,,,,19.89800071716309,59.0,997.0999755859376,11.649236679077148,0.0,15.978486061096191,255.650634765625,0.550000011920929,15.99799919128418,0.2879999876022339
1778511600000,2026-05-11 15:00:00,,,,,,,,,,,,,14.79800033569336,79.0,998.5,11.190813064575195,1.899999976158142,22.453149795532227,311.0993957519531,0.3400000035762787,15.54800033569336,0.3019999861717224
1778515069673,2026-05-11 15:57:49,35.79,28.12,25.28,,,,321.87,299.76,278.58,100.0,-121.0,-12.0,,,,,,,,,,
1778515200000,2026-05-11 16:00:00,,,,,,,,,,,,,13.29800033569336,78.0,999.7999877929688,9.542497634887695,0.0,16.61079216003418,299.8988037109375,0.2300000041723251,14.89799976348877,0.3070000112056732
1778518800000,2026-05-11 17:00:00,,,,,,,,,,,,,12.248000144958496,81.0,1000.7999877929688,9.081774711608888,0.1000000014901161,14.578887939453123,290.2249450683594,0.1099999994039535,14.197999954223633,0.3039999902248382
1778522400000,2026-05-11 18:00:00,,,,,,,,,,,,,11.097999572753906,81.0,1001.4000244140624,7.960060596466064,0.3000000119209289,14.51206398010254,299.7447814941406,0.0799999982118606,13.54800033569336,0.3019999861717224
1778526000000,2026-05-11 19:00:00,,,,,,,,,,,,,10.097999572753906,82.0,1002.0999755859376,7.163747787475586,0.0,12.594856262207031,300.96368408203125,0.0700000077486038,12.847999572753906,0.2989999949932098
1778529600000,2026-05-11 20:00:00,,,,,,,,,,,,,9.447999954223633,81.0,1002.9000244140624,6.350427150726318,0.0,11.384199142456056,288.4350280761719,0.0599999986588954,12.29800033569336,0.296999990940094
1778533200000,2026-05-11 21:00:00,,,,,,,,,,,,,9.04800033569336,84.0,1003.4000244140624,6.4876790046691895,0.0,11.841755867004396,289.5367431640625,0.0500000044703483,11.79800033569336,0.2939999997615814
1778536800000,2026-05-11 22:00:00,,,,,,,,,,,,,8.54800033569336,80.0,1003.7000122070312,5.293365478515625,0.0,10.041354179382324,284.53448486328125,0.0599999986588954,11.39799976348877,0.2930000126361847
1778540400000,2026-05-11 23:00:00,,,,,,,,,,,,,8.248000144958496,83.0,1003.5999755859376,5.53095293045044,0.0,10.239453315734863,280.1246032714844,0.0500000044703483,10.998000144958496,0.2910000085830688
1778544000000,2026-05-12 00:00:00,,,,,,,,,,,,,8.29800033569336,80.0,1004.4000244140624,5.049787998199463,0.0,7.952659606933594,275.1943359375,0.0299999993294477,10.697999954223633,0.2590000033378601
1778547600000,2026-05-12 01:00:00,,,,,,,,,,,,,7.6479997634887695,84.0,1004.5999755859376,5.115894794464111,0.0,9.114471435546877,279.0901794433594,0.0299999993294477,10.347999572753906,0.257999986410141
1778551200000,2026-05-12 02:00:00,,,,,,,,,,,,,7.498000144958496,83.0,1004.7000122070312,4.797061443328857,0.0,9.885261535644531,280.4914245605469,0.0299999993294477,9.998000144958496,0.257999986410141
1778554800000,2026-05-12 03:00:00,,,,,,,,,,,,,7.498000144958496,83.0,1005.5999755859376,4.797061443328857,0.0,11.367109298706056,280.9540100097656,0.0299999993294477,9.79800033569336,0.257999986410141
1778558400000,2026-05-12 04:00:00,,,,,,,,,,,,,7.447999954223633,76.0,1006.2999877929688,3.491645574569702,0.0,11.212135314941406,275.5274353027344,0.0299999993294477,9.64799976348877,0.257999986410141
1778562000000,2026-05-12 05:00:00,,,,,,,,,,,,,6.998000144958496,72.0,1007.0999755859376,2.2936785221099854,0.0,14.058449745178224,283.3245544433594,0.0700000077486038,9.498000144958496,0.257999986410141
1778565600000,2026-05-12 06:00:00,,,,,,,,,,,,,7.547999858856201,64.0,1007.5,1.1721937656402588,0.0,12.239999771118164,270.0,0.1299999952316284,9.498000144958496,0.2569999992847442
1778569200000,2026-05-12 07:00:00,,,,,,,,,,,,,8.347999572753906,61.0,1007.5,1.2611923217773438,0.0,13.493998527526855,260.7890319824219,0.1700000017881393,9.79800033569336,0.2569999992847442
1778572800000,2026-05-12 08:00:00,,,,,,,,,,,,,9.347999572753906,58.0,1007.2000122070312,1.4994431734085083,0.0,14.5610990524292,261.4693298339844,0.2399999946355819,10.347999572753906,0.2560000121593475
1778576400000,2026-05-12 09:00:00,,,,,,,,,,,,,8.64799976348877,62.0,1007.5999755859376,1.7718011140823364,0.0,18.584508895874023,261.08514404296875,0.25,10.697999954223633,0.2549999952316284
1778580000000,2026-05-12 10:00:00,,,,,,,,,,,,,8.947999954223633,63.0,1007.5999755859376,2.2802138328552246,0.0,17.10662841796875,261.5289306640625,0.2300000041723251,10.79800033569336,0.2540000081062317
1778583600000,2026-05-12 11:00:00,,,,,,,,,,,,,8.847999572753906,64.0,1007.5,2.406719923019409,0.0,14.75999927520752,257.3196105957031,0.2199999988079071,10.79800033569336,0.2540000081062317
1778587200000,2026-05-12 12:00:00,,,,,,,,,,,,,8.54800033569336,71.0,1007.4000244140624,3.5869696140289307,0.1000000014901161,17.10662841796875,261.5289306640625,0.2300000041723251,10.748000144958496,0.2529999911785126
1778590800000,2026-05-12 13:00:00,,,,,,,,,,,,,8.697999954223633,72.0,1007.5,3.93010187149048,0.1000000014901161,19.523155212402344,275.2899780273437,0.25,10.947999954223633,0.2520000040531158
1778594400000,2026-05-12 14:00:00,,,,,,,,,,,,,9.197999954223633,71.0,1007.5999755859376,4.211555004119873,0.2000000029802322,20.523155212402344,271.00506591796875,0.3000000119209289,10.79800033569336,0.2509999871253967
1778598000000,2026-05-12 15:00:00,,,,,,,,,,,,,8.697999954223633,76.0,1008.0999755859376,4.702375411987305,0.8999999761581421,17.462783813476562,278.29705810546875,0.2399999946355819,10.197999954223633,0.2520000040531158
1778601600000,2026-05-12 16:00:00,,,,,,,,,,,,,7.848000049591064,79.0,1008.7000122070312,4.431364059448242,0.0,14.417987823486328,272.8623352050781,0.25,9.79800033569336,0.2529999911785126
1778605103202,2026-05-12 16:58:23,,,,,,,,,,100.0,-113.0,-15.2,,,,,,,,,,
1778605120082,2026-05-12 16:58:40,,,,13.4,12.67,12.97,,,,100.0,-113.0,-18.0,,,,,,,,,,
1778605129127,2026-05-12 16:58:49,35.06,27.98,24.96,,,,321.21,299.61,278.32,100.0,-121.0,-20.0,,,,,,,,,,
1778605200000,2026-05-12 17:00:00,,,,,,,,,,,,,7.197999954223633,85.0,1009.2000122070312,4.844577789306641,0.4000000059604645,10.10568141937256,265.9144592285156,0.1400000154972076,9.597999572753906,0.2540000081062317
1778608800000,2026-05-12 18:00:00,,,,,,,,,,,,,7.248000144958496,82.0,1009.4000244140624,4.379074096679688,0.0,14.79945945739746,274.1848449707031,0.0900000035762786,9.197999954223633,0.2549999952316284
1778612400000,2026-05-12 19:00:00,,,,,,,,,,,,,6.197999954223633,83.0,1009.7999877929688,3.5248677730560303,0.4000000059604645,14.039999961853027,270.0,0.0799999982118606,8.748000144958496,0.2560000121593475
1778616000000,2026-05-12 20:00:00,,,,,,,,,,,,,6.3979997634887695,84.0,1009.7999877929688,3.890957832336426,0.2000000029802322,10.739832878112791,283.5704345703125,0.0599999986588954,8.39799976348877,0.257999986410141
1778619502769,2026-05-12 20:58:22,,,,13.32,13.56,13.05,,,,100.0,-117.0,-21.5,,,,,,,,,,
1778619511674,2026-05-12 20:58:31,35.06,27.95,24.94,,,,321.21,299.58,278.3,100.0,-117.0,-21.8,,,,,,,,,,
1778619600000,2026-05-12 21:00:00,,,,,,,,,,,,,6.248000144958496,88.0,1009.5,4.407137393951416,0.2000000029802322,4.6938252449035645,274.39862060546875,0.0399999991059303,8.14799976348877,0.257999986410141
1778623200000,2026-05-12 22:00:00,,,,,,,,,,,,,6.047999858856201,88.0,1009.0999755859376,4.210079193115234,0.0,3.563817977905273,315.0000915527344,0.0199999995529651,7.947999954223633,0.2590000033378601
1778626800000,2026-05-12 23:00:00,,,,,,,,,,,,,5.8979997634887695,88.0,1008.7999877929688,4.062283992767334,0.0,4.452953815460205,284.0362548828125,0.0099999997764825,7.697999954223633,0.2599999904632568
1778630400000,2026-05-13 00:00:00,,,,,,,,,,,,,6.447999954223633,84.0,1008.7999877929688,3.9399571418762207,0.0,3.2599384784698486,276.340087890625,0.0099999997764825,7.697999954223633,0.277999997138977
1778633899689,2026-05-13 00:58:19,,,,13.1,13.05,13.13,,,,100.0,-116.0,-23.0,,,,,,,,,,
1778633908639,2026-05-13 00:58:28,34.76,27.9,24.87,,,,320.94,299.52,278.24,100.0,-117.0,-23.0,,,,,,,,,,
1778634000000,2026-05-13 01:00:00,,,,,,,,,,,,,6.047999858856201,82.0,1008.2000122070312,3.2063608169555664,0.0,1.938659191131592,291.8014831542969,0.0099999997764825,7.3979997634887695,0.2790000140666961
1778637600000,2026-05-13 02:00:00,,,,,,,,,,,,,6.047999858856201,83.0,1007.7999877929688,3.3780670166015625,0.0,1.7999999523162842,216.86997985839844,0.0,7.047999858856201,0.277999997138977
1778641200000,2026-05-13 03:00:00,,,,,,,,,,,,,6.197999954223633,80.0,1007.2999877929688,3.00349497795105,0.0,1.0800000429153442,360.0,0.0,6.8480000495910645,0.277999997138977
1778644800000,2026-05-13 04:00:00,,,,,,,,,,,,,6.047999858856201,81.0,1007.0999755859376,3.0327908992767334,0.0,2.3051247596740723,321.3401794433594,0.0,6.697999954223633,0.2770000100135803
1778648400000,2026-05-13 05:00:00,,,,,,,,,,,,,6.748000144958496,80.0,1007.0,3.539471387863159,0.0,3.3190360069274902,220.6012115478516,0.0099999997764825,6.8480000495910645,0.2770000100135803
1778652000000,2026-05-13 06:00:00,,,,,,,,,,,,,7.6479997634887695,80.0,1006.4000244140624,4.416458606719971,0.0,3.877318382263184,158.1985321044922,0.0599999986588954,7.3979997634887695,0.2759999930858612
1778655600000,2026-05-13 07:00:00,,,,,,,,,,,,,8.89799976348877,76.0,1005.7000122070312,4.896074771881104,0.0,10.829957962036133,248.5522003173828,0.1199999973177909,7.998000144958496,0.2750000059604645
1778659200000,2026-05-13 08:00:00,,,,,,,,,,,,,9.847999572753906,73.0,1005.0999755859376,5.2351837158203125,0.0,13.532360076904297,241.3896331787109,0.1899999976158142,8.347999572753906,0.2750000059604645
1778662693683,2026-05-13 08:58:13,,,,12.62,13.43,12.97,,,,100.0,-112.0,-13.0,,,,,,,,,,
1778662702666,2026-05-13 08:58:22,34.45,27.76,24.72,,,,320.66,299.37,278.12,100.0,-116.0,-17.5,,,,,,,,,,
1778662800000,2026-05-13 09:00:00,,,,,,,,,,,,,10.947999954223633,70.0,1004.7999877929688,5.6877875328063965,0.0,12.758432388305664,253.61038208007807,0.270000010728836,8.89799976348877,0.2739999890327453
1778666400000,2026-05-13 10:00:00,,,,,,,,,,,,,11.597999572753906,69.0,1004.7000122070312,6.102433681488037,0.0,14.44044303894043,265.7109375,0.3000000119209289,9.54800033569336,0.2739999890327453
1778670000000,2026-05-13 11:00:00,,,,,,,,,,,,,12.847999572753906,64.0,1004.2000122070312,6.203217029571533,0.0,14.934576988220217,254.62368774414065,0.3700000345706939,10.29800033569336,0.2720000147819519
1778673600000,2026-05-13 12:00:00,,,,,,,,,,,,,13.097999572753906,59.0,1003.5,5.264016628265381,0.0,18.998315811157227,242.9494781494141,0.3799999952316284,10.79800033569336,0.2709999978542328
1778677099696,2026-05-13 12:58:19,34.25,27.68,24.66,,,,320.48,299.29,278.07,100.0,-121.0,-17.2,,,,,,,,,,
1778677200000,2026-05-13 13:00:00,,,,,,,,,,,,,13.197999954223633,59.0,1003.0,5.357990741729736,0.0,15.629972457885742,277.9433898925781,0.3000000119209289,11.29800033569336,0.270000010728836
1778680800000,2026-05-13 14:00:00,,,,,,,,,,,,,13.14799976348877,62.0,1002.7000122070312,6.027198791503906,0.1000000014901161,13.3637113571167,242.7447509765625,0.25,11.248000144958496,0.2680000066757202
1778684400000,2026-05-13 15:00:00,,,,,,,,,,,,,13.64799976348877,56.0,1002.5,5.02887773513794,0.0,15.13713264465332,244.65386962890625,0.2800000309944153,11.498000144958496,0.2669999897480011
1778688000000,2026-05-13 16:00:00,,,,,,,,,,,,,13.498000144958496,56.0,1002.4000244140624,4.888779640197754,0.0,14.489720344543455,243.4350128173828,0.2199999988079071,11.54800033569336,0.2660000026226043
1778691600000,2026-05-13 17:00:00,,,,,,,,,,,,,12.748000144958496,60.0,1002.2999877929688,5.176590442657471,0.0,10.685391426086426,237.3807678222656,0.1299999952316284,11.347999572753906,0.2649999856948852
1778695200000,2026-05-13 18:00:00,,,,,,,,,,,,,11.64799976348877,66.0,1002.0,5.507577419281006,0.0,5.692099094390869,214.6952209472656,0.0700000077486038,10.947999954223633,0.2649999856948852
1778698800000,2026-05-13 19:00:00,,,,,,,,,,,,,10.248000144958496,75.0,1001.7999877929688,6.011476516723633,0.0,4.213691711425781,160.0167999267578,0.0199999995529651,10.197999954223633,0.2639999985694885
1778702400000,2026-05-13 20:00:00,,,,,,,,,,,,,9.998000144958496,73.0,1002.0,5.379759788513184,0.3000000119209289,6.369049549102783,227.29063415527344,0.0199999995529651,9.79800033569336,0.2639999985694885
1778706000000,2026-05-13 21:00:00,,,,,,,,,,,,,9.697999954223633,73.0,1001.5999755859376,5.090604305267334,0.3000000119209289,4.33497428894043,221.63345336914065,0.0399999991059303,9.498000144958496,0.2639999985694885
1778709600000,2026-05-13 22:00:00,,,,,,,,,,,,,8.79800033569336,83.0,1001.2000122070312,6.0691118240356445,0.2000000029802322,5.091168403625488,135.00010681152344,0.0299999993294477,9.248000144958496,0.2639999985694885
1778713200000,2026-05-13 23:00:00,,,,,,,,,,,,,8.748000144958496,81.0,1000.5,5.667474269866943,0.0,5.091168403625488,135.00010681152344,0.0199999995529651,8.998000144958496,0.2639999985694885
1778716800000,2026-05-14 00:00:00,,,,,,,,,,,,,9.347999572753906,76.0,1000.5,5.331879615783691,0.0,2.595996856689453,146.30990600585938,0.0199999995529651,9.39799976348877,0.2709999978542328
1778720281562,2026-05-14 00:58:01,,,,12.49,13.21,12.67,,,,100.0,-112.0,-9.2,,,,,,,,,,
1778720290471,2026-05-14 00:58:10,34.12,27.6,24.45,,,,320.36,299.2,277.9,100.0,-117.0,-18.2,,,,,,,,,,
1778720400000,2026-05-14 01:00:00,,,,,,,,,,,,,8.89799976348877,80.0,999.7000122070312,5.634361743927002,0.0,3.3190360069274902,139.39878845214844,0.0099999997764825,9.14799976348877,0.2709999978542328
1778724000000,2026-05-14 02:00:00,,,,,,,,,,,,,8.498000144958496,81.0,999.5999755859376,5.423550605773926,0.0,5.014219284057617,158.96241760253906,0.0199999995529651,8.947999954223633,0.2709999978542328
1778727600000,2026-05-14 03:00:00,,,,,,,,,,,,,7.947999954223633,82.0,999.2000122070312,5.063095569610596,0.0,4.349896430969238,155.55606079101562,0.0299999993294477,8.697999954223633,0.270000010728836
1778731200000,2026-05-14 04:00:00,,,,,,,,,,,,,7.8979997634887695,83.0,999.5,5.188476085662842,0.3000000119209289,5.815978050231934,111.80147552490234,0.0199999995529651,8.447999954223633,0.270000010728836
1778734686125,2026-05-14 04:58:06,34.05,27.57,24.41,,,,320.3,299.17,277.87,100.0,-121.0,-18.0,,,,,,,,,,
1778734800000,2026-05-14 05:00:00,,,,,,,,,,,,,8.54800033569336,83.0,999.5,5.824498653411865,0.1000000014901161,3.6712939739227295,101.30989837646484,0.0299999993294477,8.54800033569336,0.2709999978542328
1778738400000,2026-05-14 06:00:00,,,,,,,,,,,,,9.79800033569336,82.0,999.9000244140624,6.870659351348877,0.0,2.4149534702301025,153.4350128173828,0.0700000077486038,9.04800033569336,0.2720000147819519
1778742000000,2026-05-14 07:00:00,,,,,,,,,,,,,10.79800033569336,68.0,999.9000244140624,5.126470565795898,0.0,10.495713233947754,247.83360290527344,0.1000000089406967,9.498000144958496,0.2720000147819519
1778745600000,2026-05-14 08:00:00,,,,,,,,,,,,,11.347999572753906,64.0,1000.0,4.7798919677734375,0.0,13.708391189575195,256.32867431640625,0.2599999904632568,9.947999954223633,0.2720000147819519
1778749075516,2026-05-14 08:57:55,,,,12.25,12.7,12.51,,,,100.0,-117.0,-21.5,,,,,,,,,,
1778749084654,2026-05-14 08:58:04,33.89,27.54,24.38,,,,320.15,299.14,277.84,100.0,-121.0,-16.2,,,,,,,,,,
1778749200000,2026-05-14 09:00:00,,,,,,,,,,,,,11.14799976348877,68.0,1000.0999755859376,5.460994720458984,0.2000000029802322,10.495713233947754,239.0363006591797,0.2100000232458114,10.04800033569336,0.2720000147819519
1778752800000,2026-05-14 10:00:00,,,,,,,,,,,,,12.89799976348877,61.0,999.7999877929688,5.556081771850586,0.0,12.413476943969728,240.4613037109375,0.3700000345706939,10.847999572753906,0.2709999978542328
1778756400000,2026-05-14 11:00:00,,,,,,,,,,,,,14.347999572753906,53.0,999.4000244140624,4.889965057373047,0.0,13.202726364135742,244.1336975097656,0.4399999976158142,11.998000144958496,0.270000010728836
1778760000000,2026-05-14 12:00:00,,,,,,,,,,,,,15.39799976348877,47.0,998.7999877929688,4.138473987579346,0.0,14.578889846801758,237.09475708007807,0.4300000071525574,12.947999954223633,0.2689999938011169
1778763481487,2026-05-14 12:58:01,33.89,27.49,24.27,,,,320.15,299.08,277.75,100.0,-117.0,-18.0,,,,,,,,,,
1778763600000,2026-05-14 13:00:00,,,,,,,,,,,,,15.248000144958496,48.0,998.5999755859376,4.30157470703125,0.0,8.287821769714355,272.489501953125,0.3400000035762787,13.347999572753906,0.2680000066757202
1778767200000,2026-05-14 14:00:00,,,,,,,,,,,,,15.748000144958496,44.0,998.2999877929688,3.519000291824341,0.0,12.0693998336792,252.64588928222656,0.3000000119209289,13.748000144958496,0.2660000026226043
1778770800000,2026-05-14 15:00:00,,,,,,,,,,,,,15.347999572753906,45.0,998.4000244140624,3.474281549453736,0.0,9.44957160949707,229.6355438232422,0.2199999988079071,13.597999572753906,0.2649999856948852
1778774400000,2026-05-14 16:00:00,,,,,,,,,,,,,14.14799976348877,54.0,998.5,4.972508907318115,0.0,6.696386814117432,323.7460632324219,0.1800000071525573,13.447999954223633,0.2639999985694885
1778777876952,2026-05-14 16:57:56,33.99,27.46,24.23,,,,320.24,299.05,277.72,100.0,-118.0,-17.2,,,,,,,,,,
1778778000000,2026-05-14 17:00:00,,,,,,,,,,,,,14.29800033569336,47.0,998.7000122070312,3.132050037384033,0.0,9.064568519592283,263.1573181152344,0.1199999973177909,13.04800033569336,0.2630000114440918
1778781600000,2026-05-14 18:00:00,,,,,,,,,,,,,13.29800033569336,52.0,999.2000122070312,3.6446704864501953,0.0,6.162207126617432,276.7097473144531,0.0599999986588954,12.498000144958496,0.2619999945163727
1778785200000,2026-05-14 19:00:00,,,,,,,,,,,,,11.54800033569336,63.0,999.5999755859376,4.7437663078308105,0.0,3.096837043762207,305.5377502441406,0.0199999995529651,11.64799976348877,0.2619999945163727
1778788800000,2026-05-14 20:00:00,,,,,,,,,,,,,10.39799976348877,66.0,999.5999755859376,4.316983699798584,0.0,0.7199999690055847,360.0,0.0,10.498000144958496,0.2619999945163727
1778792266368,2026-05-14 20:57:46,,,,12.86,12.25,12.41,,,,100.0,-118.0,-17.2,,,,,,,,,,
1778792400000,2026-05-14 21:00:00,,,,,,,,,,,,,9.347999572753906,74.0,999.7000122070312,4.948419094085693,0.0,1.7999999523162842,233.1300201416016,0.0,9.597999572753906,0.2610000073909759
1778796000000,2026-05-14 22:00:00,,,,,,,,,,,,,8.097999572753906,80.0,1000.0,4.854921340942383,0.0,0.7199999690055847,90.0,0.0,8.89799976348877,0.2610000073909759
1778799600000,2026-05-14 23:00:00,,,,,,,,,,,,,6.697999954223633,87.0,1000.2999877929688,4.686670303344727,0.0,1.938659191131592,111.80147552490234,0.0,8.248000144958496,0.2610000073909759
1778803200000,2026-05-15 00:00:00,,,,,,,,,,,,,7.697999954223633,90.0,1000.0999755859376,6.1611151695251465,0.1000000014901161,0.7199999690055847,360.0,0.0,8.498000144958496,0.277999997138977
1778806663339,2026-05-15 00:57:43,,,,12.83,12.57,12.33,,,,100.0,-117.0,-19.2,,,,,,,,,,
1778806672413,2026-05-15 00:57:52,33.99,27.57,24.2,,,,320.24,299.17,277.7,100.0,-112.0,-10.2,,,,,,,,,,
1778806800000,2026-05-15 01:00:00,,,,,,,,,,,,,7.447999954223633,90.0,1000.0,5.9141693115234375,0.0,0.8049845099449158,206.5649871826172,0.0,8.197999954223633,0.277999997138977
1778810400000,2026-05-15 02:00:00,,,,,,,,,,,,,7.348000049591064,92.0,1000.2000122070312,6.133551597595215,0.0,1.8356469869613647,78.69010162353516,0.0,8.14799976348877,0.2770000100135803
1778814000000,2026-05-15 03:00:00,,,,,,,,,,,,,7.197999954223633,93.0,1000.4000244140624,6.1416120529174805,0.1000000014901161,2.4149534702301025,333.4350280761719,0.0,8.097999572753906,0.2770000100135803
1778817600000,2026-05-15 04:00:00,,,,,,,,,,,,,7.348000049591064,92.0,1000.9000244140624,6.133551597595215,0.0,2.9024126529693604,299.7447814941406,0.0,8.04800033569336,0.2770000100135803
1778821064929,2026-05-15 04:57:44,33.82,27.54,24.17,,,,320.09,299.14,277.67,100.0,-112.0,-10.2,,,,,,,,,,
1778821200000,2026-05-15 05:00:00,,,,,,,,,,,,,8.14799976348877,88.0,1001.2999877929688,6.279074668884277,0.0,4.213691711425781,289.9831848144531,0.0199999995529651,8.29800033569336,0.2759999930858612
1778824800000,2026-05-15 06:00:00,,,,,,,,,,,,,8.697999954223633,86.0,1001.2999877929688,6.486303806304932,0.0,5.315336227416992,298.3006591796875,0.0900000035762786,8.748000144958496,0.2759999930858612
1778828400000,2026-05-15 07:00:00,,,,,,,,,,,,,9.64799976348877,81.0,1001.5,6.5455474853515625,0.0,5.692099571228027,288.4350280761719,0.1599999964237213,9.347999572753906,0.2759999930858612
1778832000000,2026-05-15 08:00:00,,,,,,,,,,,,,10.89799976348877,75.0,1001.5999755859376,6.639886379241943,0.0,4.213691711425781,289.9831848144531,0.2199999988079071,10.097999572753906,0.2750000059604645
1778835454939,2026-05-15 08:57:34,,,,12.41,11.98,12.3,,,,100.0,-111.0,-12.0,,,,,,,,,,
1778835600000,2026-05-15 09:00:00,,,,,,,,,,,,,12.097999572753906,67.0,1001.7000122070312,6.153929710388184,0.0,3.219938039779663,296.5649719238281,0.270000010728836,10.998000144958496,0.2739999890327453
1778839200000,2026-05-15 10:00:00,,,,,,,,,,,,,13.097999572753906,61.0,1001.7000122070312,5.744767665863037,0.0,4.553679466247559,288.4350280761719,0.3300000131130218,11.847999572753906,0.2730000019073486
1778842800000,2026-05-15 11:00:00,,,,,,,,,,,,,14.197999954223633,55.0,1001.7000122070312,5.282868385314941,0.0,6.489992141723633,303.6900939941406,0.3500000238418579,12.498000144958496,0.2720000147819519
1778846400000,2026-05-15 12:00:00,,,,,,,,,,,,,15.04800033569336,52.0,1001.5999755859376,5.264930248260498,0.0,6.877789497375488,317.12109375,0.3900000154972076,13.39799976348877,0.270000010728836
1778850000000,2026-05-15 13:00:00,,,,,,,,,,,,,15.248000144958496,48.0,1001.5999755859376,4.30157470703125,0.0,5.959060192108154,295.016845703125,0.3600000143051147,14.04800033569336,0.2689999938011169
1778853600000,2026-05-15 14:00:00,,,,,,,,,,,,,13.998000144958496,59.0,1002.0999755859376,6.109714508056641,0.1000000014901161,10.829957962036133,201.4477996826172,0.2300000041723251,13.697999954223633,0.2669999897480011
1778857200000,2026-05-15 15:00:00,,,,,,,,,,,,,11.89799976348877,67.0,1001.9000244140624,5.963136672973633,0.699999988079071,11.18320083618164,326.82147216796875,0.25,12.79800033569336,0.2660000026226043
1778860800000,2026-05-15 16:00:00,,,,,,,,,,,,,12.89799976348877,64.0,1001.7999877929688,6.250654697418213,0.0,5.447788238525391,277.59454345703125,0.2199999988079071,12.597999572753906,0.2660000026226043
1778864255862,2026-05-15 16:57:35,33.82,27.43,24.06,,,,320.09,299.02,277.58,100.0,-112.0,-10.2,,,,,,,,,,
1778864400000,2026-05-15 17:00:00,,,,,,,,,,,,,12.998000144958496,61.0,1001.9000244140624,5.650425434112549,0.0,3.3190360069274902,282.52880859375,0.1400000154972076,12.447999954223633,0.2660000026226043
1778868000000,2026-05-15 18:00:00,,,,,,,,,,,,,12.447999954223633,65.0,1002.2999877929688,6.048072814941406,0.0,2.741678237915039,246.80137634277344,0.0500000044703483,11.998000144958496,0.2660000026226043
1778871600000,2026-05-15 19:00:00,,,,,,,,,,,,,11.097999572753906,72.0,1003.0,6.239633083343506,0.0,2.968636035919189,255.96372985839844,0.0099999997764825,11.097999572753906,0.2649999856948852
1778875200000,2026-05-15 20:00:00,,,,,,,,,,,,,9.54800033569336,82.0,1003.2000122070312,6.626411437988281,0.0,4.072935104370117,315.0000915527344,0.0,10.248000144958496,0.2649999856948852
1778878652771,2026-05-15 20:57:32,33.86,27.49,24.02,,,,320.12,299.08,277.55,100.0,-113.0,-12.8,,,,,,,,,,
1778878800000,2026-05-15 21:00:00,,,,,,,,,,,,,8.89799976348877,86.0,1003.4000244140624,6.682803153991699,0.0,2.811689853668213,320.1944885253906,0.0,9.54800033569336,0.2649999856948852
1778882400000,2026-05-15 22:00:00,,,,,,,,,,,,,8.097999572753906,92.0,1003.5999755859376,6.876283645629883,0.0,1.0800000429153442,270.0,0.0,9.197999954223633,0.2649999856948852
1778886000000,2026-05-15 23:00:00,,,,,,,,,,,,,7.8979997634887695,92.0,1003.9000244140624,6.678224086761475,0.0,1.2979984283447266,303.6900939941406,0.0,8.79800033569336,0.2649999856948852
1778889600000,2026-05-16 00:00:00,,,,,,,,,,,,,7.1479997634887695,95.0,1004.0999755859376,6.400712966918945,0.0,1.2979984283447266,326.3099060058594,0.0,8.847999572753906,0.3149999976158142
1778893200000,2026-05-16 01:00:00,,,,,,,,,,,,,7.197999954223633,95.0,1004.2999877929688,6.450414657592773,0.0,3.545588731765747,293.9624938964844,0.0,8.54800033569336,0.3109999895095825
1778896800000,2026-05-16 02:00:00,,,,,,,,,,,,,7.248000144958496,95.0,1004.4000244140624,6.50011682510376,0.1000000014901161,3.5999999046325684,306.8699645996094,0.0,8.498000144958496,0.3070000112056732
1778900400000,2026-05-16 03:00:00,,,,,,,,,,,,,7.0980000495910645,94.0,1004.7999877929688,6.197457313537598,0.0,4.510787010192871,298.6103515625,0.0,8.39799976348877,0.3039999902248382
1778904000000,2026-05-16 04:00:00,,,,,,,,,,,,,6.8480000495910645,94.0,1005.4000244140624,5.949253082275391,0.0,4.510787010192871,298.6103515625,0.0,8.248000144958496,0.3019999861717224
1778907439725,2026-05-16 04:57:19,,,,12.86,12.09,12.57,,,,100.0,-113.0,-11.5,,,,,,,,,,
1778907600000,2026-05-16 05:00:00,,,,,,,,,,,,,7.697999954223633,89.0,1005.7999877929688,5.999236106872559,0.0,6.618519306182861,292.38018798828125,0.0199999995529651,8.347999572753906,0.3000000119209289
1778911200000,2026-05-16 06:00:00,,,,,,,,,,,,,8.498000144958496,86.0,1006.2999877929688,6.289801120758057,0.0,10.630672454833984,298.3006591796875,0.1199999973177909,8.697999954223633,0.2980000078678131
1778914800000,2026-05-16 07:00:00,,,,,,,,,,,,,9.347999572753906,82.0,1006.7999877929688,6.431009292602539,0.0,9.199390411376951,300.5791320800781,0.1899999976158142,9.14799976348877,0.296999990940094
1778918400000,2026-05-16 08:00:00,,,,,,,,,,,,,10.197999954223633,77.0,1007.0999755859376,6.34464693069458,0.0,10.99032211303711,301.6074523925781,0.2300000041723251,9.64799976348877,0.2949999868869781
1778922000000,2026-05-16 09:00:00,,,,,,,,,,,,,11.89799976348877,67.0,1007.2000122070312,5.963136672973633,0.0,10.315114974975586,299.24871826171875,0.2800000309944153,10.498000144958496,0.2930000126361847
1778925600000,2026-05-16 10:00:00,,,,,,,,,,,,,13.04800033569336,60.0,1007.2999877929688,5.459084987640381,0.0,10.787993431091309,295.7098999023437,0.3400000035762787,11.447999954223633,0.2899999916553497
1778929200000,2026-05-16 11:00:00,,,,,,,,,,,,,13.748000144958496,56.0,1007.5999755859376,5.122273921966553,0.0,10.464797019958496,296.5649719238281,0.3300000131130218,12.197999954223633,0.2879999876022339
1778932800000,2026-05-16 12:00:00,,,,,,,,,,,,,14.597999572753906,49.0,1007.7000122070312,3.998852014541626,0.0,10.36525058746338,290.3232116699219,0.3199999928474426,12.847999572753906,0.2860000133514404
1778936233643,2026-05-16 12:57:13,,,,12.57,12.57,12.27,,,,100.0,-121.0,-12.2,,,,,,,,,,
1778936400000,2026-05-16 13:00:00,,,,,,,,,,,,,14.248000144958496,48.0,1008.0999755859376,3.384389877319336,0.0,13.493998527526855,313.9191589355469,0.3000000119209289,13.197999954223633,0.2829999923706054
1778940000000,2026-05-16 14:00:00,,,,,,,,,,,,,14.447999954223633,43.0,1008.4000244140624,2.015958547592163,0.0,11.966954231262209,313.7811889648437,0.2599999904632568,13.39799976348877,0.2809999883174896
1778943600000,2026-05-16 15:00:00,,,,,,,,,,,,,14.847999572753906,49.0,1008.4000244140624,4.228695869445801,0.0,9.65981388092041,296.5649719238281,0.2300000041723251,13.54800033569336,0.2790000140666961
1778947200000,2026-05-16 16:00:00,,,,,,,,,,,,,13.947999954223633,48.0,1008.7999877929688,3.1091742515563965,0.0,13.441070556640623,290.37652587890625,0.1800000071525573,13.29800033569336,0.277999997138977
1778950800000,2026-05-16 17:00:00,,,,,,,,,,,,,13.347999572753906,50.0,1009.2999877929688,3.1348445415496826,0.0,10.58791732788086,287.8189697265625,0.1400000154972076,12.89799976348877,0.2759999930858612
1778954400000,2026-05-16 18:00:00,,,,,,,,,,,,,12.29800033569336,55.0,1010.2000122070312,3.511831283569336,0.0,11.681986808776855,303.6900939941406,0.0599999986588954,12.39799976348877,0.2750000059604645
1778958000000,2026-05-16 19:00:00,,,,,,,,,,,,,10.14799976348877,66.0,1011.2000122070312,4.078830718994141,0.0,4.680000305175781,292.6199035644531,0.0199999995529651,11.54800033569336,0.2739999890327453
1778961600000,2026-05-16 20:00:00,,,,,,,,,,,,,8.64799976348877,76.0,1011.9000244140624,4.653949737548828,0.0,2.811689853668213,320.1944885253906,0.0099999997764825,10.498000144958496,0.2739999890327453
1778965200000,2026-05-16 21:00:00,,,,,,,,,,,,,8.097999572753906,77.0,1012.4000244140624,4.307812690734863,0.0,0.8049845099449158,26.564985275268555,0.0,9.447999954223633,0.2730000019073486
1778968800000,2026-05-16 22:00:00,,,,,,,,,,,,,7.297999858856201,83.0,1012.9000244140624,4.601348400115967,0.0,1.7999999523162842,126.86998748779295,0.0,8.748000144958496,0.2730000019073486
1778972400000,2026-05-16 23:00:00,,,,,,,,,,,,,6.3979997634887695,92.0,1013.4000244140624,5.192728519439697,0.0,0.5091168880462646,135.00010681152344,0.0,8.197999954223633,0.2720000147819519
1778976000000,2026-05-17 00:00:00,,,,,,,,,,,,,3.047999858856201,100.0,1015.2000122070312,3.047999620437622,0.0,1.6099690198898315,116.5649871826172,0.0,5.998000144958496,0.2669999897480011
1778979600000,2026-05-17 01:00:00,,,,,,,,,,,,,2.747999906539917,100.0,1014.9000244140624,2.747999906539917,0.0,2.9024126529693604,119.74478912353516,0.0,5.797999858856201,0.2669999897480011
1778983200000,2026-05-17 02:00:00,,,,,,,,,,,,,3.247999906539917,96.0,1015.0999755859376,2.671292304992676,0.0,2.9024126529693604,97.12492370605467,0.0,5.8979997634887695,0.2660000026226043
1778986800000,2026-05-17 03:00:00,,,,,,,,,,,,,3.1480000019073486,92.0,1015.5,1.9738576412200928,0.0,1.4843180179595947,104.03627014160156,0.0,5.748000144958496,0.2660000026226043
1778990400000,2026-05-17 04:00:00,,,,,,,,,,,,,2.447999954223633,95.0,1016.0,1.7284857034683228,0.0,3.3190360069274902,102.52880096435548,0.0,5.3480000495910645,0.2660000026226043
1778993828536,2026-05-17 04:57:08,33.19,27.35,23.81,,,,319.52,298.93,277.38,100.0,-113.0,-12.5,,,,,,,,,,
1778994000000,2026-05-17 05:00:00,,,,,,,,,,,,,4.697999954223633,88.0,1016.5,2.8798749446868896,0.0,1.8356469869613647,78.69010162353516,0.0,5.498000144958496,0.2660000026226043
1778997600000,2026-05-17 06:00:00,,,,,,,,,,,,,7.748000144958496,76.0,1016.4000244140624,3.782238245010376,0.0,1.938659191131592,111.80147552490234,0.0500000044703483,6.3979997634887695,0.2660000026226043
1779001200000,2026-05-17 07:00:00,,,,,,,,,,,,,10.998000144958496,66.0,1016.2000122070312,4.888504505157471,0.0,1.7999999523162842,126.86998748779295,0.1199999973177909,7.697999954223633,0.2649999856948852
1779004800000,2026-05-17 08:00:00,,,,,,,,,,,,,13.39799976348877,51.0,1016.2000122070312,3.4615225791931152,0.0,0.0,270.0,0.2199999988079071,9.097999572753906,0.2639999985694885
1779008218571,2026-05-17 08:56:58,,,,12.25,13.02,12.43,,,,100.0,-111.0,-10.5,,,,,,,,,,
1779008400000,2026-05-17 09:00:00,,,,,,,,,,,,,14.597999572753906,44.0,1016.0999755859376,2.474897146224976,0.0,1.4843180179595947,345.9637145996094,0.3199999928474426,10.347999572753906,0.2630000114440918
1779012000000,2026-05-17 10:00:00,,,,,,,,,,,,,15.498000144958496,42.0,1015.9000244140624,2.6348321437835693,0.0,5.600285530090332,315.0000915527344,0.3400000035762787,11.39799976348877,0.2619999945163727
1779015600000,2026-05-17 11:00:00,,,,,,,,,,,,,16.148000717163086,37.0,1015.5999755859376,1.4401826858520508,0.0,0.3599999845027923,90.0,0.3600000143051147,12.447999954223633,0.2610000073909759
1779019200000,2026-05-17 12:00:00,,,,,,,,,,,,,16.847999572753906,37.0,1015.4000244140624,2.062894344329834,0.0,6.915374279022217,308.6598205566406,0.2900000214576721,12.947999954223633,0.2590000033378601
1779022800000,2026-05-17 13:00:00,,,,,,,,,,,,,17.49799919128418,33.0,1014.9000244140624,1.0393345355987549,0.0,2.4149534702301025,333.4350280761719,0.3199999928474426,13.697999954223633,0.257999986410141
1779026400000,2026-05-17 14:00:00,,,,,,,,,,,,,16.947999954223633,35.0,1014.5999755859376,1.3744029998779297,0.0,4.379589080810547,279.4622497558594,0.270000010728836,14.097999572753906,0.2569999992847442
1779030000000,2026-05-17 15:00:00,,,,,,,,,,,,,16.74799919128418,37.0,1014.7000122070312,1.9739469289779663,0.0,7.072877883911133,255.2563934326172,0.2000000178813934,14.04800033569336,0.2560000121593475
1779033600000,2026-05-17 16:00:00,,,,,,,,,,,,,15.64799976348877,42.0,1015.0999755859376,2.770272970199585,0.0,4.553679466247559,341.56494140625,0.1199999973177909,13.79800033569336,0.2549999952316284
1779037200000,2026-05-17 17:00:00,,,,,,,,,,,,,15.697999954223633,49.0,1015.2000122070312,5.010028839111328,0.0,2.3051247596740723,218.6598358154297,0.0700000077486038,13.498000144958496,0.2540000081062317
1779040800000,2026-05-17 18:00:00,,,,,,,,,,,,,14.998000144958496,53.0,1015.2999877929688,5.493016242980957,0.0,4.896529674530029,306.0274658203125,0.0299999993294477,13.197999954223633,0.2529999911785126
1779044400000,2026-05-17 19:00:00,,,,,,,,,,,,,12.248000144958496,64.0,1015.7999877929688,5.633939743041992,0.0,4.6938252449035645,355.60137939453125,0.0199999995529651,12.54800033569336,0.2529999911785126
1779048000000,2026-05-17 20:00:00,,,,,,,,,,,,,10.04800033569336,79.0,1016.2000122070312,6.571598052978516,0.0,2.099142551422119,300.96368408203125,0.0099999997764825,11.697999954223633,0.2529999911785126
1779051409463,2026-05-17 20:56:49,,,,12.94,11.82,12.3,,,,100.0,-112.0,-12.0,,,,,,,,,,
1779051600000,2026-05-17 21:00:00,,,,,,,,,,,,,9.54800033569336,78.0,1016.2000122070312,5.900790691375732,0.0,2.27683973312378,108.43504333496094,0.0,10.597999572753906,0.2520000040531158
1779055200000,2026-05-17 22:00:00,,,,,,,,,,,,,7.848000049591064,85.0,1016.4000244140624,5.48239278793335,0.0,3.3190360069274902,130.60121154785156,0.0,9.64799976348877,0.2520000040531158
1779058800000,2026-05-17 23:00:00,,,,,,,,,,,,,6.748000144958496,88.0,1016.2999877929688,4.899773120880127,0.0,2.741678237915039,113.19862365722656,0.0,8.847999572753906,0.2520000040531158
1779062400000,2026-05-18 00:00:00,,,,,,,,,,,,,6.8979997634887695,92.0,1016.0,5.68790340423584,0.0,4.6938252449035645,94.39862060546876,0.0,9.04800033569336,0.2509999871253967
1779065806322,2026-05-18 00:56:46,,,,12.99,12.89,12.25,,,,100.0,-113.0,-15.2,,,,,,,,,,
1779066000000,2026-05-18 01:00:00,,,,,,,,,,,,,6.297999858856201,87.0,1016.2000122070312,4.293082237243652,0.0,3.7585103511810303,106.69932556152344,0.0,8.498000144958496,0.2520000040531158
1779069600000,2026-05-18 02:00:00,,,,,,,,,,,,,5.947999954223633,87.0,1015.9000244140624,3.948683977127075,0.0,4.379589080810547,99.46224975585938,0.0,7.8979997634887695,0.2520000040531158
1779073200000,2026-05-18 03:00:00,,,,,,,,,,,,,5.947999954223633,87.0,1016.0999755859376,3.948683977127075,0.0,4.452953815460205,104.03627014160156,0.0,7.547999858856201,0.2520000040531158
1779076800000,2026-05-18 04:00:00,,,,,,,,,,,,,6.1479997634887695,88.0,1016.0,4.308609485626221,0.0,4.104631423950195,105.2551727294922,0.0,7.248000144958496,0.2520000040531158
1779080203307,2026-05-18 04:56:43,,,,12.81,12.17,12.46,,,,100.0,-112.0,-10.8,,,,,,,,,,
1779080208971,2026-05-18 04:56:48,33.13,27.27,23.6,,,,319.46,298.85,277.21,100.0,-113.0,-12.2,,,,,,,,,,
1779080400000,2026-05-18 05:00:00,,,,,,,,,,,,,7.748000144958496,84.0,1016.4000244140624,5.2138848304748535,0.0,4.104631423950195,105.2551727294922,0.0099999997764825,7.447999954223633,0.2520000040531158
1779084000000,2026-05-18 06:00:00,,,,,,,,,,,,,10.04800033569336,76.0,1016.2999877929688,6.0097503662109375,0.0,4.680000305175781,112.61991119384766,0.0500000044703483,8.248000144958496,0.2520000040531158
1779087600000,2026-05-18 07:00:00,,,,,,,,,,,,,12.89799976348877,68.0,1016.2000122070312,7.133306980133057,0.0,4.553679466247559,108.43504333496094,0.1199999973177909,9.447999954223633,0.2520000040531158
1779091200000,2026-05-18 08:00:00,,,,,,,,,,,,,15.39799976348877,60.0,1015.7999877929688,7.671265125274658,0.0,5.351784706115723,109.65391540527344,0.2100000232458114,10.847999572753906,0.2509999871253967
1779094800000,2026-05-18 09:00:00,,,,,,,,,,,,,17.347999572753906,49.0,1015.2999877929688,6.526127815246582,0.0,5.506940841674805,101.30989837646484,0.3000000119209289,12.248000144958496,0.2509999871253967
1779098400000,2026-05-18 10:00:00,,,,,,,,,,,,,18.14800071716309,42.0,1015.0,5.026480197906494,0.0,6.130578994750977,93.36639404296876,0.3400000035762787,13.347999572753906,0.25
1779102000000,2026-05-18 11:00:00,,,,,,,,,,,,,18.39800071716309,43.0,1014.7999877929688,5.591093063354492,0.0,3.7585103511810303,73.30067443847656,0.3100000023841858,14.097999572753906,0.248999997973442
1779105600000,2026-05-18 12:00:00,,,,,,,,,,,,,18.14800071716309,44.0,1014.5,5.696582794189453,0.0,2.4149534702301025,26.564985275268555,0.2300000041723251,14.447999954223633,0.2479999959468841
1779109200000,2026-05-18 13:00:00,,,,,,,,,,,,,18.19799995422364,44.0,1014.0999755859376,5.7419257164001465,0.0,1.7999999523162842,270.0,0.2300000041723251,14.79800033569336,0.2469999939203262
1779112800000,2026-05-18 14:00:00,,,,,,,,,,,,,17.04800033569336,51.0,1014.0999755859376,6.832283973693848,0.1000000014901161,2.1600000858306885,270.0,0.1400000154972076,14.498000144958496,0.2469999939203262
1779116400000,2026-05-18 15:00:00,,,,,,,,,,,,,17.947999954223633,46.0,1014.2000122070312,6.157947540283203,0.0,1.2979984283447266,146.30990600585938,0.1299999952316284,14.447999954223633,0.2460000067949295
1779120000000,2026-05-18 16:00:00,,,,,,,,,,,,,18.29800033569336,44.0,1014.0999755859376,5.832617282867432,0.0,2.3051247596740723,38.65982818603516,0.2000000178813934,14.697999954223633,0.2460000067949295
1779122311805,2026-05-18 16:38:31,,,,,,,,,,100.0,-114.0,-18.8,,,,,,,,,,
1779122328939,2026-05-18 16:38:48,,,,13.08,12.25,12.19,,,,100.0,-112.0,-14.8,,,,,,,,,,
1779123600000,2026-05-18 17:00:00,,,,,,,,,,,,,17.79800033569336,45.0,1014.2000122070312,5.703317642211914,0.0,3.3190360069274902,77.47119903564453,0.1299999952316284,14.748000144958496,0.2460000067949295
1779127200000,2026-05-18 18:00:00,,,,,,,,,,,,,16.24799919128418,55.0,1014.2999877929688,7.192707538604736,0.0,3.075841426849365,69.4438705444336,0.0500000044703483,14.347999572753906,0.2450000047683715
1779130800000,2026-05-18 19:00:00,,,,,,,,,,,,,12.79800033569336,68.0,1014.7999877929688,7.037760257720947,0.0,4.843304634094238,48.01287078857422,0.0099999997764825,13.39799976348877,0.2450000047683715
1779134400000,2026-05-18 20:00:00,,,,,,,,,,,,,10.097999572753906,78.0,1015.2999877929688,6.435003757476807,0.0,3.7064266204833984,60.94549179077149,0.0099999997764825,12.29800033569336,0.2450000047683715
1779136711317,2026-05-18 20:38:31,,,,13.48,13.08,12.46,,,,100.0,-114.0,-17.8,,,,,,,,,,
1779138000000,2026-05-18 21:00:00,,,,,,,,,,,,,10.197999954223633,76.0,1015.7999877929688,6.154999732971191,0.0,4.379589080810547,80.53775024414062,0.0,11.248000144958496,0.2450000047683715
1779141600000,2026-05-18 22:00:00,,,,,,,,,,,,,9.197999954223633,82.0,1016.0,6.284455299377441,0.0,3.6712939739227295,101.30989837646484,0.0,10.54800033569336,0.2450000047683715
1779145200000,2026-05-18 23:00:00,,,,,,,,,,,,,8.347999572753906,86.0,1016.5999755859376,6.142422199249268,0.0,1.6099690198898315,153.4350128173828,0.0,9.947999954223633,0.2450000047683715
1779148800000,2026-05-19 00:00:00,,,,,,,,,,,,,7.8979997634887695,87.0,1016.9000244140624,5.867372989654541,0.0,3.545588731765747,66.03750610351562,0.0,9.947999954223633,0.2430000007152557
1779151108330,2026-05-19 00:38:28,,,,13.54,12.62,12.51,,,,100.0,-117.0,-19.8,,,,,,,,,,
1779151117188,2026-05-19 00:38:37,33.29,27.27,23.47,,,,319.61,298.85,277.1,100.0,-112.0,-13.2,,,,,,,,,,
1779152400000,2026-05-19 01:00:00,,,,,,,,,,,,,8.097999572753906,84.0,1016.5999755859376,5.55684232711792,0.0,2.189794540405273,99.46224975585938,0.0,9.498000144958496,0.2430000007152557
1779156000000,2026-05-19 02:00:00,,,,,,,,,,,,,8.498000144958496,84.0,1016.9000244140624,5.948781967163086,0.0,2.27683973312378,341.56494140625,0.0,9.04800033569336,0.2430000007152557
1779159600000,2026-05-19 03:00:00,,,,,,,,,,,,,9.04800033569336,87.0,1017.2999877929688,6.998795032501221,0.0,2.741678237915039,293.1986083984375,0.0,8.847999572753906,0.2430000007152557
1779163200000,2026-05-19 04:00:00,,,,,,,,,,,,,8.79800033569336,90.0,1018.0999755859376,7.24764347076416,0.0,4.072935104370117,315.0000915527344,0.0,8.697999954223633,0.2430000007152557
1779166800000,2026-05-19 05:00:00,,,,,,,,,,,,,10.697999954223633,85.0,1018.5,8.27860164642334,0.0,4.680000305175781,292.6199035644531,0.0,8.89799976348877,0.2430000007152557
1779170400000,2026-05-19 06:00:00,,,,,,,,,,,,,12.498000144958496,77.0,1018.5999755859376,8.574875831604004,0.0,8.049844741821289,296.5649719238281,0.0599999986588954,9.79800033569336,0.2430000007152557
1779174000000,2026-05-19 07:00:00,,,,,,,,,,,,,13.947999954223633,66.0,1018.5999755859376,7.697531700134277,0.0,9.904906272888184,289.0935974121094,0.1299999952316284,10.79800033569336,0.2430000007152557
1779177600000,2026-05-19 08:00:00,,,,,,,,,,,,,15.29800033569336,60.0,1018.9000244140624,7.577155590057373,0.0,10.163227081298828,292.93212890625,0.1899999976158142,11.847999572753906,0.2419999986886978
1779179902215,2026-05-19 08:38:22,,,,13.21,13.26,12.57,,,,100.0,-112.0,-14.2,,,,,,,,,,
1779179911117,2026-05-19 08:38:31,33.03,27.21,23.47,,,,319.37,298.79,277.1,100.0,-118.0,-19.2,,,,,,,,,,
1779181200000,2026-05-19 09:00:00,,,,,,,,,,,,,16.447999954223633,57.0,1019.0,7.90296745300293,0.0,9.360000610351562,292.6199035644531,0.2399999946355819,12.89799976348877,0.2419999986886978
1779184800000,2026-05-19 10:00:00,,,,,,,,,,,,,17.648000717163086,53.0,1019.0999755859376,7.950455188751221,0.0,8.473393440246582,282.2647705078125,0.2800000309944153,13.998000144958496,0.2409999966621399
1779188400000,2026-05-19 11:00:00,,,,,,,,,,,,,18.89800071716309,46.0,1018.9000244140624,7.023914337158203,0.0,9.585739135742188,304.28692626953125,0.3000000119209289,14.947999954223633,0.2399999946355819
1779192000000,2026-05-19 12:00:00,,,,,,,,,,,,,19.097999572753903,42.0,1018.5999755859376,5.883266925811768,0.0,12.594856262207031,300.96368408203125,0.3100000023841858,15.79800033569336,0.238999992609024
1779194299233,2026-05-19 12:38:19,,,,13.1,12.25,12.54,,,,100.0,-113.0,-15.5,,,,,,,,,,
1779195600000,2026-05-19 13:00:00,,,,,,,,,,,,,19.99799919128418,34.0,1018.2000122070312,3.65552830696106,0.0,10.5142183303833,308.0470886230469,0.3000000119209289,16.347999572753906,0.2380000054836273
1779199200000,2026-05-19 14:00:00,,,,,,,,,,,,,20.097999572753903,35.0,1017.5999755859376,4.156309127807617,0.0,8.942214012145996,310.100830078125,0.270000010728836,16.79800033569336,0.2380000054836273
1779202800000,2026-05-19 15:00:00,,,,,,,,,,,,,20.14800071716309,34.0,1017.5999755859376,3.787467002868652,0.0,7.145795822143555,310.9142761230469,0.2399999946355819,17.04800033569336,0.2370000034570694
1779206400000,2026-05-19 16:00:00,,,,,,,,,,,,,19.79800033569336,35.0,1017.7000122070312,3.8915414810180655,0.0,4.452953815460205,345.9637145996094,0.2000000178813934,17.04800033569336,0.2360000014305114
1779210000000,2026-05-19 17:00:00,,,,,,,,,,,,,19.347999572753903,38.0,1017.9000244140624,4.6667304039001465,0.0,2.811689853668213,39.80552673339844,0.1299999952316284,16.79800033569336,0.2349999994039535
1779213600000,2026-05-19 18:00:00,,,,,,,,,,,,,18.04800033569336,47.0,1018.0,6.561514854431152,0.0,3.7064266204833984,60.94549179077149,0.0500000044703483,16.24799919128418,0.2349999994039535
1779217200000,2026-05-19 19:00:00,,,,,,,,,,,,,13.597999572753906,64.0,1018.5,6.914717674255371,0.0,4.6102495193481445,51.34017181396485,0.0199999995529651,15.248000144958496,0.2349999994039535
1779220800000,2026-05-19 20:00:00,,,,,,,,,,,,,11.89799976348877,68.0,1019.0,6.177762031555176,0.0,3.545588731765747,66.03750610351562,0.0099999997764825,13.998000144958496,0.2349999994039535
1779224400000,2026-05-19 21:00:00,,,,,,,,,,,,,11.64799976348877,73.0,1019.4000244140624,6.96989107131958,0.0,3.3190360069274902,49.39878463745117,0.0099999997764825,13.14799976348877,0.2349999994039535
1779228000000,2026-05-19 22:00:00,,,,,,,,,,,,,11.54800033569336,73.0,1019.5,6.873531341552734,0.0,4.452953815460205,104.03627014160156,0.0,12.498000144958496,0.2339999973773956
1779231600000,2026-05-19 23:00:00,,,,,,,,,,,,,11.248000144958496,77.0,1019.7000122070312,7.362872123718262,0.0,3.2599384784698486,96.34009552001952,0.0,12.04800033569336,0.2339999973773956
1779235200000,2026-05-20 00:00:00,,,,,,,,,,,,,9.248000144958496,86.0,1020.2000122070312,7.026671409606934,0.0,3.9600000381469727,90.0,0.0,10.64799976348877,0.2339999973773956
1779237487579,2026-05-20 00:38:07,,,,14.11,12.99,12.99,,,,100.0,-117.0,-14.8,,,,,,,,,,
1779238800000,2026-05-20 01:00:00,,,,,,,,,,,,,8.697999954223633,87.0,1020.0999755859376,6.654458045959473,0.0,4.452953815460205,104.03627014160156,0.0,10.197999954223633,0.2339999973773956
1779242400000,2026-05-20 02:00:00,,,,,,,,,,,,,8.597999572753906,87.0,1020.2000122070312,6.556074619293213,0.0,4.452953815460205,104.03627014160156,0.0,9.847999572753906,0.2339999973773956
1779246000000,2026-05-20 03:00:00,,,,,,,,,,,,,8.89799976348877,84.0,1020.5,6.340709209442139,0.0,4.6938252449035645,94.39862060546876,0.0,9.697999954223633,0.2339999973773956
1779249600000,2026-05-20 04:00:00,,,,,,,,,,,,,9.498000144958496,82.0,1020.9000244140624,6.577561378479004,0.0,4.6938252449035645,94.39862060546876,0.0099999997764825,9.697999954223633,0.2339999973773956
1779253200000,2026-05-20 05:00:00,,,,,,,,,,,,,10.39799976348877,81.0,1021.0999755859376,7.277217388153076,0.0,4.213691711425781,109.98319244384766,0.0099999997764825,9.947999954223633,0.2339999973773956
1779256800000,2026-05-20 06:00:00,,,,,,,,,,,,,12.998000144958496,71.0,1020.9000244140624,7.861710548400879,0.0,3.219938039779663,116.5649871826172,0.0500000044703483,10.447999954223633,0.2339999973773956
1779260400000,2026-05-20 07:00:00,,,,,,,,,,,,,15.29800033569336,67.0,1020.7999877929688,9.20567226409912,0.0,2.27683973312378,108.43504333496094,0.1199999973177909,11.39799976348877,0.2339999973773956
1779264000000,2026-05-20 08:00:00,,,,,,,,,,,,,17.148000717163086,62.0,1021.0,9.806289672851562,0.0,0.7199999690055847,180.0,0.1599999964237213,12.347999572753906,0.2339999973773956
1779267600000,2026-05-20 09:00:00,,,,,,,,,,,,,18.347999572753903,63.0,1021.2999877929688,11.180546760559082,0.0,3.219938039779663,296.5649719238281,0.2000000178813934,13.248000144958496,0.2329999953508377
1779271200000,2026-05-20 10:00:00,,,,,,,,,,,,,19.49799919128418,55.0,1021.2999877929688,10.218343734741213,0.0,6.830519199371338,251.56495666503903,0.2300000041723251,14.14799976348877,0.2329999953508377
1779274800000,2026-05-20 11:00:00,,,,,,,,,,,,,19.94799995422364,53.0,1021.2000122070312,10.081816673278809,0.0,5.399999618530273,233.1300201416016,0.2599999904632568,14.847999572753906,0.2319999933242797
1779278400000,2026-05-20 12:00:00,,,,,,,,,,,,,18.74799919128418,58.0,1021.4000244140624,10.31369686126709,0.1000000014901161,8.473393440246582,257.7352294921875,0.1599999964237213,15.04800033569336,0.2319999933242797
1779282000000,2026-05-20 13:00:00,,,,,,,,,,,,,18.94799995422364,62.0,1021.2999877929688,11.505807876586914,0.1000000014901161,3.6712939739227295,258.6900939941406,0.1800000071525573,15.14799976348877,0.231000006198883
1779285600000,2026-05-20 14:00:00,,,,,,,,,,,,,20.69799995422364,56.0,1020.7999877929688,11.607305526733398,0.0,4.198285102844238,210.96368408203125,0.25,15.697999954223633,0.231000006198883
1779289200000,2026-05-20 15:00:00,,,,,,,,,,,,,17.54800033569336,67.0,1021.5999755859376,11.350360870361328,0.4000000059604645,10.390226364135742,284.0362548828125,0.1700000017881393,15.79800033569336,0.231000006198883
1779292800000,2026-05-20 16:00:00,,,,,,,,,,,,,18.54800033569336,66.0,1021.4000244140624,12.07458782196045,0.0,7.072877883911133,284.7436218261719,0.1700000017881393,15.597999572753906,0.2300000041723251
1779295075398,2026-05-20 16:37:55,,,,13.86,13.7,12.81,,,,100.0,-112.0,-9.2,,,,,,,,,,
1779296400000,2026-05-20 17:00:00,,,,,,,,,,,,,15.748000144958496,78.0,1022.4000244140624,11.920902252197266,2.0999999046325684,11.50311279296875,290.1363830566406,0.1299999952316284,15.498000144958496,0.2300000041723251
1779300000000,2026-05-20 18:00:00,,,,,,,,,,,,,15.447999954223633,85.0,1022.9000244140624,12.93761920928955,0.2000000029802322,1.938659191131592,291.8014831542969,0.0399999991059303,14.998000144958496,0.2360000014305114
1779303600000,2026-05-20 19:00:00,,,,,,,,,,,,,14.748000144958496,87.0,1023.5999755859376,12.605469703674316,0.1000000014901161,3.617955207824707,5.710507392883301,0.0,14.498000144958496,0.2419999986886978
1779307200000,2026-05-20 20:00:00,,,,,,,,,,,,,14.39799976348877,90.0,1024.5999755859375,12.778148651123049,6.400000095367432,5.091168403625488,278.1300048828125,0.0099999997764825,14.14799976348877,0.2840000092983246
1779310800000,2026-05-20 21:00:00,,,,,,,,,,,,,13.847999572753906,91.0,1024.9000244140625,12.403252601623535,0.699999988079071,3.7064266204833984,299.05450439453125,0.0199999995529651,13.89799976348877,0.3230000138282776
1779314400000,2026-05-20 22:00:00,,,,,,,,,,,,,13.197999954223633,91.0,1025.300048828125,11.76053237915039,0.1000000014901161,2.27683973312378,341.56494140625,0.0,13.498000144958496,0.324999988079071
1779318000000,2026-05-20 23:00:00,,,,,,,,,,,,,12.597999572753906,93.0,1025.800048828125,11.495627403259276,0.0,2.9024126529693604,299.7447814941406,0.0,13.097999572753906,0.3210000097751617
1779321600000,2026-05-21 00:00:00,,,,,,,,,,,,,11.947999954223633,89.0,1025.0999755859375,10.191362380981444,0.0,2.9024126529693604,330.2552185058594,0.0,11.998000144958496,0.2280000001192093
1779325200000,2026-05-21 01:00:00,,,,,,,,,,,,,11.697999954223633,92.0,1025.800048828125,10.441094398498535,0.0,4.072935104370117,315.0000915527344,0.0,11.697999954223633,0.2280000001192093
1779328800000,2026-05-21 02:00:00,,,,,,,,,,,,,12.14799976348877,92.0,1026.199951171875,10.886659622192385,0.1000000014901161,4.394360065460205,304.9920959472656,0.0,11.64799976348877,0.2280000001192093
1779332400000,2026-05-21 03:00:00,,,,,,,,,,,,,11.998000144958496,93.0,1026.4000244140625,10.900785446166992,0.0,4.510787010192871,298.6103515625,0.0,11.697999954223633,0.2290000021457672
1779336000000,2026-05-21 04:00:00,,,,,,,,,,,,,11.847999572753906,94.0,1026.800048828125,10.912994384765623,0.0,4.394360065460205,304.9920959472656,0.0,11.64799976348877,0.2290000021457672
1779339600000,2026-05-21 05:00:00,,,,,,,,,,,,,13.248000144958496,87.0,1027.4000244140625,11.130228996276855,0.0,4.829906940460205,296.5649719238281,0.0099999997764825,11.748000144958496,0.2290000021457672
1779343200000,2026-05-21 06:00:00,,,,,,,,,,,,,14.597999572753906,80.0,1027.5999755859375,11.186012268066406,0.0,9.504273414611816,294.62353515625,0.0900000035762786,12.29800033569336,0.2290000021457672
1779346800000,2026-05-21 07:00:00,,,,,,,,,,,,,15.29800033569336,76.0,1027.800048828125,11.09186840057373,0.0,8.891343116760254,301.7594299316406,0.1299999952316284,12.847999572753906,0.2290000021457672
1779350400000,2026-05-21 08:00:00,,,,,,,,,,,,,16.74799919128418,70.0,1027.699951171875,11.247403144836426,0.0,10.315114974975586,299.24871826171875,0.2000000178813934,13.54800033569336,0.2280000001192093
1779354000000,2026-05-21 09:00:00,,,,,,,,,,,,,17.79800033569336,67.0,1027.9000244140625,11.588605880737305,0.0,8.714676856994629,308.2901916503906,0.270000010728836,14.498000144958496,0.2280000001192093
1779357600000,2026-05-21 10:00:00,,,,,,,,,,,,,18.597999572753903,59.0,1027.800048828125,10.429330825805664,0.0,9.931041717529297,313.53125,0.2900000214576721,15.29800033569336,0.2269999980926513
1779361200000,2026-05-21 11:00:00,,,,,,,,,,,,,18.79800033569336,55.0,1027.4000244140625,9.56689453125,0.0,11.43531322479248,298.1784973144531,0.2900000214576721,15.79800033569336,0.2269999980926513
1779364800000,2026-05-21 12:00:00,,,,,,,,,,,,,20.097999572753903,47.0,1027.0999755859375,8.434455871582031,0.0,11.269782066345217,296.5649719238281,0.2800000309944153,16.197999954223633,0.2259999960660934
1779368400000,2026-05-21 13:00:00,,,,,,,,,,,,,20.49799919128418,43.0,1027.0,7.489638328552246,0.0,12.496718406677246,318.5036315917969,0.3100000023841858,16.74799919128418,0.2249999940395355
1779372000000,2026-05-21 14:00:00,,,,,,,,,,,,,20.04800033569336,49.0,1027.199951171875,9.005300521850586,0.0,9.44957160949707,319.6355285644531,0.2300000041723251,16.847999572753906,0.2249999940395355
1779375600000,2026-05-21 15:00:00,,,,,,,,,,,,,19.94799995422364,49.0,1027.0,8.91351318359375,0.0,9.220499038696287,308.6598205566406,0.2100000232458114,17.04800033569336,0.2240000069141388
1779377961762,2026-05-21 15:39:21,,,,,,,,,,100.0,-118.0,-21.0,,,,,,,,,,
1779379200000,2026-05-21 16:00:00,,,,,,,,,,,,,19.597999572753903,52.0,1027.0999755859375,9.473708152770996,0.0,6.92473840713501,332.1028137207031,0.1099999994039535,16.847999572753906,0.2240000069141388
1779382800000,2026-05-21 17:00:00,,,,,,,,,,,,,19.14800071716309,55.0,1027.300048828125,9.8926362991333,0.0,9.360000610351562,292.6199035644531,0.1000000089406967,16.648000717163086,0.2230000048875808
1779386400000,2026-05-21 18:00:00,,,,,,,,,,,,,18.39800071716309,62.0,1027.5999755859375,10.98658275604248,0.0,4.735060214996338,278.7460632324219,0.0599999986588954,16.29800033569336,0.2230000048875808
1779390000000,2026-05-21 19:00:00,,,,,,,,,,,,,16.148000717163086,74.0,1028.0,11.510332107543944,0.0,3.7064266204833984,299.05450439453125,0.0199999995529651,15.697999954223633,0.2230000048875808
1779392368826,2026-05-21 19:39:28,33.06,27.05,23.15,,,,319.4,298.61,276.84,100.0,-117.0,-17.5,,,,,,,,,,
1779393600000,2026-05-21 20:00:00,,,,,,,,,,,,,14.54800033569336,82.0,1028.300048828125,11.510296821594238,0.0,2.4149534702301025,333.4350280761719,0.0,14.847999572753906,0.2230000048875808
1779397200000,2026-05-21 21:00:00,,,,,,,,,,,,,14.097999572753906,84.0,1028.5,11.434613227844238,0.0,0.7199999690055847,90.0,0.0,14.14799976348877,0.2230000048875808
1779400800000,2026-05-21 22:00:00,,,,,,,,,,,,,13.04800033569336,86.0,1028.800048828125,10.75955581665039,0.0,1.6099690198898315,116.5649871826172,0.0,13.347999572753906,0.2230000048875808
1779404400000,2026-05-21 23:00:00,,,,,,,,,,,,,11.89799976348877,91.0,1029.199951171875,10.475040435791016,0.0,2.9024126529693604,82.87508392333984,0.0,12.54800033569336,0.2230000048875808
1779406757793,2026-05-21 23:39:17,,,,14.47,13.43,13.32,,,,100.0,-114.0,-18.8,,,,,,,,,,
1779406766774,2026-05-21 23:39:26,33.06,27.07,23.18,,,,319.4,298.64,276.87,100.0,-117.0,-19.2,,,,,,,,,,
1779408000000,2026-05-22 00:00:00,,,,,,,,,,,,,9.64799976348877,97.0,1029.800048828125,9.194788932800291,0.0,2.0364675521850586,135.00010681152344,0.0,11.14799976348877,0.231000006198883
1779411600000,2026-05-22 01:00:00,,,,,,,,,,,,,9.197999954223633,98.0,1029.300048828125,8.898285865783691,0.0,2.620839357376098,105.94546508789062,0.0,10.79800033569336,0.231000006198883
1779415200000,2026-05-22 02:00:00,,,,,,,,,,,,,9.14799976348877,97.0,1029.300048828125,8.696578025817871,0.0,3.5999999046325684,90.0,0.0,10.498000144958496,0.231000006198883
1779418800000,2026-05-22 03:00:00,,,,,,,,,,,,,9.097999572753906,95.0,1029.5999755859375,8.339035987854004,0.0,2.27683973312378,108.43504333496094,0.0,10.197999954223633,0.231000006198883
1779422400000,2026-05-22 04:00:00,,,,,,,,,,,,,8.847999572753906,96.0,1030.0999755859375,8.244799613952637,0.0,2.595996856689453,123.69009399414062,0.0,9.79800033569336,0.231000006198883
1779426000000,2026-05-22 05:00:00,,,,,,,,,,,,,10.748000144958496,92.0,1030.5,9.500429153442385,0.0,2.9024126529693604,97.12492370605467,0.0,10.04800033569336,0.231000006198883
1779429600000,2026-05-22 06:00:00,,,,,,,,,,,,,13.447999954223633,83.0,1030.4000244140625,10.617972373962402,0.0,2.741678237915039,113.19862365722656,0.0599999986588954,10.998000144958496,0.231000006198883
1779433200000,2026-05-22 07:00:00,,,,,,,,,,,,,16.54800033569336,74.0,1030.199951171875,11.896135330200195,0.0,1.7999999523162842,126.86998748779295,0.1500000059604644,12.29800033569336,0.2300000041723251
1779436800000,2026-05-22 08:00:00,,,,,,,,,,,,,18.99799919128418,66.0,1030.0,12.502570152282717,0.0,0.8049845099449158,243.4350128173828,0.2599999904632568,13.64799976348877,0.2300000041723251
1779440400000,2026-05-22 09:00:00,,,,,,,,,,,,,20.64800071716309,56.0,1029.9000244140625,11.560694694519045,0.0,2.811689853668213,309.8055114746094,0.3600000143051147,14.998000144958496,0.2290000021457672
1779444000000,2026-05-22 10:00:00,,,,,,,,,,,,,21.847999572753903,49.0,1029.699951171875,10.656888961791992,0.0,4.843304634094238,311.98712158203125,0.4200000464916229,16.24799919128418,0.2280000001192093
1779447600000,2026-05-22 11:00:00,,,,,,,,,,,,,22.64800071716309,46.0,1029.4000244140625,10.43941593170166,0.0,4.693825721740723,302.4711608886719,0.4200000464916229,17.347999572753906,0.2269999980926513
1779449948683,2026-05-22 11:39:08,,,,14.06,14.06,13.43,,,,100.0,-113.0,-21.5,,,,,,,,,,
1779449957718,2026-05-22 11:39:17,32.8,26.93,23.07,,,,319.16,298.49,276.78,100.0,-121.0,-17.2,,,,,,,,,,
1779451200000,2026-05-22 12:00:00,,,,,,,,,,,,,23.14800071716309,44.0,1029.0,10.227088928222656,0.0,3.6712939739227295,281.3099060058594,0.3900000154972076,18.14800071716309,0.2259999960660934
1779454800000,2026-05-22 13:00:00,,,,,,,,,,,,,23.69799995422364,42.0,1028.5999755859375,10.027504920959473,0.0,5.116561412811279,309.28936767578125,0.3500000238418579,18.64800071716309,0.2249999940395355
1779458400000,2026-05-22 14:00:00,,,,,,,,,,,,,23.44799995422364,43.0,1028.199951171875,10.154129028320312,0.0,8.714676856994629,321.70977783203125,0.3300000131130218,19.097999572753903,0.2230000048875808
1779462000000,2026-05-22 15:00:00,,,,,,,,,,,,,23.39800071716309,46.0,1028.0,11.121986389160156,0.0,8.699792861938477,335.5560607910156,0.2399999946355819,19.04800033569336,0.2230000048875808
1779464353003,2026-05-22 15:39:13,33.03,26.89,22.97,,,,319.37,298.44,276.7,100.0,-121.0,-16.5,,,,,,,,,,
1779465600000,2026-05-22 16:00:00,,,,,,,,,,,,,23.29800033569336,46.0,1028.0,11.030986785888672,0.0,5.759999752044678,360.0,0.2300000041723251,19.04800033569336,0.2220000028610229
1779469200000,2026-05-22 17:00:00,,,,,,,,,,,,,22.69799995422364,49.0,1028.0999755859375,11.436477661132812,0.0,4.6938252449035645,4.398633003234863,0.1599999964237213,18.94799995422364,0.221000000834465
1779472800000,2026-05-22 18:00:00,,,,,,,,,,,,,20.94799995422364,64.0,1028.0999755859375,13.881691932678224,0.0,3.075841426849365,20.556127548217773,0.0599999986588954,18.49799919128418,0.221000000834465
1779476400000,2026-05-22 19:00:00,,,,,,,,,,,,,17.54800033569336,71.0,1028.5,12.229433059692385,0.0,4.693825721740723,32.47117233276367,0.0199999995529651,17.54800033569336,0.2199999988079071
1779478742497,2026-05-22 19:39:02,,,,14.95,13.78,13.84,,,,100.0,-121.0,-20.8,,,,,,,,,,
1779478751509,2026-05-22 19:39:11,33.13,26.96,22.94,,,,319.46,298.52,276.67,100.0,-112.0,-15.2,,,,,,,,,,
1779480000000,2026-05-22 20:00:00,,,,,,,,,,,,,15.248000144958496,79.0,1028.5999755859375,11.628296852111816,0.0,3.89399528503418,56.30989837646485,0.0099999997764825,16.398000717163086,0.2199999988079071
1779483600000,2026-05-22 21:00:00,,,,,,,,,,,,,14.14799976348877,83.0,1028.800048828125,11.302590370178224,0.0,3.219938039779663,63.43501281738281,0.0,15.29800033569336,0.2199999988079071
1779487200000,2026-05-22 22:00:00,,,,,,,,,,,,,13.39799976348877,87.0,1029.0999755859375,11.27776050567627,0.0,3.5999999046325684,90.0,0.0,14.39799976348877,0.2199999988079071
1779490800000,2026-05-22 23:00:00,,,,,,,,,,,,,12.847999572753906,87.0,1029.300048828125,10.736806869506836,0.0,3.3190360069274902,102.52880096435548,0.0,13.697999954223633,0.2199999988079071
1779493139460,2026-05-22 23:38:59,,,,15.2,13.7,13.32,,,,100.0,-121.0,-22.5,,,,,,,,,,
1779494400000,2026-05-23 00:00:00,,,,,,,,,,,,,11.847999572753906,94.0,1028.800048828125,10.912994384765623,0.0,3.7585103511810303,106.69932556152344,0.0,13.39799976348877,0.2249999940395355
1779498000000,2026-05-23 01:00:00,,,,,,,,,,,,,11.248000144958496,94.0,1028.9000244140625,10.3173828125,0.0,3.9600000381469727,90.0,0.0,12.847999572753906,0.2249999940395355
1779501600000,2026-05-23 02:00:00,,,,,,,,,,,,,10.847999572753906,94.0,1029.199951171875,9.920303344726562,0.0,4.452953815460205,104.03627014160156,0.0,12.447999954223633,0.2249999940395355
1779505200000,2026-05-23 03:00:00,,,,,,,,,,,,,10.697999954223633,93.0,1029.5999755859375,9.61191749572754,0.0,4.213691711425781,109.98319244384766,0.0,12.04800033569336,0.2249999940395355
1779507543895,2026-05-23 03:39:03,33.1,27.02,22.97,,,,319.43,298.58,276.7,100.0,-117.0,-19.5,,,,,,,,,,
1779508800000,2026-05-23 04:00:00,,,,,,,,,,,,,10.64799976348877,94.0,1029.699951171875,9.721761703491213,0.0,4.379589080810547,99.46224975585938,0.0,11.748000144958496,0.2249999940395355
1779512400000,2026-05-23 05:00:00,,,,,,,,,,,,,12.498000144958496,93.0,1029.699951171875,11.39648723602295,0.0,3.219938039779663,116.5649871826172,0.0099999997764825,11.947999954223633,0.2249999940395355
1779516000000,2026-05-23 06:00:00,,,,,,,,,,,,,15.597999572753906,83.0,1029.4000244140625,12.720595359802246,0.0,2.4149534702301025,116.5649871826172,0.0700000077486038,12.847999572753906,0.2249999940395355
1779519600000,2026-05-23 07:00:00,,,,,,,,,,,,,18.79800033569336,72.0,1029.0999755859375,13.643757820129396,0.0,2.3051247596740723,128.6598358154297,0.1599999964237213,14.097999572753906,0.2249999940395355
1779521942407,2026-05-23 07:39:02,32.96,26.99,22.97,,,,319.31,298.55,276.7,100.0,-121.0,-18.5,,,,,,,,,,
1779523200000,2026-05-23 08:00:00,,,,,,,,,,,,,21.347999572753903,65.0,1029.0,14.500393867492676,0.0,1.6099690198898315,116.5649871826172,0.2800000309944153,15.54800033569336,0.2240000069141388
1779526800000,2026-05-23 09:00:00,,,,,,,,,,,,,23.29800033569336,52.0,1028.9000244140625,12.892095565795898,0.0,0.7199999690055847,180.0,0.3900000154972076,16.898000717163086,0.2230000048875808
1779530400000,2026-05-23 10:00:00,,,,,,,,,,,,,24.64800071716309,44.0,1028.699951171875,11.584630012512209,0.0,1.0182337760925293,315.0000915527344,0.449999988079071,18.097999572753903,0.2220000028610229
1779534000000,2026-05-23 11:00:00,,,,,,,,,,,,,25.64800071716309,40.0,1028.199951171875,11.044632911682127,0.0,1.6099690198898315,296.5649719238281,0.449999988079071,19.19799995422364,0.221000000834465
1779536330315,2026-05-23 11:38:50,,,,14.81,13.73,13.81,,,,100.0,-121.0,-20.5,,,,,,,,,,
1779537600000,2026-05-23 12:00:00,,,,,,,,,,,,,26.49799919128418,39.0,1027.9000244140625,11.421332359313965,0.0,3.415259599685669,288.4350280761719,0.4399999976158142,20.19799995422364,0.2199999988079071
1779541200000,2026-05-23 13:00:00,,,,,,,,,,,,,27.097999572753903,39.0,1027.4000244140625,11.956022262573242,0.0,4.213691711425781,289.9831848144531,0.4099999964237213,21.04800033569336,0.2189999967813491
1779544800000,2026-05-23 14:00:00,,,,,,,,,,,,,27.49799919128418,39.0,1027.0,12.312406539916992,0.0,5.804825305938721,299.7447814941406,0.3700000345706939,21.69799995422364,0.2179999947547912
1779548400000,2026-05-23 15:00:00,,,,,,,,,,,,,27.347999572753903,42.0,1026.5999755859375,13.310661315917969,0.0,4.33497428894043,318.3665466308594,0.3100000023841858,22.04800033569336,0.2169999927282333
1779550732507,2026-05-23 15:38:52,33.19,26.8,22.79,,,,319.52,298.35,276.55,100.0,-113.0,-11.8,,,,,,,,,,
1779552000000,2026-05-23 16:00:00,,,,,,,,,,,,,26.79800033569336,45.0,1026.4000244140625,13.874959945678713,0.0,6.193674087524414,324.4622497558594,0.25,22.04800033569336,0.2160000056028366
1779555600000,2026-05-23 17:00:00,,,,,,,,,,,,,25.94799995422364,46.0,1026.4000244140625,13.44139289855957,0.0,6.989935874938965,325.49139404296875,0.1599999964237213,21.74799919128418,0.2150000035762787
1779559200000,2026-05-23 18:00:00,,,,,,,,,,,,,23.64800071716309,58.0,1026.5,14.900283813476562,0.0,4.320000171661377,360.0,0.0700000077486038,21.14800071716309,0.2150000035762787
1779562800000,2026-05-23 19:00:00,,,,,,,,,,,,,19.69799995422364,70.0,1026.9000244140625,14.073124885559082,0.0,3.7585103511810303,16.699325561523438,0.0199999995529651,19.94799995422364,0.2140000015497207
1779566400000,2026-05-23 20:00:00,,,,,,,,,,,,,18.44799995422364,75.0,1027.0,13.93517017364502,0.0,2.968636035919189,75.96372985839844,0.0,18.54800033569336,0.2140000015497207
1779570000000,2026-05-23 21:00:00,,,,,,,,,,,,,16.597999572753906,84.0,1027.300048828125,13.882845878601074,0.0,3.239999771118164,90.0,0.0,17.347999572753906,0.2140000015497207
1779573600000,2026-05-23 22:00:00,,,,,,,,,,,,,15.29800033569336,90.0,1027.5,13.666840553283691,0.0,2.1600000858306885,90.0,0.0,16.398000717163086,0.2140000015497207
1779577200000,2026-05-23 23:00:00,,,,,,,,,,,,,14.447999954223633,91.0,1027.699951171875,12.996512413024902,0.0,2.968636035919189,104.03627014160156,0.0,15.597999572753906,0.2140000015497207
1779580800000,2026-05-24 00:00:00,,,,,,,,,,,,,13.64799976348877,93.0,1027.5999755859375,12.536572456359863,0.0,3.075841426849365,69.4438705444336,0.0,14.847999572753906,0.2160000056028366
1779584400000,2026-05-24 01:00:00,,,,,,,,,,,,,12.54800033569336,97.0,1028.0,12.08433723449707,0.0,2.27683973312378,161.56495666503906,0.0,14.39799976348877,0.2160000056028366
1779588000000,2026-05-24 02:00:00,,,,,,,,,,,,,12.64799976348877,96.0,1028.199951171875,12.026485443115234,0.0,2.741678237915039,113.19862365722656,0.0,13.998000144958496,0.2160000056028366
1779591600000,2026-05-24 03:00:00,,,,,,,,,,,,,12.79800033569336,94.0,1028.5,11.85602569580078,0.0,2.620839357376098,105.94546508789062,0.0,13.597999572753906,0.2160000056028366
1779595200000,2026-05-24 04:00:00,,,,,,,,,,,,,12.89799976348877,95.0,1028.699951171875,12.116022109985352,0.0,3.5999999046325684,90.0,0.0,13.29800033569336,0.2160000056028366
1779598800000,2026-05-24 05:00:00,,,,,,,,,,,,,15.14799976348877,90.0,1028.699951171875,13.518728256225586,0.0,2.968636035919189,104.03627014160156,0.0099999997764825,13.498000144958496,0.2160000056028366
1779602400000,2026-05-24 06:00:00,,,,,,,,,,,,,18.04800033569336,82.0,1028.699951171875,14.92768669128418,0.0,0.8049845099449158,206.5649871826172,0.0799999982118606,14.29800033569336,0.2160000056028366
1779606000000,2026-05-24 07:00:00,,,,,,,,,,,,,20.54800033569336,75.0,1028.5,15.963032722473145,0.0,1.1384198665618896,198.4350433349609,0.1700000017881393,15.39799976348877,0.2160000056028366
1779609600000,2026-05-24 08:00:00,,,,,,,,,,,,,23.44799995422364,63.0,1028.199951171875,16.00210952758789,0.0,1.0800000429153442,180.0,0.270000010728836,16.54800033569336,0.2160000056028366
1779613200000,2026-05-24 09:00:00,,,,,,,,,,,,,25.847999572753903,56.0,1028.0,16.405170440673828,0.0,4.213691711425781,289.9831848144531,0.3799999952316284,17.847999572753906,0.2150000035762787
1779616800000,2026-05-24 10:00:00,,,,,,,,,,,,,27.54800033569336,50.0,1027.699951171875,16.19725227355957,0.0,7.421589851379394,292.83367919921875,0.4300000071525574,19.24799919128418,0.2140000015497207
1779620400000,2026-05-24 11:00:00,,,,,,,,,,,,,28.44799995422364,44.0,1027.300048828125,15.020410537719728,0.0,12.39780616760254,295.8209228515625,0.449999988079071,20.49799919128418,0.2129999995231628
1779624000000,2026-05-24 12:00:00,,,,,,,,,,,,,28.64800071716309,39.0,1027.0,13.336687088012695,0.0,13.830748558044434,308.6598205566406,0.4300000071525574,21.39800071716309,0.2119999974966049
1779627600000,2026-05-24 13:00:00,,,,,,,,,,,,,29.14800071716309,36.0,1026.800048828125,12.55528450012207,0.0,15.778515815734863,304.77789306640625,0.4000000357627868,22.097999572753903,0.210999995470047
1779631200000,2026-05-24 14:00:00,,,,,,,,,,,,,28.69799995422364,43.0,1026.5,14.88874340057373,0.0,15.484185218811035,305.5377502441406,0.3300000131130218,22.39800071716309,0.209999993443489
1779634800000,2026-05-24 15:00:00,,,,,,,,,,,,,27.89800071716309,46.0,1026.699951171875,15.21368408203125,0.1000000014901161,14.264361381530762,312.95458984375,0.2800000309944153,22.44799995422364,0.2090000063180923
1779638400000,2026-05-24 16:00:00,,,,,,,,,,,,,27.54800033569336,43.0,1026.5999755859375,13.852437019348145,0.0,14.578889846801758,302.9052429199219,0.270000010728836,22.39800071716309,0.2080000042915344
1779642000000,2026-05-24 17:00:00,,,,,,,,,,,,,26.39800071716309,48.0,1026.9000244140625,14.507842063903809,0.0,13.89618682861328,323.4268798828125,0.1700000017881393,22.29800033569336,0.2080000042915344
1779645600000,2026-05-24 18:00:00,,,,,,,,,,,,,24.69799995422364,45.0,1027.4000244140625,11.970575332641602,0.0,10.002559661865234,329.74365234375,0.0900000035762786,21.89800071716309,0.2070000022649765
1779649200000,2026-05-24 19:00:00,,,,,,,,,,,,,21.79800033569336,62.0,1028.300048828125,14.195361137390137,0.0,7.895416259765625,335.77227783203125,0.0500000044703483,21.19799995422364,0.2070000022649765
1779652800000,2026-05-24 20:00:00,,,,,,,,,,,,,19.69799995422364,72.0,1029.0,14.50861358642578,0.0,6.608721733093262,330.642333984375,0.0199999995529651,20.29800033569336,0.2070000022649765
1779656400000,2026-05-24 21:00:00,,,,,,,,,,,,,18.24799919128418,80.0,1029.9000244140625,14.73930835723877,0.0,5.623379707336426,320.1944885253906,0.0099999997764825,19.44799995422364,0.2070000022649765
1779660000000,2026-05-24 22:00:00,,,,,,,,,,,,,16.99799919128418,88.0,1030.5999755859375,14.99558448791504,0.0,4.104631423950195,285.2551574707031,0.0099999997764825,18.69799995422364,0.2060000002384185
1779663600000,2026-05-24 23:00:00,,,,,,,,,,,,,15.697999954223633,92.0,1030.9000244140625,14.401411056518556,0.0,3.89399528503418,303.6900939941406,0.0,17.947999954223633,0.2060000002384185
1779667200000,2026-05-25 00:00:00,,,,,,,,,,,,,15.447999954223633,81.0,1030.5,12.202404975891112,0.0,3.6712939739227295,281.3099060058594,0.0,17.49799919128418,0.2060000002384185
1779670800000,2026-05-25 01:00:00,,,,,,,,,,,,,14.097999572753906,87.0,1031.0,11.966217041015623,0.0,3.5999999046325684,306.8699645996094,0.0,16.447999954223633,0.2060000002384185
1779674400000,2026-05-25 02:00:00,,,,,,,,,,,,,12.64799976348877,93.0,1031.800048828125,11.545196533203123,0.0,3.054701328277588,315.0000915527344,0.0,15.597999572753906,0.2060000002384185
1779678000000,2026-05-25 03:00:00,,,,,,,,,,,,,11.947999954223633,93.0,1032.199951171875,10.851214408874512,0.0,2.595996856689453,326.3099060058594,0.0,14.79800033569336,0.2060000002384185
1779681600000,2026-05-25 04:00:00,,,,,,,,,,,,,11.79800033569336,91.0,1032.699951171875,10.376153945922852,0.0,1.7999999523162842,323.1300048828125,0.0,14.097999572753906,0.2060000002384185
1779685200000,2026-05-25 05:00:00,,,,,,,,,,,,,13.697999954223633,87.0,1032.699951171875,11.572815895080566,0.0,1.2979984283447266,303.6900939941406,0.0099999997764825,14.097999572753906,0.2060000002384185
1779688800000,2026-05-25 06:00:00,,,,,,,,,,,,,16.49799919128418,72.0,1032.699951171875,11.433032035827637,0.0,3.7064266204833984,299.05450439453125,0.0700000077486038,14.89799976348877,0.2060000002384185
1779692400000,2026-05-25 07:00:00,,,,,,,,,,,,,18.14800071716309,64.0,1032.9000244140625,11.22883415222168,0.0,4.349896430969238,294.4439392089844,0.1599999964237213,15.947999954223633,0.2060000002384185
1779696000000,2026-05-25 08:00:00,,,,,,,,,,,,,19.79800033569336,59.0,1033.0,11.555412292480469,0.0,5.634891033172607,296.5649719238281,0.2399999946355819,16.99799919128418,0.2049999982118606
1779699600000,2026-05-25 09:00:00,,,,,,,,,,,,,21.39800071716309,54.0,1032.800048828125,11.707660675048828,0.0,6.792466163635254,302.0053405761719,0.3000000119209289,18.097999572753903,0.2049999982118606
1779703200000,2026-05-25 10:00:00,,,,,,,,,,,,,22.847999572753903,46.0,1032.300048828125,10.62144947052002,0.0,7.491114139556885,305.2176818847656,0.3500000238418579,19.14800071716309,0.2039999961853027
1779706800000,2026-05-25 11:00:00,,,,,,,,,,,,,24.097999572753903,39.0,1031.800048828125,9.281246185302734,0.0,7.704335689544678,307.4054260253906,0.3700000345706939,20.14800071716309,0.2029999941587448
1779710400000,2026-05-25 12:00:00,,,,,,,,,,,,,25.097999572753903,34.0,1031.5,8.136094093322754,0.0,7.9281768798828125,309.4724426269531,0.3700000345706939,21.04800033569336,0.202000007033348
1779714000000,2026-05-25 13:00:00,,,,,,,,,,,,,25.69799995422364,35.0,1031.199951171875,9.091970443725586,0.0,7.65370512008667,311.1858215332031,0.3400000035762787,21.74799919128418,0.202000007033348
1779717600000,2026-05-25 14:00:00,,,,,,,,,,,,,26.19799995422364,38.0,1030.5999755859375,10.762721061706545,0.0,6.915374279022217,321.3401794433594,0.3100000023841858,22.29800033569336,0.2010000050067901
1779721200000,2026-05-25 15:00:00,,,,,,,,,,,,,26.14800071716309,36.0,1030.0,9.908120155334473,0.0,6.439876079559326,333.4350280761719,0.270000010728836,22.597999572753903,0.2000000029802322
1779724800000,2026-05-25 16:00:00,,,,,,,,,,,,,25.74799919128418,39.0,1029.5,10.752784729003906,0.0,6.297428131103516,329.03631591796875,0.2199999988079071,22.54800033569336,0.2000000029802322
1779728400000,2026-05-25 17:00:00,,,,,,,,,,,,,25.04800033569336,41.0,1029.5,10.87913703918457,0.0,6.915374279022217,321.3401794433594,0.1500000059604644,22.19799995422364,0.1990000009536743
1779732000000,2026-05-25 18:00:00,,,,,,,,,,,,,23.54800033569336,47.0,1029.699951171875,11.583565711975098,0.0,5.351784706115723,312.27362060546875,0.0700000077486038,21.597999572753903,0.1990000009536743
1779735600000,2026-05-25 19:00:00,,,,,,,,,,,,,19.64800071716309,60.0,1030.199951171875,11.668970108032228,0.0,4.693825721740723,327.5288391113281,0.0299999993294477,20.54800033569336,0.1990000009536743
1779739200000,2026-05-25 20:00:00,,,,,,,,,,,,,17.398000717163086,69.0,1030.4000244140625,11.652058601379396,0.0,2.741678237915039,336.8013916015625,0.0099999997764825,19.19799995422364,0.1979999989271164
1779740431348,2026-05-25 20:20:31,,,,,,,,,,100.0,-113.0,-21.0,,,,,,,,,,
1779742800000,2026-05-25 21:00:00,,,,,,,,,,,,,16.398000717163086,71.0,1030.5999755859375,11.125799179077148,0.0,0.3599999845027923,360.0,0.0,17.898000717163086,0.1979999989271164
1779746400000,2026-05-25 22:00:00,,,,,,,,,,,,,15.097999572753906,76.0,1030.5999755859375,10.898324012756348,0.0,1.527350664138794,135.00010681152344,0.0,16.847999572753906,0.1979999989271164
1779750000000,2026-05-25 23:00:00,,,,,,,,,,,,,13.597999572753906,83.0,1030.4000244140625,10.76467990875244,0.0,1.2979984283447266,123.69009399414062,0.0,15.89799976348877,0.1979999989271164
1779753600000,2026-05-26 00:00:00,,,,,,,,,,,,,13.04800033569336,94.0,1030.5999755859375,12.104187965393066,0.0,1.527350664138794,135.00010681152344,0.0,15.248000144958496,0.2000000029802322
1779757200000,2026-05-26 01:00:00,,,,,,,,,,,,,12.197999954223633,95.0,1030.699951171875,11.420289039611816,0.0,1.7999999523162842,126.86998748779295,0.0,14.54800033569336,0.2000000029802322
1779760800000,2026-05-26 02:00:00,,,,,,,,,,,,,11.597999572753906,97.0,1030.5,11.137773513793944,0.0,2.1600000858306885,90.0,0.0,13.947999954223633,0.2000000029802322
1779764400000,2026-05-26 03:00:00,,,,,,,,,,,,,10.947999954223633,100.0,1030.300048828125,10.947999000549316,0.0,1.8356469869613647,101.30989837646484,0.0,13.447999954223633,0.2000000029802322
1779768000000,2026-05-26 04:00:00,,,,,,,,,,,,,11.097999572753906,100.0,1030.4000244140625,11.097999572753906,0.0,1.938659191131592,111.80147552490234,0.0,13.04800033569336,0.2000000029802322
1779769227350,2026-05-26 04:20:27,,,,17.2,15.94,15.26,,,,100.0,-113.0,-15.5,,,,,,,,,,
1779771600000,2026-05-26 05:00:00,,,,,,,,,,,,,12.947999954223633,99.0,1030.800048828125,12.794343948364258,0.0,0.7199999690055847,90.0,0.0099999997764825,13.248000144958496,0.2000000029802322
1779775200000,2026-05-26 06:00:00,,,,,,,,,,,,,16.697999954223633,83.0,1030.699951171875,13.796204566955566,0.0,1.527350664138794,224.99989318847656,0.0599999986588954,13.998000144958496,0.2000000029802322
1779778800000,2026-05-26 07:00:00,,,,,,,,,,,,,20.24799919128418,69.0,1030.0999755859375,14.37702751159668,0.0,3.2599384784698486,276.340087890625,0.1500000059604644,15.14799976348877,0.2000000029802322
1779782400000,2026-05-26 08:00:00,,,,,,,,,,,,,22.54800033569336,57.0,1029.5,13.603422164916992,0.0,7.729526996612549,297.7584228515625,0.2599999904632568,16.49799919128418,0.2000000029802322
1779786000000,2026-05-26 09:00:00,,,,,,,,,,,,,24.24799919128418,52.0,1029.5,13.769185066223145,0.0,8.21715259552002,298.8106994628906,0.3600000143051147,17.79800033569336,0.1990000009536743
1779789600000,2026-05-26 10:00:00,,,,,,,,,,,,,25.69799995422364,48.0,1029.0999755859375,13.86818504333496,0.0,8.049844741821289,296.5649719238281,0.3799999952316284,19.04800033569336,0.1979999989271164
1779793200000,2026-05-26 11:00:00,,,,,,,,,,,,,26.94799995422364,42.0,1028.5999755859375,12.951087951660156,0.0,8.08999252319336,290.8545227050781,0.3900000154972076,20.24799919128418,0.1969999969005584
1779796800000,2026-05-26 12:00:00,,,,,,,,,,,,,27.94799995422364,37.0,1027.4000244140625,11.911924362182615,0.0,8.08999252319336,290.8545227050781,0.3799999952316284,21.347999572753903,0.1959999948740005
1779798029142,2026-05-26 12:20:29,32.83,26.58,22.37,,,,319.19,298.11,276.21,100.0,-113.0,-16.5,,,,,,,,,,
1779800400000,2026-05-26 13:00:00,,,,,,,,,,,,,28.69799995422364,35.0,1026.5999755859375,11.73084831237793,0.0,8.699792861938477,294.4439392089844,0.3700000345706939,22.19799995422364,0.1959999948740005
1779804000000,2026-05-26 14:00:00,,,,,,,,,,,,,29.14800071716309,33.0,1025.699951171875,11.235125541687012,0.0,8.37338638305664,295.4633178710937,0.3300000131130218,22.89800071716309,0.1949999928474426
1779807600000,2026-05-26 15:00:00,,,,,,,,,,,,,29.14800071716309,32.0,1025.0999755859375,10.771506309509276,0.0,8.699792861938477,294.4439392089844,0.3000000119209289,23.347999572753903,0.1940000057220459
1779811200000,2026-05-26 16:00:00,,,,,,,,,,,,,28.69799995422364,35.0,1024.5999755859375,11.73084831237793,0.0,9.021574020385742,298.6103515625,0.2399999946355819,23.44799995422364,0.1930000036954879
1779812418194,2026-05-26 16:20:18,,,,17.2,16.46,15.29,,,,100.0,-121.0,-12.2,,,,,,,,,,
1779812424725,2026-05-26 16:20:24,33.1,26.5,22.27,,,,319.43,298.03,276.13,100.0,-121.0,-13.5,,,,,,,,,,
1779814800000,2026-05-26 17:00:00,,,,,,,,,,,,,27.847999572753903,37.0,1024.0,11.823405265808104,0.0,7.903619289398193,300.0684814453125,0.1599999964237213,23.347999572753903,0.1930000036954879
1779818400000,2026-05-26 18:00:00,,,,,,,,,,,,,25.49799919128418,45.0,1023.7000122070312,12.696223258972168,0.0,4.6102495193481445,308.6598205566406,0.0799999982118606,22.89800071716309,0.1930000036954879
1779822000000,2026-05-26 19:00:00,,,,,,,,,,,,,21.39800071716309,63.0,1023.7000122070312,14.064653396606444,0.0,3.219938039779663,333.4350280761719,0.0199999995529651,21.89800071716309,0.1930000036954879
1779825600000,2026-05-26 20:00:00,,,,,,,,,,,,,19.99799919128418,64.0,1023.5999755859376,12.981782913208008,0.0,1.0182337760925293,44.99989700317383,0.0,20.49799919128418,0.19200000166893
1779829200000,2026-05-26 21:00:00,,,,,,,,,,,,,17.597999572753906,74.0,1023.5,12.908763885498049,0.0,2.27683973312378,108.43504333496094,0.0,19.14800071716309,0.19200000166893
1779832800000,2026-05-26 22:00:00,,,,,,,,,,,,,15.39799976348877,86.0,1023.2999877929688,13.06755256652832,0.0,2.968636035919189,104.03627014160156,0.0,17.99799919128418,0.19200000166893
1779836400000,2026-05-26 23:00:00,,,,,,,,,,,,,14.04800033569336,89.0,1022.9000244140624,12.262412071228027,0.0,2.545584201812744,98.13002014160156,0.0,16.947999954223633,0.19200000166893
1779840000000,2026-05-27 00:00:00,,,,,,,,,,,,,12.248000144958496,98.0,1022.0,11.940998077392578,0.0,3.075841426849365,110.5561294555664,0.0,16.197999954223633,0.1930000036954879
1779843600000,2026-05-27 01:00:00,,,,,,,,,,,,,11.748000144958496,95.0,1021.5999755859376,10.973023414611816,0.0,3.3190360069274902,102.52880096435548,0.0,15.447999954223633,0.1930000036954879
1779847200000,2026-05-27 02:00:00,,,,,,,,,,,,,10.54800033569336,97.0,1021.7000122070312,10.091558456420898,0.0,3.054701328277588,135.00010681152344,0.0,14.748000144958496,0.1930000036954879
1779850800000,2026-05-27 03:00:00,,,,,,,,,,,,,10.04800033569336,98.0,1021.7999877929688,9.74626350402832,0.0,1.938659191131592,111.80147552490234,0.0,14.097999572753906,0.1930000036954879
1779854400000,2026-05-27 04:00:00,,,,,,,,,,,,,11.097999572753906,97.0,1021.9000244140624,10.63957691192627,0.0,3.3190360069274902,220.6012115478516,0.0,13.54800033569336,0.1930000036954879
1779858000000,2026-05-27 05:00:00,,,,,,,,,,,,,14.597999572753906,88.0,1022.0999755859376,12.632235527038574,0.0,0.5091168880462646,224.99989318847656,0.0099999997764825,13.748000144958496,0.1930000036954879
1779861600000,2026-05-27 06:00:00,,,,,,,,,,,,,19.347999572753903,74.0,1022.0999755859376,14.59615707397461,0.0,7.289443969726562,290.2249450683594,0.0799999982118606,14.697999954223633,0.1930000036954879
1779865200000,2026-05-27 07:00:00,,,,,,,,,,,,,20.74799919128418,69.0,1022.0,14.854957580566406,0.0,11.983187675476074,302.7351989746094,0.1700000017881393,15.89799976348877,0.1930000036954879
1779868800000,2026-05-27 08:00:00,,,,,,,,,,,,,21.54800033569336,64.0,1022.0999755859376,14.449970245361328,0.0,14.264361381530762,312.95458984375,0.2300000041723251,16.947999954223633,0.19200000166893
1779872400000,2026-05-27 09:00:00,,,,,,,,,,,,,22.097999572753903,57.0,1022.4000244140624,13.183195114135742,0.0,14.773163795471191,313.02508544921875,0.2800000309944153,17.898000717163086,0.19200000166893
1779876000000,2026-05-27 10:00:00,,,,,,,,,,,,,22.99799919128418,48.0,1022.5999755859376,11.399568557739258,0.0,15.546833038330078,312.1843566894531,0.3199999928474426,18.79800033569336,0.1909999996423721
1779879600000,2026-05-27 11:00:00,,,,,,,,,,,,,23.597999572753903,44.0,1022.5,10.634427070617676,0.0,16.70415496826172,307.116943359375,0.3199999928474426,19.597999572753903,0.1899999976158142
1779883200000,2026-05-27 12:00:00,,,,,,,,,,,,,24.24799919128418,34.0,1022.0999755859376,7.390082359313965,0.0,17.713315963745117,307.56866455078125,0.3300000131130218,20.29800033569336,0.1899999976158142
1779886800000,2026-05-27 13:00:00,,,,,,,,,,,,,24.19799995422364,30.0,1021.7999877929688,5.527642250061035,0.0,17.61058807373047,310.85528564453125,0.3199999928474426,20.847999572753903,0.1889999955892563
1779890400000,2026-05-27 14:00:00,,,,,,,,,,,,,24.19799995422364,23.0,1021.5,1.753363847732544,0.0,16.80085563659668,315.0000915527344,0.3000000119209289,21.19799995422364,0.1879999935626983
1779894000000,2026-05-27 15:00:00,,,,,,,,,,,,,23.54800033569336,21.0,1021.5,-0.0525634624063968,0.0,17.61058807373047,319.14471435546875,0.2800000309944153,21.29800033569336,0.1879999935626983
1779897600000,2026-05-27 16:00:00,,,,,,,,,,,,,22.79800033569336,27.0,1021.4000244140624,2.820159673690796,0.0,16.923830032348633,308.0888366699219,0.2300000041723251,21.19799995422364,0.1870000064373016
1779898804308,2026-05-27 16:20:04,32.8,26.42,22.1,,,,319.16,297.94,275.99,100.0,-113.0,-14.8,,,,,,,,,,
1779901200000,2026-05-27 17:00:00,,,,,,,,,,,,,21.99799919128418,29.0,1021.5,3.142620325088501,0.0,14.00302791595459,313.9584655761719,0.1599999964237213,20.89800071716309,0.1870000064373016
1779904800000,2026-05-27 18:00:00,,,,,,,,,,,,,20.097999572753903,32.0,1022.0,2.884551286697388,0.0,10.739832878112791,346.4295349121094,0.0799999982118606,20.39800071716309,0.1870000064373016
1779908400000,2026-05-27 19:00:00,,,,,,,,,,,,,17.398000717163086,37.0,1022.5,2.552040338516236,0.0,8.404284477233887,350.1342468261719,0.0500000044703483,19.54800033569336,0.1870000064373016
1779912000000,2026-05-27 20:00:00,,,,,,,,,,,,,16.04800033569336,40.0,1022.9000244140624,2.443102598190308,0.0,7.559999465942383,360.0,0.0299999993294477,18.54800033569336,0.1860000044107437
1779913203218,2026-05-27 20:20:03,32.86,26.42,22.06,,,,319.22,297.94,275.96,100.0,-121.0,-14.2,,,,,,,,,,
1779915600000,2026-05-27 21:00:00,,,,,,,,,,,,,14.04800033569336,48.0,1023.2999877929688,3.200918197631836,0.0,4.349896430969238,335.5560607910156,0.0199999995529651,17.597999572753906,0.1860000044107437
1779919200000,2026-05-27 22:00:00,,,,,,,,,,,,,11.197999954223633,63.0,1024.0,4.412212371826172,0.0,4.198285102844238,300.96368408203125,0.0099999997764825,16.398000717163086,0.1860000044107437
1779922800000,2026-05-27 23:00:00,,,,,,,,,,,,,9.79800033569336,69.0,1024.5,4.379027366638184,0.0,3.096837043762207,305.5377502441406,0.0,15.197999954223633,0.1860000044107437
1779926400000,2026-05-28 00:00:00,,,,,,,,,,,,,8.847999572753906,79.0,1023.5999755859376,5.404261112213135,0.0,2.811689853668213,309.8055114746094,0.0,14.097999572753906,0.1850000023841858
1779930000000,2026-05-28 01:00:00,,,,,,,,,,,,,7.598000049591064,84.0,1024.0,5.066900253295898,0.0,1.7999999523162842,323.1300048828125,0.0,12.998000144958496,0.1850000023841858
1779933600000,2026-05-28 02:00:00,,,,,,,,,,,,,7.3979997634887695,80.0,1024.0,4.172859191894531,0.0,2.620839357376098,344.0545349121094,0.0,11.998000144958496,0.1850000023841858
1779937200000,2026-05-28 03:00:00,,,,,,,,,,,,,7.697999954223633,82.0,1024.4000244140625,4.8188066482543945,0.0,1.938659191131592,338.1985168457031,0.0,11.347999572753906,0.1850000023841858
1779940800000,2026-05-28 04:00:00,,,,,,,,,,,,,7.8979997634887695,83.0,1024.800048828125,5.188476085662842,0.0,0.3599999845027923,270.0,0.0,10.847999572753906,0.1850000023841858
1779944400000,2026-05-28 05:00:00,,,,,,,,,,,,,10.097999572753906,81.0,1025.300048828125,6.984555244445801,0.0,0.5091168880462646,315.0000915527344,0.0099999997764825,11.097999572753906,0.1850000023841858
1779948000000,2026-05-28 06:00:00,,,,,,,,,,,,,13.197999954223633,64.0,1025.199951171875,6.535264015197754,0.0,5.351784706115723,289.6539001464844,0.0799999982118606,12.097999572753906,0.1850000023841858
1779951600000,2026-05-28 07:00:00,,,,,,,,,,,,,14.998000144958496,55.0,1025.0999755859375,6.0282979011535645,0.0,7.903619289398193,300.0684814453125,0.1599999964237213,13.248000144958496,0.1850000023841858
1779955200000,2026-05-28 08:00:00,,,,,,,,,,,,,16.597999572753906,47.0,1024.9000244140625,5.235968112945557,0.0,8.707237243652344,299.7447814941406,0.25,14.447999954223633,0.1840000003576278
1779958800000,2026-05-28 09:00:00,,,,,,,,,,,,,17.847999572753906,45.0,1025.0,5.748785495758057,0.0,10.315114974975586,299.24871826171875,0.3100000023841858,15.597999572753906,0.1840000003576278
1779962400000,2026-05-28 10:00:00,,,,,,,,,,,,,18.89800071716309,44.0,1025.199951171875,6.376684188842773,0.0,12.074766159057615,296.5649719238281,0.3300000131130218,16.648000717163086,0.1829999983310699
1779966000000,2026-05-28 11:00:00,,,,,,,,,,,,,19.69799995422364,43.0,1024.9000244140625,6.766560077667236,0.0,12.24529266357422,294.3045349121094,0.3199999928474426,17.597999572753906,0.181999996304512
1779969600000,2026-05-28 12:00:00,,,,,,,,,,,,,20.347999572753903,44.0,1024.199951171875,7.691019535064697,0.0,13.5706148147583,291.8014831542969,0.3000000119209289,18.347999572753903,0.181999996304512
1779973200000,2026-05-28 13:00:00,,,,,,,,,,,,,20.847999572753903,42.0,1024.0,7.460743427276611,0.0,13.5706148147583,291.8014831542969,0.2800000309944153,18.89800071716309,0.1809999942779541
1779976800000,2026-05-28 14:00:00,,,,,,,,,,,,,21.29800033569336,39.0,1023.7000122070312,6.781785488128662,0.0,12.783802032470703,302.347412109375,0.2599999904632568,19.29800033569336,0.1809999942779541
1779980400000,2026-05-28 15:00:00,,,,,,,,,,,,,21.14800071716309,41.0,1023.5999755859376,7.377792358398437,0.0,10.685391426086426,302.6192321777344,0.2300000041723251,19.54800033569336,0.1800000071525573
1779984000000,2026-05-28 16:00:00,,,,,,,,,,,,,20.94799995422364,38.0,1023.2000122070312,6.092205047607422,0.0,9.79305934906006,306.0274658203125,0.2000000178813934,19.49799919128418,0.1800000071525573
1779985179011,2026-05-28 16:19:39,,,,17.2,16.52,16.0,,,,100.0,-121.0,-13.8,,,,,,,,,,
1779987600000,2026-05-28 17:00:00,,,,,,,,,,,,,20.14800071716309,31.0,1023.2999877929688,2.480630159378052,0.0,9.178235054016112,334.4400634765625,0.1599999964237213,19.24799919128418,0.1790000051259994
1779991200000,2026-05-28 18:00:00,,,,,,,,,,,,,18.597999572753903,44.0,1023.4000244140624,6.104662895202637,0.0,5.399999618530273,323.1300354003906,0.0799999982118606,18.69799995422364,0.1790000051259994
1779994800000,2026-05-28 19:00:00,,,,,,,,,,,,,14.847999572753906,64.0,1024.0,8.100309371948242,0.0,4.33497428894043,355.2364501953125,0.0299999993294477,17.697999954223633,0.1790000051259994
1779998400000,2026-05-28 20:00:00,,,,,,,,,,,,,12.04800033569336,69.0,1024.4000244140625,6.533202648162842,0.0,3.3190360069274902,12.52879810333252,0.0099999997764825,16.29800033569336,0.1790000051259994
1780002000000,2026-05-28 21:00:00,,,,,,,,,,,,,11.248000144958496,66.0,1025.0,5.126618385314941,0.0,1.2979984283447266,33.69010162353516,0.0,14.89799976348877,0.1790000051259994
1780005600000,2026-05-28 22:00:00,,,,,,,,,,,,,10.498000144958496,69.0,1025.5,5.0493035316467285,0.0,1.4843180179595947,75.96372985839844,0.0,13.64799976348877,0.1790000051259994
1780009200000,2026-05-28 23:00:00,,,,,,,,,,,,,9.197999954223633,78.0,1025.800048828125,5.560817718505859,0.0,1.8356469869613647,101.30989837646484,0.0,12.54800033569336,0.1790000051259994
1780012800000,2026-05-29 00:00:00,,,,,,,,,,,,,8.248000144958496,84.0,1025.199951171875,5.703821182250977,0.0,2.5199999809265137,90.0,0.0,12.39799976348877,0.1790000051259994
1780016400000,2026-05-29 01:00:00,,,,,,,,,,,,,7.598000049591064,87.0,1025.5,5.572206020355225,0.0,2.4149534702301025,116.5649871826172,0.0,11.498000144958496,0.1790000051259994
1780020000000,2026-05-29 02:00:00,,,,,,,,,,,,,7.248000144958496,86.0,1025.699951171875,5.061598777770996,0.0,2.189794540405273,99.46224975585938,0.0,10.748000144958496,0.1790000051259994
1780023600000,2026-05-29 03:00:00,,,,,,,,,,,,,6.1479997634887695,90.0,1025.800048828125,4.630000591278076,0.0,2.620839357376098,105.94546508789062,0.0,10.04800033569336,0.1790000051259994
1780027200000,2026-05-29 04:00:00,,,,,,,,,,,,,6.547999858856201,90.0,1026.0999755859375,5.025138378143311,0.0,2.099142551422119,120.96369171142578,0.0,9.498000144958496,0.1790000051259994
1780030800000,2026-05-29 05:00:00,,,,,,,,,,,,,9.14799976348877,83.0,1026.199951171875,6.411562442779541,0.0,2.1600000858306885,90.0,0.0099999997764825,9.79800033569336,0.1790000051259994
1780034400000,2026-05-29 06:00:00,,,,,,,,,,,,,12.197999954223633,71.0,1026.199951171875,7.093437194824219,0.0,1.2979984283447266,146.30990600585938,0.0599999986588954,10.89799976348877,0.1790000051259994
1780038000000,2026-05-29 07:00:00,,,,,,,,,,,,,15.748000144958496,58.0,1025.9000244140625,7.502854824066162,0.0,0.8049845099449158,243.4350128173828,0.1299999952316284,12.29800033569336,0.1790000051259994
1780041600000,2026-05-29 08:00:00,,,,,,,,,,,,,18.79800033569336,47.0,1025.4000244140625,7.246888160705566,0.0,2.741678237915039,293.1986083984375,0.2300000041723251,13.847999572753906,0.1780000030994415
1780045200000,2026-05-29 09:00:00,,,,,,,,,,,,,20.54800033569336,36.0,1025.300048828125,4.957210063934326,0.0,5.600285530090332,315.0000915527344,0.3199999928474426,15.498000144958496,0.1780000030994415
1780048800000,2026-05-29 10:00:00,,,,,,,,,,,,,21.79800033569336,34.0,1025.0999755859375,5.23814058303833,0.0,6.6380720138549805,319.3987731933594,0.3500000238418579,16.947999954223633,0.1770000010728836
1780052400000,2026-05-29 11:00:00,,,,,,,,,,,,,23.04800033569336,35.0,1024.5999755859375,6.757932186126709,0.0,6.618518829345703,315.0000915527344,0.3500000238418579,18.24799919128418,0.1759999990463256
1780056000000,2026-05-29 12:00:00,,,,,,,,,,,,,24.097999572753903,29.0,1024.0,4.953431606292725,0.0,7.421589851379394,309.0938415527344,0.3400000035762787,19.39800071716309,0.1759999990463256
1780059600000,2026-05-29 13:00:00,,,,,,,,,,,,,24.94799995422364,28.0,1023.2999877929688,5.180033206939697,0.0,8.43506908416748,309.8055114746094,0.3199999928474426,20.29800033569336,0.1749999970197677
1780063200000,2026-05-29 14:00:00,,,,,,,,,,,,,25.347999572753903,23.0,1022.7000122070312,2.717956066131592,0.0,9.585739135742188,304.28692626953125,0.3000000119209289,20.94799995422364,0.1739999949932098
1780066800000,2026-05-29 15:00:00,,,,,,,,,,,,,25.29800033569336,24.0,1022.2999877929688,3.277372598648072,0.0,8.714676856994629,308.2901916503906,0.270000010728836,21.24799919128418,0.1739999949932098
1780070400000,2026-05-29 16:00:00,,,,,,,,,,,,,24.847999572753903,22.0,1022.0,1.6756213903427124,0.0,8.396570205688477,300.96368408203125,0.2300000041723251,21.24799919128418,0.1729999929666519
1780071560526,2026-05-29 16:19:20,,,,16.9,16.0,16.0,,,,100.0,-113.0,-12.5,,,,,,,,,,
1780074000000,2026-05-29 17:00:00,,,,,,,,,,,,,24.04800033569336,29.0,1021.7000122070312,4.910343170166016,0.0,6.193674087524414,305.5377502441406,0.1599999964237213,20.94799995422364,0.1729999929666519
1780077600000,2026-05-29 18:00:00,,,,,,,,,,,,,22.29800033569336,32.0,1021.7000122070312,4.805086612701416,0.0,6.109402656555176,315.0000915527344,0.0799999982118606,20.347999572753903,0.1729999929666519
1780081200000,2026-05-29 19:00:00,,,,,,,,,,,,,18.24799919128418,59.0,1021.5,10.100831031799316,0.0,2.968636035919189,14.036274909973145,0.0299999993294477,19.24799919128418,0.1729999929666519
1780084800000,2026-05-29 20:00:00,,,,,,,,,,,,,17.148000717163086,59.0,1021.0999755859376,9.068228721618652,0.0,0.8049845099449158,26.564985275268555,0.0,17.74799919128418,0.1720000058412552
1780088400000,2026-05-29 21:00:00,,,,,,,,,,,,,14.498000144958496,72.0,1021.4000244140624,9.51004409790039,0.0,1.4843180179595947,104.03627014160156,0.0,16.347999572753906,0.1720000058412552
1780092000000,2026-05-29 22:00:00,,,,,,,,,,,,,13.947999954223633,72.0,1021.4000244140624,8.981119155883789,0.0,3.239999771118164,90.0,0.0,15.347999572753906,0.1720000058412552
1780095600000,2026-05-29 23:00:00,,,,,,,,,,,,,13.197999954223633,76.0,1021.2999877929688,9.059423446655272,0.0,2.741678237915039,113.19862365722656,0.0,14.697999954223633,0.1720000058412552
1780099200000,2026-05-30 00:00:00,,,,,,,,,,,,,15.64799976348877,66.0,1020.7999877929688,9.31558322906494,0.0,2.968636035919189,284.0362548828125,0.0099999997764825,15.04800033569336,0.1710000038146972
1780102800000,2026-05-30 01:00:00,,,,,,,,,,,,,15.54800033569336,70.0,1020.0999755859376,10.097573280334473,0.0,4.0249223709106445,349.6952209472656,0.0,14.748000144958496,0.1710000038146972
1780106400000,2026-05-30 02:00:00,,,,,,,,,,,,,16.04800033569336,82.0,1019.7000122070312,12.975028038024902,0.1000000014901161,3.096837043762207,324.4622497558594,0.0,14.748000144958496,0.1710000038146972
1780110000000,2026-05-30 03:00:00,,,,,,,,,,,,,16.148000717163086,83.0,1019.0,13.258415222167969,0.0,1.4843180179595947,14.036274909973145,0.0,14.64799976348877,0.1710000038146972
1780113600000,2026-05-30 04:00:00,,,,,,,,,,,,,16.29800033569336,82.0,1018.7000122070312,13.219130516052246,0.0,2.4149534702301025,296.5649719238281,0.0,14.447999954223633,0.1710000038146972
1780117200000,2026-05-30 05:00:00,,,,,,,,,,,,,17.54800033569336,83.0,1018.7999877929688,14.627290725708008,0.0,3.617955207824707,275.71051025390625,0.0099999997764825,14.748000144958496,0.1710000038146972
1780120800000,2026-05-30 06:00:00,,,,,,,,,,,,,18.847999572753903,74.0,1018.9000244140624,14.11408519744873,0.0,6.989935874938965,304.5085754394531,0.0799999982118606,15.597999572753906,0.1710000038146972
1780124400000,2026-05-30 07:00:00,,,,,,,,,,,,,19.64800071716309,71.0,1018.5999755859376,14.244256973266602,0.0,13.84947681427002,297.8971862792969,0.1500000059604644,16.447999954223633,0.1710000038146972
1780128000000,2026-05-30 08:00:00,,,,,,,,,,,,,19.097999572753903,76.0,1018.4000244140624,14.768253326416016,0.0,15.038350105285645,312.0890808105469,0.1099999994039535,16.898000717163086,0.1710000038146972
1780131600000,2026-05-30 09:00:00,,,,,,,,,,,,,20.79800033569336,66.0,1018.5999755859376,14.214149475097656,0.0,16.119800567626953,293.70263671875,0.1099999994039535,17.197999954223633,0.1710000038146972
1780135200000,2026-05-30 10:00:00,,,,,,,,,,,,,22.94799995422364,50.0,1018.2999877929688,11.972068786621094,0.0,19.242326736450195,287.4180603027344,0.2900000214576721,18.24799919128418,0.1700000017881393
1780138800000,2026-05-30 11:00:00,,,,,,,,,,,,,23.74799919128418,45.0,1018.0,11.108603477478027,0.0,20.45674514770508,298.36895751953125,0.3400000035762787,19.347999572753903,0.1700000017881393
1780142400000,2026-05-30 12:00:00,,,,,,,,,,,,,23.74799919128418,43.0,1017.5999755859376,10.424928665161133,0.0,25.006397247314453,300.25634765625,0.3100000023841858,20.14800071716309,0.1689999997615814
1780146000000,2026-05-30 13:00:00,,,,,,,,,,,,,23.94799995422364,42.0,1017.2000122070312,10.25252628326416,0.0,21.068458557128903,303.1470031738281,0.270000010728836,20.64800071716309,0.1679999977350235
1780149600000,2026-05-30 14:00:00,,,,,,,,,,,,,23.89800071716309,40.0,1017.0,9.47913646697998,0.0,19.87839126586914,305.4171142578125,0.2399999946355819,20.94799995422364,0.1679999977350235
1780153200000,2026-05-30 15:00:00,,,,,,,,,,,,,24.14800071716309,39.0,1016.7000122070312,9.325858116149902,0.0,17.0762996673584,325.3047790527344,0.2100000232458114,21.04800033569336,0.1679999977350235
1780156800000,2026-05-30 16:00:00,,,,,,,,,,,,,23.597999572753903,39.0,1016.7000122070312,8.835127830505371,0.0,14.51206398010254,313.9949951171875,0.1899999976158142,21.04800033569336,0.1669999957084655
1780160400000,2026-05-30 17:00:00,,,,,,,,,,,,,22.597999572753903,43.0,1016.4000244140624,9.386696815490724,0.0,12.475960731506348,313.8309326171875,0.1400000154972076,20.74799919128418,0.1669999957084655
1780164000000,2026-05-30 18:00:00,,,,,,,,,,,,,21.64800071716309,46.0,1016.2000122070312,9.52904987335205,0.0,10.182336807250977,315.0000915527344,0.0799999982118606,20.29800033569336,0.1669999957084655
1780165220736,2026-05-30 18:20:20,,,,,,,,,,100.0,-121.0,-15.0,,,,,,,,,,
1780165237854,2026-05-30 18:20:37,,,,17.64,16.96,15.94,,,,100.0,-112.0,-11.5,,,,,,,,,,
1780165246920,2026-05-30 18:20:46,32.01,25.81,21.27,,,,318.44,297.29,275.33,100.0,-112.0,-10.8,,,,,,,,,,
1780167600000,2026-05-30 19:00:00,,,,,,,,,,,,,18.49799919128418,60.0,1016.0999755859376,10.58762264251709,0.0,4.680000305175781,337.3800964355469,0.0299999993294477,19.54800033569336,0.1669999957084655
1780171200000,2026-05-30 20:00:00,,,,,,,,,,,,,15.847999572753906,73.0,1016.2999877929688,11.015789985656738,0.0,3.415259599685669,341.56494140625,0.0099999997764825,18.29800033569336,0.1669999957084655
1780174800000,2026-05-30 21:00:00,,,,,,,,,,,,,14.54800033569336,77.0,1016.7000122070312,10.562171936035156,0.0,2.595996856689453,326.3099060058594,0.0,17.04800033569336,0.1669999957084655
1780178400000,2026-05-30 22:00:00,,,,,,,,,,,,,14.097999572753906,78.0,1016.5999755859376,10.31919002532959,0.0,2.9024126529693604,352.87506103515625,0.0,15.89799976348877,0.1669999957084655
1780179620403,2026-05-30 22:20:20,,,,17.88,17.11,15.94,,,,100.0,-121.0,-19.5,,,,,,,,,,
1780179629290,2026-05-30 22:20:29,32.07,25.89,21.27,,,,318.5,297.38,275.33,100.0,-121.0,-19.2,,,,,,,,,,
1780182000000,2026-05-30 23:00:00,,,,,,,,,,,,,13.39799976348877,81.0,1016.2999877929688,10.203362464904783,0.0,0.5091168880462646,44.99989700317383,0.0,14.947999954223633,0.1669999957084655
1780185600000,2026-05-31 00:00:00,,,,,,,,,,,,,14.347999572753906,85.0,1016.5999755859376,11.858837127685549,0.0,2.189794540405273,350.5377502441406,0.0,15.39799976348877,0.1650000065565109
1780189200000,2026-05-31 01:00:00,,,,,,,,,,,,,13.847999572753906,86.0,1016.0,11.545299530029297,0.0,1.6099690198898315,63.43501281738281,0.0,14.597999572753906,0.1650000065565109
1780192800000,2026-05-31 02:00:00,,,,,,,,,,,,,13.097999572753906,90.0,1015.7999877929688,11.494417190551758,0.0,2.1600000858306885,90.0,0.0,14.04800033569336,0.1650000065565109
1780194017356,2026-05-31 02:20:17,,,,17.85,16.7,15.8,,,,100.0,-120.0,-16.5,,,,,,,,,,
1780194026234,2026-05-31 02:20:26,32.01,25.92,21.27,,,,318.44,297.41,275.33,100.0,-120.0,-16.8,,,,,,,,,,
1780196400000,2026-05-31 03:00:00,,,,,,,,,,,,,12.54800033569336,93.0,1015.5999755859376,11.446059226989746,0.0,1.938659191131592,68.19853210449219,0.0,13.597999572753906,0.1650000065565109
1780200000000,2026-05-31 04:00:00,,,,,,,,,,,,,12.597999572753906,93.0,1015.5999755859376,11.495627403259276,0.0,2.9024126529693604,97.12492370605467,0.0,13.248000144958496,0.1650000065565109
1780203600000,2026-05-31 05:00:00,,,,,,,,,,,,,14.447999954223633,89.0,1015.5,12.656867027282717,0.0,1.4399999380111694,90.0,0.0099999997764825,13.748000144958496,0.1650000065565109
1780207200000,2026-05-31 06:00:00,,,,,,,,,,,,,17.04800033569336,76.0,1015.2000122070312,12.785160064697266,0.0,0.7199999690055847,180.0,0.0700000077486038,14.947999954223633,0.1650000065565109
1780208421817,2026-05-31 06:20:21,31.84,25.89,21.31,,,,318.29,297.38,275.36,100.0,-121.0,-14.8,,,,,,,,,,
1780210800000,2026-05-31 07:00:00,,,,,,,,,,,,,19.24799919128418,67.0,1014.7000122070312,12.970203399658203,0.0,1.2979984283447266,303.6900939941406,0.1400000154972076,16.24799919128418,0.1650000065565109
1780214400000,2026-05-31 08:00:00,,,,,,,,,,,,,21.097999572753903,60.0,1013.7999877929688,13.031989097595217,0.0,2.189794540405273,279.4622497558594,0.2100000232458114,17.648000717163086,0.164000004529953
1780218000000,2026-05-31 09:00:00,,,,,,,,,,,,,22.347999572753903,58.0,1013.2999877929688,13.683971405029297,0.0,3.826852560043335,318.81414794921875,0.270000010728836,18.94799995422364,0.164000004529953
1780221600000,2026-05-31 10:00:00,,,,,,,,,,,,,23.097999572753903,53.0,1012.9000244140624,12.998589515686035,0.0,6.915374279022217,308.6598205566406,0.2599999904632568,19.847999572753903,0.163000002503395
1780222811243,2026-05-31 10:20:11,,,,17.28,17.2,16.14,,,,100.0,-113.0,-22.2,,,,,,,,,,
1780222820107,2026-05-31 10:20:20,31.71,25.81,21.27,,,,318.17,297.29,275.33,100.0,-112.0,-13.0,,,,,,,,,,
1780225200000,2026-05-31 11:00:00,,,,,,,,,,,,,24.44799995422364,46.0,1012.5999755859376,12.077282905578612,0.0,10.948972702026367,313.6678466796875,0.2800000309944153,20.597999572753903,0.163000002503395
1780228800000,2026-05-31 12:00:00,,,,,,,,,,,,,24.89800071716309,46.0,1012.0999755859376,12.486592292785645,0.0,13.3637113571167,297.2552490234375,0.25,21.097999572753903,0.1620000004768371
1780232400000,2026-05-31 13:00:00,,,,,,,,,,,,,25.04800033569336,47.0,1011.0,12.9516019821167,0.0,12.594856262207031,300.96368408203125,0.2199999988079071,21.29800033569336,0.1620000004768371
1780236000000,2026-05-31 14:00:00,,,,,,,,,,,,,23.99799919128418,54.0,1010.7999877929688,14.119725227355955,0.0,11.525623321533203,268.2101135253906,0.1899999976158142,21.347999572753903,0.1609999984502792
1780237208123,2026-05-31 14:20:08,,,,17.31,17.14,16.0,,,,100.0,-118.0,-22.2,,,,,,,,,,
1780237217175,2026-05-31 14:20:17,31.64,25.76,21.2,,,,318.11,297.24,275.27,100.0,-118.0,-21.0,,,,,,,,,,
1780239600000,2026-05-31 15:00:00,,,,,,,,,,,,,24.04800033569336,56.0,1010.5,14.728981971740724,0.0,9.885261535644531,259.5085754394531,0.1500000059604644,21.24799919128418,0.1609999984502792
1780243200000,2026-05-31 16:00:00,,,,,,,,,,,,,23.99799919128418,57.0,1010.0,14.957146644592283,0.0,9.107358932495115,288.4350280761719,0.1500000059604644,21.29800033569336,0.1609999984502792
1780246800000,2026-05-31 17:00:00,,,,,,,,,,,,,23.597999572753903,53.0,1009.7999877929688,13.46133041381836,0.0,8.279999732971191,270.0,0.1299999952316284,21.19799995422364,0.1609999984502792
1780250400000,2026-05-31 18:00:00,,,,,,,,,,,,,22.597999572753903,57.0,1009.5,13.650108337402344,0.0,6.287129878997803,283.24053955078125,0.0599999986588954,20.69799995422364,0.1609999984502792
1780251612652,2026-05-31 18:20:12,31.68,25.76,21.17,,,,318.14,297.24,275.25,100.0,-121.0,-14.2,,,,,,,,,,
1780254000000,2026-05-31 19:00:00,,,,,,,,,,,,,20.54800033569336,72.0,1009.7999877929688,15.325318336486816,0.4000000059604645,7.491114139556885,305.2176818847656,0.0399999991059303,19.99799919128418,0.1599999964237213
1780257600000,2026-05-31 20:00:00,,,,,,,,,,,,,18.19799995422364,84.0,1010.0999755859376,15.449454307556152,0.3000000119209289,5.014219284057617,21.03758811950684,0.0299999993294477,19.19799995422364,0.1599999964237213
1780261200000,2026-05-31 21:00:00,,,,,,,,,,,,,17.347999572753906,89.0,1010.0999755859376,15.516435623168944,0.800000011920929,1.938659191131592,21.801475524902344,0.0199999995529651,18.49799919128418,0.1599999964237213
1780264800000,2026-05-31 22:00:00,,,,,,,,,,,,,16.74799919128418,94.0,1010.5,15.776765823364258,1.600000023841858,3.3190360069274902,139.39878845214844,0.0099999997764825,17.99799919128418,0.1609999984502792
1780268400000,2026-05-31 23:00:00,,,,,,,,,,,,,16.49799919128418,95.0,1010.2999877929688,15.693904876708984,0.3000000119209289,1.6099690198898315,116.5649871826172,0.0099999997764825,17.597999572753906,0.1620000004768371
1780272000000,2026-06-01 00:00:00,,,,,,,,,,,,,16.847999572753906,91.0,1012.2000122070312,15.369404792785645,14.5,7.386581897735596,313.02508544921875,0.0299999993294477,17.197999954223633,0.1599999964237213
1780275600000,2026-06-01 01:00:00,,,,,,,,,,,,,16.24799919128418,93.0,1011.9000244140624,15.113991737365724,6.099999904632568,8.78872013092041,304.9920959472656,0.0199999995529651,16.898000717163086,0.1930000036954879
1780279200000,2026-06-01 02:00:00,,,,,,,,,,,,,15.79800033569336,93.0,1012.0999755859376,14.667917251586914,1.399999976158142,7.244860172271728,296.5649719238281,0.0199999995529651,16.648000717163086,0.2380000054836273
1780280407964,2026-06-01 02:20:07,36.15,27.19,22.76,,,,322.2,298.76,276.53,100.0,-112.0,-13.0,,,,,,,,,,
1780282800000,2026-06-01 03:00:00,,,,,,,,,,,,,15.54800033569336,93.0,1012.5,14.420096397399902,0.2000000029802322,8.891343116760254,301.7594299316406,0.0199999995529651,16.398000717163086,0.2569999992847442
1780286400000,2026-06-01 04:00:00,,,,,,,,,,,,,15.498000144958496,90.0,1012.7999877929688,13.864319801330566,0.0,7.1003098487854,300.4654541015625,0.0199999995529651,16.197999954223633,0.2649999856948852
1780290000000,2026-06-01 05:00:00,,,,,,,,,,,,,15.697999954223633,87.0,1013.4000244140624,13.539715766906738,0.0,8.396570205688477,300.96368408203125,0.0399999991059303,16.097999572753906,0.2680000066757202
1780293600000,2026-06-01 06:00:00,,,,,,,,,,,,,16.24799919128418,84.0,1014.0,13.540121078491213,0.0,10.18869972229004,302.0053405761719,0.0900000035762786,16.148000717163086,0.2680000066757202
1780294800500,2026-06-01 06:20:00,34.45,26.91,22.41,,,,320.66,298.47,276.24,100.0,-113.0,-13.0,,,,,,,,,,
1780297200000,2026-06-01 07:00:00,,,,,,,,,,,,,17.447999954223633,81.0,1014.2999877929688,14.15230655670166,0.0,10.23312282562256,309.28936767578125,0.1599999964237213,16.447999954223633,0.2660000026226043
1780300800000,2026-06-01 08:00:00,,,,,,,,,,,,,18.19799995422364,76.0,1014.7000122070312,13.897689819335938,0.0,10.685391426086426,302.6192321777344,0.2399999946355819,16.99799919128418,0.2639999985694885
1780304400000,2026-06-01 09:00:00,,,,,,,,,,,,,19.39800071716309,71.0,1014.9000244140624,14.00443172454834,0.0,10.195056915283203,317.8624572753906,0.3100000023841858,17.597999572753906,0.2619999945163727
1780308000000,2026-06-01 10:00:00,,,,,,,,,,,,,20.64800071716309,62.0,1015.0,13.110302925109863,0.0,10.948972702026367,316.3321533203125,0.3400000035762787,18.347999572753903,0.2590000033378601
1780311600000,2026-06-01 11:00:00,,,,,,,,,,,,,21.39800071716309,58.0,1015.0,12.79488468170166,0.0,12.72792148590088,298.7396850585937,0.3400000035762787,19.097999572753903,0.2569999992847442
1780315200000,2026-06-01 12:00:00,,,,,,,,,,,,,21.847999572753903,49.0,1014.7000122070312,10.656888961791992,0.0,14.489720344543455,296.5649719238281,0.3400000035762787,19.847999572753903,0.2540000081062317
1780318800000,2026-06-01 13:00:00,,,,,,,,,,,,,23.04800033569336,42.0,1014.2999877929688,9.442354202270508,0.0,14.917211532592772,289.7469177246094,0.3199999928474426,20.29800033569336,0.2509999871253967
1780322400000,2026-06-01 14:00:00,,,,,,,,,,,,,23.29800033569336,40.0,1014.0999755859376,8.942139625549316,0.0,11.709688186645508,315.0000915527344,0.2900000214576721,20.74799919128418,0.248999997973442
1780326000000,2026-06-01 15:00:00,,,,,,,,,,,,,23.24799919128418,41.0,1014.0999755859376,9.263797760009766,0.0,13.237037658691406,315.0000915527344,0.2599999904632568,20.99799919128418,0.2460000067949295
1780329600000,2026-06-01 16:00:00,,,,,,,,,,,,,22.847999572753903,40.0,1014.0,8.539302825927734,0.0,12.76858615875244,291.5014953613281,0.2199999988079071,21.04800033569336,0.2440000027418136
1780333200000,2026-06-01 17:00:00,,,,,,,,,,,,,22.74799919128418,40.0,1013.9000244140624,8.449774742126465,0.0,9.0,306.8699645996094,0.1899999976158142,20.74799919128418,0.2419999986886978
1780336800000,2026-06-01 18:00:00,,,,,,,,,,,,,21.54800033569336,46.0,1014.0,9.437994956970217,0.0,6.618518829345703,315.0000915527344,0.1000000089406967,20.29800033569336,0.2399999946355819
1780337984328,2026-06-01 18:19:44,,,,17.79,16.35,15.83,,,,100.0,-112.0,-10.2,,,,,,,,,,
1780337989732,2026-06-01 18:19:49,34.12,26.86,22.06,,,,320.36,298.41,275.96,100.0,-112.0,-11.8,,,,,,,,,,
1780340400000,2026-06-01 19:00:00,,,,,,,,,,,,,18.597999572753903,60.0,1014.2000122070312,10.681663513183594,0.0,3.617955207824707,354.2894897460937,0.0399999991059303,19.347999572753903,0.238999992609024
1780344000000,2026-06-01 20:00:00,,,,,,,,,,,,,16.648000717163086,66.0,1014.2999877929688,10.267135620117188,0.0,2.9024126529693604,352.87506103515625,0.0099999997764825,17.99799919128418,0.2380000054836273
1780347600000,2026-06-01 21:00:00,,,,,,,,,,,,,16.097999572753906,66.0,1014.5999755859376,9.743802070617676,0.0,2.545584201812744,98.13002014160156,0.0,16.847999572753906,0.2370000034570694
1780351200000,2026-06-01 22:00:00,,,,,,,,,,,,,14.697999954223633,74.0,1014.9000244140624,10.111616134643556,0.0,3.5999999046325684,90.0,0.0,15.89799976348877,0.2360000014305114
1780354800000,2026-06-01 23:00:00,,,,,,,,,,,,,14.248000144958496,77.0,1014.7000122070312,10.271377563476562,0.0,1.8356469869613647,78.69010162353516,0.0,15.197999954223633,0.2349999994039535
1780358400000,2026-06-02 00:00:00,,,,,,,,,,,,,13.04800033569336,90.0,1015.0,11.44504165649414,0.0,3.5999999046325684,90.0,0.0,14.447999954223633,0.2479999959468841
1780362000000,2026-06-02 01:00:00,,,,,,,,,,,,,12.498000144958496,91.0,1014.7999877929688,11.068354606628418,0.0,4.735060214996338,98.74607849121094,0.0,13.998000144958496,0.2469999939203262
1780365600000,2026-06-02 02:00:00,,,,,,,,,,,,,12.347999572753906,91.0,1014.7000122070312,10.920028686523438,0.0,3.6712939739227295,101.30989837646484,0.0,13.697999954223633,0.2460000067949295
1780369200000,2026-06-02 03:00:00,,,,,,,,,,,,,11.998000144958496,92.0,1014.2000122070312,10.738140106201172,0.0,3.7585103511810303,106.69932556152344,0.0,13.39799976348877,0.2450000047683715
1780372800000,2026-06-02 04:00:00,,,,,,,,,,,,,12.447999954223633,91.0,1014.0999755859376,11.018912315368652,0.0,4.553679466247559,108.43504333496094,0.0,13.29800033569336,0.2450000047683715
1780376400000,2026-06-02 05:00:00,,,,,,,,,,,,,14.097999572753906,87.0,1013.9000244140624,11.966217041015623,0.0,4.802999019622803,102.99462127685548,0.0299999993294477,13.597999572753906,0.2440000027418136
1780380000000,2026-06-02 06:00:00,,,,,,,,,,,,,16.29800033569336,82.0,1013.4000244140624,13.219130516052246,0.0,4.896529197692871,107.10281372070312,0.0900000035762786,14.347999572753906,0.2430000007152557
1780383600000,2026-06-02 07:00:00,,,,,,,,,,,,,18.94799995422364,73.0,1012.7999877929688,14.000478744506836,0.0,6.6380720138549805,102.52880096435548,0.1899999976158142,15.347999572753906,0.2419999986886978
1780387200000,2026-06-02 08:00:00,,,,,,,,,,,,,21.44799995422364,65.0,1012.2000122070312,14.595281600952148,0.0,8.534353256225586,117.64588928222656,0.3199999928474426,16.54800033569336,0.2399999946355819
1780390800000,2026-06-02 09:00:00,,,,,,,,,,,,,22.44799995422364,53.0,1011.7999877929688,12.396931648254396,0.0,9.339207649230955,152.44728088378906,0.4300000071525574,17.648000717163086,0.238999992609024
1780394400000,2026-06-02 10:00:00,,,,,,,,,,,,,23.847999572753903,49.0,1011.4000244140624,12.490880012512209,0.0,10.308831214904783,167.90525817871094,0.4099999964237213,18.39800071716309,0.2370000034570694
1780398000000,2026-06-02 11:00:00,,,,,,,,,,,,,23.44799995422364,46.0,1010.5999755859376,11.167481422424316,0.0,13.27614402770996,167.47120666503906,0.4799999892711639,19.39800071716309,0.2349999994039535
1780401600000,2026-06-02 12:00:00,,,,,,,,,,,,,24.347999572753903,43.0,1009.7000122070312,10.966438293457031,0.0,10.80599880218506,181.9091033935547,0.3799999952316284,19.847999572753903,0.2329999953508377
1780405200000,2026-06-02 13:00:00,,,,,,,,,,,,,25.24799919128418,39.0,1009.0,10.30696964263916,0.0,10.390226364135742,165.96372985839844,0.4200000464916229,20.39800071716309,0.231000006198883
1780408800000,2026-06-02 14:00:00,,,,,,,,,,,,,24.49799919128418,44.0,1008.2999877929688,11.448906898498535,0.0,9.686609268188477,138.0128631591797,0.3600000143051147,20.64800071716309,0.2290000021457672
1780409977965,2026-06-02 14:19:37,33.59,26.61,21.7,,,,319.88,298.14,275.67,100.0,-121.0,-13.0,,,,,,,,,,
1780412400000,2026-06-02 15:00:00,,,,,,,,,,,,,24.597999572753903,45.0,1007.5,11.87985610961914,0.0,8.287821769714355,87.510498046875,0.3000000119209289,20.69799995422364,0.2280000001192093
1780416000000,2026-06-02 16:00:00,,,,,,,,,,,,,25.04800033569336,42.0,1007.0,11.24236297607422,0.0,6.989935874938965,145.49142456054688,0.25,20.74799919128418,0.2259999960660934
1780419600000,2026-06-02 17:00:00,,,,,,,,,,,,,24.39800071716309,43.0,1006.5,11.011560440063477,0.0,6.618518829345703,135.00010681152344,0.2300000041723251,20.74799919128418,0.2249999940395355
1780423200000,2026-06-02 18:00:00,,,,,,,,,,,,,22.44799995422364,53.0,1006.2999877929688,12.396931648254396,0.0,6.0346999168396,107.35411071777344,0.1199999973177909,20.44799995422364,0.2240000069141388
1780424374936,2026-06-02 18:19:34,33.69,26.61,21.66,,,,319.97,298.14,275.64,100.0,-112.0,-7.8,,,,,,,,,,
1780426800000,2026-06-02 19:00:00,,,,,,,,,,,,,19.64800071716309,61.0,1006.2999877929688,11.919559478759766,0.0,6.489992141723633,86.82023620605469,0.0599999986588954,19.69799995422364,0.2230000048875808
1780430400000,2026-06-02 20:00:00,,,,,,,,,,,,,18.04800033569336,68.0,1006.5,12.051695823669434,0.0,5.411986351013184,86.18600463867188,0.0299999993294477,18.79800033569336,0.2220000028610229
1780434000000,2026-06-02 21:00:00,,,,,,,,,,,,,18.04800033569336,66.0,1005.7000122070312,11.599004745483398,0.0,6.214563369750977,79.9920883178711,0.0399999991059303,18.19799995422364,0.2220000028610229
1780437600000,2026-06-02 22:00:00,,,,,,,,,,,,,17.148000717163086,67.0,1005.2999877929688,10.969148635864258,0.0,6.130578994750977,86.63361358642578,0.0299999993294477,17.697999954223633,0.221000000834465
1780441200000,2026-06-02 23:00:00,,,,,,,,,,,,,17.24799919128418,65.0,1005.0,10.60845947265625,0.0,7.993297576904297,82.23492431640625,0.0299999993294477,17.24799919128418,0.2199999988079071
1780444800000,2026-06-03 00:00:00,,,,,,,,,,,,,17.648000717163086,72.0,1006.2000122070312,12.538492202758787,0.0,3.096837043762207,324.4622497558594,0.0199999995529651,18.097999572753903,0.2280000001192093
1780448400000,2026-06-03 01:00:00,,,,,,,,,,,,,17.99799919128418,76.0,1006.7999877929688,13.704217910766602,0.1000000014901161,2.595996856689453,236.3099060058593,0.0099999997764825,17.74799919128418,0.2269999980926513
1780452000000,2026-06-03 02:00:00,,,,,,,,,,,,,16.947999954223633,82.0,1006.7999877929688,13.853766441345217,1.100000023841858,7.729526996612549,297.7584228515625,0.0299999993294477,17.447999954223633,0.2269999980926513
1780455600000,2026-06-03 03:00:00,,,,,,,,,,,,,16.148000717163086,88.0,1006.9000244140624,14.158605575561523,0.6000000238418579,5.191993713378906,303.6900939941406,0.0399999991059303,17.148000717163086,0.2280000001192093
1780459200000,2026-06-03 04:00:00,,,,,,,,,,,,,16.24799919128418,87.0,1007.2999877929688,14.080568313598633,0.3000000119209289,5.86037540435791,280.6195983886719,0.0199999995529651,16.898000717163086,0.2300000041723251
1780462800000,2026-06-03 05:00:00,,,,,,,,,,,,,16.24799919128418,86.0,1007.7999877929688,13.902266502380373,0.5,6.214563369750977,280.0079040527344,0.0500000044703483,16.74799919128418,0.2329999953508377
1780466400000,2026-06-03 06:00:00,,,,,,,,,,,,,16.347999572753906,86.0,1008.2000122070312,14.000465393066406,0.5,5.86037540435791,280.6195983886719,0.0599999986588954,16.697999954223633,0.2360000014305114
1780470000000,2026-06-03 07:00:00,,,,,,,,,,,,,16.697999954223633,78.0,1008.7999877929688,12.8429594039917,0.0,12.429126739501951,280.0079040527344,0.1199999973177909,16.697999954223633,0.2399999946355819
1780473600000,2026-06-03 08:00:00,,,,,,,,,,,,,16.99799919128418,76.0,1009.2999877929688,12.736783981323242,0.0,12.522619247436523,288.4350280761719,0.2399999946355819,16.79800033569336,0.2419999986886978
1780477200000,2026-06-03 09:00:00,,,,,,,,,,,,,17.54800033569336,73.0,1009.5999755859376,12.652722358703612,0.0,10.495713233947754,300.96368408203125,0.2399999946355819,16.947999954223633,0.2440000027418136
1780480800000,2026-06-03 10:00:00,,,,,,,,,,,,,18.597999572753903,66.0,1009.5999755859376,12.12213897705078,0.0,12.31389331817627,285.2551574707031,0.3000000119209289,17.29800033569336,0.2440000027418136
1780481953622,2026-06-03 10:19:13,,,,17.7,16.58,16.52,,,,100.0,-113.0,-14.2,,,,,,,,,,
1780481960522,2026-06-03 10:19:20,33.49,26.61,21.6,,,,319.79,298.14,275.59,100.0,-112.0,-12.0,,,,,,,,,,
1780484400000,2026-06-03 11:00:00,,,,,,,,,,,,,19.64800071716309,59.0,1009.7000122070312,11.414671897888184,0.0,11.525623321533203,284.4703369140625,0.3400000035762787,17.697999954223633,0.2430000007152557
1780488000000,2026-06-03 12:00:00,,,,,,,,,,,,,20.49799919128418,52.0,1009.2999877929688,10.305546760559082,0.0,12.144330978393556,281.9761047363281,0.3799999952316284,18.29800033569336,0.2419999986886978
1780491600000,2026-06-03 13:00:00,,,,,,,,,,,,,20.79800033569336,53.0,1009.2000122070312,10.86914348602295,0.0,9.77981662750244,276.340087890625,0.2900000214576721,18.64800071716309,0.2409999966621399
1780495200000,2026-06-03 14:00:00,,,,,,,,,,,,,21.19799995422364,50.0,1009.0,10.363078117370604,0.0,12.074766159057615,280.3047790527344,0.270000010728836,18.99799919128418,0.2399999946355819
1780498800000,2026-06-03 15:00:00,,,,,,,,,,,,,21.14800071716309,43.0,1009.0,8.076985359191895,0.0,12.245293617248535,271.68463134765625,0.2599999904632568,19.19799995422364,0.238999992609024
1780502400000,2026-06-03 16:00:00,,,,,,,,,,,,,20.54800033569336,50.0,1009.0999755859376,9.76523208618164,0.0,8.350137710571289,277.4313049316406,0.2100000232458114,19.14800071716309,0.2380000054836273
1780506000000,2026-06-03 17:00:00,,,,,,,,,,,,,19.847999572753903,52.0,1009.2000122070312,9.704798698425291,0.0,12.371644973754885,261.6341857910156,0.1400000154972076,18.94799995422364,0.2370000034570694
1780509600000,2026-06-03 18:00:00,,,,,,,,,,,,,18.597999572753903,58.0,1009.2000122070312,10.173202514648438,0.0,4.213691711425781,250.0167999267578,0.0900000035762786,18.54800033569336,0.2360000014305114
1780513200000,2026-06-03 19:00:00,,,,,,,,,,,,,17.49799919128418,64.0,1009.5999755859376,10.612773895263672,0.0,1.6099690198898315,243.4350128173828,0.0199999995529651,17.79800033569336,0.2349999994039535
1780516800000,2026-06-03 20:00:00,,,,,,,,,,,,,16.398000717163086,69.0,1009.7999877929688,10.695616722106934,0.0,1.0800000429153442,180.0,0.0,16.947999954223633,0.2349999994039535
1780520400000,2026-06-03 21:00:00,,,,,,,,,,,,,14.447999954223633,79.0,1010.0999755859376,10.850528717041016,0.0,2.099142551422119,149.03631591796875,0.0,15.99799919128418,0.2339999973773956
1780524000000,2026-06-03 22:00:00,,,,,,,,,,,,,13.847999572753906,78.0,1010.2999877929688,10.076481819152832,0.0,2.879999876022339,90.0,0.0,15.14799976348877,0.2339999973773956
1780525152516,2026-06-03 22:19:12,33.39,26.53,21.52,,,,319.7,298.06,275.53,100.0,-113.0,-13.0,,,,,,,,,,
1780527600000,2026-06-03 23:00:00,,,,,,,,,,,,,12.89799976348877,80.0,1010.2999877929688,9.530598640441896,0.0,3.617955207824707,84.28949737548828,0.0,14.447999954223633,0.2339999973773956
1780531200000,2026-06-04 00:00:00,,,,,,,,,,,,,11.248000144958496,89.0,1009.7000122070312,9.50096035003662,0.0,4.213691711425781,70.01680755615234,0.0,13.64799976348877,0.2360000014305114
1780534800000,2026-06-04 01:00:00,,,,,,,,,,,,,10.597999572753906,91.0,1009.7000122070312,9.189476013183594,0.0,5.154415607452393,77.90525817871094,0.0,13.14799976348877,0.2360000014305114
1780538400000,2026-06-04 02:00:00,,,,,,,,,,,,,10.39799976348877,90.0,1009.5999755859376,8.827940940856934,0.0,5.091168403625488,81.86998748779297,0.0,12.89799976348877,0.2360000014305114
1780539541339,2026-06-04 02:19:01,,,,17.49,16.9,16.52,,,,100.0,-112.0,-11.2,,,,,,,,,,
1780542000000,2026-06-04 03:00:00,,,,,,,,,,,,,10.447999954223633,90.0,1009.5,8.877324104309082,0.0,5.039999961853027,90.0,0.0099999997764825,12.748000144958496,0.2349999994039535
1780545600000,2026-06-04 04:00:00,,,,,,,,,,,,,11.097999572753906,88.0,1009.5,9.18508529663086,0.0,5.771238803863525,86.42374420166016,0.0099999997764825,12.697999954223633,0.2349999994039535
1780549200000,2026-06-04 05:00:00,,,,,,,,,,,,,13.39799976348877,82.0,1009.0999755859376,10.387200355529783,0.0,5.771238803863525,86.42374420166016,0.0399999991059303,12.947999954223633,0.2349999994039535
1780552800000,2026-06-04 06:00:00,,,,,,,,,,,,,16.29800033569336,73.0,1008.5999755859376,11.449137687683104,0.0,7.199999809265137,90.0,0.1199999973177909,13.697999954223633,0.2339999973773956
1780556400000,2026-06-04 07:00:00,,,,,,,,,,,,,18.49799919128418,67.0,1008.5999755859376,12.25562858581543,0.0,5.804825305938721,119.74478912353516,0.1800000071525573,14.64799976348877,0.2329999953508377
1780560000000,2026-06-04 08:00:00,,,,,,,,,,,,,18.94799995422364,69.0,1008.4000244140624,13.134222030639648,0.1000000014901161,5.692099094390869,124.69522094726562,0.1400000154972076,15.347999572753906,0.2329999953508377
1780563600000,2026-06-04 09:00:00,,,,,,,,,,,,,19.74799919128418,65.0,1008.2999877929688,12.981962203979492,0.0,5.447788238525391,172.4054412841797,0.3199999928474426,16.197999954223633,0.2319999933242797
1780567200000,2026-06-04 10:00:00,,,,,,,,,,,,,21.097999572753903,61.0,1008.0,13.28526782989502,0.0,6.193674087524414,215.5377655029297,0.2800000309944153,16.898000717163086,0.231000006198883
1780570800000,2026-06-04 11:00:00,,,,,,,,,,,,,21.597999572753903,59.0,1007.7999877929688,13.243922233581545,0.0,6.519876956939697,173.65989685058594,0.3400000035762787,17.54800033569336,0.2300000041723251
1780574400000,2026-06-04 12:00:00,,,,,,,,,,,,,22.54800033569336,55.0,1007.0999755859376,13.055381774902344,0.0,8.089993476867676,147.72438049316406,0.3400000035762787,18.097999572753903,0.2280000001192093
1780578000000,2026-06-04 13:00:00,,,,,,,,,,,,,22.64800071716309,54.0,1006.5,12.867524147033691,0.0,13.627795219421388,167.79954528808594,0.3100000023841858,18.49799919128418,0.2269999980926513
1780581600000,2026-06-04 14:00:00,,,,,,,,,,,,,24.19799995422364,51.0,1006.0,13.424519538879396,0.0,9.79305934906006,216.0274658203125,0.3100000023841858,18.99799919128418,0.2259999960660934
1780585200000,2026-06-04 15:00:00,,,,,,,,,,,,,23.99799919128418,51.0,1005.7000122070312,13.240314483642578,0.0,11.298495292663574,210.6505889892578,0.2900000214576721,19.24799919128418,0.2249999940395355
1780588800000,2026-06-04 16:00:00,,,,,,,,,,,,,23.74799919128418,51.0,1005.2999877929688,13.010042190551758,0.0,10.948972702026367,207.4074859619141,0.2800000309944153,19.49799919128418,0.2240000069141388
1780592400000,2026-06-04 17:00:00,,,,,,,,,,,,,23.097999572753903,52.0,1005.2000122070312,12.707409858703612,0.0,8.049844741821289,206.5649871826172,0.1899999976158142,19.49799919128418,0.2230000048875808
1780596000000,2026-06-04 18:00:00,,,,,,,,,,,,,22.04800033569336,61.0,1005.2000122070312,14.179808616638184,0.0,2.968636035919189,194.0362701416016,0.0900000035762786,19.24799919128418,0.2230000048875808
1780599600000,2026-06-04 19:00:00,,,,,,,,,,,,,20.99799919128418,64.0,1005.5,13.929051399230955,0.0,4.829906940460205,296.5649719238281,0.0099999997764825,18.79800033569336,0.2220000028610229
1780603200000,2026-06-04 20:00:00,,,,,,,,,,,,,17.54800033569336,77.0,1007.5,13.469523429870604,1.2000000476837158,13.441070556640623,262.3040466308594,0.0599999986588954,18.29800033569336,0.2220000028610229
1780606800000,2026-06-04 21:00:00,,,,,,,,,,,,,15.64799976348877,88.0,1007.5,13.66624355316162,8.100000381469727,1.4843180179595947,284.0362548828125,0.0599999986588954,17.54800033569336,0.2689999938011169
1780610400000,2026-06-04 22:00:00,,,,,,,,,,,,,15.847999572753906,85.0,1008.0999755859376,13.329880714416504,0.6000000238418579,2.3051247596740723,51.34017181396485,0.0099999997764825,16.947999954223633,0.2879999876022339
1780614000000,2026-06-04 23:00:00,,,,,,,,,,,,,15.54800033569336,80.0,1008.5,12.11097526550293,0.5,4.33497428894043,311.6334533691406,0.0399999991059303,16.54800033569336,0.2949999868869781
1780617600000,2026-06-05 00:00:00,,,,,,,,,,,,,14.847999572753906,85.0,1009.5,12.349203109741213,0.6000000238418579,1.6099690198898315,153.4350128173828,0.0099999997764825,16.097999572753906,0.2590000033378601
1780621200000,2026-06-05 01:00:00,,,,,,,,,,,,,14.597999572753906,84.0,1009.7000122070312,11.924297332763672,0.6000000238418579,3.096837043762207,305.5377502441406,0.0,15.79800033569336,0.2669999897480011
1780624800000,2026-06-05 02:00:00,,,,,,,,,,,,,13.447999954223633,91.0,1010.5,12.007733345031738,1.7999999523162842,1.8356469869613647,101.30989837646484,0.0099999997764825,15.498000144958496,0.2770000100135803
1780628400000,2026-06-05 03:00:00,,,,,,,,,,,,,12.847999572753906,95.0,1011.0999755859376,12.066326141357422,2.0,5.58870267868042,104.93147277832033,0.0,14.998000144958496,0.3050000071525574
1780632000000,2026-06-05 04:00:00,,,,,,,,,,,,,12.79800033569336,95.0,1010.4000244140624,12.01663303375244,1.0,3.6712939739227295,101.30989837646484,0.0099999997764825,14.847999572753906,0.3210000097751617
1780635600000,2026-06-05 05:00:00,,,,,,,,,,,,,13.248000144958496,94.0,1011.4000244140624,12.30271339416504,0.3000000119209289,3.617955207824707,84.28949737548828,0.0199999995529651,14.697999954223633,0.3219999969005584
1780639200000,2026-06-05 06:00:00,,,,,,,,,,,,,14.14799976348877,92.0,1011.5999755859376,12.866860389709473,0.2000000029802322,2.968636035919189,75.96372985839844,0.0399999991059303,14.697999954223633,0.3160000145435333
1780642800000,2026-06-05 07:00:00,,,,,,,,,,,,,15.64799976348877,87.0,1012.0,13.49054718017578,0.0,2.9024126529693604,262.8750915527344,0.1000000089406967,14.947999954223633,0.3120000064373016
1780646400000,2026-06-05 08:00:00,,,,,,,,,,,,,16.347999572753906,78.0,1012.7999877929688,12.503265380859377,0.0,9.422101020812988,276.58184814453125,0.25,15.248000144958496,0.3079999983310699
1780650000000,2026-06-05 09:00:00,,,,,,,,,,,,,16.648000717163086,77.0,1012.9000244140624,12.59742832183838,0.0,10.464797973632812,273.9450988769531,0.3400000035762787,15.197999954223633,0.3039999902248382
1780653600000,2026-06-05 10:00:00,,,,,,,,,,,,,17.697999954223633,72.0,1013.2999877929688,12.586549758911133,0.0,7.594207286834717,264.55975341796875,0.3900000154972076,15.597999572753906,0.2989999949932098
1780657200000,2026-06-05 11:00:00,,,,,,,,,,,,,18.39800071716309,69.0,1013.2999877929688,12.608338356018066,0.0,6.569382667541504,260.5377502441406,0.449999988079071,16.097999572753906,0.2949999868869781
1780660800000,2026-06-05 12:00:00,,,,,,,,,,,,,18.89800071716309,67.0,1013.0999755859376,12.63675022125244,0.0,5.039999961853027,270.0,0.4300000071525574,16.54800033569336,0.2899999916553497
1780664400000,2026-06-05 13:00:00,,,,,,,,,,,,,19.04800033569336,64.0,1013.2000122070312,12.08170223236084,0.0,11.918120384216309,244.983139038086,0.3900000154972076,16.947999954223633,0.2870000004768371
1780668000000,2026-06-05 14:00:00,,,,,,,,,,,,,18.14800071716309,60.0,1013.5999755859376,10.258464813232422,0.0,5.447788238525391,277.59454345703125,0.3600000143051147,16.99799919128418,0.2829999923706054
1780671600000,2026-06-05 15:00:00,,,,,,,,,,,,,17.24799919128418,71.0,1013.7999877929688,11.941545486450195,0.1000000014901161,3.826852560043335,221.18582153320312,0.270000010728836,17.04800033569336,0.2809999883174896
1780675200000,2026-06-05 16:00:00,,,,,,,,,,,,,18.29800033569336,71.0,1014.0999755859376,12.949089050292969,0.0,2.9024126529693604,240.2552032470703,0.2100000232458114,17.04800033569336,0.277999997138977
1780678800000,2026-06-05 17:00:00,,,,,,,,,,,,,18.29800033569336,73.0,1014.5,13.37476921081543,0.0,2.741678237915039,336.8013916015625,0.1400000154972076,17.097999572753906,0.2759999930858612
1780682400000,2026-06-05 18:00:00,,,,,,,,,,,,,17.398000717163086,79.0,1014.7999877929688,13.718217849731444,0.0,4.0249223709106445,116.5649871826172,0.0900000035762786,16.99799919128418,0.2739999890327453
1780686000000,2026-06-05 19:00:00,,,,,,,,,,,,,15.89799976348877,82.0,1015.5,12.828560829162598,0.0,3.396233081817627,122.0053482055664,0.0299999993294477,16.648000717163086,0.2730000019073486
1780689600000,2026-06-05 20:00:00,,,,,,,,,,,,,14.498000144958496,85.0,1016.2999877929688,12.00594997406006,0.0,3.9600000381469727,90.0,0.0099999997764825,16.04800033569336,0.2720000147819519
1780693200000,2026-06-05 21:00:00,,,,,,,,,,,,,12.498000144958496,94.0,1016.7000122070312,11.5582275390625,0.0,5.052840709686279,94.08554077148438,0.0,15.39799976348877,0.2709999978542328
1780696800000,2026-06-05 22:00:00,,,,,,,,,,,,,11.697999954223633,95.0,1017.0999755859376,10.923327445983888,0.0,4.6938252449035645,94.39862060546876,0.0,14.79800033569336,0.270000010728836
1780700400000,2026-06-05 23:00:00,,,,,,,,,,,,,10.79800033569336,96.0,1017.2999877929688,10.185436248779297,0.0,3.9600000381469727,90.0,0.0,14.248000144958496,0.2689999938011169
1780704000000,2026-06-06 00:00:00,,,,,,,,,,,,,12.29800033569336,93.0,1017.2000122070312,11.198208808898926,0.0,3.2599384784698486,96.34009552001952,0.0,14.498000144958496,0.2720000147819519
1780707600000,2026-06-06 01:00:00,,,,,,,,,,,,,10.89799976348877,98.0,1017.2999877929688,10.594233512878418,0.0,2.4149534702301025,116.5649871826172,0.0,13.89799976348877,0.2709999978542328
1780711200000,2026-06-06 02:00:00,,,,,,,,,,,,,9.79800033569336,99.0,1017.7999877929688,9.648101806640623,0.0,2.968636035919189,104.03627014160156,0.0,13.347999572753906,0.2709999978542328
1780714800000,2026-06-06 03:00:00,,,,,,,,,,,,,9.347999572753906,100.0,1018.0999755859376,9.347999572753906,0.0,3.976329803466797,95.19434356689452,0.0,12.79800033569336,0.270000010728836
1780718400000,2026-06-06 04:00:00,,,,,,,,,,,,,9.89799976348877,98.0,1018.0,9.596619606018066,0.0,3.5999999046325684,90.0,0.0,12.498000144958496,0.2689999938011169
1780722000000,2026-06-06 05:00:00,,,,,,,,,,,,,11.39799976348877,94.0,1018.0999755859376,10.46628761291504,0.0,3.219938039779663,116.5649871826172,0.0299999993294477,12.64799976348877,0.2689999938011169
1780725600000,2026-06-06 06:00:00,,,,,,,,,,,,,13.847999572753906,88.0,1017.9000244140624,11.89362335205078,0.0,2.595996856689453,123.69009399414062,0.1000000089406967,13.29800033569336,0.2680000066757202
1780729200000,2026-06-06 07:00:00,,,,,,,,,,,,,16.447999954223633,80.0,1017.7999877929688,12.987164497375488,0.0,0.8049845099449158,116.5649871826172,0.2199999988079071,14.29800033569336,0.2669999897480011
1780732800000,2026-06-06 08:00:00,,,,,,,,,,,,,18.847999572753903,69.0,1017.5999755859376,13.038609504699709,0.0,3.2599384784698486,83.65990447998047,0.3500000238418579,15.447999954223633,0.2649999856948852
1780736400000,2026-06-06 09:00:00,,,,,,,,,,,,,20.24799919128418,63.0,1017.2999877929688,12.977417945861816,0.0,3.9600000381469727,90.0,0.4700000584125519,16.597999572753906,0.2639999985694885
1780737606359,2026-06-06 09:20:06,,,,16.7,15.94,16.29,,,,100.0,-113.0,-14.5,,,,,,,,,,
1780737615343,2026-06-06 09:20:15,33.33,26.09,21.2,,,,319.64,297.59,275.27,100.0,-112.0,-9.8,,,,,,,,,,
1780740000000,2026-06-06 10:00:00,,,,,,,,,,,,,21.347999572753903,62.0,1017.2000122070312,13.770801544189451,0.0,5.014219284057617,111.03758239746094,0.4700000584125519,17.597999572753906,0.2619999945163727
1780743600000,2026-06-06 11:00:00,,,,,,,,,,,,,22.597999572753903,48.0,1016.7000122070312,11.033660888671877,0.0,8.089993476867676,147.72438049316406,0.5100000500679016,18.64800071716309,0.2599999904632568
1780747200000,2026-06-06 12:00:00,,,,,,,,,,,,,23.24799919128418,41.0,1016.2000122070312,9.263797760009766,0.0,9.08598804473877,123.69010162353516,0.4900000393390655,19.44799995422364,0.257999986410141
1780750800000,2026-06-06 13:00:00,,,,,,,,,,,,,22.79800033569336,42.0,1015.9000244140624,9.217255592346191,0.0,14.658676147460938,155.32315063476562,0.3900000154972076,19.74799919128418,0.2560000121593475
1780752003293,2026-06-06 13:20:03,,,,16.61,16.84,16.2,,,,100.0,-116.0,-21.0,,,,,,,,,,
1780752012233,2026-06-06 13:20:12,33.29,26.03,21.17,,,,319.61,297.53,275.25,100.0,-113.0,-16.8,,,,,,,,,,
1780754400000,2026-06-06 14:00:00,,,,,,,,,,,,,23.94799995422364,40.0,1015.5,9.523877143859863,0.0,3.5999999046325684,143.13002014160156,0.3300000131130218,19.89800071716309,0.2540000081062317
1780758000000,2026-06-06 15:00:00,,,,,,,,,,,,,23.847999572753903,37.0,1015.5999755859376,8.279560089111328,0.0,9.504273414611816,204.62355041503903,0.2900000214576721,20.04800033569336,0.2529999911785126
1780761600000,2026-06-06 16:00:00,,,,,,,,,,,,,23.04800033569336,43.0,1015.7999877929688,9.793018341064451,0.0,8.350137710571289,187.4313201904297,0.2199999988079071,19.89800071716309,0.2509999871253967
1780765200000,2026-06-06 17:00:00,,,,,,,,,,,,,22.79800033569336,44.0,1015.7999877929688,9.910221099853516,0.0,4.680000305175781,157.38009643554688,0.1700000017881393,19.79800033569336,0.25
1780768800000,2026-06-06 18:00:00,,,,,,,,,,,,,21.597999572753903,52.0,1015.9000244140624,11.321944236755373,0.0,3.617955207824707,95.71050262451172,0.0900000035762786,19.44799995422364,0.248999997973442
1780772400000,2026-06-06 19:00:00,,,,,,,,,,,,,18.94799995422364,68.0,1016.4000244140624,12.910761833190918,0.0,4.349896430969238,65.55606079101562,0.0299999993294477,18.69799995422364,0.2479999959468841
1780776000000,2026-06-06 20:00:00,,,,,,,,,,,,,16.74799919128418,76.0,1016.7000122070312,12.494905471801758,0.0,4.802999019622803,77.00538635253906,0.0199999995529651,17.79800033569336,0.2479999959468841
1780779600000,2026-06-06 21:00:00,,,,,,,,,,,,,15.498000144958496,81.0,1016.9000244140624,12.251157760620115,0.0,3.9600000381469727,90.0,0.0099999997764825,16.99799919128418,0.2479999959468841
1780783200000,2026-06-06 22:00:00,,,,,,,,,,,,,14.697999954223633,85.0,1017.2000122070312,12.20209503173828,0.0,3.239999771118164,90.0,0.0,16.197999954223633,0.2469999939203262
1780786800000,2026-06-06 23:00:00,,,,,,,,,,,,,14.347999572753906,89.0,1018.2000122070312,12.558255195617676,0.1000000014901161,3.6712939739227295,11.309895515441896,0.0099999997764825,15.748000144958496,0.2469999939203262
1780790400000,2026-06-07 00:00:00,,,,,,,,,,,,,14.097999572753906,94.0,1016.5,13.146444320678713,0.0,1.8356469869613647,101.30989837646484,0.0,15.64799976348877,0.2529999911785126
1780794000000,2026-06-07 01:00:00,,,,,,,,,,,,,14.14799976348877,89.0,1017.2999877929688,12.361024856567385,0.0,4.553679466247559,251.56495666503903,0.0,15.197999954223633,0.2529999911785126
1780797600000,2026-06-07 02:00:00,,,,,,,,,,,,,14.697999954223633,90.0,1018.2999877929688,13.074382781982422,1.7999999523162842,4.896529674530029,306.0274658203125,0.0199999995529651,15.14799976348877,0.2540000081062317
1780801200000,2026-06-07 03:00:00,,,,,,,,,,,,,14.197999954223633,89.0,1018.2000122070312,12.41033172607422,0.3000000119209289,2.1600000858306885,270.0,0.0,14.998000144958496,0.2599999904632568
1780804800000,2026-06-07 04:00:00,,,,,,,,,,,,,14.29800033569336,88.0,1018.7000122070312,12.336796760559082,0.0,1.0182337760925293,44.99989700317383,0.0,14.64799976348877,0.2649999856948852
1780808400000,2026-06-07 05:00:00,,,,,,,,,,,,,15.347999572753906,92.0,1019.2000122070312,14.054906845092772,0.0,2.189794540405273,80.53775024414062,0.0199999995529651,14.748000144958496,0.2680000066757202
1780809598458,2026-06-07 05:19:58,33.49,26.15,21.2,,,,319.79,297.65,275.27,100.0,-121.0,-22.8,,,,,,,,,,
1780812000000,2026-06-07 06:00:00,,,,,,,,,,,,,16.898000717163086,83.0,1019.7999877929688,13.991762161254885,0.0,0.7199999690055847,180.0,0.1299999952316284,15.29800033569336,0.270000010728836
1780815600000,2026-06-07 07:00:00,,,,,,,,,,,,,18.347999572753903,70.0,1020.0,12.780166625976562,0.0,14.764389038085938,268.60284423828125,0.2900000214576721,15.99799919128418,0.270000010728836
1780819200000,2026-06-07 08:00:00,,,,,,,,,,,,,18.89800071716309,66.0,1020.2999877929688,12.407466888427734,0.0,15.12428379058838,271.3638916015625,0.4300000071525574,16.49799919128418,0.270000010728836
1780822800000,2026-06-07 09:00:00,,,,,,,,,,,,,19.69799995422364,54.0,1020.7999877929688,10.129596710205078,0.0,12.924952507019045,282.875,0.4700000584125519,16.99799919128418,0.270000010728836
1780826400000,2026-06-07 10:00:00,,,,,,,,,,,,,20.04800033569336,50.0,1021.0,9.305269241333008,0.0,16.62248992919922,274.9696350097656,0.3900000154972076,17.347999572753906,0.2680000066757202
1780830000000,2026-06-07 11:00:00,,,,,,,,,,,,,19.847999572753903,51.0,1021.2999877929688,9.41555404663086,0.0,18.89914321899414,287.7447509765625,0.3799999952316284,17.79800033569336,0.2660000026226043
1780833600000,2026-06-07 12:00:00,,,,,,,,,,,,,20.49799919128418,49.0,1021.0999755859376,9.41828155517578,0.0,15.646544456481934,293.0255126953125,0.3199999928474426,18.097999572753903,0.2649999856948852
1780837200000,2026-06-07 13:00:00,,,,,,,,,,,,,21.79800033569336,47.0,1020.9000244140624,9.986650466918944,0.0,16.74677276611328,295.4633178710937,0.3199999928474426,18.54800033569336,0.2630000114440918
1780840800000,2026-06-07 14:00:00,,,,,,,,,,,,,21.14800071716309,48.0,1020.7999877929688,9.70684814453125,0.0,15.946009635925291,298.3006591796875,0.2599999904632568,18.89800071716309,0.2610000073909759
1780844400000,2026-06-07 15:00:00,,,,,,,,,,,,,21.097999572753903,53.0,1021.0,11.146973609924316,0.3000000119209289,7.9281768798828125,219.4724273681641,0.25,18.74799919128418,0.2599999904632568
1780848000000,2026-06-07 16:00:00,,,,,,,,,,,,,21.04800033569336,43.0,1021.0999755859376,7.986635208129883,0.0,15.038350105285645,281.0408935546875,0.3400000035762787,18.847999572753903,0.257999986410141
1780851600000,2026-06-07 17:00:00,,,,,,,,,,,,,20.79800033569336,45.0,1021.2999877929688,8.43010139465332,0.0,14.182354927062988,293.9624938964844,0.2399999946355819,18.79800033569336,0.2569999992847442
1780852787064,2026-06-07 17:19:47,33.49,26.09,21.17,,,,319.79,297.59,275.25,100.0,-113.0,-13.5,,,,,,,,,,
1780855200000,2026-06-07 18:00:00,,,,,,,,,,,,,19.99799919128418,51.0,1021.4000244140624,9.55388069152832,0.0,9.178235054016112,311.820068359375,0.1199999973177909,18.54800033569336,0.2560000121593475
1780858800000,2026-06-07 19:00:00,,,,,,,,,,,,,16.99799919128418,64.0,1021.9000244140624,10.138826370239258,0.0,3.826852560043335,311.1858215332031,0.0399999991059303,17.99799919128418,0.2549999952316284
1780862400000,2026-06-07 20:00:00,,,,,,,,,,,,,14.748000144958496,74.0,1022.4000244140624,10.159852981567385,0.0,2.968636035919189,14.036274909973145,0.0099999997764825,16.99799919128418,0.2549999952316284
1780866000000,2026-06-07 21:00:00,,,,,,,,,,,,,13.197999954223633,80.0,1022.7999877929688,9.822751998901367,0.0,2.3051247596740723,51.34017181396485,0.0,15.99799919128418,0.2540000081062317
1780867183473,2026-06-07 21:19:43,33.56,26.15,21.17,,,,319.85,297.65,275.25,100.0,-113.0,-14.2,,,,,,,,,,
1780869600000,2026-06-07 22:00:00,,,,,,,,,,,,,12.998000144958496,80.0,1023.0,9.627984046936035,0.0,2.741678237915039,336.8013916015625,0.0,15.097999572753906,0.2540000081062317
1780873200000,2026-06-07 23:00:00,,,,,,,,,,,,,11.197999954223633,91.0,1023.4000244140624,9.782822608947754,0.0,4.510787010192871,118.61036682128906,0.0,14.347999572753906,0.2540000081062317
1780876800000,2026-06-08 00:00:00,,,,,,,,,,,,,11.29800033569336,95.0,1023.7000122070312,10.525755882263184,0.0,2.189794540405273,99.46224975585938,0.0,13.748000144958496,0.2639999985694885
1780880400000,2026-06-08 01:00:00,,,,,,,,,,,,,10.347999572753906,97.0,1023.2999877929688,9.892276763916016,0.0,3.239999771118164,90.0,0.0,13.248000144958496,0.2639999985694885
1780884000000,2026-06-08 02:00:00,,,,,,,,,,,,,9.89799976348877,98.0,1022.7999877929688,9.596619606018066,0.0,2.741678237915039,113.19862365722656,0.0,12.79800033569336,0.2639999985694885
1780887600000,2026-06-08 03:00:00,,,,,,,,,,,,,9.29800033569336,100.0,1022.7000122070312,9.29800033569336,0.0,2.189794540405273,99.46224975585938,0.0,12.347999572753906,0.2630000114440918
1780891200000,2026-06-08 04:00:00,,,,,,,,,,,,,9.697999954223633,100.0,1023.0,9.697999954223633,0.0,3.7585103511810303,106.69932556152344,0.0,11.998000144958496,0.2630000114440918
1780894800000,2026-06-08 05:00:00,,,,,,,,,,,,,12.04800033569336,95.0,1022.4000244140624,11.271200180053713,0.0,2.968636035919189,104.03627014160156,0.0199999995529651,12.29800033569336,0.2630000114440918
1780895970276,2026-06-08 05:19:30,,,,17.2,17.17,16.03,,,,100.0,-112.0,-12.0,,,,,,,,,,
1780898400000,2026-06-08 06:00:00,,,,,,,,,,,,,14.998000144958496,85.0,1021.7999877929688,12.496310234069824,0.0,2.968636035919189,104.03627014160156,0.1000000089406967,12.998000144958496,0.2619999945163727
1780902000000,2026-06-08 07:00:00,,,,,,,,,,,,,18.14800071716309,75.0,1020.7999877929688,13.64543342590332,0.0,5.58870267868042,104.93147277832033,0.2100000232458114,13.947999954223633,0.2610000073909759
1780905600000,2026-06-08 08:00:00,,,,,,,,,,,,,20.097999572753903,68.0,1020.0999755859376,14.008259773254396,0.0,6.924737930297852,98.97254943847656,0.3500000238418579,15.04800033569336,0.2599999904632568
1780909200000,2026-06-08 09:00:00,,,,,,,,,,,,,21.94799995422364,56.0,1019.5,12.77242946624756,0.0,6.877789497375488,137.12110900878906,0.4200000464916229,16.148000717163086,0.257999986410141
1780910374220,2026-06-08 09:19:34,33.23,26.06,21.14,,,,319.55,297.56,275.22,100.0,-113.0,-13.2,,,,,,,,,,
1780912800000,2026-06-08 10:00:00,,,,,,,,,,,,,23.44799995422364,49.0,1018.9000244140624,12.124176025390623,0.0,6.989935398101807,168.11135864257812,0.5,17.148000717163086,0.2560000121593475
1780916400000,2026-06-08 11:00:00,,,,,,,,,,,,,24.49799919128418,45.0,1018.4000244140624,11.789132118225098,0.0,5.771238803863525,176.42373657226562,0.5400000214576721,18.14800071716309,0.2540000081062317
1780920000000,2026-06-08 12:00:00,,,,,,,,,,,,,25.29800033569336,40.0,1017.5999755859376,10.731622695922852,0.0,6.0346999168396,162.64588928222656,0.550000011920929,19.097999572753903,0.2520000040531158
1780923600000,2026-06-08 13:00:00,,,,,,,,,,,,,25.79800033569336,39.0,1016.5,10.797364234924316,0.0,6.489992141723633,123.69010162353516,0.5100000500679016,19.79800033569336,0.25
1780924771110,2026-06-08 13:19:31,33.19,26.03,21.14,,,,319.52,297.53,275.22,100.0,-112.0,-10.5,,,,,,,,,,
1780927200000,2026-06-08 14:00:00,,,,,,,,,,,,,25.89800071716309,36.0,1015.9000244140624,9.687362670898438,0.0,8.287821769714355,267.510498046875,0.4600000083446502,20.347999572753903,0.2479999959468841
1780930800000,2026-06-08 15:00:00,,,,,,,,,,,,,25.99799919128418,39.0,1015.2000122070312,10.97565746307373,0.0,6.489992141723633,146.30990600585938,0.4000000357627868,20.64800071716309,0.2460000067949295
1780934400000,2026-06-08 16:00:00,,,,,,,,,,,,,25.847999572753903,41.0,1014.5999755859376,11.596693992614746,0.0,6.214563369750977,190.00791931152344,0.270000010728836,20.74799919128418,0.2450000047683715
1780938000000,2026-06-08 17:00:00,,,,,,,,,,,,,24.79800033569336,44.0,1013.7999877929688,11.720343589782717,0.0,5.116561412811279,140.7106170654297,0.2100000232458114,20.64800071716309,0.2430000007152557
1780941600000,2026-06-08 18:00:00,,,,,,,,,,,,,22.54800033569336,51.0,1013.5,11.904500007629396,0.0,5.771238803863525,93.57626342773438,0.1099999994039535,20.347999572753903,0.2419999986886978
1780945200000,2026-06-08 19:00:00,,,,,,,,,,,,,19.847999572753903,66.0,1013.2999877929688,13.310888290405272,0.0,6.287129878997803,66.37061309814453,0.0599999986588954,19.79800033569336,0.2419999986886978
1780948800000,2026-06-08 20:00:00,,,,,,,,,,,,,18.64800071716309,69.0,1013.2999877929688,12.847384452819824,0.0,5.937272071838379,75.96372985839844,0.0399999991059303,19.14800071716309,0.2409999966621399
1780952400000,2026-06-08 21:00:00,,,,,,,,,,,,,17.99799919128418,71.0,1013.0999755859376,12.661234855651855,0.0,5.483356475830078,66.80138397216797,0.0399999991059303,18.54800033569336,0.2399999946355819
1780956000000,2026-06-08 22:00:00,,,,,,,,,,,,,17.648000717163086,72.0,1013.0999755859376,12.538492202758787,0.0,5.315336227416992,61.6993408203125,0.0299999993294477,18.04800033569336,0.2399999946355819
1780959600000,2026-06-08 23:00:00,,,,,,,,,,,,,17.398000717163086,72.0,1013.2999877929688,12.298192024230955,0.0,5.014219284057617,68.96241760253906,0.0299999993294477,17.648000717163086,0.2399999946355819
1780963200000,2026-06-09 00:00:00,,,,,,,,,,,,,19.79800033569336,58.0,1011.7999877929688,11.297003746032717,0.0,4.349896430969238,65.55606079101562,0.0199999995529651,18.597999572753903,0.2430000007152557
1780966800000,2026-06-09 01:00:00,,,,,,,,,,,,,19.39800071716309,62.0,1011.5999755859376,11.930587768554688,0.0,3.6712939739227295,78.69010162353516,0.0199999995529651,18.04800033569336,0.2430000007152557
1780967955030,2026-06-09 01:19:15,,,,17.94,17.22,16.58,,,,100.0,-112.0,-10.5,,,,,,,,,,
1780970400000,2026-06-09 02:00:00,,,,,,,,,,,,,18.89800071716309,66.0,1011.5,12.407466888427734,0.0,2.9024126529693604,97.12492370605467,0.0099999997764825,17.597999572753906,0.2430000007152557
1780974000000,2026-06-09 03:00:00,,,,,,,,,,,,,17.49799919128418,75.0,1011.4000244140624,13.017621994018556,0.0,2.5199999809265137,90.0,0.0,17.04800033569336,0.2430000007152557
1780977600000,2026-06-09 04:00:00,,,,,,,,,,,,,16.99799919128418,81.0,1011.7000122070312,13.713611602783203,0.0,4.104631423950195,105.2551727294922,0.0099999997764825,16.697999954223633,0.2430000007152557
1780981200000,2026-06-09 05:00:00,,,,,,,,,,,,,17.847999572753906,80.0,1011.9000244140624,14.349973678588867,0.0,3.877318382263184,68.19853210449219,0.0299999993294477,16.847999572753906,0.2430000007152557
1780984800000,2026-06-09 06:00:00,,,,,,,,,,,,,17.697999954223633,86.0,1012.5999755859376,15.326078414916992,2.200000047683716,0.5091168880462646,44.99989700317383,0.0199999995529651,17.04800033569336,0.2430000007152557
1780988400000,2026-06-09 07:00:00,,,,,,,,,,,,,18.44799995422364,87.0,1012.2999877929688,16.24378776550293,0.3000000119209289,3.3190360069274902,102.52880096435548,0.0700000077486038,17.24799919128418,0.2460000067949295
1780992000000,2026-06-09 08:00:00,,,,,,,,,,,,,18.29800033569336,87.0,1012.7000122070312,16.096309661865234,0.1000000014901161,2.189794540405273,260.5377502441406,0.0700000077486038,17.49799919128418,0.248999997973442
1780995600000,2026-06-09 09:00:00,,,,,,,,,,,,,17.49799919128418,83.0,1013.7000122070312,14.578402519226074,0.699999988079071,11.841755867004396,289.5367431640625,0.1500000059604644,17.398000717163086,0.2509999871253967
1780996758838,2026-06-09 09:19:18,33.53,26.25,21.27,,,,319.82,297.76,275.33,100.0,-113.0,-14.2,,,,,,,,,,
1780999200000,2026-06-09 10:00:00,,,,,,,,,,,,,17.847999572753906,76.0,1014.5999755859376,13.559110641479492,0.3000000119209289,14.40899658203125,282.99462890625,0.1899999976158142,17.24799919128418,0.2560000121593475
1781002800000,2026-06-09 11:00:00,,,,,,,,,,,,,17.24799919128418,72.0,1014.7999877929688,12.154004096984863,0.0,6.489992141723633,266.8202209472656,0.3000000119209289,17.148000717163086,0.2590000033378601
1781006400000,2026-06-09 12:00:00,,,,,,,,,,,,,18.69799995422364,70.0,1014.5999755859376,13.115406036376951,0.0,4.452953815460205,255.96372985839844,0.2599999904632568,17.49799919128418,0.2599999904632568
1781010000000,2026-06-09 13:00:00,,,,,,,,,,,,,19.097999572753903,56.0,1014.7000122070312,10.115392684936523,0.0,11.792404174804688,257.6609191894531,0.3900000154972076,17.74799919128418,0.2590000033378601
1781013600000,2026-06-09 14:00:00,,,,,,,,,,,,,18.54800033569336,63.0,1015.2000122070312,11.369729042053224,0.0,13.755578994750977,312.87890625,0.3799999952316284,17.697999954223633,0.257999986410141
1781017200000,2026-06-09 15:00:00,,,,,,,,,,,,,19.49799919128418,55.0,1015.4000244140624,10.218343734741213,0.0,9.36691951751709,267.7974548339844,0.3400000035762787,17.898000717163086,0.2569999992847442
1781020800000,2026-06-09 16:00:00,,,,,,,,,,,,,20.04800033569336,45.0,1015.4000244140624,7.748678684234619,0.0,10.80599880218506,268.09088134765625,0.3100000023841858,18.04800033569336,0.2560000121593475
1781024400000,2026-06-09 17:00:00,,,,,,,,,,,,,19.44799995422364,45.0,1015.4000244140624,7.203406810760498,0.0,6.725354194641113,285.524169921875,0.270000010728836,17.99799919128418,0.2549999952316284
1781028000000,2026-06-09 18:00:00,,,,,,,,,,,,,18.39800071716309,48.0,1015.5,7.188743591308594,0.0,5.001279830932617,239.74365234375,0.1400000154972076,17.597999572753906,0.2540000081062317
1781030408421,2026-06-09 18:40:08,,,,,,,,,,100.0,-117.0,-19.2,,,,,,,,,,
1781030425526,2026-06-09 18:40:25,,,,17.7,16.58,16.67,,,,100.0,-121.0,-18.0,,,,,,,,,,
1781030434514,2026-06-09 18:40:34,33.43,26.25,21.27,,,,319.73,297.76,275.33,100.0,-122.0,-19.5,,,,,,,,,,
1781031600000,2026-06-09 19:00:00,,,,,,,,,,,,,15.947999954223633,64.0,1016.2999877929688,9.143383026123049,0.0,5.495161056518555,328.3925476074219,0.0500000044703483,16.847999572753906,0.2529999911785126
1781035200000,2026-06-09 20:00:00,,,,,,,,,,,,,14.748000144958496,69.0,1017.2000122070312,9.1171293258667,0.0,3.617955207824707,354.2894897460937,0.0299999993294477,16.04800033569336,0.2529999911785126
1781038800000,2026-06-09 21:00:00,,,,,,,,,,,,,13.29800033569336,77.0,1017.7999877929688,9.350465774536133,0.0,2.9024126529693604,7.124929904937744,0.0,15.197999954223633,0.2520000040531158
1781042400000,2026-06-09 22:00:00,,,,,,,,,,,,,12.89799976348877,76.0,1018.0999755859376,8.769031524658203,0.0,2.811689853668213,39.80552673339844,0.0,14.39799976348877,0.2520000040531158
1781044816982,2026-06-09 22:40:16,33.39,26.25,21.24,,,,319.7,297.76,275.3,100.0,-112.0,-10.2,,,,,,,,,,
1781046000000,2026-06-09 23:00:00,,,,,,,,,,,,,12.998000144958496,74.0,1017.9000244140624,8.471386909484863,0.0,1.1384198665618896,341.56494140625,0.0,13.847999572753906,0.2520000040531158
1781049600000,2026-06-10 00:00:00,,,,,,,,,,,,,11.697999954223633,87.0,1017.9000244140624,9.605664253234863,0.0,3.617955207824707,95.71050262451172,0.0,13.29800033569336,0.2399999946355819
1781053200000,2026-06-10 01:00:00,,,,,,,,,,,,,11.29800033569336,87.0,1017.5999755859376,9.212203979492188,0.0,1.1384198665618896,71.5649642944336,0.0,13.04800033569336,0.2399999946355819
1781056800000,2026-06-10 02:00:00,,,,,,,,,,,,,10.347999572753906,91.0,1017.7000122070312,8.942244529724121,0.0,3.5999999046325684,126.86998748779295,0.0,12.597999572753906,0.2399999946355819
1781059204837,2026-06-10 02:40:04,,,,17.49,17.46,16.67,,,,100.0,-112.0,-8.0,,,,,,,,,,
1781059213828,2026-06-10 02:40:13,33.29,26.22,21.24,,,,319.61,297.73,275.3,100.0,-121.0,-18.0,,,,,,,,,,
1781060400000,2026-06-10 03:00:00,,,,,,,,,,,,,10.04800033569336,93.0,1017.7000122070312,8.967464447021484,0.0,2.9024126529693604,97.12492370605467,0.0,12.248000144958496,0.2399999946355819
1781064000000,2026-06-10 04:00:00,,,,,,,,,,,,,10.498000144958496,93.0,1017.9000244140624,9.413626670837402,0.0,2.545584201812744,98.13002014160156,0.0,12.14799976348877,0.2399999946355819
1781067600000,2026-06-10 05:00:00,,,,,,,,,,,,,11.79800033569336,90.0,1018.0,10.210600852966309,0.0,2.879999876022339,90.0,0.0199999995529651,12.447999954223633,0.2399999946355819
1781071200000,2026-06-10 06:00:00,,,,,,,,,,,,,13.64799976348877,81.0,1017.5999755859376,10.447169303894045,0.0,2.099142551422119,120.96369171142578,0.0700000077486038,13.197999954223633,0.2399999946355819
1781073609304,2026-06-10 06:40:09,33.13,26.16,21.24,,,,319.46,297.67,275.3,100.0,-121.0,-20.0,,,,,,,,,,
1781074800000,2026-06-10 07:00:00,,,,,,,,,,,,,15.248000144958496,72.0,1017.5999755859376,10.231231689453123,0.0,0.7199999690055847,90.0,0.1400000154972076,14.097999572753906,0.2399999946355819
1781078400000,2026-06-10 08:00:00,,,,,,,,,,,,,16.648000717163086,65.0,1017.2000122070312,10.038647651672363,0.0,1.1384198665618896,71.5649642944336,0.1800000071525573,14.847999572753906,0.238999992609024
1781082000000,2026-06-10 09:00:00,,,,,,,,,,,,,18.19799995422364,57.0,1017.0,9.539246559143066,0.0,1.8356469869613647,348.6900939941406,0.25,15.597999572753906,0.2380000054836273
1781085600000,2026-06-10 10:00:00,,,,,,,,,,,,,18.14800071716309,57.0,1016.7000122070312,9.492508888244627,0.0,6.489992141723633,340.55987548828125,0.3000000119209289,16.398000717163086,0.2370000034570694
1781087998812,2026-06-10 10:39:58,,,,16.99,16.93,16.61,,,,100.0,-121.0,-16.5,,,,,,,,,,
1781088007724,2026-06-10 10:40:07,33.03,26.12,21.2,,,,319.37,297.62,275.27,100.0,-112.0,-10.5,,,,,,,,,,
1781089200000,2026-06-10 11:00:00,,,,,,,,,,,,,17.74799919128418,57.0,1016.5999755859376,9.118557929992676,0.4000000059604645,7.920000076293945,180.0,0.25,16.648000717163086,0.2360000014305114
1781092800000,2026-06-10 12:00:00,,,,,,,,,,,,,15.697999954223633,73.0,1016.5,10.87133502960205,3.700000047683716,6.618519306182861,67.61981964111328,0.2399999946355819,16.148000717163086,0.2370000034570694
1781096400000,2026-06-10 13:00:00,,,,,,,,,,,,,16.99799919128418,69.0,1015.5,11.269497871398926,0.2000000029802322,4.693825721740723,122.47117614746094,0.2800000309944153,16.097999572753906,0.2540000081062317
1781100000000,2026-06-10 14:00:00,,,,,,,,,,,,,16.697999954223633,73.0,1015.7999877929688,11.834304809570312,0.0,6.287129878997803,166.7594757080078,0.2100000232458114,16.097999572753906,0.2630000114440918
1781102404741,2026-06-10 14:40:04,33.0,26.06,21.17,,,,319.34,297.56,275.25,100.0,-112.0,-12.5,,,,,,,,,,
1781103600000,2026-06-10 15:00:00,,,,,,,,,,,,,16.597999572753906,72.0,1015.5999755859376,11.529168128967283,0.0,5.804825305938721,119.74478912353516,0.1500000059604644,15.947999954223633,0.2680000066757202
1781107200000,2026-06-10 16:00:00,,,,,,,,,,,,,16.29800033569336,76.0,1015.5999755859376,12.059510231018066,0.1000000014901161,3.219938039779663,116.5649871826172,0.1000000089406967,15.89799976348877,0.2689999938011169
1781110800000,2026-06-10 17:00:00,,,,,,,,,,,,,15.54800033569336,85.0,1016.5,13.035688400268556,0.2000000029802322,3.396233081817627,57.994659423828125,0.0500000044703483,15.748000144958496,0.2689999938011169
1781114400000,2026-06-10 18:00:00,,,,,,,,,,,,,15.097999572753906,82.0,1016.5999755859376,12.04738712310791,0.2000000029802322,2.741678237915039,113.19862365722656,0.0399999991059303,15.39799976348877,0.2689999938011169
1781116790350,2026-06-10 18:39:50,,,,16.99,16.14,16.55,,,,100.0,-112.0,-8.2,,,,,,,,,,
1781118000000,2026-06-10 19:00:00,,,,,,,,,,,,,14.347999572753906,86.0,1016.7000122070312,12.03636646270752,0.0,2.595996856689453,33.69010162353516,0.0099999997764825,15.04800033569336,0.2689999938011169
1781121600000,2026-06-10 20:00:00,,,,,,,,,,,,,13.79800033569336,85.0,1016.7999877929688,11.319414138793944,0.0,2.545584201812744,81.86998748779297,0.0,14.597999572753906,0.2689999938011169
1781125200000,2026-06-10 21:00:00,,,,,,,,,,,,,13.39799976348877,86.0,1016.9000244140624,11.103322982788086,0.0,3.545588731765747,293.9624938964844,0.0,14.197999954223633,0.2680000066757202
1781128800000,2026-06-10 22:00:00,,,,,,,,,,,,,13.248000144958496,87.0,1017.2000122070312,11.130228996276855,0.0,2.3051247596740723,141.3401641845703,0.0,13.89799976348877,0.2680000066757202
1781132400000,2026-06-10 23:00:00,,,,,,,,,,,,,13.248000144958496,84.0,1017.2000122070312,10.60210132598877,0.1000000014901161,0.7199999690055847,270.0,0.0,13.64799976348877,0.2669999897480011
1781136000000,2026-06-11 00:00:00,,,,,,,,,,,,,11.79800033569336,83.0,1017.0999755859376,9.004069328308105,0.0,3.877318382263184,291.8014831542969,0.0199999995529651,12.89799976348877,0.2349999994039535
1781139600000,2026-06-11 01:00:00,,,,,,,,,,,,,11.498000144958496,87.0,1017.4000244140624,9.408934593200684,0.1000000014901161,4.582051753997803,315.0000915527344,0.0199999995529651,12.64799976348877,0.2349999994039535
1781143200000,2026-06-11 02:00:00,,,,,,,,,,,,,11.498000144958496,90.0,1017.2999877929688,9.914326667785645,0.1000000014901161,4.104631423950195,307.8750305175781,0.0099999997764825,12.498000144958496,0.2349999994039535
1781146800000,2026-06-11 03:00:00,,,,,,,,,,,,,11.39799976348877,89.0,1017.4000244140624,9.648905754089355,0.1000000014901161,3.7585103511810303,286.6993103027344,0.0099999997764825,12.347999572753906,0.2360000014305114
1781150400000,2026-06-11 04:00:00,,,,,,,,,,,,,11.697999954223633,90.0,1017.7999877929688,10.111844062805176,0.4000000059604645,6.379216194152832,286.3896179199219,0.0199999995529651,12.347999572753906,0.2360000014305114
1781154000000,2026-06-11 05:00:00,,,,,,,,,,,,,12.14799976348877,87.0,1018.4000244140624,10.048295021057127,0.2000000029802322,8.55710220336914,284.62091064453125,0.0299999993294477,12.447999954223633,0.2380000054836273
1781157600000,2026-06-11 06:00:00,,,,,,,,,,,,,12.14799976348877,86.0,1018.5999755859376,9.875539779663086,0.5,9.957108497619627,282.52880859375,0.0799999982118606,12.64799976348877,0.2399999946355819
1781159988122,2026-06-11 06:39:48,32.7,25.92,21.02,,,,319.07,297.41,275.13,100.0,-113.0,-10.0,,,,,,,,,,
1781161200000,2026-06-11 07:00:00,,,,,,,,,,,,,12.248000144958496,85.0,1018.9000244140624,9.79909610748291,0.6000000238418579,9.504273414611816,294.62353515625,0.0900000035762786,12.697999954223633,0.2450000047683715
1781164800000,2026-06-11 08:00:00,,,,,,,,,,,,,12.597999572753906,82.0,1019.0999755859376,9.605846405029297,0.3000000119209289,10.245779991149902,288.4350280761719,0.2100000232458114,12.998000144958496,0.25
1781168400000,2026-06-11 09:00:00,,,,,,,,,,,,,13.79800033569336,77.0,1019.5,9.835168838500977,0.1000000014901161,7.594208240509033,301.42950439453125,0.2300000041723251,13.39799976348877,0.2540000081062317
1781172000000,2026-06-11 10:00:00,,,,,,,,,,,,,14.29800033569336,66.0,1019.4000244140624,8.030704498291016,0.0,12.101570129394531,292.7510070800781,0.2399999946355819,13.847999572753906,0.2560000121593475
1781174378113,2026-06-11 10:39:38,,,,16.4,16.81,16.35,,,,100.0,-113.0,-11.0,,,,,,,,,,
1781175600000,2026-06-11 11:00:00,,,,,,,,,,,,,15.597999572753906,64.0,1019.2999877929688,8.811521530151367,0.0,11.43531322479248,298.1784973144531,0.3900000154972076,14.248000144958496,0.2569999992847442
1781179200000,2026-06-11 12:00:00,,,,,,,,,,,,,16.898000717163086,62.0,1019.0,9.57019329071045,0.0,11.298495292663574,292.4794616699219,0.4799999892711639,15.04800033569336,0.2560000121593475
1781182800000,2026-06-11 13:00:00,,,,,,,,,,,,,17.54800033569336,56.0,1018.7000122070312,8.669508934020996,0.0,10.464797973632812,273.9450988769531,0.4399999976158142,15.79800033569336,0.2540000081062317
1781186400000,2026-06-11 14:00:00,,,,,,,,,,,,,17.847999572753906,54.0,1018.5999755859376,8.41144847869873,0.0,12.605141639709473,268.36346435546875,0.4000000357627868,16.347999572753906,0.2529999911785126
1781188775105,2026-06-11 14:39:35,,,,16.4,15.48,16.37,,,,100.0,-113.0,-13.5,,,,,,,,,,
1781190000000,2026-06-11 15:00:00,,,,,,,,,,,,,16.79800033569336,53.0,1019.0999755859376,7.162423133850098,0.0,17.015474319458008,276.0723571777344,0.3199999928474426,16.398000717163086,0.2509999871253967
1781193600000,2026-06-11 16:00:00,,,,,,,,,,,,,16.74799919128418,51.0,1019.4000244140624,6.555372714996338,0.0,13.27614402770996,282.52880859375,0.2599999904632568,16.24799919128418,0.25
1781197200000,2026-06-11 17:00:00,,,,,,,,,,,,,16.447999954223633,52.0,1019.7999877929688,6.560535430908203,0.0,10.661107063293455,281.6893310546875,0.2000000178813934,15.99799919128418,0.2479999959468841
1781200800000,2026-06-11 18:00:00,,,,,,,,,,,,,15.947999954223633,56.0,1020.0999755859376,7.176365375518799,0.0,7.199999809265137,270.0,0.1099999994039535,15.597999572753906,0.2469999939203262
1781204400000,2026-06-11 19:00:00,,,,,,,,,,,,,14.597999572753906,65.0,1020.5999755859376,8.09127426147461,0.0,6.839999675750732,270.0,0.0500000044703483,14.947999954223633,0.2460000067949295
1781208000000,2026-06-11 20:00:00,,,,,,,,,,,,,13.197999954223633,75.0,1020.9000244140624,8.86306095123291,0.0,4.104631423950195,254.7448272705078,0.0199999995529651,14.248000144958496,0.2450000047683715
1781211600000,2026-06-11 21:00:00,,,,,,,,,,,,,11.697999954223633,79.0,1021.5,8.176436424255371,0.0,3.3190360069274902,310.6012268066406,0.0099999997764825,13.347999572753906,0.2450000047683715
1781215200000,2026-06-11 22:00:00,,,,,,,,,,,,,10.947999954223633,78.0,1021.7999877929688,7.260541915893555,0.0,1.7999999523162842,360.0,0.0,12.498000144958496,0.2440000027418136
1781217575951,2026-06-11 22:39:35,32.67,25.84,20.89,,,,319.04,297.32,275.02,100.0,-113.0,-12.2,,,,,,,,,,
1781218800000,2026-06-11 23:00:00,,,,,,,,,,,,,10.39799976348877,77.0,1021.9000244140624,6.538604259490967,0.0,1.938659191131592,68.19853210449219,0.0,11.64799976348877,0.2440000027418136
1781222400000,2026-06-12 00:00:00,,,,,,,,,,,,,9.197999954223633,88.0,1020.9000244140624,7.3134765625,0.0,4.0249223709106445,79.6952133178711,0.0,10.39799976348877,0.2509999871253967
1781226000000,2026-06-12 01:00:00,,,,,,,,,,,,,9.39799976348877,86.0,1021.0999755859376,7.174040794372559,0.0,3.7064266204833984,60.94549179077149,0.0,10.248000144958496,0.25
1781229600000,2026-06-12 02:00:00,,,,,,,,,,,,,9.447999954223633,87.0,1020.9000244140624,7.392312526702881,0.0,4.0249223709106445,100.3047866821289,0.0,10.29800033569336,0.25
1781231966981,2026-06-12 02:39:26,,,,16.35,16.32,16.35,,,,100.0,-112.0,-9.0,,,,,,,,,,
1781233200000,2026-06-12 03:00:00,,,,,,,,,,,,,8.89799976348877,87.0,1020.7999877929688,6.851222515106201,0.0,3.415259599685669,71.5649642944336,0.0,10.248000144958496,0.248999997973442
1781236800000,2026-06-12 04:00:00,,,,,,,,,,,,,8.597999572753906,90.0,1021.0,7.0500969886779785,0.0,4.735060214996338,98.74607849121094,0.0,10.14799976348877,0.248999997973442
1781240400000,2026-06-12 05:00:00,,,,,,,,,,,,,9.697999954223633,93.0,1020.7999877929688,8.620444297790527,0.0,3.3190360069274902,102.52880096435548,0.0299999993294477,10.447999954223633,0.248999997973442
1781244000000,2026-06-12 06:00:00,,,,,,,,,,,,,11.097999572753906,87.0,1020.7000122070312,9.015466690063477,0.0,4.0249223709106445,100.3047866821289,0.0500000044703483,10.947999954223633,0.2479999959468841
1781246362852,2026-06-12 06:39:22,,,,16.06,15.63,15.94,,,,100.0,-113.0,-13.2,,,,,,,,,,
1781247600000,2026-06-12 07:00:00,,,,,,,,,,,,,12.447999954223633,82.0,1020.5,9.459335327148438,0.1000000014901161,4.6938252449035645,94.39862060546876,0.0900000035762786,11.54800033569336,0.2479999959468841
1781251200000,2026-06-12 08:00:00,,,,,,,,,,,,,14.14799976348877,83.0,1019.7999877929688,11.302590370178224,0.1000000014901161,6.6380720138549805,102.52880096435548,0.1400000154972076,12.29800033569336,0.2469999939203262
1781254800000,2026-06-12 09:00:00,,,,,,,,,,,,,14.498000144958496,76.0,1019.7000122070312,10.317666053771973,0.4000000059604645,5.483356475830078,156.80137634277344,0.1000000089406967,12.79800033569336,0.2460000067949295
1781258400000,2026-06-12 10:00:00,,,,,,,,,,,,,14.347999572753906,80.0,1019.7000122070312,10.94258975982666,0.3000000119209289,5.58870267868042,165.0685272216797,0.0700000077486038,12.847999572753906,0.2460000067949295
1781262000000,2026-06-12 11:00:00,,,,,,,,,,,,,14.39799976348877,79.0,1019.7000122070312,10.80191707611084,0.1000000014901161,6.6380720138549805,167.47120666503906,0.1099999994039535,12.998000144958496,0.2460000067949295
1781265600000,2026-06-12 12:00:00,,,,,,,,,,,,,14.79800033569336,82.0,1019.4000244140624,11.754433631896973,0.1000000014901161,2.545584201812744,188.1300201416016,0.0799999982118606,13.197999954223633,0.2460000067949295
1781269200000,2026-06-12 13:00:00,,,,,,,,,,,,,14.847999572753906,85.0,1019.2000122070312,12.349203109741213,0.4000000059604645,2.545584201812744,98.13002014160156,0.0599999986588954,13.447999954223633,0.2460000067949295
1781272800000,2026-06-12 14:00:00,,,,,,,,,,,,,14.79800033569336,89.0,1019.0,13.002015113830566,0.800000011920929,2.189794540405273,99.46224975585938,0.0500000044703483,13.597999572753906,0.2469999939203262
1781276400000,2026-06-12 15:00:00,,,,,,,,,,,,,15.29800033569336,84.0,1018.7999877929688,12.609827041625977,0.5,2.968636035919189,255.96372985839844,0.0299999993294477,13.697999954223633,0.25
1781280000000,2026-06-12 16:00:00,,,,,,,,,,,,,15.197999954223633,85.0,1018.7999877929688,12.692449569702148,0.2000000029802322,4.320000171661377,270.0,0.0299999993294477,13.64799976348877,0.2549999952316284
1781283600000,2026-06-12 17:00:00,,,,,,,,,,,,,14.998000144958496,86.0,1019.0,12.674728393554688,0.5,4.320000171661377,270.0,0.0299999993294477,13.64799976348877,0.2599999904632568
1781287200000,2026-06-12 18:00:00,,,,,,,,,,,,,14.947999954223633,87.0,1018.9000244140624,12.80215835571289,0.1000000014901161,4.33497428894043,265.2364501953125,0.0199999995529651,13.597999572753906,0.2649999856948852
1781290800000,2026-06-12 19:00:00,,,,,,,,,,,,,14.697999954223633,89.0,1018.9000244140624,12.903400421142578,0.1000000014901161,3.415259599685669,288.4350280761719,0.0099999997764825,13.597999572753906,0.2689999938011169
1781294400000,2026-06-12 20:00:00,,,,,,,,,,,,,14.248000144958496,90.0,1018.7000122070312,12.630029678344728,0.0,3.219938039779663,333.4350280761719,0.0,13.447999954223633,0.2709999978542328
1781298000000,2026-06-12 21:00:00,,,,,,,,,,,,,13.697999954223633,92.0,1018.5999755859376,12.4213285446167,0.0,3.7585103511810303,343.3006896972656,0.0,13.097999572753906,0.2720000147819519
1781301600000,2026-06-12 22:00:00,,,,,,,,,,,,,13.697999954223633,92.0,1018.2999877929688,12.4213285446167,0.0,3.9600000381469727,360.0,0.0,12.998000144958496,0.2720000147819519
1781305200000,2026-06-12 23:00:00,,,,,,,,,,,,,13.947999954223633,91.0,1018.2000122070312,12.502127647399902,0.0,4.0249223709106445,333.4350280761719,0.0,12.947999954223633,0.2720000147819519
1781308800000,2026-06-13 00:00:00,,,,,,,,,,,,,15.29800033569336,89.0,1016.5999755859376,13.49506664276123,0.0,3.976329803466797,275.1943359375,0.0,13.697999954223633,0.2569999992847442
1781312400000,2026-06-13 01:00:00,,,,,,,,,,,,,14.197999954223633,93.0,1017.2000122070312,13.081814765930176,0.0,2.879999876022339,360.0,0.0,13.498000144958496,0.2569999992847442
1781316000000,2026-06-13 02:00:00,,,,,,,,,,,,,13.998000144958496,94.0,1016.5999755859376,13.0471830368042,0.0,3.3190360069274902,102.52880096435548,0.0,13.347999572753906,0.2569999992847442
1781319600000,2026-06-13 03:00:00,,,,,,,,,,,,,13.847999572753906,92.0,1017.2000122070312,12.569842338562012,0.0,1.0182337760925293,44.99989700317383,0.0,13.14799976348877,0.2569999992847442
1781323200000,2026-06-13 04:00:00,,,,,,,,,,,,,14.248000144958496,91.0,1017.2000122070312,12.798762321472168,0.0,1.0800000429153442,270.0,0.0,13.04800033569336,0.2560000121593475
1781326800000,2026-06-13 05:00:00,,,,,,,,,,,,,15.248000144958496,89.0,1016.9000244140624,13.445759773254396,0.0,1.8356469869613647,258.6900939941406,0.0,13.29800033569336,0.2560000121593475
1781330400000,2026-06-13 06:00:00,,,,,,,,,,,,,15.64799976348877,90.0,1016.7999877929688,14.012429237365724,0.3000000119209289,3.617955207824707,264.2894897460937,0.0199999995529651,13.697999954223633,0.2560000121593475
1781334000000,2026-06-13 07:00:00,,,,,,,,,,,,,16.04800033569336,89.0,1016.4000244140624,14.234620094299316,0.2000000029802322,6.214563369750977,280.0079040527344,0.1099999994039535,14.097999572753906,0.2560000121593475
1781337600000,2026-06-13 08:00:00,,,,,,,,,,,,,16.54800033569336,88.0,1016.0,14.552485466003418,0.5,6.519876956939697,276.340087890625,0.1099999994039535,14.347999572753906,0.2569999992847442
1781341200000,2026-06-13 09:00:00,,,,,,,,,,,,,16.74799919128418,86.0,1015.9000244140624,14.393251419067385,0.0,7.594207286834717,264.55975341796875,0.1899999976158142,14.697999954223633,0.2590000033378601
1781344800000,2026-06-13 10:00:00,,,,,,,,,,,,,17.54800033569336,81.0,1015.9000244140624,14.24979305267334,0.0,9.726664543151855,267.8789367675781,0.2599999904632568,14.947999954223633,0.2590000033378601
1781348400000,2026-06-13 11:00:00,,,,,,,,,,,,,18.49799919128418,75.0,1015.7999877929688,13.98345947265625,0.0,12.605141639709473,271.63653564453125,0.3700000345706939,15.29800033569336,0.2590000033378601
1781350893444,2026-06-13 11:41:33,,,,,,,,,,100.0,-121.0,-22.5,,,,,,,,,,
1781350918342,2026-06-13 11:41:58,32.24,25.59,20.67,,,,318.65,297.06,274.85,100.0,-122.0,-18.5,,,,,,,,,,
1781352000000,2026-06-13 12:00:00,,,,,,,,,,,,,19.54800033569336,73.0,1015.2000122070312,14.578008651733398,0.0,13.138765335083008,260.5377502441406,0.5299999713897705,15.79800033569336,0.2569999992847442
1781355600000,2026-06-13 13:00:00,,,,,,,,,,,,,19.29800033569336,73.0,1014.5999755859376,14.337377548217772,0.0,8.714676856994629,321.70977783203125,0.3799999952316284,15.99799919128418,0.2560000121593475
1781359200000,2026-06-13 14:00:00,,,,,,,,,,,,,20.097999572753903,72.0,1013.7000122070312,14.892956733703612,0.0,7.903619289398193,300.0684814453125,0.449999988079071,16.648000717163086,0.2549999952316284
1781362800000,2026-06-13 15:00:00,,,,,,,,,,,,,18.69799995422364,77.0,1013.2999877929688,14.583728790283203,0.6000000238418579,8.287821769714355,267.510498046875,0.2800000309944153,16.54800033569336,0.2540000081062317
1781365308547,2026-06-13 15:41:48,32.37,25.62,20.67,,,,318.77,297.09,274.85,100.0,-113.0,-19.0,,,,,,,,,,
1781366400000,2026-06-13 16:00:00,,,,,,,,,,,,,19.14800071716309,73.0,1013.0,14.192996978759766,0.0,9.983105659484863,295.6409606933594,0.2900000214576721,16.49799919128418,0.2529999911785126
1781370000000,2026-06-13 17:00:00,,,,,,,,,,,,,18.347999572753903,65.0,1012.9000244140624,11.652944564819336,0.0,13.55150032043457,286.99090576171875,0.3600000143051147,16.29800033569336,0.2520000040531158
1781373600000,2026-06-13 18:00:00,,,,,,,,,,,,,17.398000717163086,65.0,1013.5999755859376,10.750905990600586,0.0,16.583459854125977,332.8787841796875,0.270000010728836,16.04800033569336,0.2509999871253967
1781377200000,2026-06-13 19:00:00,,,,,,,,,,,,,15.39799976348877,70.0,1014.5,9.953824996948242,0.0,9.957107543945312,310.6012268066406,0.1400000154972076,15.597999572753906,0.25
1781379696455,2026-06-13 19:41:36,,,,16.26,15.54,15.77,,,,100.0,-112.0,-11.0,,,,,,,,,,
1781380800000,2026-06-13 20:00:00,,,,,,,,,,,,,14.847999572753906,68.0,1014.9000244140624,8.996131896972656,0.0,9.504273414611816,294.62353515625,0.0700000077486038,15.097999572753906,0.25
1781384400000,2026-06-13 21:00:00,,,,,,,,,,,,,13.498000144958496,75.0,1015.0,9.152990341186523,0.0,5.804825305938721,277.1249084472656,0.0599999986588954,14.64799976348877,0.248999997973442
1781388000000,2026-06-13 22:00:00,,,,,,,,,,,,,12.697999954223633,79.0,1015.0999755859376,9.148926734924316,0.0,3.6712939739227295,281.3099060058594,0.0299999993294477,14.097999572753906,0.248999997973442
1781391600000,2026-06-13 23:00:00,,,,,,,,,,,,,11.697999954223633,83.0,1014.9000244140624,8.906250953674316,0.0,2.968636035919189,284.0362548828125,0.0099999997764825,13.447999954223633,0.2479999959468841
1781395200000,2026-06-14 00:00:00,,,,,,,,,,,,,13.498000144958496,73.0,1014.2000122070312,8.75231647491455,0.0,5.447788238525391,277.59454345703125,0.0199999995529651,14.14799976348877,0.2630000114440918
1781398800000,2026-06-14 01:00:00,,,,,,,,,,,,,12.79800033569336,78.0,1013.7000122070312,9.057024955749512,0.0,4.582051753997803,315.0000915527344,0.0199999995529651,13.847999572753906,0.2619999945163727
1781402400000,2026-06-14 02:00:00,,,,,,,,,,,,,12.29800033569336,85.0,1013.7999877929688,9.848142623901367,0.6000000238418579,2.811689853668213,320.1944885253906,0.0199999995529651,13.597999572753906,0.2610000073909759
1781406000000,2026-06-14 03:00:00,,,,,,,,,,,,,12.39799976348877,83.0,1013.2999877929688,9.590970993041992,0.1000000014901161,2.620839357376098,254.0545349121093,0.0099999997764825,13.29800033569336,0.2610000073909759
1781409600000,2026-06-14 04:00:00,,,,,,,,,,,,,12.29800033569336,78.0,1013.2999877929688,8.571527481079102,0.0,6.130578994750977,266.63360595703125,0.0299999993294477,12.998000144958496,0.2610000073909759
1781413200000,2026-06-14 05:00:00,,,,,,,,,,,,,12.64799976348877,76.0,1013.2000122070312,8.527029037475586,0.0,11.901798248291016,273.4681701660156,0.0700000077486038,12.947999954223633,0.2610000073909759
1781416800000,2026-06-14 06:00:00,,,,,,,,,,,,,12.89799976348877,74.0,1013.2000122070312,8.37489128112793,0.0,11.901798248291016,273.4681701660156,0.1700000017881393,13.097999572753906,0.2610000073909759
1781420400000,2026-06-14 07:00:00,,,,,,,,,,,,,13.498000144958496,69.0,1012.5999755859376,7.921014785766602,0.0,15.192682266235352,283.7069702148437,0.2399999946355819,13.347999572753906,0.2610000073909759
1781422896374,2026-06-14 07:41:36,32.37,25.7,20.71,,,,318.77,297.18,274.88,100.0,-113.0,-13.8,,,,,,,,,,
1781424000000,2026-06-14 08:00:00,,,,,,,,,,,,,13.947999954223633,70.0,1012.2999877929688,8.564106941223145,0.1000000014901161,18.28927421569824,280.20391845703125,0.25,13.447999954223633,0.2599999904632568
1781427600000,2026-06-14 09:00:00,,,,,,,,,,,,,14.597999572753906,68.0,1012.2000122070312,8.757342338562012,0.0,17.46278190612793,284.32275390625,0.3600000143051147,13.947999954223633,0.2599999904632568
1781431200000,2026-06-14 10:00:00,,,,,,,,,,,,,14.347999572753906,70.0,1012.0999755859376,8.947511672973633,0.4000000059604645,14.830076217651367,275.5721130371094,0.3000000119209289,14.097999572753906,0.2590000033378601
1781434800000,2026-06-14 11:00:00,,,,,,,,,,,,,15.89799976348877,60.0,1011.5999755859376,8.1417875289917,0.0,19.242326736450195,287.4180603027344,0.4300000071525574,14.597999572753906,0.257999986410141
1781438400000,2026-06-14 12:00:00,,,,,,,,,,,,,14.697999954223633,78.0,1011.9000244140624,10.901665687561035,0.1000000014901161,14.88241958618164,327.84771728515625,0.2900000214576721,14.64799976348877,0.2569999992847442
1781442000000,2026-06-14 13:00:00,,,,,,,,,,,,,17.197999954223633,59.0,1011.5,9.115169525146484,0.0,19.73443603515625,284.7968139648437,0.3600000143051147,15.248000144958496,0.2560000121593475
1781445600000,2026-06-14 14:00:00,,,,,,,,,,,,,16.648000717163086,57.0,1011.5,8.090010643005371,0.0,20.393293380737305,290.67449951171875,0.3100000023841858,15.447999954223633,0.2549999952316284
1781449200000,2026-06-14 15:00:00,,,,,,,,,,,,,17.29800033569336,55.0,1011.5,8.170514106750488,0.0,19.694992065429688,288.1038513183594,0.270000010728836,15.597999572753906,0.2529999911785126
1781452800000,2026-06-14 16:00:00,,,,,,,,,,,,,17.447999954223633,49.0,1011.0999755859376,6.617988586425781,0.0,18.38821220397949,293.05133056640625,0.25,15.847999572753906,0.2520000040531158
1781456400000,2026-06-14 17:00:00,,,,,,,,,,,,,15.347999572753906,68.0,1011.7000122070312,9.473676681518556,0.1000000014901161,13.009902954101562,284.4208068847656,0.1400000154972076,15.54800033569336,0.2509999871253967
1781460000000,2026-06-14 18:00:00,,,,,,,,,,,,,15.14799976348877,68.0,1011.7999877929688,9.28266716003418,0.0,11.212135314941406,275.5274353027344,0.0900000035762786,15.097999572753906,0.2509999871253967
1781463600000,2026-06-14 19:00:00,,,,,,,,,,,,,14.197999954223633,71.0,1012.0999755859376,9.013937950134276,0.0,9.255571365356444,283.4957580566406,0.0599999986588954,14.597999572753906,0.25
1781467200000,2026-06-14 20:00:00,,,,,,,,,,,,,13.697999954223633,67.0,1012.2999877929688,7.680023193359375,0.0,8.404284477233887,279.8657531738281,0.0500000044703483,14.14799976348877,0.25
1781470800000,2026-06-14 21:00:00,,,,,,,,,,,,,12.597999572753906,75.0,1012.5,8.283167839050293,0.0,5.771238803863525,273.5762634277344,0.0299999993294477,13.597999572753906,0.248999997973442
1781474400000,2026-06-14 22:00:00,,,,,,,,,,,,,11.64799976348877,81.0,1012.5,8.49654769897461,0.0,4.735060214996338,278.7460632324219,0.0099999997764825,12.998000144958496,0.248999997973442
1781478000000,2026-06-14 23:00:00,,,,,,,,,,,,,11.498000144958496,82.0,1012.5,8.531392097473145,0.0,5.351784706115723,289.6539001464844,0.0099999997764825,12.597999572753906,0.248999997973442
1781481600000,2026-06-15 00:00:00,,,,,,,,,,,,,12.29800033569336,83.0,1012.5999755859376,9.493157386779783,0.0,6.877789974212647,276.0089111328125,0.0299999993294477,13.097999572753906,0.2660000026226043
1781485200000,2026-06-15 01:00:00,,,,,,,,,,,,,12.04800033569336,84.0,1012.5999755859376,9.4266939163208,0.0,5.771238803863525,266.4237365722656,0.0399999991059303,12.947999954223633,0.2660000026226043
1781488800000,2026-06-15 02:00:00,,,,,,,,,,,,,11.697999954223633,86.0,1012.5,9.433512687683104,0.1000000014901161,4.0249223709106445,280.3047790527344,0.0299999993294477,12.748000144958496,0.2649999856948852
1781492400000,2026-06-15 03:00:00,,,,,,,,,,,,,11.347999572753906,85.0,1012.4000244140624,8.91624927520752,0.0,7.594207286834717,275.44024658203125,0.0199999995529651,12.447999954223633,0.2649999856948852
1781494869713,2026-06-15 03:41:09,,,,15.91,15.31,15.8,,,,100.0,-112.0,-10.2,,,,,,,,,,
1781496000000,2026-06-15 04:00:00,,,,,,,,,,,,,11.248000144958496,87.0,1012.4000244140624,9.163019180297852,0.0,4.6938252449035645,274.39862060546875,0.0399999991059303,12.197999954223633,0.2649999856948852
1781499600000,2026-06-15 05:00:00,,,,,,,,,,,,,12.14799976348877,84.0,1012.7999877929688,9.52464771270752,0.1000000014901161,9.77981662750244,276.340087890625,0.0599999986588954,12.29800033569336,0.2639999985694885
1781503200000,2026-06-15 06:00:00,,,,,,,,,,,,,12.89799976348877,79.0,1012.9000244140624,9.343411445617676,0.0,14.044614791870115,271.4687805175781,0.2100000232458114,12.597999572753906,0.2639999985694885
1781506800000,2026-06-15 07:00:00,,,,,,,,,,,,,12.998000144958496,77.0,1012.9000244140624,9.059627532958984,0.0,12.620553970336914,273.2704162597656,0.2399999946355819,12.847999572753906,0.2639999985694885
1781509266636,2026-06-15 07:41:06,,,,15.74,16.23,15.71,,,,100.0,-113.0,-12.8,,,,,,,,,,
1781510400000,2026-06-15 08:00:00,,,,,,,,,,,,,13.498000144958496,75.0,1012.7000122070312,9.152990341186523,0.0,14.417987823486328,272.8623352050781,0.2300000041723251,13.04800033569336,0.2630000114440918
1781514000000,2026-06-15 09:00:00,,,,,,,,,,,,,14.447999954223633,71.0,1012.7999877929688,9.253958702087402,0.0,14.618837356567385,279.9261779785156,0.2399999946355819,13.248000144958496,0.2619999945163727
1781517600000,2026-06-15 10:00:00,,,,,,,,,,,,,14.697999954223633,70.0,1012.9000244140624,9.282968521118164,0.0,13.397611618041992,276.1700744628906,0.2399999946355819,13.498000144958496,0.2619999945163727
1781521200000,2026-06-15 11:00:00,,,,,,,,,,,,,15.748000144958496,67.0,1013.0,9.63468074798584,0.0,15.815435409545898,281.82147216796875,0.2399999946355819,13.847999572753906,0.2610000073909759
1781524800000,2026-06-15 12:00:00,,,,,,,,,,,,,16.898000717163086,61.0,1012.5999755859376,9.32819366455078,0.0,15.89309310913086,283.0918884277344,0.3199999928474426,14.447999954223633,0.2599999904632568
1781528400000,2026-06-15 13:00:00,,,,,,,,,,,,,16.898000717163086,59.0,1012.7000122070312,8.833507537841797,0.1000000014901161,17.727943420410156,282.90740966796875,0.3300000131130218,14.89799976348877,0.257999986410141
1781532000000,2026-06-15 14:00:00,,,,,,,,,,,,,17.29800033569336,58.0,1012.7999877929688,8.95538330078125,0.0,18.64369010925293,280.0079040527344,0.270000010728836,15.14799976348877,0.2569999992847442
1781535600000,2026-06-15 15:00:00,,,,,,,,,,,,,17.447999954223633,61.0,1013.0999755859376,9.846590995788574,0.0,14.75999927520752,282.68035888671875,0.2399999946355819,15.29800033569336,0.2560000121593475
1781539200000,2026-06-15 16:00:00,,,,,,,,,,,,,17.347999572753906,58.0,1013.2999877929688,9.002227783203125,0.0,18.91970443725586,291.1941223144531,0.2199999988079071,15.447999954223633,0.2549999952316284
1781542800000,2026-06-15 17:00:00,,,,,,,,,,,,,16.697999954223633,62.0,1013.5,9.381302833557127,0.0,16.279802322387695,288.03436279296875,0.1599999964237213,15.347999572753906,0.2549999952316284
1781546400000,2026-06-15 18:00:00,,,,,,,,,,,,,16.097999572753906,64.0,1013.5999755859376,9.285601615905762,0.0,11.252518653869627,277.352294921875,0.1099999994039535,15.197999954223633,0.2540000081062317
1781550000000,2026-06-15 19:00:00,,,,,,,,,,,,,14.947999954223633,71.0,1014.0,9.73397159576416,0.0,7.559999465942383,270.0,0.0500000044703483,14.79800033569336,0.2540000081062317
1781552457430,2026-06-15 19:40:57,,,,15.66,15.91,15.57,,,,100.0,-113.0,-11.8,,,,,,,,,,
1781553600000,2026-06-15 20:00:00,,,,,,,,,,,,,13.748000144958496,75.0,1014.4000244140624,9.394591331481934,0.0,5.154415607452393,282.0947265625,0.0199999995529651,14.197999954223633,0.2529999911785126
1781557200000,2026-06-15 21:00:00,,,,,,,,,,,,,12.597999572753906,81.0,1014.7999877929688,9.423140525817873,0.0,4.198285102844238,300.96368408203125,0.0099999997764825,13.64799976348877,0.2529999911785126
1781560800000,2026-06-15 22:00:00,,,,,,,,,,,,,11.64799976348877,85.0,1015.0999755859376,9.210538864135742,0.0,3.7064266204833984,330.94549560546875,0.0,12.89799976348877,0.2529999911785126
1781564400000,2026-06-15 23:00:00,,,,,,,,,,,,,11.04800033569336,87.0,1015.5,8.96628475189209,0.0,3.3190360069274902,347.47119140625,0.0,12.248000144958496,0.2529999911785126
1781566862453,2026-06-15 23:41:02,31.87,25.56,20.46,,,,318.32,297.03,274.68,100.0,-112.0,-9.5,,,,,,,,,,
1781568000000,2026-06-16 00:00:00,,,,,,,,,,,,,12.29800033569336,85.0,1015.5999755859376,9.848142623901367,0.0,3.89399528503418,303.6900939941406,0.0099999997764825,13.248000144958496,0.2549999952316284
1781571600000,2026-06-16 01:00:00,,,,,,,,,,,,,11.597999572753906,86.0,1015.7999877929688,9.335282325744627,0.0,3.7064266204833984,299.05450439453125,0.0,12.748000144958496,0.2549999952316284
1781575200000,2026-06-16 02:00:00,,,,,,,,,,,,,10.498000144958496,89.0,1016.2000122070312,8.761215209960938,0.0,3.3190360069274902,347.47119140625,0.0,12.14799976348877,0.2540000081062317
1781578800000,2026-06-16 03:00:00,,,,,,,,,,,,,9.697999954223633,91.0,1016.5999755859376,8.299427032470703,0.0,3.415259599685669,341.56494140625,0.0,11.54800033569336,0.2540000081062317
1781581260422,2026-06-16 03:41:00,31.81,25.56,20.46,,,,318.26,297.03,274.68,100.0,-112.0,-9.5,,,,,,,,,,
1781582400000,2026-06-16 04:00:00,,,,,,,,,,,,,10.29800033569336,89.0,1016.7000122070312,8.563946723937988,0.0,1.8356469869613647,348.6900939941406,0.0,11.14799976348877,0.2540000081062317
1781586000000,2026-06-16 05:00:00,,,,,,,,,,,,,11.79800033569336,88.0,1016.9000244140624,9.874573707580566,0.0,0.7199999690055847,90.0,0.0099999997764825,11.498000144958496,0.2540000081062317
1781589600000,2026-06-16 06:00:00,,,,,,,,,,,,,13.39799976348877,80.0,1016.9000244140624,10.017515182495115,0.0,0.5091168880462646,135.00010681152344,0.1000000089406967,12.39799976348877,0.2540000081062317
1781593200000,2026-06-16 07:00:00,,,,,,,,,,,,,15.447999954223633,69.0,1016.7000122070312,9.786843299865724,0.0,6.519876956939697,263.659912109375,0.1599999964237213,13.39799976348877,0.2540000081062317
1781596800000,2026-06-16 08:00:00,,,,,,,,,,,,,17.097999572753906,62.0,1016.5,9.759068489074709,0.0,6.287129878997803,256.75946044921875,0.2599999904632568,14.39799976348877,0.2529999911785126
1781600400000,2026-06-16 09:00:00,,,,,,,,,,,,,18.49799919128418,57.0,1016.2000122070312,9.819677352905272,0.0,6.989935398101807,258.1113586425781,0.3400000035762787,15.447999954223633,0.2520000040531158
1781604000000,2026-06-16 10:00:00,,,,,,,,,,,,,19.14800071716309,57.0,1016.0,10.427209854125977,0.0,8.31124496459961,265.03033447265625,0.3400000035762787,16.197999954223633,0.2509999871253967
1781607600000,2026-06-16 11:00:00,,,,,,,,,,,,,18.64800071716309,62.0,1015.7000122070312,11.22260284423828,0.2000000029802322,7.695919990539551,259.2157592773437,0.270000010728836,16.398000717163086,0.25
1781611200000,2026-06-16 12:00:00,,,,,,,,,,,,,18.79800033569336,65.0,1015.5,12.080170631408691,0.2000000029802322,6.725354194641113,254.475830078125,0.2599999904632568,16.447999954223633,0.248999997973442
1781614800000,2026-06-16 13:00:00,,,,,,,,,,,,,19.49799919128418,66.0,1014.7999877929688,12.978066444396973,0.0,1.4843180179595947,165.96372985839844,0.2399999946355819,16.74799919128418,0.248999997973442
1781618400000,2026-06-16 14:00:00,,,,,,,,,,,,,20.097999572753903,66.0,1014.2999877929688,13.548603057861328,0.0,3.617955207824707,84.28949737548828,0.2300000041723251,17.097999572753906,0.2479999959468841
1781622000000,2026-06-16 15:00:00,,,,,,,,,,,,,20.347999572753903,67.0,1014.4000244140624,14.018072128295898,0.0,2.099142551422119,59.036319732666016,0.1800000071525573,17.29800033569336,0.2479999959468841
1781625600000,2026-06-16 16:00:00,,,,,,,,,,,,,19.14800071716309,76.0,1014.9000244140624,14.81661891937256,1.0,8.31124496459961,287.65020751953125,0.1000000089406967,17.097999572753906,0.2479999959468841
1781629200000,2026-06-16 17:00:00,,,,,,,,,,,,,18.64800071716309,81.0,1015.0,15.322066307067873,0.0,4.510787010192871,298.6103515625,0.1000000089406967,16.697999954223633,0.2479999959468841
1781631725974,2026-06-16 17:42:05,,,,,,,,,,100.0,-121.0,-20.2,,,,,,,,,,
1781632800000,2026-06-16 18:00:00,,,,,,,,,,,,,18.39800071716309,83.0,1015.0999755859376,15.458312034606934,0.0,3.7064266204833984,299.05450439453125,0.0599999986588954,16.597999572753906,0.248999997973442
1781636400000,2026-06-16 19:00:00,,,,,,,,,,,,,17.74799919128418,84.0,1015.5,15.008865356445312,0.1000000014901161,5.241678714752197,285.9454650878906,0.0399999991059303,16.347999572753906,0.248999997973442
1781640000000,2026-06-16 20:00:00,,,,,,,,,,,,,17.197999954223633,87.0,1015.9000244140624,15.014725685119627,0.1000000014901161,3.2599384784698486,276.340087890625,0.0199999995529651,16.04800033569336,0.25
1781643600000,2026-06-16 21:00:00,,,,,,,,,,,,,16.597999572753906,88.0,1016.0999755859376,14.601717948913574,0.0,3.075841426849365,290.5561218261719,0.0099999997764825,15.748000144958496,0.25
1781647200000,2026-06-16 22:00:00,,,,,,,,,,,,,16.097999572753906,90.0,1016.2999877929688,14.456751823425291,0.0,2.595996856689453,326.3099060058594,0.0,15.39799976348877,0.25
1781650800000,2026-06-16 23:00:00,,,,,,,,,,,,,15.847999572753906,90.0,1016.5999755859376,14.209906578063965,0.0,2.4149534702301025,333.4350280761719,0.0,15.14799976348877,0.25
1781654400000,2026-06-17 00:00:00,,,,,,,,,,,,,16.49799919128418,86.0,1015.7000122070312,14.147761344909668,0.0,1.8356469869613647,11.309895515441896,0.0,16.49799919128418,0.2469999939203262
1781658000000,2026-06-17 01:00:00,,,,,,,,,,,,,15.847999572753906,87.0,1015.9000244140624,13.687222480773926,0.0,2.099142551422119,59.036319732666016,0.0,15.89799976348877,0.2469999939203262
1781661600000,2026-06-17 02:00:00,,,,,,,,,,,,,15.447999954223633,89.0,1016.4000244140624,13.642977714538574,0.0,1.938659191131592,21.801475524902344,0.0,15.29800033569336,0.2469999939203262
1781665200000,2026-06-17 03:00:00,,,,,,,,,,,,,15.498000144958496,89.0,1016.5999755859376,13.692282676696776,0.0,2.099142551422119,329.03631591796875,0.0,14.947999954223633,0.2469999939203262
1781668800000,2026-06-17 04:00:00,,,,,,,,,,,,,15.197999954223633,93.0,1017.0999755859376,14.073138236999512,0.0,2.3051247596740723,321.3401794433594,0.0,14.847999572753906,0.2469999939203262
1781672400000,2026-06-17 05:00:00,,,,,,,,,,,,,16.74799919128418,92.0,1017.5,15.440892219543455,0.0,1.527350664138794,315.0000915527344,0.0099999997764825,15.197999954223633,0.2469999939203262
1781676000000,2026-06-17 06:00:00,,,,,,,,,,,,,18.097999572753903,82.0,1018.0999755859376,14.976496696472168,0.0,6.119999885559082,298.0723876953125,0.0900000035762786,15.947999954223633,0.2469999939203262
1781679600000,2026-06-17 07:00:00,,,,,,,,,,,,,19.39800071716309,76.0,1018.0999755859376,15.05842399597168,0.0,6.439876079559326,296.5649719238281,0.1700000017881393,16.79800033569336,0.2460000067949295
1781683200000,2026-06-17 08:00:00,,,,,,,,,,,,,20.847999572753903,67.0,1018.2999877929688,14.494308471679688,0.0,8.287821769714355,304.3804016113281,0.25,17.697999954223633,0.2460000067949295
1781686800000,2026-06-17 09:00:00,,,,,,,,,,,,,21.69799995422364,59.0,1018.5999755859376,13.337705612182615,0.0,10.29625129699707,306.4693298339844,0.3000000119209289,18.49799919128418,0.2450000047683715
1781690400000,2026-06-17 10:00:00,,,,,,,,,,,,,22.89800071716309,53.0,1019.0,12.813478469848633,0.0,10.883675575256348,304.2157592773437,0.3400000035762787,19.29800033569336,0.2440000027418136
1781694000000,2026-06-17 11:00:00,,,,,,,,,,,,,23.79800033569336,48.0,1019.0,12.131239891052246,0.0,12.287554740905762,301.827392578125,0.3300000131130218,20.04800033569336,0.2430000007152557
1781697600000,2026-06-17 12:00:00,,,,,,,,,,,,,24.14800071716309,47.0,1018.7999877929688,12.130864143371582,0.0,11.753875732421877,310.0302124023437,0.3100000023841858,20.64800071716309,0.2419999986886978
1781701200000,2026-06-17 13:00:00,,,,,,,,,,,,,24.597999572753903,45.0,1018.5999755859376,11.87985610961914,0.0,11.457958221435549,316.27294921875,0.2900000214576721,21.14800071716309,0.2409999966621399
1781704800000,2026-06-17 14:00:00,,,,,,,,,,,,,24.64800071716309,44.0,1018.4000244140624,11.584630012512209,0.0,12.738099098205566,312.7093811035156,0.2399999946355819,21.14800071716309,0.2399999946355819
1781708400000,2026-06-17 15:00:00,,,,,,,,,,,,,24.24799919128418,46.0,1018.7000122070312,11.895345687866213,0.0,9.422101020812988,316.548095703125,0.2100000232458114,21.097999572753903,0.238999992609024
1781712000000,2026-06-17 16:00:00,,,,,,,,,,,,,23.847999572753903,48.0,1019.0,12.176959991455078,0.0,9.29051113128662,305.5377502441406,0.1599999964237213,20.94799995422364,0.238999992609024
1781715600000,2026-06-17 17:00:00,,,,,,,,,,,,,23.19799995422364,52.0,1019.5,12.799752235412598,0.0,7.412853240966797,299.05450439453125,0.1000000089406967,20.74799919128418,0.2380000054836273
1781719200000,2026-06-17 18:00:00,,,,,,,,,,,,,22.49799919128418,55.0,1019.4000244140624,13.00888729095459,0.0,5.86037540435791,317.4895935058594,0.0599999986588954,20.39800071716309,0.2380000054836273
1781722800000,2026-06-17 19:00:00,,,,,,,,,,,,,20.64800071716309,65.0,1019.5999755859376,13.836141586303713,0.0,3.826852560043335,311.1858215332031,0.0299999993294477,19.79800033569336,0.2370000034570694
1781726400000,2026-06-17 20:00:00,,,,,,,,,,,,,19.54800033569336,74.0,1019.9000244140624,14.788976669311523,0.0,1.2979984283447266,326.3099060058594,0.0099999997764825,19.04800033569336,0.2370000034570694
1781730000000,2026-06-17 21:00:00,,,,,,,,,,,,,19.14800071716309,75.0,1020.4000244140624,14.61118984222412,0.0,0.8049845099449158,296.5649719238281,0.0,18.39800071716309,0.2370000034570694
1781733600000,2026-06-17 22:00:00,,,,,,,,,,,,,18.64800071716309,78.0,1020.7000122070312,14.735296249389648,0.0,1.0182337760925293,135.00010681152344,0.0,17.847999572753906,0.2370000034570694
1781737200000,2026-06-17 23:00:00,,,,,,,,,,,,,18.347999572753903,79.0,1021.0,14.64151096343994,0.0,0.8049845099449158,63.43501281738281,0.0,17.49799919128418,0.2370000034570694
1781740800000,2026-06-18 00:00:00,,,,,,,,,,,,,18.54800033569336,84.0,1019.7999877929688,15.792129516601562,0.0,2.27683973312378,108.43504333496094,0.0,17.648000717163086,0.25
1781744400000,2026-06-18 01:00:00,,,,,,,,,,,,,18.097999572753903,85.0,1019.9000244140624,15.536137580871582,0.0,2.3051247596740723,51.34017181396485,0.0,17.398000717163086,0.25
1781748000000,2026-06-18 02:00:00,,,,,,,,,,,,,18.097999572753903,84.0,1020.2000122070312,15.351548194885254,0.0,1.1384198665618896,71.5649642944336,0.0,17.148000717163086,0.25
1781751600000,2026-06-18 03:00:00,,,,,,,,,,,,,17.79800033569336,84.0,1020.4000244140624,15.057823181152344,0.0,0.8049845099449158,116.5649871826172,0.0,16.947999954223633,0.25
1781755200000,2026-06-18 04:00:00,,,,,,,,,,,,,17.74799919128418,87.0,1020.9000244140624,15.555524826049805,0.0,0.8049845099449158,116.5649871826172,0.0,16.648000717163086,0.25
1781758800000,2026-06-18 05:00:00,,,,,,,,,,,,,19.04800033569336,87.0,1021.2000122070312,16.833703994750977,0.0,1.4399999380111694,90.0,0.0199999995529651,16.99799919128418,0.25
1781761305881,2026-06-18 05:41:45,32.47,26.01,20.74,,,,318.86,297.5,274.9,100.0,-112.0,-10.8,,,,,,,,,,
1781762400000,2026-06-18 06:00:00,,,,,,,,,,,,,20.94799995422364,77.0,1021.2000122070312,16.763254165649414,0.0,0.8049845099449158,26.564985275268555,0.1099999994039535,17.847999572753906,0.248999997973442
1781766000000,2026-06-18 07:00:00,,,,,,,,,,,,,22.54800033569336,74.0,1021.0999755859376,17.680622100830078,0.0,2.4149534702301025,296.5649719238281,0.2000000178813934,18.79800033569336,0.248999997973442
1781769600000,2026-06-18 08:00:00,,,,,,,,,,,,,24.29800033569336,62.0,1020.7000122070312,16.553247451782227,0.0,6.924737930297852,278.9725341796875,0.2900000214576721,19.847999572753903,0.2479999959468841
1781773200000,2026-06-18 09:00:00,,,,,,,,,,,,,25.79800033569336,55.0,1020.5,16.075889587402344,0.0,9.360000610351562,292.6199035644531,0.4000000357627868,20.74799919128418,0.2469999939203262
1781776800000,2026-06-18 10:00:00,,,,,,,,,,,,,26.99799919128418,50.0,1020.2999877929688,15.692380905151367,0.0,10.82995891571045,285.4222106933594,0.4099999964237213,21.597999572753903,0.2450000047683715
1781780400000,2026-06-18 11:00:00,,,,,,,,,,,,,27.94799995422364,47.0,1020.2999877929688,15.594511032104492,0.0,10.245779991149902,288.4350280761719,0.4200000464916229,22.39800071716309,0.2440000027418136
1781784000000,2026-06-18 12:00:00,,,,,,,,,,,,,28.39800071716309,44.0,1019.7999877929688,14.97523593902588,0.0,13.009902954101562,284.4208068847656,0.4099999964237213,23.097999572753903,0.2419999986886978
1781787600000,2026-06-18 13:00:00,,,,,,,,,,,,,28.347999572753903,43.0,1019.4000244140624,14.573391914367676,0.0,10.137691497802734,276.11541748046875,0.3600000143051147,23.347999572753903,0.2409999966621399
1781791200000,2026-06-18 14:00:00,,,,,,,,,,,,,29.347999572753903,41.0,1019.0999755859376,14.733355522155762,0.0,9.77981662750244,276.340087890625,0.3400000035762787,23.64800071716309,0.2399999946355819
1781794800000,2026-06-18 15:00:00,,,,,,,,,,,,,29.24799919128418,40.0,1019.0999755859376,14.2615966796875,0.0,7.862518310546875,285.9454650878906,0.3400000035762787,23.99799919128418,0.2380000054836273
1781798400000,2026-06-18 16:00:00,,,,,,,,,,,,,29.14800071716309,40.0,1018.7999877929688,14.172304153442385,0.0,8.287821769714355,272.489501953125,0.2900000214576721,24.24799919128418,0.2370000034570694
1781802000000,2026-06-18 17:00:00,,,,,,,,,,,,,28.64800071716309,43.0,1018.5,14.84369945526123,0.0,5.241678714752197,285.9454650878906,0.2100000232458114,24.097999572753903,0.2360000014305114
1781805600000,2026-06-18 18:00:00,,,,,,,,,,,,,27.29800033569336,56.0,1018.2000122070312,17.75486183166504,0.0,1.8356469869613647,281.3099060058594,0.1000000089406967,23.69799995422364,0.2360000014305114
1781809200000,2026-06-18 19:00:00,,,,,,,,,,,,,26.19799995422364,53.0,1018.2999877929688,15.866507530212402,0.0,0.3599999845027923,180.0,0.0,22.94799995422364,0.2349999994039535
1781812800000,2026-06-18 20:00:00,,,,,,,,,,,,,23.69799995422364,66.0,1018.7000122070312,16.970462799072266,0.0,2.545584201812744,135.00010681152344,0.0,21.79800033569336,0.2349999994039535
1781816400000,2026-06-18 21:00:00,,,,,,,,,,,,,21.44799995422364,75.0,1019.0999755859376,16.831941604614258,0.0,4.452953815460205,104.03627014160156,0.0,20.64800071716309,0.2339999973773956
1781818885920,2026-06-18 21:41:25,,,,18.37,17.7,16.17,,,,100.0,-113.0,-13.2,,,,,,,,,,
1781818892987,2026-06-18 21:41:32,32.93,26.25,20.92,,,,319.28,297.76,275.05,100.0,-113.0,-12.5,,,,,,,,,,
1781820000000,2026-06-18 22:00:00,,,,,,,,,,,,,20.04800033569336,79.0,1019.2000122070312,16.29349136352539,0.0,3.7585103511810303,106.69932556152344,0.0,19.79800033569336,0.2339999973773956
1781823600000,2026-06-18 23:00:00,,,,,,,,,,,,,19.14800071716309,80.0,1019.2999877929688,15.615262985229492,0.0,3.545588731765747,113.96249389648438,0.0,19.04800033569336,0.2339999973773956
1781827200000,2026-06-19 00:00:00,,,,,,,,,,,,,17.447999954223633,89.0,1018.7000122070312,15.615035057067873,0.0,4.553679466247559,108.43504333496094,0.0,17.74799919128418,0.238999992609024
1781830800000,2026-06-19 01:00:00,,,,,,,,,,,,,16.648000717163086,90.0,1019.0999755859376,14.99980354309082,0.0,4.349896430969238,114.4439468383789,0.0,17.398000717163086,0.238999992609024
1781834400000,2026-06-19 02:00:00,,,,,,,,,,,,,16.398000717163086,91.0,1019.2999877929688,14.924511909484863,0.0,4.104631423950195,105.2551727294922,0.0,17.097999572753906,0.238999992609024
1781838000000,2026-06-19 03:00:00,,,,,,,,,,,,,16.24799919128418,91.0,1019.2999877929688,14.776206016540527,0.0,3.6712939739227295,101.30989837646484,0.0,16.79800033569336,0.238999992609024
1781841600000,2026-06-19 04:00:00,,,,,,,,,,,,,17.148000717163086,90.0,1019.2000122070312,15.493470191955566,0.0,4.680000305175781,112.61991119384766,0.0,16.597999572753906,0.238999992609024
1781845200000,2026-06-19 05:00:00,,,,,,,,,,,,,19.49799919128418,86.0,1019.2000122070312,17.093366622924805,0.0,4.33497428894043,94.76355743408205,0.0399999991059303,16.947999954223633,0.238999992609024
1781848800000,2026-06-19 06:00:00,,,,,,,,,,,,,22.44799995422364,78.0,1019.0999755859376,18.421709060668945,0.0,5.351784706115723,109.65391540527344,0.1599999964237213,17.648000717163086,0.2380000054836273
1781852400000,2026-06-19 07:00:00,,,,,,,,,,,,,24.847999572753903,72.0,1019.0,19.45526885986328,0.0,8.404284477233887,99.8657455444336,0.3000000119209289,18.54800033569336,0.2380000054836273
1781856000000,2026-06-19 08:00:00,,,,,,,,,,,,,27.64800071716309,61.0,1018.5,19.44900703430176,0.0,8.90590763092041,104.03627014160156,0.4300000071525574,19.54800033569336,0.2360000014305114
1781859600000,2026-06-19 09:00:00,,,,,,,,,,,,,30.097999572753903,51.0,1018.2999877929688,18.85357093811035,0.0,7.903619289398193,120.06849670410156,0.5400000214576721,20.64800071716309,0.2349999994039535
1781863200000,2026-06-19 10:00:00,,,,,,,,,,,,,31.69799995422364,42.0,1017.7999877929688,17.217456817626953,0.0,8.404284477233887,189.86573791503903,0.5400000214576721,21.74799919128418,0.2329999953508377
1781866800000,2026-06-19 11:00:00,,,,,,,,,,,,,32.84800338745117,38.0,1017.7999877929688,16.66374397277832,0.0,8.396570205688477,239.0363006591797,0.5899999737739563,22.847999572753903,0.2319999933242797
1781870400000,2026-06-19 12:00:00,,,,,,,,,,,,,32.948001861572266,37.0,1017.4000244140624,16.33284568786621,0.0,8.225034713745117,203.1986083984375,0.5400000214576721,23.69799995422364,0.2300000041723251
1781874000000,2026-06-19 13:00:00,,,,,,,,,,,,,33.448001861572266,35.0,1017.0999755859376,15.901643753051758,0.0,4.394360065460205,235.0079040527344,0.4900000393390655,24.347999572753903,0.2280000001192093
1781877600000,2026-06-19 14:00:00,,,,,,,,,,,,,33.84800338745117,34.0,1016.5,15.798277854919434,0.0,9.0,216.86997985839844,0.4900000393390655,24.94799995422364,0.2259999960660934
1781881200000,2026-06-19 15:00:00,,,,,,,,,,,,,33.29800033569336,38.0,1016.2999877929688,17.062456130981445,0.0,8.5873384475708,236.9761199951172,0.4300000071525574,25.347999572753903,0.2249999940395355
1781884800000,2026-06-19 16:00:00,,,,,,,,,,,,,32.698001861572266,43.0,1016.0999755859376,18.489839553833008,0.0,2.741678237915039,246.80137634277344,0.3300000131130218,25.54800033569336,0.2230000048875808
1781888400000,2026-06-19 17:00:00,,,,,,,,,,,,,30.54800033569336,57.0,1016.2000122070312,21.06607437133789,0.0,2.27683973312378,341.56494140625,0.1800000071525573,25.49799919128418,0.2220000028610229
1781892000000,2026-06-19 18:00:00,,,,,,,,,,,,,29.29800033569336,51.0,1016.4000244140624,18.117998123168945,0.0,7.127635955810547,44.99989700317383,0.1099999994039535,25.19799995422364,0.221000000834465
1781895600000,2026-06-19 19:00:00,,,,,,,,,,,,,26.597999572753903,61.0,1016.9000244140624,18.46153259277344,0.0,4.680000305175781,67.38009643554688,0.0900000035762786,24.74799919128418,0.2199999988079071
1781899200000,2026-06-19 20:00:00,,,,,,,,,,,,,23.94799995422364,74.0,1017.4000244140624,19.029645919799805,0.0,4.213691711425781,70.01680755615234,0.0199999995529651,23.89800071716309,0.2189999967813491
1781902800000,2026-06-19 21:00:00,,,,,,,,,,,,,22.347999572753903,80.0,1017.7999877929688,18.72909545898437,0.0,4.0249223709106445,79.6952133178711,0.0099999997764825,22.94799995422364,0.2189999967813491
1781905276681,2026-06-19 21:41:16,33.26,26.61,21.24,,,,319.58,298.14,275.3,100.0,-113.0,-14.2,,,,,,,,,,
1781906400000,2026-06-19 22:00:00,,,,,,,,,,,,,21.847999572753903,78.0,1017.7999877929688,17.839750289916992,0.0,4.0249223709106445,100.3047866821289,0.0,22.097999572753903,0.2179999947547912
1781910000000,2026-06-19 23:00:00,,,,,,,,,,,,,20.847999572753903,80.0,1017.9000244140624,17.269611358642578,0.0,4.0249223709106445,100.3047866821289,0.0,21.29800033569336,0.2179999947547912
1781913600000,2026-06-20 00:00:00,,,,,,,,,,,,,20.597999572753903,85.0,1017.2000122070312,17.987096786499023,0.0,3.6712939739227295,101.30989837646484,0.0,20.24799919128418,0.2220000028610229
1781917200000,2026-06-20 01:00:00,,,,,,,,,,,,,19.847999572753903,87.0,1017.2000122070312,17.620223999023438,0.0,4.553679466247559,108.43504333496094,0.0,19.847999572753903,0.2220000028610229
1781920800000,2026-06-20 02:00:00,,,,,,,,,,,,,19.597999572753903,84.0,1017.2000122070312,16.820072174072266,0.0,5.154415607452393,102.09474182128906,0.0,19.39800071716309,0.2220000028610229
1781924400000,2026-06-20 03:00:00,,,,,,,,,,,,,19.097999572753903,84.0,1017.4000244140624,16.330585479736328,0.0,4.896529197692871,107.10281372070312,0.0,18.99799919128418,0.2220000028610229
1781928000000,2026-06-20 04:00:00,,,,,,,,,,,,,19.49799919128418,85.0,1017.7999877929688,16.90873146057129,0.0,3.396233081817627,122.0053482055664,0.0,18.64800071716309,0.2220000028610229
1781931600000,2026-06-20 05:00:00,,,,,,,,,,,,,21.19799995422364,86.0,1018.2000122070312,18.762269973754883,0.0,2.968636035919189,104.03627014160156,0.0399999991059303,18.79800033569336,0.2220000028610229
1781935200000,2026-06-20 06:00:00,,,,,,,,,,,,,23.54800033569336,79.0,1018.7999877929688,19.693660736083984,0.0,3.075841426849365,110.5561294555664,0.1599999964237213,19.39800071716309,0.2220000028610229
1781938800000,2026-06-20 07:00:00,,,,,,,,,,,,,25.14800071716309,76.0,1019.2999877929688,20.61781883239746,0.0,4.452953815460205,284.0362548828125,0.2900000214576721,20.097999572753903,0.2220000028610229
1781942400000,2026-06-20 08:00:00,,,,,,,,,,,,,27.14800071716309,67.0,1019.5,20.49114227294922,0.0,7.127635955810547,315.0000915527344,0.4300000071525574,20.94799995422364,0.221000000834465
1781946000000,2026-06-20 09:00:00,,,,,,,,,,,,,28.69799995422364,66.0,1019.5999755859376,21.71918296813965,0.0,11.165804862976074,290.7723388671875,0.4900000393390655,21.79800033569336,0.2189999967813491
1781949600000,2026-06-20 10:00:00,,,,,,,,,,,,,28.29800033569336,63.0,1020.5999755859376,20.582544326782227,0.0,16.645864486694336,291.5713806152344,0.5100000500679016,22.54800033569336,0.2179999947547912
1781953200000,2026-06-20 11:00:00,,,,,,,,,,,,,28.64800071716309,63.0,1020.7000122070312,20.91291046142578,0.0,13.049689292907717,294.4439392089844,0.4600000083446502,23.04800033569336,0.2169999927282333
1781956800000,2026-06-20 12:00:00,,,,,,,,,,,,,27.64800071716309,65.0,1020.7999877929688,20.474597930908203,0.0,14.241629600524902,290.72564697265625,0.449999988079071,23.54800033569336,0.2160000056028366
1781960400000,2026-06-20 13:00:00,,,,,,,,,,,,,28.097999572753903,58.0,1020.9000244140624,19.06085968017578,0.0,13.684735298156738,296.5649719238281,0.4000000357627868,23.74799919128418,0.2150000035762787
1781962994926,2026-06-20 13:43:14,33.23,26.72,21.41,,,,319.55,298.26,275.44,100.0,-113.0,-20.2,,,,,,,,,,
1781964000000,2026-06-20 14:00:00,,,,,,,,,,,,,28.14800071716309,59.0,1020.7000122070312,19.38211250305176,0.0,11.480557441711426,311.1858215332031,0.4099999964237213,24.04800033569336,0.2129999995231628
1781967600000,2026-06-20 15:00:00,,,,,,,,,,,,,28.29800033569336,59.0,1020.4000244140624,19.522571563720703,0.0,9.686609268188477,311.98712158203125,0.3700000345706939,24.19799995422364,0.2119999974966049
1781971200000,2026-06-20 16:00:00,,,,,,,,,,,,,27.39800071716309,61.0,1020.5,19.213912963867188,0.0,8.161764144897461,318.576416015625,0.270000010728836,24.24799919128418,0.210999995470047
1781974800000,2026-06-20 17:00:00,,,,,,,,,,,,,26.99799919128418,66.0,1020.2999877929688,20.105119705200195,0.0,4.349896430969238,335.5560607910156,0.1700000017881393,24.14800071716309,0.209999993443489
1781977382806,2026-06-20 17:43:02,,,,20.07,19.6,17.4,,,,100.0,-112.0,-16.0,,,,,,,,,,
1781978400000,2026-06-20 18:00:00,,,,,,,,,,,,,25.74799919128418,73.0,1021.2000122070312,20.542863845825195,0.0,4.198285102844238,59.036319732666016,0.0900000035762786,23.94799995422364,0.209999993443489
1781982000000,2026-06-20 19:00:00,,,,,,,,,,,,,24.54800033569336,77.0,1022.0,20.249271392822266,0.0,3.096837043762207,54.46223831176758,0.0099999997764825,23.49799919128418,0.2090000063180923
1781985600000,2026-06-20 20:00:00,,,,,,,,,,,,,22.29800033569336,84.0,1022.7999877929688,19.462974548339844,0.0,7.56856632232666,92.72625732421876,0.0099999997764825,22.79800033569336,0.2090000063180923
1781989200000,2026-06-20 21:00:00,,,,,,,,,,,,,21.24799919128418,89.0,1023.0999755859376,19.36136054992676,0.0,5.506940841674805,78.69010162353516,0.0199999995529651,22.24799919128418,0.2090000063180923
1781992800000,2026-06-20 22:00:00,,,,,,,,,,,,,20.04800033569336,92.0,1022.9000244140624,18.70756149291992,0.0,4.896529197692871,72.89718627929688,0.0099999997764825,21.69799995422364,0.2080000042915344
1781996400000,2026-06-20 23:00:00,,,,,,,,,,,,,19.49799919128418,92.0,1023.0999755859376,18.163143157958984,0.0,3.9600000381469727,90.0,0.0,21.14800071716309,0.2080000042915344
1782000000000,2026-06-21 00:00:00,,,,,,,,,,,,,19.847999572753903,89.0,1022.7999877929688,17.981224060058594,0.0,3.415259599685669,108.43504333496094,0.0,20.44799995422364,0.2119999974966049
1782003600000,2026-06-21 01:00:00,,,,,,,,,,,,,19.29800033569336,89.0,1022.5999755859376,17.439001083374023,0.0,3.6712939739227295,101.30989837646484,0.0,19.89800071716309,0.2119999974966049
1782007200000,2026-06-21 02:00:00,,,,,,,,,,,,,18.69799995422364,90.0,1022.9000244140624,17.023761749267578,0.0,3.3190360069274902,102.52880096435548,0.0,19.347999572753903,0.2119999974966049
1782010800000,2026-06-21 03:00:00,,,,,,,,,,,,,17.947999954223633,92.0,1023.7000122070312,16.62881851196289,0.0,2.0364675521850586,135.00010681152344,0.0,18.847999572753903,0.2119999974966049
1782014400000,2026-06-21 04:00:00,,,,,,,,,,,,,18.19799995422364,94.0,1024.0999755859375,17.215913772583008,0.0,3.617955207824707,95.71050262451172,0.0,18.49799919128418,0.2119999974966049
1782018000000,2026-06-21 05:00:00,,,,,,,,,,,,,20.14800071716309,88.0,1024.4000244140625,18.09697151184082,0.0,2.595996856689453,123.69009399414062,0.0299999993294477,18.74799919128418,0.2119999974966049
1782020581666,2026-06-21 05:43:01,33.49,26.99,21.66,,,,319.79,298.55,275.64,100.0,-113.0,-16.8,,,,,,,,,,
1782021600000,2026-06-21 06:00:00,,,,,,,,,,,,,22.347999572753903,83.0,1024.699951171875,19.319324493408203,0.0,1.0182337760925293,135.00010681152344,0.1400000154972076,19.39800071716309,0.2119999974966049
1782025200000,2026-06-21 07:00:00,,,,,,,,,,,,,24.597999572753903,75.0,1024.5999755859375,19.87231636047364,0.0,0.7199999690055847,270.0,0.25,20.24799919128418,0.210999995470047
1782028800000,2026-06-21 08:00:00,,,,,,,,,,,,,26.69799995422364,66.0,1024.9000244140625,19.820232391357425,0.0,0.3599999845027923,180.0,0.3799999952316284,21.097999572753903,0.209999993443489
1782032400000,2026-06-21 09:00:00,,,,,,,,,,,,,28.69799995422364,62.0,1025.0,20.700027465820312,0.0,2.620839357376098,285.9454650878906,0.449999988079071,22.14800071716309,0.2090000063180923
1782034978097,2026-06-21 09:42:58,33.39,26.96,21.66,,,,319.7,298.52,275.64,100.0,-121.0,-21.5,,,,,,,,,,
1782036000000,2026-06-21 10:00:00,,,,,,,,,,,,,30.347999572753903,56.0,1024.9000244140625,20.592193603515625,0.0,6.92473840713501,297.8971862792969,0.4600000083446502,23.24799919128418,0.2080000042915344
1782039600000,2026-06-21 11:00:00,,,,,,,,,,,,,31.44799995422364,47.0,1024.5999755859375,18.78080368041992,0.0,4.553679466247559,341.56494140625,0.4700000584125519,24.14800071716309,0.2070000022649765
1782043200000,2026-06-21 12:00:00,,,,,,,,,,,,,32.39800262451172,44.0,1024.0999755859375,18.58678436279297,0.0,3.7585103511810303,343.3006896972656,0.4700000584125519,24.94799995422364,0.2060000002384185
1782046800000,2026-06-21 13:00:00,,,,,,,,,,,,,32.79800033569336,39.0,1023.7000122070312,17.0289363861084,0.0,5.241678714752197,344.0545349121094,0.4700000584125519,25.69799995422364,0.2049999982118606
1782050400000,2026-06-21 14:00:00,,,,,,,,,,,,,33.04800033569336,36.0,1023.7000122070312,15.991286277770996,0.0,5.154415130615234,294.7751159667969,0.4700000584125519,26.29800033569336,0.2029999941587448
1782054000000,2026-06-21 15:00:00,,,,,,,,,,,,,32.64800262451172,39.0,1022.7000122070312,16.89558982849121,0.0,5.634891033172607,26.564985275268555,0.4000000357627868,26.64800071716309,0.202000007033348
1782057600000,2026-06-21 16:00:00,,,,,,,,,,,,,32.04800033569336,41.0,1023.0999755859376,17.150115966796875,0.0,3.7064266204833984,299.05450439453125,0.3000000119209289,26.69799995422364,0.2010000050067901
1782061200000,2026-06-21 17:00:00,,,,,,,,,,,,,22.64800071716309,77.0,1026.199951171875,18.409618377685547,0.2000000029802322,12.496718406677246,318.5036315917969,0.1500000059604644,26.097999572753903,0.2010000050067901
1782063764435,2026-06-21 17:42:44,,,,20.81,19.79,18.18,,,,100.0,-121.0,-20.8,,,,,,,,,,
1782063773430,2026-06-21 17:42:53,33.62,27.02,21.7,,,,319.91,298.58,275.67,100.0,-122.0,-16.2,,,,,,,,,,
1782064800000,2026-06-21 18:00:00,,,,,,,,,,,,,21.19799995422364,86.0,1026.800048828125,18.762269973754883,0.3000000119209289,9.6932954788208,254.93145751953125,0.0900000035762786,24.597999572753903,0.2000000029802322
1782068400000,2026-06-21 19:00:00,,,,,,,,,,,,,19.847999572753903,92.0,1026.0,18.50959205627441,4.199999809265137,4.680000305175781,112.61991119384766,0.0500000044703483,23.39800071716309,0.2039999961853027
1782072000000,2026-06-21 20:00:00,,,,,,,,,,,,,19.847999572753903,90.0,1025.800048828125,18.1590633392334,0.0,3.096837043762207,144.4622344970703,0.0299999993294477,22.44799995422364,0.2129999995231628
1782075600000,2026-06-21 21:00:00,,,,,,,,,,,,,19.29800033569336,92.0,1026.300048828125,17.965173721313477,0.0,3.3190360069274902,347.47119140625,0.0,21.69799995422364,0.221000000834465
1782079200000,2026-06-21 22:00:00,,,,,,,,,,,,,18.44799995422364,96.0,1026.5999755859375,17.798004150390625,0.0,0.7199999690055847,270.0,0.0,21.04800033569336,0.2259999960660934
1782082800000,2026-06-21 23:00:00,,,,,,,,,,,,,17.898000717163086,98.0,1026.699951171875,17.5772705078125,0.0,0.5091168880462646,315.0000915527344,0.0,20.347999572753903,0.2290000021457672
1782086400000,2026-06-22 00:00:00,,,,,,,,,,,,,17.79800033569336,91.0,1025.9000244140625,16.308610916137695,0.0,2.27683973312378,71.5649642944336,0.0,19.347999572753903,0.2080000042915344
1782090000000,2026-06-22 01:00:00,,,,,,,,,,,,,17.097999572753906,94.0,1025.5,16.1241512298584,0.0,1.527350664138794,44.99989700317383,0.0,18.74799919128418,0.2080000042915344
1782093600000,2026-06-22 02:00:00,,,,,,,,,,,,,16.697999954223633,97.0,1025.5999755859375,16.21916961669922,0.0,3.2599384784698486,83.65990447998047,0.0,18.24799919128418,0.2080000042915344
1782097200000,2026-06-22 03:00:00,,,,,,,,,,,,,15.697999954223633,99.0,1025.699951171875,15.541023254394531,0.0,2.545584201812744,81.86998748779297,0.0,17.79800033569336,0.2080000042915344
1782100800000,2026-06-22 04:00:00,,,,,,,,,,,,,16.398000717163086,100.0,1026.199951171875,16.39800262451172,0.0,1.8356469869613647,78.69010162353516,0.0,17.54800033569336,0.2080000042915344
1782104400000,2026-06-22 05:00:00,,,,,,,,,,,,,18.39800071716309,97.0,1026.5,17.91288948059082,0.0,2.189794540405273,170.53775024414062,0.0099999997764825,17.99799919128418,0.2070000022649765
1782108000000,2026-06-22 06:00:00,,,,,,,,,,,,,20.69799995422364,87.0,1026.5999755859375,18.455856323242188,0.0,1.0182337760925293,135.00010681152344,0.0700000077486038,18.74799919128418,0.2070000022649765
1782111600000,2026-06-22 07:00:00,,,,,,,,,,,,,22.94799995422364,76.0,1026.199951171875,18.491220474243164,0.0,2.879999876022339,90.0,0.1800000071525573,19.69799995422364,0.2070000022649765
1782115200000,2026-06-22 08:00:00,,,,,,,,,,,,,24.597999572753903,67.0,1025.9000244140625,18.064682006835938,0.0,3.563817977905273,44.99989700317383,0.270000010728836,20.69799995422364,0.2060000002384185
1782118800000,2026-06-22 09:00:00,,,,,,,,,,,,,25.44799995422364,62.0,1025.9000244140625,17.63744354248047,0.0,4.829906940460205,26.564985275268555,0.3300000131130218,21.597999572753903,0.2060000002384185
1782122400000,2026-06-22 10:00:00,,,,,,,,,,,,,26.49799919128418,57.0,1025.5999755859375,17.28999137878418,0.0,5.039999961853027,360.0,0.3700000345706939,22.44799995422364,0.2049999982118606
1782126000000,2026-06-22 11:00:00,,,,,,,,,,,,,27.69799995422364,53.0,1024.800048828125,17.2533016204834,0.0,5.191993713378906,326.3099060058594,0.3700000345706939,23.29800033569336,0.2039999961853027
1782129600000,2026-06-22 12:00:00,,,,,,,,,,,,,28.24799919128418,50.0,1024.0999755859375,16.839683532714844,0.0,6.6380720138549805,347.47119140625,0.3700000345706939,24.04800033569336,0.2029999941587448
1782133200000,2026-06-22 13:00:00,,,,,,,,,,,,,28.49799919128418,50.0,1023.7000122070312,17.069089889526367,0.0,8.279999732971191,360.0,0.3400000035762787,24.54800033569336,0.202000007033348
1782136800000,2026-06-22 14:00:00,,,,,,,,,,,,,28.64800071716309,48.0,1023.2999877929688,16.562883377075195,0.0,7.636752605438232,8.130019187927246,0.3199999928474426,24.89800071716309,0.2010000050067901
1782140400000,2026-06-22 15:00:00,,,,,,,,,,,,,28.74799919128418,47.0,1022.7999877929688,16.323137283325195,0.0,8.654986381530762,16.927602767944336,0.3000000119209289,25.14800071716309,0.2000000029802322
1782144000000,2026-06-22 16:00:00,,,,,,,,,,,,,28.347999572753903,43.0,1022.7000122070312,14.573391914367676,0.0,7.895416259765625,24.22773551940918,0.2800000309944153,25.24799919128418,0.1990000009536743
1782147600000,2026-06-22 17:00:00,,,,,,,,,,,,,27.69799995422364,46.0,1022.7999877929688,15.031963348388672,0.0,6.287129878997803,23.629398345947266,0.1899999976158142,25.04800033569336,0.1990000009536743
1782150143757,2026-06-22 17:42:23,,,,21.2,20.58,18.98,,,,100.0,-112.0,-13.8,,,,,,,,,,
1782151200000,2026-06-22 18:00:00,,,,,,,,,,,,,26.597999572753903,49.0,1022.9000244140624,15.010708808898926,0.0,5.9044389724731445,37.56866455078125,0.1000000089406967,24.64800071716309,0.1979999989271164
1782154800000,2026-06-22 19:00:00,,,,,,,,,,,,,24.79800033569336,53.0,1023.0999755859376,14.571637153625488,0.0,4.072935104370117,44.99989700317383,0.0399999991059303,23.847999572753903,0.1979999989271164
1782158400000,2026-06-22 20:00:00,,,,,,,,,,,,,22.097999572753903,59.0,1023.2999877929688,13.712822914123535,0.0,4.582051753997803,44.99989700317383,0.0199999995529651,22.69799995422364,0.1969999969005584
1782162000000,2026-06-22 21:00:00,,,,,,,,,,,,,20.94799995422364,59.0,1023.5,12.634264945983888,0.0,4.680000305175781,67.38009643554688,0.0299999993294477,21.69799995422364,0.1969999969005584
1782165600000,2026-06-22 22:00:00,,,,,,,,,,,,,19.847999572753903,62.0,1023.7000122070312,12.355319023132324,0.0,2.5199999809265137,90.0,0.0199999995529651,20.79800033569336,0.1969999969005584
1782169200000,2026-06-22 23:00:00,,,,,,,,,,,,,18.39800071716309,63.0,1023.7999877929688,11.227845191955566,0.0,2.545584201812744,44.99989700317383,0.0,19.847999572753903,0.1969999969005584
1782172800000,2026-06-23 00:00:00,,,,,,,,,,,,,16.79800033569336,83.0,1023.5,13.893985748291016,0.0,3.3190360069274902,40.60121536254883,0.0099999997764825,19.44799995422364,0.2090000063180923
1782176400000,2026-06-23 01:00:00,,,,,,,,,,,,,15.99799919128418,84.0,1023.7000122070312,13.295312881469728,0.0,2.595996856689453,56.30991363525391,0.0,18.74799919128418,0.2090000063180923
1782178937542,2026-06-23 01:42:17,,,,21.36,19.76,18.79,,,,100.0,-112.0,-15.0,,,,,,,,,,
1782180000000,2026-06-23 02:00:00,,,,,,,,,,,,,15.597999572753906,87.0,1023.5999755859376,13.441376686096191,0.0,2.545584201812744,81.86998748779297,0.0,18.14800071716309,0.2090000063180923
1782183600000,2026-06-23 03:00:00,,,,,,,,,,,,,15.847999572753906,87.0,1023.5999755859376,13.687222480773926,0.0,3.2599384784698486,83.65990447998047,0.0,17.847999572753906,0.2080000042915344
1782187200000,2026-06-23 04:00:00,,,,,,,,,,,,,16.648000717163086,85.0,1023.2999877929688,14.114373207092283,0.0,2.189794540405273,80.53775024414062,0.0099999997764825,17.74799919128418,0.2080000042915344
1782190800000,2026-06-23 05:00:00,,,,,,,,,,,,,17.898000717163086,85.0,1023.0,15.340045928955078,0.0,1.7999999523162842,126.86998748779295,0.0399999991059303,17.947999954223633,0.2080000042915344
1782194400000,2026-06-23 06:00:00,,,,,,,,,,,,,19.44799995422364,74.0,1022.7999877929688,14.692567825317385,0.0,2.3051247596740723,141.3401641845703,0.1000000089406967,18.44799995422364,0.2080000042915344
1782198000000,2026-06-23 07:00:00,,,,,,,,,,,,,20.69799995422364,71.0,1022.7000122070312,15.251415252685549,0.0,1.0800000429153442,90.0,0.1800000071525573,18.89800071716309,0.2080000042915344
1782201600000,2026-06-23 08:00:00,,,,,,,,,,,,,21.14800071716309,72.0,1022.7999877929688,15.901750564575195,0.0,0.5091168880462646,44.99989700317383,0.2100000232458114,19.39800071716309,0.2070000022649765
1782205200000,2026-06-23 09:00:00,,,,,,,,,,,,,24.19799995422364,58.0,1022.5999755859376,15.414753913879396,0.0,2.189794540405273,80.53775024414062,0.3400000035762787,20.097999572753903,0.2060000002384185
1782207731477,2026-06-23 09:42:11,,,,20.84,20.52,19.29,,,,100.0,-121.0,-13.2,,,,,,,,,,
1782207737011,2026-06-23 09:42:17,33.33,27.1,21.87,,,,319.64,298.67,275.81,100.0,-122.0,-13.5,,,,,,,,,,
1782208800000,2026-06-23 10:00:00,,,,,,,,,,,,,25.99799919128418,50.0,1022.2000122070312,14.77422046661377,0.0,5.191993713378906,56.30991363525391,0.4900000393390655,21.24799919128418,0.2049999982118606
1782212400000,2026-06-23 11:00:00,,,,,,,,,,,,,26.69799995422364,45.0,1021.9000244140624,13.784302711486816,0.0,6.7637858390808105,64.79891967773438,0.4900000393390655,22.19799995422364,0.2039999961853027
1782216000000,2026-06-23 12:00:00,,,,,,,,,,,,,27.347999572753903,44.0,1021.7000122070312,14.02633285522461,0.0,5.506940841674805,78.69010162353516,0.4600000083446502,22.99799919128418,0.2029999941587448
1782219600000,2026-06-23 13:00:00,,,,,,,,,,,,,27.39800071716309,45.0,1021.2999877929688,14.418807983398438,0.0,8.640000343322754,90.0,0.4399999976158142,23.597999572753903,0.202000007033348
1782222128424,2026-06-23 13:42:08,,,,20.84,20.33,19.29,,,,100.0,-122.0,-14.5,,,,,,,,,,
1782223200000,2026-06-23 14:00:00,,,,,,,,,,,,,27.847999572753903,44.0,1020.7000122070312,14.478235244750977,0.0,6.489992141723633,56.30989837646485,0.3799999952316284,23.89800071716309,0.2000000029802322
1782226800000,2026-06-23 15:00:00,,,,,,,,,,,,,27.99799919128418,42.0,1020.0999755859376,13.894848823547363,0.0,8.473393440246582,12.264769554138184,0.3400000035762787,24.14800071716309,0.1990000009536743
1782230400000,2026-06-23 16:00:00,,,,,,,,,,,,,27.74799919128418,42.0,1019.7999877929688,13.67017936706543,0.0,7.342587947845459,348.6900939941406,0.3000000119209289,24.19799995422364,0.1979999989271164
1782234000000,2026-06-23 17:00:00,,,,,,,,,,,,,26.69799995422364,43.0,1019.7999877929688,13.086176872253418,0.0,6.193674087524414,35.53776550292969,0.2100000232458114,24.04800033569336,0.1969999969005584
1782237600000,2026-06-23 18:00:00,,,,,,,,,,,,,24.99799919128418,55.0,1020.0,15.332621574401855,0.0,5.052840709686279,94.08554077148438,0.1099999994039535,23.69799995422364,0.1969999969005584
1782241200000,2026-06-23 19:00:00,,,,,,,,,,,,,22.597999572753903,60.0,1020.0,14.441532135009766,0.0,4.379589080810547,80.53775024414062,0.0500000044703483,22.99799919128418,0.1959999948740005
1782244800000,2026-06-23 20:00:00,,,,,,,,,,,,,19.44799995422364,75.0,1020.0999755859376,14.900890350341797,0.0,3.5999999046325684,53.13002014160156,0.0099999997764825,21.847999572753903,0.1959999948740005
1782248400000,2026-06-23 21:00:00,,,,,,,,,,,,,18.04800033569336,78.0,1020.2999877929688,14.153084754943848,0.0,3.3190360069274902,77.47119903564453,0.0,20.64800071716309,0.1949999928474426
1782250929233,2026-06-23 21:42:09,33.49,27.07,21.81,,,,319.79,298.64,275.76,100.0,-121.0,-15.2,,,,,,,,,,
1782252000000,2026-06-23 22:00:00,,,,,,,,,,,,,17.648000717163086,78.0,1020.4000244140624,13.764922142028809,0.0,4.104631423950195,74.74482727050781,0.0,19.64800071716309,0.1949999928474426
1782255600000,2026-06-23 23:00:00,,,,,,,,,,,,,16.947999954223633,80.0,1020.5,13.473905563354492,0.0,4.0249223709106445,79.6952133178711,0.0,18.847999572753903,0.1949999928474426
1782259200000,2026-06-24 00:00:00,,,,,,,,,,,,,15.597999572753906,91.0,1020.2999877929688,14.133556365966797,0.0,4.0249223709106445,79.6952133178711,0.0,19.19799995422364,0.2000000029802322
1782262800000,2026-06-24 01:00:00,,,,,,,,,,,,,15.097999572753906,91.0,1020.5,13.63919734954834,0.0,3.9600000381469727,90.0,0.0,18.597999572753903,0.2000000029802322
1782266400000,2026-06-24 02:00:00,,,,,,,,,,,,,15.248000144958496,90.0,1020.5,13.617467880249023,0.0,4.213691711425781,109.98319244384766,0.0,18.04800033569336,0.1990000009536743
1782270000000,2026-06-24 03:00:00,,,,,,,,,,,,,14.748000144958496,91.0,1020.4000244140624,13.293140411376951,0.0,3.2599384784698486,96.34009552001952,0.0,17.597999572753906,0.1990000009536743
1782273600000,2026-06-24 04:00:00,,,,,,,,,,,,,15.29800033569336,93.0,1020.2999877929688,14.172270774841309,0.0,3.617955207824707,95.71050262451172,0.0,17.24799919128418,0.1990000009536743
1782277200000,2026-06-24 05:00:00,,,,,,,,,,,,,17.54800033569336,86.0,1020.2999877929688,15.17879581451416,0.0,3.075841426849365,110.5561294555664,0.0299999993294477,17.398000717163086,0.1990000009536743
1782279716113,2026-06-24 05:41:56,,,,21.17,19.76,19.48,,,,100.0,-122.0,-9.0,,,,,,,,,,
1782279723208,2026-06-24 05:42:03,33.29,27.07,21.87,,,,319.61,298.64,275.81,100.0,-113.0,-9.0,,,,,,,,,,
1782280800000,2026-06-24 06:00:00,,,,,,,,,,,,,20.29800033569336,77.0,1020.0999755859376,16.133676528930664,0.0,2.620839357376098,105.94546508789062,0.1099999994039535,18.04800033569336,0.1990000009536743
1782284400000,2026-06-24 07:00:00,,,,,,,,,,,,,23.097999572753903,68.0,1020.0999755859376,16.870256423950195,0.0,1.2979984283447266,146.30990600585938,0.2300000041723251,18.94799995422364,0.1979999989271164
1782288000000,2026-06-24 08:00:00,,,,,,,,,,,,,25.347999572753903,60.0,1020.0,17.024425506591797,0.0,1.1384198665618896,251.56495666503903,0.3500000238418579,19.99799919128418,0.1969999969005584
1782291600000,2026-06-24 09:00:00,,,,,,,,,,,,,27.54800033569336,52.0,1019.7999877929688,16.814041137695312,0.0,4.349896430969238,294.4439392089844,0.4200000464916229,21.14800071716309,0.1959999948740005
1782295200000,2026-06-24 10:00:00,,,,,,,,,,,,,28.94799995422364,43.0,1019.5999755859376,15.113969802856444,0.0,5.692099571228027,288.4350280761719,0.4600000083446502,22.39800071716309,0.1949999928474426
1782298800000,2026-06-24 11:00:00,,,,,,,,,,,,,29.89800071716309,38.0,1019.2999877929688,14.04805850982666,0.0,6.849466800689697,273.0127258300781,0.4600000083446502,23.49799919128418,0.1940000057220459
1782302400000,2026-06-24 12:00:00,,,,,,,,,,,,,30.49799919128418,40.0,1018.7999877929688,15.3775053024292,0.0,6.162207126617432,263.2902526855469,0.449999988079071,24.39800071716309,0.1930000036954879
1782306000000,2026-06-24 13:00:00,,,,,,,,,,,,,31.04800033569336,43.0,1018.2999877929688,17.00503921508789,0.0,5.154415607452393,282.0947265625,0.4099999964237213,25.24799919128418,0.19200000166893
1782309600000,2026-06-24 14:00:00,,,,,,,,,,,,,31.29800033569336,42.0,1018.0,16.858488082885742,0.0,2.189794540405273,260.5377502441406,0.3700000345706939,25.847999572753903,0.1909999996423721
1782313200000,2026-06-24 15:00:00,,,,,,,,,,,,,31.44799995422364,39.0,1017.7000122070312,15.828535079956056,0.0,7.199999809265137,306.8699645996094,0.3199999928474426,26.19799995422364,0.1899999976158142
1782316800000,2026-06-24 16:00:00,,,,,,,,,,,,,31.04800033569336,37.0,1017.5999755859376,14.654030799865724,0.0,6.297428131103516,329.03631591796875,0.2800000309944153,26.29800033569336,0.1889999955892563
1782320400000,2026-06-24 17:00:00,,,,,,,,,,,,,30.39800071716309,36.0,1017.2999877929688,13.657218933105469,0.0,6.369049549102783,312.7093811035156,0.1899999976158142,26.19799995422364,0.1879999935626983
1782324000000,2026-06-24 18:00:00,,,,,,,,,,,,,28.79800033569336,46.0,1017.2999877929688,16.031259536743164,0.0,5.483356475830078,66.80138397216797,0.0900000035762786,25.847999572753903,0.1879999935626983
1782327600000,2026-06-24 19:00:00,,,,,,,,,,,,,26.19799995422364,52.0,1017.5999755859376,15.568772315979004,0.0,4.693825721740723,57.52882766723633,0.0500000044703483,25.14800071716309,0.1870000064373016
1782331200000,2026-06-24 20:00:00,,,,,,,,,,,,,22.14800071716309,68.0,1018.0,15.964122772216797,0.0,3.89399528503418,56.30989837646485,0.0199999995529651,24.04800033569336,0.1870000064373016
1782334800000,2026-06-24 21:00:00,,,,,,,,,,,,,20.14800071716309,78.0,1018.5,16.19065284729004,0.0,4.104631423950195,74.74482727050781,0.0099999997764825,22.847999572753903,0.1860000044107437
1782338400000,2026-06-24 22:00:00,,,,,,,,,,,,,19.04800033569336,83.0,1018.9000244140624,16.093759536743164,0.0,4.0249223709106445,79.6952133178711,0.0,21.79800033569336,0.1860000044107437
1782342000000,2026-06-24 23:00:00,,,,,,,,,,,,,18.44799995422364,82.0,1019.0999755859376,15.318172454833984,0.0,3.6712939739227295,101.30989837646484,0.0,20.89800071716309,0.1860000044107437
1782345600000,2026-06-25 00:00:00,,,,,,,,,,,,,18.89800071716309,86.0,1018.9000244140624,16.504297256469727,0.0,4.104631423950195,105.2551727294922,0.0,21.44799995422364,0.1899999976158142
1782349200000,2026-06-25 01:00:00,,,,,,,,,,,,,18.29800033569336,85.0,1019.0999755859376,15.732234001159668,0.0,2.968636035919189,104.03627014160156,0.0,20.69799995422364,0.1889999955892563
1782352800000,2026-06-25 02:00:00,,,,,,,,,,,,,17.597999572753906,88.0,1019.2999877929688,15.586369514465332,0.0,3.075841426849365,110.5561294555664,0.0,19.99799919128418,0.1889999955892563
1782356400000,2026-06-25 03:00:00,,,,,,,,,,,,,17.24799919128418,90.0,1019.5,15.592199325561523,0.0,3.075841426849365,110.5561294555664,0.0,19.39800071716309,0.1889999955892563
1782360000000,2026-06-25 04:00:00,,,,,,,,,,,,,17.697999954223633,90.0,1019.5,16.036489486694336,0.0,2.968636035919189,104.03627014160156,0.0,18.99799919128418,0.1889999955892563
1782363600000,2026-06-25 05:00:00,,,,,,,,,,,,,19.64800071716309,81.0,1019.2999877929688,16.296764373779297,0.0,2.620839357376098,105.94546508789062,0.0299999993294477,19.19799995422364,0.1889999955892563
1782367200000,2026-06-25 06:00:00,,,,,,,,,,,,,22.49799919128418,70.0,1019.0999755859376,16.75390625,0.0,1.2979984283447266,123.69009399414062,0.1099999994039535,19.89800071716309,0.1879999935626983
1782370800000,2026-06-25 07:00:00,,,,,,,,,,,,,25.347999572753903,63.0,1019.0,17.79705810546875,0.0,1.1384198665618896,251.56495666503903,0.2100000232458114,20.89800071716309,0.1879999935626983
1782374400000,2026-06-25 08:00:00,,,,,,,,,,,,,28.39800071716309,53.0,1018.9000244140624,17.900270462036133,0.0,5.001279830932617,300.25634765625,0.3000000119209289,22.19799995422364,0.1870000064373016
1782378000000,2026-06-25 09:00:00,,,,,,,,,,,,,30.64800071716309,44.0,1018.7999877929688,17.00737762451172,0.0,5.991593837738037,302.7351989746094,0.3799999952316284,23.69799995422364,0.1860000044107437
1782381600000,2026-06-25 10:00:00,,,,,,,,,,,,,32.09800338745117,36.0,1018.7000122070312,15.154861450195312,0.0,6.489992141723633,289.44012451171875,0.4000000357627868,25.14800071716309,0.1850000023841858
1782385200000,2026-06-25 11:00:00,,,,,,,,,,,,,32.79800033569336,34.0,1018.5,14.880485534667969,0.0,4.452953815460205,284.0362548828125,0.3799999952316284,26.347999572753903,0.1840000003576278
1782388800000,2026-06-25 12:00:00,,,,,,,,,,,,,32.948001861572266,33.0,1018.0,14.548376083374023,0.0,11.681986808776855,326.3099060058594,0.3199999928474426,27.097999572753903,0.1840000003576278
1782392400000,2026-06-25 13:00:00,,,,,,,,,,,,,34.14800262451172,29.0,1017.5,13.591286659240724,0.0,7.787990570068359,303.6900939941406,0.3300000131130218,27.79800033569336,0.1829999983310699
1782396000000,2026-06-25 14:00:00,,,,,,,,,,,,,34.49800109863281,27.0,1017.2000122070312,12.79472827911377,0.0,5.154415130615234,294.7751159667969,0.3199999928474426,28.49799919128418,0.181999996304512
1782399600000,2026-06-25 15:00:00,,,,,,,,,,,,,34.39800262451172,28.0,1017.0,13.266274452209473,0.0,8.161764144897461,318.576416015625,0.2800000309944153,28.79800033569336,0.1809999942779541
1782403200000,2026-06-25 16:00:00,,,,,,,,,,,,,33.948001861572266,27.0,1016.7999877929688,12.327309608459473,0.0,7.695919990539551,280.78424072265625,0.2399999946355819,28.89800071716309,0.1800000071525573
1782406800000,2026-06-25 17:00:00,,,,,,,,,,,,,33.448001861572266,31.0,1016.5999755859376,14.015819549560549,0.0,5.483356475830078,293.1986083984375,0.1800000071525573,28.74799919128418,0.1800000071525573
1782410400000,2026-06-25 18:00:00,,,,,,,,,,,,,32.04800033569336,39.0,1016.5,16.36212921142578,0.0,2.741678237915039,293.1986083984375,0.1000000089406967,28.347999572753903,0.1790000051259994
1782414000000,2026-06-25 19:00:00,,,,,,,,,,,,,29.49799919128418,49.0,1016.7999877929688,17.665592193603516,0.0,3.2599384784698486,6.340100288391113,0.0299999993294477,27.39800071716309,0.1790000051259994
1782417600000,2026-06-25 20:00:00,,,,,,,,,,,,,25.39800071716309,59.0,1017.0999755859376,16.80617904663086,0.0,2.620839357376098,15.945476531982422,0.0199999995529651,26.04800033569336,0.1790000051259994
1782421200000,2026-06-25 21:00:00,,,,,,,,,,,,,23.597999572753903,64.0,1017.7000122070312,16.391048431396484,0.0,2.545584201812744,81.86998748779297,0.0099999997764825,24.69799995422364,0.1790000051259994
1782424800000,2026-06-25 22:00:00,,,,,,,,,,,,,21.24799919128418,76.0,1018.4000244140624,16.847536087036133,0.0,1.8356469869613647,101.30989837646484,0.0,23.54800033569336,0.1780000030994415
1782428400000,2026-06-25 23:00:00,,,,,,,,,,,,,20.54800033569336,78.0,1018.9000244140624,16.578704833984375,0.0,1.8356469869613647,101.30989837646484,0.0,22.54800033569336,0.1780000030994415
1782432000000,2026-06-26 00:00:00,,,,,,,,,,,,,19.94799995422364,88.0,1019.2000122070312,17.90007209777832,0.0,3.075841426849365,69.4438705444336,0.0,22.347999572753903,0.1790000051259994
1782435600000,2026-06-26 01:00:00,,,,,,,,,,,,,19.24799919128418,88.0,1018.7000122070312,17.210914611816406,0.0,3.877318382263184,68.19853210449219,0.0,21.64800071716309,0.1780000030994415
1782438210226,2026-06-26 01:43:30,,,,,,,,,,100.0,-122.0,-17.0,,,,,,,,,,
1782438235117,2026-06-26 01:43:55,40.34,37.57,33.7,,,,329.11,309.89,285.53,100.0,-113.0,-16.2,,,,,,,,,,
1782439200000,2026-06-26 02:00:00,,,,,,,,,,,,,19.24799919128418,87.0,1018.7999877929688,17.030336380004883,0.0,2.545584201812744,81.86998748779297,0.0,21.04800033569336,0.1780000030994415
1782442800000,2026-06-26 03:00:00,,,,,,,,,,,,,19.29800033569336,87.0,1019.0,17.079498291015625,0.0,1.1384198665618896,108.43504333496094,0.0,20.49799919128418,0.1780000030994415
1782446400000,2026-06-26 04:00:00,,,,,,,,,,,,,19.64800071716309,85.0,1019.0999755859376,17.055789947509766,0.0,1.4843180179595947,75.96372985839844,0.0,20.04800033569336,0.1780000030994415
1782450000000,2026-06-26 05:00:00,,,,,,,,,,,,,21.19799995422364,81.0,1019.7000122070312,17.807350158691406,0.0,1.6099690198898315,243.4350128173828,0.0199999995529651,20.39800071716309,0.1780000030994415
1782452625242,2026-06-26 05:43:45,40.22,37.4,33.46,,,,328.84,309.71,285.33,100.0,-114.0,-22.5,,,,,,,,,,
1782453600000,2026-06-26 06:00:00,,,,,,,,,,,,,23.04800033569336,79.0,1020.0,19.20800399780273,0.0,2.27683973312378,251.56495666503903,0.1099999994039535,21.19799995422364,0.1770000010728836
1782457200000,2026-06-26 07:00:00,,,,,,,,,,,,,25.19799995422364,71.0,1020.0999755859376,19.56595039367676,0.0,1.4399999380111694,270.0,0.1899999976158142,22.24799919128418,0.1770000010728836
1782460800000,2026-06-26 08:00:00,,,,,,,,,,,,,27.29800033569336,67.0,1020.0,20.633838653564453,0.0,1.8356469869613647,281.3099060058594,0.270000010728836,23.347999572753903,0.1759999990463256
1782464400000,2026-06-26 09:00:00,,,,,,,,,,,,,29.74799919128418,59.0,1020.0,20.880062103271484,0.0,1.4843180179595947,284.0362548828125,0.3300000131130218,24.597999572753903,0.1749999970197677
1782467013195,2026-06-26 09:43:33,,,,21.66,21.53,19.85,,,,100.0,-120.0,-22.8,,,,,,,,,,
1782467022114,2026-06-26 09:43:42,40.08,36.93,32.96,,,,328.5,309.21,284.92,100.0,-120.0,-22.2,,,,,,,,,,
1782468000000,2026-06-26 10:00:00,,,,,,,,,,,,,31.94799995422364,49.0,1019.7999877929688,19.90659713745117,0.0,1.2979984283447266,326.3099060058594,0.3600000143051147,25.89800071716309,0.1749999970197677
1782471600000,2026-06-26 11:00:00,,,,,,,,,,,,,33.448001861572266,44.0,1019.4000244140624,19.5339412689209,0.0,1.7999999523162842,360.0,0.3700000345706939,27.19799995422364,0.1739999949932098
1782475200000,2026-06-26 12:00:00,,,,,,,,,,,,,34.448001861572266,39.0,1018.9000244140624,18.49516868591309,0.0,4.320000171661377,360.0,0.3600000143051147,28.347999572753903,0.1729999929666519
1782478800000,2026-06-26 13:00:00,,,,,,,,,,,,,34.89800262451172,38.0,1018.2999877929688,18.47948837280273,0.0,4.693825721740723,57.52882766723633,0.3400000035762787,29.24799919128418,0.1720000058412552
1782481417781,2026-06-26 13:43:37,40.0,36.23,32.24,,,,328.32,308.46,284.32,100.0,-122.0,-18.5,,,,,,,,,,
1782482400000,2026-06-26 14:00:00,,,,,,,,,,,,,35.198001861572266,35.0,1017.7999877929688,17.43596076965332,0.0,6.489992141723633,56.30989837646485,0.3199999928474426,29.89800071716309,0.1710000038146972
1782486000000,2026-06-26 15:00:00,,,,,,,,,,,,,34.89800262451172,35.0,1017.5999755859376,17.173019409179688,0.0,8.654986381530762,73.0724105834961,0.2900000214576721,30.24799919128418,0.1710000038146972
1782489600000,2026-06-26 16:00:00,,,,,,,,,,,,,34.29800033569336,36.0,1017.4000244140624,17.091299057006836,0.0,9.0,90.0,0.2399999946355819,30.19799995422364,0.1700000017881393
1782493200000,2026-06-26 17:00:00,,,,,,,,,,,,,33.64800262451172,35.0,1017.5,16.077056884765625,0.0,7.771330833435059,76.60749053955078,0.1700000017881393,29.847999572753903,0.1689999997615814
1782495807093,2026-06-26 17:43:27,,,,22.29,20.36,20.2,,,,100.0,-113.0,-16.5,,,,,,,,,,
1782495816088,2026-06-26 17:43:36,40.0,35.71,31.57,,,,328.32,307.9,283.77,100.0,-110.0,-19.2,,,,,,,,,,
1782496800000,2026-06-26 18:00:00,,,,,,,,,,,,,32.49800109863281,36.0,1017.4000244140624,15.50708293914795,0.0,5.815978050231934,68.19853210449219,0.1000000089406967,29.24799919128418,0.1689999997615814
1782500400000,2026-06-26 19:00:00,,,,,,,,,,,,,29.29800033569336,43.0,1017.7999877929688,15.429253578186035,0.0,5.495161056518555,58.39254379272461,0.0500000044703483,28.14800071716309,0.1689999997615814
1782504000000,2026-06-26 20:00:00,,,,,,,,,,,,,24.94799995422364,59.0,1018.2000122070312,16.384498596191406,0.0,5.154415130615234,65.2248764038086,0.0399999991059303,26.74799919128418,0.1679999977350235
1782507600000,2026-06-26 21:00:00,,,,,,,,,,,,,23.14800071716309,68.0,1018.5999755859376,16.917945861816406,0.0,5.052840709686279,85.91446685791016,0.0199999995529651,25.49799919128418,0.1679999977350235
1782510204049,2026-06-26 21:43:24,,,,22.66,21.63,20.17,,,,100.0,-121.0,-22.8,,,,,,,,,,
1782511200000,2026-06-26 22:00:00,,,,,,,,,,,,,22.14800071716309,71.0,1019.0,16.641990661621094,0.0,4.679999828338623,90.0,0.0199999995529651,24.49799919128418,0.1679999977350235
1782514800000,2026-06-26 23:00:00,,,,,,,,,,,,,20.94799995422364,77.0,1019.2000122070312,16.763254165649414,0.0,5.052840709686279,94.08554077148438,0.0199999995529651,23.64800071716309,0.1679999977350235
1782518400000,2026-06-27 00:00:00,,,,,,,,,,,,,20.29800033569336,76.0,1019.0999755859376,15.92885398864746,0.0,4.679999828338623,90.0,0.0199999995529651,22.94799995422364,0.1679999977350235
1782522000000,2026-06-27 01:00:00,,,,,,,,,,,,,19.74799919128418,77.0,1019.2000122070312,15.600914001464844,0.0,5.759999752044678,90.0,0.0099999997764825,22.24799919128418,0.1669999957084655
1782525600000,2026-06-27 02:00:00,,,,,,,,,,,,,19.69799995422364,77.0,1018.9000244140624,15.552480697631836,0.0,5.771238803863525,93.57626342773438,0.0099999997764825,21.69799995422364,0.1669999957084655
1782529200000,2026-06-27 03:00:00,,,,,,,,,,,,,20.54800033569336,74.0,1018.7999877929688,15.75299072265625,0.0,6.130578994750977,93.36639404296876,0.0099999997764825,21.39800071716309,0.1669999957084655
1782532800000,2026-06-27 04:00:00,,,,,,,,,,,,,22.19799995422364,70.0,1018.5999755859376,16.46674156188965,0.0,6.519876956939697,96.34009552001952,0.0299999993294477,21.347999572753903,0.1669999957084655
1782536400000,2026-06-27 05:00:00,,,,,,,,,,,,,24.64800071716309,63.0,1018.7000122070312,17.13585090637207,0.0,6.989935398101807,101.88863372802734,0.0700000077486038,21.74799919128418,0.1669999957084655
1782539002520,2026-06-27 05:43:22,39.72,35.1,30.81,,,,327.65,307.25,283.14,100.0,-122.0,-14.8,,,,,,,,,,
1782540000000,2026-06-27 06:00:00,,,,,,,,,,,,,26.44799995422364,62.0,1018.5999755859376,18.580007553100582,0.0,7.993297576904297,97.76508331298828,0.1599999964237213,22.597999572753903,0.1659999936819076
1782543600000,2026-06-27 07:00:00,,,,,,,,,,,,,28.74799919128418,57.0,1018.5,19.38829040527344,0.0,8.66994857788086,94.76355743408205,0.2599999904632568,23.69799995422364,0.1650000065565109
1782547200000,2026-06-27 08:00:00,,,,,,,,,,,,,31.54800033569336,50.0,1018.4000244140624,19.866424560546875,0.0,7.208993911743164,87.13765716552734,0.3400000035762787,25.097999572753903,0.1650000065565109
1782550800000,2026-06-27 09:00:00,,,,,,,,,,,,,34.59800338745117,42.0,1018.2000122070312,19.8183708190918,0.0,6.489992141723633,93.17977142333984,0.3799999952316284,26.74799919128418,0.164000004529953
1782554400000,2026-06-27 10:00:00,,,,,,,,,,,,,36.84800338745117,31.0,1018.0,16.952157974243164,0.0,3.096837043762207,305.5377502441406,0.3900000154972076,28.49799919128418,0.163000002503395
1782558000000,2026-06-27 11:00:00,,,,,,,,,,,,,38.198001861572266,24.0,1017.7000122070312,14.104307174682615,0.0,3.096837043762207,125.53776550292967,0.3799999952316284,29.94799995422364,0.1620000004768371
1782561600000,2026-06-27 12:00:00,,,,,,,,,,,,,38.59800338745117,25.0,1017.0999755859376,15.072004318237305,0.0,4.680000305175781,157.38009643554688,0.3500000238418579,31.14800071716309,0.1609999984502792
1782565200000,2026-06-27 13:00:00,,,,,,,,,,,,,38.64800262451172,23.0,1016.5999755859376,13.823248863220217,0.0,7.9281768798828125,129.47242736816406,0.3000000119209289,31.847999572753903,0.1609999984502792
1782568800000,2026-06-27 14:00:00,,,,,,,,,,,,,38.448001861572266,24.0,1016.2000122070312,14.313291549682615,0.0,10.390226364135742,104.03627014160156,0.270000010728836,32.29800033569336,0.1599999964237213
1782572400000,2026-06-27 15:00:00,,,,,,,,,,,,,38.84800338745117,24.0,1015.7999877929688,14.647598266601562,0.0,6.0346999168396,72.64588928222656,0.2399999946355819,32.49800109863281,0.1589999943971634
1782576000000,2026-06-27 16:00:00,,,,,,,,,,,,,38.14800262451172,25.0,1015.7999877929688,14.69399356842041,0.0,9.44957160949707,72.25524139404297,0.2000000178813934,32.34800338745117,0.1589999943971634
1782579600000,2026-06-27 17:00:00,,,,,,,,,,,,,37.24800109863281,28.0,1015.5,15.69675350189209,0.0,10.739832878112791,76.42955017089844,0.1800000071525573,32.04800033569336,0.1580000072717666
1782583200000,2026-06-27 18:00:00,,,,,,,,,,,,,35.84800338745117,31.0,1015.2999877929688,16.089054107666016,0.0,9.114471435546877,99.09019470214844,0.1199999973177909,31.39800071716309,0.1580000072717666
1782586800000,2026-06-27 19:00:00,,,,,,,,,,,,,32.79800033569336,33.0,1015.7999877929688,14.417709350585938,0.0,6.849466800689697,93.01272583007812,0.0700000077486038,30.24799919128418,0.1580000072717666
1782590400000,2026-06-27 20:00:00,,,,,,,,,,,,,28.597999572753903,47.0,1016.4000244140624,16.186532974243164,0.0,5.804825305938721,82.87508392333984,0.0500000044703483,28.847999572753903,0.1570000052452087
1782594000000,2026-06-27 21:00:00,,,,,,,,,,,,,26.39800071716309,55.0,1016.7000122070312,16.63323211669922,0.0,5.447788238525391,82.40545654296875,0.0399999991059303,27.597999572753903,0.1570000052452087
1782597600000,2026-06-27 22:00:00,,,,,,,,,,,,,24.29800033569336,62.0,1017.0,16.553247451782227,0.0,5.154415607452393,77.90525817871094,0.0299999993294477,26.44799995422364,0.1570000052452087
1782601200000,2026-06-27 23:00:00,,,,,,,,,,,,,23.49799919128418,63.0,1016.7999877929688,16.049358367919922,0.0,5.052840709686279,85.91446685791016,0.0299999993294477,25.49799919128418,0.1560000032186508
1782604800000,2026-06-28 00:00:00,,,,,,,,,,,,,24.347999572753903,72.0,1015.2999877929688,18.97517967224121,0.0,5.804825305938721,97.12492370605467,0.0199999995529651,25.597999572753903,0.1570000052452087
1782608400000,2026-06-28 01:00:00,,,,,,,,,,,,,24.49799919128418,68.0,1016.0999755859376,18.205337524414062,0.0,5.447788238525391,82.40545654296875,0.0199999995529651,24.94799995422364,0.1570000052452087
1782612000000,2026-06-28 02:00:00,,,,,,,,,,,,,23.89800071716309,68.0,1015.7999877929688,17.633201599121094,0.0,5.039999961853027,90.0,0.0199999995529651,24.44799995422364,0.1570000052452087
1782615600000,2026-06-28 03:00:00,,,,,,,,,,,,,23.24799919128418,70.0,1016.2000122070312,17.471765518188477,0.0,5.091168403625488,81.86998748779297,0.0199999995529651,23.89800071716309,0.1560000032186508
1782619200000,2026-06-28 04:00:00,,,,,,,,,,,,,23.44799995422364,71.0,1016.2000122070312,17.888437271118164,0.0,4.6938252449035645,94.39862060546876,0.0299999993294477,23.44799995422364,0.1560000032186508
1782622800000,2026-06-28 05:00:00,,,,,,,,,,,,,25.39800071716309,67.0,1016.2000122070312,18.826045989990234,0.0,4.452953815460205,104.03627014160156,0.0500000044703483,23.597999572753903,0.1560000032186508
1782626400000,2026-06-28 06:00:00,,,,,,,,,,,,,27.79800033569336,59.0,1016.0,19.05436134338379,0.0,6.989935398101807,101.88863372802734,0.1500000059604644,24.39800071716309,0.1550000011920929
1782630000000,2026-06-28 07:00:00,,,,,,,,,,,,,30.14800071716309,53.0,1015.9000244140624,19.517127990722656,0.0,9.422101020812988,96.58185577392578,0.2599999904632568,25.49799919128418,0.1550000011920929
1782633600000,2026-06-28 08:00:00,,,,,,,,,,,,,32.948001861572266,46.0,1015.7999877929688,19.79790496826172,0.0,12.144330978393556,101.9761199951172,0.3400000035762787,26.847999572753903,0.1539999991655349
1782637200000,2026-06-28 09:00:00,,,,,,,,,,,,,35.99800109863281,32.0,1015.5999755859376,16.71768569946289,0.0,12.55879020690918,117.29949188232422,0.3600000143051147,28.44799995422364,0.152999997138977
1782640800000,2026-06-28 10:00:00,,,,,,,,,,,,,37.948001861572266,27.0,1015.2000122070312,15.723401069641112,0.0,13.039753913879396,96.34009552001952,0.3600000143051147,30.14800071716309,0.1519999951124191
1782644400000,2026-06-28 11:00:00,,,,,,,,,,,,,38.84800338745117,24.0,1015.2000122070312,14.647598266601562,0.0,5.495161056518555,58.39254379272461,0.3300000131130218,31.597999572753903,0.1519999951124191
1782648000000,2026-06-28 12:00:00,,,,,,,,,,,,,38.79800033569336,24.0,1015.2000122070312,14.605815887451172,0.0,16.923830032348633,293.8387451171875,0.3000000119209289,32.59800338745117,0.1509999930858612
1782651600000,2026-06-28 13:00:00,,,,,,,,,,,,,39.29800033569336,22.0,1015.2000122070312,13.677886009216309,0.0,10.805997848510742,330.0184326171875,0.2800000309944153,33.14800262451172,0.1500000059604644
1782654171131,2026-06-28 13:42:51,,,,23.28,22.33,21.14,,,,100.0,-121.0,-15.0,,,,,,,,,,
1782655200000,2026-06-28 14:00:00,,,,,,,,,,,,,39.698001861572266,22.0,1014.7000122070312,14.008543014526367,0.0,9.65981388092041,333.4350280761719,0.2599999904632568,33.698001861572266,0.1500000059604644
1782658800000,2026-06-28 15:00:00,,,,,,,,,,,,,39.54800033569336,22.0,1014.5,13.88455867767334,0.0,11.966954231262209,313.7811889648437,0.2300000041723251,33.99800109863281,0.1490000039339065
1782662400000,2026-06-28 16:00:00,,,,,,,,,,,,,38.84800338745117,22.0,1014.7000122070312,13.305795669555664,0.0,13.246826171875,317.2026062011719,0.2000000178813934,33.74800109863281,0.1490000039339065
1782666000000,2026-06-28 17:00:00,,,,,,,,,,,,,36.948001861572266,31.0,1014.7000122070312,17.038442611694336,0.0,15.6837739944458,301.8659362792969,0.1599999964237213,33.14800262451172,0.1480000019073486
1782668568000,2026-06-28 17:42:48,,,,23.73,22.63,21.23,,,,100.0,-120.0,-15.5,,,,,,,,,,
1782668573673,2026-06-28 17:42:53,39.13,32.23,27.65,,,,326.32,304.17,280.53,100.0,-121.0,-13.8,,,,,,,,,,
1782669600000,2026-06-28 18:00:00,,,,,,,,,,,,,35.34800338745117,31.0,1015.4000244140624,15.657340049743652,0.0,9.585739135742188,304.28692626953125,0.1099999994039535,32.14800262451172,0.1480000019073486
1782673200000,2026-06-28 19:00:00,,,,,,,,,,,,,32.59800338745117,41.0,1016.5999755859376,17.642101287841797,0.0,15.192682266235352,323.6730651855469,0.0700000077486038,30.89800071716309,0.1469999998807907
1782676800000,2026-06-28 20:00:00,,,,,,,,,,,,,30.19799995422364,50.0,1017.5999755859376,18.628585815429688,0.0,6.608721733093262,299.357666015625,0.0599999986588954,29.89800071716309,0.1469999998807907
1782680400000,2026-06-28 21:00:00,,,,,,,,,,,,,28.29800033569336,57.0,1018.7000122070312,18.968730926513672,0.0,4.213691711425781,289.9831848144531,0.0399999991059303,28.74799919128418,0.1469999998807907
1782684000000,2026-06-28 22:00:00,,,,,,,,,,,,,27.14800071716309,62.0,1019.2000122070312,19.239681243896484,0.0,5.9044389724731445,307.56866455078125,0.0299999993294477,27.79800033569336,0.1469999998807907
1782687600000,2026-06-28 23:00:00,,,,,,,,,,,,,25.597999572753903,70.0,1019.0999755859376,19.72049140930176,0.0,6.119999885559082,331.9276123046875,0.0299999993294477,26.99799919128418,0.1459999978542328
1782691200000,2026-06-29 00:00:00,,,,,,,,,,,,,26.19799995422364,62.0,1018.9000244140624,18.344385147094727,0.0,5.506940841674805,281.3099060058594,0.0299999993294477,26.54800033569336,0.1509999930858612
1782694800000,2026-06-29 01:00:00,,,,,,,,,,,,,25.04800033569336,72.0,1019.2999877929688,19.64729690551757,0.3000000119209289,5.804825305938721,277.1249084472656,0.0299999993294477,26.14800071716309,0.1500000059604644
1782697361911,2026-06-29 01:42:41,,,,24.08,21.3,21.17,,,,100.0,-122.0,-10.2,,,,,,,,,,
1782697367516,2026-06-29 01:42:47,39.0,32.1,27.44,,,,326.04,304.03,280.35,100.0,-113.0,-11.5,,,,,,,,,,
1782698400000,2026-06-29 02:00:00,,,,,,,,,,,,,23.19799995422364,88.0,1020.7000122070312,21.099346160888672,0.8999999761581421,4.320000171661377,270.0,0.0399999991059303,25.64800071716309,0.1500000059604644
1782702000000,2026-06-29 03:00:00,,,,,,,,,,,,,22.64800071716309,94.0,1020.9000244140624,21.632238388061523,0.6000000238418579,6.287129878997803,293.62939453125,0.0299999993294477,25.04800033569336,0.1500000059604644
1782705600000,2026-06-29 04:00:00,,,,,,,,,,,,,22.99799919128418,92.0,1019.7000122070312,21.627412796020508,0.5,4.6102495193481445,128.6598358154297,0.0199999995529651,24.64800071716309,0.1500000059604644
1782709200000,2026-06-29 05:00:00,,,,,,,,,,,,,23.347999572753903,91.0,1019.2999877929688,21.794740676879883,0.0,2.189794540405273,9.462247848510742,0.0399999991059303,24.49799919128418,0.1509999930858612
1782712800000,2026-06-29 06:00:00,,,,,,,,,,,,,24.14800071716309,89.0,1019.2000122070312,22.219884872436523,0.4000000059604645,2.9024126529693604,330.2552185058594,0.0900000035762786,24.69799995422364,0.1509999930858612
1782716400000,2026-06-29 07:00:00,,,,,,,,,,,,,25.64800071716309,72.0,1018.7999877929688,20.223344802856445,0.0,4.843304634094238,48.01287078857422,0.2300000041723251,25.19799995422364,0.1519999951124191
1782720000000,2026-06-29 08:00:00,,,,,,,,,,,,,26.847999572753903,67.0,1019.0,20.20573234558105,0.0,7.754636764526367,338.1985168457031,0.4099999964237213,25.89800071716309,0.1519999951124191
1782723600000,2026-06-29 09:00:00,,,,,,,,,,,,,25.49799919128418,72.0,1020.7999877929688,20.079334259033203,0.0,18.05750846862793,293.4985656738281,0.4200000464916229,26.04800033569336,0.152999997138977
1782727200000,2026-06-29 10:00:00,,,,,,,,,,,,,24.49799919128418,72.0,1021.0999755859376,19.11921119689941,0.0,15.281989097595217,316.9091491699219,0.3199999928474426,25.54800033569336,0.152999997138977
1782730800000,2026-06-29 11:00:00,,,,,,,,,,,,,23.89800071716309,69.0,1022.2000122070312,17.864986419677734,0.0,12.53813362121582,309.17364501953125,0.2399999946355819,25.097999572753903,0.1539999991655349
1782734400000,2026-06-29 12:00:00,,,,,,,,,,,,,24.44799995422364,81.0,1021.2000122070312,20.97397994995117,2.400000095367432,2.968636035919189,345.9637145996094,0.2199999988079071,24.69799995422364,0.1539999991655349
1782738000000,2026-06-29 13:00:00,,,,,,,,,,,,,24.69799995422364,74.0,1021.7000122070312,19.752227783203125,0.0,8.496304512023926,323.61553955078125,0.4700000584125519,25.29800033569336,0.1560000032186508
1782741600000,2026-06-29 14:00:00,,,,,,,,,,,,,26.04800033569336,67.0,1021.4000244140624,19.4445743560791,0.0,8.404284477233887,350.1342468261719,0.4600000083446502,25.74799919128418,0.1589999943971634
1782745200000,2026-06-29 15:00:00,,,,,,,,,,,,,26.94799995422364,57.0,1020.9000244140624,17.709747314453125,0.0,6.489992141723633,356.8202209472656,0.4000000357627868,26.097999572753903,0.1609999984502792
1782748800000,2026-06-29 16:00:00,,,,,,,,,,,,,26.69799995422364,58.0,1021.0,17.75240135192871,0.0,11.384198188781738,325.3047790527344,0.2900000214576721,26.14800071716309,0.1620000004768371
1782752400000,2026-06-29 17:00:00,,,,,,,,,,,,,25.49799919128418,63.0,1021.2999877929688,17.938737869262695,0.0,11.090103149414062,346.865966796875,0.1599999964237213,25.597999572753903,0.163000002503395
1782756000000,2026-06-29 18:00:00,,,,,,,,,,,,,24.79800033569336,66.0,1022.4000244140624,18.01556968688965,0.0,6.489992141723633,326.3099060058594,0.0799999982118606,25.097999572753903,0.164000004529953
1782759600000,2026-06-29 19:00:00,,,,,,,,,,,,,22.04800033569336,86.0,1022.9000244140624,19.596649169921875,0.4000000059604645,13.891522407531738,301.2183532714844,0.0599999986588954,24.29800033569336,0.1650000065565109
1782763200000,2026-06-29 20:00:00,,,,,,,,,,,,,20.89800071716309,88.0,1023.5,18.83531379699707,0.0,14.489720344543455,296.5649719238281,0.0500000044703483,23.44799995422364,0.1659999936819076
1782766800000,2026-06-29 21:00:00,,,,,,,,,,,,,19.99799919128418,89.0,1024.199951171875,18.129100799560547,0.0,12.594856262207031,300.96368408203125,0.0500000044703483,22.74799919128418,0.1669999957084655
1782770400000,2026-06-29 22:00:00,,,,,,,,,,,,,19.69799995422364,89.0,1024.5999755859375,17.83334732055664,0.0,9.585739135742188,304.28692626953125,0.0399999991059303,22.19799995422364,0.1679999977350235
1782774000000,2026-06-29 23:00:00,,,,,,,,,,,,,19.597999572753903,89.0,1024.699951171875,17.734760284423828,0.0,8.534353256225586,297.6458740234375,0.0299999993294477,21.847999572753903,0.1679999977350235
1782777600000,2026-06-30 00:00:00,,,,,,,,,,,,,21.097999572753903,88.0,1024.300048828125,19.03219223022461,0.0,5.116561412811279,320.7106018066406,0.0399999991059303,22.54800033569336,0.3179999887943268
1782781200000,2026-06-30 01:00:00,,,,,,,,,,,,,20.94799995422364,88.0,1023.7999877929688,18.88452911376953,0.0,4.896529197692871,342.8971862792969,0.0299999993294477,22.29800033569336,0.3109999895095825
1782784800000,2026-06-30 02:00:00,,,,,,,,,,,,,20.94799995422364,85.0,1024.5,18.33019256591797,0.0,1.4399999380111694,360.0,0.0199999995529651,21.99799919128418,0.3039999902248382
1782788400000,2026-06-30 03:00:00,,,,,,,,,,,,,20.24799919128418,86.0,1023.2000122070312,17.829669952392578,0.800000011920929,6.849466800689697,356.9872741699219,0.0299999993294477,21.74799919128418,0.2989999949932098
1782792000000,2026-06-30 04:00:00,,,,,,,,,,,,,19.99799919128418,89.0,1023.7999877929688,18.129100799560547,0.0,2.0364675521850586,44.99989700317383,0.0299999993294477,21.44799995422364,0.296999990940094
1782795600000,2026-06-30 05:00:00,,,,,,,,,,,,,20.29800033569336,88.0,1023.7000122070312,18.2446403503418,0.0,4.582051753997803,44.99989700317383,0.0500000044703483,21.347999572753903,0.2939999997615814
1782798150595,2026-06-30 05:42:30,43.12,40.01,37.06,,,,336.26,315.65,288.3,100.0,-122.0,-13.8,,,,,,,,,,
1782799200000,2026-06-30 06:00:00,,,,,,,,,,,,,20.597999572753903,86.0,1023.9000244140624,18.17326736450196,0.0,5.86037540435791,42.51040267944336,0.0900000035762786,21.39800071716309,0.2910000085830688
1782802800000,2026-06-30 07:00:00,,,,,,,,,,,,,20.44799995422364,88.0,1023.7000122070312,18.392309188842773,0.0,6.489992141723633,56.30989837646485,0.0799999982118606,21.347999572753903,0.2879999876022339
1782806400000,2026-06-30 08:00:00,,,,,,,,,,,,,20.597999572753903,87.0,1023.5,18.35754776000977,0.0,5.351784706115723,42.27362823486328,0.0799999982118606,21.347999572753903,0.2840000092983246
1782810000000,2026-06-30 09:00:00,,,,,,,,,,,,,21.097999572753903,85.0,1023.5,18.47723197937012,0.0,4.896529197692871,17.102825164794922,0.1099999994039535,21.39800071716309,0.2809999883174896
1782813600000,2026-06-30 10:00:00,,,,,,,,,,,,,22.29800033569336,80.0,1023.5,18.68045234680176,0.0,5.600285530090332,44.99989700317383,0.1700000017881393,21.74799919128418,0.277999997138977
1782817200000,2026-06-30 11:00:00,,,,,,,,,,,,,22.64800071716309,79.0,1023.0999755859376,18.819454193115234,0.0,5.815978050231934,21.801475524902344,0.2199999988079071,22.14800071716309,0.2750000059604645
1782820800000,2026-06-30 12:00:00,,,,,,,,,,,,,22.847999572753903,79.0,1022.5999755859376,19.01372528076172,0.0,2.968636035919189,14.036274909973145,0.1899999976158142,22.39800071716309,0.2720000147819519
1782824400000,2026-06-30 13:00:00,,,,,,,,,,,,,22.94799995422364,79.0,1022.0,19.110864639282227,0.0,3.6712939739227295,348.6900939941406,0.1400000154972076,22.39800071716309,0.270000010728836
1782828000000,2026-06-30 14:00:00,,,,,,,,,,,,,22.89800071716309,79.0,1021.4000244140624,19.06229782104492,0.0,5.154415130615234,335.2248840332031,0.1400000154972076,22.44799995422364,0.2680000066757202
1782831600000,2026-06-30 15:00:00,,,,,,,,,,,,,21.847999572753903,86.0,1021.0,19.400325775146484,0.3000000119209289,7.491114139556885,305.2176818847656,0.0900000035762786,22.19799995422364,0.2660000026226043
1782835200000,2026-06-30 16:00:00,,,,,,,,,,,,,21.04800033569336,91.0,1020.5999755859376,19.521371841430664,0.4000000059604645,8.404285430908203,316.73565673828125,0.0799999982118606,21.847999572753903,0.2639999985694885
1782838800000,2026-06-30 17:00:00,,,,,,,,,,,,,20.847999572753903,89.0,1020.4000244140624,18.9670467376709,0.1000000014901161,4.553679466247559,341.56494140625,0.0599999986588954,21.49799919128418,0.2639999985694885
1782842400000,2026-06-30 18:00:00,,,,,,,,,,,,,20.847999572753903,88.0,1020.4000244140624,18.78608703613281,0.0,5.241678714752197,15.945476531982422,0.0500000044703483,21.347999572753903,0.2630000114440918
1782846000000,2026-06-30 19:00:00,,,,,,,,,,,,,20.347999572753903,89.0,1020.4000244140624,18.474140167236328,0.0,2.27683973312378,71.5649642944336,0.0299999993294477,21.097999572753903,0.2619999945163727
1782849600000,2026-06-30 20:00:00,,,,,,,,,,,,,19.64800071716309,92.0,1020.2000122070312,18.311628341674805,0.0,2.741678237915039,66.80138397216797,0.0099999997764825,20.69799995422364,0.2610000073909759
1782853200000,2026-06-30 21:00:00,,,,,,,,,,,,,19.24799919128418,93.0,1019.9000244140624,18.087656021118164,0.0,2.3051247596740723,38.65982818603516,0.0099999997764825,20.347999572753903,0.2599999904632568
1782855728345,2026-06-30 21:42:08,,,,22.73,22.56,21.63,,,,100.0,-112.0,-12.0,,,,,,,,,,
1782856800000,2026-06-30 22:00:00,,,,,,,,,,,,,19.19799995422364,93.0,1019.5999755859376,18.0380973815918,0.0,2.189794540405273,350.5377502441406,0.0099999997764825,20.14800071716309,0.2590000033378601
1782860400000,2026-06-30 23:00:00,,,,,,,,,,,,,18.94799995422364,95.0,1019.0,18.128677368164062,0.0,1.7999999523162842,53.13002014160156,0.0,19.94799995422364,0.257999986410141
1782864000000,2026-07-01 00:00:00,,,,,,,,,,,,,19.79800033569336,93.0,1018.0,18.632801055908203,0.0,1.6099690198898315,26.564985275268555,0.0,20.89800071716309,0.2179999947547912
1782867600000,2026-07-01 01:00:00,,,,,,,,,,,,,19.79800033569336,92.0,1017.2999877929688,18.460102081298828,0.0,5.399999618530273,323.1300354003906,0.0,20.74799919128418,0.2179999947547912
1782870125436,2026-07-01 01:42:05,,,,22.63,22.46,21.2,,,,100.0,-113.0,-13.5,,,,,,,,,,
1782870132204,2026-07-01 01:42:12,41.98,39.0,34.85,,,,333.2,312.9,286.48,100.0,-113.0,-13.2,,,,,,,,,,
1782871200000,2026-07-01 02:00:00,,,,,,,,,,,,,19.64800071716309,92.0,1017.9000244140624,18.311628341674805,0.0,3.545588731765747,336.0375061035156,0.0099999997764825,20.597999572753903,0.2179999947547912
1782874800000,2026-07-01 03:00:00,,,,,,,,,,,,,19.597999572753903,92.0,1017.0999755859376,18.26212882995605,0.0,1.8356469869613647,11.309895515441896,0.0099999997764825,20.44799995422364,0.2179999947547912
1782878400000,2026-07-01 04:00:00,,,,,,,,,,,,,19.64800071716309,92.0,1016.9000244140624,18.311628341674805,0.0,2.3051247596740723,308.6598205566406,0.0099999997764825,20.39800071716309,0.2169999927282333
1782882000000,2026-07-01 05:00:00,,,,,,,,,,,,,19.847999572753903,90.0,1016.5,18.1590633392334,0.0,4.33497428894043,311.6334533691406,0.0199999995529651,20.44799995422364,0.2169999927282333
1782885600000,2026-07-01 06:00:00,,,,,,,,,,,,,19.99799919128418,89.0,1016.2000122070312,18.129100799560547,0.0,7.895416259765625,316.8475952148437,0.0399999991059303,20.54800033569336,0.2169999927282333
1782889200000,2026-07-01 07:00:00,,,,,,,,,,,,,19.64800071716309,91.0,1016.7000122070312,18.137470245361328,0.3000000119209289,8.396570205688477,300.96368408203125,0.0500000044703483,20.54800033569336,0.2169999927282333
1782892800000,2026-07-01 08:00:00,,,,,,,,,,,,,19.49799919128418,92.0,1016.9000244140624,18.163143157958984,2.200000047683716,10.948972702026367,316.3321533203125,0.0700000077486038,20.39800071716309,0.2169999927282333
1782896400000,2026-07-01 09:00:00,,,,,,,,,,,,,19.69799995422364,89.0,1017.0,17.83334732055664,1.7000000476837158,11.246759414672852,320.1944885253906,0.1000000089406967,20.347999572753903,0.2290000021457672
1782898919176,2026-07-01 09:41:59,,,,22.26,21.96,21.43,,,,100.0,-121.0,-13.2,,,,,,,,,,
1782900000000,2026-07-01 10:00:00,,,,,,,,,,,,,19.54800033569336,88.0,1017.7000122070312,17.506277084350586,0.2000000029802322,9.67322063446045,315.0000915527344,0.0900000035762786,20.24799919128418,0.2460000067949295
1782903600000,2026-07-01 11:00:00,,,,,,,,,,,,,19.94799995422364,85.0,1017.7999877929688,17.349891662597656,0.4000000059604645,8.891343116760254,328.2405700683594,0.1000000089406967,20.24799919128418,0.2560000121593475
1782907200000,2026-07-01 12:00:00,,,,,,,,,,,,,20.89800071716309,78.0,1018.2999877929688,16.918235778808594,0.0,10.144082069396973,332.5256652832031,0.2000000178813934,20.49799919128418,0.2599999904632568
1782910800000,2026-07-01 13:00:00,,,,,,,,,,,,,21.597999572753903,68.0,1018.2000122070312,15.439447402954102,0.0,11.60965061187744,330.2552185058594,0.3100000023841858,20.99799919128418,0.2619999945163727
1782914400000,2026-07-01 14:00:00,,,,,,,,,,,,,21.54800033569336,67.0,1018.0999755859376,15.160965919494627,0.0,10.948972702026367,332.5924987792969,0.3300000131130218,21.19799995422364,0.2610000073909759
1782918000000,2026-07-01 15:00:00,,,,,,,,,,,,,21.49799919128418,56.0,1018.0999755859376,12.353026390075684,0.0,9.0,343.7397155761719,0.2800000309944153,21.19799995422364,0.2599999904632568
1782921600000,2026-07-01 16:00:00,,,,,,,,,,,,,21.44799995422364,58.0,1017.9000244140624,12.841681480407717,0.0,6.1516828536987305,339.4438781738281,0.1899999976158142,21.097999572753903,0.257999986410141
1782925200000,2026-07-01 17:00:00,,,,,,,,,,,,,21.29800033569336,65.0,1018.2999877929688,14.452953338623049,0.0,6.409617424011231,321.8427124023437,0.1299999952316284,21.04800033569336,0.2560000121593475
1782928800000,2026-07-01 18:00:00,,,,,,,,,,,,,20.99799919128418,67.0,1018.5999755859376,14.63716983795166,0.0,6.792466163635254,302.0053405761719,0.0700000077486038,20.79800033569336,0.2549999952316284
1782932400000,2026-07-01 19:00:00,,,,,,,,,,,,,19.347999572753903,83.0,1019.0,16.38702964782715,0.0,9.693296432495115,291.8014831542969,0.0299999993294477,20.44799995422364,0.2529999911785126
1782936000000,2026-07-01 20:00:00,,,,,,,,,,,,,18.39800071716309,87.0,1019.4000244140624,16.194629669189453,0.0,6.369049549102783,312.7093811035156,0.0199999995529651,19.94799995422364,0.2520000040531158
1782939600000,2026-07-01 21:00:00,,,,,,,,,,,,,17.648000717163086,90.0,1019.2999877929688,15.987126350402832,0.0,3.877318382263184,291.8014831542969,0.0099999997764825,19.347999572753903,0.2509999871253967
1782943200000,2026-07-01 22:00:00,,,,,,,,,,,,,17.097999572753906,91.0,1019.5,15.616569519042969,0.0,5.001279830932617,300.25634765625,0.0099999997764825,18.89800071716309,0.25
1782946800000,2026-07-01 23:00:00,,,,,,,,,,,,,16.49799919128418,92.0,1019.5999755859376,15.193401336669922,0.0,2.9024126529693604,299.7447814941406,0.0,18.39800071716309,0.248999997973442
1782950400000,2026-07-02 00:00:00,,,,,,,,,,,,,15.89799976348877,94.0,1020.5,14.933100700378418,0.0,3.219938039779663,296.5649719238281,0.0,17.847999572753906,0.2680000066757202
1782954000000,2026-07-02 01:00:00,,,,,,,,,,,,,15.64799976348877,94.0,1020.2000122070312,14.684958457946776,0.0,2.189794540405273,9.462247848510742,0.0,17.398000717163086,0.2669999897480011
1782956513947,2026-07-02 01:41:53,41.69,38.46,33.35,,,,332.46,311.5,285.24,100.0,-113.0,-14.0,,,,,,,,,,
1782957600000,2026-07-02 02:00:00,,,,,,,,,,,,,15.748000144958496,91.0,1019.5,14.28186321258545,0.0,3.2599384784698486,353.659912109375,0.0,16.99799919128418,0.2660000026226043
1782961200000,2026-07-02 03:00:00,,,,,,,,,,,,,15.14799976348877,93.0,1020.0999755859376,14.02357578277588,0.0,5.116561412811279,320.7106018066406,0.0,16.648000717163086,0.2639999985694885
1782964800000,2026-07-02 04:00:00,,,,,,,,,,,,,15.64799976348877,92.0,1020.5999755859376,14.351911544799805,0.0,4.6102495193481445,308.6598205566406,0.0,16.597999572753906,0.2630000114440918
1782968400000,2026-07-02 05:00:00,,,,,,,,,,,,,16.697999954223633,89.0,1021.2000122070312,14.875537872314451,0.0,5.634891033172607,296.5649719238281,0.0299999993294477,16.99799919128418,0.2619999945163727
1782972000000,2026-07-02 06:00:00,,,,,,,,,,,,,17.847999572753906,84.0,1021.2000122070312,15.10677719116211,0.0,8.699792861938477,294.4439392089844,0.1099999994039535,17.648000717163086,0.2610000073909759
1782975600000,2026-07-02 07:00:00,,,,,,,,,,,,,19.49799919128418,78.0,1020.7999877929688,15.56002712249756,0.0,8.854828834533691,296.5649719238281,0.2199999988079071,18.44799995422364,0.2590000033378601
1782979200000,2026-07-02 08:00:00,,,,,,,,,,,,,21.14800071716309,71.0,1020.5,15.683008193969728,0.0,8.854828834533691,296.5649719238281,0.3100000023841858,19.54800033569336,0.257999986410141
1782982800000,2026-07-02 09:00:00,,,,,,,,,,,,,22.64800071716309,60.0,1020.2000122070312,14.488511085510254,0.0,10.245779991149902,288.4350280761719,0.3799999952316284,20.597999572753903,0.2560000121593475
1782985300819,2026-07-02 09:41:40,,,,21.2,21.3,20.78,,,,100.0,-113.0,-10.0,,,,,,,,,,
1782986400000,2026-07-02 10:00:00,,,,,,,,,,,,,23.74799919128418,52.0,1019.7999877929688,13.307587623596191,0.0,10.82995891571045,285.4222106933594,0.3799999952316284,21.44799995422364,0.2540000081062317
1782990000000,2026-07-02 11:00:00,,,,,,,,,,,,,25.097999572753903,46.0,1019.4000244140624,12.66848373413086,0.0,10.538843154907228,277.85321044921875,0.3799999952316284,22.347999572753903,0.2520000040531158
1782993600000,2026-07-02 12:00:00,,,,,,,,,,,,,25.69799995422364,41.0,1019.0,11.462169647216797,0.0,11.525623321533203,271.78985595703125,0.3799999952316284,23.19799995422364,0.25
1782997200000,2026-07-02 13:00:00,,,,,,,,,,,,,26.19799995422364,37.0,1018.4000244140624,10.36232089996338,0.0,11.620808601379396,253.8107147216797,0.3600000143051147,23.74799919128418,0.2479999959468841
1782999697766,2026-07-02 13:41:37,,,,21.14,21.43,20.84,,,,100.0,-114.0,-11.5,,,,,,,,,,
1782999706774,2026-07-02 13:41:46,41.38,38.09,32.4,,,,331.67,310.57,284.46,100.0,-121.0,-14.5,,,,,,,,,,
1783000800000,2026-07-02 14:00:00,,,,,,,,,,,,,26.74799919128418,32.0,1017.7999877929688,8.683387756347656,0.0,11.72075080871582,280.6195983886719,0.3500000238418579,24.19799995422364,0.2460000067949295
1783004400000,2026-07-02 15:00:00,,,,,,,,,,,,,26.64800071716309,35.0,1017.2999877929688,9.928010940551758,0.0,12.101570129394531,292.7510070800781,0.3100000023841858,24.29800033569336,0.2440000027418136
1783008000000,2026-07-02 16:00:00,,,,,,,,,,,,,26.89800071716309,35.0,1016.7999877929688,10.147960662841797,0.0,9.826087951660156,278.4268798828125,0.2599999904632568,24.24799919128418,0.2419999986886978
1783011600000,2026-07-02 17:00:00,,,,,,,,,,,,,26.29800033569336,38.0,1016.5999755859376,10.851585388183594,0.0,8.31124496459961,274.9696350097656,0.1599999964237213,24.04800033569336,0.2409999966621399
1783015200000,2026-07-02 18:00:00,,,,,,,,,,,,,25.54800033569336,39.0,1016.5,10.574475288391112,0.0,5.86037540435791,259.3804016113281,0.0900000035762786,23.597999572753903,0.2399999946355819
1783018800000,2026-07-02 19:00:00,,,,,,,,,,,,,24.347999572753903,46.0,1016.5,11.986315727233888,0.0,3.415259599685669,251.56495666503903,0.0500000044703483,22.79800033569336,0.238999992609024
1783022400000,2026-07-02 20:00:00,,,,,,,,,,,,,22.64800071716309,52.0,1016.9000244140624,12.29183578491211,0.0,3.976329803466797,264.8056640625,0.0299999993294477,21.847999572753903,0.2380000054836273
1783026000000,2026-07-02 21:00:00,,,,,,,,,,,,,21.347999572753903,59.0,1018.2000122070312,13.009449005126951,0.0,11.966954231262209,313.7811889648437,0.0399999991059303,21.44799995422364,0.2370000034570694
1783029600000,2026-07-02 22:00:00,,,,,,,,,,,,,20.54800033569336,66.0,1018.9000244140624,13.976465225219728,0.1000000014901161,9.832679748535156,293.74951171875,0.0399999991059303,21.097999572753903,0.2370000034570694
1783033200000,2026-07-02 23:00:00,,,,,,,,,,,,,19.99799919128418,70.0,1019.5,14.3604097366333,0.0,10.99032211303711,301.6074523925781,0.0500000044703483,20.69799995422364,0.2360000014305114
1783036800000,2026-07-03 00:00:00,,,,,,,,,,,,,18.04800033569336,82.0,1020.4000244140624,14.92768669128418,0.2000000029802322,14.081477165222168,302.4711608886719,0.0500000044703483,20.04800033569336,0.2300000041723251
1783040400000,2026-07-03 01:00:00,,,,,,,,,,,,,17.148000717163086,79.0,1020.7000122070312,13.475228309631348,0.0,14.186923027038574,305.706787109375,0.0599999986588954,19.49799919128418,0.2290000021457672
1783044000000,2026-07-03 02:00:00,,,,,,,,,,,,,16.197999954223633,78.0,1020.7000122070312,12.357677459716797,0.0,12.889809608459473,305.9097900390625,0.0799999982118606,18.847999572753903,0.2290000021457672
1783047600000,2026-07-03 03:00:00,,,,,,,,,,,,,15.29800033569336,78.0,1021.4000244140624,11.484102249145508,0.0,12.413476943969728,299.5386962890625,0.0700000077486038,18.29800033569336,0.2290000021457672
1783051200000,2026-07-03 04:00:00,,,,,,,,,,,,,14.998000144958496,77.0,1022.2999877929688,10.998339653015137,0.0,11.384199142456056,288.4350280761719,0.0599999986588954,17.79800033569336,0.2280000001192093
1783054800000,2026-07-03 05:00:00,,,,,,,,,,,,,14.79800033569336,78.0,1023.0,10.998743057250977,0.0,10.63676643371582,293.9624938964844,0.0900000035762786,17.54800033569336,0.2280000001192093
1783058400000,2026-07-03 06:00:00,,,,,,,,,,,,,15.498000144958496,75.0,1023.4000244140624,11.085561752319336,0.0,12.39780616760254,295.8209228515625,0.1800000071525573,17.597999572753906,0.2269999980926513
1783062000000,2026-07-03 07:00:00,,,,,,,,,,,,,16.54800033569336,66.0,1023.2000122070312,10.171989440917969,0.0,15.49673557281494,300.73541259765625,0.270000010728836,17.898000717163086,0.2259999960660934
1783065600000,2026-07-03 08:00:00,,,,,,,,,,,,,17.697999954223633,62.0,1023.0999755859376,10.32565689086914,0.0,17.47762107849121,302.3806457519531,0.3300000131130218,18.29800033569336,0.2249999940395355
1783069200000,2026-07-03 09:00:00,,,,,,,,,,,,,18.64800071716309,52.0,1023.0,8.595419883728027,0.0,15.13713264465332,295.3461303710937,0.3700000345706939,18.89800071716309,0.2240000069141388
1783072800000,2026-07-03 10:00:00,,,,,,,,,,,,,19.49799919128418,49.0,1023.2000122070312,8.50045394897461,0.0,17.78268814086914,291.3706970214844,0.3700000345706939,19.347999572753903,0.2230000048875808
1783076400000,2026-07-03 11:00:00,,,,,,,,,,,,,19.54800033569336,46.0,1023.2999877929688,7.616252899169922,0.0,18.21827507019043,307.7757568359375,0.3600000143051147,19.74799919128418,0.221000000834465
1783080000000,2026-07-03 12:00:00,,,,,,,,,,,,,21.14800071716309,43.0,1023.0,8.076985359191895,0.0,17.0762996673584,304.6952209472656,0.3400000035762787,19.94799995422364,0.2199999988079071
1783083600000,2026-07-03 13:00:00,,,,,,,,,,,,,20.79800033569336,47.0,1022.9000244140624,9.073702812194824,0.0,14.618837356567385,279.9261779785156,0.3199999928474426,20.14800071716309,0.2189999967813491
1783086079404,2026-07-03 13:41:19,,,,20.84,20.33,20.62,,,,100.0,-113.0,-10.8,,,,,,,,,,
1783086086368,2026-07-03 13:41:26,40.73,36.68,30.85,,,,330.05,308.94,283.17,100.0,-113.0,-10.8,,,,,,,,,,
1783087200000,2026-07-03 14:00:00,,,,,,,,,,,,,21.24799919128418,44.0,1022.5,8.50646686553955,0.0,16.51690101623535,286.4600830078125,0.2900000214576721,20.29800033569336,0.2179999947547912
1783090800000,2026-07-03 15:00:00,,,,,,,,,,,,,21.54800033569336,43.0,1022.2999877929688,8.43835735321045,0.0,16.311613082885742,292.0362854003906,0.2800000309944153,20.54800033569336,0.2160000056028366
1783094400000,2026-07-03 16:00:00,,,,,,,,,,,,,21.64800071716309,44.0,1022.0,8.868804931640625,0.0,15.03404140472412,286.6993103027344,0.25,20.64800071716309,0.2150000035762787
1783098000000,2026-07-03 17:00:00,,,,,,,,,,,,,21.39800071716309,46.0,1022.0,9.30140781402588,0.0,14.003028869628906,287.96923828125,0.1899999976158142,20.597999572753903,0.2140000015497207
1783101600000,2026-07-03 18:00:00,,,,,,,,,,,,,20.847999572753903,47.0,1022.0,9.119356155395508,0.0,10.36525058746338,290.3232116699219,0.1199999973177909,20.347999572753903,0.2140000015497207
1783105200000,2026-07-03 19:00:00,,,,,,,,,,,,,18.94799995422364,57.0,1022.2999877929688,10.240286827087402,0.0,5.759999752044678,270.0,0.0599999986588954,19.69799995422364,0.2129999995231628
1783108800000,2026-07-03 20:00:00,,,,,,,,,,,,,16.947999954223633,67.0,1022.7000122070312,10.778528213500977,0.0,4.0249223709106445,280.3047790527344,0.0299999993294477,18.64800071716309,0.2119999974966049
1783112400000,2026-07-03 21:00:00,,,,,,,,,,,,,15.947999954223633,73.0,1022.9000244140624,11.112091064453123,0.0,3.89399528503418,303.6900939941406,0.0199999995529651,17.79800033569336,0.2119999974966049
1783116000000,2026-07-03 22:00:00,,,,,,,,,,,,,14.748000144958496,78.0,1023.2000122070312,10.950202941894531,0.0,3.7064266204833984,330.94549560546875,0.0099999997764825,16.947999954223633,0.210999995470047
1783119600000,2026-07-03 23:00:00,,,,,,,,,,,,,14.14799976348877,80.0,1023.5,10.747843742370604,0.0,3.563817977905273,315.0000915527344,0.0,16.24799919128418,0.210999995470047
1783123200000,2026-07-04 00:00:00,,,,,,,,,,,,,14.347999572753906,83.0,1023.5999755859376,11.498188972473145,0.0,4.198285102844238,300.96368408203125,0.0099999997764825,16.947999954223633,0.209999993443489
1783126800000,2026-07-04 01:00:00,,,,,,,,,,,,,13.64799976348877,85.0,1024.300048828125,11.172292709350586,0.0,3.89399528503418,303.6900939941406,0.0099999997764825,16.347999572753906,0.2090000063180923
1783130400000,2026-07-04 02:00:00,,,,,,,,,,,,,13.14799976348877,86.0,1024.5,10.857775688171388,0.0,3.7064266204833984,299.05450439453125,0.0,15.748000144958496,0.2090000063180923
1783134000000,2026-07-04 03:00:00,,,,,,,,,,,,,12.947999954223633,87.0,1024.5999755859375,10.835165023803713,0.0,4.198285102844238,300.96368408203125,0.0,15.29800033569336,0.2090000063180923
1783137600000,2026-07-04 04:00:00,,,,,,,,,,,,,13.39799976348877,85.0,1024.5999755859375,10.92708969116211,0.0,5.001279830932617,300.25634765625,0.0099999997764825,15.197999954223633,0.2080000042915344
1783141200000,2026-07-04 05:00:00,,,,,,,,,,,,,14.597999572753906,80.0,1024.4000244140625,11.186012268066406,0.0,6.618519306182861,292.38018798828125,0.0399999991059303,15.498000144958496,0.2080000042915344
1783143667216,2026-07-04 05:41:07,,,,20.36,20.3,20.36,,,,100.0,-114.0,-14.8,,,,,,,,,,
1783144800000,2026-07-04 06:00:00,,,,,,,,,,,,,15.597999572753906,72.0,1024.699951171875,10.567758560180664,0.0,11.770402908325195,293.4287109375,0.1099999994039535,16.148000717163086,0.2080000042915344
1783148400000,2026-07-04 07:00:00,,,,,,,,,,,,,16.29800033569336,67.0,1024.800048828125,10.158976554870604,0.0,14.007655143737791,295.90643310546875,0.1700000017881393,16.648000717163086,0.2070000022649765
1783152000000,2026-07-04 08:00:00,,,,,,,,,,,,,16.947999954223633,63.0,1024.800048828125,9.8560791015625,0.0,15.62997055053711,298.92633056640625,0.2300000041723251,17.197999954223633,0.2070000022649765
1783155600000,2026-07-04 09:00:00,,,,,,,,,,,,,17.697999954223633,60.0,1024.4000244140625,9.835216522216797,0.0,15.294703483581545,296.5649719238281,0.2399999946355819,17.54800033569336,0.2060000002384185
1783158073140,2026-07-04 09:41:13,40.27,35.57,29.77,,,,328.96,307.75,282.28,100.0,-112.0,-10.8,,,,,,,,,,
1783159200000,2026-07-04 10:00:00,,,,,,,,,,,,,18.44799995422364,56.0,1023.9000244140624,9.509124755859377,0.0,14.812589645385742,295.9422302246094,0.2599999904632568,17.99799919128418,0.2049999982118606
1783162800000,2026-07-04 11:00:00,,,,,,,,,,,,,19.14800071716309,49.0,1023.5999755859376,8.17914867401123,0.0,17.388408660888672,297.095458984375,0.2900000214576721,18.64800071716309,0.2039999961853027
1783166400000,2026-07-04 12:00:00,,,,,,,,,,,,,19.64800071716309,48.0,1023.2999877929688,8.333619117736816,0.0,15.807238578796388,300.0684814453125,0.270000010728836,18.94799995422364,0.2039999961853027
1783170000000,2026-07-04 13:00:00,,,,,,,,,,,,,20.19799995422364,47.0,1022.9000244140624,8.525787353515625,0.0,15.111424446105955,282.3807373046875,0.25,19.19799995422364,0.2029999941587448
1783173600000,2026-07-04 14:00:00,,,,,,,,,,,,,20.89800071716309,46.0,1022.5999755859376,8.846067428588867,0.0,15.379205703735352,290.5561218261719,0.25,19.54800033569336,0.202000007033348
1783177200000,2026-07-04 15:00:00,,,,,,,,,,,,,20.44799995422364,48.0,1022.2000122070312,9.066089630126951,0.0,13.378250122070312,293.8059387207031,0.2199999988079071,19.74799919128418,0.2010000050067901
1783180800000,2026-07-04 16:00:00,,,,,,,,,,,,,19.347999572753903,55.0,1022.2999877929688,10.078757286071776,0.0,14.241628646850586,286.1444091796875,0.1400000154972076,19.44799995422364,0.2010000050067901
1783180949172,2026-07-04 16:02:29,,,,,,,,,,100.0,-113.0,-13.5,,,,,,,,,,
1783180974126,2026-07-04 16:02:54,40.13,35.1,29.31,,,,328.62,307.25,281.9,100.0,-114.0,-16.8,,,,,,,,,,
1783184400000,2026-07-04 17:00:00,,,,,,,,,,,,,17.79800033569336,64.0,1022.2999877929688,10.897120475769045,0.2000000029802322,9.470120429992676,278.7460632324219,0.0799999982118606,18.89800071716309,0.2000000029802322
1783188000000,2026-07-04 18:00:00,,,,,,,,,,,,,16.99799919128418,76.0,1022.0,12.736783981323242,0.4000000059604645,6.839999675750732,270.0,0.0700000077486038,18.347999572753903,0.2000000029802322
1783191600000,2026-07-04 19:00:00,,,,,,,,,,,,,16.148000717163086,81.0,1021.5,12.88491439819336,1.0,2.9024126529693604,240.2552032470703,0.0399999991059303,17.79800033569336,0.2000000029802322
1783195200000,2026-07-04 20:00:00,,,,,,,,,,,,,15.54800033569336,85.0,1021.0,13.035688400268556,1.100000023841858,2.545584201812744,81.86998748779297,0.0099999997764825,17.347999572753906,0.2000000029802322
1783195355298,2026-07-04 20:02:35,,,,20.04,19.38,19.79,,,,100.0,-121.0,-17.5,,,,,,,,,,
1783198800000,2026-07-04 21:00:00,,,,,,,,,,,,,15.04800033569336,92.0,1021.0999755859376,13.75790309906006,2.700000047683716,1.6099690198898315,243.4350128173828,0.0099999997764825,16.947999954223633,0.2049999982118606
1783202400000,2026-07-04 22:00:00,,,,,,,,,,,,,15.04800033569336,93.0,1020.7000122070312,13.924443244934082,1.100000023841858,1.4843180179595947,104.03627014160156,0.0099999997764825,16.697999954223633,0.2339999973773956
1783206000000,2026-07-04 23:00:00,,,,,,,,,,,,,14.697999954223633,95.0,1020.0999755859376,13.905000686645508,0.0,2.811689853668213,50.19447326660156,0.0099999997764825,16.447999954223633,0.25
1783209600000,2026-07-05 00:00:00,,,,,,,,,,,,,15.947999954223633,92.0,1019.2000122070312,14.648910522460938,0.1000000014901161,2.968636035919189,284.0362548828125,0.0099999997764825,16.347999572753906,0.2060000002384185
1783209752223,2026-07-05 00:02:32,,,,19.98,20.46,19.85,,,,100.0,-122.0,-13.8,,,,,,,,,,
1783209761266,2026-07-05 00:02:41,40.04,35.07,29.07,,,,328.41,307.22,281.7,100.0,-121.0,-13.8,,,,,,,,,,
1783213200000,2026-07-05 01:00:00,,,,,,,,,,,,,16.597999572753906,85.0,1019.2999877929688,14.06534194946289,0.0,8.287821769714355,304.3804016113281,0.0199999995529651,16.398000717163086,0.2070000022649765
1783216800000,2026-07-05 02:00:00,,,,,,,,,,,,,16.29800033569336,87.0,1019.0999755859376,14.12973976135254,0.0,5.447788238525391,277.59454345703125,0.0399999991059303,16.49799919128418,0.2080000042915344
1783220400000,2026-07-05 03:00:00,,,,,,,,,,,,,16.148000717163086,90.0,1018.9000244140624,14.506122589111328,0.2000000029802322,2.9024126529693604,262.8750915527344,0.0199999995529651,16.49799919128418,0.2080000042915344
1783224000000,2026-07-05 04:00:00,,,,,,,,,,,,,16.29800033569336,89.0,1018.5,14.481131553649902,0.1000000014901161,4.452953815460205,284.0362548828125,0.0199999995529651,16.49799919128418,0.2090000063180923
1783224156644,2026-07-05 04:02:36,39.99,34.85,28.94,,,,328.29,306.98,281.59,100.0,-113.0,-13.8,,,,,,,,,,
1783227600000,2026-07-05 05:00:00,,,,,,,,,,,,,16.398000717163086,88.0,1018.5,14.404783248901367,0.3000000119209289,6.287129878997803,293.62939453125,0.0299999993294477,16.54800033569336,0.209999993443489
1783231200000,2026-07-05 06:00:00,,,,,,,,,,,,,16.49799919128418,90.0,1018.2999877929688,14.85169792175293,0.3000000119209289,3.9600000381469727,270.0,0.0299999993294477,16.597999572753906,0.210999995470047
1783234800000,2026-07-05 07:00:00,,,,,,,,,,,,,17.347999572753906,83.0,1018.2000122070312,14.431743621826172,0.1000000014901161,7.594207286834717,275.44024658203125,0.0599999986588954,16.74799919128418,0.2129999995231628
1783238400000,2026-07-05 08:00:00,,,,,,,,,,,,,17.847999572753906,82.0,1017.9000244140624,14.732434272766112,0.3000000119209289,9.746630668640137,274.236328125,0.1299999952316284,17.04800033569336,0.2140000015497207
1783238546155,2026-07-05 08:02:26,,,,19.73,19.82,19.44,,,,100.0,-121.0,-18.8,,,,,,,,,,
1783238555082,2026-07-05 08:02:35,39.93,34.76,28.87,,,,328.14,306.89,281.53,100.0,-114.0,-18.2,,,,,,,,,,
1783242000000,2026-07-05 09:00:00,,,,,,,,,,,,,18.347999572753903,80.0,1017.7999877929688,14.836641311645508,0.3000000119209289,11.212135314941406,275.5274353027344,0.1099999994039535,17.197999954223633,0.2169999927282333
1783245600000,2026-07-05 10:00:00,,,,,,,,,,,,,18.19799995422364,80.0,1018.0,14.69064235687256,0.1000000014901161,12.144330978393556,281.9761047363281,0.1299999952316284,17.398000717163086,0.2189999967813491
1783249200000,2026-07-05 11:00:00,,,,,,,,,,,,,19.04800033569336,77.0,1017.9000244140624,14.922806739807127,0.0,13.849475860595703,278.9725341796875,0.2000000178813934,17.648000717163086,0.2220000028610229
1783252800000,2026-07-05 12:00:00,,,,,,,,,,,,,20.54800033569336,72.0,1017.7000122070312,15.325318336486816,0.0,14.458381652832031,288.8861694335937,0.3100000023841858,18.14800071716309,0.2230000048875808
1783256400000,2026-07-05 13:00:00,,,,,,,,,,,,,21.94799995422364,65.0,1017.2999877929688,15.06968593597412,0.0,13.207633972167969,287.447265625,0.4300000071525574,18.89800071716309,0.2230000048875808
1783260000000,2026-07-05 14:00:00,,,,,,,,,,,,,21.69799995422364,57.0,1017.2000122070312,12.809622764587402,0.0,15.379205703735352,286.3139343261719,0.3500000238418579,19.347999572753903,0.2230000048875808
1783263600000,2026-07-05 15:00:00,,,,,,,,,,,,,21.64800071716309,58.0,1017.2000122070312,13.028875350952148,0.0,15.89309310913086,283.0918884277344,0.270000010728836,19.39800071716309,0.2230000048875808
1783267200000,2026-07-05 16:00:00,,,,,,,,,,,,,21.24799919128418,60.0,1017.0999755859376,13.172966003417969,0.0,12.849528312683104,281.3099060058594,0.2300000041723251,19.54800033569336,0.2220000028610229
1783270800000,2026-07-05 17:00:00,,,,,,,,,,,,,20.847999572753903,64.0,1017.2000122070312,13.786972999572754,0.0,12.574259757995604,283.24053955078125,0.1299999952316284,19.44799995422364,0.2220000028610229
1783274400000,2026-07-05 18:00:00,,,,,,,,,,,,,19.847999572753903,68.0,1017.2000122070312,13.769692420959473,0.0,10.10568141937256,274.0855407714844,0.0700000077486038,19.19799995422364,0.221000000834465
1783278000000,2026-07-05 19:00:00,,,,,,,,,,,,,18.49799919128418,74.0,1017.4000244140624,13.776615142822266,0.0,7.56856632232666,267.27374267578125,0.0500000044703483,18.79800033569336,0.221000000834465
1783281600000,2026-07-05 20:00:00,,,,,,,,,,,,,17.74799919128418,78.0,1017.5999755859376,13.861961364746094,0.0,6.877789974212647,276.0089111328125,0.0299999993294477,18.347999572753903,0.221000000834465
1783281741558,2026-07-05 20:02:21,39.81,34.32,28.38,,,,327.86,306.42,281.13,100.0,-112.0,-11.2,,,,,,,,,,
1783285200000,2026-07-05 21:00:00,,,,,,,,,,,,,17.197999954223633,84.0,1017.7000122070312,14.470348358154297,0.0,4.896529197692871,287.1028137207031,0.0199999995529651,17.898000717163086,0.2199999988079071
1783288800000,2026-07-05 22:00:00,,,,,,,,,,,,,17.04800033569336,86.0,1017.7000122070312,14.687838554382324,0.0,5.154415607452393,282.0947265625,0.0099999997764825,17.54800033569336,0.2199999988079071
1783292400000,2026-07-05 23:00:00,,,,,,,,,,,,,17.097999572753906,85.0,1017.7000122070312,14.555624961853027,0.0,7.968938827514648,288.4350280761719,0.0199999995529651,17.447999954223633,0.2199999988079071
1783296000000,2026-07-06 00:00:00,,,,,,,,,,,,,18.04800033569336,86.0,1017.5,15.669734954833984,0.0,7.5170207023620605,286.6993103027344,0.0199999995529651,18.44799995422364,0.221000000834465
1783299600000,2026-07-06 01:00:00,,,,,,,,,,,,,17.648000717163086,86.0,1017.4000244140624,15.276986122131348,0.0,7.928177833557129,272.6025085449219,0.0199999995529651,18.24799919128418,0.2199999988079071
1783303200000,2026-07-06 02:00:00,,,,,,,,,,,,,17.49799919128418,85.0,1017.4000244140624,14.947840690612791,0.0,9.832679748535156,293.74951171875,0.0199999995529651,18.04800033569336,0.2199999988079071
1783306800000,2026-07-06 03:00:00,,,,,,,,,,,,,16.79800033569336,86.0,1017.2000122070312,14.442352294921877,0.0,9.021574020385742,298.6103515625,0.0199999995529651,17.847999572753906,0.2199999988079071
1783310400000,2026-07-06 04:00:00,,,,,,,,,,,,,16.99799919128418,82.0,1017.0999755859376,13.902582168579102,0.0,9.6932954788208,285.06854248046875,0.0199999995529651,17.597999572753906,0.2189999967813491
1783314000000,2026-07-06 05:00:00,,,,,,,,,,,,,16.847999572753906,80.0,1017.2000122070312,13.376557350158691,0.0,9.605998039245604,282.99462890625,0.0399999991059303,17.597999572753906,0.2189999967813491
1783317600000,2026-07-06 06:00:00,,,,,,,,,,,,,16.947999954223633,83.0,1017.0999755859376,14.040647506713867,0.0,6.479999542236328,270.0,0.0500000044703483,17.54800033569336,0.2189999967813491
1783321200000,2026-07-06 07:00:00,,,,,,,,,,,,,17.398000717163086,80.0,1017.2999877929688,13.91195297241211,0.0,10.661107063293455,281.6893310546875,0.0599999986588954,17.648000717163086,0.2179999947547912
1783324800000,2026-07-06 08:00:00,,,,,,,,,,,,,18.04800033569336,77.0,1017.5999755859376,13.9539794921875,0.0,10.703569412231444,289.6539001464844,0.1000000089406967,17.697999954223633,0.2179999947547912
1783324925418,2026-07-06 08:02:05,,,,19.6,19.07,19.44,,,,100.0,-113.0,-12.5,,,,,,,,,,
1783328400000,2026-07-06 09:00:00,,,,,,,,,,,,,17.697999954223633,75.0,1017.5,13.210800170898438,0.0,11.440978050231934,282.724365234375,0.1400000154972076,17.947999954223633,0.2169999927282333
1783332000000,2026-07-06 10:00:00,,,,,,,,,,,,,19.14800071716309,67.0,1017.2999877929688,12.874938011169434,0.0,17.10662841796875,278.4710693359375,0.2300000041723251,18.347999572753903,0.2160000056028366
1783335600000,2026-07-06 11:00:00,,,,,,,,,,,,,18.94799995422364,67.0,1017.2999877929688,12.68438720703125,0.0,14.404499053955078,271.4320678710937,0.2199999988079071,18.597999572753903,0.2160000056028366
1783339200000,2026-07-06 12:00:00,,,,,,,,,,,,,18.69799995422364,70.0,1017.2000122070312,13.115406036376951,0.1000000014901161,12.261157989501951,273.36639404296875,0.1899999976158142,18.54800033569336,0.2150000035762787
1783342800000,2026-07-06 13:00:00,,,,,,,,,,,,,18.69799995422364,75.0,1016.5,14.176612854003906,0.3000000119209289,6.162207126617432,263.2902526855469,0.1599999964237213,18.44799995422364,0.2140000015497207
1783346400000,2026-07-06 14:00:00,,,,,,,,,,,,,19.64800071716309,73.0,1015.5,14.674259185791016,0.1000000014901161,5.154415130615234,245.22488403320312,0.1800000071525573,18.597999572753903,0.2140000015497207
1783350000000,2026-07-06 15:00:00,,,,,,,,,,,,,19.99799919128418,73.0,1015.0,15.01111888885498,0.5,8.287821769714355,267.510498046875,0.1000000089406967,18.64800071716309,0.2129999995231628
1783353600000,2026-07-06 16:00:00,,,,,,,,,,,,,19.89800071716309,76.0,1014.4000244140624,15.542007446289062,0.699999988079071,5.091168403625488,261.8699951171875,0.0799999982118606,18.597999572753903,0.2140000015497207
1783357200000,2026-07-06 17:00:00,,,,,,,,,,,,,20.14800071716309,75.0,1014.0999755859376,15.576818466186523,0.1000000014901161,5.771238803863525,273.5762634277344,0.0599999986588954,18.54800033569336,0.2150000035762787
1783360800000,2026-07-06 18:00:00,,,,,,,,,,,,,20.14800071716309,76.0,1013.9000244140624,15.783790588378906,0.0,4.679999828338623,270.0,0.0399999991059303,18.44799995422364,0.2160000056028366
1783364400000,2026-07-06 19:00:00,,,,,,,,,,,,,19.29800033569336,82.0,1014.0,16.147916793823242,0.4000000059604645,5.399999618530273,270.0,0.0299999993294477,18.29800033569336,0.2179999947547912
1783368000000,2026-07-06 20:00:00,,,,,,,,,,,,,18.847999572753903,85.0,1014.0,16.271474838256836,0.3000000119209289,3.3190360069274902,257.47119140625,0.0299999993294477,18.14800071716309,0.2199999988079071
1783371600000,2026-07-06 21:00:00,,,,,,,,,,,,,18.74799919128418,86.0,1014.0,16.357023239135742,0.1000000014901161,2.879999876022339,270.0,0.0199999995529651,17.99799919128418,0.2230000048875808
1783375200000,2026-07-06 22:00:00,,,,,,,,,,,,,18.64800071716309,87.0,1014.0,16.440431594848633,0.2000000029802322,2.968636035919189,284.0362548828125,0.0099999997764825,17.898000717163086,0.2249999940395355
1783378800000,2026-07-06 23:00:00,,,,,,,,,,,,,18.347999572753903,90.0,1013.9000244140624,16.678220748901367,0.2000000029802322,3.7064266204833984,330.94549560546875,0.0,17.79800033569336,0.2269999980926513
1783382400000,2026-07-07 00:00:00,,,,,,,,,,,,,18.29800033569336,84.0,1013.5999755859376,15.547362327575684,0.0,3.5999999046325684,323.1300048828125,0.0,17.79800033569336,0.231000006198883
1783382522195,2026-07-07 00:02:02,39.61,33.89,27.96,,,,327.41,305.95,280.78,100.0,-113.0,-13.0,,,,,,,,,,
1783386000000,2026-07-07 01:00:00,,,,,,,,,,,,,17.597999572753906,85.0,1013.2000122070312,15.045891761779783,0.0,3.096837043762207,324.4622497558594,0.0,17.347999572753906,0.231000006198883
1783389600000,2026-07-07 02:00:00,,,,,,,,,,,,,16.99799919128418,84.0,1013.0,14.274516105651855,0.0,1.4843180179595947,14.036274909973145,0.0,16.74799919128418,0.231000006198883
1783393200000,2026-07-07 03:00:00,,,,,,,,,,,,,16.74799919128418,82.0,1012.5,13.65849494934082,0.0,2.099142551422119,59.036319732666016,0.0,16.197999954223633,0.231000006198883
1783396800000,2026-07-07 04:00:00,,,,,,,,,,,,,17.54800033569336,78.0,1012.0999755859376,13.667877197265623,0.0,2.3051247596740723,38.65982818603516,0.0,15.99799919128418,0.231000006198883
1783396910085,2026-07-07 04:01:50,,,,19.51,19.23,19.23,,,,100.0,-113.0,-13.2,,,,,,,,,,
1783400400000,2026-07-07 05:00:00,,,,,,,,,,,,,18.64800071716309,76.0,1011.5999755859376,14.332987785339355,0.0,2.968636035919189,14.036274909973145,0.0099999997764825,16.398000717163086,0.231000006198883
1783404000000,2026-07-07 06:00:00,,,,,,,,,,,,,19.99799919128418,80.0,1011.2999877929688,16.442472457885742,0.0,2.189794540405273,80.53775024414062,0.0900000035762786,17.24799919128418,0.231000006198883
1783407600000,2026-07-07 07:00:00,,,,,,,,,,,,,21.24799919128418,72.0,1011.2999877929688,15.997815132141112,0.0,7.2805495262146,278.5306701660156,0.1899999976158142,18.04800033569336,0.2300000041723251
1783411200000,2026-07-07 08:00:00,,,,,,,,,,,,,21.49799919128418,68.0,1011.4000244140624,15.344042778015137,0.0,12.324414253234863,276.7097473144531,0.3900000154972076,18.44799995422364,0.2290000021457672
1783414800000,2026-07-07 09:00:00,,,,,,,,,,,,,22.29800033569336,67.0,1011.0999755859376,15.875144958496094,0.0,9.77981662750244,276.340087890625,0.3900000154972076,18.79800033569336,0.2290000021457672
1783418400000,2026-07-07 10:00:00,,,,,,,,,,,,,22.74799919128418,60.0,1011.2999877929688,14.582459449768066,0.0,15.745627403259276,280.53912353515625,0.449999988079071,19.347999572753903,0.2269999980926513
1783422000000,2026-07-07 11:00:00,,,,,,,,,,,,,21.29800033569336,67.0,1012.0,14.922883987426758,0.2000000029802322,14.404499053955078,271.4320678710937,0.4000000357627868,19.347999572753903,0.2259999960660934
1783425600000,2026-07-07 12:00:00,,,,,,,,,,,,,21.79800033569336,64.0,1011.5,14.686729431152344,0.0,12.964998245239258,271.5910949707031,0.3900000154972076,19.64800071716309,0.2249999940395355
1783425713056,2026-07-07 12:01:53,39.49,33.52,27.69,,,,327.13,305.56,280.56,100.0,-113.0,-10.8,,,,,,,,,,
1783429200000,2026-07-07 13:00:00,,,,,,,,,,,,,23.69799995422364,61.0,1010.7000122070312,15.733023643493652,0.0,9.726664543151855,272.1210327148437,0.3700000345706939,20.14800071716309,0.2240000069141388
1783432800000,2026-07-07 14:00:00,,,,,,,,,,,,,23.89800071716309,54.0,1010.2000122070312,14.026989936828612,0.0,11.885453224182127,305.13427734375,0.3500000238418579,20.64800071716309,0.2230000048875808
1783436400000,2026-07-07 15:00:00,,,,,,,,,,,,,23.79800033569336,60.0,1009.4000244140624,15.568819046020508,0.0,8.37338638305664,295.4633178710937,0.2599999904632568,20.79800033569336,0.2220000028610229
1783440000000,2026-07-07 16:00:00,,,,,,,,,,,,,23.79800033569336,56.0,1009.0,14.496116638183594,0.0,13.009902954101562,284.4208068847656,0.2199999988079071,20.89800071716309,0.221000000834465
1783443600000,2026-07-07 17:00:00,,,,,,,,,,,,,22.79800033569336,61.0,1008.7999877929688,14.88588809967041,0.0,7.771330833435059,283.3925170898437,0.1400000154972076,20.69799995422364,0.2199999988079071
1783447200000,2026-07-07 18:00:00,,,,,,,,,,,,,21.69799995422364,69.0,1008.7000122070312,15.762911796569824,0.0,4.843304634094238,311.98712158203125,0.0900000035762786,20.39800071716309,0.2189999967813491
1783450800000,2026-07-07 19:00:00,,,,,,,,,,,,,20.74799919128418,73.0,1008.5999755859376,15.732911109924316,0.0,3.6712939739227295,281.3099060058594,0.0299999993294477,19.89800071716309,0.2179999947547912
1783454400000,2026-07-07 20:00:00,,,,,,,,,,,,,19.49799919128418,75.0,1009.0,14.949170112609863,0.0,5.399999618530273,323.1300354003906,0.0299999993294477,19.29800033569336,0.2179999947547912
1783458000000,2026-07-07 21:00:00,,,,,,,,,,,,,19.44799995422364,77.0,1009.7000122070312,15.310303688049316,0.0,9.79305934906006,306.0274658203125,0.0299999993294477,19.04800033569336,0.2179999947547912
1783461600000,2026-07-07 22:00:00,,,,,,,,,,,,,19.347999572753903,70.0,1010.0999755859376,13.737940788269045,0.0,17.238698959350586,298.7058410644531,0.0500000044703483,18.94799995422364,0.2169999927282333
1783465200000,2026-07-07 23:00:00,,,,,,,,,,,,,18.64800071716309,71.0,1010.2999877929688,13.284899711608888,0.0,16.981164932250977,302.0053405761719,0.0700000077486038,18.79800033569336,0.2169999927282333
1783468800000,2026-07-08 00:00:00,,,,,,,,,,,,,18.24799919128418,83.0,1010.0999755859376,15.31166172027588,0.0,11.92355728149414,298.886474609375,0.0799999982118606,18.49799919128418,0.2339999973773956
1783472400000,2026-07-08 01:00:00,,,,,,,,,,,,,17.398000717163086,83.0,1010.5999755859376,14.480633735656738,0.3000000119209289,12.261157035827637,319.7637023925781,0.0799999982118606,18.29800033569336,0.2339999973773956
1783476000000,2026-07-08 02:00:00,,,,,,,,,,,,,15.99799919128418,80.0,1011.5999755859376,12.549077987670898,0.0,16.13587188720703,321.3401794433594,0.0900000035762786,17.99799919128418,0.2339999973773956
1783479600000,2026-07-08 03:00:00,,,,,,,,,,,,,15.14799976348877,81.0,1012.5,11.90988826751709,0.0,13.830748558044434,321.3401794433594,0.0900000035762786,17.49799919128418,0.2339999973773956
1783483200000,2026-07-08 04:00:00,,,,,,,,,,,,,14.248000144958496,84.0,1013.2000122070312,11.581521034240724,0.0,10.799999237060549,323.1300354003906,0.0700000077486038,16.99799919128418,0.2339999973773956
1783483298833,2026-07-08 04:01:38,39.42,33.22,27.38,,,,326.98,305.24,280.3,100.0,-113.0,-13.8,,,,,,,,,,
1783486800000,2026-07-08 05:00:00,,,,,,,,,,,,,14.347999572753906,75.0,1013.7000122070312,9.974395751953123,0.0,14.021525382995604,311.8777770996094,0.1099999994039535,16.648000717163086,0.2339999973773956
1783490400000,2026-07-08 06:00:00,,,,,,,,,,,,,14.498000144958496,73.0,1014.2999877929688,9.71559238433838,0.0,13.044721603393556,309.400634765625,0.2100000232458114,16.49799919128418,0.2329999953508377
1783494000000,2026-07-08 07:00:00,,,,,,,,,,,,,14.998000144958496,71.0,1014.5999755859376,9.78197193145752,0.0,14.825706481933594,299.05450439453125,0.25,16.648000717163086,0.2329999953508377
1783497600000,2026-07-08 08:00:00,,,,,,,,,,,,,15.99799919128418,63.0,1014.7000122070312,8.957108497619629,0.0,15.46324634552002,294.7751159667969,0.3000000119209289,17.04800033569336,0.2319999933242797
1783501200000,2026-07-08 09:00:00,,,,,,,,,,,,,16.648000717163086,61.0,1015.0,9.092535018920898,0.0,15.57598114013672,303.6900939941406,0.3199999928474426,17.447999954223633,0.231000006198883
1783504800000,2026-07-08 10:00:00,,,,,,,,,,,,,17.79800033569336,55.0,1015.0999755859376,8.63603687286377,0.0,17.1746768951416,303.0238647460937,0.3199999928474426,17.847999572753906,0.2300000041723251
1783508400000,2026-07-08 11:00:00,,,,,,,,,,,,,18.99799919128418,51.0,1015.2999877929688,8.631576538085938,0.0,17.068706512451172,297.6458740234375,0.3600000143051147,18.54800033569336,0.2290000021457672
1783512000000,2026-07-08 12:00:00,,,,,,,,,,,,,20.29800033569336,46.0,1014.9000244140624,8.299552917480469,0.0,16.26785659790039,294.8636779785156,0.4000000357627868,19.347999572753903,0.2280000001192093
1783512085799,2026-07-08 12:01:25,,,,19.2,18.95,19.6,,,,100.0,-121.0,-13.8,,,,,,,,,,
1783515600000,2026-07-08 13:00:00,,,,,,,,,,,,,20.69799995422364,47.0,1014.7999877929688,8.982389450073242,0.0,15.62997055053711,298.92633056640625,0.3900000154972076,19.99799919128418,0.2269999980926513
1783519200000,2026-07-08 14:00:00,,,,,,,,,,,,,21.097999572753903,46.0,1014.7999877929688,9.028210639953612,0.0,15.856353759765623,309.4724426269531,0.3500000238418579,20.39800071716309,0.2259999960660934
1783522800000,2026-07-08 15:00:00,,,,,,,,,,,,,21.347999572753903,43.0,1014.5999755859376,8.257675170898438,0.0,15.175612449645996,292.3062438964844,0.3199999928474426,20.54800033569336,0.2249999940395355
1783526400000,2026-07-08 16:00:00,,,,,,,,,,,,,20.94799995422364,48.0,1014.5999755859376,9.52378749847412,0.0,12.76858615875244,310.4259948730469,0.270000010728836,20.44799995422364,0.2240000069141388
1783526482711,2026-07-08 16:01:22,,,,19.41,19.2,19.1,,,,100.0,-112.0,-11.2,,,,,,,,,,
1783530000000,2026-07-08 17:00:00,,,,,,,,,,,,,20.29800033569336,50.0,1014.7000122070312,9.535258293151855,0.0,9.422101020812988,313.451904296875,0.1899999976158142,20.14800071716309,0.2230000048875808
1783533600000,2026-07-08 18:00:00,,,,,,,,,,,,,19.44799995422364,53.0,1014.7999877929688,9.618597030639648,0.0,8.91318130493164,313.36346435546875,0.1199999973177909,19.74799919128418,0.2230000048875808
1783537200000,2026-07-08 19:00:00,,,,,,,,,,,,,17.99799919128418,61.0,1015.0999755859376,10.364928245544434,0.0,5.9044389724731445,322.43133544921875,0.0700000077486038,19.04800033569336,0.2220000028610229
1783540800000,2026-07-08 20:00:00,,,,,,,,,,,,,16.04800033569336,74.0,1015.5,11.4138765335083,0.0,3.396233081817627,302.0053405761719,0.0199999995529651,18.14800071716309,0.2220000028610229
1783544400000,2026-07-08 21:00:00,,,,,,,,,,,,,14.79800033569336,83.0,1015.5999755859376,11.938272476196287,0.0,4.0249223709106445,296.5649719238281,0.0099999997764825,17.148000717163086,0.2220000028610229
1783548000000,2026-07-08 22:00:00,,,,,,,,,,,,,13.947999954223633,84.0,1015.7000122070312,11.287701606750488,0.0,3.396233081817627,327.9946594238281,0.0,16.29800033569336,0.2220000028610229
1783551600000,2026-07-08 23:00:00,,,,,,,,,,,,,13.14799976348877,85.0,1015.7000122070312,10.681882858276367,0.0,4.072935104370117,315.0000915527344,0.0,15.498000144958496,0.2220000028610229
1783555200000,2026-07-09 00:00:00,,,,,,,,,,,,,15.04800033569336,73.0,1015.5999755859376,10.245332717895508,0.0,5.692099094390869,304.6952209472656,0.0099999997764825,17.74799919128418,0.2230000048875808
1783555284635,2026-07-09 00:01:24,39.13,32.62,26.78,,,,326.32,304.59,279.81,100.0,-112.0,-11.5,,,,,,,,,,
1783558800000,2026-07-09 01:00:00,,,,,,,,,,,,,14.447999954223633,68.0,1015.4000244140624,8.614066123962402,0.0,5.634891033172607,296.5649719238281,0.0099999997764825,17.04800033569336,0.2230000048875808
1783562400000,2026-07-09 02:00:00,,,,,,,,,,,,,13.597999572753906,71.0,1016.0,8.437850952148438,0.0,5.399999618530273,306.8699645996094,0.0099999997764825,16.347999572753906,0.2230000048875808
1783566000000,2026-07-09 03:00:00,,,,,,,,,,,,,12.947999954223633,73.0,1016.0999755859376,8.222455978393555,0.0,5.634891033172607,296.5649719238281,0.0099999997764825,15.748000144958496,0.2220000028610229
1783569600000,2026-07-09 04:00:00,,,,,,,,,,,,,12.89799976348877,71.0,1016.4000244140624,7.765681743621826,0.0,5.815978050231934,291.8014831542969,0.0199999995529651,15.29800033569336,0.2220000028610229
1783569682529,2026-07-09 04:01:22,39.09,32.56,26.74,,,,326.22,304.53,279.78,100.0,-113.0,-11.8,,,,,,,,,,
1783573200000,2026-07-09 05:00:00,,,,,,,,,,,,,13.998000144958496,67.0,1016.5,7.966116428375244,0.0,8.55710220336914,284.62091064453125,0.0399999991059303,15.347999572753906,0.2220000028610229
1783576800000,2026-07-09 06:00:00,,,,,,,,,,,,,15.097999572753906,64.0,1016.5999755859376,8.337393760681152,0.0,12.30336570739746,290.5561218261719,0.1000000089406967,15.947999954223633,0.2220000028610229
1783580400000,2026-07-09 07:00:00,,,,,,,,,,,,,16.148000717163086,64.0,1016.9000244140624,9.333009719848633,0.0,13.10419750213623,290.924560546875,0.1400000154972076,16.74799919128418,0.221000000834465
1783584000000,2026-07-09 08:00:00,,,,,,,,,,,,,17.597999572753906,61.0,1016.7000122070312,9.987961769104004,0.0,12.76858615875244,291.5014953613281,0.1800000071525573,17.697999954223633,0.221000000834465
1783587600000,2026-07-09 09:00:00,,,,,,,,,,,,,19.24799919128418,56.0,1016.5999755859376,10.255285263061523,0.0,14.039999008178713,292.6199035644531,0.2199999988079071,18.74799919128418,0.2199999988079071
1783591200000,2026-07-09 10:00:00,,,,,,,,,,,,,20.89800071716309,50.0,1016.4000244140624,10.087165832519531,0.0,14.812589645385742,295.9422302246094,0.2599999904632568,19.847999572753903,0.2189999967813491
1783594800000,2026-07-09 11:00:00,,,,,,,,,,,,,22.29800033569336,45.0,1016.2999877929688,9.792405128479004,0.0,15.62997055053711,298.92633056640625,0.2800000309944153,20.89800071716309,0.2179999947547912
1783598400000,2026-07-09 12:00:00,,,,,,,,,,,,,23.29800033569336,42.0,1016.0999755859376,9.667430877685549,0.0,15.62997055053711,298.92633056640625,0.270000010728836,21.79800033569336,0.2169999927282333
1783602000000,2026-07-09 13:00:00,,,,,,,,,,,,,24.097999572753903,39.0,1015.7999877929688,9.281246185302734,0.0,15.188416481018066,301.42950439453125,0.270000010728836,22.49799919128418,0.2169999927282333
1783605600000,2026-07-09 14:00:00,,,,,,,,,,,,,24.54800033569336,37.0,1015.5999755859376,8.900182723999023,0.0,14.386493682861328,301.7013854980469,0.25,22.99799919128418,0.2160000056028366
1783606955546,2026-07-09 14:22:35,,,,,,,,,,100.0,-121.0,-15.8,,,,,,,,,,
1783606980532,2026-07-09 14:23:00,38.94,32.12,26.4,,,,325.89,304.05,279.5,100.0,-121.0,-15.5,,,,,,,,,,
1783609200000,2026-07-09 15:00:00,,,,,,,,,,,,,24.74799919128418,38.0,1015.5,9.4738130569458,0.0,12.229406356811523,317.3859558105469,0.2300000041723251,23.24799919128418,0.2150000035762787
1783612800000,2026-07-09 16:00:00,,,,,,,,,,,,,24.347999572753903,35.0,1015.2000122070312,7.903285503387451,0.0,7.628262996673584,340.7098693847656,0.1899999976158142,22.99799919128418,0.2140000015497207
1783616400000,2026-07-09 17:00:00,,,,,,,,,,,,,23.847999572753903,39.0,1015.0,9.058199882507324,0.0,8.161764144897461,311.423583984375,0.1500000059604644,22.69799995422364,0.2140000015497207
1783620000000,2026-07-09 18:00:00,,,,,,,,,,,,,22.94799995422364,43.0,1015.0999755859376,9.702728271484377,0.0,7.145795822143555,319.085693359375,0.0900000035762786,22.14800071716309,0.2129999995231628
1783621361625,2026-07-09 18:22:41,,,,19.66,19.57,18.92,,,,100.0,-114.0,-14.2,,,,,,,,,,
1783623600000,2026-07-09 19:00:00,,,,,,,,,,,,,20.847999572753903,49.0,1015.7000122070312,9.739455223083496,0.0,5.86037540435791,317.4895935058594,0.0500000044703483,21.24799919128418,0.2129999995231628
1783627200000,2026-07-09 20:00:00,,,,,,,,,,,,,18.94799995422364,64.0,1016.2000122070312,11.986945152282717,0.0,5.399999618530273,306.8699645996094,0.0299999993294477,20.14800071716309,0.2119999974966049
1783630800000,2026-07-09 21:00:00,,,,,,,,,,,,,17.49799919128418,72.0,1016.4000244140624,12.39431095123291,0.0,4.6102495193481445,308.6598205566406,0.0199999995529651,19.19799995422364,0.2119999974966049
1783634400000,2026-07-09 22:00:00,,,,,,,,,,,,,16.447999954223633,78.0,1016.7999877929688,12.600321769714355,0.0,4.6102495193481445,308.6598205566406,0.0099999997764825,18.347999572753903,0.2119999974966049
1783635758532,2026-07-09 22:22:38,,,,19.82,19.6,18.98,,,,100.0,-122.0,-20.5,,,,,,,,,,
1783635767628,2026-07-09 22:22:47,38.98,31.99,26.22,,,,325.98,303.91,279.35,100.0,-113.0,-21.5,,,,,,,,,,
1783638000000,2026-07-09 23:00:00,,,,,,,,,,,,,15.79800033569336,81.0,1017.0999755859376,12.543664932250977,0.0,4.104631423950195,307.8750305175781,0.0099999997764825,17.648000717163086,0.2119999974966049
1783641600000,2026-07-10 00:00:00,,,,,,,,,,,,,13.498000144958496,90.0,1017.2999877929688,11.889419555664062,0.0,1.7999999523162842,323.1300048828125,0.0,15.697999954223633,0.2070000022649765
1783645200000,2026-07-10 01:00:00,,,,,,,,,,,,,13.097999572753906,91.0,1017.2999877929688,11.661651611328123,0.0,0.8049845099449158,333.4350280761719,0.0,15.04800033569336,0.2070000022649765
1783648800000,2026-07-10 02:00:00,,,,,,,,,,,,,12.54800033569336,93.0,1017.2000122070312,11.446059226989746,0.0,0.8049845099449158,26.564985275268555,0.0,14.498000144958496,0.2070000022649765
1783650163053,2026-07-10 02:22:43,38.94,31.99,26.18,,,,325.89,303.91,279.32,100.0,-121.0,-21.0,,,,,,,,,,
1783652400000,2026-07-10 03:00:00,,,,,,,,,,,,,11.998000144958496,96.0,1017.0999755859376,11.379637718200684,0.0,1.1384198665618896,71.5649642944336,0.0,14.04800033569336,0.2070000022649765
1783656000000,2026-07-10 04:00:00,,,,,,,,,,,,,12.097999572753906,98.0,1017.2000122070312,11.791358947753906,0.0,0.8049845099449158,63.43501281738281,0.0,13.748000144958496,0.2070000022649765
1783659600000,2026-07-10 05:00:00,,,,,,,,,,,,,13.89799976348877,93.0,1017.4000244140624,12.784411430358888,0.0,0.3599999845027923,360.0,0.0099999997764825,14.248000144958496,0.2070000022649765
1783663200000,2026-07-10 06:00:00,,,,,,,,,,,,,16.648000717163086,79.0,1017.5,12.98923110961914,0.0,3.415259599685669,288.4350280761719,0.0700000077486038,15.39799976348877,0.2070000022649765
1783664552465,2026-07-10 06:22:32,,,,19.57,18.61,19.16,,,,100.0,-112.0,-10.5,,,,,,,,,,
1783664561414,2026-07-10 06:22:41,38.87,31.96,26.16,,,,325.74,303.88,279.3,100.0,-122.0,-15.2,,,,,,,,,,
1783666800000,2026-07-10 07:00:00,,,,,,,,,,,,,18.347999572753903,73.0,1017.2000122070312,13.422901153564451,0.0,6.1516828536987305,290.5561218261719,0.1299999952316284,16.697999954223633,0.2060000002384185
1783670400000,2026-07-10 08:00:00,,,,,,,,,,,,,20.14800071716309,67.0,1017.2000122070312,13.827570915222168,0.0,7.421589851379394,292.83367919921875,0.2000000178813934,17.947999954223633,0.2060000002384185
1783674000000,2026-07-10 09:00:00,,,,,,,,,,,,,21.64800071716309,57.0,1017.0,12.762927055358888,0.0,9.387651443481444,302.4711608886719,0.270000010728836,19.14800071716309,0.2049999982118606
1783677600000,2026-07-10 10:00:00,,,,,,,,,,,,,22.99799919128418,51.0,1016.7999877929688,12.319125175476074,0.0,11.384198188781738,304.6952209472656,0.3300000131130218,20.347999572753903,0.2039999961853027
1783678950316,2026-07-10 10:22:30,,,,19.35,18.92,19.29,,,,100.0,-111.0,-22.5,,,,,,,,,,
1783681200000,2026-07-10 11:00:00,,,,,,,,,,,,,24.24799919128418,47.0,1016.4000244140624,12.222064971923828,0.0,10.630672454833984,298.3006591796875,0.3400000035762787,21.54800033569336,0.2039999961853027
1783684800000,2026-07-10 12:00:00,,,,,,,,,,,,,25.04800033569336,46.0,1016.2999877929688,12.623014450073242,0.0,10.948972702026367,297.4075012207031,0.3300000131130218,22.49799919128418,0.2029999941587448
1783688400000,2026-07-10 13:00:00,,,,,,,,,,,,,25.89800071716309,37.0,1016.0,10.096559524536133,0.0,9.79305934906006,306.0274658203125,0.3100000023841858,23.14800071716309,0.202000007033348
1783692000000,2026-07-10 14:00:00,,,,,,,,,,,,,26.39800071716309,37.0,1015.7999877929688,10.539481163024902,0.0,7.491114139556885,305.2176818847656,0.2800000309944153,23.49799919128418,0.2010000050067901
1783695600000,2026-07-10 15:00:00,,,,,,,,,,,,,26.44799995422364,35.0,1015.7000122070312,9.752028465270996,0.0,7.65370512008667,311.1858215332031,0.270000010728836,23.74799919128418,0.2000000029802322
1783699200000,2026-07-10 16:00:00,,,,,,,,,,,,,26.04800033569336,35.0,1015.7000122070312,9.400028228759766,0.0,9.422101020812988,313.451904296875,0.2199999988079071,23.597999572753903,0.2000000029802322
1783702800000,2026-07-10 17:00:00,,,,,,,,,,,,,25.347999572753903,37.0,1015.7999877929688,9.609228134155272,0.0,6.130578994750977,3.3664000034332275,0.1599999964237213,23.29800033569336,0.1990000009536743
1783706400000,2026-07-10 18:00:00,,,,,,,,,,,,,23.89800071716309,41.0,1015.7999877929688,9.847249031066896,0.0,4.735060214996338,351.25390625,0.1000000089406967,22.74799919128418,0.1990000009536743
1783707740888,2026-07-10 18:22:20,,,,20.04,19.66,19.41,,,,100.0,-121.0,-14.8,,,,,,,,,,
1783710000000,2026-07-10 19:00:00,,,,,,,,,,,,,21.49799919128418,54.0,1016.0,11.800461769104004,0.0,3.7585103511810303,343.3006896972656,0.0500000044703483,21.74799919128418,0.1979999989271164
1783713600000,2026-07-10 20:00:00,,,,,,,,,,,,,19.24799919128418,60.0,1016.2999877929688,11.29287815093994,0.0,3.877318382263184,338.1985168457031,0.0199999995529651,20.44799995422364,0.1979999989271164
1783717200000,2026-07-10 21:00:00,,,,,,,,,,,,,17.99799919128418,67.0,1016.7999877929688,11.77919101715088,0.0,3.5999999046325684,323.1300048828125,0.0099999997764825,19.347999572753903,0.1979999989271164
1783720800000,2026-07-10 22:00:00,,,,,,,,,,,,,17.79800033569336,65.0,1017.7000122070312,11.130732536315918,0.0,1.2979984283447266,326.3099060058594,0.0,18.39800071716309,0.1979999989271164
1783722144854,2026-07-10 22:22:24,38.81,31.46,25.64,,,,325.62,303.35,278.87,100.0,-122.0,-14.2,,,,,,,,,,
1783724400000,2026-07-10 23:00:00,,,,,,,,,,,,,16.847999572753906,70.0,1018.2999877929688,11.343212127685549,0.0,2.620839357376098,254.0545349121093,0.0,17.447999954223633,0.1979999989271164
1783728000000,2026-07-11 00:00:00,,,,,,,,,,,,,15.39799976348877,86.0,1017.2999877929688,13.06755256652832,0.0,3.096837043762207,324.4622497558594,0.0,16.347999572753906,0.1940000057220459
1783731600000,2026-07-11 01:00:00,,,,,,,,,,,,,14.947999954223633,88.0,1018.0,12.97691249847412,0.0,1.8356469869613647,348.6900939941406,0.0,15.947999954223633,0.1940000057220459
1783735200000,2026-07-11 02:00:00,,,,,,,,,,,,,14.89799976348877,87.0,1018.4000244140624,12.7529878616333,0.0,2.099142551422119,329.03631591796875,0.0,15.89799976348877,0.1940000057220459
1783738800000,2026-07-11 03:00:00,,,,,,,,,,,,,14.748000144958496,86.0,1018.7000122070312,12.429206848144531,0.0,2.099142551422119,300.96368408203125,0.0,15.847999572753906,0.1940000057220459
1783742400000,2026-07-11 04:00:00,,,,,,,,,,,,,14.697999954223633,86.0,1018.9000244140624,12.38010311126709,0.0,2.545584201812744,351.8699951171875,0.0,15.64799976348877,0.1940000057220459
1783746000000,2026-07-11 05:00:00,,,,,,,,,,,,,15.748000144958496,88.0,1019.2999877929688,13.764718055725098,0.0,1.6099690198898315,333.4350280761719,0.0199999995529651,15.847999572753906,0.1940000057220459
1783749600000,2026-07-11 06:00:00,,,,,,,,,,,,,17.898000717163086,70.0,1019.5999755859376,12.349120140075684,0.0,2.27683973312378,341.56494140625,0.1099999994039535,16.697999954223633,0.1930000036954879
1783753200000,2026-07-11 07:00:00,,,,,,,,,,,,,19.04800033569336,69.0,1019.5999755859376,13.22983455657959,0.0,4.394360065460205,304.9920959472656,0.2100000232458114,17.697999954223633,0.1930000036954879
1783756800000,2026-07-11 08:00:00,,,,,,,,,,,,,20.74799919128418,64.0,1019.7000122070312,13.692252159118652,0.0,4.843304634094238,318.01287841796875,0.2800000309944153,18.74799919128418,0.19200000166893
1783760400000,2026-07-11 09:00:00,,,,,,,,,,,,,22.39800071716309,55.0,1019.7000122070312,12.91590976715088,0.0,8.350137710571289,352.5686950683594,0.3600000143051147,19.89800071716309,0.19200000166893
1783764000000,2026-07-11 10:00:00,,,,,,,,,,,,,22.89800071716309,51.0,1020.0,12.226991653442385,0.0,10.495713233947754,5.906055450439453,0.3500000238418579,20.69799995422364,0.1909999996423721
1783767600000,2026-07-11 11:00:00,,,,,,,,,,,,,23.847999572753903,46.0,1019.7000122070312,11.531439781188965,0.0,12.979984283447266,3.179771900177002,0.3500000238418579,21.39800071716309,0.1899999976158142
1783771200000,2026-07-11 12:00:00,,,,,,,,,,,,,24.54800033569336,44.0,1019.7000122070312,11.494150161743164,0.0,9.028754234313965,355.4261474609375,0.3500000238418579,21.94799995422364,0.1889999955892563
1783774800000,2026-07-11 13:00:00,,,,,,,,,,,,,24.597999572753903,43.0,1019.5,11.192030906677246,0.0,9.957108497619627,347.47119140625,0.3000000119209289,22.29800033569336,0.1879999935626983
1783778400000,2026-07-11 14:00:00,,,,,,,,,,,,,24.847999572753903,41.0,1019.4000244140624,10.699707984924316,0.0,9.53150463104248,349.1145324707031,0.2800000309944153,22.49799919128418,0.1879999935626983
1783779732701,2026-07-11 14:22:12,38.58,31.13,25.32,,,,325.1,302.99,278.61,100.0,-122.0,-13.8,,,,,,,,,,
1783782000000,2026-07-11 15:00:00,,,,,,,,,,,,,25.19799995422364,41.0,1019.0,11.013693809509276,0.0,10.99032211303711,328.3925476074219,0.2800000309944153,22.69799995422364,0.1870000064373016
1783785600000,2026-07-11 16:00:00,,,,,,,,,,,,,24.99799919128418,39.0,1019.0,10.084028244018556,0.0,9.826087951660156,331.5571594238281,0.25,22.74799919128418,0.1860000044107437
1783789200000,2026-07-11 17:00:00,,,,,,,,,,,,,24.24799919128418,45.0,1018.9000244140624,11.56230926513672,0.0,5.634891033172607,333.4350280761719,0.1500000059604644,22.44799995422364,0.1850000023841858
1783792800000,2026-07-11 18:00:00,,,,,,,,,,,,,22.94799995422364,51.0,1018.9000244140624,12.27305793762207,0.0,4.582051753997803,44.99989700317383,0.1000000089406967,22.097999572753903,0.1850000023841858
1783794122648,2026-07-11 18:22:02,,,,20.46,20.11,19.35,,,,100.0,-113.0,-15.2,,,,,,,,,,
1783794129571,2026-07-11 18:22:09,38.59,31.0,25.21,,,,325.13,302.85,278.52,100.0,-113.0,-10.2,,,,,,,,,,
1783796400000,2026-07-11 19:00:00,,,,,,,,,,,,,21.19799995422364,62.0,1019.0999755859376,13.62927532196045,0.0,2.879999876022339,360.0,0.0299999993294477,21.29800033569336,0.1850000023841858
1783800000000,2026-07-11 20:00:00,,,,,,,,,,,,,18.19799995422364,67.0,1019.5,11.969770431518556,0.0,4.553679466247559,18.4350528717041,0.0099999997764825,20.24799919128418,0.1840000003576278
1783803600000,2026-07-11 21:00:00,,,,,,,,,,,,,18.24799919128418,63.0,1019.9000244140624,11.08595371246338,0.0,2.27683973312378,18.4350528717041,0.0099999997764825,19.19799995422364,0.1840000003576278
1783807200000,2026-07-11 22:00:00,,,,,,,,,,,,,16.697999954223633,70.0,1020.2999877929688,11.199498176574709,0.0,1.2979984283447266,326.3099060058594,0.0,18.19799995422364,0.1840000003576278
1783810800000,2026-07-11 23:00:00,,,,,,,,,,,,,15.498000144958496,75.0,1020.7999877929688,11.085561752319336,0.0,2.741678237915039,336.8013916015625,0.0,17.447999954223633,0.1840000003576278
1783814400000,2026-07-12 00:00:00,,,,,,,,,,,,,17.54800033569336,69.0,1019.7999877929688,11.795510292053224,0.0,4.104631423950195,307.8750305175781,0.0199999995529651,18.44799995422364,0.1829999983310699
1783818000000,2026-07-12 01:00:00,,,,,,,,,,,,,15.097999572753906,81.0,1020.5,11.861133575439451,0.0,4.198285102844238,300.96368408203125,0.0099999997764825,17.847999572753906,0.1829999983310699
1783821600000,2026-07-12 02:00:00,,,,,,,,,,,,,13.847999572753906,86.0,1020.7000122070312,11.545299530029297,0.0,2.811689853668213,309.8055114746094,0.0,17.148000717163086,0.1829999983310699
1783825200000,2026-07-12 03:00:00,,,,,,,,,,,,,13.14799976348877,88.0,1020.7999877929688,11.204218864440918,0.0,3.054701328277588,315.0000915527344,0.0,16.347999572753906,0.1829999983310699
1783828800000,2026-07-12 04:00:00,,,,,,,,,,,,,13.498000144958496,88.0,1020.7000122070312,11.548924446105955,0.0,2.3051247596740723,308.6598205566406,0.0,15.748000144958496,0.1829999983310699
1783832400000,2026-07-12 05:00:00,,,,,,,,,,,,,16.04800033569336,89.0,1020.7000122070312,14.234620094299316,0.0,2.4149534702301025,296.5649719238281,0.0199999995529651,15.847999572753906,0.1829999983310699
1783836000000,2026-07-12 06:00:00,,,,,,,,,,,,,18.14800071716309,75.0,1020.5999755859376,13.64543342590332,0.0,6.287129878997803,293.62939453125,0.1199999973177909,16.597999572753906,0.1829999983310699
1783837313433,2026-07-12 06:21:53,,,,20.42,19.6,19.57,,,,100.0,-122.0,-13.0,,,,,,,,,,
1783837319012,2026-07-12 06:21:59,38.48,31.02,25.25,,,,324.89,302.87,278.55,100.0,-122.0,-14.0,,,,,,,,,,
1783839600000,2026-07-12 07:00:00,,,,,,,,,,,,,20.04800033569336,69.0,1020.4000244140624,14.185848236083984,0.0,10.144082069396973,297.4743347167969,0.2300000041723251,17.347999572753906,0.181999996304512
1783843200000,2026-07-12 08:00:00,,,,,,,,,,,,,21.64800071716309,61.0,1020.2000122070312,13.80318546295166,0.0,12.55879020690918,297.29949951171875,0.3100000023841858,18.097999572753903,0.181999996304512
1783846800000,2026-07-12 09:00:00,,,,,,,,,,,,,23.29800033569336,57.0,1020.2999877929688,14.303689002990724,0.0,14.081477165222168,302.4711608886719,0.3400000035762787,18.847999572753903,0.1809999942779541
1783850400000,2026-07-12 10:00:00,,,,,,,,,,,,,25.19799995422364,52.0,1020.2000122070312,14.646036148071287,0.0,13.47958278656006,304.114501953125,0.3799999952316284,19.74799919128418,0.1800000071525573
1783854000000,2026-07-12 11:00:00,,,,,,,,,,,,,26.54800033569336,47.0,1019.7999877929688,14.318947792053224,0.0,13.378250122070312,336.19403076171875,0.4200000464916229,20.74799919128418,0.1790000051259994
1783857600000,2026-07-12 12:00:00,,,,,,,,,,,,,26.347999572753903,46.0,1019.4000244140624,13.805036544799805,0.0,13.532360076904297,331.3896179199219,0.3400000035762787,21.347999572753903,0.1790000051259994
1783861200000,2026-07-12 13:00:00,,,,,,,,,,,,,27.24799919128418,44.0,1019.2000122070312,13.935941696166992,0.0,10.10568141937256,355.9144592285156,0.3400000035762787,21.847999572753903,0.1780000030994415
1783864800000,2026-07-12 14:00:00,,,,,,,,,,,,,26.847999572753903,45.0,1019.2000122070312,13.920281410217283,0.0,7.199999809265137,360.0,0.3199999928474426,22.19799995422364,0.1770000010728836
1783868400000,2026-07-12 15:00:00,,,,,,,,,,,,,28.347999572753903,43.0,1018.5999755859376,14.573391914367676,0.0,3.976329803466797,354.8056640625,0.3400000035762787,22.74799919128418,0.1759999990463256
1783872000000,2026-07-12 16:00:00,,,,,,,,,,,,,27.347999572753903,43.0,1018.2999877929688,13.672160148620604,0.0,5.116561412811279,39.28939437866211,0.3000000119209289,23.097999572753903,0.1749999970197677
1783875600000,2026-07-12 17:00:00,,,,,,,,,,,,,26.74799919128418,54.0,1018.2000122070312,16.66905975341797,0.0,1.527350664138794,315.0000915527344,0.1700000017881393,23.14800071716309,0.1749999970197677
1783879200000,2026-07-12 18:00:00,,,,,,,,,,,,,25.39800071716309,52.0,1018.7999877929688,14.830608367919922,0.0,11.090103149414062,54.24603271484375,0.0799999982118606,22.94799995422364,0.1749999970197677
1783882800000,2026-07-12 19:00:00,,,,,,,,,,,,,22.39800071716309,62.0,1019.5,14.761370658874512,0.0,3.617955207824707,84.28949737548828,0.0900000035762786,22.44799995422364,0.1739999949932098
1783886400000,2026-07-12 20:00:00,,,,,,,,,,,,,20.49799919128418,70.0,1020.0,14.839184761047363,0.0,1.8356469869613647,281.3099060058594,0.0,21.44799995422364,0.1739999949932098
1783890000000,2026-07-12 21:00:00,,,,,,,,,,,,,18.64800071716309,75.0,1020.4000244140624,14.128328323364258,0.0,1.8356469869613647,348.6900939941406,0.0,20.29800033569336,0.1739999949932098
1783893600000,2026-07-12 22:00:00,,,,,,,,,,,,,16.898000717163086,79.0,1020.7000122070312,13.232234001159668,0.0,1.7999999523162842,323.1300048828125,0.0,19.19799995422364,0.1739999949932098
1783894901194,2026-07-12 22:21:41,,,,20.94,19.95,19.41,,,,100.0,-122.0,-13.8,,,,,,,,,,
1783894906861,2026-07-12 22:21:46,38.36,30.58,24.87,,,,324.62,302.4,278.24,100.0,-122.0,-13.8,,,,,,,,,,
1783897200000,2026-07-12 23:00:00,,,,,,,,,,,,,15.99799919128418,83.0,1020.9000244140624,13.111736297607422,0.0,2.811689853668213,309.8055114746094,0.0,18.24799919128418,0.1729999929666519
1783900800000,2026-07-13 00:00:00,,,,,,,,,,,,,16.398000717163086,86.0,1020.9000244140624,14.049568176269531,0.0,1.0182337760925293,315.0000915527344,0.0,18.29800033569336,0.1729999929666519
1783904400000,2026-07-13 01:00:00,,,,,,,,,,,,,15.498000144958496,88.0,1021.2999877929688,13.518531799316406,0.0,2.189794540405273,350.5377502441406,0.0,17.597999572753906,0.1729999929666519
1783908000000,2026-07-13 02:00:00,,,,,,,,,,,,,15.14799976348877,88.0,1021.5,13.173869132995604,0.0,2.27683973312378,341.56494140625,0.0,16.99799919128418,0.1729999929666519
1783911600000,2026-07-13 03:00:00,,,,,,,,,,,,,14.597999572753906,92.0,1021.5999755859376,13.312383651733398,0.0,1.8356469869613647,78.69010162353516,0.0,16.49799919128418,0.1729999929666519
1783915200000,2026-07-13 04:00:00,,,,,,,,,,,,,14.64799976348877,94.0,1021.9000244140624,13.692377090454102,0.0,0.3599999845027923,360.0,0.0,16.04800033569336,0.1729999929666519
1783918800000,2026-07-13 05:00:00,,,,,,,,,,,,,16.74799919128418,91.0,1021.9000244140624,15.270540237426758,0.0,1.2979984283447266,303.6900939941406,0.0099999997764825,16.29800033569336,0.1729999929666519
1783922400000,2026-07-13 06:00:00,,,,,,,,,,,,,19.19799995422364,82.0,1021.7999877929688,16.05030059814453,0.0,2.1600000858306885,270.0,0.0900000035762786,17.197999954223633,0.1729999929666519
1783926000000,2026-07-13 07:00:00,,,,,,,,,,,,,21.14800071716309,76.0,1021.5999755859376,16.750837326049805,0.0,2.9024126529693604,277.1249084472656,0.1700000017881393,18.19799995422364,0.1729999929666519
1783929600000,2026-07-13 08:00:00,,,,,,,,,,,,,22.89800071716309,69.0,1021.5,16.909597396850586,0.0,4.0249223709106445,280.3047790527344,0.2399999946355819,19.29800033569336,0.1720000058412552
1783933200000,2026-07-13 09:00:00,,,,,,,,,,,,,24.69799995422364,60.0,1021.2000122070312,16.414072036743164,0.0,4.33497428894043,318.3665466308594,0.3500000238418579,20.44799995422364,0.1720000058412552
1783936800000,2026-07-13 10:00:00,,,,,,,,,,,,,25.79800033569336,56.0,1021.0999755859376,16.35862159729004,0.0,6.130578994750977,356.63360595703125,0.3700000345706939,21.54800033569336,0.1710000038146972
1783940400000,2026-07-13 11:00:00,,,,,,,,,,,,,26.89800071716309,51.0,1020.7000122070312,15.910202026367188,0.0,7.342587947845459,11.309895515441896,0.3700000345706939,22.54800033569336,0.1700000017881393
1783944000000,2026-07-13 12:00:00,,,,,,,,,,,,,27.64800071716309,48.0,1020.5999755859376,15.649720191955566,0.0,7.754636764526367,21.801475524902344,0.3600000143051147,23.347999572753903,0.1689999997615814
1783947600000,2026-07-13 13:00:00,,,,,,,,,,,,,28.29800033569336,46.0,1020.2999877929688,15.577083587646484,0.0,6.287129878997803,13.240530967712402,0.3600000143051147,24.04800033569336,0.1679999977350235
1783951200000,2026-07-13 14:00:00,,,,,,,,,,,,,28.847999572753903,42.0,1019.9000244140624,14.658567428588867,0.0,6.409617424011231,38.15727615356445,0.3400000035762787,24.54800033569336,0.1679999977350235
1783952489044,2026-07-13 14:21:29,,,,20.65,19.54,19.57,,,,100.0,-113.0,-11.5,,,,,,,,,,
1783952495998,2026-07-13 14:21:35,38.16,30.31,24.66,,,,324.2,302.11,278.07,100.0,-121.0,-12.8,,,,,,,,,,
1783954800000,2026-07-13 15:00:00,,,,,,,,,,,,,28.99799919128418,42.0,1019.2999877929688,14.79331874847412,0.0,4.510787010192871,28.61036872863769,0.3400000035762787,24.99799919128418,0.1669999957084655
1783958400000,2026-07-13 16:00:00,,,,,,,,,,,,,28.097999572753903,43.0,1018.7999877929688,14.348115921020508,0.0,10.948972702026367,43.6678466796875,0.270000010728836,25.14800071716309,0.1659999936819076
1783962000000,2026-07-13 17:00:00,,,,,,,,,,,,,27.44799995422364,46.0,1018.2999877929688,14.804798126220703,0.0,4.553679466247559,71.5649642944336,0.1800000071525573,24.847999572753903,0.1659999936819076
1783965600000,2026-07-13 18:00:00,,,,,,,,,,,,,25.69799995422364,54.0,1018.4000244140624,15.695908546447754,0.0,4.349896430969238,65.55606079101562,0.1099999994039535,24.39800071716309,0.1659999936819076
1783966892968,2026-07-13 18:21:32,38.2,30.25,24.55,,,,324.29,302.05,277.98,100.0,-113.0,-11.0,,,,,,,,,,
1783969200000,2026-07-13 19:00:00,,,,,,,,,,,,,22.99799919128418,63.0,1018.5999755859376,15.576886177062988,0.0,4.394360065460205,55.00790023803711,0.0500000044703483,23.54800033569336,0.1650000065565109
1783972800000,2026-07-13 20:00:00,,,,,,,,,,,,,21.19799995422364,70.0,1018.7999877929688,15.509410858154297,0.0,4.213691711425781,70.01680755615234,0.0199999995529651,22.347999572753903,0.1650000065565109
1783976400000,2026-07-13 21:00:00,,,,,,,,,,,,,19.29800033569336,79.0,1019.0,15.564715385437012,0.0,2.27683973312378,71.5649642944336,0.0099999997764825,21.24799919128418,0.1650000065565109
1783980000000,2026-07-13 22:00:00,,,,,,,,,,,,,18.04800033569336,84.0,1019.0999755859376,15.302594184875488,0.0,3.075841426849365,69.4438705444336,0.0,20.29800033569336,0.1650000065565109
1783981283867,2026-07-13 22:21:23,,,,21.4,20.81,19.85,,,,100.0,-118.0,0.75,,,,,,,,,,
1783981317546,2026-07-13 22:21:57,38.23,30.31,24.55,,,,324.35,302.11,277.98,100.0,-117.0,1.0,,,,,,,,,,
1783983600000,2026-07-13 23:00:00,,,,,,,,,,,,,17.04800033569336,86.0,1019.2999877929688,14.687838554382324,0.0,2.099142551422119,59.036319732666016,0.0,19.44799995422364,0.1650000065565109
1783987200000,2026-07-14 00:00:00,,,,,,,,,,,,,17.04800033569336,92.0,1019.2000122070312,15.73788070678711,0.0,1.4843180179595947,104.03627014160156,0.0,18.94799995422364,0.1659999936819076
1783990800000,2026-07-14 01:00:00,,,,,,,,,,,,,17.097999572753906,92.0,1018.9000244140624,15.78737735748291,0.0,2.741678237915039,156.80137634277344,0.0,18.64800071716309,0.1659999936819076
1783994400000,2026-07-14 02:00:00,,,,,,,,,,,,,16.697999954223633,93.0,1019.0,15.56006145477295,0.0,2.27683973312378,108.43504333496094,0.0,18.44799995422364,0.1659999936819076
1783995680443,2026-07-14 02:21:20,,,,21.4,20.62,19.6,,,,100.0,-117.0,-8.25,,,,,,,,,,
1783995692398,2026-07-14 02:21:32,38.19,30.34,24.62,,,,324.26,302.14,278.04,100.0,-116.0,2.75,,,,,,,,,,
1783998000000,2026-07-14 03:00:00,,,,,,,,,,,,,16.648000717163086,93.0,1019.0,15.51050090789795,0.0,0.7199999690055847,180.0,0.0,18.24799919128418,0.1659999936819076
1784001600000,2026-07-14 04:00:00,,,,,,,,,,,,,17.04800033569336,92.0,1018.9000244140624,15.73788070678711,0.0,2.4149534702301025,26.564985275268555,0.0,18.14800071716309,0.1659999936819076
1784005200000,2026-07-14 05:00:00,,,,,,,,,,,,,18.14800071716309,90.0,1018.7000122070312,16.480770111083984,0.0,1.938659191131592,68.19853210449219,0.0199999995529651,18.29800033569336,0.1659999936819076
1784008800000,2026-07-14 06:00:00,,,,,,,,,,,,,19.74799919128418,82.0,1019.0,16.5871639251709,0.0,1.4843180179595947,194.0362701416016,0.0799999982118606,18.64800071716309,0.1659999936819076
1784010076817,2026-07-14 06:21:16,,,,21.2,21.04,19.82,,,,100.0,-105.0,9.75,,,,,,,,,,
1784010082136,2026-07-14 06:21:22,38.11,30.31,24.62,,,,324.1,302.11,278.04,100.0,-106.0,2.25,,,,,,,,,,
1784012400000,2026-07-14 07:00:00,,,,,,,,,,,,,21.94799995422364,74.0,1019.0,17.102388381958008,0.0,1.0182337760925293,44.99989700317383,0.1700000017881393,19.19799995422364,0.1659999936819076
1784016000000,2026-07-14 08:00:00,,,,,,,,,,,,,23.54800033569336,72.0,1019.2000122070312,18.20696449279785,0.0,1.4399999380111694,180.0,0.2100000232458114,19.89800071716309,0.1650000065565109
1784019600000,2026-07-14 09:00:00,,,,,,,,,,,,,25.347999572753903,64.0,1018.9000244140624,18.04743003845215,0.0,1.6099690198898315,153.4350128173828,0.2399999946355819,20.64800071716309,0.1650000065565109
1784023200000,2026-07-14 10:00:00,,,,,,,,,,,,,24.64800071716309,64.0,1018.7999877929688,17.384952545166016,0.0,8.404285430908203,43.26433181762695,0.25,21.347999572753903,0.164000004529953
1784024473556,2026-07-14 10:21:13,,,,20.97,20.84,19.79,,,,100.0,-118.0,0.25,,,,,,,,,,
1784024480580,2026-07-14 10:21:20,38.03,30.23,24.55,,,,323.92,302.02,277.98,100.0,-112.0,3.0,,,,,,,,,,
1784026800000,2026-07-14 11:00:00,,,,,,,,,,,,,26.54800033569336,59.0,1018.7000122070312,17.883594512939453,0.0,9.220499038696287,51.34017181396485,0.2900000214576721,21.847999572753903,0.164000004529953
1784030400000,2026-07-14 12:00:00,,,,,,,,,,,,,25.74799919128418,63.0,1018.5,18.17485237121582,0.0,8.714676856994629,38.29020690917969,0.2300000041723251,22.39800071716309,0.163000002503395
1784034000000,2026-07-14 13:00:00,,,,,,,,,,,,,26.49799919128418,61.0,1018.2000122070312,18.36747360229492,0.0,9.44957160949707,49.63554763793945,0.2100000232458114,22.69799995422364,0.163000002503395
1784037600000,2026-07-14 14:00:00,,,,,,,,,,,,,26.54800033569336,58.0,1017.7000122070312,17.6121883392334,0.0,11.246759414672852,50.19447326660156,0.25,23.19799995422364,0.1620000004768371
1784041200000,2026-07-14 15:00:00,,,,,,,,,,,,,26.04800033569336,59.0,1017.2000122070312,17.415191650390625,0.0,13.755578994750977,42.87890625,0.2100000232458114,23.44799995422364,0.1620000004768371
1784044800000,2026-07-14 16:00:00,,,,,,,,,,,,,24.19799995422364,67.0,1017.7000122070312,17.683956146240234,0.1000000014901161,11.96695327758789,68.83866882324219,0.1700000017881393,23.49799919128418,0.1620000004768371
1784048400000,2026-07-14 17:00:00,,,,,,,,,,,,,20.847999572753903,89.0,1017.9000244140624,18.9670467376709,2.799999952316284,5.399999618530273,143.13002014160156,0.1000000089406967,23.04800033569336,0.1609999984502792
1784052000000,2026-07-14 18:00:00,,,,,,,,,,,,,20.54800033569336,94.0,1018.2000122070312,19.54820251464844,0.6000000238418579,4.0249223709106445,349.6952209472656,0.0399999991059303,22.39800071716309,0.163000002503395
1784055600000,2026-07-14 19:00:00,,,,,,,,,,,,,19.89800071716309,96.0,1018.2999877929688,19.240785598754883,0.0,2.968636035919189,284.0362548828125,0.0199999995529651,21.89800071716309,0.1650000065565109
1784059200000,2026-07-14 20:00:00,,,,,,,,,,,,,19.097999572753903,98.0,1018.7999877929688,18.774311065673828,0.0,4.379589080810547,279.4622497558594,0.0,21.39800071716309,0.1669999957084655
1784062800000,2026-07-14 21:00:00,,,,,,,,,,,,,18.597999572753903,95.0,1018.7999877929688,17.78085708618164,0.0,2.811689853668213,39.80552673339844,0.0,20.89800071716309,0.1689999997615814
1784066400000,2026-07-14 22:00:00,,,,,,,,,,,,,18.44799995422364,91.0,1019.0,16.951196670532227,0.0,4.33497428894043,311.6334533691406,0.0,20.347999572753903,0.1710000038146972
1784070000000,2026-07-14 23:00:00,,,,,,,,,,,,,18.097999572753903,92.0,1019.2000122070312,16.777305603027344,0.0,1.2979984283447266,146.30990600585938,0.0,19.89800071716309,0.1729999929666519
1784073600000,2026-07-15 00:00:00,,,,,,,,,,,,,17.49799919128418,96.0,1019.2000122070312,16.852712631225586,0.6000000238418579,3.096837043762207,35.53776550292969,0.0099999997764825,22.347999572753903,0.1720000058412552
1784077200000,2026-07-15 01:00:00,,,,,,,,,,,,,17.398000717163086,95.0,1019.5999755859376,16.588329315185547,3.700000047683716,3.219938039779663,26.564985275268555,0.0099999997764825,21.847999572753903,0.2440000027418136
1784080800000,2026-07-15 02:00:00,,,,,,,,,,,,,17.347999572753906,95.0,1019.9000244140624,16.538637161254883,3.0,1.6099690198898315,116.5649871826172,0.0099999997764825,21.44799995422364,0.2809999883174896
1784084400000,2026-07-15 03:00:00,,,,,,,,,,,,,17.24799919128418,93.0,1019.5,16.10524559020996,0.6000000238418579,2.879999876022339,360.0,0.0099999997764825,21.097999572753903,0.3009999990463257
1784088000000,2026-07-15 04:00:00,,,,,,,,,,,,,17.24799919128418,93.0,1019.5,16.10524559020996,0.2000000029802322,3.096837043762207,324.4622497558594,0.0099999997764825,20.79800033569336,0.3019999861717224
1784091600000,2026-07-15 05:00:00,,,,,,,,,,,,,17.49799919128418,89.0,1019.4000244140624,15.664334297180176,0.0,2.9024126529693604,29.74479484558105,0.0299999993294477,20.54800033569336,0.3000000119209289
1784095200000,2026-07-15 06:00:00,,,,,,,,,,,,,17.648000717163086,87.0,1020.7000122070312,15.457201957702637,0.0,7.1003098487854,59.53453826904297,0.0700000077486038,20.347999572753903,0.296999990940094
1784098800000,2026-07-15 07:00:00,,,,,,,,,,,,,18.29800033569336,84.0,1021.0999755859376,15.547362327575684,0.0,6.877789497375488,42.87890625,0.0900000035762786,20.19799995422364,0.2939999997615814
1784102400000,2026-07-15 08:00:00,,,,,,,,,,,,,20.14800071716309,75.0,1021.0,15.576818466186523,0.0,8.049844741821289,63.43501281738281,0.2300000041723251,20.19799995422364,0.289000004529953
1784106000000,2026-07-15 09:00:00,,,,,,,,,,,,,22.14800071716309,67.0,1020.9000244140624,15.732317924499512,0.0,8.404285430908203,43.26433181762695,0.3700000345706939,20.347999572753903,0.2849999964237213
1784109600000,2026-07-15 10:00:00,,,,,,,,,,,,,22.347999572753903,62.0,1020.7000122070312,14.714203834533691,0.0,10.799999237060549,53.13002014160156,0.4000000357627868,20.64800071716309,0.2809999883174896
1784113200000,2026-07-15 11:00:00,,,,,,,,,,,,,23.69799995422364,55.0,1020.5999755859376,14.124475479125977,0.0,9.028754234313965,66.50141906738281,0.3400000035762787,20.99799919128418,0.2770000100135803
1784116800000,2026-07-15 12:00:00,,,,,,,,,,,,,25.097999572753903,48.0,1020.4000244140624,13.319790840148926,0.0,8.31124496459961,72.34979248046875,0.3100000023841858,21.39800071716309,0.2730000019073486
1784120400000,2026-07-15 13:00:00,,,,,,,,,,,,,24.74799919128418,51.0,1020.2999877929688,13.93102741241455,0.0,10.966712951660156,66.80138397216797,0.2800000309944153,21.89800071716309,0.2689999938011169
1784124000000,2026-07-15 14:00:00,,,,,,,,,,,,,25.097999572753903,49.0,1019.9000244140624,13.636530876159668,0.0,11.841755867004396,70.4632568359375,0.2399999946355819,22.29800033569336,0.2660000026226043
1784127600000,2026-07-15 15:00:00,,,,,,,,,,,,,25.847999572753903,44.0,1019.4000244140624,12.670126914978027,0.0,9.29051113128662,54.46223831176758,0.25,22.69799995422364,0.2630000114440918
1784131200000,2026-07-15 16:00:00,,,,,,,,,,,,,24.64800071716309,50.0,1019.0,13.534253120422363,0.0,14.332340240478516,64.7223129272461,0.2000000178813934,22.94799995422364,0.2599999904632568
1784134800000,2026-07-15 17:00:00,,,,,,,,,,,,,23.94799995422364,54.0,1019.2999877929688,14.073355674743652,0.0,10.182336807250977,81.86998748779297,0.1400000154972076,23.097999572753903,0.257999986410141
1784138400000,2026-07-15 18:00:00,,,,,,,,,,,,,22.74799919128418,59.0,1019.4000244140624,14.32231330871582,0.0,6.439876079559326,63.43501281738281,0.0799999982118606,23.04800033569336,0.2560000121593475
1784142000000,2026-07-15 19:00:00,,,,,,,,,,,,,20.39800071716309,70.0,1020.0,14.74343967437744,0.0,5.804825305938721,60.25520706176758,0.0399999991059303,22.79800033569336,0.2540000081062317
1784145600000,2026-07-15 20:00:00,,,,,,,,,,,,,18.847999572753903,78.0,1020.0999755859376,14.92935562133789,0.0,5.634891033172607,63.43501281738281,0.0199999995529651,22.39800071716309,0.2529999911785126
1784149200000,2026-07-15 21:00:00,,,,,,,,,,,,,17.04800033569336,84.0,1020.5,14.323476791381836,0.0,3.239999771118164,90.0,0.0099999997764825,21.89800071716309,0.2509999871253967
1784152800000,2026-07-15 22:00:00,,,,,,,,,,,,,15.097999572753906,91.0,1020.4000244140624,13.63919734954834,0.0,2.4149534702301025,63.43501281738281,0.0,21.29800033569336,0.25
1784156400000,2026-07-15 23:00:00,,,,,,,,,,,,,14.097999572753906,95.0,1020.2999877929688,13.308683395385742,0.0,2.620839357376098,74.05453491210938,0.0,20.597999572753903,0.248999997973442
1784160000000,2026-07-16 00:00:00,,,,,,,,,,,,,14.197999954223633,93.0,1020.2999877929688,13.081814765930176,0.0,3.5999999046325684,90.0,0.0,18.94799995422364,0.2230000048875808
1784163600000,2026-07-16 01:00:00,,,,,,,,,,,,,13.847999572753906,95.0,1020.7999877929688,13.060216903686523,0.0,2.5199999809265137,90.0,0.0,18.19799995422364,0.2230000048875808
1784167200000,2026-07-16 02:00:00,,,,,,,,,,,,,13.347999572753906,96.0,1020.9000244140624,12.723082542419434,0.0,2.545584201812744,98.13002014160156,0.0,17.54800033569336,0.2220000028610229
1784170800000,2026-07-16 03:00:00,,,,,,,,,,,,,12.498000144958496,99.0,1020.7999877929688,12.34488296508789,0.0,3.415259599685669,108.43504333496094,0.0,16.947999954223633,0.2220000028610229
1784174400000,2026-07-16 04:00:00,,,,,,,,,,,,,12.29800033569336,100.0,1020.7999877929688,12.298001289367676,0.0,2.4149534702301025,116.5649871826172,0.0,16.347999572753906,0.221000000834465
1784178000000,2026-07-16 05:00:00,,,,,,,,,,,,,14.697999954223633,94.0,1021.0,13.742006301879885,0.0,2.5199999809265137,90.0,0.0099999997764825,16.24799919128418,0.221000000834465
1784181600000,2026-07-16 06:00:00,,,,,,,,,,,,,17.04800033569336,85.0,1020.9000244140624,14.506600379943848,0.0,2.545584201812744,171.86997985839844,0.0599999986588954,16.648000717163086,0.2199999988079071
1784185200000,2026-07-16 07:00:00,,,,,,,,,,,,,19.847999572753903,73.0,1020.7000122070312,14.866751670837402,0.0,1.527350664138794,224.99989318847656,0.1400000154972076,17.347999572753906,0.2189999967813491
1784188800000,2026-07-16 08:00:00,,,,,,,,,,,,,22.44799995422364,67.0,1020.5999755859376,16.017967224121094,0.0,1.6099690198898315,206.5649871826172,0.2199999988079071,18.29800033569336,0.2179999947547912
1784192400000,2026-07-16 09:00:00,,,,,,,,,,,,,24.94799995422364,57.0,1020.2999877929688,15.843806266784668,0.0,0.3599999845027923,180.0,0.2800000309944153,19.347999572753903,0.2169999927282333
1784196000000,2026-07-16 10:00:00,,,,,,,,,,,,,27.04800033569336,48.0,1019.7999877929688,15.101675987243652,0.0,0.3599999845027923,360.0,0.3300000131130218,20.49799919128418,0.2160000056028366
1784197365358,2026-07-16 10:22:45,,,,,,,,,,100.0,-121.0,-18.5,,,,,,,,,,
1784197382208,2026-07-16 10:23:02,,,,20.3,19.79,20.01,,,,100.0,-113.0,-17.0,,,,,,,,,,
1784197391213,2026-07-16 10:23:11,40.34,38.36,36.78,,,,329.11,311.26,288.07,100.0,-121.0,-16.2,,,,,,,,,,
1784199600000,2026-07-16 11:00:00,,,,,,,,,,,,,28.29800033569336,43.0,1019.2999877929688,14.528340339660645,0.0,4.0249223709106445,333.4350280761719,0.3400000035762787,21.69799995422364,0.2140000015497207
1784203200000,2026-07-16 12:00:00,,,,,,,,,,,,,29.39800071716309,39.0,1019.0,14.004429817199709,0.0,2.545584201812744,224.99989318847656,0.3199999928474426,22.74799919128418,0.2129999995231628
1784206800000,2026-07-16 13:00:00,,,,,,,,,,,,,30.097999572753903,38.0,1018.5999755859376,14.225493431091309,0.0,4.452953815460205,255.96372985839844,0.3300000131130218,23.79800033569336,0.2119999974966049
1784210400000,2026-07-16 14:00:00,,,,,,,,,,,,,30.597999572753903,37.0,1018.0,14.256211280822754,0.0,3.7064266204833984,240.9454803466797,0.2900000214576721,24.597999572753903,0.209999993443489
1784211765021,2026-07-16 14:22:45,,,,20.42,20.49,19.95,,,,100.0,-102.0,4.5,,,,,,,,,,
1784211771540,2026-07-16 14:22:51,40.21,37.91,35.65,,,,328.81,310.25,287.14,100.0,-104.0,10.0,,,,,,,,,,
1784214000000,2026-07-16 15:00:00,,,,,,,,,,,,,29.14800071716309,41.0,1017.5999755859376,14.554237365722656,0.0,10.538843154907228,352.1467590332031,0.2300000041723251,25.097999572753903,0.2090000063180923
1784217600000,2026-07-16 16:00:00,,,,,,,,,,,,,28.94799995422364,42.0,1017.2000122070312,14.74840259552002,0.0,8.714676856994629,38.29020690917969,0.1700000017881393,25.14800071716309,0.2080000042915344
1784221200000,2026-07-16 17:00:00,,,,,,,,,,,,,28.69799995422364,44.0,1017.0999755859376,15.246283531188965,0.0,5.9044389724731445,52.43133544921875,0.1500000059604644,25.19799995422364,0.2070000022649765
1784224800000,2026-07-16 18:00:00,,,,,,,,,,,,,27.14800071716309,47.0,1016.9000244140624,14.865693092346191,0.0,4.693825721740723,57.52882766723633,0.0900000035762786,25.04800033569336,0.2060000002384185
1784228400000,2026-07-16 19:00:00,,,,,,,,,,,,,24.69799995422364,60.0,1016.7999877929688,16.414072036743164,0.0,5.692099571228027,71.5649642944336,0.0500000044703483,24.54800033569336,0.2060000002384185
1784232000000,2026-07-16 20:00:00,,,,,,,,,,,,,22.64800071716309,68.0,1016.5,16.44105339050293,0.0,4.452953815460205,75.96372985839844,0.0299999993294477,23.89800071716309,0.2049999982118606
1784235600000,2026-07-16 21:00:00,,,,,,,,,,,,,20.847999572753903,76.0,1016.5,16.460735321044922,0.0,4.553679466247559,71.5649642944336,0.0099999997764825,23.097999572753903,0.2049999982118606
1784239200000,2026-07-16 22:00:00,,,,,,,,,,,,,20.097999572753903,77.0,1016.5999755859376,15.939947128295898,0.0,4.735060214996338,81.25392150878906,0.0099999997764825,22.24799919128418,0.2039999961853027
1784242800000,2026-07-16 23:00:00,,,,,,,,,,,,,18.94799995422364,83.0,1016.0,15.995999336242676,0.0,6.877789974212647,83.9910888671875,0.0,21.49799919128418,0.2039999961853027
1784246400000,2026-07-17 00:00:00,,,,,,,,,,,,,18.04800033569336,93.0,1016.2000122070312,16.898229598999023,0.0,3.3190360069274902,102.52880096435548,0.0099999997764825,20.64800071716309,0.1879999935626983
1784250000000,2026-07-17 01:00:00,,,,,,,,,,,,,18.19799995422364,92.0,1014.5999755859376,16.876296997070312,0.0,2.9024126529693604,119.74478912353516,0.0,20.19799995422364,0.1879999935626983
1784253600000,2026-07-17 02:00:00,,,,,,,,,,,,,18.64800071716309,87.0,1013.9000244140624,16.440431594848633,0.0,6.725354194641113,105.52417755126952,0.0,19.847999572753903,0.1879999935626983
1784254953855,2026-07-17 02:22:33,,,,21.33,21.07,19.79,,,,100.0,-102.0,11.25,,,,,,,,,,
1784254959581,2026-07-17 02:22:39,40.07,36.71,33.98,,,,328.47,308.97,285.76,100.0,-103.0,5.25,,,,,,,,,,
1784257200000,2026-07-17 03:00:00,,,,,,,,,,,,,18.64800071716309,86.0,1013.9000244140624,16.25884246826172,0.0,0.8049845099449158,63.43501281738281,0.0099999997764825,19.69799995422364,0.1870000064373016
1784260800000,2026-07-17 04:00:00,,,,,,,,,,,,,18.99799919128418,83.0,1013.4000244140624,16.044876098632812,0.0,3.617955207824707,95.71050262451172,0.0099999997764825,19.49799919128418,0.1870000064373016
1784264400000,2026-07-17 05:00:00,,,,,,,,,,,,,19.24799919128418,85.0,1013.7000122070312,16.663633346557617,0.0,4.452953815460205,284.0362548828125,0.0099999997764825,19.54800033569336,0.1870000064373016
1784268000000,2026-07-17 06:00:00,,,,,,,,,,,,,20.39800071716309,81.0,1013.7000122070312,17.02772331237793,0.0,3.075841426849365,200.55612182617188,0.0199999995529651,19.69799995422364,0.1870000064373016
1784269350123,2026-07-17 06:22:30,,,,21.17,20.11,19.88,,,,100.0,-101.0,11.75,,,,,,,,,,
1784269357057,2026-07-17 06:22:37,39.96,36.48,33.7,,,,328.23,308.73,285.53,100.0,-97.0,10.75,,,,,,,,,,
1784271600000,2026-07-17 07:00:00,,,,,,,,,,,,,22.04800033569336,74.0,1013.4000244140624,17.198766708374023,0.0,4.452953815460205,165.96372985839844,0.0799999982118606,20.14800071716309,0.1860000044107437
1784275200000,2026-07-17 08:00:00,,,,,,,,,,,,,25.14800071716309,60.0,1012.9000244140624,16.836633682250977,0.0,1.4843180179595947,255.96372985839844,0.2100000232458114,21.097999572753903,0.1860000044107437
1784278800000,2026-07-17 09:00:00,,,,,,,,,,,,,26.847999572753903,55.0,1012.5999755859376,17.051177978515625,0.0,2.9024126529693604,240.2552032470703,0.2599999904632568,22.19799995422364,0.1850000023841858
1784282400000,2026-07-17 10:00:00,,,,,,,,,,,,,28.54800033569336,50.0,1011.7999877929688,17.114973068237305,0.0,4.379589080810547,260.5377502441406,0.3000000119209289,23.347999572753903,0.1840000003576278
1784283747427,2026-07-17 10:22:27,,,,21.04,20.91,20.2,,,,100.0,-101.0,12.75,,,,,,,,,,
1784283752234,2026-07-17 10:22:32,39.82,35.82,33.03,,,,327.89,308.02,284.98,100.0,-103.0,11.0,,,,,,,,,,
1784286000000,2026-07-17 11:00:00,,,,,,,,,,,,,29.69799995422364,45.0,1011.5999755859376,16.502485275268555,0.0,8.396570205688477,239.0363006591797,0.2900000214576721,24.39800071716309,0.1829999983310699
1784289600000,2026-07-17 12:00:00,,,,,,,,,,,,,29.79800033569336,39.0,1011.4000244140624,14.36047649383545,0.0,10.086426734924316,235.1754302978516,0.2800000309944153,25.29800033569336,0.181999996304512
1784293200000,2026-07-17 13:00:00,,,,,,,,,,,,,29.347999572753903,40.0,1011.0999755859376,14.350892066955566,0.0,11.367109298706056,259.0459899902344,0.2300000041723251,25.64800071716309,0.1809999942779541
1784296800000,2026-07-17 14:00:00,,,,,,,,,,,,,29.44799995422364,40.0,1010.4000244140624,14.440181732177734,0.0,9.164103507995604,224.99989318847656,0.2100000232458114,25.79800033569336,0.1809999942779541
1784298144019,2026-07-17 14:22:24,,,,21.2,21.01,20.17,,,,100.0,-103.0,10.75,,,,,,,,,,
1784298149135,2026-07-17 14:22:29,39.7,35.13,32.24,,,,327.62,307.28,284.32,100.0,-107.0,6.5,,,,,,,,,,
1784300400000,2026-07-17 15:00:00,,,,,,,,,,,,,29.69799995422364,39.0,1009.4000244140624,14.271467208862305,0.0,11.96695327758789,201.1613311767578,0.2100000232458114,26.04800033569336,0.1800000071525573
1784304000000,2026-07-17 16:00:00,,,,,,,,,,,,,25.847999572753903,55.0,1009.9000244140624,16.122337341308594,0.0,25.26420211791992,265.9144592285156,0.1700000017881393,25.99799919128418,0.1790000051259994
1784307600000,2026-07-17 17:00:00,,,,,,,,,,,,,25.54800033569336,49.0,1009.4000244140624,14.048857688903809,0.0,4.33497428894043,131.63345336914062,0.1099999994039535,25.39800071716309,0.1790000051259994
1784311200000,2026-07-17 18:00:00,,,,,,,,,,,,,24.847999572753903,60.0,1009.5,16.554929733276367,0.0,7.421589851379394,320.9061279296875,0.0700000077486038,24.89800071716309,0.1780000030994415
1784312540989,2026-07-17 18:22:20,,,,21.53,20.71,20.11,,,,100.0,-104.0,9.0,,,,,,,,,,
1784312547901,2026-07-17 18:22:27,39.65,34.65,31.64,,,,327.5,306.77,283.83,100.0,-106.0,2.5,,,,,,,,,,
1784314800000,2026-07-17 19:00:00,,,,,,,,,,,,,23.39800071716309,69.0,1010.0,17.387313842773438,0.0,8.699792861938477,294.4439392089844,0.0399999991059303,24.347999572753903,0.1780000030994415
1784318400000,2026-07-17 20:00:00,,,,,,,,,,,,,19.24799919128418,88.0,1011.7999877929688,17.210914611816406,9.100000381469728,4.394360065460205,235.0079040527344,0.0700000077486038,23.49799919128418,0.1899999976158142
1784322000000,2026-07-17 21:00:00,,,,,,,,,,,,,19.04800033569336,81.0,1011.7999877929688,15.711955070495604,0.4000000059604645,3.5999999046325684,216.86997985839844,0.0299999993294477,22.597999572753903,0.2349999994039535
1784325600000,2026-07-17 22:00:00,,,,,,,,,,,,,18.24799919128418,87.0,1012.0,16.047143936157227,0.3000000119209289,4.0249223709106445,280.3047790527344,0.0299999993294477,21.79800033569336,0.2479999959468841
1784326937838,2026-07-17 22:22:17,,,,21.53,21.2,20.11,,,,100.0,-104.0,9.0,,,,,,,,,,
1784326943028,2026-07-17 22:22:23,39.61,34.49,31.37,,,,327.41,306.6,283.6,100.0,-100.0,10.25,,,,,,,,,,
1784329200000,2026-07-17 23:00:00,,,,,,,,,,,,,18.29800033569336,91.0,1012.0,16.80291175842285,0.699999988079071,2.4149534702301025,26.564985275268555,0.0199999995529651,21.24799919128418,0.2569999992847442
1784332800000,2026-07-18 00:00:00,,,,,,,,,,,,,20.14800071716309,80.0,1010.5999755859376,16.58844566345215,0.0,5.86037540435791,317.4895935058594,0.0099999997764825,20.347999572753903,0.1689999997615814
1784336400000,2026-07-18 01:00:00,,,,,,,,,,,,,20.097999572753903,77.0,1010.5999755859376,15.939947128295898,0.0,4.394360065460205,304.9920959472656,0.0099999997764825,20.24799919128418,0.1679999977350235
1784340000000,2026-07-18 02:00:00,,,,,,,,,,,,,19.64800071716309,78.0,1010.7999877929688,15.70556354522705,0.0,4.680000305175781,292.6199035644531,0.0099999997764825,20.04800033569336,0.1679999977350235
1784341335601,2026-07-18 02:22:15,,,,21.4,21.23,20.33,,,,100.0,-106.0,9.75,,,,,,,,,,
1784341342437,2026-07-18 02:22:22,39.53,34.32,31.18,,,,327.23,306.42,283.45,100.0,-101.0,12.0,,,,,,,,,,
1784343600000,2026-07-18 03:00:00,,,,,,,,,,,,,19.597999572753903,78.0,1011.5,15.657047271728516,0.0,6.725354194641113,285.524169921875,0.0199999995529651,19.847999572753903,0.1679999977350235
1784347200000,2026-07-18 04:00:00,,,,,,,,,,,,,19.597999572753903,79.0,1011.7000122070312,15.85622787475586,0.0,8.825508117675781,281.76824951171875,0.0199999995529651,19.79800033569336,0.1679999977350235
1784350800000,2026-07-18 05:00:00,,,,,,,,,,,,,19.39800071716309,82.0,1012.2000122070312,16.245532989501953,0.3000000119209289,8.31124496459961,274.9696350097656,0.0299999993294477,19.79800033569336,0.1679999977350235
1784354400000,2026-07-18 06:00:00,,,,,,,,,,,,,19.79800033569336,81.0,1012.5,16.442956924438477,0.1000000014901161,11.17740535736084,284.93145751953125,0.0799999982118606,19.847999572753903,0.1669999957084655
1784355731739,2026-07-18 06:22:11,,,,21.2,20.3,20.07,,,,100.0,-102.0,11.5,,,,,,,,,,
1784355738746,2026-07-18 06:22:18,39.44,34.13,31.02,,,,327.01,306.21,283.31,100.0,-104.0,8.5,,,,,,,,,,
1784358000000,2026-07-18 07:00:00,,,,,,,,,,,,,20.097999572753903,74.0,1012.7999877929688,15.319198608398438,0.0,12.979984283447266,289.44012451171875,0.1800000071525573,20.097999572753903,0.1669999957084655
1784361600000,2026-07-18 08:00:00,,,,,,,,,,,,,21.39800071716309,66.0,1012.9000244140624,14.7845458984375,0.0,14.039999008178713,292.6199035644531,0.2599999904632568,20.54800033569336,0.1669999957084655
1784365200000,2026-07-18 09:00:00,,,,,,,,,,,,,22.39800071716309,59.0,1012.9000244140624,13.994140625,0.0,13.55150032043457,286.99090576171875,0.270000010728836,21.14800071716309,0.1659999936819076
1784368800000,2026-07-18 10:00:00,,,,,,,,,,,,,22.79800033569336,58.0,1013.0,14.105046272277832,0.0,14.494192123413086,284.3814392089844,0.2599999904632568,21.99799919128418,0.1659999936819076
1784370128760,2026-07-18 10:22:08,,,,21.07,20.49,20.39,,,,100.0,-105.0,9.75,,,,,,,,,,
1784370133983,2026-07-18 10:22:13,39.33,33.66,30.46,,,,326.77,305.71,282.85,100.0,-104.0,9.5,,,,,,,,,,
1784372400000,2026-07-18 11:00:00,,,,,,,,,,,,,22.64800071716309,59.0,1013.0999755859376,14.228553771972656,0.0,12.849528312683104,281.3099060058594,0.2000000178813934,22.29800033569336,0.1650000065565109
1784376000000,2026-07-18 12:00:00,,,,,,,,,,,,,23.79800033569336,55.0,1012.5999755859376,14.217429161071776,0.0,13.32486343383789,271.5481262207031,0.1800000071525573,22.44799995422364,0.1650000065565109
1784379600000,2026-07-18 13:00:00,,,,,,,,,,,,,23.54800033569336,55.0,1012.4000244140624,13.985051155090332,0.0,14.618837356567385,279.9261779785156,0.2100000232458114,23.19799995422364,0.164000004529953
1784383200000,2026-07-18 14:00:00,,,,,,,,,,,,,25.097999572753903,46.0,1011.9000244140624,12.66848373413086,0.0,13.708391189575195,283.6713256835937,0.2000000178813934,23.49799919128418,0.164000004529953
1784384525712,2026-07-18 14:22:05,,,,21.1,20.11,20.3,,,,100.0,-102.0,7.5,,,,,,,,,,
1784384532665,2026-07-18 14:22:12,39.21,33.11,29.87,,,,326.5,305.12,282.36,100.0,-99.0,7.25,,,,,,,,,,
1784386800000,2026-07-18 15:00:00,,,,,,,,,,,,,25.89800071716309,42.0,1011.5,12.00694751739502,0.0,15.62997055053711,284.6764221191406,0.2000000178813934,23.847999572753903,0.163000002503395
1784390400000,2026-07-18 16:00:00,,,,,,,,,,,,,25.99799919128418,40.0,1011.2000122070312,11.357596397399902,0.0,11.874544143676758,284.0362548828125,0.1899999976158142,24.14800071716309,0.1620000004768371
1784394000000,2026-07-18 17:00:00,,,,,,,,,,,,,25.39800071716309,41.0,1011.2999877929688,11.193097114562988,0.0,11.709688186645508,315.0000915527344,0.1500000059604644,24.04800033569336,0.1620000004768371
1784397600000,2026-07-18 18:00:00,,,,,,,,,,,,,24.29800033569336,41.0,1011.5,10.206219673156738,0.0,7.895416259765625,316.8475952148437,0.0700000077486038,23.54800033569336,0.1620000004768371
1784398922647,2026-07-18 18:22:02,,,,21.36,20.23,20.11,,,,100.0,-107.0,1.25,,,,,,,,,,
1784398927788,2026-07-18 18:22:07,39.16,32.67,29.31,,,,326.38,304.65,281.9,100.0,-103.0,10.75,,,,,,,,,,
1784401200000,2026-07-18 19:00:00,,,,,,,,,,,,,21.79800033569336,53.0,1012.2000122070312,11.79516315460205,0.0,3.415259599685669,341.56494140625,0.0500000044703483,22.79800033569336,0.1609999984502792
1784404800000,2026-07-18 20:00:00,,,,,,,,,,,,,19.04800033569336,68.0,1012.5,13.006207466125488,0.0,2.1600000858306885,360.0,0.0099999997764825,21.597999572753903,0.1609999984502792
1784408400000,2026-07-18 21:00:00,,,,,,,,,,,,,18.49799919128418,68.0,1012.9000244140624,12.481244087219238,0.0,1.0182337760925293,44.99989700317383,0.0,20.44799995422364,0.1609999984502792
1784412000000,2026-07-18 22:00:00,,,,,,,,,,,,,17.648000717163086,73.0,1013.5999755859376,12.74899959564209,0.0,2.0364675521850586,315.0000915527344,0.0,19.54800033569336,0.1609999984502792
1784415600000,2026-07-18 23:00:00,,,,,,,,,,,,,17.347999572753906,77.0,1013.9000244140624,13.27573013305664,0.0,2.968636035919189,284.0362548828125,0.0,18.99799919128418,0.1609999984502792
1784419200000,2026-07-19 00:00:00,,,,,,,,,,,,,16.24799919128418,82.0,1014.0,13.170306205749512,0.0,4.104631423950195,322.1249389648437,0.0099999997764825,18.097999572753903,0.1599999964237213
1784422800000,2026-07-19 01:00:00,,,,,,,,,,,,,15.748000144958496,83.0,1013.7000122070312,12.867276191711426,0.0,0.8049845099449158,116.5649871826172,0.0,17.79800033569336,0.1599999964237213
1784426400000,2026-07-19 02:00:00,,,,,,,,,,,,,15.04800033569336,85.0,1013.7999877929688,12.5453462600708,0.0,2.4149534702301025,63.43501281738281,0.0,17.398000717163086,0.1599999964237213
1784427736765,2026-07-19 02:22:16,,,,21.3,20.23,20.39,,,,100.0,-103.0,9.75,,,,,,,,,,
1784427737672,2026-07-19 02:22:17,39.03,32.42,29.0,,,,326.1,304.38,281.64,100.0,-107.0,7.75,,,,,,,,,,
1784430000000,2026-07-19 03:00:00,,,,,,,,,,,,,15.04800033569336,87.0,1013.7000122070312,12.900503158569336,0.0,2.4149534702301025,63.43501281738281,0.0,17.04800033569336,0.1599999964237213
1784433600000,2026-07-19 04:00:00,,,,,,,,,,,,,15.04800033569336,89.0,1013.9000244140624,13.248540878295898,0.2000000029802322,0.8049845099449158,153.4350128173828,0.0,16.947999954223633,0.1589999943971634
1784437200000,2026-07-19 05:00:00,,,,,,,,,,,,,14.998000144958496,94.0,1014.2000122070312,14.03978443145752,3.5999999046325684,3.239999771118164,360.0,0.0,16.947999954223633,0.1589999943971634
1784440800000,2026-07-19 06:00:00,,,,,,,,,,,,,15.99799919128418,88.0,1014.2999877929688,14.01089572906494,0.8999999761581421,4.843304634094238,318.01287841796875,0.0199999995529651,17.04800033569336,0.1650000065565109
1784444400000,2026-07-19 07:00:00,,,,,,,,,,,,,15.697999954223633,87.0,1014.0999755859376,13.539715766906738,0.1000000014901161,6.287129878997803,336.37060546875,0.0599999986588954,17.197999954223633,0.1739999949932098
1784448000000,2026-07-19 08:00:00,,,,,,,,,,,,,15.097999572753906,90.0,1014.7000122070312,13.469355583190918,1.100000023841858,8.942214012145996,310.100830078125,0.0500000044703483,17.24799919128418,0.181999996304512
1784451600000,2026-07-19 09:00:00,,,,,,,,,,,,,15.447999954223633,87.0,1015.2000122070312,13.293867111206056,4.599999904632568,9.08598804473877,303.6900939941406,0.0599999986588954,17.197999954223633,0.2199999988079071
1784455200000,2026-07-19 10:00:00,,,,,,,,,,,,,15.29800033569336,88.0,1016.0,13.321582794189451,1.2000000476837158,9.565437316894531,289.7989501953125,0.0799999982118606,17.24799919128418,0.2560000121593475
1784456510476,2026-07-19 10:21:50,,,,20.81,20.11,19.76,,,,100.0,-103.0,11.5,,,,,,,,,,
1784456515599,2026-07-19 10:21:55,38.87,32.14,28.83,,,,325.74,304.08,281.5,100.0,-101.0,6.25,,,,,,,,,,
1784458800000,2026-07-19 11:00:00,,,,,,,,,,,,,16.597999572753906,83.0,1015.9000244140624,13.698427200317385,0.5,7.594208240509033,301.42950439453125,0.0900000035762786,17.24799919128418,0.2759999930858612
1784462400000,2026-07-19 12:00:00,,,,,,,,,,,,,17.79800033569336,75.0,1015.7999877929688,13.30738925933838,0.0,8.473393440246582,282.2647705078125,0.3300000131130218,17.648000717163086,0.2809999883174896
1784466000000,2026-07-19 13:00:00,,,,,,,,,,,,,19.79800033569336,64.0,1015.5,12.792308807373049,0.0,4.735060214996338,278.7460632324219,0.3300000131130218,18.097999572753903,0.2800000011920929
1784469600000,2026-07-19 14:00:00,,,,,,,,,,,,,20.597999572753903,41.0,1015.2000122070312,6.883577823638916,0.0,12.783802032470703,279.7275085449219,0.3900000154972076,18.597999572753903,0.2770000100135803
1784470907340,2026-07-19 14:21:47,,,,20.65,20.04,20.39,,,,100.0,-99.0,11.0,,,,,,,,,,
1784470914341,2026-07-19 14:21:54,38.79,31.93,28.55,,,,325.56,303.85,281.27,100.0,-98.0,11.5,,,,,,,,,,
1784473200000,2026-07-19 15:00:00,,,,,,,,,,,,,21.44799995422364,41.0,1015.2000122070312,7.647315979003906,0.0,13.339445114135742,266.906005859375,0.4200000464916229,18.94799995422364,0.2730000019073486
1784476800000,2026-07-19 16:00:00,,,,,,,,,,,,,20.74799919128418,44.0,1015.7000122070312,8.053473472595215,0.0,17.309972763061523,286.9275817871094,0.2900000214576721,19.19799995422364,0.2689999938011169
1784480400000,2026-07-19 17:00:00,,,,,,,,,,,,,19.49799919128418,52.0,1016.4000244140624,9.381268501281738,0.0,14.021525382995604,299.1973876953125,0.1800000071525573,19.29800033569336,0.2649999856948852
1784484000000,2026-07-19 18:00:00,,,,,,,,,,,,,17.597999572753906,63.0,1016.7999877929688,10.47105884552002,0.1000000014901161,14.917211532592772,289.7469177246094,0.0799999982118606,19.19799995422364,0.2630000114440918
1784485304287,2026-07-19 18:21:44,,,,20.55,20.81,20.26,,,,100.0,-101.0,7.5,,,,,,,,,,
1784485311279,2026-07-19 18:21:51,38.73,31.73,28.34,,,,325.44,303.64,281.1,100.0,-105.0,2.0,,,,,,,,,,
1784487600000,2026-07-19 19:00:00,,,,,,,,,,,,,15.89799976348877,72.0,1017.2000122070312,10.856197357177734,0.0,8.08999252319336,290.8545227050781,0.0500000044703483,18.847999572753903,0.2599999904632568
1784491200000,2026-07-19 20:00:00,,,,,,,,,,,,,14.748000144958496,81.0,1017.5999755859376,11.519848823547363,0.0,6.130578994750977,273.36639404296875,0.0199999995529651,18.29800033569336,0.257999986410141
1784494800000,2026-07-19 21:00:00,,,,,,,,,,,,,13.998000144958496,82.0,1018.0999755859376,10.973177909851074,0.0,5.091168403625488,278.1300048828125,0.0099999997764825,17.697999954223633,0.2560000121593475
1784498400000,2026-07-19 22:00:00,,,,,,,,,,,,,12.947999954223633,84.0,1018.2000122070312,10.308260917663574,0.0,2.9024126529693604,299.7447814941406,0.0099999997764825,17.097999572753906,0.2540000081062317
1784499701312,2026-07-19 22:21:41,,,,20.42,20.75,20.23,,,,100.0,-102.0,6.5,,,,,,,,,,
1784499706441,2026-07-19 22:21:46,38.69,31.65,28.24,,,,325.35,303.55,281.01,100.0,-98.0,11.25,,,,,,,,,,
1784502000000,2026-07-19 23:00:00,,,,,,,,,,,,,11.697999954223633,87.0,1018.4000244140624,9.605664253234863,0.0,1.7999999523162842,306.8699645996094,0.0,16.347999572753906,0.2520000040531158
1784505600000,2026-07-20 00:00:00,,,,,,,,,,,,,12.14799976348877,93.0,1019.0999755859376,11.049494743347168,0.0,3.2599384784698486,83.65990447998047,0.0,15.04800033569336,0.2249999940395355
1784509200000,2026-07-20 01:00:00,,,,,,,,,,,,,12.097999572753906,92.0,1018.4000244140624,10.837154388427734,0.0,2.0364675521850586,44.99989700317383,0.0,14.597999572753906,0.2240000069141388
1784512800000,2026-07-20 02:00:00,,,,,,,,,,,,,11.697999954223633,91.0,1018.5,10.277268409729004,0.0,3.396233081817627,32.00535583496094,0.0,14.197999954223633,0.2240000069141388
1784514098698,2026-07-20 02:21:38,,,,20.2,20.58,20.14,,,,100.0,-103.0,3.75,,,,,,,,,,
1784514106154,2026-07-20 02:21:46,38.61,31.52,28.1,,,,325.16,303.41,280.9,100.0,-99.0,12.25,,,,,,,,,,
1784516400000,2026-07-20 03:00:00,,,,,,,,,,,,,12.04800033569336,85.0,1018.5999755859376,9.602912902832031,0.0,3.219938039779663,333.4350280761719,0.0,13.89799976348877,0.2230000048875808
1784520000000,2026-07-20 04:00:00,,,,,,,,,,,,,11.197999954223633,89.0,1018.7000122070312,9.45164394378662,0.0,2.9024126529693604,330.2552185058594,0.0,13.597999572753906,0.2220000028610229
1784523600000,2026-07-20 05:00:00,,,,,,,,,,,,,13.04800033569336,85.0,1018.7000122070312,10.583799362182615,0.0,4.394360065460205,304.9920959472656,0.0099999997764825,13.54800033569336,0.2220000028610229
1784527200000,2026-07-20 06:00:00,,,,,,,,,,,,,14.54800033569336,71.0,1018.7999877929688,9.349966049194336,0.0,13.450708389282228,285.524169921875,0.0799999982118606,14.097999572753906,0.221000000834465
1784528495228,2026-07-20 06:21:35,,,,19.85,20.91,20.11,,,,100.0,-98.0,12.75,,,,,,,,,,
1784528500345,2026-07-20 06:21:40,38.51,31.38,27.99,,,,324.95,303.26,280.81,100.0,-101.0,12.0,,,,,,,,,,
1784530800000,2026-07-20 07:00:00,,,,,,,,,,,,,15.197999954223633,69.0,1018.9000244140624,9.547667503356934,0.0,14.494192123413086,284.3814392089844,0.1299999952316284,14.64799976348877,0.2199999988079071
1784534400000,2026-07-20 08:00:00,,,,,,,,,,,,,16.597999572753906,64.0,1018.9000244140624,9.759635925292969,0.0,15.281989097595217,285.0184020996094,0.1700000017881393,15.29800033569336,0.2189999967813491
1784538000000,2026-07-20 09:00:00,,,,,,,,,,,,,17.648000717163086,58.0,1019.0,9.283297538757324,0.0,16.454008102416992,280.0805358886719,0.2100000232458114,16.04800033569336,0.2179999947547912
1784541600000,2026-07-20 10:00:00,,,,,,,,,,,,,18.597999572753903,54.0,1018.9000244140624,9.10810089111328,0.0,17.518356323242188,279.4622497558594,0.2300000041723251,16.74799919128418,0.2169999927282333
1784542892106,2026-07-20 10:21:32,,,,19.6,20.26,19.98,,,,100.0,-110.0,7.0,,,,,,,,,,
1784542897311,2026-07-20 10:21:37,38.41,31.19,27.75,,,,324.74,303.05,280.61,100.0,-104.0,4.25,,,,,,,,,,
1784545200000,2026-07-20 11:00:00,,,,,,,,,,,,,19.29800033569336,53.0,1018.7999877929688,9.479618072509766,0.0,18.844202041625977,276.58184814453125,0.2399999946355819,17.447999954223633,0.2150000035762787
1784548800000,2026-07-20 12:00:00,,,,,,,,,,,,,19.79800033569336,50.0,1018.7000122070312,9.0752592086792,0.0,20.05687713623047,291.0375671386719,0.2300000041723251,17.99799919128418,0.2140000015497207
1784552400000,2026-07-20 13:00:00,,,,,,,,,,,,,19.74799919128418,49.0,1018.7999877929688,8.729937553405762,0.0,19.130874633789062,289.7989501953125,0.2199999988079071,18.49799919128418,0.2129999995231628
1784556000000,2026-07-20 14:00:00,,,,,,,,,,,,,18.04800033569336,59.0,1019.0999755859376,9.913107872009276,0.0,16.56391143798828,312.3573913574219,0.1500000059604644,18.49799919128418,0.2119999974966049
1784557289057,2026-07-20 14:21:29,,,,19.57,20.11,20.01,,,,100.0,-96.0,11.0,,,,,,,,,,
1784557296081,2026-07-20 14:21:36,38.37,31.02,27.47,,,,324.65,302.87,280.38,100.0,-96.0,12.25,,,,,,,,,,
1784559600000,2026-07-20 15:00:00,,,,,,,,,,,,,18.99799919128418,54.0,1019.2000122070312,9.47959041595459,0.0,16.071491241455078,285.5928649902344,0.1500000059604644,18.44799995422364,0.209999993443489
1784563200000,2026-07-20 16:00:00,,,,,,,,,,,,,19.097999572753903,53.0,1019.0999755859376,9.29430103302002,0.0,19.16133689880371,295.6021423339844,0.1500000059604644,18.49799919128418,0.2090000063180923
1784566800000,2026-07-20 17:00:00,,,,,,,,,,,,,18.79800033569336,53.0,1019.0,9.016311645507812,0.0,14.51206398010254,293.38525390625,0.1199999973177909,18.49799919128418,0.2080000042915344
1784570400000,2026-07-20 18:00:00,,,,,,,,,,,,,18.29800033569336,59.0,1018.9000244140624,10.147765159606934,0.0,12.783802032470703,279.7275085449219,0.0599999986588954,18.347999572753903,0.2080000042915344
1784571686089,2026-07-20 18:21:26,,,,19.7,19.29,19.6,,,,100.0,-101.0,4.25,,,,,,,,,,
1784571693112,2026-07-20 18:21:33,38.34,30.89,27.27,,,,324.59,302.73,280.21,100.0,-98.0,12.5,,,,,,,,,,
1784574000000,2026-07-20 19:00:00,,,,,,,,,,,,,17.398000717163086,65.0,1019.7999877929688,10.750905990600586,0.2000000029802322,14.33686065673828,308.8844909667969,0.0399999991059303,17.99799919128418,0.2070000022649765
1784577600000,2026-07-20 20:00:00,,,,,,,,,,,,,16.097999572753906,71.0,1020.0,10.837858200073242,0.1000000014901161,6.924737930297852,278.9725341796875,0.0399999991059303,17.54800033569336,0.2060000002384185
1784581200000,2026-07-20 21:00:00,,,,,,,,,,,,,14.54800033569336,78.0,1020.5,10.756052017211914,0.0,5.634891033172607,296.5649719238281,0.0299999993294477,16.898000717163086,0.2060000002384185
1784584800000,2026-07-20 22:00:00,,,,,,,,,,,,,13.64799976348877,80.0,1020.7000122070312,10.260964393615724,0.0,5.116561412811279,309.28936767578125,0.0199999995529651,16.29800033569336,0.2049999982118606
1784588400000,2026-07-20 23:00:00,,,,,,,,,,,,,12.347999572753906,85.0,1020.7000122070312,9.897186279296877,0.0,4.198285102844238,329.03631591796875,0.0099999997764825,15.64799976348877,0.2039999961853027
1784592000000,2026-07-21 00:00:00,,,,,,,,,,,,,14.39799976348877,89.0,1021.7000122070312,12.607562065124512,0.0,7.895416259765625,313.15240478515625,0.0,16.79800033569336,0.210999995470047
1784595600000,2026-07-21 01:00:00,,,,,,,,,,,,,13.64799976348877,92.0,1020.9000244140624,12.371826171875,0.0,5.399999618530273,306.8699645996094,0.0,16.398000717163086,0.210999995470047
1784599200000,2026-07-21 02:00:00,,,,,,,,,,,,,12.64799976348877,93.0,1021.2000122070312,11.545196533203123,0.0,4.104631423950195,307.8750305175781,0.0,15.847999572753906,0.209999993443489
1784600480629,2026-07-21 02:21:20,,,,19.48,19.41,19.63,,,,100.0,-101.0,9.25,,,,,,,,,,
1784600486770,2026-07-21 02:21:26,38.27,30.8,27.1,,,,324.44,302.64,280.07,100.0,-104.0,3.25,,,,,,,,,,
1784602800000,2026-07-21 03:00:00,,,,,,,,,,,,,11.947999954223633,94.0,1021.4000244140624,11.012262344360352,0.0,3.5999999046325684,306.8699645996094,0.0,15.197999954223633,0.209999993443489
1784606400000,2026-07-21 04:00:00,,,,,,,,,,,,,12.498000144958496,95.0,1021.7999877929688,11.718461036682127,0.0,3.877318382263184,291.8014831542969,0.0,14.748000144958496,0.209999993443489
1784610000000,2026-07-21 05:00:00,,,,,,,,,,,,,14.097999572753906,88.0,1021.7000122070312,12.139830589294434,0.0,5.241678714752197,285.9454650878906,0.0199999995529651,14.79800033569336,0.2090000063180923
1784613600000,2026-07-21 06:00:00,,,,,,,,,,,,,15.39799976348877,81.0,1022.0,12.15365219116211,0.0,11.43531322479248,298.1784973144531,0.0700000077486038,15.197999954223633,0.2090000063180923
1784614876885,2026-07-21 06:21:16,,,,19.32,19.85,19.66,,,,100.0,-103.0,9.5,,,,,,,,,,
1784614883891,2026-07-21 06:21:23,38.2,30.69,27.02,,,,324.29,302.52,280.01,100.0,-94.0,11.25,,,,,,,,,,
1784617200000,2026-07-21 07:00:00,,,,,,,,,,,,,16.54800033569336,74.0,1022.0,11.896135330200195,0.0,12.413476943969728,299.5386962890625,0.1400000154972076,15.748000144958496,0.2080000042915344
1784620800000,2026-07-21 08:00:00,,,,,,,,,,,,,17.898000717163086,66.0,1022.0,11.456321716308594,0.0,12.594856262207031,300.96368408203125,0.2199999988079071,16.447999954223633,0.2070000022649765
1784624400000,2026-07-21 09:00:00,,,,,,,,,,,,,19.14800071716309,57.0,1021.9000244140624,10.427209854125977,0.0,12.287554740905762,301.827392578125,0.2900000214576721,17.347999572753906,0.2060000002384185
1784628000000,2026-07-21 10:00:00,,,,,,,,,,,,,20.19799995422364,48.0,1021.7000122070312,8.837213516235352,0.0,13.27614402770996,310.6012268066406,0.3400000035762787,18.19799995422364,0.2049999982118606
1784629273925,2026-07-21 10:21:13,,,,19.1,18.95,19.48,,,,100.0,-102.0,8.5,,,,,,,,,,
1784629279045,2026-07-21 10:21:19,38.11,30.52,26.78,,,,324.1,302.34,279.81,100.0,-98.0,13.0,,,,,,,,,,
1784631600000,2026-07-21 11:00:00,,,,,,,,,,,,,20.64800071716309,45.0,1021.5999755859376,8.293831825256348,0.0,12.81923484802246,321.8427124023437,0.3100000023841858,18.89800071716309,0.2039999961853027
1784635200000,2026-07-21 12:00:00,,,,,,,,,,,,,21.29800033569336,42.0,1021.0999755859376,7.8662109375,0.0,11.592893600463867,306.15826416015625,0.3000000119209289,19.44799995422364,0.2029999941587448
1784638800000,2026-07-21 13:00:00,,,,,,,,,,,,,22.097999572753903,38.0,1020.7000122070312,7.116163730621338,0.0,12.979984283447266,326.3099060058594,0.2900000214576721,19.94799995422364,0.2010000050067901
1784642400000,2026-07-21 14:00:00,,,,,,,,,,,,,20.04800033569336,48.0,1020.7000122070312,8.69987964630127,0.0,6.287129878997803,336.37060546875,0.1899999976158142,19.89800071716309,0.2000000029802322
1784643670860,2026-07-21 14:21:10,,,,19.13,19.66,19.44,,,,100.0,-98.0,10.75,,,,,,,,,,
1784643677879,2026-07-21 14:21:17,38.07,30.34,26.5,,,,324.01,302.14,279.58,100.0,-103.0,11.0,,,,,,,,,,
1784646000000,2026-07-21 15:00:00,,,,,,,,,,,,,21.54800033569336,39.0,1020.2999877929688,7.005070209503174,0.0,10.245779991149902,288.4350280761719,0.2000000178813934,19.89800071716309,0.1990000009536743
1784649600000,2026-07-21 16:00:00,,,,,,,,,,,,,21.19799995422364,46.0,1020.2999877929688,9.119279861450195,0.0,8.404284477233887,9.865748405456545,0.1899999976158142,19.99799919128418,0.1979999989271164
1784653200000,2026-07-21 17:00:00,,,,,,,,,,,,,20.54800033569336,50.0,1020.5,9.76523208618164,0.0,10.80599880218506,1.9091109037399288,0.1500000059604644,19.89800071716309,0.1969999969005584
1784656800000,2026-07-21 18:00:00,,,,,,,,,,,,,19.14800071716309,56.0,1020.5999755859376,10.162027359008787,0.0,6.119999885559082,360.0,0.0700000077486038,19.597999572753903,0.1969999969005584
1784658067758,2026-07-21 18:21:07,,,,19.38,19.38,19.29,,,,100.0,-99.0,12.0,,,,,,,,,,
1784658072946,2026-07-21 18:21:12,38.07,30.25,26.33,,,,324.01,302.05,279.44,100.0,-105.0,8.75,,,,,,,,,,
1784660400000,2026-07-21 19:00:00,,,,,,,,,,,,,17.04800033569336,65.0,1020.7999877929688,10.418530464172363,0.0,4.0249223709106445,296.5649719238281,0.0299999993294477,18.94799995422364,0.1959999948740005
1784664000000,2026-07-21 20:00:00,,,,,,,,,,,,,15.597999572753906,73.0,1021.0999755859376,10.775031089782717,0.0,3.096837043762207,324.4622497558594,0.0199999995529651,18.097999572753903,0.1959999948740005
1784667600000,2026-07-21 21:00:00,,,,,,,,,,,,,15.04800033569336,75.0,1021.0999755859376,10.650779724121094,0.0,2.3051247596740723,321.3401794433594,0.0099999997764825,17.347999572753906,0.1949999928474426
1784671200000,2026-07-21 22:00:00,,,,,,,,,,,,,14.54800033569336,75.0,1021.0,10.167654991149902,0.0,2.099142551422119,329.03631591796875,0.0,16.648000717163086,0.1949999928474426
1784672464751,2026-07-21 22:21:04,,,,19.41,19.66,19.13,,,,100.0,-104.0,9.5,,,,,,,,,,
1784672469881,2026-07-21 22:21:09,38.07,30.25,26.29,,,,324.01,302.05,279.41,100.0,-99.0,10.25,,,,,,,,,,
1784674800000,2026-07-21 23:00:00,,,,,,,,,,,,,13.998000144958496,75.0,1021.0,9.63618278503418,0.0,1.0182337760925293,315.0000915527344,0.0,15.847999572753906,0.1940000057220459
1784678400000,2026-07-22 00:00:00,,,,,,,,,,,,,13.447999954223633,80.0,1021.0999755859376,10.066204071044922,0.0,2.189794540405273,279.4622497558594,0.0,15.197999954223633,0.1979999989271164
1784682000000,2026-07-22 01:00:00,,,,,,,,,,,,,12.748000144958496,81.0,1020.9000244140624,9.56943702697754,0.0,1.7999999523162842,323.1300048828125,0.0,14.447999954223633,0.1979999989271164
1784685600000,2026-07-22 02:00:00,,,,,,,,,,,,,11.498000144958496,86.0,1020.5999755859376,9.237051010131836,0.0,0.3599999845027923,180.0,0.0,13.697999954223633,0.1979999989271164
1784686862848,2026-07-22 02:21:02,,,,19.38,18.79,19.1,,,,100.0,-104.0,11.25,,,,,,,,,,
1784686870409,2026-07-22 02:21:10,38.04,30.23,26.26,,,,323.95,302.02,279.38,100.0,-100.0,12.25,,,,,,,,,,
1784689200000,2026-07-22 03:00:00,,,,,,,,,,,,,10.39799976348877,91.0,1020.5999755859376,8.991690635681152,0.0,0.7199999690055847,360.0,0.0,13.04800033569336,0.1979999989271164
1784692800000,2026-07-22 04:00:00,,,,,,,,,,,,,10.697999954223633,88.0,1020.7999877929688,8.791080474853516,0.0,2.099142551422119,300.96368408203125,0.0,12.39799976348877,0.1979999989271164
1784696400000,2026-07-22 05:00:00,,,,,,,,,,,,,12.748000144958496,84.0,1021.0,10.112361907958984,0.0,1.2979984283447266,326.3099060058594,0.0,12.39799976348877,0.1969999969005584
1784700000000,2026-07-22 06:00:00,,,,,,,,,,,,,15.14799976348877,70.0,1020.7000122070312,9.71424388885498,0.0,0.5091168880462646,315.0000915527344,0.0599999986588954,13.347999572753906,0.1969999969005584
1784701258692,2026-07-22 06:20:58,,,,19.13,18.58,19.16,,,,100.0,-101.0,11.25,,,,,,,,,,
1784701263819,2026-07-22 06:21:03,37.9,30.14,26.18,,,,323.77,301.93,279.32,100.0,-105.0,10.0,,,,,,,,,,
1784703600000,2026-07-22 07:00:00,,,,,,,,,,,,,16.04800033569336,68.0,1020.5999755859376,10.142170906066896,0.0,5.399999618530273,306.8699645996094,0.1000000089406967,14.248000144958496,0.1969999969005584
1784707200000,2026-07-22 08:00:00,,,,,,,,,,,,,17.347999572753906,63.0,1020.4000244140624,10.234537124633787,0.0,8.891343116760254,301.7594299316406,0.1500000059604644,15.04800033569336,0.1959999948740005
1784710800000,2026-07-22 09:00:00,,,,,,,,,,,,,18.19799995422364,60.0,1020.0,10.305485725402832,0.0,9.511088371276855,299.4757995605469,0.1800000071525573,15.79800033569336,0.1959999948740005
1784714400000,2026-07-22 10:00:00,,,,,,,,,,,,,18.89800071716309,57.0,1019.4000244140624,10.193554878234863,0.0,9.565437316894531,289.7989501953125,0.25,16.648000717163086,0.1949999928474426
1784715655584,2026-07-22 10:20:55,,,,18.92,19.48,19.01,,,,100.0,-105.0,10.0,,,,,,,,,,
1784715660776,2026-07-22 10:21:00,37.66,29.98,25.98,,,,323.56,301.76,279.15,100.0,-106.0,0.75,,,,,,,,,,
1784718000000,2026-07-22 11:00:00,,,,,,,,,,,,,19.79800033569336,54.0,1018.9000244140624,10.22244644165039,0.0,13.556282043457031,280.71307373046875,0.2199999988079071,17.197999954223633,0.1940000057220459
1784721600000,2026-07-22 12:00:00,,,,,,,,,,,,,19.69799995422364,53.0,1018.2000122070312,9.850214958190918,0.0,11.96695327758789,263.0888671875,0.2199999988079071,17.697999954223633,0.1930000036954879
1784725200000,2026-07-22 13:00:00,,,,,,,,,,,,,19.847999572753903,52.0,1018.0,9.704798698425291,0.0,12.979984283447266,289.44012451171875,0.1599999964237213,17.898000717163086,0.1930000036954879
1784728800000,2026-07-22 14:00:00,,,,,,,,,,,,,19.29800033569336,56.0,1017.5999755859376,10.301918983459473,0.0,12.074766159057615,296.5649719238281,0.1800000071525573,18.14800071716309,0.19200000166893
1784730052523,2026-07-22 14:20:52,,,,18.86,18.46,19.16,,,,100.0,-103.0,11.0,,,,,,,,,,
1784732400000,2026-07-22 15:00:00,,,,,,,,,,,,,19.89800071716309,53.0,1017.5,10.035499572753906,0.0,12.574259757995604,283.24053955078125,0.1700000017881393,18.29800033569336,0.1909999996423721
1784736000000,2026-07-22 16:00:00,,,,,,,,,,,,,18.49799919128418,59.0,1017.7000122070312,10.335477828979492,0.0,16.363178253173828,309.6441345214844,0.1099999994039535,18.29800033569336,0.1909999996423721
1784739600000,2026-07-22 17:00:00,,,,,,,,,,,,,18.19799995422364,62.0,1017.4000244140624,10.797754287719728,0.0,8.55710220336914,284.62091064453125,0.0700000077486038,18.097999572753903,0.1899999976158142
1784743200000,2026-07-22 18:00:00,,,,,,,,,,,,,17.29800033569336,70.0,1016.9000244140624,11.774337768554688,0.2000000029802322,8.89134407043457,291.3706970214844,0.0500000044703483,17.847999572753906,0.1899999976158142
1784746800000,2026-07-22 19:00:00,,,,,,,,,,,,,15.847999572753906,76.0,1016.7999877929688,11.62408447265625,0.0,4.735060214996338,278.7460632324219,0.0399999991059303,17.398000717163086,0.1889999955892563
1784750400000,2026-07-22 20:00:00,,,,,,,,,,,,,15.54800033569336,78.0,1016.7000122070312,11.72677230834961,0.0,4.379589080810547,260.5377502441406,0.0199999995529651,16.79800033569336,0.1889999955892563
1784754000000,2026-07-22 21:00:00,,,,,,,,,,,,,15.39799976348877,79.0,1016.4000244140624,11.774121284484863,0.0,5.039999961853027,270.0,0.0199999995529651,16.447999954223633,0.1889999955892563
1784757600000,2026-07-22 22:00:00,,,,,,,,,,,,,15.197999954223633,81.0,1016.0,11.958640098571776,0.1000000014901161,5.771238803863525,273.5762634277344,0.0299999993294477,16.148000717163086,0.1889999955892563
1784761200000,2026-07-22 23:00:00,,,,,,,,,,,,,14.847999572753906,86.0,1015.9000244140624,12.527416229248049,0.8999999761581421,5.154415607452393,282.0947265625,0.0199999995529651,15.947999954223633,0.1889999955892563
1784764800000,2026-07-23 00:00:00,,,,,,,,,,,,,15.04800033569336,88.0,1015.7999877929688,13.07539176940918,0.0,5.241678714752197,285.9454650878906,0.0399999991059303,16.49799919128418,0.1909999996423721
1784768400000,2026-07-23 01:00:00,,,,,,,,,,,,,14.947999954223633,88.0,1015.7999877929688,12.97691249847412,0.0,7.072877883911133,284.7436218261719,0.0199999995529651,16.148000717163086,0.1909999996423721
1784772000000,2026-07-23 02:00:00,,,,,,,,,,,,,14.79800033569336,90.0,1015.9000244140624,13.173129081726074,0.699999988079071,9.44957160949707,287.7447509765625,0.0299999993294477,15.99799919128418,0.1909999996423721
1784775600000,2026-07-23 03:00:00,,,,,,,,,,,,,14.597999572753906,87.0,1015.7000122070312,12.457951545715332,0.2000000029802322,8.89134407043457,291.3706970214844,0.0399999991059303,15.847999572753906,0.1930000036954879
1784779200000,2026-07-23 04:00:00,,,,,,,,,,,,,14.54800033569336,82.0,1015.9000244140624,11.510296821594238,0.0,11.119280815124512,299.05450439453125,0.0399999991059303,15.697999954223633,0.1949999928474426
1784782800000,2026-07-23 05:00:00,,,,,,,,,,,,,14.14799976348877,78.0,1016.2999877929688,10.367732048034668,0.0,14.578887939453123,290.2249450683594,0.0599999986588954,15.54800033569336,0.1979999989271164
1784786400000,2026-07-23 06:00:00,,,,,,,,,,,,,14.447999954223633,77.0,1016.5999755859376,10.465238571166992,0.0,13.10419750213623,290.924560546875,0.1199999973177909,15.498000144958496,0.2000000029802322
1784787640445,2026-07-23 06:20:40,,,,18.89,19.32,18.79,,,,100.0,-100.0,6.0,,,,,,,,,,
1784787645539,2026-07-23 06:20:45,37.33,29.68,25.53,,,,323.26,301.43,278.78,100.0,-104.0,11.25,,,,,,,,,,
1784790000000,2026-07-23 07:00:00,,,,,,,,,,,,,14.29800033569336,77.0,1016.7000122070312,10.319844245910645,0.0,13.10419750213623,290.924560546875,0.0799999982118606,15.447999954223633,0.202000007033348
1784793600000,2026-07-23 08:00:00,,,,,,,,,,,,,14.29800033569336,78.0,1016.9000244140624,10.513355255126951,0.0,12.41347599029541,286.8584899902344,0.0700000077486038,15.39799976348877,0.2029999941587448
1784797200000,2026-07-23 09:00:00,,,,,,,,,,,,,14.947999954223633,75.0,1016.9000244140624,10.554155349731444,0.0,15.484185218811035,287.5924987792969,0.1400000154972076,15.447999954223633,0.2039999961853027
1784800800000,2026-07-23 10:00:00,,,,,,,,,,,,,15.64799976348877,72.0,1017.0,10.615833282470703,0.0,13.854154586791992,294.5671691894531,0.1599999964237213,15.597999572753906,0.2039999961853027
1784802037328,2026-07-23 10:20:37,,,,18.67,19.23,18.89,,,,100.0,-104.0,4.25,,,,,,,,,,
1784802042525,2026-07-23 10:20:42,37.2,29.62,25.49,,,,323.14,301.37,278.75,100.0,-101.0,11.5,,,,,,,,,,
1784804400000,2026-07-23 11:00:00,,,,,,,,,,,,,17.79800033569336,65.0,1016.7000122070312,11.130732536315918,0.0,15.941944122314451,295.4076843261719,0.1700000017881393,15.79800033569336,0.2049999982118606
1784808000000,2026-07-23 12:00:00,,,,,,,,,,,,,17.99799919128418,60.0,1016.2999877929688,10.11738395690918,0.0,16.923830032348633,308.0888366699219,0.270000010728836,16.398000717163086,0.2039999961853027
1784811600000,2026-07-23 13:00:00,,,,,,,,,,,,,19.24799919128418,60.0,1016.0,11.29287815093994,0.0,11.44097900390625,294.1455383300781,0.1899999976158142,16.697999954223633,0.2039999961853027
1784815200000,2026-07-23 14:00:00,,,,,,,,,,,,,19.44799995422364,54.0,1015.5,9.897466659545898,0.1000000014901161,12.72792148590088,298.7396850585937,0.2599999904632568,17.29800033569336,0.2039999961853027
1784816434280,2026-07-23 14:20:34,,,,18.52,17.61,18.95,,,,100.0,-99.0,10.75,,,,,,,,,,
1784816439467,2026-07-23 14:20:39,37.1,29.54,25.45,,,,323.05,301.28,278.72,100.0,-101.0,12.0,,,,,,,,,,
1784818800000,2026-07-23 15:00:00,,,,,,,,,,,,,15.847999572753906,81.0,1016.2000122070312,12.592414855957031,5.300000190734863,3.096837043762207,324.4622497558594,0.1099999994039535,17.24799919128418,0.210999995470047
1784822400000,2026-07-23 16:00:00,,,,,,,,,,,,,17.148000717163086,79.0,1015.9000244140624,13.475228309631348,0.0,4.0249223709106445,243.4350128173828,0.1199999973177909,17.097999572753906,0.2329999953508377
1784826000000,2026-07-23 17:00:00,,,,,,,,,,,,,17.447999954223633,79.0,1015.7999877929688,13.76681137084961,0.0,2.4149534702301025,116.5649871826172,0.1299999952316284,17.148000717163086,0.2440000027418136
1784829600000,2026-07-23 18:00:00,,,,,,,,,,,,,17.148000717163086,74.0,1016.2999877929688,12.47480010986328,0.2000000029802322,12.661563873291016,14.82652759552002,0.0500000044703483,17.148000717163086,0.25
1784833200000,2026-07-23 19:00:00,,,,,,,,,,,,,14.947999954223633,83.0,1017.2000122070312,12.084959983825684,1.899999976158142,3.5999999046325684,180.0,0.0299999993294477,16.847999572753906,0.2619999945163727
1784836800000,2026-07-23 20:00:00,,,,,,,,,,,,,13.89799976348877,89.0,1017.2000122070312,12.11448574066162,0.0,2.9024126529693604,97.12492370605467,0.0099999997764825,16.398000717163086,0.2720000147819519
1784840400000,2026-07-23 21:00:00,,,,,,,,,,,,,13.347999572753906,91.0,1017.5,11.908854484558104,0.0,2.620839357376098,105.94546508789062,0.0,15.947999954223633,0.2759999930858612
1784844000000,2026-07-23 22:00:00,,,,,,,,,,,,,12.64799976348877,93.0,1017.5,11.545196533203123,0.0,0.0,270.0,0.0,15.597999572753906,0.2759999930858612
1784845228218,2026-07-23 22:20:28,,,,18.3,18.92,18.92,,,,100.0,-104.0,7.25,,,,,,,,,,
1784845233491,2026-07-23 22:20:33,36.96,29.46,25.36,,,,322.93,301.2,278.64,100.0,-102.0,9.25,,,,,,,,,,
1784847600000,2026-07-23 23:00:00,,,,,,,,,,,,,12.29800033569336,93.0,1017.5999755859376,11.198208808898926,0.0,2.3051247596740723,321.3401794433594,0.0,15.097999572753906,0.2759999930858612
1784851200000,2026-07-24 00:00:00,,,,,,,,,,,,,11.697999954223633,94.0,1018.0999755859376,10.764093399047852,0.0,3.826852560043335,318.81414794921875,0.0,14.197999954223633,0.2639999985694885
1784854800000,2026-07-24 01:00:00,,,,,,,,,,,,,10.998000144958496,93.0,1018.4000244140624,9.90935516357422,0.0,3.89399528503418,303.6900939941406,0.0,13.697999954223633,0.2630000114440918
1784858400000,2026-07-24 02:00:00,,,,,,,,,,,,,10.097999572753906,95.0,1019.2000122070312,9.333012580871582,0.0,4.33497428894043,311.6334533691406,0.0,13.04800033569336,0.2630000114440918
1784859625891,2026-07-24 02:20:25,,,,18.15,18.86,18.79,,,,100.0,-103.0,4.75,,,,,,,,,,
1784859632711,2026-07-24 02:20:32,36.86,29.41,25.28,,,,322.84,301.14,278.58,100.0,-103.0,11.25,,,,,,,,,,
1784862000000,2026-07-24 03:00:00,,,,,,,,,,,,,9.748000144958496,95.0,1019.4000244140624,8.985124588012695,0.0,3.826852560043335,311.1858215332031,0.0,12.498000144958496,0.2610000073909759
1784865600000,2026-07-24 04:00:00,,,,,,,,,,,,,10.14799976348877,95.0,1019.5999755859376,9.382710456848145,0.0,3.054701328277588,315.0000915527344,0.0,12.097999572753906,0.2599999904632568
1784869200000,2026-07-24 05:00:00,,,,,,,,,,,,,12.248000144958496,94.0,1019.9000244140624,11.310063362121582,0.0,2.9024126529693604,299.7447814941406,0.0,12.14799976348877,0.2590000033378601
1784872800000,2026-07-24 06:00:00,,,,,,,,,,,,,13.79800033569336,86.0,1020.0,11.496192932128906,0.0,4.510787010192871,298.6103515625,0.1000000089406967,12.748000144958496,0.2569999992847442
1784874022148,2026-07-24 06:20:22,,,,17.97,18.73,18.61,,,,100.0,-102.0,10.75,,,,,,,,,,
1784874029141,2026-07-24 06:20:29,36.72,29.32,25.25,,,,322.71,301.05,278.55,100.0,-104.0,11.0,,,,,,,,,,
1784876400000,2026-07-24 07:00:00,,,,,,,,,,,,,15.097999572753906,80.0,1020.0999755859376,11.672845840454102,0.0,6.7637858390808105,295.2010803222656,0.2100000232458114,13.39799976348877,0.2549999952316284
1784880000000,2026-07-24 08:00:00,,,,,,,,,,,,,16.148000717163086,74.0,1019.7000122070312,11.510332107543944,0.0,7.968938827514648,288.4350280761719,0.3300000131130218,14.04800033569336,0.2529999911785126
1784883600000,2026-07-24 09:00:00,,,,,,,,,,,,,16.99799919128418,69.0,1019.5,11.269497871398926,0.0,8.699792861938477,294.4439392089844,0.3900000154972076,14.697999954223633,0.2509999871253967
1784887200000,2026-07-24 10:00:00,,,,,,,,,,,,,18.64800071716309,61.0,1019.0,10.977428436279297,0.0,8.37338638305664,295.4633178710937,0.449999988079071,15.347999572753906,0.248999997973442
1784888419128,2026-07-24 10:20:19,,,,17.79,18.61,18.43,,,,100.0,-101.0,12.0,,,,,,,,,,
1784888424437,2026-07-24 10:20:24,36.65,29.24,25.15,,,,322.65,300.96,278.47,100.0,-104.0,9.5,,,,,,,,,,
1784890800000,2026-07-24 11:00:00,,,,,,,,,,,,,19.89800071716309,53.0,1018.4000244140624,10.035499572753906,0.0,10.93120288848877,287.2415466308594,0.4799999892711639,16.197999954223633,0.2460000067949295
1784894400000,2026-07-24 12:00:00,,,,,,,,,,,,,21.24799919128418,47.0,1017.9000244140624,9.484564781188965,0.0,9.904906272888184,289.0935974121094,0.449999988079071,17.04800033569336,0.2440000027418136
1784898000000,2026-07-24 13:00:00,,,,,,,,,,,,,22.19799995422364,43.0,1017.2000122070312,9.025468826293944,0.0,8.287821769714355,304.3804016113281,0.449999988079071,17.847999572753906,0.2409999966621399
1784901600000,2026-07-24 14:00:00,,,,,,,,,,,,,22.597999572753903,43.0,1016.5,9.386696815490724,0.0,9.44957160949707,319.6355285644531,0.4200000464916229,18.597999572753903,0.2380000054836273
1784902816056,2026-07-24 14:20:16,,,,17.91,17.67,18.82,,,,100.0,-110.0,-0.25,,,,,,,,,,
1784902821254,2026-07-24 14:20:21,36.72,29.21,25.07,,,,322.71,300.93,278.41,100.0,-112.0,6.25,,,,,,,,,,
1784905200000,2026-07-24 15:00:00,,,,,,,,,,,,,22.74799919128418,43.0,1015.9000244140624,9.522143363952637,0.0,7.172948837280273,287.5256652832031,0.3700000345706939,19.04800033569336,0.2349999994039535
1784908800000,2026-07-24 16:00:00,,,,,,,,,,,,,22.19799995422364,42.0,1015.5,8.676929473876953,0.0,9.931041717529297,313.53125,0.3000000119209289,19.347999572753903,0.2329999953508377
1784912400000,2026-07-24 17:00:00,,,,,,,,,,,,,21.69799995422364,45.0,1015.2000122070312,9.247567176818848,0.0,4.843304634094238,311.98712158203125,0.2100000232458114,19.29800033569336,0.231000006198883
1784916000000,2026-07-24 18:00:00,,,,,,,,,,,,,19.74799919128418,64.0,1015.0,12.744935035705566,0.0,3.075841426849365,339.4438781738281,0.0900000035762786,19.04800033569336,0.2290000021457672
1784917213009,2026-07-24 18:20:13,,,,18.3,17.14,18.37,,,,100.0,-110.0,-1.5,,,,,,,,,,
1784917220016,2026-07-24 18:20:20,36.9,29.24,25.0,,,,322.87,300.96,278.35,100.0,-106.0,8.0,,,,,,,,,,
1784919600000,2026-07-24 19:00:00,,,,,,,,,,,,,17.447999954223633,71.0,1015.0999755859376,12.133471488952637,0.0,2.811689853668213,50.19447326660156,0.0099999997764825,18.24799919128418,0.2280000001192093
1784923200000,2026-07-24 20:00:00,,,,,,,,,,,,,15.697999954223633,71.0,1015.0,10.453919410705566,0.0,2.189794540405273,80.53775024414062,0.0,17.04800033569336,0.2259999960660934
1784926800000,2026-07-24 21:00:00,,,,,,,,,,,,,14.447999954223633,71.0,1015.0,9.253958702087402,0.0,2.5199999809265137,90.0,0.0,15.89799976348877,0.2249999940395355
1784930400000,2026-07-24 22:00:00,,,,,,,,,,,,,12.748000144958496,79.0,1014.9000244140624,9.197547912597656,0.0,3.415259599685669,108.43504333496094,0.0,14.89799976348877,0.2249999940395355
1784931609973,2026-07-24 22:20:09,,,,18.52,18.4,18.24,,,,100.0,-105.0,7.75,,,,,,,,,,
1784931615234,2026-07-24 22:20:15,37.0,29.3,25.0,,,,322.96,301.02,278.35,100.0,-108.0,8.75,,,,,,,,,,
1784934000000,2026-07-24 23:00:00,,,,,,,,,,,,,11.748000144958496,83.0,1014.7999877929688,8.955160140991211,0.0,3.415259599685669,108.43504333496094,0.0,14.04800033569336,0.2240000069141388
1784937600000,2026-07-25 00:00:00,,,,,,,,,,,,,11.79800033569336,91.0,1014.2999877929688,10.376153945922852,0.0,3.396233081817627,122.0053482055664,0.0,14.04800033569336,0.2220000028610229
1784941200000,2026-07-25 01:00:00,,,,,,,,,,,,,11.29800033569336,93.0,1013.7999877929688,10.206788063049316,0.0,4.6938252449035645,94.39862060546876,0.0,13.39799976348877,0.2220000028610229
1784944800000,2026-07-25 02:00:00,,,,,,,,,,,,,10.748000144958496,94.0,1013.2999877929688,9.821032524108888,0.0,4.6938252449035645,94.39862060546876,0.0,12.89799976348877,0.2220000028610229
1784946007481,2026-07-25 02:20:07,,,,18.46,18.61,18.09,,,,100.0,-106.0,1.5,,,,,,,,,,
1784946014604,2026-07-25 02:20:14,36.93,29.32,25.0,,,,322.9,301.05,278.35,100.0,-108.0,-0.75,,,,,,,,,,
1784948400000,2026-07-25 03:00:00,,,,,,,,,,,,,10.64799976348877,90.0,1012.9000244140624,9.074851036071776,0.0,4.104631423950195,105.2551727294922,0.0,12.447999954223633,0.221000000834465
1784952000000,2026-07-25 04:00:00,,,,,,,,,,,,,10.79800033569336,87.0,1012.5999755859376,8.720361709594727,0.0,4.0249223709106445,116.5649871826172,0.0,11.998000144958496,0.221000000834465
1784955600000,2026-07-25 05:00:00,,,,,,,,,,,,,12.447999954223633,84.0,1012.5,9.818509101867676,0.0,3.877318382263184,111.80147552490234,0.0099999997764825,12.04800033569336,0.221000000834465
1784959200000,2026-07-25 06:00:00,,,,,,,,,,,,,15.347999572753906,76.0,1012.2000122070312,11.140250205993652,0.0,4.0249223709106445,100.3047866821289,0.0900000035762786,12.947999954223633,0.2199999988079071
1784962800000,2026-07-25 07:00:00,,,,,,,,,,,,,18.44799995422364,67.0,1011.5999755859376,12.20798683166504,0.0,6.287129878997803,103.24053192138672,0.2100000232458114,14.197999954223633,0.2189999967813491
1784966400000,2026-07-25 08:00:00,,,,,,,,,,,,,20.99799919128418,62.0,1011.2999877929688,13.440563201904297,0.0,6.877789974212647,96.00891876220705,0.3400000035762787,15.54800033569336,0.2179999947547912
1784970000000,2026-07-25 09:00:00,,,,,,,,,,,,,23.74799919128418,54.0,1010.5999755859376,13.88787078857422,0.0,7.2805495262146,98.53068542480467,0.4200000464916229,16.99799919128418,0.2169999927282333
1784973600000,2026-07-25 10:00:00,,,,,,,,,,,,,25.597999572753903,46.0,1009.7000122070312,13.123165130615234,0.0,3.7064266204833984,60.94549179077149,0.4900000393390655,18.49799919128418,0.2150000035762787
1784974800861,2026-07-25 10:20:00,,,,18.0,18.7,18.61,,,,100.0,-111.0,-4.25,,,,,,,,,,
1784974806113,2026-07-25 10:20:06,36.59,29.18,24.9,,,,322.59,300.9,278.27,100.0,-106.0,8.75,,,,,,,,,,
1784977200000,2026-07-25 11:00:00,,,,,,,,,,,,,26.49799919128418,39.0,1008.9000244140624,11.421332359313965,0.0,1.0800000429153442,270.0,0.5199999809265137,19.79800033569336,0.2140000015497207
1784980800000,2026-07-25 12:00:00,,,,,,,,,,,,,27.94799995422364,33.0,1008.0999755859376,10.187565803527832,0.0,7.928177833557129,272.6025085449219,0.5299999713897705,20.89800071716309,0.2119999974966049
1784984400000,2026-07-25 13:00:00,,,,,,,,,,,,,28.14800071716309,36.0,1007.5,11.673291206359863,0.0,3.545588731765747,293.9624938964844,0.5,21.74799919128418,0.209999993443489
1784988000000,2026-07-25 14:00:00,,,,,,,,,,,,,28.79800033569336,33.0,1006.7999877929688,10.929651260375977,0.0,6.849466800689697,266.9872741699219,0.4399999976158142,22.347999572753903,0.2080000042915344
1784989197809,2026-07-25 14:19:57,,,,18.24,18.55,18.37,,,,100.0,-106.0,6.25,,,,,,,,,,
1784989204812,2026-07-25 14:20:04,36.75,29.18,24.87,,,,322.74,300.9,278.24,100.0,-110.0,6.5,,,,,,,,,,
1784991600000,2026-07-25 15:00:00,,,,,,,,,,,,,28.597999572753903,31.0,1006.2999877929688,9.81842041015625,0.0,10.086426734924316,267.95465087890625,0.4200000464916229,22.74799919128418,0.2060000002384185
1784995200000,2026-07-25 16:00:00,,,,,,,,,,,,,28.04800033569336,32.0,1005.7000122070312,9.8147611618042,0.0,8.31124496459961,287.65020751953125,0.3400000035762787,22.79800033569336,0.2049999982118606
1784998800000,2026-07-25 17:00:00,,,,,,,,,,,,,27.097999572753903,42.0,1005.4000244140624,13.08593463897705,0.0,4.553679466247559,288.4350280761719,0.2199999988079071,22.69799995422364,0.2039999961853027
1785002400000,2026-07-25 18:00:00,,,,,,,,,,,,,25.79800033569336,52.0,1005.2000122070312,15.199712753295898,0.0,1.2979984283447266,236.3099060058593,0.0799999982118606,22.29800033569336,0.202000007033348
1785003594749,2026-07-25 18:19:54,,,,18.98,18.73,18.3,,,,100.0,-107.0,8.75,,,,,,,,,,
1785003600029,2026-07-25 18:20:00,37.13,29.3,24.87,,,,323.08,301.02,278.24,100.0,-109.0,-1.25,,,,,,,,,,
1785006000000,2026-07-25 19:00:00,,,,,,,,,,,,,23.19799995422364,56.0,1005.2999877929688,13.93717098236084,0.0,5.154415607452393,102.09474182128906,0.0099999997764825,21.39800071716309,0.202000007033348
1785009600000,2026-07-25 20:00:00,,,,,,,,,,,,,19.74799919128418,64.0,1005.4000244140624,12.744935035705566,0.0,4.896529197692871,72.89718627929688,0.0099999997764825,20.14800071716309,0.2010000050067901
1785013200000,2026-07-25 21:00:00,,,,,,,,,,,,,18.29800033569336,69.0,1005.5,12.512717247009276,0.0,4.680000305175781,112.61991119384766,0.0099999997764825,18.94799995422364,0.2000000029802322
1785016800000,2026-07-25 22:00:00,,,,,,,,,,,,,17.197999954223633,72.0,1005.5,12.10594367980957,0.0,4.0249223709106445,100.3047866821289,0.0099999997764825,17.99799919128418,0.1990000009536743
1785017991719,2026-07-25 22:19:51,,,,19.35,17.76,18.24,,,,100.0,-109.0,6.0,,,,,,,,,,
1785017996969,2026-07-25 22:19:56,37.3,29.41,24.9,,,,323.23,301.14,278.27,100.0,-105.0,3.0,,,,,,,,,,
1785020400000,2026-07-25 23:00:00,,,,,,,,,,,,,15.947999954223633,77.0,1005.7000122070312,11.919065475463867,0.0,1.7999999523162842,270.0,0.0,17.148000717163086,0.1990000009536743
1785024000000,2026-07-26 00:00:00,,,,,,,,,,,,,14.097999572753906,82.0,1004.9000244140624,11.070837020874023,0.0,1.6099690198898315,296.5649719238281,0.0,16.947999954223633,0.1990000009536743
1785027600000,2026-07-26 01:00:00,,,,,,,,,,,,,13.097999572753906,87.0,1005.2000122070312,10.982698440551758,0.0,2.4149534702301025,116.5649871826172,0.0,16.148000717163086,0.1990000009536743
1785031200000,2026-07-26 02:00:00,,,,,,,,,,,,,12.29800033569336,89.0,1005.5999755859376,10.536554336547852,0.0,2.1600000858306885,90.0,0.0,15.39799976348877,0.1979999989271164
1785032391602,2026-07-26 02:19:51,,,,19.35,18.33,18.52,,,,100.0,-108.0,0.25,,,,,,,,,,
1785032396087,2026-07-26 02:19:56,37.26,29.49,24.94,,,,323.2,301.23,278.3,100.0,-105.0,9.0,,,,,,,,,,
1785034800000,2026-07-26 03:00:00,,,,,,,,,,,,,11.79800033569336,94.0,1005.7999877929688,10.863359451293944,0.0,4.33497428894043,94.76355743408205,0.0,14.748000144958496,0.1979999989271164
1785038400000,2026-07-26 04:00:00,,,,,,,,,,,,,12.447999954223633,90.0,1005.9000244140624,10.852519035339355,0.0,2.1600000858306885,90.0,0.0,14.29800033569336,0.1979999989271164
1785042000000,2026-07-26 05:00:00,,,,,,,,,,,,,14.748000144958496,85.0,1005.7999877929688,12.251131057739258,0.0,1.4399999380111694,90.0,0.0,14.29800033569336,0.1979999989271164
1785045600000,2026-07-26 06:00:00,,,,,,,,,,,,,17.29800033569336,79.0,1005.7000122070312,13.621021270751951,0.0,1.0182337760925293,135.00010681152344,0.0799999982118606,15.04800033569336,0.1969999969005584
1785046785615,2026-07-26 06:19:45,,,,19.13,19.2,18.37,,,,100.0,-105.0,9.0,,,,,,,,,,
1785046790865,2026-07-26 06:19:50,37.1,29.49,24.96,,,,323.05,301.23,278.32,100.0,-110.0,7.0,,,,,,,,,,
1785049200000,2026-07-26 07:00:00,,,,,,,,,,,,,20.19799995422364,67.0,1005.7000122070312,13.87519645690918,0.0,1.4399999380111694,90.0,0.1899999976158142,16.04800033569336,0.1969999969005584
1785052800000,2026-07-26 08:00:00,,,,,,,,,,,,,23.19799995422364,57.0,1005.4000244140624,14.21032428741455,0.0,1.7999999523162842,126.86998748779295,0.3199999928474426,17.197999954223633,0.1959999948740005
1785056400000,2026-07-26 09:00:00,,,,,,,,,,,,,25.54800033569336,51.0,1005.0999755859376,14.667617797851562,0.0,0.5091168880462646,44.99989700317383,0.4200000464916229,18.54800033569336,0.1949999928474426
1785060000000,2026-07-26 10:00:00,,,,,,,,,,,,,27.24799919128418,44.0,1004.5999755859376,13.935941696166992,0.0,1.0182337760925293,44.99989700317383,0.449999988079071,19.847999572753903,0.1940000057220459
1785061182575,2026-07-26 10:19:42,,,,18.95,19.16,18.52,,,,100.0,-106.0,9.75,,,,,,,,,,
1785061187762,2026-07-26 10:19:47,36.96,29.41,24.9,,,,322.93,301.14,278.27,100.0,-111.0,-2.0,,,,,,,,,,
1785063600000,2026-07-26 11:00:00,,,,,,,,,,,,,28.19799995422364,43.0,1004.0999755859376,14.438228607177734,0.0,4.104631423950195,344.74481201171875,0.449999988079071,21.04800033569336,0.1930000036954879
1785067200000,2026-07-26 12:00:00,,,,,,,,,,,,,29.74799919128418,33.0,1003.2999877929688,11.758670806884766,0.0,11.304228782653809,260.8377380371094,0.4200000464916229,22.04800033569336,0.1909999996423721
1785070800000,2026-07-26 13:00:00,,,,,,,,,,,,,29.49799919128418,33.0,1003.2000122070312,11.540545463562012,0.0,9.957108497619627,282.52880859375,0.3900000154972076,22.74799919128418,0.1899999976158142
1785074400000,2026-07-26 14:00:00,,,,,,,,,,,,,30.19799995422364,32.0,1002.7000122070312,11.684271812438965,0.0,7.862518310546875,254.0545349121093,0.3500000238418579,23.19799995422364,0.1889999955892563
1785075579519,2026-07-26 14:19:39,,,,19.1,19.1,18.64,,,,100.0,-105.0,1.5,,,,,,,,,,
1785075586629,2026-07-26 14:19:46,37.06,29.41,24.87,,,,323.02,301.14,278.24,100.0,-106.0,7.25,,,,,,,,,,
1785078000000,2026-07-26 15:00:00,,,,,,,,,,,,,29.54800033569336,29.0,1002.5999755859376,9.643414497375488,0.0,17.388408660888672,242.904525756836,0.3400000035762787,23.54800033569336,0.1879999935626983
1785081600000,2026-07-26 16:00:00,,,,,,,,,,,,,29.24799919128418,31.0,1002.2000122070312,10.38156032562256,0.0,12.475960731506348,226.16905212402344,0.2599999904632568,23.69799995422364,0.1870000064373016
1785085200000,2026-07-26 17:00:00,,,,,,,,,,,,,28.54800033569336,33.0,1002.0999755859376,10.711423873901367,0.0,9.44957160949707,229.6355438232422,0.1599999964237213,23.69799995422364,0.1860000044107437
1785088800000,2026-07-26 18:00:00,,,,,,,,,,,,,27.19799995422364,35.0,1002.4000244140624,10.41186237335205,0.0,7.421589851379394,247.1663055419922,0.0900000035762786,23.44799995422364,0.1860000044107437
1785092400000,2026-07-26 19:00:00,,,,,,,,,,,,,22.74799919128418,47.0,1004.0999755859376,10.85366153717041,0.0,9.178235054016112,334.4400634765625,0.1000000089406967,22.89800071716309,0.1850000023841858
1785096000000,2026-07-26 20:00:00,,,,,,,,,,,,,20.54800033569336,67.0,1004.5,14.208574295043944,0.0,1.7999999523162842,90.0,0.0299999993294477,21.94799995422364,0.1840000003576278
1785099600000,2026-07-26 21:00:00,,,,,,,,,,,,,19.64800071716309,69.0,1004.7000122070312,13.80346393585205,0.0,2.968636035919189,75.96372985839844,0.0,20.94799995422364,0.1840000003576278
1785103200000,2026-07-26 22:00:00,,,,,,,,,,,,,18.99799919128418,72.0,1004.9000244140624,13.835955619812012,0.0,1.6099690198898315,296.5649719238281,0.0,20.19799995422364,0.1829999983310699
1785106800000,2026-07-26 23:00:00,,,,,,,,,,,,,19.29800033569336,71.0,1005.0999755859376,13.908498764038086,0.0,4.553679466247559,288.4350280761719,0.0199999995529651,19.64800071716309,0.1829999983310699
1785110400000,2026-07-27 00:00:00,,,,,,,,,,,,,18.74799919128418,80.0,1004.5,15.225958824157717,0.0,1.4399999380111694,360.0,0.0099999997764825,19.29800033569336,0.181999996304512
1785114000000,2026-07-27 01:00:00,,,,,,,,,,,,,20.19799995422364,66.0,1005.0,13.643688201904297,0.0,17.294992446899414,272.3858947753906,0.0299999993294477,19.19799995422364,0.181999996304512
1785117600000,2026-07-27 02:00:00,,,,,,,,,,,,,19.597999572753903,70.0,1006.0999755859376,13.9773588180542,0.0,16.039201736450195,279.0393981933594,0.0399999991059303,19.29800033569336,0.1809999942779541
1785121200000,2026-07-27 03:00:00,,,,,,,,,,,,,18.847999572753903,73.0,1006.5,13.904218673706056,0.0,11.96695327758789,276.9111328125,0.0299999993294477,19.14800071716309,0.1809999942779541
1785124800000,2026-07-27 04:00:00,,,,,,,,,,,,,18.69799995422364,75.0,1007.2999877929688,14.176612854003906,0.0,12.72792148590088,278.1300048828125,0.0299999993294477,18.94799995422364,0.1809999942779541
1785128400000,2026-07-27 05:00:00,,,,,,,,,,,,,18.54800033569336,73.0,1007.5999755859376,13.615435600280762,0.1000000014901161,12.287554740905762,275.0423583984375,0.0399999991059303,18.79800033569336,0.1809999942779541
1785132000000,2026-07-27 06:00:00,,,,,,,,,,,,,18.69799995422364,73.0,1008.0999755859376,13.759828567504885,0.1000000014901161,12.979984283447266,273.1797790527344,0.0599999986588954,18.69799995422364,0.1800000071525573
1785135600000,2026-07-27 07:00:00,,,,,,,,,,,,,18.99799919128418,70.0,1008.5999755859376,13.402737617492676,0.0,16.946786880493164,282.2647705078125,0.1299999952316284,18.79800033569336,0.1800000071525573
1785139200000,2026-07-27 08:00:00,,,,,,,,,,,,,17.148000717163086,76.0,1010.0999755859376,12.881909370422363,2.700000047683716,16.119800567626953,293.70263671875,0.1099999994039535,18.54800033569336,0.1800000071525573
1785142800000,2026-07-27 09:00:00,,,,,,,,,,,,,17.898000717163086,73.0,1011.2999877929688,12.989689826965332,0.2000000029802322,16.299694061279297,300.5296325683594,0.1700000017881393,18.29800033569336,0.1840000003576278
1785146400000,2026-07-27 10:00:00,,,,,,,,,,,,,19.54800033569336,64.0,1012.0,12.555452346801758,0.0,17.208602905273438,285.78082275390625,0.3100000023841858,18.49799919128418,0.1889999955892563
1785150000000,2026-07-27 11:00:00,,,,,,,,,,,,,21.29800033569336,57.0,1012.5,12.436015129089355,0.0,17.709657669067383,296.5649719238281,0.4399999976158142,19.347999572753903,0.19200000166893
1785153600000,2026-07-27 12:00:00,,,,,,,,,,,,,21.99799919128418,52.0,1013.0,11.69145965576172,0.0,16.26785659790039,294.8636779785156,0.3700000345706939,20.14800071716309,0.1949999928474426
1785157200000,2026-07-27 13:00:00,,,,,,,,,,,,,22.14800071716309,50.0,1013.2000122070312,11.236639976501465,0.0,13.049689292907717,294.4439392089844,0.3199999928474426,20.94799995422364,0.1959999948740005
1785160800000,2026-07-27 14:00:00,,,,,,,,,,,,,21.54800033569336,54.0,1013.5999755859376,11.8468656539917,0.3000000119209289,9.028754234313965,293.4985656738281,0.2100000232458114,20.847999572753903,0.1969999969005584
1785164400000,2026-07-27 15:00:00,,,,,,,,,,,,,21.49799919128418,47.0,1014.0999755859376,9.712794303894045,0.0,12.76858615875244,310.4259948730469,0.3100000023841858,20.69799995422364,0.1969999969005584
1785168000000,2026-07-27 16:00:00,,,,,,,,,,,,,20.79800033569336,50.0,1014.7000122070312,9.99518871307373,0.0,14.689587593078612,306.0274658203125,0.1599999964237213,20.29800033569336,0.1979999989271164
1785171600000,2026-07-27 17:00:00,,,,,,,,,,,,,20.74799919128418,54.0,1015.0999755859376,11.104369163513184,0.0,7.903619289398193,300.0684814453125,0.1000000089406967,19.89800071716309,0.1979999989271164
1785175200000,2026-07-27 18:00:00,,,,,,,,,,,,,20.29800033569336,55.0,1015.2999877929688,10.962711334228516,0.0,5.241678714752197,285.9454650878906,0.0700000077486038,19.64800071716309,0.1990000009536743
1785178800000,2026-07-27 19:00:00,,,,,,,,,,,,,19.04800033569336,62.0,1016.0,11.600207328796388,0.0,4.802999019622803,282.99462890625,0.0399999991059303,19.097999572753903,0.1990000009536743
1785182400000,2026-07-27 20:00:00,,,,,,,,,,,,,18.24799919128418,68.0,1016.7000122070312,12.242609024047852,0.1000000014901161,5.315336227416992,298.3006591796875,0.0299999993294477,18.597999572753903,0.1990000009536743
1785186000000,2026-07-27 21:00:00,,,,,,,,,,,,,17.197999954223633,74.0,1017.5999755859376,12.52301788330078,1.399999976158142,5.771238803863525,273.5762634277344,0.0399999991059303,18.19799995422364,0.1990000009536743
1785189600000,2026-07-27 22:00:00,,,,,,,,,,,,,16.447999954223633,83.0,1018.2999877929688,13.55175495147705,0.0,3.3190360069274902,282.52880859375,0.0199999995529651,17.74799919128418,0.2000000029802322
1785193200000,2026-07-27 23:00:00,,,,,,,,,,,,,15.847999572753906,85.0,1018.7000122070312,13.329880714416504,0.0,3.563817977905273,315.0000915527344,0.0099999997764825,17.24799919128418,0.202000007033348
1785196800000,2026-07-28 00:00:00,,,,,,,,,,,,,16.447999954223633,88.0,1019.2999877929688,14.454012870788574,0.0,4.320000171661377,270.0,0.0099999997764825,17.99799919128418,0.1809999942779541
1785200400000,2026-07-28 01:00:00,,,,,,,,,,,,,16.148000717163086,90.0,1020.2000122070312,14.506122589111328,0.0,4.802999019622803,282.99462890625,0.0099999997764825,17.74799919128418,0.1809999942779541
1785204000000,2026-07-28 02:00:00,,,,,,,,,,,,,15.498000144958496,92.0,1021.0,14.203410148620604,0.0,4.394360065460205,304.9920959472656,0.0099999997764825,17.398000717163086,0.1809999942779541
1785207600000,2026-07-28 03:00:00,,,,,,,,,,,,,14.64799976348877,91.0,1021.4000244140624,13.194265365600586,0.0,3.877318382263184,291.8014831542969,0.0099999997764825,17.04800033569336,0.1809999942779541
1785211200000,2026-07-28 04:00:00,,,,,,,,,,,,,13.697999954223633,92.0,1022.0,12.4213285446167,0.0,2.3051247596740723,321.3401794433594,0.0,16.398000717163086,0.1809999942779541
1785214800000,2026-07-28 05:00:00,,,,,,,,,,,,,14.998000144958496,90.0,1022.0999755859376,13.370613098144531,0.0,2.189794540405273,279.4622497558594,0.0,15.99799919128418,0.1809999942779541
1785218400000,2026-07-28 06:00:00,,,,,,,,,,,,,16.898000717163086,78.0,1022.2000122070312,13.037068367004396,0.0,4.33497428894043,265.2364501953125,0.0900000035762786,16.49799919128418,0.1809999942779541
1785222000000,2026-07-28 07:00:00,,,,,,,,,,,,,18.24799919128418,73.0,1022.2000122070312,13.326631546020508,0.0,5.692099571228027,288.4350280761719,0.2000000178813934,17.24799919128418,0.1800000071525573
1785225600000,2026-07-28 08:00:00,,,,,,,,,,,,,19.24799919128418,69.0,1022.4000244140624,13.421046257019045,0.0,7.729526996612549,297.7584228515625,0.2599999904632568,18.097999572753903,0.1800000071525573
1785229200000,2026-07-28 09:00:00,,,,,,,,,,,,,20.49799919128418,54.0,1022.5,10.872304916381836,0.0,9.793058395385742,287.1028137207031,0.3100000023841858,18.79800033569336,0.1790000051259994
1785232800000,2026-07-28 10:00:00,,,,,,,,,,,,,22.14800071716309,50.0,1022.5999755859376,11.236639976501465,0.0,12.144330978393556,281.9761047363281,0.3300000131130218,19.44799995422364,0.1780000030994415
1785235192847,2026-07-28 10:39:52,,,,,,,,,,100.0,-104.0,10.75,,,,,,,,,,
1785235207854,2026-07-28 10:40:07,,,,19.32,19.07,19.1,,,,100.0,-100.0,6.5,,,,,,,,,,
1785235214182,2026-07-28 10:40:14,36.8,29.44,24.76,,,,322.78,301.17,278.15,100.0,-94.0,13.5,,,,,,,,,,
1785236400000,2026-07-28 11:00:00,,,,,,,,,,,,,22.597999572753903,47.0,1022.5,10.716782569885254,0.0,13.79791259765625,285.1240539550781,0.3300000131130218,20.14800071716309,0.1780000030994415
1785240000000,2026-07-28 12:00:00,,,,,,,,,,,,,23.54800033569336,44.0,1022.2000122070312,10.58917236328125,0.0,14.843179702758787,292.83367919921875,0.3400000035762787,20.89800071716309,0.1770000010728836
1785243600000,2026-07-28 13:00:00,,,,,,,,,,,,,24.89800071716309,39.0,1021.7000122070312,9.99484920501709,0.0,11.966954231262209,285.7087097167969,0.3199999928474426,21.49799919128418,0.1759999990463256
1785247200000,2026-07-28 14:00:00,,,,,,,,,,,,,25.44799995422364,37.0,1021.5,9.697842597961426,0.0,10.787993431091309,295.7098999023437,0.3300000131130218,22.097999572753903,0.1749999970197677
1785250800000,2026-07-28 15:00:00,,,,,,,,,,,,,25.19799995422364,38.0,1021.2999877929688,9.873905181884766,0.0,11.165804862976074,290.7723388671875,0.3000000119209289,22.49799919128418,0.1739999949932098
1785254400000,2026-07-28 16:00:00,,,,,,,,,,,,,24.847999572753903,42.0,1021.2999877929688,11.062419891357422,0.0,11.019763946533203,308.3675231933594,0.2399999946355819,22.597999572753903,0.1739999949932098
1785258000000,2026-07-28 17:00:00,,,,,,,,,,,,,23.94799995422364,44.0,1021.5,10.951200485229492,0.0,8.496304512023926,306.38446044921875,0.1599999964237213,22.39800071716309,0.1729999929666519
1785261600000,2026-07-28 18:00:00,,,,,,,,,,,,,22.847999572753903,49.0,1021.9000244140624,11.574029922485352,0.0,7.903619289398193,329.9314880371094,0.0799999982118606,21.94799995422364,0.1729999929666519
1785263987815,2026-07-28 18:39:47,,,,19.76,19.32,19.1,,,,100.0,-103.0,11.0,,,,,,,,,,
1785263992996,2026-07-28 18:39:52,36.96,29.41,24.66,,,,322.93,301.14,278.07,100.0,-108.0,-2.25,,,,,,,,,,
1785265200000,2026-07-28 19:00:00,,,,,,,,,,,,,19.44799995422364,59.0,1022.4000244140624,11.227005004882812,0.0,4.802999019622803,12.994629859924316,0.0399999991059303,21.097999572753903,0.1720000058412552
1785268800000,2026-07-28 20:00:00,,,,,,,,,,,,,17.49799919128418,66.0,1022.7000122070312,11.075811386108398,0.0,3.096837043762207,35.53776550292969,0.0099999997764825,19.847999572753903,0.1720000058412552
1785272400000,2026-07-28 21:00:00,,,,,,,,,,,,,15.097999572753906,77.0,1023.0,11.095263481140137,0.0,3.219938039779663,63.43501281738281,0.0,18.54800033569336,0.1720000058412552
1785276000000,2026-07-28 22:00:00,,,,,,,,,,,,,14.248000144958496,80.0,1023.2999877929688,10.845215797424316,0.0,2.595996856689453,56.30991363525391,0.0,17.49799919128418,0.1710000038146972
1785278384758,2026-07-28 22:39:44,,,,19.92,19.73,18.73,,,,100.0,-105.0,4.75,,,,,,,,,,
1785278389943,2026-07-28 22:39:49,37.0,29.46,24.66,,,,322.96,301.2,278.07,100.0,-100.0,8.0,,,,,,,,,,
1785279600000,2026-07-28 23:00:00,,,,,,,,,,,,,14.197999954223633,81.0,1023.5,10.983524322509766,0.0,3.976329803466797,84.8056640625,0.0,16.597999572753906,0.1710000038146972
1785283200000,2026-07-29 00:00:00,,,,,,,,,,,,,14.39799976348877,80.0,1023.5,10.991273880004885,0.0,2.27683973312378,108.43504333496094,0.0,16.197999954223633,0.1780000030994415
1785286800000,2026-07-29 01:00:00,,,,,,,,,,,,,12.89799976348877,86.0,1023.4000244140624,10.612223625183104,0.0,4.6938252449035645,94.39862060546876,0.0,15.597999572753906,0.1780000030994415
1785290400000,2026-07-29 02:00:00,,,,,,,,,,,,,12.447999954223633,89.0,1023.2999877929688,10.684489250183104,0.0,4.379589080810547,99.46224975585938,0.0,15.14799976348877,0.1780000030994415
1785292782256,2026-07-29 02:39:42,,,,19.76,18.92,19.13,,,,100.0,-107.0,9.5,,,,,,,,,,
1785292789198,2026-07-29 02:39:49,36.9,29.46,24.66,,,,322.87,301.2,278.07,100.0,-102.0,10.5,,,,,,,,,,
1785294000000,2026-07-29 03:00:00,,,,,,,,,,,,,12.498000144958496,89.0,1022.9000244140624,10.73380184173584,0.0,4.0249223709106445,100.3047866821289,0.0,14.89799976348877,0.1780000030994415
1785297600000,2026-07-29 04:00:00,,,,,,,,,,,,,12.347999572753906,89.0,1022.5999755859376,10.585865020751951,0.0,4.452953815460205,104.03627014160156,0.0,14.64799976348877,0.1780000030994415
1785301200000,2026-07-29 05:00:00,,,,,,,,,,,,,14.097999572753906,83.0,1022.7000122070312,11.253690719604492,0.0,4.104631423950195,105.2551727294922,0.0099999997764825,14.748000144958496,0.1780000030994415
1785304800000,2026-07-29 06:00:00,,,,,,,,,,,,,16.648000717163086,74.0,1022.4000244140624,11.992582321166992,0.0,4.104631423950195,105.2551727294922,0.0700000077486038,15.498000144958496,0.1780000030994415
1785307178642,2026-07-29 06:39:38,,,,19.54,19.48,18.98,,,,100.0,-101.0,6.5,,,,,,,,,,
1785307185725,2026-07-29 06:39:45,36.72,29.41,24.62,,,,322.71,301.14,278.04,100.0,-105.0,9.75,,,,,,,,,,
1785308400000,2026-07-29 07:00:00,,,,,,,,,,,,,19.94799995422364,64.0,1021.9000244140624,12.93441390991211,0.0,5.937272071838379,104.03627014160156,0.1500000059604644,16.648000717163086,0.1770000010728836
1785312000000,2026-07-29 08:00:00,,,,,,,,,,,,,22.54800033569336,57.0,1021.4000244140624,13.603422164916992,0.0,8.647496223449707,92.38589477539062,0.2599999904632568,18.04800033569336,0.1770000010728836
1785315600000,2026-07-29 09:00:00,,,,,,,,,,,,,25.49799919128418,45.0,1021.0999755859376,12.696223258972168,0.0,9.178235054016112,115.55992126464844,0.3400000035762787,19.54800033569336,0.1759999990463256
1785319200000,2026-07-29 10:00:00,,,,,,,,,,,,,27.54800033569336,40.0,1020.5999755859376,12.743061065673828,0.0,9.885261535644531,123.1113510131836,0.4000000357627868,21.097999572753903,0.1749999970197677
1785321575623,2026-07-29 10:39:35,,,,19.32,19.41,19.2,,,,100.0,-104.0,10.75,,,,,,,,,,
1785321580811,2026-07-29 10:39:40,36.55,29.3,24.47,,,,322.56,301.02,277.92,100.0,-105.0,3.0,,,,,,,,,,
1785322800000,2026-07-29 11:00:00,,,,,,,,,,,,,29.19799995422364,35.0,1020.0,12.170307159423828,0.0,10.4399995803833,133.60289001464844,0.4000000357627868,22.597999572753903,0.1739999949932098
1785326400000,2026-07-29 12:00:00,,,,,,,,,,,,,30.44799995422364,30.0,1019.4000244140624,10.926027297973633,0.0,10.383987426757812,146.30990600585938,0.4000000357627868,23.89800071716309,0.1729999929666519
1785330000000,2026-07-29 13:00:00,,,,,,,,,,,,,31.19799995422364,29.0,1018.9000244140624,11.06061553955078,0.0,9.339207649230955,152.44728088378906,0.3799999952316284,24.94799995422364,0.1720000058412552
1785333600000,2026-07-29 14:00:00,,,,,,,,,,,,,31.64800071716309,29.0,1018.4000244140624,11.44691276550293,0.0,9.028754234313965,156.5014190673828,0.3500000238418579,25.69799995422364,0.1710000038146972
1785335972643,2026-07-29 14:39:32,,,,19.6,19.57,19.16,,,,100.0,-107.0,7.75,,,,,,,,,,
1785335977751,2026-07-29 14:39:37,36.8,29.35,24.51,,,,322.78,301.08,277.95,100.0,-111.0,4.75,,,,,,,,,,
1785337200000,2026-07-29 15:00:00,,,,,,,,,,,,,31.64800071716309,29.0,1017.7999877929688,11.44691276550293,0.0,9.028754234313965,156.5014190673828,0.3100000023841858,26.14800071716309,0.1700000017881393
1785340800000,2026-07-29 16:00:00,,,,,,,,,,,,,31.39800071716309,30.0,1017.4000244140624,11.745040893554688,0.0,8.89134407043457,158.6293182373047,0.25,26.19799995422364,0.1700000017881393
1785344400000,2026-07-29 17:00:00,,,,,,,,,,,,,30.847999572753903,31.0,1017.2000122070312,11.76695442199707,0.0,7.244860172271728,153.4350128173828,0.1700000017881393,25.99799919128418,0.1689999997615814
1785348000000,2026-07-29 18:00:00,,,,,,,,,,,,,29.04800033569336,38.0,1017.4000244140624,13.293776512145996,0.0,6.0346999168396,107.35411071777344,0.0900000035762786,25.44799995422364,0.1689999997615814
1785350369521,2026-07-29 18:39:29,,,,20.36,19.79,19.1,,,,100.0,-109.0,0.25,,,,,,,,,,
1785350376540,2026-07-29 18:39:36,37.16,29.46,24.51,,,,323.11,301.2,277.95,100.0,-104.0,10.5,,,,,,,,,,
1785351600000,2026-07-29 19:00:00,,,,,,,,,,,,,24.99799919128418,48.0,1017.5999755859376,13.22838020324707,0.0,5.447788238525391,82.40545654296875,0.0500000044703483,24.29800033569336,0.1679999977350235
1785355200000,2026-07-29 20:00:00,,,,,,,,,,,,,22.04800033569336,59.0,1017.7999877929688,13.665938377380373,0.0,5.447788238525391,82.40545654296875,0.0299999993294477,22.94799995422364,0.1679999977350235
1785358800000,2026-07-29 21:00:00,,,,,,,,,,,,,20.49799919128418,64.0,1017.7999877929688,13.455439567565918,0.0,5.447788238525391,82.40545654296875,0.0299999993294477,21.79800033569336,0.1669999957084655
1785362400000,2026-07-29 22:00:00,,,,,,,,,,,,,19.99799919128418,67.0,1017.7000122070312,13.684683799743652,0.0,5.411986351013184,86.18600463867188,0.0199999995529651,20.94799995422364,0.1669999957084655
1785364766470,2026-07-29 22:39:26,,,,20.65,19.54,19.23,,,,100.0,-102.0,10.5,,,,,,,,,,
1785364771752,2026-07-29 22:39:31,37.26,29.57,24.51,,,,323.2,301.31,277.95,100.0,-106.0,8.75,,,,,,,,,,
1785366000000,2026-07-29 23:00:00,,,,,,,,,,,,,19.79800033569336,68.0,1017.5,13.721980094909668,0.0,5.411986351013184,86.18600463867188,0.0199999995529651,20.29800033569336,0.1669999957084655
1785369600000,2026-07-30 00:00:00,,,,,,,,,,,,,18.54800033569336,70.0,1017.0,12.971736907958984,0.0,4.6938252449035645,94.39862060546876,0.0199999995529651,19.69799995422364,0.1710000038146972
1785373200000,2026-07-30 01:00:00,,,,,,,,,,,,,18.44799995422364,69.0,1016.7999877929688,12.656145095825195,0.0,5.091168403625488,98.13002014160156,0.0099999997764825,19.097999572753903,0.1710000038146972
1785376800000,2026-07-30 02:00:00,,,,,,,,,,,,,18.347999572753903,69.0,1016.9000244140624,12.56052589416504,0.0,5.506940841674805,101.30989837646484,0.0099999997764825,18.69799995422364,0.1710000038146972
1785379164033,2026-07-30 02:39:24,,,,20.62,19.32,19.41,,,,100.0,-105.0,10.0,,,,,,,,,,
1785379170738,2026-07-30 02:39:30,37.23,29.62,24.58,,,,323.17,301.37,278.01,100.0,-107.0,8.0,,,,,,,,,,
1785380400000,2026-07-30 03:00:00,,,,,,,,,,,,,18.44799995422364,69.0,1016.7999877929688,12.656145095825195,0.0,5.506940841674805,101.30989837646484,0.0099999997764825,18.44799995422364,0.1710000038146972
1785384000000,2026-07-30 04:00:00,,,,,,,,,,,,,18.79800033569336,69.0,1016.5999755859376,12.990805625915527,0.0,5.86037540435791,100.6196060180664,0.0199999995529651,18.24799919128418,0.1710000038146972
1785387600000,2026-07-30 05:00:00,,,,,,,,,,,,,20.79800033569336,65.0,1016.7000122070312,13.97848892211914,0.0,4.553679466247559,108.43504333496094,0.0399999991059303,18.39800071716309,0.1700000017881393
1785391200000,2026-07-30 06:00:00,,,,,,,,,,,,,23.04800033569336,62.0,1016.7000122070312,15.374464988708496,0.0,4.680000305175781,112.61991119384766,0.1000000089406967,19.04800033569336,0.1700000017881393
1785393560372,2026-07-30 06:39:20,,,,20.49,20.3,19.41,,,,100.0,-104.0,10.5,,,,,,,,,,
1785393567475,2026-07-30 06:39:27,37.06,29.59,24.55,,,,323.02,301.34,277.98,100.0,-106.0,10.25,,,,,,,,,,
1785394800000,2026-07-30 07:00:00,,,,,,,,,,,,,25.79800033569336,56.0,1016.7999877929688,16.35862159729004,0.0,6.569382667541504,99.46224975585938,0.2100000232458114,20.14800071716309,0.1689999997615814
1785398400000,2026-07-30 08:00:00,,,,,,,,,,,,,28.79800033569336,49.0,1016.7000122070312,17.024986267089844,0.0,5.86037540435791,100.6196060180664,0.3100000023841858,21.44799995422364,0.1689999997615814
1785402000000,2026-07-30 09:00:00,,,,,,,,,,,,,31.79800033569336,41.0,1016.5999755859376,16.92644691467285,0.0,3.3190360069274902,102.52880096435548,0.3799999952316284,23.097999572753903,0.1679999977350235
1785405600000,2026-07-30 10:00:00,,,,,,,,,,,,,33.698001861572266,36.0,1016.2999877929688,16.56336784362793,0.0,1.2979984283447266,303.6900939941406,0.3900000154972076,24.69799995422364,0.1669999957084655
1785407957329,2026-07-30 10:39:17,,,,20.39,20.26,19.38,,,,100.0,-109.0,8.5,,,,,,,,,,
1785407962557,2026-07-30 10:39:22,37.0,29.54,24.47,,,,322.96,301.28,277.92,100.0,-105.0,10.25,,,,,,,,,,
1785409200000,2026-07-30 11:00:00,,,,,,,,,,,,,35.34800338745117,30.0,1015.5999755859376,15.146063804626465,0.0,7.729526996612549,332.2415466308594,0.3900000154972076,26.19799995422364,0.1659999936819076
1785412800000,2026-07-30 12:00:00,,,,,,,,,,,,,36.39800262451172,25.0,1015.0,13.222990036010742,0.0,4.829906940460205,333.4350280761719,0.3799999952316284,27.597999572753903,0.1650000065565109
1785416400000,2026-07-30 13:00:00,,,,,,,,,,,,,36.89800262451172,25.0,1014.4000244140624,13.643436431884766,0.0,7.636752605438232,315.0000915527344,0.3500000238418579,28.74799919128418,0.164000004529953
1785420000000,2026-07-30 14:00:00,,,,,,,,,,,,,36.89800262451172,23.0,1013.9000244140624,12.3673095703125,0.0,5.315336227416992,331.6993408203125,0.3100000023841858,29.347999572753903,0.163000002503395
1785422354266,2026-07-30 14:39:14,,,,21.27,21.2,19.82,,,,100.0,-107.0,4.5,,,,,,,,,,
1785422361294,2026-07-30 14:39:21,46.21,43.46,43.16,,,,345.69,326.16,300.49,100.0,-112.0,4.75,,,,,,,,,,
1785423600000,2026-07-30 15:00:00,,,,,,,,,,,,,36.948001861572266,22.0,1013.2000122070312,11.733558654785156,0.0,2.595996856689453,326.3099060058594,0.270000010728836,29.79800033569336,0.163000002503395
1785427200000,2026-07-30 16:00:00,,,,,,,,,,,,,36.74800109863281,19.0,1013.0999755859376,9.36850357055664,0.0,10.390226364135742,255.96372985839844,0.2100000232458114,29.847999572753903,0.1620000004768371
1785430800000,2026-07-30 17:00:00,,,,,,,,,,,,,35.84800338745117,18.0,1013.0999755859376,7.838845252990723,0.0,7.862518310546875,285.9454650878906,0.1700000017881393,29.64800071716309,0.1609999984502792
1785434400000,2026-07-30 18:00:00,,,,,,,,,,,,,32.84800338745117,34.0,1013.2000122070312,14.924198150634766,0.0,2.099142551422119,300.96368408203125,0.0900000035762786,28.94799995422364,0.1609999984502792
1785436751859,2026-07-30 18:39:11,,,,21.56,20.84,19.63,,,,100.0,-108.0,2.5,,,,,,,,,,
1785436757247,2026-07-30 18:39:17,43.77,41.38,41.16,,,,338.1,319.58,295.69,100.0,-111.0,-3.0,,,,,,,,,,
1785438000000,2026-07-30 19:00:00,,,,,,,,,,,,,30.29800033569336,35.0,1013.5,13.136765480041504,0.0,1.8356469869613647,78.69010162353516,0.0,27.54800033569336,0.1609999984502792
1785441600000,2026-07-30 20:00:00,,,,,,,,,,,,,26.29800033569336,43.0,1014.0,12.725505828857422,0.0,2.968636035919189,104.03627014160156,0.0,25.94799995422364,0.1599999964237213
1785445200000,2026-07-30 21:00:00,,,,,,,,,,,,,25.597999572753903,48.0,1016.4000244140624,13.776793479919434,0.0,9.983105659484863,295.6409606933594,0.0399999991059303,24.94799995422364,0.1599999964237213
1785448800000,2026-07-30 22:00:00,,,,,,,,,,,,,23.64800071716309,61.0,1017.4000244140624,15.685968399047852,0.0,2.595996856689453,236.30990600585932,0.0299999993294477,24.29800033569336,0.1599999964237213
1785452400000,2026-07-30 23:00:00,,,,,,,,,,,,,22.847999572753903,63.0,1017.2999877929688,15.435135841369627,0.0,1.4399999380111694,90.0,0.0,23.29800033569336,0.1589999943971634
1785456000000,2026-07-31 00:00:00,,,,,,,,,,,,,22.847999572753903,63.0,1015.5,15.435135841369627,0.0,9.53150463104248,100.88548278808594,0.0,23.597999572753903,0.1589999943971634
1785459600000,2026-07-31 01:00:00,,,,,,,,,,,,,21.847999572753903,74.0,1016.5,17.006011962890625,0.0,1.2979984283447266,326.3099060058594,0.0099999997764825,22.99799919128418,0.1589999943971634
1785463200000,2026-07-31 02:00:00,,,,,,,,,,,,,21.19799995422364,73.0,1016.7000122070312,16.165950775146484,0.0,3.617955207824707,84.28949737548828,0.0099999997764825,22.347999572753903,0.1589999943971634
1785465545558,2026-07-31 02:39:05,,,,21.76,20.49,20.04,,,,100.0,-107.0,1.5,,,,,,,,,,
1785465551338,2026-07-31 02:39:11,43.04,40.56,39.74,,,,336.04,317.18,292.59,100.0,-105.0,5.25,,,,,,,,,,
1785466800000,2026-07-31 03:00:00,,,,,,,,,,,,,19.74799919128418,80.0,1017.0999755859376,16.199180603027344,0.0,3.976329803466797,95.19434356689452,0.0099999997764825,21.54800033569336,0.1580000072717666
1785470400000,2026-07-31 04:00:00,,,,,,,,,,,,,18.89800071716309,84.0,1017.2999877929688,16.134782791137695,0.0,2.4149534702301025,116.5649871826172,0.0,20.69799995422364,0.1580000072717666
1785474000000,2026-07-31 05:00:00,,,,,,,,,,,,,19.347999572753903,86.0,1017.7999877929688,16.94610023498535,0.0,3.89399528503418,303.6900939941406,0.0099999997764825,20.39800071716309,0.1580000072717666
1785477600000,2026-07-31 06:00:00,,,,,,,,,,,,,21.64800071716309,78.0,1017.9000244140624,17.64575958251953,0.0,2.1600000858306885,270.0,0.0700000077486038,20.94799995422364,0.1580000072717666
1785481200000,2026-07-31 07:00:00,,,,,,,,,,,,,23.94799995422364,67.0,1017.5999755859376,17.44598960876465,0.0,3.396233081817627,302.0053405761719,0.1599999964237213,21.94799995422364,0.1570000052452087
1785484800000,2026-07-31 08:00:00,,,,,,,,,,,,,25.49799919128418,62.0,1017.2000122070312,17.68457794189453,0.0,2.545584201812744,261.8699951171875,0.2399999946355819,23.04800033569336,0.1560000032186508
1785488400000,2026-07-31 09:00:00,,,,,,,,,,,,,27.24799919128418,56.0,1016.7999877929688,17.70832633972168,0.0,1.0800000429153442,270.0,0.3000000119209289,24.19799995422364,0.1560000032186508
1785492000000,2026-07-31 10:00:00,,,,,,,,,,,,,29.19799995422364,48.0,1016.0999755859376,17.06499481201172,0.0,0.8049845099449158,296.5649719238281,0.3100000023841858,25.19799995422364,0.1550000011920929
1785495600000,2026-07-31 11:00:00,,,,,,,,,,,,,31.39800071716309,44.0,1014.9000244140624,17.68438720703125,0.0,1.938659191131592,68.19853210449219,0.3300000131130218,26.39800071716309,0.1539999991655349
1785499200000,2026-07-31 12:00:00,,,,,,,,,,,,,32.99800109863281,39.0,1013.9000244140624,17.206708908081055,0.0,6.109402656555176,44.99989700317383,0.3400000035762787,27.74799919128418,0.152999997138977
1785502800000,2026-07-31 13:00:00,,,,,,,,,,,,,33.89800262451172,34.0,1013.4000244140624,15.84196949005127,0.0,6.989935398101807,11.88864517211914,0.3199999928474426,28.847999572753903,0.152999997138977
1785506400000,2026-07-31 14:00:00,,,,,,,,,,,,,33.84800338745117,35.0,1012.7000122070312,16.252452850341797,0.0,2.620839357376098,105.94546508789062,0.2599999904632568,29.29800033569336,0.1519999951124191
1785510000000,2026-07-31 15:00:00,,,,,,,,,,,,,34.198001861572266,34.0,1011.9000244140624,16.104108810424805,0.0,2.620839357376098,74.05453491210938,0.2300000041723251,29.49799919128418,0.1509999930858612
1785513600000,2026-07-31 16:00:00,,,,,,,,,,,,,26.597999572753903,57.0,1013.5,17.383275985717773,0.0,32.84691619873047,313.6678466796875,0.1500000059604644,29.29800033569336,0.1509999930858612
1785517200000,2026-07-31 17:00:00,,,,,,,,,,,,,25.94799995422364,54.0,1013.0,15.927637100219728,0.0,11.681986808776855,33.69010162353516,0.0700000077486038,27.44799995422364,0.1509999930858612
1785520800000,2026-07-31 18:00:00,,,,,,,,,,,,,25.24799919128418,65.0,1012.7000122070312,18.199575424194336,0.0,4.104631423950195,164.7448272705078,0.0599999986588954,26.39800071716309,0.1500000059604644
1785524400000,2026-07-31 19:00:00,,,,,,,,,,,,,23.79800033569336,72.0,1012.7000122070312,18.44704246520996,0.0,3.5999999046325684,126.86998748779295,0.0199999995529651,25.29800033569336,0.1500000059604644
1785528000000,2026-07-31 20:00:00,,,,,,,,,,,,,22.597999572753903,76.0,1012.7000122070312,18.1528434753418,0.0,4.896529197692871,72.89718627929688,0.0099999997764825,24.19799995422364,0.1500000059604644
1785531600000,2026-07-31 21:00:00,,,,,,,,,,,,,21.94799995422364,78.0,1012.7000122070312,17.936748504638672,0.0,3.877318382263184,68.19853210449219,0.0099999997764825,23.44799995422364,0.1500000059604644
1785535200000,2026-07-31 22:00:00,,,,,,,,,,,,,21.19799995422364,77.0,1012.5999755859376,17.005388259887695,0.0,3.239999771118164,90.0,0.0099999997764825,22.847999572753903,0.1490000039339065
1785538800000,2026-07-31 23:00:00,,,,,,,,,,,,,20.49799919128418,76.0,1012.7999877929688,16.122264862060547,0.0,2.3051247596740723,38.65982818603516,0.0099999997764825,22.14800071716309,0.1490000039339065
1785542400000,2026-08-01 00:00:00,,,,,,,,,,,,,19.79800033569336,92.0,1013.7999877929688,18.460102081298828,0.0,5.483356475830078,23.198617935180664,0.0,21.64800071716309,0.1500000059604644
1785546000000,2026-08-01 01:00:00,,,,,,,,,,,,,19.69799995422364,92.0,1013.7999877929688,18.36111640930176,0.0,1.938659191131592,68.19853210449219,0.0,21.29800033569336,0.1500000059604644
1785549600000,2026-08-01 02:00:00,,,,,,,,,,,,,19.44799995422364,91.0,1013.0,17.939762115478516,0.0,2.9024126529693604,150.2552032470703,0.0,20.94799995422364,0.1500000059604644
1785553200000,2026-08-01 03:00:00,,,,,,,,,,,,,19.24799919128418,92.0,1013.0999755859376,17.915678024291992,0.0,3.976329803466797,5.194349765777588,0.0,20.597999572753903,0.1500000059604644
1785556800000,2026-08-01 04:00:00,,,,,,,,,,,,,19.347999572753903,93.0,1013.4000244140624,18.18677520751953,0.0,1.7999999523162842,323.1300048828125,0.0,20.39800071716309,0.1490000039339065
1785560400000,2026-08-01 05:00:00,,,,,,,,,,,,,20.14800071716309,93.0,1013.5,18.97970199584961,0.0,1.0800000429153442,180.0,0.0,20.39800071716309,0.1490000039339065
1785564000000,2026-08-01 06:00:00,,,,,,,,,,,,,21.49799919128418,89.0,1013.9000244140624,19.60780143737793,0.0,1.938659191131592,338.1985168457031,0.0599999986588954,20.847999572753903,0.1490000039339065
1785567600000,2026-08-01 07:00:00,,,,,,,,,,,,,21.04800033569336,86.0,1014.5,18.61502456665039,2.5,8.90590763092041,284.0362548828125,0.1099999994039535,21.347999572753903,0.1490000039339065
1785571200000,2026-08-01 08:00:00,,,,,,,,,,,,,21.29800033569336,87.0,1015.0,19.04568862915039,2.0999999046325684,8.473393440246582,282.2647705078125,0.1199999973177909,21.19799995422364,0.1550000011920929
1785574800000,2026-08-01 09:00:00,,,,,,,,,,,,,22.04800033569336,82.0,1015.0999755859376,18.831933975219727,0.0,9.227523803710938,290.5561218261719,0.2300000041723251,21.54800033569336,0.163000002503395
1785578400000,2026-08-01 10:00:00,,,,,,,,,,,,,21.74799919128418,85.0,1015.4000244140624,19.114381790161133,0.1000000014901161,8.121970176696777,282.80426025390625,0.1899999976158142,21.64800071716309,0.1689999997615814
1785582000000,2026-08-01 11:00:00,,,,,,,,,,,,,21.99799919128418,81.0,1015.2999877929688,18.5869197845459,0.0,4.693825721740723,302.4711608886719,0.1800000071525573,21.74799919128418,0.1729999929666519
1785585600000,2026-08-01 12:00:00,,,,,,,,,,,,,22.04800033569336,84.0,1015.5,19.21828842163086,0.1000000014901161,10.23312282562256,309.28936767578125,0.2100000232458114,21.89800071716309,0.1770000010728836
1785589200000,2026-08-01 13:00:00,,,,,,,,,,,,,21.29800033569336,86.0,1016.0999755859376,18.86043357849121,0.1000000014901161,14.825706481933594,299.05450439453125,0.1599999964237213,21.74799919128418,0.1790000051259994
1785592800000,2026-08-01 14:00:00,,,,,,,,,,,,,18.847999572753903,89.0,1017.0,16.995349884033203,0.2000000029802322,14.021525382995604,311.8777770996094,0.1099999994039535,21.24799919128418,0.1809999942779541
1785596400000,2026-08-01 15:00:00,,,,,,,,,,,,,17.99799919128418,93.0,1017.7999877929688,16.84866714477539,1.600000023841858,9.504273414611816,294.62353515625,0.0700000077486038,20.597999572753903,0.1829999983310699
1785600000000,2026-08-01 16:00:00,,,,,,,,,,,,,18.04800033569336,90.0,1018.2000122070312,16.38204002380371,0.6000000238418579,9.957107543945312,310.6012268066406,0.0599999986588954,20.097999572753903,0.1879999935626983
1785603600000,2026-08-01 17:00:00,,,,,,,,,,,,,18.24799919128418,89.0,1018.5999755859376,16.403799057006836,0.0,8.5873384475708,303.0238647460937,0.0900000035762786,19.847999572753903,0.1940000057220459
1785607200000,2026-08-01 18:00:00,,,,,,,,,,,,,18.04800033569336,87.0,1019.0,15.85050106048584,0.0,7.289444923400879,302.9052429199219,0.0700000077486038,19.64800071716309,0.1990000009536743
1785610800000,2026-08-01 19:00:00,,,,,,,,,,,,,16.847999572753906,93.0,1019.5,15.708746910095217,0.0,2.811689853668213,309.8055114746094,0.0299999993294477,19.19799995422364,0.202000007033348
1785614400000,2026-08-01 20:00:00,,,,,,,,,,,,,16.04800033569336,96.0,1020.0,15.409867286682127,0.0,3.3190360069274902,310.6012268066406,0.0,18.597999572753903,0.2029999941587448
1785618000000,2026-08-01 21:00:00,,,,,,,,,,,,,15.54800033569336,96.0,1020.5,14.91232681274414,0.0,2.27683973312378,341.56494140625,0.0,18.04800033569336,0.2049999982118606
1785621600000,2026-08-01 22:00:00,,,,,,,,,,,,,15.097999572753906,97.0,1020.5999755859376,14.625046730041504,0.0,1.6099690198898315,333.4350280761719,0.0,17.648000717163086,0.2060000002384185
1785625200000,2026-08-01 23:00:00,,,,,,,,,,,,,15.14799976348877,95.0,1020.7999877929688,14.3522367477417,0.0,1.527350664138794,44.99989700317383,0.0,17.197999954223633,0.2060000002384185
1785628800000,2026-08-02 00:00:00,,,,,,,,,,,,,14.04800033569336,99.0,1021.0999755859376,13.893022537231444,0.0,1.8356469869613647,348.6900939941406,0.0,16.99799919128418,0.1539999991655349
1785632400000,2026-08-02 01:00:00,,,,,,,,,,,,,13.947999954223633,99.0,1021.4000244140624,13.793139457702637,0.0,1.6099690198898315,63.43501281738281,0.0,16.54800033569336,0.1539999991655349
1785636000000,2026-08-02 02:00:00,,,,,,,,,,,,,13.998000144958496,98.0,1021.5,13.686777114868164,0.0,2.3051247596740723,38.65982818603516,0.0,16.347999572753906,0.1539999991655349
1785639600000,2026-08-02 03:00:00,,,,,,,,,,,,,13.04800033569336,100.0,1021.7999877929688,13.048001289367676,0.0,2.3051247596740723,38.65982818603516,0.0,15.947999954223633,0.1550000011920929
1785643200000,2026-08-02 04:00:00,,,,,,,,,,,,,12.697999954223633,99.0,1021.5,12.54464340209961,0.0,3.219938039779663,63.43501281738281,0.0,15.447999954223633,0.1550000011920929
1785645590802,2026-08-02 04:39:50,,,,,,,,,,100.0,-111.0,-22.8,,,,,,,,,,
1785646800000,2026-08-02 05:00:00,,,,,,,,,,,,,13.847999572753906,99.0,1021.7999877929688,13.693262100219728,0.0,2.1600000858306885,90.0,0.0,15.39799976348877,0.1550000011920929
1785650400000,2026-08-02 06:00:00,,,,,,,,,,,,,15.347999572753906,93.0,1021.9000244140624,14.221832275390623,0.0,3.3190360069274902,130.60121154785156,0.0399999991059303,16.04800033569336,0.1550000011920929
1785654000000,2026-08-02 07:00:00,,,,,,,,,,,,,17.197999954223633,85.0,1021.7999877929688,14.653681755065918,0.0,1.527350664138794,224.99989318847656,0.1400000154972076,16.898000717163086,0.1550000011920929
1785657600000,2026-08-02 08:00:00,,,,,,,,,,,,,19.44799995422364,73.0,1021.5999755859376,14.481755256652832,0.0,2.0364675521850586,44.99989700317383,0.25,17.898000717163086,0.1550000011920929
1785661200000,2026-08-02 09:00:00,,,,,,,,,,,,,21.24799919128418,63.0,1021.5,13.922853469848633,0.0,6.439876079559326,63.43501281738281,0.3500000238418579,19.097999572753903,0.1550000011920929
1785664800000,2026-08-02 10:00:00,,,,,,,,,,,,,22.49799919128418,57.0,1021.2000122070312,13.556729316711426,0.0,8.089993476867676,57.7243766784668,0.3900000154972076,20.097999572753903,0.1539999991655349
1785668400000,2026-08-02 11:00:00,,,,,,,,,,,,,23.89800071716309,49.0,1020.7999877929688,12.536717414855955,0.0,8.049844741821289,63.43501281738281,0.4099999964237213,21.24799919128418,0.1539999991655349
1785672000000,2026-08-02 12:00:00,,,,,,,,,,,,,24.69799995422364,47.0,1020.2999877929688,12.632451057434082,0.0,7.091177463531494,23.962491989135746,0.3799999952316284,22.24799919128418,0.152999997138977
1785674391698,2026-08-02 12:39:51,41.16,38.02,33.42,,,,331.12,310.4,285.3,100.0,-121.0,-15.8,,,,,,,,,,
1785675600000,2026-08-02 13:00:00,,,,,,,,,,,,,26.04800033569336,43.0,1019.7000122070312,12.500055313110352,0.0,6.877789497375488,47.12110900878906,0.3700000345706939,23.097999572753903,0.1519999951124191
1785679200000,2026-08-02 14:00:00,,,,,,,,,,,,,25.94799995422364,44.0,1019.2000122070312,12.760562896728516,0.0,10.163227081298828,67.06787109375,0.3400000035762787,23.64800071716309,0.1519999951124191
1785682800000,2026-08-02 15:00:00,,,,,,,,,,,,,25.24799919128418,44.0,1018.7000122070312,12.127434730529783,0.0,12.722829818725586,64.88520050048828,0.2900000214576721,23.69799995422364,0.1509999930858612
1785686400000,2026-08-02 16:00:00,,,,,,,,,,,,,24.847999572753903,46.0,1018.5,12.441112518310549,0.0,10.948972702026367,62.59251022338867,0.2399999946355819,23.44799995422364,0.1509999930858612
1785688787038,2026-08-02 16:39:47,41.13,37.43,32.48,,,,331.03,309.74,284.52,100.0,-112.0,-13.2,,,,,,,,,,
1785690000000,2026-08-02 17:00:00,,,,,,,,,,,,,24.24799919128418,47.0,1018.2000122070312,12.222064971923828,0.0,10.464797019958496,63.43501281738281,0.1700000017881393,23.04800033569336,0.1500000059604644
1785693600000,2026-08-02 18:00:00,,,,,,,,,,,,,22.64800071716309,53.0,1018.0999755859376,12.582071304321287,0.0,6.489992141723633,56.30989837646485,0.1000000089406967,22.39800071716309,0.1500000059604644
1785697200000,2026-08-02 19:00:00,,,,,,,,,,,,,20.04800033569336,58.0,1018.2999877929688,11.531086921691896,0.0,5.001279830932617,59.74365234375,0.0500000044703483,21.347999572753903,0.1500000059604644
1785700800000,2026-08-02 20:00:00,,,,,,,,,,,,,18.14800071716309,67.0,1018.5999755859376,11.92212963104248,0.0,4.320000171661377,90.0,0.0199999995529651,20.097999572753903,0.1500000059604644
1785704400000,2026-08-02 21:00:00,,,,,,,,,,,,,16.648000717163086,74.0,1018.7000122070312,11.992582321166992,0.0,4.510787010192871,61.389644622802734,0.0099999997764825,18.89800071716309,0.1500000059604644
1785708000000,2026-08-02 22:00:00,,,,,,,,,,,,,15.64799976348877,77.0,1018.7000122070312,11.628320693969728,0.0,4.213691711425781,70.01680755615234,0.0099999997764825,18.04800033569336,0.1500000059604644
1785711600000,2026-08-02 23:00:00,,,,,,,,,,,,,14.89799976348877,83.0,1018.4000244140624,12.03606414794922,0.0,3.617955207824707,95.71050262451172,0.0099999997764825,17.398000717163086,0.1500000059604644
1785715200000,2026-08-03 00:00:00,,,,,,,,,,,,,15.097999572753906,84.0,1018.2000122070312,12.413965225219728,0.0,3.617955207824707,84.28949737548828,0.0099999997764825,16.99799919128418,0.152999997138977
1785717573462,2026-08-03 00:39:33,,,,21.14,20.46,20.14,,,,100.0,-122.0,-22.2,,,,,,,,,,
1785717582479,2026-08-03 00:39:42,40.99,36.96,31.89,,,,330.69,309.24,284.03,100.0,-121.0,-22.5,,,,,,,,,,
1785718800000,2026-08-03 01:00:00,,,,,,,,,,,,,15.14799976348877,86.0,1018.2000122070312,12.822040557861328,0.0,3.7585103511810303,106.69932556152344,0.0099999997764825,16.79800033569336,0.152999997138977
1785722400000,2026-08-03 02:00:00,,,,,,,,,,,,,14.847999572753906,87.0,1017.5999755859376,12.703813552856444,0.0,3.075841426849365,110.5561294555664,0.0099999997764825,16.697999954223633,0.152999997138977
1785726000000,2026-08-03 03:00:00,,,,,,,,,,,,,13.79800033569336,90.0,1017.5,12.1856689453125,0.0,2.1600000858306885,90.0,0.0,16.29800033569336,0.152999997138977
1785729600000,2026-08-03 04:00:00,,,,,,,,,,,,,13.39799976348877,91.0,1017.0999755859376,11.958293914794922,0.0,3.2599384784698486,96.34009552001952,0.0,15.748000144958496,0.152999997138977
1785731977925,2026-08-03 04:39:37,40.89,36.79,31.78,,,,330.45,309.06,283.94,100.0,-121.0,-14.5,,,,,,,,,,
1785733200000,2026-08-03 05:00:00,,,,,,,,,,,,,15.04800033569336,90.0,1016.9000244140624,13.419984817504885,0.0,2.741678237915039,113.19862365722656,0.0099999997764825,15.748000144958496,0.152999997138977
1785736800000,2026-08-03 06:00:00,,,,,,,,,,,,,17.99799919128418,76.0,1016.7999877929688,13.704217910766602,0.0,3.877318382263184,111.80147552490234,0.0799999982118606,16.597999572753906,0.152999997138977
1785740400000,2026-08-03 07:00:00,,,,,,,,,,,,,21.29800033569336,68.0,1016.5,15.153241157531738,0.0,2.741678237915039,113.19862365722656,0.1800000071525573,17.847999572753906,0.152999997138977
1785744000000,2026-08-03 08:00:00,,,,,,,,,,,,,24.44799995422364,61.0,1016.0,16.4388427734375,0.0,3.415259599685669,108.43504333496094,0.3000000119209289,19.39800071716309,0.1519999951124191
1785746376356,2026-08-03 08:39:36,40.74,36.4,31.26,,,,330.08,308.64,283.51,100.0,-113.0,-18.2,,,,,,,,,,
1785747600000,2026-08-03 09:00:00,,,,,,,,,,,,,26.79800033569336,56.0,1015.5999755859376,17.289508819580078,0.0,2.189794540405273,80.53775024414062,0.3900000154972076,21.04800033569336,0.1509999930858612
1785751200000,2026-08-03 10:00:00,,,,,,,,,,,,,28.89800071716309,51.0,1015.0,17.75014305114746,0.0,3.075841426849365,69.4438705444336,0.4200000464916229,22.597999572753903,0.1500000059604644
1785754800000,2026-08-03 11:00:00,,,,,,,,,,,,,30.54800033569336,46.0,1014.5999755859376,17.620264053344727,0.0,1.7999999523162842,36.86999130249024,0.4300000071525574,23.99799919128418,0.1500000059604644
1785758400000,2026-08-03 12:00:00,,,,,,,,,,,,,31.74799919128418,42.0,1014.2999877929688,17.2623233795166,0.0,1.0800000429153442,360.0,0.4200000464916229,25.19799995422364,0.1490000039339065
1785762000000,2026-08-03 13:00:00,,,,,,,,,,,,,32.74800109863281,38.0,1013.7000122070312,16.57512855529785,0.0,5.991593837738037,327.2647705078125,0.4000000357627868,26.14800071716309,0.1480000019073486
1785765600000,2026-08-03 14:00:00,,,,,,,,,,,,,33.04800033569336,31.0,1013.4000244140624,13.670035362243652,0.0,6.569382667541504,350.5377502441406,0.3900000154972076,26.79800033569336,0.1469999998807907
1785769200000,2026-08-03 15:00:00,,,,,,,,,,,,,32.89800262451172,33.0,1013.0999755859376,14.504819869995115,0.0,5.447788238525391,7.594560146331787,0.3600000143051147,27.14800071716309,0.1459999978542328
1785772800000,2026-08-03 16:00:00,,,,,,,,,,,,,32.14800262451172,40.0,1012.9000244140624,16.849641799926758,0.0,5.815978050231934,21.801475524902344,0.270000010728836,27.14800071716309,0.1459999978542328
1785776400000,2026-08-03 17:00:00,,,,,,,,,,,,,31.04800033569336,41.0,1012.7000122070312,16.255319595336914,0.0,7.636752605438232,81.86998748779297,0.1899999976158142,26.89800071716309,0.1449999958276748
1785780000000,2026-08-03 18:00:00,,,,,,,,,,,,,28.54800033569336,51.0,1012.9000244140624,17.42823600769043,0.0,5.692099094390869,55.30478286743164,0.1099999994039535,26.14800071716309,0.1449999958276748
1785783600000,2026-08-03 19:00:00,,,,,,,,,,,,,25.69799995422364,60.0,1013.0999755859376,17.353038787841797,0.0,5.692099571228027,71.5649642944336,0.0500000044703483,25.04800033569336,0.1449999958276748
1785787200000,2026-08-03 20:00:00,,,,,,,,,,,,,23.79800033569336,66.0,1013.2999877929688,17.06548500061035,0.0,4.6938252449035645,85.60137939453125,0.0299999993294477,23.847999572753903,0.1449999958276748
1785789555855,2026-08-03 20:39:15,,,,21.73,20.23,20.26,,,,100.0,-112.0,-12.8,,,,,,,,,,
1785790800000,2026-08-03 21:00:00,,,,,,,,,,,,,21.94799995422364,75.0,1013.5,17.314626693725586,0.0,5.091168403625488,81.86998748779297,0.0199999995529651,22.847999572753903,0.1439999938011169
1785794400000,2026-08-03 22:00:00,,,,,,,,,,,,,20.847999572753903,81.0,1013.7999877929688,17.46626853942871,0.0,4.679999828338623,90.0,0.0099999997764825,21.94799995422364,0.1439999938011169
1785798000000,2026-08-03 23:00:00,,,,,,,,,,,,,19.99799919128418,85.0,1013.7000122070312,17.398908615112305,0.0,4.452953815460205,104.03627014160156,0.0099999997764825,21.19799995422364,0.1439999938011169
1785801600000,2026-08-04 00:00:00,,,,,,,,,,,,,18.39800071716309,91.0,1013.5,16.901769638061523,0.0,4.104631423950195,105.2551727294922,0.0,20.79800033569336,0.1469999998807907
1785805200000,2026-08-04 01:00:00,,,,,,,,,,,,,18.14800071716309,92.0,1013.7000122070312,16.826807022094727,0.0,4.6938252449035645,94.39862060546876,0.0,20.14800071716309,0.1469999998807907
1785808800000,2026-08-04 02:00:00,,,,,,,,,,,,,17.947999954223633,91.0,1013.4000244140624,16.456899642944336,0.0,4.349896430969238,114.4439468383789,0.0,19.69799995422364,0.1469999998807907
1785812400000,2026-08-04 03:00:00,,,,,,,,,,,,,18.54800033569336,90.0,1013.2000122070312,16.875675201416016,0.0,4.802999019622803,102.99462127685548,0.0,19.39800071716309,0.1469999998807907
1785816000000,2026-08-04 04:00:00,,,,,,,,,,,,,18.89800071716309,89.0,1012.9000244140624,17.044645309448242,0.0,4.349896430969238,114.4439468383789,0.0,19.29800033569336,0.1469999998807907
1785819600000,2026-08-04 05:00:00,,,,,,,,,,,,,21.597999572753903,77.0,1012.9000244140624,17.392786026000977,0.0,4.349896430969238,114.4439468383789,0.0099999997764825,19.44799995422364,0.1469999998807907
1785823200000,2026-08-04 06:00:00,,,,,,,,,,,,,25.14800071716309,64.0,1012.7999877929688,17.858163833618164,0.0,7.594207286834717,95.44023895263672,0.0799999982118606,20.24799919128418,0.1459999978542328
1785826800000,2026-08-04 07:00:00,,,,,,,,,,,,,28.24799919128418,55.0,1012.7000122070312,18.35114288330078,0.0,10.239453315734863,100.12461853027344,0.1700000017881393,21.54800033569336,0.1459999978542328
1785830400000,2026-08-04 08:00:00,,,,,,,,,,,,,30.49799919128418,51.0,1012.5999755859376,19.221290588378903,0.0,9.387650489807127,94.39862060546876,0.2199999988079071,22.94799995422364,0.1459999978542328
1785834000000,2026-08-04 09:00:00,,,,,,,,,,,,,33.29800033569336,43.0,1012.7000122070312,19.02953720092773,0.0,12.074766159057615,280.3047790527344,0.2800000309944153,24.69799995422364,0.1449999958276748
1785837600000,2026-08-04 10:00:00,,,,,,,,,,,,,33.04800033569336,43.0,1012.7999877929688,18.80467796325684,0.0,13.532360076904297,298.6103515625,0.2800000309944153,26.19799995422364,0.1439999938011169
1785841200000,2026-08-04 11:00:00,,,,,,,,,,,,,33.59800338745117,42.0,1013.0,18.92182922363281,0.0,13.397611618041992,300.6996459960937,0.270000010728836,27.347999572753903,0.1439999938011169
1785844800000,2026-08-04 12:00:00,,,,,,,,,,,,,33.948001861572266,38.0,1012.5,17.638242721557617,0.0,7.491114139556885,305.2176818847656,0.2599999904632568,28.347999572753903,0.1430000066757202
1785848400000,2026-08-04 13:00:00,,,,,,,,,,,,,34.24800109863281,37.0,1012.2000122070312,17.48070526123047,0.0,9.904906272888184,289.0935974121094,0.2100000232458114,28.847999572753903,0.1430000066757202
1785852000000,2026-08-04 14:00:00,,,,,,,,,,,,,34.198001861572266,40.0,1011.7999877929688,18.677291870117188,0.0,11.966954231262209,313.7811889648437,0.2000000178813934,29.19799995422364,0.1420000046491623
1785855600000,2026-08-04 15:00:00,,,,,,,,,,,,,33.698001861572266,41.0,1011.9000244140624,18.625757217407227,0.0,10.23312282562256,309.28936767578125,0.1800000071525573,29.39800071716309,0.1420000046491623
1785859200000,2026-08-04 16:00:00,,,,,,,,,,,,,32.698001861572266,45.0,1012.0,19.217777252197266,0.0,9.72666358947754,321.0090026855469,0.1400000154972076,29.14800071716309,0.1410000026226043
1785862800000,2026-08-04 17:00:00,,,,,,,,,,,,,31.99799919128418,47.0,1012.0999755859376,19.28116226196289,0.0,5.399999618530273,306.8699645996094,0.1099999994039535,28.847999572753903,0.1410000026226043
1785866400000,2026-08-04 18:00:00,,,,,,,,,,,,,30.39800071716309,56.0,1012.2000122070312,20.638690948486328,0.0,4.198285102844238,329.03631591796875,0.0500000044703483,28.29800033569336,0.1410000026226043
1785870000000,2026-08-04 19:00:00,,,,,,,,,,,,,27.69799995422364,59.0,1013.0,18.96071052551269,0.0,5.815978050231934,111.80147552490234,0.0199999995529651,27.29800033569336,0.1410000026226043
1785873600000,2026-08-04 20:00:00,,,,,,,,,,,,,24.24799919128418,72.0,1013.2000122070312,18.87915802001953,0.0,3.054701328277588,44.99989700317383,0.0199999995529651,26.19799995422364,0.1400000005960464
1785877200000,2026-08-04 21:00:00,,,,,,,,,,,,,22.79800033569336,79.0,1013.2999877929688,18.96516227722168,0.0,1.6099690198898315,63.43501281738281,0.0,25.04800033569336,0.1400000005960464
1785880800000,2026-08-04 22:00:00,,,,,,,,,,,,,22.64800071716309,81.0,1013.2999877929688,19.22027969360352,0.0,2.4149534702301025,63.43501281738281,0.0,23.99799919128418,0.1400000005960464
1785884400000,2026-08-04 23:00:00,,,,,,,,,,,,,21.44799995422364,88.0,1013.2000122070312,19.37673568725586,0.0,3.976329803466797,95.19434356689452,0.0,23.097999572753903,0.1400000005960464
1785888000000,2026-08-05 00:00:00,,,,,,,,,,,,,20.29800033569336,89.0,1013.2999877929688,18.42485237121582,0.0,4.510787010192871,118.61036682128906,0.0,23.29800033569336,0.1400000005960464
1785891600000,2026-08-05 01:00:00,,,,,,,,,,,,,19.847999572753903,92.0,1013.0999755859376,18.50959205627441,0.0,3.3190360069274902,102.52880096435548,0.0,22.64800071716309,0.1400000005960464
1785895200000,2026-08-05 02:00:00,,,,,,,,,,,,,19.39800071716309,93.0,1012.7999877929688,18.236337661743164,0.0,5.052840709686279,85.91446685791016,0.0,22.04800033569336,0.1400000005960464
1785898800000,2026-08-05 03:00:00,,,,,,,,,,,,,19.847999572753903,88.0,1013.7000122070312,17.801624298095703,0.0,1.527350664138794,315.0000915527344,0.0,21.69799995422364,0.1400000005960464
1785902400000,2026-08-05 04:00:00,,,,,,,,,,,,,19.24799919128418,89.0,1013.2000122070312,17.38970375061035,0.0,5.014219284057617,111.03758239746094,0.0,21.39800071716309,0.1400000005960464
1785904731515,2026-08-05 04:38:51,,,,22.56,21.86,20.97,,,,100.0,-113.0,-14.2,,,,,,,,,,
1785906000000,2026-08-05 05:00:00,,,,,,,,,,,,,20.597999572753903,83.0,1013.0,17.608909606933594,0.0,1.8356469869613647,101.30989837646484,0.0099999997764825,21.347999572753903,0.1400000005960464
1785909600000,2026-08-05 06:00:00,,,,,,,,,,,,,22.04800033569336,76.0,1013.9000244140624,17.62108039855957,0.0,1.2979984283447266,236.30990600585932,0.0299999993294477,21.69799995422364,0.1400000005960464
1785913200000,2026-08-05 07:00:00,,,,,,,,,,,,,24.54800033569336,69.0,1014.2000122070312,18.485902786254883,0.0,1.2979984283447266,146.30990600585938,0.0599999986588954,22.14800071716309,0.1389999985694885
1785916800000,2026-08-05 08:00:00,,,,,,,,,,,,,27.79800033569336,54.0,1014.5,17.641935348510742,0.0,5.804825305938721,299.7447814941406,0.1299999952316284,23.14800071716309,0.1389999985694885
1785920400000,2026-08-05 09:00:00,,,,,,,,,,,,,29.44799995422364,49.0,1014.7999877929688,17.61983871459961,0.0,12.224106788635254,283.62701416015625,0.1899999976158142,24.347999572753903,0.1379999965429306
1785924000000,2026-08-05 10:00:00,,,,,,,,,,,,,30.347999572753903,47.0,1014.9000244140624,17.77979850769043,0.0,10.661107063293455,281.6893310546875,0.1899999976158142,25.24799919128418,0.1379999965429306
1785927600000,2026-08-05 11:00:00,,,,,,,,,,,,,31.49799919128418,46.0,1014.7999877929688,18.482460021972656,0.0,9.44957160949707,287.7447509765625,0.2399999946355819,26.44799995422364,0.1369999945163726
1785931200000,2026-08-05 12:00:00,,,,,,,,,,,,,32.64800262451172,44.0,1014.5999755859376,18.81233024597168,0.0,11.43531322479248,298.1784973144531,0.25,27.74799919128418,0.1369999945163726
1785933535460,2026-08-05 12:38:55,40.09,33.17,27.23,,,,328.53,305.18,280.18,100.0,-113.0,-13.2,,,,,,,,,,
1785934800000,2026-08-05 13:00:00,,,,,,,,,,,,,33.39800262451172,39.0,1014.2999877929688,17.562225341796875,0.0,11.92355728149414,298.886474609375,0.2300000041723251,28.74799919128418,0.1360000073909759
1785938400000,2026-08-05 14:00:00,,,,,,,,,,,,,33.34800338745117,41.0,1013.9000244140624,18.312822341918945,0.0,11.966954231262209,313.7811889648437,0.2000000178813934,29.44799995422364,0.1360000073909759
1785942000000,2026-08-05 15:00:00,,,,,,,,,,,,,32.948001861572266,40.0,1013.7000122070312,17.56304931640625,0.0,13.755578994750977,312.87890625,0.1599999964237213,29.597999572753903,0.135000005364418
1785945600000,2026-08-05 16:00:00,,,,,,,,,,,,,32.39800262451172,42.0,1013.4000244140624,17.84553337097168,0.0,11.304228782653809,322.7650756835937,0.1400000154972076,29.54800033569336,0.135000005364418
1785949200000,2026-08-05 17:00:00,,,,,,,,,,,,,31.79800033569336,44.0,1013.5999755859376,18.045385360717773,0.0,8.049844741821289,333.4350280761719,0.1199999973177909,29.29800033569336,0.135000005364418
1785952800000,2026-08-05 18:00:00,,,,,,,,,,,,,30.44799995422364,44.0,1013.7999877929688,16.82680892944336,0.0,4.198285102844238,30.963695526123047,0.0599999986588954,28.74799919128418,0.135000005364418
1785956400000,2026-08-05 19:00:00,,,,,,,,,,,,,27.69799995422364,54.0,1014.5,17.54928970336914,0.0,3.5999999046325684,36.86999130249024,0.0199999995529651,27.74799919128418,0.1340000033378601
1785958820896,2026-08-05 19:40:20,,,,,,,,,,100.0,-118.0,-16.5,,,,,,,,,,
1785958846953,2026-08-05 19:40:46,40.09,32.86,26.89,,,,328.53,304.85,279.9,100.0,-113.0,-16.0,,,,,,,,,,
1785960000000,2026-08-05 20:00:00,,,,,,,,,,,,,25.597999572753903,63.0,1015.0,18.033185958862305,0.0,2.811689853668213,50.19447326660156,0.0099999997764825,26.597999572753903,0.1340000033378601
1785963600000,2026-08-05 21:00:00,,,,,,,,,,,,,24.89800071716309,66.0,1015.0,18.11056900024414,0.0,3.545588731765747,66.03750610351562,0.0099999997764825,25.74799919128418,0.1340000033378601
1785967200000,2026-08-05 22:00:00,,,,,,,,,,,,,23.64800071716309,72.0,1015.0,18.302997589111328,0.0,4.33497428894043,94.76355743408205,0.0099999997764825,24.89800071716309,0.1340000033378601
1785970800000,2026-08-05 23:00:00,,,,,,,,,,,,,22.24799919128418,81.0,1014.9000244140624,18.83052444458008,0.0,4.33497428894043,94.76355743408205,0.0,24.097999572753903,0.1340000033378601
1785973220574,2026-08-05 23:40:20,,,,23.07,22.39,21.17,,,,100.0,-122.0,-17.0,,,,,,,,,,
1785973229485,2026-08-05 23:40:29,40.08,32.86,26.93,,,,328.5,304.85,279.93,100.0,-118.0,-17.2,,,,,,,,,,
1785974400000,2026-08-06 00:00:00,,,,,,,,,,,,,21.49799919128418,91.0,1014.5999755859376,19.966175079345703,0.0,2.595996856689453,123.69009399414062,0.0,23.097999572753903,0.1360000073909759
1785978000000,2026-08-06 01:00:00,,,,,,,,,,,,,20.04800033569336,97.0,1015.2000122070312,19.556753158569336,0.0,1.938659191131592,111.80147552490234,0.0,22.44799995422364,0.135000005364418
1785981600000,2026-08-06 02:00:00,,,,,,,,,,,,,19.54800033569336,98.0,1015.5999755859376,19.223203659057617,0.0,1.4399999380111694,90.0,0.0,21.89800071716309,0.135000005364418
1785985200000,2026-08-06 03:00:00,,,,,,,,,,,,,19.39800071716309,96.0,1015.7999877929688,18.743282318115234,0.0,1.938659191131592,111.80147552490234,0.0,21.347999572753903,0.135000005364418
1785987617472,2026-08-06 03:40:17,,,,23.0,21.27,21.3,,,,100.0,-122.0,-17.0,,,,,,,,,,
1785988800000,2026-08-06 04:00:00,,,,,,,,,,,,,18.99799919128418,97.0,1016.0999755859376,18.51066017150879,0.0,1.1384198665618896,341.56494140625,0.0,20.847999572753903,0.135000005364418
1785992400000,2026-08-06 05:00:00,,,,,,,,,,,,,20.99799919128418,88.0,1016.4000244140624,18.93375015258789,0.0,0.5091168880462646,44.99989700317383,0.0,20.69799995422364,0.135000005364418
1785996000000,2026-08-06 06:00:00,,,,,,,,,,,,,23.99799919128418,71.0,1016.7000122070312,18.41570472717285,0.0,2.811689853668213,309.8055114746094,0.0500000044703483,21.39800071716309,0.135000005364418
1785999600000,2026-08-06 07:00:00,,,,,,,,,,,,,25.49799919128418,63.0,1016.9000244140624,17.938737869262695,0.0,6.618518829345703,315.0000915527344,0.1299999952316284,22.347999572753903,0.1340000033378601
1786002022028,2026-08-06 07:40:22,39.96,32.78,26.89,,,,328.23,304.76,279.9,100.0,-122.0,-18.0,,,,,,,,,,
1786003200000,2026-08-06 08:00:00,,,,,,,,,,,,,26.89800071716309,60.0,1017.0999755859376,18.4795150756836,0.0,10.587918281555176,305.311279296875,0.1800000071525573,23.29800033569336,0.1340000033378601
1786006800000,2026-08-06 09:00:00,,,,,,,,,,,,,28.14800071716309,55.0,1017.0999755859376,18.258304595947266,0.0,11.43531322479248,298.1784973144531,0.2300000041723251,24.44799995422364,0.1330000013113021
1786010400000,2026-08-06 10:00:00,,,,,,,,,,,,,29.097999572753903,49.0,1017.0,17.299549102783203,0.0,11.885453224182127,305.13427734375,0.2599999904632568,25.54800033569336,0.1330000013113021
1786014000000,2026-08-06 11:00:00,,,,,,,,,,,,,29.74799919128418,45.0,1016.9000244140624,16.547761917114258,0.0,14.021525382995604,299.1973876953125,0.25,26.44799995422364,0.1319999992847442
1786016411350,2026-08-06 11:40:11,,,,22.63,21.66,21.36,,,,100.0,-113.0,-12.8,,,,,,,,,,
1786016420447,2026-08-06 11:40:20,39.84,32.51,26.5,,,,327.95,304.47,279.58,100.0,-112.0,-11.2,,,,,,,,,,
1786017600000,2026-08-06 12:00:00,,,,,,,,,,,,,30.24799919128418,42.0,1016.7000122070312,15.915915489196776,0.0,14.332340240478516,295.2776794433594,0.2399999946355819,27.14800071716309,0.1319999992847442
1786021200000,2026-08-06 13:00:00,,,,,,,,,,,,,29.49799919128418,42.0,1016.5,15.242423057556152,0.0,16.56391143798828,312.3573913574219,0.2199999988079071,27.64800071716309,0.1309999972581863
1786024800000,2026-08-06 14:00:00,,,,,,,,,,,,,29.347999572753903,41.0,1016.2999877929688,14.733355522155762,0.0,14.618837356567385,322.001220703125,0.1700000017881393,27.64800071716309,0.1309999972581863
1786028400000,2026-08-06 15:00:00,,,,,,,,,,,,,29.54800033569336,39.0,1016.0,14.137954711914062,0.0,12.287554740905762,301.827392578125,0.1800000071525573,27.69799995422364,0.1299999952316284
1786032000000,2026-08-06 16:00:00,,,,,,,,,,,,,29.39800071716309,37.0,1016.0,13.194985389709473,0.0,11.090103149414062,305.75396728515625,0.1599999964237213,27.69799995422364,0.1299999952316284
1786035600000,2026-08-06 17:00:00,,,,,,,,,,,,,28.19799995422364,38.0,1016.0999755859376,12.539219856262209,0.0,9.957107543945312,319.3987731933594,0.1299999952316284,27.347999572753903,0.1299999952316284
1786039200000,2026-08-06 18:00:00,,,,,,,,,,,,,26.89800071716309,34.0,1016.7999877929688,9.714900970458984,0.0,13.044721603393556,320.599365234375,0.0599999986588954,26.74799919128418,0.1289999932050705
1786042800000,2026-08-06 19:00:00,,,,,,,,,,,,,23.79800033569336,41.0,1018.0999755859376,9.757498741149902,0.0,12.682018280029297,325.4076538085937,0.0399999991059303,25.79800033569336,0.1289999932050705
1786046400000,2026-08-06 20:00:00,,,,,,,,,,,,,21.79800033569336,47.0,1019.2999877929688,9.986650466918944,0.0,9.957107543945312,310.6012268066406,0.0299999993294477,24.847999572753903,0.1289999932050705
1786050000000,2026-08-06 21:00:00,,,,,,,,,,,,,19.847999572753903,56.0,1020.0,10.81480598449707,0.0,4.394360065460205,325.0079040527344,0.0199999995529651,23.89800071716309,0.1289999932050705
1786053600000,2026-08-06 22:00:00,,,,,,,,,,,,,18.847999572753903,63.0,1020.5,11.653477668762209,0.0,2.595996856689453,326.3099060058594,0.0099999997764825,22.847999572753903,0.1289999932050705
1786057200000,2026-08-06 23:00:00,,,,,,,,,,,,,17.49799919128418,70.0,1020.5999755859376,11.965937614440918,0.0,3.096837043762207,324.4622497558594,0.0099999997764825,21.89800071716309,0.1289999932050705
1786059599894,2026-08-06 23:39:59,,,,23.24,22.77,21.53,,,,100.0,-113.0,-12.8,,,,,,,,,,
1786060800000,2026-08-07 00:00:00,,,,,,,,,,,,,18.097999572753903,69.0,1020.7000122070312,12.3214693069458,0.0,3.3190360069274902,310.6012268066406,0.0099999997764825,22.04800033569336,0.1299999952316284
1786064400000,2026-08-07 01:00:00,,,,,,,,,,,,,15.79800033569336,79.0,1020.5999755859376,12.16297435760498,0.0,3.396233081817627,327.9946594238281,0.0099999997764825,20.847999572753903,0.1299999952316284
1786068000000,2026-08-07 02:00:00,,,,,,,,,,,,,14.79800033569336,82.0,1021.0,11.754433631896973,0.0,2.595996856689453,326.3099060058594,0.0,19.69799995422364,0.1289999932050705
1786071600000,2026-08-07 03:00:00,,,,,,,,,,,,,14.04800033569336,83.0,1021.4000244140624,11.204792976379396,0.0,3.3190360069274902,310.6012268066406,0.0,18.64800071716309,0.1289999932050705
1786074003762,2026-08-07 03:40:03,39.69,32.26,26.18,,,,327.59,304.2,279.32,100.0,-113.0,-12.5,,,,,,,,,,
1786075200000,2026-08-07 04:00:00,,,,,,,,,,,,,13.697999954223633,85.0,1021.7000122070312,11.221331596374512,0.0,3.7064266204833984,299.05450439453125,0.0,17.79800033569336,0.1289999932050705
1786078800000,2026-08-07 05:00:00,,,,,,,,,,,,,15.14799976348877,83.0,1022.2000122070312,12.280545234680176,0.0,4.213691711425781,289.9831848144531,0.0,17.398000717163086,0.1289999932050705
1786082400000,2026-08-07 06:00:00,,,,,,,,,,,,,17.097999572753906,74.0,1022.5999755859376,12.4265775680542,0.0,6.1516828536987305,290.5561218261719,0.0599999986588954,18.14800071716309,0.1289999932050705
1786086000000,2026-08-07 07:00:00,,,,,,,,,,,,,18.64800071716309,69.0,1023.0,12.847384452819824,0.0,4.735060214996338,278.7460632324219,0.1199999973177909,19.14800071716309,0.1289999932050705
1786089600000,2026-08-07 08:00:00,,,,,,,,,,,,,20.49799919128418,61.0,1022.7999877929688,12.720197677612305,0.0,7.412853240966797,299.05450439453125,0.1800000071525573,20.29800033569336,0.1280000060796737
1786093200000,2026-08-07 09:00:00,,,,,,,,,,,,,21.847999572753903,52.0,1022.7000122070312,11.552897453308104,0.0,9.0,306.8699645996094,0.2300000041723251,21.29800033569336,0.1270000040531158
1786096800000,2026-08-07 10:00:00,,,,,,,,,,,,,22.847999572753903,47.0,1022.5,10.94490909576416,0.0,9.0,306.8699645996094,0.2800000309944153,22.39800071716309,0.1270000040531158
1786100400000,2026-08-07 11:00:00,,,,,,,,,,,,,23.597999572753903,43.0,1022.2999877929688,10.289532661437988,0.0,9.220499038696287,308.6598205566406,0.2800000309944153,23.347999572753903,0.1260000020265579
1786104000000,2026-08-07 12:00:00,,,,,,,,,,,,,24.24799919128418,40.0,1021.9000244140624,9.79232120513916,0.0,9.08598804473877,303.6900939941406,0.2599999904632568,24.097999572753903,0.1260000020265579
1786107600000,2026-08-07 13:00:00,,,,,,,,,,,,,24.74799919128418,36.0,1021.5,8.671554565429688,0.0,9.021574020385742,298.6103515625,0.25,24.64800071716309,0.125
1786111200000,2026-08-07 14:00:00,,,,,,,,,,,,,25.04800033569336,35.0,1021.0,8.519734382629395,0.0,8.404284477233887,279.8657531738281,0.2199999988079071,24.847999572753903,0.123999997973442
1786114800000,2026-08-07 15:00:00,,,,,,,,,,,,,24.847999572753903,33.0,1020.5999755859376,7.478563785552978,0.0,12.475960731506348,313.8309326171875,0.2100000232458114,24.94799995422364,0.123999997973442
1786118400000,2026-08-07 16:00:00,,,,,,,,,,,,,24.19799995422364,32.0,1020.2999877929688,6.462036609649658,0.0,10.966712951660156,336.8013916015625,0.1700000017881393,24.69799995422364,0.123999997973442
1786122000000,2026-08-07 17:00:00,,,,,,,,,,,,,23.29800033569336,35.0,1020.2999877929688,6.978246212005615,0.0,9.605998039245604,347.00537109375,0.1199999973177909,24.19799995422364,0.1230000033974647
1786125600000,2026-08-07 18:00:00,,,,,,,,,,,,,21.94799995422364,39.0,1020.4000244140624,7.362276077270508,0.0,6.1516828536987305,339.4438781738281,0.0599999986588954,23.39800071716309,0.1230000033974647
1786129200000,2026-08-07 19:00:00,,,,,,,,,,,,,18.14800071716309,52.0,1021.2000122070312,8.133062362670898,0.0,4.679999828338623,360.0,0.0199999995529651,22.097999572753903,0.1230000033974647
1786131584688,2026-08-07 19:39:44,,,,22.63,21.63,21.4,,,,100.0,-112.0,-10.8,,,,,,,,,,
1786132800000,2026-08-07 20:00:00,,,,,,,,,,,,,16.79800033569336,56.0,1021.7000122070312,7.969676971435547,0.0,4.735060214996338,8.746088981628418,0.0099999997764825,20.64800071716309,0.1230000033974647
1786136400000,2026-08-07 21:00:00,,,,,,,,,,,,,16.597999572753906,60.0,1022.2999877929688,8.800427436828613,0.0,2.27683973312378,71.5649642944336,0.0,19.29800033569336,0.1230000033974647
1786140000000,2026-08-07 22:00:00,,,,,,,,,,,,,15.847999572753906,64.0,1022.7000122070312,9.04856777191162,0.0,1.8356469869613647,281.3099060058594,0.0,18.24799919128418,0.1230000033974647
1786143600000,2026-08-07 23:00:00,,,,,,,,,,,,,13.998000144958496,74.0,1022.7000122070312,9.436273574829102,0.0,2.27683973312378,341.56494140625,0.0,17.347999572753906,0.1220000013709068
1786145991620,2026-08-07 23:39:51,39.32,31.68,25.6,,,,326.74,303.58,278.84,100.0,-122.0,-14.0,,,,,,,,,,
1786147200000,2026-08-08 00:00:00,,,,,,,,,,,,,12.347999572753906,85.0,1023.5,9.897186279296877,0.0,0.8049845099449158,26.564985275268555,0.0,16.847999572753906,0.123999997973442
1786150800000,2026-08-08 01:00:00,,,,,,,,,,,,,11.447999954223633,88.0,1024.0999755859375,9.52983283996582,0.0,1.7999999523162842,360.0,0.0,15.947999954223633,0.123999997973442
1786154400000,2026-08-08 02:00:00,,,,,,,,,,,,,11.04800033569336,89.0,1023.7999877929688,9.30369758605957,0.0,1.527350664138794,44.99989700317383,0.0,15.197999954223633,0.123999997973442
1786158000000,2026-08-08 03:00:00,,,,,,,,,,,,,10.748000144958496,90.0,1023.5,9.17361545562744,0.0,1.0182337760925293,44.99989700317383,0.0,14.54800033569336,0.123999997973442
1786160378589,2026-08-08 03:39:38,,,,22.19,22.29,21.53,,,,100.0,-122.0,-13.2,,,,,,,,,,
1786161600000,2026-08-08 04:00:00,,,,,,,,,,,,,10.248000144958496,94.0,1024.0999755859375,9.32467555999756,0.0,1.1384198665618896,108.43504333496094,0.0,13.947999954223633,0.123999997973442
1786165200000,2026-08-08 05:00:00,,,,,,,,,,,,,11.347999572753906,93.0,1024.4000244140625,10.25635814666748,0.0,1.6099690198898315,116.5649871826172,0.0,13.79800033569336,0.123999997973442
1786168800000,2026-08-08 06:00:00,,,,,,,,,,,,,14.097999572753906,81.0,1024.699951171875,10.886006355285645,0.0,1.4843180179595947,165.96372985839844,0.0299999993294477,14.79800033569336,0.123999997973442
1786172400000,2026-08-08 07:00:00,,,,,,,,,,,,,16.898000717163086,70.0,1024.300048828125,11.391121864318848,0.0,1.1384198665618896,198.4350433349609,0.0900000035762786,16.148000717163086,0.123999997973442
1786176000000,2026-08-08 08:00:00,,,,,,,,,,,,,19.79800033569336,58.0,1024.199951171875,11.297003746032717,0.0,1.0800000429153442,90.0,0.1500000059604644,17.597999572753906,0.1230000033974647
1786179600000,2026-08-08 09:00:00,,,,,,,,,,,,,21.69799995422364,48.0,1023.9000244140624,10.21019458770752,0.0,3.415259599685669,71.5649642944336,0.2300000041723251,19.19799995422364,0.1230000033974647
1786183200000,2026-08-08 10:00:00,,,,,,,,,,,,,23.19799995422364,43.0,1023.7000122070312,9.928439140319824,0.0,4.349896430969238,65.55606079101562,0.2800000309944153,20.64800071716309,0.1220000013709068
1786186800000,2026-08-08 11:00:00,,,,,,,,,,,,,24.49799919128418,39.0,1023.0,9.638076782226562,0.0,5.58870267868042,75.06853485107422,0.2900000214576721,21.94799995422364,0.1209999993443489
1786189172490,2026-08-08 11:39:32,,,,21.5,21.69,21.46,,,,100.0,-112.0,-11.5,,,,,,,,,,
1786189177964,2026-08-08 11:39:37,38.98,31.32,25.28,,,,325.98,303.2,278.58,100.0,-121.0,-14.5,,,,,,,,,,
1786190400000,2026-08-08 12:00:00,,,,,,,,,,,,,25.54800033569336,36.0,1022.2999877929688,9.378259658813477,0.0,6.696386814117432,53.74607849121094,0.2800000309944153,23.14800071716309,0.1209999993443489
1786194000000,2026-08-08 13:00:00,,,,,,,,,,,,,26.24799919128418,33.0,1021.7000122070312,8.702486991882324,0.0,2.099142551422119,149.03631591796875,0.2599999904632568,23.99799919128418,0.1199999973177909
1786197600000,2026-08-08 14:00:00,,,,,,,,,,,,,26.14800071716309,34.0,1021.4000244140624,9.05722999572754,0.0,11.298495292663574,30.65060043334961,0.2199999988079071,24.347999572753903,0.1199999973177909
1786201200000,2026-08-08 15:00:00,,,,,,,,,,,,,26.19799995422364,34.0,1021.0999755859376,9.101078033447266,0.0,7.1003098487854,59.53453826904297,0.2000000178813934,24.54800033569336,0.1190000027418136
1786203569390,2026-08-08 15:39:29,,,,21.79,20.75,21.4,,,,100.0,-121.0,-13.2,,,,,,,,,,
1786203576366,2026-08-08 15:39:36,39.03,31.3,25.28,,,,326.1,303.17,278.58,100.0,-122.0,-11.5,,,,,,,,,,
1786204800000,2026-08-08 16:00:00,,,,,,,,,,,,,25.89800071716309,35.0,1020.5999755859376,9.268012046813965,0.0,7.862518310546875,74.05453491210938,0.1700000017881393,24.54800033569336,0.1190000027418136
1786208400000,2026-08-08 17:00:00,,,,,,,,,,,,,24.64800071716309,38.0,1020.5999755859376,9.384897232055664,0.0,8.699792861938477,65.55606079101562,0.1199999973177909,24.04800033569336,0.1190000027418136
1786212000000,2026-08-08 18:00:00,,,,,,,,,,,,,22.89800071716309,40.0,1020.7999877929688,8.584068298339844,0.0,7.754636764526367,68.19853210449219,0.0500000044703483,23.19799995422364,0.1180000007152557
1786215600000,2026-08-08 19:00:00,,,,,,,,,,,,,19.847999572753903,50.0,1021.0,9.121260643005373,0.0,5.495161056518555,58.39254379272461,0.0299999993294477,21.99799919128418,0.1180000007152557
1786217966374,2026-08-08 19:39:26,,,,22.19,20.94,21.3,,,,100.0,-122.0,-13.8,,,,,,,,,,
1786217971943,2026-08-08 19:39:31,39.07,31.3,25.18,,,,326.19,303.17,278.5,100.0,-113.0,-13.0,,,,,,,,,,
1786219200000,2026-08-08 20:00:00,,,,,,,,,,,,,18.04800033569336,57.0,1021.0999755859376,9.39902400970459,0.0,4.33497428894043,85.23644256591797,0.0099999997764825,20.64800071716309,0.1180000007152557
1786222800000,2026-08-08 21:00:00,,,,,,,,,,,,,15.847999572753906,66.0,1021.2999877929688,9.50590705871582,0.0,4.104631423950195,74.74482727050781,0.0,19.29800033569336,0.1180000007152557
1786226400000,2026-08-08 22:00:00,,,,,,,,,,,,,14.597999572753906,70.0,1021.0999755859376,9.187124252319336,0.0,4.6938252449035645,85.60137939453125,0.0,18.14800071716309,0.1180000007152557
1786230000000,2026-08-08 23:00:00,,,,,,,,,,,,,13.89799976348877,73.0,1021.0,9.137642860412598,0.0,5.039999961853027,90.0,0.0,17.24799919128418,0.1180000007152557
1786233600000,2026-08-09 00:00:00,,,,,,,,,,,,,12.447999954223633,84.0,1021.0999755859376,9.818509101867676,0.0,4.0249223709106445,100.3047866821289,0.0,16.347999572753906,0.1190000027418136
1786237200000,2026-08-09 01:00:00,,,,,,,,,,,,,11.89799976348877,87.0,1020.5,9.80238914489746,0.0,5.411986351013184,93.81400299072266,0.0,15.79800033569336,0.1190000027418136
1786240800000,2026-08-09 02:00:00,,,,,,,,,,,,,13.347999572753906,81.0,1020.0,10.154601097106934,0.0,6.849466800689697,93.01272583007812,0.0,15.54800033569336,0.1190000027418136
1786244400000,2026-08-09 03:00:00,,,,,,,,,,,,,14.998000144958496,72.0,1019.7000122070312,9.990845680236816,0.0,8.287821769714355,92.489501953125,0.0099999997764825,15.597999572753906,0.1190000027418136
1786248000000,2026-08-09 04:00:00,,,,,,,,,,,,,15.748000144958496,68.0,1019.4000244140624,9.855685234069824,0.0,9.36691951751709,92.20255279541016,0.0099999997764825,15.89799976348877,0.1190000027418136
1786251600000,2026-08-09 05:00:00,,,,,,,,,,,,,16.947999954223633,64.0,1019.2000122070312,10.091429710388184,0.0,9.726664543151855,92.1210479736328,0.0299999993294477,16.24799919128418,0.1190000027418136
1786255200000,2026-08-09 06:00:00,,,,,,,,,,,,,19.097999572753903,59.0,1018.9000244140624,10.898571014404297,0.0,11.54247760772705,93.57626342773438,0.0700000077486038,16.947999954223633,0.1190000027418136
1786258800000,2026-08-09 07:00:00,,,,,,,,,,,,,22.04800033569336,51.0,1018.5,11.443737030029297,0.0,12.783802032470703,99.72750854492188,0.1500000059604644,17.99799919128418,0.1180000007152557
1786261157174,2026-08-09 07:39:17,,,,21.59,21.63,21.01,,,,100.0,-121.0,-13.5,,,,,,,,,,
1786261162773,2026-08-09 07:39:22,38.86,31.16,25.04,,,,325.71,303.02,278.38,100.0,-122.0,-13.8,,,,,,,,,,
1786262400000,2026-08-09 08:00:00,,,,,,,,,,,,,25.29800033569336,40.0,1018.2000122070312,10.731622695922852,0.0,12.738099098205566,132.70936584472656,0.2300000041723251,19.49799919128418,0.1180000007152557
1786266000000,2026-08-09 09:00:00,,,,,,,,,,,,,27.39800071716309,34.0,1017.9000244140624,10.15321922302246,0.0,11.753875732421877,139.9698028564453,0.2800000309944153,21.04800033569336,0.1180000007152557
1786269600000,2026-08-09 10:00:00,,,,,,,,,,,,,29.29800033569336,31.0,1017.2999877929688,10.424874305725098,0.0,12.722829818725586,154.88519287109375,0.2900000214576721,22.64800071716309,0.1169999986886978
1786273200000,2026-08-09 11:00:00,,,,,,,,,,,,,30.597999572753903,29.0,1016.7000122070312,10.54541301727295,0.0,14.44044303894043,175.71092224121094,0.2800000309944153,24.097999572753903,0.1169999986886978
1786275554149,2026-08-09 11:39:14,,,,21.53,21.53,20.97,,,,100.0,-121.0,-13.5,,,,,,,,,,
1786276800000,2026-08-09 12:00:00,,,,,,,,,,,,,31.44799995422364,26.0,1016.0999755859376,9.637093544006348,0.0,14.081478118896484,184.39862060546875,0.270000010728836,25.24799919128418,0.1169999986886978
1786280400000,2026-08-09 13:00:00,,,,,,,,,,,,,32.09800338745117,23.0,1015.5,8.365674018859863,0.0,13.32486343383789,178.45187377929688,0.25,26.14800071716309,0.1169999986886978
1786284000000,2026-08-09 14:00:00,,,,,,,,,,,,,32.448001861572266,23.0,1014.7000122070312,8.657868385314941,0.0,12.522619247436523,161.56495666503906,0.2300000041723251,26.847999572753903,0.1159999966621398
1786287600000,2026-08-09 15:00:00,,,,,,,,,,,,,32.59800338745117,22.0,1014.2000122070312,8.126713752746582,0.0,11.726277351379396,162.1212158203125,0.2100000232458114,27.19799995422364,0.1159999966621398
1786289951068,2026-08-09 15:39:11,,,,21.93,20.75,20.94,,,,100.0,-112.0,-9.0,,,,,,,,,,
1786289958078,2026-08-09 15:39:18,38.87,31.07,24.9,,,,325.74,302.93,278.27,100.0,-122.0,-14.5,,,,,,,,,,
1786291200000,2026-08-09 16:00:00,,,,,,,,,,,,,32.448001861572266,23.0,1013.7000122070312,8.657868385314941,0.0,8.66994857788086,184.7635498046875,0.1800000071525573,27.29800033569336,0.1159999966621398
1786294800000,2026-08-09 17:00:00,,,,,,,,,,,,,31.44799995422364,25.0,1013.5999755859376,9.053868293762209,0.0,9.77981662750244,173.65989685058594,0.1199999973177909,27.04800033569336,0.1159999966621398
1786298400000,2026-08-09 18:00:00,,,,,,,,,,,,,29.49799919128418,31.0,1013.2999877929688,10.598102569580078,0.0,6.6380720138549805,130.60121154785156,0.0599999986588954,26.347999572753903,0.1159999966621398
1786302000000,2026-08-09 19:00:00,,,,,,,,,,,,,24.847999572753903,44.0,1013.4000244140624,11.765575408935549,0.0,7.235910415649414,84.28949737548828,0.0399999991059303,25.19799995422364,0.1159999966621398
1786304348057,2026-08-09 19:39:08,,,,22.46,21.93,21.1,,,,100.0,-113.0,-9.0,,,,,,,,,,
1786304353660,2026-08-09 19:39:13,38.95,31.13,24.9,,,,325.92,302.99,278.27,100.0,-121.0,-13.2,,,,,,,,,,
1786305600000,2026-08-09 20:00:00,,,,,,,,,,,,,23.49799919128418,47.0,1013.5,11.537948608398438,0.0,7.993297576904297,82.23492431640625,0.0299999993294477,24.04800033569336,0.1159999966621398
1786309200000,2026-08-09 21:00:00,,,,,,,,,,,,,23.49799919128418,46.0,1013.2999877929688,11.21297836303711,0.0,8.647496223449707,87.61410522460938,0.0299999993294477,23.29800033569336,0.1150000020861625
1786312800000,2026-08-09 22:00:00,,,,,,,,,,,,,23.64800071716309,43.0,1013.2000122070312,10.33466911315918,0.0,9.028754234313965,85.42616271972656,0.0299999993294477,22.847999572753903,0.1150000020861625
1786316400000,2026-08-09 23:00:00,,,,,,,,,,,,,23.697999954223636,42.0,1013.2000122070312,10.027504920959473,0.0,7.342587947845459,78.69010162353516,0.0299999993294477,22.597999572753903,0.1150000020861625
1786320000000,2026-08-10 00:00:00,,,,,,,,,,,,,23.79800033569336,44.0,1012.2000122070312,10.815448760986328,0.0,7.235910415649414,84.28949737548828,0.0299999993294477,22.64800071716309,0.1159999966621398
1786323600000,2026-08-10 01:00:00,,,,,,,,,,,,,22.99799919128418,48.0,1012.2999877929688,11.399568557739258,0.0,5.959060192108154,64.98314666748047,0.0299999993294477,22.39800071716309,0.1159999966621398
1786327200000,2026-08-10 02:00:00,,,,,,,,,,,,,22.04800033569336,57.0,1012.7999877929688,13.136504173278809,0.0,2.9024126529693604,60.25520706176758,0.0199999995529651,21.847999572753903,0.1159999966621398
1786330800000,2026-08-10 03:00:00,,,,,,,,,,,,,21.04800033569336,59.0,1013.2000122070312,12.728066444396973,0.0,2.4149534702301025,153.4350128173828,0.0,20.947999954223636,0.1159999966621398
1786333141949,2026-08-10 03:39:01,,,,22.5,22.19,20.94,,,,100.0,-122.0,-13.8,,,,,,,,,,
1786333148934,2026-08-10 03:39:08,38.91,31.21,24.87,,,,325.83,303.08,278.24,100.0,-113.0,-13.5,,,,,,,,,,
1786334400000,2026-08-10 04:00:00,,,,,,,,,,,,,19.947999954223636,62.0,1013.4000244140624,12.449697494506836,0.0,2.189794540405273,80.53775024414062,0.0,20.097999572753903,0.1159999966621398
1786338000000,2026-08-10 05:00:00,,,,,,,,,,,,,20.04800033569336,66.0,1013.5999755859376,13.50106430053711,0.0,0.7199999690055847,90.0,0.0,19.597999572753903,0.1150000020861625
1786341600000,2026-08-10 06:00:00,,,,,,,,,,,,,22.49799919128418,65.0,1014.0999755859376,15.591472625732422,0.0,2.4149534702301025,296.5649719238281,0.0500000044703483,20.29800033569336,0.1150000020861625
1786345200000,2026-08-10 07:00:00,,,,,,,,,,,,,24.99799919128418,50.0,1014.4000244140624,13.855772972106934,0.0,6.297428131103516,300.96368408203125,0.1500000059604644,21.597999572753903,0.1150000020861625
1786347538904,2026-08-10 07:38:58,,,,22.29,21.2,21.2,,,,100.0,-113.0,-13.5,,,,,,,,,,
1786347545917,2026-08-10 07:39:05,38.84,31.16,24.83,,,,325.68,303.02,278.21,100.0,-121.0,-12.2,,,,,,,,,,
1786348800000,2026-08-10 08:00:00,,,,,,,,,,,,,26.347999572753903,47.0,1014.4000244140624,14.136672019958496,0.0,6.1516828536987305,290.5561218261719,0.2199999988079071,22.89800071716309,0.1150000020861625
1786352400000,2026-08-10 09:00:00,,,,,,,,,,,,,27.99799919128418,43.0,1014.2999877929688,14.2579984664917,0.0,5.315336227416992,298.3006591796875,0.2599999904632568,24.24799919128418,0.1150000020861625
1786356000000,2026-08-10 10:00:00,,,,,,,,,,,,,29.79800033569336,39.0,1013.9000244140624,14.36047649383545,0.0,5.116561412811279,320.7106018066406,0.2800000309944153,25.54800033569336,0.1140000000596046
1786359600000,2026-08-10 11:00:00,,,,,,,,,,,,,31.847999572753903,30.0,1013.5999755859376,12.132851600646973,0.0,10.703569412231444,289.6539001464844,0.2800000309944153,26.847999572753903,0.1140000000596046
1786363200000,2026-08-10 12:00:00,,,,,,,,,,,,,32.84800338745117,25.0,1013.2999877929688,10.234258651733398,0.0,14.51206398010254,277.1249084472656,0.2599999904632568,27.847999572753903,0.1140000000596046
1786366800000,2026-08-10 13:00:00,,,,,,,,,,,,,32.49800109863281,25.0,1012.7000122070312,9.939253807067873,0.0,12.324414253234863,276.7097473144531,0.2199999988079071,28.14800071716309,0.1140000000596046
1786370400000,2026-08-10 14:00:00,,,,,,,,,,,,,32.198001861572266,26.0,1012.2999877929688,10.272501945495604,0.0,12.074766159057615,296.5649719238281,0.1800000071525573,28.04800033569336,0.1129999980330467
1786374000000,2026-08-10 15:00:00,,,,,,,,,,,,,32.24800109863281,26.0,1012.2999877929688,10.314852714538574,0.0,16.055355072021484,312.27362060546875,0.1599999964237213,27.89800071716309,0.1129999980330467
1786377600000,2026-08-10 16:00:00,,,,,,,,,,,,,31.947999954223636,26.0,1011.7999877929688,10.0607271194458,0.0,10.630672454833984,298.3006591796875,0.1500000059604644,27.79800033569336,0.1129999980330467
1786381200000,2026-08-10 17:00:00,,,,,,,,,,,,,30.39800071716309,29.0,1011.9000244140624,10.373644828796388,0.0,7.421589851379394,309.0938415527344,0.0799999982118606,27.29800033569336,0.1129999980330467
1786384800000,2026-08-10 18:00:00,,,,,,,,,,,,,28.04800033569336,36.0,1013.0,11.585070610046388,0.0,9.107358932495115,341.56494140625,0.0599999986588954,26.54800033569336,0.1129999980330467
1786388400000,2026-08-10 19:00:00,,,,,,,,,,,,,25.097999572753903,47.0,1014.4000244140624,12.997188568115234,0.0,9.693296432495115,338.1985168457031,0.0399999991059303,25.597999572753903,0.1129999980330467
1786390736793,2026-08-10 19:38:56,38.98,31.27,24.83,,,,325.98,303.14,278.21,100.0,-113.0,-13.2,,,,,,,,,,
1786392000000,2026-08-10 20:00:00,,,,,,,,,,,,,22.74799919128418,62.0,1015.9000244140624,15.091506004333496,0.0,12.849528312683104,348.6900939941406,0.0299999993294477,24.64800071716309,0.1120000034570694
1786395600000,2026-08-10 21:00:00,,,,,,,,,,,,,20.74799919128418,68.0,1017.2999877929688,14.62848663330078,0.0,5.116561412811279,320.7106018066406,0.0199999995529651,23.64800071716309,0.1120000034570694
1786399200000,2026-08-10 22:00:00,,,,,,,,,,,,,18.847999572753903,76.0,1018.2999877929688,14.526439666748049,0.0,4.843304634094238,311.98712158203125,0.0099999997764825,22.54800033569336,0.1120000034570694
1786402800000,2026-08-10 23:00:00,,,,,,,,,,,,,17.648000717163086,82.0,1019.0,14.53718376159668,0.0,4.33497428894043,318.3665466308594,0.0099999997764825,21.54800033569336,0.1120000034570694
1786405126765,2026-08-10 23:38:46,,,,23.21,21.59,21.23,,,,100.0,-112.0,-12.2,,,,,,,,,,
1786406400000,2026-08-11 00:00:00,,,,,,,,,,,,,18.197999954223636,72.0,1019.7999877929688,13.067118644714355,0.0,4.829906940460205,333.4350280761719,0.0099999997764825,21.597999572753903,0.1129999980330467
1786410000000,2026-08-11 01:00:00,,,,,,,,,,,,,17.24799919128418,76.0,1020.0999755859376,12.978652954101562,0.0,4.510787010192871,331.3896179199219,0.0099999997764825,20.74799919128418,0.1129999980330467
1786413600000,2026-08-11 02:00:00,,,,,,,,,,,,,16.947999954223633,77.0,1020.9000244140624,12.888134956359863,0.0,5.495161056518555,328.3925476074219,0.0099999997764825,20.14800071716309,0.1129999980330467
1786417200000,2026-08-11 03:00:00,,,,,,,,,,,,,16.99799919128418,76.0,1021.7000122070312,12.736783981323242,0.0,8.404285430908203,316.73565673828125,0.0099999997764825,19.79800033569336,0.1129999980330467
1786420800000,2026-08-11 04:00:00,,,,,,,,,,,,,16.197999954223633,70.0,1022.5,10.72042465209961,0.0,9.29051113128662,324.4622497558594,0.0099999997764825,19.54800033569336,0.1129999980330467
1786424400000,2026-08-11 05:00:00,,,,,,,,,,,,,15.79800033569336,68.0,1023.2000122070312,9.903432846069336,0.0,9.29051113128662,324.4622497558594,0.0199999995529651,19.24799919128418,0.1129999980330467
1786428000000,2026-08-11 06:00:00,,,,,,,,,,,,,16.148000717163086,64.0,1023.5999755859376,9.333009719848633,0.0,8.942214012145996,319.8991394042969,0.0399999991059303,19.197999954223636,0.1129999980330467
1786431600000,2026-08-11 07:00:00,,,,,,,,,,,,,17.398000717163086,59.0,1023.9000244140624,9.302936553955078,0.0,9.585739135742188,304.28692626953125,0.0799999982118606,19.64800071716309,0.1129999980330467
1786433927654,2026-08-11 07:38:47,38.79,31.24,24.76,,,,325.56,303.11,278.15,100.0,-113.0,-10.2,,,,,,,,,,
1786435200000,2026-08-11 08:00:00,,,,,,,,,,,,,18.697999954223636,53.0,1024.199951171875,8.923641204833984,0.0,10.495713233947754,300.96368408203125,0.1099999994039535,20.49799919128418,0.1120000034570694
1786438800000,2026-08-11 09:00:00,,,,,,,,,,,,,19.89800071716309,47.0,1024.4000244140625,8.251789093017578,0.0,12.074766159057615,296.5649719238281,0.1500000059604644,21.347999572753903,0.1120000034570694
1786442400000,2026-08-11 10:00:00,,,,,,,,,,,,,21.097999572753903,43.0,1024.199951171875,8.031808853149414,0.0,12.72792148590088,298.7396850585937,0.1700000017881393,22.24799919128418,0.1120000034570694
1786446000000,2026-08-11 11:00:00,,,,,,,,,,,,,22.347999572753903,38.0,1024.0999755859375,7.338698387145996,0.0,13.397611618041992,300.6996459960937,0.1899999976158142,23.097999572753903,0.1120000034570694
1786449600000,2026-08-11 12:00:00,,,,,,,,,,,,,23.29800033569336,35.0,1024.0,6.978246212005615,0.0,14.081477165222168,302.4711608886719,0.2000000178813934,23.74799919128418,0.1120000034570694
1786453200000,2026-08-11 13:00:00,,,,,,,,,,,,,23.89800071716309,31.0,1024.0,5.740947723388672,0.0,14.399999618530272,306.8699645996094,0.1899999976158142,24.29800033569336,0.1110000014305114
1786456800000,2026-08-11 14:00:00,,,,,,,,,,,,,24.04800033569336,36.0,1023.7999877929688,8.052985191345215,0.0,13.044721603393556,320.599365234375,0.1700000017881393,24.54800033569336,0.1110000014305114
1786460400000,2026-08-11 15:00:00,,,,,,,,,,,,,23.24799919128418,37.0,1023.7999877929688,7.747447967529297,0.0,13.237038612365724,337.61981201171875,0.1400000154972076,24.49799919128418,0.1110000014305114
1786464000000,2026-08-11 16:00:00,,,,,,,,,,,,,22.74799919128418,37.0,1023.7999877929688,7.3039164543151855,0.0,9.346142768859863,344.3576965332031,0.1199999973177909,24.097999572753903,0.1110000014305114
1786467600000,2026-08-11 17:00:00,,,,,,,,,,,,,21.74799919128418,38.0,1024.0999755859375,6.804576873779297,0.0,9.107358932495115,341.56494140625,0.0900000035762786,23.447999954223636,0.1110000014305114
1786471200000,2026-08-11 18:00:00,,,,,,,,,,,,,20.097999572753903,40.0,1024.4000244140625,6.075950145721436,0.0,6.162207126617432,353.2902526855469,0.0500000044703483,22.49799919128418,0.1110000014305114
1786474800000,2026-08-11 19:00:00,,,,,,,,,,,,,17.597999572753906,48.0,1025.0,6.455774784088135,0.0,3.7064266204833984,29.05450820922852,0.0199999995529651,21.14800071716309,0.1110000014305114
1786477120506,2026-08-11 19:38:40,38.76,31.16,24.66,,,,325.5,303.02,278.07,100.0,-122.0,-14.2,,,,,,,,,,
1786478400000,2026-08-11 20:00:00,,,,,,,,,,,,,15.99799919128418,55.0,1025.5999755859375,6.9598565101623535,0.0,3.219938039779663,26.564985275268555,0.0099999997764825,19.597999572753903,0.1110000014305114
1786482000000,2026-08-11 21:00:00,,,,,,,,,,,,,14.697999954223633,59.0,1026.0,6.767353534698486,0.0,1.6099690198898315,26.564985275268555,0.0,18.24799919128418,0.1110000014305114
1786485600000,2026-08-11 22:00:00,,,,,,,,,,,,,13.697999954223633,62.0,1026.4000244140625,6.5470170974731445,0.0,1.7999999523162842,53.13002014160156,0.0,17.148000717163086,0.1099999994039535
1786489200000,2026-08-11 23:00:00,,,,,,,,,,,,,12.89799976348877,64.0,1026.800048828125,6.250654697418213,0.0,2.3051247596740723,51.34017181396485,0.0,16.197999954223633,0.1099999994039535
1786491508481,2026-08-11 23:38:28,,,,22.83,21.66,21.63,,,,100.0,-113.0,-13.2,,,,,,,,,,
1786492800000,2026-08-12 00:00:00,,,,,,,,,,,,,10.54800033569336,80.0,1027.0999755859375,7.241753578186035,0.0,1.7999999523162842,53.13002014160156,0.0,15.197999954223633,0.1099999994039535
1786496400000,2026-08-12 01:00:00,,,,,,,,,,,,,10.347999572753906,82.0,1027.800048828125,7.407982349395752,0.0,1.1384198665618896,108.43504333496094,0.0,14.39799976348877,0.1099999994039535
1786500000000,2026-08-12 02:00:00,,,,,,,,,,,,,9.79800033569336,85.0,1028.0,7.395654678344727,0.0,1.6099690198898315,116.5649871826172,0.0,13.79800033569336,0.1099999994039535
1786503600000,2026-08-12 03:00:00,,,,,,,,,,,,,9.248000144958496,86.0,1028.300048828125,7.026671409606934,0.0,1.6099690198898315,116.5649871826172,0.0,13.248000144958496,0.1099999994039535
1786507200000,2026-08-12 04:00:00,,,,,,,,,,,,,8.847999572753906,86.0,1028.5999755859375,6.633678436279297,0.0,1.1384198665618896,108.43504333496094,0.0,12.697999954223633,0.1099999994039535
1786510800000,2026-08-12 05:00:00,,,,,,,,,,,,,9.79800033569336,85.0,1028.699951171875,7.395654678344727,0.0,1.7999999523162842,90.0,0.0,12.498000144958496,0.1099999994039535
1786514400000,2026-08-12 06:00:00,,,,,,,,,,,,,12.498000144958496,74.0,1028.699951171875,7.988893985748291,0.0,1.7999999523162842,143.13002014160156,0.0199999995529651,13.498000144958496,0.1099999994039535
1786518000000,2026-08-12 07:00:00,,,,,,,,,,,,,15.498000144958496,64.0,1028.5999755859375,8.716700553894043,0.0,1.4843180179595947,194.0362701416016,0.0700000077486038,14.947999954223633,0.1099999994039535
1786521600000,2026-08-12 08:00:00,,,,,,,,,,,,,18.697999954223636,52.0,1028.199951171875,8.64164924621582,0.0,0.7199999690055847,180.0,0.1299999952316284,16.597999572753906,0.1099999994039535
1786525200000,2026-08-12 09:00:00,,,,,,,,,,,,,21.29800033569336,41.0,1028.0999755859375,7.512559413909912,0.0,2.811689853668213,129.80552673339844,0.2000000178813934,18.24799919128418,0.1099999994039535
1786528800000,2026-08-12 10:00:00,,,,,,,,,,,,,22.74799919128418,40.0,1027.9000244140625,8.449774742126465,0.0,1.7999999523162842,36.86999130249024,0.2399999946355819,19.79800033569336,0.1089999973773956
1786532400000,2026-08-12 11:00:00,,,,,,,,,,,,,23.99799919128418,32.0,1027.5,6.287694454193115,0.0,4.829906940460205,63.43501281738281,0.2599999904632568,21.197999954223636,0.1089999973773956
1786534699347,2026-08-12 11:38:19,,,,21.73,21.23,21.33,,,,100.0,-122.0,-13.8,,,,,,,,,,
1786536000000,2026-08-12 12:00:00,,,,,,,,,,,,,24.947999954223636,31.0,1027.0999755859375,6.652717590332031,0.0,3.877318382263184,68.19853210449219,0.25,22.39800071716309,0.1089999973773956
1786539600000,2026-08-12 13:00:00,,,,,,,,,,,,,25.54800033569336,32.0,1026.9000244140625,7.638400077819824,0.0,5.191993713378906,56.30991363525391,0.2300000041723251,23.24799919128418,0.1089999973773956
1786543200000,2026-08-12 14:00:00,,,,,,,,,,,,,25.79800033569336,28.0,1026.800048828125,5.909090518951416,0.0,5.495161056518555,58.39254379272461,0.2100000232458114,23.79800033569336,0.1089999973773956
1786546800000,2026-08-12 15:00:00,,,,,,,,,,,,,25.847999572753903,27.0,1026.5999755859375,5.426718235015869,0.0,6.608721733093262,60.64234161376953,0.1899999976158142,24.04800033569336,0.1089999973773956
1786550400000,2026-08-12 16:00:00,,,,,,,,,,,,,25.29800033569336,25.0,1026.4000244140625,3.856932401657105,0.0,7.421589851379394,67.16631317138672,0.1599999964237213,23.947999954223636,0.1080000028014183
1786554000000,2026-08-12 17:00:00,,,,,,,,,,,,,24.29800033569336,33.0,1026.4000244140625,6.997512340545654,0.0,7.199999809265137,53.13002014160156,0.1099999994039535,23.39800071716309,0.1080000028014183
1786557600000,2026-08-12 18:00:00,,,,,,,,,,,,,22.04800033569336,37.0,1026.5999755859375,6.682808876037598,0.0,5.399999618530273,36.86997985839844,0.0500000044703483,22.49799919128418,0.1080000028014183
1786561200000,2026-08-12 19:00:00,,,,,,,,,,,,,19.447999954223636,45.0,1027.0999755859375,7.203406810760498,0.0,5.86037540435791,47.48959732055664,0.0199999995529651,21.197999954223636,0.1080000028014183
1786563500319,2026-08-12 19:38:20,38.52,30.86,24.38,,,,324.98,302.7,277.84,100.0,-113.0,-10.5,,,,,,,,,,
1786564800000,2026-08-12 20:00:00,,,,,,,,,,,,,18.447999954223636,49.0,1027.300048828125,7.536417484283447,0.0,4.896529197692871,72.89718627929688,0.0199999995529651,19.99799919128418,0.1080000028014183
1786568400000,2026-08-12 21:00:00,,,,,,,,,,,,,16.24799919128418,59.0,1027.5999755859375,8.223162651062012,0.0,3.877318382263184,111.80147552490234,0.0099999997764825,18.79800033569336,0.1080000028014183
1786572000000,2026-08-12 22:00:00,,,,,,,,,,,,,14.14799976348877,66.0,1027.800048828125,7.887917995452881,0.0,3.7585103511810303,73.30067443847656,0.0,17.54800033569336,0.1080000028014183
1786575600000,2026-08-12 23:00:00,,,,,,,,,,,,,12.697999954223633,73.0,1028.0999755859375,7.981596946716309,0.0,4.379589080810547,80.53775024414062,0.0,16.447999954223633,0.1080000028014183
1786579200000,2026-08-13 00:00:00,,,,,,,,,,,,,11.248000144958496,79.0,1028.5,7.738781452178955,0.0,4.349896430969238,114.4439468383789,0.0,15.39799976348877,0.1080000028014183
1786582800000,2026-08-13 01:00:00,,,,,,,,,,,,,10.39799976348877,82.0,1028.5999755859375,7.45682954788208,0.0,4.0249223709106445,100.3047866821289,0.0,14.748000144958496,0.1080000028014183
1786586400000,2026-08-13 02:00:00,,,,,,,,,,,,,10.14799976348877,83.0,1028.4000244140625,7.3899359703063965,0.0,4.802999019622803,102.99462127685548,0.0,14.197999954223633,0.1080000028014183
1786590000000,2026-08-13 03:00:00,,,,,,,,,,,,,10.04800033569336,83.0,1028.4000244140625,7.292102813720703,0.0,4.213691711425781,109.98319244384766,0.0,13.748000144958496,0.1080000028014183
1786592287134,2026-08-13 03:38:07,,,,22.09,21.36,21.43,,,,100.0,-122.0,-11.8,,,,,,,,,,
1786592292761,2026-08-13 03:38:12,38.4,30.83,24.27,,,,324.71,302.67,277.75,100.0,-122.0,-11.8,,,,,,,,,,
1786593600000,2026-08-13 04:00:00,,,,,,,,,,,,,9.79800033569336,82.0,1028.5,6.870659351348877,0.0,3.219938039779663,116.5649871826172,0.0,13.248000144958496,0.1080000028014183
1786597200000,2026-08-13 05:00:00,,,,,,,,,,,,,10.597999572753906,82.0,1028.5999755859375,7.652212142944336,0.0,3.3190360069274902,102.52880096435548,0.0,12.998000144958496,0.1080000028014183
1786600800000,2026-08-13 06:00:00,,,,,,,,,,,,,14.04800033569336,69.0,1028.5999755859375,8.447339057922363,0.0,3.096837043762207,144.4622344970703,0.0199999995529651,13.79800033569336,0.1080000028014183
1786604400000,2026-08-13 07:00:00,,,,,,,,,,,,,18.04800033569336,57.0,1028.199951171875,9.39902400970459,0.0,1.7999999523162842,143.13002014160156,0.0799999982118606,15.347999572753906,0.1080000028014183
1786606684215,2026-08-13 07:38:04,,,,21.76,21.73,21.43,,,,100.0,-112.0,-10.2,,,,,,,,,,
1786606691233,2026-08-13 07:38:11,38.27,30.72,24.2,,,,324.44,302.55,277.7,100.0,-113.0,-15.2,,,,,,,,,,
1786608000000,2026-08-13 08:00:00,,,,,,,,,,,,,22.54800033569336,43.0,1027.699951171875,9.341547966003418,0.0,3.3190360069274902,130.60121154785156,0.1400000154972076,17.24799919128418,0.1080000028014183
1786611600000,2026-08-13 09:00:00,,,,,,,,,,,,,24.74799919128418,33.0,1027.5999755859375,7.391109466552734,0.0,6.519876956939697,96.34009552001952,0.2100000232458114,19.197999954223636,0.1080000028014183
1786615200000,2026-08-13 10:00:00,,,,,,,,,,,,,26.14800071716309,33.0,1027.5999755859375,8.615096092224121,0.0,5.804825305938721,82.87508392333984,0.25,20.947999954223636,0.1080000028014183
1786618800000,2026-08-13 11:00:00,,,,,,,,,,,,,27.29800033569336,26.0,1027.199951171875,6.116183280944824,0.0,6.608721733093262,60.64234161376953,0.2599999904632568,22.49799919128418,0.1070000007748603
1786621088140,2026-08-13 11:38:08,38.19,30.61,24.09,,,,324.26,302.43,277.61,100.0,-113.0,-7.2,,,,,,,,,,
1786622400000,2026-08-13 12:00:00,,,,,,,,,,,,,28.29800033569336,24.0,1026.4000244140625,5.802879810333252,0.0,7.903619289398193,59.93151092529297,0.2399999946355819,23.74799919128418,0.1070000007748603
1786626000000,2026-08-13 13:00:00,,,,,,,,,,,,,28.99799919128418,21.0,1025.5999755859375,4.467008590698242,0.0,8.55710220336914,75.37908935546875,0.2300000041723251,24.697999954223636,0.1070000007748603
1786629600000,2026-08-13 14:00:00,,,,,,,,,,,,,29.29800033569336,20.0,1025.0,4.018136978149414,0.0,9.44957160949707,72.25524139404297,0.2100000232458114,25.29800033569336,0.1070000007748603
1786633200000,2026-08-13 15:00:00,,,,,,,,,,,,,29.04800033569336,20.0,1024.699951171875,3.812377452850342,0.0,9.904906272888184,70.90641784667969,0.1800000071525573,25.54800033569336,0.1070000007748603
1786635478001,2026-08-13 15:37:58,,,,21.86,21.86,21.33,,,,100.0,-121.0,-13.8,,,,,,,,,,
1786635485088,2026-08-13 15:38:05,38.33,30.69,24.2,,,,324.56,302.52,277.7,100.0,-121.0,-14.5,,,,,,,,,,
1786636800000,2026-08-13 16:00:00,,,,,,,,,,,,,28.347999572753903,21.0,1024.5,3.9288346767425537,0.0,9.983105659484863,64.35904693603516,0.1500000059604644,25.39800071716309,0.1059999987483024
1786640400000,2026-08-13 17:00:00,,,,,,,,,,,,,27.24799919128418,24.0,1024.300048828125,4.919476509094238,0.0,8.89134407043457,68.62931060791016,0.1099999994039535,24.89800071716309,0.1059999987483024
1786644000000,2026-08-13 18:00:00,,,,,,,,,,,,,24.347999572753903,32.0,1024.300048828125,6.592783451080322,0.0,7.56856632232666,64.65387725830078,0.0500000044703483,23.99799919128418,0.1059999987483024
1786647600000,2026-08-13 19:00:00,,,,,,,,,,,,,21.74799919128418,37.0,1024.4000244140625,6.416558265686035,0.0,6.287129878997803,76.75946807861328,0.0299999993294477,22.74799919128418,0.1059999987483024
1786649882080,2026-08-13 19:38:02,38.43,30.75,24.17,,,,324.77,302.58,277.67,100.0,-122.0,-12.2,,,,,,,,,,
1786651200000,2026-08-13 20:00:00,,,,,,,,,,,,,18.74799919128418,45.0,1024.5999755859375,6.567111968994141,0.0,5.506940841674805,78.69010162353516,0.0199999995529651,21.447999954223636,0.1059999987483024
1786654800000,2026-08-13 21:00:00,,,,,,,,,,,,,16.79800033569336,54.0,1024.4000244140625,7.435894966125488,0.0,4.735060214996338,81.25392150878906,0.0099999997764825,20.24799919128418,0.1059999987483024
1786658400000,2026-08-13 22:00:00,,,,,,,,,,,,,15.447999954223633,62.0,1024.5,8.200575828552246,0.0,4.735060214996338,98.74607849121094,0.0099999997764825,19.097999572753903,0.1059999987483024
1786662000000,2026-08-13 23:00:00,,,,,,,,,,,,,14.39799976348877,67.0,1024.5,8.347549438476562,0.0,4.6938252449035645,94.39862060546876,0.0099999997764825,18.14800071716309,0.1059999987483024
1786664272077,2026-08-13 23:37:52,,,,22.39,22.26,20.91,,,,100.0,-113.0,-11.2,,,,,,,,,,
1786665600000,2026-08-14 00:00:00,,,,,,,,,,,,,12.447999954223633,73.0,1024.5,7.74072790145874,0.0,4.379589080810547,99.46224975585938,0.0,16.697999954223633,0.1059999987483024
1786669200000,2026-08-14 01:00:00,,,,,,,,,,,,,12.248000144958496,73.0,1024.0,7.548027992248535,0.0,4.735060214996338,98.74607849121094,0.0,15.99799919128418,0.1059999987483024
1786672800000,2026-08-14 02:00:00,,,,,,,,,,,,,12.097999572753906,73.0,1023.9000244140624,7.40349817276001,0.0,5.091168403625488,98.13002014160156,0.0,15.447999954223633,0.1059999987483024
1786676400000,2026-08-14 03:00:00,,,,,,,,,,,,,12.54800033569336,71.0,1023.7000122070312,7.429569721221924,0.0,5.091168403625488,98.13002014160156,0.0,14.998000144958496,0.1059999987483024
1786680000000,2026-08-14 04:00:00,,,,,,,,,,,,,12.847999572753906,70.0,1023.2999877929688,7.509620189666748,0.0,5.447788238525391,97.59455108642578,0.0,14.64799976348877,0.1059999987483024
1786683600000,2026-08-14 05:00:00,,,,,,,,,,,,,15.197999954223633,63.0,1023.2000122070312,8.199944496154785,0.0,5.937272071838379,104.03627014160156,0.0099999997764825,14.597999572753906,0.1059999987483024
1786687200000,2026-08-14 06:00:00,,,,,,,,,,,,,18.89800071716309,51.0,1022.7000122070312,8.53933334350586,0.0,7.342587947845459,101.30989837646484,0.0399999991059303,15.597999572753906,0.1049999967217445
1786690800000,2026-08-14 07:00:00,,,,,,,,,,,,,22.14800071716309,41.0,1022.2999877929688,8.276087760925293,0.0,9.605998039245604,102.99462127685548,0.1000000089406967,17.148000717163086,0.1049999967217445
1786694400000,2026-08-14 08:00:00,,,,,,,,,,,,,25.697999954223636,31.0,1021.7999877929688,7.303686141967773,0.0,10.703569412231444,132.27362060546875,0.1599999964237213,18.89800071716309,0.1049999967217445
1786698000000,2026-08-14 09:00:00,,,,,,,,,,,,,27.54800033569336,28.0,1021.5,7.409013748168945,0.0,11.480557441711426,138.81417846679688,0.2100000232458114,20.697999954223636,0.1049999967217445
1786701600000,2026-08-14 10:00:00,,,,,,,,,,,,,29.04800033569336,25.0,1021.0,7.0280585289001465,0.0,11.592893600463867,143.8417205810547,0.2300000041723251,22.347999572753903,0.1049999967217445
1786705200000,2026-08-14 11:00:00,,,,,,,,,,,,,30.39800071716309,22.0,1020.2000122070312,6.298713684082031,0.0,10.883675575256348,145.78424072265625,0.2300000041723251,23.847999572753903,0.1049999967217445
1786707462822,2026-08-14 11:37:42,,,,21.14,21.36,21.2,,,,100.0,-122.0,-11.2,,,,,,,,,,
1786707468418,2026-08-14 11:37:48,46.45,43.32,43.0,,,,346.5,325.68,300.08,100.0,-121.0,-12.2,,,,,,,,,,
1786708800000,2026-08-14 12:00:00,,,,,,,,,,,,,31.39800071716309,19.0,1019.5,5.006185531616211,0.0,9.686609268188477,138.0128631591797,0.2199999988079071,25.197999954223636,0.1049999967217445
1786712400000,2026-08-14 13:00:00,,,,,,,,,,,,,32.09800338745117,17.0,1018.9000244140624,3.983226776123047,0.0,8.91318130493164,136.63653564453125,0.2100000232458114,26.24799919128418,0.1049999967217445
1786716000000,2026-08-14 14:00:00,,,,,,,,,,,,,32.448001861572266,16.0,1018.2000122070312,3.402751922607422,0.0,8.049844741821289,153.4350128173828,0.1899999976158142,26.99799919128418,0.1049999967217445
1786719600000,2026-08-14 15:00:00,,,,,,,,,,,,,32.39800262451172,16.0,1017.5,3.3627378940582275,0.0,8.20926284790039,164.7448272705078,0.1700000017881393,27.347999572753903,0.1049999967217445
1786721859740,2026-08-14 15:37:39,,,,21.5,21.04,21.17,,,,100.0,-113.0,-13.8,,,,,,,,,,
1786723200000,2026-08-14 16:00:00,,,,,,,,,,,,,31.697999954223636,19.0,1016.9000244140624,5.251232147216797,0.0,8.5873384475708,146.97613525390625,0.1400000154972076,27.347999572753903,0.1040000021457672
1786726800000,2026-08-14 17:00:00,,,,,,,,,,,,,30.64800071716309,19.0,1016.5999755859376,4.393340110778809,0.0,8.049844741821289,153.4350128173828,0.1000000089406967,26.89800071716309,0.1040000021457672
1786730400000,2026-08-14 18:00:00,,,,,,,,,,,,,27.24799919128418,27.0,1016.7000122070312,6.621668815612793,0.0,5.623379707336426,129.80552673339844,0.0500000044703483,25.947999954223636,0.1040000021457672
1786734000000,2026-08-14 19:00:00,,,,,,,,,,,,,21.947999954223636,37.0,1016.9000244140624,6.594062328338623,0.0,5.86037540435791,79.3803939819336,0.0299999993294477,24.447999954223636,0.1040000021457672
1786736263780,2026-08-14 19:37:43,43.89,41.07,39.68,,,,338.44,318.65,292.45,100.0,-114.0,-13.0,,,,,,,,,,
1786737600000,2026-08-14 20:00:00,,,,,,,,,,,,,19.29800033569336,43.0,1017.0,6.404939651489258,0.0,5.86037540435791,79.3803939819336,0.0199999995529651,22.89800071716309,0.1040000021457672
1786741200000,2026-08-14 21:00:00,,,,,,,,,,,,,17.49799919128418,50.0,1016.7999877929688,6.9583353996276855,0.0,5.411986351013184,86.18600463867188,0.0099999997764825,21.54800033569336,0.1040000021457672
1786744800000,2026-08-14 22:00:00,,,,,,,,,,,,,16.49799919128418,54.0,1016.7999877929688,7.15710973739624,0.0,5.399999618530273,90.0,0.0099999997764825,20.447999954223636,0.1040000021457672
1786748400000,2026-08-14 23:00:00,,,,,,,,,,,,,15.99799919128418,54.0,1016.5999755859376,6.692419052124023,0.0,5.411986351013184,86.18600463867188,0.0099999997764825,19.49799919128418,0.1040000021457672
1786750653775,2026-08-14 23:37:33,,,,22.06,21.4,21.3,,,,100.0,-121.0,-11.5,,,,,,,,,,
1786752000000,2026-08-15 00:00:00,,,,,,,,,,,,,14.597999572753906,72.0,1016.5,9.606205940246582,0.0,5.039999961853027,90.0,0.0099999997764825,17.74799919128418,0.1049999967217445
1786755600000,2026-08-15 01:00:00,,,,,,,,,,,,,14.29800033569336,67.0,1015.7999877929688,8.25219440460205,0.0,5.154415607452393,102.09474182128906,0.0,17.197999954223633,0.1040000021457672
1786759200000,2026-08-15 02:00:00,,,,,,,,,,,,,14.14799976348877,67.0,1015.7000122070312,8.109156608581543,0.0,5.351784706115723,109.65391540527344,0.0,16.697999954223633,0.1040000021457672
1786762800000,2026-08-15 03:00:00,,,,,,,,,,,,,14.64799976348877,66.0,1015.5,8.363851547241211,0.0,5.58870267868042,104.93147277832033,0.0099999997764825,16.347999572753906,0.1040000021457672
1786766400000,2026-08-15 04:00:00,,,,,,,,,,,,,14.847999572753906,66.0,1015.2999877929688,8.554210662841797,0.0,5.937272071838379,104.03627014160156,0.0099999997764825,16.097999572753906,0.1040000021457672
1786770000000,2026-08-15 05:00:00,,,,,,,,,,,,,16.79800033569336,61.0,1015.0999755859376,9.233931541442873,0.0,6.287129878997803,103.24053192138672,0.0099999997764825,16.097999572753906,0.1040000021457672
1786773600000,2026-08-15 06:00:00,,,,,,,,,,,,,20.29800033569336,51.0,1015.0,9.830519676208496,0.0,6.725354194641113,105.52417755126952,0.0700000077486038,16.847999572753906,0.1040000021457672
1786777200000,2026-08-15 07:00:00,,,,,,,,,,,,,23.64800071716309,43.0,1015.0,10.33466911315918,0.0,7.695919990539551,100.78425598144533,0.1700000017881393,18.097999572753903,0.1040000021457672
1786779447593,2026-08-15 07:37:27,,,,21.53,21.56,21.23,,,,100.0,-111.0,-9.2,,,,,,,,,,
1786780800000,2026-08-15 08:00:00,,,,,,,,,,,,,27.197999954223636,36.0,1014.7000122070312,10.835028648376465,0.0,7.235910415649414,95.71050262451172,0.25,19.597999572753903,0.1040000021457672
1786784400000,2026-08-15 09:00:00,,,,,,,,,,,,,31.14800071716309,26.0,1013.9000244140624,9.382857322692873,0.0,7.172948837280273,107.5256576538086,0.3199999928474426,21.347999572753903,0.1040000021457672
1786788000000,2026-08-15 10:00:00,,,,,,,,,,,,,33.59800338745117,22.0,1013.2000122070312,8.956768035888672,0.0,5.815978050231934,111.80147552490234,0.3300000131130218,23.14800071716309,0.1040000021457672
1786791600000,2026-08-15 11:00:00,,,,,,,,,,,,,34.89800262451172,21.0,1012.5999755859376,9.341389656066896,0.0,2.9024126529693604,119.74478912353516,0.3100000023841858,24.79800033569336,0.1040000021457672
1786793844598,2026-08-15 11:37:24,,,,21.36,21.04,21.14,,,,100.0,-121.0,-14.8,,,,,,,,,,
1786793850111,2026-08-15 11:37:30,42.63,39.61,36.07,,,,334.94,314.54,287.49,100.0,-122.0,-13.8,,,,,,,,,,
1786795200000,2026-08-15 12:00:00,,,,,,,,,,,,,35.39800262451172,20.0,1012.0999755859376,9.027812004089355,0.0,0.3599999845027923,270.0,0.270000010728836,26.04800033569336,0.1040000021457672
1786798800000,2026-08-15 13:00:00,,,,,,,,,,,,,36.29800033569336,17.0,1011.7000122070312,7.363460540771484,0.0,4.379589080810547,279.4622497558594,0.25,27.04800033569336,0.1040000021457672
1786802400000,2026-08-15 14:00:00,,,,,,,,,,,,,36.49800109863281,17.0,1011.4000244140624,7.524161338806152,0.0,4.693825721740723,302.4711608886719,0.2300000041723251,27.79800033569336,0.1040000021457672
1786806000000,2026-08-15 15:00:00,,,,,,,,,,,,,36.24800109863281,16.0,1011.0999755859376,6.439292907714844,0.0,4.843304634094238,318.01287841796875,0.2100000232458114,28.29800033569336,0.1030000001192092
1786809600000,2026-08-15 16:00:00,,,,,,,,,,,,,35.54800033569336,17.0,1010.7000122070312,6.7606201171875,0.0,6.1516828536987305,290.5561218261719,0.1800000071525573,28.447999954223636,0.1030000001192092
1786813200000,2026-08-15 17:00:00,,,,,,,,,,,,,33.74800109863281,21.0,1010.4000244140624,8.392794609069824,0.0,5.116561412811279,320.7106018066406,0.1199999973177909,28.29800033569336,0.1030000001192092
1786816800000,2026-08-15 18:00:00,,,,,,,,,,,,,28.99799919128418,34.0,1010.2999877929688,11.55514144897461,0.0,4.829906940460205,26.564985275268555,0.0399999991059303,27.49799919128418,0.1030000001192092
1786820400000,2026-08-15 19:00:00,,,,,,,,,,,,,25.29800033569336,41.0,1011.0999755859376,11.103398323059082,0.0,3.826852560043335,41.18583679199219,0.0099999997764825,25.947999954223636,0.1030000001192092
1786822638439,2026-08-15 19:37:18,,,,22.36,21.86,20.88,,,,100.0,-113.0,-14.8,,,,,,,,,,
1786822645439,2026-08-15 19:37:25,42.32,38.89,33.42,,,,334.11,312.63,285.3,100.0,-122.0,-12.0,,,,,,,,,,
1786824000000,2026-08-15 20:00:00,,,,,,,,,,,,,23.097999572753903,45.0,1012.2000122070312,10.518667221069336,0.0,4.693825721740723,327.5288391113281,0.0,24.29800033569336,0.1030000001192092
1786827600000,2026-08-15 21:00:00,,,,,,,,,,,,,20.39800071716309,60.0,1012.9000244140624,12.374038696289062,0.0,3.2599384784698486,353.659912109375,0.0099999997764825,23.04800033569336,0.1030000001192092
1786831200000,2026-08-15 22:00:00,,,,,,,,,,,,,19.89800071716309,63.0,1013.4000244140624,12.646471977233888,0.0,1.938659191131592,338.1985168457031,0.0,21.99799919128418,0.1030000001192092
1786834800000,2026-08-15 23:00:00,,,,,,,,,,,,,19.347999572753903,66.0,1013.4000244140624,12.83542251586914,0.0,1.6099690198898315,63.43501281738281,0.0,21.097999572753903,0.1030000001192092
1786837042421,2026-08-15 23:37:22,42.22,38.72,32.89,,,,333.84,312.18,284.86,100.0,-113.0,-13.0,,,,,,,,,,
1786838400000,2026-08-16 00:00:00,,,,,,,,,,,,,19.54800033569336,65.0,1013.5,12.79212760925293,0.0,4.6102495193481445,321.3401794433594,0.0,22.097999572753903,0.1040000021457672
1786842000000,2026-08-16 01:00:00,,,,,,,,,,,,,19.197999954223636,69.0,1013.7000122070312,13.373244285583496,0.0,1.938659191131592,338.1985168457031,0.0,21.14800071716309,0.1040000021457672
1786845600000,2026-08-16 02:00:00,,,,,,,,,,,,,18.64800071716309,72.0,1013.5999755859376,13.499603271484377,0.0,4.394360065460205,124.99209594726562,0.0,20.347999572753903,0.1040000021457672
1786849200000,2026-08-16 03:00:00,,,,,,,,,,,,,17.49799919128418,79.0,1013.4000244140624,13.81540870666504,0.0,3.075841426849365,110.5561294555664,0.0,19.847999572753903,0.1040000021457672
1786852800000,2026-08-16 04:00:00,,,,,,,,,,,,,17.99799919128418,78.0,1013.5999755859376,14.104561805725098,0.0,1.938659191131592,338.1985168457031,0.0,19.54800033569336,0.1040000021457672
1786856400000,2026-08-16 05:00:00,,,,,,,,,,,,,18.54800033569336,78.0,1014.0,14.638264656066896,0.0,2.0364675521850586,315.0000915527344,0.0,19.39800071716309,0.1040000021457672
1786860000000,2026-08-16 06:00:00,,,,,,,,,,,,,20.29800033569336,71.0,1014.7000122070312,14.867755889892578,0.0,6.489992141723633,303.6900939941406,0.0099999997764825,19.79800033569336,0.1040000021457672
1786863600000,2026-08-16 07:00:00,,,,,,,,,,,,,20.49799919128418,74.0,1015.2000122070312,15.704790115356444,0.2000000029802322,6.193674087524414,305.5377502441406,0.0500000044703483,20.197999954223636,0.1040000021457672
1786867200000,2026-08-16 08:00:00,,,,,,,,,,,,,19.89800071716309,81.0,1015.7000122070312,16.540420532226562,0.5,7.235910415649414,264.2894897460937,0.0599999986588954,20.39800071716309,0.1040000021457672
1786870800000,2026-08-16 09:00:00,,,,,,,,,,,,,19.447999954223636,84.0,1016.2000122070312,16.673229217529297,0.800000011920929,2.741678237915039,293.1986083984375,0.0799999982118606,20.347999572753903,0.1030000001192092
1786874400000,2026-08-16 10:00:00,,,,,,,,,,,,,20.64800071716309,80.0,1015.5,17.075000762939453,0.8999999761581421,3.545588731765747,336.0375061035156,0.1099999994039535,20.597999572753903,0.1030000001192092
1786878000000,2026-08-16 11:00:00,,,,,,,,,,,,,23.54800033569336,69.0,1014.9000244140624,17.53061866760254,0.0,5.014219284057617,111.03758239746094,0.3400000035762787,21.74799919128418,0.1030000001192092
1786880226252,2026-08-16 11:37:06,,,,22.06,21.27,21.27,,,,100.0,-112.0,-10.5,,,,,,,,,,
1786880233250,2026-08-16 11:37:13,41.82,38.22,31.72,,,,332.8,310.9,283.89,100.0,-121.0,-12.0,,,,,,,,,,
1786881600000,2026-08-16 12:00:00,,,,,,,,,,,,,24.74799919128418,62.0,1014.9000244140624,16.977529525756836,0.0,1.2979984283447266,213.69009399414065,0.4399999976158142,22.79800033569336,0.1030000001192092
1786885200000,2026-08-16 13:00:00,,,,,,,,,,,,,25.89800071716309,57.0,1014.7000122070312,16.730247497558594,0.0,5.351784706115723,312.27362060546875,0.3600000143051147,23.64800071716309,0.1030000001192092
1786888800000,2026-08-16 14:00:00,,,,,,,,,,,,,25.947999954223636,56.0,1014.4000244140624,16.498268127441406,0.0,8.78872013092041,325.0079040527344,0.2800000309944153,24.49799919128418,0.1040000021457672
1786892400000,2026-08-16 15:00:00,,,,,,,,,,,,,25.89800071716309,56.0,1014.0,16.45172119140625,0.0,9.255571365356444,346.5042419433594,0.1599999964237213,24.64800071716309,0.1040000021457672
1786896000000,2026-08-16 16:00:00,,,,,,,,,,,,,25.74799919128418,57.0,1013.4000244140624,16.59029197692871,0.0,6.6380720138549805,40.60121536254883,0.1299999952316284,24.74799919128418,0.1040000021457672
1786899600000,2026-08-16 17:00:00,,,,,,,,,,,,,25.197999954223636,57.0,1013.0999755859376,16.077096939086914,0.0,5.692099571228027,71.5649642944336,0.0900000035762786,24.49799919128418,0.1040000021457672
1786903200000,2026-08-16 18:00:00,,,,,,,,,,,,,23.597999572753903,65.0,1013.0999755859376,16.634885787963867,0.0,5.937272071838379,75.96372985839844,0.0399999991059303,23.79800033569336,0.1040000021457672
1786906800000,2026-08-16 19:00:00,,,,,,,,,,,,,21.29800033569336,75.0,1013.2000122070312,16.687131881713867,0.0,5.351784706115723,70.34608459472656,0.0099999997764825,22.64800071716309,0.1040000021457672
1786909027185,2026-08-16 19:37:07,41.61,37.23,30.11,,,,332.25,309.53,282.56,100.0,-113.0,-13.8,,,,,,,,,,
1786910400000,2026-08-16 20:00:00,,,,,,,,,,,,,19.99799919128418,80.0,1013.0,16.442472457885742,0.0,5.039999961853027,90.0,0.0099999997764825,21.597999572753903,0.1040000021457672
1786914000000,2026-08-16 21:00:00,,,,,,,,,,,,,18.947999954223636,85.0,1013.2000122070312,16.369516372680664,0.0,4.0249223709106445,79.6952133178711,0.0,20.697999954223636,0.1049999967217445
1786917600000,2026-08-16 22:00:00,,,,,,,,,,,,,18.097999572753906,89.0,1012.4000244140625,16.255908966064453,0,4.553679466247559,71.5649642944336,0,20.04800033569336,0.10499999672174454
1786921200000,2026-08-16 23:00:00,,,,,,,,,,,,,18.04800033569336,89.0,1012.2000122070312,16.206613540649414,0,5.154415130615234,65.2248764038086,0,19.648000717163086,0.10499999672174454
1786923417205,2026-08-16 23:36:57,,,,22.6,22.09,21.27,,,,100.0,-121.0,-13.5,,,,,,,,,,
1786924800000,2026-08-17 00:00:00,,,,,,,,,,,,,18.347999572753906,91.0,1013.2999877929688,16.852338790893555,0,9.746630668640137,94.23632049560547,0,20.148000717163086,0.10499999672174454
1786928400000,2026-08-17 01:00:00,,,,,,,,,,,,,18.197999954223633,87.0,1013.2000122070312,15.9979829788208,0,5.154415130615234,114.77511596679688,0.009999999776482582,19.847999572753906,0.10499999672174454
1786932000000,2026-08-17 02:00:00,,,,,,,,,,,,,18.148000717163086,86.0,1012.7999877929688,15.767924308776855,0,4.802999019622803,77.00538635253906,0.009999999776482582,19.54800033569336,0.10499999672174454
1786935600000,2026-08-17 03:00:00,,,,,,,,,,,,,16.99799919128418,93.0,1011.9000244140625,15.857437133789062,0,3.6712939739227295,78.69010162353516,0.009999999776482582,19.197999954223633,0.10499999672174454
1786937814177,2026-08-17 03:36:54,,,,22.43,22.33,21.36,,,,100.0,-122.0,-12.8,,,,,,,,,,
1786937819690,2026-08-17 03:36:59,41.45,36.88,29.98,,,,331.85,309.15,282.45,100.0,-121.0,-14.8,,,,,,,,,,
1786939200000,2026-08-17 04:00:00,,,,,,,,,,,,,16.54800033569336,94.0,1011.5999755859375,15.578262329101562,0,3.6712939739227295,101.30989837646484,0,18.697999954223633,0.10499999672174454
1786942800000,2026-08-17 05:00:00,,,,,,,,,,,,,16.79800033569336,94.0,1011.7000122070312,15.826395988464355,0,2.9024126529693604,97.12492370605469,0,18.398000717163086,0.10499999672174454
1786946400000,2026-08-17 06:00:00,,,,,,,,,,,,,18.197999954223633,88.0,1011.5,16.17713165283203,0,1.2979984283447266,146.30990600585938,0.029999999329447746,18.847999572753906,0.10499999672174454
1786950000000,2026-08-17 07:00:00,,,,,,,,,,,,,19.99799919128418,80.0,1011.5,16.442472457885742,0,1.0182337760925293,135.00010681152344,0.09000000357627869,19.74799919128418,0.10499999672174454
1786952218045,2026-08-17 07:36:58,41.36,36.65,29.9,,,,331.61,308.91,282.39,100.0,-113.0,-14.0,,,,,,,,,,
1786953600000,2026-08-17 08:00:00,,,,,,,,,,,,,21.148000717163086,77.0,1011.0999755859375,16.95696258544922,0.10000000149011612,3.826852560043335,311.1858215332031,0.10999999940395355,20.597999572753906,0.10499999672174454
1786957200000,2026-08-17 09:00:00,,,,,,,,,,,,,20.49799919128418,83.0,1010.9000244140625,17.51116371154785,0.20000000298023224,6.877789497375488,312.87890625,0.09000000357627869,20.79800033569336,0.10599999874830246
1786960800000,2026-08-17 10:00:00,,,,,,,,,,,,,19.197999954223633,93.0,1010.4000244140625,18.038097381591797,2.5999999046325684,9.726663589477539,308.9909973144531,0.07000000774860382,20.54800033569336,0.10599999874830246
1786964400000,2026-08-17 11:00:00,,,,,,,,,,,,,19.197999954223633,89.0,1011.4000244140625,17.340412139892578,8.5,12.43433952331543,292.1094970703125,0.07000000774860382,20.04800033569336,0.16300000250339508
1786966615061,2026-08-17 11:36:55,41.23,36.29,29.55,,,,331.3,308.52,282.1,100.0,-101.0,10.5,,,,,,,,,,
1786968000000,2026-08-17 12:00:00,,,,,,,,,,,,,19.49799919128418,83.0,1011.0,16.533660888671875,0.5,11.681986808776855,303.6900939941406,0.15000000596046448,19.99799919128418,0.2240000069141388
1786971600000,2026-08-17 13:00:00,,,,,,,,,,,,,18.74799919128418,83.0,1011.0999755859375,15.800479888916016,0.5,15.315873146057129,293.5522766113281,0.12999999523162842,19.79800033569336,0.2460000067949295
1786975200000,2026-08-17 14:00:00,,,,,,,,,,,,,18.597999572753906,83.0,1011.0,15.65383529663086,0.30000001192092896,12.53813362121582,309.17364501953125,0.10999999940395355,19.54800033569336,0.25999999046325684
1786978800000,2026-08-17 15:00:00,,,,,,,,,,,,,18.74799919128418,78.0,1011.5999755859375,14.832326889038086,0,9.686609268188477,311.98712158203125,0.10000000894069672,19.347999572753906,0.26600000262260437
1786981004742,2026-08-17 15:36:44,,,,21.86,22.13,21.56,,,,100.0,-108.0,1.0,,,,,,,,,,
1786981011692,2026-08-17 15:36:51,41.27,36.13,29.55,,,,331.39,308.35,282.1,100.0,-108.0,7.25,,,,,,,,,,
1786982400000,2026-08-17 16:00:00,,,,,,,,,,,,,19.197999954223633,74.0,1011.5999755859375,14.4515380859375,0,8.404285430908203,316.73565673828125,0.14000001549720764,19.447999954223633,0.2669999897480011
1786986000000,2026-08-17 17:00:00,,,,,,,,,,,,,17.398000717163086,74.0,1011.9000244140625,12.715896606445312,1,6.792466163635254,302.0053405761719,0.07999999821186066,18.99799919128418,0.26600000262260437
1786989600000,2026-08-17 18:00:00,,,,,,,,,,,,,16.398000717163086,82.0,1012.2999877929688,13.31676959991455,0.8999999761581421,8.43506908416748,320.1944885253906,0.03999999910593033,18.447999954223633,0.26899999380111694
1786993200000,2026-08-17 19:00:00,,,,,,,,,,,,,16.148000717163086,86.0,1012.4000244140625,13.804069519042969,1.600000023841858,5.001279830932617,300.25634765625,0.029999999329447746,17.947999954223633,0.2879999876022339
1786996800000,2026-08-17 20:00:00,,,,,,,,,,,,,15.99799919128418,85.0,1012.4000244140625,13.476975440979004,0,6.519876956939697,276.340087890625,0.019999999552965164,17.54800033569336,0.29499998688697815
1787000400000,2026-08-17 21:00:00,,,,,,,,,,,,,15.697999954223633,85.0,1012.2999877929688,13.182784080505371,0,5.351784706115723,289.6539001464844,0.029999999329447746,17.148000717163086,0.29499998688697815
1787004000000,2026-08-17 22:00:00,,,,,,,,,,,,,15.597999572753906,86.0,1012.2000122070312,13.263959884643555,0.4000000059604645,5.692099094390869,304.6952209472656,0.019999999552965164,16.898000717163086,0.2930000126361847
1787007600000,2026-08-17 23:00:00,,,,,,,,,,,,,15.29800033569336,92.0,1012.2999877929688,14.005409240722656,2.5,6.608721733093262,299.357666015625,0.019999999552965164,16.79800033569336,0.3059999942779541
1787009804057,2026-08-17 23:36:44,,,,21.43,21.27,21.43,,,,100.0,-106.0,10.25,,,,,,,,,,
1787009806281,2026-08-17 23:36:46,43.89,38.66,30.33,,,,338.44,312.03,282.74,100.0,-104.0,9.0,,,,,,,,,,
1787011200000,2026-08-18 00:00:00,,,,,,,,,,,,,15.447999954223633,85.0,1012.5,12.93761920928955,0.30000001192092896,9.53150463104248,280.8854675292969,0.019999999552965164,16.648000717163086,0.2669999897480011
1787014800000,2026-08-18 01:00:00,,,,,,,,,,,,,15.54800033569336,84.0,1012.4000244140625,12.854650497436523,0,7.903619289398193,300.0684814453125,0.019999999552965164,16.49799919128418,0.2680000066757202
1787018400000,2026-08-18 02:00:00,,,,,,,,,,,,,14.998000144958496,85.0,1012.7000122070312,12.496310234069824,0,8.66994857788086,311.6334533691406,0.029999999329447746,16.347999572753906,0.2669999897480011
1787022000000,2026-08-18 03:00:00,,,,,,,,,,,,,14.347999572753906,85.0,1012.9000244140625,11.858837127685547,0,4.802999019622803,282.99462890625,0.03999999910593033,15.99799919128418,0.26600000262260437
1787024195626,2026-08-18 03:36:35,,,,21.17,21.56,21.1,,,,100.0,-108.0,8.25,,,,,,,,,,
1787024202543,2026-08-18 03:36:42,43.52,38.42,30.18,,,,337.39,311.41,282.62,100.0,-107.0,9.25,,,,,,,,,,
1787025600000,2026-08-18 04:00:00,,,,,,,,,,,,,14.29800033569336,86.0,1012.9000244140625,11.987261772155762,0,6.0346999168396,287.3540954589844,0.019999999552965164,15.697999954223633,0.26499998569488525
1787029200000,2026-08-18 05:00:00,,,,,,,,,,,,,14.697999954223633,85.0,1013.0999755859375,12.202095031738281,0,8.66994857788086,311.6334533691406,0.019999999552965164,15.64799976348877,0.2630000114440918
1787032800000,2026-08-18 06:00:00,,,,,,,,,,,,,14.947999954223633,85.0,1012.9000244140625,12.447274208068848,0,10.00903606414795,307.6943054199219,0.05999999865889549,15.847999572753906,0.26100000739097595
1787036400000,2026-08-18 07:00:00,,,,,,,,,,,,,15.447999954223633,80.0,1012.9000244140625,12.013612747192383,0,9.826087951660156,298.44281005859375,0.10999999940395355,16.148000717163086,0.257999986410141
1787038592527,2026-08-18 07:36:32,,,,20.91,21.53,20.94,,,,100.0,-103.0,4.75,,,,,,,,,,
1787038597787,2026-08-18 07:36:37,43.26,38.24,30.01,,,,336.66,310.96,282.48,100.0,-103.0,10.75,,,,,,,,,,
1787040000000,2026-08-18 08:00:00,,,,,,,,,,,,,16.24799919128418,74.0,1012.7000122070312,11.606781005859375,0,9.565437316894531,289.7989501953125,0.15000000596046448,16.597999572753906,0.25600001215934753
1787043600000,2026-08-18 09:00:00,,,,,,,,,,,,,17.29800033569336,67.0,1012.4000244140625,11.112105369567871,0,8.20926284790039,285.2551574707031,0.18000000715255737,17.197999954223633,0.2529999911785126
1787047200000,2026-08-18 10:00:00,,,,,,,,,,,,,17.847999572753906,63.0,1012.2999877929688,10.70756721496582,0,8.121970176696777,282.80426025390625,0.1899999976158142,17.697999954223633,0.25099998712539673
1787050800000,2026-08-18 11:00:00,,,,,,,,,,,,,18.597999572753906,58.0,1011.7999877929688,10.173202514648438,0,8.647496223449707,272.3858947753906,0.18000000715255737,18.04800033569336,0.24799999594688416
1787052989505,2026-08-18 11:36:29,,,,20.75,21.3,21.07,,,,100.0,-101.0,9.75,,,,,,,,,,
1787052996499,2026-08-18 11:36:36,42.95,37.88,29.55,,,,335.8,310.22,282.1,100.0,-105.0,10.75,,,,,,,,,,
1787054400000,2026-08-18 12:00:00,,,,,,,,,,,,,18.74799919128418,60.0,1011.2000122070312,10.822722434997559,0,8.640000343322754,270.0,0.18000000715255737,18.347999572753906,0.2460000067949295
1787058000000,2026-08-18 13:00:00,,,,,,,,,,,,,18.04800033569336,68.0,1011.0,12.051695823669434,0.5,11.96695327758789,263.0888671875,0.17000000178813934,18.347999572753906,0.24400000274181366
1787061600000,2026-08-18 14:00:00,,,,,,,,,,,,,17.447999954223633,73.0,1010.5,12.556441307067871,1,8.396570205688477,239.0363006591797,0.14000001549720764,18.04800033569336,0.24199999868869781
1787065200000,2026-08-18 15:00:00,,,,,,,,,,,,,16.648000717163086,77.0,1010.0,12.597428321838379,0.800000011920929,4.452953815460205,255.96372985839844,0.10999999940395355,17.74799919128418,0.24300000071525574
1787067386474,2026-08-18 15:36:26,,,,20.68,19.88,21.07,,,,100.0,-100.0,8.5,,,,,,,,,,
1787067393424,2026-08-18 15:36:33,42.71,37.35,29.25,,,,335.15,309.65,281.85,100.0,-101.0,12.5,,,,,,,,,,
1787068800000,2026-08-18 16:00:00,,,,,,,,,,,,,16.197999954223633,82.0,1009.2999877929688,13.12148666381836,0.5,3.415259599685669,251.56495666503906,0.05999999865889549,17.447999954223633,0.24799999594688416
1787072400000,2026-08-18 17:00:00,,,,,,,,,,,,,15.99799919128418,87.0,1008.7999877929688,13.834728240966797,0.800000011920929,0.5091168880462646,44.99989700317383,0.03999999910593033,17.097999572753906,0.25600001215934753
1787076000000,2026-08-18 18:00:00,,,,,,,,,,,,,15.847999572753906,91.0,1008.5999755859375,14.380731582641602,1.399999976158142,1.4843180179595947,104.03627014160156,0.019999999552965164,16.847999572753906,0.26899999380111694
1787079600000,2026-08-18 19:00:00,,,,,,,,,,,,,15.697999954223633,91.0,1008.5999755859375,14.232425689697266,0.4000000059604645,2.9024126529693604,82.87508392333984,0.009999999776482582,16.697999954223633,0.2849999964237213
1787081783392,2026-08-18 19:36:23,,,,20.62,20.3,20.94,,,,100.0,-105.0,10.0,,,,,,,,,,
1787081788635,2026-08-18 19:36:28,42.58,37.13,29.18,,,,334.79,309.42,281.79,100.0,-104.0,11.5,,,,,,,,,,
1787083200000,2026-08-18 20:00:00,,,,,,,,,,,,,15.54800033569336,92.0,1008.4000244140625,14.252913475036621,0,1.0800000429153442,90.0,0.009999999776482582,16.54800033569336,0.29100000858306885
1787086800000,2026-08-18 21:00:00,,,,,,,,,,,,,15.64799976348877,92.0,1008.7000122070312,14.351911544799805,0.10000000149011612,1.7999999523162842,306.8699645996094,0.009999999776482582,16.398000717163086,0.2919999957084656
1787090400000,2026-08-18 22:00:00,,,,,,,,,,,,,16.04800033569336,92.0,1008.9000244140625,14.747909545898438,0.5,0.8049845099449158,333.4350280761719,0,16.29800033569336,0.2919999957084656
1787094000000,2026-08-18 23:00:00,,,,,,,,,,,,,16.29800033569336,92.0,1009.0,14.995408058166504,0.30000001192092896,1.1384198665618896,198.43504333496094,0,16.24799919128418,0.2919999957084656
1787097600000,2026-08-19 00:00:00,,,,,,,,,,,,,17.148000717163086,91.0,1008.5,15.666004180908203,0,0.35999998450279236,270.0,0,16.79800033569336,0.23899999260902405
1787101200000,2026-08-19 01:00:00,,,,,,,,,,,,,17.29800033569336,90.0,1008.2999877929688,15.641568183898926,0,3.096837043762207,305.5377502441406,0,16.697999954223633,0.23800000548362732
1787104800000,2026-08-19 02:00:00,,,,,,,,,,,,,17.24799919128418,90.0,1008.5999755859375,15.592199325561523,0,2.741678237915039,293.1986083984375,0,16.697999954223633,0.2370000034570694
1787108400000,2026-08-19 03:00:00,,,,,,,,,,,,,17.49799919128418,88.0,1008.5999755859375,15.487907409667969,0,2.9686360359191895,255.96372985839844,0,16.74799919128418,0.2370000034570694
1787112000000,2026-08-19 04:00:00,,,,,,,,,,,,,17.148000717163086,88.0,1008.5,15.143284797668457,0,2.9024126529693604,262.8750915527344,0.009999999776482582,16.74799919128418,0.23600000143051147
1787115600000,2026-08-19 05:00:00,,,,,,,,,,,,,16.99799919128418,89.0,1008.2999877929688,15.171339988708496,0,3.415259599685669,288.4350280761719,0.009999999776482582,16.648000717163086,0.23600000143051147
1787119200000,2026-08-19 06:00:00,,,,,,,,,,,,,17.947999954223633,84.0,1008.7000122070312,15.204686164855957,0,5.039999961853027,270.0,0.019999999552965164,16.898000717163086,0.23499999940395355
1787122800000,2026-08-19 07:00:00,,,,,,,,,,,,,19.29800033569336,79.0,1008.5999755859375,15.564715385437012,0,6.119999885559082,270.0,0.09000000357627869,17.447999954223633,0.23399999737739563
1787124974263,2026-08-19 07:36:14,,,,20.36,19.85,20.75,,,,100.0,-103.0,6.75,,,,,,,,,,
1787124979451,2026-08-19 07:36:19,42.3,36.59,28.97,,,,334.05,308.85,281.62,100.0,-102.0,9.75,,,,,,,,,,
1787126400000,2026-08-19 08:00:00,,,,,,,,,,,,,20.24799919128418,73.0,1008.5,15.251724243164062,0,7.695919990539551,259.21575927734375,0.18000000715255737,18.148000717163086,0.2329999953508377
1787130000000,2026-08-19 09:00:00,,,,,,,,,,,,,21.447999954223633,68.0,1008.0999755859375,15.296344757080078,0,8.20926284790039,232.1249542236328,0.25,18.99799919128418,0.23199999332427979
1787133600000,2026-08-19 10:00:00,,,,,,,,,,,,,22.347999572753906,65.0,1007.2999877929688,15.449172973632812,0,7.56856632232666,205.34613037109375,0.25,19.597999572753906,0.23100000619888306
1787137200000,2026-08-19 11:00:00,,,,,,,,,,,,,23.097999572753906,65.0,1006.7999877929688,16.160634994506836,0,6.287129878997803,203.62939453125,0.2199999988079071,20.04800033569336,0.23000000417232513
1787139371211,2026-08-19 11:36:11,,,,20.26,20.75,20.62,,,,100.0,-106.0,10.25,,,,,,,,,,
1787139376409,2026-08-19 11:36:16,42.18,36.21,28.72,,,,333.72,308.44,281.41,100.0,-106.0,10.0,,,,,,,,,,
1787140800000,2026-08-19 12:00:00,,,,,,,,,,,,,24.04800033569336,63.0,1006.5,16.56901741027832,0,6.608721733093262,209.35765075683594,0.2199999988079071,20.54800033569336,0.2290000021457672
1787144400000,2026-08-19 13:00:00,,,,,,,,,,,,,24.54800033569336,55.0,1006.0999755859375,14.914467811584473,0,9.693296432495117,248.1985321044922,0.23999999463558197,21.04800033569336,0.22699999809265137
1787148000000,2026-08-19 14:00:00,,,,,,,,,,,,,25.648000717163086,49.0,1005.5999755859375,14.140475273132324,0,12.959999084472656,270.0,0.25,21.49799919128418,0.22599999606609344
1787151600000,2026-08-19 15:00:00,,,,,,,,,,,,,24.54800033569336,53.0,1005.2000122070312,14.340353012084961,0,8.90590763092041,284.0362548828125,0.20000001788139343,21.79800033569336,0.22499999403953552
1787153768245,2026-08-19 15:36:08,,,,20.39,19.73,20.2,,,,100.0,-106.0,1.5,,,,,,,,,,
1787153775174,2026-08-19 15:36:15,42.06,35.85,28.51,,,,333.41,308.05,281.24,100.0,-104.0,11.0,,,,,,,,,,
1787155200000,2026-08-19 16:00:00,,,,,,,,,,,,,21.04800033569336,78.0,1006.0999755859375,17.063745498657227,1.5,7.928177833557129,267.3974914550781,0.07999999821186066,21.04800033569336,0.2240000069141388
1787158800000,2026-08-19 17:00:00,,,,,,,,,,,,,20.54800033569336,85.0,1005.9000244140625,17.93808364868164,0.5,3.054701328277588,135.00010681152344,0.03999999910593033,20.447999954223633,0.22499999403953552
1787162400000,2026-08-19 18:00:00,,,,,,,,,,,,,20.447999954223633,86.0,1005.7999877929688,18.026012420654297,0.10000000149011612,2.3051247596740723,218.6598358154297,0.019999999552965164,20.04800033569336,0.22699999809265137
1787166000000,2026-08-19 19:00:00,,,,,,,,,,,,,20.347999572753906,82.0,1005.7000122070312,17.172800064086914,0,1.2979984283447266,146.30990600585938,0,19.597999572753906,0.23000000417232513
1787168165109,2026-08-19 19:36:05,,,,20.58,20.75,20.52,,,,100.0,-105.0,5.0,,,,,,,,,,
1787168170447,2026-08-19 19:36:10,42.01,35.73,28.48,,,,333.29,307.93,281.21,100.0,-105.0,10.75,,,,,,,,,,
1787169600000,2026-08-19 20:00:00,,,,,,,,,,,,,19.597999572753906,85.0,1005.7000122070312,17.00676727294922,0,1.4843180179595947,104.03627014160156,0,19.148000717163086,0.23199999332427979
1787173200000,2026-08-19 21:00:00,,,,,,,,,,,,,19.04800033569336,86.0,1005.7000122070312,16.651565551757812,0.10000000149011612,2.9686360359191895,104.03627014160156,0.009999999776482582,18.847999572753906,0.2329999953508377
1787176800000,2026-08-19 22:00:00,,,,,,,,,,,,,18.347999572753906,89.0,1005.5,16.502391815185547,0.10000000149011612,3.5999999046325684,53.13002014160156,0.009999999776482582,18.597999572753906,0.23399999737739563
1787180400000,2026-08-19 23:00:00,,,,,,,,,,,,,18.347999572753906,88.0,1005.0999755859375,16.32482147216797,0.20000000298023224,3.976329803466797,5.194349765777588,0.009999999776482582,18.447999954223633,0.23499999940395355
1787182563208,2026-08-19 23:36:03,,,,20.55,19.48,20.49,,,,100.0,-107.0,8.75,,,,,,,,,,
1787182569556,2026-08-19 23:36:09,45.72,38.84,28.55,,,,344.05,312.48,281.27,100.0,-106.0,9.5,,,,,,,,,,
1787184000000,2026-08-20 00:00:00,,,,,,,,,,,,,18.197999954223633,95.0,1004.5999755859375,17.383352279663086,0,8.396570205688477,300.96368408203125,0.009999999776482582,18.24799919128418,0.27900001406669617
1787187600000,2026-08-20 01:00:00,,,,,,,,,,,,,17.648000717163086,89.0,1004.5999755859375,15.812232971191406,0.4000000059604645,1.7999999523162842,270.0,0.009999999776482582,18.197999954223633,0.28999999165534973
1787191200000,2026-08-20 02:00:00,,,,,,,,,,,,,16.99799919128418,90.0,1004.7000122070312,15.345368385314941,0,2.9024126529693604,60.25520706176758,0,17.847999572753906,0.2930000126361847
1787194800000,2026-08-20 03:00:00,,,,,,,,,,,,,16.347999572753906,92.0,1005.5,15.044905662536621,0,0.7199999690055847,180.0,0,17.49799919128418,0.2919999957084656
1787196959957,2026-08-20 03:35:59,,,,20.46,20.78,20.39,,,,100.0,-109.0,7.5,,,,,,,,,,
1787196967090,2026-08-20 03:36:07,44.24,37.94,28.48,,,,339.48,310.28,281.21,100.0,-107.0,9.0,,,,,,,,,,
1787198400000,2026-08-20 04:00:00,,,,,,,,,,,,,16.347999572753906,93.0,1006.0999755859375,15.213119506835938,0,1.1384198665618896,288.4350280761719,0,17.148000717163086,0.28999999165534973
1787202000000,2026-08-20 05:00:00,,,,,,,,,,,,,17.097999572753906,91.0,1007.2000122070312,15.616569519042969,0,2.3051247596740723,308.6598205566406,0,17.04800033569336,0.28700000047683716
1787205600000,2026-08-20 06:00:00,,,,,,,,,,,,,18.847999572753906,78.0,1007.2999877929688,14.92935562133789,0,6.489992141723633,266.8202209472656,0.029999999329447746,17.29800033569336,0.2840000092983246
1787209200000,2026-08-20 07:00:00,,,,,,,,,,,,,19.597999572753906,77.0,1008.2000122070312,15.455608367919922,0,9.53150463104248,259.114501953125,0.1599999964237213,17.947999954223633,0.28200000524520874
1787211356059,2026-08-20 07:35:56,,,,20.33,20.2,20.42,,,,100.0,-108.0,0.75,,,,,,,,,,
1787211361195,2026-08-20 07:36:01,43.89,37.51,28.45,,,,338.44,309.83,281.19,100.0,-108.0,7.75,,,,,,,,,,
1787212800000,2026-08-20 08:00:00,,,,,,,,,,,,,20.54800033569336,73.0,1008.5999755859375,15.54044246673584,0,11.570514678955078,275.3557434082031,0.25999999046325684,18.49799919128418,0.27900001406669617
1787216400000,2026-08-20 09:00:00,,,,,,,,,,,,,21.29800033569336,70.0,1009.0999755859375,15.605151176452637,0,10.739832878112793,283.5704345703125,0.36000001430511475,19.097999572753906,0.2759999930858612
1787220000000,2026-08-20 10:00:00,,,,,,,,,,,,,22.447999954223633,63.0,1009.2000122070312,15.057113647460938,0,10.948972702026367,260.5377502441406,0.3799999952316284,19.847999572753906,0.27300000190734863
1787223600000,2026-08-20 11:00:00,,,,,,,,,,,,,23.648000717163086,56.0,1008.7999877929688,14.356389999389648,0,10.13769245147705,253.4955596923828,0.37000003457069397,20.597999572753906,0.27000001072883606
1787225753026,2026-08-20 11:35:53,,,,20.2,19.79,20.55,,,,100.0,-103.0,9.25,,,,,,,,,,
1787225759959,2026-08-20 11:35:59,43.53,36.96,28.24,,,,337.42,309.24,281.01,100.0,-109.0,8.5,,,,,,,,,,
1787227200000,2026-08-20 12:00:00,,,,,,,,,,,,,24.847999572753906,51.0,1008.7000122070312,14.02310848236084,0,11.090103149414062,256.865966796875,0.33000001311302185,21.29800033569336,0.2669999897480011
1787230800000,2026-08-20 13:00:00,,,,,,,,,,,,,25.74799919128418,46.0,1008.4000244140625,13.259551048278809,0,12.224106788635254,256.37298583984375,0.3199999928474426,22.04800033569336,0.2639999985694885
1787234400000,2026-08-20 14:00:00,,,,,,,,,,,,,26.097999572753906,46.0,1008.4000244140625,13.577765464782715,0,13.450708389282227,254.475830078125,0.2900000214576721,22.447999954223633,0.26100000739097595
1787238000000,2026-08-20 15:00:00,,,,,,,,,,,,,26.04800033569336,45.0,1008.2999877929688,13.194987297058105,0,13.910168647766113,259.56256103515625,0.23999999463558197,22.648000717163086,0.257999986410141
1787240149917,2026-08-20 15:35:49,,,,20.49,19.76,20.39,,,,100.0,-99.0,12.0,,,,,,,,,,
1787240155127,2026-08-20 15:35:55,43.24,36.43,28.07,,,,336.59,308.67,280.87,100.0,-102.0,9.75,,,,,,,,,,
1787241600000,2026-08-20 16:00:00,,,,,,,,,,,,,25.49799919128418,44.0,1008.0999755859375,12.353571891784668,0,10.799999237060547,270.0,0.2199999988079071,22.697999954223633,0.25600001215934753
1787245200000,2026-08-20 17:00:00,,,,,,,,,,,,,24.74799919128418,46.0,1008.2999877929688,12.350160598754883,0,8.707237243652344,240.2552032470703,0.12999999523162842,22.54800033569336,0.2540000081062317
1787248800000,2026-08-20 18:00:00,,,,,,,,,,,,,23.097999572753906,54.0,1008.7999877929688,13.284975051879883,0,5.600285530090332,224.99989318847656,0.05000000447034836,21.847999572753906,0.25200000405311584
1787252400000,2026-08-20 19:00:00,,,,,,,,,,,,,21.197999954223633,60.0,1009.7000122070312,13.125974655151367,0,3.096837043762207,215.5377655029297,0.029999999329447746,20.74799919128418,0.25099998712539673
1787254546859,2026-08-20 19:35:46,,,,20.81,20.94,20.46,,,,100.0,-106.0,9.5,,,,,,,,,,
1787254552041,2026-08-20 19:35:52,43.08,36.26,28.03,,,,336.17,308.49,280.84,100.0,-105.0,10.25,,,,,,,,,,
1787256000000,2026-08-20 20:00:00,,,,,,,,,,,,,19.447999954223633,67.0,1009.7000122070312,13.160743713378906,0,1.0800000429153442,90.0,0,19.54800033569336,0.24899999797344208
1787259600000,2026-08-20 21:00:00,,,,,,,,,,,,,18.29800033569336,73.0,1009.7000122070312,13.37476921081543,0,2.9686360359191895,75.96372985839844,0,18.597999572753906,0.24799999594688416
1787263200000,2026-08-20 22:00:00,,,,,,,,,,,,,16.847999572753906,80.0,1009.7999877929688,13.376557350158691,0,3.396233081817627,122.0053482055664,0,17.898000717163086,0.24699999392032623
1787266800000,2026-08-20 23:00:00,,,,,,,,,,,,,16.148000717163086,83.0,1009.5999755859375,13.258415222167969,0,3.617955207824707,84.28949737548828,0,17.24799919128418,0.24699999392032623
1787268944587,2026-08-20 23:35:44,,,,20.88,20.91,20.39,,,,100.0,-108.0,-0.75,,,,,,,,,,
1787268951516,2026-08-20 23:35:51,42.98,36.18,27.99,,,,335.89,308.41,280.81,100.0,-107.0,1.5,,,,,,,,,,
1787270400000,2026-08-21 00:00:00,,,,,,,,,,,,,14.998000144958496,97.0,1009.4000244140625,14.525412559509277,0,3.8773183822631836,68.19853210449219,0,16.697999954223633,0.23800000548362732
1787274000000,2026-08-21 01:00:00,,,,,,,,,,,,,14.54800033569336,96.0,1009.9000244140625,13.917226791381836,0,2.4149534702301025,116.56498718261719,0,16.197999954223633,0.23800000548362732
1787277600000,2026-08-21 02:00:00,,,,,,,,,,,,,14.04800033569336,94.0,1010.5,13.096816062927246,0,2.879999876022339,90.0,0,15.79800033569336,0.2370000034570694
1787281200000,2026-08-21 03:00:00,,,,,,,,,,,,,12.998000144958496,95.0,1010.5,12.215412139892578,0,3.0758414268493652,110.5561294555664,0,15.29800033569336,0.2370000034570694
1787284800000,2026-08-21 04:00:00,,,,,,,,,,,,,11.597999572753906,98.0,1010.5,11.292558670043945,0,3.096837043762207,125.53776550292969,0,14.748000144958496,0.23600000143051147
1787288400000,2026-08-21 05:00:00,,,,,,,,,,,,,12.248000144958496,95.0,1011.2000122070312,11.46998405456543,0,2.9024126529693604,97.12492370605469,0,14.39799976348877,0.23600000143051147
1787292000000,2026-08-21 06:00:00,,,,,,,,,,,,,14.79800033569336,85.0,1011.0,12.300169944763184,0,2.9686360359191895,104.03627014160156,0.029999999329447746,14.79800033569336,0.23499999940395355
1787295600000,2026-08-21 07:00:00,,,,,,,,,,,,,17.947999954223633,72.0,1010.7999877929688,12.826837539672852,0,2.1600000858306885,90.0,0.12999999523162842,15.748000144958496,0.23499999940395355
1787297737744,2026-08-21 07:35:37,,,,20.49,20.84,20.26,,,,100.0,-104.0,11.0,,,,,,,,,,
1787297743016,2026-08-21 07:35:43,42.75,35.93,27.93,,,,335.25,308.14,280.76,100.0,-104.0,8.5,,,,,,,,,,
1787299200000,2026-08-21 08:00:00,,,,,,,,,,,,,20.648000717163086,62.0,1011.0,13.110302925109863,0,0.8049845099449158,63.43501281738281,0.27000001072883606,16.947999954223633,0.23399999737739563
1787302800000,2026-08-21 09:00:00,,,,,,,,,,,,,22.847999572753906,55.0,1010.7000122070312,13.334304809570312,0,2.099142551422119,329.03631591796875,0.3799999952316284,18.148000717163086,0.23199999332427979
1787306400000,2026-08-21 10:00:00,,,,,,,,,,,,,24.197999954223633,53.0,1010.2999877929688,14.016529083251953,0,2.545584201812744,351.8699951171875,0.4099999964237213,19.398000717163086,0.23000000417232513
1787310000000,2026-08-21 11:00:00,,,,,,,,,,,,,24.898000717163086,48.0,1009.9000244140625,13.136972427368164,0,6.792466163635254,302.0053405761719,0.4099999964237213,20.49799919128418,0.2290000021457672
1787312134689,2026-08-21 11:35:34,,,,20.33,20.2,20.17,,,,100.0,-105.0,9.5,,,,,,,,,,
1787312141776,2026-08-21 11:35:41,42.52,35.51,27.71,,,,334.63,307.69,280.58,100.0,-104.0,10.5,,,,,,,,,,
1787313600000,2026-08-21 12:00:00,,,,,,,,,,,,,24.697999954223633,49.0,1009.5,13.269970893859863,0,6.489992141723633,326.3099060058594,0.36000001430511475,21.148000717163086,0.22699999809265137
1787317200000,2026-08-21 13:00:00,,,,,,,,,,,,,23.697999954223633,50.0,1009.0999755859375,12.661367416381836,0,7.199999809265137,323.1300048828125,0.2199999988079071,21.197999954223633,0.22499999403953552
1787320800000,2026-08-21 14:00:00,,,,,,,,,,,,,23.29800033569336,55.0,1008.7999877929688,13.752656936645508,0.10000000149011612,6.379216194152832,343.6103820800781,0.17000000178813934,21.097999572753906,0.2240000069141388
1787324400000,2026-08-21 15:00:00,,,,,,,,,,,,,21.29800033569336,67.0,1009.0,14.922883987426758,0.30000001192092896,5.154415607452393,347.9052734375,0.11999999731779099,20.79800033569336,0.22300000488758087
1787326531657,2026-08-21 15:35:31,,,,20.55,20.39,20.17,,,,100.0,-107.0,1.5,,,,,,,,,,
1787326538657,2026-08-21 15:35:38,42.41,35.29,27.69,,,,334.33,307.46,280.56,100.0,-106.0,7.0,,,,,,,,,,
1787328000000,2026-08-21 16:00:00,,,,,,,,,,,,,19.947999954223633,65.0,1009.4000244140625,13.171792030334473,0.6000000238418579,4.379589080810547,350.5377502441406,0.10000000894069672,20.24799919128418,0.22200000286102295
1787331600000,2026-08-21 17:00:00,,,,,,,,,,,,,18.49799919128418,79.0,1009.2999877929688,14.787284851074219,0.5,5.399999618530273,323.1300354003906,0.05999999865889549,19.597999572753906,0.22200000286102295
1787335200000,2026-08-21 18:00:00,,,,,,,,,,,,,17.54800033569336,86.0,1009.7000122070312,15.17879581451416,1,4.510787010192871,298.6103515625,0.03999999910593033,19.04800033569336,0.22300000488758087
1787338800000,2026-08-21 19:00:00,,,,,,,,,,,,,16.697999954223633,82.0,1010.4000244140625,13.609678268432617,1.899999976158142,11.92355728149414,298.886474609375,0.03999999910593033,18.597999572753906,0.2280000001192093
1787340928676,2026-08-21 19:35:28,,,,20.78,20.42,20.39,,,,100.0,-112.0,5.5,,,,,,,,,,
1787340933806,2026-08-21 19:35:33,42.37,35.24,27.69,,,,334.24,307.4,280.56,100.0,-112.0,-2.75,,,,,,,,,,
1787342400000,2026-08-21 20:00:00,,,,,,,,,,,,,15.447999954223633,92.0,1010.7999877929688,14.153909683227539,3.4000000953674316,5.014219284057617,291.0375671386719,0.03999999910593033,18.04800033569336,0.27300000190734863
1787346000000,2026-08-21 21:00:00,,,,,,,,,,,,,15.248000144958496,94.0,1010.5,14.28792953491211,1.7999999523162842,6.379216194152832,286.3896179199219,0.019999999552965164,17.648000717163086,0.31200000643730164
1787349600000,2026-08-21 22:00:00,,,,,,,,,,,,,14.847999572753906,92.0,1010.5999755859375,13.559893608093262,0.6000000238418579,1.4399999380111694,270.0,0.019999999552965164,17.29800033569336,0.32499998807907104
1787353200000,2026-08-21 23:00:00,,,,,,,,,,,,,14.697999954223633,90.0,1010.7999877929688,13.074382781982422,0,2.6208393573760986,254.05453491210938,0.009999999776482582,16.947999954223633,0.32199999690055847
1787355325618,2026-08-21 23:35:25,,,,20.71,20.75,20.11,,,,100.0,-111.0,3.75,,,,,,,,,,
1787355332558,2026-08-21 23:35:32,42.75,35.18,27.65,,,,335.25,307.34,280.53,100.0,-110.0,6.5,,,,,,,,,,
1787356800000,2026-08-22 00:00:00,,,,,,,,,,,,,15.197999954223633,94.0,1010.0999755859375,14.238300323486328,0.10000000149011612,4.6938252449035645,265.60137939453125,0.019999999552965164,17.148000717163086,0.32499998807907104
1787360400000,2026-08-22 01:00:00,,,,,,,,,,,,,15.197999954223633,91.0,1010.7999877929688,13.738069534301758,0,3.2599384784698486,276.340087890625,0.029999999329447746,16.99799919128418,0.3190000057220459
1787364000000,2026-08-22 02:00:00,,,,,,,,,,,,,14.54800033569336,88.0,1010.5,12.582999229431152,0,1.0800000429153442,360.0,0,16.697999954223633,0.31299999356269836
1787367600000,2026-08-22 03:00:00,,,,,,,,,,,,,14.29800033569336,85.0,1010.7999877929688,11.80980110168457,0,3.8939952850341797,303.6900939941406,0,16.197999954223633,0.30799999833106995
1787371200000,2026-08-22 04:00:00,,,,,,,,,,,,,13.14799976348877,93.0,1011.0,12.040888786315918,0,3.8773183822631836,338.1985168457031,0.009999999776482582,15.89799976348877,0.30399999022483826
1787374800000,2026-08-22 05:00:00,,,,,,,,,,,,,14.04800033569336,95.0,1011.2999877929688,13.258993148803711,0,3.5999999046325684,360.0,0.009999999776482582,15.697999954223633,0.30000001192092896
1787378400000,2026-08-22 06:00:00,,,,,,,,,,,,,15.197999954223633,93.0,1011.7999877929688,14.073138236999512,0.20000000298023224,4.896529674530029,306.0274658203125,0.019999999552965164,15.79800033569336,0.29600000381469727
1787382000000,2026-08-22 07:00:00,,,,,,,,,,,,,15.04800033569336,96.0,1012.5999755859375,14.414778709411621,6.699999809265137,4.680000305175781,292.6199035644531,0.03999999910593033,15.947999954223633,0.3319999873638153
1787384119612,2026-08-22 07:35:19,,,,20.2,19.79,20.3,,,,100.0,-113.0,-1.5,,,,,,,,,,
1787384124668,2026-08-22 07:35:24,42.85,34.96,27.62,,,,335.52,307.1,280.5,100.0,-113.0,4.0,,,,,,,,,,
1787385600000,2026-08-22 08:00:00,,,,,,,,,,,,,15.29800033569336,95.0,1012.7000122070312,14.501312255859375,2.4000000953674316,5.771238803863525,273.5762634277344,0.05000000447034836,16.097999572753906,0.34700000286102295
1787389200000,2026-08-22 09:00:00,,,,,,,,,,,,,15.248000144958496,95.0,1013.7000122070312,14.451618194580078,7.400000095367432,8.287821769714355,272.489501953125,0.05000000447034836,16.148000717163086,0.3869999945163727
1787392800000,2026-08-22 10:00:00,,,,,,,,,,,,,14.748000144958496,90.0,1014.7999877929688,13.123754501342773,6.900000095367432,13.378250122070312,293.8059387207031,0.10000000894069672,16.197999954223633,0.40299999713897705
1787396400000,2026-08-22 11:00:00,,,,,,,,,,,,,15.14799976348877,86.0,1015.7000122070312,12.822040557861328,2,11.726277351379395,287.8787841796875,0.18000000715255737,16.197999954223633,0.3790000081062317
1787398516558,2026-08-22 11:35:16,,,,19.98,20.2,20.26,,,,100.0,-108.0,6.75,,,,,,,,,,
1787398523464,2026-08-22 11:35:23,45.93,38.43,27.58,,,,344.76,311.44,280.47,100.0,-110.0,7.75,,,,,,,,,,
1787400000000,2026-08-22 12:00:00,,,,,,,,,,,,,16.197999954223633,79.0,1015.9000244140625,12.55180835723877,0.20000000298023224,12.64107608795166,289.9831848144531,0.2800000309944153,16.24799919128418,0.36000001430511475
1787403600000,2026-08-22 13:00:00,,,,,,,,,,,,,16.99799919128418,78.0,1016.2999877929688,13.134115219116211,0,12.661563873291016,284.8265075683594,0.39000001549720764,16.49799919128418,0.34700000286102295
1787407200000,2026-08-22 14:00:00,,,,,,,,,,,,,17.447999954223633,71.0,1016.4000244140625,12.133471488952637,0,14.332341194152832,281.5921325683594,0.44999998807907104,16.74799919128418,0.33799999952316284
1787410800000,2026-08-22 15:00:00,,,,,,,,,,,,,17.79800033569336,71.0,1016.7999877929688,12.469328880310059,0,11.65977668762207,278.8805847167969,0.37000003457069397,16.898000717163086,0.3319999873638153
1787412913486,2026-08-22 15:35:13,,,,19.88,20.49,20.23,,,,100.0,-104.0,10.0,,,,,,,,,,
1787412918574,2026-08-22 15:35:18,44.87,37.35,27.51,,,,341.39,309.65,280.41,100.0,-106.0,9.25,,,,,,,,,,
1787414400000,2026-08-22 16:00:00,,,,,,,,,,,,,17.847999572753906,69.0,1017.0,12.082403182983398,0,10.495713233947754,275.9060363769531,0.3100000023841858,17.04800033569336,0.328000009059906
1787418000000,2026-08-22 17:00:00,,,,,,,,,,,,,17.24799919128418,72.0,1017.2999877929688,12.154004096984863,0,8.825508117675781,281.76824951171875,0.20000001788139343,17.04800033569336,0.3240000009536743
1787421600000,2026-08-22 18:00:00,,,,,,,,,,,,,15.89799976348877,77.0,1018.0999755859375,11.870607376098633,0,4.6938252449035645,265.60137939453125,0.07999999821186066,16.847999572753906,0.32199999690055847
1787425200000,2026-08-22 19:00:00,,,,,,,,,,,,,14.597999572753906,79.0,1018.7000122070312,10.99636459350586,0,3.617955207824707,264.28948974609375,0.009999999776482582,16.29800033569336,0.3199999928474426
1787427310418,2026-08-22 19:35:10,,,,19.85,20.36,20.17,,,,100.0,-109.0,7.0,,,,,,,,,,
1787427315539,2026-08-22 19:35:15,44.56,37.04,27.47,,,,340.44,309.33,280.38,100.0,-109.0,7.75,,,,,,,,,,
1787428800000,2026-08-22 20:00:00,,,,,,,,,,,,,13.847999572753906,85.0,1019.2000122070312,11.368453025817871,0,4.198285102844238,300.96368408203125,0.009999999776482582,15.79800033569336,0.3190000057220459
1787432400000,2026-08-22 21:00:00,,,,,,,,,,,,,12.64799976348877,89.0,1019.5999755859375,10.881736755371094,0,4.33497428894043,311.6334533691406,0,15.29800033569336,0.3179999887943268
1787436000000,2026-08-22 22:00:00,,,,,,,,,,,,,11.597999572753906,90.0,1020.0,10.01308536529541,0,2.811689853668213,320.1944885253906,0,14.748000144958496,0.31700000166893005
1787439600000,2026-08-22 23:00:00,,,,,,,,,,,,,11.097999572753906,86.0,1020.5,8.84411907196045,0,2.9686360359191895,345.9637145996094,0,14.097999572753906,0.3160000145435333
1787441707327,2026-08-22 23:35:07,,,,19.79,20.04,20.01,,,,100.0,-110.0,6.75,,,,,,,,,,
1787441712631,2026-08-22 23:35:12,44.39,36.88,27.41,,,,339.92,309.15,280.33,100.0,-109.0,7.25,,,,,,,,,,
1787443200000,2026-08-23 00:00:00,,,,,,,,,,,,,12.498000144958496,85.0,1021.4000244140625,10.044320106506348,0,1.1384198665618896,341.56494140625,0,14.79800033569336,0.2879999876022339
1787446800000,2026-08-23 01:00:00,,,,,,,,,,,,,12.29800033569336,84.0,1021.0999755859375,9.671581268310547,0,1.7999999523162842,306.8699645996094,0,14.248000144958496,0.28700000047683716
1787450400000,2026-08-23 02:00:00,,,,,,,,,,,,,11.54800033569336,87.0,1021.4000244140625,9.458118438720703,0,2.545584201812744,315.0000915527344,0,13.697999954223633,0.28600001335144043
1787454000000,2026-08-23 03:00:00,,,,,,,,,,,,,10.998000144958496,89.0,1021.5,9.254383087158203,0,1.1384198665618896,18.4350528717041,0,13.197999954223633,0.2849999964237213
1787456105837,2026-08-23 03:35:05,,,,19.57,20.14,20.07,,,,100.0,-111.0,7.0,,,,,,,,,,
1787456112179,2026-08-23 03:35:12,44.23,36.74,27.38,,,,339.45,309.0,280.3,100.0,-110.0,-2.0,,,,,,,,,,
1787457600000,2026-08-23 04:00:00,,,,,,,,,,,,,10.347999572753906,92.0,1021.5,9.104348182678223,0,2.3051247596740723,51.340171813964844,0,12.697999954223633,0.2840000092983246
1787461200000,2026-08-23 05:00:00,,,,,,,,,,,,,10.79800033569336,93.0,1021.7999877929688,9.711064338684082,0,1.2979984283447266,123.69009399414062,0,12.447999954223633,0.28299999237060547
1787464800000,2026-08-23 06:00:00,,,,,,,,,,,,,12.847999572753906,87.0,1022.0999755859375,10.736806869506836,0,0.5091168880462646,315.0000915527344,0.009999999776482582,12.748000144958496,0.28200000524520874
1787468400000,2026-08-23 07:00:00,,,,,,,,,,,,,15.347999572753906,73.0,1022.0,10.534261703491211,0,8.759178161621094,279.4622497558594,0.10000000894069672,13.64799976348877,0.2809999883174896
1787472000000,2026-08-23 08:00:00,,,,,,,,,,,,,16.347999572753906,64.0,1022.4000244140625,9.522624969482422,0,13.708391189575195,283.67132568359375,0.1899999976158142,14.498000144958496,0.2800000011920929
1787475600000,2026-08-23 09:00:00,,,,,,,,,,,,,17.49799919128418,59.0,1022.5,9.396812438964844,0,14.799459457397461,288.4350280761719,0.23999999463558197,15.29800033569336,0.27799999713897705
1787479200000,2026-08-23 10:00:00,,,,,,,,,,,,,18.347999572753906,54.0,1022.5,8.875899314880371,0,14.40899658203125,282.99462890625,0.2800000309944153,16.04800033569336,0.2770000100135803
1787482800000,2026-08-23 11:00:00,,,,,,,,,,,,,18.847999572753906,50.0,1022.4000244140625,8.201059341430664,0,14.618837356567383,279.9261779785156,0.2800000309944153,16.697999954223633,0.2750000059604645
1787486400000,2026-08-23 12:00:00,,,,,,,,,,,,,19.49799919128418,41.0,1022.2000122070312,5.894830226898193,0,13.3637113571167,274.6353759765625,0.25,17.097999572753906,0.27300000190734863
1787490000000,2026-08-23 13:00:00,,,,,,,,,,,,,20.347999572753906,41.0,1021.9000244140625,6.658899307250977,0,14.417987823486328,272.8623352050781,0.25,17.49799919128418,0.2720000147819519
1787493600000,2026-08-23 14:00:00,,,,,,,,,,,,,19.447999954223633,44.0,1022.0999755859375,6.875307083129883,0,13.584932327270508,302.0053405761719,0.25,17.898000717163086,0.27000001072883606
1787497200000,2026-08-23 15:00:00,,,,,,,,,,,,,20.04800033569336,44.0,1021.7000122070312,7.419148921966553,0,10.315114974975586,299.24871826171875,0.23000000417232513,18.148000717163086,0.26899999380111694
1787500800000,2026-08-23 16:00:00,,,,,,,,,,,,,19.597999572753906,44.0,1021.7000122070312,7.011277198791504,0,11.96695327758789,291.16131591796875,0.1899999976158142,18.24799919128418,0.2669999897480011
1787504400000,2026-08-23 17:00:00,,,,,,,,,,,,,18.847999572753906,47.0,1021.7000122070312,7.292571544647217,0,7.704335689544678,307.4054260253906,0.10000000894069672,18.097999572753906,0.26600000262260437
1787508000000,2026-08-23 18:00:00,,,,,,,,,,,,,16.24799919128418,58.0,1022.0,7.971470355987549,0,4.394360065460205,325.0079040527344,0.03999999910593033,17.597999572753906,0.26600000262260437
1787511600000,2026-08-23 19:00:00,,,,,,,,,,,,,14.29800033569336,68.0,1022.2999877929688,8.470787048339844,0,1.7999999523162842,306.8699645996094,0.009999999776482582,16.597999572753906,0.26499998569488525
1787515200000,2026-08-23 20:00:00,,,,,,,,,,,,,13.347999572753906,70.0,1022.5,7.988956451416016,0,1.527350664138794,135.00010681152344,0,15.54800033569336,0.26499998569488525
1787518800000,2026-08-23 21:00:00,,,,,,,,,,,,,11.197999954223633,82.0,1022.7000122070312,8.2383394241333,0,3.545588731765747,113.96249389648438,0,14.597999572753906,0.2639999985694885
1787522400000,2026-08-23 22:00:00,,,,,,,,,,,,,9.998000144958496,87.0,1022.9000244140625,7.933383941650391,0,3.617955207824707,95.71050262451172,0,13.847999572753906,0.2639999985694885
1787526000000,2026-08-23 23:00:00,,,,,,,,,,,,,9.04800033569336,91.0,1023.0999755859375,7.65659236907959,0,2.6208393573760986,105.94546508789062,0,13.14799976348877,0.2639999985694885
1787529600000,2026-08-24 00:00:00,,,,,,,,,,,,,6.498000144958496,100.0,1023.2000122070312,6.498000144958496,0,2.1897945404052734,80.53775024414062,0,10.998000144958496,0.26499998569488525
1787533200000,2026-08-24 01:00:00,,,,,,,,,,,,,5.797999858856201,100.0,1023.0,5.797999382019043,0,1.7999999523162842,90.0,0,10.54800033569336,0.26499998569488525
1787536800000,2026-08-24 02:00:00,,,,,,,,,,,,,5.547999858856201,100.0,1023.4000244140625,5.547999858856201,0,1.9386591911315918,111.80147552490234,0,10.14799976348877,0.26499998569488525
1787540400000,2026-08-24 03:00:00,,,,,,,,,,,,,5.748000144958496,100.0,1023.4000244140625,5.748000144958496,0,2.4149534702301025,116.56498718261719,0,9.89799976348877,0.26499998569488525
1787544000000,2026-08-24 04:00:00,,,,,,,,,,,,,5.447999954223633,100.0,1023.4000244140625,5.447999954223633,0,2.6208393573760986,74.05453491210938,0,9.64799976348877,0.26499998569488525
1787547600000,2026-08-24 05:00:00,,,,,,,,,,,,,6.3480000495910645,100.0,1023.7000122070312,6.347999095916748,0,1.4399999380111694,90.0,0,9.447999954223633,0.26499998569488525
1787551200000,2026-08-24 06:00:00,,,,,,,,,,,,,9.64799976348877,92.0,1023.7999877929688,8.411192893981934,0,0.7199999690055847,180.0,0.009999999776482582,9.748000144958496,0.2639999985694885
1787554800000,2026-08-24 07:00:00,,,,,,,,,,,,,13.447999954223633,75.0,1023.7000122070312,9.104668617248535,0,3.7064266204833984,299.05450439453125,0.07999999821186066,10.54800033569336,0.2639999985694885
1787558400000,2026-08-24 08:00:00,,,,,,,,,,,,,15.39799976348877,68.0,1023.9000244140625,9.521430015563965,0,7.895416259765625,313.15240478515625,0.1899999976158142,11.64799976348877,0.2630000114440918
1787562000000,2026-08-24 09:00:00,,,,,,,,,,,,,16.898000717163086,63.0,1023.7999877929688,9.808772087097168,0,7.729526996612549,297.7584228515625,0.25999999046325684,12.697999954223633,0.2619999945163727
1787565600000,2026-08-24 10:00:00,,,,,,,,,,,,,18.097999572753906,56.0,1023.0999755859375,9.18263053894043,0,6.489992141723633,303.6900939941406,0.3199999928474426,13.79800033569336,0.26100000739097595
1787569200000,2026-08-24 11:00:00,,,,,,,,,,,,,19.29800033569336,49.0,1022.9000244140625,8.316855430603027,0,4.896529674530029,306.0274658203125,0.3500000238418579,14.79800033569336,0.2590000033378601
1787572800000,2026-08-24 12:00:00,,,,,,,,,,,,,19.74799919128418,48.0,1022.5999755859375,8.42518424987793,0,10.233122825622559,320.7106018066406,0.3500000238418579,15.748000144958496,0.257999986410141
1787576400000,2026-08-24 13:00:00,,,,,,,,,,,,,20.148000717163086,47.0,1022.5,8.480124473571777,0,5.815978050231934,338.1985168457031,0.2900000214576721,16.398000717163086,0.25600001215934753
1787580000000,2026-08-24 14:00:00,,,,,,,,,,,,,20.24799919128418,48.0,1022.0,8.882987976074219,0,8.759178161621094,350.5377502441406,0.25999999046325684,16.898000717163086,0.2549999952316284
1787583600000,2026-08-24 15:00:00,,,,,,,,,,,,,20.148000717163086,49.0,1021.4000244140625,9.097079277038574,0,8.21715259552002,28.810697555541992,0.23000000417232513,17.24799919128418,0.2529999911785126
1787587200000,2026-08-24 16:00:00,,,,,,,,,,,,,19.74799919128418,50.0,1020.7000122070312,9.029251098632812,0,7.4215898513793945,39.0938606262207,0.18000000715255737,17.398000717163086,0.25200000405311584
1787590800000,2026-08-24 17:00:00,,,,,,,,,,,,,18.79800033569336,56.0,1020.5,9.835592269897461,0,3.096837043762207,54.46223831176758,0.09000000357627869,17.347999572753906,0.25099998712539673
1787594400000,2026-08-24 18:00:00,,,,,,,,,,,,,16.148000717163086,66.0,1020.2999877929688,9.791382789611816,0,4.33497428894043,48.366554260253906,0.029999999329447746,16.947999954223633,0.25099998712539673
1787598000000,2026-08-24 19:00:00,,,,,,,,,,,,,13.64799976348877,75.0,1020.5999755859375,9.297951698303223,0,3.7585103511810303,73.30067443847656,0.009999999776482582,16.24799919128418,0.25
1787601600000,2026-08-24 20:00:00,,,,,,,,,,,,,11.39799976348877,84.0,1020.5,8.789968490600586,0,3.545588731765747,66.03750610351562,0,15.29800033569336,0.25
1787605200000,2026-08-24 21:00:00,,,,,,,,,,,,,10.347999572753906,86.0,1020.5,8.107344627380371,0,3.0758414268493652,69.4438705444336,0,14.39799976348877,0.25
1787608800000,2026-08-24 22:00:00,,,,,,,,,,,,,9.89799976348877,87.0,1020.2999877929688,7.835007667541504,0,2.879999876022339,90.0,0,13.498000144958496,0.24899999797344208
1787612400000,2026-08-24 23:00:00,,,,,,,,,,,,,9.39799976348877,88.0,1019.9000244140625,7.510497570037842,0,2.2768397331237793,108.43504333496094,0,12.697999954223633,0.24899999797344208
1787616000000,2026-08-25 00:00:00,,,,,,,,,,,,,9.248000144958496,93.0,1018.2000122070312,8.174269676208496,0,3.396233081817627,147.99465942382812,0,12.447999954223633,0.25200000405311584
1787619600000,2026-08-25 01:00:00,,,,,,,,,,,,,9.29800033569336,94.0,1018.2999877929688,8.381576538085938,0,2.0364675521850586,135.00010681152344,0,11.998000144958496,0.25200000405311584
1787623200000,2026-08-25 02:00:00,,,,,,,,,,,,,9.097999572753906,95.0,1018.2999877929688,8.339035987854004,0,0.8049845099449158,63.43501281738281,0,11.697999954223633,0.25200000405311584
1787626800000,2026-08-25 03:00:00,,,,,,,,,,,,,8.248000144958496,98.0,1018.0999755859375,7.95053768157959,0,1.6099690198898315,116.56498718261719,0,11.347999572753906,0.25200000405311584
1787630400000,2026-08-25 04:00:00,,,,,,,,,,,,,8.29800033569336,98.0,1017.9000244140625,8.000420570373535,0,1.0800000429153442,180.0,0,11.04800033569336,0.25200000405311584
1787634000000,2026-08-25 05:00:00,,,,,,,,,,,,,8.79800033569336,98.0,1017.0999755859375,8.499236106872559,0,2.3051247596740723,128.6598358154297,0,10.847999572753906,0.25200000405311584
1787637600000,2026-08-25 06:00:00,,,,,,,,,,,,,10.998000144958496,94.0,1017.0999755859375,10.069210052490234,0,1.0182337760925293,224.99989318847656,0.009999999776482582,10.998000144958496,0.25200000405311584
1787641200000,2026-08-25 07:00:00,,,,,,,,,,,,,14.097999572753906,82.0,1016.7999877929688,11.070837020874023,0,1.527350664138794,224.99989318847656,0.05000000447034836,11.748000144958496,0.25099998712539673
1787644800000,2026-08-25 08:00:00,,,,,,,,,,,,,17.74799919128418,69.0,1016.4000244140625,11.986772537231445,0,4.198285102844238,120.96369171142578,0.12999999523162842,12.79800033569336,0.25099998712539673
1787648400000,2026-08-25 09:00:00,,,,,,,,,,,,,19.697999954223633,63.0,1016.0999755859375,12.45734691619873,0,9.422101020812988,83.41815185546875,0.23000000417232513,14.04800033569336,0.25
1787652000000,2026-08-25 10:00:00,,,,,,,,,,,,,21.04800033569336,57.0,1015.5999755859375,12.202488899230957,0,10.739832878112793,76.42955017089844,0.2900000214576721,15.248000144958496,0.24899999797344208
1787655600000,2026-08-25 11:00:00,,,,,,,,,,,,,21.898000717163086,55.0,1015.0999755859375,12.450963020324707,0,11.726277351379395,72.12120819091797,0.2900000214576721,16.197999954223633,0.24799999594688416
1787659200000,2026-08-25 12:00:00,,,,,,,,,,,,,22.79800033569336,51.0,1015.0999755859375,12.134855270385742,0,10.948972702026367,80.53775024414062,0.25,16.947999954223633,0.24699999392032623
1787662800000,2026-08-25 13:00:00,,,,,,,,,,,,,22.99799919128418,49.0,1015.2000122070312,11.711578369140625,0,11.609650611877441,82.87508392333984,0.25,17.597999572753906,0.2460000067949295
1787666400000,2026-08-25 14:00:00,,,,,,,,,,,,,23.24799919128418,47.0,1015.2000122070312,11.309871673583984,0,12.783802032470703,80.27249908447266,0.23999999463558197,18.097999572753906,0.24500000476837158
1787670000000,2026-08-25 15:00:00,,,,,,,,,,,,,22.24799919128418,49.0,1015.0999755859375,11.023780822753906,0,13.084402084350586,82.09293365478516,0.20000001788139343,18.447999954223633,0.24400000274181366
1787673600000,2026-08-25 16:00:00,,,,,,,,,,,,,21.347999572753906,48.0,1015.0,9.889891624450684,0,11.96695327758789,83.0888671875,0.12999999523162842,18.49799919128418,0.24300000071525574
1787677200000,2026-08-25 17:00:00,,,,,,,,,,,,,20.197999954223633,53.0,1015.4000244140625,10.313404083251953,0,11.01388168334961,78.69010162353516,0.07000000774860382,18.347999572753906,0.24300000071525574
1787678237520,2026-08-25 17:17:17,42.38,34.35,26.54,,,,334.27,306.45,279.61,100.0,-117.0,-18.0,,,,,,,,,,
1787680800000,2026-08-25 18:00:00,,,,,,,,,,,,,18.648000717163086,61.0,1016.0999755859375,10.977428436279297,0,9.028754234313965,85.42616271972656,0.03999999910593033,18.04800033569336,0.24199999868869781
1787684400000,2026-08-25 19:00:00,,,,,,,,,,,,,17.54800033569336,66.0,1016.7000122070312,11.123377799987793,0,5.411986351013184,86.18600463867188,0.029999999329447746,17.648000717163086,0.24199999868869781
1787688000000,2026-08-25 20:00:00,,,,,,,,,,,,,16.49799919128418,72.0,1016.7000122070312,11.433032035827637,0,4.553679466247559,71.5649642944336,0.019999999552965164,17.197999954223633,0.2409999966621399
1787691600000,2026-08-25 21:00:00,,,,,,,,,,,,,16.29800033569336,71.0,1016.9000244140625,11.029820442199707,0,5.154415607452393,77.90525817871094,0.019999999552965164,16.79800033569336,0.2409999966621399
1787695200000,2026-08-25 22:00:00,,,,,,,,,,,,,15.79800033569336,76.0,1017.2000122070312,11.575703620910645,0.10000000149011612,4.6938252449035645,85.60137939453125,0.029999999329447746,16.447999954223633,0.2409999966621399
1787698800000,2026-08-25 23:00:00,,,,,,,,,,,,,15.29800033569336,81.0,1017.5,12.056148529052734,0.4000000059604645,3.5999999046325684,90.0,0.019999999552965164,16.148000717163086,0.2409999966621399
1787702400000,2026-08-26 00:00:00,,,,,,,,,,,,,13.998000144958496,87.0,1017.7000122070312,11.867868423461914,0.800000011920929,3.2599384784698486,83.65990447998047,0.009999999776482582,17.398000717163086,0.24300000071525574
1787706000000,2026-08-26 01:00:00,,,,,,,,,,,,,14.097999572753906,89.0,1018.2999877929688,12.31171703338623,0.20000000298023224,2.2768397331237793,108.43504333496094,0.009999999776482582,17.097999572753906,0.24300000071525574
1787707023971,2026-08-26 01:17:03,,,,19.23,19.38,18.86,,,,100.0,-117.0,-22.5,,,,,,,,,,
1787709600000,2026-08-26 02:00:00,,,,,,,,,,,,,13.998000144958496,91.0,1018.7999877929688,12.551568031311035,0.30000001192092896,2.2768397331237793,341.56494140625,0,16.79800033569336,0.24300000071525574
1787713200000,2026-08-26 03:00:00,,,,,,,,,,,,,13.847999572753906,94.0,1018.9000244140625,12.89829158782959,0.6000000238418579,0.8049845099449158,26.564985275268555,0,16.54800033569336,0.24300000071525574
1787716800000,2026-08-26 04:00:00,,,,,,,,,,,,,13.597999572753906,94.0,1018.7000122070312,12.650134086608887,1.100000023841858,1.8356469869613647,101.30989837646484,0,16.29800033569336,0.24500000476837158
1787720400000,2026-08-26 05:00:00,,,,,,,,,,,,,13.79800033569336,93.0,1018.9000244140625,12.685277938842773,0.6000000238418579,2.5199999809265137,90.0,0,16.097999572753906,0.2529999911785126
1787724000000,2026-08-26 06:00:00,,,,,,,,,,,,,14.29800033569336,91.0,1019.2000122070312,12.848200798034668,0.800000011920929,2.4149534702301025,116.56498718261719,0.009999999776482582,15.947999954223633,0.2639999985694885
1787727600000,2026-08-26 07:00:00,,,,,,,,,,,,,15.39799976348877,88.0,1019.4000244140625,13.420056343078613,1,2.9024126529693604,82.87508392333984,0.029999999329447746,15.847999572753906,0.2849999964237213
1787731200000,2026-08-26 08:00:00,,,,,,,,,,,,,16.097999572753906,87.0,1019.7999877929688,13.933065414428711,0.20000000298023224,2.545584201812744,98.13002014160156,0.03999999910593033,15.847999572753906,0.296999990940094
1787734800000,2026-08-26 09:00:00,,,,,,,,,,,,,16.398000717163086,84.0,1019.9000244140625,13.687007904052734,0.10000000149011612,5.052840709686279,94.08554077148438,0.03999999910593033,15.847999572753906,0.3009999990463257
1787735825469,2026-08-26 09:17:05,42.19,34.21,26.43,,,,333.75,306.3,279.52,100.0,-120.0,-19.5,,,,,,,,,,
1787738400000,2026-08-26 10:00:00,,,,,,,,,,,,,16.697999954223633,84.0,1020.0,13.98076343536377,0.30000001192092896,4.320000171661377,90.0,0.05000000447034836,15.847999572753906,0.3019999861717224
1787742000000,2026-08-26 11:00:00,,,,,,,,,,,,,17.398000717163086,84.0,1020.0,14.666179656982422,0.30000001192092896,3.5999999046325684,90.0,0.05000000447034836,15.89799976348877,0.30300000309944153
1787745600000,2026-08-26 12:00:00,,,,,,,,,,,,,17.847999572753906,83.0,1020.0,14.920597076416016,0,5.937272071838379,75.96372985839844,0.07999999821186066,15.99799919128418,0.30300000309944153
1787749200000,2026-08-26 13:00:00,,,,,,,,,,,,,17.847999572753906,82.0,1020.2000122070312,14.732434272766113,0.20000000298023224,6.6380720138549805,77.47119903564453,0.07999999821186066,16.097999572753906,0.3019999861717224
1787750214908,2026-08-26 13:16:54,,,,18.79,18.82,18.95,,,,100.0,-99.0,6.0,,,,,,,,,,
1787750221515,2026-08-26 13:17:01,42.15,34.16,26.43,,,,333.65,306.24,279.52,100.0,-99.0,9.25,,,,,,,,,,
1787752800000,2026-08-26 14:00:00,,,,,,,,,,,,,18.347999572753906,81.0,1020.0999755859375,15.029638290405273,0,7.208993911743164,92.86235046386719,0.10000000894069672,16.197999954223633,0.30000001192092896
1787756400000,2026-08-26 15:00:00,,,,,,,,,,,,,18.74799919128418,80.0,1019.9000244140625,15.225958824157715,0,6.8777899742126465,83.9910888671875,0.10999999940395355,16.29800033569336,0.2980000078678131
1787760000000,2026-08-26 16:00:00,,,,,,,,,,,,,19.148000717163086,77.0,1019.5999755859375,15.019684791564941,0,7.235910415649414,95.71050262451172,0.11999999731779099,16.447999954223633,0.29499998688697815
1787763600000,2026-08-26 17:00:00,,,,,,,,,,,,,18.79800033569336,78.0,1019.4000244140625,14.880843162536621,0,6.479999542236328,90.0,0.07000000774860382,16.54800033569336,0.2919999957084656
1787764609352,2026-08-26 17:16:49,,,,18.79,18.7,19.01,,,,100.0,-101.0,12.0,,,,,,,,,,
1787764614603,2026-08-26 17:16:54,42.13,34.1,26.4,,,,333.59,306.18,279.5,100.0,-104.0,10.75,,,,,,,,,,
1787767200000,2026-08-26 18:00:00,,,,,,,,,,,,,16.54800033569336,90.0,1019.5999755859375,14.901069641113281,0,5.154415607452393,77.90525817871094,0.019999999552965164,16.597999572753906,0.289000004529953
1787770800000,2026-08-26 19:00:00,,,,,,,,,,,,,14.998000144958496,93.0,1020.0,13.874876976013184,0,4.896529197692871,72.89718627929688,0,16.54800033569336,0.28700000047683716
1787774400000,2026-08-26 20:00:00,,,,,,,,,,,,,14.347999572753906,94.0,1020.0,13.394598007202148,0,4.6938252449035645,94.39862060546875,0,16.398000717163086,0.2849999964237213
1787778000000,2026-08-26 21:00:00,,,,,,,,,,,,,13.597999572753906,95.0,1020.0999755859375,12.811744689941406,0,4.802999019622803,102.99462127685547,0,16.197999954223633,0.28299999237060547
1787779006160,2026-08-26 21:16:46,,,,18.82,18.79,18.95,,,,100.0,-104.0,4.25,,,,,,,,,,
1787779013183,2026-08-26 21:16:53,42.12,34.07,26.37,,,,333.56,306.15,279.47,100.0,-104.0,6.5,,,,,,,,,,
1787781600000,2026-08-26 22:00:00,,,,,,,,,,,,,13.447999954223633,95.0,1020.2000122070312,12.6626615524292,0,5.052840709686279,85.91446685791016,0,15.99799919128418,0.28200000524520874
1787785200000,2026-08-26 23:00:00,,,,,,,,,,,,,13.248000144958496,94.0,1020.2000122070312,12.302713394165039,0,5.052840709686279,94.08554077148438,0,15.79800033569336,0.2800000011920929
1787788800000,2026-08-27 00:00:00,,,,,,,,,,,,,12.847999572753906,98.0,1018.9000244140625,12.539552688598633,0,4.213691711425781,109.98319244384766,0,15.447999954223633,0.2759999930858612
1787792400000,2026-08-27 01:00:00,,,,,,,,,,,,,13.498000144958496,94.0,1019.2999877929688,12.550871849060059,0,4.802999019622803,102.99462127685547,0,15.248000144958496,0.2750000059604645
1787793403738,2026-08-27 01:16:43,,,,18.73,19.13,18.73,,,,100.0,-105.0,11.0,,,,,,,,,,
1787793410058,2026-08-27 01:16:50,42.08,34.02,26.33,,,,333.47,306.09,279.44,100.0,-105.0,4.75,,,,,,,,,,
1787796000000,2026-08-27 02:00:00,,,,,,,,,,,,,13.29800033569336,91.0,1018.7999877929688,11.859416961669922,0,5.241678714752197,105.94546508789062,0.009999999776482582,15.097999572753906,0.27399998903274536
1787799600000,2026-08-27 03:00:00,,,,,,,,,,,,,13.04800033569336,89.0,1018.7999877929688,11.276227951049805,0,5.86037540435791,100.6196060180664,0.009999999776482582,14.89799976348877,0.27300000190734863
1787803200000,2026-08-27 04:00:00,,,,,,,,,,,,,12.697999954223633,89.0,1018.5,10.931049346923828,0,6.162207126617432,96.7097396850586,0.009999999776482582,14.748000144958496,0.2720000147819519
1787806800000,2026-08-27 05:00:00,,,,,,,,,,,,,13.447999954223633,87.0,1018.5,11.326934814453125,0,6.519876956939697,96.34009552001953,0.009999999776482582,14.597999572753906,0.2709999978542328
1787807800103,2026-08-27 05:16:40,,,,18.58,18.61,18.73,,,,100.0,-102.0,11.75,,,,,,,,,,
1787807805296,2026-08-27 05:16:45,42.02,33.96,26.29,,,,333.32,306.03,279.41,100.0,-100.0,10.25,,,,,,,,,,
1787810400000,2026-08-27 06:00:00,,,,,,,,,,,,,16.447999954223633,75.0,1018.5,12.003352165222168,0,8.049844741821289,100.3047866821289,0.05000000447034836,14.597999572753906,0.27000001072883606
1787814000000,2026-08-27 07:00:00,,,,,,,,,,,,,18.74799919128418,70.0,1018.4000244140625,13.16329574584961,0,11.92898941040039,95.19434356689453,0.18000000715255737,14.79800033569336,0.26899999380111694
1787817600000,2026-08-27 08:00:00,,,,,,,,,,,,,20.79800033569336,67.0,1018.4000244140625,14.446688652038574,0,12.0693998336792,107.35411071777344,0.2800000309944153,15.248000144958496,0.2680000066757202
1787821200000,2026-08-27 09:00:00,,,,,,,,,,,,,22.99799919128418,60.0,1018.0999755859375,14.817329406738281,0,12.768586158752441,111.50149536132812,0.3400000035762787,15.79800033569336,0.2669999897480011
1787822197129,2026-08-27 09:16:37,,,,18.4,19.32,18.89,,,,100.0,-103.0,10.75,,,,,,,,,,
1787822204142,2026-08-27 09:16:44,41.91,33.83,26.26,,,,333.01,305.89,279.38,100.0,-102.0,9.75,,,,,,,,,,
1787824800000,2026-08-27 10:00:00,,,,,,,,,,,,,24.54800033569336,55.0,1017.7000122070312,14.914467811584473,0,13.217443466186523,119.357666015625,0.36000001430511475,16.54800033569336,0.26499998569488525
1787828400000,2026-08-27 11:00:00,,,,,,,,,,,,,26.29800033569336,50.0,1017.2999877929688,15.049701690673828,0,13.281023025512695,122.82854461669922,0.3500000238418579,17.347999572753906,0.2630000114440918
1787832000000,2026-08-27 12:00:00,,,,,,,,,,,,,27.447999954223633,46.0,1016.7999877929688,14.804798126220703,0,13.183079719543457,124.99209594726562,0.3400000035762787,18.197999954223633,0.2619999945163727
1787835600000,2026-08-27 13:00:00,,,,,,,,,,,,,28.04800033569336,45.0,1016.4000244140625,15.007844924926758,0,12.98497486114502,133.8767852783203,0.3199999928474426,19.04800033569336,0.25999999046325684
1787836594064,2026-08-27 13:16:34,,,,18.52,18.12,19.26,,,,100.0,-103.0,5.25,,,,,,,,,,
1787836599219,2026-08-27 13:16:39,41.82,33.69,26.26,,,,332.8,305.74,279.38,100.0,-102.0,7.5,,,,,,,,,,
1787839200000,2026-08-27 14:00:00,,,,,,,,,,,,,28.04800033569336,43.0,1015.7999877929688,14.303060531616211,0,13.708390235900879,119.93142700195312,0.2800000309944153,19.74799919128418,0.257999986410141
1787842800000,2026-08-27 15:00:00,,,,,,,,,,,,,27.99799919128418,41.0,1015.5999755859375,13.52401065826416,0,13.896186828613281,126.5731201171875,0.23000000417232513,20.24799919128418,0.25699999928474426
1787846400000,2026-08-27 16:00:00,,,,,,,,,,,,,27.597999572753906,42.0,1015.2000122070312,13.53536605834961,0,12.599998474121094,126.86998748779297,0.18000000715255737,20.597999572753906,0.25600001215934753
1787850000000,2026-08-27 17:00:00,,,,,,,,,,,,,26.847999572753906,44.0,1014.7999877929688,13.574344635009766,0,10.805997848510742,119.98155212402344,0.09000000357627869,20.847999572753906,0.2549999952316284
1787850990971,2026-08-27 17:16:30,,,,19.29,19.1,18.67,,,,100.0,-103.0,12.0,,,,,,,,,,
1787850996282,2026-08-27 17:16:36,41.89,33.75,26.37,,,,332.98,305.8,279.47,100.0,-105.0,5.5,,,,,,,,,,
1787853600000,2026-08-27 18:00:00,,,,,,,,,,,,,23.54800033569336,55.0,1014.7000122070312,13.985051155090332,0,8.70723819732666,97.12492370605469,0.05000000447034836,20.79800033569336,0.2540000081062317
1787857200000,2026-08-27 19:00:00,,,,,,,,,,,,,21.54800033569336,64.0,1015.0,14.449970245361328,0,9.359999656677246,90.0,0.029999999329447746,20.54800033569336,0.2529999911785126
1787860800000,2026-08-27 20:00:00,,,,,,,,,,,,,20.648000717163086,66.0,1014.9000244140625,14.071539878845215,0,10.079999923706055,90.0,0.029999999329447746,20.24799919128418,0.2529999911785126
1787864400000,2026-08-27 21:00:00,,,,,,,,,,,,,20.447999954223633,64.0,1014.4000244140625,13.408077239990234,0,11.570514678955078,95.3557357788086,0.029999999329447746,19.947999954223633,0.25200000405311584
1787865387857,2026-08-27 21:16:27,,,,19.63,19.29,18.09,,,,100.0,-98.0,12.5,,,,,,,,,,
1787865393090,2026-08-27 21:16:33,41.93,33.83,26.33,,,,333.07,305.89,279.44,100.0,-98.0,10.75,,,,,,,,,,
1787868000000,2026-08-27 22:00:00,,,,,,,,,,,,,20.447999954223633,60.0,1013.7000122070312,12.421035766601562,0,13.084402084350586,97.90707397460938,0.029999999329447746,19.648000717163086,0.25200000405311584
1787871600000,2026-08-27 23:00:00,,,,,,,,,,,,,20.197999954223633,61.0,1013.7000122070312,12.437638282775879,0,13.138765335083008,99.46224975585938,0.029999999329447746,19.447999954223633,0.25099998712539673
1787875200000,2026-08-28 00:00:00,,,,,,,,,,,,,20.447999954223633,60.0,1012.9000244140625,12.421035766601562,0,15.226763725280762,96.78887939453125,0.03999999910593033,19.697999954223633,0.24799999594688416
1787878800000,2026-08-28 01:00:00,,,,,,,,,,,,,20.197999954223633,59.0,1013.2999877929688,11.93069839477539,0,13.339445114135742,93.093994140625,0.03999999910593033,19.347999572753906,0.24699999392032623
1787882400000,2026-08-28 02:00:00,,,,,,,,,,,,,19.74799919128418,59.0,1012.5,11.508495330810547,0,15.13713264465332,92.72625732421875,0.03999999910593033,19.097999572753906,0.24699999392032623
1787886000000,2026-08-28 03:00:00,,,,,,,,,,,,,19.74799919128418,59.0,1011.7000122070312,11.508495330810547,0,15.84000015258789,90.0,0.03999999910593033,18.847999572753906,0.24699999392032623
1787889600000,2026-08-28 04:00:00,,,,,,,,,,,,,19.898000717163086,61.0,1011.4000244140625,12.15505599975586,0,15.124283790588379,91.36389923095703,0.03999999910593033,18.74799919128418,0.2460000067949295
1787893200000,2026-08-28 05:00:00,,,,,,,,,,,,,20.24799919128418,61.0,1010.9000244140625,12.484731674194336,0,14.113653182983398,95.85591888427734,0.05000000447034836,18.697999954223633,0.2460000067949295
1787894181918,2026-08-28 05:16:21,,,,19.6,19.54,19.1,,,,100.0,-102.0,10.25,,,,,,,,,,
1787894187027,2026-08-28 05:16:27,41.84,33.86,26.33,,,,332.83,305.92,279.44,100.0,-102.0,10.0,,,,,,,,,,
1787896800000,2026-08-28 06:00:00,,,,,,,,,,,,,20.648000717163086,62.0,1011.2000122070312,13.110302925109863,0,14.471820831298828,95.71050262451172,0.07000000774860382,18.697999954223633,0.24500000476837158
1787900400000,2026-08-28 07:00:00,,,,,,,,,,,,,21.29800033569336,63.0,1011.0,13.970121383666992,0,13.896186828613281,106.5571517944336,0.11999999731779099,18.898000717163086,0.24500000476837158
1787904000000,2026-08-28 08:00:00,,,,,,,,,,,,,22.148000717163086,62.0,1013.5,14.525543212890625,0,4.896529197692871,162.89718627929688,0.12999999523162842,19.197999954223633,0.24400000274181366
1787907600000,2026-08-28 09:00:00,,,,,,,,,,,,,21.697999954223633,68.0,1012.2000122070312,15.534845352172852,0,13.084402084350586,97.90707397460938,0.1599999964237213,19.398000717163086,0.24400000274181366
1787908578798,2026-08-28 09:16:18,,,,19.54,19.92,18.95,,,,100.0,-104.0,10.75,,,,,,,,,,
1787908585797,2026-08-28 09:16:25,41.77,33.8,26.33,,,,332.65,305.86,279.44,100.0,-104.0,5.25,,,,,,,,,,
1787911200000,2026-08-28 10:00:00,,,,,,,,,,,,,22.847999572753906,64.0,1012.0999755859375,15.680990219116211,0,10.805997848510742,150.01844787597656,0.23000000417232513,19.847999572753906,0.24300000071525574
1787914800000,2026-08-28 11:00:00,,,,,,,,,,,,,25.148000717163086,56.0,1010.7000122070312,15.753412246704102,0,13.004921913146973,131.63345336914062,0.27000001072883606,20.447999954223633,0.24199999868869781
1787918400000,2026-08-28 12:00:00,,,,,,,,,,,,,27.29800033569336,51.0,1010.5999755859375,16.27828025817871,0,14.186923027038574,144.29322814941406,0.36000001430511475,21.54800033569336,0.2409999966621399
1787922000000,2026-08-28 13:00:00,,,,,,,,,,,,,28.24799919128418,49.0,1010.4000244140625,16.521547317504883,0,10.58791732788086,162.18101501464844,0.3100000023841858,22.398000717163086,0.23899999260902405
1787922975752,2026-08-28 13:16:15,,,,19.54,18.79,19.32,,,,100.0,-103.0,11.0,,,,,,,,,,
1787922982694,2026-08-28 13:16:22,41.66,33.72,26.33,,,,332.37,305.77,279.44,100.0,-102.0,12.0,,,,,,,,,,
1787925600000,2026-08-28 14:00:00,,,,,,,,,,,,,25.79800033569336,61.0,1010.7999877929688,17.70901870727539,0.10000000149011612,7.56856632232666,154.65386962890625,0.18000000715255737,22.648000717163086,0.23899999260902405
1787929200000,2026-08-28 15:00:00,,,,,,,,,,,,,23.79800033569336,76.0,1011.7999877929688,19.31293296813965,0.699999988079071,12.496719360351562,258.36639404296875,0.09000000357627869,22.347999572753906,0.23800000548362732
1787932800000,2026-08-28 16:00:00,,,,,,,,,,,,,22.04800033569336,85.0,1010.7000122070312,19.408445358276367,3.9000000953674316,5.804825305938721,150.2552032470703,0.05999999865889549,21.74799919128418,0.2460000067949295
1787936400000,2026-08-28 17:00:00,,,,,,,,,,,,,21.447999954223633,85.0,1009.7999877929688,18.8203182220459,0.20000000298023224,9.957108497619629,102.52880096435547,0.03999999910593033,21.24799919128418,0.2669999897480011
1787937372784,2026-08-28 17:16:12,,,,19.66,19.38,19.2,,,,100.0,-103.0,11.0,,,,,,,,,,
1787937377884,2026-08-28 17:16:17,41.67,33.77,26.37,,,,332.4,305.83,279.47,100.0,-102.0,11.75,,,,,,,,,,
1787940000000,2026-08-28 18:00:00,,,,,,,,,,,,,20.697999954223633,84.0,1010.7999877929688,17.89687728881836,0.10000000149011612,8.049844741821289,100.3047866821289,0.029999999329447746,20.79800033569336,0.2770000100135803
1787943600000,2026-08-28 19:00:00,,,,,,,,,,,,,19.99799919128418,85.0,1011.4000244140625,17.398908615112305,0.20000000298023224,5.315336227416992,61.6993408203125,0.029999999329447746,20.347999572753906,0.2809999883174896
1787947200000,2026-08-28 20:00:00,,,,,,,,,,,,,19.648000717163086,87.0,1011.4000244140625,17.423603057861328,0.10000000149011612,6.839999675750732,90.0,0.019999999552965164,19.947999954223633,0.28200000524520874
1787950800000,2026-08-28 21:00:00,,,,,,,,,,,,,19.447999954223633,88.0,1011.2999877929688,17.40782356262207,0.4000000059604645,4.829906940460205,116.56498718261719,0.019999999552965164,19.648000717163086,0.28200000524520874
1787951769683,2026-08-28 21:16:09,,,,19.79,19.54,19.35,,,,100.0,-104.0,9.5,,,,,,,,,,
1787951776720,2026-08-28 21:16:16,41.67,33.8,26.4,,,,332.4,305.86,279.5,100.0,-103.0,6.25,,,,,,,,,,
1787954400000,2026-08-28 22:00:00,,,,,,,,,,,,,19.148000717163086,88.0,1012.0999755859375,17.112468719482422,0,6.519876956939697,96.34009552001953,0.019999999552965164,19.347999572753906,0.28299999237060547
1787958000000,2026-08-28 23:00:00,,,,,,,,,,,,,18.648000717163086,90.0,1012.4000244140625,16.97439956665039,2.200000047683716,5.116561412811279,50.71061706542969,0.019999999552965164,19.148000717163086,0.2849999964237213
1787961600000,2026-08-29 00:00:00,,,,,,,,,,,,,17.74799919128418,81.0,1013.0999755859375,14.444757461547852,1.899999976158142,6.6380720138549805,130.60121154785156,0.05000000447034836,18.648000717163086,0.26100000739097595
1787965200000,2026-08-29 01:00:00,,,,,,,,,,,,,17.29800033569336,82.0,1013.0,14.195481300354004,0.699999988079071,4.6938252449035645,94.39862060546875,0.029999999329447746,18.148000717163086,0.289000004529953
1787966166683,2026-08-29 01:16:06,,,,19.82,18.95,19.26,,,,100.0,-114.0,4.0,,,,,,,,,,
1787966171750,2026-08-29 01:16:11,41.67,33.83,26.4,,,,332.4,305.89,279.5,100.0,-114.0,4.5,,,,,,,,,,
1787968800000,2026-08-29 02:00:00,,,,,,,,,,,,,17.148000717163086,81.0,1012.9000244140625,13.859848022460938,0,6.4096174240112305,51.842735290527344,0.05000000447034836,17.847999572753906,0.2980000078678131
1787972400000,2026-08-29 03:00:00,,,,,,,,,,,,,16.648000717163086,84.0,1013.2000122070312,13.931807518005371,0,1.4843180179595947,104.03627014160156,0.019999999552965164,17.49799919128418,0.30000001192092896
1787976000000,2026-08-29 04:00:00,,,,,,,,,,,,,17.197999954223633,78.0,1013.2999877929688,13.328215599060059,0,5.771238803863525,273.5762634277344,0.019999999552965164,17.148000717163086,0.2980000078678131
1787979600000,2026-08-29 05:00:00,,,,,,,,,,,,,16.648000717163086,83.0,1013.7000122070312,13.747318267822266,0,3.0758414268493652,339.4438781738281,0.019999999552965164,16.898000717163086,0.29499998688697815
1787980563585,2026-08-29 05:16:03,,,,19.73,19.66,19.23,,,,100.0,-104.0,10.5,,,,,,,,,,
1787980568821,2026-08-29 05:16:08,41.62,33.8,26.4,,,,332.28,305.86,279.5,100.0,-104.0,8.75,,,,,,,,,,
1787983200000,2026-08-29 06:00:00,,,,,,,,,,,,,17.697999954223633,79.0,1014.2999877929688,14.00979232788086,0,5.351784706115723,250.34608459472656,0.05000000447034836,16.947999954223633,0.2919999957084656
1787986800000,2026-08-29 07:00:00,,,,,,,,,,,,,18.697999954223633,75.0,1014.5999755859375,14.176612854003906,0,10.182336807250977,261.8699951171875,0.1899999976158142,17.49799919128418,0.28999999165534973
1787990400000,2026-08-29 08:00:00,,,,,,,,,,,,,19.597999572753906,70.0,1014.9000244140625,13.9773588180542,0,13.319999694824219,270.0,0.3400000035762787,18.04800033569336,0.28700000047683716
1787994000000,2026-08-29 09:00:00,,,,,,,,,,,,,20.697999954223633,62.0,1015.0,13.157482147216797,0,14.081478118896484,274.39862060546875,0.46000000834465027,18.648000717163086,0.2840000092983246
1787994960569,2026-08-29 09:16:00,,,,19.63,19.1,19.35,,,,100.0,-102.0,7.5,,,,,,,,,,
1787994967550,2026-08-29 09:16:07,41.54,33.72,26.37,,,,332.07,305.77,279.47,100.0,-106.0,8.25,,,,,,,,,,
1787997600000,2026-08-29 10:00:00,,,,,,,,,,,,,21.99799919128418,53.0,1014.7999877929688,11.980330467224121,0,14.058449745178223,267.06439208984375,0.47999998927116394,19.24799919128418,0.2800000011920929
