timestamp,datetime,-10|ENV__SOIL__VWC,-30|ENV__SOIL__VWC,-45|ENV__SOIL__VWC,-10|ENV__SOIL__T,-30|ENV__SOIL__T,-45|ENV__SOIL__T,-10|ENV__SOIL__CAPACITANCE__ABSOLUTE,-30|ENV__SOIL__CAPACITANCE__ABSOLUTE,-45|ENV__SOIL__CAPACITANCE__ABSOLUTE,DEVICE|DEV__RF__RSSI,DEVICE|DEV__RF__SINR,MTB|ENV__ATMO__T,MTB|ENV__ATMO__RH,MTB|ENV__ATMO__P,MTB|ENV__ATMO__DEWPOINT,MTB|ENV__ATMO__RAIN__DELTA,MTB|ENV__ATMO__WIND__SPEED,MTB|ENV__ATMO__WIND__DIRECTION,MTB|ENV__SOIL__ET,MTB|ENV__SOIL__T,MTB|ENV__SOIL__VWC
1779173701562,2026-05-19 06:55:01,,,,,,,,,,-113.0,-16.2,,,,,,,,,,
1779173722520,2026-05-19 06:55:22,,,,,,,,,,-111.0,-16.8,,,,,,,,,,
1779188115732,2026-05-19 10:55:15,,,,,,,,,,-103.0,1.5,,,,,,,,,,
1779188118480,2026-05-19 10:55:18,,,,,,,,,,-108.0,6.2,,,,,,,,,,
1779189508321,2026-05-19 11:18:28,,,,,,,,,,-105.0,2.0,,,,,,,,,,
1779189521555,2026-05-19 11:18:41,27.26,13.49,28.47,,,,486.91,384.8,340.53,-111.0,-0.8,,,,,,,,,,
1779203912136,2026-05-19 15:18:32,,,,10.68,11.41,11.04,,,,-103.0,-0.2,,,,,,,,,,
1779232706720,2026-05-19 23:18:26,,,,10.53,11.38,10.99,,,,-108.0,0.2,,,,,,,,,,
1779235200000,2026-05-20 00:00:00,,,,,,,,,,,,13.95199966430664,78.0,1017.7999877929688,10.177447319030762,0.0,7.928177833557129,177.39749145507812,0.0199999995529651,14.501999855041504,0.2949999868869781
1779238800000,2026-05-20 01:00:00,,,,,,,,,,,,13.652000427246094,81.0,1017.5,10.45107078552246,0.3000000119209289,8.049844741821289,190.30479431152344,0.0199999995529651,14.302000045776367,0.2949999868869781
1779242400000,2026-05-20 02:00:00,,,,,,,,,,,,13.10200023651123,85.0,1017.5,10.636764526367188,1.5,7.594207286834717,185.44024658203125,0.0199999995529651,14.001999855041504,0.2980000078678131
1779246000000,2026-05-20 03:00:00,,,,,,,,,,,,12.902000427246094,87.0,1017.5999755859376,10.789920806884766,0.1000000014901161,7.594207286834717,174.55975341796875,0.0199999995529651,13.751999855041504,0.3009999990463257
1779247103921,2026-05-20 03:18:23,,,,10.53,10.86,11.2,,,,-115.0,-4.0,,,,,,,,,,
1779249600000,2026-05-20 04:00:00,,,,,,,,,,,,12.85200023651123,88.0,1017.9000244140624,10.912691116333008,0.0,8.287821769714355,177.510498046875,0.0099999997764825,13.552000045776367,0.3019999861717224
1779253200000,2026-05-20 05:00:00,,,,,,,,,,,,13.10200023651123,88.0,1018.0999755859376,11.15891456604004,0.0,9.746630668640137,184.2363128662109,0.0099999997764825,13.552000045776367,0.3030000030994415
1779256800000,2026-05-20 06:00:00,,,,,,,,,,,,13.45199966430664,87.0,1018.2000122070312,11.330870628356934,0.0,9.77981662750244,186.3401031494141,0.0199999995529651,13.802000045776367,0.3030000030994415
1779260400000,2026-05-20 07:00:00,,,,,,,,,,,,13.85200023651123,86.0,1018.4000244140624,11.549227714538574,0.1000000014901161,9.107358932495115,198.4350433349609,0.0199999995529651,14.152000427246094,0.3030000030994415
1779261501180,2026-05-20 07:18:21,,,,11.75,11.04,11.07,,,,-107.0,6.8,,,,,,,,,,
1779264000000,2026-05-20 08:00:00,,,,,,,,,,,,14.70199966430664,81.0,1018.7999877929688,11.474993705749512,0.2000000029802322,10.29625129699707,216.4693298339844,0.0299999993294477,14.652000427246094,0.3030000030994415
1779267600000,2026-05-20 09:00:00,,,,,,,,,,,,14.652000427246094,83.0,1019.2999877929688,11.795491218566896,0.4000000059604645,9.957107543945312,229.39878845214844,0.0399999991059303,15.152000427246094,0.3030000030994415
1779271200000,2026-05-20 10:00:00,,,,,,,,,,,,14.652000427246094,84.0,1019.9000244140624,11.977185249328612,0.3000000119209289,10.086426734924316,235.1754302978516,0.0399999991059303,15.251999855041504,0.3039999902248382
1779274800000,2026-05-20 11:00:00,,,,,,,,,,,,14.95199966430664,81.0,1020.4000244140624,11.718770027160645,1.0,11.04326057434082,250.97430419921875,0.0500000044703483,15.501999855041504,0.3059999942779541
1779278400000,2026-05-20 12:00:00,,,,,,,,,,,,15.95199966430664,69.0,1020.5999755859376,10.268987655639648,0.3000000119209289,12.31389331817627,254.7448272705078,0.0900000035762786,16.45199966430664,0.3079999983310699
1779282000000,2026-05-20 13:00:00,,,,,,,,,,,,16.851999282836914,65.0,1020.7999877929688,10.232389450073242,0.0,13.10419750213623,249.075424194336,0.1000000089406967,17.45199966430664,0.3089999854564667
1779285600000,2026-05-20 14:00:00,,,,,,,,,,,,16.601999282836914,68.0,1021.2000122070312,10.671175956726074,0.0,15.937877655029297,251.56495666503903,0.0900000035762786,17.95199966430664,0.3089999854564667
1779289200000,2026-05-20 15:00:00,,,,,,,,,,,,16.652000427246094,70.0,1021.4000244140624,11.15542697906494,0.1000000014901161,12.864648818969728,252.07199096679688,0.0799999982118606,17.95199966430664,0.3079999983310699
1779290295738,2026-05-20 15:18:15,,,,11.88,11.48,10.84,,,,-108.0,-2.2,,,,,,,,,,
1779292800000,2026-05-20 16:00:00,,,,,,,,,,,,17.601999282836914,61.0,1021.4000244140624,9.991731643676758,0.0,14.205182075500488,261.25390625,0.0900000035762786,18.50200080871582,0.3070000112056732
1779296400000,2026-05-20 17:00:00,,,,,,,,,,,,16.95199966430664,65.0,1022.0,10.327360153198242,0.0,11.901798248291016,266.5318298339844,0.0599999986588954,17.95199966430664,0.3059999942779541
1779300000000,2026-05-20 18:00:00,,,,,,,,,,,,16.50200080871582,69.0,1022.5999755859376,10.795092582702637,0.0,9.007196426391602,267.7094421386719,0.0399999991059303,17.25200080871582,0.3050000071525574
1779303600000,2026-05-20 19:00:00,,,,,,,,,,,,15.70199966430664,70.0,1023.2999877929688,10.24514389038086,0.0,6.92473840713501,242.1028289794922,0.0199999995529651,16.45199966430664,0.3050000071525574
1779307200000,2026-05-20 20:00:00,,,,,,,,,,,,14.652000427246094,75.0,1024.0999755859375,10.268149375915527,0.0,6.297428131103516,239.03631591796875,0.0099999997764825,15.501999855041504,0.3039999902248382
1779310800000,2026-05-20 21:00:00,,,,,,,,,,,,13.652000427246094,82.0,1024.5,10.635268211364746,0.0,4.6102495193481445,218.6598358154297,0.0099999997764825,14.652000427246094,0.3039999902248382
1779314400000,2026-05-20 22:00:00,,,,,,,,,,,,13.052000045776367,83.0,1025.0999755859375,10.230658531188965,0.0,5.116561412811279,219.2893829345703,0.0099999997764825,13.95199966430664,0.3030000030994415
1779318000000,2026-05-20 23:00:00,,,,,,,,,,,,12.652000427246094,84.0,1025.300048828125,10.01833152770996,0.0,5.191993713378906,213.69009399414065,0.0099999997764825,13.302000045776367,0.3030000030994415
1779321600000,2026-05-21 00:00:00,,,,,,,,,,,,13.501999855041504,83.0,1025.5999755859375,10.67078971862793,0.0,6.618518829345703,224.99989318847656,0.0099999997764825,13.902000427246094,0.3009999990463257
1779325200000,2026-05-21 01:00:00,,,,,,,,,,,,13.302000045776367,85.0,1025.5999755859375,10.832931518554688,0.0,6.618518829345703,224.99989318847656,0.0099999997764825,13.70199966430664,0.3009999990463257
1779328800000,2026-05-21 02:00:00,,,,,,,,,,,,13.10200023651123,84.0,1025.5999755859375,10.459100723266602,0.0,5.991593837738037,212.73521423339844,0.0099999997764825,13.45199966430664,0.3009999990463257
1779332400000,2026-05-21 03:00:00,,,,,,,,,,,,12.802000045776367,85.0,1026.199951171875,10.342506408691406,0.0,5.495161056518555,211.60745239257807,0.0099999997764825,13.251999855041504,0.3009999990463257
1779336000000,2026-05-21 04:00:00,,,,,,,,,,,,12.95199966430664,87.0,1026.300048828125,10.83909797668457,0.0,6.1516828536987305,200.55612182617188,0.0099999997764825,13.152000427246094,0.3009999990463257
1779339600000,2026-05-21 05:00:00,,,,,,,,,,,,13.402000427246094,86.0,1026.5999755859375,11.10725212097168,0.0,5.692099571228027,198.4350433349609,0.0099999997764825,13.302000045776367,0.3009999990463257
1779343200000,2026-05-21 06:00:00,,,,,,,,,,,,14.052000045776367,85.0,1026.9000244140625,11.568533897399902,0.0,8.145870208740234,224.99989318847656,0.0099999997764825,13.751999855041504,0.3009999990463257
1779346800000,2026-05-21 07:00:00,,,,,,,,,,,,15.35200023651123,79.0,1027.0,11.729402542114258,0.0,12.181625366210938,251.0294952392578,0.0399999991059303,15.001999855041504,0.3009999990463257
1779350400000,2026-05-21 08:00:00,,,,,,,,,,,,16.601999282836914,71.0,1027.0999755859375,11.32158660888672,0.0,13.358860969543455,255.96372985839844,0.0799999982118606,16.552000045776367,0.3000000119209289
1779354000000,2026-05-21 09:00:00,,,,,,,,,,,,17.75200080871582,66.0,1027.300048828125,11.317439079284668,0.0,13.039753913879396,263.659912109375,0.1199999973177909,18.35199928283692,0.3000000119209289
1779357600000,2026-05-21 10:00:00,,,,,,,,,,,,18.50200080871582,61.0,1027.300048828125,10.83985996246338,0.0,13.698933601379396,266.9872741699219,0.1500000059604644,20.152000427246094,0.2989999949932098
1779361200000,2026-05-21 11:00:00,,,,,,,,,,,,19.45199966430664,58.0,1027.0999755859375,10.973007202148438,0.0,14.081478118896484,265.60137939453125,0.1599999964237213,21.20199966430664,0.2980000078678131
1779362282138,2026-05-21 11:18:02,,,,11.67,11.46,11.41,,,,-111.0,3.8,,,,,,,,,,
1779364800000,2026-05-21 12:00:00,,,,,,,,,,,,19.75200080871582,53.0,1027.0,9.900245666503906,0.0,14.417987823486328,272.8623352050781,0.1700000017881393,22.10199928283692,0.296999990940094
1779368400000,2026-05-21 13:00:00,,,,,,,,,,,,19.60199928283692,56.0,1027.199951171875,10.585412979125977,0.0,12.287554740905762,275.0423583984375,0.1099999994039535,21.152000427246094,0.296999990940094
1779372000000,2026-05-21 14:00:00,,,,,,,,,,,,19.152000427246094,62.0,1027.5,11.69838047027588,0.0,10.446206092834473,268.0251159667969,0.1000000089406967,20.85199928283692,0.2960000038146972
1779375600000,2026-05-21 15:00:00,,,,,,,,,,,,19.302000045776367,61.0,1027.4000244140625,11.593605995178224,0.0,12.574259757995604,293.62939453125,0.0700000077486038,20.35199928283692,0.2949999868869781
1779376679408,2026-05-21 15:17:59,,,,11.3,11.88,11.35,,,,-109.0,-1.8,,,,,,,,,,
1779379200000,2026-05-21 16:00:00,,,,,,,,,,,,19.052000045776367,63.0,1027.4000244140625,11.846421241760254,0.0,9.178235054016112,311.820068359375,0.0700000077486038,20.10199928283692,0.2949999868869781
1779382800000,2026-05-21 17:00:00,,,,,,,,,,,,18.95199966430664,65.0,1027.4000244140625,12.22636604309082,0.0,6.130578517913818,310.2362976074219,0.0500000044703483,19.75200080871582,0.2949999868869781
1779386400000,2026-05-21 18:00:00,,,,,,,,,,,,18.75200080871582,64.0,1027.699951171875,11.801222801208496,0.0,4.693825721740723,302.4711608886719,0.0399999991059303,19.20199966430664,0.2949999868869781
1779390000000,2026-05-21 19:00:00,,,,,,,,,,,,18.25200080871582,68.0,1027.800048828125,12.246430397033691,0.0,2.0364675521850586,224.99989318847656,0.0199999995529651,18.45199966430664,0.2949999868869781
1779391076662,2026-05-21 19:17:56,,,,12.7,11.93,11.51,,,,-108.0,-1.8,,,,,,,,,,
1779393600000,2026-05-21 20:00:00,,,,,,,,,,,,16.50200080871582,80.0,1028.0,13.0397367477417,0.0,3.617955207824707,185.7104949951172,0.0099999997764825,17.402000427246094,0.2949999868869781
1779397200000,2026-05-21 21:00:00,,,,,,,,,,,,14.802000045776367,87.0,1028.0,12.658578872680664,0.0,3.9600000381469727,180.0,0.0099999997764825,16.402000427246094,0.2949999868869781
1779400800000,2026-05-21 22:00:00,,,,,,,,,,,,13.802000045776367,90.0,1028.199951171875,12.189618110656738,0.0,4.320000171661377,180.0,0.0,15.552000045776367,0.2949999868869781
1779404400000,2026-05-21 23:00:00,,,,,,,,,,,,13.001999855041504,91.0,1028.5,11.566725730895996,0.0,3.9600000381469727,180.0,0.0,14.802000045776367,0.2949999868869781
1779405473950,2026-05-21 23:17:53,,,,11.64,10.58,11.54,,,,-108.0,-1.8,,,,,,,,,,
1779408000000,2026-05-22 00:00:00,,,,,,,,,,,,11.402000427246094,94.0,1028.4000244140625,10.470258712768556,0.0,4.33497428894043,175.2364501953125,0.0,14.001999855041504,0.2939999997615814
1779411600000,2026-05-22 01:00:00,,,,,,,,,,,,11.20199966430664,93.0,1028.199951171875,10.111607551574709,0.0,3.6712939739227295,168.6901092529297,0.0,13.45199966430664,0.2939999997615814
1779415200000,2026-05-22 02:00:00,,,,,,,,,,,,10.85200023651123,95.0,1028.199951171875,10.082456588745115,0.0,3.5999999046325684,180.0,0.0,13.001999855041504,0.2939999997615814
1779418800000,2026-05-22 03:00:00,,,,,,,,,,,,10.751999855041504,95.0,1028.5,9.983061790466309,0.0,3.617955207824707,174.2895050048828,0.0,12.70199966430664,0.2939999997615814
1779419871186,2026-05-22 03:17:51,,,,12.7,11.3,11.59,,,,-110.0,-3.8,,,,,,,,,,
1779419874256,2026-05-22 03:17:54,24.1,16.05,29.79,,,,483.25,387.46,341.7,-110.0,-2.2,,,,,,,,,,
1779422400000,2026-05-22 04:00:00,,,,,,,,,,,,10.751999855041504,94.0,1028.9000244140625,9.82500457763672,0.0,4.379589080810547,170.53775024414062,0.0,12.45199966430664,0.2939999997615814
1779426000000,2026-05-22 05:00:00,,,,,,,,,,,,11.751999855041504,90.0,1029.300048828125,10.165172576904297,0.0,4.0249223709106445,169.69520568847656,0.0099999997764825,12.652000427246094,0.2949999868869781
1779429600000,2026-05-22 06:00:00,,,,,,,,,,,,14.251999855041504,82.0,1029.4000244140625,11.221233367919922,0.0,3.6712939739227295,168.6901092529297,0.0199999995529651,13.85200023651123,0.2949999868869781
1779433200000,2026-05-22 07:00:00,,,,,,,,,,,,16.652000427246094,77.0,1029.5,12.601303100585938,0.0,2.620839357376098,164.05453491210938,0.0399999991059303,15.95199966430664,0.2949999868869781
1779434268467,2026-05-22 07:17:48,,,,12.75,12.17,11.67,,,,-113.0,1.2,,,,,,,,,,
1779436800000,2026-05-22 08:00:00,,,,,,,,,,,,18.85199928283692,71.0,1029.199951171875,13.480615615844728,0.0,3.9600000381469727,180.0,0.0799999982118606,18.50200080871582,0.2939999997615814
1779440400000,2026-05-22 09:00:00,,,,,,,,,,,,20.50200080871582,63.0,1029.199951171875,13.217581748962402,0.0,4.843304634094238,221.9871368408203,0.1199999973177909,21.052000045776367,0.2939999997615814
1779444000000,2026-05-22 10:00:00,,,,,,,,,,,,21.652000427246094,51.0,1029.300048828125,11.078764915466309,0.0,5.815978050231934,248.1985321044922,0.1700000017881393,23.20199966430664,0.2930000126361847
1779447600000,2026-05-22 11:00:00,,,,,,,,,,,,22.75200080871582,49.0,1029.199951171875,11.486001968383787,0.0,2.27683973312378,198.4350433349609,0.2199999988079071,25.152000427246094,0.2919999957084656
1779448668762,2026-05-22 11:17:48,24.2,16.21,29.87,,,,483.36,387.62,341.77,-113.0,2.5,,,,,,,,,,
1779451200000,2026-05-22 12:00:00,,,,,,,,,,,,22.802000045776367,47.0,1029.0,10.90293788909912,0.0,8.049844741821289,296.5649719238281,0.1899999976158142,25.70199966430664,0.2899999916553497
1779454800000,2026-05-22 13:00:00,,,,,,,,,,,,23.802000045776367,44.0,1028.4000244140625,10.81906795501709,0.0,3.5999999046325684,323.1300048828125,0.2000000178813934,26.902000427246094,0.289000004529953
1779458400000,2026-05-22 14:00:00,,,,,,,,,,,,24.302000045776367,45.0,1028.0999755859375,11.611308097839355,0.0,4.104631423950195,344.74481201171875,0.2000000178813934,27.75200080871582,0.2879999876022339
1779462000000,2026-05-22 15:00:00,,,,,,,,,,,,24.35199928283692,47.0,1027.9000244140625,12.31691551208496,0.0,4.679999828338623,360.0,0.1800000071525573,27.85199928283692,0.2860000133514404
1779465600000,2026-05-22 16:00:00,,,,,,,,,,,,24.20199966430664,49.0,1027.800048828125,12.815374374389648,0.0,5.014219284057617,21.03758811950684,0.1400000154972076,27.302000045776367,0.2849999964237213
1779469200000,2026-05-22 17:00:00,,,,,,,,,,,,23.802000045776367,47.0,1027.800048828125,11.815267562866213,0.0,5.9044389724731445,37.56866455078125,0.1099999994039535,26.10199928283692,0.2840000092983246
1779472800000,2026-05-22 18:00:00,,,,,,,,,,,,23.20199966430664,52.0,1027.800048828125,12.80344581604004,0.0,5.241678714752197,74.05453491210938,0.0700000077486038,24.60199928283692,0.2840000092983246
1779476400000,2026-05-22 19:00:00,,,,,,,,,,,,22.152000427246094,59.0,1027.9000244140625,13.76346492767334,0.0,3.6712939739227295,101.30989837646484,0.0399999991059303,23.00200080871582,0.2829999923706054
1779480000000,2026-05-22 20:00:00,,,,,,,,,,,,19.85199928283692,66.0,1027.9000244140625,13.314690589904783,0.0,3.396233081817627,122.0053482055664,0.0199999995529651,21.402000427246094,0.2829999923706054
1779483600000,2026-05-22 21:00:00,,,,,,,,,,,,17.652000427246094,76.0,1028.0,13.369502067565918,0.0,3.415259599685669,161.56495666503906,0.0099999997764825,20.052000045776367,0.2840000092983246
1779487200000,2026-05-22 22:00:00,,,,,,,,,,,,16.601999282836914,81.0,1028.199951171875,13.327544212341309,0.0,3.3190360069274902,167.47120666503906,0.0099999997764825,18.85199928283692,0.2840000092983246
1779490800000,2026-05-22 23:00:00,,,,,,,,,,,,16.001998901367188,82.0,1028.300048828125,12.930109024047852,0.0,3.3190360069274902,167.47120666503906,0.0099999997764825,18.00200080871582,0.2840000092983246
1779494400000,2026-05-23 00:00:00,,,,,,,,,,,,14.802000045776367,92.0,1028.199951171875,13.514355659484863,0.0,2.9024126529693604,150.2552032470703,0.0,17.25200080871582,0.2820000052452087
1779498000000,2026-05-23 01:00:00,,,,,,,,,,,,14.152000427246094,92.0,1027.800048828125,12.870821952819824,0.0,3.877318382263184,158.1985321044922,0.0,16.601999282836914,0.2829999923706054
1779501600000,2026-05-23 02:00:00,,,,,,,,,,,,13.902000427246094,91.0,1027.5999755859375,12.456647872924805,0.0,3.6712939739227295,168.6901092529297,0.0,16.052000045776367,0.2829999923706054
1779505200000,2026-05-23 03:00:00,,,,,,,,,,,,13.652000427246094,91.0,1027.9000244140625,12.209449768066406,0.0,3.7585103511810303,163.30067443847656,0.0,15.60200023651123,0.2840000092983246
1779508800000,2026-05-23 04:00:00,,,,,,,,,,,,13.751999855041504,90.0,1027.9000244140625,12.140241622924805,0.0,4.0249223709106445,153.4350128173828,0.0,15.20199966430664,0.2840000092983246
1779512400000,2026-05-23 05:00:00,,,,,,,,,,,,15.20199966430664,85.0,1028.0,12.696370124816896,0.0,4.213691711425781,160.0167999267578,0.0099999997764825,15.45199966430664,0.2840000092983246
1779516000000,2026-05-23 06:00:00,,,,,,,,,,,,18.35199928283692,77.0,1027.699951171875,14.248513221740724,0.0,5.937272071838379,165.96372985839844,0.0199999995529651,16.70199966430664,0.2840000092983246
1779519600000,2026-05-23 07:00:00,,,,,,,,,,,,20.70199966430664,70.0,1027.699951171875,15.034518241882324,0.0,7.993297576904297,187.7650756835937,0.0500000044703483,18.95199966430664,0.2849999964237213
1779520652067,2026-05-23 07:17:32,,,,12.04,12.89,11.96,,,,-114.0,-2.0,,,,,,,,,,
1779520657047,2026-05-23 07:17:37,24.44,16.45,30.03,,,,483.64,387.88,341.92,-116.0,-3.0,,,,,,,,,,
1779523200000,2026-05-23 08:00:00,,,,,,,,,,,,22.50200080871582,64.0,1027.800048828125,15.35338306427002,0.0,7.172948837280273,197.52566528320312,0.0900000035762786,21.50200080871582,0.2840000092983246
1779526800000,2026-05-23 09:00:00,,,,,,,,,,,,24.20199966430664,58.0,1027.800048828125,15.418496131896973,0.0,7.56856632232666,205.3461303710937,0.1400000154972076,24.10199928283692,0.2840000092983246
1779530400000,2026-05-23 10:00:00,,,,,,,,,,,,25.802000045776367,50.0,1027.800048828125,14.594231605529783,0.0,7.787990570068359,236.3099060058593,0.1899999976158142,26.45199966430664,0.2829999923706054
1779534000000,2026-05-23 11:00:00,,,,,,,,,,,,26.802000045776367,43.0,1027.699951171875,13.17994785308838,0.0,9.36691951751709,272.2025451660156,0.2300000041723251,28.302000045776367,0.2820000052452087
1779535054327,2026-05-23 11:17:34,24.48,16.52,30.03,,,,483.68,387.95,341.92,-117.0,-6.2,,,,,,,,,,
1779537600000,2026-05-23 12:00:00,,,,,,,,,,,,27.45199966430664,38.0,1027.4000244140625,11.876763343811035,0.0,10.495713233947754,292.1663818359375,0.2300000041723251,29.60199928283692,0.2809999883174896
1779541200000,2026-05-23 13:00:00,,,,,,,,,,,,27.45199966430664,43.0,1027.0999755859375,13.765902519226074,0.0,6.489992141723633,289.44012451171875,0.2199999988079071,30.35199928283692,0.2790000140666961
1779544800000,2026-05-23 14:00:00,,,,,,,,,,,,27.902000427246094,41.0,1026.9000244140625,13.437993049621582,0.0,9.021574020385742,298.6103515625,0.1899999976158142,30.60199928283692,0.277999997138977
1779548400000,2026-05-23 15:00:00,,,,,,,,,,,,28.00200080871582,32.0,1026.5999755859375,9.774741172790527,0.0,6.287129878997803,283.24053955078125,0.1800000071525573,30.25200080871582,0.2770000100135803
1779549446561,2026-05-23 15:17:26,,,,12.54,12.75,12.22,,,,-111.0,-0.8,,,,,,,,,,
1779552000000,2026-05-23 16:00:00,,,,,,,,,,,,27.902000427246094,40.0,1026.5,13.05936050415039,0.0,7.56856632232666,267.27374267578125,0.1500000059604644,29.902000427246094,0.2759999930858612
1779555600000,2026-05-23 17:00:00,,,,,,,,,,,,27.652000427246094,33.0,1026.5,9.929078102111816,0.0,7.771330833435059,283.3925170898437,0.1199999973177909,28.902000427246094,0.2750000059604645
1779559200000,2026-05-23 18:00:00,,,,,,,,,,,,26.902000427246094,39.0,1026.5,11.781373977661133,0.0,5.154415607452393,257.9052429199219,0.0799999982118606,27.45199966430664,0.2739999890327453
1779562800000,2026-05-23 19:00:00,,,,,,,,,,,,24.75200080871582,60.0,1026.699951171875,16.46478271484375,0.0,3.096837043762207,215.5377655029297,0.0399999991059303,25.802000045776367,0.2739999890327453
1779563846804,2026-05-23 19:17:26,24.5,16.55,30.14,,,,483.71,387.98,342.01,-111.0,-3.8,,,,,,,,,,
1779566400000,2026-05-23 20:00:00,,,,,,,,,,,,21.70199966430664,72.0,1026.800048828125,16.433940887451172,0.0,3.6712939739227295,191.3098907470703,0.0199999995529651,24.052000045776367,0.2739999890327453
1779570000000,2026-05-23 21:00:00,,,,,,,,,,,,19.70199966430664,71.0,1026.9000244140625,14.29605484008789,0.0,4.33497428894043,184.7635498046875,0.0199999995529651,22.50200080871582,0.2739999890327453
1779573600000,2026-05-23 22:00:00,,,,,,,,,,,,18.652000427246094,75.0,1027.0,14.132190704345703,0.0,4.320000171661377,180.0,0.0199999995529651,21.25200080871582,0.2739999890327453
1779577200000,2026-05-23 23:00:00,,,,,,,,,,,,18.00200080871582,76.0,1026.9000244140625,13.708088874816896,0.0,4.679999828338623,180.0,0.0099999997764825,20.302000045776367,0.2750000059604645
1779580800000,2026-05-24 00:00:00,,,,,,,,,,,,16.052000045776367,89.0,1027.4000244140625,14.23856258392334,0.0,5.771238803863525,176.42373657226562,0.0099999997764825,18.75200080871582,0.2750000059604645
1779584400000,2026-05-24 01:00:00,,,,,,,,,,,,15.85200023651123,89.0,1027.0,14.041351318359377,0.0,5.447788238525391,172.4054412841797,0.0099999997764825,18.152000427246094,0.2750000059604645
1779588000000,2026-05-24 02:00:00,,,,,,,,,,,,16.20199966430664,86.0,1027.300048828125,13.857094764709473,0.0,5.091168403625488,171.86997985839844,0.0099999997764825,17.802000045776367,0.2759999930858612
1779591600000,2026-05-24 03:00:00,,,,,,,,,,,,16.45199966430664,85.0,1027.4000244140625,13.922174453735352,0.0,3.7585103511810303,163.30067443847656,0.0099999997764825,17.552000045776367,0.2759999930858612
1779592638302,2026-05-24 03:17:18,,,,12.78,12.78,12.3,,,,-110.0,-5.2,,,,,,,,,,
1779595200000,2026-05-24 04:00:00,,,,,,,,,,,,16.902000427246094,83.0,1027.800048828125,13.995673179626465,0.0,3.3190360069274902,192.5287933349609,0.0099999997764825,17.402000427246094,0.2770000100135803
1779598800000,2026-05-24 05:00:00,,,,,,,,,,,,18.152000427246094,79.0,1028.4000244140625,14.451029777526855,0.0,6.1516828536987305,290.5561218261719,0.0199999995529651,17.75200080871582,0.2770000100135803
1779602400000,2026-05-24 06:00:00,,,,,,,,,,,,18.652000427246094,81.0,1028.800048828125,15.325966835021973,0.0,10.495713233947754,300.96368408203125,0.0500000044703483,18.75200080871582,0.277999997138977
1779606000000,2026-05-24 07:00:00,,,,,,,,,,,,18.85199928283692,77.0,1029.4000244140625,14.732922554016112,0.0,11.60965061187744,299.7447814941406,0.0799999982118606,20.052000045776367,0.277999997138977
1779607035561,2026-05-24 07:17:15,,,,14.06,13.16,12.43,,,,-116.0,-7.2,,,,,,,,,,
1779607038554,2026-05-24 07:17:18,24.78,16.79,30.24,,,,484.03,388.24,342.1,-112.0,5.8,,,,,,,,,,
1779609600000,2026-05-24 08:00:00,,,,,,,,,,,,19.70199966430664,75.0,1029.800048828125,15.146161079406738,0.0,11.18320083618164,303.17852783203125,0.1099999994039535,21.35199928283692,0.277999997138977
1779613200000,2026-05-24 09:00:00,,,,,,,,,,,,20.95199966430664,71.0,1030.0,15.495028495788574,0.0,11.72075080871582,312.5104064941406,0.1599999964237213,22.95199966430664,0.277999997138977
1779616800000,2026-05-24 10:00:00,,,,,,,,,,,,21.85199928283692,66.0,1030.199951171875,15.216099739074709,0.0,12.031756401062012,308.92755126953125,0.2000000178813934,24.45199966430664,0.2770000100135803
1779620400000,2026-05-24 11:00:00,,,,,,,,,,,,22.85199928283692,61.0,1030.0999755859375,14.93671703338623,0.0,10.5142183303833,308.0470886230469,0.2300000041723251,25.75200080871582,0.2770000100135803
1779621432834,2026-05-24 11:17:12,,,,13.08,13.29,12.46,,,,-114.0,2.5,,,,,,,,,,
1779624000000,2026-05-24 12:00:00,,,,,,,,,,,,23.85199928283692,57.0,1030.0,14.820862770080566,0.0,12.53813362121582,309.17364501953125,0.2399999946355819,26.902000427246094,0.2759999930858612
1779627600000,2026-05-24 13:00:00,,,,,,,,,,,,24.35199928283692,52.0,1030.0999755859375,13.865188598632812,0.0,13.044721603393556,320.599365234375,0.2300000041723251,27.402000427246094,0.2750000059604645
1779631200000,2026-05-24 14:00:00,,,,,,,,,,,,24.552000045776367,49.0,1030.0999755859375,13.13616943359375,0.0,12.48115348815918,326.7682800292969,0.2300000041723251,27.60199928283692,0.2739999890327453
1779634800000,2026-05-24 15:00:00,,,,,,,,,,,,24.652000427246094,45.0,1030.199951171875,11.928848266601562,0.0,12.413476943969728,330.4613037109375,0.2100000232458114,27.35199928283692,0.2739999890327453
1779638400000,2026-05-24 16:00:00,,,,,,,,,,,,24.402000427246094,39.0,1030.0999755859375,9.552446365356444,0.0,11.918120384216309,334.9831237792969,0.2000000178813934,26.802000045776367,0.2730000019073486
1779642000000,2026-05-24 17:00:00,,,,,,,,,,,,23.70199966430664,43.0,1030.300048828125,10.38340663909912,0.0,11.304228782653809,350.83770751953125,0.1500000059604644,25.75200080871582,0.2730000019073486
1779645600000,2026-05-24 18:00:00,,,,,,,,,,,,22.60199928283692,42.0,1030.5999755859375,9.04076099395752,0.0,8.31124496459961,342.3497619628906,0.1199999973177909,24.35199928283692,0.2720000147819519
1779649200000,2026-05-24 19:00:00,,,,,,,,,,,,20.75200080871582,44.0,1031.0999755859375,8.05710220336914,0.0,9.826087951660156,351.5731201171875,0.0799999982118606,22.70199966430664,0.2720000147819519
1779650227312,2026-05-24 19:17:07,,,,13.16,13.51,12.7,,,,-115.0,4.5,,,,,,,,,,
1779650230329,2026-05-24 19:17:10,24.84,16.88,30.35,,,,484.1,388.34,342.2,-114.0,-3.5,,,,,,,,,,
1779652800000,2026-05-24 20:00:00,,,,,,,,,,,,18.45199966430664,50.0,1031.5999755859375,7.836580276489258,0.0,6.618519306182861,337.61981201171875,0.0599999986588954,20.902000427246094,0.2720000147819519
1779656400000,2026-05-24 21:00:00,,,,,,,,,,,,17.152000427246094,57.0,1032.0999755859375,8.561309814453125,0.0,4.104631423950195,322.1249389648437,0.0399999991059303,19.50200080871582,0.2720000147819519
1779660000000,2026-05-24 22:00:00,,,,,,,,,,,,15.85200023651123,65.0,1032.5,9.28258991241455,0.0,3.054701328277588,315.0000915527344,0.0299999993294477,18.402000427246094,0.2730000019073486
1779663600000,2026-05-24 23:00:00,,,,,,,,,,,,14.802000045776367,72.0,1032.699951171875,9.802377700805664,0.0,2.5199999809265137,270.0,0.0199999995529651,17.552000045776367,0.2730000019073486
1779667200000,2026-05-25 00:00:00,,,,,,,,,,,,14.751999855041504,70.0,1032.5999755859375,9.334723472595217,0.0,1.938659191131592,248.1985321044922,0.0099999997764825,17.302000045776367,0.2689999938011169
1779670800000,2026-05-25 01:00:00,,,,,,,,,,,,14.10200023651123,72.0,1032.4000244140625,9.129223823547363,0.0,1.7999999523162842,306.8699645996094,0.0099999997764825,16.70199966430664,0.270000010728836
1779674400000,2026-05-25 02:00:00,,,,,,,,,,,,13.45199966430664,76.0,1032.9000244140625,9.305279731750488,0.0,1.6099690198898315,243.4350128173828,0.0,16.152000427246094,0.270000010728836
1779678000000,2026-05-25 03:00:00,,,,,,,,,,,,12.902000427246094,79.0,1033.0999755859375,9.347301483154297,0.0,1.7999999523162842,216.86997985839844,0.0099999997764825,15.652000427246094,0.2709999978542328
1779679021818,2026-05-25 03:17:01,,,,14.64,13.78,12.78,,,,-109.0,-5.0,,,,,,,,,,
1779679024819,2026-05-25 03:17:04,24.93,16.97,30.45,,,,484.21,388.43,342.29,-110.0,0.8,,,,,,,,,,
1779681600000,2026-05-25 04:00:00,,,,,,,,,,,,12.45199966430664,80.0,1033.0,9.096247673034668,0.0,2.189794540405273,189.4622497558593,0.0099999997764825,15.20199966430664,0.2709999978542328
1779685200000,2026-05-25 05:00:00,,,,,,,,,,,,12.95199966430664,81.0,1032.9000244140625,9.768396377563477,0.0,1.4843180179595947,165.96372985839844,0.0199999995529651,15.302000045776367,0.2720000147819519
1779688800000,2026-05-25 06:00:00,,,,,,,,,,,,14.95199966430664,70.0,1033.0999755859375,9.52640151977539,0.0,0.3599999845027923,180.0,0.0299999993294477,16.25200080871582,0.2720000147819519
1779692400000,2026-05-25 07:00:00,,,,,,,,,,,,16.95199966430664,65.0,1033.4000244140625,10.327360153198242,0.0,1.2979984283447266,33.69010162353516,0.0700000077486038,17.851999282836914,0.2720000147819519
1779693422096,2026-05-25 07:17:02,24.96,17.03,30.48,,,,484.24,388.5,342.32,-111.0,-4.0,,,,,,,,,,
1779696000000,2026-05-25 08:00:00,,,,,,,,,,,,18.802000045776367,60.0,1033.5999755859375,10.873504638671877,0.0,1.2979984283447266,33.69010162353516,0.1000000089406967,20.00200080871582,0.2720000147819519
1779699600000,2026-05-25 09:00:00,,,,,,,,,,,,20.60199928283692,56.0,1033.4000244140625,11.51780891418457,0.0,2.1600000858306885,360.0,0.1500000059604644,22.20199966430664,0.2720000147819519
1779703200000,2026-05-25 10:00:00,,,,,,,,,,,,22.302000045776367,48.0,1032.9000244140625,10.762860298156738,0.0,2.099142551422119,329.03631591796875,0.1899999976158142,24.20199966430664,0.2709999978542328
1779706800000,2026-05-25 11:00:00,,,,,,,,,,,,23.45199966430664,43.0,1032.4000244140625,10.157739639282228,0.0,3.096837043762207,324.4622497558594,0.2300000041723251,26.00200080871582,0.2709999978542328
1779707816357,2026-05-25 11:16:56,,,,14.58,13.35,12.89,,,,-118.0,-2.2,,,,,,,,,,
1779710400000,2026-05-25 12:00:00,,,,,,,,,,,,24.50200080871582,33.0,1032.199951171875,7.175955772399902,0.0,4.896529674530029,323.9725341796875,0.2399999946355819,27.802000045776367,0.270000010728836
1779714000000,2026-05-25 13:00:00,,,,,,,,,,,,25.35199928283692,33.0,1031.9000244140625,7.919272899627685,0.0,4.33497428894043,318.3665466308594,0.25,29.00200080871582,0.2689999938011169
1779717600000,2026-05-25 14:00:00,,,,,,,,,,,,25.802000045776367,30.0,1031.5,6.914770126342773,0.0,6.369049549102783,317.2906188964844,0.2300000041723251,29.60199928283692,0.2680000066757202
1779721200000,2026-05-25 15:00:00,,,,,,,,,,,,25.85199928283692,32.0,1031.0,7.903187274932861,0.0,5.399999618530273,323.1300354003906,0.2100000232458114,29.45199966430664,0.2669999897480011
1779722213596,2026-05-25 15:16:53,,,,14.58,13.29,13.05,,,,-113.0,-3.2,,,,,,,,,,
1779724800000,2026-05-25 16:00:00,,,,,,,,,,,,26.152000427246094,28.0,1030.5999755859375,6.212620258331299,0.0,7.145795822143555,310.9142761230469,0.1700000017881393,28.902000427246094,0.2669999897480011
1779728400000,2026-05-25 17:00:00,,,,,,,,,,,,25.552000045776367,38.0,1030.5,10.188591003417969,0.0,6.6380720138549805,347.47119140625,0.1400000154972076,27.70199966430664,0.2660000026226043
1779732000000,2026-05-25 18:00:00,,,,,,,,,,,,24.902000427246094,32.0,1030.5999755859375,7.075588226318359,0.0,3.617955207824707,5.710507392883301,0.1000000089406967,26.152000427246094,0.2660000026226043
1779735600000,2026-05-25 19:00:00,,,,,,,,,,,,23.35199928283692,46.0,1030.9000244140625,11.080124855041504,0.0,3.096837043762207,305.5377502441406,0.0500000044703483,24.402000427246094,0.2649999856948852
1779736610840,2026-05-25 19:16:50,,,,13.78,13.86,12.99,,,,-115.0,3.8,,,,,,,,,,
1779736613835,2026-05-25 19:16:53,24.9,17.06,30.52,,,,484.17,388.53,342.35,-112.0,-1.8,,,,,,,,,,
1779739200000,2026-05-25 20:00:00,,,,,,,,,,,,20.75200080871582,62.0,1031.199951171875,13.20844268798828,0.0,3.075841426849365,290.5561218261719,0.0299999993294477,22.652000427246094,0.2660000026226043
1779742800000,2026-05-25 21:00:00,,,,,,,,,,,,19.402000427246094,63.0,1031.4000244140625,12.177430152893066,0.0,2.620839357376098,254.0545349121093,0.0199999995529651,21.20199966430664,0.2660000026226043
1779746400000,2026-05-25 22:00:00,,,,,,,,,,,,18.25200080871582,64.0,1031.4000244140625,11.32739543914795,0.0,2.9024126529693604,209.7447967529297,0.0099999997764825,20.00200080871582,0.2660000026226043
1779750000000,2026-05-25 23:00:00,,,,,,,,,,,,16.95199966430664,67.0,1031.199951171875,10.782340049743652,0.0,2.5199999809265137,180.0,0.0099999997764825,19.052000045776367,0.2669999897480011
1779751008086,2026-05-25 23:16:48,,,,13.73,13.86,13.1,,,,-114.0,,,,,,,,,,,
1779753600000,2026-05-26 00:00:00,,,,,,,,,,,,15.35200023651123,82.0,1031.300048828125,12.295415878295898,0.0,3.239999771118164,180.0,0.0099999997764825,18.052000045776367,0.2610000073909759
1779757200000,2026-05-26 01:00:00,,,,,,,,,,,,15.152000427246094,79.0,1030.800048828125,11.534971237182615,0.0,3.5999999046325684,180.0,0.0099999997764825,17.45199966430664,0.2610000073909759
1779760800000,2026-05-26 02:00:00,,,,,,,,,,,,14.552000045776367,80.0,1030.699951171875,11.141225814819336,0.0,3.9600000381469727,180.0,0.0099999997764825,16.95199966430664,0.2619999945163727
1779764400000,2026-05-26 03:00:00,,,,,,,,,,,,13.802000045776367,83.0,1030.5,10.964200973510742,0.0,4.320000171661377,180.0,0.0099999997764825,16.50200080871582,0.2619999945163727
1779768000000,2026-05-26 04:00:00,,,,,,,,,,,,13.20199966430664,86.0,1030.5,10.910812377929688,0.0,3.976329803466797,185.1943359375,0.0099999997764825,16.101999282836914,0.2619999945163727
1779771600000,2026-05-26 05:00:00,,,,,,,,,,,,14.302000045776367,85.0,1030.699951171875,11.813724517822266,0.0,3.617955207824707,174.2895050048828,0.0199999995529651,16.152000427246094,0.2630000114440918
1779775200000,2026-05-26 06:00:00,,,,,,,,,,,,17.25200080871582,81.0,1030.5,13.961236000061035,0.0,3.075841426849365,159.44387817382812,0.0299999993294477,17.25200080871582,0.2630000114440918
1779778800000,2026-05-26 07:00:00,,,,,,,,,,,,20.25200080871582,66.0,1030.199951171875,13.695033073425291,0.0,1.938659191131592,158.1985321044922,0.0700000077486038,19.302000045776367,0.2630000114440918
1779779805610,2026-05-26 07:16:45,24.99,17.15,30.59,,,,484.28,388.63,342.41,-111.0,2.0,,,,,,,,,,
1779782400000,2026-05-26 08:00:00,,,,,,,,,,,,22.802000045776367,58.0,1029.5999755859375,14.108789443969728,0.0,2.27683973312378,161.56495666503906,0.1299999952316284,21.75200080871582,0.2630000114440918
1779786000000,2026-05-26 09:00:00,,,,,,,,,,,,24.70199966430664,48.0,1029.4000244140625,12.957792282104492,0.0,2.9024126529693604,187.1249237060547,0.1899999976158142,24.152000427246094,0.2630000114440918
1779789600000,2026-05-26 10:00:00,,,,,,,,,,,,26.052000045776367,45.0,1029.199951171875,13.198614120483398,0.0,2.741678237915039,203.19862365722656,0.25,26.20199966430664,0.2619999945163727
1779793200000,2026-05-26 11:00:00,,,,,,,,,,,,27.152000427246094,46.0,1028.5999755859375,14.535810470581056,0.0,3.096837043762207,215.5377655029297,0.2800000309944153,28.00200080871582,0.2610000073909759
1779794199895,2026-05-26 11:16:39,,,,13.86,13.89,13.24,,,,-114.0,-2.5,,,,,,,,,,
1779794202880,2026-05-26 11:16:42,24.99,17.18,30.59,,,,484.28,388.66,342.41,-110.0,-7.5,,,,,,,,,,
1779796800000,2026-05-26 12:00:00,,,,,,,,,,,,28.402000427246094,36.0,1027.699951171875,11.897354125976562,0.0,6.119999885559082,241.9276123046875,0.270000010728836,29.60199928283692,0.2599999904632568
1779800400000,2026-05-26 13:00:00,,,,,,,,,,,,28.85199928283692,43.0,1026.800048828125,15.027485847473145,0.0,5.771238803863525,273.5762634277344,0.2900000214576721,30.70199966430664,0.2590000033378601
1779804000000,2026-05-26 14:00:00,,,,,,,,,,,,29.402000427246094,34.0,1026.0999755859375,11.908964157104492,0.0,7.2805495262146,278.5306701660156,0.2599999904632568,31.25200080871582,0.2569999992847442
1779807600000,2026-05-26 15:00:00,,,,,,,,,,,,29.60199928283692,36.0,1025.5,12.955574989318848,0.0,6.569382667541504,279.4622497558594,0.25,31.152000427246094,0.2560000121593475
1779808597124,2026-05-26 15:16:37,,,,14.86,14.06,13.1,,,,-114.0,-6.5,,,,,,,,,,
1779808600120,2026-05-26 15:16:40,24.96,17.18,30.62,,,,484.24,388.66,342.44,-116.0,2.8,,,,,,,,,,
1779811200000,2026-05-26 16:00:00,,,,,,,,,,,,29.552000045776367,31.0,1024.800048828125,10.64487361907959,0.0,6.92473840713501,297.8971862792969,0.2100000232458114,30.552000045776367,0.2549999952316284
1779814800000,2026-05-26 17:00:00,,,,,,,,,,,,29.00200080871582,37.0,1024.0999755859375,12.844658851623535,0.0,5.483356475830078,293.1986083984375,0.1700000017881393,29.50200080871582,0.2540000081062317
1779818400000,2026-05-26 18:00:00,,,,,,,,,,,,27.85199928283692,47.0,1023.7000122070312,15.507062911987305,0.0,4.198285102844238,300.96368408203125,0.1099999994039535,28.10199928283692,0.2529999911785126
1779822000000,2026-05-26 19:00:00,,,,,,,,,,,,25.75200080871582,60.0,1023.5,17.40373992919922,0.0,3.3190360069274902,229.39878845214844,0.0500000044703483,26.50200080871582,0.2520000040531158
1779822998373,2026-05-26 19:16:38,24.99,17.15,30.62,,,,484.28,388.63,342.44,-115.0,0.8,,,,,,,,,,
1779825600000,2026-05-26 20:00:00,,,,,,,,,,,,22.60199928283692,70.0,1023.5,16.85345458984375,0.0,3.89399528503418,213.69009399414065,0.0299999993294477,24.70199966430664,0.2520000040531158
1779829200000,2026-05-26 21:00:00,,,,,,,,,,,,20.552000045776367,74.0,1023.5999755859376,15.756850242614746,0.0,3.89399528503418,213.69009399414065,0.0199999995529651,23.10199928283692,0.2520000040531158
1779832800000,2026-05-26 22:00:00,,,,,,,,,,,,20.35199928283692,68.0,1024.0,14.250633239746094,0.0,8.66994857788086,318.3665466308594,0.0199999995529651,21.902000427246094,0.2520000040531158
1779836400000,2026-05-26 23:00:00,,,,,,,,,,,,18.652000427246094,74.0,1024.199951171875,13.925108909606934,0.0,5.634891033172607,296.5649719238281,0.0199999995529651,20.95199966430664,0.2520000040531158
1779837394644,2026-05-26 23:16:34,25.06,17.18,30.66,,,,484.35,388.66,342.48,-113.0,-3.2,,,,,,,,,,
1779840000000,2026-05-27 00:00:00,,,,,,,,,,,,18.85199928283692,75.0,1023.9000244140624,14.325334548950195,0.0,8.089993476867676,302.275634765625,0.0199999995529651,20.75200080871582,0.25
1779843600000,2026-05-27 01:00:00,,,,,,,,,,,,17.351999282836914,77.0,1023.7999877929688,13.2796049118042,0.0,8.942214012145996,310.100830078125,0.0199999995529651,20.052000045776367,0.2509999871253967
1779847200000,2026-05-27 02:00:00,,,,,,,,,,,,16.25200080871582,80.0,1024.5999755859375,12.796359062194824,0.0,7.65370512008667,311.1858215332031,0.0199999995529651,19.302000045776367,0.2520000040531158
1779850800000,2026-05-27 03:00:00,,,,,,,,,,,,15.402000427246094,83.0,1024.9000244140625,12.528932571411133,0.0,6.409617424011231,308.1572570800781,0.0199999995529651,18.552000045776367,0.2520000040531158
1779851788848,2026-05-27 03:16:28,,,,15.31,13.86,13.48,,,,-109.0,-5.8,,,,,,,,,,
1779854400000,2026-05-27 04:00:00,,,,,,,,,,,,14.751999855041504,85.0,1025.4000244140625,12.25505542755127,0.0,8.404285430908203,316.73565673828125,0.0199999995529651,18.00200080871582,0.2529999911785126
1779858000000,2026-05-27 05:00:00,,,,,,,,,,,,14.902000427246094,76.0,1025.800048828125,10.70864963531494,0.0,10.630672454833984,331.6993408203125,0.0299999993294477,17.902000427246094,0.2529999911785126
1779861600000,2026-05-27 06:00:00,,,,,,,,,,,,14.902000427246094,64.0,1026.0999755859375,8.15152359008789,0.0,11.770402908325195,336.5712890625,0.0700000077486038,18.25200080871582,0.2540000081062317
1779865200000,2026-05-27 07:00:00,,,,,,,,,,,,15.251999855041504,59.0,1026.0999755859375,7.287751197814941,0.0,10.63676643371582,336.0375061035156,0.1099999994039535,19.10199928283692,0.2540000081062317
1779866186116,2026-05-27 07:16:26,,,,15.43,14.42,13.56,,,,-115.0,1.2,,,,,,,,,,
1779866187290,2026-05-27 07:16:27,25.12,17.28,30.73,,,,484.42,388.76,342.54,-110.0,-4.0,,,,,,,,,,
1779868800000,2026-05-27 08:00:00,,,,,,,,,,,,16.152000427246094,53.0,1026.0999755859375,6.563391208648682,0.0,10.163227081298828,337.06787109375,0.1400000154972076,20.35199928283692,0.2540000081062317
1779872400000,2026-05-27 09:00:00,,,,,,,,,,,,17.45199966430664,47.0,1026.300048828125,6.016746520996094,0.0,10.163227081298828,337.06787109375,0.1800000071525573,21.85199928283692,0.2540000081062317
1779876000000,2026-05-27 10:00:00,,,,,,,,,,,,18.75200080871582,44.0,1026.5999755859375,6.244307518005371,0.0,10.99032211303711,328.3925476074219,0.2199999988079071,23.35199928283692,0.2540000081062317
1779879600000,2026-05-27 11:00:00,,,,,,,,,,,,19.75200080871582,39.0,1026.4000244140625,5.400479316711426,0.0,12.096214294433594,323.4710388183594,0.25,24.652000427246094,0.2529999911785126
1779880583381,2026-05-27 11:16:23,,,,15.26,14.25,13.67,,,,-114.0,1.5,,,,,,,,,,
1779883200000,2026-05-27 12:00:00,,,,,,,,,,,,20.552000045776367,35.0,1026.0999755859375,4.5569257736206055,0.0,13.044721603393556,320.599365234375,0.2599999904632568,25.70199966430664,0.2529999911785126
1779886800000,2026-05-27 13:00:00,,,,,,,,,,,,21.152000427246094,34.0,1025.5999755859375,4.670314788818359,0.0,13.27614402770996,319.3987731933594,0.2599999904632568,26.25200080871582,0.2520000040531158
1779890400000,2026-05-27 14:00:00,,,,,,,,,,,,21.50200080871582,36.0,1025.199951171875,5.801511764526367,0.0,13.830748558044434,321.3401794433594,0.2399999946355819,26.45199966430664,0.2520000040531158
1779894000000,2026-05-27 15:00:00,,,,,,,,,,,,21.652000427246094,37.0,1025.0,6.331355571746826,0.0,14.386493682861328,328.2986145019531,0.2100000232458114,26.152000427246094,0.2520000040531158
1779894980646,2026-05-27 15:16:20,,,,15.37,14.56,13.67,,,,-118.0,-1.2,,,,,,,,,,
1779897600000,2026-05-27 16:00:00,,,,,,,,,,,,21.25200080871582,41.0,1024.699951171875,7.47123384475708,0.0,13.891522407531738,328.7816467285156,0.1800000071525573,25.402000427246094,0.2509999871253967
1779901200000,2026-05-27 17:00:00,,,,,,,,,,,,20.50200080871582,39.0,1024.699951171875,6.0706939697265625,0.0,14.081477165222168,327.5288391113281,0.1500000059604644,24.25200080871582,0.2509999871253967
1779904800000,2026-05-27 18:00:00,,,,,,,,,,,,19.302000045776367,43.0,1025.0,6.408557415008545,0.0,12.81923484802246,321.8427124023437,0.1099999994039535,22.70199966430664,0.2509999871253967
1779908400000,2026-05-27 19:00:00,,,,,,,,,,,,17.402000427246094,46.0,1025.4000244140625,5.660120487213135,0.0,11.212135314941406,312.3973693847656,0.0700000077486038,20.95199966430664,0.2509999871253967
1779912000000,2026-05-27 20:00:00,,,,,,,,,,,,15.20199966430664,52.0,1025.800048828125,5.407470226287842,0.0,8.43506908416748,309.8055114746094,0.0500000044703483,19.152000427246094,0.2509999871253967
1779915600000,2026-05-27 21:00:00,,,,,,,,,,,,13.60200023651123,63.0,1026.0999755859375,6.689022541046143,0.0,5.9044389724731445,307.56866455078125,0.0299999993294477,17.652000427246094,0.2520000040531158
1779919200000,2026-05-27 22:00:00,,,,,,,,,,,,12.302000045776367,68.0,1026.5,6.563822746276856,0.0,5.804825305938721,299.7447814941406,0.0299999993294477,16.45199966430664,0.2520000040531158
1779922800000,2026-05-27 23:00:00,,,,,,,,,,,,11.052000045776367,78.0,1026.800048828125,7.361545085906982,0.0,5.634891033172607,296.5649719238281,0.0199999995529651,15.45199966430664,0.2520000040531158
1779923778135,2026-05-27 23:16:18,25.06,17.25,30.77,,,,484.35,388.73,342.57,-111.0,2.8,,,,,,,,,,
1779926400000,2026-05-28 00:00:00,,,,,,,,,,,,10.751999855041504,73.0,1026.4000244140625,6.106448650360107,0.0,5.692099094390869,304.6952209472656,0.0199999995529651,15.20199966430664,0.2469999939203262
1779930000000,2026-05-28 01:00:00,,,,,,,,,,,,9.802000045776367,79.0,1026.199951171875,6.332305431365967,0.0,4.452953815460205,284.0362548828125,0.0099999997764825,14.402000427246094,0.2469999939203262
1779933600000,2026-05-28 02:00:00,,,,,,,,,,,,8.95199966430664,85.0,1026.0,6.565627574920654,0.0,4.896529197692871,287.1028137207031,0.0099999997764825,13.652000427246094,0.2479999959468841
1779937200000,2026-05-28 03:00:00,,,,,,,,,,,,8.35200023651123,88.0,1026.4000244140625,6.480050563812256,0.0,5.014219284057617,291.0375671386719,0.0099999997764825,13.001999855041504,0.2479999959468841
1779938172416,2026-05-28 03:16:12,,,,15.37,14.28,13.81,,,,-112.0,1.0,,,,,,,,,,
1779940800000,2026-05-28 04:00:00,,,,,,,,,,,,8.001999855041504,90.0,1026.800048828125,6.461398124694824,0.0,4.680000305175781,292.6199035644531,0.0099999997764825,12.45199966430664,0.248999997973442
1779944400000,2026-05-28 05:00:00,,,,,,,,,,,,8.402000427246094,88.0,1027.0999755859375,6.529307842254639,0.0,4.510787010192871,298.6103515625,0.0099999997764825,12.501999855041504,0.248999997973442
1779948000000,2026-05-28 06:00:00,,,,,,,,,,,,9.45199966430664,83.0,1027.0999755859375,6.708996772766113,0.0,5.191993713378906,303.6900939941406,0.0299999993294477,13.402000427246094,0.248999997973442
1779951600000,2026-05-28 07:00:00,,,,,,,,,,,,10.95199966430664,76.0,1027.0999755859375,6.885081768035889,0.0,5.86037540435791,312.5104064941406,0.0500000044703483,15.052000045776367,0.25
1779952569698,2026-05-28 07:16:09,,,,15.2,14.61,13.81,,,,-112.0,3.0,,,,,,,,,,
1779952572692,2026-05-28 07:16:12,24.99,17.25,30.77,,,,484.28,388.73,342.57,-111.0,-2.2,,,,,,,,,,
1779955200000,2026-05-28 08:00:00,,,,,,,,,,,,12.652000427246094,67.0,1026.9000244140625,6.682391166687012,0.0,5.86037540435791,312.5104064941406,0.0700000077486038,17.25200080871582,0.25
1779958800000,2026-05-28 09:00:00,,,,,,,,,,,,14.402000427246094,58.0,1026.9000244140625,6.241048336029053,0.0,5.9044389724731445,307.56866455078125,0.1099999994039535,19.50200080871582,0.25
1779962400000,2026-05-28 10:00:00,,,,,,,,,,,,16.25200080871582,50.0,1026.9000244140625,5.810886383056641,0.0,6.696386814117432,306.2539367675781,0.1500000059604644,21.75200080871582,0.25
1779966000000,2026-05-28 11:00:00,,,,,,,,,,,,17.902000427246094,44.0,1026.5999755859375,5.473468780517578,0.0,8.161764144897461,318.576416015625,0.1800000071525573,23.652000427246094,0.25
1779969600000,2026-05-28 12:00:00,,,,,,,,,,,,19.35199928283692,39.0,1025.9000244140625,5.042943000793457,0.0,8.714676856994629,321.70977783203125,0.2000000178813934,25.10199928283692,0.248999997973442
1779973200000,2026-05-28 13:00:00,,,,,,,,,,,,20.402000427246094,36.0,1025.4000244140625,4.827967166900635,0.0,8.396570205688477,329.03631591796875,0.2100000232458114,26.10199928283692,0.2479999959468841
1779976800000,2026-05-28 14:00:00,,,,,,,,,,,,21.10199928283692,36.0,1025.0,5.447548389434815,0.0,7.729526996612549,332.2415466308594,0.1899999976158142,26.652000427246094,0.2479999959468841
1779980400000,2026-05-28 15:00:00,,,,,,,,,,,,21.50200080871582,34.0,1024.699951171875,4.977981090545654,0.0,7.421589851379394,337.1662902832031,0.1700000017881393,26.652000427246094,0.2469999939203262
1779981364237,2026-05-28 15:16:04,,,,13.89,14.0,13.78,,,,-114.0,3.0,,,,,,,,,,
1779984000000,2026-05-28 16:00:00,,,,,,,,,,,,21.60199928283692,30.0,1024.4000244140625,3.280181169509888,0.0,6.92473840713501,332.1028137207031,0.1500000059604644,26.10199928283692,0.2469999939203262
1779987600000,2026-05-28 17:00:00,,,,,,,,,,,,21.35199928283692,32.0,1024.199951171875,3.979512214660645,0.0,5.815978050231934,338.1985168457031,0.1199999973177909,24.95199966430664,0.2460000067949295
1779991200000,2026-05-28 18:00:00,,,,,,,,,,,,20.70199966430664,31.0,1024.300048828125,2.9626781940460205,0.0,5.154415607452393,12.094738960266112,0.0900000035762786,23.45199966430664,0.2460000067949295
1779994800000,2026-05-28 19:00:00,,,,,,,,,,,,19.70199966430664,35.0,1024.5,3.80680513381958,0.0,1.4399999380111694,360.0,0.0500000044703483,21.70199966430664,0.2460000067949295
1779998400000,2026-05-28 20:00:00,,,,,,,,,,,,18.552000045776367,43.0,1024.699951171875,5.73037052154541,0.0,1.7999999523162842,233.1300201416016,0.0099999997764825,20.00200080871582,0.2460000067949295
1780002000000,2026-05-28 21:00:00,,,,,,,,,,,,16.95199966430664,48.0,1024.9000244140625,5.86376428604126,0.0,2.099142551422119,210.96368408203125,0.0099999997764825,18.60199928283692,0.2460000067949295
1780005600000,2026-05-28 22:00:00,,,,,,,,,,,,15.751999855041504,50.0,1025.0999755859375,5.350306510925293,0.0,2.595996856689453,213.69009399414065,0.0099999997764825,17.601999282836914,0.2460000067949295
1780009200000,2026-05-28 23:00:00,,,,,,,,,,,,14.95199966430664,51.0,1025.0999755859375,4.897088527679443,0.0,2.4149534702301025,206.5649871826172,0.0099999997764825,16.75200080871582,0.2460000067949295
1780010158746,2026-05-28 23:15:58,,,,14.86,14.0,13.81,,,,-107.0,-2.0,,,,,,,,,,
1780010161736,2026-05-28 23:16:01,24.84,17.13,30.73,,,,484.1,388.6,342.54,-109.0,-4.5,,,,,,,,,,
1780012800000,2026-05-29 00:00:00,,,,,,,,,,,,11.751999855041504,79.0,1025.0,8.228952407836914,0.0,3.976329803466797,185.1943359375,0.0099999997764825,15.552000045776367,0.2409999966621399
1780016400000,2026-05-29 01:00:00,,,,,,,,,,,,10.802000045776367,81.0,1024.5999755859375,7.671321392059326,0.0,4.33497428894043,175.2364501953125,0.0099999997764825,14.751999855041504,0.2409999966621399
1780020000000,2026-05-29 02:00:00,,,,,,,,,,,,10.152000427246094,82.0,1024.5,7.216503620147705,0.0,4.735060214996338,171.25392150878906,0.0099999997764825,14.052000045776367,0.2419999986886978
1780023600000,2026-05-29 03:00:00,,,,,,,,,,,,9.751999855041504,83.0,1024.5,7.002510070800781,0.0,5.154415607452393,167.90525817871094,0.0099999997764825,13.45199966430664,0.2419999986886978
1780024556039,2026-05-29 03:15:56,,,,14.92,13.86,13.95,,,,-110.0,-2.0,,,,,,,,,,
1780027200000,2026-05-29 04:00:00,,,,,,,,,,,,9.902000427246094,82.0,1024.5999755859375,6.972264289855957,0.0,5.506940841674805,168.6901092529297,0.0099999997764825,13.001999855041504,0.2419999986886978
1780030800000,2026-05-29 05:00:00,,,,,,,,,,,,11.751999855041504,77.0,1024.699951171875,7.851573467254639,0.0,4.679999828338623,180.0,0.0199999995529651,13.20199966430664,0.2430000007152557
1780034400000,2026-05-29 06:00:00,,,,,,,,,,,,15.20199966430664,63.0,1024.4000244140625,8.203729629516602,0.0,7.993297576904297,172.23492431640625,0.0399999991059303,14.552000045776367,0.2430000007152557
1780038000000,2026-05-29 07:00:00,,,,,,,,,,,,17.402000427246094,57.0,1024.199951171875,8.795065879821777,0.0,9.387650489807127,184.39862060546875,0.0799999982118606,16.75200080871582,0.2430000007152557
1780038953305,2026-05-29 07:15:53,,,,14.86,14.39,13.18,,,,-113.0,-2.5,,,,,,,,,,
1780038956332,2026-05-29 07:15:56,24.81,17.15,30.73,,,,484.07,388.63,342.54,-111.0,3.8,,,,,,,,,,
1780041600000,2026-05-29 08:00:00,,,,,,,,,,,,19.402000427246094,51.0,1024.0999755859375,9.004223823547363,0.0,8.404284477233887,189.86573791503903,0.1199999973177909,19.25200080871582,0.2440000027418136
1780045200000,2026-05-29 09:00:00,,,,,,,,,,,,21.402000427246094,47.0,1024.0,9.625161170959473,0.0,7.172948837280273,197.52566528320312,0.1700000017881393,21.802000045776367,0.2430000007152557
1780048800000,2026-05-29 10:00:00,,,,,,,,,,,,23.152000427246094,42.0,1023.7999877929688,9.535987854003906,0.0,6.439876079559326,206.5649871826172,0.2100000232458114,24.10199928283692,0.2430000007152557
1780052400000,2026-05-29 11:00:00,,,,,,,,,,,,24.652000427246094,40.0,1023.2999877929688,10.153778076171877,0.0,6.379216194152832,196.38961791992188,0.25,26.152000427246094,0.2419999986886978
1780053350602,2026-05-29 11:15:50,,,,13.86,14.33,13.92,,,,-110.0,-2.5,,,,,,,,,,
1780053353583,2026-05-29 11:15:53,24.75,17.13,30.7,,,,484.0,388.6,342.51,-111.0,-3.2,,,,,,,,,,
1780056000000,2026-05-29 12:00:00,,,,,,,,,,,,25.802000045776367,38.0,1022.7000122070312,10.410799026489258,0.0,8.049844741821289,206.5649871826172,0.2399999946355819,27.302000045776367,0.2419999986886978
1780059600000,2026-05-29 13:00:00,,,,,,,,,,,,26.302000045776367,45.0,1022.5,13.425291061401367,0.0,7.145795822143555,229.0857086181641,0.2000000178813934,27.652000427246094,0.2409999966621399
1780063200000,2026-05-29 14:00:00,,,,,,,,,,,,27.00200080871582,33.0,1022.4000244140624,9.361316680908203,0.0,10.446206092834473,268.0251159667969,0.2199999988079071,28.152000427246094,0.2399999946355819
1780066800000,2026-05-29 15:00:00,,,,,,,,,,,,26.70199966430664,40.0,1022.0,11.98697280883789,0.0,9.007196426391602,272.2905578613281,0.1599999964237213,27.302000045776367,0.2399999946355819
1780067747860,2026-05-29 15:15:47,,,,14.67,13.92,13.78,,,,-110.0,-2.0,,,,,,,,,,
1780067750839,2026-05-29 15:15:50,24.75,17.09,30.7,,,,484.0,388.56,342.51,-106.0,-9.0,,,,,,,,,,
1780070400000,2026-05-29 16:00:00,,,,,,,,,,,,25.902000427246094,51.0,1021.4000244140624,14.993499755859377,0.0,5.116561412811279,230.7106170654297,0.1199999973177909,26.45199966430664,0.238999992609024
1780074000000,2026-05-29 17:00:00,,,,,,,,,,,,25.75200080871582,43.0,1021.0999755859376,12.233098030090332,0.0,10.086426734924316,235.1754302978516,0.1000000089406967,25.802000045776367,0.238999992609024
1780077600000,2026-05-29 18:00:00,,,,,,,,,,,,25.00200080871582,45.0,1020.2000122070312,12.246349334716797,0.0,4.452953815460205,194.0362701416016,0.0799999982118606,24.75200080871582,0.238999992609024
1780081200000,2026-05-29 19:00:00,,,,,,,,,,,,23.402000427246094,54.0,1020.2000122070312,13.566962242126465,0.0,5.351784706115723,227.72637939453125,0.0599999986588954,23.60199928283692,0.238999992609024
1780082145107,2026-05-29 19:15:45,,,,13.92,14.31,13.92,,,,-109.0,5.2,,,,,,,,,,
1780084800000,2026-05-29 20:00:00,,,,,,,,,,,,21.802000045776367,63.0,1022.0999755859376,14.446542739868164,0.0,9.178235054016112,295.5599060058594,0.0500000044703483,22.552000045776367,0.238999992609024
1780088400000,2026-05-29 21:00:00,,,,,,,,,,,,20.85199928283692,71.0,1020.2000122070312,15.39911937713623,0.5,8.534353256225586,207.64588928222656,0.0599999986588954,21.60199928283692,0.238999992609024
1780092000000,2026-05-29 22:00:00,,,,,,,,,,,,20.50200080871582,72.0,1020.0,15.281124114990234,0.0,8.89134407043457,201.3706817626953,0.0399999991059303,20.85199928283692,0.238999992609024
1780095600000,2026-05-29 23:00:00,,,,,,,,,,,,20.35199928283692,72.0,1020.5,15.137001991271973,0.0,13.89618682861328,233.4268798828125,0.0399999991059303,20.402000427246094,0.238999992609024
1780096542376,2026-05-29 23:15:42,,,,15.03,14.28,13.75,,,,-117.0,0.2,,,,,,,,,,
1780099200000,2026-05-30 00:00:00,,,,,,,,,,,,17.75200080871582,82.0,1020.5,14.638715744018556,0.0,12.24529266357422,245.69546508789065,0.0299999993294477,19.052000045776367,0.238999992609024
1780102800000,2026-05-30 01:00:00,,,,,,,,,,,,17.552000045776367,84.0,1019.7999877929688,14.816964149475098,0.0,8.21715259552002,241.1893005371093,0.0199999995529651,18.70199966430664,0.238999992609024
1780106400000,2026-05-30 02:00:00,,,,,,,,,,,,17.152000427246094,86.0,1020.2999877929688,14.789958953857422,0.0,6.877789974212647,263.9910888671875,0.0099999997764825,18.302000045776367,0.2399999946355819
1780110000000,2026-05-30 03:00:00,,,,,,,,,,,,16.851999282836914,88.0,1020.0,14.851821899414062,0.0,10.086426734924316,272.0453491210937,0.0099999997764825,18.052000045776367,0.2399999946355819
1780110942625,2026-05-30 03:15:42,24.87,17.06,30.73,,,,484.14,388.53,342.54,-113.0,4.5,,,,,,,,,,
1780113600000,2026-05-30 04:00:00,,,,,,,,,,,,16.351999282836914,93.0,1020.4000244140624,15.217082977294922,0.0,14.618837356567385,307.998779296875,0.0099999997764825,18.052000045776367,0.2409999966621399
1780117200000,2026-05-30 05:00:00,,,,,,,,,,,,15.251999855041504,84.0,1020.9000244140624,12.564779281616213,0.0,13.004921913146973,311.6334533691406,0.0299999993294477,17.902000427246094,0.2409999966621399
1780120800000,2026-05-30 06:00:00,,,,,,,,,,,,15.20199966430664,83.0,1020.9000244140624,12.333349227905272,0.0,10.002559661865234,300.25634765625,0.0500000044703483,18.152000427246094,0.2409999966621399
1780124400000,2026-05-30 07:00:00,,,,,,,,,,,,16.052000045776367,79.0,1021.0,12.409886360168455,0.0,9.693296432495115,301.3286437988281,0.0799999982118606,19.052000045776367,0.2419999986886978
1780128000000,2026-05-30 08:00:00,,,,,,,,,,,,17.20199966430664,75.0,1021.0999755859376,12.731708526611328,0.0,10.00903606414795,307.6943054199219,0.1099999994039535,20.45199966430664,0.2419999986886978
1780131600000,2026-05-30 09:00:00,,,,,,,,,,,,18.70199966430664,67.0,1021.2999877929688,12.45000457763672,0.0,11.592893600463867,306.15826416015625,0.1500000059604644,22.152000427246094,0.2419999986886978
1780135200000,2026-05-30 10:00:00,,,,,,,,,,,,19.85199928283692,59.0,1021.2000122070312,11.606075286865234,0.0,13.60876178741455,307.47625732421875,0.1700000017881393,23.302000045776367,0.2419999986886978
1780138800000,2026-05-30 11:00:00,,,,,,,,,,,,20.652000427246094,57.0,1020.7000122070312,11.83255386352539,0.0,14.00302791595459,313.9584655761719,0.1700000017881393,23.75200080871582,0.2419999986886978
1780139734151,2026-05-30 11:15:34,,,,14.28,14.53,13.89,,,,-115.0,-3.5,,,,,,,,,,
1780142400000,2026-05-30 12:00:00,,,,,,,,,,,,21.50200080871582,53.0,1020.0999755859376,11.521088600158691,0.0,15.281989097595217,313.0908508300781,0.1700000017881393,24.20199966430664,0.2409999966621399
1780146000000,2026-05-30 13:00:00,,,,,,,,,,,,22.10199928283692,51.0,1019.7000122070312,11.493499755859377,0.0,12.738099098205566,312.7093811035156,0.1700000017881393,24.802000045776367,0.2409999966621399
1780149600000,2026-05-30 14:00:00,,,,,,,,,,,,22.35199928283692,50.0,1019.2000122070312,11.424188613891602,0.0,13.237037658691406,315.0000915527344,0.1700000017881393,25.152000427246094,0.2409999966621399
1780153200000,2026-05-30 15:00:00,,,,,,,,,,,,22.75200080871582,47.0,1018.7999877929688,10.857315063476562,0.0,11.525623321533203,308.6598205566406,0.1599999964237213,25.20199966430664,0.2409999966621399
1780154134437,2026-05-30 15:15:34,24.9,17.13,30.77,,,,484.17,388.6,342.57,-112.0,-1.5,,,,,,,,,,
1780156800000,2026-05-30 16:00:00,,,,,,,,,,,,23.00200080871582,49.0,1018.2000122070312,11.715248107910156,0.0,12.496718406677246,311.4963684082031,0.1500000059604644,25.20199966430664,0.2409999966621399
1780160400000,2026-05-30 17:00:00,,,,,,,,,,,,22.70199966430664,49.0,1017.5999755859376,11.440146446228027,0.0,9.5042724609375,307.30401611328125,0.1299999952316284,24.802000045776367,0.2399999946355819
1780164000000,2026-05-30 18:00:00,,,,,,,,,,,,22.10199928283692,51.0,1017.2000122070312,11.493499755859377,0.0,7.895416259765625,294.22772216796875,0.0900000035762786,23.802000045776367,0.2399999946355819
1780167600000,2026-05-30 19:00:00,,,,,,,,,,,,20.95199966430664,61.0,1017.0999755859376,13.14777660369873,0.0,5.506940841674805,258.6900939941406,0.0500000044703483,22.50200080871582,0.2409999966621399
1780168528673,2026-05-30 19:15:28,,,,15.26,14.56,14.0,,,,-114.0,1.8,,,,,,,,,,
1780171200000,2026-05-30 20:00:00,,,,,,,,,,,,19.052000045776367,69.0,1017.0999755859376,13.23365879058838,0.0,5.191993713378906,303.6900939941406,0.0299999993294477,21.052000045776367,0.2409999966621399
1780174800000,2026-05-30 21:00:00,,,,,,,,,,,,17.552000045776367,78.0,1017.2000122070312,13.671759605407717,0.0,2.620839357376098,285.9454650878906,0.0099999997764825,19.802000045776367,0.2409999966621399
1780178400000,2026-05-30 22:00:00,,,,,,,,,,,,16.601999282836914,82.0,1017.0,13.515947341918944,0.0,1.8356469869613647,258.6900939941406,0.0099999997764825,18.85199928283692,0.2409999966621399
1780182000000,2026-05-30 23:00:00,,,,,,,,,,,,15.70199966430664,84.0,1016.7000122070312,13.005454063415527,0.0,2.620839357376098,195.94546508789065,0.0099999997764825,18.052000045776367,0.2419999986886978
1780182928953,2026-05-30 23:15:28,24.9,17.09,30.77,,,,484.17,388.56,342.57,-114.0,1.0,,,,,,,,,,
1780185600000,2026-05-31 00:00:00,,,,,,,,,,,,15.402000427246094,87.0,1016.9000244140624,13.248631477355955,0.0,2.189794540405273,170.53775024414062,0.0099999997764825,17.95199966430664,0.2360000014305114
1780189200000,2026-05-31 01:00:00,,,,,,,,,,,,14.60200023651123,91.0,1015.7999877929688,13.148783683776855,0.0,1.7999999523162842,126.86998748779295,0.0099999997764825,17.402000427246094,0.2360000014305114
1780192800000,2026-05-31 02:00:00,,,,,,,,,,,,13.95199966430664,93.0,1015.4000244140624,12.837943077087402,0.0,2.741678237915039,156.80137634277344,0.0099999997764825,16.95199966430664,0.2370000034570694
1780196400000,2026-05-31 03:00:00,,,,,,,,,,,,13.402000427246094,95.0,1014.9000244140624,12.616945266723633,0.0,1.7999999523162842,126.86998748779295,0.0099999997764825,16.50200080871582,0.2370000034570694
1780200000000,2026-05-31 04:00:00,,,,,,,,,,,,13.501999855041504,94.0,1014.7000122070312,12.55484390258789,0.0,1.7999999523162842,126.86998748779295,0.0099999997764825,16.25200080871582,0.2380000054836273
1780203600000,2026-05-31 05:00:00,,,,,,,,,,,,14.60200023651123,90.0,1014.5,12.979589462280272,0.0,1.6099690198898315,116.5649871826172,0.0199999995529651,16.50200080871582,0.2380000054836273
1780207200000,2026-05-31 06:00:00,,,,,,,,,,,,15.902000427246094,84.0,1013.9000244140624,13.201309204101562,0.0,0.3599999845027923,180.0,0.0299999993294477,17.25200080871582,0.2380000054836273
1780210800000,2026-05-31 07:00:00,,,,,,,,,,,,18.00200080871582,76.0,1013.4000244140624,13.708088874816896,0.0,2.189794540405273,170.53775024414062,0.0599999986588954,18.70199966430664,0.238999992609024
1780214400000,2026-05-31 08:00:00,,,,,,,,,,,,19.402000427246094,77.0,1013.4000244140624,15.265745162963867,0.0,3.7585103511810303,196.69932556152344,0.0700000077486038,19.902000427246094,0.238999992609024
1780218000000,2026-05-31 09:00:00,,,,,,,,,,,,20.652000427246094,70.0,1013.0,14.98664379119873,0.0,11.212135314941406,222.3973846435547,0.0900000035762786,20.902000427246094,0.238999992609024
1780221600000,2026-05-31 10:00:00,,,,,,,,,,,,20.75200080871582,74.0,1012.7000122070312,15.949637413024902,0.0,11.753876686096191,242.65020751953125,0.1000000089406967,21.50200080871582,0.238999992609024
1780225200000,2026-05-31 11:00:00,,,,,,,,,,,,21.20199966430664,74.0,1011.9000244140624,16.38338279724121,0.2000000029802322,8.396570205688477,239.0363006591797,0.1299999952316284,22.402000427246094,0.238999992609024
1780226117731,2026-05-31 11:15:17,,,,15.37,14.19,14.14,,,,-115.0,-4.5,,,,,,,,,,
1780228800000,2026-05-31 12:00:00,,,,,,,,,,,,21.50200080871582,78.0,1011.5,17.504138946533203,0.1000000014901161,11.01388168334961,258.6900939941406,0.1500000059604644,22.75200080871582,0.238999992609024
1780232400000,2026-05-31 13:00:00,,,,,,,,,,,,21.00200080871582,86.0,1011.0999755859376,18.569868087768555,0.699999988079071,5.692099094390869,235.3047790527344,0.1000000089406967,22.25200080871582,0.2399999946355819
1780236000000,2026-05-31 14:00:00,,,,,,,,,,,,20.85199928283692,83.0,1010.2999877929688,17.857181549072266,0.0,11.808877944946287,217.56866455078125,0.1000000089406967,22.152000427246094,0.2399999946355819
1780239600000,2026-05-31 15:00:00,,,,,,,,,,,,19.652000427246094,84.0,1010.7999877929688,16.87293815612793,0.5,8.404284477233887,279.8657531738281,0.0799999982118606,21.302000045776367,0.2399999946355819
1780243200000,2026-05-31 16:00:00,,,,,,,,,,,,18.902000427246094,88.0,1011.0,16.870269775390625,0.4000000059604645,6.489992141723633,340.55987548828125,0.0599999986588954,20.652000427246094,0.2409999966621399
1780246800000,2026-05-31 17:00:00,,,,,,,,,,,,18.85199928283692,88.0,1011.2999877929688,16.8210391998291,0.0,8.350137710571289,352.5686950683594,0.0399999991059303,20.302000045776367,0.2419999986886978
1780250400000,2026-05-31 18:00:00,,,,,,,,,,,,18.35199928283692,89.0,1011.2999877929688,16.506336212158203,0.0,4.198285102844238,300.96368408203125,0.0299999993294477,19.802000045776367,0.2419999986886978
1780254000000,2026-05-31 19:00:00,,,,,,,,,,,,17.902000427246094,89.0,1011.4000244140624,16.062665939331055,0.0,4.510787010192871,331.3896179199219,0.0199999995529651,19.35199928283692,0.2419999986886978
1780254912249,2026-05-31 19:15:12,,,,15.43,14.56,14.19,,,,-116.0,-3.5,,,,,,,,,,
1780257600000,2026-05-31 20:00:00,,,,,,,,,,,,17.45199966430664,91.0,1011.5999755859376,15.966546058654783,0.0,3.3190360069274902,257.47119140625,0.0099999997764825,18.75200080871582,0.2430000007152557
1780261200000,2026-05-31 21:00:00,,,,,,,,,,,,17.101999282836914,92.0,1012.0999755859376,15.791337013244627,0.0,5.399999618530273,270.0,0.0099999997764825,18.20199966430664,0.2430000007152557
1780264800000,2026-05-31 22:00:00,,,,,,,,,,,,16.902000427246094,91.0,1012.4000244140624,15.422797203063965,0.0,3.239999771118164,270.0,0.0099999997764825,17.802000045776367,0.2430000007152557
1780268400000,2026-05-31 23:00:00,,,,,,,,,,,,16.552000045776367,89.0,1012.7999877929688,14.731581687927246,0.0,5.58870267868042,284.93145751953125,0.0099999997764825,17.50200080871582,0.2440000027418136
1780269312510,2026-05-31 23:15:12,24.93,17.13,30.87,,,,484.21,388.6,342.66,-114.0,-4.2,,,,,,,,,,
1780272000000,2026-06-01 00:00:00,,,,,,,,,,,,15.501999855041504,88.0,1013.7000122070312,13.522472381591797,0.0,8.049844741821289,280.3047790527344,0.0199999995529651,17.152000427246094,0.238999992609024
1780275600000,2026-06-01 01:00:00,,,,,,,,,,,,15.152000427246094,89.0,1013.9000244140624,13.351097106933594,0.0,7.594207286834717,275.44024658203125,0.0099999997764825,16.70199966430664,0.238999992609024
1780279200000,2026-06-01 02:00:00,,,,,,,,,,,,14.60200023651123,89.0,1014.2999877929688,12.808733940124512,0.0,6.0346999168396,287.3540954589844,0.0099999997764825,16.20199966430664,0.2399999946355819
1780282800000,2026-06-01 03:00:00,,,,,,,,,,,,14.10200023651123,88.0,1014.7000122070312,12.143770217895508,0.0,5.58870267868042,284.93145751953125,0.0099999997764825,15.802000045776367,0.2399999946355819
1780283706795,2026-06-01 03:15:06,,,,15.37,14.89,14.14,,,,-114.0,-1.8,,,,,,,,,,
1780286400000,2026-06-01 04:00:00,,,,,,,,,,,,13.751999855041504,88.0,1015.0,11.799077033996582,0.0,4.349896430969238,294.4439392089844,0.0099999997764825,15.45199966430664,0.2399999946355819
1780290000000,2026-06-01 05:00:00,,,,,,,,,,,,13.95199966430664,87.0,1015.4000244140624,11.822626113891602,0.0,4.829906940460205,296.5649719238281,0.0199999995529651,15.552000045776367,0.2399999946355819
1780293600000,2026-06-01 06:00:00,,,,,,,,,,,,14.85200023651123,79.0,1015.7999877929688,11.24331283569336,0.0,8.08999252319336,290.8545227050781,0.0399999991059303,16.351999282836914,0.2409999966621399
1780297200000,2026-06-01 07:00:00,,,,,,,,,,,,16.101999282836914,72.0,1016.0999755859376,11.052326202392578,0.0,9.178235054016112,295.5599060058594,0.0799999982118606,17.851999282836914,0.2409999966621399
1780300800000,2026-06-01 08:00:00,,,,,,,,,,,,17.25200080871582,66.0,1016.4000244140624,10.84178638458252,0.0,9.511088371276855,299.4757995605469,0.1199999973177909,19.70199966430664,0.2409999966621399
1780304400000,2026-06-01 09:00:00,,,,,,,,,,,,18.45199966430664,58.0,1016.5,10.036452293395996,0.0,9.199390411376951,300.5791320800781,0.1700000017881393,21.60199928283692,0.2409999966621399
1780308000000,2026-06-01 10:00:00,,,,,,,,,,,,19.652000427246094,55.0,1016.5,10.361648559570312,0.0,9.227523803710938,290.5561218261719,0.2100000232458114,23.552000045776367,0.2399999946355819
1780311600000,2026-06-01 11:00:00,,,,,,,,,,,,20.552000045776367,51.0,1016.2999877929688,10.064720153808594,0.0,10.483357429504396,285.9454650878906,0.2199999988079071,24.85199928283692,0.2399999946355819
1780315200000,2026-06-01 12:00:00,,,,,,,,,,,,21.00200080871582,48.0,1016.0,9.573219299316406,0.0,11.54247760772705,273.5762634277344,0.1899999976158142,24.802000045776367,0.238999992609024
1780318800000,2026-06-01 13:00:00,,,,,,,,,,,,21.402000427246094,46.0,1015.5999755859376,9.305052757263184,0.0,11.901798248291016,273.4681701660156,0.1800000071525573,25.152000427246094,0.2380000054836273
1780322400000,2026-06-01 14:00:00,,,,,,,,,,,,21.60199928283692,46.0,1015.2999877929688,9.487162590026855,0.0,10.182336807250977,278.1300048828125,0.1500000059604644,24.70199966430664,0.2380000054836273
1780326000000,2026-06-01 15:00:00,,,,,,,,,,,,21.85199928283692,43.0,1015.0,8.712960243225098,0.0,14.934576988220217,285.3763122558594,0.1599999964237213,24.95199966430664,0.2370000034570694
1780329600000,2026-06-01 16:00:00,,,,,,,,,,,,21.652000427246094,46.0,1014.7999877929688,9.532691955566406,0.0,9.720000267028809,270.0,0.1299999952316284,24.25200080871582,0.2370000034570694
1780333200000,2026-06-01 17:00:00,,,,,,,,,,,,21.35199928283692,44.0,1014.5999755859376,8.600679397583008,0.0,10.23312282562256,309.28936767578125,0.1199999973177909,23.95199966430664,0.2360000014305114
1780336800000,2026-06-01 18:00:00,,,,,,,,,,,,20.802000045776367,48.0,1014.2999877929688,9.390151023864746,0.0,5.9044389724731445,307.56866455078125,0.0900000035762786,22.85199928283692,0.2360000014305114
1780340400000,2026-06-01 19:00:00,,,,,,,,,,,,20.10199928283692,53.0,1014.0999755859376,10.22447395324707,0.0,1.7999999523162842,323.1300048828125,0.0500000044703483,21.552000045776367,0.2360000014305114
1780341295895,2026-06-01 19:14:55,,,,15.48,14.98,14.25,,,,-113.0,0.5,,,,,,,,,,
1780341297034,2026-06-01 19:14:57,24.99,17.13,30.9,,,,484.28,388.6,342.69,-112.0,0.5,,,,,,,,,,
1780344000000,2026-06-01 20:00:00,,,,,,,,,,,,18.902000427246094,61.0,1014.0,11.216748237609863,0.0,2.9024126529693604,172.8750762939453,0.0099999997764825,20.302000045776367,0.2360000014305114
1780347600000,2026-06-01 21:00:00,,,,,,,,,,,,16.70199966430664,76.0,1013.9000244140624,12.450400352478027,0.0,3.617955207824707,174.2895050048828,0.0199999995529651,19.20199966430664,0.2360000014305114
1780351200000,2026-06-01 22:00:00,,,,,,,,,,,,15.60200023651123,78.0,1013.7999877929688,11.77918815612793,0.0,4.0249223709106445,169.69520568847656,0.0099999997764825,18.302000045776367,0.2360000014305114
1780354800000,2026-06-01 23:00:00,,,,,,,,,,,,14.902000427246094,80.0,1013.5,11.482011795043944,0.0,3.976329803466797,174.8056640625,0.0099999997764825,17.601999282836914,0.2360000014305114
1780355693137,2026-06-01 23:14:53,,,,15.86,14.47,14.31,,,,-117.0,-4.5,,,,,,,,,,
1780355694334,2026-06-01 23:14:54,24.93,17.09,30.9,,,,484.21,388.56,342.69,-113.0,1.2,,,,,,,,,,
1780358400000,2026-06-02 00:00:00,,,,,,,,,,,,13.35200023651123,85.0,1013.2999877929688,10.881972312927246,0.0,3.7585103511810303,163.30067443847656,0.0199999995529651,16.50200080871582,0.2450000047683715
1780362000000,2026-06-02 01:00:00,,,,,,,,,,,,13.20199966430664,87.0,1012.9000244140624,11.084985733032228,0.0,4.680000305175781,157.38009643554688,0.0099999997764825,16.001998901367188,0.2450000047683715
1780365600000,2026-06-02 02:00:00,,,,,,,,,,,,13.35200023651123,87.0,1012.4000244140624,11.232518196105955,0.0,4.510787010192871,151.38963317871094,0.0099999997764825,15.70199966430664,0.2450000047683715
1780369200000,2026-06-02 03:00:00,,,,,,,,,,,,14.10200023651123,83.0,1011.9000244140624,11.257603645324709,0.0,4.693825721740723,147.52882385253906,0.0099999997764825,15.60200023651123,0.2460000067949295
1780372800000,2026-06-02 04:00:00,,,,,,,,,,,,14.902000427246094,80.0,1011.5,11.482011795043944,0.0,5.191993713378906,146.30990600585938,0.0099999997764825,15.652000427246094,0.2460000067949295
1780376400000,2026-06-02 05:00:00,,,,,,,,,,,,16.25200080871582,74.0,1010.9000244140624,11.61064338684082,0.0,6.618519306182861,157.6198272705078,0.0299999993294477,16.152000427246094,0.2460000067949295
1780380000000,2026-06-02 06:00:00,,,,,,,,,,,,17.25200080871582,73.0,1010.4000244140624,12.3677339553833,0.0,7.5170207023620605,163.30067443847656,0.0399999991059303,16.95199966430664,0.2460000067949295
1780383600000,2026-06-02 07:00:00,,,,,,,,,,,,18.35199928283692,71.0,1009.9000244140624,13.000898361206056,0.0,10.13769245147705,163.4955596923828,0.0700000077486038,18.25200080871582,0.2469999939203262
1780387200000,2026-06-02 08:00:00,,,,,,,,,,,,20.00200080871582,68.0,1009.5,13.916655540466309,0.0,11.72075080871582,169.38040161132812,0.1099999994039535,19.85199928283692,0.2469999939203262
1780390800000,2026-06-02 09:00:00,,,,,,,,,,,,21.302000045776367,63.0,1009.2999877929688,13.97390365600586,0.0,11.304228782653809,170.8377227783203,0.1500000059604644,21.60199928283692,0.2460000067949295
1780394400000,2026-06-02 10:00:00,,,,,,,,,,,,22.45199966430664,58.0,1008.7999877929688,13.781290054321287,0.0,11.570514678955078,174.64427185058594,0.1800000071525573,23.20199966430664,0.2460000067949295
1780398000000,2026-06-02 11:00:00,,,,,,,,,,,,23.35199928283692,55.0,1008.0999755859376,13.802852630615234,0.0,12.979984283447266,176.8202362060547,0.2100000232458114,24.35199928283692,0.2460000067949295
1780398884942,2026-06-02 11:14:44,,,,15.77,14.98,14.5,,,,-117.0,-3.5,,,,,,,,,,
1780401600000,2026-06-02 12:00:00,,,,,,,,,,,,24.052000045776367,47.0,1007.2999877929688,12.043302536010742,0.0,12.287554740905762,185.0423583984375,0.2100000232458114,24.95199966430664,0.2450000047683715
1780405200000,2026-06-02 13:00:00,,,,,,,,,,,,24.75200080871582,42.0,1006.2999877929688,10.976049423217772,0.0,9.793058395385742,197.10281372070312,0.2100000232458114,25.402000427246094,0.2450000047683715
1780408800000,2026-06-02 14:00:00,,,,,,,,,,,,24.652000427246094,42.0,1005.5,10.88607120513916,0.0,10.89557647705078,187.5945587158203,0.2000000178813934,25.402000427246094,0.2440000027418136
1780412400000,2026-06-02 15:00:00,,,,,,,,,,,,24.902000427246094,45.0,1004.5,12.155638694763184,0.0,9.422101020812988,173.41815185546875,0.2000000178813934,25.802000045776367,0.2440000027418136
1780413282214,2026-06-02 15:14:42,,,,14.22,14.98,14.36,,,,-115.0,2.2,,,,,,,,,,
1780413285256,2026-06-02 15:14:45,24.9,17.06,30.9,,,,484.17,388.53,342.69,-117.0,-0.5,,,,,,,,,,
1780416000000,2026-06-02 16:00:00,,,,,,,,,,,,25.00200080871582,40.0,1004.0999755859376,10.46687126159668,0.0,10.966712951660156,156.80137634277344,0.2000000178813934,26.00200080871582,0.2440000027418136
1780419600000,2026-06-02 17:00:00,,,,,,,,,,,,23.302000045776367,52.0,1004.2000122070312,12.895788192749023,0.0,10.028438568115234,158.96241760253906,0.1400000154972076,25.052000045776367,0.2430000007152557
1780423200000,2026-06-02 18:00:00,,,,,,,,,,,,22.20199966430664,56.0,1003.7999877929688,13.009137153625488,0.1000000014901161,8.089993476867676,147.72438049316406,0.0799999982118606,23.402000427246094,0.2430000007152557
1780426800000,2026-06-02 19:00:00,,,,,,,,,,,,21.00200080871582,65.0,1003.5,14.172078132629396,0.0,6.409617424011231,141.8427276611328,0.0599999986588954,22.20199966430664,0.2430000007152557
1780427682499,2026-06-02 19:14:42,24.93,17.06,30.9,,,,484.21,388.53,342.69,-115.0,-6.0,,,,,,,,,,
1780430400000,2026-06-02 20:00:00,,,,,,,,,,,,19.85199928283692,72.0,1003.4000244140624,14.656586647033691,0.0,5.483356475830078,156.80137634277344,0.0399999991059303,21.152000427246094,0.2430000007152557
1780434000000,2026-06-02 21:00:00,,,,,,,,,,,,17.402000427246094,81.0,1004.4000244140624,14.107464790344238,0.0,15.46324634552002,245.22488403320312,0.0399999991059303,20.35199928283692,0.2430000007152557
1780437600000,2026-06-02 22:00:00,,,,,,,,,,,,16.70199966430664,88.0,1004.5999755859376,14.704124450683594,0.5,7.729526996612549,242.2415466308593,0.0299999993294477,19.45199966430664,0.2440000027418136
1780441200000,2026-06-02 23:00:00,,,,,,,,,,,,16.601999282836914,87.0,1004.9000244140624,14.428671836853027,0.0,10.23312282562256,230.7106170654297,0.0299999993294477,18.85199928283692,0.2440000027418136
1780444800000,2026-06-03 00:00:00,,,,,,,,,,,,15.251999855041504,89.0,1005.5999755859376,13.449706077575684,0.0,10.315114974975586,209.2487335205078,0.0199999995529651,17.351999282836914,0.2520000040531158
1780448400000,2026-06-03 01:00:00,,,,,,,,,,,,15.052000045776367,86.0,1005.7999877929688,12.72776222229004,0.0,14.529914855957031,228.0128631591797,0.0299999993294477,17.00200080871582,0.2529999911785126
1780452000000,2026-06-03 02:00:00,,,,,,,,,,,,14.652000427246094,87.0,1006.2999877929688,12.511062622070312,0.0,12.81923484802246,231.8427276611328,0.0199999995529651,16.652000427246094,0.2529999911785126
1780455600000,2026-06-03 03:00:00,,,,,,,,,,,,14.552000045776367,87.0,1006.2999877929688,12.41271686553955,0.0,11.480557441711426,228.81417846679688,0.0199999995529651,16.25200080871582,0.2529999911785126
1780456473997,2026-06-03 03:14:33,,,,16.06,14.58,14.42,,,,-118.0,-2.0,,,,,,,,,,
1780459200000,2026-06-03 04:00:00,,,,,,,,,,,,14.152000427246094,87.0,1006.7999877929688,12.019326210021973,0.0,11.808877944946287,232.43133544921875,0.0199999995529651,15.95199966430664,0.2540000081062317
1780462800000,2026-06-03 05:00:00,,,,,,,,,,,,14.45199966430664,84.0,1007.2000122070312,11.781312942504885,0.0,11.792404174804688,238.736328125,0.0299999993294477,16.001998901367188,0.2540000081062317
1780466400000,2026-06-03 06:00:00,,,,,,,,,,,,14.751999855041504,79.0,1007.5,11.146089553833008,0.0,18.35999870300293,241.9276123046875,0.0599999986588954,16.50200080871582,0.2540000081062317
1780470000000,2026-06-03 07:00:00,,,,,,,,,,,,15.552000045776367,72.0,1007.9000244140624,10.52353286743164,0.0,16.37505340576172,236.6592712402344,0.0900000035762786,17.25200080871582,0.2540000081062317
1780470871790,2026-06-03 07:14:31,,,,15.31,15.0,14.47,,,,-113.0,-4.5,,,,,,,,,,
1780473600000,2026-06-03 08:00:00,,,,,,,,,,,,16.75200080871582,63.0,1008.0999755859376,9.670624732971191,0.0,17.595861434936523,239.2373504638672,0.1400000154972076,18.45199966430664,0.2540000081062317
1780477200000,2026-06-03 09:00:00,,,,,,,,,,,,17.402000427246094,60.0,1008.2999877929688,9.556791305541992,0.0,14.386493682861328,238.29861450195312,0.1599999964237213,19.45199966430664,0.2529999911785126
1780480800000,2026-06-03 10:00:00,,,,,,,,,,,,18.00200080871582,59.0,1008.2999877929688,9.869930267333984,0.0,18.0,233.1300201416016,0.1800000071525573,20.302000045776367,0.2529999911785126
1780484400000,2026-06-03 11:00:00,,,,,,,,,,,,19.45199966430664,48.0,1008.0999755859376,8.154130935668945,0.0,17.373497009277344,235.9806060791016,0.2100000232458114,21.402000427246094,0.2529999911785126
1780485268550,2026-06-03 11:14:28,,,,14.47,15.09,14.47,,,,-115.0,-6.8,,,,,,,,,,
1780488000000,2026-06-03 12:00:00,,,,,,,,,,,,20.20199966430664,50.0,1007.7000122070312,9.446943283081056,0.0,15.277749061584473,235.5609436035156,0.2300000041723251,22.60199928283692,0.2520000040531158
1780491600000,2026-06-03 13:00:00,,,,,,,,,,,,20.902000427246094,46.0,1007.4000244140624,8.849710464477539,0.0,18.38821220397949,246.9486694335937,0.2399999946355819,23.75200080871582,0.2509999871253967
1780495200000,2026-06-03 14:00:00,,,,,,,,,,,,19.052000045776367,59.0,1007.5999755859376,10.8554048538208,0.0,13.3637113571167,242.7447509765625,0.1700000017881393,22.902000427246094,0.2509999871253967
1780498800000,2026-06-03 15:00:00,,,,,,,,,,,,19.70199966430664,55.0,1007.5,10.408172607421877,0.0,17.0725040435791,245.05612182617188,0.1500000059604644,22.50200080871582,0.2509999871253967
1780502400000,2026-06-03 16:00:00,,,,,,,,,,,,19.25200080871582,55.0,1007.5,9.989420890808104,0.0,12.98497486114502,226.1232147216797,0.1400000154972076,22.10199928283692,0.25
1780506000000,2026-06-03 17:00:00,,,,,,,,,,,,19.10199928283692,60.0,1007.4000244140624,11.155600547790527,0.0,9.178235054016112,244.4400787353516,0.1000000089406967,21.302000045776367,0.25
1780509600000,2026-06-03 18:00:00,,,,,,,,,,,,18.85199928283692,61.0,1007.2000122070312,11.169635772705078,0.0,7.342587947845459,258.6900939941406,0.0799999982118606,20.70199966430664,0.25
1780513200000,2026-06-03 19:00:00,,,,,,,,,,,,17.601999282836914,72.0,1007.0999755859376,12.494275093078612,1.399999976158142,6.989935398101807,191.88864135742188,0.0599999986588954,19.552000045776367,0.2509999871253967
1780514066117,2026-06-03 19:14:26,24.9,17.06,30.97,,,,484.17,388.53,342.75,-112.0,-2.5,,,,,,,,,,
1780516800000,2026-06-03 20:00:00,,,,,,,,,,,,16.45199966430664,73.0,1007.0999755859376,11.597427368164062,0.0,7.2805495262146,188.5306854248047,0.0500000044703483,18.302000045776367,0.2509999871253967
1780520400000,2026-06-03 21:00:00,,,,,,,,,,,,15.85200023651123,75.0,1006.9000244140624,11.427573204040527,0.0,9.53150463104248,190.885482788086,0.0399999991059303,17.552000045776367,0.2520000040531158
1780524000000,2026-06-03 22:00:00,,,,,,,,,,,,15.45199966430664,74.0,1006.4000244140624,10.838980674743652,0.0,11.165804862976074,178.15243530273438,0.0399999991059303,16.95199966430664,0.2520000040531158
1780527600000,2026-06-03 23:00:00,,,,,,,,,,,,14.902000427246094,79.0,1005.7999877929688,11.291922569274902,0.1000000014901161,10.239453315734863,169.87539672851562,0.0399999991059303,16.552000045776367,0.2520000040531158
1780528460353,2026-06-03 23:14:20,,,,14.42,14.92,14.14,,,,-114.0,-3.5,,,,,,,,,,
1780531200000,2026-06-04 00:00:00,,,,,,,,,,,,16.152000427246094,71.0,1004.5999755859376,10.889691352844238,0.0,12.964998245239258,178.4088897705078,0.0299999993294477,17.75200080871582,0.2479999959468841
1780534800000,2026-06-04 01:00:00,,,,,,,,,,,,16.25200080871582,70.0,1004.2999877929688,10.77216911315918,0.1000000014901161,13.979870796203612,191.88864135742188,0.0299999993294477,17.50200080871582,0.248999997973442
1780538400000,2026-06-04 02:00:00,,,,,,,,,,,,15.501999855041504,77.0,1004.0999755859376,11.486822128295898,0.8999999761581421,13.755579948425291,186.0089111328125,0.0299999993294477,17.152000427246094,0.248999997973442
1780542000000,2026-06-04 03:00:00,,,,,,,,,,,,15.152000427246094,80.0,1003.5999755859376,11.725423812866213,0.800000011920929,15.12428379058838,181.3638916015625,0.0399999991059303,16.802000045776367,0.25
1780542860662,2026-06-04 03:14:20,24.87,17.01,30.97,,,,484.14,388.47,342.75,-110.0,-6.5,,,,,,,,,,
1780545600000,2026-06-04 04:00:00,,,,,,,,,,,,15.302000045776367,81.0,1003.9000244140624,12.060050010681152,0.0,14.154914855957031,187.3056640625,0.0299999993294477,16.552000045776367,0.2520000040531158
1780549200000,2026-06-04 05:00:00,,,,,,,,,,,,15.60200023651123,81.0,1004.0,12.352561950683594,0.3000000119209289,10.446206092834473,181.97488403320312,0.0199999995529651,16.50200080871582,0.2529999911785126
1780552800000,2026-06-04 06:00:00,,,,,,,,,,,,16.50200080871582,80.0,1004.0999755859376,13.0397367477417,0.0,12.924952507019045,192.875,0.0399999991059303,17.052000045776367,0.2540000081062317
1780556400000,2026-06-04 07:00:00,,,,,,,,,,,,17.652000427246094,75.0,1004.0999755859376,13.166370391845703,0.0,15.463244438171388,192.09474182128903,0.0500000044703483,18.052000045776367,0.2540000081062317
1780557254913,2026-06-04 07:14:14,,,,15.77,15.06,14.58,,,,-114.0,-3.5,,,,,,,,,,
1780557256115,2026-06-04 07:14:16,24.84,17.01,30.97,,,,484.1,388.47,342.75,-106.0,-7.5,,,,,,,,,,
1780560000000,2026-06-04 08:00:00,,,,,,,,,,,,18.00200080871582,72.0,1004.0999755859376,12.878741264343262,0.0,15.315873146057127,203.55227661132807,0.0700000077486038,18.85199928283692,0.2540000081062317
1780563600000,2026-06-04 09:00:00,,,,,,,,,,,,18.10199928283692,74.0,1003.5999755859376,13.394773483276367,0.2000000029802322,14.618837356567385,189.9261779785156,0.0700000077486038,19.052000045776367,0.2540000081062317
1780567200000,2026-06-04 10:00:00,,,,,,,,,,,,19.00200080871582,70.0,1003.4000244140624,13.406571388244627,0.0,16.73516082763672,198.8247985839844,0.0799999982118606,19.60199928283692,0.2549999952316284
1780570800000,2026-06-04 11:00:00,,,,,,,,,,,,18.75200080871582,72.0,1003.2000122070312,13.599552154541016,0.5,15.141413688659668,208.39292907714844,0.1099999994039535,20.50200080871582,0.2549999952316284
1780574400000,2026-06-04 12:00:00,,,,,,,,,,,,19.60199928283692,69.0,1003.0,13.759483337402344,0.3000000119209289,15.192682266235352,216.3269195556641,0.1199999973177909,20.85199928283692,0.2549999952316284
1780578000000,2026-06-04 13:00:00,,,,,,,,,,,,18.652000427246094,67.0,1003.0999755859376,12.402366638183594,0.8999999761581421,17.0725040435791,227.5638122558593,0.1199999973177909,20.652000427246094,0.2560000121593475
1780581600000,2026-06-04 14:00:00,,,,,,,,,,,,18.052000045776367,75.0,1002.7999877929688,13.552714347839355,0.1000000014901161,13.450708389282228,195.524169921875,0.1099999994039535,20.552000045776367,0.2569999992847442
1780585200000,2026-06-04 15:00:00,,,,,,,,,,,,18.552000045776367,69.0,1002.5999755859376,12.75559139251709,0.2000000029802322,19.602651596069336,225.7439727783203,0.0900000035762786,20.552000045776367,0.2569999992847442
1780588800000,2026-06-04 16:00:00,,,,,,,,,,,,17.552000045776367,69.0,1002.5999755859376,11.799336433410645,0.699999988079071,14.399999618530272,216.86997985839844,0.0900000035762786,19.75200080871582,0.257999986410141
1780592400000,2026-06-04 17:00:00,,,,,,,,,,,,18.00200080871582,71.0,1003.0999755859376,12.665074348449709,0.0,12.413476943969728,209.53868103027344,0.0700000077486038,19.552000045776367,0.2590000033378601
1780596000000,2026-06-04 18:00:00,,,,,,,,,,,,17.851999282836914,69.0,1003.2999877929688,12.086226463317873,0.0,10.29625129699707,216.4693298339844,0.0500000044703483,19.302000045776367,0.2590000033378601
1780599600000,2026-06-04 19:00:00,,,,,,,,,,,,16.802000045776367,77.0,1004.0,12.746660232543944,0.1000000014901161,12.64107608795166,199.9832000732422,0.0399999991059303,18.652000427246094,0.2590000033378601
1780600449741,2026-06-04 19:14:09,24.78,16.94,30.97,,,,484.03,388.4,342.75,-112.0,-4.0,,,,,,,,,,
1780603200000,2026-06-04 20:00:00,,,,,,,,,,,,15.001999855041504,66.0,1005.2000122070312,8.700786590576172,0.4000000059604645,9.77981662750244,263.659912109375,0.0399999991059303,17.70199966430664,0.2599999904632568
1780606800000,2026-06-04 21:00:00,,,,,,,,,,,,14.35200023651123,66.0,1005.2999877929688,8.08210563659668,0.0,8.473393440246582,192.26475524902344,0.0299999993294477,16.601999282836914,0.2599999904632568
1780610400000,2026-06-04 22:00:00,,,,,,,,,,,,13.552000045776367,80.0,1005.5999755859376,10.167481422424316,0.0,10.483357429504396,195.94546508789065,0.0299999993294477,15.652000427246094,0.2599999904632568
1780614000000,2026-06-04 23:00:00,,,,,,,,,,,,13.20199966430664,75.0,1006.0,8.866927146911621,0.0,9.983105659484863,205.6409606933593,0.0199999995529651,14.95199966430664,0.2599999904632568
1780617600000,2026-06-05 00:00:00,,,,,,,,,,,,12.85200023651123,81.0,1006.9000244140624,9.670867919921877,0.0,12.738099098205566,222.70936584472656,0.0199999995529651,14.552000045776367,0.2509999871253967
1780621200000,2026-06-05 01:00:00,,,,,,,,,,,,12.402000427246094,82.0,1007.0999755859376,9.41440773010254,0.0,9.904906272888184,199.0935821533203,0.0199999995529651,14.152000427246094,0.2509999871253967
1780624800000,2026-06-05 02:00:00,,,,,,,,,,,,12.052000045776367,83.0,1007.5999755859376,9.25252914428711,0.0,10.739832878112791,193.5704498291016,0.0099999997764825,13.751999855041504,0.2509999871253967
1780628400000,2026-06-05 03:00:00,,,,,,,,,,,,11.652000427246094,84.0,1007.2999877929688,9.038784980773926,0.0,8.473393440246582,192.26475524902344,0.0099999997764825,13.402000427246094,0.248999997973442
1780629241369,2026-06-05 03:14:01,,,,15.31,15.14,14.64,,,,-108.0,3.5,,,,,,,,,,
1780632000000,2026-06-05 04:00:00,,,,,,,,,,,,11.552000045776367,85.0,1008.7000122070312,9.116368293762209,0.0,9.36691951751709,182.2025451660156,0.0099999997764825,13.10200023651123,0.25
1780635600000,2026-06-05 05:00:00,,,,,,,,,,,,12.10200023651123,83.0,1009.4000244140624,9.301437377929688,0.0,10.308831214904783,192.09474182128903,0.0199999995529651,13.402000427246094,0.25
1780639200000,2026-06-05 06:00:00,,,,,,,,,,,,13.052000045776367,80.0,1010.0,9.68057346343994,0.0,11.04326057434082,199.02569580078125,0.0299999993294477,14.251999855041504,0.25
1780642800000,2026-06-05 07:00:00,,,,,,,,,,,,14.552000045776367,74.0,1010.5,9.970766067504885,0.0,12.313894271850586,217.8750457763672,0.0500000044703483,15.45199966430664,0.25
1780646400000,2026-06-05 08:00:00,,,,,,,,,,,,15.552000045776367,68.0,1011.4000244140624,9.668505668640137,0.0,14.007655143737791,244.09353637695312,0.0799999982118606,16.802000045776367,0.25
1780650000000,2026-06-05 09:00:00,,,,,,,,,,,,16.302000045776367,65.0,1011.7999877929688,9.710025787353516,0.1000000014901161,14.88241958618164,237.8477325439453,0.0599999986588954,17.351999282836914,0.25
1780653600000,2026-06-05 10:00:00,,,,,,,,,,,,16.302000045776367,70.0,1012.2000122070312,10.820077896118164,0.0,13.77911376953125,236.72509765625,0.0799999982118606,17.95199966430664,0.248999997973442
1780657200000,2026-06-05 11:00:00,,,,,,,,,,,,17.50200080871582,65.0,1012.4000244140624,10.84966278076172,0.0,13.584932327270508,237.99465942382807,0.1099999994039535,19.302000045776367,0.248999997973442
1780658040915,2026-06-05 11:14:00,24.62,16.91,30.93,,,,483.85,388.37,342.72,-115.0,-6.0,,,,,,,,,,
1780660800000,2026-06-05 12:00:00,,,,,,,,,,,,18.302000045776367,60.0,1012.2999877929688,10.403298377990724,0.0,14.973576545715332,242.8189697265625,0.1400000154972076,20.75200080871582,0.248999997973442
1780664400000,2026-06-05 13:00:00,,,,,,,,,,,,19.25200080871582,57.0,1012.4000244140624,10.524404525756836,0.0,15.13713264465332,244.65386962890625,0.1599999964237213,22.10199928283692,0.2479999959468841
1780668000000,2026-06-05 14:00:00,,,,,,,,,,,,19.95199966430664,53.0,1012.4000244140624,10.08552074432373,0.0,14.934576988220217,254.62368774414065,0.1700000017881393,23.052000045776367,0.2479999959468841
1780671600000,2026-06-05 15:00:00,,,,,,,,,,,,19.85199928283692,50.0,1012.5999755859376,9.124939918518066,0.0,16.62248992919922,252.34979248046875,0.1599999964237213,23.35199928283692,0.2469999939203262
1780675200000,2026-06-05 16:00:00,,,,,,,,,,,,19.70199966430664,54.0,1013.0999755859376,10.133310317993164,0.0,12.783802032470703,260.2724914550781,0.1299999952316284,22.802000045776367,0.2469999939203262
1780678800000,2026-06-05 17:00:00,,,,,,,,,,,,18.652000427246094,57.0,1013.5999755859376,9.963627815246582,0.0,12.64107608795166,289.9831848144531,0.0799999982118606,21.302000045776367,0.2460000067949295
1780682400000,2026-06-05 18:00:00,,,,,,,,,,,,17.802000045776367,58.0,1014.4000244140624,9.427569389343262,0.0,9.746630668640137,274.236328125,0.0599999986588954,20.25200080871582,0.2460000067949295
1780686000000,2026-06-05 19:00:00,,,,,,,,,,,,17.00200080871582,63.0,1014.9000244140624,9.907175064086914,0.0,7.208993911743164,267.1376647949219,0.0399999991059303,19.10199928283692,0.2460000067949295
1780686830470,2026-06-05 19:13:50,,,,15.14,14.83,14.58,,,,-114.0,-4.0,,,,,,,,,,
1780686833629,2026-06-05 19:13:53,24.56,16.82,30.9,,,,483.78,388.27,342.69,-112.0,-1.0,,,,,,,,,,
1780689600000,2026-06-05 20:00:00,,,,,,,,,,,,16.351999282836914,67.0,1015.5,10.21044635772705,0.0,3.219938039779663,243.4350128173828,0.0199999995529651,17.902000427246094,0.2460000067949295
1780693200000,2026-06-05 21:00:00,,,,,,,,,,,,15.001999855041504,77.0,1015.9000244140624,11.002217292785645,0.0,3.2599384784698486,186.3401031494141,0.0199999995529651,17.20199966430664,0.2460000067949295
1780696800000,2026-06-05 22:00:00,,,,,,,,,,,,14.052000045776367,82.0,1016.0999755859376,11.02591609954834,0.0,3.976329803466797,185.1943359375,0.0099999997764825,16.45199966430664,0.2460000067949295
1780700400000,2026-06-05 23:00:00,,,,,,,,,,,,13.20199966430664,84.0,1016.2999877929688,10.557044982910156,0.0,3.5999999046325684,180.0,0.0099999997764825,15.652000427246094,0.2460000067949295
1780704000000,2026-06-06 00:00:00,,,,,,,,,,,,11.052000045776367,89.0,1016.2000122070312,9.30764389038086,0.0,4.320000171661377,180.0,0.0099999997764825,14.251999855041504,0.2460000067949295
1780707600000,2026-06-06 01:00:00,,,,,,,,,,,,10.751999855041504,90.0,1016.4000244140624,9.177566528320312,0.0,3.415259599685669,161.56495666503906,0.0099999997764825,13.802000045776367,0.2460000067949295
1780711200000,2026-06-06 02:00:00,,,,,,,,,,,,10.552000045776367,91.0,1016.5999755859376,9.143985748291016,0.0,3.6712939739227295,168.6901092529297,0.0099999997764825,13.45199966430664,0.2469999939203262
1780714800000,2026-06-06 03:00:00,,,,,,,,,,,,10.501999855041504,92.0,1016.7999877929688,9.256839752197266,0.0,3.9600000381469727,180.0,0.0099999997764825,13.20199966430664,0.2469999939203262
1780715625028,2026-06-06 03:13:45,,,,13.97,15.09,14.42,,,,-111.0,6.0,,,,,,,,,,
1780715626210,2026-06-06 03:13:46,24.54,16.79,30.87,,,,483.75,388.24,342.66,-115.0,-2.0,,,,,,,,,,
1780718400000,2026-06-06 04:00:00,,,,,,,,,,,,10.902000427246094,95.0,1016.9000244140624,10.13215446472168,0.0,4.379589080810547,170.53775024414062,0.0099999997764825,13.20199966430664,0.2469999939203262
1780722000000,2026-06-06 05:00:00,,,,,,,,,,,,12.001999855041504,94.0,1016.7999877929688,11.065865516662598,0.0,5.483356475830078,156.80137634277344,0.0099999997764825,13.552000045776367,0.2469999939203262
1780725600000,2026-06-06 06:00:00,,,,,,,,,,,,14.001999855041504,87.0,1016.5,11.871801376342772,0.0,7.421589851379394,157.1663055419922,0.0199999995529651,14.751999855041504,0.2469999939203262
1780729200000,2026-06-06 07:00:00,,,,,,,,,,,,15.902000427246094,76.0,1016.2999877929688,11.676340103149414,0.0,7.862518310546875,164.05453491210938,0.0500000044703483,16.802000045776367,0.2469999939203262
1780730025340,2026-06-06 07:13:45,24.5,16.79,30.87,,,,483.71,388.24,342.66,-113.0,-3.8,,,,,,,,,,
1780732800000,2026-06-06 08:00:00,,,,,,,,,,,,17.75200080871582,70.0,1016.4000244140624,12.209261894226074,0.0,9.422101020812988,186.58184814453125,0.0799999982118606,19.152000427246094,0.2469999939203262
1780736400000,2026-06-06 09:00:00,,,,,,,,,,,,18.652000427246094,63.0,1016.4000244140624,11.468098640441896,0.0,7.628262996673584,199.29014587402344,0.1000000089406967,20.95199966430664,0.2469999939203262
1780740000000,2026-06-06 10:00:00,,,,,,,,,,,,20.35199928283692,56.0,1016.0999755859376,11.284732818603516,0.0,9.726664543151855,182.1210479736328,0.1400000154972076,23.10199928283692,0.2469999939203262
1780743600000,2026-06-06 11:00:00,,,,,,,,,,,,20.902000427246094,52.0,1015.7000122070312,10.67888355255127,0.0,9.0,196.26028442382807,0.1400000154972076,23.85199928283692,0.2460000067949295
1780747200000,2026-06-06 12:00:00,,,,,,,,,,,,21.802000045776367,45.0,1015.2999877929688,9.34201717376709,0.0,9.957108497619627,192.5287933349609,0.1599999964237213,25.00200080871582,0.2460000067949295
1780750800000,2026-06-06 13:00:00,,,,,,,,,,,,22.552000045776367,39.0,1014.9000244140624,7.901549339294434,0.0,9.885261535644531,190.49142456054688,0.1800000071525573,25.95199966430664,0.2450000047683715
1780754400000,2026-06-06 14:00:00,,,,,,,,,,,,22.70199966430664,42.0,1014.9000244140624,9.13080883026123,0.0,12.59999942779541,180.0,0.1400000154972076,25.652000427246094,0.2440000027418136
1780758000000,2026-06-06 15:00:00,,,,,,,,,,,,21.902000427246094,43.0,1015.0,8.758125305175781,0.0,13.493998527526855,189.21095275878903,0.1199999973177909,24.95199966430664,0.2440000027418136
1780758819897,2026-06-06 15:13:39,24.48,16.79,30.83,,,,483.68,388.24,342.63,-115.0,-6.0,,,,,,,,,,
1780761600000,2026-06-06 16:00:00,,,,,,,,,,,,21.70199966430664,42.0,1014.9000244140624,8.230165481567383,0.0,9.77981662750244,186.3401031494141,0.0900000035762786,23.70199966430664,0.2430000007152557
1780765200000,2026-06-06 17:00:00,,,,,,,,,,,,21.402000427246094,46.0,1014.9000244140624,9.305052757263184,0.0,7.787990570068359,213.69009399414065,0.0799999982118606,23.10199928283692,0.2430000007152557
1780768800000,2026-06-06 18:00:00,,,,,,,,,,,,20.20199966430664,52.0,1015.2999877929688,10.031991004943848,0.0,13.493998527526855,279.2109375,0.0500000044703483,22.10199928283692,0.2419999986886978
1780772400000,2026-06-06 19:00:00,,,,,,,,,,,,16.75200080871582,71.0,1016.0999755859376,11.465547561645508,0.3000000119209289,7.072877883911133,255.2563934326172,0.0500000044703483,20.402000427246094,0.2419999986886978
1780773217215,2026-06-06 19:13:37,24.48,16.72,30.8,,,,483.68,388.17,342.6,-113.0,-5.0,,,,,,,,,,
1780776000000,2026-06-06 20:00:00,,,,,,,,,,,,16.50200080871582,74.0,1016.4000244140624,11.851767539978027,0.0,5.411986351013184,183.81399536132807,0.0299999993294477,19.10199928283692,0.2419999986886978
1780779600000,2026-06-06 21:00:00,,,,,,,,,,,,16.052000045776367,77.0,1016.5,12.019853591918944,0.0,6.1516828536987305,159.44387817382812,0.0199999995529651,18.302000045776367,0.2419999986886978
1780783200000,2026-06-06 22:00:00,,,,,,,,,,,,15.751999855041504,76.0,1016.5999755859376,11.531192779541016,0.0,6.849466800689697,176.98727416992188,0.0199999995529651,17.75200080871582,0.2419999986886978
1780786800000,2026-06-06 23:00:00,,,,,,,,,,,,15.302000045776367,76.0,1016.9000244140624,11.09574031829834,0.0,7.993297576904297,187.7650756835937,0.0199999995529651,17.20199966430664,0.2419999986886978
1780790400000,2026-06-07 00:00:00,,,,,,,,,,,,15.85200023651123,85.0,1015.7000122070312,13.3338041305542,0.0,4.379589080810547,189.4622497558593,0.0199999995529651,17.652000427246094,0.2450000047683715
1780794000000,2026-06-07 01:00:00,,,,,,,,,,,,16.152000427246094,77.0,1015.9000244140624,12.116766929626465,0.0,7.895416259765625,223.15240478515625,0.0199999995529651,17.402000427246094,0.2450000047683715
1780797600000,2026-06-07 02:00:00,,,,,,,,,,,,14.95199966430664,80.0,1016.5,11.530692100524902,0.0,12.594856262207031,239.03631591796875,0.0299999993294477,16.95199966430664,0.2460000067949295
1780801200000,2026-06-07 03:00:00,,,,,,,,,,,,14.552000045776367,80.0,1016.9000244140624,11.141225814819336,0.0,13.97987174987793,235.4914093017578,0.0299999993294477,16.351999282836914,0.2460000067949295
1780802011743,2026-06-07 03:13:31,24.54,16.72,30.83,,,,483.75,388.17,342.63,-112.0,-6.8,,,,,,,,,,
1780804800000,2026-06-07 04:00:00,,,,,,,,,,,,14.052000045776367,80.0,1017.5,10.654367446899414,0.0,13.513193130493164,228.2397918701172,0.0299999993294477,16.001998901367188,0.2460000067949295
1780808400000,2026-06-07 05:00:00,,,,,,,,,,,,14.052000045776367,76.0,1017.9000244140624,9.88601779937744,0.0,11.212135314941406,227.6026153564453,0.0299999993294477,15.95199966430664,0.2469999939203262
1780812000000,2026-06-07 06:00:00,,,,,,,,,,,,14.402000427246094,73.0,1018.4000244140624,9.623124122619627,0.0,14.764389991760254,224.99989318847656,0.0500000044703483,16.152000427246094,0.2469999939203262
1780815600000,2026-06-07 07:00:00,,,,,,,,,,,,14.70199966430664,70.0,1018.7000122070312,9.2868013381958,0.0,17.057313919067383,225.85501098632807,0.0599999986588954,16.50200080871582,0.2469999939203262
1780816409022,2026-06-07 07:13:29,24.56,16.76,30.87,,,,483.78,388.21,342.66,-116.0,-6.5,,,,,,,,,,
1780819200000,2026-06-07 08:00:00,,,,,,,,,,,,15.10200023651123,71.0,1019.0999755859376,9.881808280944824,0.0,18.08977508544922,227.41954040527344,0.0700000077486038,16.902000427246094,0.2469999939203262
1780822800000,2026-06-07 09:00:00,,,,,,,,,,,,15.802000045776367,68.0,1019.5999755859376,9.907254219055176,0.0,22.702844619750977,242.62237548828125,0.0900000035762786,17.601999282836914,0.2469999939203262
1780826400000,2026-06-07 10:00:00,,,,,,,,,,,,15.652000427246094,71.0,1020.2999877929688,10.409768104553224,0.0,20.60822868347168,242.98741149902344,0.0900000035762786,18.20199966430664,0.2469999939203262
1780830000000,2026-06-07 11:00:00,,,,,,,,,,,,15.902000427246094,70.0,1020.9000244140624,10.436797142028809,0.0,20.46940994262696,246.1398162841797,0.0799999982118606,18.302000045776367,0.2469999939203262
1780830803312,2026-06-07 11:13:23,,,,15.26,13.59,14.53,,,,-109.0,-1.0,,,,,,,,,,
1780830804502,2026-06-07 11:13:24,24.54,16.76,30.87,,,,483.75,388.21,342.66,-112.0,1.2,,,,,,,,,,
1780833600000,2026-06-07 12:00:00,,,,,,,,,,,,16.152000427246094,71.0,1021.2999877929688,10.889691352844238,0.0,20.380578994750977,252.525131225586,0.0799999982118606,18.402000427246094,0.2469999939203262
1780837200000,2026-06-07 13:00:00,,,,,,,,,,,,17.152000427246094,68.0,1021.2999877929688,11.196313858032228,0.0,17.81181526184082,255.96372985839844,0.1000000089406967,19.402000427246094,0.2460000067949295
1780840800000,2026-06-07 14:00:00,,,,,,,,,,,,17.302000045776367,68.0,1021.4000244140624,11.339523315429688,0.0,18.532133102416992,262.1847839355469,0.1099999994039535,19.95199966430664,0.2460000067949295
1780844400000,2026-06-07 15:00:00,,,,,,,,,,,,17.851999282836914,65.0,1021.5999755859376,11.18200397491455,0.0,15.745627403259276,259.4608764648437,0.1099999994039535,20.402000427246094,0.2460000067949295
1780845200608,2026-06-07 15:13:20,,,,15.23,14.44,14.58,,,,-114.0,-7.2,,,,,,,,,,
1780848000000,2026-06-07 16:00:00,,,,,,,,,,,,17.601999282836914,68.0,1021.9000244140624,11.62592887878418,0.0,14.058449745178224,256.6754455566406,0.0799999982118606,20.152000427246094,0.2460000067949295
1780851600000,2026-06-07 17:00:00,,,,,,,,,,,,18.20199966430664,63.0,1021.9000244140624,11.042442321777344,0.0,13.979870796203612,258.1113586425781,0.0799999982118606,19.95199966430664,0.2460000067949295
1780855200000,2026-06-07 18:00:00,,,,,,,,,,,,17.902000427246094,66.0,1021.7999877929688,11.460126876831056,0.0,11.17740535736084,255.0685272216797,0.0599999986588954,19.45199966430664,0.2450000047683715
1780858800000,2026-06-07 19:00:00,,,,,,,,,,,,17.052000045776367,70.0,1021.9000244140624,11.53866195678711,0.0,7.862518310546875,254.0545349121093,0.0399999991059303,18.60199928283692,0.2450000047683715
1780859597898,2026-06-07 19:13:17,,,,15.23,14.78,14.47,,,,-112.0,-2.2,,,,,,,,,,
1780862400000,2026-06-07 20:00:00,,,,,,,,,,,,16.052000045776367,75.0,1022.0,11.620793342590332,0.0,7.729526996612549,242.2415466308593,0.0199999995529651,17.50200080871582,0.2450000047683715
1780866000000,2026-06-07 21:00:00,,,,,,,,,,,,15.302000045776367,76.0,1022.2000122070312,11.09574031829834,0.0,5.86037540435791,222.51040649414065,0.0099999997764825,16.601999282836914,0.2450000047683715
1780869600000,2026-06-07 22:00:00,,,,,,,,,,,,14.652000427246094,79.0,1022.0999755859376,11.048869132995604,0.0,5.154415130615234,204.77511596679688,0.0099999997764825,15.85200023651123,0.2460000067949295
1780873200000,2026-06-07 23:00:00,,,,,,,,,,,,13.251999855041504,86.0,1022.2000122070312,10.95992374420166,0.0,5.091168403625488,171.86997985839844,0.0099999997764825,15.251999855041504,0.2460000067949295
1780876800000,2026-06-08 00:00:00,,,,,,,,,,,,11.251999855041504,91.0,1022.5,9.836223602294922,0.0,4.104631423950195,164.7448272705078,0.0099999997764825,14.402000427246094,0.2479999959468841
1780880400000,2026-06-08 01:00:00,,,,,,,,,,,,10.652000427246094,92.0,1021.9000244140624,9.40537166595459,0.0,4.553679466247559,161.56495666503906,0.0099999997764825,13.802000045776367,0.2479999959468841
1780884000000,2026-06-08 02:00:00,,,,,,,,,,,,10.45199966430664,92.0,1021.5,9.207329750061035,0.0,4.33497428894043,175.2364501953125,0.0,13.302000045776367,0.2479999959468841
1780887600000,2026-06-08 03:00:00,,,,,,,,,,,,10.302000045776367,91.0,1021.2999877929688,8.896753311157227,0.0,5.014219284057617,158.96241760253906,0.0,12.85200023651123,0.248999997973442
1780888392449,2026-06-08 03:13:12,,,,15.14,14.47,14.47,,,,-114.0,0.8,,,,,,,,,,
1780891200000,2026-06-08 04:00:00,,,,,,,,,,,,10.802000045776367,90.0,1021.0999755859376,9.226947784423828,0.0,4.802999019622803,167.00538635253906,0.0,12.60200023651123,0.248999997973442
1780894800000,2026-06-08 05:00:00,,,,,,,,,,,,12.402000427246094,88.0,1020.5,10.46947956085205,0.0,4.213691711425781,160.0167999267578,0.0099999997764825,13.052000045776367,0.248999997973442
1780898400000,2026-06-08 06:00:00,,,,,,,,,,,,14.70199966430664,78.0,1019.7999877929688,10.90554904937744,0.0,7.862518310546875,164.05453491210938,0.0199999995529651,14.501999855041504,0.248999997973442
1780902000000,2026-06-08 07:00:00,,,,,,,,,,,,16.25200080871582,72.0,1019.2999877929688,11.196538925170898,0.0,9.0,163.73971557617188,0.0500000044703483,16.552000045776367,0.248999997973442
1780905600000,2026-06-08 08:00:00,,,,,,,,,,,,17.95199966430664,68.0,1018.7999877929688,11.960052490234377,0.0,11.384199142456056,161.56495666503906,0.0799999982118606,18.75200080871582,0.248999997973442
1780909200000,2026-06-08 09:00:00,,,,,,,,,,,,19.70199966430664,60.0,1018.2000122070312,11.719736099243164,0.0,11.96695327758789,173.0888671875,0.1099999994039535,20.85199928283692,0.248999997973442
1780912800000,2026-06-08 10:00:00,,,,,,,,,,,,21.10199928283692,53.0,1017.2999877929688,11.150678634643556,0.0,11.252518653869627,172.64772033691406,0.1500000059604644,22.85199928283692,0.2479999959468841
1780916400000,2026-06-08 11:00:00,,,,,,,,,,,,22.302000045776367,48.0,1016.7000122070312,10.762860298156738,0.0,10.948972702026367,189.4622497558593,0.1800000071525573,24.652000427246094,0.2479999959468841
1780917187030,2026-06-08 11:13:07,,,,14.78,14.83,14.47,,,,-116.0,-2.5,,,,,,,,,,
1780917190036,2026-06-08 11:13:10,24.44,16.72,30.83,,,,483.64,388.17,342.63,-112.0,1.8,,,,,,,,,,
1780920000000,2026-06-08 12:00:00,,,,,,,,,,,,23.20199966430664,45.0,1015.7999877929688,10.613065719604492,0.0,12.371644973754885,188.3657989501953,0.2000000178813934,26.052000045776367,0.2469999939203262
1780923600000,2026-06-08 13:00:00,,,,,,,,,,,,23.50200080871582,43.0,1015.2000122070312,10.202878952026367,0.0,12.661563873291016,194.82652282714844,0.1700000017881393,25.95199966430664,0.2460000067949295
1780927200000,2026-06-08 14:00:00,,,,,,,,,,,,23.652000427246094,41.0,1014.5999755859376,9.62645435333252,0.0,11.486200332641602,212.1957092285156,0.1400000154972076,25.25200080871582,0.2450000047683715
1780930800000,2026-06-08 15:00:00,,,,,,,,,,,,23.652000427246094,44.0,1014.0999755859376,10.683305740356444,0.0,7.636752605438232,224.99989318847656,0.1199999973177909,24.85199928283692,0.2440000027418136
1780931584308,2026-06-08 15:13:04,,,,14.47,14.81,14.14,,,,-117.0,-7.0,,,,,,,,,,
1780934400000,2026-06-08 16:00:00,,,,,,,,,,,,23.60199928283692,46.0,1013.5,11.307610511779783,0.0,7.491114139556885,215.2176818847656,0.1099999994039535,24.552000045776367,0.2440000027418136
1780938000000,2026-06-08 17:00:00,,,,,,,,,,,,22.902000427246094,48.0,1012.7000122070312,11.311755180358888,0.0,5.351784706115723,222.27362060546875,0.0799999982118606,23.652000427246094,0.2430000007152557
1780941600000,2026-06-08 18:00:00,,,,,,,,,,,,22.00200080871582,54.0,1012.4000244140624,12.26815700531006,0.0,6.409617424011231,218.1572723388672,0.0500000044703483,22.60199928283692,0.2430000007152557
1780945200000,2026-06-08 19:00:00,,,,,,,,,,,,20.802000045776367,56.0,1011.9000244140624,11.704262733459473,0.0,6.130578994750977,176.63360595703125,0.0500000044703483,21.652000427246094,0.2430000007152557
1780945981597,2026-06-08 19:13:01,,,,14.31,14.81,14.42,,,,-112.0,-5.0,,,,,,,,,,
1780945984580,2026-06-08 19:13:04,24.48,16.67,30.83,,,,483.68,388.11,342.63,-115.0,2.0,,,,,,,,,,
1780948800000,2026-06-08 20:00:00,,,,,,,,,,,,19.802000045776367,59.0,1011.9000244140624,11.559164047241213,0.0,7.56856632232666,177.27374267578125,0.0299999993294477,20.60199928283692,0.2419999986886978
1780952400000,2026-06-08 21:00:00,,,,,,,,,,,,19.152000427246094,63.0,1011.5999755859376,11.940998077392578,0.0,9.007196426391602,182.29055786132807,0.0299999993294477,19.902000427246094,0.2419999986886978
1780956000000,2026-06-08 22:00:00,,,,,,,,,,,,18.402000427246094,69.0,1011.5999755859376,12.612162590026855,0.0,7.244860172271728,206.5649871826172,0.0199999995529651,19.302000045776367,0.2419999986886978
1780959600000,2026-06-08 23:00:00,,,,,,,,,,,,16.75200080871582,82.0,1012.0999755859376,13.66240406036377,1.899999976158142,13.044723510742188,242.02061462402344,0.0399999991059303,18.75200080871582,0.2419999986886978
1780960382860,2026-06-08 23:13:02,24.5,16.67,30.83,,,,483.71,388.11,342.63,-116.0,-5.2,,,,,,,,,,
1780963200000,2026-06-09 00:00:00,,,,,,,,,,,,18.00200080871582,72.0,1010.2000122070312,12.878741264343262,0.0,13.52757167816162,244.7989044189453,0.0199999995529651,18.402000427246094,0.2430000007152557
1780966800000,2026-06-09 01:00:00,,,,,,,,,,,,16.50200080871582,82.0,1010.5999755859376,13.418312072753906,0.2000000029802322,15.484185218811035,271.3321838378906,0.0199999995529651,18.20199966430664,0.2440000027418136
1780970400000,2026-06-09 02:00:00,,,,,,,,,,,,15.402000427246094,80.0,1010.9000244140624,11.968828201293944,0.3000000119209289,13.797911643981934,277.4957580566406,0.0399999991059303,17.70199966430664,0.2440000027418136
1780974000000,2026-06-09 03:00:00,,,,,,,,,,,,14.251999855041504,81.0,1011.2000122070312,11.036184310913086,0.0,12.429126739501951,259.9920959472656,0.0299999993294477,17.052000045776367,0.2440000027418136
1780974779138,2026-06-09 03:12:59,24.56,16.7,30.83,,,,483.78,388.14,342.63,-111.0,-4.8,,,,,,,,,,
1780977600000,2026-06-09 04:00:00,,,,,,,,,,,,13.85200023651123,83.0,1011.4000244140624,11.013101577758787,0.0,10.787993431091309,244.29010009765625,0.0299999993294477,16.45199966430664,0.2450000047683715
1780981200000,2026-06-09 05:00:00,,,,,,,,,,,,13.802000045776367,83.0,1011.7999877929688,10.964200973510742,0.0,12.413476943969728,240.4613037109375,0.0299999993294477,16.152000427246094,0.2450000047683715
1780984800000,2026-06-09 06:00:00,,,,,,,,,,,,14.251999855041504,75.0,1012.0999755859376,9.881630897521973,0.0,15.946009635925291,241.6993408203125,0.0500000044703483,16.402000427246094,0.2450000047683715
1780988400000,2026-06-09 07:00:00,,,,,,,,,,,,14.652000427246094,69.0,1012.5,9.02527904510498,0.0,21.09305000305176,242.5603485107422,0.0700000077486038,16.802000045776367,0.2450000047683715
1780989173418,2026-06-09 07:12:53,,,,14.42,15.29,14.5,,,,-118.0,1.2,,,,,,,,,,
1780992000000,2026-06-09 08:00:00,,,,,,,,,,,,14.95199966430664,67.0,1012.9000244140624,8.875786781311035,0.0,21.25219917297364,243.8690490722656,0.0799999982118606,17.50200080871582,0.2450000047683715
1780995600000,2026-06-09 09:00:00,,,,,,,,,,,,15.652000427246094,64.0,1013.2000122070312,8.862727165222168,0.0,19.70815086364746,260.5377502441406,0.1099999994039535,18.85199928283692,0.2450000047683715
1780999200000,2026-06-09 10:00:00,,,,,,,,,,,,16.25200080871582,61.0,1013.4000244140624,8.719225883483887,0.1000000014901161,18.448022842407227,252.97938537597656,0.1099999994039535,19.10199928283692,0.2450000047683715
1781002800000,2026-06-09 11:00:00,,,,,,,,,,,,14.751999855041504,62.0,1014.5,7.5430073738098145,0.2000000029802322,18.79255104064941,286.6993103027344,0.1500000059604644,20.25200080871582,0.2450000047683715
1781003570699,2026-06-09 11:12:50,,,,14.58,14.56,14.53,,,,-114.0,-10.5,,,,,,,,,,
1781006400000,2026-06-09 12:00:00,,,,,,,,,,,,16.351999282836914,60.0,1014.7999877929688,8.56897258758545,0.2000000029802322,16.119800567626953,246.2973480224609,0.1599999964237213,20.152000427246094,0.2450000047683715
1781010000000,2026-06-09 13:00:00,,,,,,,,,,,,17.052000045776367,53.0,1015.0999755859376,7.39792537689209,0.1000000014901161,16.873979568481445,258.9298400878906,0.1700000017881393,20.75200080871582,0.2450000047683715
1781013600000,2026-06-09 14:00:00,,,,,,,,,,,,18.25200080871582,52.0,1014.9000244140624,8.22923755645752,0.0,20.150354385375977,251.2412567138672,0.1800000071525573,21.652000427246094,0.2450000047683715
1781017200000,2026-06-09 15:00:00,,,,,,,,,,,,14.501999855041504,66.0,1016.0,8.224885940551758,1.100000023841858,14.081478118896484,265.60137939453125,0.1400000154972076,19.652000427246094,0.2450000047683715
1781020800000,2026-06-09 16:00:00,,,,,,,,,,,,16.25200080871582,59.0,1015.9000244140624,8.226922035217285,0.0,13.556282043457031,259.28692626953125,0.1500000059604644,19.70199966430664,0.2450000047683715
1781024400000,2026-06-09 17:00:00,,,,,,,,,,,,16.601999282836914,56.0,1015.5,7.786762714385986,0.0,12.24529266357422,245.69546508789065,0.1299999952316284,19.70199966430664,0.2460000067949295
1781028000000,2026-06-09 18:00:00,,,,,,,,,,,,16.20199966430664,56.0,1015.5,7.413442611694336,0.0,9.220499038696287,231.3401641845703,0.0900000035762786,18.902000427246094,0.2460000067949295
1781031600000,2026-06-09 19:00:00,,,,,,,,,,,,15.402000427246094,63.0,1015.7999877929688,8.393036842346191,0.0,7.421589851379394,219.0938415527344,0.0500000044703483,17.851999282836914,0.2460000067949295
1781032365267,2026-06-09 19:12:45,,,,14.36,15.09,14.56,,,,-113.0,4.5,,,,,,,,,,
1781035200000,2026-06-09 20:00:00,,,,,,,,,,,,13.751999855041504,59.0,1016.5,5.878574848175049,0.0,6.287129878997803,246.37060546875,0.0399999991059303,16.601999282836914,0.2460000067949295
1781038800000,2026-06-09 21:00:00,,,,,,,,,,,,12.802000045776367,67.0,1016.7999877929688,6.825465679168701,0.0,5.351784706115723,199.65391540527344,0.0299999993294477,15.45199966430664,0.2460000067949295
1781042400000,2026-06-09 22:00:00,,,,,,,,,,,,12.20199966430664,73.0,1016.9000244140624,7.5037055015563965,0.0,6.792466163635254,212.00534057617188,0.0199999995529651,14.60200023651123,0.2460000067949295
1781046000000,2026-06-09 23:00:00,,,,,,,,,,,,12.10200023651123,69.0,1016.9000244140624,6.584893703460693,0.0,8.404284477233887,189.86573791503903,0.0199999995529651,14.10200023651123,0.2460000067949295
1781046762555,2026-06-09 23:12:42,,,,14.31,14.86,14.44,,,,-118.0,-3.5,,,,,,,,,,
1781049600000,2026-06-10 00:00:00,,,,,,,,,,,,11.552000045776367,72.0,1017.2999877929688,6.676426887512207,0.0,6.952754497528076,201.2505798339844,0.0099999997764825,13.652000427246094,0.2520000040531158
1781053200000,2026-06-10 01:00:00,,,,,,,,,,,,11.501999855041504,73.0,1016.4000244140624,6.829204559326172,0.0,6.119999885559082,208.0723876953125,0.0099999997764825,13.20199966430664,0.2520000040531158
1781056800000,2026-06-10 02:00:00,,,,,,,,,,,,10.85200023651123,77.0,1016.5,6.978871822357178,0.0,5.399999618530273,180.0,0.0099999997764825,12.802000045776367,0.2520000040531158
1781060400000,2026-06-10 03:00:00,,,,,,,,,,,,10.10200023651123,83.0,1016.5999755859376,7.34493350982666,0.0,4.6938252449035645,175.60137939453125,0.0099999997764825,12.35200023651123,0.2520000040531158
1781064000000,2026-06-10 04:00:00,,,,,,,,,,,,10.251999855041504,81.0,1016.7999877929688,7.134790897369385,0.0,5.447788238525391,172.4054412841797,0.0099999997764825,12.052000045776367,0.2520000040531158
1781067600000,2026-06-10 05:00:00,,,,,,,,,,,,11.501999855041504,76.0,1017.0999755859376,7.417591571807861,0.0,5.411986351013184,183.81399536132807,0.0199999995529651,12.45199966430664,0.2520000040531158
1781071200000,2026-06-10 06:00:00,,,,,,,,,,,,12.802000045776367,71.0,1017.0999755859376,7.673492431640625,0.0,8.43506908416748,219.80552673339844,0.0299999993294477,13.70199966430664,0.2520000040531158
1781074800000,2026-06-10 07:00:00,,,,,,,,,,,,13.70199966430664,69.0,1017.0,8.116236686706543,0.0,10.086426734924316,235.1754302978516,0.0599999986588954,15.302000045776367,0.2509999871253967
1781075557499,2026-06-10 07:12:37,,,,14.11,15.26,14.64,,,,-113.0,3.8,,,,,,,,,,
1781075558368,2026-06-10 07:12:38,24.38,16.67,30.83,,,,483.57,388.11,342.63,-112.0,-9.5,,,,,,,,,,
1781078400000,2026-06-10 08:00:00,,,,,,,,,,,,14.902000427246094,64.0,1016.9000244140624,8.15152359008789,0.0,11.298495292663574,239.3494110107422,0.0799999982118606,17.152000427246094,0.2509999871253967
1781082000000,2026-06-10 09:00:00,,,,,,,,,,,,15.95199966430664,57.0,1017.0,7.43906831741333,0.0,11.525623321533203,231.3401641845703,0.1099999994039535,18.95199966430664,0.2509999871253967
1781085600000,2026-06-10 10:00:00,,,,,,,,,,,,16.902000427246094,49.0,1016.7999877929688,6.116404056549072,0.0,11.753875732421877,229.9698028564453,0.1500000059604644,20.652000427246094,0.25
1781089200000,2026-06-10 11:00:00,,,,,,,,,,,,17.601999282836914,44.0,1016.5,5.201347827911377,0.0,11.304228782653809,232.7650909423828,0.1599999964237213,21.85199928283692,0.25
1781092800000,2026-06-10 12:00:00,,,,,,,,,,,,18.152000427246094,41.0,1016.0,4.684381484985352,0.0,12.599998474121094,233.1300201416016,0.1700000017881393,22.45199966430664,0.248999997973442
1781096400000,2026-06-10 13:00:00,,,,,,,,,,,,18.85199928283692,38.0,1015.5,4.224635124206543,0.0,9.5042724609375,232.6959686279297,0.1800000071525573,23.20199966430664,0.2479999959468841
1781100000000,2026-06-10 14:00:00,,,,,,,,,,,,19.20199966430664,32.0,1015.0999755859376,2.101767301559448,0.0,9.686609268188477,228.0128631591797,0.1599999964237213,23.20199966430664,0.2469999939203262
1781103600000,2026-06-10 15:00:00,,,,,,,,,,,,19.402000427246094,34.0,1015.0999755859376,3.131216049194336,0.0,13.55150032043457,253.00909423828125,0.1599999964237213,23.402000427246094,0.2460000067949295
1781107200000,2026-06-10 16:00:00,,,,,,,,,,,,18.902000427246094,36.0,1015.4000244140624,3.499628782272339,0.0,13.684735298156738,268.4925842285156,0.1299999952316284,22.70199966430664,0.2450000047683715
1781110800000,2026-06-10 17:00:00,,,,,,,,,,,,16.20199966430664,53.0,1016.4000244140624,6.609756946563721,0.0,17.1746768951416,303.0238647460937,0.0900000035762786,21.20199966430664,0.2440000027418136
1781114400000,2026-06-10 18:00:00,,,,,,,,,,,,15.10200023651123,57.0,1016.9000244140624,6.643942356109619,0.0,10.739831924438477,309.55963134765625,0.0599999986588954,19.50200080871582,0.2440000027418136
1781118000000,2026-06-10 19:00:00,,,,,,,,,,,,14.501999855041504,61.0,1017.0,7.069103717803955,0.0,7.491114139556885,305.2176818847656,0.0399999991059303,18.10199928283692,0.2430000007152557
1781121600000,2026-06-10 20:00:00,,,,,,,,,,,,13.902000427246094,67.0,1017.2999877929688,7.874569892883301,0.0,3.7064266204833984,299.05450439453125,0.0199999995529651,16.851999282836914,0.2430000007152557
1781125200000,2026-06-10 21:00:00,,,,,,,,,,,,13.10200023651123,73.0,1017.2999877929688,8.370820999145508,0.0,2.968636035919189,255.96372985839844,0.0099999997764825,15.85200023651123,0.2430000007152557
1781128800000,2026-06-10 22:00:00,,,,,,,,,,,,11.802000045776367,77.0,1017.7999877929688,7.9000563621521,0.0,3.7585103511810303,196.69932556152344,0.0099999997764825,15.052000045776367,0.2430000007152557
1781132400000,2026-06-10 23:00:00,,,,,,,,,,,,11.152000427246094,80.0,1018.0,7.83008861541748,0.0,4.349896430969238,204.4439392089844,0.0099999997764825,14.45199966430664,0.2430000007152557
1781133146323,2026-06-10 23:12:26,,,,13.73,14.78,14.56,,,,-112.0,-1.5,,,,,,,,,,
1781133149304,2026-06-10 23:12:29,24.28,16.55,30.77,,,,483.46,387.98,342.57,-112.0,-3.5,,,,,,,,,,
1781136000000,2026-06-11 00:00:00,,,,,,,,,,,,10.152000427246094,85.0,1018.2999877929688,7.742954730987549,0.0,4.394360065460205,214.9920959472656,0.0099999997764825,13.45199966430664,0.2450000047683715
1781139600000,2026-06-11 01:00:00,,,,,,,,,,,,10.652000427246094,81.0,1018.0999755859376,7.524999141693115,0.0,4.33497428894043,228.3665466308593,0.0099999997764825,13.052000045776367,0.2450000047683715
1781143200000,2026-06-11 02:00:00,,,,,,,,,,,,10.85200023651123,80.0,1018.0,7.537874221801758,0.0,4.896529197692871,252.89718627929688,0.0099999997764825,12.902000427246094,0.2460000067949295
1781146800000,2026-06-11 03:00:00,,,,,,,,,,,,10.552000045776367,81.0,1018.2999877929688,7.427447319030762,0.0,3.826852560043335,221.18582153320312,0.0099999997764825,12.652000427246094,0.2460000067949295
1781147546626,2026-06-11 03:12:26,24.26,16.52,30.73,,,,483.43,387.95,342.54,-115.0,2.2,,,,,,,,,,
1781150400000,2026-06-11 04:00:00,,,,,,,,,,,,10.70199966430664,80.0,1018.5999755859376,7.391762733459473,0.0,3.89399528503418,236.3099060058593,0.0099999997764825,12.60200023651123,0.2460000067949295
1781154000000,2026-06-11 05:00:00,,,,,,,,,,,,10.95199966430664,81.0,1018.9000244140624,7.817643165588379,0.0,5.315336227416992,241.6993408203125,0.0199999995529651,12.85200023651123,0.2460000067949295
1781157600000,2026-06-11 06:00:00,,,,,,,,,,,,11.60200023651123,80.0,1019.0,8.268393516540527,0.0,7.421589851379394,247.1663055419922,0.0299999993294477,13.501999855041504,0.2460000067949295
1781161200000,2026-06-11 07:00:00,,,,,,,,,,,,12.70199966430664,72.0,1019.0,7.782706260681152,0.0,8.427383422851562,250.0167999267578,0.0500000044703483,14.60200023651123,0.2469999939203262
1781161940954,2026-06-11 07:12:20,,,,13.97,14.72,14.47,,,,-114.0,-5.5,,,,,,,,,,
1781164800000,2026-06-11 08:00:00,,,,,,,,,,,,13.501999855041504,70.0,1019.2999877929688,8.136585235595703,0.0,9.565437316894531,250.20103454589844,0.0700000077486038,15.751999855041504,0.2469999939203262
1781168400000,2026-06-11 09:00:00,,,,,,,,,,,,14.70199966430664,65.0,1019.5999755859376,8.190088272094727,0.0,9.957108497619627,257.47119140625,0.1000000089406967,17.552000045776367,0.2469999939203262
1781172000000,2026-06-11 10:00:00,,,,,,,,,,,,14.802000045776367,66.0,1019.9000244140624,8.510432243347168,0.0,14.182354927062988,246.0375061035156,0.1099999994039535,18.652000427246094,0.2460000067949295
1781175600000,2026-06-11 11:00:00,,,,,,,,,,,,16.25200080871582,57.0,1019.4000244140624,7.719662189483643,0.0,12.605141639709473,268.36346435546875,0.1199999973177909,19.20199966430664,0.2460000067949295
1781179200000,2026-06-11 12:00:00,,,,,,,,,,,,16.25200080871582,55.0,1019.2999877929688,7.196436405181885,0.0,14.480772972106934,235.1246032714844,0.1599999964237213,20.60199928283692,0.2460000067949295
1781182800000,2026-06-11 13:00:00,,,,,,,,,,,,15.501999855041504,62.0,1019.4000244140624,8.25158977508545,0.4000000059604645,8.404285430908203,313.26434326171875,0.1599999964237213,20.70199966430664,0.2450000047683715
1781186400000,2026-06-11 14:00:00,,,,,,,,,,,,17.552000045776367,48.0,1018.9000244140624,6.413626194000244,0.0,14.113653182983398,264.1440734863281,0.2000000178813934,20.85199928283692,0.2450000047683715
1781190000000,2026-06-11 15:00:00,,,,,,,,,,,,17.00200080871582,52.0,1019.0999755859376,7.07308292388916,0.0,10.739832878112791,283.5704345703125,0.1700000017881393,20.60199928283692,0.2440000027418136
1781193600000,2026-06-11 16:00:00,,,,,,,,,,,,15.902000427246094,63.0,1019.4000244140624,8.866259574890137,1.399999976158142,2.9024126529693604,352.87506103515625,0.1400000154972076,19.75200080871582,0.2440000027418136
1781197200000,2026-06-11 17:00:00,,,,,,,,,,,,17.152000427246094,50.0,1019.4000244140624,6.6397480964660645,0.0,16.39482879638672,289.23077392578125,0.1500000059604644,19.402000427246094,0.2440000027418136
1781200800000,2026-06-11 18:00:00,,,,,,,,,,,,14.802000045776367,59.0,1019.9000244140624,6.865052700042725,0.1000000014901161,5.937272071838379,284.0362548828125,0.1000000089406967,17.902000427246094,0.2450000047683715
1781204400000,2026-06-11 19:00:00,,,,,,,,,,,,14.60200023651123,64.0,1020.0,7.867010593414307,0.0,4.104631423950195,195.2551727294922,0.0500000044703483,16.851999282836914,0.2460000067949295
1781208000000,2026-06-11 20:00:00,,,,,,,,,,,,13.85200023651123,71.0,1019.9000244140624,8.681735038757324,0.0,5.771238803863525,183.5762634277344,0.0299999993294477,15.95199966430664,0.2460000067949295
1781211600000,2026-06-11 21:00:00,,,,,,,,,,,,13.501999855041504,74.0,1019.9000244140624,8.957708358764648,0.0,6.1516828536987305,200.55612182617188,0.0299999993294477,15.20199966430664,0.2460000067949295
1781215200000,2026-06-11 22:00:00,,,,,,,,,,,,13.20199966430664,72.0,1020.0,8.263636589050293,0.0,8.049844741821289,206.5649871826172,0.0299999993294477,14.751999855041504,0.2460000067949295
1781218800000,2026-06-11 23:00:00,,,,,,,,,,,,13.001999855041504,71.0,1019.9000244140624,7.865550994873047,0.0,9.29051113128662,215.5377655029297,0.0299999993294477,14.35200023651123,0.2469999939203262
1781222400000,2026-06-12 00:00:00,,,,,,,,,,,,11.552000045776367,84.0,1020.0999755859376,8.940826416015625,0.3000000119209289,5.804825305938721,187.1249237060547,0.0299999993294477,13.552000045776367,0.2509999871253967
1781226000000,2026-06-12 01:00:00,,,,,,,,,,,,11.152000427246094,85.0,1018.0,8.723978042602539,0.1000000014901161,8.404284477233887,170.13426208496094,0.0299999993294477,13.251999855041504,0.2509999871253967
1781229600000,2026-06-12 02:00:00,,,,,,,,,,,,11.10200023651123,90.0,1017.7999877929688,9.523235321044922,0.0,9.178235054016112,168.6901092529297,0.0199999995529651,13.001999855041504,0.2520000040531158
1781233200000,2026-06-12 03:00:00,,,,,,,,,,,,11.402000427246094,90.0,1017.2999877929688,9.819517135620115,0.1000000014901161,11.525623321533203,178.2101287841797,0.0199999995529651,12.95199966430664,0.2520000040531158
1781233927409,2026-06-12 03:12:07,,,,13.67,14.58,14.33,,,,-113.0,-4.5,,,,,,,,,,
1781236800000,2026-06-12 04:00:00,,,,,,,,,,,,11.501999855041504,89.0,1017.0999755859376,9.751480102539062,0.3000000119209289,10.799999237060549,180.0,0.0199999995529651,12.95199966430664,0.2520000040531158
1781240400000,2026-06-12 05:00:00,,,,,,,,,,,,11.552000045776367,89.0,1016.7999877929688,9.800795555114746,0.3000000119209289,10.80599880218506,178.0908966064453,0.0199999995529651,12.95199966430664,0.2529999911785126
1781244000000,2026-06-12 06:00:00,,,,,,,,,,,,11.751999855041504,90.0,1016.5,10.165172576904297,0.1000000014901161,9.726664543151855,182.1210479736328,0.0199999995529651,13.052000045776367,0.2529999911785126
1781247600000,2026-06-12 07:00:00,,,,,,,,,,,,12.251999855041504,89.0,1016.4000244140624,10.491186141967772,0.3000000119209289,9.255571365356444,193.4957427978516,0.0199999995529651,13.152000427246094,0.2540000081062317
1781251200000,2026-06-12 08:00:00,,,,,,,,,,,,13.001999855041504,89.0,1016.5,11.230859756469728,0.800000011920929,8.854828834533691,206.5649871826172,0.0299999993294477,13.501999855041504,0.2549999952316284
1781254800000,2026-06-12 09:00:00,,,,,,,,,,,,13.902000427246094,88.0,1016.7000122070312,11.946805000305176,0.4000000059604645,11.966954231262209,226.2187957763672,0.0399999991059303,14.001999855041504,0.2560000121593475
1781258400000,2026-06-12 10:00:00,,,,,,,,,,,,14.85200023651123,86.0,1016.5999755859376,12.531347274780272,0.0,15.778515815734863,235.2220916748047,0.0500000044703483,14.85200023651123,0.2569999992847442
1781262000000,2026-06-12 11:00:00,,,,,,,,,,,,15.20199966430664,87.0,1017.0,13.051946640014648,0.1000000014901161,13.044723510742188,242.02061462402344,0.0399999991059303,15.251999855041504,0.2569999992847442
1781262722030,2026-06-12 11:12:02,,,,14.42,14.64,14.33,,,,-120.0,-6.5,,,,,,,,,,
1781265600000,2026-06-12 12:00:00,,,,,,,,,,,,15.35200023651123,88.0,1017.0999755859376,13.374759674072266,0.2000000029802322,12.413476943969728,240.4613037109375,0.0299999993294477,15.35200023651123,0.2569999992847442
1781269200000,2026-06-12 13:00:00,,,,,,,,,,,,16.351999282836914,84.0,1017.2000122070312,13.641959190368652,0.0,13.905508995056152,248.7494201660156,0.0500000044703483,15.751999855041504,0.257999986410141
1781272800000,2026-06-12 14:00:00,,,,,,,,,,,,17.652000427246094,80.0,1017.0,14.159193992614746,0.0,14.812589645385742,244.0577545166016,0.0799999982118606,16.902000427246094,0.257999986410141
1781276400000,2026-06-12 15:00:00,,,,,,,,,,,,18.902000427246094,72.0,1016.7999877929688,13.743701934814451,0.0,15.876774787902832,273.9004211425781,0.1099999994039535,18.152000427246094,0.2569999992847442
1781277119445,2026-06-12 15:11:59,,,,14.14,14.0,14.19,,,,-114.0,-4.8,,,,,,,,,,
1781280000000,2026-06-12 16:00:00,,,,,,,,,,,,18.402000427246094,69.0,1017.0999755859376,12.612162590026855,0.0,14.79945945739746,265.8151550292969,0.1000000089406967,18.45199966430664,0.2569999992847442
1781283600000,2026-06-12 17:00:00,,,,,,,,,,,,18.402000427246094,68.0,1017.2000122070312,12.389613151550291,0.0,14.471820831298828,264.2894897460937,0.0799999982118606,18.10199928283692,0.2569999992847442
1781287200000,2026-06-12 18:00:00,,,,,,,,,,,,17.851999282836914,74.0,1017.2999877929688,13.153701782226562,0.0,11.72075080871582,259.3804016113281,0.0599999986588954,17.802000045776367,0.2569999992847442
1781290800000,2026-06-12 19:00:00,,,,,,,,,,,,16.95199966430664,78.0,1017.4000244140624,13.089471817016602,0.1000000014901161,9.6932954788208,254.93145751953125,0.0399999991059303,17.152000427246094,0.2569999992847442
1781294400000,2026-06-12 20:00:00,,,,,,,,,,,,16.101999282836914,82.0,1017.5999755859376,13.027750968933104,0.1000000014901161,10.594036102294922,260.2176513671875,0.0299999993294477,16.50200080871582,0.2569999992847442
1781298000000,2026-06-12 21:00:00,,,,,,,,,,,,15.501999855041504,88.0,1017.4000244140624,13.522472381591797,0.2000000029802322,5.399999618530273,233.1300201416016,0.0199999995529651,16.052000045776367,0.2569999992847442
1781301600000,2026-06-12 22:00:00,,,,,,,,,,,,15.45199966430664,90.0,1017.4000244140624,13.81889820098877,0.0,10.315114974975586,240.7512664794922,0.0099999997764825,15.802000045776367,0.2569999992847442
1781305200000,2026-06-12 23:00:00,,,,,,,,,,,,15.45199966430664,89.0,1017.2000122070312,13.646921157836914,0.0,9.793058395385742,252.89718627929688,0.0099999997764825,15.60200023651123,0.2569999992847442
1781308800000,2026-06-13 00:00:00,,,,,,,,,,,,15.95199966430664,86.0,1016.7000122070312,13.611595153808594,0.6000000238418579,13.044723510742188,242.02061462402344,0.0199999995529651,15.902000427246094,0.257999986410141
1781312400000,2026-06-13 01:00:00,,,,,,,,,,,,15.802000045776367,89.0,1015.7000122070312,13.99204921722412,0.0,11.525623321533203,255.5296630859375,0.0099999997764825,15.802000045776367,0.257999986410141
1781316000000,2026-06-13 02:00:00,,,,,,,,,,,,15.501999855041504,89.0,1016.0999755859376,13.696227073669434,0.0,8.854828834533691,243.4350128173828,0.0099999997764825,15.70199966430664,0.257999986410141
1781319600000,2026-06-13 03:00:00,,,,,,,,,,,,15.402000427246094,90.0,1016.2000122070312,13.769529342651367,0.2000000029802322,8.08999252319336,249.1454620361328,0.0099999997764825,15.552000045776367,0.257999986410141
1781323200000,2026-06-13 04:00:00,,,,,,,,,,,,15.302000045776367,89.0,1016.4000244140624,13.499011039733888,0.3000000119209289,9.028754234313965,246.5014190673828,0.0099999997764825,15.45199966430664,0.257999986410141
1781326800000,2026-06-13 05:00:00,,,,,,,,,,,,15.45199966430664,85.0,1016.5,12.94154167175293,0.0,10.93120288848877,252.75845336914065,0.0199999995529651,15.501999855041504,0.257999986410141
1781330400000,2026-06-13 06:00:00,,,,,,,,,,,,15.95199966430664,77.0,1016.2999877929688,11.922941207885742,0.0,14.417987823486328,267.1376647949219,0.0500000044703483,16.052000045776367,0.2590000033378601
1781334000000,2026-06-13 07:00:00,,,,,,,,,,,,16.402000427246094,73.0,1016.0,11.549283027648926,0.0,14.332341194152832,258.4078369140625,0.1000000089406967,17.052000045776367,0.2590000033378601
1781337600000,2026-06-13 08:00:00,,,,,,,,,,,,17.351999282836914,66.0,1015.7000122070312,10.93691635131836,0.0,16.946786880493164,257.7352294921875,0.1400000154972076,18.35199928283692,0.257999986410141
1781341200000,2026-06-13 09:00:00,,,,,,,,,,,,17.802000045776367,65.0,1015.5999755859376,11.134530067443848,0.0,16.51690101623535,253.53990173339844,0.1700000017881393,19.302000045776367,0.257999986410141
1781344800000,2026-06-13 10:00:00,,,,,,,,,,,,18.20199966430664,61.0,1015.2000122070312,10.557168006896973,0.0,14.587776184082031,254.24874877929688,0.1700000017881393,19.902000427246094,0.2569999992847442
1781348400000,2026-06-13 11:00:00,,,,,,,,,,,,17.20199966430664,68.0,1014.9000244140624,11.244047164916992,0.0,19.803272247314453,242.9692230224609,0.1800000071525573,20.20199966430664,0.2569999992847442
1781349106264,2026-06-13 11:11:46,,,,13.65,14.58,14.28,,,,-115.0,-2.5,,,,,,,,,,
1781352000000,2026-06-13 12:00:00,,,,,,,,,,,,18.70199966430664,62.0,1014.5,11.273578643798828,0.0,24.29133033752441,263.1910400390625,0.1400000154972076,19.75200080871582,0.2560000121593475
1781355600000,2026-06-13 13:00:00,,,,,,,,,,,,18.052000045776367,65.0,1014.5,11.371907234191896,1.100000023841858,22.61418914794922,256.1849365234375,0.2199999988079071,21.10199928283692,0.2560000121593475
1781359200000,2026-06-13 14:00:00,,,,,,,,,,,,16.20199966430664,66.0,1015.0,9.842763900756836,1.2999999523162842,18.584508895874023,278.91485595703125,0.2199999988079071,20.00200080871582,0.2560000121593475
1781362800000,2026-06-13 15:00:00,,,,,,,,,,,,16.25200080871582,69.0,1015.2000122070312,10.55596160888672,0.4000000059604645,16.299694061279297,276.340087890625,0.1400000154972076,18.95199966430664,0.257999986410141
1781366400000,2026-06-13 16:00:00,,,,,,,,,,,,16.25200080871582,61.0,1015.2999877929688,8.719225883483887,0.0,20.94507026672364,298.7675476074219,0.1400000154972076,18.552000045776367,0.2590000033378601
1781370000000,2026-06-13 17:00:00,,,,,,,,,,,,15.302000045776367,66.0,1015.5999755859376,8.986307144165039,0.0,18.79255104064941,290.1707458496094,0.1000000089406967,17.851999282836914,0.2590000033378601
1781373600000,2026-06-13 18:00:00,,,,,,,,,,,,14.70199966430664,66.0,1015.5999755859376,8.41524887084961,0.0,16.299694061279297,276.340087890625,0.0799999982118606,17.25200080871582,0.2590000033378601
1781377200000,2026-06-13 19:00:00,,,,,,,,,,,,14.10200023651123,68.0,1015.7000122070312,8.283557891845703,0.0,13.698933601379396,273.0127258300781,0.0599999986588954,16.302000045776367,0.2590000033378601
1781380800000,2026-06-13 20:00:00,,,,,,,,,,,,13.152000427246094,72.0,1015.7999877929688,8.215547561645508,0.0,10.538843154907228,262.14678955078125,0.0399999991059303,15.251999855041504,0.2590000033378601
1781384400000,2026-06-13 21:00:00,,,,,,,,,,,,12.60200023651123,76.0,1015.5,8.482499122619629,0.0,10.028438568115234,248.96241760253903,0.0199999995529651,14.35200023651123,0.2590000033378601
1781388000000,2026-06-13 22:00:00,,,,,,,,,,,,12.001999855041504,76.0,1015.2999877929688,7.90165901184082,0.0,12.101570129394531,247.24899291992188,0.0199999995529651,13.751999855041504,0.2590000033378601
1781391600000,2026-06-13 23:00:00,,,,,,,,,,,,11.501999855041504,81.0,1015.0,8.354138374328613,0.0,12.39780616760254,244.17906188964844,0.0199999995529651,13.20199966430664,0.2590000033378601
1781395200000,2026-06-14 00:00:00,,,,,,,,,,,,12.45199966430664,75.0,1014.5,8.142054557800293,0.0,14.40899658203125,257.00537109375,0.0199999995529651,14.152000427246094,0.2619999945163727
1781398800000,2026-06-14 01:00:00,,,,,,,,,,,,11.95199966430664,77.0,1013.7000122070312,8.04549503326416,0.0,14.003028869628906,252.03076171875,0.0199999995529651,13.652000427246094,0.2619999945163727
1781402400000,2026-06-14 02:00:00,,,,,,,,,,,,12.001999855041504,80.0,1013.4000244140624,8.657979965209961,0.0,15.484185218811035,252.4074859619141,0.0199999995529651,13.501999855041504,0.2619999945163727
1781406000000,2026-06-14 03:00:00,,,,,,,,,,,,12.052000045776367,78.0,1013.2999877929688,8.33265209197998,0.5,16.099689483642578,259.6952209472656,0.0299999993294477,13.402000427246094,0.2619999945163727
1781409600000,2026-06-14 04:00:00,,,,,,,,,,,,11.85200023651123,78.0,1013.0999755859376,8.13843822479248,0.0,15.876774787902832,266.0995788574219,0.0299999993294477,13.152000427246094,0.2619999945163727
1781413200000,2026-06-14 05:00:00,,,,,,,,,,,,12.20199966430664,78.0,1012.9000244140624,8.478306770324707,0.0,16.343366622924805,262.40545654296875,0.0299999993294477,13.251999855041504,0.2619999945163727
1781416800000,2026-06-14 06:00:00,,,,,,,,,,,,12.902000427246094,73.0,1012.9000244140624,8.178138732910156,0.0,21.26744079589844,272.9107666015625,0.0500000044703483,13.85200023651123,0.2619999945163727
1781420400000,2026-06-14 07:00:00,,,,,,,,,,,,13.152000427246094,75.0,1012.5999755859376,8.818605422973633,0.0,18.391735076904297,273.36639404296875,0.0500000044703483,14.35200023651123,0.2630000114440918
1781424000000,2026-06-14 08:00:00,,,,,,,,,,,,13.70199966430664,74.0,1012.7000122070312,9.150680541992188,0.1000000014901161,18.77530097961425,274.39862060546875,0.0700000077486038,14.95199966430664,0.2619999945163727
1781427600000,2026-06-14 09:00:00,,,,,,,,,,,,14.302000045776367,71.0,1012.7000122070312,9.113789558410645,0.0,18.22894287109375,279.0901794433594,0.0799999982118606,15.70199966430664,0.2619999945163727
1781431200000,2026-06-14 10:00:00,,,,,,,,,,,,14.85200023651123,64.0,1012.9000244140624,8.104104995727539,0.0,20.523157119750977,291.6148376464844,0.1000000089406967,16.552000045776367,0.2619999945163727
1781434800000,2026-06-14 11:00:00,,,,,,,,,,,,16.402000427246094,61.0,1012.7000122070312,8.860634803771973,0.0,20.08270835876465,284.53448486328125,0.1299999952316284,17.802000045776367,0.2619999945163727
1781435489573,2026-06-14 11:11:29,,,,14.67,14.17,14.0,,,,-113.0,0.2,,,,,,,,,,
1781438400000,2026-06-14 12:00:00,,,,,,,,,,,,14.95199966430664,65.0,1013.0999755859376,8.42760944366455,0.699999988079071,23.35842514038086,294.590087890625,0.1599999964237213,18.20199966430664,0.2619999945163727
1781442000000,2026-06-14 13:00:00,,,,,,,,,,,,15.70199966430664,64.0,1013.0,8.910133361816406,0.0,18.12913703918457,276.8426818847656,0.1099999994039535,17.601999282836914,0.2619999945163727
1781445600000,2026-06-14 14:00:00,,,,,,,,,,,,16.45199966430664,56.0,1013.2000122070312,7.646772384643555,0.0,21.749483108520508,298.68603515625,0.1599999964237213,18.85199928283692,0.2619999945163727
1781449200000,2026-06-14 15:00:00,,,,,,,,,,,,16.50200080871582,54.0,1013.4000244140624,7.160828113555908,0.0,19.386592864990234,291.8014831542969,0.1299999952316284,18.70199966430664,0.2619999945163727
1781452800000,2026-06-14 16:00:00,,,,,,,,,,,,16.75200080871582,53.0,1013.2000122070312,7.119771480560303,0.0,19.995397567749023,293.33404541015625,0.1199999973177909,18.70199966430664,0.2610000073909759
1781456400000,2026-06-14 17:00:00,,,,,,,,,,,,16.50200080871582,52.0,1013.0999755859376,6.610501289367676,0.0,18.17197608947754,303.6900939941406,0.1099999994039535,18.402000427246094,0.2610000073909759
1781460000000,2026-06-14 18:00:00,,,,,,,,,,,,15.751999855041504,56.0,1013.2000122070312,6.993412971496582,0.0,16.263872146606445,297.6993713378906,0.0799999982118606,17.652000427246094,0.2599999904632568
1781463600000,2026-06-14 19:00:00,,,,,,,,,,,,14.70199966430664,66.0,1013.5,8.41524887084961,0.0,14.489720344543455,296.5649719238281,0.0500000044703483,16.652000427246094,0.2599999904632568
1781467200000,2026-06-14 20:00:00,,,,,,,,,,,,13.95199966430664,68.0,1013.5999755859376,8.140266418457031,0.0,11.60965061187744,277.1249084472656,0.0299999993294477,15.70199966430664,0.2599999904632568
1781470800000,2026-06-14 21:00:00,,,,,,,,,,,,13.20199966430664,70.0,1013.7000122070312,7.848994255065918,0.0,11.54247760772705,273.5762634277344,0.0299999993294477,14.902000427246094,0.2599999904632568
1781474400000,2026-06-14 22:00:00,,,,,,,,,,,,12.902000427246094,72.0,1013.7000122070312,7.975083351135254,0.0,12.682018280029297,276.51971435546875,0.0199999995529651,14.45199966430664,0.2599999904632568
1781478000000,2026-06-14 23:00:00,,,,,,,,,,,,12.35200023651123,74.0,1013.5999755859376,7.848000049591064,0.0,12.959999084472656,270.0,0.0199999995529651,13.902000427246094,0.2599999904632568
1781481600000,2026-06-15 00:00:00,,,,,,,,,,,,12.552000045776367,75.0,1012.9000244140624,8.23870849609375,0.0,13.397611618041992,263.8299255371094,0.0199999995529651,13.802000045776367,0.2610000073909759
1781485200000,2026-06-15 01:00:00,,,,,,,,,,,,12.35200023651123,76.0,1012.7000122070312,8.240488052368164,0.0,13.493998527526855,260.7890319824219,0.0199999995529651,13.652000427246094,0.2610000073909759
1781488800000,2026-06-15 02:00:00,,,,,,,,,,,,12.20199966430664,78.0,1012.5,8.478306770324707,0.0,14.332341194152832,258.4078369140625,0.0199999995529651,13.552000045776367,0.2610000073909759
1781492400000,2026-06-15 03:00:00,,,,,,,,,,,,12.10200023651123,80.0,1012.2999877929688,8.755374908447266,0.1000000014901161,14.869351387023926,263.047119140625,0.0199999995529651,13.45199966430664,0.2610000073909759
1781493078765,2026-06-15 03:11:18,,,,14.58,14.39,14.36,,,,-113.0,-2.5,,,,,,,,,,
1781496000000,2026-06-15 04:00:00,,,,,,,,,,,,12.052000045776367,81.0,1012.4000244140624,8.890604019165039,0.0,15.629972457885742,262.0566101074219,0.0199999995529651,13.35200023651123,0.2610000073909759
1781499600000,2026-06-15 05:00:00,,,,,,,,,,,,12.302000045776367,81.0,1012.9000244140624,9.134443283081056,0.0,18.71999931335449,270.0,0.0199999995529651,13.402000427246094,0.2619999945163727
1781503200000,2026-06-15 06:00:00,,,,,,,,,,,,12.45199966430664,82.0,1013.0,9.46324348449707,0.1000000014901161,16.263872146606445,264.92047119140625,0.0299999993294477,13.652000427246094,0.2619999945163727
1781506800000,2026-06-15 07:00:00,,,,,,,,,,,,13.20199966430664,79.0,1012.7999877929688,9.639019966125488,0.0,17.67302894592285,266.4965209960937,0.0399999991059303,14.10200023651123,0.2619999945163727
1781507476069,2026-06-15 07:11:16,,,,13.37,14.53,14.31,,,,-116.0,-4.5,,,,,,,,,,
1781510400000,2026-06-15 08:00:00,,,,,,,,,,,,13.251999855041504,77.0,1013.0,9.305870056152344,0.0,18.844202041625977,276.58184814453125,0.0399999991059303,14.402000427246094,0.2619999945163727
1781514000000,2026-06-15 09:00:00,,,,,,,,,,,,13.70199966430664,76.0,1013.4000244140624,9.54725742340088,0.0,20.240196228027344,275.1020812988281,0.0500000044703483,15.001999855041504,0.2619999945163727
1781517600000,2026-06-15 10:00:00,,,,,,,,,,,,14.251999855041504,71.0,1013.9000244140624,9.065784454345703,0.0,21.39805603027344,282.63336181640625,0.0500000044703483,15.35200023651123,0.2619999945163727
1781521200000,2026-06-15 11:00:00,,,,,,,,,,,,14.902000427246094,69.0,1014.0,9.264474868774414,0.0,22.314193725585938,287.85040283203125,0.0700000077486038,16.101999282836914,0.2610000073909759
1781524800000,2026-06-15 12:00:00,,,,,,,,,,,,16.302000045776367,59.0,1013.7999877929688,8.273874282836914,0.0,15.62997055053711,284.6764221191406,0.0900000035762786,17.25200080871582,0.2610000073909759
1781528400000,2026-06-15 13:00:00,,,,,,,,,,,,17.45199966430664,54.0,1013.7000122070312,8.043558120727539,0.0,16.422470092773438,296.0032958984375,0.1199999973177909,18.402000427246094,0.2610000073909759
1781532000000,2026-06-15 14:00:00,,,,,,,,,,,,17.75200080871582,51.0,1013.7999877929688,7.481997966766357,0.0,19.930477142333984,290.0716247558594,0.1199999973177909,19.152000427246094,0.2610000073909759
1781535600000,2026-06-15 15:00:00,,,,,,,,,,,,18.152000427246094,49.0,1014.0999755859376,7.264595985412598,0.0,17.55530548095703,285.4612731933594,0.1199999973177909,19.60199928283692,0.2599999904632568
1781536273693,2026-06-15 15:11:13,23.98,16.3,30.66,,,,483.11,387.72,342.48,-114.0,-6.8,,,,,,,,,,
1781539200000,2026-06-15 16:00:00,,,,,,,,,,,,18.20199966430664,52.0,1014.0,8.182997703552246,0.0,19.930477142333984,290.0716247558594,0.1099999994039535,19.70199966430664,0.2599999904632568
1781542800000,2026-06-15 17:00:00,,,,,,,,,,,,17.802000045776367,54.0,1013.9000244140624,8.368718147277832,0.0,15.175612449645996,292.3062438964844,0.0900000035762786,19.25200080871582,0.2590000033378601
1781546400000,2026-06-15 18:00:00,,,,,,,,,,,,17.25200080871582,53.0,1014.0,7.583348751068115,0.0,13.049689292907717,294.4439392089844,0.0700000077486038,18.652000427246094,0.2590000033378601
1781550000000,2026-06-15 19:00:00,,,,,,,,,,,,16.152000427246094,61.0,1014.4000244140624,8.62495231628418,0.0,9.79305934906006,306.0274658203125,0.0500000044703483,17.552000045776367,0.257999986410141
1781550670998,2026-06-15 19:11:10,23.95,16.27,30.62,,,,483.07,387.69,342.44,-115.0,-10.0,,,,,,,,,,
1781553600000,2026-06-15 20:00:00,,,,,,,,,,,,14.802000045776367,68.0,1014.7999877929688,8.95219898223877,0.0,7.244860172271728,296.5649719238281,0.0199999995529651,16.302000045776367,0.257999986410141
1781557200000,2026-06-15 21:00:00,,,,,,,,,,,,13.652000427246094,73.0,1015.0,8.900670051574707,0.0,4.802999019622803,282.99462890625,0.0099999997764825,15.152000427246094,0.257999986410141
1781560800000,2026-06-15 22:00:00,,,,,,,,,,,,12.501999855041504,79.0,1015.2999877929688,8.95832633972168,0.0,3.976329803466797,264.8056640625,0.0099999997764825,14.251999855041504,0.257999986410141
1781564400000,2026-06-15 23:00:00,,,,,,,,,,,,11.802000045776367,81.0,1015.5,8.646760940551758,0.0,3.7585103511810303,253.30067443847656,0.0099999997764825,13.552000045776367,0.257999986410141
1781565068296,2026-06-15 23:11:08,23.95,16.23,30.62,,,,483.07,387.65,342.44,-114.0,-4.0,,,,,,,,,,
1781568000000,2026-06-16 00:00:00,,,,,,,,,,,,10.501999855041504,90.0,1015.7999877929688,8.930656433105469,0.0,1.7999999523162842,216.86997985839844,0.0,12.751999855041504,0.2599999904632568
1781571600000,2026-06-16 01:00:00,,,,,,,,,,,,9.20199966430664,94.0,1015.7000122070312,8.286271095275879,0.0,3.2599384784698486,173.65989685058594,0.0,12.10200023651123,0.2599999904632568
1781575200000,2026-06-16 02:00:00,,,,,,,,,,,,8.501999855041504,95.0,1015.4000244140624,7.746615409851074,0.0,3.2599384784698486,173.65989685058594,0.0,11.60200023651123,0.2610000073909759
1781578800000,2026-06-16 03:00:00,,,,,,,,,,,,8.302000045776367,93.0,1015.4000244140624,7.236290454864502,0.0,3.3190360069274902,167.47120666503906,0.0,11.152000427246094,0.2610000073909759
1781582400000,2026-06-16 04:00:00,,,,,,,,,,,,8.251999855041504,92.0,1015.5,7.028789043426514,0.0,3.3190360069274902,167.47120666503906,0.0099999997764825,10.902000427246094,0.2610000073909759
1781586000000,2026-06-16 05:00:00,,,,,,,,,,,,9.45199966430664,90.0,1015.2999877929688,7.8936052322387695,0.0,4.104631423950195,164.7448272705078,0.0099999997764825,11.251999855041504,0.2610000073909759
1781589600000,2026-06-16 06:00:00,,,,,,,,,,,,11.10200023651123,85.0,1015.0999755859376,8.67492961883545,0.0,3.396233081817627,147.99465942382812,0.0199999995529651,12.302000045776367,0.2610000073909759
1781593200000,2026-06-16 07:00:00,,,,,,,,,,,,12.751999855041504,82.0,1015.0,9.75626277923584,0.0,5.483356475830078,156.80137634277344,0.0299999993294477,13.402000427246094,0.2610000073909759
1781593859911,2026-06-16 07:10:59,,,,14.5,14.42,14.19,,,,-116.0,-2.8,,,,,,,,,,
1781596800000,2026-06-16 08:00:00,,,,,,,,,,,,14.302000045776367,76.0,1014.9000244140624,10.127976417541504,0.0,6.162207126617432,173.29025268554688,0.0500000044703483,15.152000427246094,0.2610000073909759
1781600400000,2026-06-16 09:00:00,,,,,,,,,,,,15.251999855041504,73.0,1014.7000122070312,10.441808700561523,0.0,5.154415607452393,167.90525817871094,0.0599999986588954,16.25200080871582,0.2610000073909759
1781604000000,2026-06-16 10:00:00,,,,,,,,,,,,16.70199966430664,71.0,1014.5,11.417559623718262,0.0,4.679999828338623,180.0,0.0799999982118606,18.00200080871582,0.2610000073909759
1781607600000,2026-06-16 11:00:00,,,,,,,,,,,,17.851999282836914,69.0,1014.2999877929688,12.086226463317873,0.0,5.483356475830078,203.19862365722656,0.1000000089406967,19.70199966430664,0.2599999904632568
1781608257245,2026-06-16 11:10:57,,,,14.36,14.42,13.92,,,,-119.0,-2.8,,,,,,,,,,
1781611200000,2026-06-16 12:00:00,,,,,,,,,,,,18.95199966430664,63.0,1014.2000122070312,11.75184154510498,0.0,7.244860172271728,243.4350128173828,0.1199999973177909,20.85199928283692,0.2599999904632568
1781614800000,2026-06-16 13:00:00,,,,,,,,,,,,19.95199966430664,61.0,1013.7999877929688,12.205920219421388,0.0,7.172948837280273,287.5256652832031,0.1199999973177909,21.70199966430664,0.2590000033378601
1781618400000,2026-06-16 14:00:00,,,,,,,,,,,,18.75200080871582,73.0,1014.2000122070312,13.811812400817873,0.0,10.948972702026367,242.59249877929688,0.0799999982118606,20.902000427246094,0.2590000033378601
1781622000000,2026-06-16 15:00:00,,,,,,,,,,,,18.85199928283692,74.0,1014.2999877929688,14.11794090270996,0.0,8.640000343322754,270.0,0.0500000044703483,19.85199928283692,0.257999986410141
1781622657517,2026-06-16 15:10:57,23.89,16.21,30.59,,,,483.0,387.62,342.41,-114.0,-6.2,,,,,,,,,,
1781625600000,2026-06-16 16:00:00,,,,,,,,,,,,18.85199928283692,73.0,1014.5,13.90806770324707,0.0,7.968938827514648,288.4350280761719,0.0500000044703483,19.35199928283692,0.257999986410141
1781629200000,2026-06-16 17:00:00,,,,,,,,,,,,18.85199928283692,69.0,1014.5999755859376,13.04243278503418,0.0,4.829906940460205,333.4350280761719,0.0500000044703483,19.25200080871582,0.257999986410141
1781632800000,2026-06-16 18:00:00,,,,,,,,,,,,18.652000427246094,69.0,1014.9000244140624,12.851208686828612,0.0,2.4149534702301025,296.5649719238281,0.0299999993294477,18.85199928283692,0.257999986410141
1781636400000,2026-06-16 19:00:00,,,,,,,,,,,,18.302000045776367,73.0,1015.4000244140624,13.378620147705078,0.0,2.9024126529693604,277.1249084472656,0.0199999995529651,18.402000427246094,0.2569999992847442
1781640000000,2026-06-16 20:00:00,,,,,,,,,,,,17.601999282836914,78.0,1015.7000122070312,13.720279693603516,0.0,2.879999876022339,270.0,0.0099999997764825,17.802000045776367,0.2569999992847442
1781643600000,2026-06-16 21:00:00,,,,,,,,,,,,16.75200080871582,81.0,1016.2999877929688,13.47378635406494,0.0,3.2599384784698486,276.340087890625,0.0099999997764825,17.101999282836914,0.2569999992847442
1781647200000,2026-06-16 22:00:00,,,,,,,,,,,,16.152000427246094,81.0,1016.7000122070312,12.888816833496094,0.0,4.33497428894043,355.2364501953125,0.0099999997764825,16.652000427246094,0.257999986410141
1781650800000,2026-06-16 23:00:00,,,,,,,,,,,,15.60200023651123,79.0,1017.0,11.972439765930176,0.0,1.2979984283447266,303.6900939941406,0.0099999997764825,16.25200080871582,0.257999986410141
1781654400000,2026-06-17 00:00:00,,,,,,,,,,,,14.251999855041504,82.0,1017.5,11.221233367919922,0.0,3.5999999046325684,323.1300048828125,0.0099999997764825,16.052000045776367,0.2590000033378601
1781658000000,2026-06-17 01:00:00,,,,,,,,,,,,13.60200023651123,84.0,1017.5999755859376,10.948826789855955,0.0,1.527350664138794,315.0000915527344,0.0099999997764825,15.45199966430664,0.2590000033378601
1781661600000,2026-06-17 02:00:00,,,,,,,,,,,,13.001999855041504,88.0,1017.7999877929688,11.0604248046875,0.0,0.7199999690055847,270.0,0.0,14.902000427246094,0.2590000033378601
1781665200000,2026-06-17 03:00:00,,,,,,,,,,,,12.70199966430664,89.0,1018.2000122070312,10.934993743896484,0.0,1.6099690198898315,243.4350128173828,0.0,14.45199966430664,0.2590000033378601
1781668800000,2026-06-17 04:00:00,,,,,,,,,,,,12.20199966430664,92.0,1018.0999755859376,10.9401273727417,0.0,3.075841426849365,159.44387817382812,0.0,14.20199966430664,0.2590000033378601
1781672400000,2026-06-17 05:00:00,,,,,,,,,,,,13.001999855041504,87.0,1018.4000244140624,10.888276100158691,0.0,1.8356469869613647,191.3098907470703,0.0099999997764825,14.501999855041504,0.2590000033378601
1781676000000,2026-06-17 06:00:00,,,,,,,,,,,,14.652000427246094,79.0,1018.5999755859376,11.048869132995604,0.0,2.27683973312378,161.56495666503906,0.0299999993294477,15.60200023651123,0.2599999904632568
1781679600000,2026-06-17 07:00:00,,,,,,,,,,,,16.302000045776367,75.0,1018.7000122070312,11.862313270568848,0.0,3.239999771118164,180.0,0.0399999991059303,17.00200080871582,0.2599999904632568
1781683200000,2026-06-17 08:00:00,,,,,,,,,,,,18.10199928283692,71.0,1018.9000244140624,12.761024475097656,0.0,5.001279830932617,210.25634765625,0.0500000044703483,18.402000427246094,0.2599999904632568
1781686800000,2026-06-17 09:00:00,,,,,,,,,,,,18.70199966430664,72.0,1019.2000122070312,13.55149745941162,0.1000000014901161,6.915374279022217,231.3401641845703,0.0700000077486038,19.60199928283692,0.2599999904632568
1781690400000,2026-06-17 10:00:00,,,,,,,,,,,,19.75200080871582,71.0,1019.5999755859376,14.34402084350586,0.0,8.089993476867676,237.7243804931641,0.0900000035762786,20.70199966430664,0.2590000033378601
1781694000000,2026-06-17 11:00:00,,,,,,,,,,,,21.00200080871582,69.0,1019.4000244140624,15.097734451293944,0.0,8.5873384475708,236.9761199951172,0.1199999973177909,22.60199928283692,0.2590000033378601
1781697600000,2026-06-17 12:00:00,,,,,,,,,,,,21.652000427246094,66.0,1019.2999877929688,15.025995254516602,0.0,11.298495292663574,247.52052307128903,0.1299999952316284,23.60199928283692,0.257999986410141
1781701200000,2026-06-17 13:00:00,,,,,,,,,,,,21.902000427246094,65.0,1019.2000122070312,15.026041984558104,0.0,11.525623321533203,255.5296630859375,0.1099999994039535,23.652000427246094,0.257999986410141
1781704800000,2026-06-17 14:00:00,,,,,,,,,,,,21.302000045776367,68.0,1019.4000244140624,15.157058715820312,0.2000000029802322,11.966954231262209,254.29129028320312,0.1099999994039535,23.35199928283692,0.2569999992847442
1781708400000,2026-06-17 15:00:00,,,,,,,,,,,,21.00200080871582,66.0,1019.5,14.408093452453612,0.0,9.983105659484863,244.35903930664065,0.1000000089406967,22.552000045776367,0.2569999992847442
1781709041250,2026-06-17 15:10:41,24.08,16.27,30.62,,,,483.22,387.69,342.44,-117.0,-3.5,,,,,,,,,,
1781712000000,2026-06-17 16:00:00,,,,,,,,,,,,20.45199966430664,71.0,1019.7999877929688,15.015466690063477,0.1000000014901161,8.90590763092041,255.96372985839844,0.0799999982118606,21.95199966430664,0.2569999992847442
1781715600000,2026-06-17 17:00:00,,,,,,,,,,,,19.85199928283692,79.0,1019.7999877929688,16.103038787841797,0.5,3.826852560043335,228.81417846679688,0.0599999986588954,21.052000045776367,0.2569999992847442
1781719200000,2026-06-17 18:00:00,,,,,,,,,,,,20.00200080871582,80.0,1019.7000122070312,16.446369171142578,0.0,5.804825305938721,240.2552032470703,0.0500000044703483,20.652000427246094,0.2569999992847442
1781722800000,2026-06-17 19:00:00,,,,,,,,,,,,19.75200080871582,82.0,1019.7000122070312,16.59107208251953,0.0,5.014219284057617,248.96241760253903,0.0299999993294477,20.20199966430664,0.2569999992847442
1781723438521,2026-06-17 19:10:38,24.1,16.27,30.66,,,,483.25,387.69,342.48,-114.0,-7.5,,,,,,,,,,
1781726400000,2026-06-17 20:00:00,,,,,,,,,,,,19.25200080871582,86.0,1019.9000244140624,16.851852416992188,0.0,3.219938039779663,243.4350128173828,0.0099999997764825,19.60199928283692,0.2569999992847442
1781730000000,2026-06-17 21:00:00,,,,,,,,,,,,18.60199928283692,90.0,1020.0999755859376,16.928983688354492,0.0,4.553679466247559,198.4350433349609,0.0099999997764825,19.052000045776367,0.257999986410141
1781733600000,2026-06-17 22:00:00,,,,,,,,,,,,18.25200080871582,89.0,1020.2999877929688,16.407745361328125,0.0,4.104631423950195,195.2551727294922,0.0099999997764825,18.60199928283692,0.257999986410141
1781737200000,2026-06-17 23:00:00,,,,,,,,,,,,18.00200080871582,88.0,1020.2999877929688,15.984153747558594,0.0,4.0249223709106445,190.30479431152344,0.0099999997764825,18.152000427246094,0.257999986410141
1781740800000,2026-06-18 00:00:00,,,,,,,,,,,,19.35199928283692,82.0,1019.2999877929688,16.200626373291016,0.0,5.241678714752197,195.94546508789065,0.0099999997764825,19.25200080871582,0.2509999871253967
1781744400000,2026-06-18 01:00:00,,,,,,,,,,,,19.50200080871582,82.0,1019.0,16.3470458984375,0.0,5.014219284057617,201.0375823974609,0.0099999997764825,19.10199928283692,0.2509999871253967
1781748000000,2026-06-18 02:00:00,,,,,,,,,,,,19.50200080871582,81.0,1018.9000244140624,16.154462814331055,0.0,5.014219284057617,201.0375823974609,0.0099999997764825,18.902000427246094,0.2509999871253967
1781751600000,2026-06-18 03:00:00,,,,,,,,,,,,19.50200080871582,82.0,1019.0999755859376,16.3470458984375,0.0,5.506940841674805,191.3098907470703,0.0099999997764825,18.802000045776367,0.2509999871253967
1781752233100,2026-06-18 03:10:33,24.26,16.3,30.7,,,,483.43,387.72,342.51,-117.0,-6.5,,,,,,,,,,
1781755200000,2026-06-18 04:00:00,,,,,,,,,,,,19.552000045776367,82.0,1019.4000244140624,16.395851135253906,0.0,5.86037540435791,190.61959838867188,0.0099999997764825,18.75200080871582,0.2509999871253967
1781758800000,2026-06-18 05:00:00,,,,,,,,,,,,20.45199966430664,77.0,1019.7000122070312,16.282840728759766,0.0,7.342587947845459,191.3098907470703,0.0099999997764825,19.152000427246094,0.2520000040531158
1781762400000,2026-06-18 06:00:00,,,,,,,,,,,,21.652000427246094,74.0,1019.7000122070312,16.81711196899414,0.0,9.107358932495115,198.4350433349609,0.0299999993294477,20.302000045776367,0.2520000040531158
1781766000000,2026-06-18 07:00:00,,,,,,,,,,,,23.302000045776367,66.0,1019.7000122070312,16.594175338745117,0.0,10.23312282562256,219.2893829345703,0.0500000044703483,22.152000427246094,0.2520000040531158
1781769600000,2026-06-18 08:00:00,,,,,,,,,,,,24.652000427246094,61.0,1019.5,16.630807876586914,0.0,11.885453224182127,234.86572265625,0.0900000035762786,24.20199966430664,0.2520000040531158
1781773200000,2026-06-18 09:00:00,,,,,,,,,,,,25.85199928283692,59.0,1019.4000244140624,17.231555938720703,0.0,12.287554740905762,238.172592163086,0.1199999973177909,26.302000045776367,0.2509999871253967
1781776800000,2026-06-18 10:00:00,,,,,,,,,,,,27.052000045776367,53.0,1019.2999877929688,16.656131744384766,0.0,12.864648818969728,252.07199096679688,0.1400000154972076,27.902000427246094,0.2509999871253967
1781780400000,2026-06-18 11:00:00,,,,,,,,,,,,28.20199966430664,46.0,1019.0,15.489869117736816,0.0,14.973575592041016,260.311279296875,0.1500000059604644,28.95199966430664,0.25
1781781024641,2026-06-18 11:10:24,,,,15.6,15.29,14.42,,,,-117.0,-1.8,,,,,,,,,,
1781781025821,2026-06-18 11:10:25,24.35,16.42,30.8,,,,483.54,387.85,342.6,-116.0,-3.0,,,,,,,,,,
1781784000000,2026-06-18 12:00:00,,,,,,,,,,,,29.00200080871582,42.0,1018.7000122070312,14.796914100646973,0.0,14.51206398010254,262.8750915527344,0.1500000059604644,29.60199928283692,0.25
1781787600000,2026-06-18 13:00:00,,,,,,,,,,,,29.902000427246094,39.0,1018.2000122070312,14.453038215637209,0.0,13.138765335083008,279.4622497558594,0.1500000059604644,30.50200080871582,0.248999997973442
1781791200000,2026-06-18 14:00:00,,,,,,,,,,,,30.402000427246094,38.0,1017.9000244140624,14.4951753616333,0.0,9.470120429992676,278.7460632324219,0.1500000059604644,31.45199966430664,0.2479999959468841
1781794800000,2026-06-18 15:00:00,,,,,,,,,,,,30.45199966430664,37.0,1017.7999877929688,14.12712574005127,0.0,11.631956100463867,291.8014831542969,0.1400000154972076,31.70199966430664,0.2469999939203262
1781798400000,2026-06-18 16:00:00,,,,,,,,,,,,30.652000427246094,37.0,1017.5,14.30395793914795,0.0,9.53150463104248,280.8854675292969,0.1199999973177909,31.70199966430664,0.2460000067949295
1781802000000,2026-06-18 17:00:00,,,,,,,,,,,,30.35199928283692,40.0,1017.2000122070312,15.247193336486816,0.0,7.421589851379394,284.0362548828125,0.1000000089406967,31.10199928283692,0.2460000067949295
1781805600000,2026-06-18 18:00:00,,,,,,,,,,,,29.35199928283692,42.0,1017.0999755859376,15.111291885375977,0.0,4.198285102844238,329.03631591796875,0.0700000077486038,29.902000427246094,0.2450000047683715
1781809200000,2026-06-18 19:00:00,,,,,,,,,,,,28.552000045776367,47.0,1017.2999877929688,16.144643783569336,0.0,2.545584201812744,8.130019187927246,0.0399999991059303,28.50200080871582,0.2440000027418136
1781809819210,2026-06-18 19:10:19,,,,16.06,14.86,14.56,,,,-112.0,-5.8,,,,,,,,,,
1781812800000,2026-06-18 20:00:00,,,,,,,,,,,,26.20199966430664,62.0,1017.7000122070312,18.348154067993164,0.0,3.2599384784698486,83.65990447998047,0.0199999995529651,27.00200080871582,0.2440000027418136
1781816400000,2026-06-18 21:00:00,,,,,,,,,,,,24.302000045776367,69.0,1017.7999877929688,18.250919342041016,0.0,2.620839357376098,105.94546508789062,0.0199999995529651,25.60199928283692,0.2440000027418136
1781820000000,2026-06-18 22:00:00,,,,,,,,,,,,22.85199928283692,70.0,1017.5999755859376,17.09274673461914,0.0,3.096837043762207,144.4622344970703,0.0099999997764825,24.402000427246094,0.2440000027418136
1781823600000,2026-06-18 23:00:00,,,,,,,,,,,,21.552000045776367,74.0,1017.4000244140624,16.72072982788086,0.0,2.9024126529693604,150.2552032470703,0.0099999997764825,23.402000427246094,0.2440000027418136
1781827200000,2026-06-19 00:00:00,,,,,,,,,,,,20.652000427246094,85.0,1017.4000244140624,18.04003524780273,0.0,4.452953815460205,165.96372985839844,0.0099999997764825,22.402000427246094,0.2380000054836273
1781830800000,2026-06-19 01:00:00,,,,,,,,,,,,20.00200080871582,86.0,1016.7000122070312,17.588172912597656,0.0,5.241678714752197,164.05453491210938,0.0099999997764825,21.75200080871582,0.2380000054836273
1781834400000,2026-06-19 02:00:00,,,,,,,,,,,,19.902000427246094,85.0,1016.7000122070312,17.304798126220703,0.0,4.452953815460205,165.96372985839844,0.0099999997764825,21.20199966430664,0.2380000054836273
1781838000000,2026-06-19 03:00:00,,,,,,,,,,,,20.302000045776367,80.0,1016.5999755859376,16.73830795288086,0.0,6.608721733093262,150.64234924316406,0.0099999997764825,20.75200080871582,0.2380000054836273
1781838616733,2026-06-19 03:10:16,24.72,16.55,30.93,,,,483.96,387.98,342.72,-115.0,-7.8,,,,,,,,,,
1781841600000,2026-06-19 04:00:00,,,,,,,,,,,,21.25200080871582,75.0,1016.2000122070312,16.642724990844727,0.0,7.862518310546875,164.05453491210938,0.0099999997764825,20.60199928283692,0.2380000054836273
1781845200000,2026-06-19 05:00:00,,,,,,,,,,,,22.50200080871582,72.0,1016.5,17.202377319335938,0.0,4.33497428894043,175.2364501953125,0.0199999995529651,21.152000427246094,0.2380000054836273
1781848800000,2026-06-19 06:00:00,,,,,,,,,,,,23.802000045776367,68.0,1016.2000122070312,17.541654586791992,0.0,8.707237243652344,150.2552032470703,0.0299999993294477,22.25200080871582,0.2380000054836273
1781852400000,2026-06-19 07:00:00,,,,,,,,,,,,24.95199966430664,65.0,1016.7000122070312,17.91891860961914,0.0,6.130578517913818,220.2362823486328,0.0399999991059303,23.402000427246094,0.238999992609024
1781853014132,2026-06-19 07:10:14,24.78,16.64,30.97,,,,484.03,388.08,342.75,-115.0,-1.8,,,,,,,,,,
1781856000000,2026-06-19 08:00:00,,,,,,,,,,,,26.052000045776367,63.0,1017.0,18.461957931518555,0.0,9.387651443481444,212.4711761474609,0.0799999982118606,25.052000045776367,0.238999992609024
1781859600000,2026-06-19 09:00:00,,,,,,,,,,,,26.95199966430664,61.0,1017.2000122070312,18.79447555541992,0.0,11.96695327758789,201.1613311767578,0.1199999973177909,27.10199928283692,0.2380000054836273
1781863200000,2026-06-19 10:00:00,,,,,,,,,,,,27.902000427246094,59.0,1017.0999755859376,19.151756286621094,0.0,10.829957962036133,201.4477996826172,0.1599999964237213,29.10199928283692,0.2380000054836273
1781866800000,2026-06-19 11:00:00,,,,,,,,,,,,29.802000045776367,49.0,1017.0,17.943756103515625,0.0,11.11345100402832,204.9047393798828,0.1899999976158142,30.95199966430664,0.2380000054836273
1781867408269,2026-06-19 11:10:08,,,,16.81,15.83,14.95,,,,-115.0,2.0,,,,,,,,,,
1781870400000,2026-06-19 12:00:00,,,,,,,,,,,,30.85199928283692,44.0,1016.7999877929688,17.19154167175293,0.0,8.854828834533691,206.5649871826172,0.2199999988079071,32.75199890136719,0.2370000034570694
1781874000000,2026-06-19 13:00:00,,,,,,,,,,,,31.802000045776367,41.0,1016.4000244140624,16.930028915405273,0.0,7.412853240966797,209.05450439453125,0.2199999988079071,34.301998138427734,0.2360000014305114
1781877600000,2026-06-19 14:00:00,,,,,,,,,,,,32.25199890136719,43.0,1016.0999755859376,18.088579177856445,0.0,6.830519199371338,198.4350433349609,0.2000000178813934,35.25199890136719,0.2349999994039535
1781881200000,2026-06-19 15:00:00,,,,,,,,,,,,32.20199966430664,50.0,1015.9000244140624,20.46590232849121,0.0,6.924737930297852,171.02745056152344,0.1800000071525573,35.45199966430664,0.2339999973773956
1781884800000,2026-06-19 16:00:00,,,,,,,,,,,,32.40199661254883,47.0,1015.5999755859376,19.648643493652344,0.0,6.489992141723633,176.8202362060547,0.1500000059604644,35.00199890136719,0.2329999953508377
1781888400000,2026-06-19 17:00:00,,,,,,,,,,,,31.75200080871582,53.0,1015.7000122070312,20.99837684631348,0.0,8.647496223449707,177.61410522460938,0.1199999973177909,33.95199966430664,0.2319999933242797
1781892000000,2026-06-19 18:00:00,,,,,,,,,,,,30.95199966430664,52.0,1015.7000122070312,19.951759338378903,0.0,8.825508117675781,168.2317352294922,0.0799999982118606,32.45199966430664,0.2319999933242797
1781895600000,2026-06-19 19:00:00,,,,,,,,,,,,29.85199928283692,54.0,1016.0,19.544235229492188,0.0,6.0346999168396,162.64588928222656,0.0500000044703483,30.75200080871582,0.231000006198883
1781899200000,2026-06-19 20:00:00,,,,,,,,,,,,27.302000045776367,67.0,1016.2999877929688,20.637645721435547,0.0,5.052840709686279,175.91445922851562,0.0299999993294477,28.95199966430664,0.231000006198883
1781902800000,2026-06-19 21:00:00,,,,,,,,,,,,25.50200080871582,74.0,1016.2999877929688,20.526762008666992,0.0,4.679999828338623,180.0,0.0199999995529651,27.45199966430664,0.2300000041723251
1781906400000,2026-06-19 22:00:00,,,,,,,,,,,,24.402000427246094,76.0,1016.2000122070312,19.896778106689453,0.0,4.213691711425781,160.0167999267578,0.0199999995529651,26.302000045776367,0.2300000041723251
1781910000000,2026-06-19 23:00:00,,,,,,,,,,,,23.50200080871582,76.0,1016.0999755859376,19.02679443359375,0.0,5.052840709686279,175.91445922851562,0.0099999997764825,25.35199928283692,0.2300000041723251
1781913600000,2026-06-20 00:00:00,,,,,,,,,,,,23.50200080871582,64.0,1016.0999755859376,16.3001708984375,0.0,6.193674087524414,144.4622344970703,0.0299999993294477,25.25200080871582,0.2280000001192093
1781917200000,2026-06-20 01:00:00,,,,,,,,,,,,22.902000427246094,69.0,1016.7999877929688,16.91341781616211,0.0,5.014219284057617,158.96241760253906,0.0299999993294477,24.60199928283692,0.2280000001192093
1781920800000,2026-06-20 02:00:00,,,,,,,,,,,,23.35199928283692,63.0,1016.5,15.911398887634276,0.0,5.315336227416992,151.6993408203125,0.0299999993294477,24.10199928283692,0.2280000001192093
1781924400000,2026-06-20 03:00:00,,,,,,,,,,,,22.95199966430664,63.0,1018.0999755859376,15.53341579437256,0.0,10.446206092834473,268.0251159667969,0.0299999993294477,23.75200080871582,0.2280000001192093
1781925000335,2026-06-20 03:10:00,25.09,16.76,31.22,,,,484.39,388.21,342.97,-118.0,-3.2,,,,,,,,,,
1781928000000,2026-06-20 04:00:00,,,,,,,,,,,,22.50200080871582,66.0,1019.5,15.833908081054688,0.0,11.753875732421877,220.0301971435547,0.0299999993294477,23.35199928283692,0.2280000001192093
1781931600000,2026-06-20 05:00:00,,,,,,,,,,,,20.70199966430664,82.0,1019.2000122070312,17.518312454223633,0.699999988079071,8.049844741821289,190.30479431152344,0.0399999991059303,23.00200080871582,0.2280000001192093
1781935200000,2026-06-20 06:00:00,,,,,,,,,,,,20.60199928283692,85.0,1019.2999877929688,17.991018295288086,2.299999952316284,5.58870267868042,75.06853485107422,0.0500000044703483,22.652000427246094,0.2300000041723251
1781938800000,2026-06-20 07:00:00,,,,,,,,,,,,21.20199966430664,85.0,1019.2999877929688,18.579179763793945,0.0,0.8049845099449158,26.564985275268555,0.0500000044703483,22.95199966430664,0.2319999933242797
1781942400000,2026-06-20 08:00:00,,,,,,,,,,,,22.652000427246094,79.0,1019.4000244140624,18.823341369628903,0.0,3.415259599685669,341.56494140625,0.0900000035762786,24.35199928283692,0.2339999973773956
1781946000000,2026-06-20 09:00:00,,,,,,,,,,,,24.25200080871582,75.0,1019.7000122070312,19.538423538208008,0.0,13.97987174987793,145.49142456054688,0.1400000154972076,25.70199966430664,0.2349999994039535
1781949600000,2026-06-20 10:00:00,,,,,,,,,,,,24.902000427246094,69.0,1019.7999877929688,18.824037551879883,0.0,14.182354927062988,156.03750610351562,0.1700000017881393,26.802000045776367,0.2349999994039535
1781953200000,2026-06-20 11:00:00,,,,,,,,,,,,26.45199966430664,65.0,1019.5999755859376,19.34101104736328,0.0,14.685175895690918,168.6901092529297,0.1899999976158142,28.052000045776367,0.2349999994039535
1781956800000,2026-06-20 12:00:00,,,,,,,,,,,,27.50200080871582,65.0,1019.4000244140624,20.33623313903809,0.0,14.44044303894043,175.71092224121094,0.2199999988079071,29.70199966430664,0.2349999994039535
1781960400000,2026-06-20 13:00:00,,,,,,,,,,,,28.75200080871582,61.0,1019.4000244140624,20.48701286315918,0.0,13.627795219421388,192.2004547119141,0.2399999946355819,31.302000045776367,0.2349999994039535
1781964000000,2026-06-20 14:00:00,,,,,,,,,,,,29.152000427246094,59.0,1019.5,20.3221435546875,0.0,10.703569412231444,199.65391540527344,0.2000000178813934,31.802000045776367,0.2339999973773956
1781967600000,2026-06-20 15:00:00,,,,,,,,,,,,29.802000045776367,54.0,1019.5,19.497943878173828,0.0,8.08999252319336,200.8545379638672,0.1700000017881393,31.652000427246094,0.2339999973773956
1781968189131,2026-06-20 15:09:49,,,,16.87,16.7,15.57,,,,-113.0,-6.5,,,,,,,,,,
1781971200000,2026-06-20 16:00:00,,,,,,,,,,,,30.652000427246094,50.0,1019.2999877929688,19.04492950439453,0.0,9.470120429992676,261.25390625,0.1599999964237213,31.902000427246094,0.2329999953508377
1781974800000,2026-06-20 17:00:00,,,,,,,,,,,,30.802000045776367,50.0,1019.2000122070312,19.182472229003903,0.0,5.315336227416992,241.6993408203125,0.1400000154972076,31.652000427246094,0.2319999933242797
1781978400000,2026-06-20 18:00:00,,,,,,,,,,,,30.25200080871582,58.0,1019.5,21.07313537597656,0.0,4.0249223709106445,243.4350128173828,0.1000000089406967,30.75200080871582,0.2319999933242797
1781982000000,2026-06-20 19:00:00,,,,,,,,,,,,29.652000427246094,55.0,1020.0999755859376,19.654327392578125,0.0,5.039999961853027,270.0,0.0599999986588954,29.552000045776367,0.231000006198883
1781982586381,2026-06-20 19:09:46,,,,18.27,16.7,15.66,,,,-113.0,-7.0,,,,,,,,,,
1781985600000,2026-06-20 20:00:00,,,,,,,,,,,,27.552000045776367,66.0,1020.9000244140624,20.63117790222168,0.0,3.096837043762207,234.4622344970703,0.0399999991059303,28.052000045776367,0.231000006198883
1781989200000,2026-06-20 21:00:00,,,,,,,,,,,,25.802000045776367,72.0,1021.5999755859376,20.371187210083008,0.0,4.0249223709106445,243.4350128173828,0.0199999995529651,26.802000045776367,0.231000006198883
1781992800000,2026-06-20 22:00:00,,,,,,,,,,,,24.70199966430664,77.0,1022.5,20.398361206054688,0.0,8.78872013092041,304.9920959472656,0.0199999995529651,25.85199928283692,0.231000006198883
1781996400000,2026-06-20 23:00:00,,,,,,,,,,,,23.302000045776367,77.0,1023.0999755859376,19.04289627075196,0.0,7.594208240509033,301.42950439453125,0.0199999995529651,24.95199966430664,0.231000006198883
1781996986653,2026-06-20 23:09:46,25.27,16.88,31.38,,,,484.6,388.34,343.12,-117.0,-1.8,,,,,,,,,,
1782000000000,2026-06-21 00:00:00,,,,,,,,,,,,22.60199928283692,88.0,1022.5,20.512693405151367,0.0,6.119999885559082,298.0723876953125,0.0199999995529651,24.35199928283692,0.2259999960660934
1782003600000,2026-06-21 01:00:00,,,,,,,,,,,,21.95199966430664,89.0,1023.0,20.05533027648925,0.0,6.287129878997803,283.24053955078125,0.0099999997764825,23.70199966430664,0.2259999960660934
1782007200000,2026-06-21 02:00:00,,,,,,,,,,,,21.25200080871582,90.0,1023.2000122070312,19.54503631591797,0.0,5.191993713378906,303.6900939941406,0.0099999997764825,23.152000427246094,0.2259999960660934
1782010800000,2026-06-21 03:00:00,,,,,,,,,,,,20.652000427246094,89.0,1024.0,18.77383041381836,0.0,5.399999618530273,306.8699645996094,0.0099999997764825,22.652000427246094,0.2259999960660934
1782011383921,2026-06-21 03:09:43,25.33,16.91,31.43,,,,484.67,388.37,343.16,-118.0,-4.8,,,,,,,,,,
1782014400000,2026-06-21 04:00:00,,,,,,,,,,,,20.152000427246094,86.0,1025.0,17.735427856445312,0.0,6.119999885559082,298.0723876953125,0.0199999995529651,22.25200080871582,0.2259999960660934
1782018000000,2026-06-21 05:00:00,,,,,,,,,,,,20.052000045776367,83.0,1025.5999755859375,17.075210571289062,0.0,8.404285430908203,316.73565673828125,0.0299999993294477,22.20199966430664,0.2259999960660934
1782021600000,2026-06-21 06:00:00,,,,,,,,,,,,20.50200080871582,79.0,1026.0,16.734615325927734,0.0,9.220499038696287,308.6598205566406,0.0599999986588954,22.60199928283692,0.2259999960660934
1782025200000,2026-06-21 07:00:00,,,,,,,,,,,,21.25200080871582,76.0,1026.300048828125,16.851408004760742,0.0,5.315336227416992,298.3006591796875,0.0799999982118606,23.35199928283692,0.2269999980926513
1782025778187,2026-06-21 07:09:38,,,,18.37,17.08,15.91,,,,-116.0,2.2,,,,,,,,,,
1782028800000,2026-06-21 08:00:00,,,,,,,,,,,,21.902000427246094,73.0,1026.9000244140625,16.84335708618164,0.0,5.315336227416992,298.3006591796875,0.1000000089406967,24.152000427246094,0.2269999980926513
1782032400000,2026-06-21 09:00:00,,,,,,,,,,,,22.402000427246094,70.0,1027.300048828125,16.662017822265625,0.0,4.680000305175781,247.38009643554688,0.1000000089406967,24.552000045776367,0.2259999960660934
1782036000000,2026-06-21 10:00:00,,,,,,,,,,,,22.95199966430664,69.0,1026.699951171875,16.96118927001953,0.5,2.595996856689453,33.69010162353516,0.1400000154972076,25.00200080871582,0.2259999960660934
1782039600000,2026-06-21 11:00:00,,,,,,,,,,,,23.45199966430664,71.0,1026.800048828125,17.892271041870117,0.0,5.039999961853027,360.0,0.1500000059604644,25.50200080871582,0.2259999960660934
1782043200000,2026-06-21 12:00:00,,,,,,,,,,,,25.10199928283692,65.0,1026.5999755859375,18.061147689819336,0.0,5.241678714752197,15.945476531982422,0.25,27.402000427246094,0.2259999960660934
1782046800000,2026-06-21 13:00:00,,,,,,,,,,,,26.35199928283692,62.0,1026.5,18.48953056335449,0.0,6.439876079559326,26.564985275268555,0.3300000131130218,29.552000045776367,0.2259999960660934
1782050400000,2026-06-21 14:00:00,,,,,,,,,,,,26.902000427246094,59.0,1026.300048828125,18.215192794799805,0.0,7.56856632232666,25.34613800048828,0.3000000119209289,30.50200080871582,0.2249999940395355
1782054000000,2026-06-21 15:00:00,,,,,,,,,,,,27.25200080871582,56.0,1025.800048828125,17.712053298950195,0.0,6.924737930297852,8.972550392150879,0.2599999904632568,30.75200080871582,0.2240000069141388
1782057600000,2026-06-21 16:00:00,,,,,,,,,,,,27.35199928283692,55.0,1025.800048828125,17.519222259521484,0.0,5.86037540435791,47.48959732055664,0.2100000232458114,30.45199966430664,0.2240000069141388
1782061200000,2026-06-21 17:00:00,,,,,,,,,,,,27.052000045776367,56.0,1025.5999755859375,17.525915145874023,0.0,6.618518829345703,44.99989700317383,0.1599999964237213,29.50200080871582,0.2230000048875808
1782064800000,2026-06-21 18:00:00,,,,,,,,,,,,26.35199928283692,61.0,1026.199951171875,18.230148315429688,0.0,8.089993476867676,32.2756233215332,0.1099999994039535,28.302000045776367,0.2230000048875808
1782068400000,2026-06-21 19:00:00,,,,,,,,,,,,25.35199928283692,67.0,1026.5999755859375,18.782270431518555,0.0,5.495161056518555,31.60745429992676,0.0700000077486038,27.00200080871582,0.2220000028610229
1782072000000,2026-06-21 20:00:00,,,,,,,,,,,,23.85199928283692,73.0,1026.699951171875,18.719337463378903,0.0,3.7064266204833984,29.05450820922852,0.0399999991059303,25.652000427246094,0.2220000028610229
1782075600000,2026-06-21 21:00:00,,,,,,,,,,,,22.50200080871582,76.0,1027.0,18.060033798217773,0.0,7.386581897735596,43.02507019042969,0.0299999993294477,24.50200080871582,0.2220000028610229
1782079200000,2026-06-21 22:00:00,,,,,,,,,,,,21.052000045776367,81.0,1027.300048828125,17.665075302124023,0.0,6.439876079559326,63.43501281738281,0.0299999993294477,23.50200080871582,0.2220000028610229
1782082800000,2026-06-21 23:00:00,,,,,,,,,,,,20.35199928283692,84.0,1027.5,17.558185577392578,0.0,5.692099571228027,71.5649642944336,0.0199999995529651,22.802000045776367,0.2220000028610229
1782086400000,2026-06-22 00:00:00,,,,,,,,,,,,19.75200080871582,89.0,1026.699951171875,17.886585235595703,0.0,5.804825305938721,60.25520706176758,0.0199999995529651,22.35199928283692,0.2689999938011169
1782090000000,2026-06-22 01:00:00,,,,,,,,,,,,19.00200080871582,91.0,1026.4000244140625,17.498868942260742,0.0,5.600285530090332,44.99989700317383,0.0099999997764825,21.652000427246094,0.2680000066757202
1782093600000,2026-06-22 02:00:00,,,,,,,,,,,,18.35199928283692,93.0,1026.199951171875,17.199554443359375,0.0,5.399999618530273,36.86997985839844,0.0099999997764825,21.052000045776367,0.2680000066757202
1782097200000,2026-06-22 03:00:00,,,,,,,,,,,,17.851999282836914,93.0,1026.699951171875,16.703947067260742,0.0,5.091168403625488,44.99989700317383,0.0099999997764825,20.552000045776367,0.2669999897480011
1782100800000,2026-06-22 04:00:00,,,,,,,,,,,,17.75200080871582,93.0,1027.0,16.604829788208008,0.0,4.693825721740723,57.52882766723633,0.0099999997764825,20.20199966430664,0.2669999897480011
1782104400000,2026-06-22 05:00:00,,,,,,,,,,,,18.20199966430664,90.0,1027.199951171875,16.534080505371094,0.0,6.130578517913818,49.763710021972656,0.0199999995529651,20.402000427246094,0.2660000026226043
1782108000000,2026-06-22 06:00:00,,,,,,,,,,,,19.10199928283692,88.0,1027.199951171875,17.067176818847656,0.0,7.199999809265137,53.13002014160156,0.0399999991059303,21.152000427246094,0.2660000026226043
1782111600000,2026-06-22 07:00:00,,,,,,,,,,,,20.50200080871582,84.0,1027.199951171875,17.70502281188965,0.0,9.0,73.73973083496094,0.0599999986588954,22.052000045776367,0.2649999856948852
1782115200000,2026-06-22 08:00:00,,,,,,,,,,,,21.802000045776367,80.0,1026.800048828125,18.197872161865234,0.0,9.904906272888184,70.90641784667969,0.0700000077486038,22.95199966430664,0.2649999856948852
1782118800000,2026-06-22 09:00:00,,,,,,,,,,,,23.20199966430664,74.0,1026.5999755859375,18.310840606689453,0.0,10.144082069396973,62.525657653808594,0.1000000089406967,24.10199928283692,0.2639999985694885
1782122400000,2026-06-22 10:00:00,,,,,,,,,,,,23.95199966430664,71.0,1026.5,18.371606826782227,0.0,9.511088371276855,60.524208068847656,0.1299999952316284,25.45199966430664,0.2630000114440918
1782126000000,2026-06-22 11:00:00,,,,,,,,,,,,25.152000427246094,66.0,1026.0999755859375,18.35185813903809,0.0,9.79305934906006,53.972537994384766,0.1700000017881393,27.00200080871582,0.2619999945163727
1782129600000,2026-06-22 12:00:00,,,,,,,,,,,,25.802000045776367,63.0,1025.5999755859375,18.22585868835449,0.0,9.44957160949707,49.63554763793945,0.2100000232458114,28.402000427246094,0.2610000073909759
1782133200000,2026-06-22 13:00:00,,,,,,,,,,,,26.45199966430664,60.0,1025.199951171875,18.060874938964844,0.0,9.931041717529297,43.53126907348633,0.2399999946355819,29.802000045776367,0.2599999904632568
1782136800000,2026-06-22 14:00:00,,,,,,,,,,,,26.95199966430664,57.0,1024.699951171875,17.71347999572754,0.0,9.67322063446045,44.99989700317383,0.2399999946355819,30.85199928283692,0.257999986410141
1782140400000,2026-06-22 15:00:00,,,,,,,,,,,,27.10199928283692,56.0,1024.199951171875,17.572446823120117,0.0,9.931041717529297,43.53126907348633,0.2100000232458114,31.00200080871582,0.2569999992847442
1782144000000,2026-06-22 16:00:00,,,,,,,,,,,,27.00200080871582,54.0,1024.0,16.904430389404297,0.0,8.5873384475708,33.02387237548828,0.1599999964237213,30.152000427246094,0.2560000121593475
1782147600000,2026-06-22 17:00:00,,,,,,,,,,,,26.902000427246094,51.0,1023.9000244140624,15.913883209228516,0.0,7.386581897735596,46.97492980957031,0.1500000059604644,29.35199928283692,0.2549999952316284
1782151200000,2026-06-22 18:00:00,,,,,,,,,,,,26.50200080871582,52.0,1023.9000244140624,15.84923267364502,0.0,5.091168403625488,44.99989700317383,0.1099999994039535,28.302000045776367,0.2540000081062317
1782154800000,2026-06-22 19:00:00,,,,,,,,,,,,25.902000427246094,56.0,1023.7000122070312,16.4554443359375,0.0,2.620839357376098,15.945476531982422,0.0700000077486038,27.00200080871582,0.2529999911785126
1782158400000,2026-06-22 20:00:00,,,,,,,,,,,,23.552000045776367,62.0,1024.0,15.849787712097168,0.0,10.464797019958496,26.564985275268555,0.0399999991059303,25.552000045776367,0.2520000040531158
1782162000000,2026-06-22 21:00:00,,,,,,,,,,,,21.85199928283692,66.0,1024.199951171875,15.216099739074709,0.0,7.091177463531494,23.962491989135746,0.0399999991059303,24.10199928283692,0.2520000040531158
1782165600000,2026-06-22 22:00:00,,,,,,,,,,,,20.152000427246094,71.0,1024.4000244140625,14.727715492248535,0.0,7.421589851379394,39.0938606262207,0.0299999993294477,22.95199966430664,0.2520000040531158
1782169200000,2026-06-22 23:00:00,,,,,,,,,,,,19.00200080871582,74.0,1024.4000244140625,14.262569427490234,0.0,5.001279830932617,30.25636100769043,0.0299999993294477,21.95199966430664,0.2509999871253967
1782172800000,2026-06-23 00:00:00,,,,,,,,,,,,18.45199966430664,83.0,1024.4000244140625,15.511103630065918,0.0,5.091168403625488,44.99989700317383,0.0199999995529651,21.302000045776367,0.238999992609024
1782176400000,2026-06-23 01:00:00,,,,,,,,,,,,17.75200080871582,83.0,1024.300048828125,14.826742172241213,0.0,4.829906940460205,26.564985275268555,0.0199999995529651,20.652000427246094,0.238999992609024
1782180000000,2026-06-23 02:00:00,,,,,,,,,,,,17.00200080871582,86.0,1023.9000244140624,14.64266872406006,0.0,4.680000305175781,67.38009643554688,0.0199999995529651,20.052000045776367,0.238999992609024
1782183600000,2026-06-23 03:00:00,,,,,,,,,,,,16.50200080871582,89.0,1023.7000122070312,14.682279586791992,0.0,3.219938039779663,63.43501281738281,0.0099999997764825,19.45199966430664,0.2399999946355819
1782187200000,2026-06-23 04:00:00,,,,,,,,,,,,16.45199966430664,89.0,1023.2999877929688,14.632976531982422,0.0,1.938659191131592,68.19853210449219,0.0099999997764825,19.152000427246094,0.2399999946355819
1782190800000,2026-06-23 05:00:00,,,,,,,,,,,,16.95199966430664,88.0,1023.0999755859376,14.950289726257324,0.0,1.938659191131592,21.801475524902344,0.0199999995529651,19.302000045776367,0.2399999946355819
1782194400000,2026-06-23 06:00:00,,,,,,,,,,,,17.95199966430664,84.0,1023.0999755859376,15.20860195159912,0.0,3.3190360069274902,12.52879810333252,0.0500000044703483,20.152000427246094,0.2399999946355819
1782198000000,2026-06-23 07:00:00,,,,,,,,,,,,19.60199928283692,77.0,1023.0999755859376,15.459485054016112,0.0,2.099142551422119,59.036319732666016,0.0900000035762786,21.75200080871582,0.2399999946355819
1782198558321,2026-06-23 07:09:18,25.51,17.06,31.7,,,,484.88,388.53,343.4,-110.0,-2.5,,,,,,,,,,
1782198571776,2026-06-23 07:09:31,,,,17.25,17.46,16.58,,,,-113.0,2.0,,,,,,,,,,
1782198573171,2026-06-23 07:09:33,25.51,17.09,31.7,,,,484.88,388.56,343.4,-116.0,-5.0,,,,,,,,,,
1782201600000,2026-06-23 08:00:00,,,,,,,,,,,,21.152000427246094,74.0,1023.0999755859376,16.33519172668457,0.0,3.054701328277588,44.99989700317383,0.1400000154972076,23.50200080871582,0.2399999946355819
1782205200000,2026-06-23 09:00:00,,,,,,,,,,,,22.402000427246094,72.0,1023.0,17.106327056884766,0.0,5.014219284057617,21.03758811950684,0.1800000071525573,25.25200080871582,0.238999992609024
1782208800000,2026-06-23 10:00:00,,,,,,,,,,,,23.802000045776367,68.0,1022.5999755859376,17.541654586791992,0.0,6.725354194641113,15.524176597595217,0.2300000041723251,27.20199966430664,0.238999992609024
1782212400000,2026-06-23 11:00:00,,,,,,,,,,,,24.902000427246094,64.0,1022.4000244140624,17.625349044799805,0.0,7.754636764526367,21.801475524902344,0.270000010728836,28.802000045776367,0.2380000054836273
1782212961700,2026-06-23 11:09:21,,,,17.22,17.4,16.58,,,,-105.0,-2.5,,,,,,,,,,
1782212964696,2026-06-23 11:09:24,25.45,17.09,31.7,,,,484.81,388.56,343.4,-108.0,-0.5,,,,,,,,,,
1782216000000,2026-06-23 12:00:00,,,,,,,,,,,,25.902000427246094,59.0,1022.2999877929688,17.278404235839844,0.0,7.56856632232666,25.34613800048828,0.2800000309944153,30.052000045776367,0.2370000034570694
1782219600000,2026-06-23 13:00:00,,,,,,,,,,,,26.60199928283692,56.0,1021.9000244140624,17.107070922851562,0.0,7.289444923400879,32.90524673461914,0.2800000309944153,30.85199928283692,0.2360000014305114
1782223200000,2026-06-23 14:00:00,,,,,,,,,,,,27.25200080871582,50.0,1021.2999877929688,15.925552368164062,0.0,5.623379707336426,50.19447326660156,0.2800000309944153,31.45199966430664,0.2349999994039535
1782226800000,2026-06-23 15:00:00,,,,,,,,,,,,27.50200080871582,49.0,1020.5999755859376,15.838567733764648,0.0,4.6102495193481445,51.34017181396485,0.2599999904632568,31.60199928283692,0.2339999973773956
1782227358966,2026-06-23 15:09:18,,,,17.55,17.05,16.78,,,,-104.0,-12.2,,,,,,,,,,
1782227362093,2026-06-23 15:09:22,25.43,17.09,31.67,,,,484.78,388.56,343.37,-115.0,2.8,,,,,,,,,,
1782230400000,2026-06-23 16:00:00,,,,,,,,,,,,27.402000427246094,50.0,1020.2999877929688,16.063241958618164,0.0,5.154415130615234,24.775121688842773,0.2199999988079071,31.052000045776367,0.2329999953508377
1782234000000,2026-06-23 17:00:00,,,,,,,,,,,,27.052000045776367,50.0,1020.2000122070312,15.741957664489746,0.0,5.411986351013184,3.814009666442871,0.1800000071525573,30.052000045776367,0.2319999933242797
1782237600000,2026-06-23 18:00:00,,,,,,,,,,,,26.60199928283692,50.0,1020.2000122070312,15.328824043273926,0.0,4.802999019622803,12.994629859924316,0.1299999952316284,28.70199966430664,0.231000006198883
1782241200000,2026-06-23 19:00:00,,,,,,,,,,,,25.85199928283692,54.0,1020.0999755859376,15.838655471801758,0.0,2.595996856689453,33.69010162353516,0.0799999982118606,27.20199966430664,0.231000006198883
1782241759229,2026-06-23 19:09:19,25.43,17.03,31.67,,,,484.78,388.5,343.37,-106.0,0.5,,,,,,,,,,
1782244800000,2026-06-23 20:00:00,,,,,,,,,,,,24.20199966430664,66.0,1020.0999755859376,17.449338912963867,0.0,1.938659191131592,68.19853210449219,0.0299999993294477,25.75200080871582,0.2300000041723251
1782248400000,2026-06-23 21:00:00,,,,,,,,,,,,22.45199966430664,72.0,1020.2000122070312,17.15435218811035,0.0,3.054701328277588,135.00010681152344,0.0199999995529651,24.45199966430664,0.2300000041723251
1782252000000,2026-06-23 22:00:00,,,,,,,,,,,,21.20199966430664,77.0,1020.0999755859376,17.009262084960938,0.0,2.9024126529693604,187.1249237060547,0.0199999995529651,23.45199966430664,0.2300000041723251
1782255600000,2026-06-23 23:00:00,,,,,,,,,,,,19.95199966430664,88.0,1020.0999755859376,17.904010772705078,0.0,1.2979984283447266,326.3099060058594,0.0099999997764825,22.60199928283692,0.2300000041723251
1782256153524,2026-06-23 23:09:13,,,,18.73,17.58,16.72,,,,-111.0,1.2,,,,,,,,,,
1782256156489,2026-06-23 23:09:16,25.45,17.03,31.7,,,,484.81,388.5,343.4,-99.0,-10.2,,,,,,,,,,
1782259200000,2026-06-24 00:00:00,,,,,,,,,,,,20.802000045776367,81.0,1020.2000122070312,17.421443939208984,0.0,2.545584201812744,224.99989318847656,0.0,22.60199928283692,0.2220000028610229
1782262800000,2026-06-24 01:00:00,,,,,,,,,,,,19.652000427246094,85.0,1020.2000122070312,17.059709548950195,0.0,0.8049845099449158,206.5649871826172,0.0099999997764825,22.00200080871582,0.2220000028610229
1782266400000,2026-06-24 02:00:00,,,,,,,,,,,,18.802000045776367,89.0,1020.0,16.950000762939453,0.0,1.6099690198898315,153.4350128173828,0.0099999997764825,21.402000427246094,0.2220000028610229
1782270000000,2026-06-24 03:00:00,,,,,,,,,,,,18.152000427246094,92.0,1019.7000122070312,16.830764770507812,0.0,2.968636035919189,165.96372985839844,0.0099999997764825,20.902000427246094,0.2220000028610229
1782270550760,2026-06-24 03:09:10,,,,18.24,17.64,16.7,,,,-104.0,-0.5,,,,,,,,,,
1782273600000,2026-06-24 04:00:00,,,,,,,,,,,,17.75200080871582,92.0,1019.7000122070312,16.434797286987305,0.0,2.620839357376098,164.05453491210938,0.0099999997764825,20.50200080871582,0.2220000028610229
1782277200000,2026-06-24 05:00:00,,,,,,,,,,,,18.85199928283692,87.0,1019.5999755859376,16.64099884033203,0.0,2.879999876022339,180.0,0.0199999995529651,20.652000427246094,0.2230000048875808
1782280800000,2026-06-24 06:00:00,,,,,,,,,,,,20.902000427246094,80.0,1019.5999755859376,17.322158813476562,0.0,1.6099690198898315,153.4350128173828,0.0500000044703483,21.75200080871582,0.2230000048875808
1782284400000,2026-06-24 07:00:00,,,,,,,,,,,,23.35199928283692,73.0,1019.7999877929688,18.23836898803711,0.0,1.527350664138794,135.00010681152344,0.0900000035762786,23.60199928283692,0.2230000048875808
1782284948062,2026-06-24 07:09:08,,,,18.61,17.17,16.75,,,,-113.0,-6.8,,,,,,,,,,
1782284951137,2026-06-24 07:09:11,25.49,17.06,31.7,,,,484.85,388.53,343.4,-111.0,1.0,,,,,,,,,,
1782288000000,2026-06-24 08:00:00,,,,,,,,,,,,25.60199928283692,62.0,1019.9000244140624,17.782609939575195,0.0,0.5091168880462646,135.00010681152344,0.1599999964237213,25.70199966430664,0.2230000048875808
1782291600000,2026-06-24 09:00:00,,,,,,,,,,,,27.20199966430664,54.0,1019.9000244140624,17.089746475219727,0.0,0.8049845099449158,116.5649871826172,0.2300000041723251,27.652000427246094,0.2230000048875808
1782295200000,2026-06-24 10:00:00,,,,,,,,,,,,28.25200080871582,52.0,1019.7000122070312,17.463226318359375,0.0,1.6099690198898315,116.5649871826172,0.2900000214576721,29.402000427246094,0.2220000028610229
1782298800000,2026-06-24 11:00:00,,,,,,,,,,,,29.00200080871582,49.0,1019.2999877929688,17.211692810058594,0.0,4.452953815460205,165.96372985839844,0.3000000119209289,31.152000427246094,0.221000000834465
1782299350324,2026-06-24 11:09:10,25.43,17.06,31.7,,,,484.78,388.53,343.4,-110.0,0.2,,,,,,,,,,
1782302400000,2026-06-24 12:00:00,,,,,,,,,,,,29.802000045776367,46.0,1018.9000244140624,16.943010330200195,0.0,2.595996856689453,146.30990600585938,0.3300000131130218,32.65199661254883,0.221000000834465
1782306000000,2026-06-24 13:00:00,,,,,,,,,,,,30.652000427246094,50.0,1018.5,19.04492950439453,0.0,1.4843180179595947,104.03627014160156,0.3000000119209289,33.15199661254883,0.2199999988079071
1782309600000,2026-06-24 14:00:00,,,,,,,,,,,,31.00200080871582,51.0,1018.2999877929688,19.68456268310547,0.0,2.620839357376098,344.0545349121094,0.270000010728836,33.301998138427734,0.2189999967813491
1782313200000,2026-06-24 15:00:00,,,,,,,,,,,,31.25200080871582,43.0,1018.0999755859376,17.18866539001465,0.0,4.0249223709106445,333.4350280761719,0.25,33.551998138427734,0.2179999947547912
1782313745572,2026-06-24 15:09:05,25.43,17.06,31.7,,,,484.78,388.53,343.4,-112.0,-0.2,,,,,,,,,,
1782316800000,2026-06-24 16:00:00,,,,,,,,,,,,31.75200080871582,29.0,1017.9000244140624,11.536172866821287,0.0,3.7064266204833984,330.94549560546875,0.25,33.35199737548828,0.2169999927282333
1782320400000,2026-06-24 17:00:00,,,,,,,,,,,,31.25200080871582,36.0,1017.5999755859376,14.409708023071287,0.0,1.7999999523162842,323.1300048828125,0.2100000232458114,32.551998138427734,0.2169999927282333
1782324000000,2026-06-24 18:00:00,,,,,,,,,,,,30.552000045776367,41.0,1017.5,15.811370849609377,0.0,3.976329803466797,84.8056640625,0.1500000059604644,31.302000045776367,0.2160000056028366
1782327600000,2026-06-24 19:00:00,,,,,,,,,,,,28.85199928283692,62.0,1017.5999755859376,20.845090866088867,0.0,3.096837043762207,125.53776550292967,0.0799999982118606,29.85199928283692,0.2150000035762787
1782328139862,2026-06-24 19:08:59,,,,17.67,17.2,16.49,,,,-105.0,-4.0,,,,,,,,,,
1782331200000,2026-06-24 20:00:00,,,,,,,,,,,,26.75200080871582,78.0,1017.7999877929688,22.59513282775879,0.0,2.9024126529693604,172.8750762939453,0.0299999993294477,28.35199928283692,0.2150000035762787
1782334800000,2026-06-24 21:00:00,,,,,,,,,,,,25.20199966430664,80.0,1018.2000122070312,21.5053825378418,0.0,2.9024126529693604,187.1249237060547,0.0199999995529651,27.052000045776367,0.2150000035762787
1782338400000,2026-06-24 22:00:00,,,,,,,,,,,,24.302000045776367,79.0,1018.4000244140624,20.425987243652344,0.0,2.968636035919189,194.0362701416016,0.0199999995529651,26.052000045776367,0.2150000035762787
1782342000000,2026-06-24 23:00:00,,,,,,,,,,,,23.552000045776367,76.0,1018.7000122070312,19.07512855529785,0.0,2.27683973312378,251.56495666503903,0.0199999995529651,25.20199966430664,0.2150000035762787
1782342537122,2026-06-24 23:08:57,,,,18.67,17.73,16.78,,,,-108.0,6.0,,,,,,,,,,
1782342538346,2026-06-24 23:08:58,25.51,17.03,31.7,,,,484.88,388.5,343.4,-116.0,0.2,,,,,,,,,,
1782345600000,2026-06-25 00:00:00,,,,,,,,,,,,22.802000045776367,83.0,1018.9000244140624,19.76301383972168,0.0,3.2599384784698486,186.3401031494141,0.0199999995529651,25.00200080871582,0.2090000063180923
1782349200000,2026-06-25 01:00:00,,,,,,,,,,,,21.35199928283692,89.0,1018.7999877929688,19.463882446289062,0.0,3.6712939739227295,168.6901092529297,0.0199999995529651,24.302000045776367,0.2090000063180923
1782352800000,2026-06-25 02:00:00,,,,,,,,,,,,21.00200080871582,89.0,1018.9000244140624,19.11886215209961,0.0,2.189794540405273,170.53775024414062,0.0099999997764825,23.652000427246094,0.2090000063180923
1782356400000,2026-06-25 03:00:00,,,,,,,,,,,,20.95199966430664,89.0,1019.2000122070312,19.069568634033203,0.0,1.7999999523162842,180.0,0.0099999997764825,23.152000427246094,0.209999993443489
1782356934304,2026-06-25 03:08:54,,,,18.64,17.82,16.87,,,,-111.0,-1.5,,,,,,,,,,
1782356937285,2026-06-25 03:08:57,25.58,17.03,31.73,,,,484.96,388.5,343.43,-113.0,4.8,,,,,,,,,,
1782360000000,2026-06-25 04:00:00,,,,,,,,,,,,21.25200080871582,86.0,1019.2000122070312,18.81528282165528,0.0,3.5999999046325684,180.0,0.0099999997764825,22.902000427246094,0.209999993443489
1782363600000,2026-06-25 05:00:00,,,,,,,,,,,,22.10199928283692,86.0,1019.0999755859376,19.64965057373047,0.0,0.8049845099449158,206.5649871826172,0.0299999993294477,23.20199966430664,0.209999993443489
1782367200000,2026-06-25 06:00:00,,,,,,,,,,,,24.052000045776367,78.0,1019.0999755859376,19.9772891998291,0.0,0.7199999690055847,270.0,0.0599999986588954,24.35199928283692,0.210999995470047
1782370800000,2026-06-25 07:00:00,,,,,,,,,,,,25.35199928283692,75.0,1019.2999877929688,20.599889755249023,0.0,3.89399528503418,326.3099060058594,0.1099999994039535,26.052000045776367,0.210999995470047
1782371331560,2026-06-25 07:08:51,,,,17.61,17.94,16.99,,,,-109.0,-1.0,,,,,,,,,,
1782371334546,2026-06-25 07:08:54,25.58,17.09,31.73,,,,484.96,388.56,343.43,-111.0,-1.2,,,,,,,,,,
1782374400000,2026-06-25 08:00:00,,,,,,,,,,,,27.052000045776367,70.0,1019.5,21.11140251159668,0.0,4.6102495193481445,321.3401794433594,0.1700000017881393,28.10199928283692,0.210999995470047
1782378000000,2026-06-25 09:00:00,,,,,,,,,,,,28.402000427246094,66.0,1019.5999755859376,21.43818473815918,0.0,5.447788238525391,352.4054260253906,0.2300000041723251,30.20199966430664,0.210999995470047
1782381600000,2026-06-25 10:00:00,,,,,,,,,,,,29.652000427246094,58.0,1019.5999755859376,20.512720108032227,0.0,6.162207126617432,6.709750175476074,0.2900000214576721,32.051998138427734,0.210999995470047
1782385200000,2026-06-25 11:00:00,,,,,,,,,,,,30.552000045776367,53.0,1019.5,19.890275955200195,0.0,6.569382667541504,9.462261199951172,0.3300000131130218,33.50199890136719,0.209999993443489
1782385728846,2026-06-25 11:08:48,,,,18.0,17.49,16.96,,,,-113.0,-4.0,,,,,,,,,,
1782385731844,2026-06-25 11:08:51,25.58,17.13,31.77,,,,484.96,388.6,343.46,-112.0,3.8,,,,,,,,,,
1782388800000,2026-06-25 12:00:00,,,,,,,,,,,,31.302000045776367,50.0,1019.2000122070312,19.640907287597656,0.0,4.896529197692871,17.102825164794922,0.3300000131130218,34.50199890136719,0.209999993443489
1782392400000,2026-06-25 13:00:00,,,,,,,,,,,,31.902000427246094,47.0,1018.7999877929688,19.193836212158203,0.0,6.6380720138549805,12.52879810333252,0.3400000035762787,35.40199661254883,0.2090000063180923
1782396000000,2026-06-25 14:00:00,,,,,,,,,,,,32.75199890136719,39.0,1018.4000244140624,16.988039016723633,0.0,3.5999999046325684,53.13002014160156,0.3300000131130218,35.40199661254883,0.2090000063180923
1782399600000,2026-06-25 15:00:00,,,,,,,,,,,,32.551998138427734,42.0,1018.2999877929688,17.98368263244629,0.0,5.315336227416992,28.3006591796875,0.270000010728836,34.90199661254883,0.2090000063180923
1782403200000,2026-06-25 16:00:00,,,,,,,,,,,,32.35199737548828,42.0,1018.2000122070312,17.804262161254883,0.0,5.759999752044678,360.0,0.2399999946355819,34.301998138427734,0.2080000042915344
1782406800000,2026-06-25 17:00:00,,,,,,,,,,,,31.802000045776367,44.0,1018.2000122070312,18.048995971679688,0.0,9.5042724609375,37.30403900146485,0.2100000232458114,33.50199890136719,0.2080000042915344
1782410400000,2026-06-25 18:00:00,,,,,,,,,,,,30.75200080871582,48.0,1018.0999755859376,18.48320579528809,0.0,8.70723819732666,7.124929904937744,0.1599999964237213,32.10199737548828,0.2080000042915344
1782414000000,2026-06-25 19:00:00,,,,,,,,,,,,28.70199966430664,54.0,1018.4000244140624,18.47929954528809,0.0,8.121970176696777,12.804272651672363,0.1099999994039535,30.45199966430664,0.2080000042915344
1782414523367,2026-06-25 19:08:43,,,,18.24,18.06,17.2,,,,-115.0,-2.0,,,,,,,,,,
1782417600000,2026-06-25 20:00:00,,,,,,,,,,,,26.802000045776367,50.0,1018.7999877929688,15.512447357177734,0.0,5.091168403625488,8.130019187927246,0.0799999982118606,28.652000427246094,0.2080000042915344
1782421200000,2026-06-25 21:00:00,,,,,,,,,,,,24.85199928283692,57.0,1019.2999877929688,15.7542142868042,0.0,3.5999999046325684,360.0,0.0599999986588954,27.052000045776367,0.2080000042915344
1782424800000,2026-06-25 22:00:00,,,,,,,,,,,,23.45199966430664,65.0,1019.9000244140624,16.496408462524414,0.0,1.8356469869613647,11.309895515441896,0.0299999993294477,25.85199928283692,0.2080000042915344
1782428400000,2026-06-25 23:00:00,,,,,,,,,,,,22.652000427246094,68.0,1020.0,16.444869995117188,0.0,2.3051247596740723,38.65982818603516,0.0199999995529651,24.95199966430664,0.2080000042915344
1782428920636,2026-06-25 23:08:40,,,,18.33,18.18,17.14,,,,-114.0,0.2,,,,,,,,,,
1782428923632,2026-06-25 23:08:43,25.7,17.13,31.81,,,,485.1,388.6,343.5,-112.0,0.2,,,,,,,,,,
1782432000000,2026-06-26 00:00:00,,,,,,,,,,,,21.552000045776367,70.0,1020.0,15.848325729370115,0.0,2.620839357376098,15.945476531982422,0.0299999993294477,24.35199928283692,0.202000007033348
1782435600000,2026-06-26 01:00:00,,,,,,,,,,,,20.50200080871582,74.0,1019.4000244140624,15.708651542663574,0.0,2.595996856689453,33.69010162353516,0.0199999995529651,23.652000427246094,0.202000007033348
1782439200000,2026-06-26 02:00:00,,,,,,,,,,,,19.50200080871582,78.0,1019.2000122070312,15.563909530639648,0.0,1.938659191131592,68.19853210449219,0.0199999995529651,22.902000427246094,0.202000007033348
1782442800000,2026-06-26 03:00:00,,,,,,,,,,,,18.75200080871582,84.0,1019.2999877929688,15.99185276031494,0.0,2.189794540405273,80.53775024414062,0.0199999995529651,22.25200080871582,0.2029999941587448
1782443320917,2026-06-26 03:08:40,25.76,17.15,31.81,,,,485.17,388.63,343.5,-113.0,-6.5,,,,,,,,,,
1782446400000,2026-06-26 04:00:00,,,,,,,,,,,,18.552000045776367,85.0,1019.2000122070312,15.981267929077148,0.0,2.4149534702301025,116.5649871826172,0.0199999995529651,21.75200080871582,0.2029999941587448
1782450000000,2026-06-26 05:00:00,,,,,,,,,,,,19.902000427246094,81.0,1019.5999755859376,16.54431915283203,0.0,2.099142551422119,120.96369171142578,0.0299999993294477,21.95199966430664,0.2039999961853027
1782453600000,2026-06-26 06:00:00,,,,,,,,,,,,22.35199928283692,68.0,1019.5999755859376,16.15871238708496,0.0,3.7585103511810303,106.69932556152344,0.0599999986588954,23.10199928283692,0.2039999961853027
1782457200000,2026-06-26 07:00:00,,,,,,,,,,,,24.25200080871582,62.0,1019.7999877929688,16.50987434387207,0.0,4.349896430969238,114.4439468383789,0.1199999973177909,24.95199966430664,0.2039999961853027
1782457718204,2026-06-26 07:08:38,25.76,17.18,31.84,,,,485.17,388.66,343.53,-108.0,-1.0,,,,,,,,,,
1782460800000,2026-06-26 08:00:00,,,,,,,,,,,,26.10199928283692,61.0,1019.7000122070312,17.9949893951416,0.0,5.759999752044678,90.0,0.1700000017881393,27.10199928283692,0.2039999961853027
1782464400000,2026-06-26 09:00:00,,,,,,,,,,,,27.95199966430664,57.0,1019.5,18.646095275878903,0.0,6.989935398101807,101.88863372802734,0.2300000041723251,29.25200080871582,0.2039999961853027
1782468000000,2026-06-26 10:00:00,,,,,,,,,,,,29.652000427246094,53.0,1019.2999877929688,19.05894660949707,0.0,8.404284477233887,99.8657455444336,0.2900000214576721,31.152000427246094,0.2039999961853027
1782471600000,2026-06-26 11:00:00,,,,,,,,,,,,31.20199966430664,50.0,1018.7999877929688,19.549219131469727,0.0,8.90590763092041,104.03627014160156,0.3199999928474426,32.90199661254883,0.2039999961853027
1782472112484,2026-06-26 11:08:32,,,,19.35,18.37,17.37,,,,-108.0,-1.8,,,,,,,,,,
1782472115455,2026-06-26 11:08:35,25.73,17.21,31.84,,,,485.13,388.69,343.53,-110.0,3.2,,,,,,,,,,
1782475200000,2026-06-26 12:00:00,,,,,,,,,,,,32.45199966430664,47.0,1018.2999877929688,19.69412040710449,0.0,9.693296432495115,111.80147552490234,0.3400000035762787,34.301998138427734,0.2039999961853027
1782478800000,2026-06-26 13:00:00,,,,,,,,,,,,33.15199661254883,45.0,1017.7000122070312,19.62843513488769,0.0,10.29625129699707,126.46932983398438,0.3400000035762787,35.20199966430664,0.2029999941587448
1782482400000,2026-06-26 14:00:00,,,,,,,,,,,,33.65199661254883,45.0,1017.2999877929688,20.080629348754883,0.0,10.495713233947754,120.96369171142578,0.3300000131130218,35.65199661254883,0.2029999941587448
1782486000000,2026-06-26 15:00:00,,,,,,,,,,,,34.10199737548828,44.0,1016.9000244140624,20.12370109558105,0.0,10.829957962036133,111.44780731201172,0.3000000119209289,35.65199661254883,0.2029999941587448
1782486509752,2026-06-26 15:08:29,,,,18.24,18.4,17.31,,,,-114.0,-1.5,,,,,,,,,,
1782489600000,2026-06-26 16:00:00,,,,,,,,,,,,34.50199890136719,38.0,1016.5999755859376,18.128862380981445,0.0,9.178235054016112,138.17991638183594,0.270000010728836,35.20199966430664,0.2029999941587448
1782493200000,2026-06-26 17:00:00,,,,,,,,,,,,34.40199661254883,31.0,1016.5,14.840231895446776,0.0,6.489992141723633,160.55987548828125,0.2399999946355819,34.301998138427734,0.2029999941587448
1782496800000,2026-06-26 18:00:00,,,,,,,,,,,,33.051998138427734,42.0,1016.2999877929688,18.432172775268555,0.0,4.843304634094238,131.9871368408203,0.1700000017881393,33.00199890136719,0.2029999941587448
1782500400000,2026-06-26 19:00:00,,,,,,,,,,,,30.70199966430664,59.0,1016.2999877929688,21.77294158935547,0.0,3.219938039779663,116.5649871826172,0.0900000035762786,31.50200080871582,0.2029999941587448
1782500909992,2026-06-26 19:08:29,25.76,17.18,31.84,,,,485.17,388.66,343.53,-114.0,1.0,,,,,,,,,,
1782504000000,2026-06-26 20:00:00,,,,,,,,,,,,27.85199928283692,70.0,1016.4000244140624,21.876543045043945,0.0,3.877318382263184,158.1985321044922,0.0500000044703483,29.85199928283692,0.2029999941587448
1782507600000,2026-06-26 21:00:00,,,,,,,,,,,,25.85199928283692,78.0,1016.5,21.72260284423828,0.0,4.213691711425781,160.0167999267578,0.0299999993294477,28.35199928283692,0.2039999961853027
1782511200000,2026-06-26 22:00:00,,,,,,,,,,,,24.902000427246094,76.0,1016.7999877929688,20.38005828857422,0.0,3.9600000381469727,180.0,0.0299999993294477,27.152000427246094,0.2039999961853027
1782514800000,2026-06-26 23:00:00,,,,,,,,,,,,24.652000427246094,72.0,1016.9000244140624,19.26708030700684,0.0,4.452953815460205,165.96372985839844,0.0299999993294477,26.20199966430664,0.2039999961853027
1782515308278,2026-06-26 23:08:28,25.82,17.21,31.84,,,,485.24,388.69,343.53,-109.0,3.8,,,,,,,,,,
1782518400000,2026-06-27 00:00:00,,,,,,,,,,,,24.70199966430664,75.0,1016.7999877929688,19.972675323486328,0.0,4.349896430969238,155.55606079101562,0.0199999995529651,26.152000427246094,0.2000000029802322
1782522000000,2026-06-27 01:00:00,,,,,,,,,,,,25.25200080871582,71.0,1016.5999755859376,19.61771011352539,0.0,5.014219284057617,158.96241760253906,0.0299999993294477,25.60199928283692,0.2010000050067901
1782525600000,2026-06-27 02:00:00,,,,,,,,,,,,25.20199966430664,70.0,1016.5,19.341615676879883,0.0,5.052840709686279,175.91445922851562,0.0299999993294477,25.152000427246094,0.2010000050067901
1782529200000,2026-06-27 03:00:00,,,,,,,,,,,,24.95199966430664,70.0,1016.5,19.102418899536133,0.0,5.692099571228027,161.56495666503906,0.0299999993294477,24.802000045776367,0.2010000050067901
1782529704533,2026-06-27 03:08:24,25.88,17.21,31.88,,,,485.31,388.69,343.56,-111.0,1.8,,,,,,,,,,
1782532800000,2026-06-27 04:00:00,,,,,,,,,,,,24.85199928283692,71.0,1016.4000244140624,19.234317779541016,0.0,5.241678714752197,164.05453491210938,0.0299999993294477,24.552000045776367,0.202000007033348
1782536400000,2026-06-27 05:00:00,,,,,,,,,,,,25.652000427246094,72.0,1016.4000244140624,20.22718048095703,0.0,5.154415607452393,167.90525817871094,0.0399999991059303,24.85199928283692,0.202000007033348
1782540000000,2026-06-27 06:00:00,,,,,,,,,,,,28.20199966430664,64.0,1016.5999755859376,20.74749755859375,0.0,6.519876956939697,173.65989685058594,0.0799999982118606,26.10199928283692,0.202000007033348
1782543600000,2026-06-27 07:00:00,,,,,,,,,,,,29.652000427246094,59.0,1016.7000122070312,20.79020118713379,0.0,6.479999542236328,180.0,0.1400000154972076,27.95199966430664,0.202000007033348
1782544098798,2026-06-27 07:08:18,,,,19.7,18.73,17.61,,,,-113.0,-0.5,,,,,,,,,,
1782544101815,2026-06-27 07:08:21,25.92,17.28,31.88,,,,485.35,388.76,343.56,-116.0,2.0,,,,,,,,,,
1782547200000,2026-06-27 08:00:00,,,,,,,,,,,,31.00200080871582,57.0,1016.7999877929688,21.489126205444336,0.0,7.993297576904297,187.7650756835937,0.2100000232458114,29.902000427246094,0.202000007033348
1782550800000,2026-06-27 09:00:00,,,,,,,,,,,,32.75199890136719,52.0,1016.7999877929688,21.609691619873047,0.0,9.064568519592283,186.8426818847656,0.2800000309944153,31.95199966430664,0.202000007033348
1782554400000,2026-06-27 10:00:00,,,,,,,,,,,,34.45199966430664,41.0,1016.7999877929688,19.29975891113281,0.0,8.891343116760254,211.75942993164065,0.3500000238418579,33.85199737548828,0.202000007033348
1782558000000,2026-06-27 11:00:00,,,,,,,,,,,,35.10199737548828,46.0,1016.7000122070312,21.750804901123047,0.0,7.729526996612549,207.75845336914065,0.3900000154972076,35.50199890136719,0.202000007033348
1782561600000,2026-06-27 12:00:00,,,,,,,,,,,,36.20199966430664,39.0,1016.5,20.05272102355957,0.0,9.6932954788208,254.93145751953125,0.4000000357627868,36.95199966430664,0.202000007033348
1782565200000,2026-06-27 13:00:00,,,,,,,,,,,,36.20199966430664,42.0,1016.2999877929688,21.25569725036621,0.0,8.90590763092041,255.96372985839844,0.4099999964237213,37.55199813842773,0.202000007033348
1782568800000,2026-06-27 14:00:00,,,,,,,,,,,,36.45199966430664,43.0,1016.0,21.864561080932617,0.0,8.08999252319336,249.1454620361328,0.3799999952316284,37.90199661254883,0.202000007033348
1782572400000,2026-06-27 15:00:00,,,,,,,,,,,,36.65199661254883,40.0,1015.7999877929688,20.86312866210937,0.0,6.830519199371338,251.56495666503903,0.3500000238418579,37.90199661254883,0.2010000050067901
1782572896345,2026-06-27 15:08:16,25.94,17.33,31.95,,,,485.38,388.82,343.62,-114.0,-5.8,,,,,,,,,,
1782576000000,2026-06-27 16:00:00,,,,,,,,,,,,36.50199890136719,40.0,1015.5,20.729585647583008,0.0,6.618519306182861,247.61981201171875,0.3100000023841858,37.40199661254883,0.2010000050067901
1782579600000,2026-06-27 17:00:00,,,,,,,,,,,,36.25199890136719,38.0,1015.0999755859376,19.67789649963379,0.0,5.58870267868042,255.0685272216797,0.2599999904632568,36.40199661254883,0.2010000050067901
1782583200000,2026-06-27 18:00:00,,,,,,,,,,,,35.60199737548828,39.0,1014.7999877929688,19.52004623413086,0.0,2.5199999809265137,270.0,0.1800000071525573,35.10199737548828,0.202000007033348
1782586800000,2026-06-27 19:00:00,,,,,,,,,,,,34.301998138427734,52.0,1014.7000122070312,23.03665351867676,0.0,0.5091168880462646,224.99989318847656,0.0700000077486038,33.75199890136719,0.202000007033348
1782587290611,2026-06-27 19:08:10,,,,20.42,18.37,17.7,,,,-107.0,3.2,,,,,,,,,,
1782587291809,2026-06-27 19:08:11,26.0,17.3,31.98,,,,485.45,388.79,343.65,-116.0,-3.2,,,,,,,,,,
1782590400000,2026-06-27 20:00:00,,,,,,,,,,,,31.302000045776367,67.0,1014.9000244140624,24.441478729248047,0.0,3.096837043762207,125.53776550292967,0.0500000044703483,32.301998138427734,0.202000007033348
1782594000000,2026-06-27 21:00:00,,,,,,,,,,,,28.95199966430664,78.0,1015.0999755859376,24.727588653564453,0.0,3.7585103511810303,163.30067443847656,0.0399999991059303,30.85199928283692,0.202000007033348
1782597600000,2026-06-27 22:00:00,,,,,,,,,,,,27.75200080871582,79.0,1015.0,23.77604484558105,0.0,3.877318382263184,158.1985321044922,0.0299999993294477,29.652000427246094,0.202000007033348
1782601200000,2026-06-27 23:00:00,,,,,,,,,,,,26.95199966430664,79.0,1014.5,22.999330520629883,0.0,4.349896430969238,155.55606079101562,0.0299999993294477,28.75200080871582,0.2029999941587448
1782601687890,2026-06-27 23:08:07,,,,20.49,18.61,17.79,,,,-111.0,-2.0,,,,,,,,,,
1782601689056,2026-06-27 23:08:09,26.1,17.3,31.98,,,,485.56,388.79,343.65,-111.0,-1.5,,,,,,,,,,
1782604800000,2026-06-28 00:00:00,,,,,,,,,,,,25.35199928283692,78.0,1013.5999755859376,21.237829208374023,0.0,6.379216194152832,163.61038208007812,0.0299999993294477,27.70199966430664,0.2010000050067901
1782608400000,2026-06-28 01:00:00,,,,,,,,,,,,26.802000045776367,69.0,1013.2999877929688,20.63852500915528,0.0,9.178235054016112,168.6901092529297,0.0299999993294477,26.95199966430664,0.2010000050067901
1782612000000,2026-06-28 02:00:00,,,,,,,,,,,,27.552000045776367,63.0,1012.7999877929688,19.878313064575195,0.0,11.304228782653809,170.8377227783203,0.0500000044703483,26.70199966430664,0.2010000050067901
1782615600000,2026-06-28 03:00:00,,,,,,,,,,,,25.402000427246094,74.0,1013.7000122070312,20.4304313659668,0.0,5.959060192108154,25.0168685913086,0.0500000044703483,26.50200080871582,0.202000007033348
1782616085151,2026-06-28 03:08:05,,,,20.81,18.86,17.7,,,,-109.0,0.8,,,,,,,,,,
1782619200000,2026-06-28 04:00:00,,,,,,,,,,,,23.85199928283692,78.0,1014.5,19.783336639404297,0.0,4.553679466247559,18.4350528717041,0.0299999993294477,26.052000045776367,0.202000007033348
1782622800000,2026-06-28 05:00:00,,,,,,,,,,,,24.50200080871582,77.0,1015.2999877929688,20.20473861694336,0.0,3.826852560043335,221.18582153320312,0.0500000044703483,25.85199928283692,0.202000007033348
1782626400000,2026-06-28 06:00:00,,,,,,,,,,,,25.402000427246094,74.0,1015.2000122070312,20.4304313659668,0.0,2.595996856689453,146.30990600585938,0.0700000077486038,26.60199928283692,0.202000007033348
1782630000000,2026-06-28 07:00:00,,,,,,,,,,,,27.052000045776367,69.0,1015.0999755859376,20.87722969055176,0.0,5.447788238525391,172.4054412841797,0.1199999973177909,28.052000045776367,0.202000007033348
1782633600000,2026-06-28 08:00:00,,,,,,,,,,,,28.95199966430664,65.0,1015.7000122070312,21.710241317749023,0.0,13.89618682861328,253.44284057617188,0.1700000017881393,29.70199966430664,0.202000007033348
1782637200000,2026-06-28 09:00:00,,,,,,,,,,,,29.00200080871582,67.0,1016.0999755859376,22.25461196899414,0.0,12.620553970336914,266.7295837402344,0.2300000041723251,31.20199966430664,0.202000007033348
1782640800000,2026-06-28 10:00:00,,,,,,,,,,,,28.652000427246094,69.0,1017.0,22.40470123291016,0.0,16.099689483642578,280.3047790527344,0.25,32.15199661254883,0.202000007033348
1782644400000,2026-06-28 11:00:00,,,,,,,,,,,,28.802000045776367,67.0,1017.5999755859376,22.064409255981445,0.0,16.099689483642578,280.3047790527344,0.270000010728836,32.85199737548828,0.202000007033348
1782644879701,2026-06-28 11:07:59,,,,20.81,18.95,17.11,,,,-111.0,1.5,,,,,,,,,,
1782648000000,2026-06-28 12:00:00,,,,,,,,,,,,29.402000427246094,59.0,1018.0999755859376,20.55618095397949,0.0,14.75999927520752,282.68035888671875,0.2900000214576721,33.60199737548828,0.2010000050067901
1782651600000,2026-06-28 13:00:00,,,,,,,,,,,,30.25200080871582,55.0,1018.4000244140624,20.21109390258789,0.0,13.79791259765625,285.1240539550781,0.3000000119209289,34.35199737548828,0.2010000050067901
1782655200000,2026-06-28 14:00:00,,,,,,,,,,,,30.70199966430664,52.0,1018.4000244140624,19.72142219543457,0.0,12.313894271850586,307.8750305175781,0.3000000119209289,34.75199890136719,0.2010000050067901
1782658800000,2026-06-28 15:00:00,,,,,,,,,,,,31.402000427246094,48.0,1018.5,19.07619857788086,0.0,13.493998527526855,316.0808410644531,0.2800000309944153,34.70199966430664,0.2010000050067901
1782659276962,2026-06-28 15:07:56,,,,20.91,19.01,18.09,,,,-114.0,5.0,,,,,,,,,,
1782662400000,2026-06-28 16:00:00,,,,,,,,,,,,31.60199928283692,45.0,1018.2999877929688,18.22612190246582,0.0,11.60965061187744,299.7447814941406,0.25,34.20199966430664,0.2010000050067901
1782666000000,2026-06-28 17:00:00,,,,,,,,,,,,30.902000427246094,51.0,1018.4000244140624,19.592647552490234,0.0,9.007196426391602,272.2905578613281,0.2000000178813934,33.25199890136719,0.2010000050067901
1782669600000,2026-06-28 18:00:00,,,,,,,,,,,,30.20199966430664,54.0,1018.7999877929688,19.86827850341797,0.0,6.7637858390808105,244.7989044189453,0.1500000059604644,32.10199737548828,0.2010000050067901
1782673200000,2026-06-28 19:00:00,,,,,,,,,,,,29.302000045776367,57.0,1019.0,19.90475845336914,0.0,5.154415130615234,245.22488403320312,0.1000000089406967,30.75200080871582,0.2010000050067901
1782673674228,2026-06-28 19:07:54,,,,21.1,19.07,18.27,,,,-113.0,-0.2,,,,,,,,,,
1782673677219,2026-06-28 19:07:57,26.19,17.45,32.08,,,,485.67,388.95,343.74,-113.0,-3.2,,,,,,,,,,
1782676800000,2026-06-28 20:00:00,,,,,,,,,,,,27.50200080871582,67.0,1019.5,20.8279037475586,0.0,4.198285102844238,239.0363006591797,0.0599999986588954,29.35199928283692,0.2010000050067901
1782680400000,2026-06-28 21:00:00,,,,,,,,,,,,26.902000427246094,68.0,1019.9000244140624,20.49709892272949,0.0,4.33497428894043,265.2364501953125,0.0399999991059303,28.302000045776367,0.2010000050067901
1782684000000,2026-06-28 22:00:00,,,,,,,,,,,,26.35199928283692,64.0,1019.9000244140624,18.99745750427246,0.0,8.31124496459961,287.65020751953125,0.0500000044703483,27.552000045776367,0.2010000050067901
1782687600000,2026-06-28 23:00:00,,,,,,,,,,,,24.95199966430664,70.0,1019.7999877929688,19.102418899536133,0.0,7.695919990539551,280.78424072265625,0.0500000044703483,26.70199966430664,0.202000007033348
1782691200000,2026-06-29 00:00:00,,,,,,,,,,,,23.10199928283692,78.0,1020.7000122070312,19.05599975585937,0.0,4.829906940460205,296.5649719238281,0.0299999993294477,25.652000427246094,0.2000000029802322
1782694800000,2026-06-29 01:00:00,,,,,,,,,,,,22.50200080871582,82.0,1019.9000244140624,19.27497673034668,0.0,3.075841426849365,290.5561218261719,0.0199999995529651,25.152000427246094,0.2000000029802322
1782698400000,2026-06-29 02:00:00,,,,,,,,,,,,21.652000427246094,86.0,1020.4000244140624,19.20793533325196,0.0,8.287821769714355,304.3804016113281,0.0199999995529651,24.652000427246094,0.2000000029802322
1782702000000,2026-06-29 03:00:00,,,,,,,,,,,,20.902000427246094,88.0,1021.0999755859376,18.83924674987793,0.0,6.989935874938965,304.5085754394531,0.0199999995529651,24.10199928283692,0.2000000029802322
1782702468780,2026-06-29 03:07:48,,,,21.2,19.13,18.3,,,,-111.0,2.2,,,,,,,,,,
1782702471781,2026-06-29 03:07:51,26.25,17.43,32.11,,,,485.74,388.92,343.77,-111.0,2.8,,,,,,,,,,
1782705600000,2026-06-29 04:00:00,,,,,,,,,,,,20.802000045776367,86.0,1021.2000122070312,18.37353134155273,0.0,9.67322063446045,315.0000915527344,0.0199999995529651,23.75200080871582,0.2010000050067901
1782709200000,2026-06-29 05:00:00,,,,,,,,,,,,20.45199966430664,80.0,1021.7999877929688,16.884273529052734,0.3000000119209289,10.086426734924316,325.1754455566406,0.0500000044703483,23.652000427246094,0.2010000050067901
1782712800000,2026-06-29 06:00:00,,,,,,,,,,,,19.902000427246094,84.0,1022.0,17.117673873901367,0.2000000029802322,9.65981388092041,333.4350280761719,0.0599999986588954,23.402000427246094,0.2010000050067901
1782716400000,2026-06-29 07:00:00,,,,,,,,,,,,18.70199966430664,92.0,1023.5,17.375205993652344,4.400000095367432,8.21715259552002,298.8106994628906,0.0599999986588954,22.902000427246094,0.2010000050067901
1782716866069,2026-06-29 07:07:46,,,,21.1,19.92,18.37,,,,-109.0,-1.5,,,,,,,,,,
1782720000000,2026-06-29 08:00:00,,,,,,,,,,,,18.10199928283692,93.0,1023.5,16.951751708984375,14.699999809265137,10.594036102294922,350.2176513671875,0.0599999986588954,22.302000045776367,0.2039999961853027
1782723600000,2026-06-29 09:00:00,,,,,,,,,,,,18.302000045776367,88.0,1024.0999755859375,16.279531478881836,2.0,6.119999885559082,331.9276123046875,0.0799999982118606,22.10199928283692,0.2060000002384185
1782727200000,2026-06-29 10:00:00,,,,,,,,,,,,17.95199966430664,86.0,1024.0999755859375,15.57547378540039,5.099999904632568,10.538843154907228,7.8532328605651855,0.0700000077486038,22.10199928283692,0.2070000022649765
1782730800000,2026-06-29 11:00:00,,,,,,,,,,,,18.10199928283692,85.0,1024.800048828125,15.54006004333496,1.2999999523162842,1.938659191131592,291.8014831542969,0.1000000089406967,22.10199928283692,0.2080000042915344
1782734400000,2026-06-29 12:00:00,,,,,,,,,,,,19.25200080871582,77.0,1025.0,15.12043285369873,0.3000000119209289,6.489992141723633,326.3099060058594,0.1299999952316284,22.902000427246094,0.2080000042915344
1782738000000,2026-06-29 13:00:00,,,,,,,,,,,,20.45199966430664,69.0,1025.199951171875,14.572029113769531,0.0,5.815978050231934,338.1985168457031,0.2000000178813934,24.45199966430664,0.2080000042915344
1782741600000,2026-06-29 14:00:00,,,,,,,,,,,,21.652000427246094,70.0,1025.0,15.94406032562256,0.0,4.213691711425781,340.0168151855469,0.2399999946355819,25.95199966430664,0.2080000042915344
1782745200000,2026-06-29 15:00:00,,,,,,,,,,,,22.35199928283692,70.0,1024.699951171875,16.614152908325195,0.0,5.351784706115723,312.27362060546875,0.2300000041723251,26.802000045776367,0.2080000042915344
1782748800000,2026-06-29 16:00:00,,,,,,,,,,,,23.00200080871582,66.0,1024.4000244140625,16.3090877532959,0.0,4.104631423950195,344.74481201171875,0.2000000178813934,27.152000427246094,0.2080000042915344
1782752400000,2026-06-29 17:00:00,,,,,,,,,,,,23.10199928283692,65.0,1024.300048828125,16.1644287109375,0.0,4.510787010192871,61.389644622802734,0.1599999964237213,26.70199966430664,0.2080000042915344
1782756000000,2026-06-29 18:00:00,,,,,,,,,,,,22.402000427246094,70.0,1024.5,16.662017822265625,0.0,6.0346999168396,107.35411071777344,0.1199999973177909,25.70199966430664,0.2080000042915344
1782759600000,2026-06-29 19:00:00,,,,,,,,,,,,21.802000045776367,76.0,1024.9000244140625,17.38322639465332,0.0,5.001279830932617,149.74365234375,0.0700000077486038,24.50200080871582,0.2080000042915344
1782760057896,2026-06-29 19:07:37,,,,20.62,19.63,18.52,,,,-111.0,-2.2,,,,,,,,,,
1782760060857,2026-06-29 19:07:40,26.89,17.49,32.36,,,,486.48,388.99,343.99,-111.0,-0.5,,,,,,,,,,
1782763200000,2026-06-29 20:00:00,,,,,,,,,,,,21.00200080871582,83.0,1025.4000244140625,18.003799438476562,0.0,2.099142551422119,120.96369171142578,0.0299999993294477,23.302000045776367,0.2080000042915344
1782766800000,2026-06-29 21:00:00,,,,,,,,,,,,19.45199966430664,89.0,1025.300048828125,17.5908260345459,0.0,3.976329803466797,174.8056640625,0.0099999997764825,22.302000045776367,0.2080000042915344
1782770400000,2026-06-29 22:00:00,,,,,,,,,,,,18.802000045776367,91.0,1025.4000244140625,17.301156997680664,0.0,2.968636035919189,194.0362701416016,0.0099999997764825,21.50200080871582,0.2080000042915344
1782774000000,2026-06-29 23:00:00,,,,,,,,,,,,18.10199928283692,93.0,1025.5,16.951751708984375,0.0,2.4149534702301025,153.4350128173828,0.0099999997764825,20.85199928283692,0.2080000042915344
1782774455155,2026-06-29 23:07:35,,,,18.95,19.04,18.61,,,,-111.0,-0.8,,,,,,,,,,
1782774458136,2026-06-29 23:07:38,26.92,17.43,32.33,,,,486.52,388.92,343.96,-117.0,-6.5,,,,,,,,,,
1782777600000,2026-06-30 00:00:00,,,,,,,,,,,,19.20199966430664,91.0,1025.0999755859375,17.696578979492188,0.0,1.4399999380111694,90.0,0.0099999997764825,21.70199966430664,0.2090000063180923
1782781200000,2026-06-30 01:00:00,,,,,,,,,,,,18.802000045776367,92.0,1024.5999755859375,17.47419548034668,0.0,2.4149534702301025,116.5649871826172,0.0099999997764825,21.302000045776367,0.2090000063180923
1782784800000,2026-06-30 02:00:00,,,,,,,,,,,,18.10199928283692,91.0,1024.5,16.609142303466797,0.0,3.054701328277588,135.00010681152344,0.0099999997764825,20.95199966430664,0.2090000063180923
1782788400000,2026-06-30 03:00:00,,,,,,,,,,,,17.70199966430664,89.0,1024.4000244140625,15.865473747253418,0.0,2.811689853668213,129.80552673339844,0.0099999997764825,20.35199928283692,0.2090000063180923
1782792000000,2026-06-30 04:00:00,,,,,,,,,,,,17.402000427246094,88.0,1024.5,15.393383979797363,0.0,3.826852560043335,138.81417846679688,0.0099999997764825,19.902000427246094,0.2090000063180923
1782795600000,2026-06-30 05:00:00,,,,,,,,,,,,18.652000427246094,82.0,1024.699951171875,15.517319679260254,0.0,4.843304634094238,131.9871368408203,0.0299999993294477,20.10199928283692,0.2090000063180923
1782799200000,2026-06-30 06:00:00,,,,,,,,,,,,19.802000045776367,78.0,1024.5999755859375,15.854970932006836,0.0,7.145795822143555,130.91429138183594,0.0700000077486038,21.152000427246094,0.209999993443489
1782802800000,2026-06-30 07:00:00,,,,,,,,,,,,21.25200080871582,72.0,1024.4000244140625,16.001663208007812,0.0,9.360000610351562,112.61991119384766,0.1099999994039535,22.70199966430664,0.2090000063180923
1782803249703,2026-06-30 07:07:29,,,,19.23,19.6,18.46,,,,-114.0,-2.5,,,,,,,,,,
1782806400000,2026-06-30 08:00:00,,,,,,,,,,,,22.552000045776367,67.0,1024.0999755859375,16.11699104309082,0.0,11.269782066345217,116.5649871826172,0.1700000017881393,24.45199966430664,0.2090000063180923
1782810000000,2026-06-30 09:00:00,,,,,,,,,,,,23.552000045776367,65.0,1024.0999755859375,16.591257095336914,0.0,9.686609268188477,131.9871368408203,0.2199999988079071,26.10199928283692,0.2090000063180923
1782813600000,2026-06-30 10:00:00,,,,,,,,,,,,24.60199928283692,59.0,1023.5999755859376,16.060245513916016,0.0,6.618518829345703,135.00010681152344,0.2399999946355819,27.35199928283692,0.2090000063180923
1782817200000,2026-06-30 11:00:00,,,,,,,,,,,,25.60199928283692,55.0,1023.0999755859376,15.893800735473633,0.0,4.349896430969238,114.4439468383789,0.2800000309944153,29.00200080871582,0.2080000042915344
1782817646982,2026-06-30 11:07:26,,,,19.2,19.54,18.55,,,,-115.0,-2.5,,,,,,,,,,
1782820800000,2026-06-30 12:00:00,,,,,,,,,,,,26.152000427246094,53.0,1022.4000244140624,15.823975563049316,0.0,4.0249223709106445,100.3047866821289,0.2900000214576721,30.052000045776367,0.2080000042915344
1782824400000,2026-06-30 13:00:00,,,,,,,,,,,,27.10199928283692,46.0,1021.7999877929688,14.490367889404297,0.0,1.4843180179595947,165.96372985839844,0.3199999928474426,30.75200080871582,0.2080000042915344
1782828000000,2026-06-30 14:00:00,,,,,,,,,,,,27.302000045776367,44.0,1021.0,13.98475456237793,0.0,1.4843180179595947,165.96372985839844,0.2900000214576721,30.60199928283692,0.2080000042915344
1782831600000,2026-06-30 15:00:00,,,,,,,,,,,,27.552000045776367,45.0,1020.4000244140624,14.558378219604492,0.0,2.811689853668213,129.80552673339844,0.270000010728836,30.70199966430664,0.2070000022649765
1782832044260,2026-06-30 15:07:24,,,,19.82,19.35,18.49,,,,-109.0,-1.5,,,,,,,,,,
1782835200000,2026-06-30 16:00:00,,,,,,,,,,,,26.85199928283692,48.0,1019.7000122070312,14.922622680664062,0.0,6.618519306182861,67.61981964111328,0.2199999988079071,30.302000045776367,0.2070000022649765
1782838800000,2026-06-30 17:00:00,,,,,,,,,,,,26.302000045776367,48.0,1019.5999755859376,14.420125961303713,0.0,4.510787010192871,61.389644622802734,0.1500000059604644,28.75200080871582,0.2070000022649765
1782842400000,2026-06-30 18:00:00,,,,,,,,,,,,25.85199928283692,54.0,1019.5999755859376,15.838655471801758,0.0,4.320000171661377,90.0,0.1199999973177909,27.60199928283692,0.2070000022649765
1782846000000,2026-06-30 19:00:00,,,,,,,,,,,,24.652000427246094,67.0,1019.5999755859376,18.116079330444336,0.0,4.33497428894043,131.63345336914062,0.0700000077486038,26.50200080871582,0.2070000022649765
1782846441518,2026-06-30 19:07:21,,,,20.11,18.98,18.49,,,,-103.0,-3.0,,,,,,,,,,
1782849600000,2026-06-30 20:00:00,,,,,,,,,,,,23.70199966430664,71.0,1020.0999755859376,18.13194465637207,0.0,6.569382667541504,279.4622497558594,0.0500000044703483,25.50200080871582,0.2070000022649765
1782853200000,2026-06-30 21:00:00,,,,,,,,,,,,21.652000427246094,71.0,1020.2000122070312,16.16635513305664,0.1000000014901161,9.693296432495115,301.3286437988281,0.0599999986588954,24.552000045776367,0.2070000022649765
1782856800000,2026-06-30 22:00:00,,,,,,,,,,,,20.50200080871582,77.0,1020.2999877929688,16.331274032592773,1.2000000476837158,6.849466800689697,266.9872741699219,0.0700000077486038,23.50200080871582,0.2070000022649765
1782860400000,2026-06-30 23:00:00,,,,,,,,,,,,19.902000427246094,79.0,1020.4000244140624,16.15162467956543,0.800000011920929,8.825508117675781,258.2317199707031,0.0700000077486038,22.652000427246094,0.2080000042915344
1782860838794,2026-06-30 23:07:18,,,,19.54,18.98,18.61,,,,-112.0,-2.5,,,,,,,,,,
1782860841781,2026-06-30 23:07:21,26.86,17.33,32.26,,,,486.45,388.82,343.9,-111.0,-6.8,,,,,,,,,,
1782864000000,2026-07-01 00:00:00,,,,,,,,,,,,19.152000427246094,91.0,1020.5,17.647153854370117,0.0,3.2599384784698486,263.659912109375,0.0199999995529651,21.802000045776367,0.2070000022649765
1782867600000,2026-07-01 01:00:00,,,,,,,,,,,,18.70199966430664,95.0,1020.0999755859376,17.884212493896484,0.2000000029802322,5.351784706115723,317.72637939453125,0.0199999995529651,21.652000427246094,0.2080000042915344
1782871200000,2026-07-01 02:00:00,,,,,,,,,,,,18.402000427246094,94.0,1019.4000244140624,17.418384552001953,0.3000000119209289,4.33497428894043,48.36655426025391,0.0199999995529651,21.402000427246094,0.2080000042915344
1782874800000,2026-07-01 03:00:00,,,,,,,,,,,,18.302000045776367,93.0,1019.0999755859376,17.149995803833008,0.1000000014901161,3.396233081817627,327.9946594238281,0.0199999995529651,21.152000427246094,0.2080000042915344
1782875236081,2026-07-01 03:07:16,,,,20.23,18.92,18.49,,,,-109.0,-3.5,,,,,,,,,,
1782878400000,2026-07-01 04:00:00,,,,,,,,,,,,18.00200080871582,93.0,1019.0,16.85263442993164,0.0,7.787990570068359,303.6900939941406,0.0199999995529651,20.95199966430664,0.2080000042915344
1782882000000,2026-07-01 05:00:00,,,,,,,,,,,,17.802000045776367,85.0,1019.0999755859376,15.245916366577148,0.0,9.504273414611816,294.62353515625,0.0399999991059303,20.70199966430664,0.2080000042915344
1782885600000,2026-07-01 06:00:00,,,,,,,,,,,,17.851999282836914,87.0,1019.2000122070312,15.657781600952148,0.0,9.826087951660156,298.4428100585937,0.0399999991059303,20.652000427246094,0.2080000042915344
1782889200000,2026-07-01 07:00:00,,,,,,,,,,,,18.302000045776367,76.0,1019.2999877929688,13.998294830322266,0.0,10.144082069396973,297.4743347167969,0.0700000077486038,21.00200080871582,0.2080000042915344
1782892800000,2026-07-01 08:00:00,,,,,,,,,,,,19.25200080871582,73.0,1019.5999755859376,14.293100357055664,0.0,9.79305934906006,306.0274658203125,0.1199999973177909,22.152000427246094,0.2080000042915344
1782896400000,2026-07-01 09:00:00,,,,,,,,,,,,20.35199928283692,72.0,1020.0,15.137001991271973,0.0,11.92355728149414,298.886474609375,0.1800000071525573,23.902000427246094,0.2080000042915344
1782900000000,2026-07-01 10:00:00,,,,,,,,,,,,21.802000045776367,54.0,1020.2999877929688,12.082571983337402,0.0,13.84947681427002,297.8971862792969,0.2300000041723251,25.402000427246094,0.2080000042915344
1782903600000,2026-07-01 11:00:00,,,,,,,,,,,,23.052000045776367,49.0,1020.0999755859376,11.76109504699707,0.0,14.007655143737791,295.90643310546875,0.2800000309944153,26.902000427246094,0.2080000042915344
1782904030659,2026-07-01 11:07:10,,,,19.32,18.92,18.4,,,,-116.0,-0.8,,,,,,,,,,
1782907200000,2026-07-01 12:00:00,,,,,,,,,,,,23.402000427246094,51.0,1020.0999755859376,12.69132137298584,0.0,13.661038398742676,288.4350280761719,0.25,27.25200080871582,0.2080000042915344
1782910800000,2026-07-01 13:00:00,,,,,,,,,,,,24.10199928283692,47.0,1019.5999755859376,12.088903427124023,0.0,15.49673557281494,300.73541259765625,0.2399999946355819,27.70199966430664,0.2070000022649765
1782914400000,2026-07-01 14:00:00,,,,,,,,,,,,24.652000427246094,42.0,1019.2000122070312,10.88607120513916,0.0,15.379205703735352,290.5561218261719,0.2399999946355819,28.302000045776367,0.2070000022649765
1782918000000,2026-07-01 15:00:00,,,,,,,,,,,,25.152000427246094,36.0,1018.7999877929688,9.028474807739258,0.0,13.009902954101562,284.4208068847656,0.2199999988079071,28.35199928283692,0.2070000022649765
1782921600000,2026-07-01 16:00:00,,,,,,,,,,,,25.50200080871582,35.0,1018.4000244140624,8.919438362121582,0.0,12.24529266357422,294.3045349121094,0.2100000232458114,28.152000427246094,0.2070000022649765
1782925200000,2026-07-01 17:00:00,,,,,,,,,,,,24.402000427246094,44.0,1018.9000244140624,11.362045288085938,0.0,15.379205703735352,302.57403564453125,0.1599999964237213,27.20199966430664,0.2070000022649765
1782928800000,2026-07-01 18:00:00,,,,,,,,,,,,22.75200080871582,57.0,1019.5,13.79390811920166,0.0,11.885453224182127,324.86572265625,0.1099999994039535,25.902000427246094,0.2070000022649765
1782932400000,2026-07-01 19:00:00,,,,,,,,,,,,21.70199966430664,61.0,1020.0999755859376,13.854026794433594,0.0,10.703569412231444,312.27362060546875,0.0700000077486038,24.552000045776367,0.2070000022649765
1782932828208,2026-07-01 19:07:08,26.77,17.28,32.19,,,,486.34,388.76,343.84,-113.0,-3.0,,,,,,,,,,
1782936000000,2026-07-01 20:00:00,,,,,,,,,,,,20.152000427246094,70.0,1020.5,14.507880210876465,0.0,7.704335689544678,307.4054260253906,0.0399999991059303,23.10199928283692,0.2070000022649765
1782939600000,2026-07-01 21:00:00,,,,,,,,,,,,19.25200080871582,75.0,1020.5999755859376,14.71161937713623,0.0,5.154415130615234,294.7751159667969,0.0299999993294477,21.902000427246094,0.2070000022649765
1782943200000,2026-07-01 22:00:00,,,,,,,,,,,,18.302000045776367,80.0,1020.9000244140624,14.791871070861816,0.0,5.58870267868042,284.93145751953125,0.0199999995529651,21.052000045776367,0.2070000022649765
1782946800000,2026-07-01 23:00:00,,,,,,,,,,,,17.45199966430664,86.0,1021.0,15.0845308303833,0.0,4.802999019622803,282.99462890625,0.0099999997764825,20.35199928283692,0.2070000022649765
1782947225488,2026-07-01 23:07:05,26.77,17.21,32.15,,,,486.34,388.69,343.8,-111.0,-2.2,,,,,,,,,,
1782950400000,2026-07-02 00:00:00,,,,,,,,,,,,17.302000045776367,86.0,1021.5,14.937247276306152,0.0,2.968636035919189,255.96372985839844,0.0099999997764825,20.50200080871582,0.2070000022649765
1782954000000,2026-07-02 01:00:00,,,,,,,,,,,,16.652000427246094,88.0,1021.0,14.654890060424805,0.0,3.545588731765747,246.0375061035156,0.0099999997764825,19.85199928283692,0.2070000022649765
1782957600000,2026-07-02 02:00:00,,,,,,,,,,,,16.152000427246094,88.0,1020.4000244140624,14.162546157836914,0.0,3.096837043762207,234.4622344970703,0.0099999997764825,19.25200080871582,0.2070000022649765
1782961200000,2026-07-02 03:00:00,,,,,,,,,,,,15.402000427246094,90.0,1020.4000244140624,13.769529342651367,0.0,3.3190360069274902,220.6012115478516,0.0099999997764825,18.75200080871582,0.2070000022649765
1782961622754,2026-07-02 03:07:02,26.77,17.21,32.15,,,,486.34,388.69,343.8,-110.0,-1.0,,,,,,,,,,
1782964800000,2026-07-02 04:00:00,,,,,,,,,,,,14.902000427246094,91.0,1020.4000244140624,13.445406913757324,0.0,4.320000171661377,180.0,0.0099999997764825,18.35199928283692,0.2070000022649765
1782968400000,2026-07-02 05:00:00,,,,,,,,,,,,16.45199966430664,89.0,1020.4000244140624,14.632976531982422,0.0,4.33497428894043,175.2364501953125,0.0199999995529651,18.552000045776367,0.2070000022649765
1782972000000,2026-07-02 06:00:00,,,,,,,,,,,,18.802000045776367,77.0,1020.0999755859376,14.684487342834473,0.0,9.72666358947754,218.99099731445312,0.0399999991059303,19.802000045776367,0.2080000042915344
1782975600000,2026-07-02 07:00:00,,,,,,,,,,,,20.10199928283692,71.0,1019.7000122070312,14.679750442504885,0.0,12.031756401062012,231.07244873046875,0.0799999982118606,21.60199928283692,0.2080000042915344
1782976017033,2026-07-02 07:06:57,,,,19.13,18.55,18.37,,,,-114.0,-1.0,,,,,,,,,,
1782979200000,2026-07-02 08:00:00,,,,,,,,,,,,21.60199928283692,60.0,1019.2999877929688,13.50564956665039,0.0,15.003839492797852,239.74365234375,0.1199999973177909,23.552000045776367,0.2070000022649765
1782982800000,2026-07-02 09:00:00,,,,,,,,,,,,22.802000045776367,54.0,1018.9000244140624,13.010393142700195,0.0,17.709657669067383,243.4350128173828,0.1700000017881393,25.25200080871582,0.2070000022649765
1782986400000,2026-07-02 10:00:00,,,,,,,,,,,,23.302000045776367,49.0,1018.5,11.990320205688477,0.0,18.681882858276367,244.9164428710937,0.2000000178813934,26.50200080871582,0.2070000022649765
1782990000000,2026-07-02 11:00:00,,,,,,,,,,,,24.00200080871582,49.0,1017.9000244140624,12.632052421569824,0.0,20.14070510864257,245.7255706787109,0.2100000232458114,27.45199966430664,0.2070000022649765
1782990414338,2026-07-02 11:06:54,,,,18.12,19.1,18.12,,,,-115.0,-3.5,,,,,,,,,,
1782990415533,2026-07-02 11:06:55,26.71,17.21,32.11,,,,486.27,388.69,343.77,-111.0,-0.5,,,,,,,,,,
1782993600000,2026-07-02 12:00:00,,,,,,,,,,,,24.85199928283692,46.0,1017.5,12.444751739501951,0.0,20.45674514770508,241.63104248046875,0.2000000178813934,27.75200080871582,0.2060000002384185
1782997200000,2026-07-02 13:00:00,,,,,,,,,,,,25.902000427246094,39.0,1017.0999755859376,10.890081405639648,0.0,22.314191818237305,259.77789306640625,0.2100000232458114,28.552000045776367,0.2060000002384185
1783000800000,2026-07-02 14:00:00,,,,,,,,,,,,23.802000045776367,49.0,1017.4000244140624,12.44871425628662,0.0,20.478906631469727,259.8753967285156,0.1299999952316284,27.052000045776367,0.2060000002384185
1783004400000,2026-07-02 15:00:00,,,,,,,,,,,,21.95199966430664,61.0,1017.5999755859376,14.089420318603516,0.0,21.64794540405273,273.8139953613281,0.0900000035762786,25.20199966430664,0.2060000002384185
1783004811598,2026-07-02 15:06:51,,,,18.98,18.95,18.24,,,,-115.0,2.0,,,,,,,,,,
1783008000000,2026-07-02 16:00:00,,,,,,,,,,,,20.85199928283692,69.0,1017.7000122070312,14.95436191558838,0.0,18.448022842407227,264.4007568359375,0.0599999986588954,23.902000427246094,0.2060000002384185
1783011600000,2026-07-02 17:00:00,,,,,,,,,,,,20.25200080871582,71.0,1018.0999755859376,14.823634147644045,0.0,19.49326133728028,274.236328125,0.0500000044703483,22.95199966430664,0.2060000002384185
1783015200000,2026-07-02 18:00:00,,,,,,,,,,,,20.25200080871582,68.0,1018.4000244140624,14.1552152633667,0.0,17.309972763061523,286.9275817871094,0.0599999986588954,22.652000427246094,0.2060000002384185
1783018800000,2026-07-02 19:00:00,,,,,,,,,,,,20.00200080871582,58.0,1018.7999877929688,11.488018035888672,0.0,17.208602905273438,285.78082275390625,0.0500000044703483,22.052000045776367,0.2060000002384185
1783019208961,2026-07-02 19:06:48,,,,18.3,18.86,18.27,,,,-111.0,-2.0,,,,,,,,,,
1783022400000,2026-07-02 20:00:00,,,,,,,,,,,,18.60199928283692,59.0,1019.2999877929688,10.433086395263672,0.0,12.24529266357422,294.3045349121094,0.0500000044703483,21.10199928283692,0.2060000002384185
1783026000000,2026-07-02 21:00:00,,,,,,,,,,,,17.25200080871582,65.0,1020.2000122070312,10.612260818481444,0.0,10.446206092834473,268.0251159667969,0.0299999993294477,20.052000045776367,0.2060000002384185
1783029600000,2026-07-02 22:00:00,,,,,,,,,,,,16.152000427246094,71.0,1020.7999877929688,10.889691352844238,0.0,12.324414253234863,276.7097473144531,0.0299999993294477,19.10199928283692,0.2060000002384185
1783033200000,2026-07-02 23:00:00,,,,,,,,,,,,15.85200023651123,73.0,1021.2000122070312,11.01964282989502,0.0,12.620553970336914,266.7295837402344,0.0199999995529651,18.45199966430664,0.2060000002384185
1783033606172,2026-07-02 23:06:46,,,,18.89,18.86,18.37,,,,-117.0,0.8,,,,,,,,,,
1783036800000,2026-07-03 00:00:00,,,,,,,,,,,,15.501999855041504,72.0,1022.5,10.475458145141602,0.0,12.31389331817627,285.2551574707031,0.0299999993294477,18.25200080871582,0.2039999961853027
1783040400000,2026-07-03 01:00:00,,,,,,,,,,,,14.501999855041504,76.0,1022.2999877929688,10.321537017822266,0.0,10.464797973632812,266.0549011230469,0.0199999995529651,17.552000045776367,0.2039999961853027
1783044000000,2026-07-03 02:00:00,,,,,,,,,,,,14.152000427246094,76.0,1022.5999755859376,9.98280143737793,0.0,11.304228782653809,260.8377380371094,0.0199999995529651,16.902000427246094,0.2039999961853027
1783047600000,2026-07-03 03:00:00,,,,,,,,,,,,13.751999855041504,78.0,1023.0,9.983278274536133,0.0,11.72075080871582,259.3804016113281,0.0199999995529651,16.45199966430664,0.2039999961853027
1783051200000,2026-07-03 04:00:00,,,,,,,,,,,,13.45199966430664,80.0,1023.5,10.07009983062744,0.0,11.298495292663574,247.52052307128903,0.0199999995529651,16.101999282836914,0.2049999982118606
1783054800000,2026-07-03 05:00:00,,,,,,,,,,,,14.001999855041504,77.0,1024.0,10.032919883728027,0.0,13.854154586791992,245.432846069336,0.0299999993294477,16.25200080871582,0.2049999982118606
1783058400000,2026-07-03 06:00:00,,,,,,,,,,,,15.10200023651123,74.0,1024.300048828125,10.501354217529297,0.0,14.917211532592772,250.2530670166016,0.0500000044703483,17.20199966430664,0.2049999982118606
1783062000000,2026-07-03 07:00:00,,,,,,,,,,,,16.70199966430664,66.0,1024.199951171875,10.318511962890623,0.0,15.986595153808594,262.23492431640625,0.0700000077486038,18.60199928283692,0.2049999982118606
1783065600000,2026-07-03 08:00:00,,,,,,,,,,,,18.00200080871582,59.0,1024.0999755859375,9.869930267333984,0.0,19.201873779296875,276.4587097167969,0.1099999994039535,20.20199966430664,0.2049999982118606
1783069200000,2026-07-03 09:00:00,,,,,,,,,,,,19.20199966430664,50.0,1024.0,8.52684211730957,0.0,21.868331909179688,290.2249450683594,0.1400000154972076,21.45199966430664,0.2049999982118606
1783072800000,2026-07-03 10:00:00,,,,,,,,,,,,19.652000427246094,51.0,1024.0999755859375,9.234797477722168,0.0,18.455047607421875,290.5561218261719,0.1299999952316284,21.60199928283692,0.2049999982118606
1783076400000,2026-07-03 11:00:00,,,,,,,,,,,,20.95199966430664,45.0,1024.0,8.56999683380127,0.0,17.11420440673828,292.24908447265625,0.1500000059604644,22.35199928283692,0.2049999982118606
1783076798032,2026-07-03 11:06:38,,,,18.86,18.18,18.09,,,,-110.0,-8.8,,,,,,,,,,
1783080000000,2026-07-03 12:00:00,,,,,,,,,,,,21.70199966430664,39.0,1024.0999755859375,7.142599105834961,0.0,18.86138916015625,293.62939453125,0.2000000178813934,23.70199966430664,0.2039999961853027
1783083600000,2026-07-03 13:00:00,,,,,,,,,,,,22.402000427246094,37.0,1023.7999877929688,6.996936321258545,0.0,14.934576988220217,285.3763122558594,0.2100000232458114,24.50200080871582,0.2039999961853027
1783087200000,2026-07-03 14:00:00,,,,,,,,,,,,22.20199966430664,40.0,1023.7000122070312,7.960886478424072,0.0,22.36640167236328,303.17852783203125,0.1800000071525573,24.70199966430664,0.2039999961853027
1783090800000,2026-07-03 15:00:00,,,,,,,,,,,,22.50200080871582,39.0,1023.4000244140624,7.856913089752197,0.0,19.16471672058105,298.0090637207031,0.1700000017881393,24.75200080871582,0.2039999961853027
1783091198345,2026-07-03 15:06:38,26.4,17.06,31.95,,,,485.91,388.53,343.62,-113.0,3.2,,,,,,,,,,
1783094400000,2026-07-03 16:00:00,,,,,,,,,,,,22.25200080871582,38.0,1023.0999755859376,7.253249645233154,0.0,16.61079216003418,299.8988037109375,0.1599999964237213,24.45199966430664,0.2039999961853027
1783098000000,2026-07-03 17:00:00,,,,,,,,,,,,22.152000427246094,38.0,1023.0,7.164236545562744,0.0,15.459053993225098,297.7584228515625,0.1400000154972076,24.00200080871582,0.2039999961853027
1783101600000,2026-07-03 18:00:00,,,,,,,,,,,,21.70199966430664,37.0,1022.9000244140624,6.375730991363525,0.0,14.973576545715332,297.1810302734375,0.1199999973177909,23.25200080871582,0.2039999961853027
1783105200000,2026-07-03 19:00:00,,,,,,,,,,,,19.902000427246094,48.0,1023.4000244140624,8.566198348999023,0.0,10.195056915283203,312.13751220703125,0.0799999982118606,22.00200080871582,0.2039999961853027
1783108800000,2026-07-03 20:00:00,,,,,,,,,,,,18.20199966430664,55.0,1023.9000244140624,9.012130737304688,0.0,8.714676856994629,308.2901916503906,0.0500000044703483,20.50200080871582,0.2039999961853027
1783112400000,2026-07-03 21:00:00,,,,,,,,,,,,16.802000045776367,62.0,1024.4000244140625,9.479527473449709,0.0,3.3190360069274902,310.6012268066406,0.0299999993294477,19.25200080871582,0.2039999961853027
1783116000000,2026-07-03 22:00:00,,,,,,,,,,,,15.802000045776367,65.0,1024.699951171875,9.23509693145752,0.0,5.759999752044678,270.0,0.0199999995529651,18.35199928283692,0.2039999961853027
1783119600000,2026-07-03 23:00:00,,,,,,,,,,,,15.20199966430664,65.0,1024.9000244140625,8.665118217468262,0.0,7.235910415649414,275.71051025390625,0.0299999993294477,17.70199966430664,0.2039999961853027
1783119992920,2026-07-03 23:06:32,26.34,16.97,31.88,,,,485.84,388.43,343.56,-110.0,-7.8,,,,,,,,,,
1783123200000,2026-07-04 00:00:00,,,,,,,,,,,,13.70199966430664,78.0,1025.4000244140625,9.934734344482422,0.0,5.804825305938721,277.1249084472656,0.0099999997764825,16.50200080871582,0.2029999941587448
1783126800000,2026-07-04 01:00:00,,,,,,,,,,,,13.35200023651123,80.0,1025.5,9.9727201461792,0.0,5.411986351013184,273.8139953613281,0.0099999997764825,16.052000045776367,0.2029999941587448
1783130400000,2026-07-04 02:00:00,,,,,,,,,,,,13.052000045776367,81.0,1025.800048828125,9.865925788879396,0.0,5.315336227416992,241.6993408203125,0.0099999997764825,15.60200023651123,0.2029999941587448
1783134000000,2026-07-04 03:00:00,,,,,,,,,,,,12.70199966430664,80.0,1025.699951171875,9.339720726013184,0.0,5.692099571228027,251.56495666503903,0.0099999997764825,15.10200023651123,0.2029999941587448
1783137600000,2026-07-04 04:00:00,,,,,,,,,,,,12.552000045776367,82.0,1025.5,9.560917854309082,0.0,6.287129878997803,256.75946044921875,0.0099999997764825,14.85200023651123,0.2029999941587448
1783141200000,2026-07-04 05:00:00,,,,,,,,,,,,13.10200023651123,80.0,1025.4000244140625,9.72926425933838,0.0,7.56856632232666,244.65386962890625,0.0199999995529651,15.10200023651123,0.2029999941587448
1783144800000,2026-07-04 06:00:00,,,,,,,,,,,,13.85200023651123,75.0,1025.5999755859375,9.49509334564209,0.0,9.44957160949707,252.25523376464844,0.0299999993294477,15.902000427246094,0.2039999961853027
1783148400000,2026-07-04 07:00:00,,,,,,,,,,,,14.751999855041504,71.0,1025.5999755859375,9.545811653137209,0.0,9.832679748535156,246.25048828125,0.0500000044703483,16.851999282836914,0.2039999961853027
1783148787546,2026-07-04 07:06:27,26.28,16.94,31.81,,,,485.77,388.4,343.5,-112.0,-4.2,,,,,,,,,,
1783152000000,2026-07-04 08:00:00,,,,,,,,,,,,15.10200023651123,71.0,1025.5999755859375,9.881808280944824,0.0,10.002559661865234,239.74365234375,0.0599999986588954,17.552000045776367,0.2039999961853027
1783155600000,2026-07-04 09:00:00,,,,,,,,,,,,15.60200023651123,71.0,1025.199951171875,10.361773490905762,0.1000000014901161,9.79305934906006,233.9725341796875,0.0700000077486038,18.052000045776367,0.2039999961853027
1783159200000,2026-07-04 10:00:00,,,,,,,,,,,,15.902000427246094,72.0,1024.699951171875,10.860044479370115,0.2000000029802322,10.703569412231444,227.72637939453125,0.0799999982118606,18.402000427246094,0.2039999961853027
1783162800000,2026-07-04 11:00:00,,,,,,,,,,,,16.152000427246094,73.0,1024.0999755859375,11.308544158935549,0.3000000119209289,8.714676856994629,218.2902069091797,0.0900000035762786,18.552000045776367,0.2039999961853027
1783163184850,2026-07-04 11:06:24,26.22,16.94,31.81,,,,485.7,388.4,343.5,-115.0,-4.5,,,,,,,,,,
1783166400000,2026-07-04 12:00:00,,,,,,,,,,,,16.652000427246094,76.0,1023.2999877929688,12.40202522277832,0.4000000059604645,9.114471435546877,189.09019470214844,0.0900000035762786,18.70199966430664,0.2039999961853027
1783170000000,2026-07-04 13:00:00,,,,,,,,,,,,16.75200080871582,80.0,1023.2000122070312,13.283109664916992,0.4000000059604645,7.2805495262146,188.5306854248047,0.0700000077486038,18.60199928283692,0.2039999961853027
1783173600000,2026-07-04 14:00:00,,,,,,,,,,,,17.601999282836914,82.0,1022.0,14.49227237701416,0.1000000014901161,7.920000076293945,180.0,0.0500000044703483,18.50200080871582,0.2039999961853027
1783177200000,2026-07-04 15:00:00,,,,,,,,,,,,19.45199966430664,76.0,1021.5,15.11064910888672,0.0,5.116561412811279,219.2893829345703,0.0599999986588954,19.152000427246094,0.2039999961853027
1783177579100,2026-07-04 15:06:19,,,,18.18,17.58,17.79,,,,-115.0,-0.8,,,,,,,,,,
1783177582082,2026-07-04 15:06:22,26.16,16.91,31.77,,,,485.63,388.37,343.46,-113.0,-2.5,,,,,,,,,,
1783180800000,2026-07-04 16:00:00,,,,,,,,,,,,21.152000427246094,71.0,1020.7000122070312,15.686844825744627,0.0,6.479999542236328,270.0,0.0700000077486038,20.20199966430664,0.2039999961853027
1783184400000,2026-07-04 17:00:00,,,,,,,,,,,,20.402000427246094,75.0,1020.7000122070312,15.822068214416504,0.0,11.792404174804688,301.263671875,0.0900000035762786,20.75200080871582,0.2039999961853027
1783188000000,2026-07-04 18:00:00,,,,,,,,,,,,19.85199928283692,78.0,1020.5999755859376,15.903478622436523,0.1000000014901161,11.43531322479248,298.1784973144531,0.0599999986588954,20.45199966430664,0.2049999982118606
1783191600000,2026-07-04 19:00:00,,,,,,,,,,,,19.152000427246094,79.0,1020.7000122070312,15.422840118408203,0.0,9.028754234313965,293.4985656738281,0.0399999991059303,19.802000045776367,0.2049999982118606
1783195200000,2026-07-04 20:00:00,,,,,,,,,,,,18.25200080871582,82.0,1021.0,15.126837730407717,0.3000000119209289,10.041354179382324,284.53448486328125,0.0299999993294477,19.20199966430664,0.2049999982118606
1783198800000,2026-07-04 21:00:00,,,,,,,,,,,,17.802000045776367,84.0,1021.0,15.061738967895508,0.1000000014901161,9.028754234313965,265.4261474609375,0.0299999993294477,18.70199966430664,0.2049999982118606
1783202400000,2026-07-04 22:00:00,,,,,,,,,,,,17.402000427246094,83.0,1021.0,14.484543800354004,0.0,9.746630668640137,265.763671875,0.0299999993294477,18.302000045776367,0.2049999982118606
1783206000000,2026-07-04 23:00:00,,,,,,,,,,,,17.152000427246094,85.0,1020.7000122070312,14.608577728271484,0.0,10.239453315734863,259.8753967285156,0.0199999995529651,18.00200080871582,0.2049999982118606
1783206373680,2026-07-04 23:06:13,,,,17.4,17.52,17.67,,,,-108.0,-4.8,,,,,,,,,,
1783209600000,2026-07-05 00:00:00,,,,,,,,,,,,17.45199966430664,81.0,1019.7000122070312,14.156204223632812,0.0,9.885261535644531,259.5085754394531,0.0199999995529651,18.302000045776367,0.2049999982118606
1783213200000,2026-07-05 01:00:00,,,,,,,,,,,,17.20199966430664,82.0,1019.7000122070312,14.10175323486328,0.0,10.829957962036133,248.5522003173828,0.0299999993294477,18.052000045776367,0.2049999982118606
1783216800000,2026-07-05 02:00:00,,,,,,,,,,,,17.25200080871582,83.0,1019.5999755859376,14.337885856628418,0.0,11.966954231262209,254.29129028320312,0.0299999993294477,17.95199966430664,0.2060000002384185
1783220400000,2026-07-05 03:00:00,,,,,,,,,,,,17.20199966430664,84.0,1019.0,14.474263191223145,0.0,12.661563873291016,255.1734771728516,0.0199999995529651,17.851999282836914,0.2060000002384185
1783220770968,2026-07-05 03:06:10,,,,18.12,17.37,17.28,,,,-114.0,-3.0,,,,,,,,,,
1783224000000,2026-07-05 04:00:00,,,,,,,,,,,,17.101999282836914,85.0,1018.9000244140624,14.55954647064209,0.699999988079071,14.79945945739746,265.8151550292969,0.0299999993294477,17.75200080871582,0.2060000002384185
1783227600000,2026-07-05 05:00:00,,,,,,,,,,,,17.101999282836914,85.0,1018.7999877929688,14.55954647064209,0.0,14.44044303894043,265.7109375,0.0299999993294477,17.802000045776367,0.2060000002384185
1783231200000,2026-07-05 06:00:00,,,,,,,,,,,,17.45199966430664,83.0,1019.0,14.53342628479004,0.0,16.65753936767578,276.2033386230469,0.0399999991059303,18.052000045776367,0.2060000002384185
1783234800000,2026-07-05 07:00:00,,,,,,,,,,,,18.302000045776367,78.0,1019.0999755859376,14.399559020996094,0.0,16.17998504638672,290.8545227050781,0.0599999986588954,18.75200080871582,0.2060000002384185
1783235168259,2026-07-05 07:06:08,,,,18.03,17.46,17.58,,,,-109.0,1.8,,,,,,,,,,
1783238400000,2026-07-05 08:00:00,,,,,,,,,,,,18.70199966430664,78.0,1019.2000122070312,14.787692070007324,0.0,14.587776184082031,285.7512512207031,0.0900000035762786,19.652000427246094,0.2060000002384185
1783242000000,2026-07-05 09:00:00,,,,,,,,,,,,19.302000045776367,72.0,1019.2000122070312,14.128092765808104,0.0,14.75999927520752,282.68035888671875,0.1000000089406967,20.552000045776367,0.2060000002384185
1783245600000,2026-07-05 10:00:00,,,,,,,,,,,,20.302000045776367,70.0,1019.2999877929688,14.65151309967041,0.0,16.520822525024414,281.3099060058594,0.1299999952316284,21.60199928283692,0.2060000002384185
1783249200000,2026-07-05 11:00:00,,,,,,,,,,,,20.45199966430664,68.0,1019.2000122070312,14.346054077148438,0.0,15.683775901794434,279.2460327148437,0.1599999964237213,22.652000427246094,0.2060000002384185
1783249565578,2026-07-05 11:06:05,,,,18.06,17.88,17.58,,,,-110.0,2.8,,,,,,,,,,
1783252800000,2026-07-05 12:00:00,,,,,,,,,,,,20.25200080871582,67.0,1019.2999877929688,13.926634788513184,0.0,14.68958854675293,287.1028137207031,0.1000000089406967,21.85199928283692,0.2060000002384185
1783256400000,2026-07-05 13:00:00,,,,,,,,,,,,20.95199966430664,64.0,1019.2000122070312,13.885482788085938,0.0,15.937877655029297,288.4350280761719,0.1500000059604644,22.552000045776367,0.2060000002384185
1783260000000,2026-07-05 14:00:00,,,,,,,,,,,,19.75200080871582,72.0,1019.2999877929688,14.560504913330078,0.2000000029802322,14.51206398010254,299.7447814941406,0.1199999973177909,21.95199966430664,0.2060000002384185
1783263600000,2026-07-05 15:00:00,,,,,,,,,,,,20.60199928283692,70.0,1019.0,14.938769340515137,0.2000000029802322,15.188416481018066,301.42950439453125,0.1400000154972076,22.10199928283692,0.2060000002384185
1783263965846,2026-07-05 15:06:05,26.16,16.85,31.7,,,,485.63,388.3,343.4,-115.0,,,,,,,,,,,
1783267200000,2026-07-05 16:00:00,,,,,,,,,,,,19.302000045776367,78.0,1018.9000244140624,15.36986255645752,0.5,11.874544143676758,284.0362548828125,0.1199999973177909,21.85199928283692,0.2060000002384185
1783270800000,2026-07-05 17:00:00,,,,,,,,,,,,19.25200080871582,73.0,1018.7000122070312,14.293100357055664,0.0,13.584932327270508,302.0053405761719,0.1000000089406967,21.20199966430664,0.2060000002384185
1783274400000,2026-07-05 18:00:00,,,,,,,,,,,,18.70199966430664,80.0,1018.5,15.181188583374023,0.0,9.826087951660156,278.4268798828125,0.0599999986588954,20.402000427246094,0.2060000002384185
1783278000000,2026-07-05 19:00:00,,,,,,,,,,,,18.20199966430664,81.0,1018.7000122070312,14.887320518493652,0.2000000029802322,10.10568141937256,274.0855407714844,0.0500000044703483,19.85199928283692,0.2070000022649765
1783281600000,2026-07-05 20:00:00,,,,,,,,,,,,17.652000427246094,85.0,1018.7000122070312,15.098840713500977,0.0,7.342587947845459,281.3099060058594,0.0399999991059303,19.302000045776367,0.2070000022649765
1783285200000,2026-07-05 21:00:00,,,,,,,,,,,,17.25200080871582,87.0,1018.9000244140624,15.067825317382812,0.0,6.162207126617432,276.7097473144531,0.0199999995529651,18.85199928283692,0.2070000022649765
1783288800000,2026-07-05 22:00:00,,,,,,,,,,,,17.00200080871582,88.0,1018.9000244140624,14.999526023864746,0.0,7.091177463531494,293.9624938964844,0.0199999995529651,18.50200080871582,0.2070000022649765
1783292400000,2026-07-05 23:00:00,,,,,,,,,,,,16.552000045776367,91.0,1018.9000244140624,15.07676601409912,0.0,5.937272071838379,284.0362548828125,0.0199999995529651,18.20199966430664,0.2070000022649765
1783292757424,2026-07-05 23:05:57,,,,18.24,17.91,17.52,,,,-111.0,-0.5,,,,,,,,,,
1783292760456,2026-07-05 23:06:00,26.19,16.85,31.67,,,,485.67,388.3,343.37,-111.0,-2.2,,,,,,,,,,
1783296000000,2026-07-06 00:00:00,,,,,,,,,,,,16.552000045776367,89.0,1018.5,14.731581687927246,2.0999999046325684,9.605998039245604,282.99462890625,0.0299999993294477,18.00200080871582,0.2070000022649765
1783299600000,2026-07-06 01:00:00,,,,,,,,,,,,16.25200080871582,89.0,1018.7000122070312,14.435772895812988,0.0,8.121970176696777,282.80426025390625,0.0199999995529651,17.75200080871582,0.2070000022649765
1783303200000,2026-07-06 02:00:00,,,,,,,,,,,,16.001998901367188,88.0,1018.5,14.014835357666016,0.0,7.993297576904297,262.23492431640625,0.0199999995529651,17.552000045776367,0.2070000022649765
1783306800000,2026-07-06 03:00:00,,,,,,,,,,,,15.552000045776367,86.0,1018.0,13.218788146972656,0.0,9.605998039245604,257.00537109375,0.0199999995529651,17.302000045776367,0.2070000022649765
1783307157725,2026-07-06 03:05:57,26.22,16.85,31.67,,,,485.7,388.3,343.37,-111.0,0.5,,,,,,,,,,
1783310400000,2026-07-06 04:00:00,,,,,,,,,,,,15.251999855041504,87.0,1017.7999877929688,13.101120948791504,0.0,10.041354179382324,255.4654998779297,0.0299999993294477,17.00200080871582,0.2070000022649765
1783314000000,2026-07-06 05:00:00,,,,,,,,,,,,15.45199966430664,86.0,1017.0,13.120582580566406,0.0,9.504273414611816,245.3764495849609,0.0299999993294477,16.95199966430664,0.2070000022649765
1783317600000,2026-07-06 06:00:00,,,,,,,,,,,,15.802000045776367,86.0,1016.7999877929688,13.464295387268066,0.0,9.178235054016112,244.4400787353516,0.0299999993294477,17.00200080871582,0.2070000022649765
1783321200000,2026-07-06 07:00:00,,,,,,,,,,,,16.20199966430664,84.0,1016.5999755859376,13.495078086853027,0.1000000014901161,8.942214012145996,229.899154663086,0.0399999991059303,17.152000427246094,0.2080000042915344
1783321555044,2026-07-06 07:05:55,26.19,16.85,31.67,,,,485.67,388.3,343.37,-113.0,-3.0,,,,,,,,,,
1783324800000,2026-07-06 08:00:00,,,,,,,,,,,,17.00200080871582,84.0,1016.0999755859376,14.278435707092283,0.2000000029802322,12.218805313110352,224.99989318847656,0.0399999991059303,17.45199966430664,0.2080000042915344
1783328400000,2026-07-06 09:00:00,,,,,,,,,,,,17.95199966430664,83.0,1015.5999755859376,15.0222749710083,0.5,13.830748558044434,231.3401641845703,0.0599999986588954,17.95199966430664,0.2080000042915344
1783332000000,2026-07-06 10:00:00,,,,,,,,,,,,18.45199966430664,82.0,1015.2999877929688,15.322077751159668,0.800000011920929,13.47958278656006,235.885482788086,0.0799999982118606,18.652000427246094,0.2080000042915344
1783335600000,2026-07-06 11:00:00,,,,,,,,,,,,18.85199928283692,83.0,1015.2000122070312,15.90214729309082,0.4000000059604645,15.617528915405272,244.0256500244141,0.0799999982118606,19.052000045776367,0.2080000042915344
1783335952325,2026-07-06 11:05:52,26.19,16.88,31.7,,,,485.67,388.34,343.4,-110.0,-6.8,,,,,,,,,,
1783339200000,2026-07-06 12:00:00,,,,,,,,,,,,19.45199966430664,82.0,1015.0999755859376,16.29823875427246,0.3000000119209289,15.391839981079102,259.2157592773437,0.0700000077486038,19.302000045776367,0.2080000042915344
1783342800000,2026-07-06 13:00:00,,,,,,,,,,,,20.60199928283692,74.0,1014.7999877929688,15.805044174194336,0.0,18.391735076904297,266.63360595703125,0.1199999973177909,20.45199966430664,0.2080000042915344
1783346400000,2026-07-06 14:00:00,,,,,,,,,,,,20.302000045776367,80.0,1014.5,16.73830795288086,0.0,14.044614791870115,268.5312194824219,0.0900000035762786,20.552000045776367,0.2080000042915344
1783350000000,2026-07-06 15:00:00,,,,,,,,,,,,20.50200080871582,79.0,1014.2000122070312,16.734615325927734,0.2000000029802322,11.92898941040039,275.1943359375,0.0799999982118606,20.70199966430664,0.2080000042915344
1783350346599,2026-07-06 15:05:46,,,,16.7,17.85,17.43,,,,-119.0,-2.8,,,,,,,,,,
1783350351611,2026-07-06 15:05:51,26.16,16.88,31.7,,,,485.63,388.34,343.4,-107.0,-3.0,,,,,,,,,,
1783353600000,2026-07-06 16:00:00,,,,,,,,,,,,20.70199966430664,79.0,1013.9000244140624,16.928932189941406,0.0,11.841755867004396,289.5367431640625,0.0599999986588954,20.552000045776367,0.2080000042915344
1783357200000,2026-07-06 17:00:00,,,,,,,,,,,,20.35199928283692,80.0,1013.7999877929688,16.78696060180664,0.0,13.5706148147583,291.8014831542969,0.0799999982118606,20.60199928283692,0.2090000063180923
1783360800000,2026-07-06 18:00:00,,,,,,,,,,,,20.00200080871582,82.0,1013.7999877929688,16.835092544555664,0.0,10.390226364135742,284.0362548828125,0.0500000044703483,20.35199928283692,0.2090000063180923
1783364400000,2026-07-06 19:00:00,,,,,,,,,,,,19.45199966430664,82.0,1014.0,16.29823875427246,0.0,10.182336807250977,278.1300048828125,0.0399999991059303,19.902000427246094,0.2090000063180923
1783364743884,2026-07-06 19:05:43,,,,17.88,17.67,17.4,,,,-109.0,-1.2,,,,,,,,,,
1783364745056,2026-07-06 19:05:45,26.16,16.85,31.7,,,,485.63,388.3,343.4,-114.0,-3.0,,,,,,,,,,
1783368000000,2026-07-06 20:00:00,,,,,,,,,,,,18.75200080871582,83.0,1014.0,15.804391860961914,0.0,10.079999923706056,270.0,0.0299999993294477,19.302000045776367,0.2090000063180923
1783371600000,2026-07-06 21:00:00,,,,,,,,,,,,18.152000427246094,84.0,1014.0,15.40442180633545,0.0,9.114471435546877,260.9097900390625,0.0199999995529651,18.75200080871582,0.2090000063180923
1783375200000,2026-07-06 22:00:00,,,,,,,,,,,,17.851999282836914,85.0,1013.7999877929688,15.29493808746338,0.0,9.255571365356444,256.5042419433594,0.0199999995529651,18.20199966430664,0.2090000063180923
1783378800000,2026-07-06 23:00:00,,,,,,,,,,,,17.601999282836914,85.0,1013.5999755859376,15.049813270568848,0.0,9.44957160949707,252.25523376464844,0.0099999997764825,17.802000045776367,0.2090000063180923
1783379141179,2026-07-06 23:05:41,,,,16.81,17.76,17.43,,,,-109.0,-3.0,,,,,,,,,,
1783379144185,2026-07-06 23:05:44,26.19,16.85,31.7,,,,485.67,388.3,343.4,-110.0,-1.5,,,,,,,,,,
1783382400000,2026-07-07 00:00:00,,,,,,,,,,,,18.35199928283692,73.0,1012.2000122070312,13.426751136779783,0.0,4.829906940460205,206.5649871826172,0.0099999997764825,18.20199966430664,0.2070000022649765
1783386000000,2026-07-07 01:00:00,,,,,,,,,,,,18.45199966430664,68.0,1011.2000122070312,12.437336921691896,0.0,5.815978050231934,201.8014678955078,0.0099999997764825,18.10199928283692,0.2070000022649765
1783389600000,2026-07-07 02:00:00,,,,,,,,,,,,19.00200080871582,67.0,1011.0999755859376,12.735837936401367,0.0,9.5042724609375,232.6959686279297,0.0199999995529651,18.00200080871582,0.2070000022649765
1783393200000,2026-07-07 03:00:00,,,,,,,,,,,,19.052000045776367,68.0,1010.9000244140624,13.010025024414062,0.0,12.48115348815918,236.76828002929688,0.0199999995529651,18.052000045776367,0.2070000022649765
1783393538472,2026-07-07 03:05:38,,,,18.12,17.76,17.4,,,,-114.0,1.0,,,,,,,,,,
1783396800000,2026-07-07 04:00:00,,,,,,,,,,,,18.60199928283692,70.0,1011.4000244140624,13.023456573486328,0.0,10.10568141937256,265.9144592285156,0.0199999995529651,18.152000427246094,0.2080000042915344
1783400400000,2026-07-07 05:00:00,,,,,,,,,,,,18.35199928283692,72.0,1011.5,13.215126991271973,0.1000000014901161,8.759178161621094,260.5377502441406,0.0199999995529651,18.25200080871582,0.2080000042915344
1783404000000,2026-07-07 06:00:00,,,,,,,,,,,,18.552000045776367,70.0,1011.5,12.975567817687988,0.0,11.04326057434082,250.97430419921875,0.0299999993294477,18.60199928283692,0.2080000042915344
1783407600000,2026-07-07 07:00:00,,,,,,,,,,,,19.152000427246094,68.0,1011.5999755859376,13.105466842651367,0.0,13.797911643981934,262.5042419433594,0.0500000044703483,19.552000045776367,0.2080000042915344
1783407935772,2026-07-07 07:05:35,,,,17.28,17.76,17.4,,,,-110.0,-5.0,,,,,,,,,,
1783407936952,2026-07-07 07:05:36,26.28,16.91,31.7,,,,485.77,388.37,343.4,-107.0,-0.8,,,,,,,,,,
1783411200000,2026-07-07 08:00:00,,,,,,,,,,,,19.302000045776367,69.0,1011.5,13.47267723083496,0.1000000014901161,14.205182075500488,261.25390625,0.0599999986588954,20.152000427246094,0.2080000042915344
1783414800000,2026-07-07 09:00:00,,,,,,,,,,,,19.902000427246094,68.0,1011.0999755859376,13.8212251663208,0.1000000014901161,15.281989097595217,254.9815826416016,0.0900000035762786,21.00200080871582,0.2080000042915344
1783418400000,2026-07-07 10:00:00,,,,,,,,,,,,21.60199928283692,60.0,1010.9000244140624,13.50564956665039,0.1000000014901161,19.803272247314453,271.0415954589844,0.1000000089406967,21.70199966430664,0.2070000022649765
1783422000000,2026-07-07 11:00:00,,,,,,,,,,,,23.25200080871582,54.0,1010.5,13.42782974243164,0.0,21.67486953735352,274.7635498046875,0.1400000154972076,23.45199966430664,0.2070000022649765
1783425600000,2026-07-07 12:00:00,,,,,,,,,,,,23.152000427246094,55.0,1010.5999755859376,13.616930961608888,0.0,23.40276908874512,269.1186218261719,0.1199999973177909,24.052000045776367,0.2070000022649765
1783429200000,2026-07-07 13:00:00,,,,,,,,,,,,22.70199966430664,58.0,1010.7999877929688,14.015218734741213,0.0,20.43138694763184,284.2811279296875,0.0799999982118606,23.552000045776367,0.2070000022649765
1783432800000,2026-07-07 14:00:00,,,,,,,,,,,,23.70199966430664,54.0,1010.5,13.845208168029783,0.0,21.868331909179688,290.2249450683594,0.1000000089406967,24.152000427246094,0.2070000022649765
1783436400000,2026-07-07 15:00:00,,,,,,,,,,,,23.75200080871582,55.0,1009.7999877929688,14.174671173095703,0.0,17.584810256958008,292.8905944824219,0.0799999982118606,24.35199928283692,0.2070000022649765
1783436730347,2026-07-07 15:05:30,,,,18.03,17.7,17.46,,,,-109.0,0.5,,,,,,,,,,
1783436731530,2026-07-07 15:05:31,26.25,16.94,31.7,,,,485.74,388.4,343.4,-111.0,-3.8,,,,,,,,,,
1783440000000,2026-07-07 16:00:00,,,,,,,,,,,,23.45199966430664,52.0,1009.7999877929688,13.034289360046388,0.0,24.203140258789062,300.3790588378906,0.0799999982118606,24.25200080871582,0.2070000022649765
1783443600000,2026-07-07 17:00:00,,,,,,,,,,,,21.10199928283692,63.0,1010.5999755859376,13.784832000732422,0.0,21.0284366607666,308.0470886230469,0.0500000044703483,23.302000045776367,0.2060000002384185
1783447200000,2026-07-07 18:00:00,,,,,,,,,,,,19.85199928283692,69.0,1011.0999755859376,13.998477935791016,0.0,18.87512588500977,304.9025573730469,0.0299999993294477,22.00200080871582,0.2060000002384185
1783450800000,2026-07-07 19:00:00,,,,,,,,,,,,19.00200080871582,70.0,1011.7999877929688,13.406571388244627,0.0,17.068706512451172,297.6458740234375,0.0199999995529651,21.052000045776367,0.2060000002384185
1783451130638,2026-07-07 19:05:30,26.28,16.94,31.7,,,,485.77,388.4,343.4,-110.0,-2.8,,,,,,,,,,
1783454400000,2026-07-07 20:00:00,,,,,,,,,,,,18.35199928283692,74.0,1012.2999877929688,13.635838508605955,0.0,15.509273529052734,291.8014831542969,0.0199999995529651,20.302000045776367,0.2060000002384185
1783458000000,2026-07-07 21:00:00,,,,,,,,,,,,17.95199966430664,76.0,1012.7999877929688,13.659717559814451,0.0,14.654253959655762,297.8240051269531,0.0199999995529651,19.75200080871582,0.2060000002384185
1783461600000,2026-07-07 22:00:00,,,,,,,,,,,,17.552000045776367,76.0,1013.2000122070312,13.272759437561035,0.0,17.373497009277344,304.0193786621094,0.0199999995529651,19.402000427246094,0.2060000002384185
1783465200000,2026-07-07 23:00:00,,,,,,,,,,,,17.152000427246094,76.0,1013.4000244140624,12.88577938079834,0.0,15.941944122314451,295.4076843261719,0.0199999995529651,19.00200080871582,0.2060000002384185
1783465527924,2026-07-07 23:05:27,26.28,16.94,31.7,,,,485.77,388.4,343.4,-112.0,2.5,,,,,,,,,,
1783468800000,2026-07-08 00:00:00,,,,,,,,,,,,16.402000427246094,83.0,1013.2000122070312,13.506779670715332,0.0,13.27614402770996,310.6012268066406,0.0299999993294477,18.552000045776367,0.2060000002384185
1783472400000,2026-07-08 01:00:00,,,,,,,,,,,,15.70199966430664,81.0,1013.7999877929688,12.45006275177002,0.0,12.475960731506348,313.8309326171875,0.0199999995529651,18.052000045776367,0.2060000002384185
1783476000000,2026-07-08 02:00:00,,,,,,,,,,,,15.10200023651123,85.0,1014.0999755859376,12.59830379486084,0.0,9.79305934906006,306.0274658203125,0.0199999995529651,17.402000427246094,0.2070000022649765
1783479600000,2026-07-08 03:00:00,,,,,,,,,,,,14.902000427246094,83.0,1014.7999877929688,12.039977073669434,0.0,9.220499038696287,308.6598205566406,0.0199999995529651,17.101999282836914,0.2070000022649765
1783479922214,2026-07-08 03:05:22,,,,16.96,17.43,17.4,,,,-115.0,,,,,,,,,,,
1783483200000,2026-07-08 04:00:00,,,,,,,,,,,,14.652000427246094,84.0,1015.2999877929688,11.977185249328612,0.0,8.20926284790039,307.8750305175781,0.0199999995529651,16.902000427246094,0.2070000022649765
1783486800000,2026-07-08 05:00:00,,,,,,,,,,,,14.802000045776367,77.0,1015.7999877929688,10.808368682861328,0.0,9.693296432495115,301.3286437988281,0.0299999993294477,16.851999282836914,0.2070000022649765
1783490400000,2026-07-08 06:00:00,,,,,,,,,,,,15.251999855041504,71.0,1016.0999755859376,10.025802612304688,0.0,11.681986808776855,303.6900939941406,0.0599999986588954,17.402000427246094,0.2070000022649765
1783494000000,2026-07-08 07:00:00,,,,,,,,,,,,16.001998901367188,64.0,1016.2999877929688,9.194581031799316,0.0,12.889809608459473,305.9097900390625,0.0900000035762786,18.552000045776367,0.2070000022649765
1783497600000,2026-07-08 08:00:00,,,,,,,,,,,,16.851999282836914,61.0,1016.2000122070312,9.284828186035156,0.0,13.532360076904297,298.6103515625,0.1299999952316284,19.95199966430664,0.2070000022649765
1783501200000,2026-07-08 09:00:00,,,,,,,,,,,,17.652000427246094,58.0,1016.5,9.287044525146484,0.0,14.081477165222168,302.4711608886719,0.1500000059604644,21.20199966430664,0.2070000022649765
1783504800000,2026-07-08 10:00:00,,,,,,,,,,,,19.10199928283692,54.0,1016.7000122070312,9.576170921325684,0.0,14.2006196975708,300.4654541015625,0.1899999976158142,22.85199928283692,0.2070000022649765
1783508400000,2026-07-08 11:00:00,,,,,,,,,,,,20.302000045776367,51.0,1016.7000122070312,9.834209442138672,0.0,15.57598114013672,303.6900939941406,0.2199999988079071,24.35199928283692,0.2060000002384185
1783508716816,2026-07-08 11:05:16,,,,18.18,17.82,17.34,,,,-120.0,-9.2,,,,,,,,,,
1783508719818,2026-07-08 11:05:19,26.22,17.01,31.7,,,,485.7,388.47,343.4,-111.0,-1.8,,,,,,,,,,
1783512000000,2026-07-08 12:00:00,,,,,,,,,,,,21.052000045776367,47.0,1016.7999877929688,9.305621147155762,0.0,15.12428379058838,308.2338562011719,0.2399999946355819,25.25200080871582,0.2060000002384185
1783515600000,2026-07-08 13:00:00,,,,,,,,,,,,22.25200080871582,42.0,1016.5,8.725564956665039,0.0,15.778515815734863,304.77789306640625,0.2399999946355819,26.052000045776367,0.2060000002384185
1783519200000,2026-07-08 14:00:00,,,,,,,,,,,,22.70199966430664,42.0,1016.4000244140624,9.13080883026123,0.0,15.484185218811035,305.5377502441406,0.2399999946355819,26.75200080871582,0.2060000002384185
1783522800000,2026-07-08 15:00:00,,,,,,,,,,,,22.85199928283692,43.0,1016.5,9.616047859191896,0.0,15.580141067504885,310.31402587890625,0.2199999988079071,26.802000045776367,0.2060000002384185
1783523117088,2026-07-08 15:05:17,26.19,17.03,31.67,,,,485.67,388.5,343.37,-108.0,0.2,,,,,,,,,,
1783526400000,2026-07-08 16:00:00,,,,,,,,,,,,22.70199966430664,43.0,1016.5,9.48060703277588,0.0,14.843179702758787,309.0938415527344,0.1899999976158142,26.25200080871582,0.2049999982118606
1783530000000,2026-07-08 17:00:00,,,,,,,,,,,,22.20199966430664,39.0,1016.5999755859376,7.589071750640869,0.0,13.891522407531738,301.2183532714844,0.1599999964237213,25.25200080871582,0.2049999982118606
1783533600000,2026-07-08 18:00:00,,,,,,,,,,,,21.50200080871582,39.0,1016.5999755859376,6.963988304138184,0.0,14.2006196975708,300.4654541015625,0.1299999952316284,23.85199928283692,0.2049999982118606
1783537200000,2026-07-08 19:00:00,,,,,,,,,,,,20.00200080871582,48.0,1016.9000244140624,8.657763481140137,0.0,10.308830261230469,294.7751159667969,0.0799999982118606,22.302000045776367,0.2049999982118606
1783537514397,2026-07-08 19:05:14,26.13,17.01,31.63,,,,485.59,388.47,343.34,-113.0,1.0,,,,,,,,,,
1783540800000,2026-07-08 20:00:00,,,,,,,,,,,,18.10199928283692,65.0,1017.4000244140624,11.419379234313965,0.0,6.92473840713501,332.1028137207031,0.0399999991059303,20.70199966430664,0.2049999982118606
1783544400000,2026-07-08 21:00:00,,,,,,,,,,,,16.652000427246094,65.0,1017.7999877929688,10.042447090148926,0.0,6.369049549102783,317.2906188964844,0.0299999993294477,19.402000427246094,0.2049999982118606
1783548000000,2026-07-08 22:00:00,,,,,,,,,,,,15.45199966430664,72.0,1018.0,10.42738151550293,0.0,6.193674087524414,305.5377502441406,0.0199999995529651,18.302000045776367,0.2060000002384185
1783551600000,2026-07-08 23:00:00,,,,,,,,,,,,14.45199966430664,76.0,1018.0999755859376,10.273147583007812,0.0,6.7637858390808105,295.2010803222656,0.0199999995529651,17.45199966430664,0.2060000002384185
1783551908682,2026-07-08 23:05:08,,,,18.03,17.94,17.37,,,,-113.0,-7.2,,,,,,,,,,
1783555200000,2026-07-09 00:00:00,,,,,,,,,,,,15.751999855041504,68.0,1018.0999755859376,9.859504699707031,0.0,6.369049549102783,312.7093811035156,0.0199999995529651,18.552000045776367,0.2039999961853027
1783558800000,2026-07-09 01:00:00,,,,,,,,,,,,15.001999855041504,72.0,1018.2000122070312,9.9946928024292,0.0,6.287129878997803,293.62939453125,0.0199999995529651,17.902000427246094,0.2039999961853027
1783562400000,2026-07-09 02:00:00,,,,,,,,,,,,14.45199966430664,76.0,1018.2000122070312,10.273147583007812,0.0,7.289443969726562,290.2249450683594,0.0099999997764825,17.25200080871582,0.2039999961853027
1783566000000,2026-07-09 03:00:00,,,,,,,,,,,,13.902000427246094,84.0,1018.2000122070312,11.24265193939209,0.0,8.08999252319336,290.8545227050781,0.0099999997764825,16.652000427246094,0.2039999961853027
1783566305973,2026-07-09 03:05:05,,,,18.0,17.67,17.34,,,,-114.0,-1.8,,,,,,,,,,
1783569600000,2026-07-09 04:00:00,,,,,,,,,,,,13.802000045776367,86.0,1018.0999755859376,11.500121116638184,0.0,8.427383422851562,289.9831848144531,0.0099999997764825,16.302000045776367,0.2039999961853027
1783573200000,2026-07-09 05:00:00,,,,,,,,,,,,14.552000045776367,87.0,1018.0,12.41271686553955,0.0,7.199999809265137,270.0,0.0099999997764825,16.601999282836914,0.2039999961853027
1783576800000,2026-07-09 06:00:00,,,,,,,,,,,,15.20199966430664,85.0,1018.0999755859376,12.696370124816896,0.0,7.235910415649414,275.71051025390625,0.0099999997764825,17.052000045776367,0.2039999961853027
1783580400000,2026-07-09 07:00:00,,,,,,,,,,,,16.101999282836914,80.0,1018.4000244140624,12.6503267288208,0.0,11.119280815124512,299.05450439453125,0.0199999995529651,17.552000045776367,0.2039999961853027
1783580706302,2026-07-09 07:05:06,26.1,16.94,31.6,,,,485.56,388.4,343.31,-103.0,-7.2,,,,,,,,,,
1783584000000,2026-07-09 08:00:00,,,,,,,,,,,,16.802000045776367,78.0,1018.4000244140624,12.94389820098877,0.0,9.67322063446045,315.0000915527344,0.0299999993294477,18.35199928283692,0.2039999961853027
1783587600000,2026-07-09 09:00:00,,,,,,,,,,,,17.902000427246094,69.0,1018.5,12.13404369354248,0.0,10.086426734924316,304.8245544433594,0.0500000044703483,19.60199928283692,0.2039999961853027
1783591200000,2026-07-09 10:00:00,,,,,,,,,,,,18.552000045776367,64.0,1018.5999755859376,11.61169719696045,0.0,10.195056915283203,312.13751220703125,0.0599999986588954,20.60199928283692,0.2039999961853027
1783594800000,2026-07-09 11:00:00,,,,,,,,,,,,19.35199928283692,64.0,1018.5999755859376,12.369747161865234,0.0,9.585739135742188,325.71307373046875,0.0799999982118606,21.902000427246094,0.2039999961853027
1783595100586,2026-07-09 11:05:00,,,,16.46,17.7,17.52,,,,-108.0,-4.8,,,,,,,,,,
1783598400000,2026-07-09 12:00:00,,,,,,,,,,,,19.50200080871582,64.0,1018.5,12.511869430541992,0.0,8.161764144897461,318.576416015625,0.0799999982118606,22.402000427246094,0.2039999961853027
1783602000000,2026-07-09 13:00:00,,,,,,,,,,,,20.60199928283692,62.0,1018.2000122070312,13.066892623901367,0.0,11.212135314941406,317.60260009765625,0.1000000089406967,23.902000427246094,0.2039999961853027
1783605600000,2026-07-09 14:00:00,,,,,,,,,,,,20.85199928283692,58.0,1018.0999755859376,12.28379726409912,0.0,10.464797019958496,310.8149719238281,0.0900000035762786,24.052000045776367,0.2039999961853027
1783609200000,2026-07-09 15:00:00,,,,,,,,,,,,21.35199928283692,56.0,1017.9000244140624,12.216946601867676,0.0,10.587918281555176,305.311279296875,0.1000000089406967,24.402000427246094,0.2039999961853027
1783612800000,2026-07-09 16:00:00,,,,,,,,,,,,21.652000427246094,60.0,1017.5999755859376,13.552640914916992,0.0,11.246759414672852,309.8055114746094,0.0900000035762786,24.552000045776367,0.2039999961853027
1783616400000,2026-07-09 17:00:00,,,,,,,,,,,,21.50200080871582,57.0,1017.4000244140624,12.626562118530272,0.0,10.4399995803833,313.6029052734375,0.0799999982118606,24.00200080871582,0.2029999941587448
1783620000000,2026-07-09 18:00:00,,,,,,,,,,,,21.302000045776367,57.0,1017.2999877929688,12.439751625061035,0.0,9.220499038696287,321.3401794433594,0.0599999986588954,23.302000045776367,0.2029999941587448
1783623600000,2026-07-09 19:00:00,,,,,,,,,,,,20.85199928283692,64.0,1017.4000244140624,13.790761947631836,0.0,6.92473840713501,297.8971862792969,0.0399999991059303,22.35199928283692,0.2029999941587448
1783623895174,2026-07-09 19:04:55,,,,16.67,17.7,17.28,,,,-111.0,0.2,,,,,,,,,,
1783623898160,2026-07-09 19:04:58,26.04,16.94,31.56,,,,485.49,388.4,343.28,-109.0,-0.2,,,,,,,,,,
1783627200000,2026-07-09 20:00:00,,,,,,,,,,,,19.802000045776367,70.0,1017.5999755859376,14.172719955444336,0.0,3.7064266204833984,330.94549560546875,0.0199999995529651,21.25200080871582,0.2029999941587448
1783630800000,2026-07-09 21:00:00,,,,,,,,,,,,18.802000045776367,73.0,1017.7999877929688,13.859942436218262,0.0,3.89399528503418,326.3099060058594,0.0099999997764825,20.302000045776367,0.2029999941587448
1783634400000,2026-07-09 22:00:00,,,,,,,,,,,,17.75200080871582,75.0,1018.0,13.262958526611328,0.0,4.072935104370117,315.0000915527344,0.0099999997764825,19.552000045776367,0.2029999941587448
1783638000000,2026-07-09 23:00:00,,,,,,,,,,,,16.70199966430664,81.0,1018.2000122070312,13.425037384033203,0.0,3.7064266204833984,299.05450439453125,0.0099999997764825,18.85199928283692,0.2029999941587448
1783638295469,2026-07-09 23:04:55,26.06,16.94,31.56,,,,485.52,388.4,343.28,-109.0,-0.5,,,,,,,,,,
1783641600000,2026-07-10 00:00:00,,,,,,,,,,,,15.652000427246094,86.0,1018.0999755859376,13.316991806030272,0.0,4.693825721740723,302.4711608886719,0.0099999997764825,17.601999282836914,0.2010000050067901
1783645200000,2026-07-10 01:00:00,,,,,,,,,,,,15.60200023651123,83.0,1018.2999877929688,12.72450828552246,0.0,4.693825721740723,302.4711608886719,0.0099999997764825,17.402000427246094,0.2010000050067901
1783648800000,2026-07-10 02:00:00,,,,,,,,,,,,15.501999855041504,85.0,1018.4000244140624,12.99057674407959,0.0,3.826852560043335,311.1858215332031,0.0099999997764825,17.302000045776367,0.2010000050067901
1783652400000,2026-07-10 03:00:00,,,,,,,,,,,,15.501999855041504,85.0,1018.0,12.99057674407959,0.0,2.741678237915039,246.80137634277344,0.0099999997764825,17.25200080871582,0.2010000050067901
1783652694763,2026-07-10 03:04:54,26.1,16.94,31.56,,,,485.56,388.4,343.28,-111.0,-0.5,,,,,,,,,,
1783656000000,2026-07-10 04:00:00,,,,,,,,,,,,15.501999855041504,86.0,1018.0,13.169686317443848,0.0,3.6712939739227295,281.3099060058594,0.0099999997764825,17.20199966430664,0.2010000050067901
1783659600000,2026-07-10 05:00:00,,,,,,,,,,,,15.70199966430664,88.0,1018.2999877929688,13.719417572021484,0.0,5.495161056518555,301.6074523925781,0.0099999997764825,17.302000045776367,0.2010000050067901
1783663200000,2026-07-10 06:00:00,,,,,,,,,,,,16.20199966430664,85.0,1018.2999877929688,13.677023887634276,0.0,5.9044389724731445,322.43133544921875,0.0299999993294477,17.851999282836914,0.2010000050067901
1783666800000,2026-07-10 07:00:00,,,,,,,,,,,,17.101999282836914,78.0,1018.2999877929688,13.23504638671875,0.0,7.289444923400879,327.0947570800781,0.0500000044703483,18.902000427246094,0.2010000050067901
1783670400000,2026-07-10 08:00:00,,,,,,,,,,,,17.601999282836914,74.0,1018.5999755859376,12.91262149810791,0.0,8.089993476867676,327.724365234375,0.0700000077486038,20.10199928283692,0.2010000050067901
1783674000000,2026-07-10 09:00:00,,,,,,,,,,,,18.50200080871582,70.0,1018.7999877929688,12.927678108215332,0.0,6.92473840713501,332.1028137207031,0.1000000089406967,21.652000427246094,0.2010000050067901
1783677600000,2026-07-10 10:00:00,,,,,,,,,,,,19.85199928283692,65.0,1018.7000122070312,13.08067512512207,0.0,5.495161056518555,328.3925476074219,0.1400000154972076,23.70199966430664,0.2010000050067901
1783681200000,2026-07-10 11:00:00,,,,,,,,,,,,21.45199966430664,64.0,1018.4000244140624,14.359048843383787,0.0,6.6380720138549805,319.3987731933594,0.1899999976158142,26.052000045776367,0.2010000050067901
1783684800000,2026-07-10 12:00:00,,,,,,,,,,,,22.75200080871582,58.0,1018.0999755859376,14.062005043029783,0.0,6.287129878997803,336.37060546875,0.2199999988079071,27.85199928283692,0.2000000029802322
1783688400000,2026-07-10 13:00:00,,,,,,,,,,,,24.10199928283692,52.0,1017.9000244140624,13.634405136108398,0.0,6.6380720138549805,347.47119140625,0.2300000041723251,29.152000427246094,0.2000000029802322
1783692000000,2026-07-10 14:00:00,,,,,,,,,,,,25.20199966430664,45.0,1017.7999877929688,12.427756309509276,0.0,6.839999675750732,360.0,0.2300000041723251,29.902000427246094,0.1990000009536743
1783695600000,2026-07-10 15:00:00,,,,,,,,,,,,25.85199928283692,43.0,1017.5999755859376,12.323286056518556,0.0,6.830519199371338,18.4350528717041,0.2100000232458114,30.10199928283692,0.1990000009536743
1783695881645,2026-07-10 15:04:41,,,,17.82,16.87,17.2,,,,-112.0,0.8,,,,,,,,,,
1783695884667,2026-07-10 15:04:44,26.06,16.97,31.56,,,,485.52,388.43,343.28,-107.0,-6.8,,,,,,,,,,
1783699200000,2026-07-10 16:00:00,,,,,,,,,,,,25.802000045776367,43.0,1017.5999755859376,12.278194427490234,0.0,7.1003098487854,30.46547508239746,0.1899999976158142,29.60199928283692,0.1979999989271164
1783702800000,2026-07-10 17:00:00,,,,,,,,,,,,25.70199966430664,45.0,1017.5,12.881229400634766,0.0,7.172948837280273,17.52566909790039,0.1500000059604644,28.652000427246094,0.1979999989271164
1783706400000,2026-07-10 18:00:00,,,,,,,,,,,,25.402000427246094,48.0,1017.4000244140624,13.59765911102295,0.0,4.735060214996338,351.25390625,0.1099999994039535,27.35199928283692,0.1969999969005584
1783710000000,2026-07-10 19:00:00,,,,,,,,,,,,24.75200080871582,50.0,1017.5,13.62979507446289,0.0,3.2599384784698486,6.340100288391113,0.0700000077486038,25.802000045776367,0.1969999969005584
1783710278953,2026-07-10 19:04:38,,,,16.96,17.61,17.22,,,,-109.0,-1.8,,,,,,,,,,
1783710281923,2026-07-10 19:04:41,26.04,16.97,31.56,,,,485.49,388.43,343.28,-109.0,-4.8,,,,,,,,,,
1783713600000,2026-07-10 20:00:00,,,,,,,,,,,,22.85199928283692,57.0,1017.7999877929688,13.88727569580078,0.0,6.608721733093262,29.35765838623047,0.0399999991059303,24.302000045776367,0.1969999969005584
1783717200000,2026-07-10 21:00:00,,,,,,,,,,,,21.302000045776367,67.0,1018.4000244140624,14.926694869995115,0.0,4.0249223709106445,63.43501281738281,0.0299999993294477,23.00200080871582,0.1969999969005584
1783720800000,2026-07-10 22:00:00,,,,,,,,,,,,19.95199966430664,73.0,1019.0999755859376,14.966845512390137,0.0,4.213691711425781,70.01680755615234,0.0199999995529651,21.902000427246094,0.1969999969005584
1783724400000,2026-07-10 23:00:00,,,,,,,,,,,,18.75200080871582,77.0,1019.5999755859376,14.636048316955566,0.0,2.620839357376098,74.05453491210938,0.0199999995529651,21.00200080871582,0.1969999969005584
1783724676214,2026-07-10 23:04:36,,,,17.91,17.82,17.22,,,,-110.0,0.2,,,,,,,,,,
1783724679229,2026-07-10 23:04:39,26.06,16.94,31.56,,,,485.52,388.4,343.28,-111.0,-2.8,,,,,,,,,,
1783728000000,2026-07-11 00:00:00,,,,,,,,,,,,18.35199928283692,81.0,1018.7999877929688,15.033536911010742,0.0,3.096837043762207,35.53776550292969,0.0099999997764825,20.50200080871582,0.1969999969005584
1783731600000,2026-07-11 01:00:00,,,,,,,,,,,,17.552000045776367,83.0,1019.5999755859376,14.63120174407959,0.0,0.8049845099449158,26.564985275268555,0.0099999997764825,19.902000427246094,0.1969999969005584
1783735200000,2026-07-11 02:00:00,,,,,,,,,,,,16.95199966430664,85.0,1019.7999877929688,14.412464141845703,0.0,4.553679466247559,18.4350528717041,0.0099999997764825,19.35199928283692,0.1969999969005584
1783738800000,2026-07-11 03:00:00,,,,,,,,,,,,16.75200080871582,83.0,1019.9000244140624,13.849007606506348,0.0,1.4843180179595947,14.036274909973145,0.0099999997764825,19.00200080871582,0.1969999969005584
1783739076514,2026-07-11 03:04:36,26.06,16.94,31.56,,,,485.52,388.4,343.28,-125.0,-8.75,,,,,,,,,,
1783742400000,2026-07-11 04:00:00,,,,,,,,,,,,16.152000427246094,85.0,1020.0,13.627995491027832,0.0,1.938659191131592,21.801475524902344,0.0099999997764825,18.652000427246094,0.1969999969005584
1783746000000,2026-07-11 05:00:00,,,,,,,,,,,,16.20199966430664,82.0,1020.5,13.12539291381836,0.0,1.938659191131592,21.801475524902344,0.0199999995529651,18.552000045776367,0.1969999969005584
1783749600000,2026-07-11 06:00:00,,,,,,,,,,,,17.152000427246094,78.0,1021.0,13.283575057983398,0.0,2.9024126529693604,29.74479484558105,0.0399999991059303,19.35199928283692,0.1969999969005584
1783753200000,2026-07-11 07:00:00,,,,,,,,,,,,19.00200080871582,71.0,1020.9000244140624,13.624528884887695,0.0,1.938659191131592,21.801475524902344,0.0700000077486038,21.00200080871582,0.1969999969005584
1783753470801,2026-07-11 07:04:30,,,,18.0,17.73,17.2,,,,-124.0,-8.75,,,,,,,,,,
1783753474810,2026-07-11 07:04:34,26.1,17.01,31.56,,,,485.56,388.47,343.28,-110.0,-0.5,,,,,,,,,,
1783756800000,2026-07-11 08:00:00,,,,,,,,,,,,21.052000045776367,62.0,1021.0999755859376,13.491519927978516,0.0,4.693825721740723,32.47117233276367,0.1199999973177909,23.152000427246094,0.1969999969005584
1783760400000,2026-07-11 09:00:00,,,,,,,,,,,,22.75200080871582,50.0,1021.0,11.791908264160156,0.0,6.489992141723633,56.30989837646485,0.1800000071525573,25.45199966430664,0.1969999969005584
1783764000000,2026-07-11 10:00:00,,,,,,,,,,,,24.00200080871582,46.0,1021.2000122070312,11.671553611755373,0.0,8.707237243652344,60.25520706176758,0.2300000041723251,27.35199928283692,0.1959999948740005
1783767600000,2026-07-11 11:00:00,,,,,,,,,,,,25.10199928283692,42.0,1021.2000122070312,11.29094123840332,0.0,8.21715259552002,61.18930435180664,0.2599999904632568,28.95199966430664,0.1959999948740005
1783767868087,2026-07-11 11:04:28,,,,18.06,17.82,17.17,,,,-111.0,-1.5,,,,,,,,,,
1783767869261,2026-07-11 11:04:29,26.1,17.03,31.56,,,,485.56,388.5,343.28,-113.0,1.0,,,,,,,,,,
1783771200000,2026-07-11 12:00:00,,,,,,,,,,,,26.00200080871582,40.0,1021.0999755859376,11.36117458343506,0.0,8.396570205688477,59.036319732666016,0.270000010728836,30.302000045776367,0.1949999928474426
1783774800000,2026-07-11 13:00:00,,,,,,,,,,,,26.552000045776367,39.0,1021.0,11.469463348388672,0.0,6.297428131103516,30.963695526123047,0.270000010728836,31.25200080871582,0.1949999928474426
1783778400000,2026-07-11 14:00:00,,,,,,,,,,,,27.552000045776367,33.0,1020.7000122070312,9.84174346923828,0.0,7.386581897735596,46.97492980957031,0.2599999904632568,31.70199966430664,0.1940000057220459
1783782000000,2026-07-11 15:00:00,,,,,,,,,,,,27.70199966430664,34.0,1020.5,10.419665336608888,0.0,8.396570205688477,30.963695526123047,0.2300000041723251,31.302000045776367,0.1940000057220459
1783785600000,2026-07-11 16:00:00,,,,,,,,,,,,27.902000427246094,33.0,1020.2999877929688,10.147400856018066,0.0,9.007196426391602,357.7094421386719,0.1899999976158142,30.552000045776367,0.1930000036954879
1783789200000,2026-07-11 17:00:00,,,,,,,,,,,,27.50200080871582,34.0,1020.2000122070312,10.244377136230469,0.0,9.178235054016112,11.309895515441896,0.1700000017881393,29.60199928283692,0.1930000036954879
1783792800000,2026-07-11 18:00:00,,,,,,,,,,,,26.802000045776367,38.0,1020.2000122070312,11.299386978149414,0.0,9.422101020812988,43.451904296875,0.1299999952316284,28.302000045776367,0.19200000166893
1783796400000,2026-07-11 19:00:00,,,,,,,,,,,,25.10199928283692,42.0,1020.5,11.29094123840332,0.0,7.65370512008667,41.18583679199219,0.0900000035762786,26.652000427246094,0.19200000166893
1783796662666,2026-07-11 19:04:22,,,,18.06,17.22,17.28,,,,-108.0,-2.5,,,,,,,,,,
1783796663865,2026-07-11 19:04:23,26.1,17.03,31.56,,,,485.56,388.5,343.28,-111.0,-2.2,,,,,,,,,,
1783800000000,2026-07-11 20:00:00,,,,,,,,,,,,23.052000045776367,50.0,1021.0,12.067663192749023,0.0,6.409617424011231,51.842735290527344,0.0599999986588954,24.902000427246094,0.19200000166893
1783803600000,2026-07-11 21:00:00,,,,,,,,,,,,21.50200080871582,57.0,1021.5,12.626562118530272,0.0,2.968636035919189,75.96372985839844,0.0399999991059303,23.45199966430664,0.1909999996423721
1783807200000,2026-07-11 22:00:00,,,,,,,,,,,,20.25200080871582,64.0,1022.0,13.222410202026367,0.0,1.7999999523162842,36.86999130249024,0.0199999995529651,22.402000427246094,0.1909999996423721
1783810800000,2026-07-11 23:00:00,,,,,,,,,,,,19.652000427246094,66.0,1022.2000122070312,13.124512672424316,0.0,1.1384198665618896,71.5649642944336,0.0099999997764825,21.60199928283692,0.1909999996423721
1783811059972,2026-07-11 23:04:19,,,,17.14,17.28,17.34,,,,-113.0,-1.8,,,,,,,,,,
1783811061173,2026-07-11 23:04:21,26.1,17.01,31.6,,,,485.56,388.47,343.31,-110.0,2.2,,,,,,,,,,
1783814400000,2026-07-12 00:00:00,,,,,,,,,,,,18.45199966430664,76.0,1022.0999755859376,14.143392562866213,0.0,1.7999999523162842,323.1300048828125,0.0099999997764825,20.552000045776367,0.19200000166893
1783818000000,2026-07-12 01:00:00,,,,,,,,,,,,17.851999282836914,80.0,1022.4000244140624,14.35386562347412,0.0,1.4843180179595947,284.0362548828125,0.0099999997764825,20.052000045776367,0.19200000166893
1783821600000,2026-07-12 02:00:00,,,,,,,,,,,,17.402000427246094,82.0,1022.4000244140624,14.297017097473145,0.0,2.1600000858306885,270.0,0.0099999997764825,19.552000045776367,0.19200000166893
1783825200000,2026-07-12 03:00:00,,,,,,,,,,,,16.851999282836914,84.0,1022.5,14.131556510925291,0.0,2.811689853668213,219.80552673339844,0.0099999997764825,19.152000427246094,0.19200000166893
1783825457251,2026-07-12 03:04:17,,,,17.46,17.37,17.25,,,,-110.0,-1.8,,,,,,,,,,
1783825460257,2026-07-12 03:04:20,26.1,17.03,31.6,,,,485.56,388.5,343.31,-111.0,1.5,,,,,,,,,,
1783828800000,2026-07-12 04:00:00,,,,,,,,,,,,16.802000045776367,84.0,1022.5,14.082602500915527,0.0,3.239999771118164,270.0,0.0099999997764825,18.802000045776367,0.19200000166893
1783832400000,2026-07-12 05:00:00,,,,,,,,,,,,17.601999282836914,82.0,1022.5999755859376,14.49227237701416,0.0,2.968636035919189,255.96372985839844,0.0199999995529651,19.00200080871582,0.1930000036954879
1783836000000,2026-07-12 06:00:00,,,,,,,,,,,,19.20199966430664,79.0,1022.2999877929688,15.47142505645752,0.0,6.0346999168396,287.3540954589844,0.0500000044703483,20.10199928283692,0.1930000036954879
1783839600000,2026-07-12 07:00:00,,,,,,,,,,,,20.652000427246094,78.0,1022.5999755859376,16.679594039916992,0.0,6.297428131103516,300.96368408203125,0.0900000035762786,21.802000045776367,0.1930000036954879
1783843200000,2026-07-12 08:00:00,,,,,,,,,,,,22.50200080871582,67.0,1022.7000122070312,16.069387435913086,0.0,8.707237243652344,299.7447814941406,0.1400000154972076,23.902000427246094,0.1930000036954879
1783846800000,2026-07-12 09:00:00,,,,,,,,,,,,24.00200080871582,59.0,1022.9000244140624,15.497896194458008,0.0,10.495713233947754,300.96368408203125,0.2100000232458114,25.802000045776367,0.1930000036954879
1783850400000,2026-07-12 10:00:00,,,,,,,,,,,,25.402000427246094,52.0,1022.9000244140624,14.834298133850098,0.0,11.983187675476074,302.7351989746094,0.270000010728836,27.50200080871582,0.1930000036954879
1783854000000,2026-07-12 11:00:00,,,,,,,,,,,,26.45199966430664,48.0,1022.5999755859376,14.55717658996582,0.0,13.60876178741455,307.47625732421875,0.3100000023841858,28.902000427246094,0.19200000166893
1783854254838,2026-07-12 11:04:14,26.13,17.09,31.63,,,,485.59,388.56,343.34,-110.0,4.0,,,,,,,,,,
1783857600000,2026-07-12 12:00:00,,,,,,,,,,,,27.402000427246094,48.0,1022.2000122070312,15.425033569335938,0.0,12.98497486114502,316.1231994628906,0.3100000023841858,30.00200080871582,0.19200000166893
1783861200000,2026-07-12 13:00:00,,,,,,,,,,,,28.152000427246094,44.0,1021.7999877929688,14.75295639038086,0.0,11.885453224182127,324.86572265625,0.3199999928474426,30.902000427246094,0.19200000166893
1783864800000,2026-07-12 14:00:00,,,,,,,,,,,,28.70199966430664,41.0,1021.5999755859376,14.154742240905762,0.0,12.72792148590088,331.2602844238281,0.3100000023841858,31.302000045776367,0.1909999996423721
1783868400000,2026-07-12 15:00:00,,,,,,,,,,,,28.75200080871582,41.0,1021.2999877929688,14.199535369873049,0.0,12.287554740905762,328.1725769042969,0.2800000309944153,31.20199966430664,0.1909999996423721
1783868652116,2026-07-12 15:04:12,26.13,17.09,31.63,,,,485.59,388.56,343.34,-114.0,0.2,,,,,,,,,,
1783872000000,2026-07-12 16:00:00,,,,,,,,,,,,28.50200080871582,42.0,1021.0,14.347722053527832,0.0,13.044721603393556,320.599365234375,0.2399999946355819,30.60199928283692,0.1909999996423721
1783875600000,2026-07-12 17:00:00,,,,,,,,,,,,27.75200080871582,42.0,1021.0999755859376,13.67377758026123,0.0,13.513193130493164,318.2397766113281,0.2000000178813934,29.552000045776367,0.1909999996423721
1783879200000,2026-07-12 18:00:00,,,,,,,,,,,,26.70199966430664,40.0,1021.5,11.98697280883789,0.0,9.693296432495115,338.1985168457031,0.1599999964237213,28.10199928283692,0.1909999996423721
1783882800000,2026-07-12 19:00:00,,,,,,,,,,,,24.70199966430664,41.0,1021.9000244140624,10.568719863891602,0.0,7.172948837280273,342.4743347167969,0.1099999994039535,26.45199966430664,0.1909999996423721
1783883046459,2026-07-12 19:04:06,,,,18.92,17.97,17.52,,,,-111.0,-1.2,,,,,,,,,,
1783883049396,2026-07-12 19:04:09,26.13,17.09,31.63,,,,485.59,388.56,343.34,-110.0,5.8,,,,,,,,,,
1783886400000,2026-07-12 20:00:00,,,,,,,,,,,,22.45199966430664,44.0,1022.2999877929688,9.596935272216797,0.0,5.483356475830078,336.8013916015625,0.0700000077486038,24.50200080871582,0.1909999996423721
1783890000000,2026-07-12 21:00:00,,,,,,,,,,,,20.75200080871582,50.0,1022.5999755859376,9.952878952026367,0.0,5.315336227416992,331.6993408203125,0.0599999986588954,22.95199966430664,0.1909999996423721
1783893600000,2026-07-12 22:00:00,,,,,,,,,,,,19.302000045776367,59.0,1022.7999877929688,11.090006828308104,0.0,4.104631423950195,322.1249389648437,0.0399999991059303,21.802000045776367,0.1909999996423721
1783897200000,2026-07-12 23:00:00,,,,,,,,,,,,17.70199966430664,73.0,1023.0,12.800987243652344,0.0,3.219938039779663,296.5649719238281,0.0299999993294477,20.902000427246094,0.1909999996423721
1783900800000,2026-07-13 00:00:00,,,,,,,,,,,,17.802000045776367,66.0,1023.2999877929688,11.365001678466797,0.0,3.5999999046325684,306.8699645996094,0.0299999993294477,20.652000427246094,0.1899999976158142
1783904400000,2026-07-13 01:00:00,,,,,,,,,,,,16.902000427246094,72.0,1023.0999755859376,11.821409225463867,0.0,3.054701328277588,315.0000915527344,0.0199999995529651,19.95199966430664,0.1899999976158142
1783908000000,2026-07-13 02:00:00,,,,,,,,,,,,16.052000045776367,78.0,1023.0,12.215970993041992,0.0,3.396233081817627,302.0053405761719,0.0199999995529651,19.302000045776367,0.1899999976158142
1783911600000,2026-07-13 03:00:00,,,,,,,,,,,,15.302000045776367,83.0,1022.9000244140624,12.431143760681152,0.0,2.27683973312378,288.4350280761719,0.0099999997764825,18.70199966430664,0.1899999976158142
1783911840983,2026-07-13 03:04:00,,,,17.58,18.0,17.46,,,,-108.0,0.5,,,,,,,,,,
1783911842158,2026-07-13 03:04:02,26.1,17.06,31.63,,,,485.56,388.53,343.34,-113.0,-2.5,,,,,,,,,,
1783915200000,2026-07-13 04:00:00,,,,,,,,,,,,15.001999855041504,85.0,1023.0,12.500234603881836,0.0,1.938659191131592,291.8014831542969,0.0099999997764825,18.25200080871582,0.1899999976158142
1783918800000,2026-07-13 05:00:00,,,,,,,,,,,,15.652000427246094,81.0,1022.9000244140624,12.40131378173828,0.0,1.1384198665618896,288.4350280761719,0.0199999995529651,18.302000045776367,0.1899999976158142
1783922400000,2026-07-13 06:00:00,,,,,,,,,,,,17.00200080871582,74.0,1022.7999877929688,12.333995819091797,0.0,1.4399999380111694,90.0,0.0500000044703483,19.152000427246094,0.1899999976158142
1783926000000,2026-07-13 07:00:00,,,,,,,,,,,,18.85199928283692,70.0,1022.5,13.262903213500977,0.0,2.4149534702301025,116.5649871826172,0.0799999982118606,20.85199928283692,0.1909999996423721
1783926238263,2026-07-13 07:03:58,,,,18.4,18.21,17.55,,,,-113.0,-2.0,,,,,,,,,,
1783929600000,2026-07-13 08:00:00,,,,,,,,,,,,21.302000045776367,66.0,1022.4000244140624,14.693286895751951,0.0,4.679999828338623,90.0,0.1299999952316284,23.10199928283692,0.1899999976158142
1783933200000,2026-07-13 09:00:00,,,,,,,,,,,,23.85199928283692,60.0,1022.2000122070312,15.61953353881836,0.0,6.489992141723633,86.82023620605469,0.1800000071525573,25.60199928283692,0.1899999976158142
1783936800000,2026-07-13 10:00:00,,,,,,,,,,,,25.70199966430664,55.0,1021.9000244140624,15.986703872680664,0.0,8.31124496459961,85.03034973144531,0.2399999946355819,27.902000427246094,0.1899999976158142
1783940400000,2026-07-13 11:00:00,,,,,,,,,,,,26.902000427246094,51.0,1021.4000244140624,15.913883209228516,0.0,9.114471435546877,80.90980529785156,0.2800000309944153,29.70199966430664,0.1899999976158142
1783944000000,2026-07-13 12:00:00,,,,,,,,,,,,28.10199928283692,44.0,1021.0999755859376,14.707770347595217,0.0,10.661107063293455,78.31066131591797,0.3000000119209289,31.00200080871582,0.1889999955892563
1783947600000,2026-07-13 13:00:00,,,,,,,,,,,,28.95199966430664,41.0,1020.7000122070312,14.378682136535645,0.0,12.224106788635254,103.62701416015624,0.3000000119209289,31.85199928283692,0.1889999955892563
1783951200000,2026-07-13 14:00:00,,,,,,,,,,,,29.10199928283692,42.0,1020.2999877929688,14.886738777160645,0.0,13.044723510742188,62.0206184387207,0.2800000309944153,32.051998138427734,0.1889999955892563
1783954800000,2026-07-13 15:00:00,,,,,,,,,,,,29.45199966430664,39.0,1019.5999755859376,14.052496910095217,0.0,13.905508995056152,68.74942779541016,0.2399999946355819,31.60199928283692,0.1879999935626983
1783955032854,2026-07-13 15:03:52,,,,17.43,16.52,17.2,,,,-113.0,4.0,,,,,,,,,,
1783958400000,2026-07-13 16:00:00,,,,,,,,,,,,29.402000427246094,39.0,1019.0,14.007991790771484,0.0,13.708391189575195,76.32867431640625,0.2199999988079071,31.10199928283692,0.1879999935626983
1783962000000,2026-07-13 17:00:00,,,,,,,,,,,,29.052000045776367,37.0,1018.5999755859376,12.888895988464355,0.0,11.269782066345217,63.43501281738281,0.1899999976158142,30.25200080871582,0.1879999935626983
1783965600000,2026-07-13 18:00:00,,,,,,,,,,,,28.25200080871582,39.0,1018.2999877929688,12.98403549194336,0.0,9.793058395385742,72.89718627929688,0.1500000059604644,29.00200080871582,0.1879999935626983
1783969200000,2026-07-13 19:00:00,,,,,,,,,,,,26.552000045776367,47.0,1018.5,14.322592735290527,0.0,10.308830261230469,65.2248764038086,0.1000000089406967,27.45199966430664,0.1879999935626983
1783969430134,2026-07-13 19:03:50,,,,18.76,18.24,17.67,,,,-114.0,-1.0,,,,,,,,,,
1783969433539,2026-07-13 19:03:53,26.04,17.13,31.67,,,,485.49,388.6,343.37,-108.0,-8.2,,,,,,,,,,
1783972800000,2026-07-13 20:00:00,,,,,,,,,,,,24.70199966430664,52.0,1019.0,14.188258171081545,0.0,10.163227081298828,67.06787109375,0.0700000077486038,25.85199928283692,0.1879999935626983
1783976400000,2026-07-13 21:00:00,,,,,,,,,,,,23.35199928283692,57.0,1019.5,14.354101181030272,0.1000000014901161,8.891343116760254,58.24057388305664,0.0599999986588954,24.70199966430664,0.1879999935626983
1783980000000,2026-07-13 22:00:00,,,,,,,,,,,,22.302000045776367,62.0,1019.5999755859376,14.67081356048584,0.0,10.041354179382324,75.46550750732422,0.0599999986588954,23.802000045776367,0.1879999935626983
1783983600000,2026-07-13 23:00:00,,,,,,,,,,,,21.75200080871582,64.0,1020.0,14.643166542053224,0.0,7.208993911743164,87.13765716552734,0.0500000044703483,23.152000427246094,0.1879999935626983
1783987200000,2026-07-14 00:00:00,,,,,,,,,,,,17.75200080871582,91.0,1020.5999755859376,16.263134002685547,2.700000047683716,12.879752159118652,116.5649871826172,0.0399999991059303,21.20199966430664,0.1879999935626983
1783990800000,2026-07-14 01:00:00,,,,,,,,,,,,17.45199966430664,93.0,1020.0,16.307458877563477,0.0,7.289443969726562,110.2249526977539,0.0199999995529651,20.50200080871582,0.1889999955892563
1783994400000,2026-07-14 02:00:00,,,,,,,,,,,,16.902000427246094,92.0,1019.9000244140624,15.593348503112791,0.0,3.6712939739227295,78.69010162353516,0.0099999997764825,19.95199966430664,0.1899999976158142
1783998000000,2026-07-14 03:00:00,,,,,,,,,,,,16.152000427246094,93.0,1020.0999755859376,15.01883316040039,0.0,7.491114139556885,35.217674255371094,0.0099999997764825,19.35199928283692,0.1909999996423721
1783998227706,2026-07-14 03:03:47,26.06,17.06,31.7,,,,485.52,388.53,343.4,-117.0,-7.0,,,,,,,,,,
1784001600000,2026-07-14 04:00:00,,,,,,,,,,,,15.95199966430664,96.0,1020.0,15.314338684082031,0.0,7.091177463531494,66.03750610351562,0.0099999997764825,18.85199928283692,0.1909999996423721
1784005200000,2026-07-14 05:00:00,,,,,,,,,,,,16.851999282836914,94.0,1020.0,15.87998867034912,0.0,10.308830261230469,65.2248764038086,0.0199999995529651,19.052000045776367,0.19200000166893
1784008800000,2026-07-14 06:00:00,,,,,,,,,,,,18.10199928283692,87.0,1020.0999755859376,15.903593063354492,0.0,11.367109298706056,79.04598236083984,0.0399999991059303,19.802000045776367,0.19200000166893
1784012400000,2026-07-14 07:00:00,,,,,,,,,,,,19.20199966430664,84.0,1020.4000244140624,16.43239974975586,0.0,9.107358932495115,71.5649642944336,0.0700000077486038,21.20199966430664,0.19200000166893
1784016000000,2026-07-14 08:00:00,,,,,,,,,,,,20.50200080871582,78.0,1020.5999755859376,16.534080505371094,0.0,10.464797973632812,86.05489349365234,0.1099999994039535,22.902000427246094,0.19200000166893
1784019600000,2026-07-14 09:00:00,,,,,,,,,,,,22.25200080871582,67.0,1020.5,15.831344604492188,0.0,11.04326057434082,70.97430419921875,0.1500000059604644,24.60199928283692,0.19200000166893
1784023200000,2026-07-14 10:00:00,,,,,,,,,,,,23.152000427246094,64.0,1020.4000244140624,15.968814849853516,0.0,12.722829818725586,64.88520050048828,0.1899999976158142,26.25200080871582,0.19200000166893
1784026800000,2026-07-14 11:00:00,,,,,,,,,,,,24.402000427246094,60.0,1020.0999755859376,16.13610076904297,0.0,11.275529861450195,73.30067443847656,0.1800000071525573,27.25200080871582,0.19200000166893
1784027019531,2026-07-14 11:03:39,,,,19.01,17.82,17.76,,,,-114.0,-4.8,,,,,,,,,,
1784030400000,2026-07-14 12:00:00,,,,,,,,,,,,24.902000427246094,61.0,1020.0999755859376,16.86604118347168,0.0,12.783802032470703,57.6525764465332,0.1800000071525573,28.00200080871582,0.19200000166893
1784034000000,2026-07-14 13:00:00,,,,,,,,,,,,25.802000045776367,57.0,1019.7999877929688,16.640684127807617,0.0,13.3637113571167,62.744754791259766,0.1800000071525573,28.652000427246094,0.1909999996423721
1784037600000,2026-07-14 14:00:00,,,,,,,,,,,,26.25200080871582,54.0,1019.4000244140624,16.20939826965332,0.0,13.217443466186523,60.64234161376953,0.2000000178813934,29.60199928283692,0.1909999996423721
1784041200000,2026-07-14 15:00:00,,,,,,,,,,,,26.152000427246094,54.0,1018.7999877929688,16.11672019958496,0.0,14.843179702758787,39.0938606262207,0.1700000017881393,29.45199966430664,0.1909999996423721
1784041419605,2026-07-14 15:03:39,26.04,17.15,31.7,,,,485.49,388.63,343.4,-109.0,-5.8,,,,,,,,,,
1784044800000,2026-07-14 16:00:00,,,,,,,,,,,,26.10199928283692,54.0,1019.0,16.07037353515625,0.0,14.277982711791992,56.30989837646485,0.1400000154972076,28.85199928283692,0.1899999976158142
1784048400000,2026-07-14 17:00:00,,,,,,,,,,,,25.552000045776367,55.0,1018.9000244140624,15.847352027893066,0.0,12.76858615875244,49.574005126953125,0.1099999994039535,27.85199928283692,0.1899999976158142
1784052000000,2026-07-14 18:00:00,,,,,,,,,,,,24.652000427246094,48.0,1019.0,12.912084579467772,0.0,13.281023025512695,57.17145919799805,0.1000000089406967,26.652000427246094,0.1899999976158142
1784055600000,2026-07-14 19:00:00,,,,,,,,,,,,23.10199928283692,54.0,1019.5999755859376,13.288684844970703,0.0,10.144082069396973,62.525657653808594,0.0700000077486038,25.302000045776367,0.1899999976158142
1784055813856,2026-07-14 19:03:33,,,,18.98,18.24,17.49,,,,-111.0,-4.5,,,,,,,,,,
1784059200000,2026-07-14 20:00:00,,,,,,,,,,,,21.60199928283692,56.0,1020.0,12.449960708618164,0.0,6.287129878997803,76.75946807861328,0.0399999991059303,23.75200080871582,0.1899999976158142
1784062800000,2026-07-14 21:00:00,,,,,,,,,,,,20.052000045776367,63.0,1020.7000122070312,12.792092323303224,0.0,3.075841426849365,69.4438705444336,0.0299999993294477,22.402000427246094,0.1899999976158142
1784066400000,2026-07-14 22:00:00,,,,,,,,,,,,18.70199966430664,69.0,1021.0999755859376,12.89901351928711,0.0,2.811689853668213,39.80552673339844,0.0199999995529651,21.35199928283692,0.1899999976158142
1784070000000,2026-07-14 23:00:00,,,,,,,,,,,,17.95199966430664,67.0,1021.5999755859376,11.735355377197266,0.0,3.396233081817627,32.00535583496094,0.0199999995529651,20.50200080871582,0.1899999976158142
1784070211154,2026-07-14 23:03:31,,,,18.89,18.46,17.76,,,,-109.0,-4.5,,,,,,,,,,
1784070214155,2026-07-14 23:03:34,26.0,17.09,31.7,,,,485.45,388.56,343.4,-114.0,-0.2,,,,,,,,,,
1784073600000,2026-07-15 00:00:00,,,,,,,,,,,,16.802000045776367,87.0,1020.9000244140624,14.62533950805664,0.0,3.096837043762207,54.46223831176758,0.0099999997764825,19.10199928283692,0.1879999935626983
1784077200000,2026-07-15 01:00:00,,,,,,,,,,,,15.902000427246094,87.0,1021.7000122070312,13.740327835083008,0.0,2.3051247596740723,38.65982818603516,0.0099999997764825,18.60199928283692,0.1879999935626983
1784080800000,2026-07-15 02:00:00,,,,,,,,,,,,15.152000427246094,88.0,1021.7999877929688,13.177807807922363,0.0,2.968636035919189,14.036274909973145,0.0099999997764825,18.10199928283692,0.1879999935626983
1784084400000,2026-07-15 03:00:00,,,,,,,,,,,,14.45199966430664,86.0,1022.0,12.138505935668944,0.0,4.510787010192871,28.61036872863769,0.0099999997764825,17.552000045776367,0.1879999935626983
1784084611448,2026-07-15 03:03:31,26.0,17.09,31.7,,,,485.45,388.56,343.4,-109.0,-7.8,,,,,,,,,,
1784088000000,2026-07-15 04:00:00,,,,,,,,,,,,14.10200023651123,83.0,1022.0,11.257603645324709,0.0,4.104631423950195,37.87505340576172,0.0099999997764825,17.052000045776367,0.1879999935626983
1784091600000,2026-07-15 05:00:00,,,,,,,,,,,,14.152000427246094,83.0,1022.0999755859376,11.306503295898438,0.0,3.826852560043335,48.81417465209961,0.0199999995529651,17.052000045776367,0.1879999935626983
1784095200000,2026-07-15 06:00:00,,,,,,,,,,,,15.302000045776367,79.0,1022.4000244140624,11.68079662322998,0.0,3.096837043762207,54.46223831176758,0.0399999991059303,17.902000427246094,0.1879999935626983
1784098800000,2026-07-15 07:00:00,,,,,,,,,,,,17.25200080871582,72.0,1022.7000122070312,12.157852172851562,0.0,6.409617424011231,51.842735290527344,0.0700000077486038,19.60199928283692,0.1879999935626983
1784099005745,2026-07-15 07:03:25,,,,17.7,18.0,17.79,,,,-111.0,-5.8,,,,,,,,,,
1784102400000,2026-07-15 08:00:00,,,,,,,,,,,,19.20199966430664,68.0,1023.0999755859376,13.153183937072754,0.0,7.704335689544678,52.59457778930664,0.1099999994039535,21.70199966430664,0.1879999935626983
1784106000000,2026-07-15 09:00:00,,,,,,,,,,,,21.10199928283692,61.0,1023.0,13.28903579711914,0.0,9.0,53.13002014160156,0.1599999964237213,23.95199966430664,0.1879999935626983
1784109600000,2026-07-15 10:00:00,,,,,,,,,,,,22.75200080871582,57.0,1022.5999755859376,13.79390811920166,0.0,9.826087951660156,61.55717849731445,0.2000000178813934,25.95199966430664,0.1879999935626983
1784113200000,2026-07-15 11:00:00,,,,,,,,,,,,24.25200080871582,51.0,1022.2000122070312,13.474257469177246,0.0,8.55710220336914,67.75093078613281,0.2399999946355819,27.75200080871582,0.1870000064373016
1784113403038,2026-07-15 11:03:23,,,,18.82,18.37,17.79,,,,-121.0,-7.2,,,,,,,,,,
1784116800000,2026-07-15 12:00:00,,,,,,,,,,,,25.50200080871582,42.0,1022.0,11.65077304840088,0.0,10.93120288848877,72.75845336914062,0.2599999904632568,29.10199928283692,0.1870000064373016
1784120400000,2026-07-15 13:00:00,,,,,,,,,,,,25.902000427246094,38.0,1021.9000244140624,10.499674797058104,0.0,13.3637113571167,62.744754791259766,0.2399999946355819,29.45199966430664,0.1870000064373016
1784124000000,2026-07-15 14:00:00,,,,,,,,,,,,26.25200080871582,36.0,1021.4000244140624,9.99994659423828,0.0,11.98859405517578,41.347686767578125,0.2199999988079071,29.35199928283692,0.1860000044107437
1784127600000,2026-07-15 15:00:00,,,,,,,,,,,,26.45199966430664,37.0,1020.7000122070312,10.587307929992676,0.0,8.404285430908203,46.73566818237305,0.2100000232458114,29.402000427246094,0.1860000044107437
1784127803325,2026-07-15 15:03:23,25.94,17.15,31.67,,,,485.38,388.63,343.37,-113.0,-4.8,,,,,,,,,,
1784131200000,2026-07-15 16:00:00,,,,,,,,,,,,26.35199928283692,38.0,1020.2000122070312,10.899565696716309,0.0,7.65370512008667,48.81417465209961,0.1899999976158142,29.10199928283692,0.1850000023841858
1784134800000,2026-07-15 17:00:00,,,,,,,,,,,,26.10199928283692,37.0,1020.0,10.2772798538208,0.0,4.679999828338623,90.0,0.1500000059604644,28.35199928283692,0.1850000023841858
1784138400000,2026-07-15 18:00:00,,,,,,,,,,,,25.652000427246094,38.0,1019.9000244140624,10.277477264404297,0.0,3.9600000381469727,90.0,0.1099999994039535,27.10199928283692,0.1850000023841858
1784142000000,2026-07-15 19:00:00,,,,,,,,,,,,24.25200080871582,53.0,1020.0999755859376,14.066495895385742,0.0,4.349896430969238,24.443952560424805,0.0700000077486038,25.70199966430664,0.1850000023841858
1784142198786,2026-07-15 19:03:18,,,,17.46,17.97,17.79,,,,-114.0,-5.5,,,,,,,,,,
1784145600000,2026-07-15 20:00:00,,,,,,,,,,,,21.95199966430664,67.0,1020.5,15.545681953430176,0.0,2.811689853668213,39.80552673339844,0.0299999993294477,24.10199928283692,0.1850000023841858
1784149200000,2026-07-15 21:00:00,,,,,,,,,,,,20.45199966430664,72.0,1020.7000122070312,15.233080863952637,0.0,2.595996856689453,33.69010162353516,0.0199999995529651,22.802000045776367,0.1850000023841858
1784152800000,2026-07-15 22:00:00,,,,,,,,,,,,19.402000427246094,72.0,1020.9000244140624,14.224186897277832,0.0,3.396233081817627,57.994659423828125,0.0199999995529651,21.802000045776367,0.1840000003576278
1784156400000,2026-07-15 23:00:00,,,,,,,,,,,,17.902000427246094,78.0,1021.0,14.011407852172852,0.0,3.7064266204833984,60.94549179077149,0.0199999995529651,20.95199966430664,0.1840000003576278
1784156594907,2026-07-15 23:03:14,,,,18.86,18.4,17.64,,,,-109.0,-0.8,,,,,,,,,,
1784160000000,2026-07-16 00:00:00,,,,,,,,,,,,17.601999282836914,78.0,1020.9000244140624,13.720279693603516,0.0,4.452953815460205,75.96372985839844,0.0199999995529651,20.60199928283692,0.1870000064373016
1784163600000,2026-07-16 01:00:00,,,,,,,,,,,,17.00200080871582,78.0,1020.9000244140624,13.13800048828125,0.0,3.219938039779663,153.4350128173828,0.0199999995529651,19.902000427246094,0.1870000064373016
1784167200000,2026-07-16 02:00:00,,,,,,,,,,,,16.20199966430664,82.0,1021.0,13.12539291381836,0.0,1.7999999523162842,90.0,0.0099999997764825,19.302000045776367,0.1870000064373016
1784170800000,2026-07-16 03:00:00,,,,,,,,,,,,15.552000045776367,84.0,1020.7999877929688,12.858566284179688,0.0,3.096837043762207,54.46223831176758,0.0099999997764825,18.85199928283692,0.1870000064373016
1784170992183,2026-07-16 03:03:12,,,,18.86,18.43,17.79,,,,-111.0,-2.0,,,,,,,,,,
1784170995200,2026-07-16 03:03:15,25.92,17.09,31.63,,,,485.35,388.56,343.34,-109.0,-2.5,,,,,,,,,,
1784174400000,2026-07-16 04:00:00,,,,,,,,,,,,15.052000045776367,85.0,1020.7999877929688,12.549269676208496,0.0,3.5999999046325684,53.13002014160156,0.0099999997764825,18.35199928283692,0.1879999935626983
1784178000000,2026-07-16 05:00:00,,,,,,,,,,,,15.802000045776367,81.0,1020.7999877929688,12.547566413879396,0.0,2.595996856689453,56.30991363525391,0.0199999995529651,18.35199928283692,0.1879999935626983
1784181600000,2026-07-16 06:00:00,,,,,,,,,,,,17.052000045776367,75.0,1020.9000244140624,12.586817741394045,0.0,4.104631423950195,74.74482727050781,0.0399999991059303,19.152000427246094,0.1879999935626983
1784185200000,2026-07-16 07:00:00,,,,,,,,,,,,19.00200080871582,69.0,1020.7999877929688,13.185853958129885,0.0,5.771238803863525,93.57626342773438,0.0700000077486038,20.70199966430664,0.1879999935626983
1784185389485,2026-07-16 07:03:09,,,,17.61,18.37,17.79,,,,-114.0,-2.8,,,,,,,,,,
1784185390671,2026-07-16 07:03:10,25.92,17.13,31.63,,,,485.35,388.6,343.34,-113.0,-2.2,,,,,,,,,,
1784188800000,2026-07-16 08:00:00,,,,,,,,,,,,20.802000045776367,64.0,1020.7000122070312,13.743404388427734,0.0,6.162207126617432,83.2902603149414,0.1199999973177909,22.70199966430664,0.1879999935626983
1784192400000,2026-07-16 09:00:00,,,,,,,,,,,,22.45199966430664,60.0,1020.5999755859376,14.30435848236084,0.0,7.072877883911133,75.25639343261719,0.1599999964237213,24.85199928283692,0.1879999935626983
1784196000000,2026-07-16 10:00:00,,,,,,,,,,,,24.10199928283692,55.0,1020.2000122070312,14.499975204467772,0.0,6.287129878997803,76.75946807861328,0.2100000232458114,26.95199966430664,0.1879999935626983
1784199600000,2026-07-16 11:00:00,,,,,,,,,,,,25.50200080871582,51.0,1019.7000122070312,14.625266075134276,0.0,6.725354194641113,74.475830078125,0.2599999904632568,28.95199966430664,0.1879999935626983
1784199786796,2026-07-16 11:03:06,,,,18.49,16.78,17.76,,,,-115.0,-3.8,,,,,,,,,,
1784199788000,2026-07-16 11:03:08,25.92,17.15,31.63,,,,485.35,388.63,343.34,-115.0,-1.0,,,,,,,,,,
1784203200000,2026-07-16 12:00:00,,,,,,,,,,,,26.85199928283692,45.0,1019.5,13.923908233642578,0.0,3.2599384784698486,83.65990447998047,0.2800000309944153,30.45199966430664,0.1870000064373016
1784206800000,2026-07-16 13:00:00,,,,,,,,,,,,27.70199966430664,42.0,1019.0999755859376,13.62883758544922,0.0,5.039999961853027,90.0,0.2900000214576721,31.552000045776367,0.1870000064373016
1784210400000,2026-07-16 14:00:00,,,,,,,,,,,,27.902000427246094,42.0,1018.0999755859376,13.808581352233888,0.0,10.137691497802734,83.88459014892578,0.270000010728836,32.00199890136719,0.1870000064373016
1784214000000,2026-07-16 15:00:00,,,,,,,,,,,,27.652000427246094,39.0,1017.5,12.44960117340088,0.0,7.56856632232666,115.34613800048828,0.2300000041723251,31.152000427246094,0.1870000064373016
1784214187069,2026-07-16 15:03:07,25.88,17.15,31.63,,,,485.31,388.63,343.34,-111.0,-6.0,,,,,,,,,,
1784217600000,2026-07-16 16:00:00,,,,,,,,,,,,25.00200080871582,51.0,1017.5,14.164915084838867,0.0,5.351784706115723,340.3460998535156,0.1500000059604644,29.10199928283692,0.1870000064373016
1784221200000,2026-07-16 17:00:00,,,,,,,,,,,,22.70199966430664,56.0,1017.4000244140624,13.47504711151123,0.0,7.704335689544678,322.5945739746094,0.1299999952316284,27.60199928283692,0.1870000064373016
1784224800000,2026-07-16 18:00:00,,,,,,,,,,,,23.052000045776367,59.0,1016.5999755859376,14.607337951660156,0.0,3.7064266204833984,60.94549179077149,0.0900000035762786,26.35199928283692,0.1870000064373016
1784228400000,2026-07-16 19:00:00,,,,,,,,,,,,21.60199928283692,69.0,1016.5999755859376,15.67116928100586,0.2000000029802322,8.43506908416748,320.1944885253906,0.0700000077486038,25.052000045776367,0.1870000064373016
1784232000000,2026-07-16 20:00:00,,,,,,,,,,,,20.802000045776367,75.0,1016.2000122070312,16.208271026611328,0.0,3.219938039779663,116.5649871826172,0.0399999991059303,23.50200080871582,0.1870000064373016
1784235600000,2026-07-16 21:00:00,,,,,,,,,,,,20.052000045776367,79.0,1016.0999755859376,16.29737663269043,0.0,2.4149534702301025,116.5649871826172,0.0199999995529651,22.552000045776367,0.1870000064373016
1784239200000,2026-07-16 22:00:00,,,,,,,,,,,,19.45199966430664,80.0,1015.7000122070312,15.911118507385254,0.0,1.938659191131592,68.19853210449219,0.0199999995529651,21.802000045776367,0.1870000064373016
1784242800000,2026-07-16 23:00:00,,,,,,,,,,,,18.75200080871582,82.0,1015.0999755859376,15.61493968963623,0.0,1.4843180179595947,104.03627014160156,0.0099999997764825,21.152000427246094,0.1870000064373016
1784242978642,2026-07-16 23:02:58,,,,19.23,17.85,17.97,,,,-109.0,-4.0,,,,,,,,,,
1784242981655,2026-07-16 23:03:01,25.85,17.06,31.6,,,,485.27,388.53,343.31,-111.0,-5.5,,,,,,,,,,
1784246400000,2026-07-17 00:00:00,,,,,,,,,,,,17.552000045776367,92.0,1015.0999755859376,16.2368106842041,0.0,5.771238803863525,3.5762643814086914,0.0299999993294477,19.802000045776367,0.1879999935626983
1784250000000,2026-07-17 01:00:00,,,,,,,,,,,,17.902000427246094,86.0,1014.2000122070312,15.526384353637695,0.1000000014901161,3.415259599685669,108.43504333496094,0.0199999995529651,19.70199966430664,0.1879999935626983
1784253600000,2026-07-17 02:00:00,,,,,,,,,,,,17.70199966430664,89.0,1014.0,15.865473747253418,0.0,0.8049845099449158,116.5649871826172,0.0199999995529651,19.60199928283692,0.1879999935626983
1784257200000,2026-07-17 03:00:00,,,,,,,,,,,,17.152000427246094,93.0,1013.5,16.01009178161621,0.0,1.4843180179595947,345.9637145996094,0.0099999997764825,19.35199928283692,0.1889999955892563
1784257378950,2026-07-17 03:02:58,25.85,17.06,31.6,,,,485.27,388.53,343.31,-113.0,1.2,,,,,,,,,,
1784260800000,2026-07-17 04:00:00,,,,,,,,,,,,16.45199966430664,96.0,1012.7000122070312,15.811877250671388,0.0,1.2979984283447266,303.6900939941406,0.0099999997764825,19.00200080871582,0.1889999955892563
1784264400000,2026-07-17 05:00:00,,,,,,,,,,,,17.652000427246094,86.0,1012.7999877929688,15.280912399291992,0.0,1.0182337760925293,224.99989318847656,0.0099999997764825,19.052000045776367,0.1889999955892563
1784268000000,2026-07-17 06:00:00,,,,,,,,,,,,18.60199928283692,84.0,1012.5,15.844990730285645,0.0,0.8049845099449158,116.5649871826172,0.0500000044703483,19.902000427246094,0.1889999955892563
1784271600000,2026-07-17 07:00:00,,,,,,,,,,,,20.652000427246094,77.0,1012.5999755859376,16.476560592651367,0.0,2.099142551422119,120.96369171142578,0.0900000035762786,21.25200080871582,0.1889999955892563
1784271776248,2026-07-17 07:02:56,25.85,17.09,31.6,,,,485.27,388.56,343.31,-113.0,-5.5,,,,,,,,,,
1784275200000,2026-07-17 08:00:00,,,,,,,,,,,,21.95199966430664,71.0,1012.5999755859376,16.454038619995117,0.0,1.6099690198898315,296.5649719238281,0.1500000059604644,22.70199966430664,0.1889999955892563
1784278800000,2026-07-17 09:00:00,,,,,,,,,,,,23.152000427246094,71.0,1012.4000244140624,17.604652404785156,0.0,5.447788238525391,262.40545654296875,0.1899999976158142,24.302000045776367,0.1889999955892563
1784282400000,2026-07-17 10:00:00,,,,,,,,,,,,24.25200080871582,62.0,1012.2000122070312,16.50987434387207,0.0,6.569382667541504,279.4622497558594,0.2599999904632568,25.95199966430664,0.1889999955892563
1784286000000,2026-07-17 11:00:00,,,,,,,,,,,,24.95199966430664,60.0,1012.0999755859376,16.652587890625,0.0,7.208993911743164,267.1376647949219,0.2900000214576721,27.25200080871582,0.1889999955892563
1784289600000,2026-07-17 12:00:00,,,,,,,,,,,,25.902000427246094,63.0,1011.9000244140624,18.32029914855957,0.0,8.66994857788086,265.2364501953125,0.2900000214576721,28.00200080871582,0.1889999955892563
1784293200000,2026-07-17 13:00:00,,,,,,,,,,,,26.50200080871582,56.0,1011.7999877929688,17.013992309570312,0.0,10.93120288848877,252.75845336914065,0.2800000309944153,28.652000427246094,0.1889999955892563
1784296800000,2026-07-17 14:00:00,,,,,,,,,,,,27.152000427246094,49.0,1011.0999755859376,15.518074035644531,0.0,11.367109298706056,259.0459899902344,0.2800000309944153,28.75200080871582,0.1889999955892563
1784300400000,2026-07-17 15:00:00,,,,,,,,,,,,27.25200080871582,48.0,1010.2999877929688,15.288022994995115,0.0,13.10419750213623,254.0545349121093,0.2599999904632568,28.60199928283692,0.1889999955892563
1784300567838,2026-07-17 15:02:47,,,,18.76,18.4,17.43,,,,-110.0,-6.8,,,,,,,,,,
1784300570830,2026-07-17 15:02:50,25.85,17.15,31.6,,,,485.27,388.63,343.31,-109.0,-4.2,,,,,,,,,,
1784304000000,2026-07-17 16:00:00,,,,,,,,,,,,26.802000045776367,52.0,1009.7000122070312,16.1259765625,0.0,13.708391189575195,246.8013916015625,0.2199999988079071,28.10199928283692,0.1889999955892563
1784307600000,2026-07-17 17:00:00,,,,,,,,,,,,25.60199928283692,47.0,1009.5999755859376,13.456685066223145,0.0,12.64107608795166,250.0167999267578,0.1700000017881393,26.95199966430664,0.1889999955892563
1784311200000,2026-07-17 18:00:00,,,,,,,,,,,,24.95199966430664,49.0,1009.5999755859376,13.502741813659668,0.0,9.957108497619627,257.47119140625,0.1199999973177909,25.60199928283692,0.1889999955892563
1784314800000,2026-07-17 19:00:00,,,,,,,,,,,,23.35199928283692,62.0,1010.7999877929688,15.661171913146973,0.0,11.72075080871582,317.4895935058594,0.1000000089406967,24.50200080871582,0.1889999955892563
1784318400000,2026-07-17 20:00:00,,,,,,,,,,,,21.652000427246094,67.0,1011.5999755859376,15.260004997253418,0.0,9.957107543945312,310.6012268066406,0.0500000044703483,23.302000045776367,0.1889999955892563
1784322000000,2026-07-17 21:00:00,,,,,,,,,,,,20.25200080871582,66.0,1012.2999877929688,13.695033073425291,0.0,9.65981388092041,296.5649719238281,0.0500000044703483,22.20199966430664,0.1889999955892563
1784325600000,2026-07-17 22:00:00,,,,,,,,,,,,19.00200080871582,74.0,1012.7000122070312,14.262569427490234,0.0,10.58791732788086,287.8189697265625,0.0399999991059303,21.35199928283692,0.1889999955892563
1784329200000,2026-07-17 23:00:00,,,,,,,,,,,,17.95199966430664,81.0,1012.9000244140624,14.643620491027832,0.0,11.726277351379396,287.8787841796875,0.0299999993294477,20.552000045776367,0.1889999955892563
1784329362392,2026-07-17 23:02:42,,,,18.58,18.4,17.79,,,,-109.0,2.8,,,,,,,,,,
1784329365406,2026-07-17 23:02:45,25.85,17.09,31.56,,,,485.27,388.56,343.28,-112.0,-1.8,,,,,,,,,,
1784332800000,2026-07-18 00:00:00,,,,,,,,,,,,18.25200080871582,79.0,1012.2999877929688,14.54821491241455,0.0,9.360000610351562,292.6199035644531,0.0199999995529651,21.052000045776367,0.1889999955892563
1784336400000,2026-07-18 01:00:00,,,,,,,,,,,,17.652000427246094,81.0,1012.9000244140624,14.351177215576172,0.0,8.759178161621094,279.4622497558594,0.0199999995529651,20.35199928283692,0.1889999955892563
1784340000000,2026-07-18 02:00:00,,,,,,,,,,,,17.601999282836914,81.0,1013.0,14.3024320602417,0.0,12.24529266357422,294.3045349121094,0.0199999995529651,20.052000045776367,0.1889999955892563
1784343600000,2026-07-18 03:00:00,,,,,,,,,,,,17.052000045776367,84.0,1013.4000244140624,14.327392578125,0.0,14.003028869628906,287.96923828125,0.0199999995529651,19.75200080871582,0.1889999955892563
1784347200000,2026-07-18 04:00:00,,,,,,,,,,,,16.552000045776367,87.0,1013.5999755859376,14.379508018493652,0.0,12.261157989501951,273.36639404296875,0.0099999997764825,19.25200080871582,0.1889999955892563
1784350800000,2026-07-18 05:00:00,,,,,,,,,,,,17.00200080871582,82.0,1013.4000244140624,13.90649127960205,0.0,12.72792148590088,261.8699951171875,0.0199999995529651,19.20199966430664,0.1889999955892563
1784354400000,2026-07-18 06:00:00,,,,,,,,,,,,17.552000045776367,79.0,1013.2999877929688,13.867894172668455,0.0,16.327497482299805,284.0362548828125,0.0299999993294477,19.60199928283692,0.1899999976158142
1784358000000,2026-07-18 07:00:00,,,,,,,,,,,,18.10199928283692,70.0,1013.4000244140624,12.544529914855955,0.0,18.64369010925293,280.0079040527344,0.0500000044703483,20.402000427246094,0.1899999976158142
1784358163014,2026-07-18 07:02:43,25.88,17.13,31.6,,,,485.31,388.6,343.31,-111.0,-5.0,,,,,,,,,,
1784361600000,2026-07-18 08:00:00,,,,,,,,,,,,19.00200080871582,62.0,1013.5999755859376,11.556785583496094,0.0,18.692285537719727,285.6423034667969,0.0900000035762786,21.75200080871582,0.1899999976158142
1784365200000,2026-07-18 09:00:00,,,,,,,,,,,,20.60199928283692,55.0,1013.5999755859376,11.245526313781738,0.0,19.24569702148437,277.5237121582031,0.1099999994039535,23.052000045776367,0.1899999976158142
1784368800000,2026-07-18 10:00:00,,,,,,,,,,,,21.85199928283692,49.0,1013.5,10.660557746887209,0.0,18.532133102416992,277.8152160644531,0.1500000059604644,24.902000427246094,0.1899999976158142
1784372400000,2026-07-18 11:00:00,,,,,,,,,,,,22.50200080871582,46.0,1013.5,10.306523323059082,0.0,19.201873779296875,276.4587097167969,0.1700000017881393,26.35199928283692,0.1899999976158142
1784376000000,2026-07-18 12:00:00,,,,,,,,,,,,24.052000045776367,42.0,1013.0,10.346131324768066,0.0,23.411073684692383,271.7623596191406,0.2000000178813934,27.70199966430664,0.1899999976158142
1784379600000,2026-07-18 13:00:00,,,,,,,,,,,,24.552000045776367,39.0,1012.7999877929688,9.686245918273926,0.0,16.56391143798828,271.2453308105469,0.1899999976158142,28.052000045776367,0.1889999955892563
1784383200000,2026-07-18 14:00:00,,,,,,,,,,,,23.00200080871582,49.0,1013.0999755859376,11.715248107910156,0.0,24.850431442260746,308.5302124023437,0.1500000059604644,27.45199966430664,0.1889999955892563
1784386800000,2026-07-18 15:00:00,,,,,,,,,,,,21.75200080871582,54.0,1013.2999877929688,12.036174774169922,0.0,19.914215087890625,310.6012268066406,0.1199999973177909,26.60199928283692,0.1889999955892563
1784386951563,2026-07-18 15:02:31,,,,18.92,17.97,17.88,,,,-115.0,-6.5,,,,,,,,,,
1784390400000,2026-07-18 16:00:00,,,,,,,,,,,,21.95199966430664,51.0,1013.0999755859376,11.355260848999023,0.0,18.79255104064941,290.1707458496094,0.1099999994039535,25.60199928283692,0.1889999955892563
1784394000000,2026-07-18 17:00:00,,,,,,,,,,,,21.10199928283692,47.0,1013.2999877929688,9.351268768310549,0.0,17.0725040435791,294.9438781738281,0.1000000089406967,24.652000427246094,0.1889999955892563
1784397600000,2026-07-18 18:00:00,,,,,,,,,,,,20.652000427246094,50.0,1013.2999877929688,9.860896110534668,0.0,15.03404140472412,286.6993103027344,0.0799999982118606,23.652000427246094,0.1889999955892563
1784401200000,2026-07-18 19:00:00,,,,,,,,,,,,19.552000045776367,53.0,1013.5999755859376,9.714953422546388,0.0,11.384198188781738,304.6952209472656,0.0599999986588954,22.50200080871582,0.1889999955892563
1784401351884,2026-07-18 19:02:31,25.82,17.13,31.56,,,,485.24,388.6,343.28,-111.0,,,,,,,,,,,
1784404800000,2026-07-18 20:00:00,,,,,,,,,,,,18.152000427246094,53.0,1014.2000122070312,8.417621612548828,0.0,11.298495292663574,300.65057373046875,0.0399999991059303,21.152000427246094,0.1899999976158142
1784408400000,2026-07-18 21:00:00,,,,,,,,,,,,17.00200080871582,57.0,1014.4000244140624,8.421048164367676,0.0,8.89134407043457,291.3706970214844,0.0399999991059303,20.10199928283692,0.1899999976158142
1784412000000,2026-07-18 22:00:00,,,,,,,,,,,,16.25200080871582,61.0,1014.7999877929688,8.719225883483887,0.0,7.952659606933594,264.8056640625,0.0299999993294477,19.25200080871582,0.1899999976158142
1784415600000,2026-07-18 23:00:00,,,,,,,,,,,,15.751999855041504,64.0,1014.9000244140624,8.957545280456543,0.0,9.470120429992676,278.7460632324219,0.0299999993294477,18.652000427246094,0.1899999976158142
1784415746172,2026-07-18 23:02:26,,,,17.94,18.4,17.94,,,,-109.0,-3.8,,,,,,,,,,
1784415749141,2026-07-18 23:02:29,25.79,17.13,31.56,,,,485.2,388.6,343.28,-111.0,4.2,,,,,,,,,,
1784419200000,2026-07-19 00:00:00,,,,,,,,,,,,15.501999855041504,77.0,1015.0999755859376,11.486822128295898,0.0,8.647496223449707,272.3858947753906,0.0199999995529651,18.552000045776367,0.1930000036954879
1784422800000,2026-07-19 01:00:00,,,,,,,,,,,,15.001999855041504,79.0,1015.0,11.389142036437988,0.0,7.695919990539551,259.2157592773437,0.0199999995529651,18.00200080871582,0.1930000036954879
1784426400000,2026-07-19 02:00:00,,,,,,,,,,,,14.652000427246094,81.0,1015.2999877929688,11.426240921020508,0.0,9.028754234313965,246.5014190673828,0.0199999995529651,17.45199966430664,0.1940000057220459
1784430000000,2026-07-19 03:00:00,,,,,,,,,,,,14.052000045776367,81.0,1015.2000122070312,10.841151237487791,0.0,10.58791732788086,252.18101501464844,0.0099999997764825,17.052000045776367,0.1940000057220459
1784433600000,2026-07-19 04:00:00,,,,,,,,,,,,13.251999855041504,81.0,1015.2000122070312,10.0609769821167,0.0,10.464797019958496,243.4350128173828,0.0099999997764825,16.302000045776367,0.1940000057220459
1784437200000,2026-07-19 05:00:00,,,,,,,,,,,,13.402000427246094,78.0,1015.0999755859376,9.643470764160156,0.0,14.332340240478516,244.7223052978516,0.0199999995529651,16.101999282836914,0.1940000057220459
1784440800000,2026-07-19 06:00:00,,,,,,,,,,,,14.402000427246094,72.0,1015.2000122070312,9.417726516723633,0.0,16.279802322387695,251.9656219482422,0.0399999991059303,16.75200080871582,0.1940000057220459
1784444400000,2026-07-19 07:00:00,,,,,,,,,,,,15.35200023651123,69.0,1014.7999877929688,9.695002555847168,0.0,18.861387252807617,256.75946044921875,0.0599999986588954,17.95199966430664,0.1940000057220459
1784444540763,2026-07-19 07:02:20,,,,18.18,18.67,17.85,,,,-114.0,-2.5,,,,,,,,,,
1784444543758,2026-07-19 07:02:23,25.73,17.09,31.53,,,,485.13,388.56,343.25,-112.0,-6.2,,,,,,,,,,
1784448000000,2026-07-19 08:00:00,,,,,,,,,,,,14.85200023651123,75.0,1015.0,10.46139907836914,0.1000000014901161,19.44333267211914,268.9391174316406,0.0599999986588954,18.302000045776367,0.1940000057220459
1784451600000,2026-07-19 09:00:00,,,,,,,,,,,,15.10200023651123,77.0,1015.5,11.099138259887695,0.5,20.21136283874512,274.0855407714844,0.0700000077486038,18.10199928283692,0.1940000057220459
1784455200000,2026-07-19 10:00:00,,,,,,,,,,,,14.95199966430664,81.0,1016.2999877929688,11.718770027160645,0.1000000014901161,15.905319213867188,275.1943359375,0.0700000077486038,18.25200080871582,0.1940000057220459
1784458800000,2026-07-19 11:00:00,,,,,,,,,,,,17.25200080871582,71.0,1016.2999877929688,11.94538688659668,0.0,16.923830032348633,293.8387451171875,0.0799999982118606,18.95199966430664,0.1940000057220459
1784458942092,2026-07-19 11:02:22,25.67,17.06,31.5,,,,485.06,388.53,343.22,-109.0,-2.5,,,,,,,,,,
1784462400000,2026-07-19 12:00:00,,,,,,,,,,,,17.552000045776367,73.0,1016.7000122070312,12.656574249267578,0.2000000029802322,16.862455368041992,286.1134948730469,0.1099999994039535,19.802000045776367,0.1940000057220459
1784466000000,2026-07-19 13:00:00,,,,,,,,,,,,17.302000045776367,71.0,1017.0999755859376,11.993369102478027,0.0,21.068458557128903,289.9831848144531,0.1199999973177909,20.652000427246094,0.1940000057220459
1784469600000,2026-07-19 14:00:00,,,,,,,,,,,,16.902000427246094,66.0,1017.7000122070312,10.508801460266112,0.0,17.786331176757812,305.94219970703125,0.1000000089406967,20.45199966430664,0.1940000057220459
1784473200000,2026-07-19 15:00:00,,,,,,,,,,,,17.802000045776367,65.0,1017.5999755859376,11.134530067443848,0.0,12.181625366210938,288.9704895019531,0.0799999982118606,20.20199966430664,0.1940000057220459
1784476800000,2026-07-19 16:00:00,,,,,,,,,,,,19.35199928283692,50.0,1017.5,8.664875984191895,0.0,16.119800567626953,299.4273681640625,0.1299999952316284,21.402000427246094,0.1940000057220459
1784480400000,2026-07-19 17:00:00,,,,,,,,,,,,19.652000427246094,44.0,1017.4000244140624,7.060227394104004,0.0,17.0762996673584,304.6952209472656,0.1199999973177909,21.45199966430664,0.1940000057220459
1784484000000,2026-07-19 18:00:00,,,,,,,,,,,,18.70199966430664,50.0,1017.5,8.066686630249023,0.0,12.979984283447266,303.6900939941406,0.1000000089406967,20.802000045776367,0.1940000057220459
1784487600000,2026-07-19 19:00:00,,,,,,,,,,,,17.75200080871582,51.0,1017.7999877929688,7.481997966766357,0.0,10.787993431091309,295.7098999023437,0.0599999986588954,19.652000427246094,0.1940000057220459
1784487732672,2026-07-19 19:02:12,,,,18.18,18.24,17.76,,,,-110.0,-0.8,,,,,,,,,,
1784487735679,2026-07-19 19:02:15,25.55,17.03,31.46,,,,484.92,388.5,343.19,-105.0,1.8,,,,,,,,,,
1784491200000,2026-07-19 20:00:00,,,,,,,,,,,,16.552000045776367,56.0,1018.0,7.740101337432861,0.0,9.422101020812988,276.58184814453125,0.0399999991059303,18.402000427246094,0.1940000057220459
1784494800000,2026-07-19 21:00:00,,,,,,,,,,,,15.501999855041504,62.0,1018.2000122070312,8.25158977508545,0.0,9.726664543151855,272.1210327148437,0.0299999993294477,17.45199966430664,0.1949999928474426
1784498400000,2026-07-19 22:00:00,,,,,,,,,,,,15.10200023651123,64.0,1018.4000244140624,8.341187477111816,0.0,9.720000267028809,270.0,0.0299999993294477,16.851999282836914,0.1949999928474426
1784502000000,2026-07-19 23:00:00,,,,,,,,,,,,14.45199966430664,68.0,1018.5,8.617887496948242,0.0,7.993297576904297,277.7650756835937,0.0199999995529651,16.351999282836914,0.1949999928474426
1784505600000,2026-07-20 00:00:00,,,,,,,,,,,,14.001999855041504,84.0,1019.0,11.340590476989746,0.0,12.181625366210938,288.9704895019531,0.0199999995529651,16.25200080871582,0.1959999948740005
1784509200000,2026-07-20 01:00:00,,,,,,,,,,,,13.85200023651123,83.0,1019.2999877929688,11.013101577758787,0.0,11.65977668762207,278.8805847167969,0.0199999995529651,16.052000045776367,0.1959999948740005
1784512800000,2026-07-20 02:00:00,,,,,,,,,,,,13.60200023651123,86.0,1019.2999877929688,11.303688049316406,0.0,10.137691497802734,276.11541748046875,0.0199999995529651,15.751999855041504,0.1959999948740005
1784516400000,2026-07-20 03:00:00,,,,,,,,,,,,13.501999855041504,85.0,1019.5,11.029095649719238,0.0,10.079999923706056,270.0,0.0199999995529651,15.501999855041504,0.1959999948740005
1784520000000,2026-07-20 04:00:00,,,,,,,,,,,,13.45199966430664,84.0,1019.5999755859376,10.801908493041992,0.0,10.823972702026367,266.1860046386719,0.0199999995529651,15.35200023651123,0.1959999948740005
1784523600000,2026-07-20 05:00:00,,,,,,,,,,,,13.35200023651123,83.0,1019.9000244140624,10.524080276489258,0.1000000014901161,11.54247760772705,273.5762634277344,0.0199999995529651,15.302000045776367,0.1959999948740005
1784527200000,2026-07-20 06:00:00,,,,,,,,,,,,13.652000427246094,81.0,1019.9000244140624,10.45107078552246,0.0,12.287554740905762,275.0423583984375,0.0299999993294477,15.60200023651123,0.1959999948740005
1784530800000,2026-07-20 07:00:00,,,,,,,,,,,,14.10200023651123,80.0,1020.0,10.703051567077637,0.1000000014901161,12.964998245239258,271.5910949707031,0.0399999991059303,16.052000045776367,0.1959999948740005
1784534400000,2026-07-20 08:00:00,,,,,,,,,,,,15.20199966430664,75.0,1020.2000122070312,10.79957103729248,0.0,14.587776184082031,285.7512512207031,0.0799999982118606,17.152000427246094,0.1959999948740005
1784538000000,2026-07-20 09:00:00,,,,,,,,,,,,16.052000045776367,69.0,1020.4000244140624,10.36464786529541,0.0,15.175612449645996,292.3062438964844,0.0900000035762786,18.20199966430664,0.1959999948740005
1784541600000,2026-07-20 10:00:00,,,,,,,,,,,,16.152000427246094,68.0,1020.7999877929688,10.241485595703123,0.0,15.509273529052734,291.8014831542969,0.0700000077486038,18.00200080871582,0.1959999948740005
1784545200000,2026-07-20 11:00:00,,,,,,,,,,,,16.902000427246094,65.0,1021.0999755859376,10.279878616333008,0.0,16.645864486694336,291.5713806152344,0.1000000089406967,18.902000427246094,0.1959999948740005
1784545321901,2026-07-20 11:02:01,,,,17.58,17.4,17.58,,,,-108.0,-1.0,,,,,,,,,,
1784545323108,2026-07-20 11:02:03,25.37,16.91,31.32,,,,484.71,388.37,343.06,-109.0,-0.2,,,,,,,,,,
1784548800000,2026-07-20 12:00:00,,,,,,,,,,,,17.45199966430664,60.0,1021.0999755859376,9.60382080078125,0.0,16.299694061279297,300.5296325683594,0.1199999973177909,19.75200080871582,0.1959999948740005
1784552400000,2026-07-20 13:00:00,,,,,,,,,,,,17.851999282836914,60.0,1021.2999877929688,9.980063438415527,0.0,17.414474487304688,299.7447814941406,0.1299999952316284,20.402000427246094,0.1959999948740005
1784556000000,2026-07-20 14:00:00,,,,,,,,,,,,18.402000427246094,62.0,1021.2000122070312,10.990358352661133,0.0,16.57564353942871,304.3804016113281,0.1099999994039535,20.60199928283692,0.1959999948740005
1784559600000,2026-07-20 15:00:00,,,,,,,,,,,,18.25200080871582,59.0,1021.2000122070312,10.104589462280272,0.0,15.778517723083496,297.14959716796875,0.1099999994039535,20.60199928283692,0.1959999948740005
1784559719226,2026-07-20 15:01:59,,,,18.09,17.55,17.58,,,,-109.0,4.5,,,,,,,,,,
1784563200000,2026-07-20 16:00:00,,,,,,,,,,,,18.302000045776367,57.0,1021.2000122070312,9.636466979980469,0.0,13.5706148147583,291.8014831542969,0.0900000035762786,20.00200080871582,0.1959999948740005
1784566800000,2026-07-20 17:00:00,,,,,,,,,,,,18.45199966430664,60.0,1020.9000244140624,10.544363975524902,0.0,14.40899658203125,282.99462890625,0.0900000035762786,20.10199928283692,0.1959999948740005
1784570400000,2026-07-20 18:00:00,,,,,,,,,,,,18.552000045776367,58.0,1021.2000122070312,10.130120277404783,0.0,12.81923484802246,308.1572570800781,0.0799999982118606,19.85199928283692,0.1959999948740005
1784574000000,2026-07-20 19:00:00,,,,,,,,,,,,17.552000045776367,66.0,1021.7000122070312,11.127182960510254,0.0,11.298495292663574,300.65057373046875,0.0500000044703483,19.00200080871582,0.1959999948740005
1784577600000,2026-07-20 20:00:00,,,,,,,,,,,,16.652000427246094,69.0,1022.2999877929688,10.938566207885742,0.0,10.587918281555176,305.311279296875,0.0299999993294477,18.052000045776367,0.1959999948740005
1784581200000,2026-07-20 21:00:00,,,,,,,,,,,,15.802000045776367,73.0,1022.7999877929688,10.971492767333984,0.0,10.99032211303711,301.6074523925781,0.0299999993294477,17.25200080871582,0.1959999948740005
1784584800000,2026-07-20 22:00:00,,,,,,,,,,,,15.052000045776367,79.0,1023.0999755859376,11.437751770019531,0.0,9.504273414611816,294.62353515625,0.0199999995529651,16.70199966430664,0.1959999948740005
1784588400000,2026-07-20 23:00:00,,,,,,,,,,,,14.552000045776367,83.0,1023.2999877929688,11.6976957321167,0.0,9.178235054016112,295.5599060058594,0.0199999995529651,16.25200080871582,0.1959999948740005
1784588513813,2026-07-20 23:01:53,,,,16.87,17.64,17.43,,,,-111.0,7.0,,,,,,,,,,
1784592000000,2026-07-21 00:00:00,,,,,,,,,,,,14.45199966430664,76.0,1023.5,10.273147583007812,0.0,7.771330833435059,283.3925170898437,0.0199999995529651,16.351999282836914,0.2049999982118606
1784595600000,2026-07-21 01:00:00,,,,,,,,,,,,13.902000427246094,80.0,1023.0999755859376,10.508302688598633,0.0,7.952659606933594,275.1943359375,0.0199999995529651,15.95199966430664,0.2049999982118606
1784599200000,2026-07-21 02:00:00,,,,,,,,,,,,13.35200023651123,84.0,1023.2000122070312,10.703965187072754,0.0,6.379216194152832,286.3896179199219,0.0099999997764825,15.45199966430664,0.2049999982118606
1784602800000,2026-07-21 03:00:00,,,,,,,,,,,,12.652000427246094,87.0,1023.5,10.544028282165527,0.0,6.725354194641113,285.524169921875,0.0099999997764825,14.85200023651123,0.2049999982118606
1784602911131,2026-07-21 03:01:51,,,,17.79,17.52,17.46,,,,-112.0,2.0,,,,,,,,,,
1784602912325,2026-07-21 03:01:52,25.21,16.82,31.25,,,,484.53,388.27,343.0,-109.0,-4.5,,,,,,,,,,
1784606400000,2026-07-21 04:00:00,,,,,,,,,,,,12.251999855041504,88.0,1023.5999755859376,10.321741104125977,0.0,7.199999809265137,270.0,0.0099999997764825,14.35200023651123,0.2049999982118606
1784610000000,2026-07-21 05:00:00,,,,,,,,,,,,12.70199966430664,83.0,1023.7000122070312,9.88832187652588,0.0,5.771238803863525,273.5762634277344,0.0099999997764825,14.35200023651123,0.2049999982118606
1784613600000,2026-07-21 06:00:00,,,,,,,,,,,,13.85200023651123,77.0,1023.7000122070312,9.887516021728516,0.0,7.56856632232666,267.27374267578125,0.0299999993294477,15.251999855041504,0.2049999982118606
1784617200000,2026-07-21 07:00:00,,,,,,,,,,,,15.052000045776367,76.0,1023.7999877929688,10.85381031036377,0.0,7.2805495262146,278.5306701660156,0.0500000044703483,16.851999282836914,0.2049999982118606
1784620800000,2026-07-21 08:00:00,,,,,,,,,,,,16.851999282836914,70.0,1023.7000122070312,11.347043991088867,0.0,9.227523803710938,290.5561218261719,0.0700000077486038,18.552000045776367,0.2049999982118606
1784624400000,2026-07-21 09:00:00,,,,,,,,,,,,18.402000427246094,62.0,1023.5999755859376,10.990358352661133,0.0,10.5142183303833,308.0470886230469,0.1000000089406967,20.302000045776367,0.2049999982118606
1784628000000,2026-07-21 10:00:00,,,,,,,,,,,,19.552000045776367,56.0,1023.5999755859376,10.538789749145508,0.0,10.99032211303711,301.6074523925781,0.1299999952316284,22.00200080871582,0.2049999982118606
1784631600000,2026-07-21 11:00:00,,,,,,,,,,,,20.50200080871582,50.0,1023.5,9.722920417785645,0.0,11.212135314941406,312.3973693847656,0.1700000017881393,23.652000427246094,0.2039999961853027
1784635200000,2026-07-21 12:00:00,,,,,,,,,,,,21.20199966430664,44.0,1023.2999877929688,8.464795112609863,0.0,12.18162441253662,325.8402404785156,0.1700000017881393,24.25200080871582,0.2039999961853027
1784638800000,2026-07-21 13:00:00,,,,,,,,,,,,22.45199966430664,35.0,1022.5,6.232598304748535,0.0,13.513193130493164,311.7601928710937,0.1899999976158142,25.20199966430664,0.2029999941587448
1784642400000,2026-07-21 14:00:00,,,,,,,,,,,,22.652000427246094,27.0,1022.2999877929688,2.69527554512024,0.0,11.753875732421877,319.96978759765625,0.1800000071525573,25.152000427246094,0.2029999941587448
1784646000000,2026-07-21 15:00:00,,,,,,,,,,,,22.802000045776367,33.0,1022.0,5.6883978843688965,0.0,10.182336807250977,351.8699951171875,0.1899999976158142,25.70199966430664,0.202000007033348
1784646103065,2026-07-21 15:01:43,,,,16.52,17.49,17.4,,,,-113.0,-2.0,,,,,,,,,,
1784646106061,2026-07-21 15:01:46,25.18,16.82,31.18,,,,484.49,388.27,342.94,-108.0,-2.8,,,,,,,,,,
1784649600000,2026-07-21 16:00:00,,,,,,,,,,,,22.85199928283692,36.0,1021.7999877929688,6.995657444000244,0.0,8.21715259552002,331.1893005371094,0.1599999964237213,25.302000045776367,0.202000007033348
1784653200000,2026-07-21 17:00:00,,,,,,,,,,,,22.402000427246094,35.0,1021.7000122070312,6.188522338867188,0.0,13.830748558044434,321.3401794433594,0.1299999952316284,24.50200080871582,0.2010000050067901
1784656800000,2026-07-21 18:00:00,,,,,,,,,,,,21.652000427246094,41.0,1021.5999755859376,7.830578327178955,0.0,12.783802032470703,327.652587890625,0.1000000089406967,23.35199928283692,0.2010000050067901
1784660400000,2026-07-21 19:00:00,,,,,,,,,,,,20.25200080871582,48.0,1021.7000122070312,8.886653900146484,0.0,9.021574020385742,331.3896179199219,0.0599999986588954,21.902000427246094,0.2010000050067901
1784660503351,2026-07-21 19:01:43,25.18,16.79,31.18,,,,484.49,388.24,342.94,-109.0,-2.8,,,,,,,,,,
1784664000000,2026-07-21 20:00:00,,,,,,,,,,,,18.35199928283692,58.0,1022.2000122070312,9.942784309387209,0.0,6.297428131103516,329.03631591796875,0.0399999991059303,20.35199928283692,0.2010000050067901
1784667600000,2026-07-21 21:00:00,,,,,,,,,,,,16.902000427246094,67.0,1022.5999755859376,10.73468780517578,0.0,5.315336227416992,331.6993408203125,0.0299999993294477,19.152000427246094,0.2000000029802322
1784671200000,2026-07-21 22:00:00,,,,,,,,,,,,16.001998901367188,73.0,1022.5999755859376,11.164092063903809,0.0,3.3190360069274902,282.52880859375,0.0199999995529651,18.20199966430664,0.2000000029802322
1784674800000,2026-07-21 23:00:00,,,,,,,,,,,,15.052000045776367,77.0,1022.5999755859376,11.05068016052246,0.0,3.3190360069274902,257.47119140625,0.0099999997764825,17.45199966430664,0.2000000029802322
1784678400000,2026-07-22 00:00:00,,,,,,,,,,,,14.652000427246094,78.0,1022.5999755859376,10.857013702392578,0.0,4.679999828338623,270.0,0.0099999997764825,17.302000045776367,0.2060000002384185
1784682000000,2026-07-22 01:00:00,,,,,,,,,,,,14.10200023651123,79.0,1022.5,10.514123916625977,0.0,3.7585103511810303,253.30067443847656,0.0099999997764825,16.70199966430664,0.2060000002384185
1784685600000,2026-07-22 02:00:00,,,,,,,,,,,,13.552000045776367,82.0,1022.0999755859376,10.537605285644531,0.0,4.680000305175781,247.38009643554688,0.0099999997764825,16.152000427246094,0.2060000002384185
1784689200000,2026-07-22 03:00:00,,,,,,,,,,,,13.35200023651123,82.0,1021.7000122070312,10.34227466583252,0.0,6.439876079559326,243.4350128173828,0.0099999997764825,15.751999855041504,0.2060000002384185
1784692800000,2026-07-22 04:00:00,,,,,,,,,,,,13.60200023651123,81.0,1021.5999755859376,10.402310371398926,0.0,8.20926284790039,254.7448272705078,0.0099999997764825,15.70199966430664,0.2060000002384185
1784696400000,2026-07-22 05:00:00,,,,,,,,,,,,13.751999855041504,81.0,1021.5999755859376,10.548591613769531,0.0,10.58791732788086,252.18101501464844,0.0199999995529651,15.902000427246094,0.2060000002384185
1784700000000,2026-07-22 06:00:00,,,,,,,,,,,,14.302000045776367,80.0,1021.0999755859376,10.897799491882324,0.0,11.966954231262209,254.29129028320312,0.0199999995529651,16.20199966430664,0.2060000002384185
1784703600000,2026-07-22 07:00:00,,,,,,,,,,,,15.35200023651123,76.0,1020.7000122070312,11.144124031066896,0.0,12.783802032470703,260.2724914550781,0.0299999993294477,16.902000427246094,0.2060000002384185
1784707200000,2026-07-22 08:00:00,,,,,,,,,,,,15.552000045776367,75.0,1020.0999755859376,11.137735366821287,0.0,15.042658805847168,248.96241760253903,0.0299999993294477,17.50200080871582,0.2060000002384185
1784710800000,2026-07-22 09:00:00,,,,,,,,,,,,15.501999855041504,76.0,1020.0999755859376,11.289277076721191,0.0,15.484185218811035,252.4074859619141,0.0299999993294477,17.351999282836914,0.2060000002384185
1784714400000,2026-07-22 10:00:00,,,,,,,,,,,,16.101999282836914,73.0,1019.7999877929688,11.26039218902588,0.0,13.039753913879396,263.659912109375,0.0299999993294477,17.50200080871582,0.2060000002384185
1784718000000,2026-07-22 11:00:00,,,,,,,,,,,,16.351999282836914,73.0,1019.5999755859376,11.501132011413574,0.0,16.56391143798828,268.7546691894531,0.0399999991059303,17.802000045776367,0.2060000002384185
1784718092594,2026-07-22 11:01:32,25.18,16.79,31.15,,,,484.49,388.24,342.91,-115.0,-7.2,,,,,,,,,,
1784721600000,2026-07-22 12:00:00,,,,,,,,,,,,17.20199966430664,70.0,1019.2000122070312,11.682366371154783,0.0,17.33989715576172,265.2364501953125,0.0399999991059303,18.00200080871582,0.2060000002384185
1784725200000,2026-07-22 13:00:00,,,,,,,,,,,,19.60199928283692,60.0,1018.0999755859376,11.625718116760254,0.0,17.41447639465332,262.8750915527344,0.0799999982118606,20.052000045776367,0.2060000002384185
1784728800000,2026-07-22 14:00:00,,,,,,,,,,,,19.552000045776367,56.0,1017.9000244140624,10.538789749145508,0.3000000119209289,16.263872146606445,275.0794982910156,0.1099999994039535,20.60199928283692,0.2060000002384185
1784732400000,2026-07-22 15:00:00,,,,,,,,,,,,18.70199966430664,62.0,1018.0999755859376,11.273578643798828,0.8999999761581421,15.03404140472412,286.6993103027344,0.1299999952316284,20.50200080871582,0.2060000002384185
1784732489867,2026-07-22 15:01:29,25.12,16.79,31.11,,,,484.42,388.24,342.88,-112.0,-8.5,,,,,,,,,,
1784736000000,2026-07-22 16:00:00,,,,,,,,,,,,18.552000045776367,60.0,1018.2000122070312,10.638407707214355,0.0,19.16471672058105,298.0090637207031,0.1099999994039535,20.35199928283692,0.2060000002384185
1784739600000,2026-07-22 17:00:00,,,,,,,,,,,,18.45199966430664,64.0,1017.7000122070312,11.516928672790527,0.1000000014901161,15.484185218811035,287.5924987792969,0.0700000077486038,19.75200080871582,0.2060000002384185
1784743200000,2026-07-22 18:00:00,,,,,,,,,,,,16.50200080871582,79.0,1017.7999877929688,12.84731388092041,0.6000000238418579,15.6837739944458,301.8659362792969,0.0599999986588954,19.00200080871582,0.2060000002384185
1784746800000,2026-07-22 19:00:00,,,,,,,,,,,,15.85200023651123,81.0,1017.9000244140624,12.59631633758545,0.1000000014901161,13.10419750213623,285.9454650878906,0.0399999991059303,18.00200080871582,0.2070000022649765
1784746884177,2026-07-22 19:01:24,,,,17.37,17.37,17.22,,,,-113.0,-0.8,,,,,,,,,,
1784750400000,2026-07-22 20:00:00,,,,,,,,,,,,15.501999855041504,80.0,1018.0999755859376,12.066187858581545,0.0,14.145755767822266,284.7436218261719,0.0299999993294477,17.351999282836914,0.2070000022649765
1784754000000,2026-07-22 21:00:00,,,,,,,,,,,,14.802000045776367,79.0,1018.0999755859376,11.1947021484375,0.0,13.910168647766112,280.4374084472656,0.0199999995529651,16.70199966430664,0.2070000022649765
1784757600000,2026-07-22 22:00:00,,,,,,,,,,,,14.052000045776367,80.0,1018.0,10.654367446899414,0.0,13.441070556640623,277.6959533691406,0.0199999995529651,16.001998901367188,0.2070000022649765
1784761200000,2026-07-22 23:00:00,,,,,,,,,,,,13.70199966430664,80.0,1018.0,10.313547134399414,0.0,12.261157989501951,273.36639404296875,0.0199999995529651,15.501999855041504,0.2080000042915344
1784761286497,2026-07-22 23:01:26,25.12,16.76,31.08,,,,484.42,388.21,342.85,-109.0,-6.2,,,,,,,,,,
1784764800000,2026-07-23 00:00:00,,,,,,,,,,,,14.001999855041504,83.0,1017.9000244140624,11.159802436828612,0.0,12.074766159057615,280.3047790527344,0.0299999993294477,16.001998901367188,0.2049999982118606
1784768400000,2026-07-23 01:00:00,,,,,,,,,,,,13.902000427246094,81.0,1018.4000244140624,10.69487190246582,0.0,12.783802032470703,279.7275085449219,0.0199999995529651,15.802000045776367,0.2049999982118606
1784772000000,2026-07-23 02:00:00,,,,,,,,,,,,13.652000427246094,81.0,1018.0999755859376,10.45107078552246,0.0,12.429126739501951,280.0079040527344,0.0199999995529651,15.501999855041504,0.2049999982118606
1784775600000,2026-07-23 03:00:00,,,,,,,,,,,,13.45199966430664,81.0,1018.0999755859376,10.256025314331056,0.0,11.525623321533203,284.4703369140625,0.0199999995529651,15.302000045776367,0.2049999982118606
1784775678840,2026-07-23 03:01:18,,,,17.52,16.99,17.22,,,,-112.0,-2.2,,,,,,,,,,
1784779200000,2026-07-23 04:00:00,,,,,,,,,,,,13.251999855041504,81.0,1018.0999755859376,10.0609769821167,0.0,11.570514678955078,275.3557434082031,0.0199999995529651,15.152000427246094,0.2049999982118606
1784782800000,2026-07-23 05:00:00,,,,,,,,,,,,13.501999855041504,80.0,1018.4000244140624,10.118791580200195,0.0,10.440000534057615,270.0,0.0299999993294477,15.10200023651123,0.2060000002384185
1784786400000,2026-07-23 06:00:00,,,,,,,,,,,,13.902000427246094,78.0,1018.7999877929688,10.128908157348633,0.0,10.93120288848877,287.2415466308594,0.0299999993294477,15.302000045776367,0.2060000002384185
1784790000000,2026-07-23 07:00:00,,,,,,,,,,,,14.70199966430664,71.0,1019.0999755859376,9.497810363769531,0.0,11.50311279296875,290.1363830566406,0.0399999991059303,15.70199966430664,0.2060000002384185
1784790076113,2026-07-23 07:01:16,,,,17.4,17.64,17.17,,,,-113.0,-1.8,,,,,,,,,,
1784793600000,2026-07-23 08:00:00,,,,,,,,,,,,15.45199966430664,68.0,1019.0999755859376,9.573001861572266,0.0,13.217443466186523,299.357666015625,0.0799999982118606,17.00200080871582,0.2060000002384185
1784797200000,2026-07-23 09:00:00,,,,,,,,,,,,16.75200080871582,52.0,1019.0999755859376,6.841801166534424,0.0,12.72792148590088,298.7396850585937,0.1199999973177909,18.50200080871582,0.2060000002384185
1784800800000,2026-07-23 10:00:00,,,,,,,,,,,,17.652000427246094,49.0,1018.9000244140624,6.805373668670654,0.0,14.277982711791992,303.6900939941406,0.1299999952316284,19.60199928283692,0.2049999982118606
1784804400000,2026-07-23 11:00:00,,,,,,,,,,,,18.402000427246094,49.0,1018.7999877929688,7.494178771972656,0.0,13.830748558044434,308.6598205566406,0.1500000059604644,20.70199966430664,0.2049999982118606
1784804473442,2026-07-23 11:01:13,,,,16.06,17.4,17.31,,,,-111.0,-4.2,,,,,,,,,,
1784804476416,2026-07-23 11:01:16,25.06,16.76,31.05,,,,484.35,388.21,342.82,-113.0,-4.8,,,,,,,,,,
1784808000000,2026-07-23 12:00:00,,,,,,,,,,,,18.402000427246094,51.0,1018.7999877929688,8.081753730773926,0.0,15.072783470153809,310.1559143066406,0.1500000059604644,21.302000045776367,0.2049999982118606
1784811600000,2026-07-23 13:00:00,,,,,,,,,,,,20.052000045776367,43.0,1018.4000244140624,7.086551666259766,0.0,13.044723510742188,297.9793701171875,0.1700000017881393,22.45199966430664,0.2049999982118606
1784815200000,2026-07-23 14:00:00,,,,,,,,,,,,20.10199928283692,45.0,1018.4000244140624,7.797743797302246,0.0,15.12428379058838,308.2338562011719,0.1700000017881393,23.052000045776367,0.2049999982118606
1784818800000,2026-07-23 15:00:00,,,,,,,,,,,,20.60199928283692,41.0,1018.2999877929688,6.887172222137451,0.0,10.00903606414795,322.3056945800781,0.1599999964237213,23.10199928283692,0.2039999961853027
1784822400000,2026-07-23 16:00:00,,,,,,,,,,,,20.20199966430664,44.0,1018.2999877929688,7.558712005615234,0.0,15.02110481262207,314.029052734375,0.1500000059604644,22.902000427246094,0.2039999961853027
1784826000000,2026-07-23 17:00:00,,,,,,,,,,,,20.00200080871582,45.0,1018.2000122070312,7.70688009262085,0.0,13.27614402770996,310.6012268066406,0.1299999952316284,22.402000427246094,0.2039999961853027
1784829600000,2026-07-23 18:00:00,,,,,,,,,,,,19.20199966430664,48.0,1018.2000122070312,7.925177574157715,0.0,10.383987426757812,303.6900939941406,0.1000000089406967,21.402000427246094,0.2039999961853027
1784833200000,2026-07-23 19:00:00,,,,,,,,,,,,18.00200080871582,55.0,1018.4000244140624,8.82595157623291,0.0,6.792466163635254,302.0053405761719,0.0599999986588954,20.00200080871582,0.2039999961853027
1784833268040,2026-07-23 19:01:08,,,,16.87,16.87,17.28,,,,-117.0,-7.2,,,,,,,,,,
1784836800000,2026-07-23 20:00:00,,,,,,,,,,,,16.652000427246094,60.0,1018.7999877929688,8.851232528686523,0.0,4.198285102844238,300.96368408203125,0.0299999993294477,18.552000045776367,0.2039999961853027
1784840400000,2026-07-23 21:00:00,,,,,,,,,,,,15.10200023651123,70.0,1019.0999755859376,9.670157432556152,0.0,4.213691711425781,289.9831848144531,0.0199999995529651,17.402000427246094,0.2039999961853027
1784844000000,2026-07-23 22:00:00,,,,,,,,,,,,14.052000045776367,76.0,1019.5,9.88601779937744,0.0,4.104631423950195,285.2551574707031,0.0099999997764825,16.45199966430664,0.2039999961853027
1784847600000,2026-07-23 23:00:00,,,,,,,,,,,,13.35200023651123,79.0,1019.7999877929688,9.78487777709961,0.0,3.415259599685669,288.4350280761719,0.0099999997764825,15.70199966430664,0.2039999961853027
1784847665345,2026-07-23 23:01:05,,,,16.55,16.96,17.17,,,,-112.0,-2.5,,,,,,,,,,
1784851200000,2026-07-24 00:00:00,,,,,,,,,,,,11.85200023651123,80.0,1020.2000122070312,8.511886596679688,0.0,4.104631423950195,254.7448272705078,0.0099999997764825,14.35200023651123,0.2029999941587448
1784854800000,2026-07-24 01:00:00,,,,,,,,,,,,11.402000427246094,81.0,1020.0,8.256596565246582,0.0,3.096837043762207,234.4622344970703,0.0099999997764825,13.85200023651123,0.2029999941587448
1784858400000,2026-07-24 02:00:00,,,,,,,,,,,,10.70199966430664,85.0,1019.9000244140624,8.282526969909668,0.0,3.219938039779663,206.5649871826172,0.0099999997764825,13.501999855041504,0.2029999941587448
1784862000000,2026-07-24 03:00:00,,,,,,,,,,,,10.552000045776367,86.0,1019.7999877929688,8.307751655578613,0.0,3.545588731765747,203.9624938964844,0.0099999997764825,13.302000045776367,0.2029999941587448
1784862062675,2026-07-24 03:01:02,,,,17.55,17.08,17.17,,,,-111.0,-3.5,,,,,,,,,,
1784865600000,2026-07-24 04:00:00,,,,,,,,,,,,11.10200023651123,84.0,1019.9000244140624,8.50000286102295,0.0,3.396233081817627,212.00534057617188,0.0099999997764825,13.251999855041504,0.2029999941587448
1784869200000,2026-07-24 05:00:00,,,,,,,,,,,,12.652000427246094,75.0,1020.2000122070312,8.335360527038574,0.0,4.829906940460205,243.4350128173828,0.0099999997764825,13.652000427246094,0.2029999941587448
1784872800000,2026-07-24 06:00:00,,,,,,,,,,,,13.35200023651123,73.0,1020.2000122070312,8.611665725708008,0.0,8.08999252319336,249.1454620361328,0.0299999993294477,14.501999855041504,0.2029999941587448
1784876400000,2026-07-24 07:00:00,,,,,,,,,,,,14.251999855041504,70.0,1020.0999755859376,8.855497360229492,0.0,9.346142768859863,254.35769653320312,0.0500000044703483,15.70199966430664,0.2029999941587448
1784876462960,2026-07-24 07:01:02,24.93,16.67,30.97,,,,484.21,388.11,342.75,-108.0,-8.0,,,,,,,,,,
1784880000000,2026-07-24 08:00:00,,,,,,,,,,,,15.20199966430664,68.0,1019.9000244140624,9.334238052368164,0.0,8.640000343322754,270.0,0.0599999986588954,17.052000045776367,0.2029999941587448
1784883600000,2026-07-24 09:00:00,,,,,,,,,,,,16.001998901367188,61.0,1019.7000122070312,8.48353099822998,0.0,9.726664543151855,267.8789367675781,0.0700000077486038,18.20199966430664,0.2029999941587448
1784887200000,2026-07-24 10:00:00,,,,,,,,,,,,16.95199966430664,60.0,1019.2999877929688,9.133467674255373,0.0,9.726664543151855,272.1210327148437,0.0900000035762786,19.50200080871582,0.2029999941587448
1784890800000,2026-07-24 11:00:00,,,,,,,,,,,,17.851999282836914,55.0,1018.9000244140624,8.68630599975586,0.0,7.771330833435059,283.3925170898437,0.1099999994039535,20.60199928283692,0.2029999941587448
1784890857292,2026-07-24 11:00:57,,,,17.05,17.11,16.52,,,,-110.0,-1.2,,,,,,,,,,
1784890860291,2026-07-24 11:01:00,24.93,16.7,30.93,,,,484.21,388.14,342.72,-114.0,0.5,,,,,,,,,,
1784894400000,2026-07-24 12:00:00,,,,,,,,,,,,19.052000045776367,54.0,1018.4000244140624,9.529740333557127,0.0,9.107358932495115,288.4350280761719,0.1400000154972076,22.45199966430664,0.2029999941587448
1784898000000,2026-07-24 13:00:00,,,,,,,,,,,,19.85199928283692,53.0,1017.7000122070312,9.992883682250977,0.0,8.647496223449707,272.3858947753906,0.1599999964237213,23.902000427246094,0.202000007033348
1784901600000,2026-07-24 14:00:00,,,,,,,,,,,,20.50200080871582,47.0,1017.0999755859376,8.803413391113281,0.0,8.20926284790039,285.2551574707031,0.1599999964237213,24.552000045776367,0.202000007033348
1784905200000,2026-07-24 15:00:00,,,,,,,,,,,,20.95199966430664,47.0,1016.5999755859376,9.214315414428713,0.0,8.55710220336914,292.24908447265625,0.1599999964237213,25.152000427246094,0.2010000050067901
1784905254590,2026-07-24 15:00:54,,,,16.87,17.02,17.17,,,,-112.0,-9.2,,,,,,,,,,
1784905257620,2026-07-24 15:00:57,24.9,16.7,30.93,,,,484.17,388.14,342.72,-111.0,-8.5,,,,,,,,,,
1784908800000,2026-07-24 16:00:00,,,,,,,,,,,,21.10199928283692,51.0,1016.2000122070312,10.571782112121582,0.0,6.193674087524414,305.5377502441406,0.1299999952316284,24.75200080871582,0.2010000050067901
1784912400000,2026-07-24 17:00:00,,,,,,,,,,,,20.75200080871582,50.0,1015.7999877929688,9.952878952026367,0.0,6.287129878997803,246.37060546875,0.1000000089406967,23.75200080871582,0.2010000050067901
1784916000000,2026-07-24 18:00:00,,,,,,,,,,,,20.50200080871582,50.0,1015.2999877929688,9.722920417785645,0.0,6.109402656555176,315.0000915527344,0.0799999982118606,22.60199928283692,0.2000000029802322
1784919600000,2026-07-24 19:00:00,,,,,,,,,,,,19.802000045776367,52.0,1015.0,9.662281036376951,0.0,1.6099690198898315,333.4350280761719,0.0500000044703483,21.25200080871582,0.2000000029802322
1784923200000,2026-07-24 20:00:00,,,,,,,,,,,,18.802000045776367,58.0,1014.7999877929688,10.364275932312012,0.0,2.1600000858306885,180.0,0.0099999997764825,19.902000427246094,0.2000000029802322
1784926800000,2026-07-24 21:00:00,,,,,,,,,,,,16.001998901367188,82.0,1014.5,12.930109024047852,0.0,3.3190360069274902,167.47120666503906,0.0099999997764825,18.70199966430664,0.2000000029802322
1784930400000,2026-07-24 22:00:00,,,,,,,,,,,,14.95199966430664,84.0,1014.2999877929688,12.270983695983888,0.0,3.3190360069274902,167.47120666503906,0.0099999997764825,17.652000427246094,0.2000000029802322
1784934000000,2026-07-24 23:00:00,,,,,,,,,,,,14.052000045776367,84.0,1014.0,11.389562606811523,0.0,3.976329803466797,174.8056640625,0.0099999997764825,16.851999282836914,0.2000000029802322
1784934052216,2026-07-24 23:00:52,24.9,16.67,30.9,,,,484.17,388.11,342.69,-114.0,-0.8,,,,,,,,,,
1784937600000,2026-07-25 00:00:00,,,,,,,,,,,,14.152000427246094,87.0,1013.4000244140624,12.019326210021973,0.0,2.4149534702301025,206.5649871826172,0.0,16.601999282836914,0.2000000029802322
1784941200000,2026-07-25 01:00:00,,,,,,,,,,,,13.152000427246094,90.0,1012.7999877929688,11.547743797302246,0.0,3.2599384784698486,186.3401031494141,0.0099999997764825,16.101999282836914,0.2000000029802322
1784944800000,2026-07-25 02:00:00,,,,,,,,,,,,11.85200023651123,92.0,1012.2999877929688,10.59357738494873,0.0,3.5999999046325684,180.0,0.0099999997764825,15.552000045776367,0.2010000050067901
1784948400000,2026-07-25 03:00:00,,,,,,,,,,,,11.45199966430664,93.0,1011.7999877929688,10.359468460083008,0.0,3.976329803466797,174.8056640625,0.0099999997764825,15.001999855041504,0.2010000050067901
1784948449525,2026-07-25 03:00:49,24.9,16.64,30.9,,,,484.17,388.08,342.69,-114.0,-3.8,,,,,,,,,,
1784952000000,2026-07-25 04:00:00,,,,,,,,,,,,11.251999855041504,91.0,1011.2999877929688,9.836223602294922,0.0,3.976329803466797,174.8056640625,0.0099999997764825,14.501999855041504,0.2010000050067901
1784955600000,2026-07-25 05:00:00,,,,,,,,,,,,12.052000045776367,90.0,1011.0999755859376,10.461445808410645,0.0,2.545584201812744,171.86997985839844,0.0099999997764825,14.501999855041504,0.2010000050067901
1784959200000,2026-07-25 06:00:00,,,,,,,,,,,,14.70199966430664,80.0,1010.7999877929688,11.287276268005373,0.0,1.8356469869613647,168.6901092529297,0.0199999995529651,15.552000045776367,0.2010000050067901
1784962800000,2026-07-25 07:00:00,,,,,,,,,,,,17.652000427246094,69.0,1010.5999755859376,11.894968032836914,0.0,1.1384198665618896,198.4350433349609,0.0599999986588954,17.552000045776367,0.2010000050067901
1784962843833,2026-07-25 07:00:43,,,,17.17,16.67,16.93,,,,-114.0,0.2,,,,,,,,,,
1784966400000,2026-07-25 08:00:00,,,,,,,,,,,,20.00200080871582,62.0,1010.2000122070312,12.500667572021484,0.0,1.8356469869613647,191.3098907470703,0.1099999994039535,20.052000045776367,0.2010000050067901
1784970000000,2026-07-25 09:00:00,,,,,,,,,,,,21.652000427246094,56.0,1009.5999755859376,12.49656581878662,0.0,2.545584201812744,224.99989318847656,0.1500000059604644,22.552000045776367,0.2010000050067901
1784973600000,2026-07-25 10:00:00,,,,,,,,,,,,22.95199966430664,49.0,1008.9000244140624,11.66939640045166,0.0,4.394360065460205,235.0079040527344,0.2000000178813934,24.802000045776367,0.2010000050067901
1784977200000,2026-07-25 11:00:00,,,,,,,,,,,,24.152000427246094,47.0,1008.2999877929688,12.134511947631836,0.0,9.65981388092041,243.4350128173828,0.2399999946355819,26.802000045776367,0.2000000029802322
1784977244156,2026-07-25 11:00:44,24.9,16.67,30.87,,,,484.17,388.11,342.66,-106.0,-2.0,,,,,,,,,,
1784980800000,2026-07-25 12:00:00,,,,,,,,,,,,25.10199928283692,44.0,1007.5999755859376,11.995362281799316,0.0,10.163227081298828,247.06787109375,0.2599999904632568,28.00200080871582,0.2000000029802322
1784984400000,2026-07-25 13:00:00,,,,,,,,,,,,25.70199966430664,43.0,1007.2999877929688,12.187995910644531,0.0,12.144330978393556,258.0238952636719,0.25,28.85199928283692,0.1990000009536743
1784988000000,2026-07-25 14:00:00,,,,,,,,,,,,26.20199966430664,36.0,1007.0,9.955795288085938,0.0,12.181625366210938,288.9704895019531,0.2399999946355819,29.10199928283692,0.1990000009536743
1784991600000,2026-07-25 15:00:00,,,,,,,,,,,,26.20199966430664,40.0,1006.4000244140624,11.539989471435549,0.0,9.44957160949707,287.7447509765625,0.2199999988079071,29.00200080871582,0.1979999989271164
1784991638440,2026-07-25 15:00:38,,,,16.14,16.61,17.05,,,,-111.0,-5.2,,,,,,,,,,
1784991641431,2026-07-25 15:00:41,24.9,16.67,30.87,,,,484.17,388.11,342.66,-110.0,-2.8,,,,,,,,,,
1784995200000,2026-07-25 16:00:00,,,,,,,,,,,,26.60199928283692,37.0,1005.7999877929688,10.720162391662598,0.0,12.239999771118164,270.0,0.1899999976158142,28.45199966430664,0.1979999989271164
1784998800000,2026-07-25 17:00:00,,,,,,,,,,,,26.152000427246094,41.0,1005.5,11.869309425354004,0.0,10.041354179382324,255.4654998779297,0.1500000059604644,27.35199928283692,0.1969999969005584
1785002400000,2026-07-25 18:00:00,,,,,,,,,,,,25.552000045776367,42.0,1005.2999877929688,11.695746421813965,0.0,7.5170207023620605,253.30067443847656,0.1099999994039535,26.152000427246094,0.1969999969005584
1785006000000,2026-07-25 19:00:00,,,,,,,,,,,,23.85199928283692,52.0,1005.2999877929688,13.403604507446287,0.0,6.297428131103516,210.96368408203125,0.0700000077486038,24.75200080871582,0.1969999969005584
1785009600000,2026-07-25 20:00:00,,,,,,,,,,,,21.50200080871582,61.0,1005.4000244140624,13.665708541870115,0.0,6.287129878997803,203.62939453125,0.0399999991059303,23.152000427246094,0.1959999948740005
1785013200000,2026-07-25 21:00:00,,,,,,,,,,,,21.152000427246094,59.0,1005.7000122070312,12.825616836547852,0.0,6.489992141723633,250.55987548828125,0.0299999993294477,21.902000427246094,0.1959999948740005
1785016800000,2026-07-25 22:00:00,,,,,,,,,,,,20.75200080871582,57.0,1005.7000122070312,11.92597770690918,0.0,5.506940841674805,258.6900939941406,0.0299999993294477,21.10199928283692,0.1959999948740005
1785020400000,2026-07-25 23:00:00,,,,,,,,,,,,19.50200080871582,61.0,1005.5999755859376,11.78201961517334,0.0,4.072935104370117,224.99989318847656,0.0299999993294477,20.50200080871582,0.1959999948740005
1785020433058,2026-07-25 23:00:33,,,,17.34,17.02,16.96,,,,-113.0,1.8,,,,,,,,,,
1785024000000,2026-07-26 00:00:00,,,,,,,,,,,,18.00200080871582,67.0,1005.4000244140624,11.783004760742188,0.0,4.104631423950195,217.8750457763672,0.0199999995529651,19.402000427246094,0.1870000064373016
1785027600000,2026-07-26 01:00:00,,,,,,,,,,,,16.101999282836914,80.0,1005.0,12.6503267288208,0.0,3.7585103511810303,196.69932556152344,0.0199999995529651,18.75200080871582,0.1870000064373016
1785031200000,2026-07-26 02:00:00,,,,,,,,,,,,15.20199966430664,83.0,1004.7999877929688,12.333349227905272,0.0,4.33497428894043,175.2364501953125,0.0099999997764825,18.20199966430664,0.1870000064373016
1785034800000,2026-07-26 03:00:00,,,,,,,,,,,,14.652000427246094,85.0,1004.9000244140624,12.156984329223633,0.0,3.9600000381469727,180.0,0.0099999997764825,17.601999282836914,0.1870000064373016
1785034830333,2026-07-26 03:00:30,,,,17.22,17.11,16.87,,,,-109.0,-5.5,,,,,,,,,,
1785038400000,2026-07-26 04:00:00,,,,,,,,,,,,15.402000427246094,81.0,1004.5999755859376,12.157553672790527,0.0,5.052840709686279,184.0855407714844,0.0099999997764825,17.25200080871582,0.1870000064373016
1785042000000,2026-07-26 05:00:00,,,,,,,,,,,,17.50200080871582,75.0,1004.4000244140624,13.02148723602295,0.0,5.692099571228027,198.4350433349609,0.0199999995529651,17.552000045776367,0.1870000064373016
1785045600000,2026-07-26 06:00:00,,,,,,,,,,,,19.60199928283692,65.0,1004.2000122070312,12.843381881713867,0.0,8.427383422851562,199.9832000732422,0.0299999993294477,18.45199966430664,0.1870000064373016
1785049200000,2026-07-26 07:00:00,,,,,,,,,,,,21.10199928283692,59.0,1004.0999755859376,12.778715133666992,0.0,8.891343116760254,211.75942993164065,0.0700000077486038,20.10199928283692,0.1870000064373016
1785049230667,2026-07-26 07:00:30,25.09,16.72,30.9,,,,484.39,388.17,342.69,-111.0,-7.0,,,,,,,,,,
1785052800000,2026-07-26 08:00:00,,,,,,,,,,,,22.25200080871582,54.0,1003.9000244140624,12.500123023986816,0.0,10.739831924438477,230.4403686523437,0.1000000089406967,21.85199928283692,0.1870000064373016
1785056400000,2026-07-26 09:00:00,,,,,,,,,,,,23.20199966430664,53.0,1003.4000244140624,13.094846725463867,0.0,12.72792148590088,224.99989318847656,0.1199999973177909,23.35199928283692,0.1870000064373016
1785060000000,2026-07-26 10:00:00,,,,,,,,,,,,23.60199928283692,55.0,1003.2000122070312,14.03524112701416,0.1000000014901161,14.186923027038574,234.293212890625,0.1400000154972076,24.402000427246094,0.1870000064373016
1785063600000,2026-07-26 11:00:00,,,,,,,,,,,,24.302000045776367,49.0,1002.9000244140624,12.90703582763672,0.0,18.21827507019043,240.3956451416016,0.1400000154972076,24.50200080871582,0.1870000064373016
1785067200000,2026-07-26 12:00:00,,,,,,,,,,,,23.00200080871582,54.0,1003.0999755859376,13.195926666259766,0.0,18.214717864990234,251.56495666503903,0.1500000059604644,24.70199966430664,0.1860000044107437
1785070800000,2026-07-26 13:00:00,,,,,,,,,,,,23.25200080871582,52.0,1003.2999877929688,12.849618911743164,0.0,20.124610900878903,243.4350128173828,0.1400000154972076,24.60199928283692,0.1860000044107437
1785074400000,2026-07-26 14:00:00,,,,,,,,,,,,23.902000427246094,49.0,1002.9000244140624,12.54038429260254,0.0,18.448022842407227,252.97938537597656,0.1500000059604644,24.85199928283692,0.1860000044107437
1785078000000,2026-07-26 15:00:00,,,,,,,,,,,,22.902000427246094,55.0,1003.0,13.384511947631836,0.0,17.78268814086914,248.6293029785156,0.1000000089406967,24.10199928283692,0.1860000044107437
1785078025250,2026-07-26 15:00:25,25.06,16.79,30.93,,,,484.35,388.24,342.72,-111.0,-5.0,,,,,,,,,,
1785081600000,2026-07-26 16:00:00,,,,,,,,,,,,22.20199966430664,60.0,1002.5999755859376,14.069461822509766,0.0,14.70722198486328,248.45895385742188,0.0799999982118606,23.50200080871582,0.1850000023841858
1785085200000,2026-07-26 17:00:00,,,,,,,,,,,,21.802000045776367,64.0,1002.7000122070312,14.69051742553711,0.0,17.873554229736328,251.20001220703125,0.0700000077486038,23.052000045776367,0.1850000023841858
1785088800000,2026-07-26 18:00:00,,,,,,,,,,,,20.95199966430664,69.0,1002.7999877929688,15.04994297027588,0.1000000014901161,18.79255104064941,249.82925415039065,0.0599999986588954,22.60199928283692,0.1850000023841858
1785092400000,2026-07-26 19:00:00,,,,,,,,,,,,20.152000427246094,73.0,1003.0999755859376,15.159335136413574,0.0,16.854766845703125,250.0167999267578,0.0500000044703483,21.652000427246094,0.1850000023841858
1785092422547,2026-07-26 19:00:22,25.09,16.79,30.93,,,,484.39,388.24,342.72,-108.0,-8.8,,,,,,,,,,
1785096000000,2026-07-26 20:00:00,,,,,,,,,,,,19.45199966430664,79.0,1003.2999877929688,15.714359283447266,0.6000000238418579,17.46278190612793,255.67724609375,0.0299999993294477,20.75200080871582,0.1850000023841858
1785099600000,2026-07-26 21:00:00,,,,,,,,,,,,19.10199928283692,82.0,1003.4000244140624,15.956594467163086,1.600000023841858,14.494192123413086,255.6185607910156,0.0500000044703483,20.152000427246094,0.1850000023841858
1785103200000,2026-07-26 22:00:00,,,,,,,,,,,,18.70199966430664,84.0,1003.9000244140624,15.942896842956545,0.0,13.52757167816162,244.7989044189453,0.0299999993294477,19.802000045776367,0.1860000044107437
1785106800000,2026-07-26 23:00:00,,,,,,,,,,,,18.402000427246094,85.0,1004.2999877929688,15.834200859069824,0.0,13.009902954101562,255.5791931152344,0.0199999995529651,19.402000427246094,0.1870000064373016
1785110400000,2026-07-27 00:00:00,,,,,,,,,,,,17.351999282836914,87.0,1005.0999755859376,15.16614818572998,0.0,15.281989097595217,254.9815826416016,0.0199999995529651,18.302000045776367,0.1829999983310699
1785114000000,2026-07-27 01:00:00,,,,,,,,,,,,17.25200080871582,84.0,1005.5999755859376,14.52322483062744,0.0,13.3637113571167,274.6353759765625,0.0199999995529651,18.10199928283692,0.1829999983310699
1785117600000,2026-07-27 02:00:00,,,,,,,,,,,,16.902000427246094,83.0,1006.5999755859376,13.995673179626465,0.1000000014901161,13.004920959472656,274.7635498046875,0.0299999993294477,18.00200080871582,0.1829999983310699
1785121200000,2026-07-27 03:00:00,,,,,,,,,,,,16.402000427246094,82.0,1007.2999877929688,13.320673942565918,0.0,13.10419750213623,290.924560546875,0.0299999993294477,17.75200080871582,0.1840000003576278
1785124800000,2026-07-27 04:00:00,,,,,,,,,,,,15.902000427246094,85.0,1008.0999755859376,13.38283920288086,0.2000000029802322,12.101570129394531,292.7510070800781,0.0299999993294477,17.45199966430664,0.1840000003576278
1785128400000,2026-07-27 05:00:00,,,,,,,,,,,,15.60200023651123,85.0,1009.2000122070312,13.088643074035645,0.0,11.92355728149414,298.886474609375,0.0299999993294477,17.25200080871582,0.1840000003576278
1785132000000,2026-07-27 06:00:00,,,,,,,,,,,,15.902000427246094,78.0,1010.0999755859376,12.070380210876465,0.0,12.429126739501951,280.0079040527344,0.0599999986588954,17.50200080871582,0.1840000003576278
1785135600000,2026-07-27 07:00:00,,,,,,,,,,,,16.802000045776367,73.0,1011.0,11.934449195861816,0.0,14.241629600524902,290.72564697265625,0.0900000035762786,18.302000045776367,0.1850000023841858
1785139200000,2026-07-27 08:00:00,,,,,,,,,,,,17.851999282836914,67.0,1012.0,11.640061378479004,0.0,14.182354927062988,293.9624938964844,0.1299999952316284,19.35199928283692,0.1850000023841858
1785142800000,2026-07-27 09:00:00,,,,,,,,,,,,18.45199966430664,66.0,1012.7999877929688,11.983277320861816,0.0,13.905508995056152,291.2505798339844,0.1500000059604644,20.35199928283692,0.1850000023841858
1785146400000,2026-07-27 10:00:00,,,,,,,,,,,,19.50200080871582,59.0,1013.4000244140624,11.277676582336426,0.0,14.830076217651367,275.5721130371094,0.1899999976158142,21.95199966430664,0.1850000023841858
1785150000000,2026-07-27 11:00:00,,,,,,,,,,,,19.902000427246094,61.0,1013.7999877929688,12.15882396697998,0.0,13.797911643981934,277.4957580566406,0.1800000071525573,22.552000045776367,0.1840000003576278
1785150011754,2026-07-27 11:00:11,25.15,16.85,31.0,,,,484.46,388.3,342.78,-115.0,-6.2,,,,,,,,,,
1785153600000,2026-07-27 12:00:00,,,,,,,,,,,,20.50200080871582,55.0,1014.2000122070312,11.15250015258789,0.0,13.493998527526855,279.2109375,0.1899999976158142,23.25200080871582,0.1840000003576278
1785157200000,2026-07-27 13:00:00,,,,,,,,,,,,21.552000045776367,48.0,1014.2999877929688,10.076589584350586,0.0,14.75999927520752,282.68035888671875,0.2000000178813934,23.70199966430664,0.1840000003576278
1785160800000,2026-07-27 14:00:00,,,,,,,,,,,,21.35199928283692,48.0,1014.4000244140624,9.8935546875,0.0,15.273505210876465,278.1300048828125,0.1899999976158142,23.70199966430664,0.1840000003576278
1785164400000,2026-07-27 15:00:00,,,,,,,,,,,,20.50200080871582,56.0,1014.9000244140624,11.424583435058594,0.1000000014901161,15.379205703735352,290.5561218261719,0.1500000059604644,23.302000045776367,0.1829999983310699
1785168000000,2026-07-27 16:00:00,,,,,,,,,,,,20.052000045776367,61.0,1015.2999877929688,12.300118446350098,0.0,12.261157989501951,273.36639404296875,0.1099999994039535,21.95199966430664,0.1829999983310699
1785171600000,2026-07-27 17:00:00,,,,,,,,,,,,20.00200080871582,63.0,1015.5999755859376,12.744815826416016,0.0,11.519999504089355,270.0,0.1000000089406967,21.552000045776367,0.1829999983310699
1785175200000,2026-07-27 18:00:00,,,,,,,,,,,,18.652000427246094,73.0,1016.0999755859376,13.715550422668455,0.2000000029802322,11.212135314941406,354.4725341796875,0.0799999982118606,21.00200080871582,0.1829999983310699
1785178800000,2026-07-27 19:00:00,,,,,,,,,,,,17.152000427246094,80.0,1017.2999877929688,13.672491073608398,0.0,4.510787010192871,331.3896179199219,0.0500000044703483,19.85199928283692,0.1829999983310699
1785182400000,2026-07-27 20:00:00,,,,,,,,,,,,16.902000427246094,81.0,1018.0,13.620023727416992,0.0,4.379589080810547,279.4622497558594,0.0299999993294477,19.052000045776367,0.1829999983310699
1785186000000,2026-07-27 21:00:00,,,,,,,,,,,,16.20199966430664,84.0,1018.5999755859376,13.495078086853027,0.0,3.617955207824707,275.71051025390625,0.0199999995529651,18.302000045776367,0.1829999983310699
1785189600000,2026-07-27 22:00:00,,,,,,,,,,,,15.251999855041504,90.0,1019.2000122070312,13.621418952941896,0.0,3.075841426849365,249.44386291503903,0.0099999997764825,17.552000045776367,0.1829999983310699
1785193200000,2026-07-27 23:00:00,,,,,,,,,,,,14.251999855041504,92.0,1019.5999755859376,12.969828605651855,0.0,3.396233081817627,237.99465942382807,0.0099999997764825,16.802000045776367,0.1829999983310699
1785196800000,2026-07-28 00:00:00,,,,,,,,,,,,13.95199966430664,86.0,1020.0,11.647440910339355,0.0,3.89399528503418,213.69009399414065,0.0099999997764825,15.802000045776367,0.19200000166893
1785200400000,2026-07-28 01:00:00,,,,,,,,,,,,13.751999855041504,88.0,1020.0999755859376,11.799077033996582,0.0,3.396233081817627,212.00534057617188,0.0099999997764825,15.45199966430664,0.19200000166893
1785204000000,2026-07-28 02:00:00,,,,,,,,,,,,13.35200023651123,90.0,1020.7000122070312,11.745244026184082,0.0,4.0249223709106445,206.5649871826172,0.0099999997764825,15.10200023651123,0.19200000166893
1785207600000,2026-07-28 03:00:00,,,,,,,,,,,,13.552000045776367,89.0,1021.0999755859376,11.773269653320312,0.0,4.6102495193481445,218.6598358154297,0.0099999997764825,14.902000427246094,0.19200000166893
1785207600989,2026-07-28 03:00:00,25.12,16.82,31.0,,,,484.42,388.27,342.78,-114.0,-7.2,,,,,,,,,,
1785211200000,2026-07-28 04:00:00,,,,,,,,,,,,13.302000045776367,90.0,1021.4000244140624,11.69586944580078,0.0,4.693825721740723,212.4711761474609,0.0099999997764825,14.552000045776367,0.19200000166893
1785214800000,2026-07-28 05:00:00,,,,,,,,,,,,13.85200023651123,88.0,1021.7999877929688,11.89756202697754,0.0,5.495161056518555,211.60745239257807,0.0099999997764825,14.60200023651123,0.1930000036954879
1785218400000,2026-07-28 06:00:00,,,,,,,,,,,,15.20199966430664,83.0,1022.0,12.333349227905272,0.0,7.145795822143555,220.914291381836,0.0399999991059303,15.552000045776367,0.1930000036954879
1785221998303,2026-07-28 06:59:58,25.09,16.82,30.97,,,,484.39,388.27,342.75,-115.0,-4.2,,,,,,,,,,
1785222000000,2026-07-28 07:00:00,,,,,,,,,,,,16.50200080871582,78.0,1022.0,12.65273380279541,0.0,8.91318130493164,226.63653564453125,0.0799999982118606,17.152000427246094,0.1930000036954879
1785225600000,2026-07-28 08:00:00,,,,,,,,,,,,17.802000045776367,73.0,1022.0999755859376,12.89726448059082,0.0,9.67322063446045,224.99989318847656,0.1400000154972076,18.902000427246094,0.1930000036954879
1785229200000,2026-07-28 09:00:00,,,,,,,,,,,,19.152000427246094,67.0,1022.4000244140624,12.878747940063477,0.0,9.220499038696287,231.3401641845703,0.1899999976158142,20.652000427246094,0.1930000036954879
1785232800000,2026-07-28 10:00:00,,,,,,,,,,,,20.45199966430664,62.0,1022.5,12.925342559814451,0.0,9.220499038696287,231.3401641845703,0.25,22.652000427246094,0.1930000036954879
1785236392615,2026-07-28 10:59:52,,,,17.17,17.37,17.11,,,,-110.0,-1.0,,,,,,,,,,
1785236400000,2026-07-28 11:00:00,,,,,,,,,,,,21.70199966430664,57.0,1022.2000122070312,12.813358306884766,0.0,10.464797019958496,243.4350128173828,0.2900000214576721,24.302000045776367,0.1930000036954879
1785240000000,2026-07-28 12:00:00,,,,,,,,,,,,22.50200080871582,54.0,1022.0,12.732073783874512,0.0,9.693296432495115,238.67135620117188,0.270000010728836,24.95199966430664,0.1930000036954879
1785243600000,2026-07-28 13:00:00,,,,,,,,,,,,23.552000045776367,50.0,1021.5999755859376,12.527198791503906,0.0,9.885261535644531,236.88864135742188,0.270000010728836,25.75200080871582,0.19200000166893
1785247200000,2026-07-28 14:00:00,,,,,,,,,,,,24.35199928283692,48.0,1021.4000244140624,12.63780403137207,0.0,9.6932954788208,254.93145751953125,0.270000010728836,26.402000427246094,0.19200000166893
1785250789892,2026-07-28 14:59:49,,,,17.64,17.4,17.08,,,,-107.0,-3.0,,,,,,,,,,
1785250800000,2026-07-28 15:00:00,,,,,,,,,,,,24.85199928283692,47.0,1021.0999755859376,12.772879600524902,0.0,7.56856632232666,272.72625732421875,0.2399999946355819,26.552000045776367,0.19200000166893
1785254400000,2026-07-28 16:00:00,,,,,,,,,,,,24.95199966430664,47.0,1021.0,12.864065170288086,0.0,6.569382667541504,260.5377502441406,0.2100000232458114,26.402000427246094,0.19200000166893
1785258000000,2026-07-28 17:00:00,,,,,,,,,,,,24.95199966430664,48.0,1020.9000244140624,13.186331748962402,0.0,4.6938252449035645,265.60137939453125,0.1599999964237213,25.802000045776367,0.19200000166893
1785261600000,2026-07-28 18:00:00,,,,,,,,,,,,24.402000427246094,52.0,1021.0,13.911348342895508,0.0,3.545588731765747,203.9624938964844,0.1099999994039535,24.802000045776367,0.19200000166893
1785265200000,2026-07-28 19:00:00,,,,,,,,,,,,22.70199966430664,69.0,1021.0,16.722318649291992,0.0,3.6712939739227295,168.6901092529297,0.0500000044703483,23.50200080871582,0.19200000166893
1785268800000,2026-07-28 20:00:00,,,,,,,,,,,,20.552000045776367,78.0,1021.0,16.582584381103516,0.0,3.9600000381469727,180.0,0.0299999993294477,22.20199966430664,0.19200000166893
1785272400000,2026-07-28 21:00:00,,,,,,,,,,,,19.25200080871582,82.0,1021.0999755859376,16.103015899658203,0.0,5.154415607452393,167.90525817871094,0.0199999995529651,21.10199928283692,0.1930000036954879
1785276000000,2026-07-28 22:00:00,,,,,,,,,,,,18.75200080871582,78.0,1021.0999755859376,14.836210250854492,0.0,5.692099571228027,161.56495666503906,0.0199999995529651,20.302000045776367,0.1930000036954879
1785279600000,2026-07-28 23:00:00,,,,,,,,,,,,18.60199928283692,76.0,1020.7000122070312,14.288488388061523,0.0,6.608721733093262,150.64234924316406,0.0199999995529651,19.70199966430664,0.1930000036954879
1785283200000,2026-07-29 00:00:00,,,,,,,,,,,,17.052000045776367,81.0,1020.2000122070312,13.766257286071776,0.0,4.452953815460205,165.96372985839844,0.0099999997764825,19.10199928283692,0.1930000036954879
1785286800000,2026-07-29 01:00:00,,,,,,,,,,,,17.052000045776367,79.0,1020.5,13.381918907165527,0.0,4.829906940460205,153.4350128173828,0.0099999997764825,18.70199966430664,0.1930000036954879
1785290400000,2026-07-29 02:00:00,,,,,,,,,,,,17.152000427246094,76.0,1020.4000244140624,12.88577938079834,0.0,5.351784706115723,160.34608459472656,0.0099999997764825,18.302000045776367,0.1930000036954879
1785293981832,2026-07-29 02:59:41,,,,17.7,17.55,17.08,,,,-113.0,-2.2,,,,,,,,,,
1785294000000,2026-07-29 03:00:00,,,,,,,,,,,,18.00200080871582,68.0,1020.2000122070312,12.00778579711914,0.0,7.342587947845459,168.6901092529297,0.0199999995529651,18.052000045776367,0.1940000057220459
1785297600000,2026-07-29 04:00:00,,,,,,,,,,,,18.052000045776367,65.0,1020.0,11.371907234191896,0.0,7.072877883911133,165.2563934326172,0.0199999995529651,17.902000427246094,0.1940000057220459
1785301200000,2026-07-29 05:00:00,,,,,,,,,,,,18.152000427246094,67.0,1019.9000244140624,11.925941467285156,0.0,5.804825305938721,150.2552032470703,0.0299999993294477,17.95199966430664,0.1940000057220459
1785304800000,2026-07-29 06:00:00,,,,,,,,,,,,19.75200080871582,61.0,1019.7000122070312,12.017528533935549,0.0,6.439876079559326,153.4350128173828,0.0399999991059303,18.75200080871582,0.1940000057220459
1785308382112,2026-07-29 06:59:42,25.15,16.85,30.97,,,,484.46,388.3,342.75,-114.0,-2.2,,,,,,,,,,
1785308400000,2026-07-29 07:00:00,,,,,,,,,,,,21.50200080871582,57.0,1019.4000244140624,12.626562118530272,0.0,8.225034713745117,156.8013916015625,0.0799999982118606,20.402000427246094,0.1940000057220459
1785312000000,2026-07-29 08:00:00,,,,,,,,,,,,23.402000427246094,53.0,1019.2000122070312,13.279946327209473,0.0,9.44957160949707,162.25523376464844,0.1199999973177909,22.50200080871582,0.1940000057220459
1785315600000,2026-07-29 09:00:00,,,,,,,,,,,,25.402000427246094,48.0,1018.9000244140624,13.59765911102295,0.0,10.58791732788086,162.18101501464844,0.1599999964237213,24.75200080871582,0.1940000057220459
1785319200000,2026-07-29 10:00:00,,,,,,,,,,,,27.302000045776367,42.0,1018.5,13.269315719604492,0.0,11.384199142456056,161.56495666503906,0.2100000232458114,26.95199966430664,0.1930000036954879
1785322779431,2026-07-29 10:59:39,25.18,16.88,31.0,,,,484.49,388.34,342.78,-115.0,-8.0,,,,,,,,,,
1785322800000,2026-07-29 11:00:00,,,,,,,,,,,,28.85199928283692,37.0,1018.0,12.71194076538086,0.0,11.384199142456056,161.56495666503906,0.25,29.00200080871582,0.1930000036954879
1785326400000,2026-07-29 12:00:00,,,,,,,,,,,,30.052000045776367,33.0,1017.5,12.023881912231444,0.0,10.483357429504396,164.05453491210938,0.270000010728836,30.60199928283692,0.1930000036954879
1785330000000,2026-07-29 13:00:00,,,,,,,,,,,,30.95199966430664,30.0,1017.0,11.36058521270752,0.0,9.904906272888184,160.9064178466797,0.270000010728836,31.802000045776367,0.19200000166893
1785333600000,2026-07-29 14:00:00,,,,,,,,,,,,31.60199928283692,29.0,1016.4000244140624,11.407421112060549,0.0,8.90590763092041,165.96372985839844,0.2599999904632568,32.45199966430664,0.19200000166893
1785337200000,2026-07-29 15:00:00,,,,,,,,,,,,31.70199966430664,32.0,1015.9000244140624,12.99087619781494,0.0,8.121970176696777,167.19573974609375,0.2399999946355819,32.65199661254883,0.1909999996423721
1785340800000,2026-07-29 16:00:00,,,,,,,,,,,,31.652000427246094,35.0,1015.5,14.325714111328123,0.0,7.1003098487854,149.53453063964844,0.2000000178813934,32.25199890136719,0.1909999996423721
1785344400000,2026-07-29 17:00:00,,,,,,,,,,,,31.35199928283692,35.0,1015.2000122070312,14.062342643737791,0.0,8.089993476867676,122.27561950683594,0.1599999964237213,31.35199928283692,0.1899999976158142
1785348000000,2026-07-29 18:00:00,,,,,,,,,,,,30.302000045776367,40.0,1015.0999755859376,15.202569961547852,0.0,5.634891033172607,116.5649871826172,0.1199999973177909,29.95199966430664,0.1899999976158142
1785351600000,2026-07-29 19:00:00,,,,,,,,,,,,27.60199928283692,52.0,1015.2000122070312,16.86383628845215,0.0,3.7064266204833984,119.05451202392578,0.0700000077486038,28.25200080871582,0.1899999976158142
1785355200000,2026-07-29 20:00:00,,,,,,,,,,,,24.552000045776367,65.0,1015.2999877929688,17.53962516784668,0.0,3.7585103511810303,163.30067443847656,0.0399999991059303,26.45199966430664,0.1889999955892563
1785358800000,2026-07-29 21:00:00,,,,,,,,,,,,22.60199928283692,71.0,1015.2000122070312,17.077314376831055,0.0,4.104631423950195,164.7448272705078,0.0299999993294477,24.902000427246094,0.1889999955892563
1785362400000,2026-07-29 22:00:00,,,,,,,,,,,,21.802000045776367,69.0,1015.0999755859376,15.8623046875,0.0,4.735060214996338,188.7460784912109,0.0199999995529651,23.70199966430664,0.1889999955892563
1785366000000,2026-07-29 23:00:00,,,,,,,,,,,,21.00200080871582,72.0,1015.0999755859376,15.761489868164062,0.0,4.379589080810547,170.53775024414062,0.0199999995529651,22.802000045776367,0.1889999955892563
1785369600000,2026-07-30 00:00:00,,,,,,,,,,,,19.75200080871582,81.0,1014.9000244140624,16.39812660217285,0.0,4.802999019622803,167.00538635253906,0.0199999995529651,22.052000045776367,0.1879999935626983
1785373200000,2026-07-30 01:00:00,,,,,,,,,,,,20.10199928283692,73.0,1014.9000244140624,15.111210823059082,0.0,5.771238803863525,176.42373657226562,0.0199999995529651,21.402000427246094,0.1879999935626983
1785376800000,2026-07-30 02:00:00,,,,,,,,,,,,20.402000427246094,68.0,1014.7000122070312,14.298347473144531,0.0,5.937272071838379,165.96372985839844,0.0199999995529651,21.00200080871582,0.1879999935626983
1785380400000,2026-07-30 03:00:00,,,,,,,,,,,,20.052000045776367,69.0,1014.5999755859376,14.189671516418455,0.0,5.86037540435791,169.38040161132812,0.0199999995529651,20.70199966430664,0.1879999935626983
1785384000000,2026-07-30 04:00:00,,,,,,,,,,,,19.902000427246094,70.0,1014.4000244140624,14.268482208251951,0.0,5.506940841674805,168.6901092529297,0.0199999995529651,20.402000427246094,0.1879999935626983
1785387600000,2026-07-30 05:00:00,,,,,,,,,,,,20.75200080871582,71.0,1014.5,15.30321216583252,0.0,5.804825305938721,172.8750762939453,0.0299999993294477,20.402000427246094,0.1889999955892563
1785391200000,2026-07-30 06:00:00,,,,,,,,,,,,23.60199928283692,64.0,1014.5,16.394834518432617,0.0,6.989935398101807,168.11135864257812,0.0500000044703483,21.402000427246094,0.1889999955892563
1785394800000,2026-07-30 07:00:00,,,,,,,,,,,,26.45199966430664,53.0,1014.5999755859376,16.10137939453125,0.0,9.77981662750244,173.65989685058594,0.1000000089406967,23.402000427246094,0.1889999955892563
1785398400000,2026-07-30 08:00:00,,,,,,,,,,,,28.10199928283692,50.0,1014.5999755859376,16.70570182800293,0.0,11.252518653869627,172.64772033691406,0.1599999964237213,25.75200080871582,0.1889999955892563
1785402000000,2026-07-30 09:00:00,,,,,,,,,,,,30.25200080871582,44.0,1014.5999755859376,16.649843215942383,0.0,10.89557647705078,187.5945587158203,0.2199999988079071,28.00200080871582,0.1889999955892563
1785405600000,2026-07-30 10:00:00,,,,,,,,,,,,32.15199661254883,38.0,1014.4000244140624,16.046911239624023,0.0,12.429126739501951,190.00791931152344,0.2599999904632568,30.052000045776367,0.1889999955892563
1785409200000,2026-07-30 11:00:00,,,,,,,,,,,,33.85199737548828,33.0,1013.5999755859376,15.335683822631836,0.0,14.830076217651367,185.5720977783203,0.3000000119209289,31.652000427246094,0.1879999935626983
1785412800000,2026-07-30 12:00:00,,,,,,,,,,,,35.50199890136719,27.0,1012.7999877929688,13.647598266601562,0.0,15.683775901794434,189.2460327148437,0.3400000035762787,33.25199890136719,0.1879999935626983
1785416400000,2026-07-30 13:00:00,,,,,,,,,,,,36.60199737548828,23.0,1012.2000122070312,12.12088394165039,0.0,16.51690101623535,196.4600982666016,0.3500000238418579,34.45199966430664,0.1879999935626983
1785420000000,2026-07-30 14:00:00,,,,,,,,,,,,36.95199966430664,22.0,1011.0999755859376,11.736867904663086,0.0,16.263872146606445,185.0795135498047,0.3500000238418579,35.051998138427734,0.1879999935626983
1785423561461,2026-07-30 14:59:21,25.51,17.13,31.18,,,,484.88,388.6,342.94,-115.0,-4.0,,,,,,,,,,
1785423600000,2026-07-30 15:00:00,,,,,,,,,,,,30.60199928283692,40.0,1013.5,15.470322608947754,0.0,45.8600959777832,247.8644561767578,0.2800000309944153,34.40199661254883,0.1870000064373016
1785427200000,2026-07-30 16:00:00,,,,,,,,,,,,24.902000427246094,57.0,1014.7999877929688,15.80087947845459,0.0,27.00239944458008,269.2361145019531,0.1199999973177909,29.902000427246094,0.1870000064373016
1785430800000,2026-07-30 17:00:00,,,,,,,,,,,,23.95199966430664,65.0,1015.5999755859376,16.970623016357422,0.1000000014901161,13.698933601379396,266.9872741699219,0.0900000035762786,27.402000427246094,0.1870000064373016
1785434400000,2026-07-30 18:00:00,,,,,,,,,,,,23.152000427246094,71.0,1013.9000244140624,17.604652404785156,0.3000000119209289,8.287821769714355,92.489501953125,0.0700000077486038,26.00200080871582,0.1870000064373016
1785438000000,2026-07-30 19:00:00,,,,,,,,,,,,22.60199928283692,75.0,1015.7000122070312,17.945926666259766,0.0,9.178235054016112,205.55992126464844,0.0599999986588954,24.95199966430664,0.1870000064373016
1785441600000,2026-07-30 20:00:00,,,,,,,,,,,,22.00200080871582,74.0,1015.7000122070312,17.154434204101562,0.0,5.991593837738037,212.73521423339844,0.0500000044703483,24.00200080871582,0.1870000064373016
1785445200000,2026-07-30 21:00:00,,,,,,,,,,,,20.802000045776367,80.0,1016.0,17.224853515625,0.0,2.620839357376098,164.05453491210938,0.0199999995529651,23.10199928283692,0.1879999935626983
1785448800000,2026-07-30 22:00:00,,,,,,,,,,,,19.802000045776367,85.0,1016.2000122070312,17.206764221191406,0.0,3.396233081817627,237.99465942382807,0.0199999995529651,22.302000045776367,0.1879999935626983
1785452400000,2026-07-30 23:00:00,,,,,,,,,,,,19.20199966430664,87.0,1016.4000244140624,16.985109329223633,0.0,3.054701328277588,224.99989318847656,0.0099999997764825,21.70199966430664,0.1879999935626983
1785456000000,2026-07-31 00:00:00,,,,,,,,,,,,18.902000427246094,91.0,1018.2000122070312,17.40001106262207,0.0,2.811689853668213,230.1944732666016,0.0199999995529651,21.45199966430664,0.1840000003576278
1785459600000,2026-07-31 01:00:00,,,,,,,,,,,,17.70199966430664,96.0,1017.4000244140624,17.05570411682129,0.0,2.9024126529693604,209.7447967529297,0.0099999997764825,20.70199966430664,0.1840000003576278
1785463200000,2026-07-31 02:00:00,,,,,,,,,,,,16.70199966430664,96.0,1017.5,16.060646057128906,0.0,3.617955207824707,185.7104949951172,0.0099999997764825,20.052000045776367,0.1840000003576278
1785466749314,2026-07-31 02:59:09,,,,18.86,17.64,17.49,,,,-115.0,1.2,,,,,,,,,,
1785466752334,2026-07-31 02:59:12,25.64,17.15,31.22,,,,485.03,388.63,342.97,-115.0,-2.8,,,,,,,,,,
1785466800000,2026-07-31 03:00:00,,,,,,,,,,,,16.001998901367188,97.0,1017.5,15.52573013305664,0.0,3.617955207824707,185.7104949951172,0.0099999997764825,19.402000427246094,0.1840000003576278
1785470400000,2026-07-31 04:00:00,,,,,,,,,,,,15.652000427246094,97.0,1017.5,15.177017211914062,0.0,3.7585103511810303,163.30067443847656,0.0099999997764825,18.85199928283692,0.1850000023841858
1785474000000,2026-07-31 05:00:00,,,,,,,,,,,,16.20199966430664,95.0,1017.4000244140624,15.399734497070312,0.0,3.075841426849365,159.44387817382812,0.0099999997764825,18.75200080871582,0.1850000023841858
1785477600000,2026-07-31 06:00:00,,,,,,,,,,,,17.45199966430664,93.0,1017.2999877929688,16.307458877563477,0.0,2.27683973312378,71.5649642944336,0.0299999993294477,19.402000427246094,0.1850000023841858
1785481200000,2026-07-31 07:00:00,,,,,,,,,,,,19.302000045776367,88.0,1017.2000122070312,17.26408576965332,0.0,3.545588731765747,66.03750610351562,0.0599999986588954,20.75200080871582,0.1850000023841858
1785484800000,2026-07-31 08:00:00,,,,,,,,,,,,21.00200080871582,83.0,1016.7999877929688,18.003799438476562,0.0,5.804825305938721,82.87508392333984,0.1000000089406967,22.60199928283692,0.1860000044107437
1785488400000,2026-07-31 09:00:00,,,,,,,,,,,,22.85199928283692,70.0,1016.5999755859376,17.09274673461914,0.0,5.959060192108154,115.0168685913086,0.1599999964237213,24.45199966430664,0.1860000044107437
1785492000000,2026-07-31 10:00:00,,,,,,,,,,,,24.10199928283692,66.0,1015.9000244140624,17.354326248168945,0.0,6.109402656555176,135.00010681152344,0.2199999988079071,26.152000427246094,0.1860000044107437
1785495546917,2026-07-31 10:59:06,25.67,17.21,31.28,,,,485.06,388.69,343.03,-113.0,-7.5,,,,,,,,,,
1785495600000,2026-07-31 11:00:00,,,,,,,,,,,,25.402000427246094,62.0,1015.2000122070312,17.594083786010742,0.0,4.693825721740723,122.47117614746094,0.2399999946355819,27.70199966430664,0.1860000044107437
1785499200000,2026-07-31 12:00:00,,,,,,,,,,,,27.052000045776367,52.0,1014.9000244140624,16.356578826904297,0.0,7.9932966232299805,234.16226196289065,0.270000010728836,28.75200080871582,0.1850000023841858
1785502800000,2026-07-31 13:00:00,,,,,,,,,,,,28.00200080871582,47.0,1014.5999755859376,15.643701553344728,0.0,9.360000610351562,247.38009643554688,0.2599999904632568,29.25200080871582,0.1850000023841858
1785506400000,2026-07-31 14:00:00,,,,,,,,,,,,28.20199966430664,47.0,1014.2999877929688,15.825870513916016,0.0,10.446206092834473,271.9748840332031,0.2599999904632568,29.652000427246094,0.1850000023841858
1785510000000,2026-07-31 15:00:00,,,,,,,,,,,,27.85199928283692,49.0,1014.0999755859376,16.159015655517578,0.0,11.620808601379396,286.18927001953125,0.2399999946355819,29.552000045776367,0.1850000023841858
1785513600000,2026-07-31 16:00:00,,,,,,,,,,,,27.50200080871582,49.0,1013.5999755859376,15.838567733764648,0.0,9.028754234313965,293.4985656738281,0.2000000178813934,29.052000045776367,0.1850000023841858
1785517200000,2026-07-31 17:00:00,,,,,,,,,,,,26.70199966430664,52.0,1013.5,16.033729553222656,0.0,7.9281768798828125,309.4724426269531,0.1599999964237213,28.052000045776367,0.1850000023841858
1785520800000,2026-07-31 18:00:00,,,,,,,,,,,,26.052000045776367,54.0,1013.4000244140624,16.024036407470703,0.0,4.394360065460205,325.0079040527344,0.1099999994039535,27.00200080871582,0.1850000023841858
1785524400000,2026-07-31 19:00:00,,,,,,,,,,,,25.00200080871582,65.0,1013.5,17.966333389282227,0.0,1.1384198665618896,71.5649642944336,0.0500000044703483,25.802000045776367,0.1850000023841858
1785528000000,2026-07-31 20:00:00,,,,,,,,,,,,23.50200080871582,70.0,1013.5999755859376,17.714862823486328,0.0,3.239999771118164,180.0,0.0199999995529651,24.652000427246094,0.1860000044107437
1785531600000,2026-07-31 21:00:00,,,,,,,,,,,,21.902000427246094,76.0,1013.7999877929688,17.47991371154785,0.0,3.3190360069274902,220.6012115478516,0.0299999993294477,23.70199966430664,0.1860000044107437
1785535200000,2026-07-31 22:00:00,,,,,,,,,,,,21.00200080871582,79.0,1014.2000122070312,17.22041130065918,0.0,9.220499038696287,308.6598205566406,0.0299999993294477,22.95199966430664,0.1860000044107437
1785538800000,2026-07-31 23:00:00,,,,,,,,,,,,20.50200080871582,82.0,1014.7999877929688,17.32311248779297,0.0,8.854828834533691,296.5649719238281,0.0299999993294477,22.402000427246094,0.1860000044107437
1785542400000,2026-08-01 00:00:00,,,,,,,,,,,,18.152000427246094,85.0,1016.2000122070312,15.589086532592772,0.2000000029802322,11.98859405517578,311.3476867675781,0.0299999993294477,21.85199928283692,0.1899999976158142
1785546000000,2026-08-01 01:00:00,,,,,,,,,,,,17.402000427246094,84.0,1016.4000244140624,14.670093536376951,0.0,11.808877944946287,307.56866455078125,0.0299999993294477,21.052000045776367,0.1899999976158142
1785549600000,2026-08-01 02:00:00,,,,,,,,,,,,16.802000045776367,84.0,1016.9000244140624,14.082602500915527,0.0,10.495713233947754,300.96368408203125,0.0299999993294477,20.45199966430664,0.1899999976158142
1785553200000,2026-08-01 03:00:00,,,,,,,,,,,,16.001998901367188,86.0,1016.9000244140624,13.660694122314451,0.0,10.4399995803833,313.6029052734375,0.0199999995529651,19.85199928283692,0.1899999976158142
1785556800000,2026-08-01 04:00:00,,,,,,,,,,,,15.45199966430664,88.0,1017.0999755859376,13.473233222961426,0.0,7.65370512008667,318.81414794921875,0.0199999995529651,19.25200080871582,0.1899999976158142
1785560400000,2026-08-01 05:00:00,,,,,,,,,,,,15.10200023651123,88.0,1017.4000244140624,13.128567695617676,0.0,9.164103507995604,315.0000915527344,0.0199999995529651,18.902000427246094,0.1899999976158142
1785564000000,2026-08-01 06:00:00,,,,,,,,,,,,15.052000045776367,86.0,1017.5999755859376,12.72776222229004,0.0,9.021574020385742,331.3896179199219,0.0299999993294477,18.902000427246094,0.1899999976158142
1785567530414,2026-08-01 06:58:50,,,,19.13,18.55,17.76,,,,-114.0,-6.2,,,,,,,,,,
1785567600000,2026-08-01 07:00:00,,,,,,,,,,,,15.802000045776367,81.0,1018.0999755859376,12.547566413879396,0.0,8.534353256225586,332.3540954589844,0.0399999991059303,19.402000427246094,0.1909999996423721
1785571200000,2026-08-01 08:00:00,,,,,,,,,,,,17.20199966430664,73.0,1018.2999877929688,12.319589614868164,0.0,8.891343116760254,328.2405700683594,0.0700000077486038,20.70199966430664,0.1909999996423721
1785574800000,2026-08-01 09:00:00,,,,,,,,,,,,18.70199966430664,66.0,1018.5,12.221055030822754,0.0,10.36525058746338,339.6767883300781,0.1099999994039535,22.50200080871582,0.1909999996423721
1785578400000,2026-08-01 10:00:00,,,,,,,,,,,,19.802000045776367,59.0,1018.7000122070312,11.559164047241213,0.0,10.464797019958496,333.4350280761719,0.1400000154972076,24.052000045776367,0.1909999996423721
1785581930694,2026-08-01 10:58:50,25.7,17.3,31.32,,,,485.1,388.79,343.06,-111.0,-10.8,,,,,,,,,,
1785582000000,2026-08-01 11:00:00,,,,,,,,,,,,20.95199966430664,51.0,1018.5999755859376,10.433500289916992,0.0,10.464797019958496,333.4350280761719,0.1599999964237213,25.50200080871582,0.1899999976158142
1785585600000,2026-08-01 12:00:00,,,,,,,,,,,,21.902000427246094,46.0,1018.5,9.7603120803833,0.0,11.631956100463867,338.1985168457031,0.1899999976158142,27.052000045776367,0.1899999976158142
1785589200000,2026-08-01 13:00:00,,,,,,,,,,,,23.10199928283692,38.0,1018.5,8.009714126586914,0.0,10.182336807250977,315.0000915527344,0.1899999976158142,28.00200080871582,0.1899999976158142
1785592800000,2026-08-01 14:00:00,,,,,,,,,,,,23.35199928283692,35.0,1018.5,7.025828361511231,0.0,9.5042724609375,322.6959533691406,0.1899999976158142,28.302000045776367,0.1899999976158142
1785596400000,2026-08-01 15:00:00,,,,,,,,,,,,23.10199928283692,35.0,1018.5999755859376,6.80551815032959,0.0,6.6380720138549805,347.47119140625,0.1700000017881393,27.85199928283692,0.1899999976158142
1785600000000,2026-08-01 16:00:00,,,,,,,,,,,,23.052000045776367,34.0,1018.7000122070312,6.339896202087402,0.0,8.21715259552002,298.8106994628906,0.1400000154972076,27.25200080871582,0.1889999955892563
1785603600000,2026-08-01 17:00:00,,,,,,,,,,,,22.70199966430664,34.0,1018.9000244140624,6.032450675964356,0.0,7.172948837280273,342.4743347167969,0.1099999994039535,26.00200080871582,0.1889999955892563
1785607200000,2026-08-01 18:00:00,,,,,,,,,,,,21.95199966430664,38.0,1019.2000122070312,6.986194133758545,0.0,5.86037540435791,10.619609832763672,0.0799999982118606,24.70199966430664,0.1889999955892563
1785610722292,2026-08-01 18:58:42,,,,18.98,18.76,17.88,,,,-110.0,-4.0,,,,,,,,,,
1785610800000,2026-08-01 19:00:00,,,,,,,,,,,,20.552000045776367,46.0,1019.5999755859376,8.530924797058105,0.0,5.154415130615234,24.775121688842773,0.0500000044703483,23.20199966430664,0.1889999955892563
1785614400000,2026-08-01 20:00:00,,,,,,,,,,,,18.402000427246094,60.0,1020.0999755859376,10.497344017028809,0.0,2.27683973312378,71.5649642944336,0.0299999993294477,21.60199928283692,0.1889999955892563
1785618000000,2026-08-01 21:00:00,,,,,,,,,,,,17.00200080871582,69.0,1020.2999877929688,11.273326873779297,0.0,2.0364675521850586,135.00010681152344,0.0199999995529651,20.35199928283692,0.1889999955892563
1785621600000,2026-08-01 22:00:00,,,,,,,,,,,,15.802000045776367,73.0,1020.5,10.971492767333984,0.0,2.4149534702301025,116.5649871826172,0.0099999997764825,19.402000427246094,0.1889999955892563
1785625200000,2026-08-01 23:00:00,,,,,,,,,,,,15.20199966430664,67.0,1020.7000122070312,9.114143371582031,0.0,2.968636035919189,165.96372985839844,0.0099999997764825,18.552000045776367,0.1899999976158142
1785628800000,2026-08-02 00:00:00,,,,,,,,,,,,13.902000427246094,79.0,1021.0999755859376,10.31966495513916,0.0,3.617955207824707,174.2895050048828,0.0099999997764825,17.25200080871582,0.1850000023841858
1785632400000,2026-08-02 01:00:00,,,,,,,,,,,,13.001999855041504,85.0,1020.7999877929688,10.538679122924805,0.0,4.213691711425781,160.0167999267578,0.0099999997764825,16.70199966430664,0.1850000023841858
1785636000000,2026-08-02 02:00:00,,,,,,,,,,,,12.20199966430664,87.0,1021.2000122070312,10.101409912109377,0.0,4.0249223709106445,169.69520568847656,0.0099999997764825,16.101999282836914,0.1850000023841858
1785639519900,2026-08-02 02:58:39,25.55,17.21,31.28,,,,484.92,388.69,343.03,-113.0,-4.2,,,,,,,,,,
1785639600000,2026-08-02 03:00:00,,,,,,,,,,,,11.70199966430664,87.0,1021.2000122070312,9.60959815979004,0.0,4.802999019622803,167.00538635253906,0.0099999997764825,15.501999855041504,0.1850000023841858
1785643200000,2026-08-02 04:00:00,,,,,,,,,,,,11.251999855041504,87.0,1021.0,9.166954040527344,0.0,4.452953815460205,165.96372985839844,0.0099999997764825,14.95199966430664,0.1860000044107437
1785646800000,2026-08-02 05:00:00,,,,,,,,,,,,11.95199966430664,85.0,1021.0,9.508744239807127,0.0,4.802999019622803,167.00538635253906,0.0099999997764825,14.802000045776367,0.1860000044107437
1785650400000,2026-08-02 06:00:00,,,,,,,,,,,,14.70199966430664,78.0,1020.9000244140624,10.90554904937744,0.0,3.7585103511810303,163.30067443847656,0.0199999995529651,15.652000427246094,0.1860000044107437
1785654000000,2026-08-02 07:00:00,,,,,,,,,,,,17.902000427246094,65.0,1021.0,11.229483604431152,0.0,4.33497428894043,175.2364501953125,0.0599999986588954,17.70199966430664,0.1860000044107437
1785657600000,2026-08-02 08:00:00,,,,,,,,,,,,19.902000427246094,57.0,1021.0999755859376,11.131816864013672,0.0,5.815978050231934,158.1985321044922,0.1000000089406967,20.25200080871582,0.1860000044107437
1785661200000,2026-08-02 09:00:00,,,,,,,,,,,,21.152000427246094,51.0,1021.0999755859376,10.617877960205078,0.0,5.959060192108154,154.98313903808594,0.1500000059604644,22.652000427246094,0.1860000044107437
1785664800000,2026-08-02 10:00:00,,,,,,,,,,,,22.552000045776367,43.0,1020.9000244140624,9.34516143798828,0.0,5.241678714752197,105.94546508789062,0.1899999976158142,24.70199966430664,0.1860000044107437
1785668311511,2026-08-02 10:58:31,,,,17.28,18.27,17.79,,,,-113.0,-6.0,,,,,,,,,,
1785668400000,2026-08-02 11:00:00,,,,,,,,,,,,23.60199928283692,41.0,1020.4000244140624,9.581570625305176,0.0,8.121970176696777,77.19573974609375,0.25,26.652000427246094,0.1860000044107437
1785672000000,2026-08-02 12:00:00,,,,,,,,,,,,24.35199928283692,36.0,1020.0999755859376,8.321642875671387,0.0,8.55710220336914,75.37908935546875,0.2800000309944153,27.95199966430664,0.1850000023841858
1785675600000,2026-08-02 13:00:00,,,,,,,,,,,,25.152000427246094,37.0,1019.5999755859376,9.435537338256836,0.0,9.565437316894531,70.20104217529297,0.270000010728836,28.802000045776367,0.1850000023841858
1785679200000,2026-08-02 14:00:00,,,,,,,,,,,,25.35199928283692,36.0,1019.2000122070312,9.205138206481934,0.0,10.495713233947754,59.036319732666016,0.25,29.052000045776367,0.1850000023841858
1785682711783,2026-08-02 14:58:31,25.39,17.18,31.22,,,,484.74,388.66,342.97,-109.0,-2.8,,,,,,,,,,
1785682800000,2026-08-02 15:00:00,,,,,,,,,,,,25.45199966430664,33.0,1018.7000122070312,8.006702423095703,0.0,10.182336807250977,81.86998748779297,0.2300000041723251,28.802000045776367,0.1850000023841858
1785686400000,2026-08-02 16:00:00,,,,,,,,,,,,25.50200080871582,38.0,1018.2000122070312,10.144147872924805,0.0,11.726277351379396,72.12120819091797,0.2000000178813934,28.20199966430664,0.1850000023841858
1785690000000,2026-08-02 17:00:00,,,,,,,,,,,,24.85199928283692,38.0,1018.0,9.566285133361816,0.0,11.92898941040039,84.8056640625,0.1599999964237213,27.052000045776367,0.1850000023841858
1785693600000,2026-08-02 18:00:00,,,,,,,,,,,,23.75200080871582,39.0,1018.0,8.972545623779297,0.0,10.086426734924316,92.0453643798828,0.1199999973177909,25.50200080871582,0.1850000023841858
1785697106086,2026-08-02 18:58:26,,,,18.37,18.18,17.73,,,,-113.0,-0.8,,,,,,,,,,
1785697109082,2026-08-02 18:58:29,25.37,17.15,31.18,,,,484.71,388.63,342.94,-109.0,-4.2,,,,,,,,,,
1785697200000,2026-08-02 19:00:00,,,,,,,,,,,,21.75200080871582,47.0,1018.0999755859376,9.944660186767578,0.0,7.421589851379394,104.03627014160156,0.0799999982118606,23.75200080871582,0.1850000023841858
1785700800000,2026-08-02 20:00:00,,,,,,,,,,,,20.00200080871582,56.0,1018.2000122070312,10.95840549468994,0.0,6.7637858390808105,115.20108795166016,0.0500000044703483,22.052000045776367,0.1850000023841858
1785704400000,2026-08-02 21:00:00,,,,,,,,,,,,19.052000045776367,56.0,1018.2000122070312,10.07249355316162,0.0,6.119999885559082,118.07239532470705,0.0399999991059303,20.85199928283692,0.1850000023841858
1785708000000,2026-08-02 22:00:00,,,,,,,,,,,,18.10199928283692,61.0,1018.0999755859376,10.462933540344238,0.0,4.394360065460205,124.99209594726562,0.0299999993294477,19.902000427246094,0.1850000023841858
1785711506396,2026-08-02 22:58:26,25.37,17.13,31.18,,,,484.71,388.6,342.94,-111.0,2.2,,,,,,,,,,
1785711600000,2026-08-02 23:00:00,,,,,,,,,,,,16.552000045776367,69.0,1018.0,10.842918395996094,0.0,4.072935104370117,135.00010681152344,0.0199999995529651,19.10199928283692,0.1850000023841858
1785715200000,2026-08-03 00:00:00,,,,,,,,,,,,17.50200080871582,64.0,1017.5999755859376,10.616567611694336,0.0,5.191993713378906,123.69009399414062,0.0199999995529651,19.75200080871582,0.1809999942779541
1785718800000,2026-08-03 01:00:00,,,,,,,,,,,,16.652000427246094,67.0,1017.2999877929688,10.496403694152832,0.0,4.349896430969238,114.4439468383789,0.0099999997764825,19.052000045776367,0.1809999942779541
1785722400000,2026-08-03 02:00:00,,,,,,,,,,,,15.552000045776367,72.0,1017.2999877929688,10.52353286743164,0.0,3.6712939739227295,101.30989837646484,0.0099999997764825,18.45199966430664,0.1809999942779541
1785726000000,2026-08-03 03:00:00,,,,,,,,,,,,14.85200023651123,75.0,1016.7999877929688,10.46139907836914,0.0,3.976329803466797,84.8056640625,0.0099999997764825,17.95199966430664,0.1809999942779541
1785729600000,2026-08-03 04:00:00,,,,,,,,,,,,14.302000045776367,79.0,1016.5999755859376,10.70858097076416,0.0,3.3190360069274902,102.52880096435548,0.0099999997764825,17.402000427246094,0.1809999942779541
1785733200000,2026-08-03 05:00:00,,,,,,,,,,,,14.402000427246094,79.0,1016.5999755859376,10.805806159973145,0.0,3.976329803466797,95.19434356689452,0.0099999997764825,17.101999282836914,0.1809999942779541
1785736800000,2026-08-03 06:00:00,,,,,,,,,,,,16.552000045776367,70.0,1016.5,11.059616088867188,0.0,6.489992141723633,109.44012451171876,0.0199999995529651,17.851999282836914,0.1809999942779541
1785740400000,2026-08-03 07:00:00,,,,,,,,,,,,18.50200080871582,64.0,1016.5,11.56431484222412,0.0,8.654986381530762,106.92759704589844,0.0399999991059303,19.552000045776367,0.1809999942779541
1785744000000,2026-08-03 08:00:00,,,,,,,,,,,,20.70199966430664,58.0,1016.2999877929688,12.143377304077148,0.0,9.064568519592283,96.84268188476562,0.0599999986588954,21.902000427246094,0.1809999942779541
1785747600000,2026-08-03 09:00:00,,,,,,,,,,,,22.70199966430664,54.0,1015.9000244140624,12.917619705200195,0.0,10.10568141937256,85.91446685791016,0.0900000035762786,24.45199966430664,0.1809999942779541
1785751200000,2026-08-03 10:00:00,,,,,,,,,,,,24.60199928283692,50.0,1015.4000244140624,13.491990089416504,0.0,11.159998893737791,90.0,0.1099999994039535,26.85199928283692,0.1809999942779541
1785754695287,2026-08-03 10:58:15,,,,17.22,18.09,17.76,,,,-113.0,-7.0,,,,,,,,,,
1785754800000,2026-08-03 11:00:00,,,,,,,,,,,,26.402000427246094,45.0,1015.0999755859376,13.515957832336426,0.0,11.165804862976074,88.15242767333984,0.1299999952316284,29.00200080871582,0.1809999942779541
1785758400000,2026-08-03 12:00:00,,,,,,,,,,,,27.902000427246094,40.0,1014.7000122070312,13.05936050415039,0.0,10.89557647705078,82.40545654296875,0.1500000059604644,30.802000045776367,0.1809999942779541
1785762000000,2026-08-03 13:00:00,,,,,,,,,,,,29.20199966430664,34.0,1014.0999755859376,11.733811378479004,0.0,11.367109298706056,79.04598236083984,0.1599999964237213,32.051998138427734,0.1800000071525573
1785765600000,2026-08-03 14:00:00,,,,,,,,,,,,30.10199928283692,29.0,1013.4000244140624,10.119388580322266,0.0,12.224106788635254,76.37299346923828,0.1599999964237213,32.65199661254883,0.1800000071525573
1785769096612,2026-08-03 14:58:16,25.33,17.13,31.11,,,,484.67,388.6,342.88,-109.0,-1.5,,,,,,,,,,
1785769200000,2026-08-03 15:00:00,,,,,,,,,,,,30.50200080871582,30.0,1012.9000244140624,10.972594261169434,0.0,12.783802032470703,80.27249908447266,0.1500000059604644,32.70199966430664,0.1800000071525573
1785772800000,2026-08-03 16:00:00,,,,,,,,,,,,30.45199966430664,32.0,1012.5,11.90500259399414,0.0,13.3637113571167,85.3646240234375,0.1199999973177909,32.20199966430664,0.1800000071525573
1785776400000,2026-08-03 17:00:00,,,,,,,,,,,,30.00200080871582,36.0,1012.0999755859376,13.308192253112791,0.0,13.084402084350586,82.09293365478516,0.1000000089406967,31.152000427246094,0.1790000051259994
1785780000000,2026-08-03 18:00:00,,,,,,,,,,,,29.052000045776367,40.0,1012.0999755859376,14.08657455444336,0.0,11.519999504089355,90.0,0.0700000077486038,29.802000045776367,0.1790000051259994
1785783600000,2026-08-03 19:00:00,,,,,,,,,,,,27.25200080871582,47.0,1012.0999755859376,14.96045207977295,0.0,9.726664543151855,87.87895202636719,0.0500000044703483,28.20199966430664,0.1790000051259994
1785787200000,2026-08-03 20:00:00,,,,,,,,,,,,25.652000427246094,51.0,1012.0999755859376,14.763358116149902,0.0,8.55710220336914,104.62091827392578,0.0299999993294477,26.652000427246094,0.1790000051259994
1785790800000,2026-08-03 21:00:00,,,,,,,,,,,,24.552000045776367,53.0,1012.4000244140624,14.344054222106934,0.0,5.014219284057617,111.03758239746094,0.0299999993294477,25.402000427246094,0.1790000051259994
1785794400000,2026-08-03 22:00:00,,,,,,,,,,,,22.902000427246094,62.0,1012.4000244140624,15.236760139465332,0.0,3.617955207824707,84.28949737548828,0.0199999995529651,24.402000427246094,0.1790000051259994
1785797887183,2026-08-03 22:58:07,,,,17.43,18.12,17.28,,,,-109.0,-0.5,,,,,,,,,,
1785797888371,2026-08-03 22:58:08,25.39,17.15,31.11,,,,484.74,388.63,342.88,-113.0,-1.2,,,,,,,,,,
1785798000000,2026-08-03 23:00:00,,,,,,,,,,,,21.35199928283692,72.0,1012.2000122070312,16.09772300720215,0.0,3.2599384784698486,83.65990447998047,0.0199999995529651,23.60199928283692,0.1790000051259994
1785801600000,2026-08-04 00:00:00,,,,,,,,,,,,21.50200080871582,76.0,1011.4000244140624,17.0931453704834,0.0,3.7585103511810303,73.30067443847656,0.0099999997764825,23.25200080871582,0.1729999929666519
1785805200000,2026-08-04 01:00:00,,,,,,,,,,,,21.052000045776367,79.0,1012.2000122070312,17.268985748291016,0.0,7.920000076293945,270.0,0.0099999997764825,22.75200080871582,0.1729999929666519
1785808800000,2026-08-04 02:00:00,,,,,,,,,,,,21.70199966430664,75.0,1012.4000244140624,17.077146530151367,0.0,2.099142551422119,59.036319732666016,0.0099999997764825,22.60199928283692,0.1729999929666519
1785812284496,2026-08-04 02:58:04,,,,18.73,18.18,17.61,,,,-110.0,-2.5,,,,,,,,,,
1785812400000,2026-08-04 03:00:00,,,,,,,,,,,,21.052000045776367,78.0,1012.0999755859376,17.067625045776367,0.1000000014901161,5.600285530090332,224.99989318847656,0.0099999997764825,22.50200080871582,0.1729999929666519
1785816000000,2026-08-04 04:00:00,,,,,,,,,,,,21.152000427246094,80.0,1012.7999877929688,17.56542205810547,0.1000000014901161,5.9044389724731445,217.56866455078125,0.0099999997764825,22.35199928283692,0.1729999929666519
1785819600000,2026-08-04 05:00:00,,,,,,,,,,,,21.10199928283692,84.0,1014.0,18.29233741760254,2.799999952316284,4.104631423950195,232.1249542236328,0.0199999995529651,22.152000427246094,0.1729999929666519
1785823200000,2026-08-04 06:00:00,,,,,,,,,,,,20.402000427246094,91.0,1013.5999755859376,18.8828125,4.599999904632568,1.938659191131592,111.80147552490234,0.0199999995529651,22.052000045776367,0.1749999970197677
1785826681775,2026-08-04 06:58:01,,,,18.73,18.24,17.79,,,,-111.0,-3.0,,,,,,,,,,
1785826682958,2026-08-04 06:58:02,25.49,17.18,31.15,,,,484.85,388.66,342.91,-110.0,-4.2,,,,,,,,,,
1785826800000,2026-08-04 07:00:00,,,,,,,,,,,,21.052000045776367,88.0,1013.5999755859376,18.98691368103028,0.0,5.86037540435791,132.51040649414062,0.0299999993294477,22.35199928283692,0.1780000030994415
1785830400000,2026-08-04 08:00:00,,,,,,,,,,,,22.50200080871582,83.0,1013.5,19.46983337402344,0.0,6.877789497375488,132.87889099121094,0.0599999986588954,23.60199928283692,0.1800000071525573
1785834000000,2026-08-04 09:00:00,,,,,,,,,,,,24.20199966430664,77.0,1013.2999877929688,19.914291381835938,0.0,7.9281768798828125,140.52757263183594,0.1000000089406967,25.50200080871582,0.181999996304512
1785837600000,2026-08-04 10:00:00,,,,,,,,,,,,25.95199966430664,67.0,1013.0999755859376,19.35322570800781,0.0,8.089993476867676,147.72438049316406,0.1500000059604644,27.802000045776367,0.1829999983310699
1785841079073,2026-08-04 10:57:59,,,,18.86,18.58,17.91,,,,-115.0,-6.0,,,,,,,,,,
1785841200000,2026-08-04 11:00:00,,,,,,,,,,,,27.45199966430664,63.0,1013.0,19.783897399902344,0.0,6.6380720138549805,167.47120666503906,0.1800000071525573,30.152000427246094,0.1840000003576278
1785844800000,2026-08-04 12:00:00,,,,,,,,,,,,29.20199966430664,56.0,1012.9000244140624,19.526365280151367,0.0,8.161764144897461,228.5764312744141,0.1800000071525573,32.301998138427734,0.1840000003576278
1785848400000,2026-08-04 13:00:00,,,,,,,,,,,,30.35199928283692,48.0,1012.5999755859376,18.118223190307617,0.0,7.412853240966797,240.9454803466797,0.1700000017881393,33.40199661254883,0.1840000003576278
1785852000000,2026-08-04 14:00:00,,,,,,,,,,,,30.902000427246094,44.0,1012.4000244140624,17.23668098449707,0.0,7.2805495262146,261.4693298339844,0.1500000059604644,34.00199890136719,0.1840000003576278
1785855600000,2026-08-04 15:00:00,,,,,,,,,,,,31.402000427246094,43.0,1012.0,17.32367515563965,0.0,7.386581897735596,226.9749298095703,0.1299999952316284,34.20199966430664,0.1840000003576278
1785859200000,2026-08-04 16:00:00,,,,,,,,,,,,31.50200080871582,42.0,1011.7000122070312,17.04157066345215,0.0,5.116561412811279,230.7106170654297,0.1099999994039535,33.65199661254883,0.1840000003576278
1785862800000,2026-08-04 17:00:00,,,,,,,,,,,,31.25200080871582,44.0,1011.5999755859376,17.5526123046875,0.0,3.219938039779663,243.4350128173828,0.0900000035762786,32.85199737548828,0.1840000003576278
1785866400000,2026-08-04 18:00:00,,,,,,,,,,,,30.95199966430664,46.0,1011.5999755859376,17.986957550048828,0.0,2.099142551422119,210.96368408203125,0.0700000077486038,31.70199966430664,0.1840000003576278
1785870000000,2026-08-04 19:00:00,,,,,,,,,,,,29.60199928283692,55.0,1011.9000244140624,19.60792350769043,0.0,3.054701328277588,224.99989318847656,0.0399999991059303,30.20199966430664,0.1840000003576278
1785873600000,2026-08-04 20:00:00,,,,,,,,,,,,26.60199928283692,70.0,1012.2000122070312,20.68095970153809,0.0,3.617955207824707,185.7104949951172,0.0199999995529651,28.652000427246094,0.1840000003576278
1785877200000,2026-08-04 21:00:00,,,,,,,,,,,,24.70199966430664,74.0,1012.2000122070312,19.756084442138672,0.0,3.239999771118164,180.0,0.0199999995529651,27.25200080871582,0.1840000003576278
1785880800000,2026-08-04 22:00:00,,,,,,,,,,,,23.95199966430664,74.0,1012.0999755859376,19.03350067138672,0.0,3.239999771118164,180.0,0.0099999997764825,26.152000427246094,0.1840000003576278
1785884270924,2026-08-04 22:57:50,,,,19.41,16.9,18.03,,,,-114.0,-7.5,,,,,,,,,,
1785884400000,2026-08-04 23:00:00,,,,,,,,,,,,24.20199966430664,70.0,1013.0999755859376,18.38475608825684,0.1000000014901161,11.983187675476074,212.73521423339844,0.0099999997764825,25.45199966430664,0.1840000003576278
1785888000000,2026-08-05 00:00:00,,,,,,,,,,,,23.85199928283692,78.0,1013.5,19.783336639404297,0.0,8.759178161621094,260.5377502441406,0.0199999995529651,25.052000045776367,0.1739999949932098
1785891600000,2026-08-05 01:00:00,,,,,,,,,,,,23.60199928283692,75.0,1013.0,18.911115646362305,0.0,7.235910415649414,275.71051025390625,0.0399999991059303,24.552000045776367,0.1739999949932098
1785895200000,2026-08-05 02:00:00,,,,,,,,,,,,22.35199928283692,81.0,1013.0999755859376,18.931859970092773,0.0,7.695919990539551,280.78424072265625,0.0299999993294477,24.152000427246094,0.1739999949932098
1785898671308,2026-08-05 02:57:51,25.76,17.3,31.25,,,,485.17,388.79,343.0,-112.0,0.8,,,,,,,,,,
1785898800000,2026-08-05 03:00:00,,,,,,,,,,,,22.00200080871582,83.0,1012.7999877929688,18.981172561645508,0.0,3.563817977905273,135.00010681152344,0.0199999995529651,23.60199928283692,0.1749999970197677
1785902400000,2026-08-05 04:00:00,,,,,,,,,,,,21.152000427246094,89.0,1013.0,19.2667293548584,0.0,3.617955207824707,185.7104949951172,0.0099999997764825,23.25200080871582,0.1749999970197677
1785906000000,2026-08-05 05:00:00,,,,,,,,,,,,21.35199928283692,86.0,1013.2999877929688,18.91344451904297,0.0,4.33497428894043,175.2364501953125,0.0199999995529651,23.052000045776367,0.1749999970197677
1785909600000,2026-08-05 06:00:00,,,,,,,,,,,,23.152000427246094,75.0,1013.5999755859376,18.47679710388184,0.0,5.483356475830078,203.19862365722656,0.0399999991059303,23.652000427246094,0.1759999990463256
1785913200000,2026-08-05 07:00:00,,,,,,,,,,,,24.45199966430664,70.0,1014.0,18.623987197875977,0.0,8.20926284790039,232.1249542236328,0.0799999982118606,25.052000045776367,0.1759999990463256
1785916800000,2026-08-05 08:00:00,,,,,,,,,,,,25.652000427246094,67.0,1014.0999755859376,19.06775665283203,0.0,9.693296432495115,238.67135620117188,0.1199999973177909,26.902000427246094,0.1759999990463256
1785920400000,2026-08-05 09:00:00,,,,,,,,,,,,26.85199928283692,62.0,1014.0999755859376,18.96074485778809,0.0,9.826087951660156,241.5571746826172,0.1599999964237213,28.85199928283692,0.1759999990463256
1785924000000,2026-08-05 10:00:00,,,,,,,,,,,,27.802000045776367,58.0,1014.0,18.784255981445312,0.0,12.72792148590088,241.2602996826172,0.1800000071525573,30.35199928283692,0.1759999990463256
1785927465808,2026-08-05 10:57:45,25.85,17.43,31.32,,,,485.27,388.92,343.06,-107.0,-5.0,,,,,,,,,,
1785927600000,2026-08-05 11:00:00,,,,,,,,,,,,29.00200080871582,52.0,1013.9000244140624,18.15468406677246,0.0,11.486200332641602,237.8042907714844,0.1800000071525573,31.802000045776367,0.1749999970197677
1785931200000,2026-08-05 12:00:00,,,,,,,,,,,,29.802000045776367,49.0,1013.7000122070312,17.943756103515625,0.0,10.703569412231444,250.34608459472656,0.1800000071525573,33.25199890136719,0.1749999970197677
1785934800000,2026-08-05 13:00:00,,,,,,,,,,,,30.60199928283692,45.0,1013.5,17.320993423461914,0.0,13.89618682861328,253.44284057617188,0.1700000017881393,33.75199890136719,0.1749999970197677
1785938400000,2026-08-05 14:00:00,,,,,,,,,,,,26.20199966430664,67.0,1013.9000244140624,19.591100692749023,0.2000000029802322,10.739832878112791,193.5704498291016,0.1199999973177909,32.10199737548828,0.1749999970197677
1785941860096,2026-08-05 14:57:40,,,,18.33,18.33,18.21,,,,-114.0,2.8,,,,,,,,,,
1785942000000,2026-08-05 15:00:00,,,,,,,,,,,,29.552000045776367,52.0,1013.2000122070312,18.66165542602539,0.0,7.903619289398193,239.93150329589844,0.1500000059604644,31.70199966430664,0.1739999949932098
1785945600000,2026-08-05 16:00:00,,,,,,,,,,,,28.95199966430664,43.0,1013.2999877929688,15.117573738098145,0.0,12.43433952331543,247.8905029296875,0.1500000059604644,31.152000427246094,0.1739999949932098
1785949200000,2026-08-05 17:00:00,,,,,,,,,,,,28.152000427246094,49.0,1013.5,16.43366813659668,0.0,6.489992141723633,250.55987548828125,0.0900000035762786,29.652000427246094,0.1739999949932098
1785952800000,2026-08-05 18:00:00,,,,,,,,,,,,27.402000427246094,51.0,1013.5,16.37397003173828,0.0,6.193674087524414,234.4622344970703,0.0799999982118606,28.95199966430664,0.1739999949932098
1785956260409,2026-08-05 18:57:40,25.85,17.43,31.35,,,,485.27,388.92,343.09,-112.0,4.0,,,,,,,,,,
1785956400000,2026-08-05 19:00:00,,,,,,,,,,,,25.552000045776367,65.0,1014.0,18.48781013488769,0.0,4.104631423950195,217.8750457763672,0.0399999991059303,27.85199928283692,0.1739999949932098
1785960000000,2026-08-05 20:00:00,,,,,,,,,,,,25.152000427246094,58.0,1015.0999755859376,16.306974411010742,0.0,8.279999732971191,270.0,0.0299999993294477,26.60199928283692,0.1729999929666519
1785963600000,2026-08-05 21:00:00,,,,,,,,,,,,23.95199966430664,56.0,1015.9000244140624,14.639558792114258,0.0,7.199999809265137,270.0,0.0399999991059303,25.652000427246094,0.1729999929666519
1785967200000,2026-08-05 22:00:00,,,,,,,,,,,,23.45199966430664,58.0,1016.0,14.716922760009766,0.0,5.804825305938721,262.8750915527344,0.0299999993294477,25.00200080871582,0.1729999929666519
1785970800000,2026-08-05 23:00:00,,,,,,,,,,,,22.85199928283692,61.0,1016.2000122070312,14.93671703338623,0.0,6.877789974212647,263.9910888671875,0.0299999993294477,24.45199966430664,0.1729999929666519
1785974400000,2026-08-06 00:00:00,,,,,,,,,,,,22.35199928283692,68.0,1016.0999755859376,16.15871238708496,0.0,5.315336227416992,208.3006591796875,0.0299999993294477,24.10199928283692,0.1739999949932098
1785978000000,2026-08-06 01:00:00,,,,,,,,,,,,22.152000427246094,67.0,1016.0999755859376,15.736124992370604,0.0,7.289443969726562,249.77505493164065,0.0299999993294477,23.652000427246094,0.1739999949932098
1785981600000,2026-08-06 02:00:00,,,,,,,,,,,,21.402000427246094,71.0,1016.5,15.926605224609377,0.0,7.421589851379394,247.1663055419922,0.0299999993294477,23.152000427246094,0.1739999949932098
1785985055971,2026-08-06 02:57:35,25.94,17.45,31.38,,,,485.38,388.95,343.12,-111.0,-1.5,,,,,,,,,,
1785985200000,2026-08-06 03:00:00,,,,,,,,,,,,20.802000045776367,73.0,1016.9000244140624,15.784879684448242,0.0,5.411986351013184,266.1860046386719,0.0199999995529651,22.70199966430664,0.1739999949932098
1785988800000,2026-08-06 04:00:00,,,,,,,,,,,,19.70199966430664,73.0,1017.0,14.72623062133789,0.0,9.227523803710938,249.44387817382807,0.0199999995529651,22.20199966430664,0.1739999949932098
1785992400000,2026-08-06 05:00:00,,,,,,,,,,,,19.25200080871582,74.0,1017.5,14.5036039352417,0.0,10.308831214904783,257.9052429199219,0.0299999993294477,21.75200080871582,0.1739999949932098
1785996000000,2026-08-06 06:00:00,,,,,,,,,,,,19.152000427246094,63.0,1017.7999877929688,11.940998077392578,0.0,15.192682266235352,256.29302978515625,0.0500000044703483,21.85199928283692,0.1739999949932098
1785999600000,2026-08-06 07:00:00,,,,,,,,,,,,19.50200080871582,60.0,1018.2999877929688,11.53170108795166,0.0,13.979870796203612,258.1113586425781,0.0799999982118606,22.50200080871582,0.1739999949932098
1786003200000,2026-08-06 08:00:00,,,,,,,,,,,,20.402000427246094,61.0,1018.5999755859376,12.62978458404541,0.0,13.450708389282228,254.475830078125,0.1000000089406967,23.85199928283692,0.1739999949932098
1786006800000,2026-08-06 09:00:00,,,,,,,,,,,,21.552000045776367,57.0,1018.7999877929688,12.673261642456056,0.0,14.154914855957031,262.6943359375,0.1199999973177909,25.50200080871582,0.1739999949932098
1786010400000,2026-08-06 10:00:00,,,,,,,,,,,,22.45199966430664,54.0,1018.7000122070312,12.685683250427246,0.0,13.698933601379396,266.9872741699219,0.1400000154972076,26.85199928283692,0.1729999929666519
1786013846564,2026-08-06 10:57:26,,,,19.79,18.61,18.4,,,,-115.0,-7.5,,,,,,,,,,
1786014000000,2026-08-06 11:00:00,,,,,,,,,,,,22.95199966430664,51.0,1018.9000244140624,12.276742935180664,0.0,14.51206398010254,262.8750915527344,0.1500000059604644,27.95199966430664,0.1729999929666519
1786017600000,2026-08-06 12:00:00,,,,,,,,,,,,23.20199966430664,47.0,1019.0,11.267905235290527,0.0,14.113653182983398,264.1440734863281,0.1400000154972076,28.00200080871582,0.1729999929666519
1786021200000,2026-08-06 13:00:00,,,,,,,,,,,,23.302000045776367,45.0,1019.2000122070312,10.70383358001709,0.0,13.679999351501465,270.0,0.1199999973177909,27.45199966430664,0.1729999929666519
1786024800000,2026-08-06 14:00:00,,,,,,,,,,,,23.652000427246094,41.0,1019.0,9.62645435333252,0.0,14.68958854675293,252.89718627929688,0.1299999952316284,27.45199966430664,0.1720000058412552
1786028243862,2026-08-06 14:57:23,,,,18.43,19.1,18.3,,,,-119.0,-7.5,,,,,,,,,,
1786028400000,2026-08-06 15:00:00,,,,,,,,,,,,23.902000427246094,39.0,1018.7000122070312,9.106382369995115,0.0,10.182336807250977,261.8699951171875,0.1199999973177909,27.152000427246094,0.1720000058412552
1786032000000,2026-08-06 16:00:00,,,,,,,,,,,,23.552000045776367,38.0,1018.9000244140624,8.410089492797852,0.0,13.684735298156738,271.50738525390625,0.1000000089406967,26.302000045776367,0.1720000058412552
1786035600000,2026-08-06 17:00:00,,,,,,,,,,,,23.652000427246094,32.0,1018.7999877929688,5.986044883728027,0.0,13.910168647766112,280.4374084472656,0.1000000089406967,25.85199928283692,0.1720000058412552
1786039200000,2026-08-06 18:00:00,,,,,,,,,,,,22.75200080871582,35.0,1019.0,6.4970479011535645,0.0,12.41347599029541,286.8584899902344,0.0799999982118606,24.95199966430664,0.1710000038146972
1786042800000,2026-08-06 19:00:00,,,,,,,,,,,,21.152000427246094,42.0,1019.5,7.734668731689453,0.0,8.225034713745117,293.1986083984375,0.0500000044703483,23.70199966430664,0.1710000038146972
1786046400000,2026-08-06 20:00:00,,,,,,,,,,,,19.25200080871582,47.0,1020.5999755859376,7.661683082580566,0.0,9.255571365356444,283.4957580566406,0.0399999991059303,22.20199966430664,0.1710000038146972
1786050000000,2026-08-06 21:00:00,,,,,,,,,,,,17.902000427246094,49.0,1021.2999877929688,7.034994602203369,0.0,8.473393440246582,282.2647705078125,0.0299999993294477,20.95199966430664,0.1710000038146972
1786053600000,2026-08-06 22:00:00,,,,,,,,,,,,17.00200080871582,53.0,1021.7000122070312,7.351568222045898,0.0,6.849466800689697,266.9872741699219,0.0299999993294477,19.95199966430664,0.1710000038146972
1786057038446,2026-08-06 22:57:18,,,,19.6,19.01,18.52,,,,-113.0,-6.2,,,,,,,,,,
1786057200000,2026-08-06 23:00:00,,,,,,,,,,,,16.302000045776367,57.0,1021.9000244140624,7.766425609588623,0.0,6.569382667541504,260.5377502441406,0.0199999995529651,19.152000427246094,0.1710000038146972
1786060800000,2026-08-07 00:00:00,,,,,,,,,,,,15.60200023651123,64.0,1022.9000244140624,8.815316200256348,0.0,6.130578994750977,266.63360595703125,0.0199999995529651,19.152000427246094,0.1720000058412552
1786064400000,2026-08-07 01:00:00,,,,,,,,,,,,15.001999855041504,68.0,1022.7000122070312,9.14322280883789,0.0,5.315336227416992,241.6993408203125,0.0099999997764825,18.45199966430664,0.1720000058412552
1786068000000,2026-08-07 02:00:00,,,,,,,,,,,,14.302000045776367,71.0,1022.9000244140624,9.113789558410645,0.0,4.582051753997803,224.99989318847656,0.0099999997764825,17.802000045776367,0.1720000058412552
1786071600000,2026-08-07 03:00:00,,,,,,,,,,,,13.802000045776367,74.0,1023.0,9.24716854095459,0.0,5.483356475830078,246.80137634277344,0.0099999997764825,17.20199966430664,0.1720000058412552
1786075200000,2026-08-07 04:00:00,,,,,,,,,,,,13.60200023651123,75.0,1023.0999755859376,9.253499031066896,0.0,5.483356475830078,246.80137634277344,0.0099999997764825,16.75200080871582,0.1720000058412552
1786078800000,2026-08-07 05:00:00,,,,,,,,,,,,13.902000427246094,74.0,1023.2000122070312,9.343652725219728,0.0,5.154415130615234,245.22488403320312,0.0099999997764825,16.70199966430664,0.1720000058412552
1786082400000,2026-08-07 06:00:00,,,,,,,,,,,,14.751999855041504,73.0,1023.5,9.960240364074709,0.0,7.244860172271728,243.4350128173828,0.0199999995529651,17.402000427246094,0.1720000058412552
1786085833051,2026-08-07 06:57:13,,,,18.3,19.32,18.12,,,,-114.0,-5.2,,,,,,,,,,
1786086000000,2026-08-07 07:00:00,,,,,,,,,,,,15.85200023651123,71.0,1023.9000244140624,10.601738929748535,0.0,7.559999465942383,270.0,0.0299999993294477,18.652000427246094,0.1720000058412552
1786089600000,2026-08-07 08:00:00,,,,,,,,,,,,17.101999282836914,68.0,1023.9000244140624,11.148571968078612,0.0,8.20926284790039,285.2551574707031,0.0500000044703483,20.50200080871582,0.1720000058412552
1786093200000,2026-08-07 09:00:00,,,,,,,,,,,,18.45199966430664,62.0,1023.9000244140624,11.037561416625977,0.0,8.427383422851562,289.9831848144531,0.0700000077486038,22.60199928283692,0.1720000058412552
1786096800000,2026-08-07 10:00:00,,,,,,,,,,,,19.302000045776367,59.0,1023.7000122070312,11.090006828308104,0.0,8.31124496459961,287.65020751953125,0.0799999982118606,24.25200080871582,0.1720000058412552
1786100400000,2026-08-07 11:00:00,,,,,,,,,,,,20.00200080871582,49.0,1023.4000244140624,8.963081359863281,0.0,9.178235054016112,295.5599060058594,0.0799999982118606,24.902000427246094,0.1720000058412552
1786104000000,2026-08-07 12:00:00,,,,,,,,,,,,20.20199966430664,51.0,1023.2000122070312,9.74199676513672,0.0,7.172948837280273,287.5256652832031,0.0599999986588954,23.95199966430664,0.1720000058412552
1786107600000,2026-08-07 13:00:00,,,,,,,,,,,,20.85199928283692,46.0,1023.0,8.804169654846191,0.0,13.397611618041992,300.6996459960937,0.0799999982118606,24.95199966430664,0.1720000058412552
1786111200000,2026-08-07 14:00:00,,,,,,,,,,,,20.902000427246094,45.0,1022.7000122070312,8.524578094482422,0.0,9.021574020385742,298.6103515625,0.0700000077486038,24.402000427246094,0.1720000058412552
1786114627637,2026-08-07 14:57:07,,,,18.73,18.3,18.55,,,,-113.0,2.2,,,,,,,,,,
1786114800000,2026-08-07 15:00:00,,,,,,,,,,,,20.552000045776367,45.0,1022.7999877929688,8.206615447998047,0.0,11.753875732421877,319.96978759765625,0.0599999986588954,23.85199928283692,0.1720000058412552
1786118400000,2026-08-07 16:00:00,,,,,,,,,,,,20.302000045776367,49.0,1022.5999755859376,9.238414764404297,0.0,11.298495292663574,329.3493957519531,0.0500000044703483,23.35199928283692,0.1720000058412552
1786122000000,2026-08-07 17:00:00,,,,,,,,,,,,19.95199966430664,51.0,1022.5999755859376,9.511460304260254,0.0,7.787990570068359,326.3099060058594,0.0399999991059303,22.70199966430664,0.1720000058412552
1786125600000,2026-08-07 18:00:00,,,,,,,,,,,,19.70199966430664,54.0,1022.5,10.133310317993164,0.0,5.091168403625488,351.8699951171875,0.0399999991059303,22.35199928283692,0.1720000058412552
1786129027947,2026-08-07 18:57:07,25.51,17.33,31.28,,,,484.88,388.82,343.03,-116.0,-6.0,,,,,,,,,,
1786129200000,2026-08-07 19:00:00,,,,,,,,,,,,19.152000427246094,56.0,1022.7000122070312,10.16575813293457,0.0,3.075841426849365,20.556127548217773,0.0299999993294477,21.50200080871582,0.1720000058412552
1786132800000,2026-08-07 20:00:00,,,,,,,,,,,,18.152000427246094,60.0,1023.0999755859376,10.262226104736328,0.0,5.241678714752197,344.0545349121094,0.0199999995529651,20.552000045776367,0.1720000058412552
1786136400000,2026-08-07 21:00:00,,,,,,,,,,,,17.50200080871582,61.0,1023.5,9.89748764038086,0.0,2.545584201812744,351.8699951171875,0.0199999995529651,19.75200080871582,0.1720000058412552
1786140000000,2026-08-07 22:00:00,,,,,,,,,,,,16.902000427246094,65.0,1023.5999755859376,10.279878616333008,0.0,0.3599999845027923,180.0,0.0099999997764825,19.10199928283692,0.1720000058412552
1786143422241,2026-08-07 22:57:02,,,,18.03,18.67,18.3,,,,-110.0,,,,,,,,,,,
1786143600000,2026-08-07 23:00:00,,,,,,,,,,,,16.402000427246094,68.0,1023.5999755859376,10.480207443237305,0.0,1.1384198665618896,198.4350433349609,0.0099999997764825,18.652000427246094,0.1720000058412552
1786147200000,2026-08-08 00:00:00,,,,,,,,,,,,14.251999855041504,81.0,1024.0999755859375,11.036184310913086,0.0,3.2599384784698486,186.3401031494141,0.0099999997764825,17.50200080871582,0.1700000017881393
1786150800000,2026-08-08 01:00:00,,,,,,,,,,,,13.652000427246094,84.0,1024.0999755859375,10.997797012329102,0.0,1.1384198665618896,198.4350433349609,0.0099999997764825,16.95199966430664,0.1700000017881393
1786154400000,2026-08-08 02:00:00,,,,,,,,,,,,13.35200023651123,84.0,1024.0,10.703965187072754,0.0,2.968636035919189,165.96372985839844,0.0099999997764825,16.50200080871582,0.1700000017881393
1786157819583,2026-08-08 02:56:59,,,,19.2,16.96,18.43,,,,-108.0,-2.5,,,,,,,,,,
1786157822580,2026-08-08 02:57:02,25.45,17.3,31.25,,,,484.81,388.79,343.0,-111.0,-4.5,,,,,,,,,,
1786158000000,2026-08-08 03:00:00,,,,,,,,,,,,12.60200023651123,85.0,1023.9000244140624,10.146333694458008,0.0,3.7585103511810303,163.30067443847656,0.0099999997764825,16.052000045776367,0.1700000017881393
1786161600000,2026-08-08 04:00:00,,,,,,,,,,,,12.052000045776367,87.0,1023.9000244140624,9.95386791229248,0.0,2.9024126529693604,172.8750762939453,0.0099999997764825,15.552000045776367,0.1700000017881393
1786165200000,2026-08-08 05:00:00,,,,,,,,,,,,12.001999855041504,86.0,1023.9000244140624,9.732128143310549,0.0,2.741678237915039,156.80137634277344,0.0099999997764825,15.251999855041504,0.1700000017881393
1786168800000,2026-08-08 06:00:00,,,,,,,,,,,,13.60200023651123,79.0,1023.9000244140624,10.02796745300293,0.0,2.741678237915039,156.80137634277344,0.0199999995529651,15.902000427246094,0.1700000017881393
1786172216872,2026-08-08 06:56:56,,,,18.55,18.58,18.24,,,,-107.0,-8.0,,,,,,,,,,
1786172400000,2026-08-08 07:00:00,,,,,,,,,,,,16.101999282836914,69.0,1024.0,10.412474632263184,0.0,2.099142551422119,120.96369171142578,0.0299999993294477,17.652000427246094,0.1700000017881393
1786176000000,2026-08-08 08:00:00,,,,,,,,,,,,18.402000427246094,60.0,1023.9000244140624,10.497344017028809,0.0,3.396233081817627,122.0053482055664,0.0599999986588954,20.152000427246094,0.1700000017881393
1786179600000,2026-08-08 09:00:00,,,,,,,,,,,,20.052000045776367,54.0,1023.7999877929688,10.45826816558838,0.0,3.877318382263184,111.80147552490234,0.0900000035762786,22.85199928283692,0.1700000017881393
1786183200000,2026-08-08 10:00:00,,,,,,,,,,,,21.552000045776367,48.0,1023.5999755859376,10.076589584350586,0.0,3.7064266204833984,119.05451202392578,0.1199999973177909,25.45199966430664,0.1700000017881393
1786186800000,2026-08-08 11:00:00,,,,,,,,,,,,22.85199928283692,41.0,1023.2000122070312,8.908269882202148,0.0,4.680000305175781,157.38009643554688,0.1400000154972076,27.45199966430664,0.1700000017881393
1786190400000,2026-08-08 12:00:00,,,,,,,,,,,,23.75200080871582,38.0,1022.4000244140624,8.588006973266602,0.0,4.33497428894043,138.36654663085938,0.1599999964237213,29.10199928283692,0.1700000017881393
1786194000000,2026-08-08 13:00:00,,,,,,,,,,,,24.75200080871582,35.0,1021.5999755859376,8.259090423583984,0.0,4.802999019622803,102.99462127685548,0.1700000017881393,30.35199928283692,0.1689999997615814
1786197600000,2026-08-08 14:00:00,,,,,,,,,,,,25.45199966430664,32.0,1021.0,7.554771423339844,0.0,5.634891033172607,116.5649871826172,0.1700000017881393,30.902000427246094,0.1689999997615814
1786201011511,2026-08-08 14:56:51,,,,17.4,18.33,18.24,,,,-110.0,-7.2,,,,,,,,,,
1786201200000,2026-08-08 15:00:00,,,,,,,,,,,,25.25200080871582,36.0,1020.5999755859376,9.116808891296388,0.0,10.89557647705078,82.40545654296875,0.1500000059604644,30.75200080871582,0.1689999997615814
1786204800000,2026-08-08 16:00:00,,,,,,,,,,,,25.20199966430664,35.0,1020.2000122070312,8.655323028564453,0.0,9.178235054016112,78.69010162353516,0.1199999973177909,29.652000427246094,0.1689999997615814
1786208400000,2026-08-08 17:00:00,,,,,,,,,,,,24.802000045776367,36.0,1020.0,8.719268798828125,0.0,12.101570129394531,67.24899291992188,0.1000000089406967,28.152000427246094,0.1679999977350235
1786212000000,2026-08-08 18:00:00,,,,,,,,,,,,23.95199966430664,39.0,1020.0,9.150989532470703,0.0,9.359999656677246,90.0,0.0700000077486038,26.45199966430664,0.1679999977350235
1786215600000,2026-08-08 19:00:00,,,,,,,,,,,,22.00200080871582,47.0,1019.9000244140624,10.1728515625,0.0,7.072877883911133,75.25639343261719,0.0399999991059303,24.60199928283692,0.1679999977350235
1786219200000,2026-08-08 20:00:00,,,,,,,,,,,,20.00200080871582,54.0,1019.9000244140624,10.41184902191162,0.0,5.091168403625488,81.86998748779297,0.0299999993294477,22.85199928283692,0.1679999977350235
1786222800000,2026-08-08 21:00:00,,,,,,,,,,,,18.95199966430664,56.0,1019.7000122070312,9.979225158691406,0.0,4.213691711425781,109.98319244384766,0.0199999995529651,21.50200080871582,0.1679999977350235
1786226400000,2026-08-08 22:00:00,,,,,,,,,,,,17.75200080871582,60.0,1019.5,9.886009216308594,0.0,3.5999999046325684,126.86998748779295,0.0199999995529651,20.45199966430664,0.1679999977350235
1786229806107,2026-08-08 22:56:46,,,,18.4,18.61,17.94,,,,-109.0,-8.5,,,,,,,,,,
1786230000000,2026-08-08 23:00:00,,,,,,,,,,,,16.552000045776367,67.0,1019.0999755859376,10.40108871459961,0.0,3.3190360069274902,130.60121154785156,0.0099999997764825,19.60199928283692,0.1669999957084655
1786233600000,2026-08-09 00:00:00,,,,,,,,,,,,16.302000045776367,67.0,1018.7999877929688,10.162789344787598,0.0,4.0249223709106445,153.4350128173828,0.0199999995529651,19.35199928283692,0.1679999977350235
1786237200000,2026-08-09 01:00:00,,,,,,,,,,,,15.45199966430664,71.0,1018.4000244140624,10.217785835266112,0.0,3.545588731765747,156.03750610351562,0.0099999997764825,18.70199966430664,0.1679999977350235
1786240800000,2026-08-09 02:00:00,,,,,,,,,,,,14.652000427246094,74.0,1018.0,10.06723976135254,0.0,3.3190360069274902,167.47120666503906,0.0099999997764825,18.052000045776367,0.1679999977350235
1786244400000,2026-08-09 03:00:00,,,,,,,,,,,,14.052000045776367,77.0,1017.5,10.081388473510742,0.0,2.620839357376098,164.05453491210938,0.0099999997764825,17.50200080871582,0.1679999977350235
1786248000000,2026-08-09 04:00:00,,,,,,,,,,,,13.85200023651123,76.0,1017.2000122070312,9.692441940307615,0.0,3.054701328277588,135.00010681152344,0.0099999997764825,17.052000045776367,0.1679999977350235
1786251600000,2026-08-09 05:00:00,,,,,,,,,,,,14.402000427246094,73.0,1016.5999755859376,9.623124122619627,0.0,3.563817977905273,135.00010681152344,0.0099999997764825,16.802000045776367,0.1679999977350235
1786255200000,2026-08-09 06:00:00,,,,,,,,,,,,17.052000045776367,65.0,1016.2000122070312,10.422329902648926,0.0,4.104631423950195,127.8750457763672,0.0199999995529651,17.50200080871582,0.1679999977350235
1786258600711,2026-08-09 06:56:40,,,,17.11,17.88,18.0,,,,-111.0,-5.0,,,,,,,,,,
1786258800000,2026-08-09 07:00:00,,,,,,,,,,,,20.052000045776367,56.0,1015.9000244140624,11.005023956298828,0.0,6.989935874938965,145.49142456054688,0.0399999991059303,19.45199966430664,0.1679999977350235
1786262400000,2026-08-09 08:00:00,,,,,,,,,,,,23.00200080871582,48.0,1015.5,11.403228759765623,0.0,9.44957160949707,162.25523376464844,0.0700000077486038,22.10199928283692,0.1679999977350235
1786266000000,2026-08-09 09:00:00,,,,,,,,,,,,25.402000427246094,43.0,1015.0999755859376,11.917396545410156,0.0,9.885261535644531,169.50857543945312,0.1099999994039535,24.95199966430664,0.1679999977350235
1786269600000,2026-08-09 10:00:00,,,,,,,,,,,,27.552000045776367,37.0,1014.5999755859376,11.561378479003906,0.0,9.36691951751709,177.79745483398438,0.1400000154972076,27.70199966430664,0.1679999977350235
1786273200000,2026-08-09 11:00:00,,,,,,,,,,,,29.25200080871582,34.0,1014.0999755859376,11.77760410308838,0.0,9.346142768859863,195.64230346679688,0.1700000017881393,30.052000045776367,0.1669999957084655
1786276800000,2026-08-09 12:00:00,,,,,,,,,,,,30.402000427246094,33.0,1013.7000122070312,12.329172134399414,0.0,8.78872013092041,214.9920959472656,0.1800000071525573,32.00199890136719,0.1669999957084655
1786280400000,2026-08-09 13:00:00,,,,,,,,,,,,31.652000427246094,27.0,1013.0999755859376,10.374491691589355,0.0,10.245779991149902,251.56495666503903,0.1899999976158142,33.40199661254883,0.1669999957084655
1786284000000,2026-08-09 14:00:00,,,,,,,,,,,,31.902000427246094,29.0,1012.5999755859376,11.664910316467283,0.0,10.464797973632812,266.0549011230469,0.1800000071525573,34.00199890136719,0.1669999957084655
1786287395301,2026-08-09 14:56:35,,,,16.58,17.67,17.76,,,,-113.0,-5.8,,,,,,,,,,
1786287396494,2026-08-09 14:56:36,25.21,17.21,31.05,,,,484.53,388.69,342.82,-112.0,-0.5,,,,,,,,,,
1786287600000,2026-08-09 15:00:00,,,,,,,,,,,,32.051998138427734,29.0,1012.2999877929688,11.79363250732422,0.0,10.390226364135742,255.96372985839844,0.1599999964237213,33.75199890136719,0.1659999936819076
1786291200000,2026-08-09 16:00:00,,,,,,,,,,,,31.552000045776367,28.0,1012.5,10.835408210754396,0.0,13.708391189575195,283.6713256835937,0.1299999952316284,32.95199966430664,0.1659999936819076
1786294800000,2026-08-09 17:00:00,,,,,,,,,,,,30.60199928283692,20.0,1012.5999755859376,5.090804576873779,0.0,11.165804862976074,268.1524353027344,0.1099999994039535,31.25200080871582,0.1659999936819076
1786298400000,2026-08-09 18:00:00,,,,,,,,,,,,28.85199928283692,31.0,1012.7999877929688,10.038500785827637,0.0,9.114471435546877,279.0901794433594,0.0799999982118606,29.552000045776367,0.1650000065565109
1786302000000,2026-08-09 19:00:00,,,,,,,,,,,,27.10199928283692,30.0,1013.2000122070312,8.038140296936035,0.0,7.289444923400879,302.9052429199219,0.0599999986588954,27.75200080871582,0.1650000065565109
1786305600000,2026-08-09 20:00:00,,,,,,,,,,,,25.45199966430664,36.0,1013.7000122070312,9.293466567993164,0.0,6.287129878997803,293.62939453125,0.0399999991059303,26.25200080871582,0.1650000065565109
1786309200000,2026-08-09 21:00:00,,,,,,,,,,,,24.10199928283692,42.0,1013.9000244140624,10.391127586364746,0.0,4.452953815460205,284.0362548828125,0.0399999991059303,25.25200080871582,0.1650000065565109
1786312800000,2026-08-09 22:00:00,,,,,,,,,,,,22.552000045776367,47.0,1013.9000244140624,10.674808502197266,0.0,4.679999828338623,180.0,0.0299999993294477,24.552000045776367,0.1650000065565109
1786316189923,2026-08-09 22:56:29,,,,18.52,18.21,17.88,,,,-114.0,3.8,,,,,,,,,,
1786316400000,2026-08-09 23:00:00,,,,,,,,,,,,20.851999282836918,54.0,1013.7999877929688,11.200902938842772,0.0,3.219938039779663,153.4350128173828,0.0299999993294477,23.70199966430664,0.1650000065565109
1786320000000,2026-08-10 00:00:00,,,,,,,,,,,,22.50200080871582,65.0,1013.0999755859376,15.5952730178833,0.0,2.545584201812744,224.99989318847656,0.0199999995529651,24.152000427246094,0.164000004529953
1786323600000,2026-08-10 01:00:00,,,,,,,,,,,,21.802000045776367,65.0,1013.7000122070312,14.931166648864746,0.0,3.826852560043335,221.18582153320312,0.0199999995529651,23.652000427246094,0.164000004529953
1786327200000,2026-08-10 02:00:00,,,,,,,,,,,,20.70199966430664,73.0,1013.2000122070312,15.688645362854004,0.0,4.213691711425781,160.0167999267578,0.0199999995529651,23.25200080871582,0.164000004529953
1786330587211,2026-08-10 02:56:27,,,,18.76,18.43,17.97,,,,-111.0,-3.0,,,,,,,,,,
1786330800000,2026-08-10 03:00:00,,,,,,,,,,,,19.802000045776367,76.0,1013.0999755859376,15.449162483215332,0.0,4.33497428894043,184.7635498046875,0.0199999995529651,22.601999282836918,0.164000004529953
1786334400000,2026-08-10 04:00:00,,,,,,,,,,,,18.50200080871582,78.0,1013.0,14.593629837036133,0.0,5.052840709686279,175.91445922851562,0.0099999997764825,21.70199966430664,0.164000004529953
1786338000000,2026-08-10 05:00:00,,,,,,,,,,,,18.552000045776367,75.0,1012.7999877929688,14.035614013671877,0.0,5.241678714752197,164.05453491210938,0.0199999995529651,21.00200080871582,0.164000004529953
1786341600000,2026-08-10 06:00:00,,,,,,,,,,,,20.601999282836918,67.0,1012.7999877929688,14.260005950927734,0.0,4.680000305175781,157.38009643554688,0.0299999993294477,21.402000427246094,0.164000004529953
1786344987525,2026-08-10 06:56:27,25.43,17.28,31.08,,,,484.78,388.76,342.85,-107.0,-5.0,,,,,,,,,,
1786345200000,2026-08-10 07:00:00,,,,,,,,,,,,23.652000427246094,48.0,1012.7000122070312,11.997724533081056,0.0,9.832679748535156,203.7494964599609,0.0599999986588954,22.95199966430664,0.164000004529953
1786348800000,2026-08-10 08:00:00,,,,,,,,,,,,24.652000427246094,46.0,1012.9000244140624,12.262845039367676,0.0,12.031756401062012,218.92755126953125,0.0900000035762786,24.50200080871582,0.164000004529953
1786352400000,2026-08-10 09:00:00,,,,,,,,,,,,26.052000045776367,41.0,1012.9000244140624,11.779637336730955,0.0,13.217443466186523,240.642333984375,0.1000000089406967,25.75200080871582,0.164000004529953
1786356000000,2026-08-10 10:00:00,,,,,,,,,,,,27.152000427246094,40.0,1013.0999755859376,12.389179229736328,0.0,17.298738479614258,257.9885559082031,0.1400000154972076,27.75200080871582,0.164000004529953
1786359384813,2026-08-10 10:56:24,25.45,17.3,31.08,,,,484.81,388.79,342.85,-110.0,3.5,,,,,,,,,,
1786359600000,2026-08-10 11:00:00,,,,,,,,,,,,27.25200080871582,40.0,1013.7000122070312,12.47854995727539,0.0,16.808568954467773,279.8657531738281,0.1700000017881393,29.351999282836918,0.164000004529953
1786363200000,2026-08-10 12:00:00,,,,,,,,,,,,27.101999282836918,40.0,1013.9000244140624,12.344490051269531,0.0,15.379205703735352,286.3139343261719,0.1700000017881393,30.351999282836918,0.163000002503395
1786366800000,2026-08-10 13:00:00,,,,,,,,,,,,26.152000427246094,47.0,1014.7000122070312,13.958035469055176,0.0,17.33989715576172,311.6334533691406,0.1599999964237213,30.552000045776367,0.163000002503395
1786370400000,2026-08-10 14:00:00,,,,,,,,,,,,24.851999282836918,50.0,1015.5999755859376,13.72165584564209,0.0,18.08977508544922,317.4195556640625,0.1199999973177909,29.45199966430664,0.163000002503395
1786373782112,2026-08-10 14:56:22,25.43,17.3,31.08,,,,484.78,388.79,342.85,-107.0,-2.0,,,,,,,,,,
1786374000000,2026-08-10 15:00:00,,,,,,,,,,,,24.20199966430664,52.0,1016.0,13.72672176361084,0.0,18.504138946533203,322.9070739746094,0.0900000035762786,27.95199966430664,0.163000002503395
1786377600000,2026-08-10 16:00:00,,,,,,,,,,,,23.601999282836918,49.0,1016.5999755859376,12.265361785888672,0.0,14.277982711791992,326.3099060058594,0.1000000089406967,27.601999282836918,0.1620000004768371
1786381200000,2026-08-10 17:00:00,,,,,,,,,,,,23.50200080871582,50.0,1016.5999755859376,12.481249809265137,0.0,14.058449745178224,320.1944885253906,0.0900000035762786,26.902000427246094,0.1620000004768371
1786384800000,2026-08-10 18:00:00,,,,,,,,,,,,22.902000427246094,52.0,1017.0,12.526411056518556,0.0,13.551501274108888,320.38934326171875,0.0599999986588954,25.802000045776367,0.1620000004768371
1786388179409,2026-08-10 18:56:19,25.45,17.33,31.08,,,,484.81,388.82,342.85,-106.0,-5.0,,,,,,,,,,
1786388400000,2026-08-10 19:00:00,,,,,,,,,,,,20.601999282836918,60.0,1018.0999755859376,12.565792083740234,0.0,11.966954231262209,344.2912902832031,0.0399999991059303,24.351999282836918,0.1620000004768371
1786392000000,2026-08-10 20:00:00,,,,,,,,,,,,19.101999282836918,66.0,1018.9000244140624,12.60147762298584,0.0,10.36525058746338,339.6767883300781,0.0299999993294477,22.851999282836918,0.1620000004768371
1786395600000,2026-08-10 21:00:00,,,,,,,,,,,,17.75200080871582,71.0,1019.7999877929688,12.425188064575195,0.0,9.0,343.7397155761719,0.0199999995529651,21.601999282836918,0.1620000004768371
1786399200000,2026-08-10 22:00:00,,,,,,,,,,,,16.70199966430664,70.0,1020.9000244140624,11.203332901000977,0.0,6.287129878997803,336.37060546875,0.0199999995529651,20.552000045776367,0.1620000004768371
1786402800000,2026-08-10 23:00:00,,,,,,,,,,,,15.60200023651123,74.0,1021.5,10.983675956726074,0.0,4.394360065460205,325.0079040527344,0.0199999995529651,19.601999282836918,0.1620000004768371
1786406400000,2026-08-11 00:00:00,,,,,,,,,,,,14.70199966430664,71.0,1022.2999877929688,9.497810363769531,0.0,5.399999618530273,306.8699645996094,0.0199999995529651,18.75200080871582,0.1609999984502792
1786410000000,2026-08-11 01:00:00,,,,,,,,,,,,14.10200023651123,75.0,1023.2000122070312,9.73668098449707,0.0,4.680000305175781,247.38009643554688,0.0099999997764825,17.95199966430664,0.1609999984502792
1786413600000,2026-08-11 02:00:00,,,,,,,,,,,,13.552000045776367,78.0,1023.7000122070312,9.789105415344238,0.0,5.241678714752197,254.05453491210935,0.0099999997764825,17.351999282836914,0.1609999984502792
1786416971008,2026-08-11 02:56:11,,,,19.1,18.12,18.12,,,,-106.0,-1.8,,,,,,,,,,
1786417200000,2026-08-11 03:00:00,,,,,,,,,,,,13.302000045776367,76.0,1023.9000244140624,9.160091400146484,0.0,5.411986351013184,273.8139953613281,0.0099999997764825,16.851999282836914,0.1609999984502792
1786420800000,2026-08-11 04:00:00,,,,,,,,,,,,12.902000427246094,75.0,1024.300048828125,8.576986312866211,0.0,5.039999961853027,270.0,0.0099999997764825,16.402000427246094,0.1609999984502792
1786424400000,2026-08-11 05:00:00,,,,,,,,,,,,12.802000045776367,75.0,1024.800048828125,8.480338096618652,0.0,4.104631423950195,254.7448272705078,0.0099999997764825,16.001998901367188,0.1609999984502792
1786428000000,2026-08-11 06:00:00,,,,,,,,,,,,13.85200023651123,70.0,1025.199951171875,8.472088813781738,0.0,6.130578994750977,273.36639404296875,0.0199999995529651,16.552000045776367,0.1609999984502792
1786431600000,2026-08-11 07:00:00,,,,,,,,,,,,15.302000045776367,64.0,1025.5,8.530845642089844,0.0,8.473393440246582,282.2647705078125,0.0399999991059303,18.00200080871582,0.1609999984502792
1786435200000,2026-08-11 08:00:00,,,,,,,,,,,,16.70199966430664,60.0,1025.9000244140625,8.898272514343262,0.0,9.826087951660156,298.4428100585937,0.0700000077486038,19.95199966430664,0.1609999984502792
1786438800000,2026-08-11 09:00:00,,,,,,,,,,,,17.902000427246094,52.0,1026.0999755859375,7.905557632446289,0.0,11.966954231262209,313.7811889648437,0.0900000035762786,22.00200080871582,0.1609999984502792
1786442400000,2026-08-11 10:00:00,,,,,,,,,,,,18.802000045776367,49.0,1026.0,7.861474990844727,0.0,12.261157035827637,310.2362976074219,0.1199999973177909,23.851999282836918,0.1609999984502792
1786445765637,2026-08-11 10:56:05,,,,18.82,18.24,17.76,,,,-106.0,-6.5,,,,,,,,,,
1786446000000,2026-08-11 11:00:00,,,,,,,,,,,,19.902000427246094,43.0,1026.0,6.950967311859131,0.0,12.53813362121582,309.17364501953125,0.1400000154972076,25.50200080871582,0.1609999984502792
1786449600000,2026-08-11 12:00:00,,,,,,,,,,,,20.70199966430664,38.0,1026.0999755859375,5.873102188110352,0.0,13.493998527526855,316.0808410644531,0.1500000059604644,26.75200080871582,0.1609999984502792
1786453200000,2026-08-11 13:00:00,,,,,,,,,,,,21.25200080871582,39.0,1026.0,6.740700721740723,0.0,8.89134407043457,291.3706970214844,0.1500000059604644,27.50200080871582,0.1609999984502792
1786456800000,2026-08-11 14:00:00,,,,,,,,,,,,22.052000045776367,36.0,1025.5,6.288105487823486,0.0,10.495713233947754,337.8335876464844,0.1500000059604644,27.851999282836918,0.1599999964237213
1786460400000,2026-08-11 15:00:00,,,,,,,,,,,,22.402000427246094,36.0,1025.199951171875,6.597691535949707,0.0,9.164103507995604,315.0000915527344,0.1400000154972076,27.851999282836918,0.1599999964237213
1786464000000,2026-08-11 16:00:00,,,,,,,,,,,,22.351999282836918,35.0,1025.0,6.144440174102783,0.0,11.18320083618164,303.17852783203125,0.1199999973177909,27.101999282836918,0.1599999964237213
1786467600000,2026-08-11 17:00:00,,,,,,,,,,,,21.802000045776367,38.0,1025.199951171875,6.852656364440918,0.0,10.086426734924316,2.0453732013702397,0.0900000035762786,25.802000045776367,0.1599999964237213
1786471200000,2026-08-11 18:00:00,,,,,,,,,,,,20.902000427246094,37.0,1025.300048828125,5.665554046630859,0.0,10.538843154907228,352.1467590332031,0.0700000077486038,24.25200080871582,0.1599999964237213
1786474800000,2026-08-11 19:00:00,,,,,,,,,,,,19.152000427246094,47.0,1025.699951171875,7.570326328277588,0.0,7.208993911743164,357.1376647949219,0.0399999991059303,22.45199966430664,0.1589999943971634
1786478400000,2026-08-11 20:00:00,,,,,,,,,,,,17.75200080871582,47.0,1026.300048828125,6.290974140167236,0.0,4.0249223709106445,10.304792404174805,0.0299999993294477,20.802000045776367,0.1589999943971634
1786482000000,2026-08-11 21:00:00,,,,,,,,,,,,16.50200080871582,51.0,1026.800048828125,6.328291416168213,0.0,3.239999771118164,360.0,0.0199999995529651,19.652000427246094,0.1589999943971634
1786485600000,2026-08-11 22:00:00,,,,,,,,,,,,15.251999855041504,61.0,1027.4000244140625,7.776378154754639,0.0,3.239999771118164,360.0,0.0199999995529651,18.70199966430664,0.1589999943971634
1786488957517,2026-08-11 22:55:57,,,,18.79,17.94,18.12,,,,-110.0,6.2,,,,,,,,,,
1786489200000,2026-08-11 23:00:00,,,,,,,,,,,,14.251999855041504,69.0,1027.9000244140625,8.642541885375977,0.0,2.968636035919189,345.9637145996094,0.0099999997764825,17.851999282836914,0.1589999943971634
1786492800000,2026-08-12 00:00:00,,,,,,,,,,,,13.302000045776367,72.0,1028.0999755859375,8.359820365905762,0.0,3.075841426849365,20.556127548217773,0.0099999997764825,17.152000427246094,0.1589999943971634
1786496400000,2026-08-12 01:00:00,,,,,,,,,,,,12.552000045776367,73.0,1028.0,7.840929985046387,0.0,2.4149534702301025,26.564985275268555,0.0099999997764825,16.50200080871582,0.1589999943971634
1786500000000,2026-08-12 02:00:00,,,,,,,,,,,,11.95199966430664,76.0,1028.0999755859375,7.853253841400146,0.0,1.938659191131592,21.801475524902344,0.0099999997764825,15.902000427246094,0.1589999943971634
1786503354829,2026-08-12 02:55:54,,,,17.34,18.0,18.09,,,,-111.0,-2.8,,,,,,,,,,
1786503356020,2026-08-12 02:55:56,25.24,17.28,30.97,,,,484.56,388.76,342.75,-102.0,-10.2,,,,,,,,,,
1786503600000,2026-08-12 03:00:00,,,,,,,,,,,,11.402000427246094,79.0,1028.300048828125,7.888559818267822,0.0,1.4843180179595947,14.036274909973145,0.0099999997764825,15.402000427246094,0.1589999943971634
1786507200000,2026-08-12 04:00:00,,,,,,,,,,,,10.95199966430664,81.0,1028.5999755859375,7.817643165588379,0.0,1.0182337760925293,44.99989700317383,0.0099999997764825,14.902000427246094,0.1589999943971634
1786510800000,2026-08-12 05:00:00,,,,,,,,,,,,11.001999855041504,82.0,1028.5999755859375,8.046875,0.0,0.8049845099449158,63.43501281738281,0.0099999997764825,14.60200023651123,0.1589999943971634
1786514400000,2026-08-12 06:00:00,,,,,,,,,,,,11.60200023651123,77.0,1028.5999755859375,7.706130027770996,0.0,1.8356469869613647,78.69010162353516,0.0199999995529651,15.10200023651123,0.1589999943971634
1786518000000,2026-08-12 07:00:00,,,,,,,,,,,,13.251999855041504,69.0,1028.5999755859375,7.685589790344238,0.0,2.620839357376098,74.05453491210938,0.0299999993294477,16.552000045776367,0.1589999943971634
1786521600000,2026-08-12 08:00:00,,,,,,,,,,,,15.70199966430664,61.0,1028.5,8.200682640075684,0.0,3.415259599685669,71.5649642944336,0.0500000044703483,18.75200080871582,0.1589999943971634
1786525200000,2026-08-12 09:00:00,,,,,,,,,,,,18.25200080871582,55.0,1028.5999755859375,9.058676719665527,0.0,4.349896430969238,65.55606079101562,0.0799999982118606,21.302000045776367,0.1589999943971634
1786528800000,2026-08-12 10:00:00,,,,,,,,,,,,20.351999282836918,48.0,1028.4000244140625,8.978202819824219,0.0,4.379589080810547,80.53775024414062,0.1099999994039535,24.052000045776367,0.1589999943971634
1786532400000,2026-08-12 11:00:00,,,,,,,,,,,,21.95199966430664,42.0,1028.0,8.455360412597656,0.0,5.58870267868042,75.06853485107422,0.1400000154972076,26.402000427246094,0.1589999943971634
1786536000000,2026-08-12 12:00:00,,,,,,,,,,,,23.152000427246094,37.0,1027.699951171875,7.662300109863281,0.0,7.091177463531494,66.03750610351562,0.1500000059604644,28.152000427246094,0.1580000072717666
1786539600000,2026-08-12 13:00:00,,,,,,,,,,,,24.101999282836918,33.0,1027.5,6.826048851013184,0.0,7.421589851379394,67.16631317138672,0.1599999964237213,29.20199966430664,0.1580000072717666
1786543200000,2026-08-12 14:00:00,,,,,,,,,,,,24.802000045776367,29.0,1027.300048828125,5.560030460357666,0.0,8.08999252319336,69.14546203613281,0.1500000059604644,29.652000427246094,0.1580000072717666
1786546546772,2026-08-12 14:55:46,,,,17.49,17.97,18.0,,,,-113.0,-7.0,,,,,,,,,,
1786546800000,2026-08-12 15:00:00,,,,,,,,,,,,25.052000045776367,31.0,1027.0,6.743002891540527,0.0,8.766572952270508,70.8208999633789,0.1400000154972076,29.45199966430664,0.1570000052452087
1786550400000,2026-08-12 16:00:00,,,,,,,,,,,,25.052000045776367,28.0,1026.800048828125,5.269256114959717,0.0,9.6932954788208,74.93146514892578,0.1199999973177909,28.601999282836918,0.1570000052452087
1786554000000,2026-08-12 17:00:00,,,,,,,,,,,,24.851999282836918,29.0,1026.699951171875,5.603100776672363,0.0,8.404284477233887,80.13426208496094,0.1000000089406967,27.25200080871582,0.1570000052452087
1786557600000,2026-08-12 18:00:00,,,,,,,,,,,,23.552000045776367,36.0,1026.699951171875,7.614564418792725,0.0,7.421589851379394,67.16631317138672,0.0599999986588954,25.652000427246094,0.1570000052452087
1786560944068,2026-08-12 18:55:44,,,,17.17,17.91,18.0,,,,-115.0,2.0,,,,,,,,,,
1786561200000,2026-08-12 19:00:00,,,,,,,,,,,,21.25200080871582,48.0,1027.0,9.80203628540039,0.0,7.421589851379394,75.96372985839844,0.0399999991059303,23.802000045776367,0.1570000052452087
1786564800000,2026-08-12 20:00:00,,,,,,,,,,,,19.50200080871582,52.0,1027.0999755859375,9.384967803955078,0.0,5.052840709686279,94.08554077148438,0.0299999993294477,22.101999282836918,0.1560000032186508
1786568400000,2026-08-12 21:00:00,,,,,,,,,,,,18.00200080871582,53.0,1027.4000244140625,8.278590202331543,0.0,3.5999999046325684,126.86998748779295,0.0199999995529651,20.75200080871582,0.1560000032186508
1786572000000,2026-08-12 22:00:00,,,,,,,,,,,,16.552000045776367,51.0,1027.5,6.374449253082275,0.0,3.563817977905273,135.00010681152344,0.0199999995529651,19.70199966430664,0.1560000032186508
1786575341411,2026-08-12 22:55:41,,,,18.33,17.76,17.97,,,,-113.0,-4.0,,,,,,,,,,
1786575600000,2026-08-12 23:00:00,,,,,,,,,,,,15.85200023651123,54.0,1027.5999755859375,6.556719303131104,0.0,2.811689853668213,129.80552673339844,0.0199999995529651,18.851999282836918,0.1560000032186508
1786579200000,2026-08-13 00:00:00,,,,,,,,,,,,14.402000427246094,69.0,1027.5999755859375,8.78607177734375,0.0,2.3051247596740723,141.3401641845703,0.0099999997764825,18.101999282836918,0.1570000052452087
1786582800000,2026-08-13 01:00:00,,,,,,,,,,,,13.70199966430664,70.0,1027.5999755859375,8.328301429748535,0.0,2.545584201812744,135.00010681152344,0.0199999995529651,17.402000427246094,0.1570000052452087
1786586400000,2026-08-13 02:00:00,,,,,,,,,,,,12.802000045776367,76.0,1027.0999755859375,8.676102638244629,0.0,2.811689853668213,140.19447326660156,0.0099999997764825,16.802000045776367,0.1570000052452087
1786590000000,2026-08-13 03:00:00,,,,,,,,,,,,12.402000427246094,77.0,1027.199951171875,8.481800079345703,0.0,2.4149534702301025,153.4350128173828,0.0099999997764825,16.25200080871582,0.1560000032186508
1786593600000,2026-08-13 04:00:00,,,,,,,,,,,,12.052000045776367,77.0,1027.0999755859375,8.142455101013184,0.0,3.219938039779663,153.4350128173828,0.0099999997764825,15.751999855041504,0.1560000032186508
1786597200000,2026-08-13 05:00:00,,,,,,,,,,,,12.001999855041504,78.0,1027.4000244140625,8.284098625183105,0.0,2.3051247596740723,141.3401641845703,0.0099999997764825,15.402000427246094,0.1560000032186508
1786600800000,2026-08-13 06:00:00,,,,,,,,,,,,13.902000427246094,75.0,1027.0999755859375,9.543412208557127,0.0,2.2768397331237797,161.56495666503906,0.0199999995529651,15.95199966430664,0.1560000032186508
1786604135989,2026-08-13 06:55:35,,,,17.02,17.7,17.94,,,,-113.0,3.0,,,,,,,,,,
1786604137166,2026-08-13 06:55:37,25.12,17.18,30.83,,,,484.42,388.66,342.63,-113.0,-0.8,,,,,,,,,,
1786604400000,2026-08-13 07:00:00,,,,,,,,,,,,16.802000045776367,63.0,1027.0,9.717935562133787,0.0,1.8356469869613647,101.30989837646484,0.0399999991059303,17.601999282836914,0.1560000032186508
1786608000000,2026-08-13 08:00:00,,,,,,,,,,,,20.101999282836918,53.0,1026.9000244140625,10.22447395324707,0.0,4.679999828338623,90.0,0.0700000077486038,20.101999282836918,0.1560000032186508
1786611600000,2026-08-13 09:00:00,,,,,,,,,,,,22.802000045776367,47.0,1026.9000244140625,10.90293788909912,0.0,6.379216194152832,106.38961791992188,0.1199999973177909,22.902000427246094,0.1560000032186508
1786615200000,2026-08-13 10:00:00,,,,,,,,,,,,24.95199966430664,39.0,1026.699951171875,10.043004989624023,0.0,8.427383422851562,109.98319244384766,0.1599999964237213,25.552000045776367,0.1560000032186508
1786618536326,2026-08-13 10:55:36,25.06,17.18,30.8,,,,484.35,388.66,342.6,-109.0,-4.2,,,,,,,,,,
1786618800000,2026-08-13 11:00:00,,,,,,,,,,,,26.45199966430664,37.0,1026.4000244140625,10.587307929992676,0.0,9.227523803710938,110.55612182617188,0.1899999976158142,27.70199966430664,0.1560000032186508
1786622400000,2026-08-13 12:00:00,,,,,,,,,,,,27.95199966430664,33.0,1025.5,10.191058158874512,0.0,9.693296432495115,111.80147552490234,0.2000000178813934,29.302000045776367,0.1560000032186508
1786626000000,2026-08-13 13:00:00,,,,,,,,,,,,28.95199966430664,31.0,1024.800048828125,10.125139236450195,0.0,9.832679748535156,113.74950408935548,0.2100000232458114,30.45199966430664,0.1550000011920929
1786629600000,2026-08-13 14:00:00,,,,,,,,,,,,29.70199966430664,28.0,1024.0999755859375,9.253217697143556,0.0,10.483357429504396,105.94546508789062,0.2000000178813934,31.052000045776367,0.1550000011920929
1786633200000,2026-08-13 15:00:00,,,,,,,,,,,,29.95199966430664,27.0,1023.7000122070312,8.926958084106445,0.0,11.367109298706056,100.95401763916016,0.1800000071525573,31.052000045776367,0.1550000011920929
1786636800000,2026-08-13 16:00:00,,,,,,,,,,,,29.601999282836918,27.0,1023.2999877929688,8.628764152526855,0.0,12.429126739501951,100.00791931152344,0.1500000059604644,30.402000427246094,0.1550000011920929
1786640400000,2026-08-13 17:00:00,,,,,,,,,,,,28.902000427246094,29.0,1023.0,9.088217735290527,0.0,10.80599880218506,91.90911865234376,0.1299999952316284,29.25200080871582,0.1539999991655349
1786644000000,2026-08-13 18:00:00,,,,,,,,,,,,27.152000427246094,34.0,1022.7999877929688,9.937579154968262,0.0,7.208993911743164,87.13765716552734,0.0900000035762786,27.70199966430664,0.1539999991655349
1786647600000,2026-08-13 19:00:00,,,,,,,,,,,,24.70199966430664,41.0,1022.7999877929688,10.568719863891602,0.0,4.349896430969238,114.4439468383789,0.0500000044703483,25.802000045776367,0.1539999991655349
1786651200000,2026-08-13 20:00:00,,,,,,,,,,,,22.652000427246094,40.0,1022.7999877929688,8.3638277053833,0.0,4.33497428894043,131.63345336914062,0.0399999991059303,24.052000045776367,0.1539999991655349
1786654800000,2026-08-13 21:00:00,,,,,,,,,,,,21.101999282836918,41.0,1022.5999755859376,7.336460590362549,0.0,4.33497428894043,138.36654663085938,0.0399999991059303,22.652000427246094,0.1539999991655349
1786658400000,2026-08-13 22:00:00,,,,,,,,,,,,19.152000427246094,49.0,1022.5,8.182821273803711,0.0,4.198285102844238,149.03631591796875,0.0299999993294477,21.50200080871582,0.1539999991655349
1786661725205,2026-08-13 22:55:25,,,,18.37,17.67,17.82,,,,-112.0,0.8,,,,,,,,,,
1786662000000,2026-08-13 23:00:00,,,,,,,,,,,,17.351999282836914,58.0,1022.2999877929688,9.005974769592285,0.0,4.104631423950195,164.7448272705078,0.0299999993294477,20.45199966430664,0.152999997138977
1786665600000,2026-08-14 00:00:00,,,,,,,,,,,,16.601999282836914,53.0,1022.2000122070312,6.980682849884033,0.0,3.89399528503418,146.30990600585938,0.0199999995529651,19.95199966430664,0.1550000011920929
1786669200000,2026-08-14 01:00:00,,,,,,,,,,,,15.85200023651123,58.0,1021.5999755859376,7.600331783294678,0.0,4.104631423950195,164.7448272705078,0.0199999995529651,19.20199966430664,0.1550000011920929
1786672800000,2026-08-14 02:00:00,,,,,,,,,,,,15.251999855041504,63.0,1021.2999877929688,8.251058578491211,0.0,3.415259599685669,161.56495666503906,0.0099999997764825,18.552000045776367,0.1550000011920929
1786676125529,2026-08-14 02:55:25,25.15,17.18,30.77,,,,484.46,388.66,342.57,-112.0,-0.2,,,,,,,,,,
1786676400000,2026-08-14 03:00:00,,,,,,,,,,,,14.751999855041504,65.0,1021.0999755859376,8.237594604492188,0.0,3.3190360069274902,167.47120666503906,0.0099999997764825,18.00200080871582,0.1550000011920929
1786680000000,2026-08-14 04:00:00,,,,,,,,,,,,14.501999855041504,66.0,1020.7999877929688,8.224885940551758,0.0,3.6712939739227295,168.6901092529297,0.0099999997764825,17.50200080871582,0.1550000011920929
1786683600000,2026-08-14 05:00:00,,,,,,,,,,,,14.70199966430664,65.0,1020.5999755859376,8.190088272094727,0.0,3.7585103511810303,163.30067443847656,0.0099999997764825,17.20199966430664,0.1550000011920929
1786687200000,2026-08-14 06:00:00,,,,,,,,,,,,17.152000427246094,59.0,1020.2000122070312,9.07198429107666,0.0,3.7064266204833984,150.94549560546875,0.0199999995529651,17.75200080871582,0.1550000011920929
1786690522840,2026-08-14 06:55:22,25.18,17.21,30.77,,,,484.49,388.69,342.57,-112.0,-2.5,,,,,,,,,,
1786690800000,2026-08-14 07:00:00,,,,,,,,,,,,21.50200080871582,43.0,1019.7999877929688,8.396801948547363,0.0,6.297428131103516,149.03631591796875,0.0399999991059303,19.652000427246094,0.1550000011920929
1786694400000,2026-08-14 08:00:00,,,,,,,,,,,,24.851999282836918,35.0,1019.4000244140624,8.347146034240723,0.0,9.957108497619627,167.47120666503906,0.0700000077486038,22.45199966430664,0.1550000011920929
1786698000000,2026-08-14 09:00:00,,,,,,,,,,,,27.25200080871582,32.0,1019.2000122070312,9.122100830078123,0.0,9.77981662750244,173.65989685058594,0.1099999994039535,25.50200080871582,0.1550000011920929
1786701600000,2026-08-14 10:00:00,,,,,,,,,,,,29.45199966430664,29.0,1018.7999877929688,9.560916900634766,0.0,9.746630668640137,175.76368713378906,0.1400000154972076,28.302000045776367,0.1550000011920929
1786704917119,2026-08-14 10:55:17,,,,18.49,18.52,17.88,,,,-115.0,-6.0,,,,,,,,,,
1786705200000,2026-08-14 11:00:00,,,,,,,,,,,,31.302000045776367,25.0,1018.2000122070312,8.930717468261719,0.0,9.359999656677246,180.0,0.1599999964237213,30.802000045776367,0.1539999991655349
1786708800000,2026-08-14 12:00:00,,,,,,,,,,,,32.60199737548828,23.0,1017.5,8.786407470703125,0.0,9.007196426391602,182.29055786132807,0.1800000071525573,32.801998138427734,0.1539999991655349
1786712400000,2026-08-14 13:00:00,,,,,,,,,,,,33.45199966430664,22.0,1016.9000244140624,8.835611343383789,0.0,7.952659606933594,174.8056640625,0.1800000071525573,34.25199890136719,0.1539999991655349
1786716000000,2026-08-14 14:00:00,,,,,,,,,,,,33.85199737548828,23.0,1016.2000122070312,9.829328536987305,0.0,7.5170207023620605,163.30067443847656,0.1700000017881393,35.00199890136719,0.1539999991655349
1786719314428,2026-08-14 14:55:14,,,,18.55,17.76,18.0,,,,-115.0,-5.2,,,,,,,,,,
1786719600000,2026-08-14 15:00:00,,,,,,,,,,,,34.00199890136719,22.0,1015.5,9.291954040527344,0.0,7.9281768798828125,129.47242736816406,0.1500000059604644,35.051998138427734,0.152999997138977
1786723200000,2026-08-14 16:00:00,,,,,,,,,,,,34.25199890136719,20.0,1014.7000122070312,8.088233947753906,0.0,6.379216194152832,163.61038208007812,0.1299999952316284,34.40199661254883,0.152999997138977
1786726800000,2026-08-14 17:00:00,,,,,,,,,,,,33.45199966430664,23.0,1014.2999877929688,9.495684623718262,0.0,8.287821769714355,124.38040161132812,0.1099999994039535,33.25199890136719,0.152999997138977
1786730400000,2026-08-14 18:00:00,,,,,,,,,,,,31.652000427246094,28.0,1014.2000122070312,10.920886993408203,0.0,5.116561412811279,140.7106170654297,0.0799999982118606,31.50200080871582,0.152999997138977
1786734000000,2026-08-14 19:00:00,,,,,,,,,,,,28.00200080871582,40.0,1014.2000122070312,13.14870262145996,0.0,3.075841426849365,159.44387817382812,0.0399999991059303,29.302000045776367,0.1519999951124191
1786737600000,2026-08-14 20:00:00,,,,,,,,,,,,25.152000427246094,47.0,1014.0999755859376,13.046426773071287,0.0,3.976329803466797,174.8056640625,0.0299999993294477,27.25200080871582,0.1519999951124191
1786741200000,2026-08-14 21:00:00,,,,,,,,,,,,23.302000045776367,49.0,1014.0999755859376,11.990320205688477,0.0,4.379589080810547,170.53775024414062,0.0299999993294477,25.652000427246094,0.1519999951124191
1786744800000,2026-08-14 22:00:00,,,,,,,,,,,,22.052000045776367,51.0,1014.0,11.44742488861084,0.0,5.154415607452393,167.90525817871094,0.0299999993294477,24.45199966430664,0.1519999951124191
1786748400000,2026-08-14 23:00:00,,,,,,,,,,,,22.00200080871582,47.0,1013.7999877929688,10.1728515625,0.0,6.214563369750977,169.99208068847656,0.0199999995529651,23.50200080871582,0.1519999951124191
1786752000000,2026-08-15 00:00:00,,,,,,,,,,,,22.552000045776367,44.0,1013.7999877929688,9.687487602233888,0.0,6.287129878997803,166.7594757080078,0.0199999995529651,23.351999282836918,0.152999997138977
1786755600000,2026-08-15 01:00:00,,,,,,,,,,,,22.70199966430664,44.0,1013.0999755859376,9.8233003616333,0.0,4.6938252449035645,175.60137939453125,0.0199999995529651,22.902000427246094,0.152999997138977
1786759200000,2026-08-15 02:00:00,,,,,,,,,,,,21.652000427246094,50.0,1013.2000122070312,10.780583381652832,0.0,3.6712939739227295,191.3098907470703,0.0099999997764825,22.45199966430664,0.152999997138977
1786762511310,2026-08-15 02:55:11,25.33,17.3,30.83,,,,484.67,388.79,342.63,-113.0,5.0,,,,,,,,,,
1786762800000,2026-08-15 03:00:00,,,,,,,,,,,,20.851999282836918,54.0,1013.2000122070312,11.200902938842772,0.0,4.735060214996338,188.7460784912109,0.0099999997764825,22.00200080871582,0.152999997138977
1786766400000,2026-08-15 04:00:00,,,,,,,,,,,,19.50200080871582,61.0,1013.4000244140624,11.78201961517334,0.0,3.617955207824707,185.7104949951172,0.0099999997764825,21.50200080871582,0.152999997138977
1786770000000,2026-08-15 05:00:00,,,,,,,,,,,,19.101999282836918,64.0,1013.7000122070312,12.132868766784668,0.0,2.811689853668213,219.80552673339844,0.0099999997764825,21.00200080871582,0.152999997138977
1786773600000,2026-08-15 06:00:00,,,,,,,,,,,,20.70199966430664,58.0,1014.2999877929688,12.143377304077148,0.0,2.968636035919189,284.0362548828125,0.0199999995529651,21.45199966430664,0.152999997138977
1786776906618,2026-08-15 06:55:06,25.37,17.33,30.83,,,,484.71,388.82,342.63,-114.0,-1.5,,,,,,,,,,
1786777200000,2026-08-15 07:00:00,,,,,,,,,,,,22.902000427246094,50.0,1014.5,11.929786682128906,0.0,5.315336227416992,298.3006591796875,0.0299999993294477,23.101999282836918,0.152999997138977
1786780800000,2026-08-15 08:00:00,,,,,,,,,,,,24.802000045776367,43.0,1014.5,11.376102447509766,0.0,6.618519306182861,292.38018798828125,0.0500000044703483,25.45199966430664,0.152999997138977
1786784400000,2026-08-15 09:00:00,,,,,,,,,,,,27.152000427246094,32.0,1014.2000122070312,9.035062789916992,0.0,5.9044389724731445,307.56866455078125,0.0700000077486038,28.052000045776367,0.152999997138977
1786788000000,2026-08-15 10:00:00,,,,,,,,,,,,29.302000045776367,27.0,1013.9000244140624,8.373126029968262,0.0,6.130578517913818,310.2362976074219,0.0900000035762786,30.75200080871582,0.152999997138977
1786791600000,2026-08-15 11:00:00,,,,,,,,,,,,29.601999282836918,29.0,1014.2000122070312,9.689812660217283,0.0,13.004921913146973,318.3665466308594,0.1000000089406967,32.45199966430664,0.152999997138977
1786795200000,2026-08-15 12:00:00,,,,,,,,,,,,29.25200080871582,42.0,1014.2999877929688,15.021477699279783,0.0,14.618837356567385,322.001220703125,0.0700000077486038,31.652000427246094,0.152999997138977
1786798800000,2026-08-15 13:00:00,,,,,,,,,,,,29.652000427246094,38.0,1014.0,13.829788208007812,0.0,10.308831214904783,347.9052734375,0.0799999982118606,32.60199737548828,0.1519999951124191
1786802400000,2026-08-15 14:00:00,,,,,,,,,,,,29.552000045776367,36.0,1014.0,12.91149616241455,0.0,8.766572952270508,340.8208923339844,0.0799999982118606,32.60199737548828,0.1519999951124191
1786806000000,2026-08-15 15:00:00,,,,,,,,,,,,29.00200080871582,39.0,1014.0,13.65188694000244,0.0,11.11345100402832,335.0952453613281,0.0599999986588954,31.802000045776367,0.1519999951124191
1786809600000,2026-08-15 16:00:00,,,,,,,,,,,,27.70199966430664,48.0,1014.5,15.699034690856934,0.0,14.386493682861328,301.7013854980469,0.0500000044703483,30.50200080871582,0.1519999951124191
1786813200000,2026-08-15 17:00:00,,,,,,,,,,,,25.00200080871582,61.0,1013.7000122070312,16.960134506225586,0.800000011920929,2.545584201812744,44.99989700317383,0.0799999982118606,28.50200080871582,0.1519999951124191
1786816800000,2026-08-15 18:00:00,,,,,,,,,,,,24.70199966430664,63.0,1013.0999755859376,17.186859130859375,0.1000000014901161,6.92473840713501,62.10282897949219,0.0500000044703483,27.052000045776367,0.1519999951124191
1786820098527,2026-08-15 18:54:58,25.45,17.37,30.87,,,,484.81,388.86,342.66,-113.0,-4.8,,,,,,,,,,
1786820400000,2026-08-15 19:00:00,,,,,,,,,,,,23.902000427246094,69.0,1013.7000122070312,17.86880874633789,0.0,4.349896430969238,335.5560607910156,0.0399999991059303,25.95199966430664,0.1519999951124191
1786824000000,2026-08-15 20:00:00,,,,,,,,,,,,22.302000045776367,68.0,1014.2999877929688,16.111021041870117,0.0,8.350137710571289,352.5686950683594,0.0299999993294477,24.902000427246094,0.1519999951124191
1786827600000,2026-08-15 21:00:00,,,,,,,,,,,,20.70199966430664,70.0,1015.0,15.034518241882324,0.0,9.064568519592283,353.1573181152344,0.0299999993294477,23.851999282836918,0.1519999951124191
1786831200000,2026-08-15 22:00:00,,,,,,,,,,,,19.652000427246094,71.0,1015.5,14.248092651367188,0.0,6.519876956939697,353.659912109375,0.0299999993294477,23.00200080871582,0.1519999951124191
1786834800000,2026-08-15 23:00:00,,,,,,,,,,,,18.802000045776367,72.0,1015.7000122070312,13.647603034973145,0.0,6.569382667541504,350.5377502441406,0.0199999995529651,22.351999282836918,0.1519999951124191
1786838400000,2026-08-16 00:00:00,,,,,,,,,,,,18.00200080871582,78.0,1016.5,14.10844612121582,0.0,9.021574020385742,331.3896179199219,0.0399999991059303,21.652000427246094,0.152999997138977
1786842000000,2026-08-16 01:00:00,,,,,,,,,,,,17.101999282836914,79.0,1016.4000244140624,13.430514335632324,0.0,6.952754497528076,338.7494201660156,0.0299999993294477,21.00200080871582,0.152999997138977
1786845600000,2026-08-16 02:00:00,,,,,,,,,,,,16.601999282836914,81.0,1016.7999877929688,13.327544212341309,0.0,5.483356475830078,336.8013916015625,0.0299999993294477,20.351999282836918,0.152999997138977
1786848890112,2026-08-16 02:54:50,,,,19.44,18.82,18.18,,,,-109.0,-4.0,,,,,,,,,,
1786848893090,2026-08-16 02:54:53,25.55,17.43,30.9,,,,484.92,388.92,342.69,-113.0,-6.2,,,,,,,,,,
1786849200000,2026-08-16 03:00:00,,,,,,,,,,,,16.302000045776367,82.0,1016.2999877929688,13.223033905029297,0.0,3.976329803466797,354.8056640625,0.0199999995529651,19.95199966430664,0.152999997138977
1786852800000,2026-08-16 04:00:00,,,,,,,,,,,,15.95199966430664,84.0,1016.4000244140624,13.250268936157228,0.0,3.877318382263184,338.1985168457031,0.0199999995529651,19.50200080871582,0.152999997138977
1786856400000,2026-08-16 05:00:00,,,,,,,,,,,,15.70199966430664,85.0,1016.5999755859376,13.186705589294434,0.0,6.519876956939697,353.659912109375,0.0199999995529651,19.20199966430664,0.1539999991655349
1786860000000,2026-08-16 06:00:00,,,,,,,,,,,,15.652000427246094,85.0,1017.0999755859376,13.137676239013672,0.1000000014901161,6.162207126617432,353.2902526855469,0.0299999993294477,19.20199966430664,0.1539999991655349
1786863600000,2026-08-16 07:00:00,,,,,,,,,,,,16.25200080871582,81.0,1017.0,12.98631191253662,0.0,4.802999019622803,12.994629859924316,0.0399999991059303,19.552000045776367,0.1539999991655349
1786867200000,2026-08-16 08:00:00,,,,,,,,,,,,17.50200080871582,75.0,1016.9000244140624,13.02148723602295,0.0,4.735060214996338,8.746088981628418,0.0799999982118606,21.052000045776367,0.1539999991655349
1786870800000,2026-08-16 09:00:00,,,,,,,,,,,,18.95199966430664,68.0,1016.9000244140624,12.914580345153809,0.0,4.735060214996338,8.746088981628418,0.1199999973177909,23.052000045776367,0.1539999991655349
1786874400000,2026-08-16 10:00:00,,,,,,,,,,,,20.302000045776367,62.0,1016.7000122070312,12.78378963470459,0.0,4.6938252449035645,4.398633003234863,0.1500000059604644,25.101999282836918,0.1539999991655349
1786877688713,2026-08-16 10:54:48,25.51,17.45,30.9,,,,484.88,388.95,342.69,-112.0,-4.8,,,,,,,,,,
1786878000000,2026-08-16 11:00:00,,,,,,,,,,,,21.652000427246094,57.0,1016.2999877929688,12.766663551330566,0.0,4.735060214996338,8.746088981628418,0.1700000017881393,26.851999282836918,0.1539999991655349
1786881600000,2026-08-16 12:00:00,,,,,,,,,,,,23.00200080871582,52.0,1016.0,12.61876106262207,0.0,2.620839357376098,344.0545349121094,0.1899999976158142,28.351999282836918,0.1539999991655349
1786885200000,2026-08-16 13:00:00,,,,,,,,,,,,24.00200080871582,49.0,1015.5,12.632052421569824,0.0,6.1516828536987305,339.4438781738281,0.1800000071525573,29.45199966430664,0.1539999991655349
1786888800000,2026-08-16 14:00:00,,,,,,,,,,,,24.50200080871582,43.0,1015.2999877929688,11.10540771484375,0.0,7.1003098487854,329.5345153808594,0.1700000017881393,29.75200080871582,0.1539999991655349
1786892400000,2026-08-16 15:00:00,,,,,,,,,,,,24.802000045776367,43.0,1014.9000244140624,11.376102447509766,0.0,7.172948837280273,342.4743347167969,0.1500000059604644,29.652000427246094,0.1539999991655349
1786896000000,2026-08-16 16:00:00,,,,,,,,,,,,24.851999282836918,41.0,1014.2000122070312,10.703296661376951,0.0,8.404285430908203,313.26434326171875,0.1299999952316284,28.95199966430664,0.1539999991655349
1786899600000,2026-08-16 17:00:00,,,,,,,,,,,,24.00200080871582,42.0,1014.0999755859376,10.301132202148438,0.0,10.464797019958496,333.4350280761719,0.0900000035762786,27.351999282836918,0.152999997138977
1786903200000,2026-08-16 18:00:00,,,,,,,,,,,,22.601999282836918,43.0,1014.4000244140624,9.390308380126951,0.0,10.495713233947754,337.8335876464844,0.0700000077486038,25.652000427246094,0.152999997138977
1786906800000,2026-08-16 19:00:00,,,,,,,,,,,,21.25200080871582,47.0,1014.0999755859376,9.48822021484375,0.0,4.379589080810547,9.462247848510742,0.0399999991059303,24.00200080871582,0.152999997138977
1786910400000,2026-08-16 20:00:00,,,,,,,,,,,,20.70199966430664,51.0,1014.5,10.203017234802246,0.0,2.2768397331237797,251.56495666503903,0.0299999993294477,22.851999282836918,0.152999997138977
1786914000000,2026-08-16 21:00:00,,,,,,,,,,,,18.95199966430664,60.0,1014.4000244140624,11.014554023742676,0.0,6.489992141723633,3.179771900177002,0.0199999995529651,21.902000427246094,0.152999997138977
1786917600000,2026-08-16 22:00:00,,,,,,,,,,,,17.802000045776367,70.0,1014.4000244140625,12.257158279418945,0,2.6208393573760986,15.945476531982422,0.019999999552965164,20.95199966430664,0.15299999713897705
1786921200000,2026-08-16 23:00:00,,,,,,,,,,,,17.552000045776367,73.0,1014.2999877929688,12.656574249267578,0,1.7999999523162842,306.8699645996094,0.009999999776482582,20.351999282836914,0.15299999713897705
1786924800000,2026-08-17 00:00:00,,,,,,,,,,,,17.25200080871582,76.0,1014.2000122070312,12.982525825500488,0,3.3190360069274902,282.52880859375,0.019999999552965164,20.052000045776367,0.15800000727176666
1786928400000,2026-08-17 01:00:00,,,,,,,,,,,,16.45199966430664,79.0,1014.4000244140625,12.798710823059082,0,3.8939952850341797,303.6900939941406,0.019999999552965164,19.402000427246094,0.15800000727176666
1786932000000,2026-08-17 02:00:00,,,,,,,,,,,,16.101999282836914,82.0,1014.2000122070312,13.027750968933105,0,4.394360065460205,304.9920959472656,0.009999999776482582,18.902000427246094,0.15800000727176666
1786935276893,2026-08-17 02:54:36,25.43,17.43,30.9,,,,484.78,388.92,342.69,-111.0,-3.0,,,,,,,,,,
1786935600000,2026-08-17 03:00:00,,,,,,,,,,,,15.70199966430664,85.0,1013.4000244140625,13.186705589294434,0,1.4843180179595947,255.96372985839844,0.009999999776482582,18.45199966430664,0.15800000727176666
1786939200000,2026-08-17 04:00:00,,,,,,,,,,,,15.251999855041504,86.0,1013.2999877929688,12.924174308776855,0,2.4149534702301025,243.4350128173828,0.009999999776482582,18.052000045776367,0.1589999943971634
1786942800000,2026-08-17 05:00:00,,,,,,,,,,,,15.35200023651123,83.0,1013.7000122070312,12.480036735534668,0,3.617955207824707,264.28948974609375,0.009999999776482582,17.802000045776367,0.1589999943971634
1786946400000,2026-08-17 06:00:00,,,,,,,,,,,,15.95199966430664,79.0,1013.9000244140625,12.312676429748535,0,5.86037540435791,280.6195983886719,0.019999999552965164,18.052000045776367,0.1589999943971634
1786950000000,2026-08-17 07:00:00,,,,,,,,,,,,16.50200080871582,76.0,1013.9000244140625,12.256893157958984,0,5.411986351013184,273.8139953613281,0.029999999329447746,18.351999282836914,0.1589999943971634
1786953600000,2026-08-17 08:00:00,,,,,,,,,,,,16.50200080871582,77.0,1013.5,12.455945014953613,0.20000000298023224,4.843304634094238,318.01287841796875,0.03999999910593033,18.802000045776367,0.1589999943971634
1786957200000,2026-08-17 09:00:00,,,,,,,,,,,,16.302000045776367,81.0,1013.7999877929688,13.03506088256836,0.5,6.877789497375488,312.87890625,0.05999999865889549,19.052000045776367,0.1589999943971634
1786960800000,2026-08-17 10:00:00,,,,,,,,,,,,16.351999282836914,81.0,1013.9000244140625,13.083806037902832,0.20000000298023224,6.489992141723633,289.44012451171875,0.05000000447034836,18.95199966430664,0.1599999964237213
1786964068537,2026-08-17 10:54:28,,,,18.0,18.86,18.37,,,,-107.0,-3.5,,,,,,,,,,
1786964400000,2026-08-17 11:00:00,,,,,,,,,,,,16.70199966430664,80.0,1013.9000244140625,13.2344331741333,0.10000000149011612,9.0,270.0,0.05999999865889549,19.00200080871582,0.1599999964237213
1786968000000,2026-08-17 12:00:00,,,,,,,,,,,,17.802000045776367,74.0,1013.4000244140625,13.105488777160645,0,11.165804862976074,268.1524353027344,0.10000000894069672,20.00200080871582,0.1599999964237213
1786971600000,2026-08-17 13:00:00,,,,,,,,,,,,17.302000045776367,75.0,1013.2999877929688,12.828304290771484,0,13.32486343383789,271.5481262207031,0.09000000357627869,20.20199966430664,0.1599999964237213
1786975200000,2026-08-17 14:00:00,,,,,,,,,,,,17.70199966430664,73.0,1013.0,12.800987243652344,0,12.964998245239258,271.5910949707031,0.07999999821186066,20.00200080871582,0.1599999964237213
1786978800000,2026-08-17 15:00:00,,,,,,,,,,,,18.052000045776367,70.0,1013.0,12.496638298034668,0.10000000149011612,14.145755767822266,284.7436218261719,0.07000000774860382,20.00200080871582,0.1599999964237213
1786982400000,2026-08-17 16:00:00,,,,,,,,,,,,16.552000045776367,82.0,1013.4000244140625,13.467131614685059,1,11.04326057434082,289.02569580078125,0.05999999865889549,19.25200080871582,0.16099999845027924
1786986000000,2026-08-17 17:00:00,,,,,,,,,,,,16.302000045776367,84.0,1013.5999755859375,13.593002319335938,0.6000000238418579,11.726277351379395,287.8787841796875,0.05000000447034836,18.652000427246094,0.16099999845027924
1786989600000,2026-08-17 18:00:00,,,,,,,,,,,,16.052000045776367,86.0,1013.7000122070312,13.709796905517578,0.30000001192092896,11.44097900390625,294.1455383300781,0.03999999910593033,18.20199966430664,0.16099999845027924
1786993200000,2026-08-17 19:00:00,,,,,,,,,,,,15.802000045776367,87.0,1013.7000122070312,13.641989707946777,0,8.31124496459961,274.9696350097656,0.019999999552965164,17.802000045776367,0.16099999845027924
1786996800000,2026-08-17 20:00:00,,,,,,,,,,,,15.45199966430664,85.0,1013.9000244140625,12.94154167175293,0,8.279999732971191,270.0,0.019999999552965164,17.302000045776367,0.16200000047683716
1787000400000,2026-08-17 21:00:00,,,,,,,,,,,,15.20199966430664,86.0,1013.9000244140625,12.875067710876465,0,7.594207286834717,275.44024658203125,0.019999999552965164,17.00200080871582,0.16200000047683716
1787004000000,2026-08-17 22:00:00,,,,,,,,,,,,14.802000045776367,86.0,1014.0,12.482242584228516,0,6.214563369750977,259.9920959472656,0.009999999776482582,16.50200080871582,0.16200000047683716
1787007600000,2026-08-17 23:00:00,,,,,,,,,,,,14.45199966430664,86.0,1014.0999755859375,12.138505935668945,0,5.804825305938721,262.8750915527344,0.009999999776482582,16.052000045776367,0.16200000047683716
1787011200000,2026-08-18 00:00:00,,,,,,,,,,,,14.501999855041504,87.0,1014.0,12.363541603088379,0,4.802999019622803,257.00537109375,0.009999999776482582,16.20199966430664,0.16300000250339508
1787014800000,2026-08-18 01:00:00,,,,,,,,,,,,13.95199966430664,90.0,1013.5999755859375,12.337737083435059,0,3.7064266204833984,240.9454803466797,0.009999999776482582,15.70199966430664,0.16300000250339508
1787018400000,2026-08-18 02:00:00,,,,,,,,,,,,13.552000045776367,90.0,1013.2999877929688,11.942744255065918,0,4.104631423950195,217.8750457763672,0.009999999776482582,15.302000045776367,0.16300000250339508
1787021661743,2026-08-18 02:54:21,25.21,17.33,30.83,,,,484.53,388.82,342.63,-109.0,-4.8,,,,,,,,,,
1787022000000,2026-08-18 03:00:00,,,,,,,,,,,,13.251999855041504,92.0,1013.0,11.979750633239746,0,3.545588731765747,203.96249389648438,0.009999999776482582,15.052000045776367,0.16300000250339508
1787025600000,2026-08-18 04:00:00,,,,,,,,,,,,13.35200023651123,90.0,1013.0,11.745244026184082,0,4.198285102844238,210.96368408203125,0.009999999776482582,14.902000427246094,0.164000004529953
1787029200000,2026-08-18 05:00:00,,,,,,,,,,,,13.45199966430664,89.0,1012.5999755859375,11.674649238586426,0,4.349896430969238,204.44393920898438,0.009999999776482582,14.95199966430664,0.164000004529953
1787032800000,2026-08-18 06:00:00,,,,,,,,,,,,14.251999855041504,85.0,1012.0,11.764684677124023,0,5.447788238525391,187.5945587158203,0.009999999776482582,15.251999855041504,0.164000004529953
1787036055074,2026-08-18 06:54:15,,,,18.15,18.15,18.33,,,,-108.0,-4.5,,,,,,,,,,
1787036400000,2026-08-18 07:00:00,,,,,,,,,,,,15.052000045776367,83.0,1011.7000122070312,12.186665534973145,0,7.968938827514648,198.43504333496094,0.029999999329447746,15.95199966430664,0.164000004529953
1787040000000,2026-08-18 08:00:00,,,,,,,,,,,,15.251999855041504,84.0,1011.4000244140625,12.564779281616211,0.20000000298023224,8.55710220336914,202.2490692138672,0.029999999329447746,16.50200080871582,0.164000004529953
1787043600000,2026-08-18 09:00:00,,,,,,,,,,,,15.302000045776367,85.0,1011.0,12.794443130493164,0.699999988079071,11.525623321533203,218.6598358154297,0.03999999910593033,16.75200080871582,0.164000004529953
1787047200000,2026-08-18 10:00:00,,,,,,,,,,,,15.60200023651123,84.0,1010.5,12.907529830932617,0.699999988079071,9.605998039245605,192.99461364746094,0.05999999865889549,17.052000045776367,0.16500000655651093
1787050800000,2026-08-18 11:00:00,,,,,,,,,,,,15.751999855041504,85.0,1009.5999755859375,13.235740661621094,0.800000011920929,12.605141639709473,178.36346435546875,0.05999999865889549,17.351999282836914,0.16500000655651093
1787054400000,2026-08-18 12:00:00,,,,,,,,,,,,15.652000427246094,86.0,1009.2000122070312,13.316991806030273,0.5,10.239453315734863,169.87539672851562,0.05000000447034836,17.302000045776367,0.16500000655651093
1787058000000,2026-08-18 13:00:00,,,,,,,,,,,,15.652000427246094,87.0,1008.7999877929688,13.49448299407959,0.699999988079071,9.793058395385742,162.89718627929688,0.03999999910593033,17.152000427246094,0.16500000655651093
1787061600000,2026-08-18 14:00:00,,,,,,,,,,,,15.552000045776367,88.0,1008.0999755859375,13.571709632873535,0.4000000059604645,9.779816627502441,186.34010314941406,0.03999999910593033,17.00200080871582,0.16599999368190765
1787065200000,2026-08-18 15:00:00,,,,,,,,,,,,16.001998901367188,89.0,1007.7999877929688,14.189257621765137,0.5,10.086426734924316,235.17543029785156,0.029999999329447746,16.95199966430664,0.16599999368190765
1787068800000,2026-08-18 16:00:00,,,,,,,,,,,,17.50200080871582,85.0,1007.5,14.951764106750488,0,5.014219284057617,248.96241760253906,0.03999999910593033,17.652000427246094,0.16599999368190765
1787072400000,2026-08-18 17:00:00,,,,,,,,,,,,17.75200080871582,87.0,1007.2999877929688,15.559460639953613,0.10000000149011612,6.130578517913818,229.7637176513672,0.029999999329447746,18.052000045776367,0.16699999570846558
1787076000000,2026-08-18 18:00:00,,,,,,,,,,,,17.75200080871582,88.0,1007.0999755859375,15.738001823425293,0.10000000149011612,5.091168403625488,224.99989318847656,0.019999999552965164,17.95199966430664,0.16699999570846558
1787079600000,2026-08-18 19:00:00,,,,,,,,,,,,17.802000045776367,91.0,1007.0,16.312564849853516,0.4000000059604645,8.287821769714355,235.61959838867188,0.009999999776482582,17.70199966430664,0.16699999570846558
1787083200000,2026-08-18 20:00:00,,,,,,,,,,,,17.802000045776367,91.0,1007.2000122070312,16.312564849853516,0,8.43506908416748,230.19447326660156,0.009999999776482582,17.50200080871582,0.16699999570846558
1787086800000,2026-08-18 21:00:00,,,,,,,,,,,,18.00200080871582,88.0,1007.2999877929688,15.984153747558594,0,9.585739135742188,235.71307373046875,0.009999999776482582,17.45199966430664,0.16699999570846558
1787090400000,2026-08-18 22:00:00,,,,,,,,,,,,17.601999282836914,89.0,1007.5999755859375,15.766874313354492,0,9.028754234313965,246.5014190673828,0.009999999776482582,17.351999282836914,0.1679999977350235
1787093644294,2026-08-18 22:54:04,,,,17.08,18.64,18.24,,,,-113.0,-1.8,,,,,,,,,,
1787093647355,2026-08-18 22:54:07,25.03,17.25,30.73,,,,484.32,388.73,342.54,-116.0,-3.2,,,,,,,,,,
1787094000000,2026-08-18 23:00:00,,,,,,,,,,,,17.402000427246094,89.0,1007.5999755859375,15.569683074951172,0,8.699792861938477,245.55606079101562,0.009999999776482582,17.052000045776367,0.1679999977350235
1787097600000,2026-08-19 00:00:00,,,,,,,,,,,,17.50200080871582,89.0,1008.0999755859375,15.668280601501465,0,9.360000610351562,247.38009643554688,0.009999999776482582,17.851999282836914,0.1720000058412552
1787101200000,2026-08-19 01:00:00,,,,,,,,,,,,17.152000427246094,90.0,1007.5,15.497420310974121,0,9.227523803710938,249.44387817382812,0.009999999776482582,17.601999282836914,0.1720000058412552
1787104800000,2026-08-19 02:00:00,,,,,,,,,,,,17.20199966430664,89.0,1007.4000244140625,15.372483253479004,0,8.396570205688477,239.0363006591797,0.009999999776482582,17.50200080871582,0.1720000058412552
1787108041596,2026-08-19 02:54:01,,,,17.91,18.33,17.67,,,,-111.0,-2.0,,,,,,,,,,
1787108042784,2026-08-19 02:54:02,25.03,17.21,30.73,,,,484.32,388.69,342.54,-110.0,-3.0,,,,,,,,,,
1787108400000,2026-08-19 03:00:00,,,,,,,,,,,,17.25200080871582,89.0,1007.0,15.421786308288574,0,6.618518829345703,224.99989318847656,0.009999999776482582,17.45199966430664,0.1720000058412552
1787112000000,2026-08-19 04:00:00,,,,,,,,,,,,17.20199966430664,89.0,1006.9000244140625,15.372483253479004,0,8.287821769714355,214.38040161132812,0.009999999776482582,17.351999282836914,0.1720000058412552
1787115600000,2026-08-19 05:00:00,,,,,,,,,,,,17.052000045776367,91.0,1006.4000244140625,15.57109260559082,1.100000023841858,7.091177463531494,203.96249389648438,0.009999999776482582,17.351999282836914,0.1720000058412552
1787119200000,2026-08-19 06:00:00,,,,,,,,,,,,16.902000427246094,92.0,1006.0,15.593348503112793,2.700000047683716,6.6380720138549805,192.52879333496094,0.009999999776482582,17.45199966430664,0.17299999296665192
1787122800000,2026-08-19 07:00:00,,,,,,,,,,,,16.95199966430664,91.0,1005.7000122070312,15.472227096557617,2.700000047683716,8.404284477233887,189.86573791503906,0.019999999552965164,17.50200080871582,0.17399999499320984
1787126400000,2026-08-19 08:00:00,,,,,,,,,,,,17.25200080871582,89.0,1005.5,15.421786308288574,1.2999999523162842,7.091177463531494,203.96249389648438,0.029999999329447746,17.70199966430664,0.17599999904632568
1787130000000,2026-08-19 09:00:00,,,,,,,,,,,,17.45199966430664,90.0,1005.2000122070312,15.793610572814941,2.700000047683716,6.92473840713501,207.8971710205078,0.029999999329447746,17.95199966430664,0.17800000309944153
1787133600000,2026-08-19 10:00:00,,,,,,,,,,,,18.302000045776367,87.0,1004.5999755859375,16.10024070739746,0.800000011920929,6.297428131103516,210.96368408203125,0.029999999329447746,18.25200080871582,0.1809999942779541
1787137200000,2026-08-19 11:00:00,,,,,,,,,,,,18.902000427246094,86.0,1004.2999877929688,16.508224487304688,0.699999988079071,11.592893600463867,233.8417205810547,0.03999999910593033,18.601999282836914,0.18199999630451202
1787140800000,2026-08-19 12:00:00,,,,,,,,,,,,19.95199966430664,75.0,1004.4000244140625,15.387560844421387,0,17.917007446289062,247.5572052001953,0.07000000774860382,19.402000427246094,0.18299999833106995
1787144400000,2026-08-19 13:00:00,,,,,,,,,,,,20.052000045776367,73.0,1004.4000244140625,15.063093185424805,0,14.512063980102539,240.2552032470703,0.07999999821186066,20.20199966430664,0.18400000035762787
1787148000000,2026-08-19 14:00:00,,,,,,,,,,,,19.95199966430664,72.0,1004.4000244140625,14.752674102783203,0,16.645864486694336,248.4286346435547,0.07999999821186066,20.402000427246094,0.1850000023841858
1787151600000,2026-08-19 15:00:00,,,,,,,,,,,,19.25200080871582,76.0,1004.5,14.917208671569824,0,13.849475860595703,278.9725341796875,0.05999999865889549,20.101999282836914,0.1850000023841858
1787155200000,2026-08-19 16:00:00,,,,,,,,,,,,18.302000045776367,78.0,1004.7000122070312,14.399559020996094,0,9.470120429992676,261.25390625,0.03999999910593033,19.552000045776367,0.1850000023841858
1787158800000,2026-08-19 17:00:00,,,,,,,,,,,,17.902000427246094,80.0,1004.7000122070312,14.40253734588623,0,6.952754497528076,248.74942016601562,0.029999999329447746,19.101999282836914,0.1860000044107437
1787162400000,2026-08-19 18:00:00,,,,,,,,,,,,17.552000045776367,82.0,1004.5999755859375,14.443461418151855,0,7.4215898513793945,247.1663055419922,0.019999999552965164,18.70199966430664,0.1860000044107437
1787166000000,2026-08-19 19:00:00,,,,,,,,,,,,17.101999282836914,82.0,1004.7000122070312,14.004119873046875,0,7.787990570068359,236.30990600585938,0.019999999552965164,18.25200080871582,0.1860000044107437
1787169600000,2026-08-19 20:00:00,,,,,,,,,,,,16.851999282836914,83.0,1004.5,13.94678020477295,0,6.7637858390808105,244.7989044189453,0.019999999552965164,17.802000045776367,0.1860000044107437
1787173200000,2026-08-19 21:00:00,,,,,,,,,,,,16.70199966430664,83.0,1004.7999877929688,13.800116539001465,0,7.491114139556885,234.78231811523438,0.009999999776482582,17.45199966430664,0.1860000044107437
1787176800000,2026-08-19 22:00:00,,,,,,,,,,,,16.50200080871582,89.0,1005.2000122070312,14.682279586791992,0,6.4096174240112305,218.1572723388672,0.009999999776482582,17.25200080871582,0.1860000044107437
1787180031161,2026-08-19 22:53:51,25.03,17.18,30.73,,,,484.32,388.66,342.54,-112.0,-6.2,,,,,,,,,,
1787180400000,2026-08-19 23:00:00,,,,,,,,,,,,16.351999282836914,90.0,1005.0999755859375,14.707542419433594,0,6.193674087524414,234.4622344970703,0.009999999776482582,17.052000045776367,0.1860000044107437
1787184000000,2026-08-20 00:00:00,,,,,,,,,,,,15.902000427246094,91.0,1004.9000244140625,14.434123992919922,0,6.297428131103516,239.03631591796875,0.009999999776482582,16.851999282836914,0.20200000703334808
1787187600000,2026-08-20 01:00:00,,,,,,,,,,,,15.35200023651123,92.0,1004.2999877929688,14.058869361877441,0,5.959060192108154,244.98313903808594,0,16.351999282836914,0.2029999941587448
1787191200000,2026-08-20 02:00:00,,,,,,,,,,,,15.001999855041504,93.0,1005.0,13.8788423538208,0,5.001279830932617,239.74365234375,0,15.95199966430664,0.2029999941587448
1787194800000,2026-08-20 03:00:00,,,,,,,,,,,,15.052000045776367,92.0,1005.7000122070312,13.761863708496094,0,5.399999618530273,233.13002014160156,0,15.751999855041504,0.2029999941587448
1787198400000,2026-08-20 04:00:00,,,,,,,,,,,,15.10200023651123,91.0,1006.2000122070312,13.64315128326416,0,3.826852560043335,228.81417846679688,0,15.751999855041504,0.2029999941587448
1787202000000,2026-08-20 05:00:00,,,,,,,,,,,,15.302000045776367,91.0,1006.5,13.840899467468262,0,5.991593837738037,212.73521423339844,0.009999999776482582,15.751999855041504,0.2029999941587448
1787205600000,2026-08-20 06:00:00,,,,,,,,,,,,16.101999282836914,88.0,1006.9000244140625,14.113306999206543,0,6.915374279022217,231.3401641845703,0.009999999776482582,16.20199966430664,0.2029999941587448
1787208822782,2026-08-20 06:53:42,,,,17.31,18.15,17.94,,,,-110.0,-5.2,,,,,,,,,,
1787209200000,2026-08-20 07:00:00,,,,,,,,,,,,17.20199966430664,81.0,1007.0999755859375,13.912487983703613,0,11.592894554138184,244.230712890625,0.03999999910593033,17.351999282836914,0.2029999941587448
1787212800000,2026-08-20 08:00:00,,,,,,,,,,,,18.402000427246094,73.0,1007.2999877929688,13.474886894226074,0,12.889809608459473,234.09017944335938,0.09000000357627869,18.95199966430664,0.2029999941587448
1787216400000,2026-08-20 09:00:00,,,,,,,,,,,,19.851999282836914,64.0,1007.2999877929688,12.843465805053711,0,14.904172897338867,232.8532257080078,0.11999999731779099,20.552000045776367,0.20200000703334808
1787220000000,2026-08-20 10:00:00,,,,,,,,,,,,20.902000427246094,60.0,1007.2000122070312,12.84777545928955,0,15.876774787902832,237.0305938720703,0.1599999964237213,22.351999282836914,0.20200000703334808
1787223600000,2026-08-20 11:00:00,,,,,,,,,,,,21.70199966430664,56.0,1007.2000122070312,12.54316234588623,0,17.102840423583984,229.26797485351562,0.18000000715255737,23.802000045776367,0.20100000500679016
1787227200000,2026-08-20 12:00:00,,,,,,,,,,,,21.601999282836914,59.0,1007.2000122070312,13.247673034667969,0.10000000149011612,16.37505340576172,236.65927124023438,0.15000000596046448,23.902000427246094,0.20100000500679016
1787230800000,2026-08-20 13:00:00,,,,,,,,,,,,21.75200080871582,53.0,1007.5999755859375,11.752571105957031,0.10000000149011612,18.532135009765625,240.9454803466797,0.1599999964237213,23.75200080871582,0.20000000298023224
1787234400000,2026-08-20 14:00:00,,,,,,,,,,,,22.552000045776367,54.0,1007.2999877929688,12.778463363647461,0,13.493998527526855,223.91915893554688,0.1599999964237213,23.802000045776367,0.20000000298023224
1787237617408,2026-08-20 14:53:37,,,,16.75,16.99,17.88,,,,-115.0,-5.2,,,,,,,,,,
1787238000000,2026-08-20 15:00:00,,,,,,,,,,,,23.052000045776367,49.0,1007.2999877929688,11.76109504699707,0,16.489416122436523,233.8805694580078,0.17000000178813934,24.601999282836914,0.19900000095367432
1787241600000,2026-08-20 16:00:00,,,,,,,,,,,,22.70199966430664,49.0,1007.0999755859375,11.440146446228027,0,14.512063980102539,226.00498962402344,0.14000001549720764,24.351999282836914,0.1979999989271164
1787245200000,2026-08-20 17:00:00,,,,,,,,,,,,21.851999282836914,53.0,1007.0,11.8451566696167,0,12.599998474121094,233.13002014160156,0.10000000894069672,23.45199966430664,0.1979999989271164
1787248800000,2026-08-20 18:00:00,,,,,,,,,,,,20.95199966430664,56.0,1007.2999877929688,11.844090461730957,0,7.771330833435059,256.60748291015625,0.07000000774860382,22.25200080871582,0.19699999690055847
1787252014705,2026-08-20 18:53:34,,,,17.94,17.73,17.88,,,,-111.0,-2.2,,,,,,,,,,
1787252400000,2026-08-20 19:00:00,,,,,,,,,,,,19.652000427246094,64.0,1008.0,12.653985977172852,0,6.489992141723633,273.1797790527344,0.03999999910593033,21.00200080871582,0.19699999690055847
1787256000000,2026-08-20 20:00:00,,,,,,,,,,,,18.75200080871582,67.0,1008.4000244140625,12.497647285461426,0,5.091168403625488,261.8699951171875,0.029999999329447746,20.052000045776367,0.19699999690055847
1787259600000,2026-08-20 21:00:00,,,,,,,,,,,,17.802000045776367,74.0,1008.5999755859375,13.105488777160645,0,4.802999019622803,192.99461364746094,0.019999999552965164,19.402000427246094,0.19599999487400055
1787263200000,2026-08-20 22:00:00,,,,,,,,,,,,17.552000045776367,75.0,1008.7999877929688,13.069782257080078,0,5.411986351013184,183.81399536132812,0.019999999552965164,18.95199966430664,0.19599999487400055
1787266800000,2026-08-20 23:00:00,,,,,,,,,,,,17.552000045776367,73.0,1008.7000122070312,12.656574249267578,0,5.804825305938721,209.7447967529297,0.019999999552965164,18.50200080871582,0.19599999487400055
1787270400000,2026-08-21 00:00:00,,,,,,,,,,,,15.001999855041504,83.0,1008.7000122070312,12.137768745422363,0,4.213691711425781,199.9832000732422,0.009999999776482582,16.75200080871582,0.22499999403953552
1787274000000,2026-08-21 01:00:00,,,,,,,,,,,,15.652000427246094,76.0,1008.2000122070312,11.434428215026855,0,5.9044389724731445,217.56866455078125,0.009999999776482582,16.351999282836914,0.2240000069141388
1787277600000,2026-08-21 02:00:00,,,,,,,,,,,,15.652000427246094,77.0,1008.7999877929688,11.632198333740234,0,7.199999809265137,216.86997985839844,0.009999999776482582,16.20199966430664,0.2240000069141388
1787280809324,2026-08-21 02:53:29,,,,18.06,17.64,17.88,,,,-116.0,-8.0,,,,,,,,,,
1787281200000,2026-08-21 03:00:00,,,,,,,,,,,,15.552000045776367,79.0,1009.0,11.923832893371582,0,8.78872013092041,235.00790405273438,0.009999999776482582,16.052000045776367,0.22300000488758087
1787284800000,2026-08-21 04:00:00,,,,,,,,,,,,15.251999855041504,81.0,1009.0999755859375,12.011295318603516,0,8.161764144897461,228.57643127441406,0.009999999776482582,15.85200023651123,0.22300000488758087
1787288400000,2026-08-21 05:00:00,,,,,,,,,,,,15.251999855041504,81.0,1009.2999877929688,12.011295318603516,0,7.9932966232299805,234.16226196289062,0.009999999776482582,15.751999855041504,0.22300000488758087
1787292000000,2026-08-21 06:00:00,,,,,,,,,,,,15.85200023651123,80.0,1009.7000122070312,12.406941413879395,0,6.489992141723633,199.44012451171875,0.019999999552965164,16.152000427246094,0.22200000286102295
1787295600000,2026-08-21 07:00:00,,,,,,,,,,,,17.152000427246094,75.0,1009.9000244140625,12.683414459228516,0,8.287821769714355,214.38040161132812,0.05000000447034836,17.351999282836914,0.22200000286102295
1787299200000,2026-08-21 08:00:00,,,,,,,,,,,,18.45199966430664,67.0,1010.0999755859375,12.211798667907715,0,12.101570129394531,239.62095642089844,0.07999999821186066,19.101999282836914,0.22100000083446503
1787302800000,2026-08-21 09:00:00,,,,,,,,,,,,19.25200080871582,62.0,1010.4000244140625,11.792774200439453,0,12.55879020690918,242.70050048828125,0.11999999731779099,20.552000045776367,0.22100000083446503
1787306400000,2026-08-21 10:00:00,,,,,,,,,,,,20.20199966430664,55.0,1010.2999877929688,10.873394012451172,0,11.92355728149414,241.11351013183594,0.15000000596046448,22.00200080871582,0.2199999988079071
1787310000000,2026-08-21 11:00:00,,,,,,,,,,,,20.902000427246094,52.0,1010.2999877929688,10.67888355255127,0,12.55879020690918,242.70050048828125,0.17000000178813934,23.101999282836914,0.2199999988079071
1787313600000,2026-08-21 12:00:00,,,,,,,,,,,,21.75200080871582,46.0,1010.0,9.62374210357666,0,9.904906272888184,250.90640258789062,0.1599999964237213,23.552000045776367,0.21899999678134918
1787317200000,2026-08-21 13:00:00,,,,,,,,,,,,21.45199966430664,50.0,1010.0,10.596665382385254,0,11.367109298706055,259.0459899902344,0.15000000596046448,23.351999282836914,0.21899999678134918
1787320800000,2026-08-21 14:00:00,,,,,,,,,,,,21.402000427246094,52.0,1009.7999877929688,11.140869140625,0,9.0,270.0,0.14000001549720764,23.25200080871582,0.21799999475479126
1787324400000,2026-08-21 15:00:00,,,,,,,,,,,,21.052000045776367,56.0,1009.5999755859375,11.937310218811035,0,8.55710220336914,284.62091064453125,0.11999999731779099,23.00200080871582,0.21799999475479126
1787328000000,2026-08-21 16:00:00,,,,,,,,,,,,19.601999282836914,68.0,1009.7999877929688,13.534931182861328,0,12.261157035827637,319.7637023925781,0.10000000894069672,22.45199966430664,0.21699999272823334
1787331600000,2026-08-21 17:00:00,,,,,,,,,,,,19.50200080871582,68.0,1009.7999877929688,13.439498901367188,0,4.33497428894043,311.6334533691406,0.05999999865889549,21.601999282836914,0.21699999272823334
1787335200000,2026-08-21 18:00:00,,,,,,,,,,,,19.052000045776367,72.0,1009.7999877929688,13.88785171508789,0,4.843304634094238,311.98712158203125,0.03999999910593033,20.802000045776367,0.21699999272823334
1787338800000,2026-08-21 19:00:00,,,,,,,,,,,,18.45199966430664,75.0,1010.2000122070312,13.939034461975098,0,3.2599384784698486,276.340087890625,0.019999999552965164,19.851999282836914,0.21699999272823334
1787342400000,2026-08-21 20:00:00,,,,,,,,,,,,17.00200080871582,85.0,1010.5,14.461494445800781,0,6.489992141723633,303.6900939941406,0.019999999552965164,18.95199966430664,0.2160000056028366
1787346000000,2026-08-21 21:00:00,,,,,,,,,,,,16.302000045776367,87.0,1010.9000244140625,14.133672714233398,0,5.351784706115723,317.72637939453125,0.009999999776482582,18.20199966430664,0.2160000056028366
1787349600000,2026-08-21 22:00:00,,,,,,,,,,,,15.60200023651123,89.0,1011.2999877929688,13.794835090637207,0,5.191993713378906,303.6900939941406,0.009999999776482582,17.70199966430664,0.2160000056028366
1787352798889,2026-08-21 22:53:18,24.93,17.15,30.66,,,,484.21,388.63,342.48,-114.0,-4.5,,,,,,,,,,
1787353200000,2026-08-21 23:00:00,,,,,,,,,,,,15.20199966430664,91.0,1011.5999755859375,13.742022514343262,0,7.199999809265137,306.8699645996094,0.009999999776482582,17.402000427246094,0.2160000056028366
1787356800000,2026-08-22 00:00:00,,,,,,,,,,,,15.10200023651123,86.0,1012.0,12.776865005493164,0,9.199390411376953,300.5791320800781,0.009999999776482582,17.101999282836914,0.2240000069141388
1787360400000,2026-08-22 01:00:00,,,,,,,,,,,,14.751999855041504,87.0,1012.2999877929688,12.609405517578125,0,8.089993476867676,302.275634765625,0.009999999776482582,16.851999282836914,0.2240000069141388
1787364000000,2026-08-22 02:00:00,,,,,,,,,,,,14.501999855041504,86.0,1012.7000122070312,12.187612533569336,0,7.091177463531494,293.9624938964844,0.009999999776482582,16.652000427246094,0.2240000069141388
1787367193211,2026-08-22 02:53:13,,,,16.23,18.24,17.82,,,,-114.0,-1.2,,,,,,,,,,
1787367600000,2026-08-22 03:00:00,,,,,,,,,,,,14.251999855041504,84.0,1012.7000122070312,11.585439682006836,0,8.08999252319336,290.8545227050781,0.009999999776482582,16.402000427246094,0.22300000488758087
1787371200000,2026-08-22 04:00:00,,,,,,,,,,,,13.95199966430664,82.0,1012.7000122070312,10.928252220153809,0,8.55710220336914,284.62091064453125,0.009999999776482582,16.052000045776367,0.22300000488758087
1787374800000,2026-08-22 05:00:00,,,,,,,,,,,,13.751999855041504,80.0,1013.0,10.362236976623535,0,8.121970176696777,282.80426025390625,0.019999999552965164,15.70199966430664,0.22300000488758087
1787378400000,2026-08-22 06:00:00,,,,,,,,,,,,13.902000427246094,79.0,1013.5999755859375,10.31966495513916,0,8.66994857788086,274.7635498046875,0.019999999552965164,15.751999855041504,0.22300000488758087
1787382000000,2026-08-22 07:00:00,,,,,,,,,,,,14.652000427246094,77.0,1014.2000122070312,10.66297721862793,0,10.239453315734863,280.1246032714844,0.029999999329447746,16.101999282836914,0.22300000488758087
1787385600000,2026-08-22 08:00:00,,,,,,,,,,,,15.20199966430664,77.0,1015.0,11.196060180664062,0,10.446206092834473,271.9748840332031,0.03999999910593033,16.75200080871582,0.22200000286102295
1787389200000,2026-08-22 09:00:00,,,,,,,,,,,,15.902000427246094,73.0,1015.7000122070312,11.067795753479004,0,13.276144027709961,282.52880859375,0.05000000447034836,17.351999282836914,0.22200000286102295
1787392800000,2026-08-22 10:00:00,,,,,,,,,,,,16.552000045776367,69.0,1016.2999877929688,10.842918395996094,0,13.202726364135742,281.00347900390625,0.05999999865889549,18.00200080871582,0.22200000286102295
1787395987834,2026-08-22 10:53:07,,,,16.64,18.0,17.7,,,,-114.0,-5.0,,,,,,,,,,
1787396400000,2026-08-22 11:00:00,,,,,,,,,,,,17.75200080871582,62.0,1016.5,10.376646041870117,0,14.764389038085938,271.39715576171875,0.09000000357627869,19.351999282836914,0.22200000286102295
1787400000000,2026-08-22 12:00:00,,,,,,,,,,,,17.70199966430664,64.0,1016.5999755859375,10.806130409240723,0.4000000059604645,12.31389331817627,285.2551574707031,0.14000001549720764,21.052000045776367,0.22100000083446503
1787403600000,2026-08-22 13:00:00,,,,,,,,,,,,16.652000427246094,64.0,1017.2000122070312,9.810829162597656,0.800000011920929,17.55161476135254,295.5138244628906,0.15000000596046448,20.552000045776367,0.22100000083446503
1787407200000,2026-08-22 14:00:00,,,,,,,,,,,,18.152000427246094,55.0,1017.0,8.965588569641113,0,15.778517723083496,297.14959716796875,0.12999999523162842,20.20199966430664,0.22100000083446503
1787410800000,2026-08-22 15:00:00,,,,,,,,,,,,18.95199966430664,51.0,1017.2000122070312,8.589144706726074,0,16.299694061279297,276.340087890625,0.1599999964237213,21.101999282836914,0.22100000083446503
1787414400000,2026-08-22 16:00:00,,,,,,,,,,,,17.652000427246094,61.0,1017.7999877929688,10.038856506347656,0,14.241629600524902,290.72564697265625,0.10999999940395355,20.351999282836914,0.22100000083446503
1787418000000,2026-08-22 17:00:00,,,,,,,,,,,,17.45199966430664,64.0,1018.0999755859375,10.569170951843262,0,12.605141639709473,268.36346435546875,0.07999999821186066,19.45199966430664,0.2199999988079071
1787421600000,2026-08-22 18:00:00,,,,,,,,,,,,16.95199966430664,60.0,1018.7999877929688,9.133467674255371,0,10.182336807250977,278.1300048828125,0.05999999865889549,18.70199966430664,0.2199999988079071
1787425200000,2026-08-22 19:00:00,,,,,,,,,,,,15.70199966430664,67.0,1019.2999877929688,9.590826034545898,0,9.826087951660156,261.5731201171875,0.03999999910593033,17.601999282836914,0.2199999988079071
1787428800000,2026-08-22 20:00:00,,,,,,,,,,,,14.95199966430664,71.0,1019.7000122070312,9.737811088562012,0,9.779816627502441,263.659912109375,0.029999999329447746,16.652000427246094,0.2199999988079071
1787432400000,2026-08-22 21:00:00,,,,,,,,,,,,14.152000427246094,71.0,1020.0,8.969775199890137,0,8.654986381530762,253.07240295410156,0.019999999552965164,15.85200023651123,0.2199999988079071
1787436000000,2026-08-22 22:00:00,,,,,,,,,,,,13.70199966430664,74.0,1020.2999877929688,9.150680541992188,0,8.89134407043457,248.62930297851562,0.019999999552965164,15.20199966430664,0.2199999988079071
1787439179764,2026-08-22 22:52:59,,,,17.91,17.97,17.73,,,,-115.0,0.5,,,,,,,,,,
1787439600000,2026-08-22 23:00:00,,,,,,,,,,,,13.402000427246094,74.0,1020.5,8.861218452453613,0,9.339207649230957,242.447265625,0.019999999552965164,14.70199966430664,0.2199999988079071
1787443200000,2026-08-23 00:00:00,,,,,,,,,,,,13.152000427246094,79.0,1020.9000244140625,9.590402603149414,0,8.89134407043457,248.62930297851562,0.009999999776482582,15.20199966430664,0.21899999678134918
1787446800000,2026-08-23 01:00:00,,,,,,,,,,,,12.652000427246094,82.0,1021.2000122070312,9.658590316772461,0,9.511088371276855,240.52420043945312,0.009999999776482582,14.70199966430664,0.21899999678134918
1787450400000,2026-08-23 02:00:00,,,,,,,,,,,,12.20199966430664,83.0,1021.2000122070312,9.399252891540527,0,9.885261535644531,236.88864135742188,0.009999999776482582,14.251999855041504,0.21899999678134918
1787454000000,2026-08-23 03:00:00,,,,,,,,,,,,12.302000045776367,82.0,1021.2999877929688,9.316732406616211,0,10.787993431091309,244.29010009765625,0.009999999776482582,14.10200023651123,0.21899999678134918
1787457600000,2026-08-23 04:00:00,,,,,,,,,,,,12.052000045776367,84.0,1021.2999877929688,9.430612564086914,0,11.983187675476074,237.2647705078125,0.009999999776482582,14.001999855041504,0.21899999678134918
1787461200000,2026-08-23 05:00:00,,,,,,,,,,,,12.10200023651123,84.0,1021.5999755859375,9.479591369628906,0,12.101570129394531,239.62095642089844,0.009999999776482582,13.802000045776367,0.21899999678134918
1787464800000,2026-08-23 06:00:00,,,,,,,,,,,,12.70199966430664,81.0,1021.9000244140625,9.52457332611084,0,13.3637113571167,242.7447509765625,0.009999999776482582,14.152000427246094,0.21899999678134918
1787468400000,2026-08-23 07:00:00,,,,,,,,,,,,13.652000427246094,77.0,1022.2999877929688,9.693638801574707,0,15.042658805847168,248.96241760253906,0.019999999552965164,14.902000427246094,0.21899999678134918
1787472000000,2026-08-23 08:00:00,,,,,,,,,,,,15.052000045776367,71.0,1022.5,9.83381175994873,0,15.62997055053711,255.3235626220703,0.03999999910593033,16.45199966430664,0.21899999678134918
1787475600000,2026-08-23 09:00:00,,,,,,,,,,,,16.052000045776367,63.0,1022.7000122070312,9.008214950561523,0,16.93531036376953,267.56341552734375,0.05000000447034836,17.601999282836914,0.21899999678134918
1787479200000,2026-08-23 10:00:00,,,,,,,,,,,,16.802000045776367,59.0,1022.7000122070312,8.743370056152344,0,18.289274215698242,280.20391845703125,0.07000000774860382,18.652000427246094,0.21799999475479126
1787482374742,2026-08-23 10:52:54,24.78,17.13,30.62,,,,484.03,388.6,342.44,-115.0,-7.5,,,,,,,,,,
1787482800000,2026-08-23 11:00:00,,,,,,,,,,,,17.902000427246094,50.0,1022.5,7.330289363861084,0,16.39482879638672,289.23077392578125,0.07999999821186066,19.70199966430664,0.21799999475479126
1787486400000,2026-08-23 12:00:00,,,,,,,,,,,,18.95199966430664,46.0,1022.2999877929688,7.073127746582031,0,15.484185218811035,287.5924987792969,0.09000000357627869,20.45199966430664,0.21799999475479126
1787490000000,2026-08-23 13:00:00,,,,,,,,,,,,19.351999282836914,44.0,1022.2000122070312,6.7882819175720215,0,14.039999008178711,292.6199035644531,0.10000000894069672,21.601999282836914,0.21799999475479126
1787493600000,2026-08-23 14:00:00,,,,,,,,,,,,18.75200080871582,49.0,1022.4000244140625,7.815566062927246,0,19.079999923706055,301.8907470703125,0.10000000894069672,21.652000427246094,0.21699999272823334
1787496769116,2026-08-23 14:52:49,,,,16.46,17.64,17.55,,,,-117.0,-8.0,,,,,,,,,,
1787497200000,2026-08-23 15:00:00,,,,,,,,,,,,19.75200080871582,48.0,1022.0,8.428852081298828,0,14.021525382995605,299.1973876953125,0.09000000357627869,21.652000427246094,0.21699999272823334
1787500800000,2026-08-23 16:00:00,,,,,,,,,,,,19.70199966430664,44.0,1021.9000244140625,7.105546951293945,0,15.077081680297852,303.3106384277344,0.09000000357627869,21.50200080871582,0.21699999272823334
1787504400000,2026-08-23 17:00:00,,,,,,,,,,,,18.50200080871582,53.0,1022.0999755859375,8.742003440856934,0,12.313894271850586,307.8750305175781,0.05999999865889549,20.601999282836914,0.21699999272823334
1787508000000,2026-08-23 18:00:00,,,,,,,,,,,,17.75200080871582,53.0,1022.2999877929688,8.046859741210938,0,10.93120288848877,287.2415466308594,0.03999999910593033,19.50200080871582,0.2160000056028366
1787511166396,2026-08-23 18:52:46,,,,17.76,17.4,17.31,,,,-115.0,-2.5,,,,,,,,,,
1787511600000,2026-08-23 19:00:00,,,,,,,,,,,,16.302000045776367,64.0,1022.7000122070312,9.479015350341797,0,5.86037540435791,280.6195983886719,0.019999999552965164,18.152000427246094,0.2160000056028366
1787515200000,2026-08-23 20:00:00,,,,,,,,,,,,15.35200023651123,66.0,1023.0,9.033889770507812,0,5.039999961853027,270.0,0.019999999552965164,17.101999282836914,0.2160000056028366
1787518800000,2026-08-23 21:00:00,,,,,,,,,,,,14.251999855041504,72.0,1023.2000122070312,9.273476600646973,0,4.896529197692871,252.89718627929688,0.009999999776482582,16.20199966430664,0.2160000056028366
1787522400000,2026-08-23 22:00:00,,,,,,,,,,,,13.751999855041504,73.0,1023.2999877929688,8.997000694274902,0,5.447788238525391,262.40545654296875,0.009999999776482582,15.402000427246094,0.2160000056028366
1787525563707,2026-08-23 22:52:43,,,,17.73,17.82,17.58,,,,-111.0,-2.0,,,,,,,,,,
1787525566705,2026-08-23 22:52:46,24.69,17.06,30.55,,,,483.93,388.53,342.38,-110.0,0.8,,,,,,,,,,
1787526000000,2026-08-23 23:00:00,,,,,,,,,,,,13.10200023651123,76.0,1023.4000244140625,8.966500282287598,0,4.6938252449035645,265.60137939453125,0.009999999776482582,14.802000045776367,0.2160000056028366
1787529600000,2026-08-24 00:00:00,,,,,,,,,,,,11.60200023651123,83.0,1023.5,8.812342643737793,0,4.198285102844238,239.0363006591797,0.009999999776482582,14.10200023651123,0.21699999272823334
1787533200000,2026-08-24 01:00:00,,,,,,,,,,,,11.302000045776367,83.0,1023.7000122070312,8.518875122070312,0,3.5999999046325684,233.13002014160156,0.009999999776482582,13.60200023651123,0.21699999272823334
1787536800000,2026-08-24 02:00:00,,,,,,,,,,,,11.152000427246094,86.0,1023.5,8.89716625213623,0,2.811689853668213,219.80552673339844,0,13.302000045776367,0.21699999272823334
1787539961031,2026-08-24 02:52:41,,,,16.52,16.75,17.46,,,,-109.0,-0.5,,,,,,,,,,
1787540400000,2026-08-24 03:00:00,,,,,,,,,,,,11.052000045776367,87.0,1023.2999877929688,8.970219612121582,0,3.0758414268493652,200.55612182617188,0.009999999776482582,13.302000045776367,0.21699999272823334
1787544000000,2026-08-24 04:00:00,,,,,,,,,,,,11.052000045776367,88.0,1023.2999877929688,9.139776229858398,0,3.7585103511810303,196.69932556152344,0.009999999776482582,13.251999855041504,0.21699999272823334
1787547600000,2026-08-24 05:00:00,,,,,,,,,,,,11.95199966430664,82.0,1023.5,8.974862098693848,0,3.8773183822631836,201.8014678955078,0.009999999776482582,13.45199966430664,0.21699999272823334
1787551200000,2026-08-24 06:00:00,,,,,,,,,,,,12.95199966430664,79.0,1023.5999755859375,9.39592170715332,0,2.595996856689453,213.69009399414062,0.009999999776482582,13.902000427246094,0.21699999272823334
1787554800000,2026-08-24 07:00:00,,,,,,,,,,,,14.001999855041504,75.0,1023.5999755859375,9.640046119689941,0,2.741678237915039,246.80137634277344,0.019999999552965164,15.001999855041504,0.21699999272823334
1787558400000,2026-08-24 08:00:00,,,,,,,,,,,,15.402000427246094,70.0,1023.7000122070312,9.957660675048828,0,5.014219284057617,291.0375671386719,0.03999999910593033,17.00200080871582,0.21699999272823334
1787562000000,2026-08-24 09:00:00,,,,,,,,,,,,16.601999282836914,63.0,1023.5999755859375,9.528685569763184,0,4.349896430969238,335.5560607910156,0.07000000774860382,19.25200080871582,0.21699999272823334
1787565600000,2026-08-24 10:00:00,,,,,,,,,,,,17.70199966430664,58.0,1023.2000122070312,9.33388614654541,0,3.6712939739227295,11.309895515441895,0.07999999821186066,20.902000427246094,0.2160000056028366
1787569200000,2026-08-24 11:00:00,,,,,,,,,,,,18.552000045776367,53.0,1022.7999877929688,8.78834056854248,0,4.213691711425781,19.983198165893555,0.09000000357627869,22.052000045776367,0.2160000056028366
1787572800000,2026-08-24 12:00:00,,,,,,,,,,,,18.70199966430664,52.0,1022.7999877929688,8.645347595214844,0,5.495161056518555,58.39254379272461,0.07999999821186066,22.302000045776367,0.2160000056028366
1787576400000,2026-08-24 13:00:00,,,,,,,,,,,,19.25200080871582,50.0,1022.5999755859375,8.572856903076172,0,5.959060192108154,64.98314666748047,0.07999999821186066,22.402000427246094,0.2150000035762787
1787580000000,2026-08-24 14:00:00,,,,,,,,,,,,19.351999282836914,50.0,1022.0999755859375,8.664875984191895,0,6.6380720138549805,77.47119903564453,0.07999999821186066,22.45199966430664,0.2150000035762787
1787583600000,2026-08-24 15:00:00,,,,,,,,,,,,19.50200080871582,51.0,1021.4000244140625,9.096455574035645,0,7.754636764526367,68.19853210449219,0.07999999821186066,22.601999282836914,0.2150000035762787
1787587200000,2026-08-24 16:00:00,,,,,,,,,,,,19.902000427246094,50.0,1020.4000244140625,9.170944213867188,0,8.5873384475708,56.97612762451172,0.07999999821186066,22.50200080871582,0.2150000035762787
1787590800000,2026-08-24 17:00:00,,,,,,,,,,,,19.601999282836914,50.0,1019.9000244140625,8.894916534423828,0,8.707237243652344,60.25520706176758,0.05999999865889549,21.851999282836914,0.21400000154972076
1787594400000,2026-08-24 18:00:00,,,,,,,,,,,,18.75200080871582,58.0,1019.7999877929688,10.3174467086792,0,6.952754497528076,68.74942779541016,0.03999999910593033,20.601999282836914,0.21400000154972076
1787597550320,2026-08-24 18:52:30,,,,16.23,17.14,17.34,,,,-111.0,1.2,,,,,,,,,,
1787598000000,2026-08-24 19:00:00,,,,,,,,,,,,17.20199966430664,64.0,1020.0,10.332202911376953,0,5.241678714752197,74.05453491210938,0.019999999552965164,19.101999282836914,0.21400000154972076
1787601600000,2026-08-24 20:00:00,,,,,,,,,,,,15.70199966430664,70.0,1020.0,10.24514389038086,0,4.0249223709106445,79.6952133178711,0.009999999776482582,17.851999282836914,0.21400000154972076
1787605200000,2026-08-24 21:00:00,,,,,,,,,,,,14.552000045776367,76.0,1019.9000244140625,10.369928359985352,0,2.879999876022339,90.0,0.009999999776482582,16.851999282836914,0.21400000154972076
1787608800000,2026-08-24 22:00:00,,,,,,,,,,,,13.802000045776367,79.0,1019.5,10.222434043884277,0,2.6208393573760986,105.94546508789062,0.009999999776482582,16.052000045776367,0.21400000154972076
1787611947632,2026-08-24 22:52:27,,,,17.05,17.49,17.28,,,,-110.0,-1.2,,,,,,,,,,
1787611950634,2026-08-24 22:52:30,24.6,16.97,30.45,,,,483.82,388.43,342.29,-110.0,-3.5,,,,,,,,,,
1787612400000,2026-08-24 23:00:00,,,,,,,,,,,,12.902000427246094,81.0,1019.0999755859375,9.719633102416992,0,2.1897945404052734,99.46224975585938,0.009999999776482582,15.35200023651123,0.21400000154972076
1787616000000,2026-08-25 00:00:00,,,,,,,,,,,,11.902000427246094,85.0,1017.9000244140625,9.459698677062988,0,2.1600000858306885,90.0,0.009999999776482582,14.10200023651123,0.21299999952316284
1787619600000,2026-08-25 01:00:00,,,,,,,,,,,,10.85200023651123,87.0,1018.5999755859375,8.773481369018555,0,3.7585103511810303,73.30067443847656,0,13.652000427246094,0.21299999952316284
1787623200000,2026-08-25 02:00:00,,,,,,,,,,,,10.60200023651123,88.0,1018.0999755859375,8.69651985168457,0,4.213691711425781,70.01680755615234,0.009999999776482582,13.251999855041504,0.21299999952316284
1787626347969,2026-08-25 02:52:27,24.6,16.97,30.45,,,,483.82,388.43,342.29,-111.0,-3.5,,,,,,,,,,
1787626800000,2026-08-25 03:00:00,,,,,,,,,,,,10.552000045776367,89.0,1018.0999755859375,8.814478874206543,0,4.213691711425781,70.01680755615234,0,12.85200023651123,0.21299999952316284
1787630400000,2026-08-25 04:00:00,,,,,,,,,,,,10.501999855041504,91.0,1017.7999877929688,9.094539642333984,0,4.680000305175781,67.38009643554688,0,12.60200023651123,0.21299999952316284
1787634000000,2026-08-25 05:00:00,,,,,,,,,,,,10.302000045776367,92.0,1017.7000122070312,9.058797836303711,0,4.829906940460205,63.43501281738281,0,12.402000427246094,0.21299999952316284
1787637600000,2026-08-25 06:00:00,,,,,,,,,,,,11.552000045776367,88.0,1017.7000122070312,9.632271766662598,0,5.091168403625488,81.86998748779297,0.009999999776482582,12.802000045776367,0.21299999952316284
1787640742286,2026-08-25 06:52:22,,,,16.43,17.34,17.31,,,,-112.0,1.0,,,,,,,,,,
1787640745299,2026-08-25 06:52:25,24.56,16.97,30.45,,,,483.78,388.43,342.29,-108.0,-3.0,,,,,,,,,,
1787641200000,2026-08-25 07:00:00,,,,,,,,,,,,13.95199966430664,79.0,1017.5,10.368277549743652,0,10.041354179382324,75.46550750732422,0.029999999329447746,14.251999855041504,0.21299999952316284
1787644800000,2026-08-25 08:00:00,,,,,,,,,,,,15.902000427246094,72.0,1017.7000122070312,10.860044479370117,0,12.727921485900879,81.86998748779297,0.05000000447034836,16.351999282836914,0.21299999952316284
1787648400000,2026-08-25 09:00:00,,,,,,,,,,,,17.851999282836914,66.0,1017.4000244140625,11.412561416625977,0,14.917211532592773,81.6744384765625,0.09000000357627869,18.652000427246094,0.21299999952316284
1787652000000,2026-08-25 10:00:00,,,,,,,,,,,,19.75200080871582,59.0,1017.2000122070312,11.512252807617188,0,15.13713264465332,87.27374267578125,0.10999999940395355,20.70199966430664,0.21299999952316284
1787655139633,2026-08-25 10:52:19,,,,16.11,17.14,17.2,,,,-113.0,1.8,,,,,,,,,,
1787655142625,2026-08-25 10:52:22,24.54,16.97,30.42,,,,483.75,388.43,342.26,-113.0,-4.0,,,,,,,,,,
1787655600000,2026-08-25 11:00:00,,,,,,,,,,,,21.351999282836914,50.0,1016.7000122070312,10.504705429077148,0,16.235960006713867,86.18600463867188,0.15000000596046448,22.552000045776367,0.21199999749660492
1787659200000,2026-08-25 12:00:00,,,,,,,,,,,,22.45199966430664,45.0,1016.4000244140625,9.932223320007324,0,16.203998565673828,88.72699737548828,0.17000000178813934,24.00200080871582,0.21199999749660492
1787662800000,2026-08-25 13:00:00,,,,,,,,,,,,22.902000427246094,45.0,1016.4000244140625,10.340752601623535,0,16.235960006713867,86.18600463867188,0.17000000178813934,24.652000427246094,0.210999995470047
1787666400000,2026-08-25 14:00:00,,,,,,,,,,,,23.101999282836914,45.0,1016.2999877929688,10.522296905517578,0,14.830076217651367,84.42790222167969,0.15000000596046448,24.75200080871582,0.210999995470047
1787670000000,2026-08-25 15:00:00,,,,,,,,,,,,23.101999282836914,45.0,1016.0,10.522296905517578,0,13.797911643981934,82.50424194335938,0.14000001549720764,24.402000427246094,0.20999999344348907
1787673600000,2026-08-25 16:00:00,,,,,,,,,,,,23.152000427246094,45.0,1015.5999755859375,10.567683219909668,0,12.864648818969727,72.07199096679688,0.11999999731779099,23.95199966430664,0.20999999344348907
1787677200000,2026-08-25 17:00:00,,,,,,,,,,,,22.351999282836914,50.0,1015.9000244140625,11.424188613891602,0,10.239453315734863,79.8753890991211,0.09000000357627869,23.052000045776367,0.20900000631809235
1787680800000,2026-08-25 18:00:00,,,,,,,,,,,,20.75200080871582,56.0,1016.4000244140625,11.6576509475708,0,8.08999252319336,69.14546203613281,0.05000000447034836,21.75200080871582,0.20900000631809235
1787684400000,2026-08-25 19:00:00,,,,,,,,,,,,19.45199966430664,58.0,1016.7999877929688,10.973007202148438,0,7.4215898513793945,75.96372985839844,0.029999999329447746,20.402000427246094,0.20900000631809235
1787688000000,2026-08-25 20:00:00,,,,,,,,,,,,18.601999282836914,60.0,1016.9000244140625,10.685425758361816,0,8.049844741821289,79.6952133178711,0.029999999329447746,19.402000427246094,0.20800000429153442
1787691600000,2026-08-25 21:00:00,,,,,,,,,,,,18.052000045776367,61.0,1017.2000122070312,10.415818214416504,0,7.208993911743164,87.13765716552734,0.029999999329447746,18.75200080871582,0.20800000429153442
1787695200000,2026-08-25 22:00:00,,,,,,,,,,,,17.50200080871582,64.0,1017.5,10.616567611694336,0,6.119999885559082,90.0,0.029999999329447746,18.25200080871582,0.20800000429153442
1787698800000,2026-08-25 23:00:00,,,,,,,,,,,,17.052000045776367,66.0,1017.7000122070312,10.651511192321777,0,5.804825305938721,82.87508392333984,0.019999999552965164,17.851999282836914,0.20800000429153442
1787702400000,2026-08-26 00:00:00,,,,,,,,,,,,17.70199966430664,58.0,1017.0999755859375,9.33388614654541,0,5.039999961853027,90.0,0.009999999776482582,18.70199966430664,0.20900000631809235
1787706000000,2026-08-26 01:00:00,,,,,,,,,,,,16.802000045776367,63.0,1017.7000122070312,9.717935562133789,0,4.104631423950195,74.74482727050781,0.009999999776482582,18.152000427246094,0.20900000631809235
1787709600000,2026-08-26 02:00:00,,,,,,,,,,,,16.45199966430664,65.0,1018.2999877929688,9.852492332458496,0,5.447788238525391,82.40545654296875,0.009999999776482582,17.75200080871582,0.20900000631809235
1787712728871,2026-08-26 02:52:08,,,,17.17,17.22,17.08,,,,-114.0,-2.8,,,,,,,,,,
1787712730076,2026-08-26 02:52:10,24.6,16.97,30.42,,,,483.82,388.43,342.26,-113.0,-3.2,,,,,,,,,,
1787713200000,2026-08-26 03:00:00,,,,,,,,,,,,15.85200023651123,68.0,1018.2000122070312,9.955001831054688,0,7.862518310546875,74.05453491210938,0.009999999776482582,17.402000427246094,0.20900000631809235
1787716800000,2026-08-26 04:00:00,,,,,,,,,,,,15.251999855041504,72.0,1018.0999755859375,10.235079765319824,0,7.2894439697265625,69.77505493164062,0.009999999776482582,17.101999282836914,0.20900000631809235
1787720400000,2026-08-26 05:00:00,,,,,,,,,,,,15.10200023651123,73.0,1018.5,10.297341346740723,0,7.091177463531494,66.03750610351562,0.009999999776482582,16.851999282836914,0.20900000631809235
1787724000000,2026-08-26 06:00:00,,,,,,,,,,,,15.402000427246094,71.0,1018.2999877929688,10.169793128967285,0,9.793058395385742,72.89718627929688,0.009999999776482582,16.851999282836914,0.20900000631809235
1787727126210,2026-08-26 06:52:06,,,,16.35,17.05,17.05,,,,-110.0,-4.8,,,,,,,,,,
1787727600000,2026-08-26 07:00:00,,,,,,,,,,,,16.402000427246094,67.0,1018.5999755859375,10.258110046386719,0,11.212135314941406,95.52745056152344,0.019999999552965164,17.50200080871582,0.20900000631809235
1787731200000,2026-08-26 08:00:00,,,,,,,,,,,,16.902000427246094,67.0,1018.9000244140625,10.734687805175781,0,11.901798248291016,93.4681625366211,0.029999999329447746,18.45199966430664,0.20900000631809235
1787734800000,2026-08-26 09:00:00,,,,,,,,,,,,17.50200080871582,68.0,1019.0999755859375,11.530464172363281,0,12.979984283447266,93.17977142333984,0.029999999329447746,19.152000427246094,0.20800000429153442
1787738400000,2026-08-26 10:00:00,,,,,,,,,,,,18.50200080871582,67.0,1019.2000122070312,12.259443283081055,0,14.471820831298828,95.71050262451172,0.03999999910593033,20.402000427246094,0.20800000429153442
1787742000000,2026-08-26 11:00:00,,,,,,,,,,,,18.552000045776367,69.0,1019.2000122070312,12.75559139251709,0,13.797911643981934,97.49576568603516,0.03999999910593033,21.101999282836914,0.20800000429153442
1787745600000,2026-08-26 12:00:00,,,,,,,,,,,,18.302000045776367,70.0,1019.2999877929688,12.73610782623291,0,13.084402084350586,97.90707397460938,0.019999999552965164,20.552000045776367,0.20800000429153442
1787749200000,2026-08-26 13:00:00,,,,,,,,,,,,18.50200080871582,70.0,1019.4000244140625,12.927678108215332,0,13.755579948425293,96.00891876220703,0.029999999329447746,20.50200080871582,0.20800000429153442
1787752800000,2026-08-26 14:00:00,,,,,,,,,,,,19.20199966430664,67.0,1019.2000122070312,12.926380157470703,0,14.917211532592773,98.32556915283203,0.03999999910593033,21.101999282836914,0.20800000429153442
1787755923829,2026-08-26 14:52:03,24.62,17.03,30.42,,,,483.85,388.5,342.26,-113.0,-1.8,,,,,,,,,,
1787756400000,2026-08-26 15:00:00,,,,,,,,,,,,19.50200080871582,66.0,1019.0,12.98187255859375,0,14.113653182983398,95.85591888427734,0.03999999910593033,21.652000427246094,0.20800000429153442
1787760000000,2026-08-26 16:00:00,,,,,,,,,,,,19.45199966430664,67.0,1018.7000122070312,13.16455364227295,0,13.276144027709961,102.52880096435547,0.029999999329447746,21.552000045776367,0.20800000429153442
1787763600000,2026-08-26 17:00:00,,,,,,,,,,,,19.351999282836914,69.0,1018.5,13.520477294921875,0,11.874544143676758,104.03627014160156,0.019999999552965164,21.052000045776367,0.2070000022649765
1787767200000,2026-08-26 18:00:00,,,,,,,,,,,,18.902000427246094,69.0,1018.5999755859375,13.090241432189941,0,11.367109298706055,100.95401763916016,0.019999999552965164,20.351999282836914,0.2070000022649765
1787770800000,2026-08-26 19:00:00,,,,,,,,,,,,17.652000427246094,75.0,1018.7000122070312,13.166370391845703,0,10.182336807250977,98.13002014160156,0.009999999776482582,19.351999282836914,0.2070000022649765
1787774400000,2026-08-26 20:00:00,,,,,,,,,,,,16.851999282836914,78.0,1018.7000122070312,12.992419242858887,0,8.08999252319336,110.85454559326172,0.009999999776482582,18.45199966430664,0.2070000022649765
1787778000000,2026-08-26 21:00:00,,,,,,,,,,,,16.20199966430664,83.0,1018.7999877929688,13.3112154006958,0,5.692099571228027,108.43504333496094,0.009999999776482582,17.75200080871582,0.2070000022649765
1787781600000,2026-08-26 22:00:00,,,,,,,,,,,,15.501999855041504,87.0,1018.9000244140625,13.34697151184082,0,5.447788238525391,97.59455108642578,0,17.152000427246094,0.2070000022649765
1787784718470,2026-08-26 22:51:58,24.66,17.01,30.42,,,,483.89,388.47,342.26,-114.0,-5.2,,,,,,,,,,
1787785200000,2026-08-26 23:00:00,,,,,,,,,,,,15.10200023651123,90.0,1018.9000244140625,13.473305702209473,0,4.680000305175781,112.61991119384766,0,16.652000427246094,0.2070000022649765
1787788800000,2026-08-27 00:00:00,,,,,,,,,,,,15.10200023651123,82.0,1017.7000122070312,12.05129337310791,0,5.351784706115723,109.65391540527344,0,16.101999282836914,0.20600000023841858
1787792400000,2026-08-27 01:00:00,,,,,,,,,,,,14.751999855041504,83.0,1017.7999877929688,11.893285751342773,0,3.8773183822631836,111.80147552490234,0,15.70199966430664,0.20600000023841858
1787796000000,2026-08-27 02:00:00,,,,,,,,,,,,14.052000045776367,86.0,1017.4000244140625,11.745658874511719,0,5.411986351013184,93.81400299072266,0,15.402000427246094,0.20600000023841858
1787799600000,2026-08-27 03:00:00,,,,,,,,,,,,13.902000427246094,85.0,1017.0,11.421415328979492,0,5.804825305938721,97.12492370605469,0,15.10200023651123,0.20600000023841858
1787803200000,2026-08-27 04:00:00,,,,,,,,,,,,13.60200023651123,86.0,1016.9000244140625,11.303688049316406,0,4.802999019622803,102.99462127685547,0,14.802000045776367,0.20600000023841858
1787806800000,2026-08-27 05:00:00,,,,,,,,,,,,13.302000045776367,87.0,1016.9000244140625,11.183341026306152,0,4.33497428894043,94.76355743408203,0,14.552000045776367,0.20600000023841858
1787810400000,2026-08-27 06:00:00,,,,,,,,,,,,14.35200023651123,83.0,1016.5999755859375,11.502100944519043,0,4.896529197692871,107.10281372070312,0.009999999776482582,14.902000427246094,0.20600000023841858
1787813515134,2026-08-27 06:51:55,24.66,17.03,30.45,,,,483.89,388.5,342.29,-111.0,-5.0,,,,,,,,,,
1787814000000,2026-08-27 07:00:00,,,,,,,,,,,,16.302000045776367,76.0,1016.2000122070312,12.063380241394043,0,8.396570205688477,120.96369171142578,0.019999999552965164,16.25200080871582,0.20600000023841858
1787817600000,2026-08-27 08:00:00,,,,,,,,,,,,18.50200080871582,70.0,1016.2000122070312,12.927678108215332,0,8.766572952270508,109.17910766601562,0.029999999329447746,18.45199966430664,0.20600000023841858
1787821200000,2026-08-27 09:00:00,,,,,,,,,,,,21.00200080871582,64.0,1016.0,13.932844161987305,0,9.107358932495117,108.43504333496094,0.05000000447034836,21.052000045776367,0.20600000023841858
1787824800000,2026-08-27 10:00:00,,,,,,,,,,,,23.052000045776367,60.0,1015.4000244140625,14.868062019348145,0,10.661107063293457,101.68934631347656,0.05999999865889549,23.552000045776367,0.20600000023841858
1787828400000,2026-08-27 11:00:00,,,,,,,,,,,,25.052000045776367,54.0,1014.4000244140625,15.09704875946045,0,13.77911376953125,109.85530853271484,0.07000000774860382,25.351999282836914,0.20600000023841858
1787832000000,2026-08-27 12:00:00,,,,,,,,,,,,27.00200080871582,48.0,1013.2000122070312,15.059653282165527,0,16.327497482299805,104.03627014160156,0.07999999821186066,26.802000045776367,0.20600000023841858
1787835600000,2026-08-27 13:00:00,,,,,,,,,,,,27.95199966430664,45.0,1013.0,14.920855522155762,0,16.450069427490234,113.19861602783203,0.07999999821186066,27.70199966430664,0.20499999821186066
1787839200000,2026-08-27 14:00:00,,,,,,,,,,,,28.402000427246094,44.0,1013.0,14.978850364685059,0,17.399585723876953,114.4439468383789,0.07000000774860382,27.95199966430664,0.20499999821186066
1787842307743,2026-08-27 14:51:47,24.69,17.06,30.45,,,,483.93,388.53,342.29,-112.0,-3.8,,,,,,,,,,
1787842800000,2026-08-27 15:00:00,,,,,,,,,,,,29.101999282836914,42.0,1012.5,14.886738777160645,0,14.707221984863281,111.54104614257812,0.07000000774860382,28.101999282836914,0.20499999821186066
1787846400000,2026-08-27 16:00:00,,,,,,,,,,,,28.851999282836914,42.0,1011.9000244140625,14.662160873413086,0,14.658676147460938,114.67684936523438,0.07000000774860382,28.20199966430664,0.20499999821186066
1787850000000,2026-08-27 17:00:00,,,,,,,,,,,,28.00200080871582,44.0,1011.4000244140625,14.61740779876709,0,14.512063980102539,113.38524627685547,0.05000000447034836,27.351999282836914,0.20399999618530273
1787853600000,2026-08-27 18:00:00,,,,,,,,,,,,26.70199966430664,49.0,1011.5,15.105960845947266,0,11.269782066345215,116.56498718261719,0.019999999552965164,26.052000045776367,0.20399999618530273
1787856705034,2026-08-27 18:51:45,24.72,17.03,30.45,,,,483.96,388.5,342.29,-114.0,-4.5,,,,,,,,,,
1787857200000,2026-08-27 19:00:00,,,,,,,,,,,,25.302000045776367,56.0,1011.5,15.896810531616211,0,10.99032211303711,121.60746002197266,0.019999999552965164,24.802000045776367,0.20399999618530273
1787860800000,2026-08-27 20:00:00,,,,,,,,,,,,24.302000045776367,58.0,1010.9000244140625,15.512032508850098,0,9.339207649230957,117.552734375,0.019999999552965164,23.802000045776367,0.2029999941587448
1787864400000,2026-08-27 21:00:00,,,,,,,,,,,,23.101999282836914,61.0,1010.5999755859375,15.17204761505127,0,9.904906272888184,109.09358978271484,0.009999999776482582,22.95199966430664,0.2029999941587448
1787868000000,2026-08-27 22:00:00,,,,,,,,,,,,22.50200080871582,62.0,1009.9000244140625,14.85947322845459,0,9.44957160949707,130.3644561767578,0.009999999776482582,22.302000045776367,0.2029999941587448
1787871099359,2026-08-27 22:51:39,,,,17.94,16.64,17.2,,,,-114.0,-1.2,,,,,,,,,,
1787871600000,2026-08-27 23:00:00,,,,,,,,,,,,21.851999282836914,65.0,1009.5,14.97860050201416,0,8.37338638305664,115.46331024169922,0.009999999776482582,21.902000427246094,0.2029999941587448
1787875200000,2026-08-28 00:00:00,,,,,,,,,,,,22.00200080871582,67.0,1009.5999755859375,15.593293190002441,0,5.315336227416992,118.30066680908203,0.009999999776482582,22.20199966430664,0.2070000022649765
1787878800000,2026-08-28 01:00:00,,,,,,,,,,,,21.20199966430664,71.0,1008.4000244140625,15.734795570373535,0,5.815978050231934,111.80147552490234,0.009999999776482582,21.802000045776367,0.20600000023841858
1787882400000,2026-08-28 02:00:00,,,,,,,,,,,,21.052000045776367,72.0,1008.5999755859375,15.809525489807129,0,5.154415607452393,167.90525817871094,0.009999999776482582,21.45199966430664,0.20600000023841858
1787885496634,2026-08-28 02:51:36,,,,17.73,17.02,17.2,,,,-109.0,-2.2,,,,,,,,,,
1787886000000,2026-08-28 03:00:00,,,,,,,,,,,,21.95199966430664,68.0,1008.7000122070312,15.777152061462402,0,9.826087951660156,171.5731201171875,0.009999999776482582,21.20199966430664,0.20600000023841858
1787889600000,2026-08-28 04:00:00,,,,,,,,,,,,21.25200080871582,73.0,1007.7000122070312,16.21791648864746,0.20000000298023224,6.130578517913818,130.2362823486328,0.009999999776482582,21.101999282836914,0.20600000023841858
1787893200000,2026-08-28 05:00:00,,,,,,,,,,,,21.152000427246094,76.0,1007.5999755859375,16.754709243774414,0,9.359999656677246,180.0,0.019999999552965164,20.902000427246094,0.20600000023841858
1787896800000,2026-08-28 06:00:00,,,,,,,,,,,,21.45199966430664,79.0,1007.9000244140625,17.6575984954834,0,12.646200180053711,184.8990020751953,0.019999999552965164,21.00200080871582,0.20600000023841858
1787900400000,2026-08-28 07:00:00,,,,,,,,,,,,22.052000045776367,78.0,1008.2999877929688,18.037626266479492,0,12.261157989501953,183.36639404296875,0.019999999552965164,21.50200080871582,0.20600000023841858
1787904000000,2026-08-28 08:00:00,,,,,,,,,,,,22.552000045776367,77.0,1008.4000244140625,18.31665802001953,0,11.620808601379395,196.18927001953125,0.029999999329447746,22.052000045776367,0.20600000023841858
1787907600000,2026-08-28 09:00:00,,,,,,,,,,,,23.50200080871582,73.0,1008.5,18.382665634155273,0,13.77911376953125,213.27490234375,0.03999999910593033,22.95199966430664,0.20600000023841858
1787911200000,2026-08-28 10:00:00,,,,,,,,,,,,23.052000045776367,76.0,1008.2000122070312,18.591766357421875,0,11.43531322479248,241.82150268554688,0.05000000447034836,23.552000045776367,0.20600000023841858
1787914800000,2026-08-28 11:00:00,,,,,,,,,,,,23.45199966430664,73.0,1007.7000122070312,18.334566116333008,0,11.525623321533203,231.3401641845703,0.05000000447034836,23.902000427246094,0.20600000023841858
1787918400000,2026-08-28 12:00:00,,,,,,,,,,,,23.302000045776367,74.0,1008.2000122070312,18.407203674316406,0,12.98497486114502,226.1232147216797,0.05000000447034836,24.302000045776367,0.20600000023841858
1787922000000,2026-08-28 13:00:00,,,,,,,,,,,,23.50200080871582,69.0,1008.2000122070312,17.48667335510254,0,14.578889846801758,237.09475708007812,0.05000000447034836,24.70199966430664,0.20499999821186066
1787925600000,2026-08-28 14:00:00,,,,,,,,,,,,21.25200080871582,84.0,1008.5999755859375,18.439167022705078,0.10000000149011612,15.509273529052734,248.1985321044922,0.03999999910593033,24.052000045776367,0.20499999821186066
1787929200000,2026-08-28 15:00:00,,,,,,,,,,,,22.25200080871582,68.0,1008.2000122070312,16.063325881958008,0,9.67322063446045,224.99989318847656,0.03999999910593033,23.652000427246094,0.20499999821186066
1787932800000,2026-08-28 16:00:00,,,,,,,,,,,,22.75200080871582,68.0,1008.2999877929688,16.540250778198242,0,12.574259757995605,256.75946044921875,0.07000000774860382,24.402000427246094,0.20499999821186066
1787936400000,2026-08-28 17:00:00,,,,,,,,,,,,19.601999282836914,63.0,1008.7999877929688,12.366561889648438,0.20000000298023224,14.777549743652344,272.7926330566406,0.05999999865889549,24.052000045776367,0.20499999821186066
1787940000000,2026-08-28 18:00:00,,,,,,,,,,,,19.70199966430664,59.0,1008.7999877929688,11.465336799621582,0,8.049844741821289,206.5649871826172,0.03999999910593033,22.25200080871582,0.20499999821186066
1787943088858,2026-08-28 18:51:28,25.12,17.25,30.7,,,,484.42,388.73,342.51,-109.0,-7.5,,,,,,,,,,
1787943600000,2026-08-28 19:00:00,,,,,,,,,,,,18.601999282836914,64.0,1009.0,11.659076690673828,0,6.618519306182861,202.3801727294922,0.019999999552965164,20.851999282836914,0.20499999821186066
1787947200000,2026-08-28 20:00:00,,,,,,,,,,,,18.101999282836914,66.0,1010.0,11.65036678314209,0,7.4215898513793945,194.03627014160156,0.019999999552965164,19.902000427246094,0.20499999821186066
1787950800000,2026-08-28 21:00:00,,,,,,,,,,,,17.70199966430664,71.0,1009.9000244140625,12.37720775604248,0,9.957108497619629,192.52879333496094,0.009999999776482582,19.25200080871582,0.20499999821186066
1787954400000,2026-08-28 22:00:00,,,,,,,,,,,,18.25200080871582,72.0,1009.7000122070312,13.119020462036133,0,11.384198188781738,214.69522094726562,0.019999999552965164,18.95199966430664,0.20499999821186066
1787957486158,2026-08-28 22:51:26,25.12,17.28,30.73,,,,484.42,388.76,342.54,-114.0,1.0,,,,,,,,,,
1787958000000,2026-08-28 23:00:00,,,,,,,,,,,,17.851999282836914,77.0,1010.4000244140625,13.764073371887207,0.10000000149011612,15.408671379089355,232.59457397460938,0.019999999552965164,18.902000427246094,0.20499999821186066
1787961600000,2026-08-29 00:00:00,,,,,,,,,,,,17.052000045776367,78.0,1011.0999755859375,13.186524391174316,0,7.5170207023620605,196.69932556152344,0.009999999776482582,18.50200080871582,0.23999999463558197
1787965200000,2026-08-29 01:00:00,,,,,,,,,,,,16.902000427246094,79.0,1011.2999877929688,13.23612117767334,0,12.594856262207031,210.96368408203125,0.009999999776482582,18.152000427246094,0.23999999463558197
1787968800000,2026-08-29 02:00:00,,,,,,,,,,,,16.552000045776367,79.0,1011.2000122070312,12.895916938781738,0,14.29159164428711,229.08570861816406,0.009999999776482582,17.802000045776367,0.23999999463558197
1787972400000,2026-08-29 03:00:00,,,,,,,,,,,,16.20199966430664,80.0,1011.0999755859375,12.747681617736816,0,14.007655143737793,205.9064483642578,0.009999999776482582,17.351999282836914,0.23899999260902405
1787976000000,2026-08-29 04:00:00,,,,,,,,,,,,15.902000427246094,80.0,1010.7999877929688,12.455621719360352,0,12.768586158752441,201.50149536132812,0.009999999776482582,17.052000045776367,0.23899999260902405
1787979600000,2026-08-29 05:00:00,,,,,,,,,,,,16.152000427246094,78.0,1011.0,12.313033103942871,0,13.281023025512695,212.8285369873047,0.009999999776482582,16.802000045776367,0.23800000548362732
1787983200000,2026-08-29 06:00:00,,,,,,,,,,,,16.802000045776367,74.0,1011.0999755859375,12.141109466552734,0,13.479582786560059,214.11451721191406,0.019999999552965164,17.052000045776367,0.23800000548362732
1787986800000,2026-08-29 07:00:00,,,,,,,,,,,,17.902000427246094,70.0,1011.4000244140625,12.352952003479004,0,14.689587593078613,216.0274658203125,0.029999999329447746,18.00200080871582,0.2370000034570694
1787990400000,2026-08-29 08:00:00,,,,,,,,,,,,19.851999282836914,62.0,1011.5,12.35909366607666,0,18.118410110473633,220.97164916992188,0.05000000447034836,19.70199966430664,0.23600000143051147
1787994000000,2026-08-29 09:00:00,,,,,,,,,,,,21.20199966430664,58.0,1011.5,12.61142349243164,0,21.43738555908203,229.08570861816406,0.07999999821186066,21.652000427246094,0.23600000143051147
1787997600000,2026-08-29 10:00:00,,,,,,,,,,,,21.95199966430664,52.0,1011.5999755859375,11.648970603942871,0,21.900903701782227,244.6986541748047,0.07999999821186066,23.00200080871582,0.23499999940395355
