eui,event_time,event_type,month,doy,vwc_p05-10,vwc_p95-10,dyn_range-10,vwc_p05-30,vwc_p95-30,dyn_range-30,vwc_p05-45,vwc_p95-45,dyn_range-45,pre_vwc-10,peak_vwc-10,delta_vwc-10,delta_pct_dyn-10,t_peak_min-10,dry_h-10,temp_sum-10,pre_vwc-30,peak_vwc-30,delta_vwc-30,delta_pct_dyn-30,t_peak_min-30,dry_h-30,temp_sum-30,pre_vwc-45,peak_vwc-45,delta_vwc-45,delta_pct_dyn-45,t_peak_min-45,dry_h-45,temp_sum-45,rain_pre24h_mm,rain_post24h_mm,rain_pre72h_mm,rain_post72h_mm
8C1F640980000060,2023-05-11 12:00:00,IRRIGATION,5,131,21.79,40.06,18.28,22.81,38.7,15.88,18.97,33.74,14.77,14.66,22.95,8.29,45.4,270.0,,,18.5,24.93,6.43,40.5,270.0,,,15.06,19.98,4.92,33.3,330.0,,,0.0,0.0,0.0,0.0
8C1F640980000060,2023-05-15 08:30:00,IRRIGATION,5,135,21.79,40.06,18.28,22.81,38.7,15.88,18.97,33.74,14.77,17.94,23.01,5.07,27.8,210.0,63.5,,19.65,25.68,6.03,38.0,210.0,60.5,,15.83,21.32,5.49,37.2,210.0,61.5,,0.0,0.0,0.0,0.0
8C1F640980000060,2023-05-25 07:00:00,IRRIGATION,5,145,21.79,40.06,18.28,22.81,38.7,15.88,18.97,33.74,14.77,13.75,27.9,14.14,77.4,210.0,112.0,,15.5,36.06,20.56,129.5,210.0,128.0,,13.13,29.38,16.25,110.0,210.0,129.0,,0.0,0.0,0.0,0.0
8C1F640980000060,2023-07-27 04:00:00,IRRIGATION,7,208,21.79,40.06,18.28,22.81,38.7,15.88,18.97,33.74,14.77,25.43,36.67,11.24,61.5,210.0,41.5,,25.89,39.42,13.53,85.2,210.0,,,17.12,34.36,17.23,116.7,210.0,,,0.0,0.0,0.0,0.0
8C1F640980000060,2023-08-11 03:30:00,IRRIGATION,8,223,21.79,40.06,18.28,22.81,38.7,15.88,18.97,33.74,14.77,26.55,36.7,10.15,55.5,330.0,144.5,,33.65,39.51,5.86,36.9,210.0,145.5,,28.16,34.5,6.34,43.0,210.0,139.5,,0.0,0.0,0.0,0.0
8C1F640980000060,2023-08-14 08:30:00,IRRIGATION,8,226,21.79,40.06,18.28,22.81,38.7,15.88,18.97,33.74,14.77,28.75,34.33,5.58,30.5,210.0,34.5,,35.03,38.79,3.76,23.6,210.0,41.5,,29.27,33.23,3.95,26.8,210.0,36.5,,0.0,0.0,0.0,0.0
8C1F640980000060,2023-09-04 08:30:00,IRRIGATION,9,247,21.79,40.06,18.28,22.81,38.7,15.88,18.97,33.74,14.77,19.89,34.18,14.29,78.1,210.0,,,23.92,37.94,14.02,88.3,210.0,,,19.79,31.79,12.0,81.3,210.0,,,0.0,0.0,0.0,0.0
8C1F640980000060,2023-09-06 08:00:00,IRRIGATION,9,249,21.79,40.06,18.28,22.81,38.7,15.88,18.97,33.74,14.77,28.25,37.19,8.94,48.9,210.0,41.5,,32.91,39.22,6.3,39.7,210.0,44.5,,27.37,34.82,7.45,50.4,210.0,40.5,,0.0,0.0,0.0,0.0
8C1F640980000060,2023-09-12 03:30:00,IRRIGATION,9,255,21.79,40.06,18.28,22.81,38.7,15.88,18.97,33.74,14.77,26.59,37.28,10.69,58.5,210.0,137.0,,29.48,38.54,9.06,57.1,210.0,99.0,,23.99,32.58,8.59,58.2,210.0,98.0,,0.0,0.0,0.0,0.0
8C1F640980000060,2023-09-28 03:00:00,IRRIGATION,9,271,21.79,40.06,18.28,22.81,38.7,15.88,18.97,33.74,14.77,20.09,40.0,19.91,108.9,210.0,,,20.65,40.3,19.65,123.7,210.0,,,16.79,36.84,20.06,135.8,210.0,,,0.0,0.0,0.0,0.0
8C1F640980000060,2023-10-10 02:00:00,IRRIGATION,10,283,21.79,40.06,18.28,22.81,38.7,15.88,18.97,33.74,14.77,22.89,37.33,14.44,79.0,210.0,,,22.3,36.55,14.24,89.7,210.0,,,19.19,30.03,10.84,73.4,210.0,,,0.0,0.0,0.0,0.0
8C1F640980000060,2023-10-27 04:00:00,IRRIGATION,10,300,21.79,40.06,18.28,22.81,38.7,15.88,18.97,33.74,14.77,27.13,35.86,8.73,47.8,210.0,,,24.61,35.04,10.43,65.7,210.0,,,20.38,28.71,8.33,56.4,210.0,,,0.0,0.0,0.0,0.0
8C1F640980000060,2024-01-22 22:30:00,IRRIGATION,1,22,21.79,40.06,18.28,22.81,38.7,15.88,18.97,33.74,14.77,29.89,34.03,4.14,22.6,150.0,18.0,,27.53,33.39,5.86,36.9,150.0,152.5,,22.86,26.4,3.54,24.0,210.0,,,0.0,0.0,0.0,0.0
8C1F640980000060,2024-04-15 04:00:00,IRRIGATION,4,106,21.79,40.06,18.28,22.81,38.7,15.88,18.97,33.74,14.77,33.48,40.57,7.09,38.8,210.0,,,30.33,39.29,8.96,56.4,210.0,,,24.38,32.72,8.34,56.5,210.0,,,2.87,4.5,2.87,13.5
8C1F640980000060,2024-04-29 04:30:00,IRRIGATION,4,120,21.79,40.06,18.28,22.81,38.7,15.88,18.97,33.74,14.77,37.19,41.27,4.08,22.3,210.0,157.5,2549.5,34.72,40.2,5.48,34.5,210.0,99.0,1759.3,27.09,34.85,7.77,52.6,210.0,133.0,2194.8,0.02,0.0,0.41,0.0
8C1F640980000060,2024-05-15 05:00:00,IRRIGATION,5,136,21.79,40.06,18.28,22.81,38.7,15.88,18.97,33.74,14.77,31.61,42.06,10.46,57.2,210.0,,,28.8,40.98,12.18,76.7,210.0,,,25.52,38.3,12.77,86.5,210.0,,,0.0,0.0,0.0,20.24
8C1F640980000060,2024-05-28 07:30:00,IRRIGATION,5,149,21.79,40.06,18.28,22.81,38.7,15.88,18.97,33.74,14.77,32.77,40.73,7.96,43.5,210.0,,17.9,28.34,39.52,11.18,70.4,210.0,,17.9,26.13,35.52,9.39,63.6,210.0,,17.9,6.7,0.0,10.5,18.07
8C1F640980000060,2024-06-21 04:00:00,IRRIGATION,6,173,21.79,40.06,18.28,22.81,38.7,15.88,18.97,33.74,14.77,22.24,40.29,18.05,98.7,210.0,,,21.77,39.34,17.57,110.6,210.0,,,18.54,35.2,16.67,112.8,210.0,,,0.3,22.87,21.83,26.07
8C1F640980000060,2024-06-25 04:00:00,IRRIGATION,6,177,21.79,40.06,18.28,22.81,38.7,15.88,18.97,33.74,14.77,33.53,39.66,6.13,33.6,210.0,116.0,2665.8,32.34,39.26,6.91,43.5,210.0,85.5,1925.5,28.11,35.47,7.36,49.9,210.0,65.5,1471.9,0.0,0.0,3.2,9.7
8C1F640980000060,2024-07-23 08:00:00,IRRIGATION,7,205,21.79,40.06,18.28,22.81,38.7,15.88,18.97,33.74,14.77,20.27,40.22,19.95,109.2,210.0,,,20.81,39.52,18.71,117.8,210.0,,,16.89,36.06,19.17,129.8,210.0,,,0.0,3.7,2.9,3.7
8C1F640980000060,2024-08-02 00:30:00,IRRIGATION,8,215,21.79,40.06,18.28,22.81,38.7,15.88,18.97,33.74,14.77,35.48,40.91,5.43,29.7,30.0,98.5,1972.4,29.01,40.22,11.21,70.6,150.0,,18.6,23.83,29.69,5.86,39.7,960.0,,,26.31,8.25,28.4,15.83
8C1F640980000060,2024-08-08 03:00:00,IRRIGATION,8,221,21.79,40.06,18.28,22.81,38.7,15.88,18.97,33.74,14.77,34.77,40.59,5.83,31.9,210.0,120.0,2716.1,33.27,40.01,6.74,42.4,210.0,133.0,3103.8,25.88,36.31,10.44,70.6,210.0,159.5,3794.1,5.75,0.5,5.75,0.5
8C1F640980000060,2024-08-23 03:00:00,IRRIGATION,8,236,21.79,40.06,18.28,22.81,38.7,15.88,18.97,33.74,14.77,26.7,41.64,14.94,81.7,210.0,,,27.38,40.33,12.95,81.5,210.0,,,21.89,37.48,15.59,105.6,210.0,,,0.0,0.0,0.0,4.86
8C1F640980000060,2024-08-27 01:30:00,IRRIGATION,8,240,21.79,40.06,18.28,22.81,38.7,15.88,18.97,33.74,14.77,34.45,42.01,7.56,41.4,210.0,89.5,2094.6,33.68,40.78,7.1,44.7,210.0,85.0,2000.7,27.93,38.26,10.33,69.9,210.0,84.0,1972.9,0.0,0.0,4.86,0.0
8C1F640980000060,2024-09-23 03:00:00,IRRIGATION,9,267,21.79,40.06,18.28,22.81,38.7,15.88,18.97,33.74,14.77,26.66,41.99,15.33,83.9,1020.0,,16.1,24.22,40.28,16.06,101.1,210.0,,,18.91,36.46,17.55,118.8,210.0,,,1.4,13.68,1.4,37.73
8C1F640980000060,2024-09-26 02:30:00,IRRIGATION,9,270,21.79,40.06,18.28,22.81,38.7,15.88,18.97,33.74,14.77,37.83,41.67,3.84,21.0,150.0,62.0,892.8,37.14,40.37,3.23,20.3,150.0,58.0,848.9,31.13,35.79,4.66,31.6,270.0,60.0,866.1,10.5,16.48,24.63,18.23
8C1F640980000060,2024-10-01 04:30:00,IRRIGATION,10,275,21.79,40.06,18.28,22.81,38.7,15.88,18.97,33.74,14.77,35.05,40.84,5.79,31.7,210.0,,13.8,35.05,39.94,4.89,30.8,210.0,,13.8,29.7,36.79,7.09,48.0,210.0,141.5,1487.7,6.33,7.52,7.18,20.65
8C1F640980000060,2025-04-22 06:00:00,IRRIGATION,4,112,21.79,40.06,18.28,22.81,38.7,15.88,18.97,33.74,14.77,28.52,40.58,12.05,65.9,210.0,,,29.26,39.29,10.03,63.2,210.0,,,24.91,34.53,9.62,65.1,210.0,,,0.4,0.0,1.3,7.13
8C1F640980000060,2025-05-05 09:00:00,IRRIGATION,5,125,21.79,40.06,18.28,22.81,38.7,15.88,18.97,33.74,14.77,26.1,41.11,15.01,82.1,210.0,160.0,1907.4,24.77,39.44,14.67,92.4,210.0,153.0,1833.9,22.01,34.71,12.7,86.0,210.0,,,0.0,0.02,13.02,0.02
8C1F640980000060,2025-05-12 05:00:00,IRRIGATION,5,132,21.79,40.06,18.28,22.81,38.7,15.88,18.97,33.74,14.77,27.68,40.91,13.22,72.3,210.0,104.5,1504.1,25.96,39.35,13.39,84.3,210.0,101.5,1453.3,23.57,34.56,10.99,74.4,210.0,104.5,1504.1,0.0,0.0,0.0,0.0
8C1F640980000060,2025-05-21 02:00:00,IRRIGATION,5,141,21.79,40.06,18.28,22.81,38.7,15.88,18.97,33.74,14.77,25.02,47.25,22.23,121.6,210.0,,,23.88,46.12,22.23,140.0,210.0,,,20.68,44.46,23.78,161.0,210.0,,,0.0,1.54,0.0,1.54
8C1F640980000060,2025-06-05 02:30:00,IRRIGATION,6,156,21.79,40.06,18.28,22.81,38.7,15.88,18.97,33.74,14.77,30.46,45.05,14.58,79.8,210.0,151.5,2502.6,27.12,43.33,16.21,102.1,210.0,146.0,2403.9,24.02,41.71,17.7,119.8,210.0,145.0,2386.9,18.92,0.68,45.65,3.76
8C1F640980000060,2025-06-20 04:00:00,IRRIGATION,6,171,21.79,40.06,18.28,22.81,38.7,15.88,18.97,33.74,14.77,27.54,43.72,16.18,88.5,210.0,95.0,2138.1,25.32,42.36,17.04,107.3,210.0,97.0,2181.9,21.05,40.17,19.12,129.5,210.0,102.5,2336.9,0.0,0.0,0.0,3.99
8C1F640980000060,2025-06-25 04:30:00,IRRIGATION,6,176,21.79,40.06,18.28,22.81,38.7,15.88,18.97,33.74,14.77,28.77,43.11,14.34,78.4,210.0,96.0,2266.5,26.62,41.43,14.81,93.3,210.0,108.5,2624.8,22.25,38.94,16.69,113.0,210.0,104.5,2508.7,0.0,0.0,3.99,5.6
8C1F640980000060,2025-06-26 06:00:00,IRRIGATION,6,177,21.79,40.06,18.28,22.81,38.7,15.88,18.97,33.74,14.77,39.77,46.89,7.12,39.0,150.0,13.5,356.4,38.64,44.99,6.35,40.0,150.0,13.5,356.4,33.37,39.37,6.0,40.6,210.0,17.5,422.0,0.0,1.59,0.0,5.6
8C1F640980000060,2025-07-01 09:30:00,IRRIGATION,7,182,21.79,40.06,18.28,22.81,38.7,15.88,18.97,33.74,14.77,28.46,43.49,15.03,82.2,210.0,64.5,1677.1,26.93,41.92,15.0,94.4,210.0,73.0,1895.1,22.19,39.11,16.92,114.6,210.0,76.0,1976.8,0.0,0.32,0.0,0.53
8C1F640980000060,2025-07-09 07:00:00,IRRIGATION,7,190,21.79,40.06,18.28,22.81,38.7,15.88,18.97,33.74,14.77,26.4,45.76,19.36,105.9,210.0,113.0,2255.0,26.02,45.11,19.09,120.2,210.0,104.0,2094.1,20.92,40.59,19.67,133.2,210.0,122.5,2479.3,0.1,0.0,6.4,0.0
8C1F640980000060,2025-07-15 04:00:00,IRRIGATION,7,196,21.79,40.06,18.28,22.81,38.7,15.88,18.97,33.74,14.77,28.13,43.51,15.38,84.1,210.0,,,27.17,41.81,14.64,92.2,210.0,,,22.52,39.17,16.66,112.8,210.0,163.5,3393.0,3.5,0.6,5.45,7.9
8C1F640980000060,2025-07-29 09:30:00,IRRIGATION,7,210,21.79,40.06,18.28,22.81,38.7,15.88,18.97,33.74,14.77,29.3,43.14,13.84,75.7,210.0,,20.6,27.41,41.39,13.98,88.1,210.0,,20.6,22.3,38.77,16.47,111.5,210.0,,20.6,2.35,9.49,16.25,35.54
8C1F640980000060,2025-08-06 05:00:00,IRRIGATION,8,218,21.79,40.06,18.28,22.81,38.7,15.88,18.97,33.74,14.77,36.68,45.16,8.48,46.4,210.0,64.5,1227.6,32.5,43.28,10.78,67.9,210.0,79.5,1227.6,27.76,41.0,13.24,89.6,210.0,97.0,1227.6,0.6,0.0,5.42,0.0
8C1F640980000060,2025-08-12 08:00:00,IRRIGATION,8,224,21.79,40.06,18.28,22.81,38.7,15.88,18.97,33.74,14.77,29.54,44.63,15.1,82.6,210.0,67.0,1697.4,28.81,42.94,14.13,89.0,210.0,64.5,1655.1,25.27,40.61,15.34,103.9,210.0,69.0,1749.7,0.0,0.0,0.0,0.0
8C1F640980000060,2025-08-27 08:30:00,IRRIGATION,8,239,21.79,40.06,18.28,22.81,38.7,15.88,18.97,33.74,14.77,25.6,44.16,18.56,101.5,210.0,,26.2,24.91,42.57,17.66,111.2,210.0,,26.2,20.31,40.21,19.9,134.7,210.0,,26.2,0.9,1.95,0.9,14.03
8C1F640980000060,2025-09-08 06:00:00,IRRIGATION,9,251,21.79,40.06,18.28,22.81,38.7,15.88,18.97,33.74,14.77,32.41,44.64,12.23,66.9,210.0,,,27.76,42.67,14.91,93.9,210.0,,,22.23,40.09,17.86,120.9,210.0,,,0.0,0.0,0.0,5.1
8C1F640980000060,2025-10-17 04:30:00,IRRIGATION,10,290,21.79,40.06,18.28,22.81,38.7,15.88,18.97,33.74,14.77,29.81,42.31,12.5,68.4,210.0,,9.7,27.91,40.65,12.74,80.3,210.0,,9.7,23.68,38.34,14.66,99.3,210.0,,9.7,0.0,0.0,0.2,0.9
8C1F640980000060,2026-04-15 03:30:00,IRRIGATION,4,105,21.79,40.06,18.28,22.81,38.7,15.88,18.97,33.74,14.77,34.42,43.45,9.03,49.4,210.0,,7.5,33.78,42.09,8.31,52.3,210.0,,7.5,29.07,39.88,10.81,73.2,210.0,,7.5,0.4,0.1,9.9,0.1
8C1F640980000060,2026-04-28 07:30:00,IRRIGATION,4,118,21.79,40.06,18.28,22.81,38.7,15.88,18.97,33.74,14.77,29.57,42.17,12.6,68.9,210.0,92.0,1146.2,29.44,40.75,11.31,71.2,210.0,96.0,1226.4,26.37,38.34,11.98,81.1,210.0,107.5,1465.5,0.0,0.0,0.0,0.0
8C1F640980000060,2026-05-05 08:00:00,IRRIGATION,5,125,21.79,40.06,18.28,22.81,38.7,15.88,18.97,33.74,14.77,28.45,44.09,15.65,85.6,210.0,,,27.67,42.51,14.84,93.5,210.0,,,25.27,40.55,15.28,103.5,210.0,,,0.2,2.9,0.3,10.3
8C1F640980000060,2026-05-11 05:30:00,IRRIGATION,5,131,21.79,40.06,18.28,22.81,38.7,15.88,18.97,33.74,14.77,32.36,44.86,12.5,68.4,210.0,83.5,807.9,29.83,43.39,13.56,85.4,210.0,104.0,998.1,27.67,41.43,13.76,93.2,210.0,114.0,1069.2,4.0,4.2,4.0,8.8
8C1F640980000060,2026-05-21 02:30:00,IRRIGATION,5,141,21.79,40.06,18.28,22.81,38.7,15.88,18.97,33.74,14.77,31.5,47.18,15.68,85.8,210.0,61.5,1185.8,27.16,46.12,18.96,119.4,210.0,141.5,2998.5,24.16,42.72,18.56,125.7,210.0,130.0,2758.1,3.9,0.0,10.6,0.0
8C1F640980000060,2026-05-27 04:00:00,IRRIGATION,5,147,21.79,40.06,18.28,22.81,38.7,15.88,18.97,33.74,14.77,29.89,45.37,15.48,84.7,210.0,89.0,1874.3,29.11,43.54,14.43,90.9,210.0,96.0,1996.2,25.48,41.92,16.44,111.3,210.0,104.5,2214.0,0.0,0.0,0.0,0.0
8C1F640980000060,2026-06-03 02:30:00,IRRIGATION,6,154,21.79,40.06,18.28,22.81,38.7,15.88,18.97,33.74,14.77,29.56,44.98,15.41,84.3,210.0,86.0,1444.2,29.15,43.86,14.71,92.6,210.0,88.0,1477.0,25.34,42.4,17.05,115.5,210.0,106.5,1800.1,5.9,0.1,20.3,3.6
8C1F640980000060,2026-06-17 09:30:00,IRRIGATION,6,168,21.79,40.06,18.28,22.81,38.7,15.88,18.97,33.74,14.77,27.09,43.44,16.35,89.4,210.0,,26.7,26.96,42.11,15.14,95.4,210.0,,26.7,23.2,40.41,17.21,116.6,210.0,,26.7,8.6,0.0,10.7,0.3
8C1F640980000060,2026-06-22 03:00:00,IRRIGATION,6,173,21.79,40.06,18.28,22.81,38.7,15.88,18.97,33.74,14.77,28.95,46.34,17.39,95.1,210.0,132.0,3760.4,29.13,45.92,16.79,105.7,210.0,128.0,3608.5,24.95,45.08,20.12,136.3,210.0,133.0,3794.6,25.8,0.7,26.1,0.7
8C1F640980000060,2026-06-25 05:00:00,IRRIGATION,6,176,21.79,40.06,18.28,22.81,38.7,15.88,18.97,33.74,14.77,31.14,45.97,14.83,81.1,210.0,37.5,1172.3,31.61,45.07,13.46,84.8,210.0,35.5,1118.0,29.19,43.84,14.65,99.2,210.0,36.5,1145.9,0.0,0.0,0.7,0.0
8C1F640980000060,2026-07-09 07:30:00,IRRIGATION,7,190,21.79,40.06,18.28,22.81,38.7,15.88,18.97,33.74,14.77,26.08,44.12,18.04,98.7,210.0,,23.0,26.73,42.66,15.93,100.3,210.0,,23.0,22.33,40.87,18.54,125.5,210.0,,23.0,0.0,0.0,0.0,0.0
8C1F640980000060,2026-07-13 05:30:00,IRRIGATION,7,194,21.79,40.06,18.28,22.81,38.7,15.88,18.97,33.74,14.77,28.91,46.94,18.03,98.7,210.0,,27.9,29.47,46.6,17.13,107.9,210.0,120.5,2804.9,25.39,45.86,20.46,138.6,210.0,120.5,2804.9,0.0,0.0,0.0,23.5
8C1F640980000060,2026-07-14 14:00:00,IRRIGATION,7,195,21.79,40.06,18.28,22.81,38.7,15.88,18.97,33.74,14.77,38.21,45.97,7.76,42.5,90.0,44.0,951.9,37.69,43.62,5.93,37.4,210.0,44.0,969.1,35.55,41.61,6.06,41.1,240.0,44.5,993.5,8.7,14.7,8.7,19.9
8C1F640980000060,2023-05-25 07:00:00,IRRIGATION_STRONG,5,145,21.79,40.06,18.28,22.81,38.7,15.88,18.97,33.74,14.77,13.75,27.9,14.14,77.4,210.0,112.0,,15.5,36.06,20.56,129.5,210.0,128.0,,13.13,29.38,16.25,110.0,210.0,129.0,,0.0,0.0,0.0,0.0
8C1F640980000060,2023-09-04 08:30:00,IRRIGATION_STRONG,9,247,21.79,40.06,18.28,22.81,38.7,15.88,18.97,33.74,14.77,19.89,34.18,14.29,78.1,210.0,,,23.92,37.94,14.02,88.3,210.0,,,19.79,31.79,12.0,81.3,210.0,,,0.0,0.0,0.0,0.0
8C1F640980000060,2023-09-28 03:00:00,IRRIGATION_STRONG,9,271,21.79,40.06,18.28,22.81,38.7,15.88,18.97,33.74,14.77,20.09,40.0,19.91,108.9,210.0,,,20.65,40.3,19.65,123.7,210.0,,,16.79,36.84,20.06,135.8,210.0,,,0.0,0.0,0.0,0.0
8C1F640980000060,2023-10-10 02:00:00,IRRIGATION_STRONG,10,283,21.79,40.06,18.28,22.81,38.7,15.88,18.97,33.74,14.77,22.89,37.33,14.44,79.0,210.0,,,22.3,36.55,14.24,89.7,210.0,,,19.19,30.03,10.84,73.4,210.0,,,0.0,0.0,0.0,0.0
8C1F640980000060,2024-06-21 04:00:00,IRRIGATION_STRONG,6,173,21.79,40.06,18.28,22.81,38.7,15.88,18.97,33.74,14.77,22.24,40.29,18.05,98.7,210.0,,,21.77,39.34,17.57,110.6,210.0,,,18.54,35.2,16.67,112.8,210.0,,,0.3,22.87,21.83,26.07
8C1F640980000060,2024-07-23 08:00:00,IRRIGATION_STRONG,7,205,21.79,40.06,18.28,22.81,38.7,15.88,18.97,33.74,14.77,20.27,40.22,19.95,109.2,210.0,,,20.81,39.52,18.71,117.8,210.0,,,16.89,36.06,19.17,129.8,210.0,,,0.0,3.7,2.9,3.7
8C1F640980000060,2024-08-23 03:00:00,IRRIGATION_STRONG,8,236,21.79,40.06,18.28,22.81,38.7,15.88,18.97,33.74,14.77,26.7,41.64,14.94,81.7,210.0,,,27.38,40.33,12.95,81.5,210.0,,,21.89,37.48,15.59,105.6,210.0,,,0.0,0.0,0.0,4.86
8C1F640980000060,2024-09-23 03:00:00,IRRIGATION_STRONG,9,267,21.79,40.06,18.28,22.81,38.7,15.88,18.97,33.74,14.77,26.66,41.99,15.33,83.9,1020.0,,16.1,24.22,40.28,16.06,101.1,210.0,,,18.91,36.46,17.55,118.8,210.0,,,1.4,13.68,1.4,37.73
8C1F640980000060,2025-05-05 09:00:00,IRRIGATION_STRONG,5,125,21.79,40.06,18.28,22.81,38.7,15.88,18.97,33.74,14.77,26.1,41.11,15.01,82.1,210.0,160.0,1907.4,24.77,39.44,14.67,92.4,210.0,153.0,1833.9,22.01,34.71,12.7,86.0,210.0,,,0.0,0.02,13.02,0.02
8C1F640980000060,2025-05-12 05:00:00,IRRIGATION_STRONG,5,132,21.79,40.06,18.28,22.81,38.7,15.88,18.97,33.74,14.77,27.68,40.91,13.22,72.3,210.0,104.5,1504.1,25.96,39.35,13.39,84.3,210.0,101.5,1453.3,23.57,34.56,10.99,74.4,210.0,104.5,1504.1,0.0,0.0,0.0,0.0
8C1F640980000060,2025-05-21 02:00:00,IRRIGATION_STRONG,5,141,21.79,40.06,18.28,22.81,38.7,15.88,18.97,33.74,14.77,25.02,47.25,22.23,121.6,210.0,,,23.88,46.12,22.23,140.0,210.0,,,20.68,44.46,23.78,161.0,210.0,,,0.0,1.54,0.0,1.54
8C1F640980000060,2025-06-05 02:30:00,IRRIGATION_STRONG,6,156,21.79,40.06,18.28,22.81,38.7,15.88,18.97,33.74,14.77,30.46,45.05,14.58,79.8,210.0,151.5,2502.6,27.12,43.33,16.21,102.1,210.0,146.0,2403.9,24.02,41.71,17.7,119.8,210.0,145.0,2386.9,18.92,0.68,45.65,3.76
8C1F640980000060,2025-06-20 04:00:00,IRRIGATION_STRONG,6,171,21.79,40.06,18.28,22.81,38.7,15.88,18.97,33.74,14.77,27.54,43.72,16.18,88.5,210.0,95.0,2138.1,25.32,42.36,17.04,107.3,210.0,97.0,2181.9,21.05,40.17,19.12,129.5,210.0,102.5,2336.9,0.0,0.0,0.0,3.99
8C1F640980000060,2025-06-25 04:30:00,IRRIGATION_STRONG,6,176,21.79,40.06,18.28,22.81,38.7,15.88,18.97,33.74,14.77,28.77,43.11,14.34,78.4,210.0,96.0,2266.5,26.62,41.43,14.81,93.3,210.0,108.5,2624.8,22.25,38.94,16.69,113.0,210.0,104.5,2508.7,0.0,0.0,3.99,5.6
8C1F640980000060,2025-07-01 09:30:00,IRRIGATION_STRONG,7,182,21.79,40.06,18.28,22.81,38.7,15.88,18.97,33.74,14.77,28.46,43.49,15.03,82.2,210.0,64.5,1677.1,26.93,41.92,15.0,94.4,210.0,73.0,1895.1,22.19,39.11,16.92,114.6,210.0,76.0,1976.8,0.0,0.32,0.0,0.53
8C1F640980000060,2025-07-09 07:00:00,IRRIGATION_STRONG,7,190,21.79,40.06,18.28,22.81,38.7,15.88,18.97,33.74,14.77,26.4,45.76,19.36,105.9,210.0,113.0,2255.0,26.02,45.11,19.09,120.2,210.0,104.0,2094.1,20.92,40.59,19.67,133.2,210.0,122.5,2479.3,0.1,0.0,6.4,0.0
8C1F640980000060,2025-07-15 04:00:00,IRRIGATION_STRONG,7,196,21.79,40.06,18.28,22.81,38.7,15.88,18.97,33.74,14.77,28.13,43.51,15.38,84.1,210.0,,,27.17,41.81,14.64,92.2,210.0,,,22.52,39.17,16.66,112.8,210.0,163.5,3393.0,3.5,0.6,5.45,7.9
8C1F640980000060,2025-07-29 09:30:00,IRRIGATION_STRONG,7,210,21.79,40.06,18.28,22.81,38.7,15.88,18.97,33.74,14.77,29.3,43.14,13.84,75.7,210.0,,20.6,27.41,41.39,13.98,88.1,210.0,,20.6,22.3,38.77,16.47,111.5,210.0,,20.6,2.35,9.49,16.25,35.54
8C1F640980000060,2025-08-12 08:00:00,IRRIGATION_STRONG,8,224,21.79,40.06,18.28,22.81,38.7,15.88,18.97,33.74,14.77,29.54,44.63,15.1,82.6,210.0,67.0,1697.4,28.81,42.94,14.13,89.0,210.0,64.5,1655.1,25.27,40.61,15.34,103.9,210.0,69.0,1749.7,0.0,0.0,0.0,0.0
8C1F640980000060,2025-08-27 08:30:00,IRRIGATION_STRONG,8,239,21.79,40.06,18.28,22.81,38.7,15.88,18.97,33.74,14.77,25.6,44.16,18.56,101.5,210.0,,26.2,24.91,42.57,17.66,111.2,210.0,,26.2,20.31,40.21,19.9,134.7,210.0,,26.2,0.9,1.95,0.9,14.03
8C1F640980000060,2025-10-17 04:30:00,IRRIGATION_STRONG,10,290,21.79,40.06,18.28,22.81,38.7,15.88,18.97,33.74,14.77,29.81,42.31,12.5,68.4,210.0,,9.7,27.91,40.65,12.74,80.3,210.0,,9.7,23.68,38.34,14.66,99.3,210.0,,9.7,0.0,0.0,0.2,0.9
8C1F640980000060,2026-04-28 07:30:00,IRRIGATION_STRONG,4,118,21.79,40.06,18.28,22.81,38.7,15.88,18.97,33.74,14.77,29.57,42.17,12.6,68.9,210.0,92.0,1146.2,29.44,40.75,11.31,71.2,210.0,96.0,1226.4,26.37,38.34,11.98,81.1,210.0,107.5,1465.5,0.0,0.0,0.0,0.0
8C1F640980000060,2026-05-05 08:00:00,IRRIGATION_STRONG,5,125,21.79,40.06,18.28,22.81,38.7,15.88,18.97,33.74,14.77,28.45,44.09,15.65,85.6,210.0,,,27.67,42.51,14.84,93.5,210.0,,,25.27,40.55,15.28,103.5,210.0,,,0.2,2.9,0.3,10.3
8C1F640980000060,2026-05-11 05:30:00,IRRIGATION_STRONG,5,131,21.79,40.06,18.28,22.81,38.7,15.88,18.97,33.74,14.77,32.36,44.86,12.5,68.4,210.0,83.5,807.9,29.83,43.39,13.56,85.4,210.0,104.0,998.1,27.67,41.43,13.76,93.2,210.0,114.0,1069.2,4.0,4.2,4.0,8.8
8C1F640980000060,2026-05-21 02:30:00,IRRIGATION_STRONG,5,141,21.79,40.06,18.28,22.81,38.7,15.88,18.97,33.74,14.77,31.5,47.18,15.68,85.8,210.0,61.5,1185.8,27.16,46.12,18.96,119.4,210.0,141.5,2998.5,24.16,42.72,18.56,125.7,210.0,130.0,2758.1,3.9,0.0,10.6,0.0
8C1F640980000060,2026-05-27 04:00:00,IRRIGATION_STRONG,5,147,21.79,40.06,18.28,22.81,38.7,15.88,18.97,33.74,14.77,29.89,45.37,15.48,84.7,210.0,89.0,1874.3,29.11,43.54,14.43,90.9,210.0,96.0,1996.2,25.48,41.92,16.44,111.3,210.0,104.5,2214.0,0.0,0.0,0.0,0.0
8C1F640980000060,2026-06-03 02:30:00,IRRIGATION_STRONG,6,154,21.79,40.06,18.28,22.81,38.7,15.88,18.97,33.74,14.77,29.56,44.98,15.41,84.3,210.0,86.0,1444.2,29.15,43.86,14.71,92.6,210.0,88.0,1477.0,25.34,42.4,17.05,115.5,210.0,106.5,1800.1,5.9,0.1,20.3,3.6
8C1F640980000060,2026-06-17 09:30:00,IRRIGATION_STRONG,6,168,21.79,40.06,18.28,22.81,38.7,15.88,18.97,33.74,14.77,27.09,43.44,16.35,89.4,210.0,,26.7,26.96,42.11,15.14,95.4,210.0,,26.7,23.2,40.41,17.21,116.6,210.0,,26.7,8.6,0.0,10.7,0.3
8C1F640980000060,2026-06-22 03:00:00,IRRIGATION_STRONG,6,173,21.79,40.06,18.28,22.81,38.7,15.88,18.97,33.74,14.77,28.95,46.34,17.39,95.1,210.0,132.0,3760.4,29.13,45.92,16.79,105.7,210.0,128.0,3608.5,24.95,45.08,20.12,136.3,210.0,133.0,3794.6,25.8,0.7,26.1,0.7
8C1F640980000060,2026-06-25 05:00:00,IRRIGATION_STRONG,6,176,21.79,40.06,18.28,22.81,38.7,15.88,18.97,33.74,14.77,31.14,45.97,14.83,81.1,210.0,37.5,1172.3,31.61,45.07,13.46,84.8,210.0,35.5,1118.0,29.19,43.84,14.65,99.2,210.0,36.5,1145.9,0.0,0.0,0.7,0.0
8C1F640980000060,2026-07-09 07:30:00,IRRIGATION_STRONG,7,190,21.79,40.06,18.28,22.81,38.7,15.88,18.97,33.74,14.77,26.08,44.12,18.04,98.7,210.0,,23.0,26.73,42.66,15.93,100.3,210.0,,23.0,22.33,40.87,18.54,125.5,210.0,,23.0,0.0,0.0,0.0,0.0
8C1F640980000060,2026-07-13 05:30:00,IRRIGATION_STRONG,7,194,21.79,40.06,18.28,22.81,38.7,15.88,18.97,33.74,14.77,28.91,46.94,18.03,98.7,210.0,,27.9,29.47,46.6,17.13,107.9,210.0,120.5,2804.9,25.39,45.86,20.46,138.6,210.0,120.5,2804.9,0.0,0.0,0.0,23.5
8C1F640980000060,2024-02-05 03:00:00,RAIN_ALL,2,36,21.79,40.06,18.28,22.81,38.7,15.88,18.97,33.74,14.77,30.2,30.25,0.05,0.2,600.0,2.0,52.3,28.23,28.29,0.06,0.4,600.0,2.0,52.3,23.21,23.3,0.08,0.6,1140.0,1.0,43.3,9.3,1.1,9.3,1.1
8C1F640980000060,2024-02-19 22:00:00,RAIN_ALL,2,50,21.79,40.06,18.28,22.81,38.7,15.88,18.97,33.74,14.77,33.7,34.48,0.78,4.3,1050.0,8.5,60.2,29.74,29.84,0.1,0.7,1050.0,3.0,23.1,24.36,24.4,0.04,0.3,810.0,3.0,27.3,2.57,1.42,5.92,9.28
8C1F640980000060,2024-02-22 07:00:00,RAIN_ALL,2,53,21.79,40.06,18.28,22.81,38.7,15.88,18.97,33.74,14.77,33.38,39.46,6.08,33.3,720.0,,10.4,29.6,34.07,4.47,28.1,780.0,,10.2,24.3,25.91,1.61,10.9,1410.0,,,7.35,0.91,10.84,0.91
8C1F640980000060,2024-03-16 15:00:00,RAIN_ALL,3,76,21.79,40.06,18.28,22.81,38.7,15.88,18.97,33.74,14.77,31.89,31.99,0.1,0.5,0.0,1.5,20.0,29.06,29.06,-0.0,-0.0,90.0,0.0,,23.15,23.23,0.08,0.5,1200.0,5.0,69.7,6.3,2.0,7.8,3.4
8C1F640980000060,2024-03-23 14:00:00,RAIN_ALL,3,83,21.79,40.06,18.28,22.81,38.7,15.88,18.97,33.74,14.77,30.17,30.2,0.03,0.2,0.0,0.5,7.9,28.73,28.92,0.2,1.2,150.0,13.0,44.2,23.05,23.16,0.11,0.7,1110.0,30.0,186.1,2.48,5.37,3.28,7.77
8C1F640980000060,2024-03-24 12:00:00,RAIN_ALL,3,84,21.79,40.06,18.28,22.81,38.7,15.88,18.97,33.74,14.77,29.53,29.67,0.14,0.8,0.0,0.5,7.2,28.66,28.64,-0.02,-0.1,30.0,0.0,,23.14,23.14,0.0,0.0,0.0,0.0,7.2,5.07,3.5,6.15,3.5
8C1F640980000060,2024-03-27 19:00:00,RAIN_ALL,3,87,21.79,40.06,18.28,22.81,38.7,15.88,18.97,33.74,14.77,28.81,31.36,2.55,13.9,1290.0,,,28.31,28.37,0.06,0.3,1290.0,4.0,27.4,22.72,22.77,0.05,0.3,1050.0,51.5,81.8,15.28,0.0,15.38,0.17
8C1F640980000060,2024-04-04 11:00:00,RAIN_ALL,4,95,21.79,40.06,18.28,22.81,38.7,15.88,18.97,33.74,14.77,30.3,30.95,0.65,3.6,300.0,,12.7,28.7,29.07,0.38,2.4,1230.0,,,22.96,23.04,0.08,0.5,1410.0,8.0,162.6,5.4,1.04,7.6,1.24
8C1F640980000060,2024-04-17 13:00:00,RAIN_ALL,4,108,21.79,40.06,18.28,22.81,38.7,15.88,18.97,33.74,14.77,39.81,39.67,-0.14,-0.8,0.0,0.0,8.5,38.52,38.31,-0.21,-1.3,0.0,0.0,8.5,31.32,30.89,-0.43,-2.9,0.0,0.0,8.5,6.0,4.2,14.27,15.07
8C1F640980000060,2024-04-19 12:00:00,RAIN_ALL,4,110,21.79,40.06,18.28,22.81,38.7,15.88,18.97,33.74,14.77,38.23,39.88,1.65,9.0,330.0,33.5,194.8,36.27,37.65,1.38,8.7,630.0,95.0,482.8,29.05,29.47,0.42,2.9,1440.0,8.0,64.3,6.4,4.67,13.9,14.1
8C1F640980000060,2024-04-21 06:00:00,RAIN_ALL,4,112,21.79,40.06,18.28,22.81,38.7,15.88,18.97,33.74,14.77,38.32,39.54,1.22,6.7,780.0,29.5,107.6,36.62,38.11,1.49,9.4,1140.0,27.5,89.5,28.99,29.71,0.72,4.9,1440.0,34.5,187.2,9.43,0.0,20.5,0.9
8C1F640980000060,2024-05-02 18:00:00,RAIN_ALL,5,123,21.79,40.06,18.28,22.81,38.7,15.88,18.97,33.74,14.77,38.46,38.43,-0.03,-0.2,0.0,0.0,15.9,35.86,35.88,0.02,0.1,0.0,1.5,30.1,28.5,28.46,-0.04,-0.2,0.0,0.0,15.9,5.7,8.5,5.7,13.07
8C1F640980000060,2024-05-06 00:30:00,RAIN_ALL,5,127,21.79,40.06,18.28,22.81,38.7,15.88,18.97,33.74,14.77,37.58,38.37,0.79,4.3,1260.0,48.5,609.6,34.09,34.28,0.19,1.2,540.0,2.0,38.5,27.32,28.38,1.06,7.2,60.0,2.0,22.0,10.87,1.6,15.44,1.88
8C1F640980000060,2024-05-06 20:00:00,RAIN_ALL,5,127,21.79,40.06,18.28,22.81,38.7,15.88,18.97,33.74,14.77,38.33,38.37,0.04,0.2,90.0,2.0,24.0,33.86,34.03,0.17,1.1,90.0,1.0,12.0,27.08,27.03,-0.05,-0.3,0.0,0.0,12.4,10.87,1.6,15.44,1.88
8C1F640980000060,2024-05-16 18:00:00,RAIN_ALL,5,137,21.79,40.06,18.28,22.81,38.7,15.88,18.97,33.74,14.77,39.87,40.79,0.92,5.0,120.0,24.5,345.5,38.87,38.95,0.08,0.5,360.0,3.0,51.7,33.51,33.24,-0.27,-1.8,0.0,0.0,16.5,7.5,12.44,7.5,16.96
8C1F640980000060,2024-05-17 05:00:00,RAIN_ALL,5,138,21.79,40.06,18.28,22.81,38.7,15.88,18.97,33.74,14.77,40.2,40.29,0.09,0.5,180.0,3.0,59.5,38.87,38.83,-0.04,-0.3,0.0,0.0,13.6,32.9,32.88,-0.02,-0.1,60.0,0.0,14.1,13.34,7.9,13.34,10.92
8C1F640980000060,2024-05-17 14:00:00,RAIN_ALL,5,138,21.79,40.06,18.28,22.81,38.7,15.88,18.97,33.74,14.77,40.11,40.22,0.11,0.6,1230.0,5.0,82.6,38.71,38.69,-0.02,-0.1,0.0,0.0,14.8,32.73,32.7,-0.03,-0.2,0.0,0.0,14.8,6.3,1.72,20.34,2.92
8C1F640980000060,2024-05-21 14:00:00,RAIN_ALL,5,142,21.79,40.06,18.28,22.81,38.7,15.88,18.97,33.74,14.77,38.25,38.26,0.01,0.1,60.0,3.0,72.5,35.43,35.61,0.18,1.1,240.0,1.0,32.3,30.06,30.26,0.2,1.4,300.0,3.0,58.7,5.4,14.96,8.02,25.76
8C1F640980000060,2024-05-23 23:00:00,RAIN_ALL,5,144,21.79,40.06,18.28,22.81,38.7,15.88,18.97,33.74,14.77,37.02,38.44,1.42,7.8,420.0,39.0,637.7,33.02,32.71,-0.3,-1.9,0.0,0.0,13.0,28.93,28.78,-0.15,-1.0,0.0,0.0,13.0,6.6,7.8,25.16,8.2
8C1F640980000060,2024-05-24 16:00:00,RAIN_ALL,5,145,21.79,40.06,18.28,22.81,38.7,15.88,18.97,33.74,14.77,38.4,38.37,-0.03,-0.2,0.0,0.0,17.5,32.22,32.29,0.07,0.4,0.0,1.0,34.4,28.59,28.53,-0.06,-0.4,0.0,0.0,17.5,12.8,2.2,25.96,6.1
8C1F640980000060,2024-06-01 09:00:00,RAIN_ALL,6,153,21.79,40.06,18.28,22.81,38.7,15.88,18.97,33.74,14.77,41.34,41.89,0.55,3.0,1020.0,7.0,127.9,38.08,39.81,1.73,10.9,1260.0,54.5,932.3,30.23,34.21,3.98,26.9,1440.0,80.5,1378.1,39.6,14.52,55.86,14.52
8C1F640980000060,2024-06-02 01:00:00,RAIN_ALL,6,154,21.79,40.06,18.28,22.81,38.7,15.88,18.97,33.74,14.77,41.57,41.89,0.32,1.8,60.0,5.0,90.9,39.36,39.81,0.45,2.9,300.0,7.0,150.4,31.07,34.22,3.15,21.3,660.0,57.5,997.8,39.6,14.52,55.86,14.52
8C1F640980000060,2024-06-02 11:00:00,RAIN_ALL,6,154,21.79,40.06,18.28,22.81,38.7,15.88,18.97,33.74,14.77,41.34,41.25,-0.09,-0.5,0.0,0.0,20.0,39.57,39.52,-0.05,-0.3,60.0,0.0,20.2,34.2,34.22,0.02,0.1,60.0,1.0,40.5,27.68,8.37,57.07,10.87
8C1F640980000060,2024-06-05 10:00:00,RAIN_ALL,6,157,21.79,40.06,18.28,22.81,38.7,15.88,18.97,33.74,14.77,39.14,39.12,-0.02,-0.1,0.0,0.0,18.8,37.21,37.17,-0.04,-0.3,30.0,0.0,,30.98,31.05,0.07,0.4,30.0,1.0,19.1,2.5,4.1,11.37,4.54
8C1F640980000060,2024-06-15 08:00:00,RAIN_ALL,6,167,21.79,40.06,18.28,22.81,38.7,15.88,18.97,33.74,14.77,23.47,23.71,0.24,1.3,420.0,6.0,122.6,22.42,22.71,0.29,1.8,300.0,5.0,119.3,20.3,20.4,0.1,0.7,180.0,3.0,82.4,7.87,0.0,10.32,7.02
8C1F640980000060,2024-06-17 12:00:00,RAIN_ALL,6,169,21.79,40.06,18.28,22.81,38.7,15.88,18.97,33.74,14.77,22.89,23.16,0.27,1.4,210.0,7.0,136.1,22.07,22.36,0.29,1.9,210.0,7.0,136.1,19.44,19.56,0.12,0.8,0.0,6.5,153.7,6.72,0.3,14.59,21.83
8C1F640980000060,2024-06-19 01:00:00,RAIN_ALL,6,171,21.79,40.06,18.28,22.81,38.7,15.88,18.97,33.74,14.77,22.89,22.83,-0.06,-0.3,840.0,0.0,24.1,22.16,22.31,0.14,0.9,900.0,4.0,104.7,19.1,19.2,0.1,0.7,1080.0,1.0,37.7,21.53,0.0,28.55,24.87
8C1F640980000060,2024-06-27 09:00:00,RAIN_ALL,6,179,21.79,40.06,18.28,22.81,38.7,15.88,18.97,33.74,14.77,34.99,40.52,5.53,30.3,180.0,52.5,1221.0,34.21,35.06,0.85,5.4,300.0,19.0,421.5,29.84,29.86,0.02,0.1,0.0,1.0,45.1,3.9,10.4,3.9,15.33
8C1F640980000060,2024-06-28 12:00:00,RAIN_ALL,6,180,21.79,40.06,18.28,22.81,38.7,15.88,18.97,33.74,14.77,39.07,38.93,-0.14,-0.8,0.0,0.0,25.2,34.23,33.88,-0.35,-2.2,120.0,0.0,26.1,28.79,28.76,-0.03,-0.2,0.0,0.0,25.2,10.4,1.6,13.9,21.26
8C1F640980000060,2024-06-30 05:00:00,RAIN_ALL,6,182,21.79,40.06,18.28,22.81,38.7,15.88,18.97,33.74,14.77,34.09,33.86,-0.23,-1.3,0.0,0.0,22.3,29.66,29.76,0.1,0.6,0.0,0.5,22.3,26.34,26.22,-0.12,-0.8,0.0,0.0,22.3,2.53,15.38,15.33,23.33
8C1F640980000060,2024-06-30 15:00:00,RAIN_ALL,6,182,21.79,40.06,18.28,22.81,38.7,15.88,18.97,33.74,14.77,32.47,32.23,-0.24,-1.3,0.0,0.0,20.7,28.62,28.37,-0.25,-1.6,0.0,0.0,20.7,25.77,25.62,-0.15,-1.0,0.0,0.0,20.7,11.83,15.03,19.03,17.48
8C1F640980000060,2024-07-01 13:00:00,RAIN_ALL,7,183,21.79,40.06,18.28,22.81,38.7,15.88,18.97,33.74,14.77,30.12,31.25,1.12,6.2,120.0,15.0,235.9,27.28,27.05,-0.23,-1.4,0.0,0.0,20.1,24.61,24.63,0.02,0.2,0.0,1.0,40.1,15.03,0.4,22.76,9.97
8C1F640980000060,2024-07-03 16:00:00,RAIN_ALL,7,185,21.79,40.06,18.28,22.81,38.7,15.88,18.97,33.74,14.77,28.3,28.19,-0.11,-0.6,0.0,0.0,15.5,24.93,24.93,0.0,0.0,0.0,0.0,15.5,22.45,22.24,-0.21,-1.4,0.0,0.0,15.5,3.85,7.12,14.68,11.82
8C1F640980000060,2024-07-06 16:00:00,RAIN_ALL,7,188,21.79,40.06,18.28,22.81,38.7,15.88,18.97,33.74,14.77,26.75,26.53,-0.22,-1.2,0.0,0.0,21.0,23.77,24.03,0.26,1.6,0.0,1.0,41.1,20.66,20.58,-0.08,-0.5,0.0,0.0,21.0,3.9,5.45,11.82,5.45
8C1F640980000060,2024-07-10 20:00:00,RAIN_ALL,7,192,21.79,40.06,18.28,22.81,38.7,15.88,18.97,33.74,14.77,23.53,25.46,1.93,10.6,1080.0,54.0,1132.6,22.65,22.96,0.31,2.0,1080.0,7.5,188.4,18.97,19.2,0.23,1.6,1020.0,6.5,172.2,11.57,11.8,12.67,26.11
8C1F640980000060,2024-07-12 09:00:00,RAIN_ALL,7,194,21.79,40.06,18.28,22.81,38.7,15.88,18.97,33.74,14.77,24.7,24.9,0.2,1.1,270.0,5.0,110.7,22.39,22.9,0.51,3.2,150.0,12.0,254.0,18.75,19.13,0.38,2.5,330.0,7.0,148.0,11.1,15.01,23.77,15.01
8C1F640980000060,2024-07-16 00:00:00,RAIN_ALL,7,198,21.79,40.06,18.28,22.81,38.7,15.88,18.97,33.74,14.77,23.32,23.22,-0.1,-0.5,0.0,0.0,19.5,22.45,22.56,0.11,0.7,720.0,2.0,77.4,18.42,18.48,0.06,0.4,840.0,2.0,77.5,3.44,6.52,7.87,6.52
8C1F640980000060,2024-07-28 00:00:00,RAIN_ALL,7,210,21.79,40.06,18.28,22.81,38.7,15.88,18.97,33.74,14.77,34.24,34.2,-0.04,-0.2,750.0,0.0,,33.58,33.55,-0.03,-0.2,0.0,0.0,20.8,28.25,28.1,-0.15,-1.0,750.0,0.0,,10.03,0.0,12.07,0.0
8C1F640980000060,2024-08-03 13:00:00,RAIN_ALL,8,216,21.79,40.06,18.28,22.81,38.7,15.88,18.97,33.74,14.77,38.88,38.95,0.07,0.4,30.0,3.0,72.2,37.75,37.76,0.01,0.1,150.0,1.0,23.5,29.22,29.22,0.0,0.0,30.0,0.0,,2.6,3.63,33.2,5.35
8C1F640980000060,2024-08-04 14:00:00,RAIN_ALL,8,217,21.79,40.06,18.28,22.81,38.7,15.88,18.97,33.74,14.77,38.14,38.14,0.0,0.0,0.0,0.0,23.0,36.33,36.29,-0.04,-0.3,0.0,0.0,23.0,28.38,28.32,-0.06,-0.4,0.0,0.0,23.0,4.83,1.72,30.74,2.92
8C1F640980000060,2024-08-14 17:00:00,RAIN_ALL,8,227,21.79,40.06,18.28,22.81,38.7,15.88,18.97,33.74,14.77,34.36,34.13,-0.23,-1.3,0.0,0.0,27.6,33.16,33.05,-0.11,-0.7,60.0,0.0,26.0,27.28,27.25,-0.03,-0.2,0.0,0.0,27.6,6.1,4.8,6.1,4.8
8C1F640980000060,2024-08-18 10:00:00,RAIN_ALL,8,231,21.79,40.06,18.28,22.81,38.7,15.88,18.97,33.74,14.77,29.06,29.18,0.12,0.7,210.0,2.0,45.8,29.64,29.66,0.02,0.1,210.0,1.0,22.9,24.07,24.18,0.11,0.8,150.0,3.0,68.4,9.7,3.75,9.7,3.75
8C1F640980000060,2024-08-25 07:00:00,RAIN_ALL,8,238,21.79,40.06,18.28,22.81,38.7,15.88,18.97,33.74,14.77,37.23,36.98,-0.25,-1.4,0.0,0.0,19.8,36.39,36.36,-0.03,-0.2,0.0,0.0,19.8,30.29,30.15,-0.14,-0.9,0.0,0.0,19.8,4.36,3.6,4.36,3.6
8C1F640980000060,2024-09-08 22:00:00,RAIN_ALL,9,252,21.79,40.06,18.28,22.81,38.7,15.88,18.97,33.74,14.77,26.38,26.16,-0.22,-1.2,0.0,0.0,15.7,26.14,26.11,-0.04,-0.2,0.0,0.0,15.7,21.26,21.1,-0.16,-1.1,0.0,0.0,15.7,13.3,22.24,14.68,31.0
8C1F640980000060,2024-09-09 12:00:00,RAIN_ALL,9,253,21.79,40.06,18.28,22.81,38.7,15.88,18.97,33.74,14.77,25.63,25.85,0.22,1.2,120.0,4.0,88.9,25.85,25.88,0.03,0.2,0.0,1.0,37.0,20.85,20.96,0.11,0.7,120.0,1.0,38.1,27.54,4.5,27.74,11.98
8C1F640980000060,2024-09-10 03:00:00,RAIN_ALL,9,254,21.79,40.06,18.28,22.81,38.7,15.88,18.97,33.74,14.77,25.31,25.78,0.47,2.6,630.0,7.0,116.1,25.35,25.63,0.28,1.8,630.0,3.0,56.0,20.53,20.87,0.34,2.3,450.0,7.0,129.9,4.5,2.26,32.04,7.88
8C1F640980000060,2024-09-11 15:00:00,RAIN_ALL,9,255,21.79,40.06,18.28,22.81,38.7,15.88,18.97,33.74,14.77,24.94,25.03,0.09,0.5,1380.0,2.5,45.2,24.9,24.87,-0.03,-0.2,180.0,0.0,11.8,20.16,20.11,-0.05,-0.3,0.0,0.0,14.9,5.22,0.5,11.98,5.07
8C1F640980000060,2024-09-14 05:00:00,RAIN_ALL,9,258,21.79,40.06,18.28,22.81,38.7,15.88,18.97,33.74,14.77,24.12,24.21,0.09,0.5,600.0,5.0,71.2,23.88,24.01,0.13,0.8,0.0,1.0,19.7,19.31,19.3,-0.01,-0.1,60.0,0.0,9.9,4.57,0.0,9.39,22.64
8C1F640980000060,2024-09-16 00:00:00,RAIN_ALL,9,260,21.79,40.06,18.28,22.81,38.7,15.88,18.97,33.74,14.77,24.32,26.76,2.45,13.4,1440.0,,13.0,23.68,23.82,0.14,0.9,0.0,1.5,21.8,19.08,19.0,-0.08,-0.5,0.0,0.0,11.0,19.56,0.0,25.78,0.0
8C1F640980000060,2024-10-07 10:00:00,RAIN_ALL,10,281,21.79,40.06,18.28,22.81,38.7,15.88,18.97,33.74,14.77,36.16,37.83,1.66,9.1,1440.0,,18.2,35.97,36.29,0.32,2.0,930.0,,,30.38,30.68,0.3,2.1,570.0,8.0,114.3,4.3,11.82,4.58,21.95
8C1F640980000060,2024-10-08 17:00:00,RAIN_ALL,10,282,21.79,40.06,18.28,22.81,38.7,15.88,18.97,33.74,14.77,38.14,39.72,1.58,8.6,300.0,80.0,949.0,36.51,37.86,1.35,8.5,1410.0,111.5,1162.1,30.57,30.99,0.42,2.9,1290.0,35.5,525.6,13.0,0.02,16.38,10.15
8C1F640980000060,2024-10-10 00:00:00,RAIN_ALL,10,284,21.79,40.06,18.28,22.81,38.7,15.88,18.97,33.74,14.77,38.73,38.67,-0.06,-0.4,0.0,0.0,15.6,37.49,37.66,0.17,1.1,0.0,3.5,60.9,30.9,30.94,0.04,0.3,660.0,1.0,29.4,2.17,7.2,18.57,10.54
8C1F640980000060,2024-10-10 18:00:00,RAIN_ALL,10,284,21.79,40.06,18.28,22.81,38.7,15.88,18.97,33.74,14.77,38.52,39.66,1.14,6.2,930.0,16.0,126.2,37.19,38.1,0.91,5.7,1290.0,14.0,69.8,30.87,30.95,0.08,0.5,1170.0,6.0,56.6,6.33,0.0,21.95,5.66
8C1F640980000060,2024-10-13 04:00:00,RAIN_ALL,10,287,21.79,40.06,18.28,22.81,38.7,15.88,18.97,33.74,14.77,38.07,39.05,0.98,5.4,510.0,14.0,94.7,36.93,37.33,0.4,2.5,750.0,6.0,40.8,30.74,31.04,0.3,2.0,510.0,6.0,58.8,5.66,0.0,11.99,4.3
8C1F640980000060,2024-10-14 18:00:00,RAIN_ALL,10,288,21.79,40.06,18.28,22.81,38.7,15.88,18.97,33.74,14.77,38.49,39.46,0.97,5.3,180.0,22.5,253.8,36.56,37.76,1.2,7.6,1170.0,36.5,423.9,30.5,31.19,0.69,4.7,1290.0,60.0,705.1,4.3,0.0,9.96,0.0
8C1F640980000060,2024-11-18 10:00:00,RAIN_ALL,11,323,21.79,40.06,18.28,22.81,38.7,15.88,18.97,33.74,14.77,32.36,38.04,5.68,31.1,1140.0,,6.4,31.39,33.18,1.79,11.2,1440.0,,8.0,26.2,26.32,0.12,0.8,1440.0,,8.0,9.37,10.17,12.04,12.42
8C1F640980000060,2024-11-18 19:00:00,RAIN_ALL,11,323,21.79,40.06,18.28,22.81,38.7,15.88,18.97,33.74,14.77,34.06,38.04,3.98,21.8,600.0,101.5,209.3,31.45,33.98,2.53,15.9,1440.0,,8.7,26.21,26.66,0.45,3.0,1200.0,,8.5,9.37,10.17,12.04,12.42
8C1F640980000060,2024-11-19 23:00:00,RAIN_ALL,11,324,21.79,40.06,18.28,22.81,38.7,15.88,18.97,33.74,14.77,37.6,39.39,1.79,9.8,90.0,16.0,28.6,34.0,36.91,2.91,18.4,330.0,49.0,24.5,26.75,28.83,2.08,14.1,1350.0,,,9.4,2.87,21.13,4.07
8C1F640980000060,2024-11-26 04:00:00,RAIN_ALL,11,331,21.79,40.06,18.28,22.81,38.7,15.88,18.97,33.74,14.77,34.3,35.56,1.27,6.9,660.0,76.5,466.8,33.52,33.79,0.27,1.7,720.0,6.0,49.0,28.23,28.33,0.1,0.7,600.0,6.0,56.3,5.27,0.0,6.08,1.46
8C1F640980000060,2024-12-02 22:00:00,RAIN_ALL,12,337,21.79,40.06,18.28,22.81,38.7,15.88,18.97,33.74,14.77,32.81,34.69,1.88,10.3,1380.0,,3.3,32.23,32.5,0.27,1.7,1200.0,9.0,18.8,27.3,27.36,0.06,0.4,1080.0,3.0,17.9,6.89,0.4,10.04,15.76
8C1F640980000060,2024-12-06 00:00:00,RAIN_ALL,12,341,21.79,40.06,18.28,22.81,38.7,15.88,18.97,33.74,14.77,33.71,38.69,4.98,27.2,360.0,95.5,359.9,32.16,35.79,3.63,22.9,1260.0,,4.6,27.18,29.17,1.99,13.5,1410.0,,,6.96,8.87,8.16,16.37
8C1F640980000060,2024-12-07 13:00:00,RAIN_ALL,12,342,21.79,40.06,18.28,22.81,38.7,15.88,18.97,33.74,14.77,36.31,39.01,2.7,14.7,90.0,11.5,49.2,34.97,38.03,3.06,19.2,210.0,15.5,50.2,29.27,31.13,1.86,12.6,390.0,32.5,122.4,10.7,1.7,21.46,1.92
8C1F640980000060,2024-12-15 21:00:00,RAIN_ALL,12,350,21.79,40.06,18.28,22.81,38.7,15.88,18.97,33.74,14.77,32.59,33.22,0.63,3.4,1410.0,,,32.22,32.42,0.2,1.3,1230.0,108.5,613.4,27.56,27.65,0.09,0.6,1350.0,33.5,201.1,2.28,0.64,4.02,6.76
8C1F640980000060,2024-12-19 19:00:00,RAIN_ALL,12,354,21.79,40.06,18.28,22.81,38.7,15.88,18.97,33.74,14.77,33.62,34.59,0.97,5.3,1080.0,14.0,23.3,32.51,32.66,0.15,0.9,210.0,3.0,10.8,27.68,27.71,0.04,0.2,90.0,1.0,5.4,4.2,0.5,6.12,12.92
8C1F640980000060,2024-12-22 13:00:00,RAIN_ALL,12,357,21.79,40.06,18.28,22.81,38.7,15.88,18.97,33.74,14.77,35.88,36.69,0.81,4.4,270.0,6.5,10.7,32.41,33.13,0.72,4.5,840.0,54.0,84.5,27.43,27.6,0.17,1.2,1440.0,59.0,108.6,9.22,3.3,12.62,4.9
8C1F640980000060,2024-12-23 12:00:00,RAIN_ALL,12,358,21.79,40.06,18.28,22.81,38.7,15.88,18.97,33.74,14.77,34.86,34.91,0.05,0.3,60.0,4.0,15.5,32.94,33.25,0.31,2.0,480.0,4.5,11.5,27.52,27.68,0.16,1.1,1410.0,19.5,23.2,6.5,1.9,12.92,1.9
8C1F640980000060,2025-01-02 08:00:00,RAIN_ALL,1,2,21.79,40.06,18.28,22.81,38.7,15.88,18.97,33.74,14.77,30.79,35.72,4.93,27.0,360.0,,0.0,30.65,32.92,2.27,14.3,1050.0,,,26.25,27.22,0.97,6.6,1350.0,,,10.23,4.78,10.23,14.04
8C1F640980000060,2025-01-05 07:00:00,RAIN_ALL,1,5,21.79,40.06,18.28,22.81,38.7,15.88,18.97,33.74,14.77,33.05,37.72,4.67,25.5,210.0,140.0,442.5,32.05,36.55,4.5,28.3,270.0,152.5,442.2,27.18,30.46,3.29,22.2,450.0,,,6.74,2.8,17.24,6.83
8C1F640980000060,2025-01-08 20:00:00,RAIN_ALL,1,8,21.79,40.06,18.28,22.81,38.7,15.88,18.97,33.74,14.77,34.02,37.82,3.8,20.8,1260.0,21.5,28.4,32.78,34.63,1.85,11.7,1440.0,33.5,0.5,28.01,28.71,0.7,4.7,1440.0,35.5,-0.7,9.06,2.05,13.39,2.05
8C1F640980000060,2025-01-09 16:00:00,RAIN_ALL,1,9,21.79,40.06,18.28,22.81,38.7,15.88,18.97,33.74,14.77,35.54,37.82,2.28,12.5,60.0,8.0,16.4,33.75,34.63,0.88,5.5,240.0,10.5,10.9,28.6,28.85,0.25,1.7,480.0,6.5,6.0,9.06,2.05,13.39,2.05
8C1F640980000060,2025-01-23 07:00:00,RAIN_ALL,1,23,21.79,40.06,18.28,22.81,38.7,15.88,18.97,33.74,14.77,30.07,30.68,0.61,3.3,1440.0,,3.2,30.14,30.25,0.11,0.7,870.0,0.5,-0.2,25.66,25.68,0.02,0.1,0.0,0.5,2.9,4.44,0.81,5.56,6.76
8C1F640980000060,2025-01-27 07:00:00,RAIN_ALL,1,27,21.79,40.06,18.28,22.81,38.7,15.88,18.97,33.74,14.77,31.61,35.23,3.62,19.8,690.0,150.5,443.1,30.79,31.53,0.75,4.7,1230.0,,,25.97,26.34,0.37,2.5,1410.0,,,6.58,5.59,8.86,6.87
8C1F640980000060,2025-01-28 07:00:00,RAIN_ALL,1,28,21.79,40.06,18.28,22.81,38.7,15.88,18.97,33.74,14.77,34.63,37.49,2.86,15.6,270.0,19.5,102.0,31.44,33.05,1.61,10.1,750.0,108.0,289.8,26.19,26.69,0.5,3.4,1200.0,141.0,259.9,6.59,1.24,13.14,2.63
8C1F640980000060,2025-02-11 14:00:00,RAIN_ALL,2,42,21.79,40.06,18.28,22.81,38.7,15.88,18.97,33.74,14.77,30.96,35.27,4.31,23.6,1410.0,137.5,64.7,30.42,30.64,0.22,1.4,1350.0,,,25.66,25.8,0.14,0.9,1350.0,,,7.51,10.48,14.51,10.88
8C1F640980000060,2025-02-12 20:00:00,RAIN_ALL,2,43,21.79,40.06,18.28,22.81,38.7,15.88,18.97,33.74,14.77,36.81,37.91,1.1,6.0,180.0,3.0,17.6,31.66,36.08,4.42,27.8,240.0,74.0,11.8,25.83,28.74,2.91,19.7,660.0,,2.1,10.31,6.68,19.51,6.68
8C1F640980000060,2025-02-25 16:00:00,RAIN_ALL,2,56,21.79,40.06,18.28,22.81,38.7,15.88,18.97,33.74,14.77,32.37,34.86,2.49,13.6,720.0,,5.0,31.34,31.87,0.53,3.3,1350.0,,,26.47,26.54,0.07,0.5,1110.0,15.0,74.9,7.17,0.4,9.38,5.43
8C1F640980000060,2025-03-10 16:00:00,RAIN_ALL,3,69,21.79,40.06,18.28,22.81,38.7,15.88,18.97,33.74,14.77,33.02,33.17,0.15,0.8,1410.0,4.5,47.2,32.52,32.54,0.02,0.2,510.0,1.0,7.0,27.31,27.39,0.08,0.5,1350.0,3.5,48.0,5.83,4.14,5.83,5.96
8C1F640980000060,2025-03-12 11:00:00,RAIN_ALL,3,71,21.79,40.06,18.28,22.81,38.7,15.88,18.97,33.74,14.77,32.7,32.91,0.21,1.1,240.0,5.5,45.1,32.44,32.5,0.06,0.4,390.0,1.0,6.4,27.26,27.29,0.03,0.2,60.0,1.0,24.8,4.14,1.6,9.97,2.92
8C1F640980000060,2025-03-24 16:00:00,RAIN_ALL,3,83,21.79,40.06,18.28,22.81,38.7,15.88,18.97,33.74,14.77,32.06,32.5,0.44,2.4,1410.0,7.5,80.9,31.86,32.06,0.21,1.3,1290.0,9.5,110.8,26.75,26.87,0.12,0.8,1290.0,5.5,80.6,6.45,4.07,10.5,4.17
8C1F640980000060,2025-03-25 01:00:00,RAIN_ALL,3,84,21.79,40.06,18.28,22.81,38.7,15.88,18.97,33.74,14.77,31.78,32.54,0.76,4.2,930.0,13.5,103.7,31.79,32.14,0.35,2.2,990.0,10.5,79.2,26.7,26.87,0.18,1.2,750.0,8.5,104.8,5.05,4.17,10.5,4.17
8C1F640980000060,2025-03-26 11:00:00,RAIN_ALL,3,85,21.79,40.06,18.28,22.81,38.7,15.88,18.97,33.74,14.77,31.9,32.21,0.31,1.7,300.0,8.5,71.1,31.9,32.03,0.13,0.8,630.0,1.0,5.4,26.64,26.79,0.15,1.0,1050.0,1.0,5.8,4.17,0.1,13.52,1.37
8C1F640980000060,2025-04-24 01:00:00,RAIN_ALL,4,114,21.79,40.06,18.28,22.81,38.7,15.88,18.97,33.74,14.77,38.23,38.23,-0.0,-0.0,750.0,0.0,,35.96,35.71,-0.25,-1.6,0.0,0.0,10.0,29.98,29.94,-0.04,-0.3,0.0,0.0,10.0,6.02,1.61,6.42,2.41
8C1F640980000060,2025-05-25 08:00:00,RAIN_ALL,5,145,21.79,40.06,18.28,22.81,38.7,15.88,18.97,33.74,14.77,37.92,37.85,-0.07,-0.4,0.0,0.0,12.6,33.65,33.54,-0.11,-0.7,0.0,0.0,12.6,30.48,30.47,-0.02,-0.1,0.0,0.0,12.6,3.63,5.25,3.63,9.32
8C1F640980000060,2025-05-28 19:00:00,RAIN_ALL,5,148,21.79,40.06,18.28,22.81,38.7,15.88,18.97,33.74,14.77,33.23,33.19,-0.05,-0.2,0.0,0.0,14.5,28.48,28.6,0.12,0.8,150.0,1.0,12.0,26.36,26.32,-0.04,-0.2,0.0,0.0,14.5,27.77,12.5,28.72,14.0
8C1F640980000060,2025-06-02 02:00:00,RAIN_ALL,6,153,21.79,40.06,18.28,22.81,38.7,15.88,18.97,33.74,14.77,30.96,30.92,-0.04,-0.2,0.0,0.0,16.4,27.47,27.49,0.02,0.1,600.0,1.0,43.3,24.48,24.48,0.0,0.0,210.0,1.0,17.8,12.74,35.19,14.53,54.14
8C1F640980000060,2025-06-02 12:00:00,RAIN_ALL,6,153,21.79,40.06,18.28,22.81,38.7,15.88,18.97,33.74,14.77,30.83,30.91,0.08,0.4,180.0,5.0,120.0,27.29,27.49,0.2,1.3,0.0,2.0,65.1,24.36,24.45,0.09,0.6,60.0,1.0,43.5,32.47,5.7,35.96,24.65
8C1F640980000060,2025-06-08 09:00:00,RAIN_ALL,6,159,21.79,40.06,18.28,22.81,38.7,15.88,18.97,33.74,14.77,38.6,38.48,-0.12,-0.7,0.0,0.0,16.1,36.7,36.44,-0.26,-1.6,0.0,0.0,16.1,31.7,31.51,-0.19,-1.3,0.0,0.0,16.1,4.18,3.3,5.06,3.3
8C1F640980000060,2025-06-15 17:00:00,RAIN_ALL,6,166,21.79,40.06,18.28,22.81,38.7,15.88,18.97,33.74,14.77,29.36,29.33,-0.03,-0.2,0.0,0.0,24.1,26.38,26.41,0.04,0.2,90.0,1.0,20.7,22.3,22.22,-0.08,-0.5,30.0,0.0,,11.45,11.5,11.45,11.5
8C1F640980000060,2025-07-16 19:00:00,RAIN_ALL,7,197,21.79,40.06,18.28,22.81,38.7,15.88,18.97,33.74,14.77,39.25,41.24,1.99,10.9,450.0,32.5,635.2,38.3,38.39,0.09,0.6,630.0,7.0,129.4,32.99,32.71,-0.28,-1.9,0.0,0.0,15.7,7.3,0.0,11.4,3.5
8C1F640980000060,2025-07-20 23:00:00,RAIN_ALL,7,201,21.79,40.06,18.28,22.81,38.7,15.88,18.97,33.74,14.77,31.58,31.49,-0.09,-0.5,1440.0,0.0,16.6,29.52,29.64,0.12,0.8,90.0,1.0,18.6,24.84,24.82,-0.02,-0.1,0.0,0.0,19.1,23.29,6.5,26.79,7.79
8C1F640980000060,2025-07-21 20:00:00,RAIN_ALL,7,202,21.79,40.06,18.28,22.81,38.7,15.88,18.97,33.74,14.77,31.35,32.05,0.7,3.8,1230.0,32.5,635.0,29.35,29.41,0.06,0.4,180.0,1.0,32.8,24.42,24.35,-0.07,-0.5,180.0,0.0,16.6,10.6,0.0,32.07,1.39
8C1F640980000060,2025-07-22 09:00:00,RAIN_ALL,7,203,21.79,40.06,18.28,22.81,38.7,15.88,18.97,33.74,14.77,31.65,32.05,0.4,2.2,450.0,27.5,558.2,28.91,29.11,0.2,1.3,240.0,0.5,20.0,24.2,24.27,0.07,0.5,270.0,1.0,20.1,10.6,0.0,32.07,1.39
8C1F640980000060,2025-07-27 14:00:00,RAIN_ALL,7,208,21.79,40.06,18.28,22.81,38.7,15.88,18.97,33.74,14.77,30.06,30.16,0.1,0.5,180.0,3.0,72.4,27.71,27.97,0.26,1.6,60.0,1.0,40.4,22.8,22.85,0.05,0.3,180.0,2.0,55.4,8.9,4.3,12.1,16.64
8C1F640980000060,2025-07-31 02:00:00,RAIN_ALL,7,212,21.79,40.06,18.28,22.81,38.7,15.88,18.97,33.74,14.77,40.9,40.89,-0.01,-0.1,180.0,0.0,14.5,39.39,39.36,-0.03,-0.2,120.0,0.0,14.0,35.15,35.07,-0.08,-0.5,0.0,0.0,14.1,8.04,12.01,19.08,23.23
8C1F640980000060,2025-08-01 05:00:00,RAIN_ALL,8,213,21.79,40.06,18.28,22.81,38.7,15.88,18.97,33.74,14.77,40.07,41.14,1.07,5.9,1440.0,27.5,465.8,38.54,38.55,0.01,0.1,30.0,1.0,16.1,33.41,33.28,-0.13,-0.9,30.0,0.0,,13.6,1.22,30.05,6.04
8C1F640980000060,2025-08-04 05:00:00,RAIN_ALL,8,216,21.79,40.06,18.28,22.81,38.7,15.88,18.97,33.74,14.77,39.24,39.19,-0.05,-0.3,0.0,0.0,13.8,35.41,35.44,0.03,0.2,60.0,1.0,28.9,29.82,29.81,-0.01,-0.0,60.0,0.0,14.1,1.89,3.96,16.71,4.56
8C1F640980000060,2025-08-29 05:00:00,RAIN_ALL,8,241,21.79,40.06,18.28,22.81,38.7,15.88,18.97,33.74,14.77,40.12,40.73,0.61,3.3,300.0,4.5,102.7,38.89,38.88,-0.01,-0.1,0.0,0.0,16.1,34.38,34.29,-0.09,-0.6,0.0,0.0,16.1,10.78,1.9,13.03,1.9
8C1F640980000060,2025-09-02 12:00:00,RAIN_ALL,9,245,21.79,40.06,18.28,22.81,38.7,15.88,18.97,33.74,14.77,29.68,42.43,12.75,69.7,30.0,,,28.56,39.01,10.45,65.8,30.0,56.0,1004.3,24.27,24.23,-0.04,-0.3,210.0,0.0,,9.33,0.0,9.33,22.96
8C1F640980000060,2025-09-04 22:00:00,RAIN_ALL,9,247,21.79,40.06,18.28,22.81,38.7,15.88,18.97,33.74,14.77,32.54,39.59,7.05,38.6,600.0,57.5,937.5,29.62,29.67,0.05,0.3,300.0,1.0,30.9,23.16,23.28,0.12,0.8,780.0,1.0,35.7,20.98,0.0,26.86,0.0
8C1F640980000060,2025-09-12 05:00:00,RAIN_ALL,9,255,21.79,40.06,18.28,22.81,38.7,15.88,18.97,33.74,14.77,40.34,40.44,0.1,0.6,300.0,4.0,93.4,38.88,38.86,-0.02,-0.2,240.0,0.0,16.6,34.2,34.03,-0.17,-1.2,0.0,0.0,11.9,4.8,0.0,9.9,8.0
8C1F640980000060,2025-09-14 03:00:00,RAIN_ALL,9,257,21.79,40.06,18.28,22.81,38.7,15.88,18.97,33.74,14.77,38.28,39.72,1.44,7.9,720.0,46.0,770.2,35.04,35.07,0.03,0.2,180.0,1.0,26.0,30.53,30.46,-0.07,-0.5,0.0,0.0,14.0,7.7,0.3,12.4,0.3
8C1F640980000060,2025-09-21 21:00:00,RAIN_ALL,9,264,21.79,40.06,18.28,22.81,38.7,15.88,18.97,33.74,14.77,30.33,44.32,13.99,76.5,810.0,,,27.81,41.29,13.48,84.9,930.0,,,23.12,27.04,3.92,26.6,1410.0,,,20.3,2.4,20.3,32.6
8C1F640980000060,2025-09-24 16:00:00,RAIN_ALL,9,267,21.79,40.06,18.28,22.81,38.7,15.88,18.97,33.74,14.77,38.84,43.02,4.19,22.9,210.0,74.0,886.2,36.52,41.6,5.08,32.0,330.0,112.5,1360.1,26.3,37.56,11.26,76.2,600.0,,10.3,10.5,19.9,33.2,20.6
8C1F640980000060,2025-09-25 07:00:00,RAIN_ALL,9,268,21.79,40.06,18.28,22.81,38.7,15.88,18.97,33.74,14.77,40.78,41.05,0.27,1.5,60.0,5.0,67.2,40.14,39.97,-0.17,-1.1,0.0,0.0,10.0,37.2,36.97,-0.23,-1.6,0.0,0.0,10.0,30.2,1.4,38.9,1.4
8C1F640980000060,2025-09-30 04:00:00,RAIN_ALL,9,273,21.79,40.06,18.28,22.81,38.7,15.88,18.97,33.74,14.77,38.31,39.19,0.88,4.8,600.0,32.5,327.0,36.63,36.59,-0.04,-0.3,0.0,0.0,10.2,31.02,30.99,-0.03,-0.2,0.0,0.0,10.2,7.1,0.0,7.1,0.0
8C1F640980000060,2025-10-04 13:00:00,RAIN_ALL,10,277,21.79,40.06,18.28,22.81,38.7,15.88,18.97,33.74,14.77,35.72,36.02,0.3,1.6,240.0,4.0,53.2,32.63,32.83,0.2,1.3,180.0,1.0,24.7,27.55,27.54,-0.01,-0.1,120.0,0.0,13.4,5.9,3.2,5.9,11.8
8C1F640980000060,2025-10-05 17:00:00,RAIN_ALL,10,278,21.79,40.06,18.28,22.81,38.7,15.88,18.97,33.74,14.77,35.36,35.3,-0.06,-0.3,0.0,0.0,10.0,32.03,32.02,-0.01,-0.1,0.0,0.0,10.0,26.99,27.03,0.04,0.3,150.0,1.0,9.6,3.2,8.9,9.1,10.4
8C1F640980000060,2025-10-06 15:00:00,RAIN_ALL,10,279,21.79,40.06,18.28,22.81,38.7,15.88,18.97,33.74,14.77,35.08,35.06,-0.02,-0.1,1410.0,0.0,,31.7,31.73,0.04,0.2,120.0,1.0,21.2,26.59,26.58,-0.01,-0.1,180.0,0.0,10.6,4.5,0.0,12.0,0.0
8C1F640980000060,2025-10-21 05:00:00,RAIN_ALL,10,294,21.79,40.06,18.28,22.81,38.7,15.88,18.97,33.74,14.77,38.36,38.43,0.07,0.4,600.0,6.5,94.0,37.27,37.29,0.02,0.1,540.0,1.0,30.6,32.23,32.21,-0.02,-0.1,60.0,0.0,11.0,3.0,5.1,4.2,18.2
8C1F640980000060,2025-10-22 02:00:00,RAIN_ALL,10,295,21.79,40.06,18.28,22.81,38.7,15.88,18.97,33.74,14.77,38.34,38.47,0.13,0.7,960.0,,13.6,37.08,37.23,0.15,0.9,1260.0,2.0,40.2,32.01,32.05,0.04,0.3,90.0,1.0,12.0,5.1,9.7,9.3,15.7
8C1F640980000060,2025-10-23 09:00:00,RAIN_ALL,10,296,21.79,40.06,18.28,22.81,38.7,15.88,18.97,33.74,14.77,38.51,42.31,3.8,20.8,390.0,,,37.01,39.45,2.44,15.4,930.0,,,31.89,33.47,1.58,10.7,1410.0,,,9.7,3.4,17.8,8.9
8C1F640980000060,2025-10-26 06:00:00,RAIN_ALL,10,299,21.79,40.06,18.28,22.81,38.7,15.88,18.97,33.74,14.77,39.87,40.3,0.43,2.4,360.0,14.0,104.6,38.61,38.81,0.2,1.3,600.0,10.0,68.5,33.41,33.53,0.12,0.8,240.0,1.0,15.5,3.7,6.9,9.3,13.9
8C1F640980000060,2025-10-27 14:00:00,RAIN_ALL,10,300,21.79,40.06,18.28,22.81,38.7,15.88,18.97,33.74,14.77,40.53,40.5,-0.03,-0.1,0.0,0.0,9.1,38.8,38.94,0.14,0.9,450.0,9.5,74.0,33.41,33.79,0.38,2.6,1260.0,64.5,660.0,9.9,5.3,15.4,8.5
8C1F640980000060,2025-11-02 02:00:00,RAIN_ALL,11,306,21.79,40.06,18.28,22.81,38.7,15.88,18.97,33.74,14.77,39.1,41.69,2.59,14.2,1110.0,55.5,424.8,38.24,39.35,1.11,7.0,1350.0,80.0,549.9,33.23,33.93,0.7,4.7,1410.0,106.5,675.4,12.3,0.0,14.0,0.0
8C1F640980000060,2025-11-02 16:00:00,RAIN_ALL,11,306,21.79,40.06,18.28,22.81,38.7,15.88,18.97,33.74,14.77,40.08,41.69,1.61,8.8,270.0,19.5,171.6,38.46,39.35,0.89,5.6,510.0,67.5,510.8,33.28,34.61,1.33,9.0,1320.0,87.0,546.8,12.3,0.0,14.0,0.0
8C1F640980000060,2025-11-23 22:00:00,RAIN_ALL,11,327,21.79,40.06,18.28,22.81,38.7,15.88,18.97,33.74,14.77,34.96,39.03,4.07,22.3,1350.0,,,34.45,35.1,0.65,4.1,1410.0,,,29.94,29.92,-0.02,-0.1,300.0,0.0,0.4,9.1,2.1,9.1,4.9
8C1F640980000060,2025-11-29 00:00:00,RAIN_ALL,11,333,21.79,40.06,18.28,22.81,38.7,15.88,18.97,33.74,14.77,37.28,38.3,1.02,5.6,960.0,86.0,295.0,35.81,36.35,0.54,3.4,1440.0,99.5,287.6,30.77,30.93,0.16,1.0,1440.0,119.5,317.5,4.6,0.6,4.8,4.7
8C1F640980000060,2025-11-30 18:00:00,RAIN_ALL,11,334,21.79,40.06,18.28,22.81,38.7,15.88,18.97,33.74,14.77,38.05,38.19,0.14,0.8,1260.0,6.0,10.9,36.31,36.47,0.16,1.0,1080.0,4.0,20.3,30.98,31.14,0.16,1.1,1200.0,50.0,135.2,4.4,0.0,9.3,0.0
8C1F640980000060,2025-12-07 20:00:00,RAIN_ALL,12,341,21.79,40.06,18.28,22.81,38.7,15.88,18.97,33.74,14.77,37.61,40.45,2.84,15.5,210.0,103.0,876.5,35.52,39.24,3.72,23.4,270.0,,,30.71,33.65,2.94,19.9,870.0,,,4.9,3.6,7.3,4.7
8C1F640980000060,2026-01-09 03:00:00,RAIN_ALL,1,9,21.79,40.06,18.28,22.81,38.7,15.88,18.97,33.74,14.77,31.9,38.73,6.83,37.4,60.0,,1.0,31.62,37.33,5.71,36.0,660.0,,4.3,27.48,30.03,2.55,17.3,1410.0,,,9.7,5.5,9.8,9.3
8C1F640980000060,2026-01-10 03:00:00,RAIN_ALL,1,10,21.79,40.06,18.28,22.81,38.7,15.88,18.97,33.74,14.77,37.6,38.1,0.5,2.7,210.0,10.0,5.8,36.06,36.22,0.16,1.0,330.0,8.0,4.9,29.98,30.44,0.46,3.1,750.0,18.5,-116.9,3.9,3.0,14.3,10.1
8C1F640980000060,2026-01-12 18:00:00,RAIN_ALL,1,12,21.79,40.06,18.28,22.81,38.7,15.88,18.97,33.74,14.77,34.02,38.22,4.2,23.0,1200.0,,5.1,33.72,35.73,2.01,12.7,1380.0,138.0,306.7,29.41,30.09,0.68,4.6,1380.0,136.0,301.2,5.4,1.2,7.8,4.2
8C1F640980000060,2026-01-26 03:00:00,RAIN_ALL,1,26,21.79,40.06,18.28,22.81,38.7,15.88,18.97,33.74,14.77,32.3,32.28,-0.02,-0.1,0.0,0.0,-1.6,32.19,32.25,0.06,0.4,480.0,1.0,0.6,28.12,28.23,0.11,0.8,30.0,1.0,-1.7,8.0,18.8,8.2,20.0
8C1F640980000060,2026-01-29 05:00:00,RAIN_ALL,1,29,21.79,40.06,18.28,22.81,38.7,15.88,18.97,33.74,14.77,36.12,36.53,0.41,2.2,870.0,11.5,1.9,32.91,33.49,0.58,3.7,1380.0,,0.6,28.14,28.52,0.38,2.5,1440.0,,0.7,7.0,0.0,8.3,0.0
8C1F640980000060,2026-02-12 04:00:00,RAIN_ALL,2,43,21.79,40.06,18.28,22.81,38.7,15.88,18.97,33.74,14.77,,,,,,,,,,,,,,,,,,,,,,,,,
8C1F640980000060,2026-02-13 03:00:00,RAIN_ALL,2,44,21.79,40.06,18.28,22.81,38.7,15.88,18.97,33.74,14.77,,38.27,,,780.0,,7.4,,36.91,,,900.0,,6.0,,31.42,,,900.0,,6.0,6.2,0.0,26.5,5.6
8C1F640980000060,2026-02-17 05:00:00,RAIN_ALL,2,48,21.79,40.06,18.28,22.81,38.7,15.88,18.97,33.74,14.77,38.56,39.1,0.54,3.0,60.0,6.0,19.0,36.28,38.05,1.77,11.1,120.0,16.5,49.8,30.69,31.61,0.92,6.2,420.0,26.5,63.7,9.1,1.6,12.8,7.4
8C1F640980000060,2026-02-19 08:00:00,RAIN_ALL,2,50,21.79,40.06,18.28,22.81,38.7,15.88,18.97,33.74,14.77,36.6,37.74,1.14,6.2,870.0,,,35.34,35.39,0.05,0.3,0.0,1.0,-0.1,30.35,30.33,-0.02,-0.1,0.0,0.0,-0.1,5.6,0.2,13.4,8.9
8C1F640980000060,2026-02-22 05:00:00,RAIN_ALL,2,53,21.79,40.06,18.28,22.81,38.7,15.88,18.97,33.74,14.77,37.06,38.6,1.54,8.4,1320.0,,9.4,35.01,35.73,0.72,4.5,1320.0,,9.4,30.02,30.34,0.32,2.1,1380.0,,9.3,6.1,4.2,9.5,5.6
8C1F640980000060,2026-02-22 18:00:00,RAIN_ALL,2,53,21.79,40.06,18.28,22.81,38.7,15.88,18.97,33.74,14.77,37.54,39.83,2.29,12.5,1050.0,88.0,681.7,35.13,38.27,3.14,19.8,1110.0,,,30.13,31.76,1.63,11.0,1350.0,,,5.3,4.6,10.5,4.6
8C1F640980000060,2026-02-24 02:00:00,RAIN_ALL,2,55,21.79,40.06,18.28,22.81,38.7,15.88,18.97,33.74,14.77,38.48,38.62,0.14,0.8,780.0,6.0,63.4,37.4,37.33,-0.07,-0.4,30.0,0.0,,31.69,31.63,-0.06,-0.4,0.0,0.0,7.8,4.6,0.0,12.1,0.0
8C1F640980000060,2026-03-16 15:00:00,RAIN_ALL,3,75,21.79,40.06,18.28,22.81,38.7,15.88,18.97,33.74,14.77,36.37,36.92,0.55,3.0,1410.0,15.0,58.5,34.84,34.88,0.05,0.3,0.0,1.0,9.0,29.71,29.66,-0.05,-0.3,180.0,0.0,4.5,3.1,0.0,4.5,0.0
8C1F640980000060,2026-03-25 15:00:00,RAIN_ALL,3,84,21.79,40.06,18.28,22.81,38.7,15.88,18.97,33.74,14.77,36.09,36.11,0.02,0.1,0.0,3.5,23.0,34.64,34.77,0.13,0.9,90.0,1.0,6.3,29.6,29.67,0.07,0.5,30.0,1.0,6.3,5.8,4.7,5.8,5.3
8C1F640980000060,2026-04-12 20:00:00,RAIN_ALL,4,102,21.79,40.06,18.28,22.81,38.7,15.88,18.97,33.74,14.77,34.66,34.95,0.29,1.6,1320.0,10.5,119.0,34.11,34.18,0.07,0.4,900.0,1.0,27.8,29.3,29.37,0.07,0.5,1080.0,1.0,32.8,1.5,3.7,9.5,3.8
8C1F640980000060,2026-05-13 20:00:00,RAIN_ALL,5,133,21.79,40.06,18.28,22.81,38.7,15.88,18.97,33.74,14.77,36.7,36.4,-0.3,-1.6,0.0,0.0,9.8,35.37,35.02,-0.35,-2.2,180.0,0.0,8.7,32.47,32.26,-0.21,-1.4,0.0,0.0,9.8,3.3,7.2,11.5,11.7
8C1F640980000060,2026-05-14 14:00:00,RAIN_ALL,5,134,21.79,40.06,18.28,22.81,38.7,15.88,18.97,33.74,14.77,34.96,34.77,-0.19,-1.0,0.0,0.0,11.3,33.76,33.31,-0.45,-2.8,0.0,0.0,11.3,31.44,31.24,-0.2,-1.4,0.0,0.0,11.3,7.1,6.0,10.6,9.3
8C1F640980000060,2026-05-15 14:00:00,RAIN_ALL,5,135,21.79,40.06,18.28,22.81,38.7,15.88,18.97,33.74,14.77,32.52,32.48,-0.04,-0.2,0.0,0.0,11.4,31.6,31.46,-0.14,-0.9,0.0,0.0,11.4,29.86,29.74,-0.12,-0.8,240.0,0.0,10.7,6.0,4.5,12.1,11.2
8C1F640980000060,2026-05-18 14:00:00,RAIN_ALL,5,138,21.79,40.06,18.28,22.81,38.7,15.88,18.97,33.74,14.77,29.29,38.03,8.74,47.8,1260.0,,17.3,27.89,27.83,-0.07,-0.4,30.0,0.0,,26.02,25.73,-0.29,-1.9,0.0,0.0,13.9,4.4,3.2,7.3,6.5
8C1F640980000060,2026-05-31 19:00:00,RAIN_ALL,5,151,21.79,40.06,18.28,22.81,38.7,15.88,18.97,33.74,14.77,30.91,30.77,-0.14,-0.8,0.0,0.0,17.6,30.3,30.21,-0.09,-0.6,60.0,0.0,18.3,27.07,27.08,0.01,0.1,360.0,1.0,30.0,10.5,11.1,10.6,17.1
8C1F640980000060,2026-06-09 08:00:00,RAIN_ALL,6,160,21.79,40.06,18.28,22.81,38.7,15.88,18.97,33.74,14.77,29.02,29.17,0.15,0.8,390.0,3.0,58.8,28.82,29.05,0.23,1.4,390.0,3.0,58.8,25.52,25.45,-0.07,-0.4,150.0,0.0,,4.7,0.4,4.9,9.7
8C1F640980000060,2026-06-11 11:00:00,RAIN_ALL,6,162,21.79,40.06,18.28,22.81,38.7,15.88,18.97,33.74,14.77,27.46,28.21,0.75,4.1,210.0,8.5,127.9,27.64,27.92,0.28,1.7,0.0,6.0,113.4,24.12,24.37,0.25,1.7,0.0,5.0,97.7,4.6,4.7,9.7,8.8
8C1F640980000060,2026-06-12 22:00:00,RAIN_ALL,6,163,21.79,40.06,18.28,22.81,38.7,15.88,18.97,33.74,14.77,27.41,28.94,1.53,8.4,960.0,14.0,263.2,27.26,27.91,0.65,4.1,900.0,14.0,273.9,23.62,24.2,0.57,3.9,900.0,8.0,188.2,4.0,0.1,13.3,8.8
8C1F640980000060,2026-07-01 03:00:00,RAIN_ALL,7,182,21.79,40.06,18.28,22.81,38.7,15.88,18.97,33.74,14.77,28.3,28.22,-0.08,-0.4,0.0,0.0,19.5,28.73,28.68,-0.05,-0.3,30.0,0.0,,24.2,24.21,0.02,0.1,30.0,1.0,19.7,36.9,36.7,38.2,36.7
8C1F640980000060,2026-07-17 08:00:00,RAIN_ALL,7,198,21.79,40.06,18.28,22.81,38.7,15.88,18.97,33.74,14.77,35.0,42.08,7.08,38.7,690.0,47.0,953.6,35.48,35.16,-0.32,-2.0,0.0,0.0,18.9,33.27,33.08,-0.19,-1.3,120.0,0.0,22.2,4.9,0.8,5.2,2.7
8C1F640980000060,2024-02-05 03:00:00,RAIN_HEAD,2,36,21.79,40.06,18.28,22.81,38.7,15.88,18.97,33.74,14.77,30.2,30.25,0.05,0.2,600.0,2.0,52.3,28.23,28.29,0.06,0.4,600.0,2.0,52.3,23.21,23.3,0.08,0.6,1140.0,1.0,43.3,9.3,1.1,9.3,1.1
8C1F640980000060,2024-02-22 07:00:00,RAIN_HEAD,2,53,21.79,40.06,18.28,22.81,38.7,15.88,18.97,33.74,14.77,33.38,39.46,6.08,33.3,720.0,,10.4,29.6,34.07,4.47,28.1,780.0,,10.2,24.3,25.91,1.61,10.9,1410.0,,,7.35,0.91,10.84,0.91
8C1F640980000060,2024-03-16 15:00:00,RAIN_HEAD,3,76,21.79,40.06,18.28,22.81,38.7,15.88,18.97,33.74,14.77,31.89,31.99,0.1,0.5,0.0,1.5,20.0,29.06,29.06,-0.0,-0.0,90.0,0.0,,23.15,23.23,0.08,0.5,1200.0,5.0,69.7,6.3,2.0,7.8,3.4
8C1F640980000060,2024-03-23 14:00:00,RAIN_HEAD,3,83,21.79,40.06,18.28,22.81,38.7,15.88,18.97,33.74,14.77,30.17,30.2,0.03,0.2,0.0,0.5,7.9,28.73,28.92,0.2,1.2,150.0,13.0,44.2,23.05,23.16,0.11,0.7,1110.0,30.0,186.1,2.48,5.37,3.28,7.77
8C1F640980000060,2024-03-27 19:00:00,RAIN_HEAD,3,87,21.79,40.06,18.28,22.81,38.7,15.88,18.97,33.74,14.77,28.81,31.36,2.55,13.9,1290.0,,,28.31,28.37,0.06,0.3,1290.0,4.0,27.4,22.72,22.77,0.05,0.3,1050.0,51.5,81.8,15.28,0.0,15.38,0.17
8C1F640980000060,2024-05-02 18:00:00,RAIN_HEAD,5,123,21.79,40.06,18.28,22.81,38.7,15.88,18.97,33.74,14.77,38.46,38.43,-0.03,-0.2,0.0,0.0,15.9,35.86,35.88,0.02,0.1,0.0,1.5,30.1,28.5,28.46,-0.04,-0.2,0.0,0.0,15.9,5.7,8.5,5.7,13.07
8C1F640980000060,2024-05-16 18:00:00,RAIN_HEAD,5,137,21.79,40.06,18.28,22.81,38.7,15.88,18.97,33.74,14.77,39.87,40.79,0.92,5.0,120.0,24.5,345.5,38.87,38.95,0.08,0.5,360.0,3.0,51.7,33.51,33.24,-0.27,-1.8,0.0,0.0,16.5,7.5,12.44,7.5,16.96
8C1F640980000060,2024-05-17 05:00:00,RAIN_HEAD,5,138,21.79,40.06,18.28,22.81,38.7,15.88,18.97,33.74,14.77,40.2,40.29,0.09,0.5,180.0,3.0,59.5,38.87,38.83,-0.04,-0.3,0.0,0.0,13.6,32.9,32.88,-0.02,-0.1,60.0,0.0,14.1,13.34,7.9,13.34,10.92
8C1F640980000060,2024-05-21 14:00:00,RAIN_HEAD,5,142,21.79,40.06,18.28,22.81,38.7,15.88,18.97,33.74,14.77,38.25,38.26,0.01,0.1,60.0,3.0,72.5,35.43,35.61,0.18,1.1,240.0,1.0,32.3,30.06,30.26,0.2,1.4,300.0,3.0,58.7,5.4,14.96,8.02,25.76
8C1F640980000060,2024-05-23 23:00:00,RAIN_HEAD,5,144,21.79,40.06,18.28,22.81,38.7,15.88,18.97,33.74,14.77,37.02,38.44,1.42,7.8,420.0,39.0,637.7,33.02,32.71,-0.3,-1.9,0.0,0.0,13.0,28.93,28.78,-0.15,-1.0,0.0,0.0,13.0,6.6,7.8,25.16,8.2
8C1F640980000060,2024-06-01 09:00:00,RAIN_HEAD,6,153,21.79,40.06,18.28,22.81,38.7,15.88,18.97,33.74,14.77,41.34,41.89,0.55,3.0,1020.0,7.0,127.9,38.08,39.81,1.73,10.9,1260.0,54.5,932.3,30.23,34.21,3.98,26.9,1440.0,80.5,1378.1,39.6,14.52,55.86,14.52
8C1F640980000060,2024-06-05 10:00:00,RAIN_HEAD,6,157,21.79,40.06,18.28,22.81,38.7,15.88,18.97,33.74,14.77,39.14,39.12,-0.02,-0.1,0.0,0.0,18.8,37.21,37.17,-0.04,-0.3,30.0,0.0,,30.98,31.05,0.07,0.4,30.0,1.0,19.1,2.5,4.1,11.37,4.54
8C1F640980000060,2024-06-15 08:00:00,RAIN_HEAD,6,167,21.79,40.06,18.28,22.81,38.7,15.88,18.97,33.74,14.77,23.47,23.71,0.24,1.3,420.0,6.0,122.6,22.42,22.71,0.29,1.8,300.0,5.0,119.3,20.3,20.4,0.1,0.7,180.0,3.0,82.4,7.87,0.0,10.32,7.02
8C1F640980000060,2024-06-17 12:00:00,RAIN_HEAD,6,169,21.79,40.06,18.28,22.81,38.7,15.88,18.97,33.74,14.77,22.89,23.16,0.27,1.4,210.0,7.0,136.1,22.07,22.36,0.29,1.9,210.0,7.0,136.1,19.44,19.56,0.12,0.8,0.0,6.5,153.7,6.72,0.3,14.59,21.83
8C1F640980000060,2024-06-19 01:00:00,RAIN_HEAD,6,171,21.79,40.06,18.28,22.81,38.7,15.88,18.97,33.74,14.77,22.89,22.83,-0.06,-0.3,840.0,0.0,24.1,22.16,22.31,0.14,0.9,900.0,4.0,104.7,19.1,19.2,0.1,0.7,1080.0,1.0,37.7,21.53,0.0,28.55,24.87
8C1F640980000060,2024-06-30 05:00:00,RAIN_HEAD,6,182,21.79,40.06,18.28,22.81,38.7,15.88,18.97,33.74,14.77,34.09,33.86,-0.23,-1.3,0.0,0.0,22.3,29.66,29.76,0.1,0.6,0.0,0.5,22.3,26.34,26.22,-0.12,-0.8,0.0,0.0,22.3,2.53,15.38,15.33,23.33
8C1F640980000060,2024-06-30 15:00:00,RAIN_HEAD,6,182,21.79,40.06,18.28,22.81,38.7,15.88,18.97,33.74,14.77,32.47,32.23,-0.24,-1.3,0.0,0.0,20.7,28.62,28.37,-0.25,-1.6,0.0,0.0,20.7,25.77,25.62,-0.15,-1.0,0.0,0.0,20.7,11.83,15.03,19.03,17.48
8C1F640980000060,2024-07-06 16:00:00,RAIN_HEAD,7,188,21.79,40.06,18.28,22.81,38.7,15.88,18.97,33.74,14.77,26.75,26.53,-0.22,-1.2,0.0,0.0,21.0,23.77,24.03,0.26,1.6,0.0,1.0,41.1,20.66,20.58,-0.08,-0.5,0.0,0.0,21.0,3.9,5.45,11.82,5.45
8C1F640980000060,2024-07-10 20:00:00,RAIN_HEAD,7,192,21.79,40.06,18.28,22.81,38.7,15.88,18.97,33.74,14.77,23.53,25.46,1.93,10.6,1080.0,54.0,1132.6,22.65,22.96,0.31,2.0,1080.0,7.5,188.4,18.97,19.2,0.23,1.6,1020.0,6.5,172.2,11.57,11.8,12.67,26.11
8C1F640980000060,2024-07-16 00:00:00,RAIN_HEAD,7,198,21.79,40.06,18.28,22.81,38.7,15.88,18.97,33.74,14.77,23.32,23.22,-0.1,-0.5,0.0,0.0,19.5,22.45,22.56,0.11,0.7,720.0,2.0,77.4,18.42,18.48,0.06,0.4,840.0,2.0,77.5,3.44,6.52,7.87,6.52
8C1F640980000060,2024-07-28 00:00:00,RAIN_HEAD,7,210,21.79,40.06,18.28,22.81,38.7,15.88,18.97,33.74,14.77,34.24,34.2,-0.04,-0.2,750.0,0.0,,33.58,33.55,-0.03,-0.2,0.0,0.0,20.8,28.25,28.1,-0.15,-1.0,750.0,0.0,,10.03,0.0,12.07,0.0
8C1F640980000060,2024-08-14 17:00:00,RAIN_HEAD,8,227,21.79,40.06,18.28,22.81,38.7,15.88,18.97,33.74,14.77,34.36,34.13,-0.23,-1.3,0.0,0.0,27.6,33.16,33.05,-0.11,-0.7,60.0,0.0,26.0,27.28,27.25,-0.03,-0.2,0.0,0.0,27.6,6.1,4.8,6.1,4.8
8C1F640980000060,2024-08-18 10:00:00,RAIN_HEAD,8,231,21.79,40.06,18.28,22.81,38.7,15.88,18.97,33.74,14.77,29.06,29.18,0.12,0.7,210.0,2.0,45.8,29.64,29.66,0.02,0.1,210.0,1.0,22.9,24.07,24.18,0.11,0.8,150.0,3.0,68.4,9.7,3.75,9.7,3.75
8C1F640980000060,2024-08-25 07:00:00,RAIN_HEAD,8,238,21.79,40.06,18.28,22.81,38.7,15.88,18.97,33.74,14.77,37.23,36.98,-0.25,-1.4,0.0,0.0,19.8,36.39,36.36,-0.03,-0.2,0.0,0.0,19.8,30.29,30.15,-0.14,-0.9,0.0,0.0,19.8,4.36,3.6,4.36,3.6
8C1F640980000060,2024-09-08 22:00:00,RAIN_HEAD,9,252,21.79,40.06,18.28,22.81,38.7,15.88,18.97,33.74,14.77,26.38,26.16,-0.22,-1.2,0.0,0.0,15.7,26.14,26.11,-0.04,-0.2,0.0,0.0,15.7,21.26,21.1,-0.16,-1.1,0.0,0.0,15.7,13.3,22.24,14.68,31.0
8C1F640980000060,2024-09-14 05:00:00,RAIN_HEAD,9,258,21.79,40.06,18.28,22.81,38.7,15.88,18.97,33.74,14.77,24.12,24.21,0.09,0.5,600.0,5.0,71.2,23.88,24.01,0.13,0.8,0.0,1.0,19.7,19.31,19.3,-0.01,-0.1,60.0,0.0,9.9,4.57,0.0,9.39,22.64
8C1F640980000060,2024-09-16 00:00:00,RAIN_HEAD,9,260,21.79,40.06,18.28,22.81,38.7,15.88,18.97,33.74,14.77,24.32,26.76,2.45,13.4,1440.0,,13.0,23.68,23.82,0.14,0.9,0.0,1.5,21.8,19.08,19.0,-0.08,-0.5,0.0,0.0,11.0,19.56,0.0,25.78,0.0
8C1F640980000060,2024-10-07 10:00:00,RAIN_HEAD,10,281,21.79,40.06,18.28,22.81,38.7,15.88,18.97,33.74,14.77,36.16,37.83,1.66,9.1,1440.0,,18.2,35.97,36.29,0.32,2.0,930.0,,,30.38,30.68,0.3,2.1,570.0,8.0,114.3,4.3,11.82,4.58,21.95
8C1F640980000060,2024-10-13 04:00:00,RAIN_HEAD,10,287,21.79,40.06,18.28,22.81,38.7,15.88,18.97,33.74,14.77,38.07,39.05,0.98,5.4,510.0,14.0,94.7,36.93,37.33,0.4,2.5,750.0,6.0,40.8,30.74,31.04,0.3,2.0,510.0,6.0,58.8,5.66,0.0,11.99,4.3
8C1F640980000060,2024-10-14 18:00:00,RAIN_HEAD,10,288,21.79,40.06,18.28,22.81,38.7,15.88,18.97,33.74,14.77,38.49,39.46,0.97,5.3,180.0,22.5,253.8,36.56,37.76,1.2,7.6,1170.0,36.5,423.9,30.5,31.19,0.69,4.7,1290.0,60.0,705.1,4.3,0.0,9.96,0.0
8C1F640980000060,2024-11-18 10:00:00,RAIN_HEAD,11,323,21.79,40.06,18.28,22.81,38.7,15.88,18.97,33.74,14.77,32.36,38.04,5.68,31.1,1140.0,,6.4,31.39,33.18,1.79,11.2,1440.0,,8.0,26.2,26.32,0.12,0.8,1440.0,,8.0,9.37,10.17,12.04,12.42
8C1F640980000060,2024-11-26 04:00:00,RAIN_HEAD,11,331,21.79,40.06,18.28,22.81,38.7,15.88,18.97,33.74,14.77,34.3,35.56,1.27,6.9,660.0,76.5,466.8,33.52,33.79,0.27,1.7,720.0,6.0,49.0,28.23,28.33,0.1,0.7,600.0,6.0,56.3,5.27,0.0,6.08,1.46
8C1F640980000060,2024-12-02 22:00:00,RAIN_HEAD,12,337,21.79,40.06,18.28,22.81,38.7,15.88,18.97,33.74,14.77,32.81,34.69,1.88,10.3,1380.0,,3.3,32.23,32.5,0.27,1.7,1200.0,9.0,18.8,27.3,27.36,0.06,0.4,1080.0,3.0,17.9,6.89,0.4,10.04,15.76
8C1F640980000060,2024-12-06 00:00:00,RAIN_HEAD,12,341,21.79,40.06,18.28,22.81,38.7,15.88,18.97,33.74,14.77,33.71,38.69,4.98,27.2,360.0,95.5,359.9,32.16,35.79,3.63,22.9,1260.0,,4.6,27.18,29.17,1.99,13.5,1410.0,,,6.96,8.87,8.16,16.37
8C1F640980000060,2024-12-15 21:00:00,RAIN_HEAD,12,350,21.79,40.06,18.28,22.81,38.7,15.88,18.97,33.74,14.77,32.59,33.22,0.63,3.4,1410.0,,,32.22,32.42,0.2,1.3,1230.0,108.5,613.4,27.56,27.65,0.09,0.6,1350.0,33.5,201.1,2.28,0.64,4.02,6.76
8C1F640980000060,2024-12-19 19:00:00,RAIN_HEAD,12,354,21.79,40.06,18.28,22.81,38.7,15.88,18.97,33.74,14.77,33.62,34.59,0.97,5.3,1080.0,14.0,23.3,32.51,32.66,0.15,0.9,210.0,3.0,10.8,27.68,27.71,0.04,0.2,90.0,1.0,5.4,4.2,0.5,6.12,12.92
8C1F640980000060,2024-12-22 13:00:00,RAIN_HEAD,12,357,21.79,40.06,18.28,22.81,38.7,15.88,18.97,33.74,14.77,35.88,36.69,0.81,4.4,270.0,6.5,10.7,32.41,33.13,0.72,4.5,840.0,54.0,84.5,27.43,27.6,0.17,1.2,1440.0,59.0,108.6,9.22,3.3,12.62,4.9
8C1F640980000060,2025-01-02 08:00:00,RAIN_HEAD,1,2,21.79,40.06,18.28,22.81,38.7,15.88,18.97,33.74,14.77,30.79,35.72,4.93,27.0,360.0,,0.0,30.65,32.92,2.27,14.3,1050.0,,,26.25,27.22,0.97,6.6,1350.0,,,10.23,4.78,10.23,14.04
8C1F640980000060,2025-01-05 07:00:00,RAIN_HEAD,1,5,21.79,40.06,18.28,22.81,38.7,15.88,18.97,33.74,14.77,33.05,37.72,4.67,25.5,210.0,140.0,442.5,32.05,36.55,4.5,28.3,270.0,152.5,442.2,27.18,30.46,3.29,22.2,450.0,,,6.74,2.8,17.24,6.83
8C1F640980000060,2025-01-23 07:00:00,RAIN_HEAD,1,23,21.79,40.06,18.28,22.81,38.7,15.88,18.97,33.74,14.77,30.07,30.68,0.61,3.3,1440.0,,3.2,30.14,30.25,0.11,0.7,870.0,0.5,-0.2,25.66,25.68,0.02,0.1,0.0,0.5,2.9,4.44,0.81,5.56,6.76
8C1F640980000060,2025-01-27 07:00:00,RAIN_HEAD,1,27,21.79,40.06,18.28,22.81,38.7,15.88,18.97,33.74,14.77,31.61,35.23,3.62,19.8,690.0,150.5,443.1,30.79,31.53,0.75,4.7,1230.0,,,25.97,26.34,0.37,2.5,1410.0,,,6.58,5.59,8.86,6.87
8C1F640980000060,2025-02-11 14:00:00,RAIN_HEAD,2,42,21.79,40.06,18.28,22.81,38.7,15.88,18.97,33.74,14.77,30.96,35.27,4.31,23.6,1410.0,137.5,64.7,30.42,30.64,0.22,1.4,1350.0,,,25.66,25.8,0.14,0.9,1350.0,,,7.51,10.48,14.51,10.88
8C1F640980000060,2025-03-10 16:00:00,RAIN_HEAD,3,69,21.79,40.06,18.28,22.81,38.7,15.88,18.97,33.74,14.77,33.02,33.17,0.15,0.8,1410.0,4.5,47.2,32.52,32.54,0.02,0.2,510.0,1.0,7.0,27.31,27.39,0.08,0.5,1350.0,3.5,48.0,5.83,4.14,5.83,5.96
8C1F640980000060,2025-03-25 01:00:00,RAIN_HEAD,3,84,21.79,40.06,18.28,22.81,38.7,15.88,18.97,33.74,14.77,31.78,32.54,0.76,4.2,930.0,13.5,103.7,31.79,32.14,0.35,2.2,990.0,10.5,79.2,26.7,26.87,0.18,1.2,750.0,8.5,104.8,5.05,4.17,10.5,4.17
8C1F640980000060,2025-04-24 01:00:00,RAIN_HEAD,4,114,21.79,40.06,18.28,22.81,38.7,15.88,18.97,33.74,14.77,38.23,38.23,-0.0,-0.0,750.0,0.0,,35.96,35.71,-0.25,-1.6,0.0,0.0,10.0,29.98,29.94,-0.04,-0.3,0.0,0.0,10.0,6.02,1.61,6.42,2.41
8C1F640980000060,2025-05-25 08:00:00,RAIN_HEAD,5,145,21.79,40.06,18.28,22.81,38.7,15.88,18.97,33.74,14.77,37.92,37.85,-0.07,-0.4,0.0,0.0,12.6,33.65,33.54,-0.11,-0.7,0.0,0.0,12.6,30.48,30.47,-0.02,-0.1,0.0,0.0,12.6,3.63,5.25,3.63,9.32
8C1F640980000060,2025-05-28 19:00:00,RAIN_HEAD,5,148,21.79,40.06,18.28,22.81,38.7,15.88,18.97,33.74,14.77,33.23,33.19,-0.05,-0.2,0.0,0.0,14.5,28.48,28.6,0.12,0.8,150.0,1.0,12.0,26.36,26.32,-0.04,-0.2,0.0,0.0,14.5,27.77,12.5,28.72,14.0
8C1F640980000060,2025-06-02 02:00:00,RAIN_HEAD,6,153,21.79,40.06,18.28,22.81,38.7,15.88,18.97,33.74,14.77,30.96,30.92,-0.04,-0.2,0.0,0.0,16.4,27.47,27.49,0.02,0.1,600.0,1.0,43.3,24.48,24.48,0.0,0.0,210.0,1.0,17.8,12.74,35.19,14.53,54.14
8C1F640980000060,2025-06-02 12:00:00,RAIN_HEAD,6,153,21.79,40.06,18.28,22.81,38.7,15.88,18.97,33.74,14.77,30.83,30.91,0.08,0.4,180.0,5.0,120.0,27.29,27.49,0.2,1.3,0.0,2.0,65.1,24.36,24.45,0.09,0.6,60.0,1.0,43.5,32.47,5.7,35.96,24.65
8C1F640980000060,2025-06-08 09:00:00,RAIN_HEAD,6,159,21.79,40.06,18.28,22.81,38.7,15.88,18.97,33.74,14.77,38.6,38.48,-0.12,-0.7,0.0,0.0,16.1,36.7,36.44,-0.26,-1.6,0.0,0.0,16.1,31.7,31.51,-0.19,-1.3,0.0,0.0,16.1,4.18,3.3,5.06,3.3
8C1F640980000060,2025-06-15 17:00:00,RAIN_HEAD,6,166,21.79,40.06,18.28,22.81,38.7,15.88,18.97,33.74,14.77,29.36,29.33,-0.03,-0.2,0.0,0.0,24.1,26.38,26.41,0.04,0.2,90.0,1.0,20.7,22.3,22.22,-0.08,-0.5,30.0,0.0,,11.45,11.5,11.45,11.5
8C1F640980000060,2025-07-16 19:00:00,RAIN_HEAD,7,197,21.79,40.06,18.28,22.81,38.7,15.88,18.97,33.74,14.77,39.25,41.24,1.99,10.9,450.0,32.5,635.2,38.3,38.39,0.09,0.6,630.0,7.0,129.4,32.99,32.71,-0.28,-1.9,0.0,0.0,15.7,7.3,0.0,11.4,3.5
8C1F640980000060,2025-08-29 05:00:00,RAIN_HEAD,8,241,21.79,40.06,18.28,22.81,38.7,15.88,18.97,33.74,14.77,40.12,40.73,0.61,3.3,300.0,4.5,102.7,38.89,38.88,-0.01,-0.1,0.0,0.0,16.1,34.38,34.29,-0.09,-0.6,0.0,0.0,16.1,10.78,1.9,13.03,1.9
8C1F640980000060,2025-09-02 12:00:00,RAIN_HEAD,9,245,21.79,40.06,18.28,22.81,38.7,15.88,18.97,33.74,14.77,29.68,42.43,12.75,69.7,30.0,,,28.56,39.01,10.45,65.8,30.0,56.0,1004.3,24.27,24.23,-0.04,-0.3,210.0,0.0,,9.33,0.0,9.33,22.96
8C1F640980000060,2025-09-04 22:00:00,RAIN_HEAD,9,247,21.79,40.06,18.28,22.81,38.7,15.88,18.97,33.74,14.77,32.54,39.59,7.05,38.6,600.0,57.5,937.5,29.62,29.67,0.05,0.3,300.0,1.0,30.9,23.16,23.28,0.12,0.8,780.0,1.0,35.7,20.98,0.0,26.86,0.0
8C1F640980000060,2025-09-12 05:00:00,RAIN_HEAD,9,255,21.79,40.06,18.28,22.81,38.7,15.88,18.97,33.74,14.77,40.34,40.44,0.1,0.6,300.0,4.0,93.4,38.88,38.86,-0.02,-0.2,240.0,0.0,16.6,34.2,34.03,-0.17,-1.2,0.0,0.0,11.9,4.8,0.0,9.9,8.0
8C1F640980000060,2025-09-14 03:00:00,RAIN_HEAD,9,257,21.79,40.06,18.28,22.81,38.7,15.88,18.97,33.74,14.77,38.28,39.72,1.44,7.9,720.0,46.0,770.2,35.04,35.07,0.03,0.2,180.0,1.0,26.0,30.53,30.46,-0.07,-0.5,0.0,0.0,14.0,7.7,0.3,12.4,0.3
8C1F640980000060,2025-09-21 21:00:00,RAIN_HEAD,9,264,21.79,40.06,18.28,22.81,38.7,15.88,18.97,33.74,14.77,30.33,44.32,13.99,76.5,810.0,,,27.81,41.29,13.48,84.9,930.0,,,23.12,27.04,3.92,26.6,1410.0,,,20.3,2.4,20.3,32.6
8C1F640980000060,2025-09-24 16:00:00,RAIN_HEAD,9,267,21.79,40.06,18.28,22.81,38.7,15.88,18.97,33.74,14.77,38.84,43.02,4.19,22.9,210.0,74.0,886.2,36.52,41.6,5.08,32.0,330.0,112.5,1360.1,26.3,37.56,11.26,76.2,600.0,,10.3,10.5,19.9,33.2,20.6
8C1F640980000060,2025-09-25 07:00:00,RAIN_HEAD,9,268,21.79,40.06,18.28,22.81,38.7,15.88,18.97,33.74,14.77,40.78,41.05,0.27,1.5,60.0,5.0,67.2,40.14,39.97,-0.17,-1.1,0.0,0.0,10.0,37.2,36.97,-0.23,-1.6,0.0,0.0,10.0,30.2,1.4,38.9,1.4
8C1F640980000060,2025-09-30 04:00:00,RAIN_HEAD,9,273,21.79,40.06,18.28,22.81,38.7,15.88,18.97,33.74,14.77,38.31,39.19,0.88,4.8,600.0,32.5,327.0,36.63,36.59,-0.04,-0.3,0.0,0.0,10.2,31.02,30.99,-0.03,-0.2,0.0,0.0,10.2,7.1,0.0,7.1,0.0
8C1F640980000060,2025-10-04 13:00:00,RAIN_HEAD,10,277,21.79,40.06,18.28,22.81,38.7,15.88,18.97,33.74,14.77,35.72,36.02,0.3,1.6,240.0,4.0,53.2,32.63,32.83,0.2,1.3,180.0,1.0,24.7,27.55,27.54,-0.01,-0.1,120.0,0.0,13.4,5.9,3.2,5.9,11.8
8C1F640980000060,2025-10-21 05:00:00,RAIN_HEAD,10,294,21.79,40.06,18.28,22.81,38.7,15.88,18.97,33.74,14.77,38.36,38.43,0.07,0.4,600.0,6.5,94.0,37.27,37.29,0.02,0.1,540.0,1.0,30.6,32.23,32.21,-0.02,-0.1,60.0,0.0,11.0,3.0,5.1,4.2,18.2
8C1F640980000060,2025-10-27 14:00:00,RAIN_HEAD,10,300,21.79,40.06,18.28,22.81,38.7,15.88,18.97,33.74,14.77,40.53,40.5,-0.03,-0.1,0.0,0.0,9.1,38.8,38.94,0.14,0.9,450.0,9.5,74.0,33.41,33.79,0.38,2.6,1260.0,64.5,660.0,9.9,5.3,15.4,8.5
8C1F640980000060,2025-11-02 02:00:00,RAIN_HEAD,11,306,21.79,40.06,18.28,22.81,38.7,15.88,18.97,33.74,14.77,39.1,41.69,2.59,14.2,1110.0,55.5,424.8,38.24,39.35,1.11,7.0,1350.0,80.0,549.9,33.23,33.93,0.7,4.7,1410.0,106.5,675.4,12.3,0.0,14.0,0.0
8C1F640980000060,2025-11-23 22:00:00,RAIN_HEAD,11,327,21.79,40.06,18.28,22.81,38.7,15.88,18.97,33.74,14.77,34.96,39.03,4.07,22.3,1350.0,,,34.45,35.1,0.65,4.1,1410.0,,,29.94,29.92,-0.02,-0.1,300.0,0.0,0.4,9.1,2.1,9.1,4.9
8C1F640980000060,2025-11-29 00:00:00,RAIN_HEAD,11,333,21.79,40.06,18.28,22.81,38.7,15.88,18.97,33.74,14.77,37.28,38.3,1.02,5.6,960.0,86.0,295.0,35.81,36.35,0.54,3.4,1440.0,99.5,287.6,30.77,30.93,0.16,1.0,1440.0,119.5,317.5,4.6,0.6,4.8,4.7
8C1F640980000060,2025-11-30 18:00:00,RAIN_HEAD,11,334,21.79,40.06,18.28,22.81,38.7,15.88,18.97,33.74,14.77,38.05,38.19,0.14,0.8,1260.0,6.0,10.9,36.31,36.47,0.16,1.0,1080.0,4.0,20.3,30.98,31.14,0.16,1.1,1200.0,50.0,135.2,4.4,0.0,9.3,0.0
8C1F640980000060,2026-01-09 03:00:00,RAIN_HEAD,1,9,21.79,40.06,18.28,22.81,38.7,15.88,18.97,33.74,14.77,31.9,38.73,6.83,37.4,60.0,,1.0,31.62,37.33,5.71,36.0,660.0,,4.3,27.48,30.03,2.55,17.3,1410.0,,,9.7,5.5,9.8,9.3
8C1F640980000060,2026-01-12 18:00:00,RAIN_HEAD,1,12,21.79,40.06,18.28,22.81,38.7,15.88,18.97,33.74,14.77,34.02,38.22,4.2,23.0,1200.0,,5.1,33.72,35.73,2.01,12.7,1380.0,138.0,306.7,29.41,30.09,0.68,4.6,1380.0,136.0,301.2,5.4,1.2,7.8,4.2
8C1F640980000060,2026-01-26 03:00:00,RAIN_HEAD,1,26,21.79,40.06,18.28,22.81,38.7,15.88,18.97,33.74,14.77,32.3,32.28,-0.02,-0.1,0.0,0.0,-1.6,32.19,32.25,0.06,0.4,480.0,1.0,0.6,28.12,28.23,0.11,0.8,30.0,1.0,-1.7,8.0,18.8,8.2,20.0
8C1F640980000060,2026-01-29 05:00:00,RAIN_HEAD,1,29,21.79,40.06,18.28,22.81,38.7,15.88,18.97,33.74,14.77,36.12,36.53,0.41,2.2,870.0,11.5,1.9,32.91,33.49,0.58,3.7,1380.0,,0.6,28.14,28.52,0.38,2.5,1440.0,,0.7,7.0,0.0,8.3,0.0
8C1F640980000060,2026-02-19 08:00:00,RAIN_HEAD,2,50,21.79,40.06,18.28,22.81,38.7,15.88,18.97,33.74,14.77,36.6,37.74,1.14,6.2,870.0,,,35.34,35.39,0.05,0.3,0.0,1.0,-0.1,30.35,30.33,-0.02,-0.1,0.0,0.0,-0.1,5.6,0.2,13.4,8.9
8C1F640980000060,2026-03-16 15:00:00,RAIN_HEAD,3,75,21.79,40.06,18.28,22.81,38.7,15.88,18.97,33.74,14.77,36.37,36.92,0.55,3.0,1410.0,15.0,58.5,34.84,34.88,0.05,0.3,0.0,1.0,9.0,29.71,29.66,-0.05,-0.3,180.0,0.0,4.5,3.1,0.0,4.5,0.0
8C1F640980000060,2026-03-25 15:00:00,RAIN_HEAD,3,84,21.79,40.06,18.28,22.81,38.7,15.88,18.97,33.74,14.77,36.09,36.11,0.02,0.1,0.0,3.5,23.0,34.64,34.77,0.13,0.9,90.0,1.0,6.3,29.6,29.67,0.07,0.5,30.0,1.0,6.3,5.8,4.7,5.8,5.3
8C1F640980000060,2026-05-13 20:00:00,RAIN_HEAD,5,133,21.79,40.06,18.28,22.81,38.7,15.88,18.97,33.74,14.77,36.7,36.4,-0.3,-1.6,0.0,0.0,9.8,35.37,35.02,-0.35,-2.2,180.0,0.0,8.7,32.47,32.26,-0.21,-1.4,0.0,0.0,9.8,3.3,7.2,11.5,11.7
8C1F640980000060,2026-05-31 19:00:00,RAIN_HEAD,5,151,21.79,40.06,18.28,22.81,38.7,15.88,18.97,33.74,14.77,30.91,30.77,-0.14,-0.8,0.0,0.0,17.6,30.3,30.21,-0.09,-0.6,60.0,0.0,18.3,27.07,27.08,0.01,0.1,360.0,1.0,30.0,10.5,11.1,10.6,17.1
8C1F640980000060,2026-06-09 08:00:00,RAIN_HEAD,6,160,21.79,40.06,18.28,22.81,38.7,15.88,18.97,33.74,14.77,29.02,29.17,0.15,0.8,390.0,3.0,58.8,28.82,29.05,0.23,1.4,390.0,3.0,58.8,25.52,25.45,-0.07,-0.4,150.0,0.0,,4.7,0.4,4.9,9.7
8C1F640980000060,2026-06-11 11:00:00,RAIN_HEAD,6,162,21.79,40.06,18.28,22.81,38.7,15.88,18.97,33.74,14.77,27.46,28.21,0.75,4.1,210.0,8.5,127.9,27.64,27.92,0.28,1.7,0.0,6.0,113.4,24.12,24.37,0.25,1.7,0.0,5.0,97.7,4.6,4.7,9.7,8.8
8C1F640980000060,2026-07-01 03:00:00,RAIN_HEAD,7,182,21.79,40.06,18.28,22.81,38.7,15.88,18.97,33.74,14.77,28.3,28.22,-0.08,-0.4,0.0,0.0,19.5,28.73,28.68,-0.05,-0.3,30.0,0.0,,24.2,24.21,0.02,0.1,30.0,1.0,19.7,36.9,36.7,38.2,36.7
8C1F640980000060,2026-07-17 08:00:00,RAIN_HEAD,7,198,21.79,40.06,18.28,22.81,38.7,15.88,18.97,33.74,14.77,35.0,42.08,7.08,38.7,690.0,47.0,953.6,35.48,35.16,-0.32,-2.0,0.0,0.0,18.9,33.27,33.08,-0.19,-1.3,120.0,0.0,22.2,4.9,0.8,5.2,2.7
8C1F640980000060,2024-02-05 03:00:00,RAIN_TAIL,2,36,21.79,40.06,18.28,22.81,38.7,15.88,18.97,33.74,14.77,30.2,30.25,0.05,0.2,600.0,2.0,52.3,28.23,28.29,0.06,0.4,600.0,2.0,52.3,23.21,23.3,0.08,0.6,1140.0,1.0,43.3,9.3,1.1,9.3,1.1
8C1F640980000060,2024-02-22 07:00:00,RAIN_TAIL,2,53,21.79,40.06,18.28,22.81,38.7,15.88,18.97,33.74,14.77,33.38,39.46,6.08,33.3,720.0,,10.4,29.6,34.07,4.47,28.1,780.0,,10.2,24.3,25.91,1.61,10.9,1410.0,,,7.35,0.91,10.84,0.91
8C1F640980000060,2024-03-16 15:00:00,RAIN_TAIL,3,76,21.79,40.06,18.28,22.81,38.7,15.88,18.97,33.74,14.77,31.89,31.99,0.1,0.5,0.0,1.5,20.0,29.06,29.06,-0.0,-0.0,90.0,0.0,,23.15,23.23,0.08,0.5,1200.0,5.0,69.7,6.3,2.0,7.8,3.4
8C1F640980000060,2024-03-24 12:00:00,RAIN_TAIL,3,84,21.79,40.06,18.28,22.81,38.7,15.88,18.97,33.74,14.77,29.53,29.67,0.14,0.8,0.0,0.5,7.2,28.66,28.64,-0.02,-0.1,30.0,0.0,,23.14,23.14,0.0,0.0,0.0,0.0,7.2,5.07,3.5,6.15,3.5
8C1F640980000060,2024-03-27 19:00:00,RAIN_TAIL,3,87,21.79,40.06,18.28,22.81,38.7,15.88,18.97,33.74,14.77,28.81,31.36,2.55,13.9,1290.0,,,28.31,28.37,0.06,0.3,1290.0,4.0,27.4,22.72,22.77,0.05,0.3,1050.0,51.5,81.8,15.28,0.0,15.38,0.17
8C1F640980000060,2024-04-04 11:00:00,RAIN_TAIL,4,95,21.79,40.06,18.28,22.81,38.7,15.88,18.97,33.74,14.77,30.3,30.95,0.65,3.6,300.0,,12.7,28.7,29.07,0.38,2.4,1230.0,,,22.96,23.04,0.08,0.5,1410.0,8.0,162.6,5.4,1.04,7.6,1.24
8C1F640980000060,2024-04-21 06:00:00,RAIN_TAIL,4,112,21.79,40.06,18.28,22.81,38.7,15.88,18.97,33.74,14.77,38.32,39.54,1.22,6.7,780.0,29.5,107.6,36.62,38.11,1.49,9.4,1140.0,27.5,89.5,28.99,29.71,0.72,4.9,1440.0,34.5,187.2,9.43,0.0,20.5,0.9
8C1F640980000060,2024-05-02 18:00:00,RAIN_TAIL,5,123,21.79,40.06,18.28,22.81,38.7,15.88,18.97,33.74,14.77,38.46,38.43,-0.03,-0.2,0.0,0.0,15.9,35.86,35.88,0.02,0.1,0.0,1.5,30.1,28.5,28.46,-0.04,-0.2,0.0,0.0,15.9,5.7,8.5,5.7,13.07
8C1F640980000060,2024-05-17 05:00:00,RAIN_TAIL,5,138,21.79,40.06,18.28,22.81,38.7,15.88,18.97,33.74,14.77,40.2,40.29,0.09,0.5,180.0,3.0,59.5,38.87,38.83,-0.04,-0.3,0.0,0.0,13.6,32.9,32.88,-0.02,-0.1,60.0,0.0,14.1,13.34,7.9,13.34,10.92
8C1F640980000060,2024-05-17 14:00:00,RAIN_TAIL,5,138,21.79,40.06,18.28,22.81,38.7,15.88,18.97,33.74,14.77,40.11,40.22,0.11,0.6,1230.0,5.0,82.6,38.71,38.69,-0.02,-0.1,0.0,0.0,14.8,32.73,32.7,-0.03,-0.2,0.0,0.0,14.8,6.3,1.72,20.34,2.92
8C1F640980000060,2024-05-21 14:00:00,RAIN_TAIL,5,142,21.79,40.06,18.28,22.81,38.7,15.88,18.97,33.74,14.77,38.25,38.26,0.01,0.1,60.0,3.0,72.5,35.43,35.61,0.18,1.1,240.0,1.0,32.3,30.06,30.26,0.2,1.4,300.0,3.0,58.7,5.4,14.96,8.02,25.76
8C1F640980000060,2024-05-23 23:00:00,RAIN_TAIL,5,144,21.79,40.06,18.28,22.81,38.7,15.88,18.97,33.74,14.77,37.02,38.44,1.42,7.8,420.0,39.0,637.7,33.02,32.71,-0.3,-1.9,0.0,0.0,13.0,28.93,28.78,-0.15,-1.0,0.0,0.0,13.0,6.6,7.8,25.16,8.2
8C1F640980000060,2024-05-24 16:00:00,RAIN_TAIL,5,145,21.79,40.06,18.28,22.81,38.7,15.88,18.97,33.74,14.77,38.4,38.37,-0.03,-0.2,0.0,0.0,17.5,32.22,32.29,0.07,0.4,0.0,1.0,34.4,28.59,28.53,-0.06,-0.4,0.0,0.0,17.5,12.8,2.2,25.96,6.1
8C1F640980000060,2024-06-02 01:00:00,RAIN_TAIL,6,154,21.79,40.06,18.28,22.81,38.7,15.88,18.97,33.74,14.77,41.57,41.89,0.32,1.8,60.0,5.0,90.9,39.36,39.81,0.45,2.9,300.0,7.0,150.4,31.07,34.22,3.15,21.3,660.0,57.5,997.8,39.6,14.52,55.86,14.52
8C1F640980000060,2024-06-02 11:00:00,RAIN_TAIL,6,154,21.79,40.06,18.28,22.81,38.7,15.88,18.97,33.74,14.77,41.34,41.25,-0.09,-0.5,0.0,0.0,20.0,39.57,39.52,-0.05,-0.3,60.0,0.0,20.2,34.2,34.22,0.02,0.1,60.0,1.0,40.5,27.68,8.37,57.07,10.87
8C1F640980000060,2024-06-05 10:00:00,RAIN_TAIL,6,157,21.79,40.06,18.28,22.81,38.7,15.88,18.97,33.74,14.77,39.14,39.12,-0.02,-0.1,0.0,0.0,18.8,37.21,37.17,-0.04,-0.3,30.0,0.0,,30.98,31.05,0.07,0.4,30.0,1.0,19.1,2.5,4.1,11.37,4.54
8C1F640980000060,2024-06-15 08:00:00,RAIN_TAIL,6,167,21.79,40.06,18.28,22.81,38.7,15.88,18.97,33.74,14.77,23.47,23.71,0.24,1.3,420.0,6.0,122.6,22.42,22.71,0.29,1.8,300.0,5.0,119.3,20.3,20.4,0.1,0.7,180.0,3.0,82.4,7.87,0.0,10.32,7.02
8C1F640980000060,2024-06-17 12:00:00,RAIN_TAIL,6,169,21.79,40.06,18.28,22.81,38.7,15.88,18.97,33.74,14.77,22.89,23.16,0.27,1.4,210.0,7.0,136.1,22.07,22.36,0.29,1.9,210.0,7.0,136.1,19.44,19.56,0.12,0.8,0.0,6.5,153.7,6.72,0.3,14.59,21.83
8C1F640980000060,2024-06-19 01:00:00,RAIN_TAIL,6,171,21.79,40.06,18.28,22.81,38.7,15.88,18.97,33.74,14.77,22.89,22.83,-0.06,-0.3,840.0,0.0,24.1,22.16,22.31,0.14,0.9,900.0,4.0,104.7,19.1,19.2,0.1,0.7,1080.0,1.0,37.7,21.53,0.0,28.55,24.87
8C1F640980000060,2024-06-28 12:00:00,RAIN_TAIL,6,180,21.79,40.06,18.28,22.81,38.7,15.88,18.97,33.74,14.77,39.07,38.93,-0.14,-0.8,0.0,0.0,25.2,34.23,33.88,-0.35,-2.2,120.0,0.0,26.1,28.79,28.76,-0.03,-0.2,0.0,0.0,25.2,10.4,1.6,13.9,21.26
8C1F640980000060,2024-07-06 16:00:00,RAIN_TAIL,7,188,21.79,40.06,18.28,22.81,38.7,15.88,18.97,33.74,14.77,26.75,26.53,-0.22,-1.2,0.0,0.0,21.0,23.77,24.03,0.26,1.6,0.0,1.0,41.1,20.66,20.58,-0.08,-0.5,0.0,0.0,21.0,3.9,5.45,11.82,5.45
8C1F640980000060,2024-07-10 20:00:00,RAIN_TAIL,7,192,21.79,40.06,18.28,22.81,38.7,15.88,18.97,33.74,14.77,23.53,25.46,1.93,10.6,1080.0,54.0,1132.6,22.65,22.96,0.31,2.0,1080.0,7.5,188.4,18.97,19.2,0.23,1.6,1020.0,6.5,172.2,11.57,11.8,12.67,26.11
8C1F640980000060,2024-07-16 00:00:00,RAIN_TAIL,7,198,21.79,40.06,18.28,22.81,38.7,15.88,18.97,33.74,14.77,23.32,23.22,-0.1,-0.5,0.0,0.0,19.5,22.45,22.56,0.11,0.7,720.0,2.0,77.4,18.42,18.48,0.06,0.4,840.0,2.0,77.5,3.44,6.52,7.87,6.52
8C1F640980000060,2024-07-28 00:00:00,RAIN_TAIL,7,210,21.79,40.06,18.28,22.81,38.7,15.88,18.97,33.74,14.77,34.24,34.2,-0.04,-0.2,750.0,0.0,,33.58,33.55,-0.03,-0.2,0.0,0.0,20.8,28.25,28.1,-0.15,-1.0,750.0,0.0,,10.03,0.0,12.07,0.0
8C1F640980000060,2024-08-04 14:00:00,RAIN_TAIL,8,217,21.79,40.06,18.28,22.81,38.7,15.88,18.97,33.74,14.77,38.14,38.14,0.0,0.0,0.0,0.0,23.0,36.33,36.29,-0.04,-0.3,0.0,0.0,23.0,28.38,28.32,-0.06,-0.4,0.0,0.0,23.0,4.83,1.72,30.74,2.92
8C1F640980000060,2024-08-14 17:00:00,RAIN_TAIL,8,227,21.79,40.06,18.28,22.81,38.7,15.88,18.97,33.74,14.77,34.36,34.13,-0.23,-1.3,0.0,0.0,27.6,33.16,33.05,-0.11,-0.7,60.0,0.0,26.0,27.28,27.25,-0.03,-0.2,0.0,0.0,27.6,6.1,4.8,6.1,4.8
8C1F640980000060,2024-08-18 10:00:00,RAIN_TAIL,8,231,21.79,40.06,18.28,22.81,38.7,15.88,18.97,33.74,14.77,29.06,29.18,0.12,0.7,210.0,2.0,45.8,29.64,29.66,0.02,0.1,210.0,1.0,22.9,24.07,24.18,0.11,0.8,150.0,3.0,68.4,9.7,3.75,9.7,3.75
8C1F640980000060,2024-08-25 07:00:00,RAIN_TAIL,8,238,21.79,40.06,18.28,22.81,38.7,15.88,18.97,33.74,14.77,37.23,36.98,-0.25,-1.4,0.0,0.0,19.8,36.39,36.36,-0.03,-0.2,0.0,0.0,19.8,30.29,30.15,-0.14,-0.9,0.0,0.0,19.8,4.36,3.6,4.36,3.6
8C1F640980000060,2024-09-08 22:00:00,RAIN_TAIL,9,252,21.79,40.06,18.28,22.81,38.7,15.88,18.97,33.74,14.77,26.38,26.16,-0.22,-1.2,0.0,0.0,15.7,26.14,26.11,-0.04,-0.2,0.0,0.0,15.7,21.26,21.1,-0.16,-1.1,0.0,0.0,15.7,13.3,22.24,14.68,31.0
8C1F640980000060,2024-09-11 15:00:00,RAIN_TAIL,9,255,21.79,40.06,18.28,22.81,38.7,15.88,18.97,33.74,14.77,24.94,25.03,0.09,0.5,1380.0,2.5,45.2,24.9,24.87,-0.03,-0.2,180.0,0.0,11.8,20.16,20.11,-0.05,-0.3,0.0,0.0,14.9,5.22,0.5,11.98,5.07
8C1F640980000060,2024-09-14 05:00:00,RAIN_TAIL,9,258,21.79,40.06,18.28,22.81,38.7,15.88,18.97,33.74,14.77,24.12,24.21,0.09,0.5,600.0,5.0,71.2,23.88,24.01,0.13,0.8,0.0,1.0,19.7,19.31,19.3,-0.01,-0.1,60.0,0.0,9.9,4.57,0.0,9.39,22.64
8C1F640980000060,2024-09-16 00:00:00,RAIN_TAIL,9,260,21.79,40.06,18.28,22.81,38.7,15.88,18.97,33.74,14.77,24.32,26.76,2.45,13.4,1440.0,,13.0,23.68,23.82,0.14,0.9,0.0,1.5,21.8,19.08,19.0,-0.08,-0.5,0.0,0.0,11.0,19.56,0.0,25.78,0.0
8C1F640980000060,2024-10-10 18:00:00,RAIN_TAIL,10,284,21.79,40.06,18.28,22.81,38.7,15.88,18.97,33.74,14.77,38.52,39.66,1.14,6.2,930.0,16.0,126.2,37.19,38.1,0.91,5.7,1290.0,14.0,69.8,30.87,30.95,0.08,0.5,1170.0,6.0,56.6,6.33,0.0,21.95,5.66
8C1F640980000060,2024-10-13 04:00:00,RAIN_TAIL,10,287,21.79,40.06,18.28,22.81,38.7,15.88,18.97,33.74,14.77,38.07,39.05,0.98,5.4,510.0,14.0,94.7,36.93,37.33,0.4,2.5,750.0,6.0,40.8,30.74,31.04,0.3,2.0,510.0,6.0,58.8,5.66,0.0,11.99,4.3
8C1F640980000060,2024-10-14 18:00:00,RAIN_TAIL,10,288,21.79,40.06,18.28,22.81,38.7,15.88,18.97,33.74,14.77,38.49,39.46,0.97,5.3,180.0,22.5,253.8,36.56,37.76,1.2,7.6,1170.0,36.5,423.9,30.5,31.19,0.69,4.7,1290.0,60.0,705.1,4.3,0.0,9.96,0.0
8C1F640980000060,2024-11-26 04:00:00,RAIN_TAIL,11,331,21.79,40.06,18.28,22.81,38.7,15.88,18.97,33.74,14.77,34.3,35.56,1.27,6.9,660.0,76.5,466.8,33.52,33.79,0.27,1.7,720.0,6.0,49.0,28.23,28.33,0.1,0.7,600.0,6.0,56.3,5.27,0.0,6.08,1.46
8C1F640980000060,2024-12-02 22:00:00,RAIN_TAIL,12,337,21.79,40.06,18.28,22.81,38.7,15.88,18.97,33.74,14.77,32.81,34.69,1.88,10.3,1380.0,,3.3,32.23,32.5,0.27,1.7,1200.0,9.0,18.8,27.3,27.36,0.06,0.4,1080.0,3.0,17.9,6.89,0.4,10.04,15.76
8C1F640980000060,2024-12-07 13:00:00,RAIN_TAIL,12,342,21.79,40.06,18.28,22.81,38.7,15.88,18.97,33.74,14.77,36.31,39.01,2.7,14.7,90.0,11.5,49.2,34.97,38.03,3.06,19.2,210.0,15.5,50.2,29.27,31.13,1.86,12.6,390.0,32.5,122.4,10.7,1.7,21.46,1.92
8C1F640980000060,2024-12-15 21:00:00,RAIN_TAIL,12,350,21.79,40.06,18.28,22.81,38.7,15.88,18.97,33.74,14.77,32.59,33.22,0.63,3.4,1410.0,,,32.22,32.42,0.2,1.3,1230.0,108.5,613.4,27.56,27.65,0.09,0.6,1350.0,33.5,201.1,2.28,0.64,4.02,6.76
8C1F640980000060,2024-12-19 19:00:00,RAIN_TAIL,12,354,21.79,40.06,18.28,22.81,38.7,15.88,18.97,33.74,14.77,33.62,34.59,0.97,5.3,1080.0,14.0,23.3,32.51,32.66,0.15,0.9,210.0,3.0,10.8,27.68,27.71,0.04,0.2,90.0,1.0,5.4,4.2,0.5,6.12,12.92
8C1F640980000060,2024-12-23 12:00:00,RAIN_TAIL,12,358,21.79,40.06,18.28,22.81,38.7,15.88,18.97,33.74,14.77,34.86,34.91,0.05,0.3,60.0,4.0,15.5,32.94,33.25,0.31,2.0,480.0,4.5,11.5,27.52,27.68,0.16,1.1,1410.0,19.5,23.2,6.5,1.9,12.92,1.9
8C1F640980000060,2025-01-02 08:00:00,RAIN_TAIL,1,2,21.79,40.06,18.28,22.81,38.7,15.88,18.97,33.74,14.77,30.79,35.72,4.93,27.0,360.0,,0.0,30.65,32.92,2.27,14.3,1050.0,,,26.25,27.22,0.97,6.6,1350.0,,,10.23,4.78,10.23,14.04
8C1F640980000060,2025-01-05 07:00:00,RAIN_TAIL,1,5,21.79,40.06,18.28,22.81,38.7,15.88,18.97,33.74,14.77,33.05,37.72,4.67,25.5,210.0,140.0,442.5,32.05,36.55,4.5,28.3,270.0,152.5,442.2,27.18,30.46,3.29,22.2,450.0,,,6.74,2.8,17.24,6.83
8C1F640980000060,2025-01-09 16:00:00,RAIN_TAIL,1,9,21.79,40.06,18.28,22.81,38.7,15.88,18.97,33.74,14.77,35.54,37.82,2.28,12.5,60.0,8.0,16.4,33.75,34.63,0.88,5.5,240.0,10.5,10.9,28.6,28.85,0.25,1.7,480.0,6.5,6.0,9.06,2.05,13.39,2.05
8C1F640980000060,2025-01-23 07:00:00,RAIN_TAIL,1,23,21.79,40.06,18.28,22.81,38.7,15.88,18.97,33.74,14.77,30.07,30.68,0.61,3.3,1440.0,,3.2,30.14,30.25,0.11,0.7,870.0,0.5,-0.2,25.66,25.68,0.02,0.1,0.0,0.5,2.9,4.44,0.81,5.56,6.76
8C1F640980000060,2025-01-28 07:00:00,RAIN_TAIL,1,28,21.79,40.06,18.28,22.81,38.7,15.88,18.97,33.74,14.77,34.63,37.49,2.86,15.6,270.0,19.5,102.0,31.44,33.05,1.61,10.1,750.0,108.0,289.8,26.19,26.69,0.5,3.4,1200.0,141.0,259.9,6.59,1.24,13.14,2.63
8C1F640980000060,2025-02-12 20:00:00,RAIN_TAIL,2,43,21.79,40.06,18.28,22.81,38.7,15.88,18.97,33.74,14.77,36.81,37.91,1.1,6.0,180.0,3.0,17.6,31.66,36.08,4.42,27.8,240.0,74.0,11.8,25.83,28.74,2.91,19.7,660.0,,2.1,10.31,6.68,19.51,6.68
8C1F640980000060,2025-02-25 16:00:00,RAIN_TAIL,2,56,21.79,40.06,18.28,22.81,38.7,15.88,18.97,33.74,14.77,32.37,34.86,2.49,13.6,720.0,,5.0,31.34,31.87,0.53,3.3,1350.0,,,26.47,26.54,0.07,0.5,1110.0,15.0,74.9,7.17,0.4,9.38,5.43
8C1F640980000060,2025-03-10 16:00:00,RAIN_TAIL,3,69,21.79,40.06,18.28,22.81,38.7,15.88,18.97,33.74,14.77,33.02,33.17,0.15,0.8,1410.0,4.5,47.2,32.52,32.54,0.02,0.2,510.0,1.0,7.0,27.31,27.39,0.08,0.5,1350.0,3.5,48.0,5.83,4.14,5.83,5.96
8C1F640980000060,2025-03-12 11:00:00,RAIN_TAIL,3,71,21.79,40.06,18.28,22.81,38.7,15.88,18.97,33.74,14.77,32.7,32.91,0.21,1.1,240.0,5.5,45.1,32.44,32.5,0.06,0.4,390.0,1.0,6.4,27.26,27.29,0.03,0.2,60.0,1.0,24.8,4.14,1.6,9.97,2.92
8C1F640980000060,2025-03-24 16:00:00,RAIN_TAIL,3,83,21.79,40.06,18.28,22.81,38.7,15.88,18.97,33.74,14.77,32.06,32.5,0.44,2.4,1410.0,7.5,80.9,31.86,32.06,0.21,1.3,1290.0,9.5,110.8,26.75,26.87,0.12,0.8,1290.0,5.5,80.6,6.45,4.07,10.5,4.17
8C1F640980000060,2025-03-26 11:00:00,RAIN_TAIL,3,85,21.79,40.06,18.28,22.81,38.7,15.88,18.97,33.74,14.77,31.9,32.21,0.31,1.7,300.0,8.5,71.1,31.9,32.03,0.13,0.8,630.0,1.0,5.4,26.64,26.79,0.15,1.0,1050.0,1.0,5.8,4.17,0.1,13.52,1.37
8C1F640980000060,2025-04-24 01:00:00,RAIN_TAIL,4,114,21.79,40.06,18.28,22.81,38.7,15.88,18.97,33.74,14.77,38.23,38.23,-0.0,-0.0,750.0,0.0,,35.96,35.71,-0.25,-1.6,0.0,0.0,10.0,29.98,29.94,-0.04,-0.3,0.0,0.0,10.0,6.02,1.61,6.42,2.41
8C1F640980000060,2025-05-25 08:00:00,RAIN_TAIL,5,145,21.79,40.06,18.28,22.81,38.7,15.88,18.97,33.74,14.77,37.92,37.85,-0.07,-0.4,0.0,0.0,12.6,33.65,33.54,-0.11,-0.7,0.0,0.0,12.6,30.48,30.47,-0.02,-0.1,0.0,0.0,12.6,3.63,5.25,3.63,9.32
8C1F640980000060,2025-05-28 19:00:00,RAIN_TAIL,5,148,21.79,40.06,18.28,22.81,38.7,15.88,18.97,33.74,14.77,33.23,33.19,-0.05,-0.2,0.0,0.0,14.5,28.48,28.6,0.12,0.8,150.0,1.0,12.0,26.36,26.32,-0.04,-0.2,0.0,0.0,14.5,27.77,12.5,28.72,14.0
8C1F640980000060,2025-06-02 02:00:00,RAIN_TAIL,6,153,21.79,40.06,18.28,22.81,38.7,15.88,18.97,33.74,14.77,30.96,30.92,-0.04,-0.2,0.0,0.0,16.4,27.47,27.49,0.02,0.1,600.0,1.0,43.3,24.48,24.48,0.0,0.0,210.0,1.0,17.8,12.74,35.19,14.53,54.14
8C1F640980000060,2025-06-02 12:00:00,RAIN_TAIL,6,153,21.79,40.06,18.28,22.81,38.7,15.88,18.97,33.74,14.77,30.83,30.91,0.08,0.4,180.0,5.0,120.0,27.29,27.49,0.2,1.3,0.0,2.0,65.1,24.36,24.45,0.09,0.6,60.0,1.0,43.5,32.47,5.7,35.96,24.65
8C1F640980000060,2025-06-08 09:00:00,RAIN_TAIL,6,159,21.79,40.06,18.28,22.81,38.7,15.88,18.97,33.74,14.77,38.6,38.48,-0.12,-0.7,0.0,0.0,16.1,36.7,36.44,-0.26,-1.6,0.0,0.0,16.1,31.7,31.51,-0.19,-1.3,0.0,0.0,16.1,4.18,3.3,5.06,3.3
8C1F640980000060,2025-06-15 17:00:00,RAIN_TAIL,6,166,21.79,40.06,18.28,22.81,38.7,15.88,18.97,33.74,14.77,29.36,29.33,-0.03,-0.2,0.0,0.0,24.1,26.38,26.41,0.04,0.2,90.0,1.0,20.7,22.3,22.22,-0.08,-0.5,30.0,0.0,,11.45,11.5,11.45,11.5
8C1F640980000060,2025-07-16 19:00:00,RAIN_TAIL,7,197,21.79,40.06,18.28,22.81,38.7,15.88,18.97,33.74,14.77,39.25,41.24,1.99,10.9,450.0,32.5,635.2,38.3,38.39,0.09,0.6,630.0,7.0,129.4,32.99,32.71,-0.28,-1.9,0.0,0.0,15.7,7.3,0.0,11.4,3.5
8C1F640980000060,2025-07-22 09:00:00,RAIN_TAIL,7,203,21.79,40.06,18.28,22.81,38.7,15.88,18.97,33.74,14.77,31.65,32.05,0.4,2.2,450.0,27.5,558.2,28.91,29.11,0.2,1.3,240.0,0.5,20.0,24.2,24.27,0.07,0.5,270.0,1.0,20.1,10.6,0.0,32.07,1.39
8C1F640980000060,2025-08-01 05:00:00,RAIN_TAIL,8,213,21.79,40.06,18.28,22.81,38.7,15.88,18.97,33.74,14.77,40.07,41.14,1.07,5.9,1440.0,27.5,465.8,38.54,38.55,0.01,0.1,30.0,1.0,16.1,33.41,33.28,-0.13,-0.9,30.0,0.0,,13.6,1.22,30.05,6.04
8C1F640980000060,2025-08-04 05:00:00,RAIN_TAIL,8,216,21.79,40.06,18.28,22.81,38.7,15.88,18.97,33.74,14.77,39.24,39.19,-0.05,-0.3,0.0,0.0,13.8,35.41,35.44,0.03,0.2,60.0,1.0,28.9,29.82,29.81,-0.01,-0.0,60.0,0.0,14.1,1.89,3.96,16.71,4.56
8C1F640980000060,2025-08-29 05:00:00,RAIN_TAIL,8,241,21.79,40.06,18.28,22.81,38.7,15.88,18.97,33.74,14.77,40.12,40.73,0.61,3.3,300.0,4.5,102.7,38.89,38.88,-0.01,-0.1,0.0,0.0,16.1,34.38,34.29,-0.09,-0.6,0.0,0.0,16.1,10.78,1.9,13.03,1.9
8C1F640980000060,2025-09-02 12:00:00,RAIN_TAIL,9,245,21.79,40.06,18.28,22.81,38.7,15.88,18.97,33.74,14.77,29.68,42.43,12.75,69.7,30.0,,,28.56,39.01,10.45,65.8,30.0,56.0,1004.3,24.27,24.23,-0.04,-0.3,210.0,0.0,,9.33,0.0,9.33,22.96
8C1F640980000060,2025-09-04 22:00:00,RAIN_TAIL,9,247,21.79,40.06,18.28,22.81,38.7,15.88,18.97,33.74,14.77,32.54,39.59,7.05,38.6,600.0,57.5,937.5,29.62,29.67,0.05,0.3,300.0,1.0,30.9,23.16,23.28,0.12,0.8,780.0,1.0,35.7,20.98,0.0,26.86,0.0
8C1F640980000060,2025-09-12 05:00:00,RAIN_TAIL,9,255,21.79,40.06,18.28,22.81,38.7,15.88,18.97,33.74,14.77,40.34,40.44,0.1,0.6,300.0,4.0,93.4,38.88,38.86,-0.02,-0.2,240.0,0.0,16.6,34.2,34.03,-0.17,-1.2,0.0,0.0,11.9,4.8,0.0,9.9,8.0
8C1F640980000060,2025-09-14 03:00:00,RAIN_TAIL,9,257,21.79,40.06,18.28,22.81,38.7,15.88,18.97,33.74,14.77,38.28,39.72,1.44,7.9,720.0,46.0,770.2,35.04,35.07,0.03,0.2,180.0,1.0,26.0,30.53,30.46,-0.07,-0.5,0.0,0.0,14.0,7.7,0.3,12.4,0.3
8C1F640980000060,2025-09-21 21:00:00,RAIN_TAIL,9,264,21.79,40.06,18.28,22.81,38.7,15.88,18.97,33.74,14.77,30.33,44.32,13.99,76.5,810.0,,,27.81,41.29,13.48,84.9,930.0,,,23.12,27.04,3.92,26.6,1410.0,,,20.3,2.4,20.3,32.6
8C1F640980000060,2025-09-24 16:00:00,RAIN_TAIL,9,267,21.79,40.06,18.28,22.81,38.7,15.88,18.97,33.74,14.77,38.84,43.02,4.19,22.9,210.0,74.0,886.2,36.52,41.6,5.08,32.0,330.0,112.5,1360.1,26.3,37.56,11.26,76.2,600.0,,10.3,10.5,19.9,33.2,20.6
8C1F640980000060,2025-09-25 07:00:00,RAIN_TAIL,9,268,21.79,40.06,18.28,22.81,38.7,15.88,18.97,33.74,14.77,40.78,41.05,0.27,1.5,60.0,5.0,67.2,40.14,39.97,-0.17,-1.1,0.0,0.0,10.0,37.2,36.97,-0.23,-1.6,0.0,0.0,10.0,30.2,1.4,38.9,1.4
8C1F640980000060,2025-09-30 04:00:00,RAIN_TAIL,9,273,21.79,40.06,18.28,22.81,38.7,15.88,18.97,33.74,14.77,38.31,39.19,0.88,4.8,600.0,32.5,327.0,36.63,36.59,-0.04,-0.3,0.0,0.0,10.2,31.02,30.99,-0.03,-0.2,0.0,0.0,10.2,7.1,0.0,7.1,0.0
8C1F640980000060,2025-10-06 15:00:00,RAIN_TAIL,10,279,21.79,40.06,18.28,22.81,38.7,15.88,18.97,33.74,14.77,35.08,35.06,-0.02,-0.1,1410.0,0.0,,31.7,31.73,0.04,0.2,120.0,1.0,21.2,26.59,26.58,-0.01,-0.1,180.0,0.0,10.6,4.5,0.0,12.0,0.0
8C1F640980000060,2025-10-23 09:00:00,RAIN_TAIL,10,296,21.79,40.06,18.28,22.81,38.7,15.88,18.97,33.74,14.77,38.51,42.31,3.8,20.8,390.0,,,37.01,39.45,2.44,15.4,930.0,,,31.89,33.47,1.58,10.7,1410.0,,,9.7,3.4,17.8,8.9
8C1F640980000060,2025-10-27 14:00:00,RAIN_TAIL,10,300,21.79,40.06,18.28,22.81,38.7,15.88,18.97,33.74,14.77,40.53,40.5,-0.03,-0.1,0.0,0.0,9.1,38.8,38.94,0.14,0.9,450.0,9.5,74.0,33.41,33.79,0.38,2.6,1260.0,64.5,660.0,9.9,5.3,15.4,8.5
8C1F640980000060,2025-11-02 16:00:00,RAIN_TAIL,11,306,21.79,40.06,18.28,22.81,38.7,15.88,18.97,33.74,14.77,40.08,41.69,1.61,8.8,270.0,19.5,171.6,38.46,39.35,0.89,5.6,510.0,67.5,510.8,33.28,34.61,1.33,9.0,1320.0,87.0,546.8,12.3,0.0,14.0,0.0
8C1F640980000060,2025-11-29 00:00:00,RAIN_TAIL,11,333,21.79,40.06,18.28,22.81,38.7,15.88,18.97,33.74,14.77,37.28,38.3,1.02,5.6,960.0,86.0,295.0,35.81,36.35,0.54,3.4,1440.0,99.5,287.6,30.77,30.93,0.16,1.0,1440.0,119.5,317.5,4.6,0.6,4.8,4.7
8C1F640980000060,2025-11-30 18:00:00,RAIN_TAIL,11,334,21.79,40.06,18.28,22.81,38.7,15.88,18.97,33.74,14.77,38.05,38.19,0.14,0.8,1260.0,6.0,10.9,36.31,36.47,0.16,1.0,1080.0,4.0,20.3,30.98,31.14,0.16,1.1,1200.0,50.0,135.2,4.4,0.0,9.3,0.0
8C1F640980000060,2025-12-07 20:00:00,RAIN_TAIL,12,341,21.79,40.06,18.28,22.81,38.7,15.88,18.97,33.74,14.77,37.61,40.45,2.84,15.5,210.0,103.0,876.5,35.52,39.24,3.72,23.4,270.0,,,30.71,33.65,2.94,19.9,870.0,,,4.9,3.6,7.3,4.7
8C1F640980000060,2026-01-10 03:00:00,RAIN_TAIL,1,10,21.79,40.06,18.28,22.81,38.7,15.88,18.97,33.74,14.77,37.6,38.1,0.5,2.7,210.0,10.0,5.8,36.06,36.22,0.16,1.0,330.0,8.0,4.9,29.98,30.44,0.46,3.1,750.0,18.5,-116.9,3.9,3.0,14.3,10.1
8C1F640980000060,2026-01-12 18:00:00,RAIN_TAIL,1,12,21.79,40.06,18.28,22.81,38.7,15.88,18.97,33.74,14.77,34.02,38.22,4.2,23.0,1200.0,,5.1,33.72,35.73,2.01,12.7,1380.0,138.0,306.7,29.41,30.09,0.68,4.6,1380.0,136.0,301.2,5.4,1.2,7.8,4.2
8C1F640980000060,2026-01-26 03:00:00,RAIN_TAIL,1,26,21.79,40.06,18.28,22.81,38.7,15.88,18.97,33.74,14.77,32.3,32.28,-0.02,-0.1,0.0,0.0,-1.6,32.19,32.25,0.06,0.4,480.0,1.0,0.6,28.12,28.23,0.11,0.8,30.0,1.0,-1.7,8.0,18.8,8.2,20.0
8C1F640980000060,2026-01-29 05:00:00,RAIN_TAIL,1,29,21.79,40.06,18.28,22.81,38.7,15.88,18.97,33.74,14.77,36.12,36.53,0.41,2.2,870.0,11.5,1.9,32.91,33.49,0.58,3.7,1380.0,,0.6,28.14,28.52,0.38,2.5,1440.0,,0.7,7.0,0.0,8.3,0.0
8C1F640980000060,2026-02-13 03:00:00,RAIN_TAIL,2,44,21.79,40.06,18.28,22.81,38.7,15.88,18.97,33.74,14.77,,38.27,,,780.0,,7.4,,36.91,,,900.0,,6.0,,31.42,,,900.0,,6.0,6.2,0.0,26.5,5.6
8C1F640980000060,2026-02-17 05:00:00,RAIN_TAIL,2,48,21.79,40.06,18.28,22.81,38.7,15.88,18.97,33.74,14.77,38.56,39.1,0.54,3.0,60.0,6.0,19.0,36.28,38.05,1.77,11.1,120.0,16.5,49.8,30.69,31.61,0.92,6.2,420.0,26.5,63.7,9.1,1.6,12.8,7.4
8C1F640980000060,2026-02-19 08:00:00,RAIN_TAIL,2,50,21.79,40.06,18.28,22.81,38.7,15.88,18.97,33.74,14.77,36.6,37.74,1.14,6.2,870.0,,,35.34,35.39,0.05,0.3,0.0,1.0,-0.1,30.35,30.33,-0.02,-0.1,0.0,0.0,-0.1,5.6,0.2,13.4,8.9
8C1F640980000060,2026-02-24 02:00:00,RAIN_TAIL,2,55,21.79,40.06,18.28,22.81,38.7,15.88,18.97,33.74,14.77,38.48,38.62,0.14,0.8,780.0,6.0,63.4,37.4,37.33,-0.07,-0.4,30.0,0.0,,31.69,31.63,-0.06,-0.4,0.0,0.0,7.8,4.6,0.0,12.1,0.0
8C1F640980000060,2026-03-16 15:00:00,RAIN_TAIL,3,75,21.79,40.06,18.28,22.81,38.7,15.88,18.97,33.74,14.77,36.37,36.92,0.55,3.0,1410.0,15.0,58.5,34.84,34.88,0.05,0.3,0.0,1.0,9.0,29.71,29.66,-0.05,-0.3,180.0,0.0,4.5,3.1,0.0,4.5,0.0
8C1F640980000060,2026-03-25 15:00:00,RAIN_TAIL,3,84,21.79,40.06,18.28,22.81,38.7,15.88,18.97,33.74,14.77,36.09,36.11,0.02,0.1,0.0,3.5,23.0,34.64,34.77,0.13,0.9,90.0,1.0,6.3,29.6,29.67,0.07,0.5,30.0,1.0,6.3,5.8,4.7,5.8,5.3
8C1F640980000060,2026-05-15 14:00:00,RAIN_TAIL,5,135,21.79,40.06,18.28,22.81,38.7,15.88,18.97,33.74,14.77,32.52,32.48,-0.04,-0.2,0.0,0.0,11.4,31.6,31.46,-0.14,-0.9,0.0,0.0,11.4,29.86,29.74,-0.12,-0.8,240.0,0.0,10.7,6.0,4.5,12.1,11.2
8C1F640980000060,2026-05-18 14:00:00,RAIN_TAIL,5,138,21.79,40.06,18.28,22.81,38.7,15.88,18.97,33.74,14.77,29.29,38.03,8.74,47.8,1260.0,,17.3,27.89,27.83,-0.07,-0.4,30.0,0.0,,26.02,25.73,-0.29,-1.9,0.0,0.0,13.9,4.4,3.2,7.3,6.5
8C1F640980000060,2026-05-31 19:00:00,RAIN_TAIL,5,151,21.79,40.06,18.28,22.81,38.7,15.88,18.97,33.74,14.77,30.91,30.77,-0.14,-0.8,0.0,0.0,17.6,30.3,30.21,-0.09,-0.6,60.0,0.0,18.3,27.07,27.08,0.01,0.1,360.0,1.0,30.0,10.5,11.1,10.6,17.1
8C1F640980000060,2026-06-09 08:00:00,RAIN_TAIL,6,160,21.79,40.06,18.28,22.81,38.7,15.88,18.97,33.74,14.77,29.02,29.17,0.15,0.8,390.0,3.0,58.8,28.82,29.05,0.23,1.4,390.0,3.0,58.8,25.52,25.45,-0.07,-0.4,150.0,0.0,,4.7,0.4,4.9,9.7
8C1F640980000060,2026-06-12 22:00:00,RAIN_TAIL,6,163,21.79,40.06,18.28,22.81,38.7,15.88,18.97,33.74,14.77,27.41,28.94,1.53,8.4,960.0,14.0,263.2,27.26,27.91,0.65,4.1,900.0,14.0,273.9,23.62,24.2,0.57,3.9,900.0,8.0,188.2,4.0,0.1,13.3,8.8
8C1F640980000060,2026-07-01 03:00:00,RAIN_TAIL,7,182,21.79,40.06,18.28,22.81,38.7,15.88,18.97,33.74,14.77,28.3,28.22,-0.08,-0.4,0.0,0.0,19.5,28.73,28.68,-0.05,-0.3,30.0,0.0,,24.2,24.21,0.02,0.1,30.0,1.0,19.7,36.9,36.7,38.2,36.7
8C1F640980000060,2026-07-17 08:00:00,RAIN_TAIL,7,198,21.79,40.06,18.28,22.81,38.7,15.88,18.97,33.74,14.77,35.0,42.08,7.08,38.7,690.0,47.0,953.6,35.48,35.16,-0.32,-2.0,0.0,0.0,18.9,33.27,33.08,-0.19,-1.3,120.0,0.0,22.2,4.9,0.8,5.2,2.7
8C1F640980000060,2024-02-22 07:00:00,RAIN_HEAD_IMPACT,2,53,21.79,40.06,18.28,22.81,38.7,15.88,18.97,33.74,14.77,33.38,39.46,6.08,33.3,720.0,,10.4,29.6,34.07,4.47,28.1,780.0,,10.2,24.3,25.91,1.61,10.9,1410.0,,,7.35,0.91,10.84,0.91
8C1F640980000060,2024-03-27 19:00:00,RAIN_HEAD_IMPACT,3,87,21.79,40.06,18.28,22.81,38.7,15.88,18.97,33.74,14.77,28.81,31.36,2.55,13.9,1290.0,,,28.31,28.37,0.06,0.3,1290.0,4.0,27.4,22.72,22.77,0.05,0.3,1050.0,51.5,81.8,15.28,0.0,15.38,0.17
8C1F640980000060,2024-05-23 23:00:00,RAIN_HEAD_IMPACT,5,144,21.79,40.06,18.28,22.81,38.7,15.88,18.97,33.74,14.77,37.02,38.44,1.42,7.8,420.0,39.0,637.7,33.02,32.71,-0.3,-1.9,0.0,0.0,13.0,28.93,28.78,-0.15,-1.0,0.0,0.0,13.0,6.6,7.8,25.16,8.2
8C1F640980000060,2024-06-01 09:00:00,RAIN_HEAD_IMPACT,6,153,21.79,40.06,18.28,22.81,38.7,15.88,18.97,33.74,14.77,41.34,41.89,0.55,3.0,1020.0,7.0,127.9,38.08,39.81,1.73,10.9,1260.0,54.5,932.3,30.23,34.21,3.98,26.9,1440.0,80.5,1378.1,39.6,14.52,55.86,14.52
8C1F640980000060,2024-07-10 20:00:00,RAIN_HEAD_IMPACT,7,192,21.79,40.06,18.28,22.81,38.7,15.88,18.97,33.74,14.77,23.53,25.46,1.93,10.6,1080.0,54.0,1132.6,22.65,22.96,0.31,2.0,1080.0,7.5,188.4,18.97,19.2,0.23,1.6,1020.0,6.5,172.2,11.57,11.8,12.67,26.11
8C1F640980000060,2024-09-16 00:00:00,RAIN_HEAD_IMPACT,9,260,21.79,40.06,18.28,22.81,38.7,15.88,18.97,33.74,14.77,24.32,26.76,2.45,13.4,1440.0,,13.0,23.68,23.82,0.14,0.9,0.0,1.5,21.8,19.08,19.0,-0.08,-0.5,0.0,0.0,11.0,19.56,0.0,25.78,0.0
8C1F640980000060,2024-10-07 10:00:00,RAIN_HEAD_IMPACT,10,281,21.79,40.06,18.28,22.81,38.7,15.88,18.97,33.74,14.77,36.16,37.83,1.66,9.1,1440.0,,18.2,35.97,36.29,0.32,2.0,930.0,,,30.38,30.68,0.3,2.1,570.0,8.0,114.3,4.3,11.82,4.58,21.95
8C1F640980000060,2024-10-14 18:00:00,RAIN_HEAD_IMPACT,10,288,21.79,40.06,18.28,22.81,38.7,15.88,18.97,33.74,14.77,38.49,39.46,0.97,5.3,180.0,22.5,253.8,36.56,37.76,1.2,7.6,1170.0,36.5,423.9,30.5,31.19,0.69,4.7,1290.0,60.0,705.1,4.3,0.0,9.96,0.0
8C1F640980000060,2024-11-18 10:00:00,RAIN_HEAD_IMPACT,11,323,21.79,40.06,18.28,22.81,38.7,15.88,18.97,33.74,14.77,32.36,38.04,5.68,31.1,1140.0,,6.4,31.39,33.18,1.79,11.2,1440.0,,8.0,26.2,26.32,0.12,0.8,1440.0,,8.0,9.37,10.17,12.04,12.42
8C1F640980000060,2024-11-26 04:00:00,RAIN_HEAD_IMPACT,11,331,21.79,40.06,18.28,22.81,38.7,15.88,18.97,33.74,14.77,34.3,35.56,1.27,6.9,660.0,76.5,466.8,33.52,33.79,0.27,1.7,720.0,6.0,49.0,28.23,28.33,0.1,0.7,600.0,6.0,56.3,5.27,0.0,6.08,1.46
8C1F640980000060,2024-12-02 22:00:00,RAIN_HEAD_IMPACT,12,337,21.79,40.06,18.28,22.81,38.7,15.88,18.97,33.74,14.77,32.81,34.69,1.88,10.3,1380.0,,3.3,32.23,32.5,0.27,1.7,1200.0,9.0,18.8,27.3,27.36,0.06,0.4,1080.0,3.0,17.9,6.89,0.4,10.04,15.76
8C1F640980000060,2024-12-06 00:00:00,RAIN_HEAD_IMPACT,12,341,21.79,40.06,18.28,22.81,38.7,15.88,18.97,33.74,14.77,33.71,38.69,4.98,27.2,360.0,95.5,359.9,32.16,35.79,3.63,22.9,1260.0,,4.6,27.18,29.17,1.99,13.5,1410.0,,,6.96,8.87,8.16,16.37
8C1F640980000060,2025-01-02 08:00:00,RAIN_HEAD_IMPACT,1,2,21.79,40.06,18.28,22.81,38.7,15.88,18.97,33.74,14.77,30.79,35.72,4.93,27.0,360.0,,0.0,30.65,32.92,2.27,14.3,1050.0,,,26.25,27.22,0.97,6.6,1350.0,,,10.23,4.78,10.23,14.04
8C1F640980000060,2025-01-05 07:00:00,RAIN_HEAD_IMPACT,1,5,21.79,40.06,18.28,22.81,38.7,15.88,18.97,33.74,14.77,33.05,37.72,4.67,25.5,210.0,140.0,442.5,32.05,36.55,4.5,28.3,270.0,152.5,442.2,27.18,30.46,3.29,22.2,450.0,,,6.74,2.8,17.24,6.83
8C1F640980000060,2025-01-27 07:00:00,RAIN_HEAD_IMPACT,1,27,21.79,40.06,18.28,22.81,38.7,15.88,18.97,33.74,14.77,31.61,35.23,3.62,19.8,690.0,150.5,443.1,30.79,31.53,0.75,4.7,1230.0,,,25.97,26.34,0.37,2.5,1410.0,,,6.58,5.59,8.86,6.87
8C1F640980000060,2025-02-11 14:00:00,RAIN_HEAD_IMPACT,2,42,21.79,40.06,18.28,22.81,38.7,15.88,18.97,33.74,14.77,30.96,35.27,4.31,23.6,1410.0,137.5,64.7,30.42,30.64,0.22,1.4,1350.0,,,25.66,25.8,0.14,0.9,1350.0,,,7.51,10.48,14.51,10.88
8C1F640980000060,2025-07-16 19:00:00,RAIN_HEAD_IMPACT,7,197,21.79,40.06,18.28,22.81,38.7,15.88,18.97,33.74,14.77,39.25,41.24,1.99,10.9,450.0,32.5,635.2,38.3,38.39,0.09,0.6,630.0,7.0,129.4,32.99,32.71,-0.28,-1.9,0.0,0.0,15.7,7.3,0.0,11.4,3.5
8C1F640980000060,2025-09-02 12:00:00,RAIN_HEAD_IMPACT,9,245,21.79,40.06,18.28,22.81,38.7,15.88,18.97,33.74,14.77,29.68,42.43,12.75,69.7,30.0,,,28.56,39.01,10.45,65.8,30.0,56.0,1004.3,24.27,24.23,-0.04,-0.3,210.0,0.0,,9.33,0.0,9.33,22.96
8C1F640980000060,2025-09-04 22:00:00,RAIN_HEAD_IMPACT,9,247,21.79,40.06,18.28,22.81,38.7,15.88,18.97,33.74,14.77,32.54,39.59,7.05,38.6,600.0,57.5,937.5,29.62,29.67,0.05,0.3,300.0,1.0,30.9,23.16,23.28,0.12,0.8,780.0,1.0,35.7,20.98,0.0,26.86,0.0
8C1F640980000060,2025-09-14 03:00:00,RAIN_HEAD_IMPACT,9,257,21.79,40.06,18.28,22.81,38.7,15.88,18.97,33.74,14.77,38.28,39.72,1.44,7.9,720.0,46.0,770.2,35.04,35.07,0.03,0.2,180.0,1.0,26.0,30.53,30.46,-0.07,-0.5,0.0,0.0,14.0,7.7,0.3,12.4,0.3
8C1F640980000060,2025-09-21 21:00:00,RAIN_HEAD_IMPACT,9,264,21.79,40.06,18.28,22.81,38.7,15.88,18.97,33.74,14.77,30.33,44.32,13.99,76.5,810.0,,,27.81,41.29,13.48,84.9,930.0,,,23.12,27.04,3.92,26.6,1410.0,,,20.3,2.4,20.3,32.6
8C1F640980000060,2025-09-24 16:00:00,RAIN_HEAD_IMPACT,9,267,21.79,40.06,18.28,22.81,38.7,15.88,18.97,33.74,14.77,38.84,43.02,4.19,22.9,210.0,74.0,886.2,36.52,41.6,5.08,32.0,330.0,112.5,1360.1,26.3,37.56,11.26,76.2,600.0,,10.3,10.5,19.9,33.2,20.6
8C1F640980000060,2025-11-02 02:00:00,RAIN_HEAD_IMPACT,11,306,21.79,40.06,18.28,22.81,38.7,15.88,18.97,33.74,14.77,39.1,41.69,2.59,14.2,1110.0,55.5,424.8,38.24,39.35,1.11,7.0,1350.0,80.0,549.9,33.23,33.93,0.7,4.7,1410.0,106.5,675.4,12.3,0.0,14.0,0.0
8C1F640980000060,2025-11-23 22:00:00,RAIN_HEAD_IMPACT,11,327,21.79,40.06,18.28,22.81,38.7,15.88,18.97,33.74,14.77,34.96,39.03,4.07,22.3,1350.0,,,34.45,35.1,0.65,4.1,1410.0,,,29.94,29.92,-0.02,-0.1,300.0,0.0,0.4,9.1,2.1,9.1,4.9
8C1F640980000060,2025-11-29 00:00:00,RAIN_HEAD_IMPACT,11,333,21.79,40.06,18.28,22.81,38.7,15.88,18.97,33.74,14.77,37.28,38.3,1.02,5.6,960.0,86.0,295.0,35.81,36.35,0.54,3.4,1440.0,99.5,287.6,30.77,30.93,0.16,1.0,1440.0,119.5,317.5,4.6,0.6,4.8,4.7
8C1F640980000060,2026-01-09 03:00:00,RAIN_HEAD_IMPACT,1,9,21.79,40.06,18.28,22.81,38.7,15.88,18.97,33.74,14.77,31.9,38.73,6.83,37.4,60.0,,1.0,31.62,37.33,5.71,36.0,660.0,,4.3,27.48,30.03,2.55,17.3,1410.0,,,9.7,5.5,9.8,9.3
8C1F640980000060,2026-01-12 18:00:00,RAIN_HEAD_IMPACT,1,12,21.79,40.06,18.28,22.81,38.7,15.88,18.97,33.74,14.77,34.02,38.22,4.2,23.0,1200.0,,5.1,33.72,35.73,2.01,12.7,1380.0,138.0,306.7,29.41,30.09,0.68,4.6,1380.0,136.0,301.2,5.4,1.2,7.8,4.2
8C1F640980000060,2026-02-19 08:00:00,RAIN_HEAD_IMPACT,2,50,21.79,40.06,18.28,22.81,38.7,15.88,18.97,33.74,14.77,36.6,37.74,1.14,6.2,870.0,,,35.34,35.39,0.05,0.3,0.0,1.0,-0.1,30.35,30.33,-0.02,-0.1,0.0,0.0,-0.1,5.6,0.2,13.4,8.9
8C1F640980000060,2026-07-17 08:00:00,RAIN_HEAD_IMPACT,7,198,21.79,40.06,18.28,22.81,38.7,15.88,18.97,33.74,14.77,35.0,42.08,7.08,38.7,690.0,47.0,953.6,35.48,35.16,-0.32,-2.0,0.0,0.0,18.9,33.27,33.08,-0.19,-1.3,120.0,0.0,22.2,4.9,0.8,5.2,2.7
8C1F640980000060,2024-02-22 07:00:00,RAIN_STRONG,2,53,21.79,40.06,18.28,22.81,38.7,15.88,18.97,33.74,14.77,33.38,39.46,6.08,33.3,720.0,,10.4,29.6,34.07,4.47,28.1,780.0,,10.2,24.3,25.91,1.61,10.9,1410.0,,,7.35,0.91,10.84,0.91
8C1F640980000060,2024-12-06 00:00:00,RAIN_STRONG,12,341,21.79,40.06,18.28,22.81,38.7,15.88,18.97,33.74,14.77,33.71,38.69,4.98,27.2,360.0,95.5,359.9,32.16,35.79,3.63,22.9,1260.0,,4.6,27.18,29.17,1.99,13.5,1410.0,,,6.96,8.87,8.16,16.37
8C1F640980000060,2025-01-05 07:00:00,RAIN_STRONG,1,5,21.79,40.06,18.28,22.81,38.7,15.88,18.97,33.74,14.77,33.05,37.72,4.67,25.5,210.0,140.0,442.5,32.05,36.55,4.5,28.3,270.0,152.5,442.2,27.18,30.46,3.29,22.2,450.0,,,6.74,2.8,17.24,6.83
8C1F640980000060,2025-09-21 21:00:00,RAIN_STRONG,9,264,21.79,40.06,18.28,22.81,38.7,15.88,18.97,33.74,14.77,30.33,44.32,13.99,76.5,810.0,,,27.81,41.29,13.48,84.9,930.0,,,23.12,27.04,3.92,26.6,1410.0,,,20.3,2.4,20.3,32.6
8C1F640980000060,2025-09-24 16:00:00,RAIN_STRONG,9,267,21.79,40.06,18.28,22.81,38.7,15.88,18.97,33.74,14.77,38.84,43.02,4.19,22.9,210.0,74.0,886.2,36.52,41.6,5.08,32.0,330.0,112.5,1360.1,26.3,37.56,11.26,76.2,600.0,,10.3,10.5,19.9,33.2,20.6
8C1F640980000060,2026-01-09 03:00:00,RAIN_STRONG,1,9,21.79,40.06,18.28,22.81,38.7,15.88,18.97,33.74,14.77,31.9,38.73,6.83,37.4,60.0,,1.0,31.62,37.33,5.71,36.0,660.0,,4.3,27.48,30.03,2.55,17.3,1410.0,,,9.7,5.5,9.8,9.3
8C1F640980000060,2024-04-21 06:00:00,RAIN_TAIL_DRY,4,112,21.79,40.06,18.28,22.81,38.7,15.88,18.97,33.74,14.77,38.32,39.54,1.22,6.7,780.0,29.5,107.6,36.62,38.11,1.49,9.4,1140.0,27.5,89.5,28.99,29.71,0.72,4.9,1440.0,34.5,187.2,9.43,0.0,20.5,0.9
8C1F640980000060,2024-05-23 23:00:00,RAIN_TAIL_DRY,5,144,21.79,40.06,18.28,22.81,38.7,15.88,18.97,33.74,14.77,37.02,38.44,1.42,7.8,420.0,39.0,637.7,33.02,32.71,-0.3,-1.9,0.0,0.0,13.0,28.93,28.78,-0.15,-1.0,0.0,0.0,13.0,6.6,7.8,25.16,8.2
8C1F640980000060,2024-06-02 01:00:00,RAIN_TAIL_DRY,6,154,21.79,40.06,18.28,22.81,38.7,15.88,18.97,33.74,14.77,41.57,41.89,0.32,1.8,60.0,5.0,90.9,39.36,39.81,0.45,2.9,300.0,7.0,150.4,31.07,34.22,3.15,21.3,660.0,57.5,997.8,39.6,14.52,55.86,14.52
8C1F640980000060,2024-07-10 20:00:00,RAIN_TAIL_DRY,7,192,21.79,40.06,18.28,22.81,38.7,15.88,18.97,33.74,14.77,23.53,25.46,1.93,10.6,1080.0,54.0,1132.6,22.65,22.96,0.31,2.0,1080.0,7.5,188.4,18.97,19.2,0.23,1.6,1020.0,6.5,172.2,11.57,11.8,12.67,26.11
8C1F640980000060,2024-10-10 18:00:00,RAIN_TAIL_DRY,10,284,21.79,40.06,18.28,22.81,38.7,15.88,18.97,33.74,14.77,38.52,39.66,1.14,6.2,930.0,16.0,126.2,37.19,38.1,0.91,5.7,1290.0,14.0,69.8,30.87,30.95,0.08,0.5,1170.0,6.0,56.6,6.33,0.0,21.95,5.66
8C1F640980000060,2024-10-14 18:00:00,RAIN_TAIL_DRY,10,288,21.79,40.06,18.28,22.81,38.7,15.88,18.97,33.74,14.77,38.49,39.46,0.97,5.3,180.0,22.5,253.8,36.56,37.76,1.2,7.6,1170.0,36.5,423.9,30.5,31.19,0.69,4.7,1290.0,60.0,705.1,4.3,0.0,9.96,0.0
8C1F640980000060,2024-11-26 04:00:00,RAIN_TAIL_DRY,11,331,21.79,40.06,18.28,22.81,38.7,15.88,18.97,33.74,14.77,34.3,35.56,1.27,6.9,660.0,76.5,466.8,33.52,33.79,0.27,1.7,720.0,6.0,49.0,28.23,28.33,0.1,0.7,600.0,6.0,56.3,5.27,0.0,6.08,1.46
8C1F640980000060,2024-12-07 13:00:00,RAIN_TAIL_DRY,12,342,21.79,40.06,18.28,22.81,38.7,15.88,18.97,33.74,14.77,36.31,39.01,2.7,14.7,90.0,11.5,49.2,34.97,38.03,3.06,19.2,210.0,15.5,50.2,29.27,31.13,1.86,12.6,390.0,32.5,122.4,10.7,1.7,21.46,1.92
8C1F640980000060,2025-01-05 07:00:00,RAIN_TAIL_DRY,1,5,21.79,40.06,18.28,22.81,38.7,15.88,18.97,33.74,14.77,33.05,37.72,4.67,25.5,210.0,140.0,442.5,32.05,36.55,4.5,28.3,270.0,152.5,442.2,27.18,30.46,3.29,22.2,450.0,,,6.74,2.8,17.24,6.83
8C1F640980000060,2025-01-09 16:00:00,RAIN_TAIL_DRY,1,9,21.79,40.06,18.28,22.81,38.7,15.88,18.97,33.74,14.77,35.54,37.82,2.28,12.5,60.0,8.0,16.4,33.75,34.63,0.88,5.5,240.0,10.5,10.9,28.6,28.85,0.25,1.7,480.0,6.5,6.0,9.06,2.05,13.39,2.05
8C1F640980000060,2025-01-28 07:00:00,RAIN_TAIL_DRY,1,28,21.79,40.06,18.28,22.81,38.7,15.88,18.97,33.74,14.77,34.63,37.49,2.86,15.6,270.0,19.5,102.0,31.44,33.05,1.61,10.1,750.0,108.0,289.8,26.19,26.69,0.5,3.4,1200.0,141.0,259.9,6.59,1.24,13.14,2.63
8C1F640980000060,2025-02-12 20:00:00,RAIN_TAIL_DRY,2,43,21.79,40.06,18.28,22.81,38.7,15.88,18.97,33.74,14.77,36.81,37.91,1.1,6.0,180.0,3.0,17.6,31.66,36.08,4.42,27.8,240.0,74.0,11.8,25.83,28.74,2.91,19.7,660.0,,2.1,10.31,6.68,19.51,6.68
8C1F640980000060,2025-07-16 19:00:00,RAIN_TAIL_DRY,7,197,21.79,40.06,18.28,22.81,38.7,15.88,18.97,33.74,14.77,39.25,41.24,1.99,10.9,450.0,32.5,635.2,38.3,38.39,0.09,0.6,630.0,7.0,129.4,32.99,32.71,-0.28,-1.9,0.0,0.0,15.7,7.3,0.0,11.4,3.5
8C1F640980000060,2025-08-01 05:00:00,RAIN_TAIL_DRY,8,213,21.79,40.06,18.28,22.81,38.7,15.88,18.97,33.74,14.77,40.07,41.14,1.07,5.9,1440.0,27.5,465.8,38.54,38.55,0.01,0.1,30.0,1.0,16.1,33.41,33.28,-0.13,-0.9,30.0,0.0,,13.6,1.22,30.05,6.04
8C1F640980000060,2025-09-02 12:00:00,RAIN_TAIL_DRY,9,245,21.79,40.06,18.28,22.81,38.7,15.88,18.97,33.74,14.77,29.68,42.43,12.75,69.7,30.0,,,28.56,39.01,10.45,65.8,30.0,56.0,1004.3,24.27,24.23,-0.04,-0.3,210.0,0.0,,9.33,0.0,9.33,22.96
8C1F640980000060,2025-09-04 22:00:00,RAIN_TAIL_DRY,9,247,21.79,40.06,18.28,22.81,38.7,15.88,18.97,33.74,14.77,32.54,39.59,7.05,38.6,600.0,57.5,937.5,29.62,29.67,0.05,0.3,300.0,1.0,30.9,23.16,23.28,0.12,0.8,780.0,1.0,35.7,20.98,0.0,26.86,0.0
8C1F640980000060,2025-09-14 03:00:00,RAIN_TAIL_DRY,9,257,21.79,40.06,18.28,22.81,38.7,15.88,18.97,33.74,14.77,38.28,39.72,1.44,7.9,720.0,46.0,770.2,35.04,35.07,0.03,0.2,180.0,1.0,26.0,30.53,30.46,-0.07,-0.5,0.0,0.0,14.0,7.7,0.3,12.4,0.3
8C1F640980000060,2025-09-24 16:00:00,RAIN_TAIL_DRY,9,267,21.79,40.06,18.28,22.81,38.7,15.88,18.97,33.74,14.77,38.84,43.02,4.19,22.9,210.0,74.0,886.2,36.52,41.6,5.08,32.0,330.0,112.5,1360.1,26.3,37.56,11.26,76.2,600.0,,10.3,10.5,19.9,33.2,20.6
8C1F640980000060,2025-11-02 16:00:00,RAIN_TAIL_DRY,11,306,21.79,40.06,18.28,22.81,38.7,15.88,18.97,33.74,14.77,40.08,41.69,1.61,8.8,270.0,19.5,171.6,38.46,39.35,0.89,5.6,510.0,67.5,510.8,33.28,34.61,1.33,9.0,1320.0,87.0,546.8,12.3,0.0,14.0,0.0
8C1F640980000060,2025-11-29 00:00:00,RAIN_TAIL_DRY,11,333,21.79,40.06,18.28,22.81,38.7,15.88,18.97,33.74,14.77,37.28,38.3,1.02,5.6,960.0,86.0,295.0,35.81,36.35,0.54,3.4,1440.0,99.5,287.6,30.77,30.93,0.16,1.0,1440.0,119.5,317.5,4.6,0.6,4.8,4.7
8C1F640980000060,2025-12-07 20:00:00,RAIN_TAIL_DRY,12,341,21.79,40.06,18.28,22.81,38.7,15.88,18.97,33.74,14.77,37.61,40.45,2.84,15.5,210.0,103.0,876.5,35.52,39.24,3.72,23.4,270.0,,,30.71,33.65,2.94,19.9,870.0,,,4.9,3.6,7.3,4.7
8C1F640980000060,2026-01-12 18:00:00,RAIN_TAIL_DRY,1,12,21.79,40.06,18.28,22.81,38.7,15.88,18.97,33.74,14.77,34.02,38.22,4.2,23.0,1200.0,,5.1,33.72,35.73,2.01,12.7,1380.0,138.0,306.7,29.41,30.09,0.68,4.6,1380.0,136.0,301.2,5.4,1.2,7.8,4.2
8C1F640980000060,2026-02-17 05:00:00,RAIN_TAIL_DRY,2,48,21.79,40.06,18.28,22.81,38.7,15.88,18.97,33.74,14.77,38.56,39.1,0.54,3.0,60.0,6.0,19.0,36.28,38.05,1.77,11.1,120.0,16.5,49.8,30.69,31.61,0.92,6.2,420.0,26.5,63.7,9.1,1.6,12.8,7.4
8C1F640980000060,2026-06-12 22:00:00,RAIN_TAIL_DRY,6,163,21.79,40.06,18.28,22.81,38.7,15.88,18.97,33.74,14.77,27.41,28.94,1.53,8.4,960.0,14.0,263.2,27.26,27.91,0.65,4.1,900.0,14.0,273.9,23.62,24.2,0.57,3.9,900.0,8.0,188.2,4.0,0.1,13.3,8.8
8C1F640980000060,2026-07-17 08:00:00,RAIN_TAIL_DRY,7,198,21.79,40.06,18.28,22.81,38.7,15.88,18.97,33.74,14.77,35.0,42.08,7.08,38.7,690.0,47.0,953.6,35.48,35.16,-0.32,-2.0,0.0,0.0,18.9,33.27,33.08,-0.19,-1.3,120.0,0.0,22.2,4.9,0.8,5.2,2.7
8C1F640980000060,2024-05-23 23:00:00,RAIN_FULL,5,144,21.79,40.06,18.28,22.81,38.7,15.88,18.97,33.74,14.77,37.02,38.44,1.42,7.8,420.0,39.0,637.7,33.02,32.71,-0.3,-1.9,0.0,0.0,13.0,28.93,28.78,-0.15,-1.0,0.0,0.0,13.0,6.6,7.8,25.16,8.2
8C1F640980000060,2024-07-10 20:00:00,RAIN_FULL,7,192,21.79,40.06,18.28,22.81,38.7,15.88,18.97,33.74,14.77,23.53,25.46,1.93,10.6,1080.0,54.0,1132.6,22.65,22.96,0.31,2.0,1080.0,7.5,188.4,18.97,19.2,0.23,1.6,1020.0,6.5,172.2,11.57,11.8,12.67,26.11
8C1F640980000060,2024-10-14 18:00:00,RAIN_FULL,10,288,21.79,40.06,18.28,22.81,38.7,15.88,18.97,33.74,14.77,38.49,39.46,0.97,5.3,180.0,22.5,253.8,36.56,37.76,1.2,7.6,1170.0,36.5,423.9,30.5,31.19,0.69,4.7,1290.0,60.0,705.1,4.3,0.0,9.96,0.0
8C1F640980000060,2024-11-26 04:00:00,RAIN_FULL,11,331,21.79,40.06,18.28,22.81,38.7,15.88,18.97,33.74,14.77,34.3,35.56,1.27,6.9,660.0,76.5,466.8,33.52,33.79,0.27,1.7,720.0,6.0,49.0,28.23,28.33,0.1,0.7,600.0,6.0,56.3,5.27,0.0,6.08,1.46
8C1F640980000060,2025-01-05 07:00:00,RAIN_FULL,1,5,21.79,40.06,18.28,22.81,38.7,15.88,18.97,33.74,14.77,33.05,37.72,4.67,25.5,210.0,140.0,442.5,32.05,36.55,4.5,28.3,270.0,152.5,442.2,27.18,30.46,3.29,22.2,450.0,,,6.74,2.8,17.24,6.83
8C1F640980000060,2025-07-16 19:00:00,RAIN_FULL,7,197,21.79,40.06,18.28,22.81,38.7,15.88,18.97,33.74,14.77,39.25,41.24,1.99,10.9,450.0,32.5,635.2,38.3,38.39,0.09,0.6,630.0,7.0,129.4,32.99,32.71,-0.28,-1.9,0.0,0.0,15.7,7.3,0.0,11.4,3.5
8C1F640980000060,2025-09-02 12:00:00,RAIN_FULL,9,245,21.79,40.06,18.28,22.81,38.7,15.88,18.97,33.74,14.77,29.68,42.43,12.75,69.7,30.0,,,28.56,39.01,10.45,65.8,30.0,56.0,1004.3,24.27,24.23,-0.04,-0.3,210.0,0.0,,9.33,0.0,9.33,22.96
8C1F640980000060,2025-09-04 22:00:00,RAIN_FULL,9,247,21.79,40.06,18.28,22.81,38.7,15.88,18.97,33.74,14.77,32.54,39.59,7.05,38.6,600.0,57.5,937.5,29.62,29.67,0.05,0.3,300.0,1.0,30.9,23.16,23.28,0.12,0.8,780.0,1.0,35.7,20.98,0.0,26.86,0.0
8C1F640980000060,2025-09-14 03:00:00,RAIN_FULL,9,257,21.79,40.06,18.28,22.81,38.7,15.88,18.97,33.74,14.77,38.28,39.72,1.44,7.9,720.0,46.0,770.2,35.04,35.07,0.03,0.2,180.0,1.0,26.0,30.53,30.46,-0.07,-0.5,0.0,0.0,14.0,7.7,0.3,12.4,0.3
8C1F640980000060,2025-09-24 16:00:00,RAIN_FULL,9,267,21.79,40.06,18.28,22.81,38.7,15.88,18.97,33.74,14.77,38.84,43.02,4.19,22.9,210.0,74.0,886.2,36.52,41.6,5.08,32.0,330.0,112.5,1360.1,26.3,37.56,11.26,76.2,600.0,,10.3,10.5,19.9,33.2,20.6
8C1F640980000060,2025-11-29 00:00:00,RAIN_FULL,11,333,21.79,40.06,18.28,22.81,38.7,15.88,18.97,33.74,14.77,37.28,38.3,1.02,5.6,960.0,86.0,295.0,35.81,36.35,0.54,3.4,1440.0,99.5,287.6,30.77,30.93,0.16,1.0,1440.0,119.5,317.5,4.6,0.6,4.8,4.7
8C1F640980000060,2026-01-12 18:00:00,RAIN_FULL,1,12,21.79,40.06,18.28,22.81,38.7,15.88,18.97,33.74,14.77,34.02,38.22,4.2,23.0,1200.0,,5.1,33.72,35.73,2.01,12.7,1380.0,138.0,306.7,29.41,30.09,0.68,4.6,1380.0,136.0,301.2,5.4,1.2,7.8,4.2
8C1F640980000060,2026-07-17 08:00:00,RAIN_FULL,7,198,21.79,40.06,18.28,22.81,38.7,15.88,18.97,33.74,14.77,35.0,42.08,7.08,38.7,690.0,47.0,953.6,35.48,35.16,-0.32,-2.0,0.0,0.0,18.9,33.27,33.08,-0.19,-1.3,120.0,0.0,22.2,4.9,0.8,5.2,2.7
8C1F640980000060,2026-02-13 03:00:00,RAIN_GAP_DROP,2,44,21.79,40.06,18.28,22.81,38.7,15.88,18.97,33.74,14.77,,38.27,,,780.0,,7.4,,36.91,,,900.0,,6.0,,31.42,,,900.0,,6.0,6.2,0.0,26.5,5.6
