eui,event_time,event_type,month,doy,vwc_p05-10,vwc_p95-10,dyn_range-10,vwc_p05-30,vwc_p95-30,dyn_range-30,vwc_p05-45,vwc_p95-45,dyn_range-45,pre_vwc-10,peak_vwc-10,delta_vwc-10,delta_pct_dyn-10,t_peak_min-10,dry_h-10,temp_sum-10,pre_vwc-30,peak_vwc-30,delta_vwc-30,delta_pct_dyn-30,t_peak_min-30,dry_h-30,temp_sum-30,pre_vwc-45,peak_vwc-45,delta_vwc-45,delta_pct_dyn-45,t_peak_min-45,dry_h-45,temp_sum-45,rain_pre24h_mm,rain_post24h_mm,rain_pre72h_mm,rain_post72h_mm
8C1F64098000001B,2023-05-19 03:00:00,IRRIGATION,5,139,16.49,34.75,18.26,17.51,38.03,20.52,21.76,41.78,20.02,34.37,41.23,6.86,37.6,150.0,57.5,,24.92,30.66,5.74,27.9,330.0,64.5,,29.03,35.46,6.43,32.1,210.0,87.0,,0.0,0.0,0.0,0.0
8C1F64098000001B,2023-05-25 09:30:00,IRRIGATION,5,145,16.49,34.75,18.26,17.51,38.03,20.52,21.76,41.78,20.02,26.4,42.06,15.66,85.8,150.0,77.5,,20.29,31.1,10.81,52.7,270.0,70.5,,25.05,33.67,8.62,43.1,330.0,66.5,,0.0,0.0,0.0,0.0
8C1F64098000001B,2023-07-27 02:00:00,IRRIGATION,7,208,16.49,34.75,18.26,17.51,38.03,20.52,21.76,41.78,20.02,12.98,34.1,21.12,115.7,210.0,,,14.34,37.96,23.62,115.1,210.0,,,18.06,40.75,22.69,113.3,210.0,,,0.0,0.0,0.0,0.0
8C1F64098000001B,2023-09-06 04:30:00,IRRIGATION,9,249,16.49,34.75,18.26,17.51,38.03,20.52,21.76,41.78,20.02,16.09,32.71,16.62,91.0,210.0,73.0,,16.77,37.93,21.16,103.1,210.0,79.0,,21.43,41.05,19.62,98.0,210.0,79.0,,0.0,0.0,0.0,0.0
8C1F64098000001B,2023-09-12 01:00:00,IRRIGATION,9,255,16.49,34.75,18.26,17.51,38.03,20.52,21.76,41.78,20.02,16.13,35.51,19.38,106.1,210.0,69.5,,16.84,39.34,22.5,109.6,210.0,78.5,,20.43,42.39,21.96,109.7,210.0,81.5,,0.0,0.0,0.0,0.0
8C1F64098000001B,2023-09-28 04:30:00,IRRIGATION,9,271,16.49,34.75,18.26,17.51,38.03,20.52,21.76,41.78,20.02,14.65,40.6,25.95,142.1,210.0,57.5,,15.31,42.53,27.22,132.7,210.0,75.5,,18.41,40.46,22.05,110.1,270.0,81.5,,0.0,0.0,0.0,0.0
8C1F64098000001B,2023-10-10 04:00:00,IRRIGATION,10,283,16.49,34.75,18.26,17.51,38.03,20.52,21.76,41.78,20.02,13.72,36.02,22.3,122.1,210.0,78.5,,14.67,39.94,25.27,123.1,210.0,82.5,,17.85,41.03,23.18,115.8,210.0,92.5,,0.0,0.0,0.0,0.0
8C1F64098000001B,2023-10-27 03:30:00,IRRIGATION,10,300,16.49,34.75,18.26,17.51,38.03,20.52,21.76,41.78,20.02,14.09,34.8,20.71,113.4,210.0,,,14.91,38.55,23.64,115.2,210.0,,,18.12,40.99,22.88,114.3,210.0,,,0.0,0.0,0.0,0.0
8C1F64098000001B,2024-05-08 03:00:00,IRRIGATION,5,129,16.49,34.75,18.26,17.51,38.03,20.52,21.76,41.78,20.02,18.23,35.26,17.02,93.2,210.0,122.0,1741.1,19.24,39.06,19.82,96.6,210.0,127.5,1881.8,22.65,41.03,18.38,91.8,210.0,137.5,2064.9,1.85,0.0,15.24,0.0
8C1F64098000001B,2024-05-17 04:00:00,IRRIGATION,5,138,16.49,34.75,18.26,17.51,38.03,20.52,21.76,41.78,20.02,17.84,39.16,21.31,116.7,210.0,,,18.77,41.2,22.44,109.3,210.0,,,22.15,43.5,21.35,106.6,210.0,,,13.49,8.1,13.49,11.03
8C1F64098000001B,2024-05-28 02:30:00,IRRIGATION,5,149,16.49,34.75,18.26,17.51,38.03,20.52,21.76,41.78,20.02,19.95,36.29,16.34,89.5,210.0,,14.3,20.93,39.84,18.91,92.2,210.0,,14.3,24.27,42.13,17.86,89.2,210.0,,14.3,9.9,0.0,10.21,18.0
8C1F64098000001B,2024-06-14 05:00:00,IRRIGATION,6,166,16.49,34.75,18.26,17.51,38.03,20.52,21.76,41.78,20.02,18.84,34.08,15.23,83.4,210.0,101.0,1798.7,19.82,38.47,18.65,90.9,210.0,104.0,1883.9,22.71,41.61,18.9,94.4,210.0,111.5,2069.8,0.2,8.6,0.53,12.86
8C1F64098000001B,2024-06-24 08:00:00,IRRIGATION,6,176,16.49,34.75,18.26,17.51,38.03,20.52,21.76,41.78,20.02,18.62,38.38,19.77,108.2,210.0,143.0,3212.8,19.7,40.51,20.81,101.4,210.0,124.0,2739.1,22.7,43.08,20.38,101.8,210.0,141.0,3163.9,0.0,0.0,21.84,5.3
8C1F64098000001B,2024-07-08 04:30:00,IRRIGATION,7,190,16.49,34.75,18.26,17.51,38.03,20.52,21.76,41.78,20.02,19.05,38.29,19.24,105.4,210.0,94.5,2123.4,19.85,41.14,21.29,103.8,210.0,95.5,2143.8,22.9,42.11,19.21,96.0,210.0,117.5,2589.6,0.0,0.0,7.1,12.35
8C1F64098000001B,2024-07-22 04:00:00,IRRIGATION,7,204,16.49,34.75,18.26,17.51,38.03,20.52,21.76,41.78,20.02,18.0,38.21,20.21,110.7,210.0,86.0,1754.7,19.24,40.35,21.11,102.9,210.0,82.0,1671.2,22.16,42.57,20.41,101.9,210.0,95.0,1897.4,2.2,0.7,2.2,4.4
8C1F64098000001B,2024-08-05 08:00:00,IRRIGATION,8,218,16.49,34.75,18.26,17.51,38.03,20.52,21.76,41.78,20.02,27.0,39.24,12.24,67.0,210.0,47.0,1012.6,21.82,41.59,19.77,96.3,210.0,102.5,2178.4,22.04,42.4,20.36,101.7,210.0,148.5,3232.5,2.45,0.0,7.37,7.27
8C1F64098000001B,2024-08-16 03:30:00,IRRIGATION,8,229,16.49,34.75,18.26,17.51,38.03,20.52,21.76,41.78,20.02,17.98,39.07,21.09,115.5,210.0,63.0,1453.6,19.58,41.93,22.35,108.9,210.0,58.0,1359.3,22.26,41.66,19.4,96.9,270.0,76.0,1673.8,0.0,0.0,6.9,14.93
8C1F64098000001B,2024-08-28 07:30:00,IRRIGATION,8,241,16.49,34.75,18.26,17.51,38.03,20.52,21.76,41.78,20.02,17.23,42.73,25.49,139.6,210.0,65.0,1603.0,18.8,44.31,25.51,124.3,210.0,70.0,1710.7,21.48,44.15,22.67,113.2,210.0,80.0,1998.9,0.0,0.0,0.0,0.0
8C1F64098000001B,2024-09-06 03:30:00,IRRIGATION,9,250,16.49,34.75,18.26,17.51,38.03,20.52,21.76,41.78,20.02,17.17,40.59,23.42,128.3,210.0,59.5,1267.1,18.92,43.02,24.1,117.4,210.0,60.5,1287.3,21.58,44.04,22.46,112.2,210.0,75.5,1521.0,0.25,0.4,3.75,23.65
8C1F64098000001B,2024-10-02 07:00:00,IRRIGATION,10,276,16.49,34.75,18.26,17.51,38.03,20.52,21.76,41.78,20.02,27.66,39.23,11.57,63.4,210.0,,,30.59,41.45,10.86,52.9,210.0,,,23.75,44.11,20.36,101.7,210.0,,,15.01,5.1,21.24,8.52
8C1F64098000001B,2025-04-17 05:00:00,IRRIGATION,4,107,16.49,34.75,18.26,17.51,38.03,20.52,21.76,41.78,20.02,24.29,40.02,15.73,86.1,210.0,,,28.68,41.91,13.23,64.5,210.0,,,36.37,44.7,8.34,41.6,210.0,,,0.0,1.6,0.62,2.61
8C1F64098000001B,2025-04-30 04:00:00,IRRIGATION,4,120,16.49,34.75,18.26,17.51,38.03,20.52,21.76,41.78,20.02,23.5,38.84,15.34,84.0,210.0,63.0,1232.8,25.21,40.78,15.57,75.9,210.0,80.0,1525.4,31.48,44.36,12.88,64.3,210.0,104.5,1888.6,0.0,0.0,0.0,0.0
8C1F64098000001B,2025-05-08 02:00:00,IRRIGATION,5,128,16.49,34.75,18.26,17.51,38.03,20.52,21.76,41.78,20.02,22.13,38.7,16.57,90.7,210.0,99.0,1234.0,23.18,40.44,17.26,84.1,210.0,103.0,1308.1,27.93,42.84,14.91,74.5,210.0,105.0,1348.8,0.0,0.0,0.02,0.0
8C1F64098000001B,2025-05-13 06:30:00,IRRIGATION,5,133,16.49,34.75,18.26,17.51,38.03,20.52,21.76,41.78,20.02,22.91,42.12,19.21,105.2,210.0,77.0,1131.0,23.95,43.52,19.57,95.3,210.0,86.0,1243.1,28.5,45.89,17.39,86.9,210.0,119.5,1651.7,0.0,0.0,0.0,0.0
8C1F64098000001B,2025-05-22 03:00:00,IRRIGATION,5,142,16.49,34.75,18.26,17.51,38.03,20.52,21.76,41.78,20.02,21.61,44.18,22.57,123.6,210.0,,,22.09,44.82,22.73,110.8,210.0,,,25.02,46.01,20.98,104.8,210.0,,,1.3,0.0,1.3,1.58
8C1F64098000001B,2025-06-02 02:00:00,IRRIGATION,6,153,16.49,34.75,18.26,17.51,38.03,20.52,21.76,41.78,20.02,25.54,44.75,19.21,105.2,210.0,135.0,2486.0,25.05,45.99,20.94,102.0,210.0,152.0,2742.4,26.95,46.25,19.3,96.4,210.0,,,12.63,3.7,12.68,23.11
8C1F64098000001B,2025-06-16 04:30:00,IRRIGATION,6,167,16.49,34.75,18.26,17.51,38.03,20.52,21.76,41.78,20.02,22.54,40.16,17.62,96.5,210.0,55.0,1123.8,22.78,41.86,19.08,93.0,210.0,66.0,1358.2,25.71,44.46,18.75,93.6,210.0,75.0,1540.6,19.72,0.0,19.72,0.0
8C1F64098000001B,2025-06-24 02:00:00,IRRIGATION,6,175,16.49,34.75,18.26,17.51,38.03,20.52,21.76,41.78,20.02,20.88,40.86,19.98,109.4,210.0,52.0,1269.6,21.5,42.55,21.05,102.6,210.0,56.0,1381.7,24.73,44.77,20.04,100.1,210.0,68.0,1656.2,0.0,0.0,1.85,0.82
8C1F64098000001B,2025-07-03 02:30:00,IRRIGATION,7,184,16.49,34.75,18.26,17.51,38.03,20.52,21.76,41.78,20.02,20.55,43.16,22.61,123.8,210.0,52.5,1154.7,21.52,45.31,23.79,115.9,210.0,54.5,1211.8,24.72,44.99,20.27,101.2,210.0,66.5,1509.3,0.0,0.21,0.32,0.21
8C1F64098000001B,2025-07-11 02:00:00,IRRIGATION,7,192,16.49,34.75,18.26,17.51,38.03,20.52,21.76,41.78,20.02,18.99,39.15,20.16,110.4,210.0,75.5,1553.9,20.2,41.4,21.2,103.3,210.0,75.5,1553.9,23.66,44.01,20.34,101.6,210.0,81.5,1694.9,0.0,0.0,0.1,1.71
8C1F64098000001B,2025-07-23 01:30:00,IRRIGATION,7,204,16.49,34.75,18.26,17.51,38.03,20.52,21.76,41.78,20.02,20.1,45.52,25.42,139.2,210.0,,16.5,20.81,44.51,23.7,115.5,210.0,,16.5,24.93,43.8,18.87,94.3,270.0,,18.3,5.1,0.91,26.87,1.41
8C1F64098000001B,2025-07-30 02:00:00,IRRIGATION,7,211,16.49,34.75,18.26,17.51,38.03,20.52,21.76,41.78,20.02,23.69,40.0,16.31,89.3,210.0,,,24.88,42.24,17.36,84.6,210.0,,,29.16,45.13,15.97,79.8,210.0,,,7.37,6.87,16.92,27.14
8C1F64098000001B,2025-08-11 09:30:00,IRRIGATION,8,223,16.49,34.75,18.26,17.51,38.03,20.52,21.76,41.78,20.02,21.59,41.92,20.33,111.3,210.0,53.5,1319.5,22.59,43.77,21.18,103.2,210.0,53.5,1319.5,26.64,45.38,18.74,93.6,210.0,50.5,1223.4,0.0,0.0,0.0,0.0
8C1F64098000001B,2025-08-25 05:30:00,IRRIGATION,8,237,16.49,34.75,18.26,17.51,38.03,20.52,21.76,41.78,20.02,19.05,41.71,22.66,124.1,210.0,134.0,2592.6,20.8,43.62,22.81,111.2,210.0,102.0,2035.5,24.1,45.77,21.67,108.2,210.0,160.5,3060.6,0.0,0.0,0.05,2.05
8C1F64098000001B,2025-10-13 07:00:00,IRRIGATION,10,286,16.49,34.75,18.26,17.51,38.03,20.52,21.76,41.78,20.02,29.08,39.9,10.82,59.3,210.0,,,30.99,42.29,11.3,55.0,210.0,,,36.45,44.83,8.38,41.9,210.0,,,0.4,0.0,0.4,0.2
8C1F64098000001B,2026-04-22 02:30:00,IRRIGATION,4,112,16.49,34.75,18.26,17.51,38.03,20.52,21.76,41.78,20.02,26.88,39.92,13.04,71.4,210.0,107.5,1230.2,29.82,42.51,12.69,61.8,210.0,124.0,1368.4,39.72,46.25,6.53,32.6,210.0,135.0,1553.2,0.0,0.0,1.8,0.0
8C1F64098000001B,2026-05-04 04:00:00,IRRIGATION,5,124,16.49,34.75,18.26,17.51,38.03,20.52,21.76,41.78,20.02,22.56,41.49,18.93,103.7,210.0,,,23.57,43.33,19.76,96.3,210.0,,,32.78,46.69,13.91,69.5,210.0,,,0.1,0.2,0.1,8.4
8C1F64098000001B,2026-05-21 04:30:00,IRRIGATION,5,141,16.49,34.75,18.26,17.51,38.03,20.52,21.76,41.78,20.02,22.67,46.22,23.55,128.9,210.0,73.5,1414.2,23.09,45.86,22.77,110.9,210.0,77.5,1530.5,31.83,47.38,15.55,77.7,210.0,95.0,1921.9,3.3,0.0,10.6,0.0
8C1F64098000001B,2026-06-12 02:00:00,IRRIGATION,6,163,16.49,34.75,18.26,17.51,38.03,20.52,21.76,41.78,20.02,20.31,41.37,21.06,115.3,210.0,126.0,2032.4,21.35,43.49,22.14,107.9,210.0,125.0,2007.5,28.05,46.2,18.15,90.6,210.0,125.0,2007.5,4.7,6.9,9.3,7.0
8C1F64098000001B,2026-06-22 02:00:00,IRRIGATION,6,173,16.49,34.75,18.26,17.51,38.03,20.52,21.76,41.78,20.02,21.36,46.3,24.94,136.6,210.0,78.0,2087.7,22.24,45.93,23.69,115.4,210.0,83.0,2261.3,28.8,45.26,16.45,82.2,300.0,98.5,2698.1,25.8,0.7,26.1,0.7
8C1F64098000001B,2026-07-14 05:00:00,IRRIGATION,7,195,16.49,34.75,18.26,17.51,38.03,20.52,21.76,41.78,20.02,21.0,42.33,21.33,116.8,690.0,,,22.11,43.67,21.57,105.1,630.0,,,27.68,46.32,18.64,93.1,210.0,,,12.2,11.2,12.2,16.4
8C1F64098000001B,2023-07-27 02:00:00,IRRIGATION_STRONG,7,208,16.49,34.75,18.26,17.51,38.03,20.52,21.76,41.78,20.02,12.98,34.1,21.12,115.7,210.0,,,14.34,37.96,23.62,115.1,210.0,,,18.06,40.75,22.69,113.3,210.0,,,0.0,0.0,0.0,0.0
8C1F64098000001B,2023-09-06 04:30:00,IRRIGATION_STRONG,9,249,16.49,34.75,18.26,17.51,38.03,20.52,21.76,41.78,20.02,16.09,32.71,16.62,91.0,210.0,73.0,,16.77,37.93,21.16,103.1,210.0,79.0,,21.43,41.05,19.62,98.0,210.0,79.0,,0.0,0.0,0.0,0.0
8C1F64098000001B,2023-09-12 01:00:00,IRRIGATION_STRONG,9,255,16.49,34.75,18.26,17.51,38.03,20.52,21.76,41.78,20.02,16.13,35.51,19.38,106.1,210.0,69.5,,16.84,39.34,22.5,109.6,210.0,78.5,,20.43,42.39,21.96,109.7,210.0,81.5,,0.0,0.0,0.0,0.0
8C1F64098000001B,2023-09-28 04:30:00,IRRIGATION_STRONG,9,271,16.49,34.75,18.26,17.51,38.03,20.52,21.76,41.78,20.02,14.65,40.6,25.95,142.1,210.0,57.5,,15.31,42.53,27.22,132.7,210.0,75.5,,18.41,40.46,22.05,110.1,270.0,81.5,,0.0,0.0,0.0,0.0
8C1F64098000001B,2023-10-10 04:00:00,IRRIGATION_STRONG,10,283,16.49,34.75,18.26,17.51,38.03,20.52,21.76,41.78,20.02,13.72,36.02,22.3,122.1,210.0,78.5,,14.67,39.94,25.27,123.1,210.0,82.5,,17.85,41.03,23.18,115.8,210.0,92.5,,0.0,0.0,0.0,0.0
8C1F64098000001B,2023-10-27 03:30:00,IRRIGATION_STRONG,10,300,16.49,34.75,18.26,17.51,38.03,20.52,21.76,41.78,20.02,14.09,34.8,20.71,113.4,210.0,,,14.91,38.55,23.64,115.2,210.0,,,18.12,40.99,22.88,114.3,210.0,,,0.0,0.0,0.0,0.0
8C1F64098000001B,2024-05-08 03:00:00,IRRIGATION_STRONG,5,129,16.49,34.75,18.26,17.51,38.03,20.52,21.76,41.78,20.02,18.23,35.26,17.02,93.2,210.0,122.0,1741.1,19.24,39.06,19.82,96.6,210.0,127.5,1881.8,22.65,41.03,18.38,91.8,210.0,137.5,2064.9,1.85,0.0,15.24,0.0
8C1F64098000001B,2024-05-17 04:00:00,IRRIGATION_STRONG,5,138,16.49,34.75,18.26,17.51,38.03,20.52,21.76,41.78,20.02,17.84,39.16,21.31,116.7,210.0,,,18.77,41.2,22.44,109.3,210.0,,,22.15,43.5,21.35,106.6,210.0,,,13.49,8.1,13.49,11.03
8C1F64098000001B,2024-05-28 02:30:00,IRRIGATION_STRONG,5,149,16.49,34.75,18.26,17.51,38.03,20.52,21.76,41.78,20.02,19.95,36.29,16.34,89.5,210.0,,14.3,20.93,39.84,18.91,92.2,210.0,,14.3,24.27,42.13,17.86,89.2,210.0,,14.3,9.9,0.0,10.21,18.0
8C1F64098000001B,2024-06-14 05:00:00,IRRIGATION_STRONG,6,166,16.49,34.75,18.26,17.51,38.03,20.52,21.76,41.78,20.02,18.84,34.08,15.23,83.4,210.0,101.0,1798.7,19.82,38.47,18.65,90.9,210.0,104.0,1883.9,22.71,41.61,18.9,94.4,210.0,111.5,2069.8,0.2,8.6,0.53,12.86
8C1F64098000001B,2024-06-24 08:00:00,IRRIGATION_STRONG,6,176,16.49,34.75,18.26,17.51,38.03,20.52,21.76,41.78,20.02,18.62,38.38,19.77,108.2,210.0,143.0,3212.8,19.7,40.51,20.81,101.4,210.0,124.0,2739.1,22.7,43.08,20.38,101.8,210.0,141.0,3163.9,0.0,0.0,21.84,5.3
8C1F64098000001B,2024-07-08 04:30:00,IRRIGATION_STRONG,7,190,16.49,34.75,18.26,17.51,38.03,20.52,21.76,41.78,20.02,19.05,38.29,19.24,105.4,210.0,94.5,2123.4,19.85,41.14,21.29,103.8,210.0,95.5,2143.8,22.9,42.11,19.21,96.0,210.0,117.5,2589.6,0.0,0.0,7.1,12.35
8C1F64098000001B,2024-07-22 04:00:00,IRRIGATION_STRONG,7,204,16.49,34.75,18.26,17.51,38.03,20.52,21.76,41.78,20.02,18.0,38.21,20.21,110.7,210.0,86.0,1754.7,19.24,40.35,21.11,102.9,210.0,82.0,1671.2,22.16,42.57,20.41,101.9,210.0,95.0,1897.4,2.2,0.7,2.2,4.4
8C1F64098000001B,2024-08-16 03:30:00,IRRIGATION_STRONG,8,229,16.49,34.75,18.26,17.51,38.03,20.52,21.76,41.78,20.02,17.98,39.07,21.09,115.5,210.0,63.0,1453.6,19.58,41.93,22.35,108.9,210.0,58.0,1359.3,22.26,41.66,19.4,96.9,270.0,76.0,1673.8,0.0,0.0,6.9,14.93
8C1F64098000001B,2024-08-28 07:30:00,IRRIGATION_STRONG,8,241,16.49,34.75,18.26,17.51,38.03,20.52,21.76,41.78,20.02,17.23,42.73,25.49,139.6,210.0,65.0,1603.0,18.8,44.31,25.51,124.3,210.0,70.0,1710.7,21.48,44.15,22.67,113.2,210.0,80.0,1998.9,0.0,0.0,0.0,0.0
8C1F64098000001B,2024-09-06 03:30:00,IRRIGATION_STRONG,9,250,16.49,34.75,18.26,17.51,38.03,20.52,21.76,41.78,20.02,17.17,40.59,23.42,128.3,210.0,59.5,1267.1,18.92,43.02,24.1,117.4,210.0,60.5,1287.3,21.58,44.04,22.46,112.2,210.0,75.5,1521.0,0.25,0.4,3.75,23.65
8C1F64098000001B,2025-05-08 02:00:00,IRRIGATION_STRONG,5,128,16.49,34.75,18.26,17.51,38.03,20.52,21.76,41.78,20.02,22.13,38.7,16.57,90.7,210.0,99.0,1234.0,23.18,40.44,17.26,84.1,210.0,103.0,1308.1,27.93,42.84,14.91,74.5,210.0,105.0,1348.8,0.0,0.0,0.02,0.0
8C1F64098000001B,2025-05-13 06:30:00,IRRIGATION_STRONG,5,133,16.49,34.75,18.26,17.51,38.03,20.52,21.76,41.78,20.02,22.91,42.12,19.21,105.2,210.0,77.0,1131.0,23.95,43.52,19.57,95.3,210.0,86.0,1243.1,28.5,45.89,17.39,86.9,210.0,119.5,1651.7,0.0,0.0,0.0,0.0
8C1F64098000001B,2025-05-22 03:00:00,IRRIGATION_STRONG,5,142,16.49,34.75,18.26,17.51,38.03,20.52,21.76,41.78,20.02,21.61,44.18,22.57,123.6,210.0,,,22.09,44.82,22.73,110.8,210.0,,,25.02,46.01,20.98,104.8,210.0,,,1.3,0.0,1.3,1.58
8C1F64098000001B,2025-06-02 02:00:00,IRRIGATION_STRONG,6,153,16.49,34.75,18.26,17.51,38.03,20.52,21.76,41.78,20.02,25.54,44.75,19.21,105.2,210.0,135.0,2486.0,25.05,45.99,20.94,102.0,210.0,152.0,2742.4,26.95,46.25,19.3,96.4,210.0,,,12.63,3.7,12.68,23.11
8C1F64098000001B,2025-06-16 04:30:00,IRRIGATION_STRONG,6,167,16.49,34.75,18.26,17.51,38.03,20.52,21.76,41.78,20.02,22.54,40.16,17.62,96.5,210.0,55.0,1123.8,22.78,41.86,19.08,93.0,210.0,66.0,1358.2,25.71,44.46,18.75,93.6,210.0,75.0,1540.6,19.72,0.0,19.72,0.0
8C1F64098000001B,2025-06-24 02:00:00,IRRIGATION_STRONG,6,175,16.49,34.75,18.26,17.51,38.03,20.52,21.76,41.78,20.02,20.88,40.86,19.98,109.4,210.0,52.0,1269.6,21.5,42.55,21.05,102.6,210.0,56.0,1381.7,24.73,44.77,20.04,100.1,210.0,68.0,1656.2,0.0,0.0,1.85,0.82
8C1F64098000001B,2025-07-03 02:30:00,IRRIGATION_STRONG,7,184,16.49,34.75,18.26,17.51,38.03,20.52,21.76,41.78,20.02,20.55,43.16,22.61,123.8,210.0,52.5,1154.7,21.52,45.31,23.79,115.9,210.0,54.5,1211.8,24.72,44.99,20.27,101.2,210.0,66.5,1509.3,0.0,0.21,0.32,0.21
8C1F64098000001B,2025-07-11 02:00:00,IRRIGATION_STRONG,7,192,16.49,34.75,18.26,17.51,38.03,20.52,21.76,41.78,20.02,18.99,39.15,20.16,110.4,210.0,75.5,1553.9,20.2,41.4,21.2,103.3,210.0,75.5,1553.9,23.66,44.01,20.34,101.6,210.0,81.5,1694.9,0.0,0.0,0.1,1.71
8C1F64098000001B,2025-07-23 01:30:00,IRRIGATION_STRONG,7,204,16.49,34.75,18.26,17.51,38.03,20.52,21.76,41.78,20.02,20.1,45.52,25.42,139.2,210.0,,16.5,20.81,44.51,23.7,115.5,210.0,,16.5,24.93,43.8,18.87,94.3,270.0,,18.3,5.1,0.91,26.87,1.41
8C1F64098000001B,2025-07-30 02:00:00,IRRIGATION_STRONG,7,211,16.49,34.75,18.26,17.51,38.03,20.52,21.76,41.78,20.02,23.69,40.0,16.31,89.3,210.0,,,24.88,42.24,17.36,84.6,210.0,,,29.16,45.13,15.97,79.8,210.0,,,7.37,6.87,16.92,27.14
8C1F64098000001B,2025-08-11 09:30:00,IRRIGATION_STRONG,8,223,16.49,34.75,18.26,17.51,38.03,20.52,21.76,41.78,20.02,21.59,41.92,20.33,111.3,210.0,53.5,1319.5,22.59,43.77,21.18,103.2,210.0,53.5,1319.5,26.64,45.38,18.74,93.6,210.0,50.5,1223.4,0.0,0.0,0.0,0.0
8C1F64098000001B,2025-08-25 05:30:00,IRRIGATION_STRONG,8,237,16.49,34.75,18.26,17.51,38.03,20.52,21.76,41.78,20.02,19.05,41.71,22.66,124.1,210.0,134.0,2592.6,20.8,43.62,22.81,111.2,210.0,102.0,2035.5,24.1,45.77,21.67,108.2,210.0,160.5,3060.6,0.0,0.0,0.05,2.05
8C1F64098000001B,2026-05-04 04:00:00,IRRIGATION_STRONG,5,124,16.49,34.75,18.26,17.51,38.03,20.52,21.76,41.78,20.02,22.56,41.49,18.93,103.7,210.0,,,23.57,43.33,19.76,96.3,210.0,,,32.78,46.69,13.91,69.5,210.0,,,0.1,0.2,0.1,8.4
8C1F64098000001B,2026-05-21 04:30:00,IRRIGATION_STRONG,5,141,16.49,34.75,18.26,17.51,38.03,20.52,21.76,41.78,20.02,22.67,46.22,23.55,128.9,210.0,73.5,1414.2,23.09,45.86,22.77,110.9,210.0,77.5,1530.5,31.83,47.38,15.55,77.7,210.0,95.0,1921.9,3.3,0.0,10.6,0.0
8C1F64098000001B,2026-06-12 02:00:00,IRRIGATION_STRONG,6,163,16.49,34.75,18.26,17.51,38.03,20.52,21.76,41.78,20.02,20.31,41.37,21.06,115.3,210.0,126.0,2032.4,21.35,43.49,22.14,107.9,210.0,125.0,2007.5,28.05,46.2,18.15,90.6,210.0,125.0,2007.5,4.7,6.9,9.3,7.0
8C1F64098000001B,2026-06-22 02:00:00,IRRIGATION_STRONG,6,173,16.49,34.75,18.26,17.51,38.03,20.52,21.76,41.78,20.02,21.36,46.3,24.94,136.6,210.0,78.0,2087.7,22.24,45.93,23.69,115.4,210.0,83.0,2261.3,28.8,45.26,16.45,82.2,300.0,98.5,2698.1,25.8,0.7,26.1,0.7
8C1F64098000001B,2026-07-14 05:00:00,IRRIGATION_STRONG,7,195,16.49,34.75,18.26,17.51,38.03,20.52,21.76,41.78,20.02,21.0,42.33,21.33,116.8,690.0,,,22.11,43.67,21.57,105.1,630.0,,,27.68,46.32,18.64,93.1,210.0,,,12.2,11.2,12.2,16.4
8C1F64098000001B,2024-02-05 03:00:00,RAIN_ALL,2,36,16.49,34.75,18.26,17.51,38.03,20.52,21.76,41.78,20.02,25.04,25.3,0.26,1.4,960.0,1.0,39.7,28.94,29.35,0.41,2.0,1020.0,4.0,107.1,37.05,37.05,-0.01,-0.0,180.0,0.0,21.5,4.0,1.1,9.3,1.1
8C1F64098000001B,2024-02-19 22:00:00,RAIN_ALL,2,50,16.49,34.75,18.26,17.51,38.03,20.52,21.76,41.78,20.02,26.76,27.54,0.78,4.3,1110.0,132.5,845.5,30.21,30.82,0.61,2.9,1110.0,,,38.52,38.88,0.35,1.8,1110.0,,,2.53,1.39,5.85,9.34
8C1F64098000001B,2024-02-22 07:00:00,RAIN_ALL,2,53,16.49,34.75,18.26,17.51,38.03,20.52,21.76,41.78,20.02,26.95,29.91,2.96,16.2,900.0,49.5,261.8,30.62,32.86,2.23,10.9,1380.0,56.5,267.7,38.85,40.47,1.62,8.1,1440.0,80.0,391.4,7.65,0.2,10.87,0.2
8C1F64098000001B,2024-03-16 15:00:00,RAIN_ALL,3,76,16.49,34.75,18.26,17.51,38.03,20.52,21.76,41.78,20.02,25.76,26.16,0.4,2.2,60.0,12.5,73.1,28.83,29.21,0.38,1.9,630.0,2.0,5.0,35.71,36.04,0.33,1.6,60.0,1.0,18.1,6.48,0.1,7.93,1.5
8C1F64098000001B,2024-03-23 14:00:00,RAIN_ALL,3,83,16.49,34.75,18.26,17.51,38.03,20.52,21.76,41.78,20.02,25.88,26.24,0.36,2.0,210.0,2.0,7.7,29.07,29.63,0.56,2.7,1320.0,3.0,26.6,35.47,35.69,0.22,1.1,0.0,0.5,7.9,4.28,3.5,4.78,5.1
8C1F64098000001B,2024-03-24 04:00:00,RAIN_ALL,3,84,16.49,34.75,18.26,17.51,38.03,20.52,21.76,41.78,20.02,25.62,25.89,0.27,1.5,780.0,1.0,9.1,28.96,29.63,0.67,3.3,480.0,6.0,41.2,35.33,35.64,0.31,1.5,120.0,1.0,8.7,3.8,1.7,7.78,2.3
8C1F64098000001B,2024-03-27 19:00:00,RAIN_ALL,3,87,16.49,34.75,18.26,17.51,38.03,20.52,21.76,41.78,20.02,25.73,31.21,5.48,30.0,570.0,,,28.93,30.77,1.84,9.0,1440.0,,6.1,34.73,35.2,0.47,2.3,1080.0,,10.4,14.62,0.6,14.62,0.72
8C1F64098000001B,2024-04-03 19:00:00,RAIN_ALL,4,94,16.49,34.75,18.26,17.51,38.03,20.52,21.76,41.78,20.02,27.8,28.26,0.46,2.5,0.0,2.0,26.7,30.07,30.41,0.34,1.7,1050.0,2.0,25.8,35.84,36.24,0.41,2.0,1050.0,2.0,25.8,3.92,4.6,7.19,5.16
8C1F64098000001B,2024-04-04 11:00:00,RAIN_ALL,4,95,16.49,34.75,18.26,17.51,38.03,20.52,21.76,41.78,20.02,27.83,28.95,1.12,6.1,1290.0,90.0,1600.1,30.14,30.46,0.32,1.6,1290.0,2.0,33.2,35.98,36.26,0.27,1.4,1290.0,2.0,33.2,3.24,0.32,8.36,0.32
8C1F64098000001B,2024-04-15 07:00:00,RAIN_ALL,4,106,16.49,34.75,18.26,17.51,38.03,20.52,21.76,41.78,20.02,22.98,23.18,0.2,1.1,30.0,2.0,28.2,26.45,26.73,0.28,1.3,90.0,1.0,14.3,34.23,35.08,0.85,4.2,210.0,2.0,30.0,2.18,4.33,2.18,13.13
8C1F64098000001B,2024-04-16 05:00:00,RAIN_ALL,4,107,16.49,34.75,18.26,17.51,38.03,20.52,21.76,41.78,20.02,22.07,22.05,-0.02,-0.1,60.0,0.0,6.0,25.74,26.0,0.26,1.2,60.0,1.0,12.7,34.36,34.19,-0.17,-0.8,0.0,0.0,5.2,4.33,3.9,6.51,10.9
8C1F64098000001B,2024-04-16 19:00:00,RAIN_ALL,4,107,16.49,34.75,18.26,17.51,38.03,20.52,21.76,41.78,20.02,21.53,21.62,0.09,0.5,420.0,1.0,5.2,25.47,25.39,-0.08,-0.4,420.0,0.0,2.2,32.81,33.15,0.34,1.7,420.0,1.0,5.2,5.09,5.0,10.31,15.42
8C1F64098000001B,2024-04-17 13:00:00,RAIN_ALL,4,108,16.49,34.75,18.26,17.51,38.03,20.52,21.76,41.78,20.02,21.19,21.51,0.32,1.8,300.0,1.0,10.9,25.01,25.07,0.06,0.3,0.0,1.0,16.1,32.77,32.84,0.07,0.3,0.0,1.0,16.1,5.5,3.0,14.21,14.14
8C1F64098000001B,2024-04-19 12:00:00,RAIN_ALL,4,110,16.49,34.75,18.26,17.51,38.03,20.52,21.76,41.78,20.02,20.68,20.94,0.26,1.4,690.0,1.0,5.0,24.34,24.67,0.33,1.6,690.0,1.0,5.0,31.99,32.36,0.37,1.8,690.0,1.0,5.0,8.3,3.45,15.3,11.55
8C1F64098000001B,2024-04-21 06:00:00,RAIN_ALL,4,112,16.49,34.75,18.26,17.51,38.03,20.52,21.76,41.78,20.02,20.82,21.62,0.8,4.4,1260.0,,-1.3,24.29,24.48,0.2,1.0,720.0,1.0,8.4,31.76,31.93,0.17,0.8,1260.0,1.0,-2.6,7.76,0.0,19.75,1.05
8C1F64098000001B,2024-05-02 18:00:00,RAIN_ALL,5,123,16.49,34.75,18.26,17.51,38.03,20.52,21.76,41.78,20.02,19.41,19.57,0.16,0.9,0.0,1.5,30.4,20.19,20.35,0.16,0.8,570.0,1.0,12.3,24.45,24.83,0.38,1.9,690.0,1.0,12.1,6.9,10.0,6.9,14.49
8C1F64098000001B,2024-05-06 03:00:00,RAIN_ALL,5,127,16.49,34.75,18.26,17.51,38.03,20.52,21.76,41.78,20.02,18.83,18.93,0.1,0.5,870.0,2.0,27.1,19.87,19.74,-0.13,-0.6,870.0,0.0,,23.66,23.95,0.29,1.4,120.0,1.0,27.8,8.49,3.2,12.98,3.45
8C1F64098000001B,2024-05-06 14:00:00,RAIN_ALL,5,127,16.49,34.75,18.26,17.51,38.03,20.52,21.76,41.78,20.02,18.41,18.93,0.52,2.8,210.0,4.0,51.9,19.37,19.74,0.37,1.8,210.0,2.0,27.1,22.77,23.09,0.32,1.6,210.0,2.0,27.1,8.49,3.2,12.98,3.45
8C1F64098000001B,2024-05-21 14:00:00,RAIN_ALL,5,142,16.49,34.75,18.26,17.51,38.03,20.52,21.76,41.78,20.02,23.29,23.39,0.11,0.6,330.0,1.0,14.9,26.0,25.97,-0.03,-0.1,150.0,0.0,,30.7,30.88,0.18,0.9,150.0,4.0,65.4,8.6,9.7,11.13,23.89
8C1F64098000001B,2024-05-23 23:00:00,RAIN_ALL,5,144,16.49,34.75,18.26,17.51,38.03,20.52,21.76,41.78,20.02,21.13,21.71,0.58,3.2,1020.0,4.0,80.1,23.46,23.25,-0.21,-1.0,1200.0,0.0,15.1,28.27,27.47,-0.8,-4.0,0.0,0.0,13.0,13.99,1.4,26.89,5.31
8C1F64098000001B,2024-05-24 10:00:00,RAIN_ALL,5,145,16.49,34.75,18.26,17.51,38.03,20.52,21.76,41.78,20.02,20.86,21.71,0.85,4.7,360.0,7.0,118.1,22.81,23.25,0.44,2.1,540.0,1.0,29.1,27.21,27.13,-0.08,-0.4,0.0,0.0,16.2,13.99,1.4,26.89,5.31
8C1F64098000001B,2024-05-30 05:00:00,RAIN_ALL,5,151,16.49,34.75,18.26,17.51,38.03,20.52,21.76,41.78,20.02,27.66,29.69,2.03,11.1,1110.0,139.0,2235.2,31.15,31.09,-0.06,-0.3,0.0,0.0,13.6,35.31,35.23,-0.08,-0.4,0.0,0.0,13.6,10.4,6.98,19.18,59.71
8C1F64098000001B,2024-06-01 05:00:00,RAIN_ALL,6,153,16.49,34.75,18.26,17.51,38.03,20.52,21.76,41.78,20.02,31.24,36.52,5.28,28.9,1440.0,50.5,850.3,29.6,39.18,9.58,46.7,1440.0,101.0,1708.3,33.44,36.85,3.41,17.1,1440.0,102.0,1729.3,39.47,10.0,55.21,10.0
8C1F64098000001B,2024-06-02 11:00:00,RAIN_ALL,6,154,16.49,34.75,18.26,17.51,38.03,20.52,21.76,41.78,20.02,35.24,35.04,-0.2,-1.1,120.0,0.0,20.3,39.12,39.0,-0.12,-0.6,0.0,0.0,20.0,38.76,39.16,0.4,2.0,240.0,19.0,326.4,26.07,5.8,55.11,11.0
8C1F64098000001B,2024-06-05 10:00:00,RAIN_ALL,6,157,16.49,34.75,18.26,17.51,38.03,20.52,21.76,41.78,20.02,28.92,29.05,0.13,0.7,0.0,0.5,18.7,33.0,32.77,-0.23,-1.1,0.0,0.0,18.7,35.86,35.6,-0.26,-1.3,0.0,0.0,18.7,2.3,5.2,11.1,5.75
8C1F64098000001B,2024-06-17 10:00:00,RAIN_ALL,6,169,16.49,34.75,18.26,17.51,38.03,20.52,21.76,41.78,20.02,22.84,22.56,-0.28,-1.5,90.0,0.0,,25.99,25.57,-0.42,-2.1,0.0,0.0,20.7,30.09,30.53,0.45,2.2,30.0,2.0,43.1,4.76,1.7,13.16,21.11
8C1F64098000001B,2024-06-19 01:00:00,RAIN_ALL,6,171,16.49,34.75,18.26,17.51,38.03,20.52,21.76,41.78,20.02,19.6,20.13,0.53,2.9,1140.0,2.0,51.0,21.36,21.37,0.01,0.0,180.0,1.0,37.5,24.9,25.1,0.2,1.0,720.0,1.0,49.4,19.41,0.3,25.87,24.44
8C1F64098000001B,2024-06-21 13:00:00,RAIN_ALL,6,173,16.49,34.75,18.26,17.51,38.03,20.52,21.76,41.78,20.02,19.29,19.36,0.07,0.4,90.0,1.0,23.2,20.3,20.36,0.06,0.3,150.0,3.0,65.9,24.0,24.02,0.02,0.1,390.0,1.0,18.8,8.6,12.84,28.01,15.84
8C1F64098000001B,2024-06-22 01:00:00,RAIN_ALL,6,174,16.49,34.75,18.26,17.51,38.03,20.52,21.76,41.78,20.02,18.68,19.23,0.55,3.0,900.0,8.0,149.2,20.05,20.3,0.25,1.2,900.0,3.0,73.5,23.06,24.11,1.05,5.2,1200.0,1.0,29.9,15.24,1.0,24.44,1.0
8C1F64098000001B,2024-06-27 13:00:00,RAIN_ALL,6,179,16.49,34.75,18.26,17.51,38.03,20.52,21.76,41.78,20.02,20.91,22.34,1.43,7.8,1200.0,37.5,933.7,23.25,23.08,-0.17,-0.8,0.0,0.0,23.6,27.52,27.62,0.11,0.5,0.0,0.5,23.6,10.75,5.0,13.65,22.01
8C1F64098000001B,2024-06-28 11:00:00,RAIN_ALL,6,180,16.49,34.75,18.26,17.51,38.03,20.52,21.76,41.78,20.02,22.31,22.45,0.14,0.7,420.0,1.0,46.8,22.27,22.44,0.17,0.8,540.0,3.0,78.6,26.7,26.87,0.17,0.8,120.0,3.0,103.3,6.85,0.2,18.25,22.51
8C1F64098000001B,2024-06-30 15:00:00,RAIN_ALL,6,182,16.49,34.75,18.26,17.51,38.03,20.52,21.76,41.78,20.02,20.65,20.87,0.22,1.2,0.0,0.5,20.7,21.33,21.33,0.0,0.0,210.0,0.0,,24.83,24.79,-0.04,-0.2,0.0,0.0,20.7,11.72,13.59,21.47,15.79
8C1F64098000001B,2024-07-01 13:00:00,RAIN_ALL,7,183,16.49,34.75,18.26,17.51,38.03,20.52,21.76,41.78,20.02,19.87,20.32,0.45,2.5,120.0,2.0,56.8,20.78,20.94,0.16,0.8,180.0,2.0,54.5,23.99,24.04,0.05,0.2,0.0,1.0,39.7,13.59,0.4,22.51,10.05
8C1F64098000001B,2024-07-03 16:00:00,RAIN_ALL,7,185,16.49,34.75,18.26,17.51,38.03,20.52,21.76,41.78,20.02,19.62,19.87,0.25,1.4,30.0,1.0,14.5,20.29,20.32,0.03,0.1,30.0,1.0,14.5,23.52,23.69,0.18,0.9,30.0,1.0,14.5,3.6,6.05,14.29,10.45
8C1F64098000001B,2024-07-06 16:00:00,RAIN_ALL,7,188,16.49,34.75,18.26,17.51,38.03,20.52,21.76,41.78,20.02,19.66,20.12,0.46,2.5,150.0,1.0,18.4,20.22,20.41,0.19,0.9,390.0,1.0,17.8,23.39,23.56,0.17,0.8,0.0,0.5,21.1,4.2,2.9,9.55,2.9
8C1F64098000001B,2024-07-10 20:00:00,RAIN_ALL,7,192,16.49,34.75,18.26,17.51,38.03,20.52,21.76,41.78,20.02,21.96,21.95,-0.02,-0.1,180.0,0.0,19.4,23.66,23.68,0.02,0.1,0.0,1.0,41.7,27.25,27.85,0.6,3.0,180.0,1.0,38.7,10.75,3.35,10.75,26.33
8C1F64098000001B,2024-07-12 13:00:00,RAIN_ALL,7,194,16.49,34.75,18.26,17.51,38.03,20.52,21.76,41.78,20.02,21.06,21.24,0.18,1.0,330.0,2.0,40.6,21.84,21.91,0.07,0.4,0.0,1.5,45.1,26.02,25.89,-0.13,-0.7,0.0,0.0,22.6,12.9,10.08,25.65,10.08
8C1F64098000001B,2024-07-16 01:00:00,RAIN_ALL,7,198,16.49,34.75,18.26,17.51,38.03,20.52,21.76,41.78,20.02,19.63,19.99,0.36,1.9,90.0,1.0,18.3,20.49,20.43,-0.06,-0.3,570.0,0.0,,23.57,23.65,0.08,0.4,30.0,2.0,36.8,5.95,0.2,6.1,0.2
8C1F64098000001B,2024-07-28 00:00:00,RAIN_ALL,7,210,16.49,34.75,18.26,17.51,38.03,20.52,21.76,41.78,20.02,18.75,18.71,-0.04,-0.2,120.0,0.0,18.8,19.7,19.78,0.08,0.4,240.0,1.0,35.6,22.62,22.59,-0.03,-0.1,60.0,0.0,19.8,7.9,2.5,8.41,2.5
8C1F64098000001B,2024-08-01 20:00:00,RAIN_ALL,8,214,16.49,34.75,18.26,17.51,38.03,20.52,21.76,41.78,20.02,17.42,34.65,17.23,94.4,1140.0,,23.3,18.82,21.72,2.89,14.1,1380.0,,19.9,21.7,22.02,0.32,1.6,1320.0,,21.3,21.86,1.5,26.3,6.97
8C1F64098000001B,2024-08-07 14:00:00,RAIN_ALL,8,220,16.49,34.75,18.26,17.51,38.03,20.52,21.76,41.78,20.02,27.27,26.71,-0.56,-3.1,30.0,0.0,,30.87,30.6,-0.27,-1.3,0.0,0.0,25.3,34.53,34.33,-0.2,-1.0,0.0,0.0,25.3,2.2,5.07,2.65,5.07
8C1F64098000001B,2024-08-18 10:00:00,RAIN_ALL,8,231,16.49,34.75,18.26,17.51,38.03,20.52,21.76,41.78,20.02,21.24,21.44,0.2,1.1,0.0,1.5,40.9,22.94,22.98,0.04,0.2,30.0,1.0,20.8,26.27,26.14,-0.13,-0.6,0.0,0.0,20.1,7.6,10.43,7.6,10.43
8C1F64098000001B,2024-08-25 07:00:00,RAIN_ALL,8,238,16.49,34.75,18.26,17.51,38.03,20.52,21.76,41.78,20.02,17.71,18.13,0.41,2.3,0.0,0.5,19.7,19.56,19.51,-0.05,-0.2,210.0,0.0,,22.09,22.06,-0.03,-0.1,0.0,0.0,19.7,4.35,3.6,4.35,3.6
8C1F64098000001B,2024-09-08 22:00:00,RAIN_ALL,9,252,16.49,34.75,18.26,17.51,38.03,20.52,21.76,41.78,20.02,19.2,19.57,0.37,2.0,30.0,2.0,28.0,21.21,21.17,-0.04,-0.2,30.0,0.0,,24.76,24.58,-0.18,-0.9,0.0,0.0,15.7,13.3,13.75,13.95,22.01
8C1F64098000001B,2024-09-09 12:00:00,RAIN_ALL,9,253,16.49,34.75,18.26,17.51,38.03,20.52,21.76,41.78,20.02,18.64,19.01,0.37,2.0,210.0,0.5,18.3,20.72,20.78,0.06,0.3,0.0,0.5,18.1,23.82,23.86,0.04,0.2,480.0,1.0,27.9,25.75,3.0,25.95,10.13
8C1F64098000001B,2024-09-11 15:00:00,RAIN_ALL,9,255,16.49,34.75,18.26,17.51,38.03,20.52,21.76,41.78,20.02,18.17,18.37,0.2,1.1,60.0,1.0,27.0,20.12,20.28,0.16,0.8,120.0,1.0,25.0,23.31,23.41,0.1,0.5,180.0,1.0,23.1,4.76,2.87,33.51,7.83
8C1F64098000001B,2024-09-14 05:00:00,RAIN_ALL,9,258,16.49,34.75,18.26,17.51,38.03,20.52,21.76,41.78,20.02,17.45,17.85,0.41,2.2,780.0,3.0,39.5,19.54,19.67,0.13,0.6,300.0,1.0,23.8,22.77,22.81,0.04,0.2,30.0,2.0,19.8,4.46,0.0,7.13,22.05
8C1F64098000001B,2024-09-16 00:00:00,RAIN_ALL,9,260,16.49,34.75,18.26,17.51,38.03,20.52,21.76,41.78,20.02,17.56,17.99,0.43,2.4,0.0,1.0,21.8,19.48,19.64,0.16,0.8,60.0,1.0,20.8,22.73,23.12,0.39,1.9,60.0,9.0,106.5,6.59,19.2,11.55,19.2
8C1F64098000001B,2024-09-24 02:00:00,RAIN_ALL,9,268,16.49,34.75,18.26,17.51,38.03,20.52,21.76,41.78,20.02,17.9,18.07,0.17,0.9,0.0,2.0,40.3,19.62,19.59,-0.03,-0.1,600.0,0.0,17.8,22.39,22.52,0.12,0.6,180.0,1.0,26.9,10.44,5.41,10.44,29.48
8C1F64098000001B,2024-09-26 04:00:00,RAIN_ALL,9,270,16.49,34.75,18.26,17.51,38.03,20.52,21.76,41.78,20.02,17.54,34.35,16.82,92.1,330.0,,,19.32,33.02,13.7,66.7,1410.0,,,22.38,22.52,0.14,0.7,1290.0,,,12.82,11.25,26.84,13.2
8C1F64098000001B,2024-09-26 14:00:00,RAIN_ALL,9,270,16.49,34.75,18.26,17.51,38.03,20.52,21.76,41.78,20.02,34.17,34.31,0.14,0.7,750.0,1.0,13.0,27.2,34.5,7.3,35.6,1410.0,,,22.4,22.56,0.16,0.8,1350.0,,,20.56,0.05,27.65,1.95
8C1F64098000001B,2024-09-30 09:00:00,RAIN_ALL,9,274,16.49,34.75,18.26,17.51,38.03,20.52,21.76,41.78,20.02,29.31,28.99,-0.32,-1.8,120.0,0.0,11.2,32.56,32.4,-0.16,-0.8,0.0,0.0,9.9,24.11,24.22,0.11,0.5,750.0,1.0,11.0,2.35,3.88,4.3,23.99
8C1F64098000001B,2024-10-07 10:00:00,RAIN_ALL,10,281,16.49,34.75,18.26,17.51,38.03,20.52,21.76,41.78,20.02,30.3,30.87,0.57,3.1,1080.0,,12.9,35.38,35.33,-0.05,-0.2,0.0,0.0,15.9,38.93,38.91,-0.02,-0.1,210.0,0.0,,4.05,11.9,5.02,22.9
8C1F64098000001B,2024-10-08 17:00:00,RAIN_ALL,10,282,16.49,34.75,18.26,17.51,38.03,20.52,21.76,41.78,20.02,30.95,32.61,1.66,9.1,900.0,,12.2,35.01,35.51,0.5,2.5,1380.0,,17.1,38.73,38.73,-0.0,-0.0,60.0,0.0,14.5,11.9,3.76,16.1,11.8
8C1F64098000001B,2024-10-10 18:00:00,RAIN_ALL,10,284,16.49,34.75,18.26,17.51,38.03,20.52,21.76,41.78,20.02,31.85,32.82,0.97,5.3,1230.0,19.5,114.6,35.72,35.73,0.01,0.1,1290.0,1.0,10.0,38.54,38.56,0.02,0.1,30.0,1.0,14.6,8.04,0.0,23.4,5.6
8C1F64098000001B,2024-10-13 04:00:00,RAIN_ALL,10,287,16.49,34.75,18.26,17.51,38.03,20.52,21.76,41.78,20.02,31.48,32.17,0.69,3.8,600.0,13.0,85.8,35.74,35.89,0.15,0.7,300.0,1.0,23.5,38.53,38.61,0.08,0.4,300.0,2.0,35.4,5.4,0.2,13.44,4.3
8C1F64098000001B,2024-10-14 18:00:00,RAIN_ALL,10,288,16.49,34.75,18.26,17.51,38.03,20.52,21.76,41.78,20.02,31.4,33.91,2.51,13.7,810.0,47.5,541.7,35.32,37.87,2.55,12.4,1290.0,118.0,1479.8,38.49,38.98,0.49,2.4,1410.0,,,4.3,0.0,9.7,0.0
8C1F64098000001B,2024-11-11 22:00:00,RAIN_ALL,11,316,16.49,34.75,18.26,17.51,38.03,20.52,21.76,41.78,20.02,24.8,25.06,0.26,1.5,150.0,1.0,5.0,29.02,29.23,0.21,1.0,0.0,5.5,29.2,33.78,33.8,0.02,0.1,30.0,1.0,5.0,3.9,0.2,3.9,2.45
8C1F64098000001B,2024-11-18 10:00:00,RAIN_ALL,11,323,16.49,34.75,18.26,17.51,38.03,20.52,21.76,41.78,20.02,24.52,26.53,2.01,11.0,1440.0,,7.9,28.29,28.52,0.23,1.1,1440.0,,7.9,32.81,32.91,0.09,0.5,0.0,6.0,39.6,7.49,9.55,11.91,12.08
8C1F64098000001B,2024-11-19 23:00:00,RAIN_ALL,11,324,16.49,34.75,18.26,17.51,38.03,20.52,21.76,41.78,20.02,28.09,33.09,5.0,27.4,330.0,127.0,342.5,28.51,35.67,7.16,34.9,1410.0,,,32.84,33.23,0.39,1.9,1410.0,,,10.15,1.93,21.36,3.13
8C1F64098000001B,2024-11-26 04:00:00,RAIN_ALL,11,331,16.49,34.75,18.26,17.51,38.03,20.52,21.76,41.78,20.02,28.98,29.29,0.31,1.7,570.0,3.0,27.8,33.8,33.98,0.17,0.9,570.0,6.5,56.2,35.32,35.59,0.27,1.3,1440.0,112.0,395.2,4.54,0.0,5.13,1.34
8C1F64098000001B,2024-12-02 22:00:00,RAIN_ALL,12,337,16.49,34.75,18.26,17.51,38.03,20.52,21.76,41.78,20.02,27.22,28.31,1.09,6.0,1170.0,,,32.21,32.53,0.32,1.6,1350.0,,,35.24,35.44,0.2,1.0,1350.0,,,7.3,1.4,8.65,14.77
8C1F64098000001B,2024-12-06 12:00:00,RAIN_ALL,12,341,16.49,34.75,18.26,17.51,38.03,20.52,21.76,41.78,20.02,32.38,32.33,-0.05,-0.3,0.0,0.0,5.8,36.12,38.02,1.9,9.3,660.0,37.5,128.7,35.8,39.08,3.28,16.4,1380.0,,4.0,8.27,8.5,9.77,14.0
8C1F64098000001B,2024-12-07 13:00:00,RAIN_ALL,12,342,16.49,34.75,18.26,17.51,38.03,20.52,21.76,41.78,20.02,30.64,33.88,3.24,17.7,210.0,13.0,45.3,36.86,38.68,1.82,8.8,270.0,13.0,41.9,39.08,39.95,0.88,4.4,450.0,45.5,165.6,9.6,0.0,22.27,0.25
8C1F64098000001B,2024-12-15 21:00:00,RAIN_ALL,12,350,16.49,34.75,18.26,17.51,38.03,20.52,21.76,41.78,20.02,26.88,27.44,0.56,3.1,1350.0,,,32.09,32.19,0.1,0.5,1230.0,1.0,7.0,37.92,38.02,0.1,0.5,1230.0,1.0,7.0,3.05,0.51,4.06,4.71
8C1F64098000001B,2024-12-19 19:00:00,RAIN_ALL,12,354,16.49,34.75,18.26,17.51,38.03,20.52,21.76,41.78,20.02,27.38,27.85,0.47,2.6,1290.0,9.0,11.4,32.11,32.31,0.2,1.0,540.0,1.0,6.0,38.01,38.02,0.01,0.0,120.0,1.0,10.3,3.8,0.5,5.1,12.93
8C1F64098000001B,2024-12-22 13:00:00,RAIN_ALL,12,357,16.49,34.75,18.26,17.51,38.03,20.52,21.76,41.78,20.02,27.77,28.64,0.87,4.7,660.0,52.5,87.1,32.11,32.83,0.72,3.5,1380.0,77.5,112.6,38.0,38.24,0.24,1.2,1380.0,91.0,71.2,8.93,3.2,10.03,3.2
8C1F64098000001B,2025-01-02 12:00:00,RAIN_ALL,1,2,16.49,34.75,18.26,17.51,38.03,20.52,21.76,41.78,20.02,25.61,29.19,3.58,19.6,510.0,,,30.05,32.98,2.93,14.3,1230.0,,,35.92,37.54,1.62,8.1,1410.0,,,13.3,0.17,13.3,10.05
8C1F64098000001B,2025-01-05 07:00:00,RAIN_ALL,1,5,16.49,34.75,18.26,17.51,38.03,20.52,21.76,41.78,20.02,27.62,32.2,4.58,25.1,300.0,66.5,281.3,32.36,37.08,4.72,23.0,420.0,78.5,307.6,38.47,41.33,2.86,14.3,1440.0,,4.1,8.08,1.7,16.95,5.36
8C1F64098000001B,2025-01-08 20:00:00,RAIN_ALL,1,8,16.49,34.75,18.26,17.51,38.03,20.52,21.76,41.78,20.02,28.06,29.88,1.82,10.0,1440.0,36.5,-0.5,32.91,34.6,1.7,8.3,1440.0,33.5,1.0,39.9,40.52,0.62,3.1,1440.0,36.5,-0.5,7.62,0.62,13.38,0.62
8C1F64098000001B,2025-01-09 16:00:00,RAIN_ALL,1,9,16.49,34.75,18.26,17.51,38.03,20.52,21.76,41.78,20.02,29.19,30.04,0.85,4.7,300.0,9.0,9.6,34.02,34.68,0.66,3.2,660.0,9.0,9.0,40.48,40.77,0.29,1.4,660.0,13.0,11.3,6.52,0.02,13.38,0.02
8C1F64098000001B,2025-01-23 07:00:00,RAIN_ALL,1,23,16.49,34.75,18.26,17.51,38.03,20.52,21.76,41.78,20.02,24.72,24.96,0.24,1.3,990.0,1.0,3.0,28.96,29.31,0.35,1.7,1410.0,5.0,24.7,35.45,35.43,-0.02,-0.1,360.0,0.0,4.8,4.25,1.27,4.35,3.2
8C1F64098000001B,2025-01-27 07:00:00,RAIN_ALL,1,27,16.49,34.75,18.26,17.51,38.03,20.52,21.76,41.78,20.02,25.86,27.72,1.86,10.2,1380.0,,4.9,29.48,30.45,0.97,4.7,1440.0,,5.1,35.5,35.92,0.42,2.1,1380.0,,4.9,4.67,5.17,8.36,6.96
8C1F64098000001B,2025-01-28 07:00:00,RAIN_ALL,1,28,16.49,34.75,18.26,17.51,38.03,20.52,21.76,41.78,20.02,27.37,29.43,2.06,11.3,510.0,65.5,275.2,30.19,32.59,2.4,11.7,1110.0,132.0,264.7,35.89,37.51,1.62,8.1,1410.0,,,6.75,1.05,13.06,1.94
8C1F64098000001B,2025-02-11 14:00:00,RAIN_ALL,2,42,16.49,34.75,18.26,17.51,38.03,20.52,21.76,41.78,20.02,25.19,27.07,1.88,10.3,1440.0,,5.8,29.13,29.44,0.31,1.5,1320.0,,5.2,35.1,35.27,0.17,0.8,330.0,4.0,8.0,7.69,10.2,14.59,10.6
8C1F64098000001B,2025-02-12 20:00:00,RAIN_ALL,2,43,16.49,34.75,18.26,17.51,38.03,20.52,21.76,41.78,20.02,29.21,31.21,2.0,11.0,240.0,12.0,35.0,30.17,35.94,5.77,28.1,360.0,129.0,-1.7,35.27,39.98,4.71,23.5,1440.0,,-0.5,11.12,5.6,20.22,5.6
8C1F64098000001B,2025-02-25 20:00:00,RAIN_ALL,2,56,16.49,34.75,18.26,17.51,38.03,20.52,21.76,41.78,20.02,26.43,27.74,1.31,7.2,1440.0,,3.6,30.33,30.73,0.4,1.9,1440.0,,3.6,36.47,36.76,0.29,1.4,1440.0,,3.6,3.3,2.86,9.61,5.03
8C1F64098000001B,2025-03-10 16:00:00,RAIN_ALL,3,69,16.49,34.75,18.26,17.51,38.03,20.52,21.76,41.78,20.02,27.45,27.83,0.38,2.1,360.0,1.0,15.2,31.49,31.69,0.2,1.0,300.0,2.0,22.0,38.17,38.21,0.04,0.2,240.0,1.0,14.1,5.0,1.13,5.0,8.37
8C1F64098000001B,2025-03-12 11:00:00,RAIN_ALL,3,71,16.49,34.75,18.26,17.51,38.03,20.52,21.76,41.78,20.02,27.38,27.72,0.34,1.9,270.0,5.0,34.5,31.47,31.64,0.17,0.8,120.0,0.5,12.3,38.08,38.11,0.03,0.2,60.0,4.5,57.7,4.14,1.7,10.27,3.12
8C1F64098000001B,2025-03-24 16:00:00,RAIN_ALL,3,83,16.49,34.75,18.26,17.51,38.03,20.52,21.76,41.78,20.02,27.38,27.69,0.31,1.7,1440.0,1.0,28.4,31.2,31.41,0.21,1.0,390.0,2.0,14.1,37.19,37.27,0.08,0.4,150.0,3.0,30.7,5.87,4.07,10.24,4.07
8C1F64098000001B,2025-03-25 01:00:00,RAIN_ALL,3,84,16.49,34.75,18.26,17.51,38.03,20.52,21.76,41.78,20.02,27.09,27.78,0.69,3.8,1140.0,14.0,97.1,31.34,31.5,0.16,0.8,1140.0,3.0,30.6,37.19,37.3,0.11,0.5,960.0,6.0,66.6,4.47,4.07,10.24,4.07
8C1F64098000001B,2025-03-26 11:00:00,RAIN_ALL,3,85,16.49,34.75,18.26,17.51,38.03,20.52,21.76,41.78,20.02,27.38,27.57,0.19,1.0,360.0,1.0,19.9,31.2,31.43,0.23,1.1,180.0,1.0,21.1,37.15,37.18,0.03,0.1,0.0,1.0,18.3,4.07,0.0,12.84,1.32
8C1F64098000001B,2025-04-24 01:00:00,RAIN_ALL,4,114,16.49,34.75,18.26,17.51,38.03,20.52,21.76,41.78,20.02,27.15,27.11,-0.04,-0.2,90.0,0.0,,31.19,31.51,0.32,1.6,0.0,0.5,10.2,38.4,38.5,0.1,0.5,0.0,0.5,10.2,3.77,1.96,4.67,9.19
8C1F64098000001B,2025-04-25 08:00:00,RAIN_ALL,4,115,16.49,34.75,18.26,17.51,38.03,20.52,21.76,41.78,20.02,25.8,26.0,0.2,1.1,900.0,1.0,13.9,29.49,30.28,0.79,3.8,120.0,1.0,23.4,37.72,38.09,0.38,1.9,120.0,1.0,23.4,7.46,0.0,12.96,0.0
8C1F64098000001B,2025-05-03 21:00:00,RAIN_ALL,5,123,16.49,34.75,18.26,17.51,38.03,20.52,21.76,41.78,20.02,24.07,24.31,0.24,1.3,240.0,1.0,23.7,26.49,26.37,-0.12,-0.6,0.0,0.0,15.4,34.24,34.84,0.6,3.0,300.0,3.0,42.5,10.12,2.73,10.12,2.75
8C1F64098000001B,2025-05-25 08:00:00,RAIN_ALL,5,145,16.49,34.75,18.26,17.51,38.03,20.52,21.76,41.78,20.02,37.38,37.41,0.03,0.2,0.0,1.0,25.6,38.71,38.61,-0.1,-0.5,0.0,0.0,12.4,40.39,40.31,-0.08,-0.4,0.0,0.0,12.4,3.08,4.92,3.08,8.9
8C1F64098000001B,2025-05-28 19:00:00,RAIN_ALL,5,148,16.49,34.75,18.26,17.51,38.03,20.52,21.76,41.78,20.02,28.81,28.62,-0.19,-1.0,360.0,0.0,11.9,28.54,28.19,-0.34,-1.7,120.0,0.0,12.3,31.44,31.26,-0.18,-0.9,0.0,0.0,14.4,27.68,0.0,28.28,0.05
8C1F64098000001B,2025-06-04 18:00:00,RAIN_ALL,6,155,16.49,34.75,18.26,17.51,38.03,20.52,21.76,41.78,20.02,34.48,34.3,-0.19,-1.0,30.0,0.0,,36.39,35.87,-0.52,-2.5,0.0,0.0,18.8,39.53,39.3,-0.23,-1.2,0.0,0.0,18.8,18.43,1.71,34.76,5.82
8C1F64098000001B,2025-06-08 09:00:00,RAIN_ALL,6,159,16.49,34.75,18.26,17.51,38.03,20.52,21.76,41.78,20.02,27.25,27.31,0.05,0.3,150.0,1.0,16.2,27.5,27.54,0.04,0.2,30.0,1.0,16.1,32.02,31.89,-0.12,-0.6,0.0,0.0,16.0,4.22,0.9,8.47,0.9
8C1F64098000001B,2025-06-27 12:00:00,RAIN_ALL,6,178,16.49,34.75,18.26,17.51,38.03,20.52,21.76,41.78,20.02,21.34,21.45,0.11,0.6,210.0,1.0,23.8,22.39,22.39,0.0,0.0,30.0,0.0,,26.16,25.99,-0.18,-0.9,0.0,0.0,22.2,4.37,0.0,4.97,0.0
8C1F64098000001B,2025-07-16 19:00:00,RAIN_ALL,7,197,16.49,34.75,18.26,17.51,38.03,20.52,21.76,41.78,20.02,20.01,20.42,0.41,2.2,30.0,1.0,14.6,21.27,21.38,0.11,0.6,150.0,1.0,13.3,25.16,25.23,0.07,0.3,30.0,1.0,14.6,7.0,0.3,11.1,0.3
8C1F64098000001B,2025-07-20 23:00:00,RAIN_ALL,7,201,16.49,34.75,18.26,17.51,38.03,20.52,21.76,41.78,20.02,20.41,20.75,0.34,1.9,210.0,2.0,36.1,21.31,21.55,0.24,1.1,30.0,3.0,55.8,25.21,25.3,0.09,0.4,150.0,1.0,18.5,5.61,16.16,8.86,21.26
8C1F64098000001B,2025-07-27 14:00:00,RAIN_ALL,7,208,16.49,34.75,18.26,17.51,38.03,20.52,21.76,41.78,20.02,26.65,26.86,0.21,1.2,0.0,1.0,41.7,30.24,29.76,-0.48,-2.3,0.0,0.0,21.2,36.86,36.21,-0.65,-3.2,0.0,0.0,21.2,8.17,7.1,9.67,18.02
8C1F64098000001B,2025-07-31 18:00:00,RAIN_ALL,7,212,16.49,34.75,18.26,17.51,38.03,20.52,21.76,41.78,20.02,34.5,34.4,-0.1,-0.5,180.0,0.0,16.8,38.41,38.33,-0.08,-0.4,60.0,0.0,18.4,41.45,41.43,-0.02,-0.1,0.0,0.0,19.3,7.37,15.07,19.39,17.17
8C1F64098000001B,2025-08-01 05:00:00,RAIN_ALL,8,213,16.49,34.75,18.26,17.51,38.03,20.52,21.76,41.78,20.02,33.84,34.06,0.22,1.2,60.0,1.0,31.8,38.12,38.09,-0.03,-0.1,180.0,0.0,16.7,41.27,41.21,-0.06,-0.3,60.0,0.0,15.7,11.67,10.0,25.91,13.35
8C1F64098000001B,2025-08-04 05:00:00,RAIN_ALL,8,216,16.49,34.75,18.26,17.51,38.03,20.52,21.76,41.78,20.02,28.98,28.97,-0.01,-0.0,30.0,0.0,,31.65,31.78,0.13,0.6,0.0,0.5,13.9,38.83,38.79,-0.04,-0.2,30.0,0.0,,1.95,2.73,13.15,3.33
8C1F64098000001B,2025-08-29 06:00:00,RAIN_ALL,8,241,16.49,34.75,18.26,17.51,38.03,20.52,21.76,41.78,20.02,22.03,22.27,0.24,1.3,300.0,1.0,43.5,23.48,23.67,0.2,1.0,180.0,1.0,37.3,27.78,27.8,0.02,0.1,0.0,3.0,66.6,10.15,1.9,12.2,1.9
8C1F64098000001B,2025-09-02 00:00:00,RAIN_ALL,9,245,16.49,34.75,18.26,17.51,38.03,20.52,21.76,41.78,20.02,20.55,20.95,0.4,2.2,390.0,1.0,16.0,21.95,22.19,0.25,1.2,510.0,1.0,17.1,25.96,25.95,-0.01,-0.0,30.0,0.0,,6.26,3.9,8.16,26.82
8C1F64098000001B,2025-09-04 22:00:00,RAIN_ALL,9,247,16.49,34.75,18.26,17.51,38.03,20.52,21.76,41.78,20.02,20.63,21.05,0.42,2.3,0.0,3.0,63.2,21.87,22.15,0.28,1.4,1290.0,1.0,13.2,25.86,26.01,0.15,0.7,450.0,1.0,15.7,19.7,15.12,29.86,15.12
8C1F64098000001B,2025-09-09 14:00:00,RAIN_ALL,9,252,16.49,34.75,18.26,17.51,38.03,20.52,21.76,41.78,20.02,20.66,20.99,0.33,1.8,0.0,1.0,39.4,21.88,21.94,0.06,0.3,120.0,1.0,37.6,25.73,25.84,0.11,0.5,60.0,4.5,90.8,2.2,4.3,2.2,9.6
8C1F64098000001B,2025-09-12 05:00:00,RAIN_ALL,9,255,16.49,34.75,18.26,17.51,38.03,20.52,21.76,41.78,20.02,20.02,20.69,0.68,3.7,900.0,6.0,71.7,21.35,21.65,0.3,1.5,960.0,2.0,32.4,25.47,25.54,0.07,0.3,720.0,4.0,68.2,4.7,0.0,5.7,8.0
8C1F64098000001B,2025-09-14 03:00:00,RAIN_ALL,9,257,16.49,34.75,18.26,17.51,38.03,20.52,21.76,41.78,20.02,20.41,20.62,0.21,1.2,1170.0,3.0,43.1,21.45,21.47,0.02,0.1,0.0,1.0,27.5,25.58,27.42,1.84,9.2,690.0,1.0,18.0,7.6,0.3,12.4,0.3
8C1F64098000001B,2025-09-21 21:00:00,RAIN_ALL,9,264,16.49,34.75,18.26,17.51,38.03,20.52,21.76,41.78,20.02,20.84,40.68,19.84,108.7,960.0,,11.2,21.32,40.89,19.57,95.4,1380.0,,10.7,25.55,26.54,0.98,4.9,1440.0,,10.7,22.7,0.3,22.7,30.5
8C1F64098000001B,2025-09-24 16:00:00,RAIN_ALL,9,267,16.49,34.75,18.26,17.51,38.03,20.52,21.76,41.78,20.02,38.11,41.08,2.97,16.3,270.0,21.0,227.2,39.72,43.14,3.42,16.7,330.0,31.0,324.8,35.06,42.84,7.78,38.9,570.0,,,15.4,15.0,38.1,15.7
8C1F64098000001B,2025-09-25 07:00:00,RAIN_ALL,9,268,16.49,34.75,18.26,17.51,38.03,20.52,21.76,41.78,20.02,39.03,38.88,-0.15,-0.8,0.0,0.0,10.0,41.49,41.27,-0.22,-1.1,0.0,0.0,10.0,42.64,42.55,-0.09,-0.5,0.0,0.0,10.0,29.7,4.1,40.9,4.2
8C1F64098000001B,2025-09-30 04:00:00,RAIN_ALL,9,273,16.49,34.75,18.26,17.51,38.03,20.52,21.76,41.78,20.02,34.24,34.62,0.38,2.1,1380.0,2.0,19.7,37.59,37.6,0.01,0.0,30.0,1.0,10.0,41.09,41.13,0.05,0.2,90.0,1.0,10.0,6.8,0.0,7.1,0.0
8C1F64098000001B,2025-10-04 13:00:00,RAIN_ALL,10,277,16.49,34.75,18.26,17.51,38.03,20.52,21.76,41.78,20.02,31.49,31.67,0.18,1.0,90.0,1.0,13.3,33.49,33.62,0.12,0.6,210.0,1.0,11.9,38.27,38.26,-0.02,-0.1,0.0,0.0,16.0,5.7,0.8,5.7,12.0
8C1F64098000001B,2025-10-05 17:00:00,RAIN_ALL,10,278,16.49,34.75,18.26,17.51,38.03,20.52,21.76,41.78,20.02,31.03,30.94,-0.09,-0.5,240.0,0.0,9.5,32.88,32.91,0.02,0.1,120.0,1.0,19.0,38.04,38.04,0.0,0.0,60.0,0.0,9.9,5.0,6.6,10.9,7.1
8C1F64098000001B,2025-10-06 15:00:00,RAIN_ALL,10,279,16.49,34.75,18.26,17.51,38.03,20.52,21.76,41.78,20.02,30.45,30.81,0.36,2.0,180.0,2.0,31.9,32.53,32.66,0.12,0.6,240.0,2.0,32.0,37.73,37.79,0.06,0.3,720.0,1.0,20.9,7.5,1.5,16.6,1.5
8C1F64098000001B,2025-10-21 05:00:00,RAIN_ALL,10,294,16.49,34.75,18.26,17.51,38.03,20.52,21.76,41.78,20.02,30.96,31.03,0.07,0.4,120.0,1.0,23.4,34.45,34.59,0.15,0.7,120.0,1.0,23.4,39.3,39.32,0.02,0.1,0.0,2.0,33.1,3.2,4.9,4.1,16.9
8C1F64098000001B,2025-10-22 02:00:00,RAIN_ALL,10,295,16.49,34.75,18.26,17.51,38.03,20.52,21.76,41.78,20.02,30.58,30.75,0.17,0.9,390.0,2.0,26.8,34.0,34.05,0.05,0.2,330.0,1.0,12.2,39.08,39.1,0.02,0.1,30.0,1.0,11.8,5.2,5.9,9.3,14.9
8C1F64098000001B,2025-10-23 09:00:00,RAIN_ALL,10,296,16.49,34.75,18.26,17.51,38.03,20.52,21.76,41.78,20.02,30.49,31.35,0.86,4.7,1440.0,,7.4,33.78,34.02,0.24,1.2,330.0,1.0,13.4,39.0,39.0,-0.0,-0.0,0.0,0.0,14.2,7.2,1.9,18.3,11.4
8C1F64098000001B,2025-10-26 06:00:00,RAIN_ALL,10,299,16.49,34.75,18.26,17.51,38.03,20.52,21.76,41.78,20.02,31.77,32.14,0.37,2.0,1410.0,1.0,5.9,32.99,33.08,0.09,0.4,30.0,1.0,6.6,38.47,38.48,0.01,0.0,30.0,1.0,6.6,5.1,8.6,11.0,13.0
8C1F64098000001B,2025-10-27 14:00:00,RAIN_ALL,10,300,16.49,34.75,18.26,17.51,38.03,20.52,21.76,41.78,20.02,32.19,34.15,1.96,10.8,1260.0,,9.6,32.78,33.48,0.7,3.4,1440.0,,11.0,38.24,40.15,1.91,9.5,210.0,59.5,598.7,7.2,0.8,17.2,3.6
8C1F64098000001B,2025-11-02 02:00:00,RAIN_ALL,11,306,16.49,34.75,18.26,17.51,38.03,20.52,21.76,41.78,20.02,33.36,36.58,3.22,17.6,1440.0,142.5,853.2,34.38,34.8,0.42,2.0,1440.0,,8.5,38.08,38.17,0.09,0.4,900.0,,10.9,10.6,0.0,14.0,0.0
8C1F64098000001B,2025-11-02 16:00:00,RAIN_ALL,11,306,16.49,34.75,18.26,17.51,38.03,20.52,21.76,41.78,20.02,33.8,37.61,3.81,20.9,1200.0,103.0,641.5,34.49,37.85,3.36,16.4,1440.0,,9.3,38.14,38.22,0.08,0.4,1440.0,,9.3,3.9,0.0,14.0,0.0
8C1F64098000001B,2025-11-23 22:00:00,RAIN_ALL,11,327,16.49,34.75,18.26,17.51,38.03,20.52,21.76,41.78,20.02,30.25,31.67,1.42,7.8,1380.0,,0.8,33.87,33.99,0.12,0.6,60.0,1.0,-2.3,39.8,39.78,-0.02,-0.1,0.0,0.0,-2.1,9.1,2.1,9.1,4.9
8C1F64098000001B,2025-11-29 00:00:00,RAIN_ALL,11,333,16.49,34.75,18.26,17.51,38.03,20.52,21.76,41.78,20.02,32.99,34.12,1.13,6.2,1200.0,70.0,251.9,37.61,37.87,0.26,1.2,1380.0,63.5,224.3,40.7,40.87,0.17,0.8,1380.0,,3.6,4.6,4.2,4.8,4.7
8C1F64098000001B,2025-11-30 18:00:00,RAIN_ALL,11,334,16.49,34.75,18.26,17.51,38.03,20.52,21.76,41.78,20.02,33.91,34.09,0.18,1.0,1050.0,3.0,13.0,37.84,38.02,0.18,0.9,1050.0,6.0,22.1,41.01,41.13,0.12,0.6,1290.0,72.5,151.6,4.7,0.0,9.3,0.0
8C1F64098000001B,2025-12-07 20:00:00,RAIN_ALL,12,341,16.49,34.75,18.26,17.51,38.03,20.52,21.76,41.78,20.02,32.14,38.35,6.21,34.0,300.0,123.0,1002.3,36.28,39.81,3.53,17.2,600.0,,12.1,40.85,42.27,1.42,7.1,1380.0,,10.7,8.0,1.5,10.8,3.0
8C1F64098000001B,2026-01-09 03:00:00,RAIN_ALL,1,9,16.49,34.75,18.26,17.51,38.03,20.52,21.76,41.78,20.02,27.7,35.6,7.91,43.3,30.0,,,31.04,38.57,7.53,36.7,630.0,,,39.28,41.17,1.89,9.4,750.0,,,7.9,5.1,8.0,9.3
8C1F64098000001B,2026-01-10 03:00:00,RAIN_ALL,1,10,16.49,34.75,18.26,17.51,38.03,20.52,21.76,41.78,20.02,32.06,32.51,0.45,2.5,330.0,5.0,7.2,36.59,36.49,-0.1,-0.5,0.0,0.0,1.8,40.77,40.72,-0.05,-0.2,30.0,0.0,,4.7,2.2,15.1,9.3
8C1F64098000001B,2026-01-12 18:00:00,RAIN_ALL,1,12,16.49,34.75,18.26,17.51,38.03,20.52,21.76,41.78,20.02,29.68,32.68,3.0,16.4,1170.0,133.0,320.8,34.36,36.57,2.21,10.8,1350.0,133.0,304.5,40.66,40.99,0.33,1.6,1410.0,,,5.4,1.2,7.8,4.2
8C1F64098000001B,2026-01-26 03:00:00,RAIN_ALL,1,26,16.49,34.75,18.26,17.51,38.03,20.52,21.76,41.78,20.02,27.62,27.8,0.18,1.0,390.0,1.0,0.2,32.34,32.45,0.11,0.5,570.0,2.0,0.1,40.64,40.62,-0.02,-0.1,0.0,0.0,-1.6,14.0,10.8,14.2,16.9
8C1F64098000001B,2026-01-29 05:00:00,RAIN_ALL,1,29,16.49,34.75,18.26,17.51,38.03,20.52,21.76,41.78,20.02,29.12,33.46,4.34,23.8,600.0,,0.9,31.73,36.13,4.4,21.4,720.0,,0.4,39.97,40.3,0.33,1.6,990.0,,,7.0,0.0,12.3,0.0
8C1F64098000001B,2026-02-12 04:00:00,RAIN_ALL,2,43,16.49,34.75,18.26,17.51,38.03,20.52,21.76,41.78,20.02,,,,,,,,,,,,,,,,,,,,,,,,,
8C1F64098000001B,2026-02-13 03:00:00,RAIN_ALL,2,44,16.49,34.75,18.26,17.51,38.03,20.52,21.76,41.78,20.02,,32.96,,,870.0,,,,38.07,,,870.0,,,,45.42,,,810.0,,,4.7,0.0,26.5,6.0
8C1F64098000001B,2026-02-17 05:00:00,RAIN_ALL,2,48,16.49,34.75,18.26,17.51,38.03,20.52,21.76,41.78,20.02,33.47,34.3,0.83,4.5,150.0,4.0,11.5,37.0,38.2,1.2,5.8,450.0,18.0,42.1,43.99,45.47,1.48,7.4,690.0,32.5,59.7,8.2,1.3,12.8,7.1
8C1F64098000001B,2026-02-19 08:00:00,RAIN_ALL,2,50,16.49,34.75,18.26,17.51,38.03,20.52,21.76,41.78,20.02,30.89,32.64,1.75,9.6,780.0,28.5,37.1,35.62,36.26,0.64,3.1,1080.0,5.0,-2.6,43.92,43.87,-0.05,-0.2,1200.0,0.0,-0.2,5.6,0.2,13.4,8.5
8C1F64098000001B,2026-02-22 05:00:00,RAIN_ALL,2,53,16.49,34.75,18.26,17.51,38.03,20.52,21.76,41.78,20.02,31.02,33.52,2.5,13.7,1200.0,105.0,817.0,34.91,36.61,1.7,8.3,1440.0,121.0,969.6,43.05,43.56,0.51,2.5,1440.0,89.5,720.9,5.8,2.0,9.2,5.9
8C1F64098000001B,2026-02-22 18:00:00,RAIN_ALL,2,53,16.49,34.75,18.26,17.51,38.03,20.52,21.76,41.78,20.02,31.81,35.24,3.43,18.8,1080.0,42.5,344.0,35.09,38.26,3.17,15.5,1380.0,84.0,634.5,43.11,44.95,1.84,9.2,1440.0,68.5,509.9,5.3,4.6,10.5,4.6
8C1F64098000001B,2026-02-24 02:00:00,RAIN_ALL,2,55,16.49,34.75,18.26,17.51,38.03,20.52,21.76,41.78,20.02,33.46,33.27,-0.19,-1.0,360.0,0.0,7.4,38.08,37.91,-0.17,-0.8,0.0,0.0,7.8,44.94,44.82,-0.12,-0.6,0.0,0.0,7.8,5.4,0.0,12.8,0.0
8C1F64098000001B,2026-03-16 15:00:00,RAIN_ALL,3,75,16.49,34.75,18.26,17.51,38.03,20.52,21.76,41.78,20.02,30.93,30.82,-0.11,-0.6,150.0,0.0,,34.02,34.04,0.02,0.1,330.0,1.0,2.8,40.69,40.69,0.0,0.0,90.0,1.0,5.1,4.2,0.1,4.6,0.1
8C1F64098000001B,2026-03-25 15:00:00,RAIN_ALL,3,84,16.49,34.75,18.26,17.51,38.03,20.52,21.76,41.78,20.02,30.9,31.06,0.16,0.9,90.0,2.0,10.6,33.97,34.08,0.11,0.5,780.0,1.0,4.3,40.53,40.55,0.02,0.1,420.0,1.0,6.1,6.0,1.0,6.0,1.7
8C1F64098000001B,2026-04-12 20:00:00,RAIN_ALL,4,102,16.49,34.75,18.26,17.51,38.03,20.52,21.76,41.78,20.02,29.68,29.83,0.15,0.8,0.0,0.5,9.6,32.88,33.03,0.16,0.8,150.0,0.5,9.2,40.34,40.37,0.02,0.1,150.0,0.5,9.2,9.5,1.1,13.0,4.8
8C1F64098000001B,2026-05-06 15:00:00,RAIN_ALL,5,126,16.49,34.75,18.26,17.51,38.03,20.52,21.76,41.78,20.02,31.28,31.73,0.45,2.5,1260.0,25.0,290.8,34.66,33.45,-1.21,-5.9,0.0,0.0,15.7,41.26,41.04,-0.22,-1.1,0.0,0.0,15.7,7.4,0.4,10.5,0.4
8C1F64098000001B,2026-05-11 00:00:00,RAIN_ALL,5,131,16.49,34.75,18.26,17.51,38.03,20.52,21.76,41.78,20.02,27.48,27.4,-0.08,-0.4,120.0,0.0,13.8,27.45,27.49,0.04,0.2,60.0,1.0,28.1,38.06,38.36,0.3,1.5,180.0,2.0,39.7,4.0,4.2,4.0,8.5
8C1F64098000001B,2026-05-11 15:00:00,RAIN_ALL,5,131,16.49,34.75,18.26,17.51,38.03,20.52,21.76,41.78,20.02,26.74,26.7,-0.04,-0.2,60.0,0.0,12.4,26.82,26.88,0.06,0.3,60.0,1.0,23.6,37.57,37.63,0.06,0.3,600.0,1.0,12.3,7.2,1.0,7.2,9.3
8C1F64098000001B,2026-05-13 20:00:00,RAIN_ALL,5,133,16.49,34.75,18.26,17.51,38.03,20.52,21.76,41.78,20.02,24.39,24.88,0.49,2.7,90.0,6.0,48.4,25.09,25.42,0.33,1.6,630.0,1.0,8.3,35.22,35.18,-0.04,-0.2,690.0,0.0,,3.3,5.0,11.3,9.5
8C1F64098000001B,2026-05-14 14:00:00,RAIN_ALL,5,134,16.49,34.75,18.26,17.51,38.03,20.52,21.76,41.78,20.02,24.32,24.54,0.22,1.2,630.0,2.0,11.8,25.11,25.11,0.0,0.0,0.0,0.5,11.2,34.34,34.98,0.64,3.2,30.0,9.0,85.5,4.0,4.2,8.3,7.1
8C1F64098000001B,2026-05-15 14:00:00,RAIN_ALL,5,135,16.49,34.75,18.26,17.51,38.03,20.52,21.76,41.78,20.02,23.86,24.47,0.61,3.3,360.0,7.0,50.6,24.62,24.86,0.24,1.2,660.0,1.0,9.2,34.31,34.3,-0.01,-0.0,780.0,0.0,3.8,4.2,0.3,12.5,7.0
8C1F64098000001B,2026-05-18 14:00:00,RAIN_ALL,5,138,16.49,34.75,18.26,17.51,38.03,20.52,21.76,41.78,20.02,23.18,23.46,0.29,1.6,0.0,1.5,29.6,23.51,23.7,0.19,0.9,750.0,1.0,7.1,32.45,32.47,0.02,0.1,0.0,0.5,13.8,4.1,5.7,11.2,10.6
8C1F64098000001B,2026-05-31 19:00:00,RAIN_ALL,5,151,16.49,34.75,18.26,17.51,38.03,20.52,21.76,41.78,20.02,21.24,21.58,0.34,1.9,120.0,1.0,36.1,21.91,22.28,0.37,1.8,690.0,2.0,34.6,29.74,29.89,0.15,0.7,630.0,8.0,158.4,10.6,3.8,10.7,9.8
8C1F64098000001B,2026-06-02 21:00:00,RAIN_ALL,6,153,16.49,34.75,18.26,17.51,38.03,20.52,21.76,41.78,20.02,20.91,21.24,0.33,1.8,0.0,0.5,15.3,21.88,22.1,0.22,1.0,210.0,2.0,28.3,29.59,29.75,0.16,0.8,510.0,6.0,100.1,4.8,5.4,19.2,8.9
8C1F64098000001B,2026-06-09 08:00:00,RAIN_ALL,6,160,16.49,34.75,18.26,17.51,38.03,20.52,21.76,41.78,20.02,20.55,20.99,0.43,2.4,180.0,1.0,33.3,21.61,21.74,0.13,0.6,0.0,1.0,31.4,28.56,28.63,0.07,0.3,0.0,2.0,46.8,4.7,0.4,4.9,9.2
8C1F64098000001B,2026-06-16 13:00:00,RAIN_ALL,6,167,16.49,34.75,18.26,17.51,38.03,20.52,21.76,41.78,20.02,23.84,23.85,0.01,0.1,30.0,1.0,18.0,25.09,24.61,-0.48,-2.3,0.0,0.0,17.2,32.02,31.76,-0.26,-1.3,0.0,0.0,17.2,7.5,3.2,7.6,3.2
8C1F64098000001B,2026-07-01 03:00:00,RAIN_ALL,7,182,16.49,34.75,18.26,17.51,38.03,20.52,21.76,41.78,20.02,21.82,21.88,0.05,0.3,0.0,0.5,19.4,22.63,22.8,0.17,0.8,1020.0,1.0,37.6,33.6,33.7,0.1,0.5,210.0,2.0,42.0,36.9,36.7,38.2,36.7
8C1F64098000001B,2026-07-17 08:00:00,RAIN_ALL,7,198,16.49,34.75,18.26,17.51,38.03,20.52,21.76,41.78,20.02,32.15,39.02,6.87,37.6,1020.0,51.5,988.5,35.64,37.2,1.56,7.6,1440.0,8.5,221.2,43.11,43.14,0.03,0.2,0.0,1.0,38.6,4.9,2.0,5.2,2.7
8C1F64098000001B,2024-02-05 03:00:00,RAIN_HEAD,2,36,16.49,34.75,18.26,17.51,38.03,20.52,21.76,41.78,20.02,25.04,25.3,0.26,1.4,960.0,1.0,39.7,28.94,29.35,0.41,2.0,1020.0,4.0,107.1,37.05,37.05,-0.01,-0.0,180.0,0.0,21.5,4.0,1.1,9.3,1.1
8C1F64098000001B,2024-02-22 07:00:00,RAIN_HEAD,2,53,16.49,34.75,18.26,17.51,38.03,20.52,21.76,41.78,20.02,26.95,29.91,2.96,16.2,900.0,49.5,261.8,30.62,32.86,2.23,10.9,1380.0,56.5,267.7,38.85,40.47,1.62,8.1,1440.0,80.0,391.4,7.65,0.2,10.87,0.2
8C1F64098000001B,2024-03-16 15:00:00,RAIN_HEAD,3,76,16.49,34.75,18.26,17.51,38.03,20.52,21.76,41.78,20.02,25.76,26.16,0.4,2.2,60.0,12.5,73.1,28.83,29.21,0.38,1.9,630.0,2.0,5.0,35.71,36.04,0.33,1.6,60.0,1.0,18.1,6.48,0.1,7.93,1.5
8C1F64098000001B,2024-03-23 14:00:00,RAIN_HEAD,3,83,16.49,34.75,18.26,17.51,38.03,20.52,21.76,41.78,20.02,25.88,26.24,0.36,2.0,210.0,2.0,7.7,29.07,29.63,0.56,2.7,1320.0,3.0,26.6,35.47,35.69,0.22,1.1,0.0,0.5,7.9,4.28,3.5,4.78,5.1
8C1F64098000001B,2024-03-27 19:00:00,RAIN_HEAD,3,87,16.49,34.75,18.26,17.51,38.03,20.52,21.76,41.78,20.02,25.73,31.21,5.48,30.0,570.0,,,28.93,30.77,1.84,9.0,1440.0,,6.1,34.73,35.2,0.47,2.3,1080.0,,10.4,14.62,0.6,14.62,0.72
8C1F64098000001B,2024-04-03 19:00:00,RAIN_HEAD,4,94,16.49,34.75,18.26,17.51,38.03,20.52,21.76,41.78,20.02,27.8,28.26,0.46,2.5,0.0,2.0,26.7,30.07,30.41,0.34,1.7,1050.0,2.0,25.8,35.84,36.24,0.41,2.0,1050.0,2.0,25.8,3.92,4.6,7.19,5.16
8C1F64098000001B,2024-04-15 07:00:00,RAIN_HEAD,4,106,16.49,34.75,18.26,17.51,38.03,20.52,21.76,41.78,20.02,22.98,23.18,0.2,1.1,30.0,2.0,28.2,26.45,26.73,0.28,1.3,90.0,1.0,14.3,34.23,35.08,0.85,4.2,210.0,2.0,30.0,2.18,4.33,2.18,13.13
8C1F64098000001B,2024-05-02 18:00:00,RAIN_HEAD,5,123,16.49,34.75,18.26,17.51,38.03,20.52,21.76,41.78,20.02,19.41,19.57,0.16,0.9,0.0,1.5,30.4,20.19,20.35,0.16,0.8,570.0,1.0,12.3,24.45,24.83,0.38,1.9,690.0,1.0,12.1,6.9,10.0,6.9,14.49
8C1F64098000001B,2024-05-21 14:00:00,RAIN_HEAD,5,142,16.49,34.75,18.26,17.51,38.03,20.52,21.76,41.78,20.02,23.29,23.39,0.11,0.6,330.0,1.0,14.9,26.0,25.97,-0.03,-0.1,150.0,0.0,,30.7,30.88,0.18,0.9,150.0,4.0,65.4,8.6,9.7,11.13,23.89
8C1F64098000001B,2024-05-23 23:00:00,RAIN_HEAD,5,144,16.49,34.75,18.26,17.51,38.03,20.52,21.76,41.78,20.02,21.13,21.71,0.58,3.2,1020.0,4.0,80.1,23.46,23.25,-0.21,-1.0,1200.0,0.0,15.1,28.27,27.47,-0.8,-4.0,0.0,0.0,13.0,13.99,1.4,26.89,5.31
8C1F64098000001B,2024-05-24 10:00:00,RAIN_HEAD,5,145,16.49,34.75,18.26,17.51,38.03,20.52,21.76,41.78,20.02,20.86,21.71,0.85,4.7,360.0,7.0,118.1,22.81,23.25,0.44,2.1,540.0,1.0,29.1,27.21,27.13,-0.08,-0.4,0.0,0.0,16.2,13.99,1.4,26.89,5.31
8C1F64098000001B,2024-05-30 05:00:00,RAIN_HEAD,5,151,16.49,34.75,18.26,17.51,38.03,20.52,21.76,41.78,20.02,27.66,29.69,2.03,11.1,1110.0,139.0,2235.2,31.15,31.09,-0.06,-0.3,0.0,0.0,13.6,35.31,35.23,-0.08,-0.4,0.0,0.0,13.6,10.4,6.98,19.18,59.71
8C1F64098000001B,2024-06-01 05:00:00,RAIN_HEAD,6,153,16.49,34.75,18.26,17.51,38.03,20.52,21.76,41.78,20.02,31.24,36.52,5.28,28.9,1440.0,50.5,850.3,29.6,39.18,9.58,46.7,1440.0,101.0,1708.3,33.44,36.85,3.41,17.1,1440.0,102.0,1729.3,39.47,10.0,55.21,10.0
8C1F64098000001B,2024-06-05 10:00:00,RAIN_HEAD,6,157,16.49,34.75,18.26,17.51,38.03,20.52,21.76,41.78,20.02,28.92,29.05,0.13,0.7,0.0,0.5,18.7,33.0,32.77,-0.23,-1.1,0.0,0.0,18.7,35.86,35.6,-0.26,-1.3,0.0,0.0,18.7,2.3,5.2,11.1,5.75
8C1F64098000001B,2024-06-17 10:00:00,RAIN_HEAD,6,169,16.49,34.75,18.26,17.51,38.03,20.52,21.76,41.78,20.02,22.84,22.56,-0.28,-1.5,90.0,0.0,,25.99,25.57,-0.42,-2.1,0.0,0.0,20.7,30.09,30.53,0.45,2.2,30.0,2.0,43.1,4.76,1.7,13.16,21.11
8C1F64098000001B,2024-06-19 01:00:00,RAIN_HEAD,6,171,16.49,34.75,18.26,17.51,38.03,20.52,21.76,41.78,20.02,19.6,20.13,0.53,2.9,1140.0,2.0,51.0,21.36,21.37,0.01,0.0,180.0,1.0,37.5,24.9,25.1,0.2,1.0,720.0,1.0,49.4,19.41,0.3,25.87,24.44
8C1F64098000001B,2024-06-21 13:00:00,RAIN_HEAD,6,173,16.49,34.75,18.26,17.51,38.03,20.52,21.76,41.78,20.02,19.29,19.36,0.07,0.4,90.0,1.0,23.2,20.3,20.36,0.06,0.3,150.0,3.0,65.9,24.0,24.02,0.02,0.1,390.0,1.0,18.8,8.6,12.84,28.01,15.84
8C1F64098000001B,2024-06-22 01:00:00,RAIN_HEAD,6,174,16.49,34.75,18.26,17.51,38.03,20.52,21.76,41.78,20.02,18.68,19.23,0.55,3.0,900.0,8.0,149.2,20.05,20.3,0.25,1.2,900.0,3.0,73.5,23.06,24.11,1.05,5.2,1200.0,1.0,29.9,15.24,1.0,24.44,1.0
8C1F64098000001B,2024-06-30 15:00:00,RAIN_HEAD,6,182,16.49,34.75,18.26,17.51,38.03,20.52,21.76,41.78,20.02,20.65,20.87,0.22,1.2,0.0,0.5,20.7,21.33,21.33,0.0,0.0,210.0,0.0,,24.83,24.79,-0.04,-0.2,0.0,0.0,20.7,11.72,13.59,21.47,15.79
8C1F64098000001B,2024-07-06 16:00:00,RAIN_HEAD,7,188,16.49,34.75,18.26,17.51,38.03,20.52,21.76,41.78,20.02,19.66,20.12,0.46,2.5,150.0,1.0,18.4,20.22,20.41,0.19,0.9,390.0,1.0,17.8,23.39,23.56,0.17,0.8,0.0,0.5,21.1,4.2,2.9,9.55,2.9
8C1F64098000001B,2024-07-10 20:00:00,RAIN_HEAD,7,192,16.49,34.75,18.26,17.51,38.03,20.52,21.76,41.78,20.02,21.96,21.95,-0.02,-0.1,180.0,0.0,19.4,23.66,23.68,0.02,0.1,0.0,1.0,41.7,27.25,27.85,0.6,3.0,180.0,1.0,38.7,10.75,3.35,10.75,26.33
8C1F64098000001B,2024-07-12 13:00:00,RAIN_HEAD,7,194,16.49,34.75,18.26,17.51,38.03,20.52,21.76,41.78,20.02,21.06,21.24,0.18,1.0,330.0,2.0,40.6,21.84,21.91,0.07,0.4,0.0,1.5,45.1,26.02,25.89,-0.13,-0.7,0.0,0.0,22.6,12.9,10.08,25.65,10.08
8C1F64098000001B,2024-07-16 01:00:00,RAIN_HEAD,7,198,16.49,34.75,18.26,17.51,38.03,20.52,21.76,41.78,20.02,19.63,19.99,0.36,1.9,90.0,1.0,18.3,20.49,20.43,-0.06,-0.3,570.0,0.0,,23.57,23.65,0.08,0.4,30.0,2.0,36.8,5.95,0.2,6.1,0.2
8C1F64098000001B,2024-07-28 00:00:00,RAIN_HEAD,7,210,16.49,34.75,18.26,17.51,38.03,20.52,21.76,41.78,20.02,18.75,18.71,-0.04,-0.2,120.0,0.0,18.8,19.7,19.78,0.08,0.4,240.0,1.0,35.6,22.62,22.59,-0.03,-0.1,60.0,0.0,19.8,7.9,2.5,8.41,2.5
8C1F64098000001B,2024-08-01 20:00:00,RAIN_HEAD,8,214,16.49,34.75,18.26,17.51,38.03,20.52,21.76,41.78,20.02,17.42,34.65,17.23,94.4,1140.0,,23.3,18.82,21.72,2.89,14.1,1380.0,,19.9,21.7,22.02,0.32,1.6,1320.0,,21.3,21.86,1.5,26.3,6.97
8C1F64098000001B,2024-08-07 14:00:00,RAIN_HEAD,8,220,16.49,34.75,18.26,17.51,38.03,20.52,21.76,41.78,20.02,27.27,26.71,-0.56,-3.1,30.0,0.0,,30.87,30.6,-0.27,-1.3,0.0,0.0,25.3,34.53,34.33,-0.2,-1.0,0.0,0.0,25.3,2.2,5.07,2.65,5.07
8C1F64098000001B,2024-08-18 10:00:00,RAIN_HEAD,8,231,16.49,34.75,18.26,17.51,38.03,20.52,21.76,41.78,20.02,21.24,21.44,0.2,1.1,0.0,1.5,40.9,22.94,22.98,0.04,0.2,30.0,1.0,20.8,26.27,26.14,-0.13,-0.6,0.0,0.0,20.1,7.6,10.43,7.6,10.43
8C1F64098000001B,2024-08-25 07:00:00,RAIN_HEAD,8,238,16.49,34.75,18.26,17.51,38.03,20.52,21.76,41.78,20.02,17.71,18.13,0.41,2.3,0.0,0.5,19.7,19.56,19.51,-0.05,-0.2,210.0,0.0,,22.09,22.06,-0.03,-0.1,0.0,0.0,19.7,4.35,3.6,4.35,3.6
8C1F64098000001B,2024-09-08 22:00:00,RAIN_HEAD,9,252,16.49,34.75,18.26,17.51,38.03,20.52,21.76,41.78,20.02,19.2,19.57,0.37,2.0,30.0,2.0,28.0,21.21,21.17,-0.04,-0.2,30.0,0.0,,24.76,24.58,-0.18,-0.9,0.0,0.0,15.7,13.3,13.75,13.95,22.01
8C1F64098000001B,2024-09-14 05:00:00,RAIN_HEAD,9,258,16.49,34.75,18.26,17.51,38.03,20.52,21.76,41.78,20.02,17.45,17.85,0.41,2.2,780.0,3.0,39.5,19.54,19.67,0.13,0.6,300.0,1.0,23.8,22.77,22.81,0.04,0.2,30.0,2.0,19.8,4.46,0.0,7.13,22.05
8C1F64098000001B,2024-09-16 00:00:00,RAIN_HEAD,9,260,16.49,34.75,18.26,17.51,38.03,20.52,21.76,41.78,20.02,17.56,17.99,0.43,2.4,0.0,1.0,21.8,19.48,19.64,0.16,0.8,60.0,1.0,20.8,22.73,23.12,0.39,1.9,60.0,9.0,106.5,6.59,19.2,11.55,19.2
8C1F64098000001B,2024-09-24 02:00:00,RAIN_HEAD,9,268,16.49,34.75,18.26,17.51,38.03,20.52,21.76,41.78,20.02,17.9,18.07,0.17,0.9,0.0,2.0,40.3,19.62,19.59,-0.03,-0.1,600.0,0.0,17.8,22.39,22.52,0.12,0.6,180.0,1.0,26.9,10.44,5.41,10.44,29.48
8C1F64098000001B,2024-09-26 04:00:00,RAIN_HEAD,9,270,16.49,34.75,18.26,17.51,38.03,20.52,21.76,41.78,20.02,17.54,34.35,16.82,92.1,330.0,,,19.32,33.02,13.7,66.7,1410.0,,,22.38,22.52,0.14,0.7,1290.0,,,12.82,11.25,26.84,13.2
8C1F64098000001B,2024-09-26 14:00:00,RAIN_HEAD,9,270,16.49,34.75,18.26,17.51,38.03,20.52,21.76,41.78,20.02,34.17,34.31,0.14,0.7,750.0,1.0,13.0,27.2,34.5,7.3,35.6,1410.0,,,22.4,22.56,0.16,0.8,1350.0,,,20.56,0.05,27.65,1.95
8C1F64098000001B,2024-09-30 09:00:00,RAIN_HEAD,9,274,16.49,34.75,18.26,17.51,38.03,20.52,21.76,41.78,20.02,29.31,28.99,-0.32,-1.8,120.0,0.0,11.2,32.56,32.4,-0.16,-0.8,0.0,0.0,9.9,24.11,24.22,0.11,0.5,750.0,1.0,11.0,2.35,3.88,4.3,23.99
8C1F64098000001B,2024-10-07 10:00:00,RAIN_HEAD,10,281,16.49,34.75,18.26,17.51,38.03,20.52,21.76,41.78,20.02,30.3,30.87,0.57,3.1,1080.0,,12.9,35.38,35.33,-0.05,-0.2,0.0,0.0,15.9,38.93,38.91,-0.02,-0.1,210.0,0.0,,4.05,11.9,5.02,22.9
8C1F64098000001B,2024-10-13 04:00:00,RAIN_HEAD,10,287,16.49,34.75,18.26,17.51,38.03,20.52,21.76,41.78,20.02,31.48,32.17,0.69,3.8,600.0,13.0,85.8,35.74,35.89,0.15,0.7,300.0,1.0,23.5,38.53,38.61,0.08,0.4,300.0,2.0,35.4,5.4,0.2,13.44,4.3
8C1F64098000001B,2024-10-14 18:00:00,RAIN_HEAD,10,288,16.49,34.75,18.26,17.51,38.03,20.52,21.76,41.78,20.02,31.4,33.91,2.51,13.7,810.0,47.5,541.7,35.32,37.87,2.55,12.4,1290.0,118.0,1479.8,38.49,38.98,0.49,2.4,1410.0,,,4.3,0.0,9.7,0.0
8C1F64098000001B,2024-11-11 22:00:00,RAIN_HEAD,11,316,16.49,34.75,18.26,17.51,38.03,20.52,21.76,41.78,20.02,24.8,25.06,0.26,1.5,150.0,1.0,5.0,29.02,29.23,0.21,1.0,0.0,5.5,29.2,33.78,33.8,0.02,0.1,30.0,1.0,5.0,3.9,0.2,3.9,2.45
8C1F64098000001B,2024-11-18 10:00:00,RAIN_HEAD,11,323,16.49,34.75,18.26,17.51,38.03,20.52,21.76,41.78,20.02,24.52,26.53,2.01,11.0,1440.0,,7.9,28.29,28.52,0.23,1.1,1440.0,,7.9,32.81,32.91,0.09,0.5,0.0,6.0,39.6,7.49,9.55,11.91,12.08
8C1F64098000001B,2024-11-26 04:00:00,RAIN_HEAD,11,331,16.49,34.75,18.26,17.51,38.03,20.52,21.76,41.78,20.02,28.98,29.29,0.31,1.7,570.0,3.0,27.8,33.8,33.98,0.17,0.9,570.0,6.5,56.2,35.32,35.59,0.27,1.3,1440.0,112.0,395.2,4.54,0.0,5.13,1.34
8C1F64098000001B,2024-12-02 22:00:00,RAIN_HEAD,12,337,16.49,34.75,18.26,17.51,38.03,20.52,21.76,41.78,20.02,27.22,28.31,1.09,6.0,1170.0,,,32.21,32.53,0.32,1.6,1350.0,,,35.24,35.44,0.2,1.0,1350.0,,,7.3,1.4,8.65,14.77
8C1F64098000001B,2024-12-06 12:00:00,RAIN_HEAD,12,341,16.49,34.75,18.26,17.51,38.03,20.52,21.76,41.78,20.02,32.38,32.33,-0.05,-0.3,0.0,0.0,5.8,36.12,38.02,1.9,9.3,660.0,37.5,128.7,35.8,39.08,3.28,16.4,1380.0,,4.0,8.27,8.5,9.77,14.0
8C1F64098000001B,2024-12-15 21:00:00,RAIN_HEAD,12,350,16.49,34.75,18.26,17.51,38.03,20.52,21.76,41.78,20.02,26.88,27.44,0.56,3.1,1350.0,,,32.09,32.19,0.1,0.5,1230.0,1.0,7.0,37.92,38.02,0.1,0.5,1230.0,1.0,7.0,3.05,0.51,4.06,4.71
8C1F64098000001B,2024-12-19 19:00:00,RAIN_HEAD,12,354,16.49,34.75,18.26,17.51,38.03,20.52,21.76,41.78,20.02,27.38,27.85,0.47,2.6,1290.0,9.0,11.4,32.11,32.31,0.2,1.0,540.0,1.0,6.0,38.01,38.02,0.01,0.0,120.0,1.0,10.3,3.8,0.5,5.1,12.93
8C1F64098000001B,2024-12-22 13:00:00,RAIN_HEAD,12,357,16.49,34.75,18.26,17.51,38.03,20.52,21.76,41.78,20.02,27.77,28.64,0.87,4.7,660.0,52.5,87.1,32.11,32.83,0.72,3.5,1380.0,77.5,112.6,38.0,38.24,0.24,1.2,1380.0,91.0,71.2,8.93,3.2,10.03,3.2
8C1F64098000001B,2025-01-02 12:00:00,RAIN_HEAD,1,2,16.49,34.75,18.26,17.51,38.03,20.52,21.76,41.78,20.02,25.61,29.19,3.58,19.6,510.0,,,30.05,32.98,2.93,14.3,1230.0,,,35.92,37.54,1.62,8.1,1410.0,,,13.3,0.17,13.3,10.05
8C1F64098000001B,2025-01-05 07:00:00,RAIN_HEAD,1,5,16.49,34.75,18.26,17.51,38.03,20.52,21.76,41.78,20.02,27.62,32.2,4.58,25.1,300.0,66.5,281.3,32.36,37.08,4.72,23.0,420.0,78.5,307.6,38.47,41.33,2.86,14.3,1440.0,,4.1,8.08,1.7,16.95,5.36
8C1F64098000001B,2025-01-23 07:00:00,RAIN_HEAD,1,23,16.49,34.75,18.26,17.51,38.03,20.52,21.76,41.78,20.02,24.72,24.96,0.24,1.3,990.0,1.0,3.0,28.96,29.31,0.35,1.7,1410.0,5.0,24.7,35.45,35.43,-0.02,-0.1,360.0,0.0,4.8,4.25,1.27,4.35,3.2
8C1F64098000001B,2025-01-27 07:00:00,RAIN_HEAD,1,27,16.49,34.75,18.26,17.51,38.03,20.52,21.76,41.78,20.02,25.86,27.72,1.86,10.2,1380.0,,4.9,29.48,30.45,0.97,4.7,1440.0,,5.1,35.5,35.92,0.42,2.1,1380.0,,4.9,4.67,5.17,8.36,6.96
8C1F64098000001B,2025-02-11 14:00:00,RAIN_HEAD,2,42,16.49,34.75,18.26,17.51,38.03,20.52,21.76,41.78,20.02,25.19,27.07,1.88,10.3,1440.0,,5.8,29.13,29.44,0.31,1.5,1320.0,,5.2,35.1,35.27,0.17,0.8,330.0,4.0,8.0,7.69,10.2,14.59,10.6
8C1F64098000001B,2025-02-25 20:00:00,RAIN_HEAD,2,56,16.49,34.75,18.26,17.51,38.03,20.52,21.76,41.78,20.02,26.43,27.74,1.31,7.2,1440.0,,3.6,30.33,30.73,0.4,1.9,1440.0,,3.6,36.47,36.76,0.29,1.4,1440.0,,3.6,3.3,2.86,9.61,5.03
8C1F64098000001B,2025-03-10 16:00:00,RAIN_HEAD,3,69,16.49,34.75,18.26,17.51,38.03,20.52,21.76,41.78,20.02,27.45,27.83,0.38,2.1,360.0,1.0,15.2,31.49,31.69,0.2,1.0,300.0,2.0,22.0,38.17,38.21,0.04,0.2,240.0,1.0,14.1,5.0,1.13,5.0,8.37
8C1F64098000001B,2025-03-25 01:00:00,RAIN_HEAD,3,84,16.49,34.75,18.26,17.51,38.03,20.52,21.76,41.78,20.02,27.09,27.78,0.69,3.8,1140.0,14.0,97.1,31.34,31.5,0.16,0.8,1140.0,3.0,30.6,37.19,37.3,0.11,0.5,960.0,6.0,66.6,4.47,4.07,10.24,4.07
8C1F64098000001B,2025-04-24 01:00:00,RAIN_HEAD,4,114,16.49,34.75,18.26,17.51,38.03,20.52,21.76,41.78,20.02,27.15,27.11,-0.04,-0.2,90.0,0.0,,31.19,31.51,0.32,1.6,0.0,0.5,10.2,38.4,38.5,0.1,0.5,0.0,0.5,10.2,3.77,1.96,4.67,9.19
8C1F64098000001B,2025-05-03 21:00:00,RAIN_HEAD,5,123,16.49,34.75,18.26,17.51,38.03,20.52,21.76,41.78,20.02,24.07,24.31,0.24,1.3,240.0,1.0,23.7,26.49,26.37,-0.12,-0.6,0.0,0.0,15.4,34.24,34.84,0.6,3.0,300.0,3.0,42.5,10.12,2.73,10.12,2.75
8C1F64098000001B,2025-05-25 08:00:00,RAIN_HEAD,5,145,16.49,34.75,18.26,17.51,38.03,20.52,21.76,41.78,20.02,37.38,37.41,0.03,0.2,0.0,1.0,25.6,38.71,38.61,-0.1,-0.5,0.0,0.0,12.4,40.39,40.31,-0.08,-0.4,0.0,0.0,12.4,3.08,4.92,3.08,8.9
8C1F64098000001B,2025-05-28 19:00:00,RAIN_HEAD,5,148,16.49,34.75,18.26,17.51,38.03,20.52,21.76,41.78,20.02,28.81,28.62,-0.19,-1.0,360.0,0.0,11.9,28.54,28.19,-0.34,-1.7,120.0,0.0,12.3,31.44,31.26,-0.18,-0.9,0.0,0.0,14.4,27.68,0.0,28.28,0.05
8C1F64098000001B,2025-06-04 18:00:00,RAIN_HEAD,6,155,16.49,34.75,18.26,17.51,38.03,20.52,21.76,41.78,20.02,34.48,34.3,-0.19,-1.0,30.0,0.0,,36.39,35.87,-0.52,-2.5,0.0,0.0,18.8,39.53,39.3,-0.23,-1.2,0.0,0.0,18.8,18.43,1.71,34.76,5.82
8C1F64098000001B,2025-06-08 09:00:00,RAIN_HEAD,6,159,16.49,34.75,18.26,17.51,38.03,20.52,21.76,41.78,20.02,27.25,27.31,0.05,0.3,150.0,1.0,16.2,27.5,27.54,0.04,0.2,30.0,1.0,16.1,32.02,31.89,-0.12,-0.6,0.0,0.0,16.0,4.22,0.9,8.47,0.9
8C1F64098000001B,2025-06-27 12:00:00,RAIN_HEAD,6,178,16.49,34.75,18.26,17.51,38.03,20.52,21.76,41.78,20.02,21.34,21.45,0.11,0.6,210.0,1.0,23.8,22.39,22.39,0.0,0.0,30.0,0.0,,26.16,25.99,-0.18,-0.9,0.0,0.0,22.2,4.37,0.0,4.97,0.0
8C1F64098000001B,2025-07-16 19:00:00,RAIN_HEAD,7,197,16.49,34.75,18.26,17.51,38.03,20.52,21.76,41.78,20.02,20.01,20.42,0.41,2.2,30.0,1.0,14.6,21.27,21.38,0.11,0.6,150.0,1.0,13.3,25.16,25.23,0.07,0.3,30.0,1.0,14.6,7.0,0.3,11.1,0.3
8C1F64098000001B,2025-08-29 06:00:00,RAIN_HEAD,8,241,16.49,34.75,18.26,17.51,38.03,20.52,21.76,41.78,20.02,22.03,22.27,0.24,1.3,300.0,1.0,43.5,23.48,23.67,0.2,1.0,180.0,1.0,37.3,27.78,27.8,0.02,0.1,0.0,3.0,66.6,10.15,1.9,12.2,1.9
8C1F64098000001B,2025-09-02 00:00:00,RAIN_HEAD,9,245,16.49,34.75,18.26,17.51,38.03,20.52,21.76,41.78,20.02,20.55,20.95,0.4,2.2,390.0,1.0,16.0,21.95,22.19,0.25,1.2,510.0,1.0,17.1,25.96,25.95,-0.01,-0.0,30.0,0.0,,6.26,3.9,8.16,26.82
8C1F64098000001B,2025-09-04 22:00:00,RAIN_HEAD,9,247,16.49,34.75,18.26,17.51,38.03,20.52,21.76,41.78,20.02,20.63,21.05,0.42,2.3,0.0,3.0,63.2,21.87,22.15,0.28,1.4,1290.0,1.0,13.2,25.86,26.01,0.15,0.7,450.0,1.0,15.7,19.7,15.12,29.86,15.12
8C1F64098000001B,2025-09-09 14:00:00,RAIN_HEAD,9,252,16.49,34.75,18.26,17.51,38.03,20.52,21.76,41.78,20.02,20.66,20.99,0.33,1.8,0.0,1.0,39.4,21.88,21.94,0.06,0.3,120.0,1.0,37.6,25.73,25.84,0.11,0.5,60.0,4.5,90.8,2.2,4.3,2.2,9.6
8C1F64098000001B,2025-09-12 05:00:00,RAIN_HEAD,9,255,16.49,34.75,18.26,17.51,38.03,20.52,21.76,41.78,20.02,20.02,20.69,0.68,3.7,900.0,6.0,71.7,21.35,21.65,0.3,1.5,960.0,2.0,32.4,25.47,25.54,0.07,0.3,720.0,4.0,68.2,4.7,0.0,5.7,8.0
8C1F64098000001B,2025-09-14 03:00:00,RAIN_HEAD,9,257,16.49,34.75,18.26,17.51,38.03,20.52,21.76,41.78,20.02,20.41,20.62,0.21,1.2,1170.0,3.0,43.1,21.45,21.47,0.02,0.1,0.0,1.0,27.5,25.58,27.42,1.84,9.2,690.0,1.0,18.0,7.6,0.3,12.4,0.3
8C1F64098000001B,2025-09-21 21:00:00,RAIN_HEAD,9,264,16.49,34.75,18.26,17.51,38.03,20.52,21.76,41.78,20.02,20.84,40.68,19.84,108.7,960.0,,11.2,21.32,40.89,19.57,95.4,1380.0,,10.7,25.55,26.54,0.98,4.9,1440.0,,10.7,22.7,0.3,22.7,30.5
8C1F64098000001B,2025-09-24 16:00:00,RAIN_HEAD,9,267,16.49,34.75,18.26,17.51,38.03,20.52,21.76,41.78,20.02,38.11,41.08,2.97,16.3,270.0,21.0,227.2,39.72,43.14,3.42,16.7,330.0,31.0,324.8,35.06,42.84,7.78,38.9,570.0,,,15.4,15.0,38.1,15.7
8C1F64098000001B,2025-09-25 07:00:00,RAIN_HEAD,9,268,16.49,34.75,18.26,17.51,38.03,20.52,21.76,41.78,20.02,39.03,38.88,-0.15,-0.8,0.0,0.0,10.0,41.49,41.27,-0.22,-1.1,0.0,0.0,10.0,42.64,42.55,-0.09,-0.5,0.0,0.0,10.0,29.7,4.1,40.9,4.2
8C1F64098000001B,2025-09-30 04:00:00,RAIN_HEAD,9,273,16.49,34.75,18.26,17.51,38.03,20.52,21.76,41.78,20.02,34.24,34.62,0.38,2.1,1380.0,2.0,19.7,37.59,37.6,0.01,0.0,30.0,1.0,10.0,41.09,41.13,0.05,0.2,90.0,1.0,10.0,6.8,0.0,7.1,0.0
8C1F64098000001B,2025-10-04 13:00:00,RAIN_HEAD,10,277,16.49,34.75,18.26,17.51,38.03,20.52,21.76,41.78,20.02,31.49,31.67,0.18,1.0,90.0,1.0,13.3,33.49,33.62,0.12,0.6,210.0,1.0,11.9,38.27,38.26,-0.02,-0.1,0.0,0.0,16.0,5.7,0.8,5.7,12.0
8C1F64098000001B,2025-10-21 05:00:00,RAIN_HEAD,10,294,16.49,34.75,18.26,17.51,38.03,20.52,21.76,41.78,20.02,30.96,31.03,0.07,0.4,120.0,1.0,23.4,34.45,34.59,0.15,0.7,120.0,1.0,23.4,39.3,39.32,0.02,0.1,0.0,2.0,33.1,3.2,4.9,4.1,16.9
8C1F64098000001B,2025-10-27 14:00:00,RAIN_HEAD,10,300,16.49,34.75,18.26,17.51,38.03,20.52,21.76,41.78,20.02,32.19,34.15,1.96,10.8,1260.0,,9.6,32.78,33.48,0.7,3.4,1440.0,,11.0,38.24,40.15,1.91,9.5,210.0,59.5,598.7,7.2,0.8,17.2,3.6
8C1F64098000001B,2025-11-02 02:00:00,RAIN_HEAD,11,306,16.49,34.75,18.26,17.51,38.03,20.52,21.76,41.78,20.02,33.36,36.58,3.22,17.6,1440.0,142.5,853.2,34.38,34.8,0.42,2.0,1440.0,,8.5,38.08,38.17,0.09,0.4,900.0,,10.9,10.6,0.0,14.0,0.0
8C1F64098000001B,2025-11-23 22:00:00,RAIN_HEAD,11,327,16.49,34.75,18.26,17.51,38.03,20.52,21.76,41.78,20.02,30.25,31.67,1.42,7.8,1380.0,,0.8,33.87,33.99,0.12,0.6,60.0,1.0,-2.3,39.8,39.78,-0.02,-0.1,0.0,0.0,-2.1,9.1,2.1,9.1,4.9
8C1F64098000001B,2025-11-29 00:00:00,RAIN_HEAD,11,333,16.49,34.75,18.26,17.51,38.03,20.52,21.76,41.78,20.02,32.99,34.12,1.13,6.2,1200.0,70.0,251.9,37.61,37.87,0.26,1.2,1380.0,63.5,224.3,40.7,40.87,0.17,0.8,1380.0,,3.6,4.6,4.2,4.8,4.7
8C1F64098000001B,2025-11-30 18:00:00,RAIN_HEAD,11,334,16.49,34.75,18.26,17.51,38.03,20.52,21.76,41.78,20.02,33.91,34.09,0.18,1.0,1050.0,3.0,13.0,37.84,38.02,0.18,0.9,1050.0,6.0,22.1,41.01,41.13,0.12,0.6,1290.0,72.5,151.6,4.7,0.0,9.3,0.0
8C1F64098000001B,2026-01-09 03:00:00,RAIN_HEAD,1,9,16.49,34.75,18.26,17.51,38.03,20.52,21.76,41.78,20.02,27.7,35.6,7.91,43.3,30.0,,,31.04,38.57,7.53,36.7,630.0,,,39.28,41.17,1.89,9.4,750.0,,,7.9,5.1,8.0,9.3
8C1F64098000001B,2026-01-12 18:00:00,RAIN_HEAD,1,12,16.49,34.75,18.26,17.51,38.03,20.52,21.76,41.78,20.02,29.68,32.68,3.0,16.4,1170.0,133.0,320.8,34.36,36.57,2.21,10.8,1350.0,133.0,304.5,40.66,40.99,0.33,1.6,1410.0,,,5.4,1.2,7.8,4.2
8C1F64098000001B,2026-01-26 03:00:00,RAIN_HEAD,1,26,16.49,34.75,18.26,17.51,38.03,20.52,21.76,41.78,20.02,27.62,27.8,0.18,1.0,390.0,1.0,0.2,32.34,32.45,0.11,0.5,570.0,2.0,0.1,40.64,40.62,-0.02,-0.1,0.0,0.0,-1.6,14.0,10.8,14.2,16.9
8C1F64098000001B,2026-01-29 05:00:00,RAIN_HEAD,1,29,16.49,34.75,18.26,17.51,38.03,20.52,21.76,41.78,20.02,29.12,33.46,4.34,23.8,600.0,,0.9,31.73,36.13,4.4,21.4,720.0,,0.4,39.97,40.3,0.33,1.6,990.0,,,7.0,0.0,12.3,0.0
8C1F64098000001B,2026-02-19 08:00:00,RAIN_HEAD,2,50,16.49,34.75,18.26,17.51,38.03,20.52,21.76,41.78,20.02,30.89,32.64,1.75,9.6,780.0,28.5,37.1,35.62,36.26,0.64,3.1,1080.0,5.0,-2.6,43.92,43.87,-0.05,-0.2,1200.0,0.0,-0.2,5.6,0.2,13.4,8.5
8C1F64098000001B,2026-03-16 15:00:00,RAIN_HEAD,3,75,16.49,34.75,18.26,17.51,38.03,20.52,21.76,41.78,20.02,30.93,30.82,-0.11,-0.6,150.0,0.0,,34.02,34.04,0.02,0.1,330.0,1.0,2.8,40.69,40.69,0.0,0.0,90.0,1.0,5.1,4.2,0.1,4.6,0.1
8C1F64098000001B,2026-03-25 15:00:00,RAIN_HEAD,3,84,16.49,34.75,18.26,17.51,38.03,20.52,21.76,41.78,20.02,30.9,31.06,0.16,0.9,90.0,2.0,10.6,33.97,34.08,0.11,0.5,780.0,1.0,4.3,40.53,40.55,0.02,0.1,420.0,1.0,6.1,6.0,1.0,6.0,1.7
8C1F64098000001B,2026-05-11 00:00:00,RAIN_HEAD,5,131,16.49,34.75,18.26,17.51,38.03,20.52,21.76,41.78,20.02,27.48,27.4,-0.08,-0.4,120.0,0.0,13.8,27.45,27.49,0.04,0.2,60.0,1.0,28.1,38.06,38.36,0.3,1.5,180.0,2.0,39.7,4.0,4.2,4.0,8.5
8C1F64098000001B,2026-05-13 20:00:00,RAIN_HEAD,5,133,16.49,34.75,18.26,17.51,38.03,20.52,21.76,41.78,20.02,24.39,24.88,0.49,2.7,90.0,6.0,48.4,25.09,25.42,0.33,1.6,630.0,1.0,8.3,35.22,35.18,-0.04,-0.2,690.0,0.0,,3.3,5.0,11.3,9.5
8C1F64098000001B,2026-05-31 19:00:00,RAIN_HEAD,5,151,16.49,34.75,18.26,17.51,38.03,20.52,21.76,41.78,20.02,21.24,21.58,0.34,1.9,120.0,1.0,36.1,21.91,22.28,0.37,1.8,690.0,2.0,34.6,29.74,29.89,0.15,0.7,630.0,8.0,158.4,10.6,3.8,10.7,9.8
8C1F64098000001B,2026-06-02 21:00:00,RAIN_HEAD,6,153,16.49,34.75,18.26,17.51,38.03,20.52,21.76,41.78,20.02,20.91,21.24,0.33,1.8,0.0,0.5,15.3,21.88,22.1,0.22,1.0,210.0,2.0,28.3,29.59,29.75,0.16,0.8,510.0,6.0,100.1,4.8,5.4,19.2,8.9
8C1F64098000001B,2026-06-09 08:00:00,RAIN_HEAD,6,160,16.49,34.75,18.26,17.51,38.03,20.52,21.76,41.78,20.02,20.55,20.99,0.43,2.4,180.0,1.0,33.3,21.61,21.74,0.13,0.6,0.0,1.0,31.4,28.56,28.63,0.07,0.3,0.0,2.0,46.8,4.7,0.4,4.9,9.2
8C1F64098000001B,2026-06-16 13:00:00,RAIN_HEAD,6,167,16.49,34.75,18.26,17.51,38.03,20.52,21.76,41.78,20.02,23.84,23.85,0.01,0.1,30.0,1.0,18.0,25.09,24.61,-0.48,-2.3,0.0,0.0,17.2,32.02,31.76,-0.26,-1.3,0.0,0.0,17.2,7.5,3.2,7.6,3.2
8C1F64098000001B,2026-07-01 03:00:00,RAIN_HEAD,7,182,16.49,34.75,18.26,17.51,38.03,20.52,21.76,41.78,20.02,21.82,21.88,0.05,0.3,0.0,0.5,19.4,22.63,22.8,0.17,0.8,1020.0,1.0,37.6,33.6,33.7,0.1,0.5,210.0,2.0,42.0,36.9,36.7,38.2,36.7
8C1F64098000001B,2026-07-17 08:00:00,RAIN_HEAD,7,198,16.49,34.75,18.26,17.51,38.03,20.52,21.76,41.78,20.02,32.15,39.02,6.87,37.6,1020.0,51.5,988.5,35.64,37.2,1.56,7.6,1440.0,8.5,221.2,43.11,43.14,0.03,0.2,0.0,1.0,38.6,4.9,2.0,5.2,2.7
8C1F64098000001B,2024-02-05 03:00:00,RAIN_TAIL,2,36,16.49,34.75,18.26,17.51,38.03,20.52,21.76,41.78,20.02,25.04,25.3,0.26,1.4,960.0,1.0,39.7,28.94,29.35,0.41,2.0,1020.0,4.0,107.1,37.05,37.05,-0.01,-0.0,180.0,0.0,21.5,4.0,1.1,9.3,1.1
8C1F64098000001B,2024-02-22 07:00:00,RAIN_TAIL,2,53,16.49,34.75,18.26,17.51,38.03,20.52,21.76,41.78,20.02,26.95,29.91,2.96,16.2,900.0,49.5,261.8,30.62,32.86,2.23,10.9,1380.0,56.5,267.7,38.85,40.47,1.62,8.1,1440.0,80.0,391.4,7.65,0.2,10.87,0.2
8C1F64098000001B,2024-03-16 15:00:00,RAIN_TAIL,3,76,16.49,34.75,18.26,17.51,38.03,20.52,21.76,41.78,20.02,25.76,26.16,0.4,2.2,60.0,12.5,73.1,28.83,29.21,0.38,1.9,630.0,2.0,5.0,35.71,36.04,0.33,1.6,60.0,1.0,18.1,6.48,0.1,7.93,1.5
8C1F64098000001B,2024-03-27 19:00:00,RAIN_TAIL,3,87,16.49,34.75,18.26,17.51,38.03,20.52,21.76,41.78,20.02,25.73,31.21,5.48,30.0,570.0,,,28.93,30.77,1.84,9.0,1440.0,,6.1,34.73,35.2,0.47,2.3,1080.0,,10.4,14.62,0.6,14.62,0.72
8C1F64098000001B,2024-04-04 11:00:00,RAIN_TAIL,4,95,16.49,34.75,18.26,17.51,38.03,20.52,21.76,41.78,20.02,27.83,28.95,1.12,6.1,1290.0,90.0,1600.1,30.14,30.46,0.32,1.6,1290.0,2.0,33.2,35.98,36.26,0.27,1.4,1290.0,2.0,33.2,3.24,0.32,8.36,0.32
8C1F64098000001B,2024-04-21 06:00:00,RAIN_TAIL,4,112,16.49,34.75,18.26,17.51,38.03,20.52,21.76,41.78,20.02,20.82,21.62,0.8,4.4,1260.0,,-1.3,24.29,24.48,0.2,1.0,720.0,1.0,8.4,31.76,31.93,0.17,0.8,1260.0,1.0,-2.6,7.76,0.0,19.75,1.05
8C1F64098000001B,2024-05-02 18:00:00,RAIN_TAIL,5,123,16.49,34.75,18.26,17.51,38.03,20.52,21.76,41.78,20.02,19.41,19.57,0.16,0.9,0.0,1.5,30.4,20.19,20.35,0.16,0.8,570.0,1.0,12.3,24.45,24.83,0.38,1.9,690.0,1.0,12.1,6.9,10.0,6.9,14.49
8C1F64098000001B,2024-05-06 03:00:00,RAIN_TAIL,5,127,16.49,34.75,18.26,17.51,38.03,20.52,21.76,41.78,20.02,18.83,18.93,0.1,0.5,870.0,2.0,27.1,19.87,19.74,-0.13,-0.6,870.0,0.0,,23.66,23.95,0.29,1.4,120.0,1.0,27.8,8.49,3.2,12.98,3.45
8C1F64098000001B,2024-05-06 14:00:00,RAIN_TAIL,5,127,16.49,34.75,18.26,17.51,38.03,20.52,21.76,41.78,20.02,18.41,18.93,0.52,2.8,210.0,4.0,51.9,19.37,19.74,0.37,1.8,210.0,2.0,27.1,22.77,23.09,0.32,1.6,210.0,2.0,27.1,8.49,3.2,12.98,3.45
8C1F64098000001B,2024-05-21 14:00:00,RAIN_TAIL,5,142,16.49,34.75,18.26,17.51,38.03,20.52,21.76,41.78,20.02,23.29,23.39,0.11,0.6,330.0,1.0,14.9,26.0,25.97,-0.03,-0.1,150.0,0.0,,30.7,30.88,0.18,0.9,150.0,4.0,65.4,8.6,9.7,11.13,23.89
8C1F64098000001B,2024-05-23 23:00:00,RAIN_TAIL,5,144,16.49,34.75,18.26,17.51,38.03,20.52,21.76,41.78,20.02,21.13,21.71,0.58,3.2,1020.0,4.0,80.1,23.46,23.25,-0.21,-1.0,1200.0,0.0,15.1,28.27,27.47,-0.8,-4.0,0.0,0.0,13.0,13.99,1.4,26.89,5.31
8C1F64098000001B,2024-05-24 10:00:00,RAIN_TAIL,5,145,16.49,34.75,18.26,17.51,38.03,20.52,21.76,41.78,20.02,20.86,21.71,0.85,4.7,360.0,7.0,118.1,22.81,23.25,0.44,2.1,540.0,1.0,29.1,27.21,27.13,-0.08,-0.4,0.0,0.0,16.2,13.99,1.4,26.89,5.31
8C1F64098000001B,2024-06-02 11:00:00,RAIN_TAIL,6,154,16.49,34.75,18.26,17.51,38.03,20.52,21.76,41.78,20.02,35.24,35.04,-0.2,-1.1,120.0,0.0,20.3,39.12,39.0,-0.12,-0.6,0.0,0.0,20.0,38.76,39.16,0.4,2.0,240.0,19.0,326.4,26.07,5.8,55.11,11.0
8C1F64098000001B,2024-06-05 10:00:00,RAIN_TAIL,6,157,16.49,34.75,18.26,17.51,38.03,20.52,21.76,41.78,20.02,28.92,29.05,0.13,0.7,0.0,0.5,18.7,33.0,32.77,-0.23,-1.1,0.0,0.0,18.7,35.86,35.6,-0.26,-1.3,0.0,0.0,18.7,2.3,5.2,11.1,5.75
8C1F64098000001B,2024-06-17 10:00:00,RAIN_TAIL,6,169,16.49,34.75,18.26,17.51,38.03,20.52,21.76,41.78,20.02,22.84,22.56,-0.28,-1.5,90.0,0.0,,25.99,25.57,-0.42,-2.1,0.0,0.0,20.7,30.09,30.53,0.45,2.2,30.0,2.0,43.1,4.76,1.7,13.16,21.11
8C1F64098000001B,2024-06-19 01:00:00,RAIN_TAIL,6,171,16.49,34.75,18.26,17.51,38.03,20.52,21.76,41.78,20.02,19.6,20.13,0.53,2.9,1140.0,2.0,51.0,21.36,21.37,0.01,0.0,180.0,1.0,37.5,24.9,25.1,0.2,1.0,720.0,1.0,49.4,19.41,0.3,25.87,24.44
8C1F64098000001B,2024-06-21 13:00:00,RAIN_TAIL,6,173,16.49,34.75,18.26,17.51,38.03,20.52,21.76,41.78,20.02,19.29,19.36,0.07,0.4,90.0,1.0,23.2,20.3,20.36,0.06,0.3,150.0,3.0,65.9,24.0,24.02,0.02,0.1,390.0,1.0,18.8,8.6,12.84,28.01,15.84
8C1F64098000001B,2024-06-22 01:00:00,RAIN_TAIL,6,174,16.49,34.75,18.26,17.51,38.03,20.52,21.76,41.78,20.02,18.68,19.23,0.55,3.0,900.0,8.0,149.2,20.05,20.3,0.25,1.2,900.0,3.0,73.5,23.06,24.11,1.05,5.2,1200.0,1.0,29.9,15.24,1.0,24.44,1.0
8C1F64098000001B,2024-06-28 11:00:00,RAIN_TAIL,6,180,16.49,34.75,18.26,17.51,38.03,20.52,21.76,41.78,20.02,22.31,22.45,0.14,0.7,420.0,1.0,46.8,22.27,22.44,0.17,0.8,540.0,3.0,78.6,26.7,26.87,0.17,0.8,120.0,3.0,103.3,6.85,0.2,18.25,22.51
8C1F64098000001B,2024-07-06 16:00:00,RAIN_TAIL,7,188,16.49,34.75,18.26,17.51,38.03,20.52,21.76,41.78,20.02,19.66,20.12,0.46,2.5,150.0,1.0,18.4,20.22,20.41,0.19,0.9,390.0,1.0,17.8,23.39,23.56,0.17,0.8,0.0,0.5,21.1,4.2,2.9,9.55,2.9
8C1F64098000001B,2024-07-10 20:00:00,RAIN_TAIL,7,192,16.49,34.75,18.26,17.51,38.03,20.52,21.76,41.78,20.02,21.96,21.95,-0.02,-0.1,180.0,0.0,19.4,23.66,23.68,0.02,0.1,0.0,1.0,41.7,27.25,27.85,0.6,3.0,180.0,1.0,38.7,10.75,3.35,10.75,26.33
8C1F64098000001B,2024-07-12 13:00:00,RAIN_TAIL,7,194,16.49,34.75,18.26,17.51,38.03,20.52,21.76,41.78,20.02,21.06,21.24,0.18,1.0,330.0,2.0,40.6,21.84,21.91,0.07,0.4,0.0,1.5,45.1,26.02,25.89,-0.13,-0.7,0.0,0.0,22.6,12.9,10.08,25.65,10.08
8C1F64098000001B,2024-07-16 01:00:00,RAIN_TAIL,7,198,16.49,34.75,18.26,17.51,38.03,20.52,21.76,41.78,20.02,19.63,19.99,0.36,1.9,90.0,1.0,18.3,20.49,20.43,-0.06,-0.3,570.0,0.0,,23.57,23.65,0.08,0.4,30.0,2.0,36.8,5.95,0.2,6.1,0.2
8C1F64098000001B,2024-07-28 00:00:00,RAIN_TAIL,7,210,16.49,34.75,18.26,17.51,38.03,20.52,21.76,41.78,20.02,18.75,18.71,-0.04,-0.2,120.0,0.0,18.8,19.7,19.78,0.08,0.4,240.0,1.0,35.6,22.62,22.59,-0.03,-0.1,60.0,0.0,19.8,7.9,2.5,8.41,2.5
8C1F64098000001B,2024-08-01 20:00:00,RAIN_TAIL,8,214,16.49,34.75,18.26,17.51,38.03,20.52,21.76,41.78,20.02,17.42,34.65,17.23,94.4,1140.0,,23.3,18.82,21.72,2.89,14.1,1380.0,,19.9,21.7,22.02,0.32,1.6,1320.0,,21.3,21.86,1.5,26.3,6.97
8C1F64098000001B,2024-08-07 14:00:00,RAIN_TAIL,8,220,16.49,34.75,18.26,17.51,38.03,20.52,21.76,41.78,20.02,27.27,26.71,-0.56,-3.1,30.0,0.0,,30.87,30.6,-0.27,-1.3,0.0,0.0,25.3,34.53,34.33,-0.2,-1.0,0.0,0.0,25.3,2.2,5.07,2.65,5.07
8C1F64098000001B,2024-08-18 10:00:00,RAIN_TAIL,8,231,16.49,34.75,18.26,17.51,38.03,20.52,21.76,41.78,20.02,21.24,21.44,0.2,1.1,0.0,1.5,40.9,22.94,22.98,0.04,0.2,30.0,1.0,20.8,26.27,26.14,-0.13,-0.6,0.0,0.0,20.1,7.6,10.43,7.6,10.43
8C1F64098000001B,2024-08-25 07:00:00,RAIN_TAIL,8,238,16.49,34.75,18.26,17.51,38.03,20.52,21.76,41.78,20.02,17.71,18.13,0.41,2.3,0.0,0.5,19.7,19.56,19.51,-0.05,-0.2,210.0,0.0,,22.09,22.06,-0.03,-0.1,0.0,0.0,19.7,4.35,3.6,4.35,3.6
8C1F64098000001B,2024-09-08 22:00:00,RAIN_TAIL,9,252,16.49,34.75,18.26,17.51,38.03,20.52,21.76,41.78,20.02,19.2,19.57,0.37,2.0,30.0,2.0,28.0,21.21,21.17,-0.04,-0.2,30.0,0.0,,24.76,24.58,-0.18,-0.9,0.0,0.0,15.7,13.3,13.75,13.95,22.01
8C1F64098000001B,2024-09-11 15:00:00,RAIN_TAIL,9,255,16.49,34.75,18.26,17.51,38.03,20.52,21.76,41.78,20.02,18.17,18.37,0.2,1.1,60.0,1.0,27.0,20.12,20.28,0.16,0.8,120.0,1.0,25.0,23.31,23.41,0.1,0.5,180.0,1.0,23.1,4.76,2.87,33.51,7.83
8C1F64098000001B,2024-09-14 05:00:00,RAIN_TAIL,9,258,16.49,34.75,18.26,17.51,38.03,20.52,21.76,41.78,20.02,17.45,17.85,0.41,2.2,780.0,3.0,39.5,19.54,19.67,0.13,0.6,300.0,1.0,23.8,22.77,22.81,0.04,0.2,30.0,2.0,19.8,4.46,0.0,7.13,22.05
8C1F64098000001B,2024-09-16 00:00:00,RAIN_TAIL,9,260,16.49,34.75,18.26,17.51,38.03,20.52,21.76,41.78,20.02,17.56,17.99,0.43,2.4,0.0,1.0,21.8,19.48,19.64,0.16,0.8,60.0,1.0,20.8,22.73,23.12,0.39,1.9,60.0,9.0,106.5,6.59,19.2,11.55,19.2
8C1F64098000001B,2024-09-24 02:00:00,RAIN_TAIL,9,268,16.49,34.75,18.26,17.51,38.03,20.52,21.76,41.78,20.02,17.9,18.07,0.17,0.9,0.0,2.0,40.3,19.62,19.59,-0.03,-0.1,600.0,0.0,17.8,22.39,22.52,0.12,0.6,180.0,1.0,26.9,10.44,5.41,10.44,29.48
8C1F64098000001B,2024-09-26 04:00:00,RAIN_TAIL,9,270,16.49,34.75,18.26,17.51,38.03,20.52,21.76,41.78,20.02,17.54,34.35,16.82,92.1,330.0,,,19.32,33.02,13.7,66.7,1410.0,,,22.38,22.52,0.14,0.7,1290.0,,,12.82,11.25,26.84,13.2
8C1F64098000001B,2024-09-26 14:00:00,RAIN_TAIL,9,270,16.49,34.75,18.26,17.51,38.03,20.52,21.76,41.78,20.02,34.17,34.31,0.14,0.7,750.0,1.0,13.0,27.2,34.5,7.3,35.6,1410.0,,,22.4,22.56,0.16,0.8,1350.0,,,20.56,0.05,27.65,1.95
8C1F64098000001B,2024-09-30 09:00:00,RAIN_TAIL,9,274,16.49,34.75,18.26,17.51,38.03,20.52,21.76,41.78,20.02,29.31,28.99,-0.32,-1.8,120.0,0.0,11.2,32.56,32.4,-0.16,-0.8,0.0,0.0,9.9,24.11,24.22,0.11,0.5,750.0,1.0,11.0,2.35,3.88,4.3,23.99
8C1F64098000001B,2024-10-10 18:00:00,RAIN_TAIL,10,284,16.49,34.75,18.26,17.51,38.03,20.52,21.76,41.78,20.02,31.85,32.82,0.97,5.3,1230.0,19.5,114.6,35.72,35.73,0.01,0.1,1290.0,1.0,10.0,38.54,38.56,0.02,0.1,30.0,1.0,14.6,8.04,0.0,23.4,5.6
8C1F64098000001B,2024-10-13 04:00:00,RAIN_TAIL,10,287,16.49,34.75,18.26,17.51,38.03,20.52,21.76,41.78,20.02,31.48,32.17,0.69,3.8,600.0,13.0,85.8,35.74,35.89,0.15,0.7,300.0,1.0,23.5,38.53,38.61,0.08,0.4,300.0,2.0,35.4,5.4,0.2,13.44,4.3
8C1F64098000001B,2024-10-14 18:00:00,RAIN_TAIL,10,288,16.49,34.75,18.26,17.51,38.03,20.52,21.76,41.78,20.02,31.4,33.91,2.51,13.7,810.0,47.5,541.7,35.32,37.87,2.55,12.4,1290.0,118.0,1479.8,38.49,38.98,0.49,2.4,1410.0,,,4.3,0.0,9.7,0.0
8C1F64098000001B,2024-11-11 22:00:00,RAIN_TAIL,11,316,16.49,34.75,18.26,17.51,38.03,20.52,21.76,41.78,20.02,24.8,25.06,0.26,1.5,150.0,1.0,5.0,29.02,29.23,0.21,1.0,0.0,5.5,29.2,33.78,33.8,0.02,0.1,30.0,1.0,5.0,3.9,0.2,3.9,2.45
8C1F64098000001B,2024-11-26 04:00:00,RAIN_TAIL,11,331,16.49,34.75,18.26,17.51,38.03,20.52,21.76,41.78,20.02,28.98,29.29,0.31,1.7,570.0,3.0,27.8,33.8,33.98,0.17,0.9,570.0,6.5,56.2,35.32,35.59,0.27,1.3,1440.0,112.0,395.2,4.54,0.0,5.13,1.34
8C1F64098000001B,2024-12-02 22:00:00,RAIN_TAIL,12,337,16.49,34.75,18.26,17.51,38.03,20.52,21.76,41.78,20.02,27.22,28.31,1.09,6.0,1170.0,,,32.21,32.53,0.32,1.6,1350.0,,,35.24,35.44,0.2,1.0,1350.0,,,7.3,1.4,8.65,14.77
8C1F64098000001B,2024-12-07 13:00:00,RAIN_TAIL,12,342,16.49,34.75,18.26,17.51,38.03,20.52,21.76,41.78,20.02,30.64,33.88,3.24,17.7,210.0,13.0,45.3,36.86,38.68,1.82,8.8,270.0,13.0,41.9,39.08,39.95,0.88,4.4,450.0,45.5,165.6,9.6,0.0,22.27,0.25
8C1F64098000001B,2024-12-15 21:00:00,RAIN_TAIL,12,350,16.49,34.75,18.26,17.51,38.03,20.52,21.76,41.78,20.02,26.88,27.44,0.56,3.1,1350.0,,,32.09,32.19,0.1,0.5,1230.0,1.0,7.0,37.92,38.02,0.1,0.5,1230.0,1.0,7.0,3.05,0.51,4.06,4.71
8C1F64098000001B,2024-12-19 19:00:00,RAIN_TAIL,12,354,16.49,34.75,18.26,17.51,38.03,20.52,21.76,41.78,20.02,27.38,27.85,0.47,2.6,1290.0,9.0,11.4,32.11,32.31,0.2,1.0,540.0,1.0,6.0,38.01,38.02,0.01,0.0,120.0,1.0,10.3,3.8,0.5,5.1,12.93
8C1F64098000001B,2025-01-02 12:00:00,RAIN_TAIL,1,2,16.49,34.75,18.26,17.51,38.03,20.52,21.76,41.78,20.02,25.61,29.19,3.58,19.6,510.0,,,30.05,32.98,2.93,14.3,1230.0,,,35.92,37.54,1.62,8.1,1410.0,,,13.3,0.17,13.3,10.05
8C1F64098000001B,2025-01-05 07:00:00,RAIN_TAIL,1,5,16.49,34.75,18.26,17.51,38.03,20.52,21.76,41.78,20.02,27.62,32.2,4.58,25.1,300.0,66.5,281.3,32.36,37.08,4.72,23.0,420.0,78.5,307.6,38.47,41.33,2.86,14.3,1440.0,,4.1,8.08,1.7,16.95,5.36
8C1F64098000001B,2025-01-09 16:00:00,RAIN_TAIL,1,9,16.49,34.75,18.26,17.51,38.03,20.52,21.76,41.78,20.02,29.19,30.04,0.85,4.7,300.0,9.0,9.6,34.02,34.68,0.66,3.2,660.0,9.0,9.0,40.48,40.77,0.29,1.4,660.0,13.0,11.3,6.52,0.02,13.38,0.02
8C1F64098000001B,2025-01-23 07:00:00,RAIN_TAIL,1,23,16.49,34.75,18.26,17.51,38.03,20.52,21.76,41.78,20.02,24.72,24.96,0.24,1.3,990.0,1.0,3.0,28.96,29.31,0.35,1.7,1410.0,5.0,24.7,35.45,35.43,-0.02,-0.1,360.0,0.0,4.8,4.25,1.27,4.35,3.2
8C1F64098000001B,2025-01-28 07:00:00,RAIN_TAIL,1,28,16.49,34.75,18.26,17.51,38.03,20.52,21.76,41.78,20.02,27.37,29.43,2.06,11.3,510.0,65.5,275.2,30.19,32.59,2.4,11.7,1110.0,132.0,264.7,35.89,37.51,1.62,8.1,1410.0,,,6.75,1.05,13.06,1.94
8C1F64098000001B,2025-02-12 20:00:00,RAIN_TAIL,2,43,16.49,34.75,18.26,17.51,38.03,20.52,21.76,41.78,20.02,29.21,31.21,2.0,11.0,240.0,12.0,35.0,30.17,35.94,5.77,28.1,360.0,129.0,-1.7,35.27,39.98,4.71,23.5,1440.0,,-0.5,11.12,5.6,20.22,5.6
8C1F64098000001B,2025-02-25 20:00:00,RAIN_TAIL,2,56,16.49,34.75,18.26,17.51,38.03,20.52,21.76,41.78,20.02,26.43,27.74,1.31,7.2,1440.0,,3.6,30.33,30.73,0.4,1.9,1440.0,,3.6,36.47,36.76,0.29,1.4,1440.0,,3.6,3.3,2.86,9.61,5.03
8C1F64098000001B,2025-03-10 16:00:00,RAIN_TAIL,3,69,16.49,34.75,18.26,17.51,38.03,20.52,21.76,41.78,20.02,27.45,27.83,0.38,2.1,360.0,1.0,15.2,31.49,31.69,0.2,1.0,300.0,2.0,22.0,38.17,38.21,0.04,0.2,240.0,1.0,14.1,5.0,1.13,5.0,8.37
8C1F64098000001B,2025-03-12 11:00:00,RAIN_TAIL,3,71,16.49,34.75,18.26,17.51,38.03,20.52,21.76,41.78,20.02,27.38,27.72,0.34,1.9,270.0,5.0,34.5,31.47,31.64,0.17,0.8,120.0,0.5,12.3,38.08,38.11,0.03,0.2,60.0,4.5,57.7,4.14,1.7,10.27,3.12
8C1F64098000001B,2025-03-24 16:00:00,RAIN_TAIL,3,83,16.49,34.75,18.26,17.51,38.03,20.52,21.76,41.78,20.02,27.38,27.69,0.31,1.7,1440.0,1.0,28.4,31.2,31.41,0.21,1.0,390.0,2.0,14.1,37.19,37.27,0.08,0.4,150.0,3.0,30.7,5.87,4.07,10.24,4.07
8C1F64098000001B,2025-03-26 11:00:00,RAIN_TAIL,3,85,16.49,34.75,18.26,17.51,38.03,20.52,21.76,41.78,20.02,27.38,27.57,0.19,1.0,360.0,1.0,19.9,31.2,31.43,0.23,1.1,180.0,1.0,21.1,37.15,37.18,0.03,0.1,0.0,1.0,18.3,4.07,0.0,12.84,1.32
8C1F64098000001B,2025-04-25 08:00:00,RAIN_TAIL,4,115,16.49,34.75,18.26,17.51,38.03,20.52,21.76,41.78,20.02,25.8,26.0,0.2,1.1,900.0,1.0,13.9,29.49,30.28,0.79,3.8,120.0,1.0,23.4,37.72,38.09,0.38,1.9,120.0,1.0,23.4,7.46,0.0,12.96,0.0
8C1F64098000001B,2025-05-03 21:00:00,RAIN_TAIL,5,123,16.49,34.75,18.26,17.51,38.03,20.52,21.76,41.78,20.02,24.07,24.31,0.24,1.3,240.0,1.0,23.7,26.49,26.37,-0.12,-0.6,0.0,0.0,15.4,34.24,34.84,0.6,3.0,300.0,3.0,42.5,10.12,2.73,10.12,2.75
8C1F64098000001B,2025-05-25 08:00:00,RAIN_TAIL,5,145,16.49,34.75,18.26,17.51,38.03,20.52,21.76,41.78,20.02,37.38,37.41,0.03,0.2,0.0,1.0,25.6,38.71,38.61,-0.1,-0.5,0.0,0.0,12.4,40.39,40.31,-0.08,-0.4,0.0,0.0,12.4,3.08,4.92,3.08,8.9
8C1F64098000001B,2025-05-28 19:00:00,RAIN_TAIL,5,148,16.49,34.75,18.26,17.51,38.03,20.52,21.76,41.78,20.02,28.81,28.62,-0.19,-1.0,360.0,0.0,11.9,28.54,28.19,-0.34,-1.7,120.0,0.0,12.3,31.44,31.26,-0.18,-0.9,0.0,0.0,14.4,27.68,0.0,28.28,0.05
8C1F64098000001B,2025-06-04 18:00:00,RAIN_TAIL,6,155,16.49,34.75,18.26,17.51,38.03,20.52,21.76,41.78,20.02,34.48,34.3,-0.19,-1.0,30.0,0.0,,36.39,35.87,-0.52,-2.5,0.0,0.0,18.8,39.53,39.3,-0.23,-1.2,0.0,0.0,18.8,18.43,1.71,34.76,5.82
8C1F64098000001B,2025-06-08 09:00:00,RAIN_TAIL,6,159,16.49,34.75,18.26,17.51,38.03,20.52,21.76,41.78,20.02,27.25,27.31,0.05,0.3,150.0,1.0,16.2,27.5,27.54,0.04,0.2,30.0,1.0,16.1,32.02,31.89,-0.12,-0.6,0.0,0.0,16.0,4.22,0.9,8.47,0.9
8C1F64098000001B,2025-06-27 12:00:00,RAIN_TAIL,6,178,16.49,34.75,18.26,17.51,38.03,20.52,21.76,41.78,20.02,21.34,21.45,0.11,0.6,210.0,1.0,23.8,22.39,22.39,0.0,0.0,30.0,0.0,,26.16,25.99,-0.18,-0.9,0.0,0.0,22.2,4.37,0.0,4.97,0.0
8C1F64098000001B,2025-07-16 19:00:00,RAIN_TAIL,7,197,16.49,34.75,18.26,17.51,38.03,20.52,21.76,41.78,20.02,20.01,20.42,0.41,2.2,30.0,1.0,14.6,21.27,21.38,0.11,0.6,150.0,1.0,13.3,25.16,25.23,0.07,0.3,30.0,1.0,14.6,7.0,0.3,11.1,0.3
8C1F64098000001B,2025-08-01 05:00:00,RAIN_TAIL,8,213,16.49,34.75,18.26,17.51,38.03,20.52,21.76,41.78,20.02,33.84,34.06,0.22,1.2,60.0,1.0,31.8,38.12,38.09,-0.03,-0.1,180.0,0.0,16.7,41.27,41.21,-0.06,-0.3,60.0,0.0,15.7,11.67,10.0,25.91,13.35
8C1F64098000001B,2025-08-04 05:00:00,RAIN_TAIL,8,216,16.49,34.75,18.26,17.51,38.03,20.52,21.76,41.78,20.02,28.98,28.97,-0.01,-0.0,30.0,0.0,,31.65,31.78,0.13,0.6,0.0,0.5,13.9,38.83,38.79,-0.04,-0.2,30.0,0.0,,1.95,2.73,13.15,3.33
8C1F64098000001B,2025-08-29 06:00:00,RAIN_TAIL,8,241,16.49,34.75,18.26,17.51,38.03,20.52,21.76,41.78,20.02,22.03,22.27,0.24,1.3,300.0,1.0,43.5,23.48,23.67,0.2,1.0,180.0,1.0,37.3,27.78,27.8,0.02,0.1,0.0,3.0,66.6,10.15,1.9,12.2,1.9
8C1F64098000001B,2025-09-02 00:00:00,RAIN_TAIL,9,245,16.49,34.75,18.26,17.51,38.03,20.52,21.76,41.78,20.02,20.55,20.95,0.4,2.2,390.0,1.0,16.0,21.95,22.19,0.25,1.2,510.0,1.0,17.1,25.96,25.95,-0.01,-0.0,30.0,0.0,,6.26,3.9,8.16,26.82
8C1F64098000001B,2025-09-04 22:00:00,RAIN_TAIL,9,247,16.49,34.75,18.26,17.51,38.03,20.52,21.76,41.78,20.02,20.63,21.05,0.42,2.3,0.0,3.0,63.2,21.87,22.15,0.28,1.4,1290.0,1.0,13.2,25.86,26.01,0.15,0.7,450.0,1.0,15.7,19.7,15.12,29.86,15.12
8C1F64098000001B,2025-09-09 14:00:00,RAIN_TAIL,9,252,16.49,34.75,18.26,17.51,38.03,20.52,21.76,41.78,20.02,20.66,20.99,0.33,1.8,0.0,1.0,39.4,21.88,21.94,0.06,0.3,120.0,1.0,37.6,25.73,25.84,0.11,0.5,60.0,4.5,90.8,2.2,4.3,2.2,9.6
8C1F64098000001B,2025-09-12 05:00:00,RAIN_TAIL,9,255,16.49,34.75,18.26,17.51,38.03,20.52,21.76,41.78,20.02,20.02,20.69,0.68,3.7,900.0,6.0,71.7,21.35,21.65,0.3,1.5,960.0,2.0,32.4,25.47,25.54,0.07,0.3,720.0,4.0,68.2,4.7,0.0,5.7,8.0
8C1F64098000001B,2025-09-14 03:00:00,RAIN_TAIL,9,257,16.49,34.75,18.26,17.51,38.03,20.52,21.76,41.78,20.02,20.41,20.62,0.21,1.2,1170.0,3.0,43.1,21.45,21.47,0.02,0.1,0.0,1.0,27.5,25.58,27.42,1.84,9.2,690.0,1.0,18.0,7.6,0.3,12.4,0.3
8C1F64098000001B,2025-09-21 21:00:00,RAIN_TAIL,9,264,16.49,34.75,18.26,17.51,38.03,20.52,21.76,41.78,20.02,20.84,40.68,19.84,108.7,960.0,,11.2,21.32,40.89,19.57,95.4,1380.0,,10.7,25.55,26.54,0.98,4.9,1440.0,,10.7,22.7,0.3,22.7,30.5
8C1F64098000001B,2025-09-24 16:00:00,RAIN_TAIL,9,267,16.49,34.75,18.26,17.51,38.03,20.52,21.76,41.78,20.02,38.11,41.08,2.97,16.3,270.0,21.0,227.2,39.72,43.14,3.42,16.7,330.0,31.0,324.8,35.06,42.84,7.78,38.9,570.0,,,15.4,15.0,38.1,15.7
8C1F64098000001B,2025-09-25 07:00:00,RAIN_TAIL,9,268,16.49,34.75,18.26,17.51,38.03,20.52,21.76,41.78,20.02,39.03,38.88,-0.15,-0.8,0.0,0.0,10.0,41.49,41.27,-0.22,-1.1,0.0,0.0,10.0,42.64,42.55,-0.09,-0.5,0.0,0.0,10.0,29.7,4.1,40.9,4.2
8C1F64098000001B,2025-09-30 04:00:00,RAIN_TAIL,9,273,16.49,34.75,18.26,17.51,38.03,20.52,21.76,41.78,20.02,34.24,34.62,0.38,2.1,1380.0,2.0,19.7,37.59,37.6,0.01,0.0,30.0,1.0,10.0,41.09,41.13,0.05,0.2,90.0,1.0,10.0,6.8,0.0,7.1,0.0
8C1F64098000001B,2025-10-06 15:00:00,RAIN_TAIL,10,279,16.49,34.75,18.26,17.51,38.03,20.52,21.76,41.78,20.02,30.45,30.81,0.36,2.0,180.0,2.0,31.9,32.53,32.66,0.12,0.6,240.0,2.0,32.0,37.73,37.79,0.06,0.3,720.0,1.0,20.9,7.5,1.5,16.6,1.5
8C1F64098000001B,2025-10-23 09:00:00,RAIN_TAIL,10,296,16.49,34.75,18.26,17.51,38.03,20.52,21.76,41.78,20.02,30.49,31.35,0.86,4.7,1440.0,,7.4,33.78,34.02,0.24,1.2,330.0,1.0,13.4,39.0,39.0,-0.0,-0.0,0.0,0.0,14.2,7.2,1.9,18.3,11.4
8C1F64098000001B,2025-10-27 14:00:00,RAIN_TAIL,10,300,16.49,34.75,18.26,17.51,38.03,20.52,21.76,41.78,20.02,32.19,34.15,1.96,10.8,1260.0,,9.6,32.78,33.48,0.7,3.4,1440.0,,11.0,38.24,40.15,1.91,9.5,210.0,59.5,598.7,7.2,0.8,17.2,3.6
8C1F64098000001B,2025-11-02 16:00:00,RAIN_TAIL,11,306,16.49,34.75,18.26,17.51,38.03,20.52,21.76,41.78,20.02,33.8,37.61,3.81,20.9,1200.0,103.0,641.5,34.49,37.85,3.36,16.4,1440.0,,9.3,38.14,38.22,0.08,0.4,1440.0,,9.3,3.9,0.0,14.0,0.0
8C1F64098000001B,2025-11-29 00:00:00,RAIN_TAIL,11,333,16.49,34.75,18.26,17.51,38.03,20.52,21.76,41.78,20.02,32.99,34.12,1.13,6.2,1200.0,70.0,251.9,37.61,37.87,0.26,1.2,1380.0,63.5,224.3,40.7,40.87,0.17,0.8,1380.0,,3.6,4.6,4.2,4.8,4.7
8C1F64098000001B,2025-11-30 18:00:00,RAIN_TAIL,11,334,16.49,34.75,18.26,17.51,38.03,20.52,21.76,41.78,20.02,33.91,34.09,0.18,1.0,1050.0,3.0,13.0,37.84,38.02,0.18,0.9,1050.0,6.0,22.1,41.01,41.13,0.12,0.6,1290.0,72.5,151.6,4.7,0.0,9.3,0.0
8C1F64098000001B,2025-12-07 20:00:00,RAIN_TAIL,12,341,16.49,34.75,18.26,17.51,38.03,20.52,21.76,41.78,20.02,32.14,38.35,6.21,34.0,300.0,123.0,1002.3,36.28,39.81,3.53,17.2,600.0,,12.1,40.85,42.27,1.42,7.1,1380.0,,10.7,8.0,1.5,10.8,3.0
8C1F64098000001B,2026-01-10 03:00:00,RAIN_TAIL,1,10,16.49,34.75,18.26,17.51,38.03,20.52,21.76,41.78,20.02,32.06,32.51,0.45,2.5,330.0,5.0,7.2,36.59,36.49,-0.1,-0.5,0.0,0.0,1.8,40.77,40.72,-0.05,-0.2,30.0,0.0,,4.7,2.2,15.1,9.3
8C1F64098000001B,2026-01-12 18:00:00,RAIN_TAIL,1,12,16.49,34.75,18.26,17.51,38.03,20.52,21.76,41.78,20.02,29.68,32.68,3.0,16.4,1170.0,133.0,320.8,34.36,36.57,2.21,10.8,1350.0,133.0,304.5,40.66,40.99,0.33,1.6,1410.0,,,5.4,1.2,7.8,4.2
8C1F64098000001B,2026-01-26 03:00:00,RAIN_TAIL,1,26,16.49,34.75,18.26,17.51,38.03,20.52,21.76,41.78,20.02,27.62,27.8,0.18,1.0,390.0,1.0,0.2,32.34,32.45,0.11,0.5,570.0,2.0,0.1,40.64,40.62,-0.02,-0.1,0.0,0.0,-1.6,14.0,10.8,14.2,16.9
8C1F64098000001B,2026-01-29 05:00:00,RAIN_TAIL,1,29,16.49,34.75,18.26,17.51,38.03,20.52,21.76,41.78,20.02,29.12,33.46,4.34,23.8,600.0,,0.9,31.73,36.13,4.4,21.4,720.0,,0.4,39.97,40.3,0.33,1.6,990.0,,,7.0,0.0,12.3,0.0
8C1F64098000001B,2026-02-13 03:00:00,RAIN_TAIL,2,44,16.49,34.75,18.26,17.51,38.03,20.52,21.76,41.78,20.02,,32.96,,,870.0,,,,38.07,,,870.0,,,,45.42,,,810.0,,,4.7,0.0,26.5,6.0
8C1F64098000001B,2026-02-17 05:00:00,RAIN_TAIL,2,48,16.49,34.75,18.26,17.51,38.03,20.52,21.76,41.78,20.02,33.47,34.3,0.83,4.5,150.0,4.0,11.5,37.0,38.2,1.2,5.8,450.0,18.0,42.1,43.99,45.47,1.48,7.4,690.0,32.5,59.7,8.2,1.3,12.8,7.1
8C1F64098000001B,2026-02-19 08:00:00,RAIN_TAIL,2,50,16.49,34.75,18.26,17.51,38.03,20.52,21.76,41.78,20.02,30.89,32.64,1.75,9.6,780.0,28.5,37.1,35.62,36.26,0.64,3.1,1080.0,5.0,-2.6,43.92,43.87,-0.05,-0.2,1200.0,0.0,-0.2,5.6,0.2,13.4,8.5
8C1F64098000001B,2026-02-24 02:00:00,RAIN_TAIL,2,55,16.49,34.75,18.26,17.51,38.03,20.52,21.76,41.78,20.02,33.46,33.27,-0.19,-1.0,360.0,0.0,7.4,38.08,37.91,-0.17,-0.8,0.0,0.0,7.8,44.94,44.82,-0.12,-0.6,0.0,0.0,7.8,5.4,0.0,12.8,0.0
8C1F64098000001B,2026-03-16 15:00:00,RAIN_TAIL,3,75,16.49,34.75,18.26,17.51,38.03,20.52,21.76,41.78,20.02,30.93,30.82,-0.11,-0.6,150.0,0.0,,34.02,34.04,0.02,0.1,330.0,1.0,2.8,40.69,40.69,0.0,0.0,90.0,1.0,5.1,4.2,0.1,4.6,0.1
8C1F64098000001B,2026-03-25 15:00:00,RAIN_TAIL,3,84,16.49,34.75,18.26,17.51,38.03,20.52,21.76,41.78,20.02,30.9,31.06,0.16,0.9,90.0,2.0,10.6,33.97,34.08,0.11,0.5,780.0,1.0,4.3,40.53,40.55,0.02,0.1,420.0,1.0,6.1,6.0,1.0,6.0,1.7
8C1F64098000001B,2026-05-11 15:00:00,RAIN_TAIL,5,131,16.49,34.75,18.26,17.51,38.03,20.52,21.76,41.78,20.02,26.74,26.7,-0.04,-0.2,60.0,0.0,12.4,26.82,26.88,0.06,0.3,60.0,1.0,23.6,37.57,37.63,0.06,0.3,600.0,1.0,12.3,7.2,1.0,7.2,9.3
8C1F64098000001B,2026-05-15 14:00:00,RAIN_TAIL,5,135,16.49,34.75,18.26,17.51,38.03,20.52,21.76,41.78,20.02,23.86,24.47,0.61,3.3,360.0,7.0,50.6,24.62,24.86,0.24,1.2,660.0,1.0,9.2,34.31,34.3,-0.01,-0.0,780.0,0.0,3.8,4.2,0.3,12.5,7.0
8C1F64098000001B,2026-05-18 14:00:00,RAIN_TAIL,5,138,16.49,34.75,18.26,17.51,38.03,20.52,21.76,41.78,20.02,23.18,23.46,0.29,1.6,0.0,1.5,29.6,23.51,23.7,0.19,0.9,750.0,1.0,7.1,32.45,32.47,0.02,0.1,0.0,0.5,13.8,4.1,5.7,11.2,10.6
8C1F64098000001B,2026-05-31 19:00:00,RAIN_TAIL,5,151,16.49,34.75,18.26,17.51,38.03,20.52,21.76,41.78,20.02,21.24,21.58,0.34,1.9,120.0,1.0,36.1,21.91,22.28,0.37,1.8,690.0,2.0,34.6,29.74,29.89,0.15,0.7,630.0,8.0,158.4,10.6,3.8,10.7,9.8
8C1F64098000001B,2026-06-02 21:00:00,RAIN_TAIL,6,153,16.49,34.75,18.26,17.51,38.03,20.52,21.76,41.78,20.02,20.91,21.24,0.33,1.8,0.0,0.5,15.3,21.88,22.1,0.22,1.0,210.0,2.0,28.3,29.59,29.75,0.16,0.8,510.0,6.0,100.1,4.8,5.4,19.2,8.9
8C1F64098000001B,2026-06-09 08:00:00,RAIN_TAIL,6,160,16.49,34.75,18.26,17.51,38.03,20.52,21.76,41.78,20.02,20.55,20.99,0.43,2.4,180.0,1.0,33.3,21.61,21.74,0.13,0.6,0.0,1.0,31.4,28.56,28.63,0.07,0.3,0.0,2.0,46.8,4.7,0.4,4.9,9.2
8C1F64098000001B,2026-06-16 13:00:00,RAIN_TAIL,6,167,16.49,34.75,18.26,17.51,38.03,20.52,21.76,41.78,20.02,23.84,23.85,0.01,0.1,30.0,1.0,18.0,25.09,24.61,-0.48,-2.3,0.0,0.0,17.2,32.02,31.76,-0.26,-1.3,0.0,0.0,17.2,7.5,3.2,7.6,3.2
8C1F64098000001B,2026-07-01 03:00:00,RAIN_TAIL,7,182,16.49,34.75,18.26,17.51,38.03,20.52,21.76,41.78,20.02,21.82,21.88,0.05,0.3,0.0,0.5,19.4,22.63,22.8,0.17,0.8,1020.0,1.0,37.6,33.6,33.7,0.1,0.5,210.0,2.0,42.0,36.9,36.7,38.2,36.7
8C1F64098000001B,2026-07-17 08:00:00,RAIN_TAIL,7,198,16.49,34.75,18.26,17.51,38.03,20.52,21.76,41.78,20.02,32.15,39.02,6.87,37.6,1020.0,51.5,988.5,35.64,37.2,1.56,7.6,1440.0,8.5,221.2,43.11,43.14,0.03,0.2,0.0,1.0,38.6,4.9,2.0,5.2,2.7
8C1F64098000001B,2024-02-22 07:00:00,RAIN_HEAD_IMPACT,2,53,16.49,34.75,18.26,17.51,38.03,20.52,21.76,41.78,20.02,26.95,29.91,2.96,16.2,900.0,49.5,261.8,30.62,32.86,2.23,10.9,1380.0,56.5,267.7,38.85,40.47,1.62,8.1,1440.0,80.0,391.4,7.65,0.2,10.87,0.2
8C1F64098000001B,2024-03-27 19:00:00,RAIN_HEAD_IMPACT,3,87,16.49,34.75,18.26,17.51,38.03,20.52,21.76,41.78,20.02,25.73,31.21,5.48,30.0,570.0,,,28.93,30.77,1.84,9.0,1440.0,,6.1,34.73,35.2,0.47,2.3,1080.0,,10.4,14.62,0.6,14.62,0.72
8C1F64098000001B,2024-05-30 05:00:00,RAIN_HEAD_IMPACT,5,151,16.49,34.75,18.26,17.51,38.03,20.52,21.76,41.78,20.02,27.66,29.69,2.03,11.1,1110.0,139.0,2235.2,31.15,31.09,-0.06,-0.3,0.0,0.0,13.6,35.31,35.23,-0.08,-0.4,0.0,0.0,13.6,10.4,6.98,19.18,59.71
8C1F64098000001B,2024-06-01 05:00:00,RAIN_HEAD_IMPACT,6,153,16.49,34.75,18.26,17.51,38.03,20.52,21.76,41.78,20.02,31.24,36.52,5.28,28.9,1440.0,50.5,850.3,29.6,39.18,9.58,46.7,1440.0,101.0,1708.3,33.44,36.85,3.41,17.1,1440.0,102.0,1729.3,39.47,10.0,55.21,10.0
8C1F64098000001B,2024-06-22 01:00:00,RAIN_HEAD_IMPACT,6,174,16.49,34.75,18.26,17.51,38.03,20.52,21.76,41.78,20.02,18.68,19.23,0.55,3.0,900.0,8.0,149.2,20.05,20.3,0.25,1.2,900.0,3.0,73.5,23.06,24.11,1.05,5.2,1200.0,1.0,29.9,15.24,1.0,24.44,1.0
8C1F64098000001B,2024-08-01 20:00:00,RAIN_HEAD_IMPACT,8,214,16.49,34.75,18.26,17.51,38.03,20.52,21.76,41.78,20.02,17.42,34.65,17.23,94.4,1140.0,,23.3,18.82,21.72,2.89,14.1,1380.0,,19.9,21.7,22.02,0.32,1.6,1320.0,,21.3,21.86,1.5,26.3,6.97
8C1F64098000001B,2024-09-26 04:00:00,RAIN_HEAD_IMPACT,9,270,16.49,34.75,18.26,17.51,38.03,20.52,21.76,41.78,20.02,17.54,34.35,16.82,92.1,330.0,,,19.32,33.02,13.7,66.7,1410.0,,,22.38,22.52,0.14,0.7,1290.0,,,12.82,11.25,26.84,13.2
8C1F64098000001B,2024-09-26 14:00:00,RAIN_HEAD_IMPACT,9,270,16.49,34.75,18.26,17.51,38.03,20.52,21.76,41.78,20.02,34.17,34.31,0.14,0.7,750.0,1.0,13.0,27.2,34.5,7.3,35.6,1410.0,,,22.4,22.56,0.16,0.8,1350.0,,,20.56,0.05,27.65,1.95
8C1F64098000001B,2024-10-14 18:00:00,RAIN_HEAD_IMPACT,10,288,16.49,34.75,18.26,17.51,38.03,20.52,21.76,41.78,20.02,31.4,33.91,2.51,13.7,810.0,47.5,541.7,35.32,37.87,2.55,12.4,1290.0,118.0,1479.8,38.49,38.98,0.49,2.4,1410.0,,,4.3,0.0,9.7,0.0
8C1F64098000001B,2024-11-18 10:00:00,RAIN_HEAD_IMPACT,11,323,16.49,34.75,18.26,17.51,38.03,20.52,21.76,41.78,20.02,24.52,26.53,2.01,11.0,1440.0,,7.9,28.29,28.52,0.23,1.1,1440.0,,7.9,32.81,32.91,0.09,0.5,0.0,6.0,39.6,7.49,9.55,11.91,12.08
8C1F64098000001B,2024-12-02 22:00:00,RAIN_HEAD_IMPACT,12,337,16.49,34.75,18.26,17.51,38.03,20.52,21.76,41.78,20.02,27.22,28.31,1.09,6.0,1170.0,,,32.21,32.53,0.32,1.6,1350.0,,,35.24,35.44,0.2,1.0,1350.0,,,7.3,1.4,8.65,14.77
8C1F64098000001B,2024-12-06 12:00:00,RAIN_HEAD_IMPACT,12,341,16.49,34.75,18.26,17.51,38.03,20.52,21.76,41.78,20.02,32.38,32.33,-0.05,-0.3,0.0,0.0,5.8,36.12,38.02,1.9,9.3,660.0,37.5,128.7,35.8,39.08,3.28,16.4,1380.0,,4.0,8.27,8.5,9.77,14.0
8C1F64098000001B,2025-01-02 12:00:00,RAIN_HEAD_IMPACT,1,2,16.49,34.75,18.26,17.51,38.03,20.52,21.76,41.78,20.02,25.61,29.19,3.58,19.6,510.0,,,30.05,32.98,2.93,14.3,1230.0,,,35.92,37.54,1.62,8.1,1410.0,,,13.3,0.17,13.3,10.05
8C1F64098000001B,2025-01-05 07:00:00,RAIN_HEAD_IMPACT,1,5,16.49,34.75,18.26,17.51,38.03,20.52,21.76,41.78,20.02,27.62,32.2,4.58,25.1,300.0,66.5,281.3,32.36,37.08,4.72,23.0,420.0,78.5,307.6,38.47,41.33,2.86,14.3,1440.0,,4.1,8.08,1.7,16.95,5.36
8C1F64098000001B,2025-01-27 07:00:00,RAIN_HEAD_IMPACT,1,27,16.49,34.75,18.26,17.51,38.03,20.52,21.76,41.78,20.02,25.86,27.72,1.86,10.2,1380.0,,4.9,29.48,30.45,0.97,4.7,1440.0,,5.1,35.5,35.92,0.42,2.1,1380.0,,4.9,4.67,5.17,8.36,6.96
8C1F64098000001B,2025-02-11 14:00:00,RAIN_HEAD_IMPACT,2,42,16.49,34.75,18.26,17.51,38.03,20.52,21.76,41.78,20.02,25.19,27.07,1.88,10.3,1440.0,,5.8,29.13,29.44,0.31,1.5,1320.0,,5.2,35.1,35.27,0.17,0.8,330.0,4.0,8.0,7.69,10.2,14.59,10.6
8C1F64098000001B,2025-02-25 20:00:00,RAIN_HEAD_IMPACT,2,56,16.49,34.75,18.26,17.51,38.03,20.52,21.76,41.78,20.02,26.43,27.74,1.31,7.2,1440.0,,3.6,30.33,30.73,0.4,1.9,1440.0,,3.6,36.47,36.76,0.29,1.4,1440.0,,3.6,3.3,2.86,9.61,5.03
8C1F64098000001B,2025-09-14 03:00:00,RAIN_HEAD_IMPACT,9,257,16.49,34.75,18.26,17.51,38.03,20.52,21.76,41.78,20.02,20.41,20.62,0.21,1.2,1170.0,3.0,43.1,21.45,21.47,0.02,0.1,0.0,1.0,27.5,25.58,27.42,1.84,9.2,690.0,1.0,18.0,7.6,0.3,12.4,0.3
8C1F64098000001B,2025-09-21 21:00:00,RAIN_HEAD_IMPACT,9,264,16.49,34.75,18.26,17.51,38.03,20.52,21.76,41.78,20.02,20.84,40.68,19.84,108.7,960.0,,11.2,21.32,40.89,19.57,95.4,1380.0,,10.7,25.55,26.54,0.98,4.9,1440.0,,10.7,22.7,0.3,22.7,30.5
8C1F64098000001B,2025-09-24 16:00:00,RAIN_HEAD_IMPACT,9,267,16.49,34.75,18.26,17.51,38.03,20.52,21.76,41.78,20.02,38.11,41.08,2.97,16.3,270.0,21.0,227.2,39.72,43.14,3.42,16.7,330.0,31.0,324.8,35.06,42.84,7.78,38.9,570.0,,,15.4,15.0,38.1,15.7
8C1F64098000001B,2025-10-27 14:00:00,RAIN_HEAD_IMPACT,10,300,16.49,34.75,18.26,17.51,38.03,20.52,21.76,41.78,20.02,32.19,34.15,1.96,10.8,1260.0,,9.6,32.78,33.48,0.7,3.4,1440.0,,11.0,38.24,40.15,1.91,9.5,210.0,59.5,598.7,7.2,0.8,17.2,3.6
8C1F64098000001B,2025-11-02 02:00:00,RAIN_HEAD_IMPACT,11,306,16.49,34.75,18.26,17.51,38.03,20.52,21.76,41.78,20.02,33.36,36.58,3.22,17.6,1440.0,142.5,853.2,34.38,34.8,0.42,2.0,1440.0,,8.5,38.08,38.17,0.09,0.4,900.0,,10.9,10.6,0.0,14.0,0.0
8C1F64098000001B,2025-11-23 22:00:00,RAIN_HEAD_IMPACT,11,327,16.49,34.75,18.26,17.51,38.03,20.52,21.76,41.78,20.02,30.25,31.67,1.42,7.8,1380.0,,0.8,33.87,33.99,0.12,0.6,60.0,1.0,-2.3,39.8,39.78,-0.02,-0.1,0.0,0.0,-2.1,9.1,2.1,9.1,4.9
8C1F64098000001B,2025-11-29 00:00:00,RAIN_HEAD_IMPACT,11,333,16.49,34.75,18.26,17.51,38.03,20.52,21.76,41.78,20.02,32.99,34.12,1.13,6.2,1200.0,70.0,251.9,37.61,37.87,0.26,1.2,1380.0,63.5,224.3,40.7,40.87,0.17,0.8,1380.0,,3.6,4.6,4.2,4.8,4.7
8C1F64098000001B,2026-01-09 03:00:00,RAIN_HEAD_IMPACT,1,9,16.49,34.75,18.26,17.51,38.03,20.52,21.76,41.78,20.02,27.7,35.6,7.91,43.3,30.0,,,31.04,38.57,7.53,36.7,630.0,,,39.28,41.17,1.89,9.4,750.0,,,7.9,5.1,8.0,9.3
8C1F64098000001B,2026-01-12 18:00:00,RAIN_HEAD_IMPACT,1,12,16.49,34.75,18.26,17.51,38.03,20.52,21.76,41.78,20.02,29.68,32.68,3.0,16.4,1170.0,133.0,320.8,34.36,36.57,2.21,10.8,1350.0,133.0,304.5,40.66,40.99,0.33,1.6,1410.0,,,5.4,1.2,7.8,4.2
8C1F64098000001B,2026-01-29 05:00:00,RAIN_HEAD_IMPACT,1,29,16.49,34.75,18.26,17.51,38.03,20.52,21.76,41.78,20.02,29.12,33.46,4.34,23.8,600.0,,0.9,31.73,36.13,4.4,21.4,720.0,,0.4,39.97,40.3,0.33,1.6,990.0,,,7.0,0.0,12.3,0.0
8C1F64098000001B,2026-02-19 08:00:00,RAIN_HEAD_IMPACT,2,50,16.49,34.75,18.26,17.51,38.03,20.52,21.76,41.78,20.02,30.89,32.64,1.75,9.6,780.0,28.5,37.1,35.62,36.26,0.64,3.1,1080.0,5.0,-2.6,43.92,43.87,-0.05,-0.2,1200.0,0.0,-0.2,5.6,0.2,13.4,8.5
8C1F64098000001B,2026-07-17 08:00:00,RAIN_HEAD_IMPACT,7,198,16.49,34.75,18.26,17.51,38.03,20.52,21.76,41.78,20.02,32.15,39.02,6.87,37.6,1020.0,51.5,988.5,35.64,37.2,1.56,7.6,1440.0,8.5,221.2,43.11,43.14,0.03,0.2,0.0,1.0,38.6,4.9,2.0,5.2,2.7
8C1F64098000001B,2024-02-22 07:00:00,RAIN_STRONG,2,53,16.49,34.75,18.26,17.51,38.03,20.52,21.76,41.78,20.02,26.95,29.91,2.96,16.2,900.0,49.5,261.8,30.62,32.86,2.23,10.9,1380.0,56.5,267.7,38.85,40.47,1.62,8.1,1440.0,80.0,391.4,7.65,0.2,10.87,0.2
8C1F64098000001B,2024-06-01 05:00:00,RAIN_STRONG,6,153,16.49,34.75,18.26,17.51,38.03,20.52,21.76,41.78,20.02,31.24,36.52,5.28,28.9,1440.0,50.5,850.3,29.6,39.18,9.58,46.7,1440.0,101.0,1708.3,33.44,36.85,3.41,17.1,1440.0,102.0,1729.3,39.47,10.0,55.21,10.0
8C1F64098000001B,2025-01-02 12:00:00,RAIN_STRONG,1,2,16.49,34.75,18.26,17.51,38.03,20.52,21.76,41.78,20.02,25.61,29.19,3.58,19.6,510.0,,,30.05,32.98,2.93,14.3,1230.0,,,35.92,37.54,1.62,8.1,1410.0,,,13.3,0.17,13.3,10.05
8C1F64098000001B,2025-01-05 07:00:00,RAIN_STRONG,1,5,16.49,34.75,18.26,17.51,38.03,20.52,21.76,41.78,20.02,27.62,32.2,4.58,25.1,300.0,66.5,281.3,32.36,37.08,4.72,23.0,420.0,78.5,307.6,38.47,41.33,2.86,14.3,1440.0,,4.1,8.08,1.7,16.95,5.36
8C1F64098000001B,2025-09-24 16:00:00,RAIN_STRONG,9,267,16.49,34.75,18.26,17.51,38.03,20.52,21.76,41.78,20.02,38.11,41.08,2.97,16.3,270.0,21.0,227.2,39.72,43.14,3.42,16.7,330.0,31.0,324.8,35.06,42.84,7.78,38.9,570.0,,,15.4,15.0,38.1,15.7
8C1F64098000001B,2026-01-09 03:00:00,RAIN_STRONG,1,9,16.49,34.75,18.26,17.51,38.03,20.52,21.76,41.78,20.02,27.7,35.6,7.91,43.3,30.0,,,31.04,38.57,7.53,36.7,630.0,,,39.28,41.17,1.89,9.4,750.0,,,7.9,5.1,8.0,9.3
8C1F64098000001B,2024-02-22 07:00:00,RAIN_TAIL_DRY,2,53,16.49,34.75,18.26,17.51,38.03,20.52,21.76,41.78,20.02,26.95,29.91,2.96,16.2,900.0,49.5,261.8,30.62,32.86,2.23,10.9,1380.0,56.5,267.7,38.85,40.47,1.62,8.1,1440.0,80.0,391.4,7.65,0.2,10.87,0.2
8C1F64098000001B,2024-04-04 11:00:00,RAIN_TAIL_DRY,4,95,16.49,34.75,18.26,17.51,38.03,20.52,21.76,41.78,20.02,27.83,28.95,1.12,6.1,1290.0,90.0,1600.1,30.14,30.46,0.32,1.6,1290.0,2.0,33.2,35.98,36.26,0.27,1.4,1290.0,2.0,33.2,3.24,0.32,8.36,0.32
8C1F64098000001B,2024-06-22 01:00:00,RAIN_TAIL_DRY,6,174,16.49,34.75,18.26,17.51,38.03,20.52,21.76,41.78,20.02,18.68,19.23,0.55,3.0,900.0,8.0,149.2,20.05,20.3,0.25,1.2,900.0,3.0,73.5,23.06,24.11,1.05,5.2,1200.0,1.0,29.9,15.24,1.0,24.44,1.0
8C1F64098000001B,2024-10-14 18:00:00,RAIN_TAIL_DRY,10,288,16.49,34.75,18.26,17.51,38.03,20.52,21.76,41.78,20.02,31.4,33.91,2.51,13.7,810.0,47.5,541.7,35.32,37.87,2.55,12.4,1290.0,118.0,1479.8,38.49,38.98,0.49,2.4,1410.0,,,4.3,0.0,9.7,0.0
8C1F64098000001B,2024-12-07 13:00:00,RAIN_TAIL_DRY,12,342,16.49,34.75,18.26,17.51,38.03,20.52,21.76,41.78,20.02,30.64,33.88,3.24,17.7,210.0,13.0,45.3,36.86,38.68,1.82,8.8,270.0,13.0,41.9,39.08,39.95,0.88,4.4,450.0,45.5,165.6,9.6,0.0,22.27,0.25
8C1F64098000001B,2025-01-05 07:00:00,RAIN_TAIL_DRY,1,5,16.49,34.75,18.26,17.51,38.03,20.52,21.76,41.78,20.02,27.62,32.2,4.58,25.1,300.0,66.5,281.3,32.36,37.08,4.72,23.0,420.0,78.5,307.6,38.47,41.33,2.86,14.3,1440.0,,4.1,8.08,1.7,16.95,5.36
8C1F64098000001B,2025-01-28 07:00:00,RAIN_TAIL_DRY,1,28,16.49,34.75,18.26,17.51,38.03,20.52,21.76,41.78,20.02,27.37,29.43,2.06,11.3,510.0,65.5,275.2,30.19,32.59,2.4,11.7,1110.0,132.0,264.7,35.89,37.51,1.62,8.1,1410.0,,,6.75,1.05,13.06,1.94
8C1F64098000001B,2025-02-12 20:00:00,RAIN_TAIL_DRY,2,43,16.49,34.75,18.26,17.51,38.03,20.52,21.76,41.78,20.02,29.21,31.21,2.0,11.0,240.0,12.0,35.0,30.17,35.94,5.77,28.1,360.0,129.0,-1.7,35.27,39.98,4.71,23.5,1440.0,,-0.5,11.12,5.6,20.22,5.6
8C1F64098000001B,2025-09-14 03:00:00,RAIN_TAIL_DRY,9,257,16.49,34.75,18.26,17.51,38.03,20.52,21.76,41.78,20.02,20.41,20.62,0.21,1.2,1170.0,3.0,43.1,21.45,21.47,0.02,0.1,0.0,1.0,27.5,25.58,27.42,1.84,9.2,690.0,1.0,18.0,7.6,0.3,12.4,0.3
8C1F64098000001B,2025-09-24 16:00:00,RAIN_TAIL_DRY,9,267,16.49,34.75,18.26,17.51,38.03,20.52,21.76,41.78,20.02,38.11,41.08,2.97,16.3,270.0,21.0,227.2,39.72,43.14,3.42,16.7,330.0,31.0,324.8,35.06,42.84,7.78,38.9,570.0,,,15.4,15.0,38.1,15.7
8C1F64098000001B,2025-10-27 14:00:00,RAIN_TAIL_DRY,10,300,16.49,34.75,18.26,17.51,38.03,20.52,21.76,41.78,20.02,32.19,34.15,1.96,10.8,1260.0,,9.6,32.78,33.48,0.7,3.4,1440.0,,11.0,38.24,40.15,1.91,9.5,210.0,59.5,598.7,7.2,0.8,17.2,3.6
8C1F64098000001B,2025-11-02 16:00:00,RAIN_TAIL_DRY,11,306,16.49,34.75,18.26,17.51,38.03,20.52,21.76,41.78,20.02,33.8,37.61,3.81,20.9,1200.0,103.0,641.5,34.49,37.85,3.36,16.4,1440.0,,9.3,38.14,38.22,0.08,0.4,1440.0,,9.3,3.9,0.0,14.0,0.0
8C1F64098000001B,2025-11-29 00:00:00,RAIN_TAIL_DRY,11,333,16.49,34.75,18.26,17.51,38.03,20.52,21.76,41.78,20.02,32.99,34.12,1.13,6.2,1200.0,70.0,251.9,37.61,37.87,0.26,1.2,1380.0,63.5,224.3,40.7,40.87,0.17,0.8,1380.0,,3.6,4.6,4.2,4.8,4.7
8C1F64098000001B,2025-12-07 20:00:00,RAIN_TAIL_DRY,12,341,16.49,34.75,18.26,17.51,38.03,20.52,21.76,41.78,20.02,32.14,38.35,6.21,34.0,300.0,123.0,1002.3,36.28,39.81,3.53,17.2,600.0,,12.1,40.85,42.27,1.42,7.1,1380.0,,10.7,8.0,1.5,10.8,3.0
8C1F64098000001B,2026-01-12 18:00:00,RAIN_TAIL_DRY,1,12,16.49,34.75,18.26,17.51,38.03,20.52,21.76,41.78,20.02,29.68,32.68,3.0,16.4,1170.0,133.0,320.8,34.36,36.57,2.21,10.8,1350.0,133.0,304.5,40.66,40.99,0.33,1.6,1410.0,,,5.4,1.2,7.8,4.2
8C1F64098000001B,2026-02-17 05:00:00,RAIN_TAIL_DRY,2,48,16.49,34.75,18.26,17.51,38.03,20.52,21.76,41.78,20.02,33.47,34.3,0.83,4.5,150.0,4.0,11.5,37.0,38.2,1.2,5.8,450.0,18.0,42.1,43.99,45.47,1.48,7.4,690.0,32.5,59.7,8.2,1.3,12.8,7.1
8C1F64098000001B,2026-02-19 08:00:00,RAIN_TAIL_DRY,2,50,16.49,34.75,18.26,17.51,38.03,20.52,21.76,41.78,20.02,30.89,32.64,1.75,9.6,780.0,28.5,37.1,35.62,36.26,0.64,3.1,1080.0,5.0,-2.6,43.92,43.87,-0.05,-0.2,1200.0,0.0,-0.2,5.6,0.2,13.4,8.5
8C1F64098000001B,2026-07-17 08:00:00,RAIN_TAIL_DRY,7,198,16.49,34.75,18.26,17.51,38.03,20.52,21.76,41.78,20.02,32.15,39.02,6.87,37.6,1020.0,51.5,988.5,35.64,37.2,1.56,7.6,1440.0,8.5,221.2,43.11,43.14,0.03,0.2,0.0,1.0,38.6,4.9,2.0,5.2,2.7
8C1F64098000001B,2024-02-22 07:00:00,RAIN_FULL,2,53,16.49,34.75,18.26,17.51,38.03,20.52,21.76,41.78,20.02,26.95,29.91,2.96,16.2,900.0,49.5,261.8,30.62,32.86,2.23,10.9,1380.0,56.5,267.7,38.85,40.47,1.62,8.1,1440.0,80.0,391.4,7.65,0.2,10.87,0.2
8C1F64098000001B,2024-06-22 01:00:00,RAIN_FULL,6,174,16.49,34.75,18.26,17.51,38.03,20.52,21.76,41.78,20.02,18.68,19.23,0.55,3.0,900.0,8.0,149.2,20.05,20.3,0.25,1.2,900.0,3.0,73.5,23.06,24.11,1.05,5.2,1200.0,1.0,29.9,15.24,1.0,24.44,1.0
8C1F64098000001B,2024-10-14 18:00:00,RAIN_FULL,10,288,16.49,34.75,18.26,17.51,38.03,20.52,21.76,41.78,20.02,31.4,33.91,2.51,13.7,810.0,47.5,541.7,35.32,37.87,2.55,12.4,1290.0,118.0,1479.8,38.49,38.98,0.49,2.4,1410.0,,,4.3,0.0,9.7,0.0
8C1F64098000001B,2025-01-05 07:00:00,RAIN_FULL,1,5,16.49,34.75,18.26,17.51,38.03,20.52,21.76,41.78,20.02,27.62,32.2,4.58,25.1,300.0,66.5,281.3,32.36,37.08,4.72,23.0,420.0,78.5,307.6,38.47,41.33,2.86,14.3,1440.0,,4.1,8.08,1.7,16.95,5.36
8C1F64098000001B,2025-09-14 03:00:00,RAIN_FULL,9,257,16.49,34.75,18.26,17.51,38.03,20.52,21.76,41.78,20.02,20.41,20.62,0.21,1.2,1170.0,3.0,43.1,21.45,21.47,0.02,0.1,0.0,1.0,27.5,25.58,27.42,1.84,9.2,690.0,1.0,18.0,7.6,0.3,12.4,0.3
8C1F64098000001B,2025-09-24 16:00:00,RAIN_FULL,9,267,16.49,34.75,18.26,17.51,38.03,20.52,21.76,41.78,20.02,38.11,41.08,2.97,16.3,270.0,21.0,227.2,39.72,43.14,3.42,16.7,330.0,31.0,324.8,35.06,42.84,7.78,38.9,570.0,,,15.4,15.0,38.1,15.7
8C1F64098000001B,2025-10-27 14:00:00,RAIN_FULL,10,300,16.49,34.75,18.26,17.51,38.03,20.52,21.76,41.78,20.02,32.19,34.15,1.96,10.8,1260.0,,9.6,32.78,33.48,0.7,3.4,1440.0,,11.0,38.24,40.15,1.91,9.5,210.0,59.5,598.7,7.2,0.8,17.2,3.6
8C1F64098000001B,2025-11-29 00:00:00,RAIN_FULL,11,333,16.49,34.75,18.26,17.51,38.03,20.52,21.76,41.78,20.02,32.99,34.12,1.13,6.2,1200.0,70.0,251.9,37.61,37.87,0.26,1.2,1380.0,63.5,224.3,40.7,40.87,0.17,0.8,1380.0,,3.6,4.6,4.2,4.8,4.7
8C1F64098000001B,2026-01-12 18:00:00,RAIN_FULL,1,12,16.49,34.75,18.26,17.51,38.03,20.52,21.76,41.78,20.02,29.68,32.68,3.0,16.4,1170.0,133.0,320.8,34.36,36.57,2.21,10.8,1350.0,133.0,304.5,40.66,40.99,0.33,1.6,1410.0,,,5.4,1.2,7.8,4.2
8C1F64098000001B,2026-02-19 08:00:00,RAIN_FULL,2,50,16.49,34.75,18.26,17.51,38.03,20.52,21.76,41.78,20.02,30.89,32.64,1.75,9.6,780.0,28.5,37.1,35.62,36.26,0.64,3.1,1080.0,5.0,-2.6,43.92,43.87,-0.05,-0.2,1200.0,0.0,-0.2,5.6,0.2,13.4,8.5
8C1F64098000001B,2026-07-17 08:00:00,RAIN_FULL,7,198,16.49,34.75,18.26,17.51,38.03,20.52,21.76,41.78,20.02,32.15,39.02,6.87,37.6,1020.0,51.5,988.5,35.64,37.2,1.56,7.6,1440.0,8.5,221.2,43.11,43.14,0.03,0.2,0.0,1.0,38.6,4.9,2.0,5.2,2.7
8C1F64098000001B,2026-02-13 03:00:00,RAIN_GAP_DROP,2,44,16.49,34.75,18.26,17.51,38.03,20.52,21.76,41.78,20.02,,32.96,,,870.0,,,,38.07,,,870.0,,,,45.42,,,810.0,,,4.7,0.0,26.5,6.0
