timestamp,datetime,-10|ENV__SOIL__VWC,-30|ENV__SOIL__VWC,-45|ENV__SOIL__VWC,-10|ENV__SOIL__T,-30|ENV__SOIL__T,-45|ENV__SOIL__T,-10|ENV__SOIL__CAPACITANCE__ABSOLUTE,-30|ENV__SOIL__CAPACITANCE__ABSOLUTE,-45|ENV__SOIL__CAPACITANCE__ABSOLUTE,DEVICE|DEV__ENERGY__VBAT,DEVICE|DEV__ENERGY__VCAP,DEVICE|DEV__RF__RSSI,DEVICE|DEV__RF__RSRP,DEVICE|DEV__RF__RSRQ,DEVICE|DEV__RF__SINR
1784187054532,2026-07-16 07:30:54,1.47,1.47,1.47,24.29,24.12,24.4,420.15,351.14,295.95,4013,100,-83.0,,,
1784197468851,2026-07-16 10:24:28,,,,,,,,,,4000,100,-95.0,,,
1784198069329,2026-07-16 10:34:29,,,,,,,,,,3999,100,-95.0,,,
1784198669808,2026-07-16 10:44:29,,,,,,,,,,4007,100,-95.0,,,
1784199270210,2026-07-16 10:54:30,,,,,,,,,,4010,100,,,,
1784199870618,2026-07-16 11:04:30,,,,,,,,,,4010,100,,,,
1784200471027,2026-07-16 11:14:31,,,,,,,,,,4009,100,,,,
1784201071498,2026-07-16 11:24:31,,,,,,,,,,4008,100,,,,
1784201668451,2026-07-16 11:34:28,,,,,,,,,,4011,100,-84.0,-107.0,-8.0,8.200001
1784211685359,2026-07-16 14:21:25,,,,,,,,,,4006,100,,,,
1784212285810,2026-07-16 14:31:25,,,,,,,,,,4008,100,,,,
1784212886210,2026-07-16 14:41:26,,,,,,,,,,4010,100,,,,
1784213486714,2026-07-16 14:51:26,,,,,,,,,,4009,100,,,,
1784214087650,2026-07-16 15:01:27,,,,,,,,,,4008,100,,,,
1784214688066,2026-07-16 15:11:28,,,,,,,,,,4009,100,,,,
1784215288450,2026-07-16 15:21:28,,,,,,,,,,4008,100,,,,
1784215884210,2026-07-16 15:31:24,,,,,,,,,,4008,100,-90.0,,,
1784225895971,2026-07-16 18:18:15,,,,,,,,,,4006,100,,,,
1784226496373,2026-07-16 18:28:16,,,,,,,,,,4004,100,,,,
1784227096772,2026-07-16 18:38:16,,,,,,,,,,4010,100,,,,
1784227697170,2026-07-16 18:48:17,,,,,,,,,,4007,100,,,,
1784228297896,2026-07-16 18:58:17,,,,,,,,,,4010,100,,,,
1784228898292,2026-07-16 19:08:18,,,,,,,,,,4011,100,,,,
1784229498691,2026-07-16 19:18:18,,,,,,,,,,4005,100,,,,
1784230095571,2026-07-16 19:28:15,,,,,,,,,,4004,100,-89.0,,,
1784240113809,2026-07-16 22:15:13,,,,,,,,,,4008,100,,,,
1784240714293,2026-07-16 22:25:14,,,,,,,,,,4006,100,,,,
1784241314695,2026-07-16 22:35:14,,,,,,,,,,4007,100,,,,
1784241915091,2026-07-16 22:45:15,,,,,,,,,,4011,100,,,,
1784242515495,2026-07-16 22:55:15,,,,,,,,,,4008,100,,,,
1784243115970,2026-07-16 23:05:15,,,,,,,,,,4006,100,,,,
1784243716371,2026-07-16 23:15:16,,,,,,,,,,4005,100,,,,
1784244313418,2026-07-16 23:25:13,,,,,,,,,,4006,100,-87.0,,,
1784254332610,2026-07-17 02:12:12,,,,,,,,,,4006,100,,,,
1784254933009,2026-07-17 02:22:13,,,,,,,,,,4010,100,,,,
1784255533490,2026-07-17 02:32:13,,,,,,,,,,4006,100,,,,
1784256133891,2026-07-17 02:42:13,,,,,,,,,,4005,100,,,,
1784256734288,2026-07-17 02:52:14,,,,,,,,,,4008,100,,,,
1784257334690,2026-07-17 03:02:14,,,,,,,,,,4007,100,,,,
1784257935089,2026-07-17 03:12:15,,,,,,,,,,4009,100,,,,
1784258532209,2026-07-17 03:22:12,,,,,,,,,,4004,100,-93.0,,,
1784268552693,2026-07-17 06:09:12,,,,,,,,,,4006,100,,,,
1784269153092,2026-07-17 06:19:13,,,,,,,,,,4008,100,,,,
1784269753495,2026-07-17 06:29:13,,,,,,,,,,4006,100,,,,
1784270353974,2026-07-17 06:39:13,,,,,,,,,,4010,100,,,,
1784270954371,2026-07-17 06:49:14,,,,,,,,,,4011,100,,,,
1784271554775,2026-07-17 06:59:14,,,,,,,,,,4010,100,,,,
1784272155173,2026-07-17 07:09:15,,,,,,,,,,4008,100,,,,
1784272752300,2026-07-17 07:19:12,,,,,,,,,,4009,100,-86.0,,,
1784282766604,2026-07-17 10:06:06,,,,,,,,,,4007,100,,,,
1784283367082,2026-07-17 10:16:07,,,,,,,,,,4009,100,,,,
1784283967480,2026-07-17 10:26:07,,,,,,,,,,4009,100,,,,
1784284567966,2026-07-17 10:36:07,,,,,,,,,,4006,100,,,,
1784285168440,2026-07-17 10:46:08,,,,,,,,,,4006,100,,,,
1784285768840,2026-07-17 10:56:08,,,,,,,,,,4004,100,,,,
1784286369320,2026-07-17 11:06:09,,,,,,,,,,4005,100,,,,
1784286965882,2026-07-17 11:16:05,,,,,,,,,,4007,100,-57.0,,,
1784296979162,2026-07-17 14:02:59,,,,,,,,,,4006,100,,,,
1784297579651,2026-07-17 14:12:59,,,,,,,,,,4008,100,,,,
1784298180144,2026-07-17 14:23:00,,,,,,,,,,4006,100,,,,
1784298780604,2026-07-17 14:33:00,,,,,,,,,,4006,100,,,,
1784299381006,2026-07-17 14:43:01,,,,,,,,,,4006,100,,,,
1784299981491,2026-07-17 14:53:01,,,,,,,,,,4008,100,,,,
1784300583504,2026-07-17 15:03:03,,,,,,,,,,4006,100,,,,
1784301178765,2026-07-17 15:12:58,,,,,,,,,,4001,100,-76.0,,,
1784311201114,2026-07-17 18:00:01,,,,,,,,,,4007,100,,,,
1784311801571,2026-07-17 18:10:01,,,,,,,,,,4009,100,,,,
1784312402071,2026-07-17 18:20:02,,,,,,,,,,4008,100,,,,
1784313002536,2026-07-17 18:30:02,,,,,,,,,,4006,100,,,,
1784313602930,2026-07-17 18:40:02,,,,,,,,,,4008,100,,,,
1784314203334,2026-07-17 18:50:03,,,,,,,,,,4006,100,,,,
1784314803848,2026-07-17 19:00:03,,,,,,,,,,4006,100,,,,
1784315400695,2026-07-17 19:10:00,,,,,,,,,,4006,100,-96.0,-124.0,-12.0,-0.39999962
1784325419251,2026-07-17 21:56:59,,,,,,,,,,4009,100,,,,
1784326019653,2026-07-17 22:06:59,,,,,,,,,,4006,100,,,,
1784326620054,2026-07-17 22:17:00,,,,,,,,,,4008,100,,,,
1784327220534,2026-07-17 22:27:00,,,,,,,,,,4009,100,,,,
1784327820934,2026-07-17 22:37:00,,,,,,,,,,4005,100,,,,
1784328421332,2026-07-17 22:47:01,,,,,,,,,,4006,100,,,,
1784329021816,2026-07-17 22:57:01,,,,,,,,,,4005,100,,,,
1784329618862,2026-07-17 23:06:58,,,,,,,,,,4007,100,-82.0,,,
1784339666305,2026-07-18 01:54:26,,,,,,,,,,4007,100,,,,
1784340266788,2026-07-18 02:04:26,,,,,,,,,,4007,100,,,,
1784340867265,2026-07-18 02:14:27,,,,,,,,,,4005,100,,,,
1784341467755,2026-07-18 02:24:27,,,,,,,,,,4005,100,,,,
1784342068224,2026-07-18 02:34:28,,,,,,,,,,4009,100,,,,
1784342668629,2026-07-18 02:44:28,,,,,,,,,,4006,100,,,,
1784343269107,2026-07-18 02:54:29,,,,,,,,,,4006,100,,,,
1784343865904,2026-07-18 03:04:25,,,,,,,,,,4009,100,-76.0,-102.0,-9.0,13.200001
1784353947395,2026-07-18 05:52:27,,,,,,,,,,4005,100,,,,
1784354548442,2026-07-18 06:02:28,,,,,,,,,,4008,100,,,,
1784355149165,2026-07-18 06:12:29,,,,,,,,,,4004,100,,,,
1784355749801,2026-07-18 06:22:29,,,,,,,,,,4003,100,,,,
1784356350603,2026-07-18 06:32:30,,,,,,,,,,4007,100,,,,
1784356951584,2026-07-18 06:42:31,,,,,,,,,,4006,100,,,,
1784357552304,2026-07-18 06:52:32,,,,,,,,,,4003,100,,,,
1784358146647,2026-07-18 07:02:26,,,,,,,,,,4005,100,-102.0,-133.0,-16.0,-4.0
1784368213459,2026-07-18 09:50:13,,,,,,,,,,4005,100,,,,
1784368813905,2026-07-18 10:00:13,,,,,,,,,,4003,100,,,,
1784369414390,2026-07-18 10:10:14,,,,,,,,,,4006,100,,,,
1784370014864,2026-07-18 10:20:14,,,,,,,,,,4005,100,,,,
1784370615267,2026-07-18 10:30:15,,,,,,,,,,4004,100,,,,
1784371215744,2026-07-18 10:40:15,,,,,,,,,,4005,100,,,,
1784371816493,2026-07-18 10:50:16,,,,,,,,,,4003,100,,,,
1784372413026,2026-07-18 11:00:13,,,,,,,,,,4008,100,-85.0,-107.0,-9.0,12.200001
1784382467473,2026-07-18 13:47:47,,,,,,,,,,4005,100,,,,
1784383068019,2026-07-18 13:57:48,,,,,,,,,,4001,100,,,,
1784383668676,2026-07-18 14:07:48,,,,,,,,,,4005,100,,,,
1784384269204,2026-07-18 14:17:49,,,,,,,,,,4004,100,,,,
1784384869900,2026-07-18 14:27:49,,,,,,,,,,4004,100,,,,
1784385470445,2026-07-18 14:37:50,,,,,,,,,,4006,100,,,,
1784386071000,2026-07-18 14:47:51,,,,,,,,,,4007,100,,,,
1784386666942,2026-07-18 14:57:46,,,,,,,,,,4005,100,,-105.0,-9.0,16.2
1784396716154,2026-07-18 17:45:16,,,,,,,,,,4006,100,,,,
1784397316634,2026-07-18 17:55:16,,,,,,,,,,4005,100,,,,
1784397917102,2026-07-18 18:05:17,,,,,,,,,,4000,100,,,,
1784398517503,2026-07-18 18:15:17,,,,,,,,,,4003,100,,,,
1784399118148,2026-07-18 18:25:18,,,,,,,,,,4006,100,,,,
1784399718640,2026-07-18 18:35:18,,,,,,,,,,4003,100,,,,
1784400319103,2026-07-18 18:45:19,,,,,,,,,,4009,100,,,,
1784400915508,2026-07-18 18:55:15,,,,,,,,,,4007,100,-82.0,-140.0,-3.0,
1784410935502,2026-07-18 21:42:15,,,,,,,,,,4007,100,,,,
1784411535983,2026-07-18 21:52:15,,,,,,,,,,4003,100,,,,
1784412136464,2026-07-18 22:02:16,,,,,,,,,,4004,100,,,,
1784412737027,2026-07-18 22:12:17,,,,,,,,,,4004,100,,,,
1784413337500,2026-07-18 22:22:17,,,,,,,,,,4005,100,,,,
1784413937982,2026-07-18 22:32:17,,,,,,,,,,4001,100,,,,
1784414538382,2026-07-18 22:42:18,,,,,,,,,,4004,100,,,,
1784415135100,2026-07-18 22:52:15,,,,,,,,,,4004,100,-84.0,-106.0,,16.599998
1784425188005,2026-07-19 01:39:48,,,,,,,,,,4005,100,,,,
1784425788653,2026-07-19 01:49:48,,,,,,,,,,4001,100,,,,
1784426389298,2026-07-19 01:59:49,,,,,,,,,,4004,100,,,,
1784426989867,2026-07-19 02:09:49,,,,,,,,,,4002,100,,,,
1784427590424,2026-07-19 02:19:50,,,,,,,,,,4001,100,,,,
1784428190964,2026-07-19 02:29:50,,,,,,,,,,4001,100,,,,
1784428791622,2026-07-19 02:39:51,,,,,,,,,,4002,100,,,,
1784429387322,2026-07-19 02:49:47,,,,,,,,,,4002,100,-92.0,-123.0,-17.0,-2.3999996
1784439408149,2026-07-19 05:36:48,,,,,,,,,,4003,100,,,,
1784440008619,2026-07-19 05:46:48,,,,,,,,,,4002,100,,,,
1784440609109,2026-07-19 05:56:49,,,,,,,,,,4002,100,,,,
1784441209622,2026-07-19 06:06:49,,,,,,,,,,4005,100,,,,
1784441810244,2026-07-19 06:16:50,,,,,,,,,,4001,100,,,,
1784442410900,2026-07-19 06:26:50,,,,,,,,,,4002,100,,,,
1784443011373,2026-07-19 06:36:51,,,,,,,,,,4002,100,,,,
1784443607686,2026-07-19 06:46:47,,,,,,,,,,4001,100,-90.0,,,
1784453627965,2026-07-19 09:33:47,,,,,,,,,,4003,100,,,,
1784454228557,2026-07-19 09:43:48,,,,,,,,,,4003,100,,,,
1784454829251,2026-07-19 09:53:49,,,,,,,,,,4001,100,,,,
1784455429870,2026-07-19 10:03:49,,,,,,,,,,4005,100,,,,
1784456030379,2026-07-19 10:13:50,,,,,,,,,,4001,100,,,,
1784456630897,2026-07-19 10:23:50,,,,,,,,,,4004,100,,,,
1784457231516,2026-07-19 10:33:51,,,,,,,,,,4002,100,,,,
1784457827407,2026-07-19 10:43:47,,,,,,,,,,4003,100,-92.0,,,
1784470571517,2026-07-19 14:16:11,,,,,,,,,,4001,100,,,,
1784471172189,2026-07-19 14:26:12,,,,,,,,,,4001,100,,,,
1784471772822,2026-07-19 14:36:12,,,,,,,,,,4006,100,,,,
1784472373400,2026-07-19 14:46:13,,,,,,,,,,4001,100,,,,
1784472973975,2026-07-19 14:56:13,,,,,,,,,,4002,100,,,,
1784473574589,2026-07-19 15:06:14,,,,,,,,,,4000,100,,,,
1784474175148,2026-07-19 15:16:15,,,,,,,,,,4004,100,,,,
1784474775700,2026-07-19 15:26:15,,,,,,,,,,4004,100,-91.0,-123.0,-18.0,-3.7999992
1784475376269,2026-07-19 15:36:16,,,,,,,,,,4003,100,-91.0,-124.0,-18.0,-3.0
1784475970862,2026-07-19 15:46:10,,,,,,,,,,4000,100,-89.0,-123.0,-18.0,-3.7999992
1784485997387,2026-07-19 18:33:17,,,,,,,,,,4003,100,,,,
1784486597947,2026-07-19 18:43:17,,,,,,,,,,4000,100,,,,
1784487198423,2026-07-19 18:53:18,,,,,,,,,,3998,100,,,,
1784487798898,2026-07-19 19:03:18,,,,,,,,,,3997,100,,,,
1784488399455,2026-07-19 19:13:19,,,,,,,,,,4001,100,,,,
1784489000060,2026-07-19 19:23:20,,,,,,,,,,4000,100,,,,
1784489600585,2026-07-19 19:33:20,,,,,,,,,,4003,100,,,,
1784490196843,2026-07-19 19:43:16,,,,,,,,,,3999,100,-93.0,,,
1784500220319,2026-07-19 22:30:20,,,,,,,,,,3998,100,,,,
1784500820815,2026-07-19 22:40:20,,,,,,,,,,3999,100,,,,
1784501421260,2026-07-19 22:50:21,,,,,,,,,,4000,100,,,,
1784502021757,2026-07-19 23:00:21,,,,,,,,,,4005,100,,,,
1784502622231,2026-07-19 23:10:22,,,,,,,,,,4001,100,,,,
1784503222718,2026-07-19 23:20:22,,,,,,,,,,3997,100,,,,
1784503823199,2026-07-19 23:30:23,,,,,,,,,,4003,100,,,,
1784504419845,2026-07-19 23:40:19,,,,,,,,,,4002,100,-90.0,,,
1784514437436,2026-07-20 02:27:17,,,,,,,,,,4005,100,,,,
1784515037941,2026-07-20 02:37:17,,,,,,,,,,4001,100,,,,
1784515638403,2026-07-20 02:47:18,,,,,,,,,,3998,100,,,,
1784516238883,2026-07-20 02:57:18,,,,,,,,,,4001,100,,,,
1784516839370,2026-07-20 03:07:19,,,,,,,,,,3996,100,,,,
1784517439839,2026-07-20 03:17:19,,,,,,,,,,4000,100,,,,
1784518040304,2026-07-20 03:27:20,,,,,,,,,,4001,100,,,,
1784518637044,2026-07-20 03:37:17,,,,,,,,,,4004,100,-91.0,,,
1784528658221,2026-07-20 06:24:18,,,,,,,,,,4003,100,,,,
1784529258697,2026-07-20 06:34:18,,,,,,,,,,4000,100,,,,
1784529859097,2026-07-20 06:44:19,,,,,,,,,,4000,100,,,,
1784530459611,2026-07-20 06:54:19,,,,,,,,,,4001,100,,,,
1784531060058,2026-07-20 07:04:20,,,,,,,,,,3998,100,,,,
1784531660456,2026-07-20 07:14:20,,,,,,,,,,3998,100,,,,
1784532260938,2026-07-20 07:24:20,,,,,,,,,,4001,100,,,,
1784532857783,2026-07-20 07:34:17,,,,,,,,,,3998,100,-87.0,,,
1784542883583,2026-07-20 10:21:23,,,,,,,,,,4001,100,,,,
1784543484051,2026-07-20 10:31:24,,,,,,,,,,3996,100,,,,
1784544084528,2026-07-20 10:41:24,,,,,,,,,,4000,100,,,,
1784544685009,2026-07-20 10:51:25,,,,,,,,,,4001,100,,,,
1784545285683,2026-07-20 11:01:25,,,,,,,,,,3999,100,,,,
1784545885888,2026-07-20 11:11:25,,,,,,,,,,3998,100,,,,
1784546486288,2026-07-20 11:21:26,,,,,,,,,,3999,100,,,,
1784547083166,2026-07-20 11:31:23,,,,,,,,,,3999,100,-83.0,,,
1784557132134,2026-07-20 14:18:52,,,,,,,,,,3997,100,,,,
1784557732611,2026-07-20 14:28:52,,,,,,,,,,3999,100,,,,
1784558333007,2026-07-20 14:38:53,,,,,,,,,,4000,100,,,,
1784558933405,2026-07-20 14:48:53,,,,,,,,,,4000,100,,,,
1784559533808,2026-07-20 14:58:53,,,,,,,,,,4000,100,,,,
1784560134287,2026-07-20 15:08:54,,,,,,,,,,3999,100,,,,
1784560734687,2026-07-20 15:18:54,,,,,,,,,,4002,100,,,,
1784561331734,2026-07-20 15:28:51,,,,,,,,,,4000,100,,-115.0,-12.0,8.200001
1784571348848,2026-07-20 18:15:48,,,,,,,,,,4003,100,,,,
1784571949247,2026-07-20 18:25:49,,,,,,,,,,3999,100,,,,
1784572549728,2026-07-20 18:35:49,,,,,,,,,,3998,100,,,,
1784573150128,2026-07-20 18:45:50,,,,,,,,,,3998,100,,,,
1784573750526,2026-07-20 18:55:50,,,,,,,,,,3998,100,,,,
1784574350926,2026-07-20 19:05:50,,,,,,,,,,3998,100,,,,
1784574951328,2026-07-20 19:15:51,,,,,,,,,,4000,100,,,,
1784575548286,2026-07-20 19:25:48,,,,,,,,,,3999,100,-90.0,,,
1784585568046,2026-07-20 22:12:48,,,,,,,,,,3997,100,,,,
1784586168445,2026-07-20 22:22:48,,,,,,,,,,4001,100,,,,
1784586768846,2026-07-20 22:32:48,,,,,,,,,,3999,100,,,,
1784587369247,2026-07-20 22:42:49,,,,,,,,,,3998,100,,,,
1784587969643,2026-07-20 22:52:49,,,,,,,,,,3996,100,,,,
1784588570044,2026-07-20 23:02:50,,,,,,,,,,4003,100,,,,
1784589170443,2026-07-20 23:12:50,,,,,,,,,,4000,100,,,,
1784589767648,2026-07-20 23:22:47,,,,,,,,,,3997,100,-96.0,,,
1784599789806,2026-07-21 02:09:49,,,,,,,,,,3999,100,,,,
1784600390213,2026-07-21 02:19:50,,,,,,,,,,3997,100,,,,
1784600990604,2026-07-21 02:29:50,,,,,,,,,,3996,100,,,,
1784601591007,2026-07-21 02:39:51,,,,,,,,,,3996,100,,,,
1784602191406,2026-07-21 02:49:51,,,,,,,,,,3997,100,,,,
1784602791806,2026-07-21 02:59:51,,,,,,,,,,3996,100,,,,
1784603392206,2026-07-21 03:09:52,,,,,,,,,,3998,100,,,,
1784603989408,2026-07-21 03:19:49,,,,,,,,,,4001,100,-96.0,,,
1784614010464,2026-07-21 06:06:50,,,,,,,,,,3998,100,,,,
1784614610965,2026-07-21 06:16:50,,,,,,,,,,3998,100,,,,
1784615211512,2026-07-21 06:26:51,,,,,,,,,,4000,100,,,,
1784615812542,2026-07-21 06:36:52,,,,,,,,,,3997,100,,,,
1784616412937,2026-07-21 06:46:52,,,,,,,,,,4000,100,,,,
1784617013410,2026-07-21 06:56:53,,,,,,,,,,4001,100,,,,
1784617613820,2026-07-21 07:06:53,,,,,,,,,,4000,100,,,,
1784618210073,2026-07-21 07:16:50,,,,,,,,,,3999,100,-88.0,,,
1784628225090,2026-07-21 10:03:45,,,,,,,,,,3998,100,,,,
1784628825488,2026-07-21 10:13:45,,,,,,,,,,3998,100,,,,
1784629425890,2026-07-21 10:23:45,,,,,,,,,,3996,100,,,,
1784630026289,2026-07-21 10:33:46,,,,,,,,,,3994,100,,,,
1784630626688,2026-07-21 10:43:46,,,,,,,,,,4000,100,,,,
1784631227086,2026-07-21 10:53:47,,,,,,,,,,4001,100,,,,
1784631827488,2026-07-21 11:03:47,,,,,,,,,,4029,100,,,,
1784632424690,2026-07-21 11:13:44,11.86,9.09,11.65,23.94,23.21,24.08,432.21,360.23,305.18,4023,100,-79.0,,,
1784642456621,2026-07-21 14:00:56,11.74,8.82,11.58,23.42,23.83,23.87,431.98,360.13,305.09,4022,100,,,,
1784643057013,2026-07-21 14:10:57,11.61,9.04,11.54,23.24,22.94,23.7,431.81,360.13,305.03,4026,100,,,,
1784643657495,2026-07-21 14:20:57,11.46,8.94,11.52,23.14,23.35,23.63,431.64,360.13,305.0,4043,100,,,,
1784644257970,2026-07-21 14:30:57,11.36,8.95,11.53,23.14,23.31,23.59,431.54,360.13,305.0,4035,100,,,,
1784644858452,2026-07-21 14:40:58,11.21,9.15,11.5,23.14,22.5,23.52,431.4,360.13,304.97,4036,100,,,,
1784645458932,2026-07-21 14:50:58,11.15,8.99,11.51,23.11,23.14,23.49,431.33,360.13,304.97,4039,100,,,,
1784646059412,2026-07-21 15:00:59,11.08,9.08,11.48,23.14,22.8,23.45,431.27,360.13,304.94,4052,100,,,,
1784646656207,2026-07-21 15:10:56,10.95,8.98,11.49,23.21,23.18,23.42,431.16,360.13,304.94,4039,100,-79.0,,,
1784656694690,2026-07-21 17:58:14,10.91,9.15,11.48,23.24,22.63,23.45,431.13,360.16,304.94,4050,100,,,,
1784657295169,2026-07-21 18:08:15,10.84,8.98,11.5,23.38,23.31,23.35,431.1,360.16,304.94,4042,100,,,,
1784657895649,2026-07-21 18:18:15,10.75,9.01,11.45,23.45,23.21,23.42,431.03,360.16,304.91,4035,100,,,,
1784658496130,2026-07-21 18:28:16,10.7,8.97,11.46,23.49,23.35,23.35,430.99,360.16,304.91,4038,100,,,,
1784659096610,2026-07-21 18:38:16,10.64,8.95,11.48,23.63,23.45,23.28,430.96,360.16,304.91,4038,100,,,,
1784659697091,2026-07-21 18:48:17,10.6,9.14,11.54,23.66,22.87,23.04,430.93,360.2,304.91,4040,100,,,,
1784660297571,2026-07-21 18:58:17,10.54,9.19,11.44,23.73,22.66,23.45,430.89,360.2,304.91,4038,100,,,,
1784660894291,2026-07-21 19:08:14,10.5,9.02,11.45,23.76,23.35,23.42,430.86,360.2,304.91,4036,100,-78.0,,,
1784670922930,2026-07-21 21:55:22,10.45,9.22,11.46,23.83,22.66,23.35,430.83,360.23,304.91,4043,100,,,,
1784671523410,2026-07-21 22:05:23,10.41,9.22,11.45,23.83,22.66,23.42,430.79,360.23,304.91,4037,100,,,,
1784672123886,2026-07-21 22:15:23,10.37,9.2,11.42,23.87,22.73,23.38,430.76,360.23,304.88,4039,100,,,,
1784672724370,2026-07-21 22:25:24,10.32,9.19,11.42,23.9,22.8,23.35,430.72,360.23,304.88,4036,100,,,,
1784673324849,2026-07-21 22:35:24,10.29,9.2,11.42,23.9,22.87,23.35,430.69,360.26,304.88,4038,100,,,,
1784673925331,2026-07-21 22:45:25,10.26,9.05,11.44,23.9,23.49,23.28,430.66,360.26,304.88,4038,100,,,,
1784674526237,2026-07-21 22:55:26,10.21,9.2,11.38,23.9,22.87,23.52,430.62,360.26,304.88,4035,100,,,,
1784675122528,2026-07-21 23:05:22,10.14,9.01,11.38,23.9,23.63,23.52,430.55,360.26,304.88,4036,100,-81.0,,,
1784685150452,2026-07-22 01:52:30,10.12,8.97,11.42,23.83,23.83,23.38,430.52,360.26,304.88,4041,100,,,,
1784685750931,2026-07-22 02:02:30,10.09,9.18,11.35,23.83,22.97,23.49,430.49,360.26,304.85,4043,100,,,,
1784686351686,2026-07-22 02:12:31,10.06,9.03,11.37,23.8,23.56,23.42,430.45,360.26,304.85,4041,100,,,,
1784686952131,2026-07-22 02:22:32,10.02,9.01,11.35,23.7,23.63,23.49,430.39,360.26,304.85,4038,100,,,,
1784687552614,2026-07-22 02:32:32,9.98,9.18,11.35,23.7,22.97,23.49,430.35,360.26,304.85,4040,100,,,,
1784688153093,2026-07-22 02:42:33,9.96,9.17,11.37,23.63,23.0,23.42,430.32,360.26,304.85,4037,100,,,,
1784688753603,2026-07-22 02:52:33,9.94,9.18,11.38,23.56,22.94,23.38,430.28,360.26,304.85,4038,100,,,,
1784689349972,2026-07-22 03:02:29,9.88,9.15,11.37,23.52,23.07,23.42,430.22,360.26,304.85,4040,100,-80.0,,,
1784699378930,2026-07-22 05:49:38,9.86,9.01,11.34,23.42,23.66,23.35,430.18,360.26,304.82,4037,100,,,,
1784699979409,2026-07-22 05:59:39,9.84,8.93,11.34,23.38,23.97,23.35,430.15,360.26,304.82,4036,100,,,,
1784700579886,2026-07-22 06:09:39,9.83,8.94,11.3,23.31,23.94,23.52,430.12,360.26,304.82,4038,100,,,,
1784701180370,2026-07-22 06:19:40,9.81,9.19,11.29,23.21,22.9,23.59,430.08,360.26,304.82,4036,100,,,,
1784701780849,2026-07-22 06:29:40,9.73,9.14,11.33,23.21,23.0,23.42,430.01,360.23,304.82,4038,100,,,,
1784702381329,2026-07-22 06:39:41,9.73,9.16,11.32,23.11,22.9,23.45,429.98,360.23,304.82,4046,100,,,,
1784702981811,2026-07-22 06:49:41,9.7,9.07,11.33,23.07,23.28,23.42,429.95,360.23,304.82,4046,100,,,,
1784703578451,2026-07-22 06:59:38,9.68,8.97,11.23,23.0,23.66,23.66,429.91,360.23,304.79,4038,100,-75.0,,,
1784713604370,2026-07-22 09:46:44,9.65,9.0,11.3,23.0,23.56,23.38,429.88,360.23,304.79,4039,100,,,,
1784714204851,2026-07-22 09:56:44,9.62,8.95,11.28,22.94,23.63,23.45,429.84,360.2,304.79,4055,100,,,,
1784714805331,2026-07-22 10:06:45,9.6,9.13,11.26,22.9,22.9,23.52,429.81,360.2,304.79,4059,100,,,,
1784715405818,2026-07-22 10:16:45,9.58,9.09,11.29,22.83,23.04,23.42,429.78,360.2,304.79,4041,100,,,,
1784716006289,2026-07-22 10:26:46,9.59,8.95,11.21,22.8,23.63,23.73,429.78,360.2,304.79,4055,100,,,,
1784716606766,2026-07-22 10:36:46,9.55,8.92,11.25,22.8,23.56,23.56,429.74,360.16,304.79,4052,100,,,,
1784717207248,2026-07-22 10:46:47,9.55,9.12,11.27,22.77,22.77,23.31,429.74,360.16,304.76,4056,100,,,,
1784717803969,2026-07-22 10:56:43,9.53,8.96,11.21,22.73,23.42,23.56,429.71,360.16,304.76,4047,100,-76.0,,,
1784727833491,2026-07-22 13:43:53,,,,,,,,,,4055,100,,,,
1784728434212,2026-07-22 13:53:54,9.5,8.87,11.23,22.73,23.76,23.49,429.68,360.16,304.76,4044,100,,,,
1784729034690,2026-07-22 14:03:54,9.49,9.08,11.24,22.77,22.9,23.45,429.68,360.16,304.76,4050,100,,,,
1784729635172,2026-07-22 14:13:55,9.5,8.91,11.25,22.73,23.59,23.42,429.68,360.16,304.76,4061,100,,,,
1784730235651,2026-07-22 14:23:55,9.46,9.08,11.25,22.73,22.8,23.42,429.64,360.13,304.76,4060,100,,,,
1784730836133,2026-07-22 14:33:56,9.44,9.1,11.53,22.8,22.7,22.23,429.64,360.13,304.76,4051,100,,,,
1784731436609,2026-07-22 14:43:56,9.44,9.08,11.19,22.8,22.8,23.66,429.64,360.13,304.76,4052,100,,,,
1784732033093,2026-07-22 14:53:53,9.43,9.12,11.22,22.83,22.63,23.38,429.64,360.13,304.73,4053,100,-74.0,,,
1784742065250,2026-07-22 17:41:05,9.39,9.06,11.17,22.87,22.87,23.59,429.61,360.13,304.73,4054,100,,,,
1784742665730,2026-07-22 17:51:05,9.38,8.85,11.33,22.9,23.7,22.9,429.61,360.13,304.73,4066,100,,,,
1784743266211,2026-07-22 18:01:06,9.37,9.08,11.25,22.94,22.8,23.24,429.61,360.13,304.73,4057,100,,,,
1784743866690,2026-07-22 18:11:06,9.37,9.08,11.22,22.94,22.8,23.38,429.61,360.13,304.73,4056,100,,,,
1784744467166,2026-07-22 18:21:07,9.31,9.08,11.21,23.0,22.8,23.42,429.57,360.13,304.73,4058,100,,,,
1784745067693,2026-07-22 18:31:07,9.3,8.95,11.22,23.04,23.31,23.38,429.57,360.13,304.73,4059,100,,,,
1784745668212,2026-07-22 18:41:08,9.3,8.92,11.18,23.04,23.42,23.38,429.57,360.13,304.7,4058,100,,,,
1784746264849,2026-07-22 18:51:04,9.25,8.92,11.15,23.11,23.42,23.49,429.54,360.13,304.7,4056,100,-81.0,,,
1784756298849,2026-07-22 21:38:18,9.25,9.24,11.18,23.14,22.13,23.38,429.54,360.13,304.7,4056,100,,,,
1784756899329,2026-07-22 21:48:19,9.22,8.92,11.15,23.11,23.42,23.49,429.51,360.13,304.7,4058,100,,,,
1784757499811,2026-07-22 21:58:19,9.21,8.92,11.18,23.14,23.42,23.38,429.51,360.13,304.7,4060,100,,,,
1784758100288,2026-07-22 22:08:20,9.19,8.92,11.18,23.07,23.42,23.38,429.47,360.13,304.7,4057,100,,,,
1784758700768,2026-07-22 22:18:20,9.18,9.08,11.12,23.11,22.77,23.63,429.47,360.13,304.7,4059,100,,,,
1784759301248,2026-07-22 22:28:21,9.16,8.92,11.16,23.04,23.42,23.45,429.44,360.13,304.7,4058,100,,,,
1784759901729,2026-07-22 22:38:21,9.14,8.84,11.18,23.0,23.73,23.38,429.41,360.13,304.7,4057,100,,,,
1784760498450,2026-07-22 22:48:18,9.12,8.87,11.14,23.07,23.49,23.38,429.41,360.1,304.67,4056,100,-80.0,,,
1784770529892,2026-07-23 01:35:29,9.1,8.89,11.09,23.0,23.42,23.56,429.37,360.1,304.67,4054,100,,,,
1784771130372,2026-07-23 01:45:30,9.07,9.02,11.17,22.97,22.87,23.24,429.34,360.1,304.67,4056,100,,,,
1784771730848,2026-07-23 01:55:30,9.04,8.82,11.14,22.94,23.7,23.38,429.3,360.1,304.67,4057,100,,,,
1784772331573,2026-07-23 02:05:31,9.05,8.89,11.11,22.87,23.42,23.49,429.3,360.1,304.67,4057,100,,,,
1784772932103,2026-07-23 02:15:32,9.04,9.06,11.12,22.8,22.73,23.45,429.27,360.1,304.67,4058,100,,,,
1784773532732,2026-07-23 02:25:32,9.0,9.01,11.11,22.83,22.94,23.49,429.24,360.1,304.67,4059,100,,,,
1784774133153,2026-07-23 02:35:33,9.02,8.89,11.14,22.73,23.42,23.35,429.24,360.1,304.67,4057,100,,,,
1784774729491,2026-07-23 02:45:29,8.99,9.03,11.12,22.7,22.73,23.35,429.2,360.07,304.65,4059,100,-79.0,,,
1784784762765,2026-07-23 05:32:42,8.97,8.86,11.12,22.63,23.38,23.35,429.17,360.07,304.65,4065,100,,,,
1784785363486,2026-07-23 05:42:43,8.94,9.03,11.12,22.63,22.7,23.35,429.14,360.07,304.65,4058,100,,,,
1784785963967,2026-07-23 05:52:43,8.97,9.06,11.13,22.53,22.6,23.31,429.14,360.07,304.65,4062,100,,,,
1784786564446,2026-07-23 06:02:44,8.94,9.01,11.13,22.46,22.8,23.28,429.1,360.07,304.65,4058,100,,,,
1784787164984,2026-07-23 06:12:44,8.94,8.84,11.11,22.46,23.35,23.38,429.1,360.04,304.65,4057,100,,,,
1784787765486,2026-07-23 06:22:45,8.93,8.96,11.08,22.36,22.87,23.52,429.07,360.04,304.65,4056,100,,,,
1784788365888,2026-07-23 06:32:45,8.9,9.02,11.14,22.33,22.6,23.24,429.03,360.04,304.65,4058,100,,,,
1784788962290,2026-07-23 06:42:42,8.88,9.01,11.08,22.26,22.66,23.35,429.0,360.04,304.62,4057,100,-81.0,,,
1784794342934,2026-07-23 08:12:22,8.88,8.82,11.04,22.26,23.28,23.52,429.0,360.01,304.62,4059,100,,,,
1784794943411,2026-07-23 08:22:23,8.87,8.82,11.07,22.19,23.28,23.38,428.97,360.01,304.62,4062,100,,,,
1784795543890,2026-07-23 08:32:23,8.88,8.84,11.09,22.13,23.21,23.28,428.97,360.01,304.62,4061,100,,,,
1784796142532,2026-07-23 08:42:22,8.84,8.81,11.03,22.13,23.31,23.56,428.93,360.01,304.62,4063,100,-82.0,,,
1784806163649,2026-07-23 11:29:23,8.85,8.86,11.09,22.06,23.11,23.31,428.93,360.01,304.62,4065,100,,,,
1784806764128,2026-07-23 11:39:24,8.81,8.79,11.11,22.09,23.24,23.21,428.9,359.97,304.62,4068,100,,,,
1784807364609,2026-07-23 11:49:24,8.83,9.08,11.07,22.03,22.06,23.38,428.9,359.97,304.62,4076,100,,,,
1784807965090,2026-07-23 11:59:25,8.8,8.9,11.09,21.99,22.8,23.31,428.86,359.97,304.62,4088,100,,,,
1784808565583,2026-07-23 12:09:25,8.8,8.95,11.06,21.99,22.6,23.24,428.86,359.97,304.59,4098,100,,,,
1784809166054,2026-07-23 12:19:26,8.8,8.88,11.07,21.99,22.73,23.21,428.86,359.94,304.59,4115,100,,,,
1784809766527,2026-07-23 12:29:26,8.8,8.96,11.04,21.99,22.39,23.31,428.86,359.94,304.59,4104,100,,,,
1784810363249,2026-07-23 12:39:23,8.8,8.96,11.0,21.99,22.43,23.49,428.86,359.94,304.59,4115,100,-75.0,,,
1784820398769,2026-07-23 15:26:38,8.79,8.81,11.06,22.03,23.0,23.24,428.86,359.94,304.59,4115,100,,,,
1784820999247,2026-07-23 15:36:39,8.82,9.0,11.07,22.06,22.26,23.21,428.9,359.94,304.59,4121,100,,,,
1784821599728,2026-07-23 15:46:39,8.83,8.95,11.05,22.16,22.46,23.28,428.93,359.94,304.59,4119,100,,,,
1784822200453,2026-07-23 15:56:40,8.82,8.92,11.09,22.19,22.56,23.11,428.93,359.94,304.59,4124,100,,,,
1784822800929,2026-07-23 16:06:40,8.85,9.0,11.09,22.26,22.26,23.14,428.97,359.94,304.59,4119,100,,,,
1784823401408,2026-07-23 16:16:41,8.83,8.81,11.04,22.33,23.0,23.35,428.97,359.94,304.59,4118,100,,,,
1784824001891,2026-07-23 16:26:41,8.85,8.81,11.07,22.39,23.0,23.21,429.0,359.94,304.59,4119,100,,,,
1784824598369,2026-07-23 16:36:38,8.82,8.83,11.1,22.5,22.94,23.07,429.0,359.94,304.59,4125,100,-73.0,,,
1784834636229,2026-07-23 19:23:56,8.82,9.01,11.09,22.63,22.36,23.14,429.03,359.97,304.59,4121,100,,,,
1784835236611,2026-07-23 19:33:56,8.8,8.84,11.13,22.73,23.04,22.97,429.03,359.97,304.59,4121,100,,,,
1784835837090,2026-07-23 19:43:57,8.79,8.84,11.09,22.77,23.04,23.14,429.03,359.97,304.59,4120,100,,,,
1784836437570,2026-07-23 19:53:57,8.78,8.76,11.07,22.8,23.35,23.21,429.03,359.97,304.59,4122,100,,,,
1784837038051,2026-07-23 20:03:58,8.75,8.88,11.07,22.9,22.87,23.21,429.03,359.97,304.59,4120,100,,,,
1784837638531,2026-07-23 20:13:58,8.74,8.92,11.05,22.94,22.7,23.28,429.03,359.97,304.59,4124,100,,,,
1784838239010,2026-07-23 20:23:59,8.74,8.84,11.09,22.94,23.04,23.11,429.03,359.97,304.59,4120,100,,,,
1784838835727,2026-07-23 20:33:55,8.74,8.87,11.15,22.94,22.9,22.87,429.03,359.97,304.59,4119,100,-75.0,,,
1784848866689,2026-07-23 23:21:06,8.71,8.81,11.09,22.94,23.14,23.14,429.0,359.97,304.59,4123,100,,,,
1784849467167,2026-07-23 23:31:07,8.7,9.04,11.09,23.0,22.39,23.14,429.0,360.01,304.59,4121,100,,,,
1784850067651,2026-07-23 23:41:07,8.67,8.99,11.09,22.97,22.6,23.14,428.97,360.01,304.59,4114,100,,,,
1784850668130,2026-07-23 23:51:08,8.68,8.99,11.03,22.94,22.6,23.38,428.97,360.01,304.59,4129,100,,,,
1784851268609,2026-07-24 00:01:08,8.64,8.84,11.09,22.94,23.21,23.14,428.93,360.01,304.59,4121,100,,,,
1784851869090,2026-07-24 00:11:09,8.62,8.96,11.09,22.87,22.73,23.11,428.9,360.01,304.59,4120,100,,,,
1784852469569,2026-07-24 00:21:09,8.63,8.8,11.09,22.83,23.35,23.14,428.9,360.01,304.59,4120,100,,,,
1784853066289,2026-07-24 00:31:06,8.59,8.85,11.05,22.83,22.97,23.11,428.86,359.97,304.56,4118,100,-81.0,,,
1784863096208,2026-07-24 03:18:16,8.58,8.78,11.06,22.73,23.28,23.07,428.83,359.97,304.56,4118,100,,,,
1784863696686,2026-07-24 03:28:16,8.55,8.95,11.03,22.7,22.6,23.21,428.8,359.97,304.56,4121,100,,,,
1784864297167,2026-07-24 03:38:17,8.51,8.74,11.04,22.7,23.42,23.14,428.76,359.97,304.56,4120,100,,,,
1784864897648,2026-07-24 03:48:17,8.53,8.78,11.24,22.6,23.28,22.33,428.76,359.97,304.56,4119,100,,,,
1784865498127,2026-07-24 03:58:18,8.54,8.79,11.02,22.46,23.24,23.24,428.73,359.97,304.56,4119,100,,,,
1784866098606,2026-07-24 04:08:18,8.51,9.31,11.04,22.43,21.14,23.14,428.7,359.97,304.56,4121,100,,,,
1784866699089,2026-07-24 04:18:19,8.48,8.78,11.04,22.39,23.14,23.14,428.66,359.94,304.56,4118,100,,,,
1784867295730,2026-07-24 04:28:15,8.47,8.96,11.12,22.29,22.39,22.66,428.63,359.94,304.53,4120,100,-79.0,,,
1784877326526,2026-07-24 07:15:26,8.44,8.78,11.0,22.23,23.14,23.18,428.59,359.94,304.53,4122,100,,,,
1784877926873,2026-07-24 07:25:26,8.45,8.78,11.01,22.19,23.14,23.11,428.59,359.94,304.53,4122,100,,,,
1784878527328,2026-07-24 07:35:27,8.44,8.79,11.02,22.09,22.94,23.07,428.56,359.91,304.53,4123,100,,,,
1784879127811,2026-07-24 07:45:27,8.45,8.69,11.0,22.06,23.38,23.14,428.56,359.91,304.53,4122,100,,,,
1784879728292,2026-07-24 07:55:28,8.44,8.96,11.0,21.99,22.29,23.14,428.53,359.91,304.53,4122,100,,,,
1784880328767,2026-07-24 08:05:28,8.45,8.9,11.0,21.93,22.53,23.14,428.53,359.91,304.53,4123,100,,,,
1784880929257,2026-07-24 08:15:29,8.42,8.69,11.02,21.89,23.35,23.07,428.49,359.91,304.53,4119,100,,,,
1784881526253,2026-07-24 08:25:26,8.42,8.86,11.0,21.86,22.56,23.14,428.49,359.88,304.53,4123,100,-79.0,,,
1784891541409,2026-07-24 11:12:21,8.42,8.77,10.97,21.86,22.9,23.28,428.49,359.88,304.53,4121,100,,,,
1784892141680,2026-07-24 11:22:21,8.42,8.73,11.11,21.86,23.07,22.7,428.49,359.88,304.53,4121,100,,,,
1784892742132,2026-07-24 11:32:22,8.46,8.77,11.0,21.89,22.9,23.18,428.53,359.88,304.53,4128,100,,,,
1784893342814,2026-07-24 11:42:22,8.45,8.77,11.01,21.93,22.9,23.11,428.53,359.88,304.53,4124,100,,,,
1784893943094,2026-07-24 11:52:23,8.48,8.95,11.02,21.93,22.16,23.07,428.56,359.88,304.53,4121,100,,,,
1784894543567,2026-07-24 12:02:23,8.48,8.8,11.02,22.09,22.77,23.07,428.59,359.88,304.53,4122,100,,,,
1784895144045,2026-07-24 12:12:24,8.51,8.88,10.97,22.13,22.46,23.28,428.63,359.88,304.53,4120,100,,,,
1784895740765,2026-07-24 12:22:20,8.53,8.95,11.07,22.19,22.16,23.04,428.66,359.88,304.56,4121,100,-81.0,,,
1784905772609,2026-07-24 15:09:32,8.55,8.8,11.03,22.29,22.9,23.21,428.7,359.91,304.56,4121,100,,,,
1784906373088,2026-07-24 15:19:33,8.54,8.8,11.1,22.43,22.9,22.9,428.73,359.91,304.56,4120,100,,,,
1784906973569,2026-07-24 15:29:33,8.53,8.98,11.06,22.6,22.19,23.07,428.76,359.91,304.56,4119,100,,,,
1784907574050,2026-07-24 15:39:34,8.55,8.79,11.03,22.73,22.97,23.21,428.8,359.91,304.56,4119,100,,,,
1784908174529,2026-07-24 15:49:34,8.59,8.86,11.1,22.83,22.83,23.07,428.86,359.94,304.59,4119,100,,,,
1784908775010,2026-07-24 15:59:35,8.58,8.81,11.12,23.04,23.0,23.0,428.9,359.94,304.59,4119,100,,,,
1784909375489,2026-07-24 16:09:35,8.61,8.79,11.13,23.21,23.24,22.94,428.97,359.97,304.59,4118,100,,,,
1784909972208,2026-07-24 16:19:32,8.62,8.82,11.06,23.31,23.11,23.24,429.0,359.97,304.59,4120,100,-71.0,,,
1784920006126,2026-07-24 19:06:46,8.61,8.9,11.13,23.49,22.97,22.97,429.03,360.01,304.59,4123,100,,,,
1784920606608,2026-07-24 19:16:46,8.62,8.84,11.2,23.63,23.21,22.66,429.07,360.01,304.59,4119,100,,,,
1784921207093,2026-07-24 19:26:47,8.62,9.03,11.1,23.73,22.46,23.07,429.1,360.01,304.59,4121,100,,,,
1784921807568,2026-07-24 19:36:47,8.59,8.92,11.09,23.87,23.04,23.11,429.1,360.04,304.59,4121,100,,,,
1784922408052,2026-07-24 19:46:48,8.62,8.9,11.13,23.94,23.11,22.94,429.14,360.04,304.59,4118,100,,,,
1784923008530,2026-07-24 19:56:48,8.6,8.91,11.11,24.01,23.21,23.04,429.14,360.07,304.59,4118,100,,,,
1784923609008,2026-07-24 20:06:49,8.58,8.98,11.13,24.08,22.9,22.97,429.14,360.07,304.59,4117,100,,,,
1784924205653,2026-07-24 20:16:45,8.6,8.89,11.16,24.15,23.28,23.0,429.17,360.07,304.62,4122,100,-73.0,,,
1786342844848,2026-08-10 06:20:44,8.56,8.91,11.17,24.15,23.35,22.97,429.14,360.1,304.62,4120,100,,,,
1786343445328,2026-08-10 06:30:45,8.54,9.08,11.17,24.26,22.63,22.97,429.14,360.1,304.62,4121,100,,,,
1786344045817,2026-08-10 06:40:45,8.55,9.02,11.17,24.19,22.87,22.8,429.14,360.1,304.59,4123,100,,,,
1786344646288,2026-08-10 06:50:46,8.51,9.07,11.12,24.19,22.7,23.0,429.1,360.1,304.59,4121,100,,,,
1786345246776,2026-08-10 07:00:46,8.52,9.02,11.09,24.15,22.87,23.14,429.1,360.1,304.59,4117,100,,,,
1786345847259,2026-08-10 07:10:47,8.48,8.9,11.11,24.19,23.49,23.04,429.07,360.13,304.59,4121,100,,,,
1786346447728,2026-08-10 07:20:47,8.46,9.06,11.11,24.08,22.87,23.04,429.03,360.13,304.59,4121,100,,,,
1786347044449,2026-08-10 07:30:44,12.69,21.05,25.12,25.7,25.99,24.9,433.43,372.69,316.31,4119,100,-80.0,,,
1786357069649,2026-08-10 10:17:49,12.65,21.21,25.1,25.63,24.97,24.47,433.37,372.63,316.22,4121,100,,,,
1786357670128,2026-08-10 10:27:50,12.61,21.44,24.96,25.59,23.56,24.83,433.33,372.56,316.16,4120,100,,,,
1786358270611,2026-08-10 10:37:50,12.61,21.07,24.86,25.59,25.19,24.97,433.33,372.53,316.1,4119,100,,,,
1786358871089,2026-08-10 10:47:51,12.62,21.03,24.78,25.55,25.08,24.83,433.33,372.47,316.01,4123,100,,,,
1786359471571,2026-08-10 10:57:51,12.62,20.87,24.74,25.55,25.74,24.86,433.33,372.44,315.98,4121,100,,,,
1786360072050,2026-08-10 11:07:52,12.66,20.83,24.64,25.55,25.59,24.83,433.37,372.37,315.89,4117,100,,,,
1786360672527,2026-08-10 11:17:52,12.65,20.97,24.55,25.63,24.79,24.76,433.37,372.34,315.8,4117,100,,,,
1786361269248,2026-08-10 11:27:49,12.66,20.75,24.5,25.7,25.55,24.65,433.4,372.28,315.74,4123,100,-80.0,,,
1786371296607,2026-08-10 14:14:56,12.64,20.86,24.33,25.77,24.86,24.97,433.4,372.24,315.65,4125,100,,,,
1786371897088,2026-08-10 14:24:57,12.66,20.68,24.28,25.85,25.59,24.9,433.43,372.21,315.59,4119,100,,,,
1786372497570,2026-08-10 14:34:57,12.64,20.71,24.18,25.92,25.15,24.86,433.43,372.15,315.5,4122,100,,,,
1786373098046,2026-08-10 14:44:58,12.66,20.7,24.05,25.99,25.08,24.97,433.47,372.12,315.41,4120,100,,,,
1786373698527,2026-08-10 14:54:58,12.63,20.54,23.99,26.14,25.52,24.93,433.47,372.05,315.35,4120,100,,,,
1786374299008,2026-08-10 15:04:59,12.64,20.41,23.89,26.22,26.03,24.9,433.5,372.02,315.26,4118,100,,,,
1786374899487,2026-08-10 15:14:59,12.63,20.43,23.8,26.25,25.63,25.01,433.5,371.96,315.2,4122,100,,,,
1786375496131,2026-08-10 15:24:56,12.62,20.41,23.68,26.33,25.59,25.08,433.5,371.93,315.11,4120,100,-81.0,,,
1786385522850,2026-08-10 18:12:02,12.61,20.51,23.6,26.37,24.97,25.12,433.5,371.89,315.05,4118,100,,,,
1786386123327,2026-08-10 18:22:03,12.58,20.34,23.53,26.48,25.48,24.93,433.5,371.83,314.96,4120,100,,,,
1786386723808,2026-08-10 18:32:03,12.6,20.42,23.44,26.55,24.97,25.04,433.54,371.8,314.9,4119,100,,,,
1786387324288,2026-08-10 18:42:04,12.6,20.39,23.36,26.55,24.97,24.9,433.54,371.77,314.81,4125,100,,,,
1786387925008,2026-08-10 18:52:05,12.6,20.29,23.29,26.59,25.26,24.93,433.54,371.73,314.75,4121,100,,,,
1786388525490,2026-08-10 19:02:05,12.55,20.27,23.17,26.63,25.08,24.97,433.5,371.67,314.66,4120,100,,,,
1786389125967,2026-08-10 19:12:05,12.56,20.14,23.11,26.59,25.59,24.93,433.5,371.64,314.6,4120,100,,,,
1786389722370,2026-08-10 19:22:02,12.55,20.07,23.02,26.63,25.77,25.04,433.5,371.61,314.54,4123,100,-77.0,,,
1786399753979,2026-08-10 22:09:13,12.51,20.17,22.95,26.67,25.12,25.19,433.47,371.57,314.51,4120,100,,,,
1786400354446,2026-08-10 22:19:14,12.52,20.03,22.91,26.63,25.63,25.04,433.47,371.54,314.45,4120,100,,,,
1786400954929,2026-08-10 22:29:14,12.52,20.17,22.91,26.59,24.97,24.86,433.47,371.54,314.42,4121,100,,,,
1786401555407,2026-08-10 22:39:15,12.48,19.96,22.81,26.59,25.85,25.01,433.43,371.51,314.36,4121,100,,,,
1786402155888,2026-08-10 22:49:15,12.47,19.94,22.79,26.52,25.81,24.93,433.4,371.48,314.33,4119,100,,,,
1786402756367,2026-08-10 22:59:16,12.47,19.94,22.75,26.52,25.66,24.97,433.4,371.45,314.3,4118,100,,,,
1786403356846,2026-08-10 23:09:16,12.46,19.86,22.98,26.44,25.92,23.7,433.37,371.42,314.27,4121,100,,,,
1786403953569,2026-08-10 23:19:13,12.43,20.02,22.65,26.4,25.15,25.12,433.33,371.42,314.24,4123,100,-78.0,,,
1786413987249,2026-08-11 02:06:27,12.42,19.83,22.91,26.29,25.85,23.7,433.3,371.38,314.21,4117,100,,,,
1786414587730,2026-08-11 02:16:27,12.4,19.93,22.61,26.22,25.26,24.97,433.26,371.35,314.18,4115,100,,,,
1786415188211,2026-08-11 02:26:28,12.38,19.81,22.56,26.18,25.7,25.04,433.23,371.32,314.15,4116,100,,,,
1786415788686,2026-08-11 02:36:28,12.36,19.9,22.48,26.11,25.15,25.26,433.2,371.29,314.12,4121,100,,,,
1786416389170,2026-08-11 02:46:29,12.35,19.81,22.49,25.99,25.41,25.04,433.16,371.26,314.09,4121,100,,,,
1786416989650,2026-08-11 02:56:29,12.29,19.73,22.44,25.92,25.63,25.08,433.09,371.22,314.06,4117,100,,,,
1786417590129,2026-08-11 03:06:30,12.3,20.1,22.47,25.77,23.9,24.97,433.06,371.22,314.06,4119,100,,,,
1786418186769,2026-08-11 03:16:26,12.28,19.75,22.51,25.7,25.41,24.58,433.03,371.19,314.03,4121,100,-78.0,,,
1786428215736,2026-08-11 06:03:35,12.26,19.56,22.38,25.63,26.14,25.04,432.99,371.16,314.0,4121,100,,,,
1786428816210,2026-08-11 06:13:36,12.25,19.67,22.41,25.55,25.52,24.76,432.96,371.13,313.97,4123,100,,,,
1786429416689,2026-08-11 06:23:36,12.25,19.54,22.32,25.41,25.99,25.19,432.93,371.1,313.97,4120,100,,,,
1786430017169,2026-08-11 06:33:37,12.2,19.55,22.31,25.3,25.77,25.04,432.86,371.06,313.94,4122,100,,,,
1786430617648,2026-08-11 06:43:37,12.17,19.52,22.31,25.26,25.77,24.86,432.82,371.03,313.91,4120,100,,,,
1786431218128,2026-08-11 06:53:38,12.18,19.49,22.27,25.08,25.74,25.08,432.79,371.0,313.91,4121,100,,,,
1786431818610,2026-08-11 07:03:38,12.17,19.46,22.16,25.01,25.77,25.41,432.76,370.97,313.88,4123,100,,,,
1786432415329,2026-08-11 07:13:35,12.16,19.62,22.19,24.9,24.9,25.12,432.72,370.94,313.85,4122,100,-76.0,,,
1786442434207,2026-08-11 10:00:34,12.14,19.43,22.12,24.83,25.63,25.3,432.69,370.91,313.82,4120,100,,,,
1786443034688,2026-08-11 10:10:34,12.16,19.41,22.13,24.76,25.55,25.04,432.69,370.87,313.79,4123,100,,,,
1786443635168,2026-08-11 10:20:35,12.18,19.38,22.12,24.68,25.55,25.01,432.69,370.84,313.77,4122,100,,,,
1786444235648,2026-08-11 10:30:35,12.19,19.35,22.1,24.61,25.55,25.08,432.69,370.81,313.77,4122,100,,,,
1786444836127,2026-08-11 10:40:36,12.19,19.32,22.03,24.61,25.59,25.26,432.69,370.78,313.74,4115,100,,,,
1786445436610,2026-08-11 10:50:36,12.19,19.29,22.02,24.61,25.7,25.12,432.69,370.78,313.71,4120,100,,,,
1786446037092,2026-08-11 11:00:37,12.21,19.46,21.97,24.68,24.76,25.19,432.72,370.75,313.68,4122,100,,,,
1786446633808,2026-08-11 11:10:33,12.24,19.25,21.97,24.72,25.59,25.04,432.76,370.71,313.65,4123,100,-74.0,,,
1786456664607,2026-08-11 13:57:44,12.25,19.27,21.93,24.79,25.37,25.04,432.79,370.68,313.62,4128,100,,,,
1786457265088,2026-08-11 14:07:45,12.27,19.22,21.89,24.83,25.44,25.08,432.82,370.65,313.59,4123,100,,,,
1786457865569,2026-08-11 14:17:45,12.28,19.27,21.83,24.97,25.22,25.04,432.86,370.65,313.53,4125,100,,,,
1786458466047,2026-08-11 14:27:46,12.29,19.65,21.76,25.08,23.31,25.19,432.89,370.62,313.5,4126,100,,,,
1786459066526,2026-08-11 14:37:46,12.3,19.18,21.77,25.19,25.37,24.97,432.93,370.59,313.47,4122,100,,,,
1786459667132,2026-08-11 14:47:47,12.33,19.17,21.72,25.33,25.41,25.04,432.99,370.59,313.44,4121,100,,,,
1786460267487,2026-08-11 14:57:47,12.34,19.13,21.78,25.48,25.41,24.58,433.03,370.55,313.41,4130,100,,,,
1786460864207,2026-08-11 15:07:44,12.34,19.04,21.67,25.59,25.7,24.93,433.06,370.52,313.38,4121,100,-77.0,,,
1786470908129,2026-08-11 17:55:08,12.33,19.12,21.7,25.77,25.33,24.47,433.09,370.52,313.32,4118,100,,,,
1786471508610,2026-08-11 18:05:08,12.34,19.05,21.57,25.88,25.52,24.9,433.13,370.49,313.29,4121,100,,,,
1786472109088,2026-08-11 18:15:09,12.35,19.05,21.58,25.99,25.55,24.54,433.16,370.49,313.23,4119,100,,,,
1786472709569,2026-08-11 18:25:09,12.36,19.06,21.42,26.14,25.33,25.12,433.2,370.46,313.2,4119,100,,,,
1786473310050,2026-08-11 18:35:10,12.33,19.19,21.35,26.25,24.76,25.26,433.2,370.46,313.17,4121,100,,,,
1786473910529,2026-08-11 18:45:10,12.35,19.13,21.33,26.29,24.9,25.04,433.23,370.43,313.11,4121,100,,,,
1786474511008,2026-08-11 18:55:11,12.33,19.03,21.32,26.37,25.37,24.93,433.23,370.43,313.08,4121,100,,,,
1786475107729,2026-08-11 19:05:07,12.33,19.1,21.28,26.37,25.04,24.93,433.23,370.43,313.05,4122,100,-78.0,,,
1786485140888,2026-08-11 21:52:20,12.32,19.12,21.24,26.44,24.79,24.97,433.23,370.4,313.02,4120,100,,,,
1786485741250,2026-08-11 22:02:21,12.32,18.97,21.2,26.44,25.48,24.97,433.23,370.4,312.99,4123,100,,,,
1786486341728,2026-08-11 22:12:21,12.27,18.89,21.43,26.52,25.7,23.7,433.2,370.36,312.96,4118,100,,,,
1786486942209,2026-08-11 22:22:22,12.29,18.94,21.11,26.44,25.48,25.04,433.2,370.36,312.93,4120,100,,,,
1786487542684,2026-08-11 22:32:22,12.29,18.86,21.09,26.44,25.7,25.01,433.2,370.33,312.9,4119,100,,,,
1786488143286,2026-08-11 22:42:23,12.24,18.84,21.04,26.44,25.81,25.08,433.16,370.33,312.87,4120,100,,,,
1786488743717,2026-08-11 22:52:23,12.22,18.82,21.01,26.4,25.74,25.01,433.13,370.3,312.84,4121,100,,,,
1786489340376,2026-08-11 23:02:20,12.21,18.92,21.08,26.29,25.3,24.51,433.09,370.3,312.81,4122,100,-78.0,,,
1786499378448,2026-08-12 01:49:38,12.22,18.87,20.92,26.25,25.37,25.12,433.09,370.27,312.78,4121,100,,,,
1786499978928,2026-08-12 01:59:38,12.19,18.88,20.93,26.25,25.33,24.9,433.06,370.27,312.75,4122,100,,,,
1786500579410,2026-08-12 02:09:39,12.18,19.09,20.89,26.14,24.33,25.08,433.03,370.27,312.75,4123,100,,,,
1786501179887,2026-08-12 02:19:39,12.18,18.74,20.87,25.99,25.85,25.01,432.99,370.24,312.72,4121,100,,,,
1786501780371,2026-08-12 02:29:40,12.13,18.7,20.78,25.92,25.85,25.26,432.93,370.2,312.69,4122,100,,,,
1786502380848,2026-08-12 02:39:40,12.1,18.72,20.77,25.88,25.77,25.33,432.89,370.2,312.69,4120,100,,,,
1786502981329,2026-08-12 02:49:41,12.09,18.72,20.78,25.81,25.63,25.12,432.86,370.17,312.66,4122,100,,,,
1786503578049,2026-08-12 02:59:38,12.09,18.91,20.75,25.63,24.61,25.08,432.82,370.14,312.63,4123,100,-79.0,,,
1786513604528,2026-08-12 05:46:44,12.07,18.76,20.73,25.59,25.3,25.15,432.79,370.14,312.63,4120,100,,,,
1786514205006,2026-08-12 05:56:45,12.07,18.64,20.71,25.44,25.74,25.08,432.76,370.11,312.6,4121,100,,,,
1786514805487,2026-08-12 06:06:45,12.01,18.76,20.65,25.37,25.04,25.22,432.69,370.08,312.57,4120,100,,,,
1786515405968,2026-08-12 06:16:45,12.0,18.6,20.74,25.26,25.77,24.76,432.65,370.08,312.57,4121,100,,,,
1786516006449,2026-08-12 06:26:46,12.0,18.59,20.63,25.12,25.7,25.12,432.62,370.05,312.54,4119,100,,,,
1786516606930,2026-08-12 06:36:46,11.99,18.56,20.63,25.04,25.66,25.15,432.59,370.01,312.54,4119,100,,,,
1786517207407,2026-08-12 06:46:47,11.95,18.51,20.61,24.9,25.74,25.08,432.52,369.98,312.51,4121,100,,,,
1786517804127,2026-08-12 06:56:44,11.94,18.49,20.56,24.79,25.7,25.12,432.48,369.95,312.48,4120,100,-69.0,,,
1786527823964,2026-08-12 09:43:43,11.91,18.64,20.56,24.76,24.9,25.12,432.45,369.92,312.48,4123,100,,,,
1786528424447,2026-08-12 09:53:44,11.93,18.62,20.53,24.68,24.83,25.08,432.45,369.89,312.45,4126,100,,,,
1786529024925,2026-08-12 10:03:44,11.92,18.47,20.49,24.61,25.55,25.12,432.42,369.89,312.42,4124,100,,,,
1786529625404,2026-08-12 10:13:45,11.95,18.58,20.48,24.47,24.83,25.15,432.42,369.85,312.42,4125,100,,,,
1786530225885,2026-08-12 10:23:45,11.98,18.42,20.5,24.47,25.44,24.9,432.45,369.82,312.39,4126,100,,,,
1786530826366,2026-08-12 10:33:46,11.97,18.4,20.42,24.51,25.41,25.12,432.45,369.79,312.36,4123,100,,,,
1786531426845,2026-08-12 10:43:46,11.99,18.56,20.43,24.54,24.68,25.08,432.48,369.79,312.36,4120,100,,,,
1786532023566,2026-08-12 10:53:43,12.03,18.36,20.41,24.58,25.48,24.97,432.52,369.76,312.33,4124,100,-69.0,,,
1786542054136,2026-08-12 13:40:54,12.03,18.31,20.38,24.68,25.7,25.12,432.55,369.76,312.33,4122,100,,,,
1786542654621,2026-08-12 13:50:54,12.09,18.41,20.36,24.76,25.22,25.04,432.62,369.76,312.3,4123,100,,,,
1786543255095,2026-08-12 14:00:55,12.08,18.51,20.36,24.9,24.61,25.04,432.65,369.73,312.3,4126,100,,,,
1786543855565,2026-08-12 14:10:55,12.09,18.36,20.33,25.04,25.33,25.04,432.69,369.73,312.27,4126,100,,,,
1786544456050,2026-08-12 14:20:56,12.14,18.31,20.33,25.15,25.37,25.01,432.76,369.69,312.27,4117,100,,,,
1786545056529,2026-08-12 14:30:56,12.13,18.26,20.31,25.33,25.63,24.97,432.79,369.69,312.24,4119,100,,,,
1786545657020,2026-08-12 14:40:57,12.15,18.3,20.25,25.52,25.44,25.08,432.86,369.69,312.21,4121,100,,,,
1786546253656,2026-08-12 14:50:53,12.15,18.29,20.21,25.66,25.33,25.08,432.89,369.66,312.18,4125,100,-77.0,,,
1786556295090,2026-08-12 17:38:15,12.18,18.45,20.21,25.85,24.58,25.08,432.96,369.66,312.18,4122,100,,,,
1786556895567,2026-08-12 17:48:15,12.18,18.23,20.15,25.99,25.63,25.22,432.99,369.66,312.15,4124,100,,,,
1786557496049,2026-08-12 17:58:16,12.21,18.28,20.16,26.14,25.41,24.97,433.06,369.66,312.12,4120,100,,,,
1786558096531,2026-08-12 18:08:16,12.21,18.29,20.21,26.29,25.22,24.58,433.09,369.63,312.09,4123,100,,,,
1786558697009,2026-08-12 18:18:17,12.22,18.41,20.06,26.4,24.65,25.12,433.13,369.63,312.06,4123,100,,,,
1786559297490,2026-08-12 18:28:17,12.21,18.37,20.04,26.59,24.83,25.04,433.16,369.63,312.03,4119,100,,,,
1786559897969,2026-08-12 18:38:17,12.18,18.19,20.03,26.71,25.66,24.9,433.16,369.63,312.0,4118,100,,,,
1786560494688,2026-08-12 18:48:14,12.2,18.22,20.01,26.82,25.55,24.83,433.2,369.63,311.97,4121,100,-77.0,,,
1786570533647,2026-08-12 21:35:33,12.2,18.18,19.98,26.82,25.7,24.97,433.2,369.63,311.97,4118,100,,,,
1786571134368,2026-08-12 21:45:34,12.19,18.12,20.16,26.86,25.99,23.97,433.2,369.63,311.94,4119,100,,,,
1786571734850,2026-08-12 21:55:34,12.18,18.18,19.91,26.89,25.7,25.04,433.2,369.63,311.92,4118,100,,,,
1786572335328,2026-08-12 22:05:35,12.18,18.15,19.89,26.89,25.7,24.97,433.2,369.6,311.89,4122,100,,,,
1786572935810,2026-08-12 22:15:35,12.17,18.14,19.87,26.93,25.77,25.04,433.2,369.6,311.89,4126,100,,,,
1786573536285,2026-08-12 22:25:36,12.15,18.14,19.84,26.86,25.77,25.04,433.16,369.6,311.86,4120,100,,,,
1786574136767,2026-08-12 22:35:36,12.13,18.17,19.78,26.82,25.63,25.12,433.13,369.6,311.83,4120,100,,,,
1786574733249,2026-08-12 22:45:33,12.12,18.22,19.79,26.86,25.41,25.08,433.13,369.6,311.83,4120,100,-79.0,,,
1786584772207,2026-08-13 01:32:52,12.1,18.25,19.85,26.74,25.12,24.65,433.09,369.57,311.8,4122,100,,,,
1786585372687,2026-08-13 01:42:52,12.08,18.07,19.72,26.71,25.96,25.08,433.06,369.57,311.77,4120,100,,,,
1786585973167,2026-08-13 01:52:53,12.08,18.03,19.7,26.59,25.99,25.19,433.03,369.54,311.77,4120,100,,,,
1786586573649,2026-08-13 02:02:53,12.05,18.08,19.7,26.55,25.77,25.01,432.99,369.54,311.74,4120,100,,,,
1786587174131,2026-08-13 02:12:54,12.04,18.03,19.64,26.44,26.03,25.12,432.96,369.54,311.71,4121,100,,,,
1786587774606,2026-08-13 02:22:54,12.02,17.95,19.64,26.4,26.22,25.12,432.93,369.5,311.71,4121,100,,,,
1786588375089,2026-08-13 02:32:55,12.0,18.16,19.61,26.29,25.22,25.08,432.89,369.5,311.68,4116,100,,,,
1786588971807,2026-08-13 02:42:51,11.99,18.28,19.56,26.22,24.54,25.33,432.86,369.47,311.68,4119,100,-80.0,,,
1786599001247,2026-08-13 05:30:01,11.94,17.97,19.57,26.14,25.99,25.12,432.79,369.47,311.65,4120,100,,,,
1786599601727,2026-08-13 05:40:01,11.93,17.94,19.58,26.03,25.99,25.04,432.76,369.44,311.65,4118,100,,,,
1786600202207,2026-08-13 05:50:02,11.91,18.09,19.55,25.96,25.26,25.04,432.72,369.44,311.62,4121,100,,,,
1786600802692,2026-08-13 06:00:02,11.92,17.92,19.53,25.77,25.92,25.12,432.69,369.41,311.62,4119,100,,,,
1786601403169,2026-08-13 06:10:03,11.89,18.04,19.49,25.74,25.26,25.12,432.65,369.38,311.59,4119,100,,,,
1786602003648,2026-08-13 06:20:03,11.88,18.07,19.49,25.66,25.08,25.15,432.62,369.38,311.59,4121,100,,,,
1786602604126,2026-08-13 06:30:04,11.85,17.88,19.43,25.48,25.81,25.26,432.55,369.34,311.56,4121,100,,,,
1786603200848,2026-08-13 06:40:00,11.83,18.29,19.4,25.41,23.76,25.22,432.52,369.31,311.53,4120,100,-71.0,,,
1786613217248,2026-08-13 09:26:57,11.82,17.8,19.39,25.3,25.92,25.26,432.48,369.28,311.53,4125,100,,,,
1786613817726,2026-08-13 09:36:57,11.81,17.79,19.36,25.19,25.81,25.22,432.45,369.25,311.5,4123,100,,,,
1786614418209,2026-08-13 09:46:58,11.82,17.8,19.33,25.15,25.63,25.19,432.45,369.22,311.47,4122,100,,,,
1786615018886,2026-08-13 09:56:58,11.84,17.72,19.32,25.08,25.85,25.26,432.45,369.19,311.47,4123,100,,,,
1786615619253,2026-08-13 10:06:59,11.85,17.76,19.29,25.04,25.7,25.22,432.45,369.19,311.44,4123,100,,,,
1786616219646,2026-08-13 10:16:59,11.85,17.69,19.3,25.01,25.81,25.19,432.45,369.15,311.44,4125,100,,,,
1786616820128,2026-08-13 10:27:00,11.88,18.14,19.21,25.04,23.63,25.44,432.48,369.12,311.41,4127,100,,,,
1786617416847,2026-08-13 10:36:56,11.85,17.69,19.26,25.15,25.7,25.22,432.48,369.12,311.41,4126,100,-79.0,,,
1786627444066,2026-08-13 13:24:04,11.89,17.8,19.23,25.15,25.19,25.19,432.52,369.12,311.38,4121,100,,,,
1786628044530,2026-08-13 13:34:04,11.93,17.8,19.18,25.3,25.04,25.41,432.59,369.09,311.38,4122,100,,,,
1786628645009,2026-08-13 13:44:05,11.93,18.12,19.18,25.41,23.56,25.22,432.62,369.09,311.35,4124,100,,,,
1786629245490,2026-08-13 13:54:05,11.98,17.82,19.3,25.52,24.97,24.68,432.69,369.09,311.35,4121,100,,,,
1786629845970,2026-08-13 14:04:05,11.96,17.66,19.2,25.74,25.7,25.12,432.72,369.09,311.35,4122,100,,,,
1786630446446,2026-08-13 14:14:06,11.97,17.64,19.15,25.85,25.66,25.22,432.76,369.06,311.32,4120,100,,,,
1786631046929,2026-08-13 14:24:06,12.0,17.8,19.17,25.99,24.9,25.12,432.82,369.06,311.32,4121,100,,,,
1786631643571,2026-08-13 14:34:03,12.02,17.72,19.11,26.22,25.3,25.22,432.89,369.06,311.29,4121,100,-78.0,,,
1786641683967,2026-08-13 17:21:23,12.06,17.64,19.1,26.37,25.66,25.12,432.96,369.06,311.26,4123,100,,,,
1786642284447,2026-08-13 17:31:24,12.09,17.57,19.09,26.52,25.96,25.15,433.03,369.06,311.26,4121,100,,,,
1786642884926,2026-08-13 17:41:24,12.07,17.6,19.06,26.74,25.7,25.12,433.06,369.03,311.23,4121,100,,,,
1786643485408,2026-08-13 17:51:25,12.06,17.73,19.09,26.93,25.08,24.97,433.09,369.03,311.23,4119,100,,,,
1786644085886,2026-08-13 18:01:25,12.1,17.72,19.04,27.05,25.15,25.04,433.16,369.03,311.2,4121,100,,,,
1786644686375,2026-08-13 18:11:26,12.11,17.67,18.97,27.2,25.37,25.19,433.2,369.03,311.17,4119,100,,,,
1786645286965,2026-08-13 18:21:26,12.1,17.66,18.94,27.35,25.44,25.19,433.23,369.03,311.14,4117,100,,,,
1786645883554,2026-08-13 18:31:23,12.09,17.67,18.94,27.43,25.37,25.19,433.23,369.03,311.14,4119,100,-77.0,,,
1786655918529,2026-08-13 21:18:38,12.08,17.7,18.91,27.58,25.26,25.15,433.26,369.03,311.11,4119,100,,,,
1786656519009,2026-08-13 21:28:39,12.07,17.52,18.86,27.62,26.07,25.19,433.26,369.03,311.08,4119,100,,,,
1786657119489,2026-08-13 21:38:39,12.05,17.66,18.86,27.7,25.41,25.19,433.26,369.03,311.08,4119,100,,,,
1786657719970,2026-08-13 21:48:39,12.04,17.5,18.8,27.74,26.18,25.33,433.26,369.03,311.05,4120,100,,,,
1786658320448,2026-08-13 21:58:40,12.04,17.65,18.81,27.74,25.48,25.26,433.26,369.03,311.05,4121,100,,,,
1786658920932,2026-08-13 22:08:40,12.05,17.44,18.78,27.7,26.44,25.22,433.26,369.03,311.02,4121,100,,,,
1786659521408,2026-08-13 22:18:41,12.05,17.59,18.84,27.7,25.77,24.79,433.26,369.03,310.99,4122,100,,,,
1786660118127,2026-08-13 22:28:38,12.03,17.62,18.75,27.66,25.63,25.19,433.23,369.03,310.99,4120,100,-81.0,,,
1786670148686,2026-08-14 01:15:48,12.01,17.59,18.72,27.62,25.77,25.19,433.2,369.03,310.96,4119,100,,,,
1786670749167,2026-08-14 01:25:49,12.02,17.39,18.76,27.58,26.67,24.83,433.2,369.03,310.93,4119,100,,,,
1786671349649,2026-08-14 01:35:49,11.99,17.47,18.67,27.55,26.29,25.26,433.16,369.03,310.93,4119,100,,,,
1786671950127,2026-08-14 01:45:50,11.98,17.57,18.64,27.43,25.85,25.19,433.13,369.03,310.9,4119,100,,,,
1786672550609,2026-08-14 01:55:50,11.96,17.55,18.61,27.35,25.74,25.33,433.09,368.99,310.9,4117,100,,,,
1786673151087,2026-08-14 02:05:51,11.95,17.42,18.54,27.28,26.37,25.52,433.06,368.99,310.87,4120,100,,,,
1786673751569,2026-08-14 02:15:51,11.93,17.53,18.58,27.2,25.85,25.3,433.03,368.99,310.87,4118,100,,,,
1786674348286,2026-08-14 02:25:48,11.92,17.56,18.57,27.08,25.59,25.37,432.99,368.96,310.87,4117,100,-80.0,,,
1786684373406,2026-08-14 05:12:53,11.92,17.38,18.63,26.97,26.4,24.9,432.96,368.96,310.84,4120,100,,,,
1786684973888,2026-08-14 05:22:53,11.9,17.35,18.58,26.89,26.4,25.15,432.93,368.93,310.84,4120,100,,,,
1786685574368,2026-08-14 05:32:54,11.9,17.38,18.64,26.74,26.25,24.72,432.89,368.93,310.81,4118,100,,,,
1786686174849,2026-08-14 05:42:54,11.88,17.47,18.53,26.67,25.7,25.19,432.86,368.9,310.81,4124,100,,,,
1786686775331,2026-08-14 05:52:55,11.84,17.33,18.47,26.55,26.37,25.33,432.79,368.9,310.78,4120,100,,,,
1786687375809,2026-08-14 06:02:55,11.83,17.25,18.44,26.48,26.59,25.48,432.76,368.87,310.78,4119,100,,,,
1786687976287,2026-08-14 06:12:56,11.81,17.42,18.41,26.37,25.66,25.44,432.72,368.84,310.75,4117,100,,,,
1786688573010,2026-08-14 06:22:53,11.8,17.17,18.38,26.29,26.67,25.41,432.69,368.8,310.72,4121,100,-80.0,,,
1786698601246,2026-08-14 09:10:01,11.77,17.2,18.33,26.22,26.37,25.63,432.65,368.77,310.72,4119,100,,,,
1786699201727,2026-08-14 09:20:01,11.76,17.26,18.3,26.14,25.96,25.59,432.62,368.74,310.69,4122,100,,,,
1786699802205,2026-08-14 09:30:02,11.77,17.3,18.3,25.96,25.66,25.44,432.59,368.71,310.66,4121,100,,,,
1786700402688,2026-08-14 09:40:02,21.09,42.04,44.52,21.89,19.07,21.43,441.33,401.01,342.63,4119,100,,,,
1786701003188,2026-08-14 09:50:03,20.49,40.38,41.65,21.56,17.79,20.11,440.61,395.73,334.76,4122,100,,,,
1786701603658,2026-08-14 10:00:03,20.39,40.11,40.86,21.46,18.15,20.17,440.48,395.04,332.89,4121,100,,,,
1786702204126,2026-08-14 10:10:04,20.36,39.98,40.64,21.33,18.98,19.98,440.41,394.85,332.34,4120,100,,,,
1786702800849,2026-08-14 10:20:00,20.3,39.9,40.52,21.3,19.41,20.07,440.34,394.72,332.07,4118,100,-79.0,,,
1786712830051,2026-08-14 13:07:10,20.31,39.86,40.41,21.27,19.54,20.23,440.34,394.65,331.85,4119,100,,,,
1786713430528,2026-08-14 13:17:10,20.33,39.81,40.34,21.33,19.95,20.46,440.38,394.59,331.73,4124,100,,,,
1786714031009,2026-08-14 13:27:11,20.32,39.85,40.29,21.4,19.23,20.58,440.38,394.55,331.64,4123,100,,,,
1786714631488,2026-08-14 13:37:11,20.36,39.81,40.25,21.46,19.44,20.84,440.44,394.49,331.58,4119,100,,,,
1786715231968,2026-08-14 13:47:11,20.39,39.73,40.21,21.63,20.23,21.01,440.51,394.42,331.52,4120,100,,,,
1786715832446,2026-08-14 13:57:12,20.42,39.67,40.18,21.79,20.68,21.07,440.58,394.36,331.46,4120,100,,,,
1786716432929,2026-08-14 14:07:12,20.42,39.65,40.15,21.93,20.62,21.23,440.61,394.29,331.42,4118,100,,,,
1786717029569,2026-08-14 14:17:09,20.44,39.64,40.11,22.13,20.39,21.4,440.68,394.23,331.36,4121,100,-71.0,,,
1786727066850,2026-08-14 17:04:26,20.5,39.57,40.07,22.33,20.84,21.56,440.79,394.13,331.3,4120,100,,,,
1786727667328,2026-08-14 17:14:27,20.49,39.52,40.02,22.63,21.14,21.86,440.85,394.06,331.24,4118,100,,,,
1786728267809,2026-08-14 17:24:27,20.52,39.47,39.99,22.8,21.33,21.66,440.92,393.97,331.15,4121,100,,,,
1786728868288,2026-08-14 17:34:28,20.53,39.43,39.98,23.07,21.43,21.53,440.99,393.87,331.09,4123,100,,,,
1786729468768,2026-08-14 17:44:28,20.52,39.39,39.9,23.24,21.4,21.93,441.02,393.74,331.0,4124,100,,,,
1786730069247,2026-08-14 17:54:29,20.54,39.36,39.85,23.42,21.14,22.13,441.09,393.61,330.91,4122,100,,,,
1786730669726,2026-08-14 18:04:29,20.55,39.32,39.81,23.59,21.14,22.09,441.13,393.51,330.81,4118,100,,,,
1786731266368,2026-08-14 18:14:26,20.54,39.23,39.77,23.76,21.69,22.06,441.16,393.38,330.72,4120,100,-77.0,,,
1786741295244,2026-08-14 21:01:35,20.54,39.14,39.72,23.9,22.36,22.29,441.2,393.28,330.66,4120,100,,,,
1786741895569,2026-08-14 21:11:35,20.52,39.11,39.69,24.01,22.19,22.33,441.2,393.18,330.6,4121,100,,,,
1786742496047,2026-08-14 21:21:36,20.53,39.12,39.67,24.12,21.83,22.46,441.23,393.12,330.57,4119,100,,,,
1786743096529,2026-08-14 21:31:36,20.5,39.03,39.63,24.26,22.46,22.53,441.23,393.02,330.51,4122,100,,,,
1786743697008,2026-08-14 21:41:37,20.5,38.98,39.68,24.26,22.73,21.76,441.23,392.95,330.48,4119,100,,,,
1786744297724,2026-08-14 21:51:37,20.48,38.98,39.62,24.33,22.5,22.43,441.23,392.89,330.45,4122,100,,,,
1786744898208,2026-08-14 22:01:38,20.48,38.93,39.58,24.36,22.8,22.7,441.23,392.82,330.42,4120,100,,,,
1786745494608,2026-08-14 22:11:34,20.47,38.91,39.56,24.4,22.94,22.73,441.23,392.79,330.39,4120,100,-78.0,,,
1786755534846,2026-08-15 00:58:54,20.44,38.92,39.55,24.4,22.56,22.73,441.2,392.73,330.36,4118,100,,,,
1786756135327,2026-08-15 01:08:55,20.44,38.84,39.51,24.4,23.11,22.87,441.2,392.66,330.3,4119,100,,,,
1786756735808,2026-08-15 01:18:55,20.4,38.82,39.5,24.43,23.11,22.83,441.16,392.6,330.27,4120,100,,,,
1786757336286,2026-08-15 01:28:56,20.4,38.81,39.49,24.43,23.04,22.83,441.16,392.56,330.24,4120,100,,,,
1786757936948,2026-08-15 01:38:56,20.37,38.83,39.46,24.4,22.6,22.94,441.13,392.5,330.21,4116,100,,,,
1786758537307,2026-08-15 01:48:57,20.35,38.81,39.45,24.36,22.53,22.9,441.09,392.43,330.17,4120,100,,,,
1786759137726,2026-08-15 01:58:57,20.32,38.71,39.41,24.33,23.38,23.11,441.06,392.37,330.11,4118,100,,,,
1786759734448,2026-08-15 02:08:54,20.33,38.71,39.39,24.29,23.14,23.18,441.06,392.3,330.08,4119,100,-81.0,,,
1786769878330,2026-08-15 04:57:58,20.32,38.67,39.36,24.19,23.38,23.35,441.02,392.27,330.05,4120,100,,,,
1786770478916,2026-08-15 05:07:58,20.29,38.64,39.36,24.19,23.49,23.14,440.99,392.21,330.02,4116,100,,,,
1786771079513,2026-08-15 05:17:59,20.28,38.61,39.33,24.12,23.56,23.21,440.96,392.14,329.96,4115,100,,,,
1786771680131,2026-08-15 05:28:00,20.24,38.64,39.33,24.12,22.83,23.0,440.92,392.07,329.93,4118,100,,,,
1786772280753,2026-08-15 05:38:00,20.23,38.55,39.29,24.05,23.63,23.28,440.89,392.01,329.9,4123,100,,,,
1786772881315,2026-08-15 05:48:01,20.21,38.59,39.27,23.97,22.94,23.18,440.85,391.94,329.84,4118,100,,,,
1786773482050,2026-08-15 05:58:02,20.19,38.53,39.24,23.94,23.35,23.45,440.82,391.88,329.81,4116,100,,,,
1786774077792,2026-08-15 06:07:57,20.18,38.51,39.21,23.83,23.21,23.45,440.79,391.81,329.75,4120,100,12.0,,,
1786784232609,2026-08-15 08:57:12,20.16,38.44,39.18,23.76,23.76,23.49,440.75,391.75,329.69,4122,100,,,,
1786784833090,2026-08-15 09:07:13,20.14,38.4,39.11,23.7,23.83,23.8,440.72,391.65,329.6,4120,100,,,,
1786785433568,2026-08-15 09:17:13,20.11,38.4,39.09,23.66,23.42,23.52,440.68,391.55,329.51,4120,100,,,,
1786786034186,2026-08-15 09:27:14,20.08,38.37,39.02,23.7,23.18,23.56,440.65,391.42,329.35,4121,100,,,,
1786786634768,2026-08-15 09:37:14,20.09,38.23,38.94,23.63,24.19,23.56,440.65,391.29,329.2,4123,100,,,,
1786787235249,2026-08-15 09:47:15,20.09,38.25,38.87,23.66,23.18,23.56,440.65,391.13,329.05,4119,100,,,,
1786787835727,2026-08-15 09:57:15,20.11,38.19,38.79,23.7,23.35,23.66,440.68,391.0,328.9,4120,100,,,,
1786788432209,2026-08-15 10:07:12,20.09,38.08,38.71,23.76,23.94,23.76,440.68,390.84,328.74,4122,100,-70.0,-94.0,-18.0,-10.0
1786798592597,2026-08-15 12:56:32,20.09,38.06,38.64,23.8,23.45,23.7,440.68,390.68,328.59,4127,100,,,,
1786799193391,2026-08-15 13:06:33,20.07,37.87,38.56,23.87,23.97,23.7,440.68,390.51,328.41,4120,100,,,,
1786799794213,2026-08-15 13:16:34,20.05,37.71,38.46,23.97,24.01,23.7,440.68,390.35,328.2,4121,100,,,,
1786800394856,2026-08-15 13:26:34,20.04,37.52,38.39,24.01,24.05,23.42,440.68,390.15,328.02,4126,100,,,,
1786800995491,2026-08-15 13:36:35,20.02,37.34,38.33,24.12,24.05,22.94,440.68,389.96,327.8,4123,100,,,,
1786801596174,2026-08-15 13:46:36,20.03,37.16,38.15,24.22,24.05,23.8,440.72,389.76,327.59,4122,100,,,,
1786802196956,2026-08-15 13:56:36,20.01,37.14,38.05,24.33,23.42,23.94,440.72,389.6,327.41,4120,100,,,,
1786802792010,2026-08-15 14:06:32,19.99,36.82,37.88,24.43,24.15,23.94,440.72,389.41,327.2,4123,100,21.0,,,
1786812959883,2026-08-15 16:55:59,19.97,36.64,37.61,24.54,24.12,23.97,440.72,389.21,326.98,4119,100,,,,
1786813560368,2026-08-15 17:06:00,19.94,36.59,37.47,24.65,23.63,24.01,440.72,389.05,326.86,4120,100,,,,
1786814160848,2026-08-15 17:16:00,19.92,36.32,37.47,24.76,24.26,23.49,440.72,388.89,326.77,4122,100,,,,
1786814761330,2026-08-15 17:26:01,19.9,36.22,37.28,24.86,24.29,23.9,440.72,388.79,326.68,4115,100,,,,
1786815361855,2026-08-15 17:36:01,19.88,36.12,37.2,24.93,24.33,24.12,440.72,388.69,326.65,4117,100,,,,
1786815962288,2026-08-15 17:46:02,19.84,36.02,37.16,24.97,24.4,23.97,440.68,388.6,326.59,4121,100,,,,
1786816562771,2026-08-15 17:56:02,19.84,35.96,37.1,24.97,24.4,24.12,440.68,388.53,326.56,4120,100,,,,
1786817159483,2026-08-15 18:05:59,19.79,35.98,37.04,25.08,23.83,24.05,440.65,388.43,326.5,4118,100,-78.0,-140.0,-3.0,
1786827186576,2026-08-15 20:53:06,19.74,35.83,36.99,25.12,24.33,24.15,440.61,388.37,326.47,4118,100,,,,
1786827786983,2026-08-15 21:03:06,19.75,35.72,37.0,25.08,24.54,24.08,440.61,388.3,326.47,4118,100,,,,
1786828387266,2026-08-15 21:13:07,19.71,35.68,36.99,25.12,24.47,23.97,440.58,388.24,326.44,4119,100,,,,
1786828987728,2026-08-15 21:23:07,19.69,35.91,36.94,25.12,23.21,24.05,440.55,388.21,326.41,4117,100,,,,
1786829588209,2026-08-15 21:33:08,19.64,35.58,37.02,25.15,24.61,23.63,440.51,388.17,326.41,4118,100,,,,
1786830188689,2026-08-15 21:43:08,19.63,35.59,36.89,25.08,24.43,24.12,440.48,388.14,326.38,4119,100,,,,
1786830789167,2026-08-15 21:53:09,19.64,35.59,36.83,25.04,24.33,24.4,440.48,388.11,326.38,4120,100,,,,
1786831386477,2026-08-15 22:03:06,19.58,35.59,36.85,25.12,24.19,24.15,440.44,388.08,326.35,4120,100,-73.0,,,
1786841415289,2026-08-16 00:50:15,19.57,35.53,36.84,25.04,24.29,24.19,440.41,388.04,326.35,4117,100,,,,
1786842015730,2026-08-16 01:00:15,19.56,35.49,36.79,24.97,24.33,24.26,440.38,388.01,326.32,4118,100,,,,
1786842616228,2026-08-16 01:10:16,19.52,35.47,36.8,24.97,24.33,24.22,440.34,387.98,326.32,4113,100,,,,
1786843216687,2026-08-16 01:20:16,19.5,35.42,36.73,24.93,24.43,24.36,440.31,387.95,326.29,4121,100,,,,
1786843817412,2026-08-16 01:30:17,19.49,35.43,36.74,24.83,24.19,24.33,440.27,387.91,326.29,4118,100,,,,
1786844418083,2026-08-16 01:40:18,19.44,35.27,36.76,24.9,24.83,24.22,440.24,387.88,326.29,4115,100,,,,
1786845018367,2026-08-16 01:50:18,19.45,35.22,36.7,24.76,24.97,24.29,440.21,387.85,326.25,4118,100,,,,
1786845614845,2026-08-16 02:00:14,19.42,35.38,36.69,24.72,24.05,24.36,440.17,387.82,326.25,4117,100,-80.0,,,
1786855645089,2026-08-16 04:47:25,19.39,35.18,36.66,24.72,24.86,24.33,440.14,387.78,326.22,4117,100,,,,
1786856245567,2026-08-16 04:57:25,19.37,35.21,36.65,24.65,24.58,24.36,440.1,387.75,326.22,4117,100,,,,
1786856846045,2026-08-16 05:07:26,19.35,35.24,36.66,24.61,24.26,24.15,440.07,387.72,326.19,4118,100,,,,
1786857446527,2026-08-16 05:17:26,19.33,35.24,36.69,24.51,24.15,24.01,440.03,387.69,326.19,4117,100,,,,
1786858047005,2026-08-16 05:27:27,19.31,35.08,36.68,24.47,24.76,24.05,440.0,387.65,326.19,4119,100,,,,
1786858647486,2026-08-16 05:37:27,19.3,35.19,36.56,24.4,24.08,24.47,439.97,387.62,326.16,4118,100,,,,
1786859247967,2026-08-16 05:47:27,19.27,35.15,36.57,24.36,24.15,24.4,439.93,387.59,326.16,4117,100,,,,
1786859844686,2026-08-16 05:57:24,19.26,34.94,36.54,24.29,24.83,24.4,439.9,387.52,326.13,4115,100,-78.0,,,
1786861695166,2026-08-16 06:28:15,19.23,34.93,36.49,24.26,24.76,24.47,439.86,387.49,326.1,4117,100,-78.0,,,
1786871709567,2026-08-16 09:15:09,19.21,34.86,36.44,24.19,24.83,24.54,439.83,387.43,326.07,4123,100,,,,
1786872310046,2026-08-16 09:25:10,19.18,34.78,36.4,24.19,24.9,24.4,439.8,387.36,326.01,4123,100,,,,
1786872910529,2026-08-16 09:35:10,19.16,34.91,36.33,24.15,24.01,24.43,439.76,387.3,325.95,4118,100,,,,
1786873511007,2026-08-16 09:45:11,19.17,34.83,36.18,24.08,23.97,24.61,439.76,387.2,325.86,4120,100,,,,
1786874111487,2026-08-16 09:55:11,19.14,34.57,36.11,24.08,24.76,24.47,439.73,387.1,325.77,4123,100,,,,
1786874711970,2026-08-16 10:05:11,19.14,34.62,35.93,24.08,24.12,24.51,439.73,387.01,325.62,4121,100,,,,
1786875312458,2026-08-16 10:15:12,19.13,34.46,35.8,24.12,24.33,24.47,439.73,386.88,325.5,4122,100,,,,
1786875909168,2026-08-16 10:25:09,19.13,34.3,35.83,24.15,24.65,23.45,439.73,386.78,325.35,4121,100,-74.0,,,
1786885942052,2026-08-16 13:12:22,19.14,34.18,35.4,24.22,24.65,24.68,439.76,386.65,325.19,4124,100,,,,
1786886542527,2026-08-16 13:22:22,19.16,34.06,35.24,24.29,24.68,24.58,439.8,386.52,325.04,4123,100,,,,
1786887143008,2026-08-16 13:32:23,19.16,33.93,35.06,24.43,24.72,24.65,439.83,386.39,324.89,4125,100,,,,
1786887743486,2026-08-16 13:42:23,19.17,33.76,34.92,24.54,24.83,24.47,439.86,386.23,324.74,4121,100,,,,
1786888343968,2026-08-16 13:52:23,19.17,33.64,34.72,24.68,24.83,24.58,439.9,386.1,324.59,4122,100,,,,
1786888944450,2026-08-16 14:02:24,19.17,33.82,34.5,24.83,23.38,24.83,439.93,385.97,324.44,4122,100,,,,
1786889544930,2026-08-16 14:12:24,19.14,33.44,34.34,24.97,24.68,24.58,439.93,385.84,324.26,4119,100,,,,
1786890141649,2026-08-16 14:22:21,19.15,33.26,34.17,25.08,24.83,24.68,439.97,385.68,324.13,4120,100,-76.0,,,
1786900319854,2026-08-16 17:11:59,19.12,33.08,34.06,25.22,25.12,24.4,439.97,385.55,323.98,4121,100,,,,
1786900920385,2026-08-16 17:22:00,19.09,33.13,33.81,25.37,24.29,24.79,439.97,385.42,323.83,4120,100,,,,
1786901520985,2026-08-16 17:32:00,19.07,32.88,33.71,25.48,24.83,24.58,439.97,385.26,323.71,4120,100,,,,
1786902121567,2026-08-16 17:42:01,19.04,32.91,33.57,25.59,24.33,24.61,439.97,385.19,323.59,4119,100,,,,
1786902722206,2026-08-16 17:52:02,19.03,32.78,33.43,25.66,24.26,24.76,439.97,385.03,323.5,4121,100,,,,
1786903322786,2026-08-16 18:02:02,19.0,32.69,33.3,25.81,24.43,24.9,439.97,384.97,323.41,4119,100,,,,
1786903923368,2026-08-16 18:12:03,18.95,32.48,33.26,25.85,25.04,24.76,439.93,384.87,323.35,4121,100,,,,
1786904519244,2026-08-16 18:21:59,18.94,32.44,33.25,25.92,24.9,24.65,439.93,384.8,323.32,4122,100,14.0,,,
1786914743408,2026-08-16 21:12:23,18.9,32.32,33.19,25.96,25.12,24.61,439.9,384.71,323.26,4119,100,,,,
1786915343887,2026-08-16 21:22:23,18.86,32.29,33.14,25.96,25.12,24.68,439.86,384.68,323.23,4119,100,,,,
1786915944371,2026-08-16 21:32:24,18.83,32.21,33.1,25.96,25.19,24.68,439.83,384.61,323.2,4123,100,,,,
1786916544846,2026-08-16 21:42:24,18.78,32.19,33.05,26.07,25.15,24.76,439.8,384.58,323.17,4120,100,,,,
1786917145326,2026-08-16 21:52:25,18.76,32.2,33.15,25.99,24.97,24.26,439.76,384.55,323.17,4119,100,,,,
1786917745808,2026-08-16 22:02:25,18.73,32.06,33.01,25.99,25.33,24.79,439.73,384.48,323.14,4121,100,,,,
1786918346287,2026-08-16 22:12:26,18.71,32.15,33.0,25.92,24.76,24.68,439.69,384.45,323.11,4122,100,,,,
1786918943007,2026-08-16 22:22:23,18.68,32.01,32.98,25.92,25.33,24.79,439.66,384.42,323.11,4117,100,-81.0,,,10.0
1786928970366,2026-08-17 01:09:30,18.63,32.07,32.9,25.85,24.83,25.01,439.59,384.38,323.08,4114,100,,,,
1786929570846,2026-08-17 01:19:30,18.61,31.94,32.95,25.81,25.37,24.76,439.56,384.35,323.08,4120,100,,,,
1786930171578,2026-08-17 01:29:31,18.59,32.0,32.92,25.74,24.9,24.76,439.52,384.32,323.05,4120,100,,,,
1786930772048,2026-08-17 01:39:32,18.55,31.87,32.9,25.63,25.41,24.83,439.45,384.29,323.05,4126,100,,,,
1786931372528,2026-08-17 01:49:32,18.52,31.85,32.91,25.63,25.37,24.79,439.42,384.26,323.05,4120,100,,,,
1786931973008,2026-08-17 01:59:33,18.52,31.94,32.88,25.52,24.76,24.76,439.39,384.22,323.02,4116,100,,,,
1786932573487,2026-08-17 02:09:33,18.46,31.89,32.87,25.48,24.9,24.79,439.32,384.19,323.02,4119,100,,,,
1786933169969,2026-08-17 02:19:29,18.44,31.74,32.85,25.41,25.48,24.9,439.28,384.16,323.02,4118,100,-79.0,,,
1786943204364,2026-08-17 05:06:44,18.4,31.72,32.85,25.33,25.44,24.9,439.22,384.13,323.02,4120,100,,,,
1786943804847,2026-08-17 05:16:44,18.39,31.78,32.81,25.19,24.97,24.93,439.18,384.09,322.99,4119,100,,,,
1786944405329,2026-08-17 05:26:45,18.36,31.8,32.82,25.19,24.76,24.9,439.15,384.06,322.99,4120,100,,,,
1786945005808,2026-08-17 05:36:45,18.31,31.79,33.08,25.12,24.65,23.59,439.08,384.03,322.99,4116,100,,,,
1786945606288,2026-08-17 05:46:46,18.32,31.68,32.79,24.97,25.08,25.04,439.05,384.0,322.99,4115,100,,,,
1786946206766,2026-08-17 05:56:46,18.29,31.73,32.8,24.9,24.65,24.97,439.01,383.96,322.99,4118,100,,,,
1786946807248,2026-08-17 06:06:47,18.24,31.56,32.8,24.83,25.33,24.97,438.94,383.93,322.99,4116,100,,,,
1786947403968,2026-08-17 06:16:43,18.24,31.52,32.8,24.72,25.41,24.83,438.91,383.9,322.96,4116,100,-78.0,,,
1786957435248,2026-08-17 09:03:55,18.21,31.61,32.86,24.68,24.83,24.54,438.87,383.87,322.96,4120,100,,,,
1786958035728,2026-08-17 09:13:55,18.19,31.51,32.75,24.61,25.3,25.08,438.84,383.87,322.96,4119,100,,,,
1786958636215,2026-08-17 09:23:56,18.18,31.57,32.75,24.54,24.9,24.9,438.81,383.84,322.93,4119,100,,,,
1786959236960,2026-08-17 09:33:56,18.15,31.47,32.74,24.51,25.19,24.93,438.77,383.8,322.93,4115,100,,,,
1786959837408,2026-08-17 09:43:57,18.17,31.57,32.66,24.4,24.58,25.15,438.77,383.77,322.9,4122,100,,,,
1786960437898,2026-08-17 09:53:57,18.15,31.51,32.69,24.36,24.61,24.83,438.74,383.71,322.87,4122,100,,,,
1786961038372,2026-08-17 10:03:58,18.12,31.33,32.63,24.33,25.3,24.97,438.7,383.67,322.84,4123,100,,,,
1786961634849,2026-08-17 10:13:54,18.11,31.34,32.59,24.26,24.97,25.01,438.67,383.61,322.81,4120,100,-69.0,,,
1786971665088,2026-08-17 13:01:05,18.09,31.28,32.56,24.22,25.15,24.97,438.64,383.58,322.78,4123,100,,,,
1786972265568,2026-08-17 13:11:05,18.1,31.23,32.56,24.19,25.19,24.97,438.64,383.54,322.78,4120,100,,,,
1786972866059,2026-08-17 13:21:06,18.06,31.2,32.52,24.19,25.22,24.93,438.6,383.51,322.74,4122,100,,,,
1786973466529,2026-08-17 13:31:06,18.05,31.27,32.53,24.08,24.72,24.9,438.57,383.48,322.74,4123,100,,,,
1786974067009,2026-08-17 13:41:07,18.01,31.38,32.5,24.12,23.94,24.9,438.53,383.42,322.71,4124,100,,,,
1786974667490,2026-08-17 13:51:07,18.02,31.14,32.51,24.05,25.12,24.83,438.53,383.42,322.71,4124,100,,,,
1786975267969,2026-08-17 14:01:07,18.0,31.1,32.44,24.01,25.12,25.01,438.5,383.38,322.68,4121,100,,,,
1786975864611,2026-08-17 14:11:04,17.98,31.09,32.42,23.97,25.04,25.12,438.47,383.35,322.68,4124,100,-77.0,,,
1786985902209,2026-08-17 16:58:22,17.99,31.04,32.48,23.94,25.01,24.83,438.47,383.29,322.68,4124,100,,,,
1786986502689,2026-08-17 17:08:22,17.96,30.98,32.43,23.9,25.12,24.9,438.43,383.25,322.65,4125,100,,,,
1786987103169,2026-08-17 17:18:23,17.97,31.15,32.44,23.87,24.15,24.83,438.43,383.22,322.65,4124,100,,,,
1786987703648,2026-08-17 17:28:23,17.93,31.06,32.47,23.9,24.47,24.54,438.4,383.19,322.62,4121,100,,,,
1786988304129,2026-08-17 17:38:24,17.95,30.92,32.37,23.83,25.01,24.83,438.4,383.16,322.59,4123,100,,,,
1786988904609,2026-08-17 17:48:24,17.92,30.88,32.32,23.8,24.9,24.9,438.36,383.09,322.56,4121,100,,,,
1786989505096,2026-08-17 17:58:25,17.89,30.99,32.29,23.8,24.22,24.9,438.33,383.06,322.53,4119,100,,,,
1786990101731,2026-08-17 18:08:21,17.87,30.96,32.37,23.76,24.12,24.51,438.3,383.0,322.53,4121,100,-78.0,,,
1787000139410,2026-08-17 20:55:39,17.87,30.77,32.31,23.76,24.86,24.65,438.3,382.96,322.5,4122,100,,,,
1787000739890,2026-08-17 21:05:39,17.84,30.89,32.21,23.7,24.12,25.12,438.26,382.93,322.5,4122,100,,,,
1787001340377,2026-08-17 21:15:40,17.82,30.85,32.21,23.7,24.22,24.93,438.23,382.9,322.47,4124,100,,,,
1787001940850,2026-08-17 21:25:40,17.79,30.74,32.23,23.66,24.76,24.83,438.19,382.9,322.47,4125,100,,,,
1787002541329,2026-08-17 21:35:41,17.76,30.84,32.23,23.63,24.12,24.86,438.16,382.87,322.47,4121,100,,,,
1787003141808,2026-08-17 21:45:41,17.76,30.64,32.19,23.63,24.93,24.9,438.16,382.83,322.44,4122,100,,,,
1787003742289,2026-08-17 21:55:42,17.74,30.66,32.21,23.56,24.68,24.79,438.12,382.8,322.44,4122,100,,,,
1787004339039,2026-08-17 22:05:39,17.71,30.72,32.21,23.56,24.26,24.79,438.09,382.77,322.44,4122,100,-72.0,,,
1787014373969,2026-08-18 00:52:53,17.7,30.77,32.19,23.49,24.01,24.9,438.06,382.77,322.44,4122,100,,,,
1787014974448,2026-08-18 01:02:54,17.68,30.67,32.21,23.42,24.36,24.79,438.02,382.74,322.44,4120,100,,,,
1787015574931,2026-08-18 01:12:54,17.68,30.56,32.11,23.42,24.76,25.08,438.02,382.71,322.41,4123,100,,,,
1787016175408,2026-08-18 01:22:55,17.66,30.69,32.18,23.38,23.94,24.76,437.99,382.67,322.41,4122,100,,,,
1787016775890,2026-08-18 01:32:55,17.64,30.66,32.18,23.28,24.12,24.76,437.95,382.67,322.41,4123,100,,,,
1787017376370,2026-08-18 01:42:56,17.62,30.51,32.17,23.24,24.72,24.79,437.92,382.64,322.41,4120,100,,,,
1787017976851,2026-08-18 01:52:56,17.63,30.6,32.19,23.21,24.26,24.72,437.92,382.64,322.41,4120,100,,,,
1787018573568,2026-08-18 02:02:53,17.61,30.47,32.17,23.18,24.76,24.79,437.89,382.61,322.41,4121,100,-80.0,,,
1787028606691,2026-08-18 04:50:06,17.58,30.49,32.13,23.14,24.54,24.83,437.85,382.58,322.38,4121,100,,,,
1787029208928,2026-08-18 05:00:08,17.56,30.47,32.09,23.07,24.61,25.04,437.82,382.58,322.38,4120,100,,,,
1787029809405,2026-08-18 05:10:09,17.58,30.46,32.23,23.0,24.51,24.33,437.82,382.54,322.38,4118,100,,,,
1787030409889,2026-08-18 05:20:09,17.55,30.44,32.11,22.94,24.58,24.93,437.78,382.54,322.38,4121,100,,,,
1787031010369,2026-08-18 05:30:10,17.53,30.59,32.1,22.94,23.7,24.97,437.75,382.51,322.38,4122,100,,,,
1787031610850,2026-08-18 05:40:10,17.54,30.45,32.16,22.87,24.43,24.68,437.75,382.51,322.38,4121,100,,,,
1787032211326,2026-08-18 05:50:11,17.49,30.43,32.1,22.8,24.4,24.79,437.68,382.48,322.35,4120,100,,,,
1787032806227,2026-08-18 06:00:06,17.5,30.48,32.08,22.77,24.01,24.9,437.68,382.45,322.35,4123,100,-79.0,,,
1787034663729,2026-08-18 06:31:03,17.48,30.51,32.13,22.73,23.83,24.68,437.65,382.45,322.35,4115,100,-78.0,,,
1787044688848,2026-08-18 09:18:08,17.49,30.38,32.14,22.66,24.33,24.61,437.65,382.42,322.35,4121,100,,,,
1787045289328,2026-08-18 09:28:09,17.45,30.54,32.12,22.66,23.56,24.72,437.61,382.42,322.35,4125,100,,,,
1787045889809,2026-08-18 09:38:09,17.45,30.46,32.13,22.66,23.76,24.68,437.61,382.38,322.35,4119,100,,,,
1787046490288,2026-08-18 09:48:10,17.44,30.45,32.12,22.6,23.83,24.72,437.58,382.38,322.35,4121,100,,,,
1787047090768,2026-08-18 09:58:10,17.45,30.34,32.22,22.53,24.26,24.22,437.58,382.35,322.35,4122,100,,,,
1787047691248,2026-08-18 10:08:11,17.46,30.34,32.11,22.5,24.22,24.76,437.58,382.35,322.35,4124,100,,,,
1787048291728,2026-08-18 10:18:11,17.45,30.43,32.1,22.56,23.66,24.65,437.58,382.32,322.32,4124,100,,,,
1787048888448,2026-08-18 10:28:08,17.43,30.44,32.1,22.5,23.59,24.65,437.55,382.32,322.32,4122,100,-76.0,,,
1787058918614,2026-08-18 13:15:18,17.44,30.3,32.09,22.46,24.15,24.68,437.55,382.29,322.32,4120,100,,,,
1787059519086,2026-08-18 13:25:19,17.44,30.44,32.11,22.46,23.49,24.58,437.55,382.29,322.32,4126,100,,,,
1787060119575,2026-08-18 13:35:19,17.4,30.4,32.11,22.46,23.49,24.58,437.51,382.25,322.32,4123,100,,,,
1787060720048,2026-08-18 13:45:20,17.45,30.3,32.11,22.43,23.97,24.61,437.55,382.25,322.32,4120,100,,,,
1787061320528,2026-08-18 13:55:20,17.44,30.28,32.38,22.46,24.08,23.24,437.55,382.25,322.32,4125,100,,,,
1787061921005,2026-08-18 14:05:21,17.45,30.24,32.09,22.43,24.15,24.54,437.55,382.22,322.29,4125,100,,,,
1787062521486,2026-08-18 14:15:21,17.4,30.39,32.11,22.46,23.42,24.4,437.51,382.22,322.29,4124,100,,,,
1787063118206,2026-08-18 14:25:18,17.4,30.27,32.09,22.46,23.87,24.54,437.51,382.19,322.29,4122,100,-76.0,,,
1787073152047,2026-08-18 17:12:32,17.4,30.35,32.09,22.46,23.49,24.51,437.51,382.19,322.29,4123,100,,,,
1787073752595,2026-08-18 17:22:32,17.42,30.36,32.09,22.39,23.42,24.54,437.51,382.19,322.29,4121,100,,,,
1787074353139,2026-08-18 17:32:33,17.41,30.17,32.1,22.43,24.22,24.47,437.51,382.16,322.29,4123,100,,,,
1787074953497,2026-08-18 17:42:33,17.4,30.22,32.19,22.46,23.97,24.05,437.51,382.16,322.29,4121,100,,,,
1787075554000,2026-08-18 17:52:34,17.4,30.21,32.1,22.46,24.01,24.47,437.51,382.16,322.29,4123,100,,,,
1787076154496,2026-08-18 18:02:34,17.4,30.22,32.11,22.46,23.97,24.43,437.51,382.16,322.29,4124,100,,,,
1787076754930,2026-08-18 18:12:34,17.4,30.18,32.2,22.46,23.97,23.97,437.51,382.12,322.29,4125,100,,,,
1787077351782,2026-08-18 18:22:31,17.4,30.21,32.07,22.46,23.83,24.47,437.51,382.12,322.26,4122,100,-76.0,,,
1787087380048,2026-08-18 21:09:40,17.4,30.27,32.07,22.46,23.56,24.47,437.51,382.12,322.26,4121,100,,,,
1787087980928,2026-08-18 21:19:40,17.38,30.33,32.09,22.43,23.24,24.33,437.48,382.12,322.26,4124,100,,,,
1787088581176,2026-08-18 21:29:41,17.38,30.15,32.09,22.43,24.01,24.36,437.48,382.09,322.26,4117,100,,,,
1787089181590,2026-08-18 21:39:41,17.38,30.27,32.08,22.43,23.42,24.4,437.48,382.09,322.26,4119,100,,,,
1787089781969,2026-08-18 21:49:41,17.38,30.19,32.05,22.43,23.8,24.36,437.48,382.09,322.23,4122,100,,,,
1787090382446,2026-08-18 21:59:42,17.35,30.25,32.05,22.39,23.38,24.36,437.44,382.06,322.23,4122,100,,,,
1787090982928,2026-08-18 22:09:42,17.35,30.28,32.04,22.39,23.21,24.43,437.44,382.06,322.23,4125,100,,,,
1787091579568,2026-08-18 22:19:39,17.32,30.28,32.05,22.39,23.21,24.36,437.41,382.06,322.23,4124,100,-79.0,,,
1787101611733,2026-08-19 01:06:51,17.33,30.13,32.05,22.36,23.83,24.4,437.41,382.03,322.23,4122,100,,,,
1787102212211,2026-08-19 01:16:52,17.33,30.12,32.01,22.36,23.87,24.4,437.41,382.03,322.2,4120,100,,,,
1787102812688,2026-08-19 01:26:52,17.34,30.26,32.02,22.33,23.18,24.36,437.41,382.03,322.2,4121,100,,,,
1787103413169,2026-08-19 01:36:53,17.32,30.12,32.02,22.29,23.76,24.36,437.38,382.0,322.2,4122,100,,,,
1787104013650,2026-08-19 01:46:53,17.32,30.12,32.03,22.26,23.76,24.33,437.38,382.0,322.2,4122,100,,,,
1787104614128,2026-08-19 01:56:54,17.32,30.12,32.04,22.26,23.76,24.26,437.38,382.0,322.2,4122,100,,,,
1787105214609,2026-08-19 02:06:54,17.32,30.15,32.01,22.26,23.59,24.43,437.38,382.0,322.2,4119,100,,,,
1787105811330,2026-08-19 02:16:51,17.29,30.07,32.03,22.23,23.83,24.33,437.34,381.96,322.2,4121,100,-79.0,,,
1787115842765,2026-08-19 05:04:02,17.3,30.19,31.96,22.19,23.21,24.47,437.34,381.96,322.17,4122,100,,,,
1787116443246,2026-08-19 05:14:03,17.31,30.02,32.03,22.16,24.05,24.15,437.34,381.96,322.17,4120,100,,,,
1787117043726,2026-08-19 05:24:03,17.28,30.2,32.08,22.16,23.18,23.87,437.31,381.96,322.17,4119,100,,,,
1787117644207,2026-08-19 05:34:04,17.28,30.18,31.98,22.16,23.14,24.36,437.31,381.93,322.17,4123,100,,,,
1787118244698,2026-08-19 05:44:04,17.28,30.12,32.0,22.13,23.45,24.29,437.31,381.93,322.17,4120,100,,,,
1787118845166,2026-08-19 05:54:05,17.32,30.09,32.05,22.09,23.56,24.05,437.34,381.93,322.17,4122,100,,,,
1787119445647,2026-08-19 06:04:05,17.32,30.49,32.07,22.09,21.63,24.12,437.34,381.93,322.2,4120,100,,,,
1787120042368,2026-08-19 06:14:02,17.3,30.07,32.05,22.06,23.7,24.22,437.31,381.93,322.2,4121,100,-78.0,,,
1787130074446,2026-08-19 09:01:14,17.28,30.21,32.05,21.99,23.0,24.19,437.27,381.93,322.2,4121,100,,,,
1787130674929,2026-08-19 09:11:14,17.26,30.07,32.07,22.06,23.56,24.12,437.27,381.9,322.2,4123,100,,,,
1787131275407,2026-08-19 09:21:15,17.28,30.03,32.05,21.99,23.76,24.19,437.27,381.9,322.2,4120,100,,,,
1787131875886,2026-08-19 09:31:15,17.28,30.05,32.04,21.99,23.63,24.26,437.27,381.9,322.2,4118,100,,,,
1787132476370,2026-08-19 09:41:16,17.28,30.12,32.07,21.96,23.28,24.12,437.27,381.9,322.2,4115,100,,,,
1787133076846,2026-08-19 09:51:16,17.28,30.07,32.07,21.96,23.52,24.12,437.27,381.9,322.2,4122,100,,,,
1787133677329,2026-08-19 10:01:17,17.3,30.11,32.05,21.89,23.21,24.19,437.27,381.87,322.2,4123,100,,,,
1787134274049,2026-08-19 10:11:14,17.29,30.18,32.07,21.93,22.87,24.12,437.27,381.87,322.2,4122,100,-71.0,,,
1787144305815,2026-08-19 12:58:25,17.34,30.19,32.06,21.89,22.83,24.15,437.31,381.87,322.2,4125,100,,,,
1787144906530,2026-08-19 13:08:26,17.33,30.04,32.05,21.93,23.56,24.05,437.31,381.87,322.17,4122,100,,,,
1787145507011,2026-08-19 13:18:27,17.34,30.03,32.01,21.89,23.59,24.26,437.31,381.87,322.17,4122,100,,,,
1787146107492,2026-08-19 13:28:27,17.37,30.14,32.01,21.86,22.87,24.22,437.34,381.83,322.17,4121,100,,,,
1787146707970,2026-08-19 13:38:27,17.36,30.0,32.03,21.89,23.56,24.12,437.34,381.83,322.17,4124,100,,,,
1787147308451,2026-08-19 13:48:28,17.4,30.16,32.01,21.89,22.8,24.05,437.38,381.83,322.14,4121,100,,,,
1787147908939,2026-08-19 13:58:28,17.4,30.05,32.02,21.89,23.21,24.01,437.38,381.8,322.14,4121,100,,,,
1787148505407,2026-08-19 14:08:25,17.42,30.09,32.06,21.93,23.0,23.63,437.41,381.8,322.11,4123,100,-78.0,,,
1787158539888,2026-08-19 16:55:39,17.42,30.1,31.98,21.93,22.8,24.05,437.41,381.77,322.11,4124,100,,,,
1787159140385,2026-08-19 17:05:40,17.44,29.98,31.98,21.99,23.42,24.05,437.44,381.77,322.11,4123,100,,,,
1787159741088,2026-08-19 17:15:41,17.44,30.13,32.01,21.96,22.66,23.9,437.44,381.77,322.11,4123,100,,,,
1787160341571,2026-08-19 17:25:41,17.43,29.95,31.94,22.03,23.42,24.08,437.44,381.74,322.08,4128,100,,,,
1787160942052,2026-08-19 17:35:42,17.48,30.04,32.04,21.96,22.97,23.76,437.48,381.74,322.11,4124,100,,,,
1787161542530,2026-08-19 17:45:42,17.47,29.96,32.03,22.03,23.38,23.97,437.48,381.74,322.14,4119,100,,,,
1787162143011,2026-08-19 17:55:43,17.5,30.09,32.15,21.99,22.87,24.05,437.51,381.77,322.26,4125,100,,,,
1787162739489,2026-08-19 18:05:39,17.51,30.12,32.42,21.96,22.73,24.08,437.51,381.77,322.5,4125,100,-74.0,,,
1787172767330,2026-08-19 20:52:47,17.5,29.96,32.93,22.03,23.52,24.19,437.51,381.77,322.96,4122,100,,,,
1787173367809,2026-08-19 21:02:47,17.52,30.12,37.61,21.93,23.0,23.49,437.51,381.83,326.89,4125,100,,,,
1787173968288,2026-08-19 21:12:48,17.55,30.3,39.12,21.96,22.87,24.05,437.55,382.0,329.66,4124,100,,,,
1787174568773,2026-08-19 21:22:48,17.55,30.79,39.59,21.93,22.87,24.05,437.55,382.54,330.69,4125,100,,,,
1787175169329,2026-08-19 21:32:49,17.58,31.29,39.8,21.93,23.35,23.94,437.58,383.19,331.12,4122,100,,,,
1787175769727,2026-08-19 21:42:49,17.62,31.84,39.89,21.89,23.21,24.01,437.61,383.77,331.33,4122,100,,,,
1787176370207,2026-08-19 21:52:50,17.66,32.3,40.01,21.86,23.56,23.14,437.65,384.35,331.46,4123,100,,,,
1787176966931,2026-08-19 22:02:46,17.71,32.88,39.98,21.79,23.31,24.12,437.68,384.93,331.55,4120,100,-79.0,,,
1787187001488,2026-08-20 00:50:01,17.75,33.51,40.0,21.76,22.56,24.01,437.72,385.45,331.58,4122,100,,,,
1787187601967,2026-08-20 01:00:01,17.8,33.8,40.03,21.69,23.35,23.97,437.75,385.94,331.64,4126,100,,,,
1787188202442,2026-08-20 01:10:02,17.82,34.19,40.02,21.73,23.31,24.12,437.78,386.36,331.64,4122,100,,,,
1787188802931,2026-08-20 01:20:02,17.9,34.61,40.04,21.63,23.0,24.05,437.85,386.75,331.67,4121,100,,,,
1787189403407,2026-08-20 01:30:03,17.94,35.03,40.07,21.63,22.53,23.76,437.89,387.1,331.7,4123,100,,,,
1787190003891,2026-08-20 01:40:03,18.01,35.21,40.05,21.59,23.11,23.97,437.95,387.43,331.7,4122,100,,,,
1787190604371,2026-08-20 01:50:04,18.1,35.53,40.08,21.46,22.73,23.83,438.02,387.69,331.73,4123,100,,,,
1787191201088,2026-08-20 02:00:01,18.16,35.77,40.07,21.5,22.73,23.94,438.09,387.95,331.73,4122,100,-80.0,,,
1787201234048,2026-08-20 04:47:14,18.24,35.98,40.08,21.43,22.66,23.97,438.16,388.17,331.76,4127,100,,,,
1787201834526,2026-08-20 04:57:14,18.3,36.1,40.08,21.46,23.0,23.94,438.23,388.37,331.76,4123,100,,,,
1787202435009,2026-08-20 05:07:15,18.39,36.19,40.1,21.36,23.24,23.9,438.3,388.53,331.79,4120,100,,,,
1787203035490,2026-08-20 05:17:15,18.45,36.36,40.13,21.33,23.14,23.52,438.36,388.69,331.79,4120,100,,,,
1787203635968,2026-08-20 05:27:15,18.51,36.57,40.11,21.33,22.73,23.8,438.43,388.82,331.79,4119,100,,,,
1787204236449,2026-08-20 05:37:16,18.59,36.71,40.12,21.27,22.63,23.8,438.5,388.95,331.82,4123,100,,,,
1787204836926,2026-08-20 05:47:16,18.65,36.71,40.12,21.3,23.18,23.8,438.57,389.08,331.82,4120,100,,,,
1787205433570,2026-08-20 05:57:13,18.73,37.03,40.22,21.23,21.96,22.56,438.64,389.15,331.82,4120,100,-78.0,,,
1787215464849,2026-08-20 08:44:24,18.77,36.87,40.22,21.2,23.11,22.5,438.67,389.24,331.82,4125,100,,,,
1787216065328,2026-08-20 08:54:25,18.85,37.07,40.1,21.14,22.6,24.12,438.74,389.34,331.82,4120,100,,,,
1787216665807,2026-08-20 09:04:25,18.87,37.03,40.12,21.17,23.11,23.83,438.77,389.41,331.82,4126,100,,,,
1787217266292,2026-08-20 09:14:26,18.94,37.05,40.11,21.14,23.14,23.76,438.84,389.44,331.79,4121,100,,,,
1787217866768,2026-08-20 09:24:26,19.0,37.21,40.12,21.14,22.66,23.7,438.91,389.5,331.79,4121,100,,,,
1787218467250,2026-08-20 09:34:27,19.03,37.21,40.11,21.14,22.66,23.73,438.94,389.5,331.79,4122,100,,,,
1787219067727,2026-08-20 09:44:27,19.11,37.18,40.09,21.1,22.97,23.9,439.01,389.54,331.76,4126,100,,,,
1787219664448,2026-08-20 09:54:24,19.16,37.31,40.08,21.14,22.46,23.76,439.08,389.57,331.73,4119,100,-70.0,,,
1787229692769,2026-08-20 12:41:32,19.18,37.13,40.08,21.17,23.35,23.63,439.11,389.57,331.7,4120,100,,,,
1787230293246,2026-08-20 12:51:33,19.24,37.24,40.06,21.2,22.8,23.76,439.18,389.57,331.67,4121,100,,,,
1787230893726,2026-08-20 13:01:33,19.29,37.14,40.06,21.27,23.31,23.59,439.25,389.57,331.64,4124,100,,,,
1787231494207,2026-08-20 13:11:34,19.31,37.16,40.02,21.33,23.07,23.7,439.28,389.54,331.58,4121,100,,,,
1787232094893,2026-08-20 13:21:34,19.35,37.32,40.0,21.43,22.29,23.63,439.35,389.54,331.52,4120,100,,,,
1787232695205,2026-08-20 13:31:35,19.38,37.16,39.97,21.59,22.9,23.63,439.42,389.5,331.46,4121,100,,,,
1787233295646,2026-08-20 13:41:35,19.4,37.04,39.93,21.66,23.31,23.8,439.45,389.47,331.39,4121,100,,,,
1787233892367,2026-08-20 13:51:32,19.43,37.09,39.92,21.79,22.97,23.63,439.52,389.44,331.33,4122,100,-78.0,,,
1787243926050,2026-08-20 16:38:46,19.46,37.09,39.87,21.86,22.97,23.83,439.56,389.44,331.27,4120,100,,,,
1787244526529,2026-08-20 16:48:46,19.46,37.25,39.87,21.96,22.19,23.66,439.59,389.44,331.24,4120,100,,,,
1787245127008,2026-08-20 16:58:47,19.47,37.05,39.86,22.06,23.0,23.63,439.62,389.41,331.21,4120,100,,,,
1787245727487,2026-08-20 17:08:47,19.48,37.16,39.84,22.19,22.5,23.56,439.66,389.41,331.15,4122,100,,,,
1787246328206,2026-08-20 17:18:48,19.5,37.08,39.83,22.23,22.87,23.59,439.69,389.41,331.12,4123,100,,,,
1787246928686,2026-08-20 17:28:48,19.49,37.18,39.81,22.29,22.36,23.56,439.69,389.41,331.09,4128,100,,,,
1787247529166,2026-08-20 17:38:49,19.47,37.05,39.78,22.36,23.0,23.8,439.69,389.41,331.06,4119,100,,,,
1787248125650,2026-08-20 17:48:45,19.51,37.05,39.81,22.36,23.0,23.28,439.73,389.41,331.03,4120,100,-72.0,,,
1787258159250,2026-08-20 20:35:59,19.51,37.11,39.81,22.36,22.73,23.14,439.73,389.41,331.0,4122,100,,,,
1787258759726,2026-08-20 20:45:59,19.49,37.16,39.76,22.46,22.46,23.52,439.73,389.41,330.97,4120,100,,,,
1787259360209,2026-08-20 20:56:00,19.5,37.05,39.73,22.39,23.14,23.9,439.73,389.44,330.97,4122,100,,,,
1787259960688,2026-08-20 21:06:00,19.45,37.04,39.76,22.46,23.18,23.56,439.69,389.44,330.97,4123,100,,,,
1787260561167,2026-08-20 21:16:01,19.46,37.09,39.74,22.43,23.07,23.63,439.69,389.47,330.94,4124,100,,,,
1787261161653,2026-08-20 21:26:01,19.45,37.2,39.75,22.46,22.56,23.49,439.69,389.47,330.94,4123,100,,,,
1787261762127,2026-08-20 21:36:02,19.47,37.26,39.75,22.39,22.39,23.56,439.69,389.5,330.94,4122,100,,,,
1787262358848,2026-08-20 21:45:58,19.44,37.26,39.74,22.39,22.39,23.59,439.66,389.5,330.94,4124,100,-76.0,,,
1787272387649,2026-08-21 00:33:07,19.41,37.11,39.74,22.33,23.14,23.59,439.62,389.5,330.94,4119,100,,,,
1787272988129,2026-08-21 00:43:08,19.41,37.14,39.76,22.33,23.14,23.45,439.62,389.54,330.94,4120,100,,,,
1787273588608,2026-08-21 00:53:08,19.4,37.14,39.78,22.26,23.14,23.14,439.59,389.54,330.94,4120,100,,,,
1787274189087,2026-08-21 01:03:09,19.38,37.13,39.75,22.23,23.21,23.56,439.56,389.54,330.94,4120,100,,,,
1787274789570,2026-08-21 01:13:09,19.39,37.19,39.75,22.16,22.9,23.49,439.56,389.54,330.94,4122,100,,,,
1787275390048,2026-08-21 01:23:10,19.36,37.12,39.76,22.13,23.24,23.42,439.52,389.54,330.94,4120,100,,,,
1787275990528,2026-08-21 01:33:10,19.35,37.28,39.76,22.06,22.46,23.42,439.49,389.54,330.94,4122,100,,,,
1787276587249,2026-08-21 01:43:07,19.33,37.23,39.75,21.99,22.73,23.52,439.45,389.54,330.94,4125,100,-80.0,,,
1787286613650,2026-08-21 04:30:13,19.32,37.23,39.76,21.89,22.7,23.42,439.42,389.54,330.94,4122,100,,,,
1787287214130,2026-08-21 04:40:14,19.31,37.52,39.74,21.83,21.3,23.63,439.39,389.54,330.94,4122,100,,,,
1787287814611,2026-08-21 04:50:14,19.32,37.14,39.75,21.76,23.18,23.56,439.39,389.54,330.94,4117,100,,,,
1787288415438,2026-08-21 05:00:15,19.3,37.23,39.74,21.69,22.73,23.45,439.35,389.54,330.91,4120,100,,,,
1787289015808,2026-08-21 05:10:15,19.29,37.25,39.74,21.59,22.6,23.45,439.32,389.54,330.91,4119,100,,,,
1787289616290,2026-08-21 05:20:16,19.3,37.15,39.73,21.56,23.11,23.63,439.32,389.54,330.91,4123,100,,,,
1787290216768,2026-08-21 05:30:16,19.28,37.3,39.74,21.46,22.39,23.52,439.28,389.54,330.91,4117,100,,,,
1787290813250,2026-08-21 05:40:13,19.27,37.16,39.73,21.4,23.07,23.56,439.25,389.54,330.91,4122,100,-78.0,,,
1787300837256,2026-08-21 08:27:17,19.27,37.27,39.73,21.36,22.5,23.59,439.25,389.54,330.91,4125,100,,,,
1787301437735,2026-08-21 08:37:17,19.27,37.2,39.73,21.27,22.7,23.45,439.22,389.5,330.88,4123,100,,,,
1787302038209,2026-08-21 08:47:18,19.24,37.29,39.71,21.23,22.26,23.49,439.18,389.5,330.85,4121,100,,,,
1787302638687,2026-08-21 08:57:18,19.24,37.27,39.72,21.2,22.19,23.11,439.18,389.47,330.81,4122,100,,,,
1787303239166,2026-08-21 09:07:19,19.25,37.24,39.69,21.17,22.23,23.42,439.18,389.44,330.78,4122,100,,,,
1787303839646,2026-08-21 09:17:19,19.23,37.19,39.67,21.14,22.33,23.42,439.15,389.41,330.75,4119,100,,,,
1787304440127,2026-08-21 09:27:20,19.27,37.07,39.65,21.07,22.73,23.35,439.18,389.37,330.69,4121,100,,,,
1787305036847,2026-08-21 09:37:16,19.27,37.14,39.67,21.07,22.13,23.0,439.18,389.31,330.66,4123,100,-81.0,,,
1787315069256,2026-08-21 12:24:29,19.27,37.08,39.58,21.1,22.26,23.49,439.18,389.28,330.57,4122,100,,,,
1787315669725,2026-08-21 12:34:29,19.29,36.9,39.58,21.14,22.87,23.18,439.22,389.21,330.51,4125,100,,,,
1787316270208,2026-08-21 12:44:30,19.32,36.99,39.54,21.17,22.29,23.42,439.25,389.18,330.45,4124,100,,,,
1787316870687,2026-08-21 12:54:30,19.29,36.89,39.49,21.27,22.46,23.42,439.25,389.11,330.36,4122,100,,,,
1787317471173,2026-08-21 13:04:31,19.31,36.94,39.46,21.33,22.06,23.56,439.28,389.08,330.3,4122,100,,,,
1787318071650,2026-08-21 13:14:31,19.33,36.85,39.44,21.43,22.39,23.38,439.32,389.05,330.24,4122,100,,,,
1787318672125,2026-08-21 13:24:32,19.34,36.69,39.39,21.5,22.87,23.49,439.35,388.99,330.14,4123,100,,,,
1787319268845,2026-08-21 13:34:28,19.33,36.66,39.38,21.53,22.83,23.28,439.35,388.95,330.08,4119,100,-80.0,,,
1787329296524,2026-08-21 16:21:36,19.34,36.77,39.39,21.66,22.16,22.63,439.39,388.92,329.99,4119,100,,,,
1787329897008,2026-08-21 16:31:37,19.35,36.58,39.31,21.76,22.83,23.28,439.42,388.86,329.93,4120,100,,,,
1787330497486,2026-08-21 16:41:37,19.33,36.66,39.26,21.83,22.26,23.31,439.42,388.82,329.84,4124,100,,,,
1787331098142,2026-08-21 16:51:38,19.35,36.56,39.24,21.89,22.6,23.31,439.45,388.79,329.78,4122,100,,,,
1787331698476,2026-08-21 17:01:38,19.32,36.45,39.19,22.03,22.87,23.59,439.45,388.73,329.72,4120,100,,,,
1787332299104,2026-08-21 17:11:39,19.31,36.43,39.18,22.09,22.8,23.31,439.45,388.69,329.66,4120,100,,,,
1787332899559,2026-08-21 17:21:39,19.34,36.51,39.18,22.09,22.29,22.94,439.49,388.66,329.6,4119,100,,,,
1787333496128,2026-08-21 17:31:36,19.33,36.4,39.12,22.16,22.83,23.35,439.49,388.66,329.54,4124,100,-78.0,,,
1787343527808,2026-08-21 20:18:47,19.32,36.5,39.09,22.19,22.19,23.28,439.49,388.63,329.47,4121,100,,,,
1787344128288,2026-08-21 20:28:48,19.31,36.39,39.07,22.23,22.73,23.35,439.49,388.63,329.44,4126,100,,,,
1787344728768,2026-08-21 20:38:48,19.27,36.4,39.07,22.26,22.66,23.21,439.45,388.63,329.41,4122,100,,,,
1787345329487,2026-08-21 20:48:49,19.27,36.36,39.05,22.26,22.73,23.28,439.45,388.6,329.38,4121,100,,,,
1787345929967,2026-08-21 20:58:49,19.27,36.46,39.05,22.26,22.26,23.11,439.45,388.6,329.35,4124,100,,,,
1787346530447,2026-08-21 21:08:50,19.26,36.48,39.03,22.19,22.16,23.24,439.42,388.6,329.32,4121,100,,,,
1787347130930,2026-08-21 21:18:50,19.25,36.31,39.04,22.23,22.97,22.9,439.42,388.6,329.29,4124,100,,,,
1787347727409,2026-08-21 21:28:47,19.22,36.26,39.0,22.23,23.21,23.24,439.39,388.6,329.26,4123,100,-78.0,,,
1787357760212,2026-08-22 00:16:00,19.24,36.44,38.96,22.16,22.16,23.56,439.39,388.56,329.23,4121,100,,,,
1787358360689,2026-08-22 00:26:00,19.2,36.34,39.0,22.13,22.66,22.94,439.35,388.56,329.2,4123,100,,,,
1787358961169,2026-08-22 00:36:01,19.19,36.25,38.95,22.06,23.11,23.28,439.32,388.56,329.17,4125,100,,,,
1787359561649,2026-08-22 00:46:01,19.16,36.28,38.94,22.03,22.94,23.31,439.28,388.56,329.14,4121,100,,,,
1787360162129,2026-08-22 00:56:02,19.17,36.23,38.94,21.99,23.21,23.28,439.28,388.56,329.14,4123,100,,,,
1787360762608,2026-08-22 01:06:02,19.15,36.25,38.92,21.96,22.97,23.38,439.25,388.53,329.11,4121,100,,,,
1787361363087,2026-08-22 01:16:03,19.13,36.25,38.91,21.89,22.97,23.35,439.22,388.53,329.08,4121,100,,,,
1787361959808,2026-08-22 01:25:59,19.1,36.22,39.02,21.86,23.0,22.03,439.18,388.5,329.08,4121,100,-80.0,,,
1787371991169,2026-08-22 04:13:11,19.12,36.34,38.9,21.79,22.39,23.28,439.18,388.5,329.05,4122,100,,,,
1787372591891,2026-08-22 04:23:11,19.1,36.33,38.86,21.76,22.29,23.56,439.15,388.47,329.02,4121,100,,,,
1787373192371,2026-08-22 04:33:12,19.08,36.26,38.88,21.66,22.66,23.35,439.11,388.47,329.02,4121,100,,,,
1787373792901,2026-08-22 04:43:12,19.07,36.19,38.88,21.59,22.8,23.14,439.08,388.43,328.99,4123,100,,,,
1787374393396,2026-08-22 04:53:13,19.08,36.16,38.88,21.53,22.94,23.21,439.08,388.43,328.99,4125,100,,,,
1787374993808,2026-08-22 05:03:13,19.06,36.25,38.85,21.5,22.39,23.31,439.05,388.4,328.96,4120,100,,,,
1787375594290,2026-08-22 05:13:14,19.03,36.14,38.84,21.46,22.9,23.24,439.01,388.4,328.93,4122,100,,,,
1787376190770,2026-08-22 05:23:10,19.01,36.12,38.84,21.4,22.9,23.28,438.98,388.37,328.93,4127,100,-71.0,,,
1787386211248,2026-08-22 08:10:11,18.99,36.12,38.82,21.33,22.9,23.31,438.94,388.37,328.9,4121,100,,,,
1787386811725,2026-08-22 08:20:11,19.0,36.27,38.81,21.27,22.03,23.28,438.94,388.34,328.87,4122,100,,,,
1787387412445,2026-08-22 08:30:12,19.0,36.16,38.82,21.17,22.56,23.18,438.91,388.34,328.87,4122,100,,,,
1787388012928,2026-08-22 08:40:12,19.0,36.22,38.81,21.14,22.06,23.14,438.91,388.3,328.84,4124,100,,,,
1787388613415,2026-08-22 08:50:13,18.98,36.12,38.84,21.1,22.56,22.8,438.87,388.3,328.84,4122,100,,,,
1787389213885,2026-08-22 09:00:13,18.95,36.06,38.77,21.07,22.73,23.42,438.84,388.27,328.81,4120,100,,,,
1787389814368,2026-08-22 09:10:14,18.97,36.14,38.77,21.01,22.19,23.21,438.84,388.24,328.77,4123,100,,,,
1787390410847,2026-08-22 09:20:10,18.97,36.15,38.75,21.01,22.03,23.14,438.84,388.21,328.71,4121,100,-80.0,,,
1787400443806,2026-08-22 12:07:23,18.98,36.08,38.71,20.97,22.06,23.31,438.84,388.14,328.65,4120,100,,,,
1787401044288,2026-08-22 12:17:24,18.99,35.88,38.69,21.01,22.87,23.14,438.87,388.11,328.59,4122,100,,,,
1787401644769,2026-08-22 12:27:24,18.99,36.01,38.63,21.04,21.93,23.31,438.87,388.04,328.5,4124,100,,,,
1787402245246,2026-08-22 12:37:25,19.02,35.94,38.63,21.07,21.99,23.0,438.91,387.98,328.44,4125,100,,,,
1787402845730,2026-08-22 12:47:25,19.03,35.76,38.59,21.14,22.6,23.14,438.94,387.91,328.38,4130,100,,,,
1787403446208,2026-08-22 12:57:26,19.04,35.67,38.58,21.27,22.6,22.73,438.98,387.82,328.29,4121,100,,,,
1787404046688,2026-08-22 13:07:26,19.05,35.64,38.53,21.36,22.46,22.8,439.01,387.75,328.2,4124,100,,,,
1787404643331,2026-08-22 13:17:23,19.06,35.51,38.48,21.5,22.8,23.14,439.05,387.69,328.14,4122,100,-80.0,,,
1787414683890,2026-08-22 16:04:43,19.07,35.5,38.42,21.59,22.53,23.24,439.08,387.62,328.05,4122,100,,,,
1787415284367,2026-08-22 16:14:44,19.07,35.48,38.42,21.69,22.39,22.77,439.11,387.56,327.95,4121,100,,,,
1787415884849,2026-08-22 16:24:44,19.08,35.41,38.35,21.83,22.39,23.07,439.15,387.49,327.86,4122,100,,,,
1787416485334,2026-08-22 16:34:45,19.08,35.57,38.3,21.99,21.2,23.14,439.18,387.4,327.77,4124,100,,,,
1787417086048,2026-08-22 16:44:46,19.06,35.21,38.27,22.06,22.66,22.9,439.18,387.33,327.68,4123,100,,,,
1787417686532,2026-08-22 16:54:46,19.04,35.2,38.23,22.16,22.43,23.11,439.18,387.27,327.62,4123,100,,,,
1787418287008,2026-08-22 17:04:47,19.02,35.21,38.19,22.23,22.09,23.04,439.18,387.2,327.53,4119,100,,,,
1787418883409,2026-08-22 17:14:43,19.01,35.16,38.15,22.29,22.06,23.11,439.18,387.14,327.47,4124,100,-76.0,,,
1787428918607,2026-08-22 20:01:58,19.0,34.97,38.12,22.36,22.7,23.11,439.18,387.07,327.41,4126,100,,,,
1787429519089,2026-08-22 20:11:59,18.96,35.27,38.1,22.39,21.07,23.07,439.15,387.04,327.35,4125,100,,,,
1787430119567,2026-08-22 20:21:59,18.95,34.99,38.08,22.43,22.13,23.11,439.15,386.97,327.32,4121,100,,,,
1787430720053,2026-08-22 20:32:00,18.9,34.83,38.06,22.5,22.8,23.18,439.11,386.94,327.29,4120,100,,,,
1787431320528,2026-08-22 20:42:00,18.9,34.91,38.04,22.39,22.26,23.21,439.08,386.91,327.26,4124,100,,,,
1787431921008,2026-08-22 20:52:01,18.9,34.8,38.02,22.39,22.8,23.24,439.08,386.91,327.23,4122,100,,,,
1787432521485,2026-08-22 21:02:01,18.86,34.92,38.04,22.43,22.06,23.07,439.05,386.88,327.23,4122,100,,,,
1787433118208,2026-08-22 21:11:58,18.84,34.76,38.03,22.36,22.87,23.04,439.01,386.88,327.2,4122,100,-80.0,,,
1787443150207,2026-08-22 23:59:10,18.82,34.72,38.02,22.33,22.87,22.87,438.98,386.84,327.16,4122,100,,,,
1787443750687,2026-08-23 00:09:10,18.79,34.72,38.01,22.29,22.87,23.0,438.94,386.84,327.16,4124,100,,,,
1787444351169,2026-08-23 00:19:11,18.77,34.81,38.01,22.26,22.29,23.0,438.91,386.81,327.16,4121,100,,,,
1787444951649,2026-08-23 00:29:11,18.74,34.68,37.94,22.19,22.94,23.21,438.87,386.81,327.13,4126,100,,,,
1787445552128,2026-08-23 00:39:12,18.74,34.8,37.98,22.06,22.19,23.04,438.84,386.78,327.13,4129,100,,,,
1787446152608,2026-08-23 00:49:12,18.68,34.7,37.91,22.06,22.7,23.35,438.77,386.78,327.13,4124,100,,,,
1787446753087,2026-08-23 00:59:13,18.68,34.67,37.93,21.93,22.7,23.11,438.74,386.75,327.1,4126,100,,,,
1787447349808,2026-08-23 01:09:09,18.65,34.7,37.89,21.86,22.36,23.28,438.7,386.71,327.1,4123,100,-79.0,,,
1787457377766,2026-08-23 03:56:17,18.61,34.58,37.92,21.79,22.97,23.0,438.64,386.71,327.07,4124,100,,,,
1787457978270,2026-08-23 04:06:18,18.59,34.57,37.9,21.73,22.87,23.07,438.6,386.68,327.07,4120,100,,,,
1787458578590,2026-08-23 04:16:18,18.57,34.68,37.91,21.66,22.36,23.04,438.57,386.68,327.07,4123,100,,,,
1787459179040,2026-08-23 04:26:19,18.56,34.7,37.9,21.56,22.09,23.07,438.53,386.65,327.07,4120,100,,,,
1787459779634,2026-08-23 04:36:19,18.55,34.54,37.81,21.46,22.77,23.35,438.5,386.62,327.04,4121,100,,,,
1787460380052,2026-08-23 04:46:20,18.5,34.55,37.84,21.4,22.73,23.21,438.43,386.62,327.04,4126,100,,,,
1787460980448,2026-08-23 04:56:20,18.49,34.63,37.86,21.33,22.13,23.11,438.4,386.58,327.04,4121,100,,,,
1787461577168,2026-08-23 05:06:17,18.46,34.51,37.82,21.27,22.73,23.11,438.36,386.58,327.01,4118,100,-77.0,,,
1787471601967,2026-08-23 07:53:21,18.48,34.44,37.85,21.17,22.94,23.0,438.36,386.55,327.01,4123,100,,,,
1787472202447,2026-08-23 08:03:22,18.47,34.59,37.77,21.1,22.09,23.21,438.33,386.52,326.98,4121,100,,,,
1787472802927,2026-08-23 08:13:22,18.45,34.47,37.78,21.04,22.66,23.18,438.3,386.52,326.98,4122,100,,,,
1787473403408,2026-08-23 08:23:23,18.43,34.44,37.77,20.97,22.66,23.04,438.26,386.49,326.95,4125,100,,,,
1787474003887,2026-08-23 08:33:23,18.44,34.43,37.72,20.91,22.6,23.11,438.26,386.46,326.92,4124,100,,,,
1787474604369,2026-08-23 08:43:24,18.42,34.5,37.71,20.88,22.23,23.0,438.23,386.46,326.89,4122,100,,,,
1787475204849,2026-08-23 08:53:24,18.44,34.49,37.73,20.81,21.99,22.7,438.23,386.39,326.86,4121,100,,,,
1787475801501,2026-08-23 09:03:21,18.41,34.38,37.86,20.78,22.36,21.73,438.19,386.36,326.8,4125,100,-75.0,,,
1787485824224,2026-08-23 11:50:24,18.41,34.35,37.53,20.78,22.19,23.04,438.19,386.29,326.74,4124,100,,,,
1787486424756,2026-08-23 12:00:24,18.41,34.18,37.46,20.78,22.8,23.0,438.19,386.23,326.68,4124,100,,,,
1787487025111,2026-08-23 12:10:25,18.4,34.32,37.38,20.81,21.79,23.07,438.19,386.16,326.62,4121,100,,,,
1787487625567,2026-08-23 12:20:25,18.43,34.13,37.33,20.84,22.46,22.97,438.23,386.1,326.56,4121,100,,,,
1787488226083,2026-08-23 12:30:26,18.43,34.17,37.21,20.84,21.93,23.04,438.23,386.03,326.47,4121,100,,,,
1787488826607,2026-08-23 12:40:26,18.42,34.0,37.12,20.91,22.36,22.97,438.23,385.94,326.38,4123,100,,,,
1787489427088,2026-08-23 12:50:27,18.42,33.93,37.07,20.91,22.39,22.87,438.23,385.87,326.32,4124,100,,,,
1787490023728,2026-08-23 13:00:23,18.42,34.06,36.99,21.01,21.63,22.87,438.26,385.84,326.25,4122,100,-79.0,,,
1787500055809,2026-08-23 15:47:35,18.4,33.92,36.82,21.1,21.86,23.21,438.26,385.74,326.16,4122,100,,,,
1787500656290,2026-08-23 15:57:36,18.4,33.77,36.75,21.14,22.33,23.21,438.26,385.68,326.1,4129,100,,,,
1787501256769,2026-08-23 16:07:36,18.38,33.63,36.7,21.23,22.7,22.94,438.26,385.61,326.01,4122,100,,,,
1787501857250,2026-08-23 16:17:37,18.41,33.65,36.71,21.27,22.33,22.56,438.3,385.55,325.95,4123,100,,,,
1787502457736,2026-08-23 16:27:37,18.39,33.64,36.56,21.33,22.06,22.94,438.3,385.48,325.89,4123,100,,,,
1787503058240,2026-08-23 16:37:38,18.38,33.68,36.5,21.4,21.73,22.9,438.3,385.45,325.83,4121,100,,,,
1787503658692,2026-08-23 16:47:38,18.37,33.57,36.4,21.43,21.99,22.9,438.3,385.39,325.74,4123,100,,,,
1787504255410,2026-08-23 16:57:35,18.36,33.43,36.37,21.5,22.36,22.87,438.3,385.32,325.71,4124,100,-77.0,,,
1787514287167,2026-08-23 19:44:47,18.35,33.41,36.28,21.53,22.36,22.94,438.3,385.29,325.65,4122,100,,,,
1787514887646,2026-08-23 19:54:47,18.34,33.45,36.28,21.56,21.86,22.8,438.3,385.23,325.62,4123,100,,,,
1787515488128,2026-08-23 20:04:48,18.3,33.28,36.17,21.59,22.73,23.0,438.26,385.23,325.56,4118,100,,,,
1787516090504,2026-08-23 20:14:50,18.3,33.49,36.19,21.59,21.66,22.87,438.26,385.23,325.56,4121,100,,,,
1787516690942,2026-08-23 20:24:50,18.26,33.26,36.14,21.63,22.36,22.94,438.23,385.13,325.53,4120,100,,,,
1787517290942,2026-08-23 20:34:50,18.27,33.36,36.12,21.59,21.86,22.87,438.23,385.13,325.5,4123,100,,,,
1787517890942,2026-08-23 20:44:50,18.23,33.23,36.12,21.59,22.39,22.87,438.19,385.1,325.5,4124,100,,,,
1787518486767,2026-08-23 20:54:46,18.21,33.17,36.1,21.56,22.5,22.83,438.16,385.06,325.47,4122,100,-77.0,,,
1787528528208,2026-08-23 23:42:08,18.19,33.16,36.1,21.5,22.39,22.83,438.12,385.03,325.47,4124,100,,,,
1787529128689,2026-08-23 23:52:08,18.16,33.16,36.08,21.5,22.39,22.73,438.09,385.03,325.44,4122,100,,,,
1787529729167,2026-08-24 00:02:09,18.11,33.26,36.07,21.43,21.76,22.8,438.02,385.0,325.44,4119,100,,,,
1787530329647,2026-08-24 00:12:09,18.13,33.13,36.27,21.33,22.39,21.79,438.02,385.0,325.44,4122,100,,,,
1787530930127,2026-08-24 00:22:10,18.06,33.13,36.03,21.36,22.26,22.8,437.95,384.97,325.41,4124,100,,,,
1787531530607,2026-08-24 00:32:10,18.05,33.07,36.11,21.27,22.39,22.43,437.92,384.93,325.41,4122,100,,,,
1787532131087,2026-08-24 00:42:11,18.04,33.15,36.0,21.17,21.99,22.8,437.89,384.93,325.38,4118,100,,,,
1787532727808,2026-08-24 00:52:07,17.99,33.1,36.0,21.1,22.09,22.8,437.82,384.9,325.38,4122,100,-72.0,,,
1787542753567,2026-08-24 03:39:13,17.98,33.12,35.99,20.97,21.89,22.83,437.78,384.87,325.38,4123,100,,,,
1787543354048,2026-08-24 03:49:14,17.96,33.06,35.96,20.94,22.19,22.8,437.75,384.87,325.35,4122,100,,,,
1787543954528,2026-08-24 03:59:14,17.92,33.11,35.95,20.81,21.79,22.87,437.68,384.84,325.35,4122,100,,,,
1787544555005,2026-08-24 04:09:15,17.9,33.02,35.96,20.75,22.06,22.8,437.65,384.8,325.35,4120,100,,,,
1787545155489,2026-08-24 04:19:15,17.86,32.98,35.96,20.65,22.26,22.8,437.58,384.8,325.35,4123,100,,,,
1787545755969,2026-08-24 04:29:15,17.8,33.07,35.9,20.62,21.69,22.94,437.51,384.77,325.32,4120,100,,,,
1787546356448,2026-08-24 04:39:16,17.81,33.03,35.92,20.46,21.73,22.83,437.48,384.74,325.32,4123,100,,,,
1787546953091,2026-08-24 04:49:13,17.79,32.97,35.94,20.36,21.89,22.73,437.44,384.71,325.32,4124,100,-76.0,,,
1787556980446,2026-08-24 07:36:20,17.75,32.87,35.92,20.3,22.23,22.87,437.38,384.68,325.32,4120,100,,,,
1787557580924,2026-08-24 07:46:20,17.72,33.02,35.9,20.23,21.53,22.77,437.34,384.68,325.29,4122,100,,,,
1787558181405,2026-08-24 07:56:21,17.71,32.86,35.91,20.14,22.13,22.73,437.31,384.64,325.29,4127,100,,,,
1787558781886,2026-08-24 08:06:21,17.7,32.94,35.86,20.04,21.59,22.73,437.27,384.61,325.25,4125,100,,,,
1787559382365,2026-08-24 08:16:22,17.69,32.88,35.87,19.95,21.73,22.7,437.24,384.58,325.25,4125,100,,,,
1787559982845,2026-08-24 08:26:22,17.68,32.8,35.85,19.88,22.03,22.63,437.21,384.55,325.22,4124,100,,,,
1787560583327,2026-08-24 08:36:23,17.68,32.9,35.82,19.88,21.36,22.77,437.21,384.51,325.22,4121,100,,,,
1787561180046,2026-08-24 08:46:20,17.66,32.86,35.88,19.79,21.53,22.29,437.17,384.51,325.19,4136,100,-77.0,,,
1787571210207,2026-08-24 11:33:30,17.67,32.75,35.77,19.73,21.93,22.66,437.17,384.48,325.16,4122,100,,,,
1787571810684,2026-08-24 11:43:30,17.71,32.79,35.74,19.73,21.46,22.66,437.21,384.42,325.13,4122,100,,,,
1787572411166,2026-08-24 11:53:31,17.7,32.63,35.68,19.76,22.06,22.77,437.21,384.38,325.1,4120,100,,,,
1787573011645,2026-08-24 12:03:31,17.7,32.62,35.64,19.76,21.86,22.66,437.21,384.32,325.04,4125,100,,,,
1787573612127,2026-08-24 12:13:32,17.72,32.59,35.59,19.82,21.86,22.56,437.24,384.29,324.98,4123,100,,,,
1787574212611,2026-08-24 12:23:32,17.72,32.56,35.55,19.82,21.73,22.56,437.24,384.22,324.95,4120,100,,,,
1787574813087,2026-08-24 12:33:33,17.74,32.59,35.43,19.85,21.27,22.63,437.27,384.16,324.86,4128,100,,,,
1787575409807,2026-08-24 12:43:29,17.76,32.47,35.35,19.95,21.73,22.7,437.31,384.13,324.8,4123,100,-77.0,,,
1787585446930,2026-08-24 15:30:46,17.74,32.54,35.29,20.01,21.1,22.63,437.31,384.06,324.74,4120,100,,,,
1787586047410,2026-08-24 15:40:47,17.79,32.36,35.19,20.11,21.69,22.63,437.38,384.0,324.65,4125,100,,,,
1787586647894,2026-08-24 15:50:47,17.8,32.31,35.12,20.2,21.66,22.66,437.41,383.93,324.59,4120,100,,,,
1787587248370,2026-08-24 16:00:48,17.8,32.2,35.02,20.33,21.93,22.6,437.44,383.87,324.5,4122,100,,,,
1787587848873,2026-08-24 16:10:48,17.84,32.33,34.98,20.42,21.14,22.5,437.51,383.84,324.44,4120,100,,,,
1787588449330,2026-08-24 16:20:49,17.88,32.16,34.91,20.58,21.66,22.5,437.58,383.77,324.38,4124,100,,,,
1787589049809,2026-08-24 16:30:49,17.87,32.14,34.84,20.75,21.63,22.5,437.61,383.74,324.32,4123,100,,,,
1787589646457,2026-08-24 16:40:46,17.88,32.17,34.84,20.88,21.33,22.13,437.65,383.71,324.26,4122,100,-78.0,,,
1787599683399,2026-08-24 19:28:03,17.88,32.03,34.7,21.01,21.73,22.5,437.68,383.64,324.2,4122,100,,,,
1787600283554,2026-08-24 19:38:03,17.9,32.03,34.6,21.1,21.73,22.6,437.72,383.64,324.13,4122,100,,,,
1787600884011,2026-08-24 19:48:04,17.87,31.99,34.67,21.23,21.76,22.09,437.72,383.61,324.1,4124,100,,,,
1787601484457,2026-08-24 19:58:04,17.85,31.97,34.57,21.3,21.76,22.39,437.72,383.58,324.07,4125,100,,,,
1787602086431,2026-08-24 20:08:06,17.84,31.95,34.53,21.36,21.83,22.43,437.72,383.58,324.04,4125,100,,,,
1787602686604,2026-08-24 20:18:06,17.83,31.97,34.51,21.4,21.73,22.5,437.72,383.58,324.04,4125,100,,,,
1787603286707,2026-08-24 20:28:06,17.83,31.94,34.46,21.4,21.86,22.6,437.72,383.58,324.01,4121,100,,,,
1787603881326,2026-08-24 20:38:01,17.79,31.89,34.49,21.43,21.93,22.43,437.68,383.54,324.01,4119,100,-77.0,,,
1787613918208,2026-08-24 23:25:18,17.79,31.97,34.5,21.43,21.56,22.39,437.68,383.54,324.01,4120,100,,,,
1787614518688,2026-08-24 23:35:18,17.76,31.87,34.48,21.4,22.03,22.5,437.65,383.54,324.01,4122,100,,,,
1787615119168,2026-08-24 23:45:19,17.74,32.0,34.45,21.36,21.43,22.63,437.61,383.54,324.01,4121,100,,,,
1787615719648,2026-08-24 23:55:19,17.71,31.96,34.55,21.33,21.46,21.96,437.58,383.51,323.98,4123,100,,,,
1787616320126,2026-08-25 00:05:20,17.68,31.99,34.47,21.33,21.33,22.36,437.55,383.51,323.98,4120,100,,,,
1787616920608,2026-08-25 00:15:20,17.66,32.09,34.47,21.27,20.84,22.39,437.51,383.51,323.98,4124,100,,,,
1787617521327,2026-08-25 00:25:21,17.65,31.86,34.46,21.2,21.96,22.43,437.48,383.51,323.98,4125,100,,,,
1787618117807,2026-08-25 00:35:17,17.59,31.81,34.63,21.14,22.06,21.59,437.41,383.48,323.98,4120,100,-79.0,,,
1787628148686,2026-08-25 03:22:28,17.59,31.82,34.46,21.01,22.03,22.43,437.38,383.48,323.98,4120,100,,,,
1787628749168,2026-08-25 03:32:29,17.56,31.79,34.45,20.97,22.06,22.46,437.34,383.45,323.98,4122,100,,,,
1787629349647,2026-08-25 03:42:29,17.55,31.73,34.48,20.91,22.33,22.33,437.31,383.45,323.98,4122,100,,,,
1787629950126,2026-08-25 03:52:30,17.53,31.76,34.44,20.81,22.06,22.5,437.27,383.42,323.98,4125,100,,,,
1787630550607,2026-08-25 04:02:30,17.49,31.85,34.47,20.75,21.59,22.39,437.21,383.42,323.98,4122,100,,,,
1787631151085,2026-08-25 04:12:31,17.47,31.85,34.47,20.68,21.43,22.39,437.17,383.38,323.98,4121,100,,,,
1787631751566,2026-08-25 04:22:31,17.46,31.74,34.45,20.58,21.96,22.46,437.14,383.38,323.98,4122,100,,,,
1787632348286,2026-08-25 04:32:28,17.43,31.84,34.44,20.52,21.33,22.53,437.1,383.35,323.98,4120,100,-70.0,,,
1787642369327,2026-08-25 07:19:29,17.39,31.72,34.39,20.46,21.93,22.6,437.04,383.35,323.95,4118,100,,,,
1787642969809,2026-08-25 07:29:29,17.37,31.73,34.43,20.36,21.76,22.39,437.0,383.32,323.95,4121,100,,,,
1787643570288,2026-08-25 07:39:30,17.37,31.79,34.42,20.26,21.3,22.46,436.97,383.29,323.95,4120,100,,,,
1787644170766,2026-08-25 07:49:30,17.34,31.64,34.43,20.23,21.86,22.39,436.93,383.25,323.95,4122,100,,,,
1787644771247,2026-08-25 07:59:31,17.33,31.76,34.45,20.11,21.17,22.13,436.9,383.22,323.92,4122,100,,,,
1787645371726,2026-08-25 08:09:31,17.31,31.59,34.37,20.07,21.86,22.36,436.87,383.19,323.89,4129,100,,,,
1787645972219,2026-08-25 08:19:32,17.29,31.66,34.33,20.01,21.36,22.39,436.83,383.16,323.86,4120,100,,,,
1787646568850,2026-08-25 08:29:28,17.29,31.62,34.26,19.98,21.27,22.39,436.83,383.09,323.8,4121,100,-78.0,,,
1787656596317,2026-08-25 11:16:36,17.29,31.5,34.2,19.98,21.73,22.33,436.83,383.06,323.74,4121,100,,,,
1787657196796,2026-08-25 11:26:36,17.33,31.56,34.18,19.98,21.14,22.26,436.87,383.0,323.71,4121,100,,,,
1787657797277,2026-08-25 11:36:37,17.35,31.51,34.1,20.04,21.2,22.33,436.9,382.96,323.65,4121,100,,,,
1787658397759,2026-08-25 11:46:37,17.36,31.36,33.97,20.11,21.69,22.63,436.93,382.9,323.59,4119,100,,,,
1787658998237,2026-08-25 11:56:38,17.4,31.34,33.9,20.23,21.63,22.46,437.0,382.87,323.5,4125,100,,,,
1787659598720,2026-08-25 12:06:38,17.43,31.27,33.82,20.39,21.66,22.5,437.07,382.8,323.44,4123,100,,,,
1787660199198,2026-08-25 12:16:39,17.48,31.31,33.77,20.49,21.2,22.43,437.14,382.74,323.38,4121,100,,,,
1787660795917,2026-08-25 12:26:35,17.51,31.32,33.67,20.65,21.01,22.56,437.21,382.71,323.32,4124,100,-70.0,,,
1787670833246,2026-08-25 15:13:53,17.53,31.25,33.63,20.81,21.17,22.26,437.27,382.67,323.23,4122,100,,,,
1787671433727,2026-08-25 15:23:53,17.52,31.1,33.63,21.04,21.66,21.93,437.31,382.61,323.17,4123,100,,,,
1787672034205,2026-08-25 15:33:54,17.52,31.18,33.48,21.17,20.97,22.13,437.34,382.54,323.08,4120,100,,,,
1787672634685,2026-08-25 15:43:54,17.55,30.91,33.33,21.33,21.99,22.36,437.41,382.48,322.99,4122,100,,,,
1787673235165,2026-08-25 15:53:55,17.54,30.94,33.28,21.5,21.73,22.29,437.44,382.45,322.93,4123,100,,,,
1787673835645,2026-08-25 16:03:55,17.58,30.91,33.18,21.63,21.73,22.26,437.51,382.42,322.84,4121,100,,,,
1787674436127,2026-08-25 16:13:56,17.59,30.97,33.1,21.79,21.27,22.5,437.55,382.38,322.81,4122,100,,,,
1787675032846,2026-08-25 16:23:52,17.58,30.79,33.07,21.96,22.03,22.26,437.58,382.35,322.74,4122,100,-78.0,,,
1787685066759,2026-08-25 19:11:06,17.58,30.96,33.02,22.06,21.2,22.33,437.61,382.35,322.71,4119,100,,,,
1787685667087,2026-08-25 19:21:07,17.6,30.94,32.99,22.16,21.27,22.29,437.65,382.35,322.68,4122,100,,,,
1787686267569,2026-08-25 19:31:07,17.61,30.78,32.96,22.26,22.09,22.29,437.68,382.35,322.65,4121,100,,,,
1787686868048,2026-08-25 19:41:08,17.59,30.8,32.91,22.33,21.96,22.53,437.68,382.35,322.65,4121,100,,,,
1787687468526,2026-08-25 19:51:08,17.57,30.8,32.95,22.43,21.99,22.16,437.68,382.35,322.62,4122,100,,,,
1787688069007,2026-08-25 20:01:09,17.56,30.79,32.93,22.46,22.03,22.26,437.68,382.35,322.62,4121,100,,,,
1787688669661,2026-08-25 20:11:09,17.53,30.77,32.93,22.46,22.13,22.26,437.65,382.35,322.62,4120,100,,,,
1787689266128,2026-08-25 20:21:06,17.53,30.76,32.86,22.46,22.16,22.43,437.65,382.35,322.59,4121,100,-78.0,,,
1787699302927,2026-08-25 23:08:22,17.53,30.77,32.85,22.46,22.13,22.5,437.65,382.35,322.59,4121,100,,,,
1787699903405,2026-08-25 23:18:23,17.5,30.81,32.86,22.43,21.93,22.43,437.61,382.35,322.59,4120,100,,,,
1787700503885,2026-08-25 23:28:23,17.47,30.83,32.88,22.46,21.83,22.33,437.58,382.35,322.59,4122,100,,,,
1787701104364,2026-08-25 23:38:24,17.47,30.72,32.88,22.46,22.36,22.33,437.58,382.35,322.59,4121,100,,,,
1787701704844,2026-08-25 23:48:24,17.46,30.74,32.85,22.39,22.26,22.46,437.55,382.35,322.59,4120,100,,,,
1787702305326,2026-08-25 23:58:25,17.42,30.74,32.84,22.36,22.26,22.36,437.51,382.35,322.56,4123,100,,,,
1787702905805,2026-08-26 00:08:25,17.4,30.72,32.83,22.33,22.23,22.39,437.48,382.32,322.56,4122,100,,,,
1787703502526,2026-08-26 00:18:22,17.38,30.83,32.79,22.26,21.69,22.6,437.44,382.32,322.56,4121,100,-80.0,,,
1787713529404,2026-08-26 03:05:29,17.35,30.68,32.85,22.26,22.43,22.29,437.41,382.32,322.56,4120,100,,,,
1787714130123,2026-08-26 03:15:30,17.33,30.74,32.85,22.23,22.13,22.33,437.38,382.32,322.56,4121,100,,,,
1787714730604,2026-08-26 03:25:30,17.34,30.69,32.87,22.16,22.36,22.19,437.38,382.32,322.56,4122,100,,,,
1787715331085,2026-08-26 03:35:31,17.31,30.67,32.87,22.13,22.36,22.36,437.34,382.29,322.59,4124,100,,,,
1787715931639,2026-08-26 03:45:31,17.3,30.75,32.82,22.06,21.96,22.46,437.31,382.29,322.56,4121,100,,,,
1787716532197,2026-08-26 03:55:32,17.28,30.65,32.82,21.99,22.46,22.46,437.27,382.29,322.56,4119,100,,,,
1787717132705,2026-08-26 04:05:32,17.25,30.56,32.84,21.96,22.7,22.36,437.24,382.25,322.56,4117,100,,,,
1787717729007,2026-08-26 04:15:29,17.25,30.62,32.93,21.86,22.39,21.93,437.21,382.25,322.56,4118,100,-78.0,,,
1787727754364,2026-08-26 07:02:34,17.22,30.74,32.83,21.83,21.79,22.39,437.17,382.25,322.56,4123,100,,,,
1787728354845,2026-08-26 07:12:34,17.22,30.72,32.83,21.83,21.76,22.39,437.17,382.22,322.56,4114,100,,,,
1787728955326,2026-08-26 07:22:35,17.2,30.74,32.78,21.79,21.66,22.63,437.14,382.22,322.56,4121,100,,,,
1787729555805,2026-08-26 07:32:35,17.18,30.68,32.82,21.69,21.86,22.46,437.1,382.19,322.56,4123,100,,,,
1787730156328,2026-08-26 07:42:36,17.16,30.53,32.8,21.66,22.43,22.39,437.07,382.16,322.53,4120,100,,,,
1787730756764,2026-08-26 07:52:36,17.13,30.57,32.74,21.66,22.23,22.7,437.04,382.16,322.53,4124,100,,,,
1787731357246,2026-08-26 08:02:37,17.14,30.52,32.74,21.59,22.33,22.7,437.04,382.12,322.53,4124,100,,,,
1787731953965,2026-08-26 08:12:33,17.21,30.7,32.9,21.53,22.33,22.39,437.1,382.32,322.62,4122,100,-81.0,,,
1787741981174,2026-08-26 10:59:41,18.38,38.93,42.37,21.4,21.79,22.13,438.3,392.6,336.93,4127,100,,,,
1787742581646,2026-08-26 11:09:41,18.69,38.87,42.02,21.27,21.33,21.93,438.6,392.34,336.01,4117,100,,,,
1787743182124,2026-08-26 11:19:42,18.9,38.83,41.86,21.01,20.81,21.73,438.77,392.11,335.58,4121,100,,,,
1787743782606,2026-08-26 11:29:42,19.05,38.71,41.76,20.91,21.3,21.66,438.91,391.91,335.31,4122,100,,,,
1787744383086,2026-08-26 11:39:43,19.17,38.68,41.69,20.81,21.1,21.17,439.01,391.78,335.06,4125,100,,,,
1787744983564,2026-08-26 11:49:43,19.26,38.63,41.59,20.68,21.07,21.59,439.08,391.65,334.88,4122,100,,,,
1787745584046,2026-08-26 11:59:44,19.36,38.6,41.54,20.65,21.04,21.46,439.18,391.55,334.73,4126,100,,,,
1787746180766,2026-08-26 12:09:40,19.43,38.56,41.5,20.62,21.1,21.3,439.25,391.46,334.6,4122,100,-70.0,,,
1787756219811,2026-08-26 14:56:59,19.51,38.56,41.44,20.58,20.68,21.46,439.32,391.36,334.48,4121,100,,,,
1787756820287,2026-08-26 15:07:00,19.56,38.56,41.39,20.62,20.33,21.5,439.39,391.29,334.39,4122,100,,,,
1787757420777,2026-08-26 15:17:00,19.63,38.47,41.36,20.58,21.07,21.46,439.45,391.23,334.3,4123,100,,,,
1787758021251,2026-08-26 15:27:01,19.66,38.48,41.34,20.62,20.68,21.23,439.49,391.16,334.2,4120,100,,,,
1787758621968,2026-08-26 15:37:01,19.73,38.45,41.28,20.58,20.84,21.5,439.56,391.13,334.11,4124,100,,,,
1787759222448,2026-08-26 15:47:02,19.76,38.41,41.24,20.58,21.1,21.63,439.59,391.07,334.05,4126,100,,,,
1787759822963,2026-08-26 15:57:02,19.81,38.45,41.21,20.62,20.49,21.56,439.66,391.03,333.96,4123,100,,,,
1787760419328,2026-08-26 16:06:59,19.84,38.38,41.19,20.65,21.14,21.53,439.69,391.0,333.9,4124,100,-71.0,,,
1787770454449,2026-08-26 18:54:14,19.89,38.37,41.16,20.71,21.17,21.56,439.76,390.97,333.84,4123,100,,,,
1787771055167,2026-08-26 19:04:15,19.92,38.36,41.14,20.75,21.14,21.53,439.8,390.94,333.78,4124,100,,,,
1787771655647,2026-08-26 19:14:15,19.95,38.37,41.12,20.71,20.78,21.5,439.83,390.9,333.72,4120,100,,,,
1787772256127,2026-08-26 19:24:16,19.97,38.35,41.09,20.75,21.01,21.59,439.86,390.9,333.68,4120,100,,,,
1787772856605,2026-08-26 19:34:16,20.0,38.39,41.07,20.78,20.46,21.53,439.9,390.87,333.62,4122,100,,,,
1787773457088,2026-08-26 19:44:17,20.0,38.31,41.06,20.78,21.2,21.56,439.9,390.84,333.59,4121,100,,,,
1787774057567,2026-08-26 19:54:17,20.04,38.37,41.03,20.75,20.55,21.63,439.93,390.84,333.53,4123,100,,,,
1787774653968,2026-08-26 20:04:13,20.04,38.32,41.05,20.75,21.01,21.2,439.93,390.81,333.5,4121,100,-70.0,,,
1787784682901,2026-08-26 22:51:22,20.07,38.3,40.99,20.75,21.2,21.59,439.97,390.81,333.44,4118,100,,,,
1787785283250,2026-08-26 23:01:23,20.07,38.29,40.99,20.75,21.2,21.46,439.97,390.77,333.41,4120,100,,,,
1787785883726,2026-08-26 23:11:23,20.07,38.32,40.96,20.75,20.84,21.66,439.97,390.77,333.38,4121,100,,,,
1787786484208,2026-08-26 23:21:24,20.08,38.32,40.94,20.71,20.71,21.66,439.97,390.74,333.32,4118,100,,,,
1787787084950,2026-08-26 23:31:24,20.09,38.32,40.92,20.65,20.65,21.66,439.97,390.74,333.29,4120,100,,,,
1787787685309,2026-08-26 23:41:25,20.09,38.3,40.9,20.68,20.78,21.79,439.97,390.71,333.26,4121,100,,,,
1787788285664,2026-08-26 23:51:25,20.1,38.3,40.91,20.62,20.75,21.43,439.97,390.71,333.23,4121,100,,,,
1787788882598,2026-08-27 00:01:22,20.14,38.24,40.88,20.55,21.33,21.53,440.0,390.68,333.16,4121,100,-80.0,,,
1787798914525,2026-08-27 02:48:34,20.13,38.23,40.85,20.49,21.27,21.66,439.97,390.64,333.13,4121,100,,,,
1787799515003,2026-08-27 02:58:35,20.13,38.23,40.84,20.49,21.27,21.63,439.97,390.64,333.1,4120,100,,,,
1787800115487,2026-08-27 03:08:35,20.13,38.23,40.83,20.46,21.1,21.66,439.97,390.61,333.07,4121,100,,,,
1787800715964,2026-08-27 03:18:35,20.14,38.27,40.82,20.42,20.62,21.59,439.97,390.61,333.04,4120,100,,,,
1787801316581,2026-08-27 03:28:36,20.15,38.23,40.8,20.39,20.97,21.73,439.97,390.58,333.01,4121,100,,,,
1787801916988,2026-08-27 03:38:36,20.16,38.25,40.8,20.36,20.81,21.59,439.97,390.58,332.98,4120,100,,,,
1787802517405,2026-08-27 03:48:37,20.13,38.16,40.78,20.33,21.66,21.66,439.93,390.55,332.95,4121,100,,,,
1787803114126,2026-08-27 03:58:34,20.13,38.19,40.78,20.3,21.14,21.5,439.93,390.51,332.92,4121,100,-80.0,,,
1787813142208,2026-08-27 06:45:42,20.15,38.21,40.71,20.2,20.88,21.99,439.93,390.51,332.86,4119,100,,,,
1787813742684,2026-08-27 06:55:42,20.17,38.16,40.72,20.14,21.3,21.73,439.93,390.48,332.83,4122,100,,,,
1787814343164,2026-08-27 07:05:43,20.13,38.2,40.71,20.17,20.75,21.76,439.9,390.45,332.8,4121,100,,,,
1787814943645,2026-08-27 07:15:43,20.14,38.13,40.71,20.11,21.53,21.69,439.9,390.45,332.8,4119,100,,,,
1787815544128,2026-08-27 07:25:44,20.16,38.14,40.68,20.04,21.27,21.73,439.9,390.41,332.74,4124,100,,,,
1787816144604,2026-08-27 07:35:44,20.13,38.13,40.67,20.01,21.2,21.73,439.86,390.38,332.71,4125,100,,,,
1787816745085,2026-08-27 07:45:45,20.14,38.13,40.66,19.95,21.1,21.66,439.86,390.35,332.68,4129,100,,,,
1787817341805,2026-08-27 07:55:41,20.14,38.11,40.63,19.95,21.2,21.73,439.86,390.32,332.62,4121,100,-78.0,,,
1787827365004,2026-08-27 10:42:45,20.14,38.15,40.6,19.95,20.55,21.79,439.86,390.28,332.55,4122,100,,,,
1787827965484,2026-08-27 10:52:45,20.18,38.1,40.6,19.95,20.88,21.4,439.9,390.22,332.49,4125,100,,,,
1787828565967,2026-08-27 11:02:45,20.18,38.04,40.54,19.95,21.27,21.73,439.9,390.15,332.4,4121,100,,,,
1787829166446,2026-08-27 11:12:46,20.2,38.05,40.5,19.98,20.88,21.73,439.93,390.09,332.31,4122,100,,,,
1787829766927,2026-08-27 11:22:46,20.22,38.04,40.46,20.07,20.65,21.76,439.97,390.02,332.22,4124,100,,,,
1787830367406,2026-08-27 11:32:47,20.25,37.91,40.42,20.17,21.27,21.73,440.03,389.96,332.13,4121,100,,,,
1787830967887,2026-08-27 11:42:47,20.27,37.84,40.36,20.26,21.3,21.73,440.07,389.89,332.0,4122,100,,,,
1787831564607,2026-08-27 11:52:44,20.33,37.79,40.31,20.39,21.27,21.89,440.17,389.83,331.91,4122,100,-78.0,-99.0,-11.0,13.0
1787841597008,2026-08-27 14:39:57,20.36,37.77,40.27,20.58,20.94,21.73,440.24,389.73,331.79,4124,100,,,,
1787842197486,2026-08-27 14:49:57,20.38,37.63,40.22,20.81,21.33,21.69,440.31,389.67,331.67,4121,100,,,,
1787842797967,2026-08-27 14:59:57,20.41,37.48,40.17,20.94,21.63,21.59,440.38,389.57,331.55,4122,100,,,,
1787843398449,2026-08-27 15:09:58,20.43,37.45,40.1,21.14,21.33,21.59,440.44,389.47,331.39,4121,100,,,,
1787843998924,2026-08-27 15:19:58,20.44,37.39,40.03,21.36,21.36,21.83,440.51,389.41,331.27,4122,100,,,,
1787844599405,2026-08-27 15:29:59,20.46,37.31,39.99,21.59,21.43,21.73,440.58,389.34,331.15,4127,100,,,,
1787845199915,2026-08-27 15:39:59,20.49,37.38,39.94,21.76,20.84,21.76,440.65,389.28,331.06,4120,100,,,,
1787845796528,2026-08-27 15:49:56,20.51,37.3,39.91,21.96,20.88,21.69,440.72,389.21,330.97,4120,100,-71.0,,,
1787855831406,2026-08-27 18:37:11,20.5,37.15,39.86,22.13,21.5,21.76,440.75,389.18,330.88,4126,100,,,,
1787856431885,2026-08-27 18:47:11,20.53,37.22,39.83,22.33,21.01,21.79,440.82,389.15,330.81,4120,100,,,,
1787857032366,2026-08-27 18:57:12,20.53,37.06,39.8,22.43,21.63,21.79,440.85,389.11,330.75,4123,100,,,,
1787857632847,2026-08-27 19:07:12,20.53,37.18,39.78,22.6,21.04,21.79,440.89,389.11,330.69,4120,100,,,,
1787858233326,2026-08-27 19:17:13,20.53,37.04,39.76,22.73,21.69,21.83,440.92,389.11,330.66,4119,100,,,,
1787858833806,2026-08-27 19:27:13,20.56,37.19,39.75,22.8,21.14,21.79,440.96,389.15,330.63,4123,100,,,,
1787859434288,2026-08-27 19:37:14,20.53,37.16,39.74,22.9,21.3,21.76,440.96,389.15,330.6,4123,100,,,,
1787860031009,2026-08-27 19:47:11,20.53,37.03,39.73,22.9,21.93,21.83,440.96,389.15,330.6,4127,100,-72.0,,,
1787870065646,2026-08-27 22:34:25,20.55,37.05,39.72,22.94,21.96,21.86,440.99,389.18,330.57,4122,100,,,,
1787870666126,2026-08-27 22:44:26,20.54,37.06,39.7,23.0,21.93,21.86,440.99,389.18,330.54,4121,100,,,,
1787871266605,2026-08-27 22:54:26,20.54,37.22,39.7,23.0,21.27,21.83,440.99,389.21,330.54,4122,100,,,,
1787871867090,2026-08-27 23:04:27,20.54,37.09,39.69,23.0,21.93,21.83,440.99,389.21,330.51,4119,100,,,,
1787872467566,2026-08-27 23:14:27,20.53,37.08,39.69,23.04,21.96,21.86,440.99,389.21,330.51,4122,100,,,,
1787873068045,2026-08-27 23:24:28,20.51,37.15,39.67,23.0,21.63,21.89,440.96,389.21,330.48,4118,100,,,,
1787873668523,2026-08-27 23:34:28,20.51,37.12,39.75,23.0,21.79,20.94,440.96,389.21,330.48,4122,100,,,,
1787874265246,2026-08-27 23:44:25,20.48,37.03,39.67,22.97,22.19,21.93,440.92,389.21,330.48,4120,100,-81.0,,,
1787877293407,2026-08-28 00:34:53,20.48,37.03,39.65,23.0,22.23,21.99,440.92,389.21,330.45,4122,100,,,,
1787877893005,2026-08-28 00:44:53,20.48,37.02,39.65,22.97,22.26,21.89,440.92,389.21,330.42,4120,100,-82.0,,,
1787887924286,2026-08-28 03:32:04,20.45,37.16,39.64,22.97,21.56,21.93,440.89,389.21,330.42,4121,100,,,,
1787888524768,2026-08-28 03:42:04,20.46,37.07,39.64,22.94,22.03,21.93,440.89,389.21,330.42,4121,100,,,,
1787889125247,2026-08-28 03:52:05,20.44,36.99,39.62,22.87,22.39,22.03,440.85,389.21,330.39,4116,100,,,,
1787889725727,2026-08-28 04:02:05,20.44,37.32,39.61,22.87,20.94,22.16,440.85,389.24,330.39,4120,100,,,,
1787890326207,2026-08-28 04:12:06,20.42,37.13,39.61,22.83,21.86,22.13,440.82,389.24,330.39,4121,100,,,,
1787890926683,2026-08-28 04:22:06,20.43,37.02,39.64,22.8,22.39,21.73,440.82,389.24,330.39,4119,100,,,,
1787891527166,2026-08-28 04:32:07,20.4,37.05,39.66,22.8,22.23,21.4,440.79,389.24,330.36,4122,100,,,,
1787892123888,2026-08-28 04:42:03,20.41,37.38,39.61,22.73,20.65,22.03,440.79,389.24,330.36,4123,100,-78.0,,,
1787902150767,2026-08-28 07:29:10,20.38,37.01,39.6,22.7,22.43,22.13,440.75,389.24,330.36,4120,100,,,,
1787902751334,2026-08-28 07:39:11,20.39,37.14,39.6,22.66,21.69,22.13,440.75,389.21,330.36,4118,100,,,,
1787903351932,2026-08-28 07:49:11,20.38,37.1,39.58,22.6,21.89,22.13,440.72,389.21,330.33,4125,100,,,,
1787903952619,2026-08-28 07:59:12,20.34,36.99,39.58,22.6,22.39,22.23,440.68,389.21,330.33,4119,100,,,,
1787904553099,2026-08-28 08:09:13,20.35,37.09,39.57,22.53,21.79,22.26,440.68,389.18,330.33,4124,100,,,,
1787905153623,2026-08-28 08:19:13,20.37,37.03,39.57,22.46,22.09,22.19,440.68,389.18,330.3,4124,100,,,,
1787905754049,2026-08-28 08:29:14,20.34,36.98,39.55,22.46,22.19,22.19,440.65,389.15,330.27,4128,100,,,,
1787906350365,2026-08-28 08:39:10,20.3,36.95,39.63,22.46,22.13,21.07,440.61,389.11,330.24,4120,100,-71.0,,,
1787916387085,2026-08-28 11:26:27,20.31,36.79,39.53,22.43,22.8,22.19,440.61,389.08,330.21,4122,100,,,,
1787916987566,2026-08-28 11:36:27,20.3,36.82,39.49,22.46,22.5,22.39,440.61,389.05,330.17,4121,100,,,,
1787917588047,2026-08-28 11:46:28,20.32,36.82,39.49,22.39,22.36,22.23,440.61,389.02,330.14,4122,100,,,,
1787918188527,2026-08-28 11:56:28,20.3,37.08,39.48,22.46,20.97,22.19,440.61,388.99,330.11,4123,100,,,,
1787918789006,2026-08-28 12:06:29,20.3,36.71,39.44,22.46,22.63,22.33,440.61,388.95,330.05,4121,100,,,,
1787919389487,2026-08-28 12:16:29,20.28,36.66,39.44,22.46,22.6,22.16,440.58,388.89,330.02,4125,100,,,,
1787919989967,2026-08-28 12:26:29,20.27,36.63,39.42,22.5,22.6,22.29,440.58,388.86,329.99,4123,100,,,,
1787920586127,2026-08-28 12:36:26,20.26,36.59,39.41,22.56,22.6,22.23,440.58,388.82,329.96,4122,100,-79.0,,,
1787930613326,2026-08-28 15:23:33,20.26,36.73,39.39,22.56,21.79,22.33,440.58,388.79,329.93,4120,100,,,,
1787931213805,2026-08-28 15:33:33,20.25,36.62,39.36,22.6,22.06,22.26,440.58,388.73,329.87,4121,100,,,,
1787931814290,2026-08-28 15:43:34,20.24,36.45,39.38,22.63,22.7,21.86,440.58,388.69,329.84,4121,100,,,,
1787932414767,2026-08-28 15:53:34,20.24,36.53,39.32,22.63,22.19,22.33,440.58,388.66,329.78,4121,100,,,,
1787933015246,2026-08-28 16:03:35,20.24,36.54,39.29,22.63,21.99,22.46,440.58,388.63,329.75,4128,100,,,,
1787933615728,2026-08-28 16:13:35,20.23,36.4,39.29,22.7,22.56,22.26,440.58,388.6,329.72,4125,100,,,,
1787934216207,2026-08-28 16:23:36,20.19,36.38,39.32,22.73,22.46,21.99,440.55,388.56,329.72,4123,100,,,,
1787934812927,2026-08-28 16:33:32,20.19,36.43,39.27,22.73,22.09,22.39,440.55,388.53,329.69,4121,100,-79.0,,,
1787944844529,2026-08-28 19:20:44,20.19,36.35,39.26,22.73,22.33,22.36,440.55,388.5,329.66,4123,100,,,,
1787945445008,2026-08-28 19:30:45,20.15,36.28,39.25,22.77,22.36,22.33,440.51,388.43,329.63,4118,100,,,,
1787946045730,2026-08-28 19:40:45,20.15,36.61,39.23,22.73,20.75,22.33,440.51,388.43,329.6,4122,100,,,,
1787946646207,2026-08-28 19:50:46,20.15,36.2,39.23,22.73,22.63,22.19,440.51,388.4,329.57,4124,100,,,,
1787947246688,2026-08-28 20:00:46,20.11,36.31,39.22,22.8,21.93,22.33,440.48,388.37,329.57,4122,100,,,,
1787947847168,2026-08-28 20:10:47,20.12,36.15,39.21,22.77,22.73,22.33,440.48,388.37,329.54,4123,100,,,,
1787948447646,2026-08-28 20:20:47,20.09,36.15,39.21,22.73,22.73,22.26,440.44,388.37,329.54,4120,100,,,,
1787949044127,2026-08-28 20:30:44,20.07,36.15,39.19,22.7,22.6,22.33,440.41,388.34,329.51,4119,100,-71.0,,,
1787959076762,2026-08-28 23:17:56,20.08,36.08,39.18,22.63,22.94,22.46,440.41,388.34,329.51,4119,100,,,,
1787959677243,2026-08-28 23:27:57,20.06,36.09,39.16,22.6,22.7,22.53,440.38,388.3,329.47,4121,100,,,,
1787960277724,2026-08-28 23:37:57,20.03,36.16,39.2,22.56,22.36,21.99,440.34,388.3,329.47,4120,100,,,,
1787960878206,2026-08-28 23:47:58,20.01,36.13,39.17,22.56,22.39,22.36,440.31,388.27,329.47,4121,100,,,,
1787961478693,2026-08-28 23:57:58,19.98,36.18,39.16,22.5,22.16,22.29,440.27,388.27,329.44,4121,100,,,,
1787962079172,2026-08-29 00:07:59,20.0,36.17,39.16,22.43,22.06,22.36,440.27,388.24,329.44,4120,100,,,,
1787962679651,2026-08-29 00:17:59,19.98,36.14,39.15,22.39,22.19,22.46,440.24,388.24,329.44,4124,100,,,,
1787963276364,2026-08-29 00:27:56,19.97,36.09,39.14,22.29,22.33,22.39,440.21,388.21,329.41,4121,100,-81.0,,,
1787973306206,2026-08-29 03:15:06,19.93,36.09,39.15,22.29,22.33,22.29,440.17,388.21,329.41,4118,100,,,,
1787973906686,2026-08-29 03:25:06,19.93,36.05,39.11,22.19,22.33,22.56,440.14,388.17,329.38,4121,100,,,,
1787974507163,2026-08-29 03:35:07,19.89,36.09,39.11,22.19,22.13,22.6,440.1,388.17,329.38,4119,100,,,,
1787975107643,2026-08-29 03:45:07,19.88,36.09,39.12,22.09,21.99,22.43,440.07,388.14,329.38,4122,100,,,,
1787975708125,2026-08-29 03:55:08,19.86,35.95,39.11,22.03,22.53,22.43,440.03,388.11,329.35,4120,100,,,,
1787976308603,2026-08-29 04:05:08,19.84,36.04,39.11,21.96,22.09,22.46,440.0,388.11,329.35,4120,100,,,,
1787976909084,2026-08-29 04:15:09,19.83,35.91,39.08,21.89,22.6,22.6,439.97,388.08,329.32,4118,100,,,,
1787977505807,2026-08-29 04:25:05,19.81,35.91,39.08,21.83,22.43,22.63,439.93,388.04,329.32,4120,100,-80.0,,,
1787987532925,2026-08-29 07:12:12,19.79,35.88,39.07,21.79,22.43,22.5,439.9,388.01,329.29,4122,100,,,,
1787988133407,2026-08-29 07:22:13,19.76,35.92,39.08,21.73,22.13,22.39,439.86,387.98,329.29,4121,100,,,,
1787988733889,2026-08-29 07:32:13,19.76,35.9,39.04,21.63,22.06,22.8,439.83,387.95,329.26,4119,100,,,,
1787989334364,2026-08-29 07:42:14,19.73,35.76,39.11,21.63,22.56,21.73,439.8,387.91,329.23,4126,100,,,,
1787989934845,2026-08-29 07:52:14,19.7,35.75,39.04,21.59,22.5,22.46,439.76,387.88,329.2,4125,100,,,,
1787990535325,2026-08-29 08:02:15,19.69,35.71,39.01,21.53,22.43,22.46,439.73,387.82,329.14,4123,100,,,,
1787991135806,2026-08-29 08:12:15,19.66,35.66,38.98,21.46,22.33,22.5,439.69,387.75,329.08,4119,100,,,,
1787991732526,2026-08-29 08:22:12,19.68,35.59,38.95,21.4,22.43,22.46,439.69,387.69,329.02,4123,100,-70.0,,,
