timestamp,datetime,-10|ENV__SOIL__VWC,-30|ENV__SOIL__VWC,-45|ENV__SOIL__VWC,-10|ENV__SOIL__T,-30|ENV__SOIL__T,-45|ENV__SOIL__T,-10|ENV__SOIL__CAPACITANCE__ABSOLUTE,-30|ENV__SOIL__CAPACITANCE__ABSOLUTE,-45|ENV__SOIL__CAPACITANCE__ABSOLUTE,DOC|ENV__SOIL__IRRIGATION,DEVICE|DEV__ENERGY__VBAT,DEVICE|DEV__ENERGY__VCAP,MTB|ENV__ATMO__T,MTB|ENV__ATMO__RH,MTB|ENV__ATMO__P,MTB|ENV__ATMO__DEWPOINT,MTB|ENV__ATMO__RAIN__DELTA,MTB|ENV__ATMO__WIND__SPEED,MTB|ENV__ATMO__WIND__DIRECTION,MTB|ENV__SOIL__ET,MTB|ENV__SOIL__T,MTB|ENV__SOIL__VWC
1784246400000,2026-07-17 00:00:00,,,,,,,,,,,,,19.519500732421875,77.0,1016.2000122070312,15.37956714630127,0.1000000014901161,5.351784706115723,250.34608459472656,0.0199999995529651,21.569499969482425,0.0949999988079071
1784250000000,2026-07-17 01:00:00,,,,,,,,,,,,,19.16950035095215,79.0,1014.4000244140624,15.439845085144045,0.0,9.44957160949707,72.25524139404297,0.0199999995529651,21.269500732421875,0.0949999988079071
1784253600000,2026-07-17 02:00:00,,,,,,,,,,,,,19.069499969482425,81.0,1013.9000244140624,15.732911109924316,0.699999988079071,8.496304512023926,36.38444900512695,0.0199999995529651,21.069499969482425,0.0939999967813491
1784257200000,2026-07-17 03:00:00,,,,,,,,,,,,,19.16950035095215,77.0,1013.0,15.04051113128662,4.900000095367432,10.464797019958496,40.81498718261719,0.0599999986588954,20.6195011138916,0.0979999974370002
1784260800000,2026-07-17 04:00:00,,,,,,,,,,,,,18.519500732421875,83.0,1012.5999755859376,15.577092170715332,0.0,6.489992141723633,93.17977142333984,0.0500000044703483,20.219501495361328,0.1049999967217445
1784264400000,2026-07-17 05:00:00,,,,,,,,,,,,,19.019500732421875,82.0,1012.5999755859376,15.87606143951416,0.0,5.447788238525391,97.59455108642578,0.0500000044703483,20.219501495361328,0.1099999994039535
1784268000000,2026-07-17 06:00:00,,,,,,,,,,,,,20.219501495361328,80.0,1012.5,16.658023834228516,0.0,6.287129878997803,103.24053192138672,0.0799999982118606,21.219501495361328,0.1129999980330467
1784271600000,2026-07-17 07:00:00,,,,,,,,,,,,,21.41950035095215,77.0,1012.5,17.21991539001465,0.0,5.351784706115723,132.27362060546875,0.1400000154972076,22.6195011138916,0.1140000000596046
1784275200000,2026-07-17 08:00:00,,,,,,,,,,,,,22.66950035095215,73.0,1012.5,17.581789016723633,0.0,5.506940841674805,168.6901092529297,0.1899999976158142,24.469501495361328,0.1150000020861625
1784278800000,2026-07-17 09:00:00,,,,,,,,,,,,,23.8695011138916,67.0,1012.0999755859376,17.37127113342285,0.0,5.399999618530273,233.1300201416016,0.25,26.1195011138916,0.1159999966621398
1784282400000,2026-07-17 10:00:00,,,,,,,,,,,,,24.969501495361328,60.0,1011.7999877929688,16.669025421142578,0.0,3.877318382263184,248.1985321044922,0.25,26.969501495361328,0.1159999966621398
1784286000000,2026-07-17 11:00:00,,,,,,,,,,,,,26.069499969482425,57.0,1011.7000122070312,16.890249252319336,0.0,3.617955207824707,185.7104949951172,0.2800000309944153,28.019500732421875,0.1150000020861625
1784289600000,2026-07-17 12:00:00,,,,,,,,,,,,,27.219501495361328,54.0,1011.4000244140624,17.10596466064453,0.0,5.9044389724731445,217.56866455078125,0.2599999904632568,29.1195011138916,0.1150000020861625
1784293200000,2026-07-17 13:00:00,,,,,,,,,,,,,28.519500732421875,45.0,1010.9000244140624,15.43503475189209,0.0,10.086426734924316,272.0453491210937,0.270000010728836,30.16950035095215,0.1140000000596046
1784296800000,2026-07-17 14:00:00,,,,,,,,,,,,,28.8695011138916,35.0,1010.4000244140624,11.881597518920898,0.0,14.345897674560549,287.5256652832031,0.2599999904632568,30.519500732421875,0.1129999980330467
1784300400000,2026-07-17 15:00:00,,,,,,,,,,,,,29.269500732421875,35.0,1009.2000122070312,12.233141899108888,0.0,10.93120288848877,252.75845336914065,0.2399999946355819,30.66950035095215,0.1129999980330467
1784304000000,2026-07-17 16:00:00,,,,,,,,,,,,,28.519500732421875,34.0,1008.9000244140624,11.13598918914795,0.0,17.377225875854492,283.17254638671875,0.1899999976158142,29.569499969482425,0.1120000034570694
1784307600000,2026-07-17 17:00:00,,,,,,,,,,,,,27.91950035095215,29.0,1008.9000244140624,8.243449211120605,0.0,17.163354873657227,279.6598205566406,0.1800000071525573,28.6195011138916,0.1110000014305114
1784311200000,2026-07-17 18:00:00,,,,,,,,,,,,,26.219501495361328,48.0,1009.4000244140624,14.34474277496338,0.0,19.959720611572266,309.1439819335937,0.1299999952316284,27.569499969482425,0.1099999994039535
1784314800000,2026-07-17 19:00:00,,,,,,,,,,,,,24.069499969482425,55.0,1010.4000244140624,14.469771385192873,0.0,14.98222827911377,324.7823181152344,0.0700000077486038,25.969501495361328,0.1099999994039535
1784318400000,2026-07-17 20:00:00,,,,,,,,,,,,,22.319499969482425,60.0,1011.0999755859376,14.179866790771484,0.0,12.475960731506348,313.8309326171875,0.0500000044703483,24.469501495361328,0.1089999973773956
1784322000000,2026-07-17 21:00:00,,,,,,,,,,,,,20.8695011138916,71.0,1011.5999755859376,15.41590690612793,0.0,12.313894271850586,307.8750305175781,0.0399999991059303,23.41950035095215,0.1089999973773956
1784325600000,2026-07-17 22:00:00,,,,,,,,,,,,,19.3695011138916,78.0,1012.0,15.435354232788086,0.0,14.654253959655762,297.8240051269531,0.0299999993294477,22.469501495361328,0.1080000028014183
1784329200000,2026-07-17 23:00:00,,,,,,,,,,,,,18.069499969482425,85.0,1012.2999877929688,15.50819492340088,0.0,11.631956100463867,291.8014831542969,0.0199999995529651,21.469501495361328,0.1080000028014183
1784332800000,2026-07-18 00:00:00,,,,,,,,,,,,,18.269500732421875,81.0,1011.9000244140624,14.953119277954102,0.0,12.39780616760254,295.8209228515625,0.0099999997764825,21.66950035095215,0.0939999967813491
1784336400000,2026-07-18 01:00:00,,,,,,,,,,,,,17.1195011138916,86.0,1012.4000244140624,14.758047103881836,0.0,13.10419750213623,290.924560546875,0.0099999997764825,20.719501495361328,0.0939999967813491
1784340000000,2026-07-18 02:00:00,,,,,,,,,,,,,16.41950035095215,89.0,1012.5,14.600932121276855,0.0,12.496719360351562,281.63360595703125,0.0099999997764825,19.969501495361328,0.0939999967813491
1784343600000,2026-07-18 03:00:00,,,,,,,,,,,,,16.16950035095215,88.0,1012.7999877929688,14.179777145385742,0.0,11.570514678955078,275.3557434082031,0.0,19.41950035095215,0.0939999967813491
1784347200000,2026-07-18 04:00:00,,,,,,,,,,,,,16.219501495361328,89.0,1012.7999877929688,14.403727531433104,0.0,11.165804862976074,268.1524353027344,0.0099999997764825,19.1195011138916,0.0939999967813491
1784350800000,2026-07-18 05:00:00,,,,,,,,,,,,,17.1195011138916,82.0,1012.7000122070312,14.021210670471191,0.0,18.356470108032227,281.3099060058594,0.0099999997764825,19.319499969482425,0.0939999967813491
1784354400000,2026-07-18 06:00:00,,,,,,,,,,,,,17.569499969482422,73.0,1012.5999755859376,12.673421859741213,0.0,18.67147445678711,289.1337280273437,0.0199999995529651,19.8695011138916,0.0939999967813491
1784358000000,2026-07-18 07:00:00,,,,,,,,,,,,,18.41950035095215,67.0,1012.5999755859376,12.180831909179688,0.0,18.0,286.2602844238281,0.0500000044703483,20.819499969482425,0.0930000022053718
1784361600000,2026-07-18 08:00:00,,,,,,,,,,,,,19.569499969482425,57.0,1012.7000122070312,10.821114540100098,0.0,17.727943420410156,282.90740966796875,0.0799999982118606,22.319499969482425,0.0930000022053718
1784365200000,2026-07-18 09:00:00,,,,,,,,,,,,,21.269500732421875,50.0,1012.7999877929688,10.428833961486816,0.0,18.79255104064941,286.6993103027344,0.1000000089406967,23.6195011138916,0.0930000022053718
1784368800000,2026-07-18 10:00:00,,,,,,,,,,,,,21.769500732421875,49.0,1012.9000244140624,10.584882736206056,0.0,19.164718627929688,275.38922119140625,0.1199999973177909,25.16950035095215,0.0930000022053718
1784372400000,2026-07-18 11:00:00,,,,,,,,,,,,,22.16950035095215,51.0,1012.9000244140624,11.555706977844238,0.0,20.43138694763184,284.2811279296875,0.1099999994039535,25.269500732421875,0.0930000022053718
1784376000000,2026-07-18 12:00:00,,,,,,,,,,,,,21.8695011138916,54.0,1012.7999877929688,12.145208358764648,0.0,19.855558395385746,292.38018798828125,0.1000000089406967,25.3695011138916,0.0920000001788139
1784379600000,2026-07-18 13:00:00,,,,,,,,,,,,,20.3695011138916,61.0,1013.2999877929688,12.599172592163086,0.0,20.46940994262696,304.24908447265625,0.0700000077486038,24.41950035095215,0.0920000001788139
1784383200000,2026-07-18 14:00:00,,,,,,,,,,,,,20.819499969482425,55.0,1013.2999877929688,11.447858810424805,0.0,20.991426467895508,300.96368408203125,0.0799999982118606,24.569499969482425,0.0920000001788139
1784386800000,2026-07-18 15:00:00,,,,,,,,,,,,,21.469501495361328,48.0,1013.0,10.001091003417969,0.0,17.11420440673828,284.62091064453125,0.0799999982118606,24.469501495361328,0.0920000001788139
1784390400000,2026-07-18 16:00:00,,,,,,,,,,,,,22.3695011138916,42.0,1012.5999755859376,8.831387519836426,0.0,18.345876693725582,285.9454650878906,0.0900000035762786,24.469501495361328,0.090999998152256
1784394000000,2026-07-18 17:00:00,,,,,,,,,,,,,20.969501495361328,50.0,1012.7999877929688,10.152929306030272,0.0,19.87839126586914,305.4171142578125,0.0799999982118606,24.219501495361328,0.090999998152256
1784397600000,2026-07-18 18:00:00,,,,,,,,,,,,,20.319499969482425,48.0,1013.0,8.948450088500977,0.0,16.099689483642578,296.5649719238281,0.0500000044703483,23.1195011138916,0.090999998152256
1784401200000,2026-07-18 19:00:00,,,,,,,,,,,,,19.069499969482425,49.0,1013.2999877929688,8.107075691223145,0.0,13.202726364135742,295.8663024902344,0.0299999993294477,21.819499969482425,0.090999998152256
1784404800000,2026-07-18 20:00:00,,,,,,,,,,,,,17.769500732421875,56.0,1013.5999755859376,8.876165390014648,0.0,10.086426734924316,304.8245544433594,0.0199999995529651,20.6195011138916,0.090999998152256
1784408400000,2026-07-18 21:00:00,,,,,,,,,,,,,16.569499969482422,60.0,1014.0,8.773612976074219,0.0,10.883675575256348,304.2157592773437,0.0099999997764825,19.66950035095215,0.090999998152256
1784412000000,2026-07-18 22:00:00,,,,,,,,,,,,,15.819499969482422,63.0,1014.2000122070312,8.788179397583008,0.0,10.002559661865234,300.25634765625,0.0099999997764825,18.91950035095215,0.090999998152256
1784415600000,2026-07-18 23:00:00,,,,,,,,,,,,,15.01949977874756,69.0,1014.2999877929688,9.376893997192385,0.0,8.640000343322754,270.0,0.0099999997764825,18.319499969482425,0.090999998152256
1784419200000,2026-07-19 00:00:00,,,,,,,,,,,,,15.569499969482422,73.0,1014.4000244140624,10.747586250305176,0.0,9.720000267028809,270.0,0.0099999997764825,18.569499969482425,0.0989999994635582
1784422800000,2026-07-19 01:00:00,,,,,,,,,,,,,14.719499588012695,75.0,1014.2999877929688,10.333369255065918,0.0,9.178235054016112,244.4400787353516,0.0099999997764825,17.8695011138916,0.0989999994635582
1784426400000,2026-07-19 02:00:00,,,,,,,,,,,,,13.919499397277832,79.0,1014.5,10.336678504943848,0.0,11.212135314941406,264.4725646972656,0.0099999997764825,17.1195011138916,0.0989999994635582
1784430000000,2026-07-19 03:00:00,,,,,,,,,,,,,13.119500160217283,80.0,1014.5,9.74630641937256,0.0,10.829957962036133,248.5522003173828,0.0099999997764825,16.41950035095215,0.0989999994635582
1784433600000,2026-07-19 04:00:00,,,,,,,,,,,,,12.869500160217283,82.0,1014.2999877929688,9.87102508544922,0.0,11.43531322479248,241.82150268554688,0.0099999997764825,15.919499397277832,0.0989999994635582
1784437200000,2026-07-19 05:00:00,,,,,,,,,,,,,13.819499969482422,76.0,1014.0,9.66098690032959,0.0,13.84947681427002,242.1028289794922,0.0099999997764825,16.1195011138916,0.0989999994635582
1784440800000,2026-07-19 06:00:00,,,,,,,,,,,,,14.919499397277832,70.0,1014.0999755859376,9.495253562927246,0.0,15.683775901794434,260.75396728515625,0.0299999993294477,16.8695011138916,0.0989999994635582
1784444400000,2026-07-19 07:00:00,,,,,,,,,,,,,15.319499969482422,70.0,1014.0999755859376,9.878599166870115,0.0,17.67302894592285,266.4965209960937,0.0399999991059303,17.969501495361328,0.0979999974370002
1784448000000,2026-07-19 08:00:00,,,,,,,,,,,,,14.369500160217283,81.0,1014.4000244140624,11.150763511657717,0.1000000014901161,18.05750846862793,274.5738220214844,0.0399999991059303,17.6195011138916,0.0979999974370002
1784451600000,2026-07-19 09:00:00,,,,,,,,,,,,,14.719499588012695,81.0,1014.7000122070312,11.492058753967283,0.1000000014901161,11.885453224182127,271.73565673828125,0.0399999991059303,17.3695011138916,0.0979999974370002
1784455200000,2026-07-19 10:00:00,,,,,,,,,,,,,16.569499969482422,71.0,1015.2999877929688,11.29039478302002,0.0,16.203998565673828,271.27301025390625,0.0799999982118606,18.719501495361328,0.0979999974370002
1784458800000,2026-07-19 11:00:00,,,,,,,,,,,,,17.219501495361328,67.0,1015.9000244140624,11.03729248046875,0.3000000119209289,14.529914855957031,311.98712158203125,0.1099999994039535,19.3695011138916,0.0979999974370002
1784462400000,2026-07-19 12:00:00,,,,,,,,,,,,,18.3695011138916,64.0,1016.0999755859376,11.43874740600586,0.0,15.46324634552002,294.7751159667969,0.1299999952316284,20.6195011138916,0.0979999974370002
1784466000000,2026-07-19 13:00:00,,,,,,,,,,,,,17.8695011138916,67.0,1016.5,11.65674114227295,0.0,18.19336128234864,297.0719909667969,0.1099999994039535,20.91950035095215,0.0979999974370002
1784469600000,2026-07-19 14:00:00,,,,,,,,,,,,,16.91950035095215,72.0,1016.9000244140624,11.83823013305664,0.5,16.485485076904297,301.6074523925781,0.1000000089406967,19.969501495361328,0.0979999974370002
1784473200000,2026-07-19 15:00:00,,,,,,,,,,,,,17.91950035095215,71.0,1017.0,12.585914611816406,0.0,17.25373077392578,293.3555908203125,0.1299999952316284,20.3695011138916,0.0979999974370002
1784476800000,2026-07-19 16:00:00,,,,,,,,,,,,,18.6195011138916,53.0,1017.0,8.850895881652832,0.0,13.049689292907717,294.4439392089844,0.1199999973177909,20.3695011138916,0.0979999974370002
1784480400000,2026-07-19 17:00:00,,,,,,,,,,,,,19.219501495361328,52.0,1016.9000244140624,9.12381076812744,0.0,15.379205703735352,290.5561218261719,0.1099999994039535,20.8695011138916,0.0979999974370002
1784484000000,2026-07-19 18:00:00,,,,,,,,,,,,,18.569499969482425,52.0,1016.9000244140624,8.522831916809082,0.0,14.458381652832031,288.8861694335937,0.0799999982118606,20.319499969482425,0.0979999974370002
1784487600000,2026-07-19 19:00:00,,,,,,,,,,,,,17.569499969482422,56.0,1017.0999755859376,8.689568519592285,0.0,10.82995891571045,285.4222106933594,0.0399999991059303,19.219501495361328,0.0979999974370002
1784491200000,2026-07-19 20:00:00,,,,,,,,,,,,,16.219501495361328,61.0,1017.2999877929688,8.68858814239502,0.0,9.793058395385742,287.1028137207031,0.0199999995529651,18.219501495361328,0.0979999974370002
1784494800000,2026-07-19 21:00:00,,,,,,,,,,,,,15.369500160217283,68.0,1017.5999755859376,9.49421501159668,0.0,9.53150463104248,280.8854675292969,0.0099999997764825,17.519500732421875,0.0989999994635582
1784498400000,2026-07-19 22:00:00,,,,,,,,,,,,,15.119500160217283,73.0,1017.7999877929688,10.314196586608888,0.1000000014901161,10.661107063293455,281.6893310546875,0.0199999995529651,17.16950035095215,0.0989999994635582
1784502000000,2026-07-19 23:00:00,,,,,,,,,,,,,14.619500160217283,82.0,1017.7999877929688,11.580121040344238,0.1000000014901161,10.239453315734863,280.1246032714844,0.0199999995529651,16.819499969482422,0.0989999994635582
1784505600000,2026-07-20 00:00:00,,,,,,,,,,,,,13.919499397277832,84.0,1018.0,11.25978946685791,0.1000000014901161,12.074766159057615,280.3047790527344,0.0099999997764825,16.6195011138916,0.1049999967217445
1784509200000,2026-07-20 01:00:00,,,,,,,,,,,,,13.569499969482422,88.0,1018.5,11.619341850280762,0.0,13.084402084350586,277.9070739746094,0.0099999997764825,16.219501495361328,0.1049999967217445
1784512800000,2026-07-20 02:00:00,,,,,,,,,,,,,13.319499969482422,89.0,1018.5999755859376,11.543978691101074,0.0,12.72792148590088,278.1300048828125,0.0099999997764825,15.819499969482422,0.1040000021457672
1784516400000,2026-07-20 03:00:00,,,,,,,,,,,,,13.419499397277832,89.0,1018.7000122070312,11.642597198486328,0.0,13.039753913879396,276.340087890625,0.0099999997764825,15.719499588012695,0.1040000021457672
1784520000000,2026-07-20 04:00:00,,,,,,,,,,,,,13.569499969482422,89.0,1018.9000244140624,11.790526390075684,0.0,13.004920959472656,274.7635498046875,0.0099999997764825,15.619500160217283,0.1040000021457672
1784523600000,2026-07-20 05:00:00,,,,,,,,,,,,,13.669499397277832,89.0,1019.0999755859376,11.889144897460938,0.1000000014901161,16.595178604125977,282.52880859375,0.0199999995529651,15.719499588012695,0.1040000021457672
1784527200000,2026-07-20 06:00:00,,,,,,,,,,,,,13.869500160217283,87.0,1019.0999755859376,11.74148941040039,0.1000000014901161,14.417987823486328,272.8623352050781,0.0299999993294477,15.819499969482422,0.1040000021457672
1784530800000,2026-07-20 07:00:00,,,,,,,,,,,,,14.76949977874756,80.0,1019.2000122070312,11.35300064086914,0.0,16.676977157592773,283.7362976074219,0.0500000044703483,16.469501495361328,0.1040000021457672
1784531064640,2026-07-20 07:04:24,9.42,7.21,8.4,19.48,19.73,19.73,424.58,361.24,310.72,,3618.0,43.19459459459457,,,,,,,,,,
1784534400000,2026-07-20 08:00:00,,,,,,,,,,,,,15.569499969482422,76.0,1019.4000244140624,11.354595184326172,0.0,17.317459106445312,290.6955261230469,0.0700000077486038,17.469501495361328,0.1040000021457672
1784534407000,2026-07-20 08:00:07,9.36,7.11,8.36,19.44,19.95,19.73,424.52,361.2,310.69,,,,,,,,,,,,,
1784538000000,2026-07-20 09:00:00,,,,,,,,,,,,,16.66950035095215,69.0,1019.5,10.955304145812988,0.0,17.782686233520508,301.7594299316406,0.0799999982118606,18.1195011138916,0.1040000021457672
1784538007000,2026-07-20 09:00:07,9.33,7.08,8.36,19.38,19.92,19.73,424.48,361.17,310.69,,,,,,,,,,,,,
1784541600000,2026-07-20 10:00:00,,,,,,,,,,,,,17.66950035095215,64.0,1019.7999877929688,10.7753267288208,0.0,17.727943420410156,293.9624938964844,0.1000000089406967,19.3695011138916,0.1040000021457672
1784541607000,2026-07-20 10:00:07,9.3,7.23,8.37,19.35,19.35,19.7,424.45,361.17,310.69,,,,,,,,,,,,,
1784545200000,2026-07-20 11:00:00,,,,,,,,,,,,,18.519500732421875,60.0,1020.0,10.607842445373535,0.0,19.770523071289062,303.1113586425781,0.1099999994039535,20.66950035095215,0.1040000021457672
1784545207000,2026-07-20 11:00:07,9.27,7.13,8.35,19.32,19.6,19.63,424.42,361.14,310.66,,,,,,,,,,,,,
1784548800000,2026-07-20 12:00:00,,,,,,,,,,,,,18.719501495361328,56.0,1020.2000122070312,9.762374877929688,0.0,16.808568954467773,279.8657531738281,0.0900000035762786,20.819499969482425,0.1040000021457672
1784548807000,2026-07-20 12:00:07,21.74,33.24,39.24,15.54,15.31,15.2,435.27,387.07,339.27,,,,,,,,,,,,,
1784550120000,2026-07-20 12:22:00,,,,,,,,,,250.0,,,,,,,,,,,,
1784552400000,2026-07-20 13:00:00,,,,,,,,,,,,,20.6195011138916,47.0,1020.0,8.910711288452148,0.0,15.580141067504885,310.31402587890625,0.1099999994039535,22.219501495361328,0.1040000021457672
1784552407000,2026-07-20 13:00:07,19.25,27.25,32.26,15.57,15.83,16.46,432.82,380.61,331.3,,,,,,,,,,,,,
1784552913967,2026-07-20 13:08:33,19.15,26.99,31.84,15.57,15.94,16.52,432.72,380.35,330.91,,3587.0,39.298648648648665,,,,,,,,,,
1784552916139,2026-07-20 13:08:36,19.15,26.99,31.84,15.57,15.94,16.52,432.72,380.35,330.91,,3587.0,39.298648648648665,,,,,,,,,,
1784556000000,2026-07-20 14:00:00,,,,,,,,,,,,,20.16950035095215,52.0,1020.2000122070312,10.001955032348633,0.0,15.542661666870115,283.3925170898437,0.1000000089406967,22.519500732421875,0.1040000021457672
1784556007000,2026-07-20 14:00:07,18.58,25.96,30.01,15.66,15.66,16.46,432.18,379.16,329.17,,,,,,,,,,,,,
1784559600000,2026-07-20 15:00:00,,,,,,,,,,,,,20.719501495361328,39.0,1020.2999877929688,6.265016555786133,0.0,16.641971588134766,321.1466064453125,0.1000000089406967,22.269500732421875,0.1030000001192092
1784559607000,2026-07-20 15:00:07,18.26,25.23,28.85,15.83,16.2,16.64,431.91,378.49,328.11,,,,,,,,,,,,,
1784563200000,2026-07-20 16:00:00,,,,,,,,,,,,,20.569499969482425,41.0,1020.2999877929688,6.857966899871826,0.0,14.480772972106934,325.1246032714844,0.0900000035762786,21.8695011138916,0.1030000001192092
1784563207000,2026-07-20 16:00:07,18.06,24.93,28.06,15.97,15.91,16.7,431.74,378.1,327.38,,,,,,,,,,,,,
1784566800000,2026-07-20 17:00:00,,,,,,,,,,,,,20.019500732421875,46.0,1020.4000244140624,8.0458402633667,0.0,14.79945945739746,318.9452819824219,0.0700000077486038,21.569499969482425,0.1030000001192092
1784566807000,2026-07-20 17:00:07,17.92,24.46,27.41,16.11,16.93,17.17,431.64,377.81,326.86,,,,,,,,,,,,,
1784570400000,2026-07-20 18:00:00,,,,,,,,,,,,,19.319499969482425,50.0,1020.7999877929688,8.634969711303711,0.0,14.693999290466309,329.03631591796875,0.0500000044703483,20.769500732421875,0.1030000001192092
1784570407000,2026-07-20 18:00:07,17.85,24.42,26.99,16.26,16.26,17.05,431.6,377.62,326.44,,,,,,,,,,,,,
1784574000000,2026-07-20 19:00:00,,,,,,,,,,,,,18.6195011138916,58.0,1021.2000122070312,10.193344116210938,0.0,13.755578994750977,317.12109375,0.0299999993294477,19.969501495361328,0.1019999980926513
1784574007000,2026-07-20 19:00:07,17.82,24.16,26.55,16.4,16.93,17.43,431.6,377.49,326.1,,,,,,,,,,,,,
1784574528717,2026-07-20 19:08:48,17.81,24.27,26.44,16.43,16.26,17.64,431.6,377.46,326.04,,3603.0,41.30945945945948,,,,,,,,,,
1784574540595,2026-07-20 19:09:00,17.81,24.27,26.44,16.43,16.26,17.64,431.6,377.46,326.04,,3603.0,41.30945945945948,,,,,,,,,,
1784574542993,2026-07-20 19:09:02,17.81,24.27,26.44,16.43,16.26,17.64,431.6,377.46,326.04,,3603.0,41.30945945945948,,,,,,,,,,
1784577600000,2026-07-20 20:00:00,,,,,,,,,,,,,17.469501495361328,66.0,1021.9000244140624,11.048701286315918,0.0,11.72075080871582,312.5104064941406,0.0099999997764825,19.1195011138916,0.1019999980926513
1784577607000,2026-07-20 20:00:07,17.79,24.12,26.17,16.52,16.99,17.7,431.6,377.46,325.8,,,,,,,,,,,,,
1784581200000,2026-07-20 21:00:00,,,,,,,,,,,,,16.319499969482422,74.0,1022.2999877929688,11.675745964050291,0.0,10.799999237060549,306.8699645996094,0.0099999997764825,18.319499969482425,0.1019999980926513
1784581207000,2026-07-20 21:00:07,17.77,23.9,25.9,16.61,17.22,17.61,431.6,377.27,325.53,,,,,,,,,,,,,
1784584800000,2026-07-20 22:00:00,,,,,,,,,,,,,15.619500160217283,78.0,1022.5999755859376,11.796175956726074,0.0,11.246759414672852,309.8055114746094,0.0099999997764825,17.719501495361328,0.1019999980926513
1784584807000,2026-07-20 22:00:07,17.75,23.82,25.63,16.7,17.28,17.67,431.6,377.2,325.29,,,,,,,,,,,,,
1784588400000,2026-07-20 23:00:00,,,,,,,,,,,,,15.01949977874756,81.0,1022.7000122070312,11.784591674804688,0.0,10.99032211303711,301.6074523925781,0.0099999997764825,17.269500732421875,0.1019999980926513
1784588407000,2026-07-20 23:00:07,17.73,23.73,25.38,16.81,17.43,17.73,431.6,377.14,325.07,,,,,,,,,,,,,
1784592000000,2026-07-21 00:00:00,,,,,,,,,,,,,14.369500160217283,81.0,1022.9000244140624,11.150763511657717,0.0,9.957108497619627,282.52880859375,0.0099999997764825,16.469501495361328,0.1140000000596046
1784592007000,2026-07-21 00:00:07,17.72,23.68,25.18,16.84,17.4,17.79,431.6,377.08,324.89,,,,,,,,,,,,,
1784595600000,2026-07-21 01:00:00,,,,,,,,,,,,,13.619500160217283,86.0,1022.7000122070312,11.320876121520996,0.0,9.227523803710938,290.5561218261719,0.0099999997764825,15.869500160217283,0.1140000000596046
1784595607000,2026-07-21 01:00:07,17.67,23.6,24.94,16.93,17.49,18.03,431.57,377.01,324.71,,,,,,,,,,,,,
1784596086129,2026-07-21 01:08:06,17.68,23.63,24.97,16.9,17.2,17.7,431.57,376.98,324.68,,3597.0,40.5554054054054,,,,,,,,,,
1784599200000,2026-07-21 02:00:00,,,,,,,,,,,,,12.919499397277832,91.0,1022.7999877929688,11.485147476196287,0.0,9.227523803710938,290.5561218261719,0.0099999997764825,15.369500160217283,0.1129999980330467
1784602800000,2026-07-21 03:00:00,,,,,,,,,,,,,12.51949977874756,92.0,1022.7999877929688,11.254494667053224,0.0,9.957108497619627,282.52880859375,0.0099999997764825,15.069499969482422,0.1129999980330467
1784606400000,2026-07-21 04:00:00,,,,,,,,,,,,,12.319499969482422,92.0,1023.0,11.05646800994873,0.0,9.114471435546877,279.0901794433594,0.0099999997764825,14.719499588012695,0.1129999980330467
1784610000000,2026-07-21 05:00:00,,,,,,,,,,,,,12.76949977874756,88.0,1023.2000122070312,10.831436157226562,0.0,9.0,286.2602844238281,0.0099999997764825,14.819499969482422,0.1129999980330467
1784613600000,2026-07-21 06:00:00,,,,,,,,,,,,,13.869500160217283,84.0,1023.2000122070312,11.210821151733398,0.0,8.766572952270508,289.1791076660156,0.0299999993294477,15.819499969482422,0.1129999980330467
1784617200000,2026-07-21 07:00:00,,,,,,,,,,,,,15.419499397277832,79.0,1023.2999877929688,11.79502296447754,0.0,8.31124496459961,287.65020751953125,0.0500000044703483,17.41950035095215,0.1129999980330467
1784620800000,2026-07-21 08:00:00,,,,,,,,,,,,,17.269500732421875,73.0,1023.2999877929688,12.3845796585083,0.0,7.993297576904297,277.7650756835937,0.0700000077486038,19.469501495361328,0.1129999980330467
1784621162000,2026-07-21 08:06:02,17.49,23.16,23.85,17.11,17.73,18.09,431.43,376.59,323.71,,,,,,,,,,,,,
1784624400000,2026-07-21 09:00:00,,,,,,,,,,,,,19.269500732421875,64.0,1023.2999877929688,12.29157829284668,0.0,8.049844741821289,280.3047790527344,0.1099999994039535,21.769500732421875,0.1129999980330467
1784624762000,2026-07-21 09:06:02,17.46,23.08,23.68,17.11,17.85,18.27,431.4,376.53,323.59,,,,,,,,,,,,,
1784628000000,2026-07-21 10:00:00,,,,,,,,,,,,,20.819499969482425,50.0,1023.2000122070312,10.014963150024414,0.0,8.049844741821289,296.5649719238281,0.1400000154972076,23.519500732421875,0.1120000034570694
1784628362000,2026-07-21 10:06:02,17.37,23.01,23.58,17.17,17.76,18.15,431.33,376.43,323.47,,,,,,,,,,,,,
1784631600000,2026-07-21 11:00:00,,,,,,,,,,,,,21.769500732421875,41.0,1023.0999755859376,7.936122417449951,0.0,11.04326057434082,289.02569580078125,0.1700000017881393,25.16950035095215,0.1120000034570694
1784631962000,2026-07-21 11:06:02,17.31,22.97,23.41,17.17,17.4,18.18,431.27,376.31,323.32,,,,,,,,,,,,,
1784635200000,2026-07-21 12:00:00,,,,,,,,,,,,,22.41950035095215,33.0,1022.5999755859376,5.353528022766113,0.0,8.707237243652344,299.7447814941406,0.1700000017881393,25.469501495361328,0.1110000014305114
1784635562000,2026-07-21 12:06:02,17.18,22.64,23.29,17.22,18.27,18.15,431.16,376.15,323.2,,,,,,,,,,,,,
1784638800000,2026-07-21 13:00:00,,,,,,,,,,,,,22.969501495361328,29.0,1022.4000244140624,3.980592727661133,0.0,11.966954231262209,316.21881103515625,0.1700000017881393,25.91950035095215,0.1110000014305114
1784639162000,2026-07-21 13:06:02,17.02,22.63,23.08,17.34,17.4,18.37,431.03,375.95,323.05,,,,,,,,,,,,,
1784639278407,2026-07-21 13:07:58,17.02,22.65,23.12,17.34,17.34,18.15,431.03,375.95,323.05,,3597.0,40.5554054054054,,,,,,,,,,
1784642400000,2026-07-21 14:00:00,,,,,,,,,,,,,23.269500732421875,23.0,1021.9000244140624,0.974052906036377,0.0,9.605998039245604,12.994629859924316,0.1599999964237213,26.319499969482425,0.1099999994039535
1784642762000,2026-07-21 14:06:02,16.95,22.42,22.95,17.46,17.73,18.21,430.99,375.79,322.9,,,,,,,,,,,,,
1784646000000,2026-07-21 15:00:00,,,,,,,,,,,,,23.6195011138916,31.0,1021.5999755859376,5.499029159545898,0.0,12.101570129394531,337.2489929199219,0.1400000154972076,26.269500732421875,0.1089999973773956
1784646362000,2026-07-21 15:06:02,16.86,22.31,22.81,17.58,17.52,18.24,430.93,375.63,322.78,,,,,,,,,,,,,
1784649600000,2026-07-21 16:00:00,,,,,,,,,,,,,23.569499969482425,33.0,1021.5,6.360136985778809,0.0,13.891522407531738,301.2183532714844,0.1099999994039535,25.569499969482425,0.1089999973773956
1784649962000,2026-07-21 16:06:02,16.76,22.16,22.66,17.73,17.52,18.15,430.86,375.47,322.62,,,,,,,,,,,,,
1784653200000,2026-07-21 17:00:00,,,,,,,,,,,,,22.469501495361328,35.0,1021.5999755859376,6.248028755187988,0.0,15.580141067504885,319.6859741210937,0.0900000035762786,24.6195011138916,0.1080000028014183
1784653562000,2026-07-21 17:06:02,16.65,22.03,22.58,17.88,17.61,17.88,430.79,375.35,322.5,,,,,,,,,,,,,
1784656800000,2026-07-21 18:00:00,,,,,,,,,,,,,21.269500732421875,39.0,1021.5,6.756327629089356,0.0,14.98222827911377,324.7823181152344,0.0700000077486038,23.41950035095215,0.1080000028014183
1784657162000,2026-07-21 18:06:02,16.6,21.94,22.39,17.97,17.46,18.18,430.76,375.22,322.38,,,,,,,,,,,,,
1784660400000,2026-07-21 19:00:00,,,,,,,,,,,,,19.66950035095215,46.0,1021.7000122070312,7.726959228515625,0.0,13.104198455810549,322.8152160644531,0.0299999993294477,21.819499969482425,0.1070000007748603
1784660762000,2026-07-21 19:06:02,16.53,21.71,22.25,18.09,18.24,18.24,430.72,375.15,322.26,,,,,,,,,,,,,
1784660879378,2026-07-21 19:07:59,16.53,21.69,22.23,18.09,18.21,18.18,430.72,375.12,322.23,,3595.0,40.30405405405407,,,,,,,,,,
1784660903324,2026-07-21 19:08:23,16.53,21.69,22.23,18.09,18.21,18.18,430.72,375.12,322.23,,3595.0,40.30405405405407,,,,,,,,,,
1784660942003,2026-07-21 19:09:02,16.53,21.69,22.23,18.09,18.21,18.18,430.72,375.12,322.23,,3595.0,40.30405405405407,,,,,,,,,,
1784664000000,2026-07-21 20:00:00,,,,,,,,,,,,,17.769500732421875,55.0,1022.0999755859376,8.609501838684082,0.0,9.72666358947754,321.0090026855469,0.0199999995529651,20.3695011138916,0.1070000007748603
1784664362000,2026-07-21 20:06:02,16.49,21.61,22.13,18.12,18.3,18.33,430.69,375.06,322.17,,,,,,,,,,,,,
1784667600000,2026-07-21 21:00:00,,,,,,,,,,,,,16.319499969482422,60.0,1022.2000122070312,8.5383939743042,0.0,6.792466163635254,302.0053405761719,0.0099999997764825,19.16950035095215,0.1070000007748603
1784667962000,2026-07-21 21:06:02,16.45,21.54,22.08,18.18,18.33,18.12,430.66,374.99,322.08,,,,,,,,,,,,,
1784671200000,2026-07-21 22:00:00,,,,,,,,,,,,,15.26949977874756,68.0,1022.2000122070312,9.398707389831545,0.0,6.287129878997803,283.24053955078125,0.0099999997764825,18.269500732421875,0.1059999987483024
1784671562000,2026-07-21 22:06:02,16.39,21.61,21.93,18.24,17.73,18.37,430.62,374.93,321.99,,,,,,,,,,,,,
1784674800000,2026-07-21 23:00:00,,,,,,,,,,,,,14.619500160217283,76.0,1022.2000122070312,10.43525505065918,0.0,7.594207286834717,275.44024658203125,0.0099999997764825,17.6195011138916,0.1059999987483024
1784675162000,2026-07-21 23:06:02,16.39,21.5,21.86,18.24,18.12,18.37,430.62,374.9,321.93,,,,,,,,,,,,,
1784678400000,2026-07-22 00:00:00,,,,,,,,,,,,,13.919499397277832,79.0,1022.0999755859376,10.336678504943848,0.0,8.404284477233887,279.8657531738281,0.0099999997764825,17.16950035095215,0.1159999966621398
1784678762000,2026-07-22 00:06:02,16.36,21.47,21.8,18.27,17.97,18.33,430.59,374.83,321.87,,,,,,,,,,,,,
1784682000000,2026-07-22 01:00:00,,,,,,,,,,,,,13.51949977874756,82.0,1021.9000244140624,10.505865097045898,0.0,8.31124496459961,265.03033447265625,0.0099999997764825,16.6195011138916,0.1159999966621398
1784682362000,2026-07-22 01:06:02,16.29,21.46,21.66,18.24,17.88,18.52,430.52,374.8,321.78,,,,,,,,,,,,,
1784682482829,2026-07-22 01:08:02,,,,18.24,18.0,18.46,430.52,374.8,321.78,,3395.0,15.168918918918912,,,,,,,,,,
1784682487748,2026-07-22 01:08:07,16.29,21.43,21.68,18.24,18.0,18.46,430.52,374.8,321.78,,3395.0,15.168918918918912,,,,,,,,,,
1784685600000,2026-07-22 02:00:00,,,,,,,,,,,,,13.419499397277832,84.0,1021.4000244140624,10.770075798034668,0.0,8.825508117675781,258.2317199707031,0.0099999997764825,16.219501495361328,0.1159999966621398
1784689200000,2026-07-22 03:00:00,,,,,,,,,,,,,13.76949977874756,82.0,1020.7999877929688,10.750022888183594,0.0,9.904906272888184,250.90640258789065,0.0099999997764825,16.269500732421875,0.1159999966621398
1784692800000,2026-07-22 04:00:00,,,,,,,,,,,,,14.069499969482422,81.0,1020.7000122070312,10.858214378356934,0.0,11.620808601379396,253.8107147216797,0.0099999997764825,16.319499969482422,0.1159999966621398
1784696400000,2026-07-22 05:00:00,,,,,,,,,,,,,14.419499397277832,81.0,1020.7999877929688,11.199520111083984,0.0,13.698933601379396,266.9872741699219,0.0099999997764825,16.3695011138916,0.1159999966621398
1784700000000,2026-07-22 06:00:00,,,,,,,,,,,,,14.819499969482422,79.0,1020.2000122070312,11.211713790893556,0.0,13.009902954101562,255.5791931152344,0.0199999995529651,16.569499969482422,0.1159999966621398
1784703600000,2026-07-22 07:00:00,,,,,,,,,,,,,15.169499397277832,77.0,1019.5,11.164562225341797,0.0,13.10419750213623,249.075424194336,0.0199999995529651,16.769500732421875,0.1159999966621398
1784707200000,2026-07-22 08:00:00,,,,,,,,,,,,,15.469499588012695,76.0,1019.2999877929688,11.25782585144043,0.0,15.391839981079102,259.2157592773437,0.0199999995529651,16.91950035095215,0.1159999966621398
1784707206000,2026-07-22 08:00:06,16.0,21.11,21.22,18.12,18.09,18.46,430.22,374.48,321.36,,,,,,,,,,,,,
1784710800000,2026-07-22 09:00:00,,,,,,,,,,,,,16.019500732421875,75.0,1019.0,11.589395523071287,0.0,16.700275421142578,262.5686950683594,0.0299999993294477,17.219501495361328,0.1159999966621398
1784710806000,2026-07-22 09:00:06,15.95,21.25,21.15,18.15,17.17,18.46,430.18,374.42,321.3,,,,,,,,,,,,,
1784714400000,2026-07-22 10:00:00,,,,,,,,,,,,,16.16950035095215,75.0,1018.9000244140624,11.734309196472168,0.0,20.124610900878903,280.3047790527344,0.0299999993294477,17.469501495361328,0.1159999966621398
1784714406000,2026-07-22 10:00:06,15.88,20.89,21.09,18.15,18.58,18.46,430.12,374.35,321.24,,,,,,,,,,,,,
1784718000000,2026-07-22 11:00:00,,,,,,,,,,,,,18.019500732421875,66.0,1018.2999877929688,11.571892738342283,0.0,17.313716888427734,266.4237365722656,0.0599999986588954,18.019500732421875,0.1159999966621398
1784718006000,2026-07-22 11:00:06,15.84,20.83,21.01,18.18,18.58,18.49,430.08,374.29,321.18,,,,,,,,,,,,,
1784721600000,2026-07-22 12:00:00,,,,,,,,,,,,,18.41950035095215,63.0,1017.9000244140624,11.248181343078612,0.0,18.250259399414062,284.858642578125,0.0900000035762786,19.3695011138916,0.1150000020861625
1784721606000,2026-07-22 12:00:06,15.76,20.9,20.95,18.18,17.97,18.49,430.01,374.23,321.12,,,,,,,,,,,,,
1784725200000,2026-07-22 13:00:00,,,,,,,,,,,,,20.069499969482425,56.0,1017.0999755859376,11.021340370178224,0.0,16.57564353942871,304.3804016113281,0.1099999994039535,20.66950035095215,0.1150000020861625
1784725206000,2026-07-22 13:00:06,15.65,20.67,20.87,18.21,18.61,18.4,429.91,374.13,321.03,,,,,,,,,,,,,
1784725746884,2026-07-22 13:09:06,15.68,20.84,20.85,18.24,17.82,18.49,429.95,374.13,321.03,,3551.0,34.77432432432434,,,,,,,,,,
1784725770532,2026-07-22 13:09:30,15.68,20.84,20.85,18.24,17.82,18.49,429.95,374.13,321.03,,3551.0,34.77432432432434,,,,,,,,,,
1784725791148,2026-07-22 13:09:51,15.68,20.84,20.85,18.24,17.82,18.49,429.95,374.13,321.03,,3551.0,34.77432432432434,,,,,,,,,,
1784728800000,2026-07-22 14:00:00,,,,,,,,,,,,,19.8695011138916,55.0,1016.9000244140624,10.564031600952148,0.1000000014901161,19.09358024597168,272.1610412597656,0.1099999994039535,20.469501495361328,0.1150000020861625
1784728806000,2026-07-22 14:00:06,15.61,20.62,20.8,18.24,18.61,18.4,429.88,374.07,320.97,,,,,,,,,,,,,
1784732400000,2026-07-22 15:00:00,,,,,,,,,,,,,18.519500732421875,64.0,1017.4000244140624,11.580896377563477,0.0,19.201873779296875,300.4110107421875,0.1000000089406967,20.019500732421875,0.1150000020861625
1784732406000,2026-07-22 15:00:06,15.55,20.54,20.67,18.3,18.52,18.52,429.84,373.97,320.87,,,,,,,,,,,,,
1784736000000,2026-07-22 16:00:00,,,,,,,,,,,,,18.269500732421875,66.0,1017.4000244140624,11.809691429138184,0.0,17.782686233520508,301.7594299316406,0.0799999982118606,19.569499969482425,0.1150000020861625
1784736006000,2026-07-22 16:00:06,15.44,20.45,20.59,18.33,18.67,18.55,429.74,373.91,320.81,,,,,,,,,,,,,
1784739600000,2026-07-22 17:00:00,,,,,,,,,,,,,17.41950035095215,71.0,1017.2000122070312,12.106123924255373,0.1000000014901161,18.709611892700195,300.0182800292969,0.0700000077486038,18.8695011138916,0.1150000020861625
1784739606000,2026-07-22 17:00:06,15.35,20.37,20.51,18.46,18.61,18.49,429.68,373.81,320.72,,,,,,,,,,,,,
1784743200000,2026-07-22 18:00:00,,,,,,,,,,,,,16.819499969482422,73.0,1017.0,11.951297760009766,0.0,14.986553192138672,294.10223388671875,0.0500000044703483,18.41950035095215,0.1140000000596046
1784743206000,2026-07-22 18:00:06,15.34,20.39,20.46,18.49,18.24,18.4,429.68,373.75,320.66,,,,,,,,,,,,,
1784746800000,2026-07-22 19:00:00,,,,,,,,,,,,,16.41950035095215,75.0,1017.0,11.975822448730469,0.0,15.97848415374756,292.5205993652344,0.0299999993294477,17.8695011138916,0.1140000000596046
1784746806000,2026-07-22 19:00:06,15.29,20.28,20.38,18.52,18.46,18.46,429.64,373.68,320.6,,,,,,,,,,,,,
1784747284776,2026-07-22 19:08:04,15.29,20.36,20.3,18.52,18.06,18.67,429.64,373.68,320.57,,3544.0,33.89459459459459,,,,,,,,,,
1784747295701,2026-07-22 19:08:15,15.29,20.36,20.3,18.52,18.06,18.67,429.64,373.68,320.57,,3544.0,33.89459459459459,,,,,,,,,,
1784750400000,2026-07-22 20:00:00,,,,,,,,,,,,,15.719499588012695,75.0,1017.0999755859376,11.299562454223633,0.0,14.118243217468262,289.35906982421875,0.0199999995529651,17.1195011138916,0.1140000000596046
1784750406000,2026-07-22 20:00:06,15.26,20.19,20.31,18.52,18.73,18.49,429.61,373.65,320.54,,,,,,,,,,,,,
1784754000000,2026-07-22 21:00:00,,,,,,,,,,,,,15.069499969482422,73.0,1017.0999755859376,10.266039848327637,0.0,14.058449745178224,283.3245544433594,0.0199999995529651,16.519500732421875,0.1140000000596046
1784754006000,2026-07-22 21:00:06,15.22,20.38,20.27,18.49,17.7,18.52,429.57,373.62,320.51,,,,,,,,,,,,,
1784757600000,2026-07-22 22:00:00,,,,,,,,,,,,,14.819499969482422,71.0,1017.0,9.610612869262695,0.0,14.843179702758787,284.0362548828125,0.0199999995529651,16.16950035095215,0.1140000000596046
1784757606000,2026-07-22 22:00:06,15.18,20.25,20.22,18.55,18.21,18.43,429.54,373.59,320.45,,,,,,,,,,,,,
1784761200000,2026-07-22 23:00:00,,,,,,,,,,,,,14.569499969482422,72.0,1017.0,9.578801155090332,0.0,14.843179702758787,284.0362548828125,0.0199999995529651,16.069499969482422,0.1140000000596046
1784761206000,2026-07-22 23:00:06,15.15,20.2,20.13,18.52,18.24,18.73,429.51,373.55,320.42,,,,,,,,,,,,,
1784764800000,2026-07-23 00:00:00,,,,,,,,,,,,,14.119500160217283,83.0,1017.0,11.274720191955566,0.0,15.111424446105955,282.3807373046875,0.0099999997764825,16.16950035095215,0.1169999986886978
1784764806000,2026-07-23 00:00:06,15.1,20.15,20.1,18.43,18.21,18.55,429.44,373.49,320.36,,,,,,,,,,,,,
1784768400000,2026-07-23 01:00:00,,,,,,,,,,,,,14.219499588012695,81.0,1017.5,11.004490852355955,0.0,15.192682266235352,283.7069702148437,0.0099999997764825,15.869500160217283,0.1169999986886978
1784768406000,2026-07-23 01:00:06,15.05,20.11,20.01,18.49,18.27,18.79,429.41,373.46,320.33,,,,,,,,,,,,,
1784768939706,2026-07-23 01:08:59,15.06,20.12,20.14,18.46,18.24,18.18,429.41,373.46,320.33,,3556.0,35.4027027027027,,,,,,,,,,
1784772000000,2026-07-23 02:00:00,,,,,,,,,,,,,13.819499969482422,82.0,1017.2999877929688,10.798852920532228,0.0,13.10419750213623,285.9454650878906,0.0099999997764825,15.669499397277832,0.1169999986886978
1784772006000,2026-07-23 02:00:06,15.02,19.98,20.0,18.43,18.73,18.52,429.37,373.43,320.27,,,,,,,,,,,,,
1784775600000,2026-07-23 03:00:00,,,,,,,,,,,,,13.869500160217283,79.0,1017.2000122070312,10.288064002990724,0.0,12.758432388305664,286.3896179199219,0.0099999997764825,15.469499588012695,0.1169999986886978
1784775606000,2026-07-23 03:00:06,15.01,19.92,19.93,18.37,18.86,18.73,429.34,373.39,320.24,,,,,,,,,,,,,
1784779200000,2026-07-23 04:00:00,,,,,,,,,,,,,13.719499588012695,79.0,1017.2999877929688,10.142215728759766,0.0,13.009902954101562,284.4208068847656,0.0099999997764825,15.419499397277832,0.1169999986886978
1784779206000,2026-07-23 04:00:06,14.97,19.92,19.92,18.33,18.73,18.61,429.3,373.36,320.21,,,,,,,,,,,,,
1784782800000,2026-07-23 05:00:00,,,,,,,,,,,,,13.819499969482422,80.0,1017.7000122070312,10.427966117858888,0.0,13.009902954101562,284.4208068847656,0.0199999995529651,15.469499588012695,0.1169999986886978
1784782806000,2026-07-23 05:00:06,14.91,19.96,19.9,18.33,18.24,18.55,429.24,373.3,320.18,,,,,,,,,,,,,
1784786400000,2026-07-23 06:00:00,,,,,,,,,,,,,14.369500160217283,78.0,1018.0999755859376,10.582765579223633,0.0,11.165804862976074,290.7723388671875,0.0299999993294477,15.919499397277832,0.1169999986886978
1784786406000,2026-07-23 06:00:06,14.89,19.99,19.85,18.21,18.0,18.49,429.2,373.27,320.12,,,,,,,,,,,,,
1784790000000,2026-07-23 07:00:00,,,,,,,,,,,,,15.219499588012695,73.0,1018.2999877929688,10.410508155822754,0.0,11.96695327758789,291.16131591796875,0.0500000044703483,16.6195011138916,0.1169999986886978
1784790006000,2026-07-23 07:00:06,14.78,19.85,19.81,18.24,18.33,18.52,429.1,373.2,320.09,,,,,,,,,,,,,
1784790524462,2026-07-23 07:08:44,14.78,19.77,19.79,18.21,18.7,18.58,429.1,373.2,320.09,,3372.0,12.278378378378356,,,,,,,,,,
1784790584244,2026-07-23 07:09:44,14.78,19.77,19.79,18.21,18.7,18.58,429.1,373.2,320.09,,3372.0,12.278378378378356,,,,,,,,,,
1784790591302,2026-07-23 07:09:51,14.78,19.77,19.79,18.21,18.7,18.58,429.1,373.2,320.09,,3372.0,12.278378378378356,,,,,,,,,,
1784790762334,2026-07-23 07:12:42,14.78,19.77,19.79,18.21,18.7,18.58,429.1,373.2,320.09,,3372.0,12.278378378378356,,,,,,,,,,
1784793600000,2026-07-23 08:00:00,,,,,,,,,,,,,15.619500160217283,67.0,1018.5,9.512179374694824,0.0,14.578889846801758,302.9052429199219,0.0799999982118606,17.519500732421875,0.1169999986886978
1784793957000,2026-07-23 08:05:57,14.75,19.9,19.73,18.21,17.97,18.58,429.07,373.17,320.03,,,,,,,,,,,,,
1784797200000,2026-07-23 09:00:00,,,,,,,,,,,,,16.819499969482422,62.0,1018.5,9.496053695678713,0.0,10.799999237060549,306.8699645996094,0.0700000077486038,17.719501495361328,0.1169999986886978
1784797557000,2026-07-23 09:05:57,14.73,19.68,19.67,18.12,18.73,18.7,429.03,373.11,320.0,,,,,,,,,,,,,
1784800800000,2026-07-23 10:00:00,,,,,,,,,,,,,16.819499969482422,62.0,1018.5999755859376,9.496053695678713,0.0,14.241629600524902,290.72564697265625,0.0900000035762786,18.269500732421875,0.1169999986886978
1784801157000,2026-07-23 10:05:57,20.49,31.37,38.24,15.57,16.0,17.7,434.04,385.16,337.45,,,,,,,,,,,,,
1784804400000,2026-07-23 11:00:00,,,,,,,,,,,,,17.1195011138916,59.0,1018.5999755859376,9.041471481323242,0.0,14.2006196975708,300.4654541015625,0.1000000089406967,18.719501495361328,0.1169999986886978
1784804757000,2026-07-23 11:05:57,19.33,29.02,34.45,15.74,16.37,17.64,432.93,382.67,333.59,,,,,,,,,,,,,
1784808000000,2026-07-23 12:00:00,,,,,,,,,,,,,17.719501495361328,59.0,1018.5,9.604748725891112,0.0,11.983187675476074,302.7351989746094,0.1000000089406967,18.969501495361328,0.1159999966621398
1784808357000,2026-07-23 12:05:57,18.89,28.06,32.85,15.97,16.35,17.76,432.55,381.61,332.1,,,,,,,,,,,,,
1784811600000,2026-07-23 13:00:00,,,,,,,,,,,,,18.319499969482425,55.0,1018.4000244140624,9.121509552001951,0.0,11.983187675476074,302.7351989746094,0.1199999973177909,19.719501495361328,0.1159999966621398
1784811957000,2026-07-23 13:05:57,18.57,27.44,31.76,16.17,16.49,17.85,432.28,380.96,331.09,,,,,,,,,,,,,
1784812102927,2026-07-23 13:08:22,18.53,27.25,31.65,16.2,17.17,17.76,432.25,380.9,330.97,,3551.0,34.77432432432434,,,,,,,,,,
1784812153511,2026-07-23 13:09:13,18.53,27.25,31.65,16.2,17.17,17.76,432.25,380.9,330.97,,3551.0,34.77432432432434,,,,,,,,,,
1784812161776,2026-07-23 13:09:21,18.53,27.25,31.65,16.2,17.17,17.76,432.25,380.9,330.97,,3551.0,34.77432432432434,,,,,,,,,,
1784812265215,2026-07-23 13:11:05,18.53,27.25,31.65,16.2,17.17,17.76,432.25,380.9,330.97,,3551.0,34.77432432432434,,,,,,,,,,
1784812283933,2026-07-23 13:11:23,18.53,27.25,31.65,16.2,17.17,17.76,432.25,380.9,330.97,,3551.0,34.77432432432434,,,,,,,,,,
1784815200000,2026-07-23 14:00:00,,,,,,,,,,,,,18.469501495361328,59.0,1018.5,10.30873203277588,0.0,13.104198455810549,307.1847839355469,0.1199999973177909,20.069499969482425,0.1159999966621398
1784815557000,2026-07-23 14:05:57,18.35,26.84,30.99,16.37,17.28,17.85,432.11,380.48,330.36,,,,,,,,,,,,,
1784818800000,2026-07-23 15:00:00,,,,,,,,,,,,,19.719501495361328,50.0,1018.2999877929688,9.003033638000488,0.0,14.79945945739746,311.0547180175781,0.1299999952316284,20.819499969482425,0.1150000020861625
1784819157000,2026-07-23 15:05:57,18.2,26.62,30.37,16.58,16.67,17.88,432.01,380.1,329.78,,,,,,,,,,,,,
1784822400000,2026-07-23 16:00:00,,,,,,,,,,,,,19.819499969482425,49.0,1018.0999755859376,8.79556941986084,0.0,17.1746768951416,303.0238647460937,0.1199999973177909,21.069499969482425,0.1150000020861625
1784822757000,2026-07-23 16:05:57,18.06,26.23,29.81,16.75,17.08,17.88,431.91,379.77,329.26,,,,,,,,,,,,,
1784826000000,2026-07-23 17:00:00,,,,,,,,,,,,,19.469501495361328,50.0,1018.0,8.77299976348877,0.0,11.98859405517578,311.3476867675781,0.1099999994039535,20.719501495361328,0.1140000000596046
1784826357000,2026-07-23 17:05:57,,,,16.93,17.52,17.94,431.87,379.48,328.77,,,,,,,,,,,,,
1784829600000,2026-07-23 18:00:00,,,,,,,,,,,,,18.769500732421875,51.0,1018.0999755859376,8.420791625976562,0.0,13.60876178741455,322.52374267578125,0.0799999982118606,20.069499969482425,0.1140000000596046
1784829957000,2026-07-23 18:05:57,17.89,25.63,28.79,17.08,17.58,18.15,431.81,379.23,328.35,,,,,,,,,,,,,
1784833200000,2026-07-23 19:00:00,,,,,,,,,,,,,17.6195011138916,55.0,1018.2999877929688,8.469852447509766,0.0,10.464797019958496,310.8149719238281,0.0399999991059303,18.8695011138916,0.1140000000596046
1784833557000,2026-07-23 19:05:57,17.85,25.45,28.44,17.25,17.55,17.94,431.81,379.03,327.98,,,,,,,,,,,,,
1784833680930,2026-07-23 19:08:00,17.85,25.53,28.39,17.28,17.2,18.06,431.81,379.03,327.95,,3567.0,36.78513513513515,,,,,,,,,,
1784836800000,2026-07-23 20:00:00,,,,,,,,,,,,,15.919499397277832,67.0,1018.5999755859376,9.798169136047363,0.0,7.65370512008667,311.1858215332031,0.0199999995529651,17.6195011138916,0.1140000000596046
1784837157000,2026-07-23 20:05:57,17.87,25.31,28.04,17.31,17.73,18.18,431.84,378.91,327.65,,,,,,,,,,,,,
1784840400000,2026-07-23 21:00:00,,,,,,,,,,,,,14.569499969482422,74.0,1018.9000244140624,9.987648010253906,0.0,7.386581897735596,313.02508544921875,0.0199999995529651,16.569499969482422,0.1129999980330467
1784840757000,2026-07-23 21:05:57,17.83,25.24,27.77,17.37,17.49,17.94,431.81,378.78,327.35,,,,,,,,,,,,,
1784844000000,2026-07-23 22:00:00,,,,,,,,,,,,,13.51949977874756,78.0,1019.2000122070312,9.75755214691162,0.0,6.915374279022217,308.6598205566406,0.0099999997764825,15.76949977874756,0.1129999980330467
1784844357000,2026-07-23 22:05:57,17.81,25.17,27.43,17.46,17.34,18.15,431.81,378.68,327.07,,,,,,,,,,,,,
1784847600000,2026-07-23 23:00:00,,,,,,,,,,,,,12.669499397277832,84.0,1019.4000244140624,10.03547191619873,0.0,6.193674087524414,305.5377502441406,0.0099999997764825,15.069499969482422,0.1129999980330467
1784847957000,2026-07-23 23:05:57,17.79,25.06,27.18,17.52,17.43,17.97,431.81,378.58,326.8,,,,,,,,,,,,,
1784851200000,2026-07-24 00:00:00,,,,,,,,,,,,,11.719499588012695,83.0,1019.7000122070312,8.927281379699707,0.0,4.6938252449035645,265.60137939453125,0.0099999997764825,14.619500160217283,0.1180000007152557
1784851557000,2026-07-24 00:05:57,17.75,24.91,26.93,17.52,17.91,17.97,431.77,378.52,326.56,,,,,,,,,,,,,
1784854800000,2026-07-24 01:00:00,,,,,,,,,,,,,11.26949977874756,85.0,1019.5,8.83924388885498,0.0,5.634891033172607,243.4350128173828,0.0099999997764825,14.169499397277832,0.1180000007152557
1784855157000,2026-07-24 01:05:57,17.72,24.89,26.68,17.52,17.55,17.94,431.74,378.42,326.32,,,,,,,,,,,,,
1784855308933,2026-07-24 01:08:28,17.73,24.81,26.63,17.49,17.94,18.03,431.74,378.42,326.29,,3561.0,36.03108108108106,,,,,,,,,,
1784855315589,2026-07-24 01:08:35,17.73,24.81,26.63,17.49,17.94,18.03,431.74,378.42,326.29,,3561.0,36.03108108108106,,,,,,,,,,
1784858400000,2026-07-24 02:00:00,,,,,,,,,,,,,11.069499969482422,85.0,1019.5,8.643045425415039,0.0,6.214563369750977,259.9920959472656,0.0,13.819499969482422,0.1180000007152557
1784858757000,2026-07-24 02:05:57,17.69,24.74,26.47,17.52,18.0,17.94,431.71,378.36,326.13,,,,,,,,,,,,,
1784862000000,2026-07-24 03:00:00,,,,,,,,,,,,,11.419499397277832,84.0,1019.4000244140624,8.811029434204102,0.0,6.214563369750977,259.9920959472656,0.0099999997764825,13.76949977874756,0.1180000007152557
1784862357000,2026-07-24 03:05:57,17.65,24.57,26.21,17.49,18.4,18.12,431.67,378.26,325.92,,,,,,,,,,,,,
1784865600000,2026-07-24 04:00:00,,,,,,,,,,,,,11.869500160217283,82.0,1019.5,8.89427661895752,0.0,7.2805495262146,261.4693298339844,0.0099999997764825,13.919499397277832,0.1180000007152557
1784865957000,2026-07-24 04:05:57,17.63,24.57,26.02,17.46,18.15,18.15,431.64,378.2,325.74,,,,,,,,,,,,,
1784869200000,2026-07-24 05:00:00,,,,,,,,,,,,,12.51949977874756,80.0,1019.7000122070312,9.161986351013184,0.0,8.759178161621094,260.5377502441406,0.0099999997764825,14.319499969482422,0.1180000007152557
1784869557000,2026-07-24 05:05:57,17.59,24.51,25.91,17.46,18.09,17.88,431.6,378.13,325.59,,,,,,,,,,,,,
1784872800000,2026-07-24 06:00:00,,,,,,,,,,,,,13.369500160217283,77.0,1019.5999755859376,9.419779777526855,0.0,9.178235054016112,258.6900939941406,0.0199999995529651,14.869500160217283,0.1180000007152557
1784873157000,2026-07-24 06:05:57,17.56,24.51,25.69,17.46,17.82,18.15,431.57,378.07,325.44,,,,,,,,,,,,,
1784876400000,2026-07-24 07:00:00,,,,,,,,,,,,,14.51949977874756,73.0,1019.5,9.73630142211914,0.0,10.495713233947754,264.0939636230469,0.0299999993294477,15.719499588012695,0.1180000007152557
1784876757000,2026-07-24 07:05:57,17.48,24.48,25.48,17.46,17.55,18.21,431.5,377.97,325.25,,,,,,,,,,,,,
1784876880163,2026-07-24 07:08:00,17.5,24.45,25.56,17.4,17.55,17.79,431.5,377.94,325.25,,3569.0,37.03648648648648,,,,,,,,,,
1784876882721,2026-07-24 07:08:02,17.5,24.45,25.56,17.4,17.55,17.79,431.5,377.94,325.25,,3569.0,37.03648648648648,,,,,,,,,,
1784880000000,2026-07-24 08:00:00,,,,,,,,,,,,,15.419499397277832,71.0,1019.4000244140624,10.186589241027832,0.0,10.594036102294922,279.7823486328125,0.0500000044703483,16.719501495361328,0.1180000007152557
1784880358000,2026-07-24 08:05:58,17.42,24.43,25.32,17.43,17.37,18.18,431.43,377.88,325.1,,,,,,,,,,,,,
1784883600000,2026-07-24 09:00:00,,,,,,,,,,,,,16.91950035095215,65.0,1019.0999755859376,10.29649543762207,0.0,9.178235054016112,281.3099060058594,0.0700000077486038,18.219501495361328,0.1180000007152557
1784883968000,2026-07-24 09:06:08,17.35,24.13,25.18,17.46,18.27,18.09,431.37,377.75,324.95,,,,,,,,,,,,,
1784887200000,2026-07-24 10:00:00,,,,,,,,,,,,,17.219501495361328,61.0,1018.7999877929688,9.631230354309082,0.0,13.10419750213623,285.9454650878906,0.0900000035762786,19.3695011138916,0.1169999986886978
1784887568000,2026-07-24 10:06:08,17.24,24.14,24.94,17.49,17.61,18.49,431.27,377.62,324.8,,,,,,,,,,,,,
1784890800000,2026-07-24 11:00:00,,,,,,,,,,,,,18.569499969482425,53.0,1018.5,8.804556846618652,0.0,9.422101020812988,276.58184814453125,0.1099999994039535,20.519500732421875,0.1169999986886978
1784891168000,2026-07-24 11:06:08,17.12,23.97,24.84,17.52,17.7,18.21,431.16,377.46,324.65,,,,,,,,,,,,,
1784894400000,2026-07-24 12:00:00,,,,,,,,,,,,,19.3695011138916,53.0,1018.0,9.545866012573242,0.0,11.525623321533203,284.4703369140625,0.1400000154972076,22.069499969482425,0.1169999986886978
1784894768000,2026-07-24 12:06:08,17.0,23.69,24.69,17.58,18.21,18.12,431.06,377.27,324.5,,,,,,,,,,,,,
1784898000000,2026-07-24 13:00:00,,,,,,,,,,,,,20.16950035095215,50.0,1017.5,9.41704559326172,0.0,8.225034713745117,293.1986083984375,0.1299999952316284,22.769500732421875,0.1159999966621398
1784898368000,2026-07-24 13:06:08,16.88,23.57,24.49,17.64,18.09,18.15,430.96,377.11,324.32,,,,,,,,,,,,,
1784898512695,2026-07-24 13:08:32,16.87,23.53,24.44,17.7,18.15,18.24,430.96,377.08,324.29,,3582.0,38.67027027027024,,,,,,,,,,
1784898526327,2026-07-24 13:08:46,16.87,23.53,24.44,17.7,18.15,18.24,430.96,377.08,324.29,,3582.0,38.67027027027024,,,,,,,,,,
1784901600000,2026-07-24 14:00:00,,,,,,,,,,,,,20.16950035095215,48.0,1017.0,8.811120986938477,0.0,8.707237243652344,299.7447814941406,0.1299999952316284,23.069499969482425,0.1159999966621398
1784901968000,2026-07-24 14:06:08,16.74,23.4,24.29,17.82,18.06,18.15,430.86,376.92,324.13,,,,,,,,,,,,,
1784905200000,2026-07-24 15:00:00,,,,,,,,,,,,,20.569499969482425,51.0,1016.5,10.080853462219238,0.0,11.480557441711426,318.8141784667969,0.1199999973177909,23.41950035095215,0.1159999966621398
1784905568000,2026-07-24 15:06:08,16.67,23.22,24.08,17.97,18.15,18.37,430.83,376.75,323.98,,,,,,,,,,,,,
1784908800000,2026-07-24 16:00:00,,,,,,,,,,,,,20.819499969482425,51.0,1016.0999755859376,10.31134796142578,0.0,8.534353256225586,297.6458740234375,0.1000000089406967,22.969501495361328,0.1150000020861625
1784909168000,2026-07-24 16:06:08,16.57,23.12,23.95,18.12,17.94,18.21,430.76,376.59,323.83,,,,,,,,,,,,,
1784912400000,2026-07-24 17:00:00,,,,,,,,,,,,,20.3695011138916,50.0,1015.7000122070312,9.601033210754396,0.0,5.58870267868042,255.0685272216797,0.0799999982118606,22.1195011138916,0.1150000020861625
1784912768000,2026-07-24 17:06:08,16.5,23.07,23.77,18.24,17.61,18.15,430.72,376.47,323.65,,,,,,,,,,,,,
1784916000000,2026-07-24 18:00:00,,,,,,,,,,,,,20.269500732421875,51.0,1015.0999755859376,9.804239273071287,0.0,6.119999885559082,270.0,0.0599999986588954,21.41950035095215,0.1140000000596046
1784916368000,2026-07-24 18:06:08,16.44,22.9,23.62,18.37,17.88,18.12,430.69,376.34,323.5,,,,,,,,,,,,,
1784919600000,2026-07-24 19:00:00,,,,,,,,,,,,,19.319499969482425,57.0,1014.7999877929688,10.587486267089844,0.0,4.896529674530029,233.9725341796875,0.0299999993294477,20.3695011138916,0.1140000000596046
1784919968000,2026-07-24 19:06:08,16.38,22.84,23.46,18.49,17.82,18.24,430.66,376.27,323.38,,,,,,,,,,,,,
1784920099591,2026-07-24 19:08:19,16.37,22.7,23.45,18.55,18.4,18.12,430.66,376.24,323.35,,3577.0,38.04189189189188,,,,,,,,,,
1784920104711,2026-07-24 19:08:24,16.37,22.7,23.45,18.55,18.4,18.12,430.66,376.24,323.35,,3577.0,38.04189189189188,,,,,,,,,,
1784920270946,2026-07-24 19:11:10,16.37,22.7,23.45,18.55,18.4,18.12,430.66,376.24,323.35,,3577.0,38.04189189189188,,,,,,,,,,
1784920273697,2026-07-24 19:11:13,16.37,22.7,23.45,18.55,18.4,18.12,430.66,376.24,323.35,,3577.0,38.04189189189188,,,,,,,,,,
1784923200000,2026-07-24 20:00:00,,,,,,,,,,,,,17.1195011138916,68.0,1014.5,11.165285110473633,0.0,3.89399528503418,213.69009399414065,0.0099999997764825,18.969501495361328,0.1140000000596046
1784923568000,2026-07-24 20:06:08,16.35,22.68,23.36,18.61,18.21,18.09,430.66,376.18,323.26,,,,,,,,,,,,,
1784926800000,2026-07-24 21:00:00,,,,,,,,,,,,,15.819499969482422,74.0,1014.2000122070312,11.193473815917969,0.0,3.976329803466797,185.1943359375,0.0099999997764825,17.819499969482422,0.1140000000596046
1784927168000,2026-07-24 21:06:08,16.31,22.64,23.29,18.61,18.09,17.97,430.62,376.11,323.17,,,,,,,,,,,,,
1784930400000,2026-07-24 22:00:00,,,,,,,,,,,,,14.51949977874756,80.0,1014.0,11.109580039978027,0.0,4.33497428894043,184.7635498046875,0.0099999997764825,16.969501495361328,0.1140000000596046
1784930768000,2026-07-24 22:06:08,16.28,22.57,23.12,18.61,18.15,18.15,430.59,376.05,323.05,,,,,,,,,,,,,
1784934000000,2026-07-24 23:00:00,,,,,,,,,,,,,13.869500160217283,81.0,1013.7000122070312,10.663178443908691,0.0,4.379589080810547,189.46224975585932,0.0099999997764825,16.269500732421875,0.1140000000596046
1784934368000,2026-07-24 23:06:08,16.19,22.46,23.03,18.7,18.55,18.15,430.52,376.02,322.96,,,,,,,,,,,,,
1784937600000,2026-07-25 00:00:00,,,,,,,,,,,,,12.819499969482422,86.0,1013.4000244140624,10.535118103027344,0.0,4.6102495193481445,141.3401641845703,0.0,16.1195011138916,0.1199999973177909
1784937968000,2026-07-25 00:06:08,16.16,22.39,22.88,18.67,18.55,18.37,430.49,375.95,322.87,,,,,,,,,,,,,
1784941200000,2026-07-25 01:00:00,,,,,,,,,,,,,12.419499397277832,89.0,1012.7000122070312,10.65638256072998,0.0,4.104631423950195,142.1249542236328,0.0,15.51949977874756,0.1199999973177909
1784941568000,2026-07-25 01:06:08,16.1,22.33,22.81,18.61,18.58,18.24,430.42,375.89,322.78,,,,,,,,,,,,,
1784941872914,2026-07-25 01:11:12,16.09,22.47,22.75,18.64,17.91,18.52,430.42,375.89,322.78,,3574.0,37.66486486486484,,,,,,,,,,
1784941884821,2026-07-25 01:11:24,,,,18.64,17.91,18.52,430.42,375.89,322.78,,3574.0,37.66486486486484,,,,,,,,,,
1784941888314,2026-07-25 01:11:28,16.09,22.47,22.75,18.64,17.91,18.52,430.42,375.89,322.78,,3574.0,37.66486486486484,,,,,,,,,,
1784944800000,2026-07-25 02:00:00,,,,,,,,,,,,,11.919499397277832,89.0,1012.0999755859376,10.163252830505373,0.0,3.89399528503418,146.30990600585938,0.0,15.069499969482422,0.1199999973177909
1784945168000,2026-07-25 02:06:08,16.03,22.63,22.74,18.61,16.87,18.24,430.35,375.83,322.71,,,,,,,,,,,,,
1784948400000,2026-07-25 03:00:00,,,,,,,,,,,,,11.469499588012695,90.0,1011.5999755859376,9.88617992401123,0.0,3.7064266204833984,150.94549560546875,0.0,14.619500160217283,0.1199999973177909
1784948768000,2026-07-25 03:06:08,16.01,22.32,22.62,18.55,18.06,18.33,430.32,375.76,322.62,,,,,,,,,,,,,
1784952000000,2026-07-25 04:00:00,,,,,,,,,,,,,11.169499397277832,91.0,1011.2000122070312,9.754639625549316,0.0,2.811689853668213,129.80552673339844,0.0,14.219499588012695,0.1199999973177909
1784952368000,2026-07-25 04:06:08,15.95,22.16,22.57,18.46,18.7,18.27,430.25,375.73,322.56,,,,,,,,,,,,,
1784955600000,2026-07-25 05:00:00,,,,,,,,,,,,,12.01949977874756,88.0,1011.0,10.09274196624756,0.0,2.811689853668213,129.80552673339844,0.0099999997764825,14.419499397277832,0.1199999973177909
1784955968000,2026-07-25 05:06:08,15.89,22.13,22.46,18.4,18.55,18.33,430.18,375.67,322.47,,,,,,,,,,,,,
1784959200000,2026-07-25 06:00:00,,,,,,,,,,,,,14.319499969482422,81.0,1010.7000122070312,11.102005004882812,0.0,2.27683973312378,161.56495666503906,0.0199999995529651,15.76949977874756,0.1199999973177909
1784959568000,2026-07-25 06:06:08,15.88,22.05,22.38,18.33,18.61,18.37,430.15,375.6,322.41,,,,,,,,,,,,,
1784962800000,2026-07-25 07:00:00,,,,,,,,,,,,,17.6195011138916,70.0,1010.4000244140624,12.082332611083984,0.0,3.219938039779663,243.4350128173828,0.0500000044703483,17.91950035095215,0.1199999973177909
1784963168000,2026-07-25 07:06:08,15.81,22.06,22.33,18.3,18.3,18.3,430.08,375.54,322.35,,,,,,,,,,,,,
1784963309024,2026-07-25 07:08:29,15.78,22.0,22.29,18.27,18.61,18.33,430.05,375.54,322.32,,3584.0,38.921621621621625,,,,,,,,,,
1784963316728,2026-07-25 07:08:36,15.78,22.0,22.29,18.27,18.61,18.33,430.05,375.54,322.32,,3584.0,38.921621621621625,,,,,,,,,,
1784966400000,2026-07-25 08:00:00,,,,,,,,,,,,,20.1195011138916,62.0,1009.9000244140624,12.61155891418457,0.0,4.0249223709106445,243.4350128173828,0.0900000035762786,20.569499969482425,0.1190000027418136
1784966414000,2026-07-25 08:00:14,15.75,21.93,22.2,18.24,18.61,18.46,430.01,375.47,322.26,,,,,,,,,,,,,
1784970000000,2026-07-25 09:00:00,,,,,,,,,,,,,21.8695011138916,54.0,1009.4000244140624,12.145208358764648,0.0,5.001279830932617,239.74365234375,0.1400000154972076,23.069499969482425,0.1190000027418136
1784970014000,2026-07-25 09:00:14,15.68,21.88,22.14,18.24,18.61,18.43,429.95,375.41,322.2,,,,,,,,,,,,,
1784973600000,2026-07-25 10:00:00,,,,,,,,,,,,,23.1195011138916,50.0,1008.5999755859376,12.129704475402832,0.0,5.9044389724731445,232.43133544921875,0.1700000017881393,25.269500732421875,0.1190000027418136
1784973614000,2026-07-25 10:00:14,15.62,21.86,22.02,18.21,18.24,18.4,429.88,375.31,322.08,,,,,,,,,,,,,
1784977200000,2026-07-25 11:00:00,,,,,,,,,,,,,24.219501495361328,46.0,1007.9000244140624,11.869422912597656,0.0,8.91318130493164,226.63653564453125,0.1899999976158142,26.969501495361328,0.1180000007152557
1784977214000,2026-07-25 11:00:14,15.52,21.68,21.93,18.18,18.58,18.37,429.78,375.19,321.99,,,,,,,,,,,,,
1784980800000,2026-07-25 12:00:00,,,,,,,,,,,,,25.219501495361328,43.0,1007.4000244140624,11.752765655517578,0.0,11.090103149414062,234.2460174560547,0.1899999976158142,28.069499969482425,0.1180000007152557
1784980814000,2026-07-25 12:00:14,15.42,21.57,21.86,18.3,18.52,18.37,429.71,375.06,321.93,,,,,,,,,,,,,
1784984400000,2026-07-25 13:00:00,,,,,,,,,,,,,26.16950035095215,38.0,1007.0,10.737396240234377,0.0,10.80599880218506,268.09088134765625,0.1800000071525573,28.719501495361328,0.1169999986886978
1784984414000,2026-07-25 13:00:14,15.33,21.48,21.74,18.37,18.61,18.3,429.64,374.99,321.81,,,,,,,,,,,,,
1784984898504,2026-07-25 13:08:18,15.31,21.4,21.74,18.46,18.86,18.33,429.64,374.96,321.81,,3587.0,39.298648648648665,,,,,,,,,,
1784984905390,2026-07-25 13:08:25,15.31,21.4,21.74,18.46,18.86,18.33,429.64,374.96,321.81,,3587.0,39.298648648648665,,,,,,,,,,
1784988000000,2026-07-25 14:00:00,,,,,,,,,,,,,26.719501495361328,35.0,1006.5,9.990918159484863,0.0,13.661038398742676,251.56495666503903,0.1599999964237213,28.969501495361328,0.1159999966621398
1784988014000,2026-07-25 14:00:14,15.28,21.41,21.63,18.58,18.24,18.37,429.64,374.83,321.72,,,,,,,,,,,,,
1784991600000,2026-07-25 15:00:00,,,,,,,,,,,,,26.8695011138916,36.0,1005.7999877929688,10.545088768005373,0.0,13.039753913879396,263.659912109375,0.1400000154972076,28.6195011138916,0.1159999966621398
1784991614000,2026-07-25 15:00:14,,,,18.76,18.27,18.4,429.61,374.8,321.99,,,,,,,,,,,,,
1784995200000,2026-07-25 16:00:00,,,,,,,,,,,,,27.019500732421875,34.0,1005.0999755859376,9.821418762207031,0.0,15.49673557281494,267.3370361328125,0.1199999973177909,28.019500732421875,0.1150000020861625
1784995214000,2026-07-25 16:00:14,15.12,21.3,21.72,18.98,18.61,18.4,429.57,374.8,321.81,,,,,,,,,,,,,
1784998800000,2026-07-25 17:00:00,,,,,,,,,,,,,26.769500732421875,35.0,1004.7999877929688,10.034907341003418,0.0,14.458381652832031,251.1138153076172,0.0900000035762786,27.019500732421875,0.1150000020861625
1784998814000,2026-07-25 17:00:14,15.02,21.23,21.59,19.13,18.24,18.27,429.51,374.64,321.66,,,,,,,,,,,,,
1785002400000,2026-07-25 18:00:00,,,,,,,,,,,,,26.269500732421875,36.0,1004.5999755859376,10.015395164489746,0.0,9.422101020812988,263.41815185546875,0.0599999986588954,26.069499969482425,0.1140000000596046
1785002414000,2026-07-25 18:00:14,14.99,21.14,21.4,19.26,18.09,18.37,429.51,374.51,321.51,,,,,,,,,,,,,
1785006000000,2026-07-25 19:00:00,,,,,,,,,,,,,24.91950035095215,41.0,1004.5999755859376,10.763856887817385,0.0,7.771330833435059,256.60748291015625,0.0299999993294477,24.8695011138916,0.1140000000596046
1785006014000,2026-07-25 19:00:14,14.96,20.92,21.21,19.38,18.43,18.33,429.51,374.35,321.33,,,,,,,,,,,,,
1785006553250,2026-07-25 19:09:13,14.95,20.83,21.22,19.41,18.73,18.27,429.51,374.32,321.33,,3592.0,39.92702702702702,,,,,,,,,,
1785009600000,2026-07-25 20:00:00,,,,,,,,,,,,,22.469501495361328,52.0,1004.7999877929688,12.12697696685791,0.0,6.214563369750977,259.9920959472656,0.0199999995529651,23.519500732421875,0.1129999980330467
1785009614000,2026-07-25 20:00:14,14.91,20.66,21.13,19.44,18.92,18.27,429.47,374.19,321.24,,,,,,,,,,,,,
1785013200000,2026-07-25 21:00:00,,,,,,,,,,,,,21.319499969482425,57.0,1005.2000122070312,12.456096649169922,0.0,6.877789497375488,317.12109375,0.0199999995529651,22.569499969482425,0.1129999980330467
1785013214000,2026-07-25 21:00:14,14.86,20.7,21.01,19.48,18.46,18.52,429.44,374.13,321.18,,,,,,,,,,,,,
1785016800000,2026-07-25 22:00:00,,,,,,,,,,,,,20.269500732421875,67.0,1005.2999877929688,13.9433012008667,0.0,4.843304634094238,318.01287841796875,0.0099999997764825,21.8695011138916,0.1129999980330467
1785016814000,2026-07-25 22:00:14,14.83,20.71,20.94,19.48,18.3,18.37,429.41,374.1,321.09,,,,,,,,,,,,,
1785020400000,2026-07-25 23:00:00,,,,,,,,,,,,,18.91950035095215,75.0,1005.2000122070312,14.39052391052246,0.0,4.349896430969238,294.4439392089844,0.0099999997764825,20.91950035095215,0.1129999980330467
1785020414000,2026-07-25 23:00:14,14.83,20.53,20.87,19.48,19.01,18.4,429.41,374.07,321.03,,,,,,,,,,,,,
1785024000000,2026-07-26 00:00:00,,,,,,,,,,,,,18.469501495361328,78.0,1004.7000122070312,14.562092781066896,0.0,4.33497428894043,228.36654663085932,0.0099999997764825,20.66950035095215,0.1110000014305114
1785024014000,2026-07-26 00:00:14,14.75,20.42,20.77,19.51,19.35,18.55,429.34,374.03,320.97,,,,,,,,,,,,,
1785027600000,2026-07-26 01:00:00,,,,,,,,,,,,,17.519500732421875,84.0,1004.5,14.785137176513672,0.0,5.116561412811279,230.7106170654297,0.0099999997764825,20.069499969482425,0.1099999994039535
1785027614000,2026-07-26 01:00:14,14.71,20.5,20.72,19.51,18.86,18.49,429.3,374.0,320.91,,,,,,,,,,,,,
1785028105891,2026-07-26 01:08:25,14.71,20.38,20.7,19.51,19.41,18.58,429.3,374.0,320.91,,3579.0,38.29324324324326,,,,,,,,,,
1785031200000,2026-07-26 02:00:00,,,,,,,,,,,,,17.1195011138916,76.0,1004.2999877929688,12.854336738586426,0.0,5.692099094390869,235.3047790527344,0.0099999997764825,19.469501495361328,0.1099999994039535
1785031214000,2026-07-26 02:00:14,14.68,20.53,20.58,19.48,18.55,18.76,429.27,373.97,320.84,,,,,,,,,,,,,
1785034800000,2026-07-26 03:00:00,,,,,,,,,,,,,16.769500732421875,72.0,1004.0999755859376,11.6940336227417,0.0,6.489992141723633,213.69009399414065,0.0099999997764825,18.969501495361328,0.1099999994039535
1785034814000,2026-07-26 03:00:14,14.66,20.35,20.54,19.41,19.13,18.67,429.24,373.91,320.78,,,,,,,,,,,,,
1785038400000,2026-07-26 04:00:00,,,,,,,,,,,,,16.769500732421875,74.0,1004.0999755859376,12.109761238098145,0.0,5.351784706115723,222.27362060546875,0.0099999997764825,18.6195011138916,0.1099999994039535
1785038414000,2026-07-26 04:00:14,14.62,20.39,20.49,19.44,18.79,18.58,429.2,373.87,320.72,,,,,,,,,,,,,
1785042000000,2026-07-26 05:00:00,,,,,,,,,,,,,17.469501495361328,73.0,1003.7999877929688,12.577144622802734,0.0,7.56856632232666,205.3461303710937,0.0099999997764825,18.66950035095215,0.1099999994039535
1785042014000,2026-07-26 05:00:14,14.57,20.35,20.42,19.35,18.7,18.61,429.14,373.81,320.66,,,,,,,,,,,,,
1785045600000,2026-07-26 06:00:00,,,,,,,,,,,,,18.569499969482425,71.0,1003.7000122070312,13.20958137512207,0.0,7.594208240509033,211.4295196533203,0.0199999995529651,19.269500732421875,0.1099999994039535
1785045614000,2026-07-26 06:00:14,14.53,20.2,20.37,19.35,19.26,18.67,429.1,373.78,320.63,,,,,,,,,,,,,
1785049200000,2026-07-26 07:00:00,,,,,,,,,,,,,20.219501495361328,65.0,1003.5,13.429476737976074,0.0,10.99032211303711,211.60745239257807,0.0500000044703483,20.319499969482425,0.1099999994039535
1785049214000,2026-07-26 07:00:14,14.47,20.13,20.29,19.29,19.29,18.73,429.03,373.71,320.57,,,,,,,,,,,,,
1785049688173,2026-07-26 07:08:08,14.46,20.17,20.32,19.32,19.13,18.58,429.03,373.71,320.57,,3579.0,38.29324324324326,,,,,,,,,,
1785049692997,2026-07-26 07:08:12,14.46,20.17,20.32,19.32,19.13,18.58,429.03,373.71,320.57,,3579.0,38.29324324324326,,,,,,,,,,
1785052800000,2026-07-26 08:00:00,,,,,,,,,,,,,21.769500732421875,59.0,1003.2000122070312,13.404763221740724,0.0,14.29159164428711,220.914291381836,0.0700000077486038,21.519500732421875,0.1099999994039535
1785053166000,2026-07-26 08:06:06,14.43,20.19,20.24,19.32,18.73,18.64,429.0,373.65,320.51,,,,,,,,,,,,,
1785056400000,2026-07-26 09:00:00,,,,,,,,,,,,,22.3695011138916,54.0,1003.0,12.609142303466797,0.0,14.565547943115234,230.0131683349609,0.0900000035762786,22.3695011138916,0.1089999973773956
1785056766000,2026-07-26 09:06:06,14.36,20.39,20.17,19.29,17.67,18.67,428.93,373.62,320.45,,,,,,,,,,,,,
1785060000000,2026-07-26 10:00:00,,,,,,,,,,,,,21.91950035095215,56.0,1002.7999877929688,12.74587059020996,0.1000000014901161,13.84947681427002,242.1028289794922,0.1000000089406967,22.269500732421875,0.1089999973773956
1785060366000,2026-07-26 10:06:06,14.33,19.98,20.11,19.29,19.16,18.67,428.9,373.52,320.39,,,,,,,,,,,,,
1785063600000,2026-07-26 11:00:00,,,,,,,,,,,,,22.519500732421875,58.0,1002.5999755859376,13.84445095062256,0.0,17.102840423583984,239.6568298339844,0.1199999973177909,22.769500732421875,0.1089999973773956
1785063966000,2026-07-26 11:06:06,14.29,20.04,20.06,19.26,18.73,18.58,428.86,373.49,320.33,,,,,,,,,,,,,
1785067200000,2026-07-26 12:00:00,,,,,,,,,,,,,22.3695011138916,63.0,1002.4000244140624,14.982925415039062,0.1000000014901161,16.595178604125977,257.47119140625,0.1500000059604644,23.269500732421875,0.1089999973773956
1785067566000,2026-07-26 12:06:06,14.2,19.88,19.98,19.35,19.23,18.64,428.8,373.43,320.27,,,,,,,,,,,,,
1785070800000,2026-07-26 13:00:00,,,,,,,,,,,,,23.019500732421875,58.0,1002.4000244140624,14.312291145324709,0.0,18.998315811157227,242.9494781494141,0.1299999952316284,23.969501495361328,0.1089999973773956
1785071166000,2026-07-26 13:06:06,14.13,19.8,19.92,19.35,19.29,18.61,428.73,373.36,320.21,,,,,,,,,,,,,
1785071352360,2026-07-26 13:09:12,14.13,19.83,19.87,19.35,19.16,18.7,428.73,373.36,320.18,,3592.0,39.92702702702702,,,,,,,,,,
1785071360278,2026-07-26 13:09:20,14.13,19.83,19.87,19.35,19.16,18.7,428.73,373.36,320.18,,3592.0,39.92702702702702,,,,,,,,,,
1785071362091,2026-07-26 13:09:22,14.13,19.83,19.87,19.35,19.16,18.7,428.73,373.36,320.18,,3592.0,39.92702702702702,,,,,,,,,,
1785074400000,2026-07-26 14:00:00,,,,,,,,,,,,,22.8695011138916,56.0,1002.2999877929688,13.63111686706543,0.0,17.193532943725586,250.42677307128903,0.1000000089406967,23.66950035095215,0.1080000028014183
1785074766000,2026-07-26 14:06:06,14.05,19.83,19.8,19.35,18.86,18.86,428.66,373.3,320.15,,,,,,,,,,,,,
1785078000000,2026-07-26 15:00:00,,,,,,,,,,,,,22.469501495361328,57.0,1002.0,13.530120849609377,0.0,16.05535316467285,250.34608459472656,0.0599999986588954,22.819499969482425,0.1080000028014183
1785078366000,2026-07-26 15:06:06,14.02,19.86,19.72,19.35,18.61,18.76,428.63,373.27,320.06,,,,,,,,,,,,,
1785081600000,2026-07-26 16:00:00,,,,,,,,,,,,,20.569499969482425,72.0,1002.0,15.34597396850586,0.699999988079071,13.202726364135742,258.9964904785156,0.0700000077486038,21.769500732421875,0.1080000028014183
1785081966000,2026-07-26 16:06:06,14.02,19.71,19.71,19.35,19.13,18.64,428.63,373.23,320.03,,,,,,,,,,,,,
1785085200000,2026-07-26 17:00:00,,,,,,,,,,,,,21.1195011138916,68.0,1001.7999877929688,14.98294162750244,0.0,15.716793060302734,249.90467834472656,0.0900000035762786,21.769500732421875,0.1080000028014183
1785085566000,2026-07-26 17:06:06,14.01,19.65,19.63,19.41,19.26,18.7,428.63,373.2,319.97,,,,,,,,,,,,,
1785088800000,2026-07-26 18:00:00,,,,,,,,,,,,,20.969501495361328,71.0,1001.9000244140624,15.511815071105955,0.0,15.13713264465332,244.65386962890625,0.0599999986588954,21.41950035095215,0.1080000028014183
1785089166000,2026-07-26 18:06:06,14.0,19.67,19.58,19.44,19.16,18.79,428.63,373.2,319.94,,,,,,,,,,,,,
1785092400000,2026-07-26 19:00:00,,,,,,,,,,,,,20.41950035095215,74.0,1002.0,15.629122734069824,0.1000000014901161,15.484185218811035,252.4074859619141,0.0399999991059303,20.969501495361328,0.1089999973773956
1785092766000,2026-07-26 19:06:06,14.33,19.67,19.55,19.41,19.2,18.76,428.93,373.2,319.91,,,,,,,,,,,,,
1785092908349,2026-07-26 19:08:28,14.44,19.63,19.53,19.41,19.23,18.73,429.03,373.17,319.88,,3590.0,39.67567567567565,,,,,,,,,,
1785092911624,2026-07-26 19:08:31,14.44,19.63,19.53,19.41,19.23,18.73,429.03,373.17,319.88,,3590.0,39.67567567567565,,,,,,,,,,
1785096000000,2026-07-26 20:00:00,,,,,,,,,,,,,19.3695011138916,82.0,1002.2999877929688,16.217710494995117,0.699999988079071,16.450069427490234,246.8013916015625,0.0399999991059303,20.269500732421875,0.1089999973773956
1785096366000,2026-07-26 20:06:06,14.85,19.65,19.44,19.41,19.16,18.98,429.41,373.17,319.85,,,,,,,,,,,,,
1785099600000,2026-07-26 21:00:00,,,,,,,,,,,,,18.769500732421875,87.0,1002.5999755859376,16.55988883972168,0.0,13.10419750213623,254.05453491210932,0.0299999993294477,19.819499969482425,0.1099999994039535
1785099966000,2026-07-26 21:06:06,15.17,19.65,19.47,19.41,19.16,18.7,429.71,373.17,319.82,,,,,,,,,,,,,
1785103200000,2026-07-26 22:00:00,,,,,,,,,,,,,18.519500732421875,87.0,1002.7999877929688,16.314088821411133,0.0,13.849475860595703,261.0274658203125,0.0199999995529651,19.519500732421875,0.1110000014305114
1785103566000,2026-07-26 22:06:06,15.43,19.77,19.43,19.41,18.58,18.73,429.95,373.17,319.79,,,,,,,,,,,,,
1785106800000,2026-07-26 23:00:00,,,,,,,,,,,,,18.1195011138916,87.0,1003.2000122070312,15.920801162719728,0.0,13.661038398742676,251.56495666503903,0.0199999995529651,19.16950035095215,0.1120000034570694
1785107166000,2026-07-26 23:06:06,15.92,19.69,19.39,19.41,18.82,18.73,430.42,373.14,319.76,,,,,,,,,,,,,
1785110400000,2026-07-27 00:00:00,,,,,,,,,,,,,17.269500732421875,89.0,1004.0999755859376,15.439037322998049,0.0,16.750640869140625,278.6524658203125,0.0399999991059303,18.269500732421875,0.1490000039339065
1785110766000,2026-07-27 00:06:06,,,,19.38,19.23,18.73,430.69,373.14,319.73,,,,,,,,,,,,,
1785114000000,2026-07-27 01:00:00,,,,,,,,,,,,,16.66950035095215,83.0,1004.9000244140624,13.768338203430176,0.0,17.11420440673828,284.62091064453125,0.0500000044703483,17.969501495361328,0.1490000039339065
1785114366000,2026-07-27 01:06:06,17.57,19.7,19.27,19.35,18.79,18.98,431.98,373.14,319.7,,,,,,,,,,,,,
1785114487332,2026-07-27 01:08:07,17.72,19.67,19.28,19.32,18.92,18.95,432.11,373.14,319.7,,3579.0,38.29324324324326,,,,,,,,,,
1785117600000,2026-07-27 02:00:00,,,,,,,,,,,,,16.1195011138916,82.0,1005.9000244140624,13.044839859008787,0.0,16.071491241455078,285.5928649902344,0.0500000044703483,17.569499969482422,0.1490000039339065
1785117966000,2026-07-27 02:06:06,18.35,19.66,19.29,19.29,19.23,18.73,432.72,373.2,319.67,,,,,,,,,,,,,
1785121200000,2026-07-27 03:00:00,,,,,,,,,,,,,15.76949977874756,85.0,1006.7000122070312,13.25290298461914,0.0,15.281989097595217,285.0184020996094,0.0399999991059303,17.219501495361328,0.1490000039339065
1785121566000,2026-07-27 03:06:06,18.65,19.98,19.25,19.2,18.73,18.79,432.99,373.43,319.64,,,,,,,,,,,,,
1785124800000,2026-07-27 04:00:00,,,,,,,,,,,,,15.319499969482422,85.0,1007.2999877929688,12.811604499816896,0.0,13.79791259765625,285.1240539550781,0.0399999991059303,16.819499969482422,0.1480000019073486
1785125166000,2026-07-27 04:06:06,18.74,20.03,19.24,19.13,19.51,18.67,433.06,373.65,319.61,,,,,,,,,,,,,
1785128400000,2026-07-27 05:00:00,,,,,,,,,,,,,15.419499397277832,84.0,1008.2999877929688,12.728809356689451,0.0,13.661038398742676,288.4350280761719,0.0399999991059303,16.769500732421875,0.1480000019073486
1785128766000,2026-07-27 05:06:06,18.71,20.39,19.19,19.1,18.79,18.73,433.03,373.87,319.58,,,,,,,,,,,,,
1785132000000,2026-07-27 06:00:00,,,,,,,,,,,,,15.669499397277832,83.0,1009.2999877929688,12.790512084960938,0.0,12.224106788635254,283.62701416015625,0.0700000077486038,17.1195011138916,0.1469999998807907
1785132366000,2026-07-27 06:06:06,18.65,20.5,19.18,19.04,19.16,18.82,432.96,374.07,319.58,,,,,,,,,,,,,
1785135600000,2026-07-27 07:00:00,,,,,,,,,,,,,16.519500732421875,79.0,1010.2999877929688,12.864322662353516,0.0,13.661038398742676,288.4350280761719,0.1099999994039535,17.819499969482422,0.1459999978542328
1785135966000,2026-07-27 07:06:06,18.58,20.85,19.15,19.04,18.06,18.79,432.89,374.19,319.55,,,,,,,,,,,,,
1785136112753,2026-07-27 07:08:32,18.56,20.61,19.12,18.98,19.16,18.92,432.86,374.19,319.55,,3587.0,39.298648648648665,,,,,,,,,,
1785139200000,2026-07-27 08:00:00,,,,,,,,,,,,,17.6195011138916,76.0,1011.2000122070312,13.338061332702637,0.0,13.52757167816162,295.2010803222656,0.1500000059604644,18.719501495361328,0.1449999958276748
1785139566000,2026-07-27 08:06:06,18.49,20.67,19.12,18.98,19.35,18.76,432.79,374.29,319.52,,,,,,,,,,,,,
1785142800000,2026-07-27 09:00:00,,,,,,,,,,,,,18.519500732421875,67.0,1012.0999755859376,12.276115417480469,0.0,14.039999008178713,292.6199035644531,0.1800000071525573,19.6195011138916,0.1439999938011169
1785143168000,2026-07-27 09:06:08,18.35,20.78,19.09,18.98,19.07,18.73,432.65,374.35,319.49,,,,,,,,,,,,,
1785146400000,2026-07-27 10:00:00,,,,,,,,,,,,,19.3695011138916,59.0,1012.7000122070312,11.153346061706545,0.0,14.587776184082031,285.7512512207031,0.25,20.819499969482425,0.1430000066757202
1785146768000,2026-07-27 10:06:08,18.23,20.93,19.07,18.92,18.55,18.67,432.52,374.39,319.46,,,,,,,,,,,,,
1785150000000,2026-07-27 11:00:00,,,,,,,,,,,,,19.3695011138916,58.0,1013.4000244140624,10.895752906799316,0.0,13.5706148147583,291.8014831542969,0.1899999976158142,20.6195011138916,0.1410000026226043
1785150368000,2026-07-27 11:06:08,18.08,20.83,18.97,18.92,19.01,18.86,432.38,374.39,319.4,,,,,,,,,,,,,
1785153600000,2026-07-27 12:00:00,,,,,,,,,,,,,19.319499969482425,62.0,1013.9000244140624,11.856487274169922,0.0,14.40899658203125,282.99462890625,0.1800000071525573,20.469501495361328,0.1400000005960464
1785153968000,2026-07-27 12:06:08,17.95,20.95,18.97,18.89,18.46,18.52,432.25,374.39,319.34,,,,,,,,,,,,,
1785157200000,2026-07-27 13:00:00,,,,,,,,,,,,,19.41950035095215,61.0,1014.2999877929688,11.704297065734863,0.0,14.825706481933594,299.05450439453125,0.1599999964237213,20.319499969482425,0.1389999985694885
1785157568000,2026-07-27 13:06:08,17.8,20.83,18.91,18.92,19.04,18.67,432.11,374.39,319.31,,,,,,,,,,,,,
1785157692555,2026-07-27 13:08:12,17.77,21.04,18.85,18.92,19.04,18.79,432.08,374.61,319.28,,3574.0,37.66486486486484,,,,,,,,,,
1785157709765,2026-07-27 13:08:29,17.77,21.04,18.85,18.92,19.04,18.79,432.08,374.61,319.28,,3574.0,37.66486486486484,,,,,,,,,,
1785160800000,2026-07-27 14:00:00,,,,,,,,,,,,,18.569499969482425,68.0,1014.5,12.549492835998535,0.0,14.480772972106934,325.1246032714844,0.1599999964237213,20.519500732421875,0.1369999945163726
1785161168000,2026-07-27 14:06:08,17.7,21.31,18.82,18.89,18.46,18.76,432.01,374.77,319.25,,,,,,,,,,,,,
1785164400000,2026-07-27 15:00:00,,,,,,,,,,,,,19.019500732421875,68.0,1014.7000122070312,12.979004859924316,0.0,9.504273414611816,335.37646484375,0.1400000154972076,20.769500732421875,0.1360000073909759
1785164768000,2026-07-27 15:06:08,17.58,21.62,18.78,18.98,19.41,18.64,431.91,375.31,319.19,,,,,,,,,,,,,
1785168000000,2026-07-27 16:00:00,,,,,,,,,,,,,18.469501495361328,67.0,1015.0999755859376,12.228475570678713,0.0,10.948972702026367,332.5924987792969,0.1299999952316284,20.66950035095215,0.135000005364418
1785168368000,2026-07-27 16:06:08,17.57,21.22,18.71,19.01,19.01,18.82,431.91,374.8,319.16,,,,,,,,,,,,,
1785171600000,2026-07-27 17:00:00,,,,,,,,,,,,,16.8695011138916,75.0,1015.7999877929688,12.410528182983398,1.0,8.942214012145996,319.8991394042969,0.0900000035762786,19.319499969482425,0.1340000033378601
1785171968000,2026-07-27 17:06:08,17.5,21.16,18.69,19.01,19.16,18.73,431.84,374.77,319.13,,,,,,,,,,,,,
1785175200000,2026-07-27 18:00:00,,,,,,,,,,,,,16.719501495361328,78.0,1016.2000122070312,12.863829612731934,0.0,7.1003098487854,300.4654541015625,0.0900000035762786,18.569499969482425,0.1340000033378601
1785175568000,2026-07-27 18:06:08,17.46,21.19,18.7,19.07,19.04,18.55,431.81,374.77,319.1,,,,,,,,,,,,,
1785178800000,2026-07-27 19:00:00,,,,,,,,,,,,,16.1195011138916,76.0,1017.0999755859376,11.886795043945312,0.0,7.862518310546875,285.9454650878906,0.0599999986588954,17.91950035095215,0.1340000033378601
1785179168000,2026-07-27 19:06:08,17.46,21.52,18.62,19.07,19.04,18.73,431.81,375.12,319.07,,,,,,,,,,,,,
1785179319331,2026-07-27 19:08:39,17.46,21.55,18.58,19.04,19.01,18.76,431.81,375.15,319.04,,3587.0,39.298648648648665,,,,,,,,,,
1785179326220,2026-07-27 19:08:46,17.46,21.55,18.58,19.04,19.01,18.76,431.81,375.15,319.04,,3587.0,39.298648648648665,,,,,,,,,,
1785182400000,2026-07-27 20:00:00,,,,,,,,,,,,,15.119500160217283,83.0,1017.7999877929688,12.25267505645752,0.0,7.235910415649414,275.71051025390625,0.0399999991059303,17.16950035095215,0.1340000033378601
1785182768000,2026-07-27 20:06:08,17.41,21.96,18.6,19.1,18.33,18.67,431.77,375.44,319.04,,,,,,,,,,,,,
1785186000000,2026-07-27 21:00:00,,,,,,,,,,,,,14.119500160217283,88.0,1018.2999877929688,12.161006927490234,0.0,5.771238803863525,273.5762634277344,0.0199999995529651,16.319499969482422,0.1340000033378601
1785186368000,2026-07-27 21:06:08,17.35,21.8,18.56,19.07,18.55,18.7,431.71,375.31,319.01,,,,,,,,,,,,,
1785189600000,2026-07-27 22:00:00,,,,,,,,,,,,,13.219499588012695,93.0,1018.7999877929688,12.111772537231444,0.0,4.802999019622803,257.00537109375,0.0099999997764825,15.569499969482422,0.1340000033378601
1785189968000,2026-07-27 22:06:08,17.32,21.88,18.48,19.04,18.73,18.95,431.67,375.44,318.98,,,,,,,,,,,,,
1785193200000,2026-07-27 23:00:00,,,,,,,,,,,,,12.719499588012695,95.0,1019.2000122070312,11.93861198425293,0.0,4.802999019622803,257.00537109375,0.0,15.01949977874756,0.1330000013113021
1785193568000,2026-07-27 23:06:08,17.25,22.0,18.48,19.01,18.61,18.79,431.6,375.54,318.95,,,,,,,,,,,,,
1785196800000,2026-07-28 00:00:00,,,,,,,,,,,,,12.26949977874756,95.0,1019.7000122070312,11.49135398864746,0.0,5.241678714752197,254.05453491210932,0.0099999997764825,14.569499969482422,0.1280000060796737
1785197168000,2026-07-28 00:06:08,17.23,22.08,18.41,18.95,18.37,18.95,431.57,375.57,318.92,,,,,,,,,,,,,
1785200400000,2026-07-28 01:00:00,,,,,,,,,,,,,11.819499969482422,95.0,1019.9000244140624,11.044089317321776,0.0,4.896529197692871,252.89718627929688,0.0,14.119500160217283,0.1280000060796737
1785200768000,2026-07-28 01:06:08,17.18,22.05,18.56,18.86,19.07,18.27,431.5,375.7,318.92,,,,,,,,,,,,,
1785200889550,2026-07-28 01:08:09,17.15,22.16,18.38,18.86,18.55,18.92,431.47,375.7,318.89,,3569.0,37.03648648648648,,,,,,,,,,
1785200893102,2026-07-28 01:08:13,17.15,22.16,18.38,18.86,18.55,18.92,431.47,375.7,318.89,,3569.0,37.03648648648648,,,,,,,,,,
1785204000000,2026-07-28 02:00:00,,,,,,,,,,,,,12.119500160217283,97.0,1020.2999877929688,11.657389640808104,0.0,4.349896430969238,245.5560607910156,0.0,14.01949977874756,0.1280000060796737
1785204368000,2026-07-28 02:06:08,17.12,22.2,18.42,18.79,18.61,18.76,431.43,375.76,318.89,,,,,,,,,,,,,
1785207600000,2026-07-28 03:00:00,,,,,,,,,,,,,12.069499969482422,97.0,1020.5,11.60756778717041,0.0,6.0346999168396,252.64588928222656,0.0,13.869500160217283,0.1280000060796737
1785207968000,2026-07-28 03:06:08,17.08,22.26,18.39,18.7,18.33,18.73,431.37,375.76,318.86,,,,,,,,,,,,,
1785211200000,2026-07-28 04:00:00,,,,,,,,,,,,,11.869500160217283,97.0,1020.7999877929688,11.408292770385742,0.0,6.7637858390808105,244.7989044189453,0.0,13.619500160217283,0.1280000060796737
1785211568000,2026-07-28 04:06:08,17.01,22.27,18.36,18.67,18.3,18.73,431.3,375.76,318.83,,,,,,,,,,,,,
1785214800000,2026-07-28 05:00:00,,,,,,,,,,,,,12.51949977874756,95.0,1021.2000122070312,11.739830017089844,0.0,7.091177463531494,246.0375061035156,0.0099999997764825,13.819499969482422,0.1289999932050705
1785215168000,2026-07-28 05:06:08,16.97,22.26,18.31,18.55,18.64,18.92,431.23,375.83,318.83,,,,,,,,,,,,,
1785218400000,2026-07-28 06:00:00,,,,,,,,,,,,,14.219499588012695,90.0,1021.4000244140624,12.601886749267578,0.0,7.412853240966797,240.9454803466797,0.0500000044703483,14.819499969482422,0.1289999932050705
1785218768000,2026-07-28 06:06:08,16.9,22.23,18.32,18.52,18.95,18.73,431.16,375.86,318.8,,,,,,,,,,,,,
1785222000000,2026-07-28 07:00:00,,,,,,,,,,,,,15.919499397277832,84.0,1021.4000244140624,13.218442916870115,0.0,8.287821769714355,235.61959838867188,0.0900000035762786,16.319499969482422,0.1280000060796737
1785222368000,2026-07-28 07:06:08,16.87,22.29,18.31,18.49,18.21,18.64,431.13,375.76,318.77,,,,,,,,,,,,,
1785222505789,2026-07-28 07:08:25,16.88,22.16,18.3,18.46,18.67,18.67,431.13,375.73,318.77,,3572.0,37.41351351351352,,,,,,,,,,
1785225600000,2026-07-28 08:00:00,,,,,,,,,,,,,17.469501495361328,77.0,1021.5,13.393462181091309,0.0,8.161764144897461,228.5764312744141,0.1599999964237213,18.1195011138916,0.1280000060796737
1785225968000,2026-07-28 08:06:08,16.83,22.1,18.27,18.37,18.86,18.64,431.06,375.7,318.74,,,,,,,,,,,,,
1785229200000,2026-07-28 09:00:00,,,,,,,,,,,,,19.069499969482425,71.0,1021.9000244140624,13.689284324645996,0.0,9.957107543945312,229.39878845214844,0.2100000232458114,19.66950035095215,0.1280000060796737
1785229568000,2026-07-28 09:06:08,16.73,22.05,18.23,18.33,18.79,18.67,430.96,375.63,318.71,,,,,,,,,,,,,
1785232800000,2026-07-28 10:00:00,,,,,,,,,,,,,20.569499969482425,63.0,1021.9000244140624,13.28139877319336,0.0,10.5142183303833,231.95291137695312,0.270000010728836,21.269500732421875,0.1270000040531158
1785233168000,2026-07-28 10:06:08,16.66,22.04,18.2,18.3,18.55,18.67,430.89,375.57,318.68,,,,,,,,,,,,,
1785236400000,2026-07-28 11:00:00,,,,,,,,,,,,,21.8695011138916,57.0,1021.7000122070312,12.969799041748049,0.0,12.55879020690918,242.70050048828125,0.3100000023841858,22.769500732421875,0.1260000020265579
1785236768000,2026-07-28 11:06:08,16.51,22.0,18.15,18.37,18.3,18.61,430.76,375.47,318.62,,,,,,,,,,,,,
1785240000000,2026-07-28 12:00:00,,,,,,,,,,,,,23.1195011138916,52.0,1021.4000244140624,12.727265357971191,0.0,11.298495292663574,239.3494110107422,0.3000000119209289,23.819499969482425,0.125
1785240368000,2026-07-28 12:06:08,16.43,21.95,18.11,18.43,18.12,18.61,430.69,375.38,318.59,,,,,,,,,,,,,
1785243600000,2026-07-28 13:00:00,,,,,,,,,,,,,23.819499969482425,50.0,1021.2000122070312,12.77302074432373,0.0,11.298495292663574,247.52052307128903,0.2900000214576721,24.6195011138916,0.123999997973442
1785243968000,2026-07-28 13:06:08,16.33,21.9,17.98,18.52,18.03,18.89,430.62,375.31,318.53,,,,,,,,,,,,,
1785244105778,2026-07-28 13:08:25,16.31,21.77,18.0,18.46,18.55,18.82,430.59,375.28,318.53,,3582.0,38.67027027027024,,,,,,,,,,
1785244108809,2026-07-28 13:08:28,16.31,21.77,18.0,18.46,18.55,18.82,430.59,375.28,318.53,,3582.0,38.67027027027024,,,,,,,,,,
1785247200000,2026-07-28 14:00:00,,,,,,,,,,,,,24.3695011138916,49.0,1021.0999755859376,12.96890354156494,0.0,11.01388168334961,258.6900939941406,0.2399999946355819,24.6195011138916,0.1230000033974647
1785247568000,2026-07-28 14:06:08,16.24,21.71,17.96,18.58,18.55,18.67,430.55,375.22,318.47,,,,,,,,,,,,,
1785250800000,2026-07-28 15:00:00,,,,,,,,,,,,,24.569499969482425,48.0,1020.9000244140624,12.836660385131836,0.0,10.440000534057615,270.0,0.2199999988079071,24.769500732421875,0.1220000013709068
1785251168000,2026-07-28 15:06:08,16.15,21.68,17.97,18.73,18.37,18.49,430.49,375.15,318.44,,,,,,,,,,,,,
1785254400000,2026-07-28 16:00:00,,,,,,,,,,,,,24.819499969482425,49.0,1020.7000122070312,13.381319999694824,0.0,9.007196426391602,267.7094421386719,0.1800000071525573,24.469501495361328,0.1209999993443489
1785254768000,2026-07-28 16:06:08,16.05,21.86,17.89,18.86,17.14,18.55,430.42,375.06,318.38,,,,,,,,,,,,,
1785258000000,2026-07-28 17:00:00,,,,,,,,,,,,,24.66950035095215,50.0,1020.5,13.55400276184082,0.0,7.386581897735596,223.0250701904297,0.1700000017881393,24.319499969482425,0.1199999973177909
1785258368000,2026-07-28 17:06:08,16.01,21.44,17.82,18.89,18.82,18.55,430.39,374.99,318.32,,,,,,,,,,,,,
1785261600000,2026-07-28 18:00:00,,,,,,,,,,,,,23.769500732421875,61.0,1020.5999755859376,15.800317764282228,0.0,4.735060214996338,188.7460784912109,0.1000000089406967,23.569499969482425,0.1190000027418136
1785261968000,2026-07-28 18:06:08,15.93,21.49,17.75,19.04,18.3,18.55,430.35,374.93,318.26,,,,,,,,,,,,,
1785265200000,2026-07-28 19:00:00,,,,,,,,,,,,,21.6195011138916,73.0,1020.5999755859376,16.5715389251709,0.0,4.735060214996338,171.25392150878906,0.0399999991059303,22.3695011138916,0.1190000027418136
1785265568000,2026-07-28 19:06:08,15.88,21.35,17.67,19.13,18.82,18.61,430.32,374.9,318.2,,,,,,,,,,,,,
1785265689544,2026-07-28 19:08:09,15.86,21.53,17.7,19.2,18.0,18.46,430.32,374.9,318.2,,3579.0,38.29324324324326,,,,,,,,,,
1785265694000,2026-07-28 19:08:14,15.86,21.53,17.7,19.2,18.0,18.46,430.32,374.9,318.2,,3579.0,38.29324324324326,,,,,,,,,,
1785268800000,2026-07-28 20:00:00,,,,,,,,,,,,,19.769500732421875,77.0,1020.7000122070312,15.621740341186523,0.0,5.154415607452393,167.90525817871094,0.0199999995529651,21.019500732421875,0.1180000007152557
1785269168000,2026-07-28 20:06:08,15.86,21.35,17.68,19.23,18.86,18.4,430.32,374.9,318.17,,,,,,,,,,,,,
1785272400000,2026-07-28 21:00:00,,,,,,,,,,,,,18.769500732421875,81.0,1020.7999877929688,15.440495491027832,0.0,4.6938252449035645,175.60137939453125,0.0199999995529651,20.1195011138916,0.1180000007152557
1785272768000,2026-07-28 21:06:08,15.82,21.28,17.63,19.23,18.98,18.49,430.28,374.86,318.14,,,,,,,,,,,,,
1785276000000,2026-07-28 22:00:00,,,,,,,,,,,,,18.3695011138916,82.0,1020.7999877929688,15.241541862487791,0.0,5.692099571228027,161.56495666503906,0.0199999995529651,19.519500732421875,0.1169999986886978
1785276368000,2026-07-28 22:06:08,15.77,21.28,17.6,19.29,18.98,18.49,430.25,374.86,318.11,,,,,,,,,,,,,
1785279600000,2026-07-28 23:00:00,,,,,,,,,,,,,18.16950035095215,82.0,1020.5999755859376,15.046298027038574,0.0,5.815978050231934,158.1985321044922,0.0199999995529651,19.16950035095215,0.1169999986886978
1785279968000,2026-07-28 23:06:08,15.75,21.22,17.56,19.23,19.29,18.49,430.22,374.86,318.08,,,,,,,,,,,,,
1785283200000,2026-07-29 00:00:00,,,,,,,,,,,,,17.819499969482422,76.0,1020.0999755859376,13.531540870666504,0.0,4.829906940460205,153.4350128173828,0.0099999997764825,19.319499969482425,0.1180000007152557
1785283568000,2026-07-29 00:06:08,15.71,21.31,17.52,19.23,18.73,18.55,430.18,374.83,318.05,,,,,,,,,,,,,
1785286800000,2026-07-29 01:00:00,,,,,,,,,,,,,17.569499969482422,76.0,1020.4000244140624,13.289690017700195,0.0,5.351784706115723,137.72637939453125,0.0099999997764825,18.91950035095215,0.1180000007152557
1785287168000,2026-07-29 01:06:08,15.67,21.18,17.5,19.26,19.35,18.64,430.15,374.83,318.05,,,,,,,,,,,,,
1785287287245,2026-07-29 01:08:07,15.68,21.25,17.48,19.23,18.98,18.73,430.15,374.83,318.05,,3579.0,38.29324324324326,,,,,,,,,,
1785290400000,2026-07-29 02:00:00,,,,,,,,,,,,,16.91950035095215,80.0,1020.2999877929688,13.446163177490234,0.0,4.104631423950195,127.8750457763672,0.0099999997764825,18.41950035095215,0.1180000007152557
1785290768000,2026-07-29 02:06:08,15.65,21.38,17.48,19.23,18.37,18.55,430.12,374.83,318.02,,,,,,,,,,,,,
1785294000000,2026-07-29 03:00:00,,,,,,,,,,,,,16.569499969482422,82.0,1020.2999877929688,13.48421573638916,0.0,4.104631423950195,127.8750457763672,0.0099999997764825,18.019500732421875,0.1169999986886978
1785294368000,2026-07-29 03:06:08,15.59,21.38,17.47,19.16,18.4,18.58,430.05,374.83,318.02,,,,,,,,,,,,,
1785297600000,2026-07-29 04:00:00,,,,,,,,,,,,,16.219501495361328,84.0,1020.0,13.51221752166748,0.0,4.693825721740723,122.47117614746094,0.0099999997764825,17.719501495361328,0.1169999986886978
1785297968000,2026-07-29 04:06:08,15.54,21.15,17.44,19.16,19.35,18.58,430.01,374.8,317.99,,,,,,,,,,,,,
1785301200000,2026-07-29 05:00:00,,,,,,,,,,,,,16.769500732421875,83.0,1019.9000244140624,13.86611557006836,0.0,5.623379707336426,129.80552673339844,0.0099999997764825,17.769500732421875,0.1169999986886978
1785301568000,2026-07-29 05:06:08,15.51,21.19,17.43,19.16,19.01,18.61,429.98,374.77,317.99,,,,,,,,,,,,,
1785304800000,2026-07-29 06:00:00,,,,,,,,,,,,,18.269500732421875,78.0,1019.7000122070312,14.368021965026855,0.0,5.692099571228027,108.43504333496094,0.0399999991059303,18.66950035095215,0.1169999986886978
1785305168000,2026-07-29 06:06:08,15.45,21.08,17.37,19.1,19.41,18.73,429.91,374.74,317.96,,,,,,,,,,,,,
1785308400000,2026-07-29 07:00:00,,,,,,,,,,,,,20.219501495361328,71.0,1019.5,14.79245948791504,0.0,6.130578517913818,130.2362823486328,0.0700000077486038,20.1195011138916,0.1169999986886978
1785308768000,2026-07-29 07:06:08,15.43,21.19,17.37,19.07,18.73,18.61,429.88,374.7,317.93,,,,,,,,,,,,,
1785308887972,2026-07-29 07:08:07,15.43,21.21,17.35,19.04,18.49,18.7,429.88,374.67,317.93,,3577.0,38.04189189189188,,,,,,,,,,
1785308893038,2026-07-29 07:08:13,15.43,21.21,17.35,19.04,18.49,18.7,429.88,374.67,317.93,,3577.0,38.04189189189188,,,,,,,,,,
1785312000000,2026-07-29 08:00:00,,,,,,,,,,,,,22.319499969482425,64.0,1019.2999877929688,15.18057346343994,0.0,7.289444923400879,122.90524291992188,0.1099999994039535,22.219501495361328,0.1169999986886978
1785312367000,2026-07-29 08:06:07,15.36,21.06,17.33,19.04,19.04,18.61,429.81,374.64,317.9,,,,,,,,,,,,,
1785315600000,2026-07-29 09:00:00,,,,,,,,,,,,,24.6195011138916,56.0,1019.0,15.261256217956545,0.0,8.91318130493164,133.36346435546875,0.1599999964237213,24.469501495361328,0.1169999986886978
1785315968000,2026-07-29 09:06:08,15.28,21.12,17.29,19.04,18.52,18.64,429.74,374.58,317.87,,,,,,,,,,,,,
1785319200000,2026-07-29 10:00:00,,,,,,,,,,,,,26.569499969482425,48.0,1018.5999755859376,14.664533615112305,0.0,10.691452980041504,135.00010681152344,0.2000000178813934,26.219501495361328,0.1159999966621398
1785319568000,2026-07-29 10:06:08,15.18,21.02,17.25,19.04,18.52,18.52,429.64,374.48,317.81,,,,,,,,,,,,,
1785322800000,2026-07-29 11:00:00,,,,,,,,,,,,,28.3695011138916,41.0,1018.0999755859376,13.85687255859375,0.0,11.885453224182127,144.86572265625,0.2300000041723251,28.16950035095215,0.1159999966621398
1785323168000,2026-07-29 11:06:08,15.05,20.91,17.18,18.98,18.49,18.7,429.51,374.35,317.78,,,,,,,,,,,,,
1785326400000,2026-07-29 12:00:00,,,,,,,,,,,,,29.719501495361328,37.0,1017.5999755859376,13.479364395141602,0.0,11.792404174804688,148.736328125,0.25,29.819499969482425,0.1150000020861625
1785326768000,2026-07-29 12:06:08,14.92,20.68,17.12,19.1,19.04,18.64,429.41,374.23,317.72,,,,,,,,,,,,,
1785330000000,2026-07-29 13:00:00,,,,,,,,,,,,,30.66950035095215,35.0,1017.0999755859376,13.46304988861084,0.0,11.753876686096191,152.65020751953125,0.2399999946355819,30.969501495361328,0.1140000000596046
1785330368000,2026-07-29 13:06:08,14.84,20.69,17.09,19.23,18.4,18.61,429.37,374.1,317.69,,,,,,,,,,,,,
1785330534264,2026-07-29 13:08:54,14.83,20.48,17.09,19.29,19.38,18.64,429.37,374.1,317.69,,3587.0,39.298648648648665,,,,,,,,,,
1785333600000,2026-07-29 14:00:00,,,,,,,,,,,,,31.269500732421875,33.0,1016.5,13.085628509521484,0.0,11.592894554138184,154.23072814941406,0.2199999988079071,31.519500732421875,0.1129999980330467
1785333968000,2026-07-29 14:06:08,14.77,20.53,17.26,19.44,18.55,17.55,429.34,373.97,317.63,,,,,,,,,,,,,
1785337200000,2026-07-29 15:00:00,,,,,,,,,,,,,31.6195011138916,33.0,1015.9000244140624,13.390740394592283,0.0,10.63676643371582,156.03750610351562,0.1899999976158142,31.66950035095215,0.1129999980330467
1785337568000,2026-07-29 15:06:08,14.68,20.4,16.99,19.63,18.73,18.61,429.3,373.87,317.6,,,,,,,,,,,,,
1785340800000,2026-07-29 16:00:00,,,,,,,,,,,,,31.66950035095215,31.0,1015.5,12.47783088684082,0.0,9.957108497619627,167.47120666503906,0.1599999964237213,31.3695011138916,0.1120000034570694
1785341168000,2026-07-29 16:06:08,14.59,20.2,16.94,19.88,19.16,18.52,429.27,373.75,317.54,,,,,,,,,,,,,
1785344400000,2026-07-29 17:00:00,,,,,,,,,,,,,31.319499969482425,33.0,1015.2999877929688,13.129217147827148,0.0,7.594208240509033,148.5704803466797,0.1299999952316284,30.569499969482425,0.1110000014305114
1785344768000,2026-07-29 17:06:08,14.51,20.22,16.82,20.11,18.58,18.79,429.24,373.65,317.48,,,,,,,,,,,,,
1785348000000,2026-07-29 18:00:00,,,,,,,,,,,,,30.569499969482425,36.0,1015.2000122070312,13.808353424072266,0.0,6.119999885559082,118.07239532470705,0.0799999982118606,29.3695011138916,0.1110000014305114
1785348368000,2026-07-29 18:06:08,14.44,20.11,16.77,20.2,18.86,18.67,429.2,373.59,317.42,,,,,,,,,,,,,
1785351600000,2026-07-29 19:00:00,,,,,,,,,,,,,28.16950035095215,42.0,1015.2000122070312,14.048964500427246,0.0,7.695919990539551,100.78425598144533,0.0399999991059303,27.769500732421875,0.1099999994039535
1785351968000,2026-07-29 19:06:08,14.38,20.05,16.73,20.33,19.16,18.7,429.17,373.59,317.39,,,,,,,,,,,,,
1785352088041,2026-07-29 19:08:08,14.38,20.01,16.69,20.36,19.32,18.89,429.17,373.59,317.39,,3590.0,39.67567567567565,,,,,,,,,,
1785355200000,2026-07-29 20:00:00,,,,,,,,,,,,,25.069499969482425,52.0,1015.2999877929688,14.527445793151855,0.0,7.072877883911133,104.74361419677734,0.0299999993294477,26.019500732421875,0.1099999994039535
1785355568000,2026-07-29 20:06:08,14.36,20.09,16.68,20.42,18.95,18.61,429.17,373.59,317.33,,,,,,,,,,,,,
1785358800000,2026-07-29 21:00:00,,,,,,,,,,,,,23.16950035095215,58.0,1015.2000122070312,14.452630996704102,0.0,6.830519199371338,108.43504333496094,0.0199999995529651,24.66950035095215,0.1089999973773956
1785359168000,2026-07-29 21:06:08,14.36,20.1,16.64,20.42,18.92,18.67,429.17,373.59,317.3,,,,,,,,,,,,,
1785362400000,2026-07-29 22:00:00,,,,,,,,,,,,,21.8695011138916,61.0,1015.0,14.011743545532228,0.0,6.379216194152832,106.38961791992188,0.0199999995529651,23.569499969482425,0.1089999973773956
1785362768000,2026-07-29 22:06:08,14.33,20.08,16.56,20.42,18.98,18.86,429.14,373.59,317.27,,,,,,,,,,,,,
1785366000000,2026-07-29 23:00:00,,,,,,,,,,,,,20.719501495361328,66.0,1014.9000244140624,14.139518737792969,0.0,5.014219284057617,111.03758239746094,0.0199999995529651,22.66950035095215,0.1089999973773956
1785366368000,2026-07-29 23:06:08,14.27,20.08,16.54,20.49,19.01,18.95,429.1,373.59,317.27,,,,,,,,,,,,,
1785369600000,2026-07-30 00:00:00,,,,,,,,,,,,,19.219501495361328,80.0,1014.7000122070312,15.68484878540039,0.0,5.001279830932617,120.25635528564452,0.0099999997764825,21.819499969482425,0.1110000014305114
1785369968000,2026-07-30 00:06:08,14.25,19.88,16.55,20.42,19.95,18.76,429.07,373.59,317.24,,,,,,,,,,,,,
1785373200000,2026-07-30 01:00:00,,,,,,,,,,,,,18.66950035095215,82.0,1014.5,15.534403800964355,0.0,4.072935104370117,135.00010681152344,0.0099999997764825,21.1195011138916,0.1110000014305114
1785373568000,2026-07-30 01:06:08,14.22,20.06,16.51,20.39,19.07,18.79,429.03,373.59,317.21,,,,,,,,,,,,,
1785373707023,2026-07-30 01:08:27,14.22,20.02,16.76,20.39,19.26,17.64,429.03,373.59,317.21,,3582.0,38.67027027027024,,,,,,,,,,
1785376800000,2026-07-30 02:00:00,,,,,,,,,,,,,18.519500732421875,82.0,1014.5,15.387971878051758,0.0,3.3190360069274902,167.47120666503906,0.0099999997764825,20.519500732421875,0.1110000014305114
1785377168000,2026-07-30 02:06:08,14.19,19.91,16.64,20.36,19.63,18.18,429.0,373.55,317.21,,,,,,,,,,,,,
1785380400000,2026-07-30 03:00:00,,,,,,,,,,,,,17.91950035095215,85.0,1014.2999877929688,15.361124992370604,0.0,3.563817977905273,135.00010681152344,0.0099999997764825,20.019500732421875,0.1110000014305114
1785380768000,2026-07-30 03:06:08,14.13,19.87,16.49,20.3,19.79,18.73,428.93,373.55,317.18,,,,,,,,,,,,,
1785384000000,2026-07-30 04:00:00,,,,,,,,,,,,,17.519500732421875,87.0,1014.2000122070312,15.330848693847656,0.0,3.3190360069274902,130.60121154785156,0.0,19.569499969482425,0.1110000014305114
1785384368000,2026-07-30 04:06:08,14.12,19.86,16.42,20.2,19.7,18.89,428.9,373.52,317.15,,,,,,,,,,,,,
1785387600000,2026-07-30 05:00:00,,,,,,,,,,,,,18.469501495361328,83.0,1014.2999877929688,15.52821445465088,0.0,2.811689853668213,129.80552673339844,0.0099999997764825,19.719501495361328,0.1110000014305114
1785387968000,2026-07-30 05:06:08,,,,20.2,19.66,18.82,428.86,373.52,317.15,,,,,,,,,,,,,
1785391200000,2026-07-30 06:00:00,,,,,,,,,,,,,21.3695011138916,76.0,1014.2000122070312,16.965024948120117,0.0,3.563817977905273,135.00010681152344,0.0299999993294477,20.969501495361328,0.1110000014305114
1785391568000,2026-07-30 06:06:08,14.03,19.75,16.63,20.11,20.11,17.76,428.8,373.49,317.12,,,,,,,,,,,,,
1785394800000,2026-07-30 07:00:00,,,,,,,,,,,,,25.41950035095215,62.0,1014.0999755859376,17.61058235168457,0.0,6.608721733093262,150.64234924316406,0.0700000077486038,23.16950035095215,0.1110000014305114
1785395168000,2026-07-30 07:06:08,13.98,19.79,16.37,20.01,19.66,18.79,428.73,373.43,317.09,,,,,,,,,,,,,
1785395288183,2026-07-30 07:08:08,13.98,19.79,16.31,19.98,19.66,19.04,428.73,373.43,317.09,,3587.0,39.298648648648665,,,,,,,,,,
1785398400000,2026-07-30 08:00:00,,,,,,,,,,,,,28.16950035095215,53.0,1014.2000122070312,17.68910026550293,0.0,8.759178161621094,170.53775024414062,0.1299999952316284,25.769500732421875,0.1110000014305114
1785398767000,2026-07-30 08:06:07,13.88,19.72,16.29,19.98,19.66,18.98,428.63,373.36,317.06,,,,,,,,,,,,,
1785402000000,2026-07-30 09:00:00,,,,,,,,,,,,,30.3695011138916,48.0,1014.2000122070312,18.13419532775879,0.0,9.007196426391602,182.29055786132807,0.1800000071525573,28.319499969482425,0.1099999994039535
1785402368000,2026-07-30 09:06:08,13.8,19.75,16.28,19.98,19.1,18.89,428.56,373.27,317.03,,,,,,,,,,,,,
1785405600000,2026-07-30 10:00:00,,,,,,,,,,,,,33.019500732421875,40.0,1013.7999877929688,17.626794815063477,0.0,10.661107063293455,191.68934631347656,0.2100000232458114,30.719501495361328,0.1099999994039535
1785405968000,2026-07-30 10:06:08,22.16,36.27,38.39,16.46,16.64,17.05,435.88,390.68,337.67,,,,,,,,,,,,,
1785409200000,2026-07-30 11:00:00,,,,,,,,,,,,,35.269500732421875,27.0,1013.0999755859376,13.450136184692385,0.0,13.979870796203612,191.88864135742188,0.2300000041723251,32.61949920654297,0.1089999973773956
1785409568000,2026-07-30 11:06:08,20.15,31.72,32.79,16.55,16.87,17.37,433.91,385.74,331.97,,,,,,,,,,,,,
1785412800000,2026-07-30 12:00:00,,,,,,,,,,,,,36.06949996948242,25.0,1012.2999877929688,12.94668960571289,0.0,15.463244438171388,192.09474182128903,0.2300000041723251,34.11949920654297,0.1089999973773956
1785413168000,2026-07-30 12:06:08,19.59,30.53,30.84,16.75,16.96,17.43,433.4,384.45,330.14,,,,,,,,,,,,,
1785416400000,2026-07-30 13:00:00,,,,,,,,,,,,,37.11949920654297,21.0,1011.7000122070312,11.171792030334473,0.0,15.141413688659668,198.00425720214844,0.2199999988079071,35.21950149536133,0.1080000028014183
1785416768000,2026-07-30 13:06:08,19.34,29.97,29.79,16.96,17.11,17.22,433.2,383.87,329.11,,,,,,,,,,,,,
1785416890185,2026-07-30 13:08:10,19.32,29.94,29.62,17.05,16.93,17.58,433.2,383.8,329.02,,3592.0,39.92702702702702,,,,,,,,,,
1785416895494,2026-07-30 13:08:15,19.32,29.94,29.62,17.05,16.93,17.58,433.2,383.8,329.02,,3592.0,39.92702702702702,,,,,,,,,,
1785420000000,2026-07-30 14:00:00,,,,,,,,,,,,,37.56949996948242,20.0,1010.7999877929688,10.806156158447266,0.0,17.81181526184082,194.0362701416016,0.1899999976158142,35.519500732421875,0.1080000028014183
1785420368000,2026-07-30 14:06:08,19.21,29.55,28.97,17.25,17.28,17.76,433.13,383.45,328.44,,,,,,,,,,,,,
1785423600000,2026-07-30 15:00:00,,,,,,,,,,,,,36.96950149536133,20.0,1010.2000122070312,10.315053939819336,0.0,16.700275421142578,187.4313201904297,0.1700000017881393,35.46950149536133,0.1070000007748603
1785423968000,2026-07-30 15:06:08,19.1,29.27,28.64,17.58,17.34,16.84,433.09,383.16,327.95,,,,,,,,,,,,,
1785427200000,2026-07-30 16:00:00,,,,,,,,,,,,,24.319499969482425,62.0,1014.7999877929688,16.573518753051758,10.800000190734863,32.41799545288086,240.01844787597656,0.2800000309944153,28.969501495361328,0.1280000060796737
1785427568000,2026-07-30 16:06:08,18.98,29.07,27.95,17.85,17.31,17.88,433.03,382.93,327.5,,,,,,,,,,,,,
1785430800000,2026-07-30 17:00:00,,,,,,,,,,,,,24.819499969482425,60.0,1014.5,16.528167724609375,2.5,20.67415809631348,277.00115966796875,0.1800000071525573,26.3695011138916,0.1759999990463256
1785431168000,2026-07-30 17:06:08,18.95,28.95,27.61,18.0,17.34,17.97,433.03,382.8,327.2,,,,,,,,,,,,,
1785434400000,2026-07-30 18:00:00,,,,,,,,,,,,,23.469501495361328,71.0,1014.5999755859376,17.909053802490234,0.6000000238418579,11.18320083618164,273.6913146972656,0.0900000035762786,25.469501495361328,0.1829999983310699
1785434768000,2026-07-30 18:06:08,18.9,28.81,27.24,18.24,17.58,18.3,433.03,382.71,326.92,,,,,,,,,,,,,
1785438000000,2026-07-30 19:00:00,,,,,,,,,,,,,22.819499969482425,76.0,1014.5,18.36699104309082,0.1000000014901161,7.754636764526367,248.1985321044922,0.0599999986588954,24.769500732421875,0.181999996304512
1785438368000,2026-07-30 19:06:08,18.91,28.59,27.04,18.33,18.37,18.03,433.06,382.64,326.68,,,,,,,,,,,,,
1785438492209,2026-07-30 19:08:12,18.89,28.62,26.98,18.4,18.09,18.18,433.06,382.61,326.65,,3587.0,39.298648648648665,,,,,,,,,,
1785438497327,2026-07-30 19:08:17,18.89,28.62,26.98,18.4,18.09,18.18,433.06,382.61,326.65,,3587.0,39.298648648648665,,,,,,,,,,
1785441600000,2026-07-30 20:00:00,,,,,,,,,,,,,22.1195011138916,80.0,1015.5999755859376,18.50678443908692,0.0,9.028754234313965,246.5014190673828,0.0399999991059303,24.16950035095215,0.1800000071525573
1785441968000,2026-07-30 20:06:08,18.9,28.53,26.83,18.49,18.24,18.12,433.09,382.54,326.5,,,,,,,,,,,,,
1785445200000,2026-07-30 21:00:00,,,,,,,,,,,,,21.019500732421875,88.0,1015.7999877929688,18.95491600036621,0.0,6.839999675750732,270.0,0.0199999995529651,23.41950035095215,0.1780000030994415
1785445568000,2026-07-30 21:06:08,24.87,36.21,28.33,19.01,18.24,18.33,439.15,390.97,327.95,,,,,,,,,,,,,
1785448800000,2026-07-30 22:00:00,,,,,,,,,,,,,20.319499969482425,89.0,1016.0,18.446048736572266,0.0,6.287129878997803,293.62939453125,0.0199999995529651,22.66950035095215,0.1749999970197677
1785449168000,2026-07-30 22:06:08,21.77,34.37,32.67,19.13,18.37,18.49,436.05,388.99,332.07,,,,,,,,,,,,,
1785452400000,2026-07-30 23:00:00,,,,,,,,,,,,,19.969501495361328,89.0,1016.0,18.101009368896484,0.0,3.2599384784698486,276.340087890625,0.0099999997764825,22.1195011138916,0.1729999929666519
1785452768000,2026-07-30 23:06:08,20.61,32.84,32.09,19.1,18.49,18.3,434.89,387.33,331.49,,,,,,,,,,,,,
1785456000000,2026-07-31 00:00:00,,,,,,,,,,,,,18.069499969482425,93.0,1017.5999755859376,16.919538497924805,0.0,5.411986351013184,266.1860046386719,0.0199999995529651,20.969501495361328,0.1099999994039535
1785456368000,2026-07-31 00:06:08,20.2,32.18,31.33,19.13,17.82,18.49,434.49,386.46,330.81,,,,,,,,,,,,,
1785459600000,2026-07-31 01:00:00,,,,,,,,,,,,,17.1195011138916,95.0,1017.2999877929688,16.31155776977539,0.0,5.154415130615234,245.22488403320312,0.0099999997764825,20.269500732421875,0.1110000014305114
1785459968000,2026-07-31 01:06:08,19.98,31.37,30.72,19.13,19.29,18.52,434.28,385.9,330.24,,,,,,,,,,,,,
1785460089887,2026-07-31 01:08:09,19.95,31.4,30.79,19.13,18.89,17.67,434.25,385.84,330.14,,3587.0,39.298648648648665,,,,,,,,,,
1785460092464,2026-07-31 01:08:12,19.95,31.4,30.79,19.13,18.89,17.67,434.25,385.84,330.14,,3587.0,39.298648648648665,,,,,,,,,,
1785463200000,2026-07-31 02:00:00,,,,,,,,,,,,,16.569499969482422,98.0,1017.0999755859376,16.252023696899414,0.0,5.804825305938721,262.8750915527344,0.0,19.719501495361328,0.1110000014305114
1785463568000,2026-07-31 02:06:08,19.86,31.1,30.16,19.1,18.95,18.58,434.15,385.52,329.72,,,,,,,,,,,,,
1785466800000,2026-07-31 03:00:00,,,,,,,,,,,,,15.919499397277832,100.0,1017.2000122070312,15.919499397277832,0.0,3.976329803466797,275.1943359375,0.0099999997764825,19.3695011138916,0.1120000034570694
1785467168000,2026-07-31 03:06:08,19.73,30.88,29.71,19.16,18.73,18.55,434.04,385.23,329.29,,,,,,,,,,,,,
1785470400000,2026-07-31 04:00:00,,,,,,,,,,,,,15.619500160217283,100.0,1017.7000122070312,15.619503021240234,0.0,0.3599999845027923,180.0,0.0099999997764825,19.16950035095215,0.1120000034570694
1785470768000,2026-07-31 04:06:08,19.68,30.59,29.28,19.13,18.95,18.79,433.98,384.97,328.93,,,,,,,,,,,,,
1785474000000,2026-07-31 05:00:00,,,,,,,,,,,,,15.919499397277832,100.0,1017.7999877929688,15.919499397277832,0.0,4.104631423950195,52.12495803833008,0.0199999995529651,19.16950035095215,0.1129999980330467
1785474368000,2026-07-31 05:06:08,19.61,30.46,28.91,19.1,18.73,18.86,433.91,384.77,328.59,,,,,,,,,,,,,
1785477600000,2026-07-31 06:00:00,,,,,,,,,,,,,16.819499969482422,94.0,1017.5,15.847733497619627,0.0,5.804825305938721,29.74479484558105,0.0399999991059303,19.519500732421875,0.1129999980330467
1785477968000,2026-07-31 06:06:08,19.58,30.31,28.62,19.1,18.61,18.7,433.88,384.58,328.29,,,,,,,,,,,,,
1785481200000,2026-07-31 07:00:00,,,,,,,,,,,,,18.41950035095215,90.0,1017.2999877929688,16.748811721801758,0.0,4.320000171661377,90.0,0.0900000035762786,20.519500732421875,0.1129999980330467
1785481568000,2026-07-31 07:06:08,19.51,30.06,28.55,19.1,19.1,17.64,433.81,384.42,328.02,,,,,,,,,,,,,
1785481692730,2026-07-31 07:08:12,19.5,30.03,28.28,19.16,19.07,18.76,433.81,384.38,327.98,,3579.0,38.29324324324326,,,,,,,,,,
1785484800000,2026-07-31 08:00:00,,,,,,,,,,,,,19.819499969482425,84.0,1017.0999755859376,17.036911010742188,0.0,6.830519199371338,108.43504333496094,0.1400000154972076,21.8695011138916,0.1129999980330467
1785485167000,2026-07-31 08:06:07,19.5,29.95,28.05,19.16,18.92,18.79,433.81,384.26,327.77,,,,,,,,,,,,,
1785488400000,2026-07-31 09:00:00,,,,,,,,,,,,,21.3695011138916,75.0,1016.7999877929688,16.756160736083984,0.0,7.968938827514648,108.43504333496094,0.2100000232458114,23.269500732421875,0.1129999980330467
1785488767000,2026-07-31 09:06:07,19.5,29.78,27.79,19.16,19.2,18.79,433.81,384.13,327.53,,,,,,,,,,,,,
1785492000000,2026-07-31 10:00:00,,,,,,,,,,,,,22.66950035095215,71.0,1016.2000122070312,17.14203643798828,0.0,9.339207649230955,117.552734375,0.2800000309944153,24.819499969482425,0.1129999980330467
1785492367000,2026-07-31 10:06:07,19.38,29.71,27.53,19.26,18.67,18.82,433.71,383.93,327.29,,,,,,,,,,,,,
1785495600000,2026-07-31 11:00:00,,,,,,,,,,,,,23.6195011138916,69.0,1015.5999755859376,17.598928451538086,0.0,9.021574020385742,118.61036682128906,0.270000010728836,25.66950035095215,0.1120000034570694
1785495967000,2026-07-31 11:06:07,19.26,29.49,27.3,19.29,18.58,18.79,433.6,383.67,327.07,,,,,,,,,,,,,
1785499200000,2026-07-31 12:00:00,,,,,,,,,,,,,24.819499969482425,63.0,1015.2999877929688,17.2978515625,0.0,6.287129878997803,156.37060546875,0.2300000041723251,26.1195011138916,0.1120000034570694
1785499567000,2026-07-31 12:06:07,19.06,29.14,27.0,19.38,19.16,19.04,433.43,383.42,326.83,,,,,,,,,,,,,
1785502800000,2026-07-31 13:00:00,,,,,,,,,,,,,26.1195011138916,58.0,1015.0,17.21160316467285,0.0,4.829906940460205,243.4350128173828,0.2399999946355819,27.069499969482425,0.1120000034570694
1785503167000,2026-07-31 13:06:07,18.86,29.05,26.81,19.51,18.12,18.86,433.26,383.09,326.62,,,,,,,,,,,,,
1785503287762,2026-07-31 13:08:07,18.83,28.8,26.77,19.51,19.23,18.89,433.23,383.06,326.59,,3592.0,39.92702702702702,,,,,,,,,,
1785506400000,2026-07-31 14:00:00,,,,,,,,,,,,,26.769500732421875,57.0,1014.5999755859376,17.54325294494629,0.0,5.937272071838379,255.96372985839844,0.2399999946355819,28.069499969482425,0.1110000014305114
1785506767000,2026-07-31 14:06:07,18.77,28.6,26.56,19.66,19.16,18.98,433.2,382.83,326.41,,,,,,,,,,,,,
1785510000000,2026-07-31 15:00:00,,,,,,,,,,,,,27.1195011138916,53.0,1014.0999755859376,16.71853256225586,0.0,8.350137710571289,262.5686950683594,0.2100000232458114,28.16950035095215,0.1110000014305114
1785510367000,2026-07-31 15:06:07,18.63,28.44,26.43,19.79,18.86,18.61,433.09,382.58,326.22,,,,,,,,,,,,,
1785513600000,2026-07-31 16:00:00,,,,,,,,,,,,,27.319499969482425,50.0,1013.5,15.987512588500977,0.0,8.350137710571289,277.4313049316406,0.2000000178813934,27.8695011138916,0.1099999994039535
1785513967000,2026-07-31 16:06:07,18.55,28.13,26.14,19.98,19.35,18.95,433.06,382.35,326.01,,,,,,,,,,,,,
1785517200000,2026-07-31 17:00:00,,,,,,,,,,,,,26.91950035095215,51.0,1013.2000122070312,15.929988861083984,0.0,6.839999675750732,270.0,0.1700000017881393,27.319499969482425,0.1099999994039535
1785517567000,2026-07-31 17:06:07,18.45,28.28,25.98,20.14,17.76,18.95,432.99,382.16,325.86,,,,,,,,,,,,,
1785520800000,2026-07-31 18:00:00,,,,,,,,,,,,,26.069499969482425,56.0,1013.2999877929688,16.611379623413086,0.0,4.0249223709106445,349.6952209472656,0.1099999994039535,26.319499969482425,0.1089999973773956
1785521167000,2026-07-31 18:06:07,18.39,27.83,25.73,20.26,19.04,19.23,432.96,381.96,325.68,,,,,,,,,,,,,
1785524400000,2026-07-31 19:00:00,,,,,,,,,,,,,24.16950035095215,70.0,1013.2000122070312,18.353660583496094,0.0,3.5999999046325684,90.0,0.0500000044703483,24.969501495361328,0.1089999973773956
1785524767000,2026-07-31 19:06:07,18.23,27.67,25.65,20.33,19.13,19.01,432.82,381.8,325.56,,,,,,,,,,,,,
1785524893489,2026-07-31 19:08:13,18.22,27.57,25.6,20.39,19.6,19.1,432.82,381.8,325.53,,3590.0,39.67567567567565,,,,,,,,,,
1785524898566,2026-07-31 19:08:18,18.22,27.57,25.6,20.39,19.6,19.1,432.82,381.8,325.53,,3590.0,39.67567567567565,,,,,,,,,,
1785528000000,2026-07-31 20:00:00,,,,,,,,,,,,,21.569499969482425,83.0,1013.2999877929688,18.558467864990234,0.0,4.104631423950195,142.1249542236328,0.0199999995529651,23.569499969482425,0.1089999973773956
1785528367000,2026-07-31 20:06:07,18.18,27.49,25.46,20.42,19.63,19.13,432.79,381.71,325.41,,,,,,,,,,,,,
1785531600000,2026-07-31 21:00:00,,,,,,,,,,,,,20.1195011138916,90.0,1013.5999755859376,18.42708778381348,0.0,8.31124496459961,265.03033447265625,0.0199999995529651,22.66950035095215,0.1089999973773956
1785531967000,2026-07-31 21:06:07,18.14,27.5,25.39,20.46,19.1,19.01,432.76,381.61,325.32,,,,,,,,,,,,,
1785535200000,2026-07-31 22:00:00,,,,,,,,,,,,,20.719501495361328,77.0,1013.7999877929688,16.541940689086914,0.0,9.72666358947754,321.0090026855469,0.0299999993294477,22.1195011138916,0.1089999973773956
1785535567000,2026-07-31 22:06:07,18.1,27.26,25.27,20.46,19.95,19.07,432.72,381.54,325.22,,,,,,,,,,,,,
1785538800000,2026-07-31 23:00:00,,,,,,,,,,,,,19.719501495361328,85.0,1014.2999877929688,17.125885009765625,0.0,10.58791732788086,287.8189697265625,0.0199999995529651,21.6195011138916,0.1089999973773956
1785539167000,2026-07-31 23:06:07,18.07,27.33,25.18,20.46,19.23,19.04,432.69,381.45,325.13,,,,,,,,,,,,,
1785542400000,2026-08-01 00:00:00,,,,,,,,,,,,,17.66950035095215,82.0,1016.0,14.558172225952148,0.0,13.044721603393556,309.400634765625,0.0199999995529651,21.269500732421875,0.1129999980330467
1785542767000,2026-08-01 00:06:07,18.01,27.14,25.06,20.42,19.82,19.13,432.62,381.38,325.04,,,,,,,,,,,,,
1785546000000,2026-08-01 01:00:00,,,,,,,,,,,,,16.6195011138916,84.0,1016.2999877929688,13.903900146484377,0.0,14.529914855957031,318.0128479003906,0.0199999995529651,20.469501495361328,0.1120000034570694
1785546367000,2026-08-01 01:06:07,17.93,27.08,24.95,20.42,19.85,19.23,432.55,381.32,324.95,,,,,,,,,,,,,
1785546493911,2026-08-01 01:08:13,17.93,27.15,24.97,20.42,19.41,19.13,432.55,381.29,324.95,,3582.0,38.67027027027024,,,,,,,,,,
1785546501062,2026-08-01 01:08:21,17.93,27.15,24.97,20.42,19.41,19.13,432.55,381.29,324.95,,3582.0,38.67027027027024,,,,,,,,,,
1785549600000,2026-08-01 02:00:00,,,,,,,,,,,,,15.669499397277832,89.0,1016.7999877929688,13.861392974853516,0.0,10.464797019958496,319.1850280761719,0.0099999997764825,19.569499969482425,0.1120000034570694
1785549967000,2026-08-01 02:06:07,17.91,27.05,24.89,20.39,19.57,19.2,432.52,381.22,324.89,,,,,,,,,,,,,
1785553200000,2026-08-01 03:00:00,,,,,,,,,,,,,15.219499588012695,90.0,1016.7999877929688,13.589327812194824,0.0,11.304228782653809,322.7650756835937,0.0099999997764825,18.91950035095215,0.1120000034570694
1785553567000,2026-08-01 03:06:07,17.92,26.89,24.83,20.33,20.23,19.2,432.52,381.19,324.83,,,,,,,,,,,,,
1785556800000,2026-08-01 04:00:00,,,,,,,,,,,,,14.819499969482422,90.0,1017.0999755859376,13.194355964660645,0.0,8.891343116760254,328.2405700683594,0.0099999997764825,18.469501495361328,0.1120000034570694
1785557167000,2026-08-01 04:06:07,17.87,27.01,24.69,20.36,19.35,19.38,432.48,381.13,324.74,,,,,,,,,,,,,
1785560400000,2026-08-01 05:00:00,,,,,,,,,,,,,14.619500160217283,89.0,1017.2000122070312,12.8259916305542,0.0,9.511088371276855,330.5242004394531,0.0199999995529651,18.219501495361328,0.1120000034570694
1785560767000,2026-08-01 05:06:07,17.83,26.92,24.65,20.26,19.48,19.29,432.42,381.06,324.68,,,,,,,,,,,,,
1785564000000,2026-08-01 06:00:00,,,,,,,,,,,,,15.069499969482422,84.0,1017.7000122070312,12.38605499267578,0.0,8.854828834533691,333.4350280761719,0.0299999993294477,18.41950035095215,0.1120000034570694
1785564367000,2026-08-01 06:06:07,18.13,26.77,24.58,20.2,19.95,19.29,432.69,381.0,324.62,,,,,,,,,,,,,
1785567600000,2026-08-01 07:00:00,,,,,,,,,,,,,16.469501495361328,78.0,1018.0,12.621193885803224,0.0,8.55710220336914,345.37908935546875,0.0599999986588954,19.519500732421875,0.1120000034570694
1785567967000,2026-08-01 07:06:07,17.96,26.77,24.49,20.17,19.66,19.41,432.52,380.93,324.56,,,,,,,,,,,,,
1785568088614,2026-08-01 07:08:08,18.06,26.76,24.52,20.17,19.57,19.29,432.62,380.9,324.56,,3590.0,39.67567567567565,,,,,,,,,,
1785568094448,2026-08-01 07:08:14,18.06,26.76,24.52,20.17,19.57,19.29,432.62,380.9,324.56,,3590.0,39.67567567567565,,,,,,,,,,
1785571200000,2026-08-01 08:00:00,,,,,,,,,,,,,17.819499969482422,72.0,1018.2999877929688,12.70333194732666,0.0,9.885261535644531,349.5085754394531,0.0900000035762786,21.16950035095215,0.1120000034570694
1785571567000,2026-08-01 08:06:07,18.23,26.65,24.46,20.07,19.82,19.23,432.76,380.84,324.5,,,,,,,,,,,,,
1785574800000,2026-08-01 09:00:00,,,,,,,,,,,,,19.069499969482425,63.0,1018.5,11.862971305847168,0.0,11.841755867004396,340.4632568359375,0.1199999973177909,22.569499969482425,0.1120000034570694
1785575168000,2026-08-01 09:06:08,17.91,26.64,24.34,20.04,19.41,19.38,432.45,380.74,324.41,,,,,,,,,,,,,
1785578400000,2026-08-01 10:00:00,,,,,,,,,,,,,20.1195011138916,55.0,1018.5999755859376,10.796640396118164,0.0,11.841755867004396,340.4632568359375,0.1500000059604644,23.769500732421875,0.1120000034570694
1785578768000,2026-08-01 10:06:08,17.99,26.41,24.27,20.01,19.95,19.41,432.52,380.61,324.35,,,,,,,,,,,,,
1785582000000,2026-08-01 11:00:00,,,,,,,,,,,,,21.269500732421875,45.0,1018.5,8.858394622802734,0.0,14.587776184082031,344.2487487792969,0.1899999976158142,25.269500732421875,0.1110000014305114
1785582368000,2026-08-01 11:06:08,17.96,26.35,24.18,19.98,19.82,19.35,432.48,380.51,324.26,,,,,,,,,,,,,
1785585600000,2026-08-01 12:00:00,,,,,,,,,,,,,22.6195011138916,39.0,1018.4000244140624,7.96180534362793,0.0,14.843179702758787,337.1662902832031,0.2100000232458114,26.569499969482425,0.1110000014305114
1785585968000,2026-08-01 12:06:08,17.85,26.25,24.08,19.98,19.6,19.38,432.38,380.35,324.17,,,,,,,,,,,,,
1785589200000,2026-08-01 13:00:00,,,,,,,,,,,,,22.6195011138916,39.0,1018.7000122070312,7.96180534362793,0.0,17.782686233520508,328.2405700683594,0.1800000071525573,26.6195011138916,0.1099999994039535
1785589568000,2026-08-01 13:06:08,17.81,26.19,23.93,20.04,19.29,19.6,432.35,380.22,324.07,,,,,,,,,,,,,
1785589724988,2026-08-01 13:08:44,17.8,26.05,23.95,20.07,19.98,19.48,432.35,380.22,324.07,,3587.0,39.298648648648665,,,,,,,,,,
1785589745479,2026-08-01 13:09:05,17.8,26.05,23.95,20.07,19.98,19.48,432.35,380.22,324.07,,3587.0,39.298648648648665,,,,,,,,,,
1785589748602,2026-08-01 13:09:08,17.8,26.05,23.95,20.07,19.98,19.48,432.35,380.22,324.07,,3587.0,39.298648648648665,,,,,,,,,,
1785589909508,2026-08-01 13:11:49,17.8,26.05,23.95,20.07,19.98,19.48,432.35,380.22,324.07,,3587.0,39.298648648648665,,,,,,,,,,
1785589922931,2026-08-01 13:12:02,17.8,26.05,23.95,20.07,19.98,19.48,432.35,380.22,324.07,,3587.0,39.298648648648665,,,,,,,,,,
1785589929697,2026-08-01 13:12:09,17.8,26.05,23.95,20.07,19.98,19.48,432.35,380.22,324.07,,3587.0,39.298648648648665,,,,,,,,,,
1785592800000,2026-08-01 14:00:00,,,,,,,,,,,,,22.719501495361328,36.0,1018.7000122070312,6.878489971160889,0.0,7.1003098487854,300.4654541015625,0.1700000017881393,26.66950035095215,0.1089999973773956
1785593168000,2026-08-01 14:06:08,,,,20.11,19.88,19.32,432.28,380.1,323.98,,,,,,,,,,,,,
1785596400000,2026-08-01 15:00:00,,,,,,,,,,,,,23.219501495361328,36.0,1018.5999755859376,7.320610046386719,0.0,13.237037658691406,315.0000915527344,0.1599999964237213,26.6195011138916,0.1089999973773956
1785596768000,2026-08-01 15:06:08,17.63,25.96,23.76,20.2,19.1,19.44,432.21,379.93,323.89,,,,,,,,,,,,,
1785600000000,2026-08-01 16:00:00,,,,,,,,,,,,,22.6195011138916,34.0,1018.7999877929688,5.959977626800537,0.0,11.72075080871582,312.5104064941406,0.1299999952316284,25.719501495361328,0.1080000028014183
1785600368000,2026-08-01 16:06:08,17.69,25.78,23.67,20.23,19.44,19.44,432.28,379.81,323.8,,,,,,,,,,,,,
1785603600000,2026-08-01 17:00:00,,,,,,,,,,,,,22.1195011138916,38.0,1019.0,7.135305881500244,0.0,12.682018280029297,325.4076538085937,0.1099999994039535,24.969501495361328,0.1080000028014183
1785603968000,2026-08-01 17:06:08,17.71,25.59,23.6,20.36,19.95,19.29,432.32,379.71,323.71,,,,,,,,,,,,,
1785607200000,2026-08-01 18:00:00,,,,,,,,,,,,,21.66950035095215,40.0,1019.0999755859376,7.483982086181641,0.0,7.091177463531494,336.0375061035156,0.0700000077486038,23.769500732421875,0.1080000028014183
1785607568000,2026-08-01 18:06:08,17.58,25.61,23.46,20.42,19.41,19.51,432.21,379.61,323.62,,,,,,,,,,,,,
1785610800000,2026-08-01 19:00:00,,,,,,,,,,,,,20.469501495361328,45.0,1019.5,8.131660461425781,0.0,6.569382667541504,350.5377502441406,0.0500000044703483,22.3695011138916,0.1070000007748603
1785611168000,2026-08-01 19:06:08,17.57,25.43,23.39,20.46,20.01,19.38,432.21,379.55,323.53,,,,,,,,,,,,,
1785611291352,2026-08-01 19:08:11,17.57,25.43,23.61,20.49,19.98,18.3,432.21,379.55,323.53,,3572.0,37.41351351351352,,,,,,,,,,
1785614400000,2026-08-01 20:00:00,,,,,,,,,,,,,18.769500732421875,54.0,1020.0,9.267382621765137,0.0,4.0249223709106445,26.564985275268555,0.0299999993294477,20.819499969482425,0.1070000007748603
1785614768000,2026-08-01 20:06:08,17.61,25.41,23.26,20.49,19.79,19.66,432.25,379.48,323.47,,,,,,,,,,,,,
1785618000000,2026-08-01 21:00:00,,,,,,,,,,,,,16.769500732421875,65.0,1020.2000122070312,10.154038429260254,0.0,3.5999999046325684,90.0,0.0199999995529651,19.569499969482425,0.1070000007748603
1785618368000,2026-08-01 21:06:08,17.5,25.43,23.24,20.49,19.41,19.48,432.15,379.42,323.41,,,,,,,,,,,,,
1785621600000,2026-08-01 22:00:00,,,,,,,,,,,,,15.569499969482422,69.0,1020.2999877929688,9.90307903289795,0.0,3.6712939739227295,78.69010162353516,0.0099999997764825,18.569499969482425,0.1070000007748603
1785621968000,2026-08-01 22:06:08,17.45,25.24,23.21,20.42,20.07,19.32,432.08,379.36,323.35,,,,,,,,,,,,,
1785625200000,2026-08-01 23:00:00,,,,,,,,,,,,,14.26949977874756,74.0,1020.5,9.698220252990724,0.0,3.826852560043335,131.18582153320312,0.0099999997764825,17.719501495361328,0.1070000007748603
1785625568000,2026-08-01 23:06:08,17.4,25.27,23.12,20.42,19.73,19.44,432.04,379.32,323.29,,,,,,,,,,,,,
1785628800000,2026-08-02 00:00:00,,,,,,,,,,,,,12.76949977874756,92.0,1021.0999755859376,11.502023696899414,0.0,4.693825721740723,122.47117614746094,0.0099999997764825,16.41950035095215,0.1080000028014183
1785629168000,2026-08-02 00:06:08,,,,20.36,20.11,19.44,431.98,379.26,323.23,,,,,,,,,,,,,
1785632400000,2026-08-02 01:00:00,,,,,,,,,,,,,12.169499397277832,92.0,1020.7000122070312,10.90794849395752,0.0,5.116561412811279,129.2893829345703,0.0099999997764825,15.869500160217283,0.1080000028014183
1785632768000,2026-08-02 01:06:08,17.29,25.06,22.96,20.3,20.17,19.54,431.91,379.19,323.17,,,,,,,,,,,,,
1785632887976,2026-08-02 01:08:07,17.29,25.2,22.98,20.3,19.48,19.48,431.91,379.19,323.17,,3577.0,38.04189189189188,,,,,,,,,,
1785636000000,2026-08-02 02:00:00,,,,,,,,,,,,,11.969499588012695,92.0,1021.0,10.709919929504396,0.0,5.399999618530273,126.86997985839844,0.0099999997764825,15.419499397277832,0.1080000028014183
1785636368000,2026-08-02 02:06:08,17.24,25.14,22.94,20.2,19.54,19.51,431.84,379.13,323.14,,,,,,,,,,,,,
1785639600000,2026-08-02 03:00:00,,,,,,,,,,,,,11.569499969482422,91.0,1021.0,10.150195121765137,0.0,5.116561412811279,129.2893829345703,0.0099999997764825,15.01949977874756,0.1080000028014183
1785639968000,2026-08-02 03:06:08,17.18,24.97,22.87,20.14,20.07,19.54,431.77,379.07,323.08,,,,,,,,,,,,,
1785643200000,2026-08-02 04:00:00,,,,,,,,,,,,,11.069499969482422,93.0,1020.7999877929688,9.980241775512695,0.0,4.072935104370117,135.00010681152344,0.0099999997764825,14.569499969482422,0.1080000028014183
1785643568000,2026-08-02 04:06:08,17.14,24.89,22.82,20.04,20.17,19.44,431.71,379.0,323.02,,,,,,,,,,,,,
1785646800000,2026-08-02 05:00:00,,,,,,,,,,,,,11.719499588012695,92.0,1020.7999877929688,10.462383270263672,0.0,3.3190360069274902,130.60121154785156,0.0099999997764825,14.569499969482422,0.1080000028014183
1785647168000,2026-08-02 05:06:08,17.1,24.96,22.78,19.92,19.44,19.48,431.64,378.91,322.99,,,,,,,,,,,,,
1785650400000,2026-08-02 06:00:00,,,,,,,,,,,,,14.26949977874756,85.0,1021.0,11.781850814819336,0.0,3.3190360069274902,139.39878845214844,0.0299999993294477,15.669499397277832,0.1080000028014183
1785650768000,2026-08-02 06:06:08,17.03,24.75,22.72,19.88,20.14,19.48,431.57,378.84,322.93,,,,,,,,,,,,,
1785654000000,2026-08-02 07:00:00,,,,,,,,,,,,,17.1195011138916,75.0,1021.2000122070312,12.652021408081056,0.0,3.3190360069274902,167.47120666503906,0.0799999982118606,17.6195011138916,0.1080000028014183
1785654368000,2026-08-02 07:06:08,16.99,24.85,22.64,19.73,19.35,19.54,431.5,378.78,322.87,,,,,,,,,,,,,
1785654519190,2026-08-02 07:08:39,16.99,24.81,22.65,19.73,19.44,19.48,431.5,378.75,322.87,,3564.0,36.40810810810811,,,,,,,,,,
1785657600000,2026-08-02 08:00:00,,,,,,,,,,,,,19.319499969482425,65.0,1021.2999877929688,12.575227737426758,0.0,5.154415607452393,167.90525817871094,0.1500000059604644,19.8695011138916,0.1080000028014183
1785657612000,2026-08-02 08:00:12,16.92,24.72,22.6,19.73,19.54,19.41,431.43,378.68,322.81,,,,,,,,,,,,,
1785661200000,2026-08-02 09:00:00,,,,,,,,,,,,,21.019500732421875,59.0,1021.2999877929688,12.701332092285156,0.0,3.976329803466797,174.8056640625,0.2199999988079071,21.969501495361328,0.1080000028014183
1785661212000,2026-08-02 09:00:12,16.88,24.63,22.5,19.63,19.41,19.51,431.37,378.55,322.74,,,,,,,,,,,,,
1785664800000,2026-08-02 10:00:00,,,,,,,,,,,,,22.569499969482425,49.0,1020.9000244140624,11.31863784790039,0.0,3.096837043762207,144.4622344970703,0.2800000309944153,23.519500732421875,0.1070000007748603
1785664812000,2026-08-02 10:00:12,16.82,24.44,22.45,19.57,19.92,19.44,431.3,378.46,322.68,,,,,,,,,,,,,
1785668400000,2026-08-02 11:00:00,,,,,,,,,,,,,23.3695011138916,44.0,1020.7000122070312,10.427597999572754,0.0,4.896529674530029,126.0274658203125,0.3000000119209289,24.91950035095215,0.1059999987483024
1785668412000,2026-08-02 11:00:12,16.74,24.33,22.39,19.57,19.88,19.44,431.23,378.33,322.62,,,,,,,,,,,,,
1785672000000,2026-08-02 12:00:00,,,,,,,,,,,,,24.16950035095215,38.0,1020.5,8.959362983703613,0.0,5.495161056518555,121.60746002197266,0.2900000214576721,25.719501495361328,0.1059999987483024
1785672012000,2026-08-02 12:00:12,16.72,24.19,22.25,19.66,19.85,19.63,431.23,378.17,322.53,,,,,,,,,,,,,
1785675600000,2026-08-02 13:00:00,,,,,,,,,,,,,24.8695011138916,36.0,1020.0999755859376,8.778904914855957,0.0,4.0249223709106445,100.3047866821289,0.3199999928474426,26.91950035095215,0.1049999967217445
1785675612000,2026-08-02 13:00:12,16.63,24.14,22.17,19.73,19.51,19.54,431.16,378.04,322.44,,,,,,,,,,,,,
1785676087589,2026-08-02 13:08:07,16.63,24.2,22.2,19.76,19.2,19.41,431.16,378.04,322.44,,3592.0,39.92702702702702,,,,,,,,,,
1785679200000,2026-08-02 14:00:00,,,,,,,,,,,,,25.019500732421875,35.0,1019.5999755859376,8.494637489318848,0.0,11.457958221435549,133.72705078125,0.2900000214576721,26.91950035095215,0.1040000021457672
1785679212000,2026-08-02 14:00:12,16.58,23.94,22.09,19.85,19.88,19.48,431.13,377.91,322.35,,,,,,,,,,,,,
1785682800000,2026-08-02 15:00:00,,,,,,,,,,,,,25.269500732421875,34.0,1019.0,8.286577224731445,0.0,4.213691711425781,109.98319244384766,0.25,26.769500732421875,0.1040000021457672
1785682812000,2026-08-02 15:00:12,16.52,23.95,22.0,19.98,19.23,19.44,431.1,377.78,322.26,,,,,,,,,,,,,
1785686400000,2026-08-02 16:00:00,,,,,,,,,,,,,25.269500732421875,33.0,1018.5999755859376,7.847139835357666,0.0,8.225034713745117,113.19861602783205,0.2300000041723251,26.569499969482425,0.1030000001192092
1785686412000,2026-08-02 16:00:12,16.4,23.71,21.88,20.17,19.85,19.51,431.03,377.65,322.17,,,,,,,,,,,,,
1785690000000,2026-08-02 17:00:00,,,,,,,,,,,,,24.769500732421875,31.0,1018.2999877929688,6.497750759124756,0.0,6.849466800689697,86.9872817993164,0.1800000071525573,25.569499969482425,0.1019999980926513
1785690012000,2026-08-02 17:00:12,16.32,23.62,21.8,20.33,19.85,19.44,430.99,377.56,322.08,,,,,,,,,,,,,
1785693600000,2026-08-02 18:00:00,,,,,,,,,,,,,23.469501495361328,44.0,1018.2000122070312,10.518118858337402,0.0,6.830519199371338,71.5649642944336,0.1199999973177909,24.319499969482425,0.1019999980926513
1785693612000,2026-08-02 18:00:12,16.29,23.66,21.73,20.36,19.35,19.29,430.96,377.49,321.99,,,,,,,,,,,,,
1785697200000,2026-08-02 19:00:00,,,,,,,,,,,,,20.91950035095215,54.0,1018.2999877929688,11.263557434082031,0.0,6.924737930297852,98.97254943847656,0.0599999986588954,22.66950035095215,0.101000003516674
1785697212000,2026-08-02 19:00:12,,,,20.49,19.92,18.86,430.93,377.43,321.93,,,,,,,,,,,,,
1785697687490,2026-08-02 19:08:07,16.23,23.52,21.65,20.46,19.76,19.35,430.93,377.43,321.93,,3592.0,39.92702702702702,,,,,,,,,,
1785700800000,2026-08-02 20:00:00,,,,,,,,,,,,,18.469501495361328,62.0,1018.4000244140624,11.054085731506348,0.0,6.489992141723633,93.17977142333984,0.0399999991059303,21.019500732421875,0.101000003516674
1785700812000,2026-08-02 20:00:12,16.18,23.54,21.55,20.49,19.54,19.54,430.89,377.4,321.87,,,,,,,,,,,,,
1785704400000,2026-08-02 21:00:00,,,,,,,,,,,,,16.719501495361328,67.0,1018.5,10.560741424560549,0.0,6.830519199371338,108.43504333496094,0.0299999993294477,19.719501495361328,0.101000003516674
1785704412000,2026-08-02 21:00:12,16.15,23.4,21.52,20.49,20.04,19.35,430.86,377.36,321.81,,,,,,,,,,,,,
1785708000000,2026-08-02 22:00:00,,,,,,,,,,,,,15.51949977874756,74.0,1018.4000244140624,10.904097557067873,0.0,6.92473840713501,117.89717864990234,0.0299999993294477,18.719501495361328,0.1000000014901161
1785708012000,2026-08-02 22:00:12,16.08,23.35,21.46,20.49,19.98,19.51,430.79,377.3,321.78,,,,,,,,,,,,,
1785711600000,2026-08-02 23:00:00,,,,,,,,,,,,,14.719499588012695,79.0,1018.5,11.114492416381836,0.0,7.172948837280273,107.5256576538086,0.0199999995529651,17.91950035095215,0.1000000014901161
1785711612000,2026-08-02 23:00:12,16.01,23.3,21.4,20.46,20.11,19.48,430.72,377.27,321.72,,,,,,,,,,,,,
1785715200000,2026-08-03 00:00:00,,,,,,,,,,,,,15.569499969482422,69.0,1018.2000122070312,9.90307903289795,0.0,8.55710220336914,104.62091827392578,0.0199999995529651,18.269500732421875,0.1049999967217445
1785715212000,2026-08-03 00:00:12,15.96,23.33,21.37,20.42,19.95,19.48,430.66,377.27,321.69,,,,,,,,,,,,,
1785718800000,2026-08-03 01:00:00,,,,,,,,,,,,,14.919499397277832,71.0,1018.0,9.706610679626465,0.0,8.121970176696777,102.80426025390624,0.0199999995529651,17.6195011138916,0.1040000021457672
1785718812000,2026-08-03 01:00:12,15.95,23.35,21.37,20.26,19.54,19.48,430.62,377.2,321.69,,,,,,,,,,,,,
1785719287071,2026-08-03 01:08:07,15.91,23.38,21.31,20.3,19.6,19.44,430.59,377.24,321.63,,3584.0,38.921621621621625,,,,,,,,,,
1785722400000,2026-08-03 02:00:00,,,,,,,,,,,,,14.219499588012695,74.0,1017.7000122070312,9.649978637695312,0.0,9.114471435546877,99.09019470214844,0.0199999995529651,17.019500732421875,0.1040000021457672
1785722412000,2026-08-03 02:00:12,15.85,23.21,21.29,20.23,20.11,19.38,430.52,377.17,321.6,,,,,,,,,,,,,
1785726000000,2026-08-03 03:00:00,,,,,,,,,,,,,13.919499397277832,74.0,1017.5,9.360535621643066,0.0,7.993297576904297,97.76508331298828,0.0199999995529651,16.569499969482422,0.1040000021457672
1785726012000,2026-08-03 03:00:12,15.84,23.24,21.25,20.11,19.7,19.41,430.49,377.11,321.57,,,,,,,,,,,,,
1785729600000,2026-08-03 04:00:00,,,,,,,,,,,,,13.669499397277832,75.0,1017.0,9.31872844696045,0.0,10.079999923706056,90.0,0.0199999995529651,16.16950035095215,0.1040000021457672
1785729612000,2026-08-03 04:00:12,15.76,23.1,21.35,20.01,20.04,18.61,430.39,377.04,321.51,,,,,,,,,,,,,
1785733200000,2026-08-03 05:00:00,,,,,,,,,,,,,14.069499969482422,77.0,1017.0999755859376,10.098349571228027,0.0,10.80599880218506,91.90911865234376,0.0199999995529651,16.1195011138916,0.1040000021457672
1785733212000,2026-08-03 05:00:12,15.7,23.08,21.14,19.95,20.01,19.48,430.32,377.01,321.48,,,,,,,,,,,,,
1785736800000,2026-08-03 06:00:00,,,,,,,,,,,,,15.969499588012695,73.0,1017.0999755859376,11.13279628753662,0.0,10.89557647705078,97.59455108642578,0.0399999991059303,17.019500732421875,0.1040000021457672
1785736812000,2026-08-03 06:00:12,15.68,23.1,21.09,19.85,19.66,19.54,430.28,376.95,321.45,,,,,,,,,,,,,
1785740400000,2026-08-03 07:00:00,,,,,,,,,,,,,18.219501495361328,66.0,1017.0,11.76213550567627,0.0,11.304228782653809,99.16226959228516,0.0700000077486038,18.719501495361328,0.1040000021457672
1785740412000,2026-08-03 07:00:12,15.63,22.92,21.04,19.76,20.04,19.48,430.22,376.85,321.39,,,,,,,,,,,,,
1785740927538,2026-08-03 07:08:47,15.59,22.91,21.1,19.79,19.95,19.16,430.18,376.82,321.39,,3577.0,38.04189189189188,,,,,,,,,,
1785740932913,2026-08-03 07:08:52,15.59,22.91,21.1,19.79,19.95,19.16,430.18,376.82,321.39,,3577.0,38.04189189189188,,,,,,,,,,
1785744000000,2026-08-03 08:00:00,,,,,,,,,,,,,20.469501495361328,59.0,1016.7999877929688,12.185405731201172,0.0,13.084402084350586,97.90707397460938,0.1199999973177909,20.819499969482425,0.1040000021457672
1785744013000,2026-08-03 08:00:13,,,,19.73,20.04,19.6,430.15,376.79,321.33,,,,,,,,,,,,,
1785747600000,2026-08-03 09:00:00,,,,,,,,,,,,,22.469501495361328,54.0,1016.5,12.701922416687012,0.0,13.397611618041992,96.17008209228516,0.1700000017881393,22.969501495361328,0.1030000001192092
1785747668000,2026-08-03 09:01:08,15.5,22.94,20.92,19.7,19.23,19.54,430.08,376.69,321.3,,,,,,,,,,,,,
1785751200000,2026-08-03 10:00:00,,,,,,,,,,,,,24.3695011138916,50.0,1015.7999877929688,13.278386116027832,0.0,14.399999618530272,90.0,0.2100000232458114,24.969501495361328,0.1030000001192092
1785751268000,2026-08-03 10:01:08,15.37,22.76,20.78,19.66,19.54,19.76,429.95,376.56,321.21,,,,,,,,,,,,,
1785754800000,2026-08-03 11:00:00,,,,,,,,,,,,,25.969501495361328,47.0,1015.5999755859376,13.791688919067385,0.0,13.397611618041992,96.17008209228516,0.2300000041723251,26.819499969482425,0.1019999980926513
1785754868000,2026-08-03 11:01:08,15.22,22.58,20.76,19.66,19.79,19.54,429.81,376.43,321.15,,,,,,,,,,,,,
1785758400000,2026-08-03 12:00:00,,,,,,,,,,,,,27.269500732421875,42.0,1015.2000122070312,13.240097999572754,0.0,13.138765335083008,99.46224975585938,0.2300000041723251,28.219501495361328,0.1019999980926513
1785758468000,2026-08-03 12:01:08,15.1,22.45,20.93,19.7,19.92,18.43,429.71,376.31,321.09,,,,,,,,,,,,,
1785762000000,2026-08-03 13:00:00,,,,,,,,,,,,,28.319499969482425,39.0,1014.5999755859376,13.044148445129396,0.0,11.96695327758789,96.9111328125,0.2300000041723251,29.3695011138916,0.101000003516674
1785762068000,2026-08-03 13:01:08,15.04,22.4,20.63,19.85,19.54,19.51,429.68,376.18,321.03,,,,,,,,,,,,,
1785762486836,2026-08-03 13:08:06,15.04,22.46,20.61,19.85,19.13,19.48,429.68,376.15,321.0,,3592.0,39.92702702702702,,,,,,,,,,
1785765600000,2026-08-03 14:00:00,,,,,,,,,,,,,29.219501495361328,32.0,1014.0,10.8336763381958,0.0,12.245293617248535,88.31535339355469,0.2199999988079071,30.019500732421875,0.101000003516674
1785765668000,2026-08-03 14:01:08,14.93,22.32,20.55,20.01,19.35,19.44,429.61,376.05,320.94,,,,,,,,,,,,,
1785769200000,2026-08-03 15:00:00,,,,,,,,,,,,,29.469501495361328,34.0,1013.4000244140624,11.968073844909668,0.0,12.59999942779541,90.0,0.2000000178813934,30.019500732421875,0.1000000014901161
1785769268000,2026-08-03 15:01:08,14.88,22.23,20.47,20.23,19.32,19.32,429.61,375.95,320.84,,,,,,,,,,,,,
1785772800000,2026-08-03 16:00:00,,,,,,,,,,,,,29.519500732421875,32.0,1013.0,11.094504356384276,0.0,13.3637113571167,85.3646240234375,0.1700000017881393,29.519500732421875,0.1000000014901161
1785772868000,2026-08-03 16:01:08,14.77,22.01,20.35,20.39,19.85,19.41,429.54,375.83,320.75,,,,,,,,,,,,,
1785776400000,2026-08-03 17:00:00,,,,,,,,,,,,,28.91950035095215,33.0,1012.7000122070312,11.03569793701172,0.0,12.261157989501951,93.36639404296876,0.1299999952316284,28.41950035095215,0.0989999994635582
1785776468000,2026-08-03 17:01:08,14.66,21.98,20.28,20.55,19.57,19.41,429.47,375.73,320.69,,,,,,,,,,,,,
1785780000000,2026-08-03 18:00:00,,,,,,,,,,,,,27.719501495361328,43.0,1012.4000244140624,14.007010459899902,0.0,10.308831214904783,77.90525817871094,0.0900000035762786,27.269500732421875,0.0989999994635582
1785780068000,2026-08-03 18:01:08,14.59,21.77,20.18,20.71,20.3,19.41,429.44,375.67,320.6,,,,,,,,,,,,,
1785783600000,2026-08-03 19:00:00,,,,,,,,,,,,,25.769500732421875,45.0,1012.5,12.9424409866333,0.0,10.538843154907228,82.14678192138672,0.0599999986588954,25.819499969482425,0.0979999974370002
1785783668000,2026-08-03 19:01:08,14.54,21.88,20.11,20.78,19.6,19.44,429.41,375.63,320.54,,,,,,,,,,,,,
1785784132725,2026-08-03 19:08:52,14.54,21.92,20.12,20.78,19.41,19.41,429.41,375.63,320.54,,3592.0,39.92702702702702,,,,,,,,,,
1785784150906,2026-08-03 19:09:10,14.54,21.92,20.12,20.78,19.41,19.41,429.41,375.63,320.54,,3592.0,39.92702702702702,,,,,,,,,,
1785787200000,2026-08-03 20:00:00,,,,,,,,,,,,,23.91950035095215,54.0,1012.5,14.046927452087402,0.0,11.212135314941406,84.4725570678711,0.0399999991059303,24.519500732421875,0.0979999974370002
1785787268000,2026-08-03 20:01:08,14.48,21.79,20.07,20.84,20.01,19.48,429.37,375.63,320.51,,,,,,,,,,,,,
1785790800000,2026-08-03 21:00:00,,,,,,,,,,,,,23.019500732421875,62.0,1012.7000122070312,15.34758186340332,0.0,12.239999771118164,90.0,0.0299999993294477,23.6195011138916,0.0979999974370002
1785790868000,2026-08-03 21:01:08,14.47,21.68,20.02,20.88,20.42,19.38,429.37,375.6,320.45,,,,,,,,,,,,,
1785794400000,2026-08-03 22:00:00,,,,,,,,,,,,,22.16950035095215,64.0,1012.7999877929688,15.038533210754396,0.0,10.823972702026367,86.18600463867188,0.0299999993294477,22.969501495361328,0.0979999974370002
1785794468000,2026-08-03 22:01:08,14.46,21.83,19.98,20.81,19.54,19.41,429.34,375.57,320.42,,,,,,,,,,,,,
1785798000000,2026-08-03 23:00:00,,,,,,,,,,,,,21.519500732421875,69.0,1012.5999755859376,15.592324256896973,0.0,11.570514678955078,95.3557357788086,0.0199999995529651,22.3695011138916,0.0970000028610229
1785798068000,2026-08-03 23:01:08,14.41,21.67,19.93,20.81,20.2,19.48,429.3,375.54,320.39,,,,,,,,,,,,,
1785801600000,2026-08-04 00:00:00,,,,,,,,,,,,,22.1195011138916,67.0,1012.0999755859376,15.705178260803224,0.0,12.245293617248535,88.31535339355469,0.0199999995529651,22.6195011138916,0.101000003516674
1785801668000,2026-08-04 00:01:08,14.39,21.73,20.04,20.78,19.88,18.82,429.27,375.54,320.36,,,,,,,,,,,,,
1785805200000,2026-08-04 01:00:00,,,,,,,,,,,,,21.91950035095215,69.0,1011.7999877929688,15.974590301513672,0.0,12.371644973754885,98.36579895019533,0.0199999995529651,22.3695011138916,0.101000003516674
1785805268000,2026-08-04 01:01:08,14.36,21.7,19.9,20.75,19.92,19.35,429.24,375.51,320.33,,,,,,,,,,,,,
1785805681924,2026-08-04 01:08:01,14.36,21.63,19.84,20.75,20.26,19.44,429.24,375.51,320.3,,3579.0,38.29324324324326,,,,,,,,,,
1785805687725,2026-08-04 01:08:07,14.36,21.63,19.84,20.75,20.26,19.44,429.24,375.51,320.3,,3579.0,38.29324324324326,,,,,,,,,,
1785808800000,2026-08-04 02:00:00,,,,,,,,,,,,,21.469501495361328,75.0,1012.9000244140624,16.85270118713379,0.0,5.634891033172607,153.4350128173828,0.0199999995529651,22.269500732421875,0.1000000014901161
1785808868000,2026-08-04 02:01:08,14.29,21.59,19.83,20.75,20.23,19.51,429.17,375.47,320.3,,,,,,,,,,,,,
1785812400000,2026-08-04 03:00:00,,,,,,,,,,,,,21.1195011138916,79.0,1012.2000122070312,17.334566116333008,0.1000000014901161,4.104631423950195,105.2551727294922,0.0199999995529651,21.969501495361328,0.1000000014901161
1785812468000,2026-08-04 03:01:08,14.26,21.56,19.77,20.71,20.26,19.63,429.14,375.44,320.27,,,,,,,,,,,,,
1785816000000,2026-08-04 04:00:00,,,,,,,,,,,,,20.819499969482425,81.0,1012.2000122070312,17.438495635986328,0.0,5.014219284057617,111.03758239746094,0.0099999997764825,21.6195011138916,0.1000000014901161
1785816068000,2026-08-04 04:01:08,14.22,21.54,19.75,20.71,20.23,19.57,429.1,375.41,320.24,,,,,,,,,,,,,
1785819600000,2026-08-04 05:00:00,,,,,,,,,,,,,20.1195011138916,87.0,1013.2999877929688,17.887142181396484,0.3000000119209289,3.5999999046325684,216.86997985839844,0.0199999995529651,21.469501495361328,0.1000000014901161
1785819668000,2026-08-04 05:01:08,14.23,21.54,19.73,20.65,20.23,19.48,429.1,375.41,320.21,,,,,,,,,,,,,
1785823200000,2026-08-04 06:00:00,,,,,,,,,,,,,19.8695011138916,92.0,1013.9000244140624,18.53087615966797,2.900000095367432,7.244860172271728,116.5649871826172,0.0299999993294477,21.269500732421875,0.101000003516674
1785823268000,2026-08-04 06:01:08,14.23,21.43,19.72,20.65,20.62,19.54,429.1,375.38,320.21,,,,,,,,,,,,,
1785826800000,2026-08-04 07:00:00,,,,,,,,,,,,,20.3695011138916,92.0,1013.2000122070312,19.025793075561523,0.3000000119209289,7.072877883911133,104.74361419677734,0.0399999991059303,21.3695011138916,0.1030000001192092
1785826868000,2026-08-04 07:01:08,14.35,21.43,19.64,20.62,20.62,19.79,429.2,375.38,320.18,,,,,,,,,,,,,
1785827286063,2026-08-04 07:08:06,14.35,21.53,19.66,20.62,20.14,19.66,429.2,375.38,320.18,,3579.0,38.29324324324326,,,,,,,,,,
1785827290674,2026-08-04 07:08:10,14.35,21.53,19.66,20.62,20.14,19.66,429.2,375.38,320.18,,3579.0,38.29324324324326,,,,,,,,,,
1785830400000,2026-08-04 08:00:00,,,,,,,,,,,,,21.969501495361328,87.0,1013.0999755859376,19.705780029296875,0.0,7.628262996673584,109.29014587402344,0.0599999986588954,22.219501495361328,0.1059999987483024
1785830822000,2026-08-04 08:07:02,14.5,21.53,19.67,20.62,19.98,19.63,429.34,375.35,320.18,,,,,,,,,,,,,
1785834000000,2026-08-04 09:00:00,,,,,,,,,,,,,23.569499969482425,82.0,1013.0999755859376,20.316635131835938,0.0,8.089993476867676,147.72438049316406,0.1400000154972076,23.969501495361328,0.1080000028014183
1785834422000,2026-08-04 09:07:02,,,,20.62,19.66,19.63,429.44,375.28,320.15,,,,,,,,,,,,,
1785837600000,2026-08-04 10:00:00,,,,,,,,,,,,,25.219501495361328,77.0,1013.0,20.89934539794922,0.0,7.895416259765625,155.7722625732422,0.1899999976158142,25.769500732421875,0.1099999994039535
1785838022000,2026-08-04 10:07:02,14.63,21.38,19.58,20.65,20.11,19.6,429.47,375.22,320.09,,,,,,,,,,,,,
1785841200000,2026-08-04 11:00:00,,,,,,,,,,,,,26.719501495361328,71.0,1013.0999755859376,21.024057388305664,0.0,5.692099571228027,161.56495666503906,0.2599999904632568,27.969501495361328,0.1099999994039535
1785841622000,2026-08-04 11:07:02,14.63,21.32,19.52,20.68,19.85,19.57,429.47,375.09,320.03,,,,,,,,,,,,,
1785844800000,2026-08-04 12:00:00,,,,,,,,,,,,,27.969501495361328,64.0,1013.0,20.5275993347168,0.0,3.7064266204833984,150.94549560546875,0.2599999904632568,29.519500732421875,0.1110000014305114
1785845222000,2026-08-04 12:07:02,14.61,21.16,19.48,20.75,20.17,19.6,429.47,374.99,320.0,,,,,,,,,,,,,
1785848400000,2026-08-04 13:00:00,,,,,,,,,,,,,28.819499969482425,59.0,1012.7999877929688,20.01085090637207,0.0,5.937272071838379,165.96372985839844,0.2300000041723251,30.16950035095215,0.1110000014305114
1785848822000,2026-08-04 13:07:02,14.58,21.07,19.49,20.88,19.98,19.2,429.47,374.86,319.94,,,,,,,,,,,,,
1785848880961,2026-08-04 13:08:00,14.58,21.02,19.41,20.88,20.11,19.6,429.47,374.83,319.94,,3597.0,40.5554054054054,,,,,,,,,,
1785852000000,2026-08-04 14:00:00,,,,,,,,,,,,,29.8695011138916,53.0,1012.2999877929688,19.259870529174805,0.0,4.582051753997803,135.00010681152344,0.2399999946355819,31.1195011138916,0.1110000014305114
1785852422000,2026-08-04 14:07:02,14.58,21.06,19.36,21.07,19.66,19.54,429.51,374.77,319.88,,,,,,,,,,,,,
1785855600000,2026-08-04 15:00:00,,,,,,,,,,,,,30.019500732421875,51.0,1012.0999755859376,18.781396865844727,0.0,7.421589851379394,140.90615844726562,0.2000000178813934,31.16950035095215,0.1099999994039535
1785856022000,2026-08-04 15:07:02,,,,21.27,19.6,19.6,429.51,374.67,319.82,,,,,,,,,,,,,
1785859200000,2026-08-04 16:00:00,,,,,,,,,,,,,30.269500732421875,50.0,1011.7999877929688,18.69416046142578,0.0,4.693825721740723,147.52882385253906,0.1500000059604644,30.519500732421875,0.1099999994039535
1785859622000,2026-08-04 16:07:02,14.5,20.86,19.21,21.46,19.85,19.6,429.51,374.61,319.76,,,,,,,,,,,,,
1785862800000,2026-08-04 17:00:00,,,,,,,,,,,,,30.019500732421875,51.0,1011.5,18.781396865844727,0.0,5.86037540435791,132.51040649414062,0.1199999973177909,29.769500732421875,0.1099999994039535
1785863222000,2026-08-04 17:07:02,14.5,20.67,19.19,21.59,20.62,19.54,429.54,374.58,319.73,,,,,,,,,,,,,
1785866400000,2026-08-04 18:00:00,,,,,,,,,,,,,28.91950035095215,58.0,1011.4000244140624,19.82843399047852,0.0,6.618519306182861,112.38018035888672,0.0799999982118606,28.66950035095215,0.1089999973773956
1785866822000,2026-08-04 18:07:02,14.48,20.68,19.14,21.66,20.42,19.6,429.54,374.54,319.7,,,,,,,,,,,,,
1785870000000,2026-08-04 19:00:00,,,,,,,,,,,,,27.3695011138916,66.0,1011.5999755859376,20.45788955688477,0.0,6.1516828536987305,110.5561294555664,0.0399999991059303,27.41950035095215,0.1089999973773956
1785870422000,2026-08-04 19:07:02,14.49,20.74,19.08,21.79,20.14,19.73,429.57,374.54,319.67,,,,,,,,,,,,,
1785870480886,2026-08-04 19:08:00,14.48,20.81,19.07,21.83,19.79,19.63,429.57,374.54,319.64,,3595.0,40.30405405405407,,,,,,,,,,
1785873600000,2026-08-04 20:00:00,,,,,,,,,,,,,25.819499969482425,72.0,1011.9000244140624,20.38798141479492,0.0,6.297428131103516,120.96368408203124,0.0299999993294477,26.319499969482425,0.1089999973773956
1785874022000,2026-08-04 20:07:02,14.47,20.84,19.06,21.86,19.82,19.66,429.57,374.58,319.64,,,,,,,,,,,,,
1785877200000,2026-08-04 21:00:00,,,,,,,,,,,,,24.6195011138916,76.0,1012.0,20.10700798034668,0.0,5.9044389724731445,127.56866455078124,0.0199999995529651,25.41950035095215,0.1089999973773956
1785877622000,2026-08-04 21:07:02,14.45,20.79,19.01,21.93,20.07,19.73,429.57,374.58,319.61,,,,,,,,,,,,,
1785880800000,2026-08-04 22:00:00,,,,,,,,,,,,,23.569499969482425,80.0,1012.0,19.91743469238281,0.0,4.680000305175781,157.38009643554688,0.0199999995529651,24.6195011138916,0.1089999973773956
1785881222000,2026-08-04 22:07:02,14.45,20.78,19.0,21.93,20.14,19.82,429.57,374.58,319.61,,,,,,,,,,,,,
1785884400000,2026-08-04 23:00:00,,,,,,,,,,,,,23.16950035095215,81.0,1011.7000122070312,19.72839736938477,0.0,3.075841426849365,159.44387817382812,0.0099999997764825,23.969501495361328,0.1089999973773956
1785884822000,2026-08-04 23:07:02,14.45,20.7,19.05,21.93,20.49,19.41,429.57,374.58,319.58,,,,,,,,,,,,,
1785888000000,2026-08-05 00:00:00,,,,,,,,,,,,,23.269500732421875,84.0,1012.7999877929688,20.413787841796875,0.3000000119209289,11.304228782653809,260.8377380371094,0.0199999995529651,23.719501495361328,0.1089999973773956
1785888422000,2026-08-05 00:07:02,14.5,20.64,18.97,21.93,20.78,19.76,429.61,374.58,319.58,,,,,,,,,,,,,
1785891600000,2026-08-05 01:00:00,,,,,,,,,,,,,22.3695011138916,82.0,1012.7000122070312,19.14567756652832,0.4000000059604645,5.154415607452393,192.09474182128903,0.0399999991059303,23.41950035095215,0.1089999973773956
1785892022000,2026-08-05 01:07:02,18.93,20.72,18.96,21.96,20.65,19.85,433.84,374.64,319.58,,,,,,,,,,,,,
1785892080778,2026-08-05 01:08:00,19.03,20.67,19.05,21.96,20.91,19.41,433.94,374.64,319.58,,3592.0,39.92702702702702,,,,,,,,,,
1785895200000,2026-08-05 02:00:00,,,,,,,,,,,,,21.41950035095215,91.0,1013.0999755859376,19.88858795166016,5.099999904632568,10.002559661865234,210.25634765625,0.0399999991059303,23.069499969482425,0.1099999994039535
1785895622000,2026-08-05 02:07:02,23.15,21.33,19.04,21.93,20.49,19.44,438.02,375.25,319.58,,,,,,,,,,,,,
1785898800000,2026-08-05 03:00:00,,,,,,,,,,,,,21.6195011138916,88.0,1012.5,19.545562744140625,0.8999999761581421,3.7064266204833984,240.9454803466797,0.0299999993294477,22.6195011138916,0.123999997973442
1785899222000,2026-08-05 03:07:02,23.65,23.93,18.94,21.96,20.94,19.92,438.53,378.13,319.58,,,,,,,,,,,,,
1785902400000,2026-08-05 04:00:00,,,,,,,,,,,,,21.1195011138916,90.0,1012.5,19.414241790771484,0.0,4.394360065460205,235.0079040527344,0.0199999995529651,22.269500732421875,0.1309999972581863
1785902822000,2026-08-05 04:07:02,23.47,25.32,18.95,21.89,20.97,20.04,438.33,379.65,319.61,,,,,,,,,,,,,
1785906000000,2026-08-05 05:00:00,,,,,,,,,,,,,20.8695011138916,91.0,1012.7000122070312,19.344932556152344,0.0,7.199999809265137,216.86997985839844,0.0199999995529651,22.069499969482425,0.1340000033378601
1785906422000,2026-08-05 05:07:02,23.34,26.18,19.19,21.86,21.07,18.89,438.19,380.61,319.61,,,,,,,,,,,,,
1785909600000,2026-08-05 06:00:00,,,,,,,,,,,,,21.969501495361328,87.0,1013.2999877929688,19.705780029296875,0.0,7.787990570068359,236.30990600585932,0.0599999986588954,22.6195011138916,0.1360000073909759
1785910022000,2026-08-05 06:07:02,23.17,26.72,18.98,21.83,21.07,20.04,438.02,381.19,319.64,,,,,,,,,,,,,
1785913200000,2026-08-05 07:00:00,,,,,,,,,,,,,23.569499969482425,80.0,1013.5999755859376,19.91743469238281,0.0,9.227523803710938,249.44387817382807,0.1199999973177909,23.91950035095215,0.1369999945163726
1785913622000,2026-08-05 07:07:02,23.05,27.1,19.03,21.83,20.62,19.98,437.89,381.51,319.67,,,,,,,,,,,,,
1785913680622,2026-08-05 07:08:00,23.02,27.03,19.03,21.76,21.1,19.95,437.85,381.54,319.67,,3590.0,39.67567567567565,,,,,,,,,,
1785913683905,2026-08-05 07:08:03,23.02,27.03,19.03,21.76,21.1,19.95,437.85,381.54,319.67,,3590.0,39.67567567567565,,,,,,,,,,
1785916800000,2026-08-05 08:00:00,,,,,,,,,,,,,24.91950035095215,74.0,1013.7000122070312,19.965620040893555,0.0,9.44957160949707,252.25523376464844,0.2000000178813934,25.469501495361328,0.1369999945163726
1785920400000,2026-08-05 09:00:00,,,,,,,,,,,,,26.319499969482425,67.0,1013.7000122070312,19.702905654907227,0.0,10.93120288848877,252.75845336914065,0.270000010728836,27.069499969482425,0.1360000073909759
1785924000000,2026-08-05 10:00:00,,,,,,,,,,,,,27.16950035095215,60.0,1013.5999755859376,18.734338760375977,0.0,12.30336570739746,249.44386291503903,0.3000000119209289,28.069499969482425,0.135000005364418
1785927600000,2026-08-05 11:00:00,,,,,,,,,,,,,28.269500732421875,56.0,1013.7000122070312,18.658864974975582,0.0,12.879752159118652,243.4350128173828,0.3100000023841858,29.219501495361328,0.1340000033378601
1785931200000,2026-08-05 12:00:00,,,,,,,,,,,,,29.16950035095215,52.0,1013.5999755859376,18.30908393859864,0.0,12.72792148590088,241.2602996826172,0.3100000023841858,30.569499969482425,0.1330000013113021
1785934800000,2026-08-05 13:00:00,,,,,,,,,,,,,29.719501495361328,48.0,1013.4000244140624,17.5410099029541,0.0,13.441070556640623,249.6234741210937,0.270000010728836,30.91950035095215,0.1309999972581863
1785938400000,2026-08-05 14:00:00,,,,,,,,,,,,,29.91950035095215,44.0,1013.0,16.34959602355957,0.0,15.844088554382324,248.68202209472656,0.2599999904632568,31.1195011138916,0.1299999952316284
1785938828000,2026-08-05 14:07:08,21.55,26.77,18.91,21.96,20.55,20.23,436.42,381.13,319.61,,,,,,,,,,,,,
1785942000000,2026-08-05 15:00:00,,,,,,,,,,,,,29.819499969482425,43.0,1012.9000244140624,15.89894199371338,0.0,15.15852165222168,265.9144592285156,0.2199999988079071,30.6195011138916,0.1280000060796737
1785942428000,2026-08-05 15:07:08,21.34,26.55,18.84,22.13,20.71,20.23,436.25,380.93,319.55,,,,,,,,,,,,,
1785945600000,2026-08-05 16:00:00,,,,,,,,,,,,,29.719501495361328,39.0,1012.7000122070312,14.290608406066896,0.0,14.812589645385742,244.0577545166016,0.2000000178813934,30.269500732421875,0.1270000040531158
1785946028000,2026-08-05 16:07:08,21.13,26.33,18.81,22.16,21.07,20.2,436.05,380.77,319.52,,,,,,,,,,,,,
1785949200000,2026-08-05 17:00:00,,,,,,,,,,,,,28.469501495361328,46.0,1013.0,15.732874870300291,0.0,9.793058395385742,252.89718627929688,0.1299999952316284,28.91950035095215,0.1260000020265579
1785949628000,2026-08-05 17:07:08,21.01,26.12,18.77,22.29,21.5,20.23,435.95,380.64,319.49,,,,,,,,,,,,,
1785952800000,2026-08-05 18:00:00,,,,,,,,,,,,,27.41950035095215,51.0,1013.0,16.390073776245117,0.0,6.1516828536987305,290.5561218261719,0.0900000035762786,27.769500732421875,0.125
1785953228000,2026-08-05 18:07:08,20.93,26.09,18.78,22.33,21.4,20.2,435.88,380.58,319.49,,,,,,,,,,,,,
1785956400000,2026-08-05 19:00:00,,,,,,,,,,,,,26.1195011138916,52.0,1013.7000122070312,15.496350288391112,0.0,6.608721733093262,299.357666015625,0.0700000077486038,26.6195011138916,0.123999997973442
1785956828000,2026-08-05 19:07:08,20.82,26.17,18.74,22.36,20.68,20.23,435.78,380.51,319.46,,,,,,,,,,,,,
1785956882281,2026-08-05 19:08:02,20.81,26.2,18.75,22.39,20.55,20.2,435.78,380.51,319.46,,3613.0,42.566216216216205,,,,,,,,,,
1785960000000,2026-08-05 20:00:00,,,,,,,,,,,,,24.469501495361328,57.0,1014.7000122070312,15.397239685058594,0.0,7.729526996612549,297.7584228515625,0.0500000044703483,25.519500732421875,0.1230000033974647
1785960428000,2026-08-05 20:07:08,20.7,25.99,18.72,22.39,21.3,20.3,435.67,380.45,319.46,,,,,,,,,,,,,
1785963600000,2026-08-05 21:00:00,,,,,,,,,,,,,22.969501495361328,66.0,1015.2000122070312,16.278202056884766,0.0,5.411986351013184,273.8139953613281,0.0399999991059303,24.569499969482425,0.1220000013709068
1785964028000,2026-08-05 21:07:08,20.64,25.94,18.71,22.39,21.3,20.39,435.61,380.39,319.46,,,,,,,,,,,,,
1785967200000,2026-08-05 22:00:00,,,,,,,,,,,,,22.319499969482425,67.0,1015.5,15.895617485046388,0.0,6.924737930297852,278.9725341796875,0.0399999991059303,23.91950035095215,0.1220000013709068
1785967628000,2026-08-05 22:07:08,20.54,25.84,18.74,22.39,21.46,20.23,435.51,380.32,319.46,,,,,,,,,,,,,
1785970800000,2026-08-05 23:00:00,,,,,,,,,,,,,21.769500732421875,69.0,1015.9000244140624,15.831244468688965,0.0,7.771330833435059,283.3925170898437,0.0399999991059303,23.469501495361328,0.1209999993443489
1785971228000,2026-08-05 23:07:08,20.48,25.8,18.73,22.33,21.4,20.26,435.44,380.26,319.46,,,,,,,,,,,,,
1785974400000,2026-08-06 00:00:00,,,,,,,,,,,,,21.469501495361328,73.0,1015.4000244140624,16.42720603942871,0.0,5.804825305938721,209.7447967529297,0.0199999995529651,23.319499969482425,0.1099999994039535
1785974828000,2026-08-06 00:07:08,20.42,25.73,18.72,22.29,21.4,20.33,435.37,380.19,319.46,,,,,,,,,,,,,
1785978000000,2026-08-06 01:00:00,,,,,,,,,,,,,20.769500732421875,72.0,1015.5,15.53812026977539,0.0,8.647496223449707,272.3858947753906,0.0299999993294477,22.819499969482425,0.1099999994039535
1785978428000,2026-08-06 01:07:08,20.32,25.67,18.71,22.29,21.43,20.36,435.27,380.13,319.46,,,,,,,,,,,,,
1785978493135,2026-08-06 01:08:13,20.33,25.72,18.71,22.26,21.2,20.39,435.27,380.13,319.46,,3587.0,39.298648648648665,,,,,,,,,,
1785981600000,2026-08-06 02:00:00,,,,,,,,,,,,,19.8695011138916,82.0,1015.9000244140624,16.705760955810547,0.0,9.504273414611816,294.62353515625,0.0199999995529651,22.16950035095215,0.1099999994039535
1785982028000,2026-08-06 02:07:08,20.22,25.61,18.71,22.26,21.43,20.39,435.17,380.06,319.46,,,,,,,,,,,,,
1785985200000,2026-08-06 03:00:00,,,,,,,,,,,,,19.769500732421875,78.0,1016.5,15.823437690734863,0.0,10.10568141937256,274.0855407714844,0.0199999995529651,21.66950035095215,0.1099999994039535
1785985628000,2026-08-06 03:07:08,20.17,25.46,18.71,22.19,21.76,20.39,435.1,379.97,319.46,,,,,,,,,,,,,
1785988800000,2026-08-06 04:00:00,,,,,,,,,,,,,19.519500732421875,70.0,1016.5,13.902183532714844,0.0,9.0,270.0,0.0199999995529651,21.269500732421875,0.1099999994039535
1785989228000,2026-08-06 04:07:08,20.08,25.46,18.64,22.13,21.43,20.52,435.0,379.9,319.43,,,,,,,,,,,,,
1785992400000,2026-08-06 05:00:00,,,,,,,,,,,,,19.16950035095215,69.0,1016.9000244140624,13.34599781036377,0.0,10.82995891571045,254.5777740478516,0.0299999993294477,20.969501495361328,0.1089999973773956
1785992828000,2026-08-06 05:07:08,19.98,25.39,18.66,22.06,21.36,20.46,434.89,379.81,319.43,,,,,,,,,,,,,
1785996000000,2026-08-06 06:00:00,,,,,,,,,,,,,19.519500732421875,68.0,1017.2000122070312,13.456199645996094,0.0,13.10419750213623,254.05453491210932,0.0599999986588954,21.269500732421875,0.1089999973773956
1785996428000,2026-08-06 06:07:08,19.89,25.4,18.6,22.03,20.88,20.55,434.79,379.71,319.4,,,,,,,,,,,,,
1785999600000,2026-08-06 07:00:00,,,,,,,,,,,,,20.019500732421875,69.0,1017.5999755859376,14.15860080718994,0.0,15.941944122314451,263.5170288085937,0.0900000035762786,22.16950035095215,0.1089999973773956
1786000028000,2026-08-06 07:07:08,19.75,25.15,18.68,21.86,21.5,20.04,434.62,379.58,319.37,,,,,,,,,,,,,
1786000081920,2026-08-06 07:08:01,19.75,25.16,18.58,21.86,21.43,20.49,434.62,379.58,319.37,,3608.0,41.93783783783784,,,,,,,,,,
1786003200000,2026-08-06 08:00:00,,,,,,,,,,,,,20.91950035095215,64.0,1018.0,13.85469913482666,0.0,15.856355667114258,267.3974914550781,0.1199999973177909,23.269500732421875,0.1089999973773956
1786003627000,2026-08-06 08:07:07,,,,21.83,21.83,20.49,434.52,379.45,319.34,,,,,,,,,,,,,
1786006800000,2026-08-06 09:00:00,,,,,,,,,,,,,21.66950035095215,61.0,1018.2000122070312,13.823429107666016,0.0,13.722564697265623,274.5138854980469,0.1500000059604644,24.569499969482425,0.1080000028014183
1786007228000,2026-08-06 09:07:08,19.5,25.04,18.43,21.73,20.75,20.75,434.35,379.29,319.28,,,,,,,,,,,,,
1786010400000,2026-08-06 10:00:00,,,,,,,,,,,,,22.6195011138916,54.0,1018.2000122070312,12.84108543395996,0.0,12.261157989501951,266.63360595703125,0.1899999976158142,26.069499969482425,0.1080000028014183
1786010828000,2026-08-06 10:07:08,,,,21.69,21.27,20.52,434.18,379.16,319.22,,,,,,,,,,,,,
1786014000000,2026-08-06 11:00:00,,,,,,,,,,,,,23.269500732421875,47.0,1018.2999877929688,11.32948875427246,0.0,14.404499053955078,268.56793212890625,0.1800000071525573,26.41950035095215,0.1070000007748603
1786014428000,2026-08-06 11:07:08,19.14,24.66,18.35,21.66,21.01,20.46,433.98,378.94,319.16,,,,,,,,,,,,,
1786017600000,2026-08-06 12:00:00,,,,,,,,,,,,,23.3695011138916,45.0,1018.5999755859376,10.765097618103027,0.0,16.19999885559082,270.0,0.1800000071525573,26.3695011138916,0.1070000007748603
1786018028000,2026-08-06 12:07:08,18.97,24.55,18.28,21.63,20.81,20.49,433.81,378.78,319.1,,,,,,,,,,,,,
1786021200000,2026-08-06 13:00:00,,,,,,,,,,,,,23.519500732421875,39.0,1018.7000122070312,8.765079498291016,0.0,17.377225875854492,256.82745361328125,0.1700000017881393,26.3695011138916,0.1059999987483024
1786021628000,2026-08-06 13:07:08,18.73,24.26,18.19,21.59,21.2,20.62,433.57,378.55,319.04,,,,,,,,,,,,,
1786021681658,2026-08-06 13:08:01,18.69,24.29,18.18,21.63,20.94,20.49,433.54,378.52,319.01,,3613.0,42.566216216216205,,,,,,,,,,
1786024800000,2026-08-06 14:00:00,,,,,,,,,,,,,23.269500732421875,39.0,1018.5999755859376,8.541977882385254,0.0,14.471820831298828,264.2894897460937,0.1500000059604644,25.8695011138916,0.1059999987483024
1786025228000,2026-08-06 14:07:08,18.55,24.16,18.12,21.63,20.71,20.46,433.4,378.33,318.95,,,,,,,,,,,,,
1786028400000,2026-08-06 15:00:00,,,,,,,,,,,,,24.269500732421875,34.0,1018.2000122070312,7.408956050872803,0.0,16.167966842651367,258.4399108886719,0.1500000059604644,25.969501495361328,0.1049999967217445
1786028828000,2026-08-06 15:07:08,18.46,23.89,17.99,21.59,21.27,20.75,433.3,378.17,318.89,,,,,,,,,,,,,
1786032000000,2026-08-06 16:00:00,,,,,,,,,,,,,23.8695011138916,35.0,1018.2000122070312,7.481789112091064,0.0,13.679999351501465,270.0,0.1199999973177909,25.469501495361328,0.1049999967217445
1786032428000,2026-08-06 16:07:08,18.27,23.75,17.96,21.66,21.27,20.58,433.13,378.01,318.83,,,,,,,,,,,,,
1786035600000,2026-08-06 17:00:00,,,,,,,,,,,,,23.3695011138916,36.0,1018.2999877929688,7.453226566314697,0.0,13.830748558044434,308.6598205566406,0.1000000089406967,24.819499969482425,0.1040000021457672
1786036028000,2026-08-06 17:07:08,18.12,23.59,17.9,21.69,21.3,20.55,432.99,377.85,318.77,,,,,,,,,,,,,
1786039200000,2026-08-06 18:00:00,,,,,,,,,,,,,22.569499969482425,35.0,1018.5999755859376,6.336178779602051,0.0,15.509273529052734,291.8014831542969,0.0799999982118606,23.91950035095215,0.1040000021457672
1786039628000,2026-08-06 18:07:08,17.99,23.48,17.85,21.66,21.27,20.46,432.86,377.72,318.71,,,,,,,,,,,,,
1786042800000,2026-08-06 19:00:00,,,,,,,,,,,,,20.66950035095215,42.0,1019.2000122070312,7.299891948699951,0.0,12.387348175048828,305.5377502441406,0.0500000044703483,22.6195011138916,0.1040000021457672
1786043228000,2026-08-06 19:07:08,17.91,23.38,17.82,21.69,21.27,20.42,432.79,377.62,318.68,,,,,,,,,,,,,
1786043369177,2026-08-06 19:09:29,17.91,23.47,17.8,21.69,20.71,20.52,432.79,377.59,318.68,,3613.0,42.566216216216205,,,,,,,,,,
1786043372409,2026-08-06 19:09:32,17.91,23.47,17.8,21.69,20.71,20.52,432.79,377.59,318.68,,3613.0,42.566216216216205,,,,,,,,,,
1786046400000,2026-08-06 20:00:00,,,,,,,,,,,,,18.8695011138916,51.0,1020.0,8.513044357299805,0.0,10.495713233947754,292.1663818359375,0.0299999993294477,21.269500732421875,0.1030000001192092
1786046828000,2026-08-06 20:07:08,17.85,23.39,17.77,21.63,20.81,20.49,432.72,377.52,318.65,,,,,,,,,,,,,
1786050000000,2026-08-06 21:00:00,,,,,,,,,,,,,17.269500732421875,56.0,1020.7000122070312,8.409651756286621,0.0,8.350137710571289,277.4313049316406,0.0299999993294477,20.16950035095215,0.1030000001192092
1786050428000,2026-08-06 21:07:08,17.8,23.34,17.78,21.53,20.75,20.46,432.65,377.46,318.65,,,,,,,,,,,,,
1786053600000,2026-08-06 22:00:00,,,,,,,,,,,,,16.019500732421875,63.0,1021.0999755859376,8.977457046508789,0.0,7.928177833557129,272.6025085449219,0.0199999995529651,19.219501495361328,0.1030000001192092
1786054028000,2026-08-06 22:07:08,17.74,23.15,17.73,21.5,21.43,20.52,432.59,377.4,318.62,,,,,,,,,,,,,
1786057200000,2026-08-06 23:00:00,,,,,,,,,,,,,15.219499588012695,66.0,1021.2999877929688,8.90778923034668,0.0,9.028754234313965,274.5738220214844,0.0199999995529651,18.469501495361328,0.1030000001192092
1786057628000,2026-08-06 23:07:08,17.69,23.13,17.66,21.4,21.2,20.71,432.52,377.33,318.59,,,,,,,,,,,,,
1786060800000,2026-08-07 00:00:00,,,,,,,,,,,,,14.669499397277832,71.0,1022.2000122070312,9.466608047485352,0.0,7.928177833557129,267.3974914550781,0.0199999995529651,18.269500732421875,0.101000003516674
1786061228000,2026-08-07 00:07:08,17.63,23.25,17.69,21.33,20.49,20.55,432.45,377.3,318.59,,,,,,,,,,,,,
1786064400000,2026-08-07 01:00:00,,,,,,,,,,,,,13.919499397277832,76.0,1022.0,9.757773399353027,0.0,8.70723819732666,262.8750915527344,0.0099999997764825,17.569499969482422,0.101000003516674
1786064828000,2026-08-07 01:07:08,17.55,23.07,17.68,21.23,21.07,20.46,432.35,377.24,318.56,,,,,,,,,,,,,
1786064882404,2026-08-07 01:08:02,17.52,23.1,17.68,21.23,20.78,20.46,432.32,377.2,318.56,,3608.0,41.93783783783784,,,,,,,,,,
1786068000000,2026-08-07 02:00:00,,,,,,,,,,,,,13.419499397277832,77.0,1022.5,9.46824836730957,0.0,8.121970176696777,257.1957397460937,0.0099999997764825,17.019500732421875,0.101000003516674
1786068428000,2026-08-07 02:07:08,17.47,23.09,17.67,21.14,20.52,20.52,432.25,377.14,318.56,,,,,,,,,,,,,
1786071600000,2026-08-07 03:00:00,,,,,,,,,,,,,13.119500160217283,80.0,1022.5,9.74630641937256,0.0,7.952659606933594,264.8056640625,0.0099999997764825,16.6195011138916,0.101000003516674
1786072028000,2026-08-07 03:07:08,,,,21.04,20.68,20.49,432.18,377.08,318.53,,,,,,,,,,,,,
1786075200000,2026-08-07 04:00:00,,,,,,,,,,,,,13.01949977874756,82.0,1022.5999755859376,10.01753044128418,0.0,8.049844741821289,259.6952209472656,0.0099999997764825,16.319499969482422,0.101000003516674
1786075628000,2026-08-07 04:07:08,17.33,22.85,17.61,20.94,20.97,20.46,432.08,376.98,318.5,,,,,,,,,,,,,
1786078800000,2026-08-07 05:00:00,,,,,,,,,,,,,13.369500160217283,83.0,1022.7000122070312,10.541196823120115,0.0,7.968938827514648,251.56495666503903,0.0099999997764825,16.3695011138916,0.101000003516674
1786079228000,2026-08-07 05:07:08,17.29,22.73,17.56,20.81,21.1,20.71,432.01,376.88,318.5,,,,,,,,,,,,,
1786082400000,2026-08-07 06:00:00,,,,,,,,,,,,,14.369500160217283,81.0,1023.0999755859376,11.150763511657717,0.0,8.473393440246582,257.7352294921875,0.0199999995529651,16.969501495361328,0.101000003516674
1786082828000,2026-08-07 06:07:08,17.2,22.81,17.57,20.75,20.46,20.49,431.91,376.82,318.47,,,,,,,,,,,,,
1786086000000,2026-08-07 07:00:00,,,,,,,,,,,,,15.76949977874756,77.0,1023.5,11.746074676513672,0.0,8.66994857788086,265.2364501953125,0.0399999991059303,18.069499969482425,0.101000003516674
1786086428000,2026-08-07 07:07:08,17.12,22.7,17.5,20.62,20.42,20.49,431.81,376.69,318.41,,,,,,,,,,,,,
1786086482471,2026-08-07 07:08:02,17.07,22.7,17.49,20.65,20.39,20.55,431.77,376.69,318.41,,3608.0,41.93783783783784,,,,,,,,,,
1786089600000,2026-08-07 08:00:00,,,,,,,,,,,,,17.569499969482422,70.0,1023.4000244140624,12.034433364868164,0.0,8.350137710571289,262.5686950683594,0.0700000077486038,20.019500732421875,0.101000003516674
1786090026000,2026-08-07 08:07:06,16.98,22.51,17.43,20.58,20.75,20.65,431.67,376.56,318.38,,,,,,,,,,,,,
1786093200000,2026-08-07 09:00:00,,,,,,,,,,,,,19.1195011138916,56.0,1023.4000244140624,10.135446548461914,0.0,12.181625366210938,288.9704895019531,0.1000000089406967,21.819499969482425,0.101000003516674
1786093628000,2026-08-07 09:07:08,16.9,22.48,17.4,20.46,20.46,20.49,431.57,376.47,318.32,,,,,,,,,,,,,
1786096800000,2026-08-07 10:00:00,,,,,,,,,,,,,19.66950035095215,54.0,1023.2999877929688,10.103135108947754,0.0,11.304228782653809,279.1622619628906,0.1199999973177909,22.66950035095215,0.1000000014901161
1786097228000,2026-08-07 10:07:08,16.8,22.29,17.35,20.46,20.81,20.42,431.47,376.34,318.26,,,,,,,,,,,,,
1786100400000,2026-08-07 11:00:00,,,,,,,,,,,,,20.16950035095215,50.0,1023.2000122070312,9.41704559326172,0.0,10.13769245147705,286.5044250488281,0.1199999973177909,22.8695011138916,0.1000000014901161
1786100828000,2026-08-07 11:07:08,,,,20.42,20.26,20.36,431.37,376.21,318.2,,,,,,,,,,,,,
1786104000000,2026-08-07 12:00:00,,,,,,,,,,,,,20.719501495361328,46.0,1022.9000244140624,8.683491706848145,0.0,13.661038398742676,288.4350280761719,0.1299999952316284,23.1195011138916,0.1000000014901161
1786104428000,2026-08-07 12:07:08,16.63,22.19,17.25,20.42,20.23,20.23,431.3,376.11,318.14,,,,,,,,,,,,,
1786107600000,2026-08-07 13:00:00,,,,,,,,,,,,,19.769500732421875,53.0,1023.0999755859376,9.916454315185549,0.0,13.70839023590088,299.9314270019531,0.1000000089406967,22.66950035095215,0.1000000014901161
1786108028000,2026-08-07 13:07:08,16.53,22.08,17.2,20.39,20.26,20.3,431.2,375.99,318.11,,,,,,,,,,,,,
1786108082349,2026-08-07 13:08:02,16.48,22.11,17.15,20.42,20.11,20.39,431.16,375.99,318.08,,3613.0,42.566216216216205,,,,,,,,,,
1786111200000,2026-08-07 14:00:00,,,,,,,,,,,,,20.66950035095215,48.0,1022.7000122070312,9.268861770629885,0.0,8.21715259552002,298.8106994628906,0.0900000035762786,22.569499969482425,0.1000000014901161
1786111628000,2026-08-07 14:07:08,,,,20.42,20.07,20.39,431.1,375.86,318.05,,,,,,,,,,,,,
1786114800000,2026-08-07 15:00:00,,,,,,,,,,,,,19.719501495361328,52.0,1022.7999877929688,9.586023330688477,0.0,15.6837739944458,301.8659362792969,0.0799999982118606,22.219501495361328,0.0989999994635582
1786115228000,2026-08-07 15:07:08,16.3,21.91,17.05,20.42,20.01,20.39,430.99,375.76,317.99,,,,,,,,,,,,,
1786118400000,2026-08-07 16:00:00,,,,,,,,,,,,,19.969501495361328,49.0,1022.7000122070312,8.933250427246094,0.0,9.585739135742188,304.28692626953125,0.0799999982118606,21.969501495361328,0.0989999994635582
1786118828000,2026-08-07 16:07:08,16.25,21.74,17.01,20.39,20.23,20.26,430.93,375.63,317.93,,,,,,,,,,,,,
1786122000000,2026-08-07 17:00:00,,,,,,,,,,,,,20.019500732421875,50.0,1022.2999877929688,9.279046058654783,0.0,8.825508117675781,281.76824951171875,0.0799999982118606,22.019500732421875,0.0989999994635582
1786122428000,2026-08-07 17:07:08,16.14,21.71,16.92,20.39,19.98,20.33,430.83,375.54,317.87,,,,,,,,,,,,,
1786125600000,2026-08-07 18:00:00,,,,,,,,,,,,,19.41950035095215,51.0,1022.2999877929688,9.02036190032959,0.0,12.287554740905762,328.1725769042969,0.0500000044703483,21.469501495361328,0.0989999994635582
1786126028000,2026-08-07 18:07:08,16.09,21.46,17.05,20.42,20.88,19.6,430.79,375.47,317.84,,,,,,,,,,,,,
1786129200000,2026-08-07 19:00:00,,,,,,,,,,,,,18.6195011138916,56.0,1022.7000122070312,9.669099807739258,0.0,7.9932966232299805,324.1622619628906,0.0299999993294477,20.41950035095215,0.0989999994635582
1786129628000,2026-08-07 19:07:08,16.06,21.47,16.88,20.42,20.55,20.2,430.76,375.41,317.81,,,,,,,,,,,,,
1786129683744,2026-08-07 19:08:03,16.06,21.46,16.87,20.42,20.62,20.26,430.76,375.41,317.81,,3567.0,36.78513513513515,,,,,,,,,,
1786132800000,2026-08-07 20:00:00,,,,,,,,,,,,,18.1195011138916,60.0,1023.0,10.231658935546877,0.0,4.33497428894043,318.3665466308594,0.0199999995529651,19.719501495361328,0.0989999994635582
1786133228000,2026-08-07 20:07:08,15.99,21.57,16.88,20.39,19.79,20.2,430.69,375.35,317.81,,,,,,,,,,,,,
1786136400000,2026-08-07 21:00:00,,,,,,,,,,,,,17.769500732421875,62.0,1023.2999877929688,10.393168449401855,0.0,3.096837043762207,324.4622497558594,0.0199999995529651,19.269500732421875,0.0989999994635582
1786136828000,2026-08-07 21:07:08,15.97,21.3,16.85,20.36,20.91,20.2,430.66,375.31,317.78,,,,,,,,,,,,,
1786140000000,2026-08-07 22:00:00,,,,,,,,,,,,,17.16950035095215,67.0,1023.5,10.989636421203612,0.0,3.415259599685669,341.56494140625,0.0099999997764825,18.719501495361328,0.0989999994635582
1786140428000,2026-08-07 22:07:08,15.92,21.54,16.86,20.39,19.51,20.17,430.62,375.25,317.78,,,,,,,,,,,,,
1786143600000,2026-08-07 23:00:00,,,,,,,,,,,,,16.069499969482422,74.0,1023.5999755859376,11.434615135192873,0.0,2.811689853668213,39.80552673339844,0.0099999997764825,17.8695011138916,0.0989999994635582
1786144028000,2026-08-07 23:07:08,15.86,21.22,16.82,20.33,20.88,20.17,430.55,375.22,317.75,,,,,,,,,,,,,
1786147200000,2026-08-08 00:00:00,,,,,,,,,,,,,16.3695011138916,78.0,1024.0999755859375,12.524134635925291,0.0,2.741678237915039,66.80138397216797,0.0099999997764825,18.1195011138916,0.1000000014901161
1786147628000,2026-08-08 00:07:08,15.84,21.28,16.83,20.26,20.49,20.14,430.52,375.19,317.75,,,,,,,,,,,,,
1786150800000,2026-08-08 01:00:00,,,,,,,,,,,,,16.3695011138916,74.0,1024.0,11.723973274230955,0.0,3.826852560043335,48.81417465209961,0.0099999997764825,17.91950035095215,0.1000000014901161
1786151228000,2026-08-08 01:07:08,15.82,21.22,16.8,20.23,20.46,20.11,430.49,375.12,317.72,,,,,,,,,,,,,
1786151283693,2026-08-08 01:08:03,15.82,21.23,16.79,20.23,20.39,20.17,430.49,375.12,317.72,,3610.0,42.189189189189165,,,,,,,,,,
1786154400000,2026-08-08 02:00:00,,,,,,,,,,,,,15.76949977874756,74.0,1023.7000122070312,11.145246505737305,0.0,3.075841426849365,69.4438705444336,0.0099999997764825,17.519500732421875,0.1000000014901161
1786154828000,2026-08-08 02:07:08,15.78,21.26,16.81,20.23,20.11,20.07,430.45,375.09,317.72,,,,,,,,,,,,,
1786158000000,2026-08-08 03:00:00,,,,,,,,,,,,,14.619500160217283,80.0,1023.7999877929688,11.206950187683104,0.0,6.1516828536987305,110.5561294555664,0.0099999997764825,16.8695011138916,0.1000000014901161
1786158428000,2026-08-08 03:07:08,15.73,21.18,16.74,20.14,20.36,20.23,430.39,375.06,317.69,,,,,,,,,,,,,
1786161600000,2026-08-08 04:00:00,,,,,,,,,,,,,14.119500160217283,81.0,1023.9000244140624,10.906974792480469,0.0,4.735060214996338,98.74607849121094,0.0099999997764825,16.41950035095215,0.101000003516674
1786162028000,2026-08-08 04:07:08,15.68,21.21,16.77,20.04,20.07,20.11,430.32,375.02,317.69,,,,,,,,,,,,,
1786165200000,2026-08-08 05:00:00,,,,,,,,,,,,,14.419499397277832,79.0,1023.9000244140624,10.822819709777832,0.0,5.052840709686279,94.08554077148438,0.0099999997764825,16.41950035095215,0.101000003516674
1786165628000,2026-08-08 05:07:08,15.64,21.2,16.76,20.01,19.82,19.98,430.28,374.96,317.66,,,,,,,,,,,,,
1786168800000,2026-08-08 06:00:00,,,,,,,,,,,,,15.319499969482422,74.0,1023.9000244140624,10.711170196533203,0.0,7.421589851379394,112.8336944580078,0.0299999993294477,17.069499969482422,0.101000003516674
1786169228000,2026-08-08 06:07:08,15.62,21.14,16.75,19.85,19.85,20.01,430.22,374.9,317.66,,,,,,,,,,,,,
1786172400000,2026-08-08 07:00:00,,,,,,,,,,,,,16.819499969482422,68.0,1024.0,10.878849983215332,0.0,7.244860172271728,116.5649871826172,0.0599999986588954,18.3695011138916,0.101000003516674
1786172828000,2026-08-08 07:07:08,15.55,21.09,16.73,19.79,19.79,19.98,430.15,374.83,317.63,,,,,,,,,,,,,
1786172883546,2026-08-08 07:08:03,15.51,21.01,16.71,19.85,20.14,20.07,430.12,374.83,317.63,,3608.0,41.93783783783784,,,,,,,,,,
1786176000000,2026-08-08 08:00:00,,,,,,,,,,,,,18.569499969482425,66.0,1024.199951171875,12.095033645629885,0.0,6.439876079559326,116.5649871826172,0.0900000035762786,20.519500732421875,0.1000000014901161
1786176073000,2026-08-08 08:01:13,15.46,20.98,16.67,19.73,20.01,20.07,430.05,374.77,317.6,,,,,,,,,,,,,
1786179600000,2026-08-08 09:00:00,,,,,,,,,,,,,19.8695011138916,59.0,1024.0999755859375,11.622498512268066,0.0,7.9932966232299805,125.8377456665039,0.1199999973177909,22.069499969482425,0.1000000014901161
1786179673000,2026-08-08 09:01:13,15.36,20.79,16.64,19.7,20.49,19.92,429.95,374.67,317.54,,,,,,,,,,,,,
1786183200000,2026-08-08 10:00:00,,,,,,,,,,,,,21.069499969482425,51.0,1023.7999877929688,10.541823387145996,0.0,6.109402656555176,135.00010681152344,0.1500000059604644,23.719501495361328,0.1000000014901161
1786183273000,2026-08-08 10:01:13,15.26,20.71,16.56,19.63,20.26,19.95,429.84,374.54,317.48,,,,,,,,,,,,,
1786186800000,2026-08-08 11:00:00,,,,,,,,,,,,,21.8695011138916,48.0,1023.4000244140624,10.367131233215332,0.0,6.6380720138549805,139.39878845214844,0.1700000017881393,24.719501495361328,0.1000000014901161
1786186873000,2026-08-08 11:01:13,15.13,20.6,16.42,19.6,20.14,19.98,429.71,374.39,317.36,,,,,,,,,,,,,
1786190400000,2026-08-08 12:00:00,,,,,,,,,,,,,22.819499969482425,44.0,1022.7999877929688,9.9296875,0.0,5.399999618530273,143.13002014160156,0.1700000017881393,25.569499969482425,0.0989999994635582
1786190473000,2026-08-08 12:01:13,15.04,20.43,16.32,19.66,20.23,19.95,429.64,374.23,317.27,,,,,,,,,,,,,
1786194000000,2026-08-08 13:00:00,,,,,,,,,,,,,23.969501495361328,39.0,1022.0999755859376,9.166605949401855,0.0,4.802999019622803,167.00538635253906,0.1899999976158142,27.019500732421875,0.0989999994635582
1786194073000,2026-08-08 13:01:13,14.94,20.56,16.22,19.76,19.01,19.95,429.57,374.1,317.18,,,,,,,,,,,,,
1786194483417,2026-08-08 13:08:03,14.94,20.29,16.25,19.76,20.14,19.79,429.57,374.07,317.18,,3616.0,42.943243243243245,,,,,,,,,,
1786197600000,2026-08-08 14:00:00,,,,,,,,,,,,,24.3695011138916,36.0,1021.5,8.337109565734863,0.0,6.489992141723633,93.17977142333984,0.2000000178813934,27.819499969482425,0.0979999974370002
1786197673000,2026-08-08 14:01:13,14.88,20.2,16.25,19.88,19.98,19.51,429.54,373.94,317.12,,,,,,,,,,,,,
1786201200000,2026-08-08 15:00:00,,,,,,,,,,,,,24.66950035095215,36.0,1021.0999755859376,8.60219669342041,0.0,7.342587947845459,101.30989837646484,0.1700000017881393,27.819499969482425,0.0979999974370002
1786201273000,2026-08-08 15:01:13,14.81,20.08,16.05,20.07,19.98,19.92,429.51,373.81,317.03,,,,,,,,,,,,,
1786204800000,2026-08-08 16:00:00,,,,,,,,,,,,,24.469501495361328,37.0,1020.5999755859376,8.830594062805176,0.0,10.799999237060549,90.0,0.1400000154972076,27.269500732421875,0.0970000028610229
1786204873000,2026-08-08 16:01:13,14.73,19.95,15.96,20.23,20.17,19.85,429.47,373.71,316.94,,,,,,,,,,,,,
1786208400000,2026-08-08 17:00:00,,,,,,,,,,,,,24.269500732421875,36.0,1020.5,8.248737335205078,0.0,9.746630668640137,85.76368713378906,0.1199999973177909,26.069499969482425,0.0970000028610229
1786208473000,2026-08-08 17:01:13,14.66,19.87,15.91,20.39,20.01,19.79,429.44,373.59,316.88,,,,,,,,,,,,,
1786212000000,2026-08-08 18:00:00,,,,,,,,,,,,,23.469501495361328,41.0,1020.2999877929688,9.462640762329102,0.0,10.137691497802734,96.11540985107422,0.0799999982118606,24.719501495361328,0.0970000028610229
1786212073000,2026-08-08 18:01:13,14.61,19.78,15.87,20.49,20.11,19.79,429.41,373.52,316.85,,,,,,,,,,,,,
1786215600000,2026-08-08 19:00:00,,,,,,,,,,,,,21.41950035095215,49.0,1020.2999877929688,10.26380729675293,0.0,10.086426734924316,92.0453643798828,0.0399999991059303,23.1195011138916,0.096000000834465
1786215673000,2026-08-08 19:01:13,14.55,19.86,15.89,20.55,19.73,19.73,429.37,373.52,316.85,,,,,,,,,,,,,
1786216083017,2026-08-08 19:08:03,14.53,19.76,15.86,20.49,20.17,19.85,429.34,373.52,316.85,,3603.0,41.30945945945948,,,,,,,,,,
1786219200000,2026-08-08 20:00:00,,,,,,,,,,,,,19.569499969482425,55.0,1020.2000122070312,10.284879684448242,0.0,9.007196426391602,92.29055786132812,0.0299999993294477,21.6195011138916,0.096000000834465
1786219273000,2026-08-08 20:01:13,14.52,19.86,15.87,20.55,19.57,19.82,429.34,373.49,316.85,,,,,,,,,,,,,
1786222800000,2026-08-08 21:00:00,,,,,,,,,,,,,18.269500732421875,59.0,1020.0999755859376,10.121012687683104,0.0,9.746630668640137,94.23632049560548,0.0199999995529651,20.519500732421875,0.096000000834465
1786222873000,2026-08-08 21:01:13,14.45,19.74,15.88,20.52,20.04,19.76,429.27,373.46,316.85,,,,,,,,,,,,,
1786226400000,2026-08-08 22:00:00,,,,,,,,,,,,,17.269500732421875,64.0,1019.9000244140624,10.396184921264648,0.0,10.239453315734863,100.12461853027344,0.0199999995529651,19.6195011138916,0.096000000834465
1786226473000,2026-08-08 22:01:13,14.42,19.83,15.83,20.49,19.6,19.82,429.24,373.46,316.82,,,,,,,,,,,,,
1786230000000,2026-08-08 23:00:00,,,,,,,,,,,,,16.519500732421875,66.0,1019.5,10.144868850708008,0.0,10.82995891571045,105.4222183227539,0.0199999995529651,18.91950035095215,0.096000000834465
1786230073000,2026-08-08 23:01:13,14.35,19.79,15.86,20.49,19.66,19.7,429.17,373.43,316.82,,,,,,,,,,,,,
1786233600000,2026-08-09 00:00:00,,,,,,,,,,,,,16.269500732421875,62.0,1019.2000122070312,8.976585388183594,0.0,10.93120288848877,107.2415542602539,0.0199999995529651,18.66950035095215,0.1019999980926513
1786233673000,2026-08-09 00:01:13,14.29,19.69,15.85,20.39,19.92,19.73,429.1,373.39,316.82,,,,,,,,,,,,,
1786237200000,2026-08-09 01:00:00,,,,,,,,,,,,,15.569499969482422,64.0,1018.9000244140624,8.784499168395996,0.0,9.793058395385742,107.10281372070312,0.0199999995529651,18.069499969482425,0.1019999980926513
1786237273000,2026-08-09 01:01:13,,,,20.36,19.79,19.95,429.03,373.36,316.79,,,,,,,,,,,,,
1786237683028,2026-08-09 01:08:03,14.24,19.58,15.8,20.3,20.33,19.82,429.03,373.36,316.79,,3613.0,42.566216216216205,,,,,,,,,,
1786240800000,2026-08-09 02:00:00,,,,,,,,,,,,,14.919499397277832,66.0,1018.2000122070312,8.622262954711914,0.0,8.89134407043457,111.37069702148438,0.0199999995529651,17.469501495361328,0.1019999980926513
1786240873000,2026-08-09 02:01:13,14.19,19.67,15.8,20.23,19.76,19.79,428.97,373.33,316.79,,,,,,,,,,,,,
1786244400000,2026-08-09 03:00:00,,,,,,,,,,,,,14.369500160217283,70.0,1017.7000122070312,8.968118667602539,0.0,8.31124496459961,107.65021514892578,0.0099999997764825,16.969501495361328,0.101000003516674
1786244473000,2026-08-09 03:01:13,14.13,19.65,15.82,20.14,19.57,19.73,428.9,373.27,316.79,,,,,,,,,,,,,
1786248000000,2026-08-09 04:00:00,,,,,,,,,,,,,13.919499397277832,72.0,1017.4000244140624,8.953710556030273,0.0,8.654986381530762,106.92759704589844,0.0099999997764825,16.469501495361328,0.101000003516674
1786248073000,2026-08-09 04:01:13,14.11,19.55,15.78,20.07,19.88,19.73,428.86,373.23,316.76,,,,,,,,,,,,,
1786251600000,2026-08-09 05:00:00,,,,,,,,,,,,,14.169499397277832,72.0,1016.9000244140624,9.194136619567873,0.0,8.654986381530762,106.92759704589844,0.0199999995529651,16.319499969482422,0.101000003516674
1786251673000,2026-08-09 05:01:13,14.07,19.82,15.73,19.95,18.49,19.95,428.8,373.2,316.76,,,,,,,,,,,,,
1786255200000,2026-08-09 06:00:00,,,,,,,,,,,,,15.569499969482422,70.0,1016.4000244140624,10.11817455291748,0.0,8.89134407043457,111.37069702148438,0.0299999993294477,17.069499969482422,0.101000003516674
1786255273000,2026-08-09 06:01:13,13.98,19.48,15.73,19.85,19.82,19.79,428.7,373.14,316.73,,,,,,,,,,,,,
1786258800000,2026-08-09 07:00:00,,,,,,,,,,,,,17.969501495361328,63.0,1016.2000122070312,10.822508811950684,0.0,10.315114974975586,119.2487335205078,0.0599999986588954,18.719501495361328,0.101000003516674
1786258873000,2026-08-09 07:01:13,13.93,19.61,15.66,19.73,18.86,19.95,428.63,373.07,316.7,,,,,,,,,,,,,
1786259282777,2026-08-09 07:08:02,13.92,19.25,15.79,19.79,20.55,19.38,428.63,373.07,316.7,,3608.0,41.93783783783784,,,,,,,,,,
1786262400000,2026-08-09 08:00:00,,,,,,,,,,,,,20.6195011138916,56.0,1015.7999877929688,11.534127235412598,0.0,10.23312282562256,129.2893829345703,0.1000000089406967,20.969501495361328,0.101000003516674
1786262473000,2026-08-09 08:01:13,13.83,19.34,15.65,19.7,19.76,19.85,428.53,372.98,316.67,,,,,,,,,,,,,
1786266000000,2026-08-09 09:00:00,,,,,,,,,,,,,23.3695011138916,51.0,1015.2999877929688,12.661381721496582,0.0,9.72666358947754,128.99099731445312,0.1400000154972076,23.41950035095215,0.101000003516674
1786266128000,2026-08-09 09:02:08,13.76,19.31,15.6,19.66,19.57,19.79,428.46,372.91,316.61,,,,,,,,,,,,,
1786269600000,2026-08-09 10:00:00,,,,,,,,,,,,,25.969501495361328,43.0,1014.7000122070312,12.429259300231934,0.0,10.18869972229004,147.99465942382812,0.1800000071525573,25.8695011138916,0.101000003516674
1786269728000,2026-08-09 10:02:08,13.71,19.14,15.51,19.57,19.98,19.85,428.39,372.82,316.55,,,,,,,,,,,,,
1786273200000,2026-08-09 11:00:00,,,,,,,,,,,,,28.069499969482425,38.0,1014.2000122070312,12.425127029418944,0.0,9.826087951660156,151.5571746826172,0.2100000232458114,28.069499969482425,0.1000000014901161
1786273328000,2026-08-09 11:02:08,13.57,19.0,15.39,19.57,19.92,19.76,428.26,372.66,316.43,,,,,,,,,,,,,
1786276800000,2026-08-09 12:00:00,,,,,,,,,,,,,29.66950035095215,35.0,1013.5999755859376,12.584625244140623,0.0,9.114471435546877,170.90980529785156,0.2199999988079071,29.8695011138916,0.1000000014901161
1786276928000,2026-08-09 12:02:08,13.48,19.23,15.3,19.63,18.09,19.54,428.19,372.5,316.31,,,,,,,,,,,,,
1786280400000,2026-08-09 13:00:00,,,,,,,,,,,,,31.3695011138916,30.0,1013.0,11.720478057861328,0.0,10.703569412231444,199.65391540527344,0.2100000232458114,31.269500732421875,0.0989999994635582
1786280528000,2026-08-09 13:02:08,13.41,18.68,15.09,19.76,19.82,19.85,428.16,372.31,316.19,,,,,,,,,,,,,
1786280882407,2026-08-09 13:08:02,13.41,18.72,15.1,19.79,19.63,19.66,428.16,372.31,316.16,,3590.0,39.67567567567565,,,,,,,,,,
1786284000000,2026-08-09 14:00:00,,,,,,,,,,,,,31.519500732421875,31.0,1012.4000244140624,12.348048210144045,0.0,8.5873384475708,236.9761199951172,0.2000000178813934,31.91950035095215,0.0989999994635582
1786284128000,2026-08-09 14:02:08,13.32,18.5,15.01,19.98,19.95,19.6,428.12,372.15,316.07,,,,,,,,,,,,,
1786287600000,2026-08-09 15:00:00,,,,,,,,,,,,,31.969501495361328,26.0,1012.0999755859376,10.078944206237791,0.0,14.812589645385742,205.94224548339844,0.1700000017881393,31.8695011138916,0.0979999974370002
1786287728000,2026-08-09 15:02:08,13.24,18.49,14.81,20.2,19.29,19.85,428.09,371.99,315.95,,,,,,,,,,,,,
1786291200000,2026-08-09 16:00:00,,,,,,,,,,,,,31.469501495361328,25.0,1012.2000122070312,9.072004318237305,0.0,15.683775901794434,279.2460327148437,0.1400000154972076,30.969501495361328,0.0979999974370002
1786291328000,2026-08-09 16:02:08,13.19,18.14,14.77,20.39,20.2,19.57,428.09,371.83,315.86,,,,,,,,,,,,,
1786294800000,2026-08-09 17:00:00,,,,,,,,,,,,,30.069499969482425,28.0,1012.2999877929688,9.567645072937012,0.0,14.241629600524902,290.72564697265625,0.1000000089406967,29.41950035095215,0.0970000028610229
1786294928000,2026-08-09 17:02:08,13.1,18.14,14.65,20.58,19.6,19.66,428.05,371.7,315.77,,,,,,,,,,,,,
1786298400000,2026-08-09 18:00:00,,,,,,,,,,,,,28.66950035095215,33.0,1012.5,10.81748390197754,0.0,11.592893600463867,306.15826416015625,0.0700000077486038,28.1195011138916,0.0970000028610229
1786298528000,2026-08-09 18:02:08,13.05,18.07,14.7,20.68,19.66,19.1,428.02,371.64,315.71,,,,,,,,,,,,,
1786302000000,2026-08-09 19:00:00,,,,,,,,,,,,,26.269500732421875,36.0,1012.9000244140624,10.015395164489746,0.0,9.387651443481444,302.4711608886719,0.0399999991059303,26.66950035095215,0.0970000028610229
1786302128000,2026-08-09 19:02:08,13.02,17.96,14.58,20.81,20.04,19.66,428.02,371.61,315.71,,,,,,,,,,,,,
1786302477364,2026-08-09 19:07:57,13.02,17.94,14.59,20.81,20.14,19.6,428.02,371.61,315.71,,3574.0,37.66486486486484,,,,,,,,,,
1786305600000,2026-08-09 20:00:00,,,,,,,,,,,,,24.319499969482425,44.0,1013.2999877929688,11.287389755249023,0.0,6.193674087524414,324.4622497558594,0.0299999993294477,25.1195011138916,0.096000000834465
1786305728000,2026-08-09 20:02:08,13.01,18.04,14.56,20.84,19.66,19.73,428.02,371.61,315.71,,,,,,,,,,,,,
1786309200000,2026-08-09 21:00:00,,,,,,,,,,,,,22.969501495361328,50.0,1013.5999755859376,11.99183177947998,0.0,5.154415130615234,335.2248840332031,0.0199999995529651,24.019500732421875,0.096000000834465
1786309328000,2026-08-09 21:02:08,12.92,17.97,14.51,20.88,19.82,19.95,427.95,371.57,315.71,,,,,,,,,,,,,
1786312800000,2026-08-09 22:00:00,,,,,,,,,,,,,22.219501495361328,56.0,1013.5,13.025445938110352,0.0,2.4149534702301025,116.5649871826172,0.0199999995529651,23.319499969482425,0.096000000834465
1786312928000,2026-08-09 22:02:08,,,,20.88,20.23,19.6,427.92,371.57,315.74,,,,,,,,,,,,,
1786316400000,2026-08-09 23:00:00,,,,,,,,,,,,,20.769500732421875,63.0,1013.2999877929688,13.470487594604492,0.0,3.826852560043335,138.81417846679688,0.0099999997764825,22.6195011138916,0.096000000834465
1786316528000,2026-08-09 23:02:08,12.87,17.93,14.6,20.81,19.85,19.7,427.89,371.54,315.74,,,,,,,,,,,,,
1786320000000,2026-08-10 00:00:00,,,,,,,,,,,,,21.819499969482425,68.0,1012.7999877929688,15.65075397491455,0.0,2.968636035919189,284.0362548828125,0.0199999995529651,23.569499969482425,0.1000000014901161
1786320128000,2026-08-10 00:02:08,12.86,17.78,14.59,20.88,20.55,19.73,427.89,371.54,315.74,,,,,,,,,,,,,
1786323600000,2026-08-10 01:00:00,,,,,,,,,,,,,21.269500732421875,68.0,1013.5,15.126049041748049,0.0,5.411986351013184,273.8139953613281,0.0199999995529651,22.969501495361328,0.1000000014901161
1786323728000,2026-08-10 01:02:08,12.83,17.97,14.61,20.81,19.7,19.66,427.85,371.54,315.74,,,,,,,,,,,,,
1786324077282,2026-08-10 01:07:57,12.82,17.77,14.6,20.84,20.62,19.7,427.85,371.54,315.74,,3616.0,42.943243243243245,,,,,,,,,,
1786327200000,2026-08-10 02:00:00,,,,,,,,,,,,,21.019500732421875,71.0,1012.9000244140624,15.559767723083496,0.0,2.620839357376098,195.94546508789065,0.0099999997764825,22.6195011138916,0.1000000014901161
1786327328000,2026-08-10 02:02:08,12.8,17.91,14.71,20.81,19.82,19.23,427.82,371.51,315.74,,,,,,,,,,,,,
1786330800000,2026-08-10 03:00:00,,,,,,,,,,,,,20.319499969482425,75.0,1012.7999877929688,15.742408752441406,0.0,4.349896430969238,204.4439392089844,0.0099999997764825,22.1195011138916,0.1000000014901161
1786330928000,2026-08-10 03:02:08,12.77,17.79,14.61,20.75,20.36,19.66,427.78,371.51,315.74,,,,,,,,,,,,,
1786334400000,2026-08-10 04:00:00,,,,,,,,,,,,,19.569499969482425,79.0,1012.5,15.828536987304688,0.0,4.452953815460205,194.0362701416016,0.0099999997764825,21.569499969482425,0.1000000014901161
1786334528000,2026-08-10 04:02:08,12.73,17.76,14.59,20.75,20.36,19.76,427.75,371.48,315.74,,,,,,,,,,,,,
1786338000000,2026-08-10 05:00:00,,,,,,,,,,,,,19.519500732421875,76.0,1012.2999877929688,15.17593479156494,0.0,6.214563369750977,190.00791931152344,0.0099999997764825,21.1195011138916,0.1000000014901161
1786338128000,2026-08-10 05:02:08,12.72,17.71,14.68,20.68,20.62,19.35,427.72,371.48,315.74,,,,,,,,,,,,,
1786341600000,2026-08-10 06:00:00,,,,,,,,,,,,,20.819499969482425,67.0,1012.2999877929688,14.46716594696045,0.0,6.725354194641113,195.524169921875,0.0299999993294477,21.6195011138916,0.1000000014901161
1786341728000,2026-08-10 06:02:08,12.64,17.72,14.64,20.68,20.42,19.54,427.65,371.45,315.74,,,,,,,,,,,,,
1786345200000,2026-08-10 07:00:00,,,,,,,,,,,,,22.719501495361328,58.0,1012.2000122070312,14.031596183776855,0.0,7.56856632232666,205.34613037109372,0.0700000077486038,22.91950035095215,0.0989999994635582
1786345328000,2026-08-10 07:02:08,12.58,17.65,14.55,20.62,20.46,19.76,427.58,371.38,315.71,,,,,,,,,,,,,
1786345677001,2026-08-10 07:07:57,12.58,17.78,14.56,20.62,19.85,19.73,427.58,371.38,315.71,,3621.0,43.57162162162162,,,,,,,,,,
1786348800000,2026-08-10 08:00:00,,,,,,,,,,,,,24.269500732421875,49.0,1012.4000244140624,12.87724494934082,0.0,10.464797019958496,220.8149871826172,0.0900000035762786,24.269500732421875,0.0989999994635582
1786348927000,2026-08-10 08:02:07,12.51,17.76,14.59,20.58,19.66,19.26,427.51,371.32,315.65,,,,,,,,,,,,,
1786352400000,2026-08-10 09:00:00,,,,,,,,,,,,,25.219501495361328,44.0,1012.5,12.10165786743164,0.0,13.27614402770996,257.47119140625,0.1099999994039535,25.069499969482425,0.0989999994635582
1786352528000,2026-08-10 09:02:08,12.44,17.55,14.47,20.58,20.2,19.48,427.45,371.22,315.59,,,,,,,,,,,,,
1786356000000,2026-08-10 10:00:00,,,,,,,,,,,,,25.519500732421875,42.0,1013.0,11.666511535644531,0.0,16.520822525024414,281.3099060058594,0.1400000154972076,26.1195011138916,0.0989999994635582
1786356128000,2026-08-10 10:02:08,12.36,17.43,14.29,20.58,20.2,19.85,427.38,371.1,315.5,,,,,,,,,,,,,
1786359600000,2026-08-10 11:00:00,,,,,,,,,,,,,24.66950035095215,49.0,1013.7000122070312,13.243853569030762,0.0,14.88241958618164,302.1522827148437,0.1299999952316284,26.519500732421875,0.0989999994635582
1786359728000,2026-08-10 11:02:08,12.27,17.38,14.16,20.62,19.85,19.79,427.31,370.97,315.38,,,,,,,,,,,,,
1786363200000,2026-08-10 12:00:00,,,,,,,,,,,,,24.269500732421875,54.0,1014.2000122070312,14.371500968933104,0.0,14.565547943115234,309.98681640625,0.1199999973177909,26.769500732421875,0.0979999974370002
1786363328000,2026-08-10 12:02:08,12.22,17.23,14.1,20.58,20.07,19.73,427.25,370.87,315.32,,,,,,,,,,,,,
1786366800000,2026-08-10 13:00:00,,,,,,,,,,,,,23.3695011138916,57.0,1015.0,14.370440483093262,0.0,16.831684112548828,318.46832275390625,0.1000000089406967,26.3695011138916,0.0979999974370002
1786366928000,2026-08-10 13:02:08,12.16,17.2,14.2,20.62,19.82,18.98,427.21,370.78,315.26,,,,,,,,,,,,,
1786367276719,2026-08-10 13:07:56,12.12,17.21,14.01,20.65,19.79,19.82,427.18,370.78,315.26,,3618.0,43.19459459459457,,,,,,,,,,
1786370400000,2026-08-10 14:00:00,,,,,,,,,,,,,22.91950035095215,57.0,1016.0,13.950303077697754,0.0,20.65847969055176,318.5323791503906,0.0900000035762786,25.6195011138916,0.0979999974370002
1786370528000,2026-08-10 14:02:08,12.07,16.96,14.0,20.68,20.33,19.38,427.14,370.65,315.17,,,,,,,,,,,,,
1786374000000,2026-08-10 15:00:00,,,,,,,,,,,,,22.769500732421875,54.0,1016.2000122070312,12.980239868164062,0.0,13.044721603393556,320.599365234375,0.0799999982118606,25.269500732421875,0.0979999974370002
1786374128000,2026-08-10 15:02:08,,,,20.68,20.26,19.35,427.04,370.49,315.08,,,,,,,,,,,,,
1786377600000,2026-08-10 16:00:00,,,,,,,,,,,,,23.219501495361328,53.0,1016.4000244140624,13.111044883728027,0.0,17.309974670410156,315.0000915527344,0.1000000089406967,25.819499969482425,0.0970000028610229
1786377728000,2026-08-10 16:02:08,11.92,16.66,13.67,20.71,20.42,19.92,427.01,370.36,314.99,,,,,,,,,,,,,
1786381200000,2026-08-10 17:00:00,,,,,,,,,,,,,22.819499969482425,52.0,1016.5,12.450222969055176,0.0,15.546833038330078,312.1843566894531,0.0799999982118606,25.219501495361328,0.0970000028610229
1786381328000,2026-08-10 17:02:08,11.82,16.52,13.62,20.81,20.65,19.79,426.94,370.27,314.93,,,,,,,,,,,,,
1786384800000,2026-08-10 18:00:00,,,,,,,,,,,,,21.069499969482425,59.0,1017.2000122070312,12.748233795166016,0.0,15.990646362304688,328.8150939941406,0.0500000044703483,23.969501495361328,0.0970000028610229
1786384928000,2026-08-10 18:02:08,11.78,16.67,13.55,20.84,19.66,19.79,426.91,370.2,314.87,,,,,,,,,,,,,
1786388400000,2026-08-10 19:00:00,,,,,,,,,,,,,19.6195011138916,65.0,1018.0,12.85999584197998,0.0,15.778517723083496,332.85040283203125,0.0199999995529651,22.41950035095215,0.0970000028610229
1786388528000,2026-08-10 19:02:08,11.73,16.42,13.6,20.84,20.68,19.57,426.87,370.17,314.87,,,,,,,,,,,,,
1786388877507,2026-08-10 19:07:57,11.74,16.54,13.55,20.81,20.11,19.79,426.87,370.17,314.87,,3618.0,43.19459459459457,,,,,,,,,,
1786392000000,2026-08-10 20:00:00,,,,,,,,,,,,,17.969501495361328,62.0,1018.7999877929688,10.582014083862305,0.0,12.101570129394531,329.6209411621094,0.0199999995529651,21.019500732421875,0.0970000028610229
1786392128000,2026-08-10 20:02:08,11.68,16.54,13.55,20.78,19.98,19.79,426.81,370.14,314.87,,,,,,,,,,,,,
1786395600000,2026-08-10 21:00:00,,,,,,,,,,,,,16.519500732421875,69.0,1019.7999877929688,10.811829566955566,0.0,14.2006196975708,329.5345153808594,0.0099999997764825,19.91950035095215,0.0970000028610229
1786395728000,2026-08-10 21:02:08,11.64,16.51,13.51,20.75,20.11,19.98,426.77,370.14,314.87,,,,,,,,,,,,,
1786399200000,2026-08-10 22:00:00,,,,,,,,,,,,,15.51949977874756,73.0,1020.5,10.699435234069824,0.0,11.090103149414062,324.2460327148437,0.0099999997764825,18.969501495361328,0.0970000028610229
1786399328000,2026-08-10 22:02:08,11.63,16.42,13.54,20.65,20.39,19.85,426.74,370.11,314.87,,,,,,,,,,,,,
1786402800000,2026-08-10 23:00:00,,,,,,,,,,,,,14.569499969482422,76.0,1021.0999755859376,10.386863708496094,0.0,8.714676856994629,308.2901916503906,0.0099999997764825,18.1195011138916,0.0970000028610229
1786402928000,2026-08-10 23:02:08,,,,20.58,20.42,19.79,426.67,370.08,314.87,,,,,,,,,,,,,
1786406400000,2026-08-11 00:00:00,,,,,,,,,,,,,13.76949977874756,75.0,1022.2000122070312,9.41536808013916,0.0,11.525623321533203,308.6598205566406,0.0099999997764825,17.41950035095215,0.0970000028610229
1786406528000,2026-08-11 00:02:08,11.54,16.36,13.64,20.55,20.39,19.41,426.64,370.05,314.87,,,,,,,,,,,,,
1786410000000,2026-08-11 01:00:00,,,,,,,,,,,,,13.169499397277832,77.0,1022.4000244140624,9.225890159606934,0.0,10.00903606414795,307.6943054199219,0.0099999997764825,16.719501495361328,0.0970000028610229
1786410128000,2026-08-11 01:02:08,11.48,16.49,13.81,20.46,19.82,18.64,426.57,370.05,314.87,,,,,,,,,,,,,
1786410477644,2026-08-11 01:07:57,11.49,16.32,13.5,20.42,20.39,20.01,426.57,370.01,314.87,,3616.0,42.943243243243245,,,,,,,,,,
1786413600000,2026-08-11 02:00:00,,,,,,,,,,,,,12.719499588012695,80.0,1022.9000244140624,9.356762886047363,0.0,8.049844741821289,280.3047790527344,0.0099999997764825,16.16950035095215,0.0970000028610229
1786413728000,2026-08-11 02:02:08,11.47,16.45,13.52,20.36,19.79,19.95,426.54,370.01,314.87,,,,,,,,,,,,,
1786417200000,2026-08-11 03:00:00,,,,,,,,,,,,,12.169499397277832,82.0,1023.4000244140624,9.187310218811035,0.0,7.56856632232666,272.72625732421875,0.0099999997764825,15.719499588012695,0.0970000028610229
1786417328000,2026-08-11 03:02:08,11.41,16.44,13.5,20.26,19.73,20.04,426.47,369.98,314.87,,,,,,,,,,,,,
1786420800000,2026-08-11 04:00:00,,,,,,,,,,,,,11.819499969482422,82.0,1023.7000122070312,8.845437049865723,0.0,7.559999465942383,270.0,0.0099999997764825,15.26949977874756,0.0970000028610229
1786420928000,2026-08-11 04:02:08,11.36,16.3,13.55,20.17,20.2,19.82,426.4,369.95,314.87,,,,,,,,,,,,,
1786424400000,2026-08-11 05:00:00,,,,,,,,,,,,,11.919499397277832,82.0,1024.199951171875,8.943117141723633,0.0,7.928177833557129,267.3974914550781,0.0099999997764825,15.01949977874756,0.0970000028610229
1786424528000,2026-08-11 05:02:08,11.35,16.23,13.5,20.04,20.39,20.04,426.37,369.92,314.87,,,,,,,,,,,,,
1786428000000,2026-08-11 06:00:00,,,,,,,,,,,,,13.319499969482422,75.0,1024.5999755859375,8.980484008789062,0.0,9.007196426391602,267.7094421386719,0.0199999995529651,15.76949977874756,0.0970000028610229
1786428128000,2026-08-11 06:02:08,11.29,16.54,13.67,19.98,18.86,19.29,426.3,369.89,314.87,,,,,,,,,,,,,
1786431600000,2026-08-11 07:00:00,,,,,,,,,,,,,15.319499969482422,66.0,1024.9000244140625,9.002961158752441,0.0,10.495713233947754,275.9060363769531,0.0500000044703483,17.319499969482422,0.0970000028610229
1786431728000,2026-08-11 07:02:08,11.21,16.16,13.46,19.82,20.26,19.88,426.2,369.82,314.81,,,,,,,,,,,,,
1786432077507,2026-08-11 07:07:57,11.21,16.24,13.57,19.82,19.76,19.41,426.2,369.79,314.81,,3595.0,40.30405405405407,,,,,,,,,,
1786435200000,2026-08-11 08:00:00,,,,,,,,,,,,,17.069499969482422,59.0,1025.4000244140625,8.994524955749512,0.0,11.918120384216309,295.016845703125,0.0799999982118606,19.219501495361328,0.0970000028610229
1786435327000,2026-08-11 08:02:07,11.15,16.08,13.53,19.73,20.23,19.41,426.13,369.73,314.78,,,,,,,,,,,,,
1786438800000,2026-08-11 09:00:00,,,,,,,,,,,,,18.269500732421875,48.0,1025.699951171875,7.0710225105285645,0.0,13.684735298156738,305.362548828125,0.1199999973177909,20.969501495361328,0.0970000028610229
1786438928000,2026-08-11 09:02:08,11.1,15.97,13.33,19.66,20.42,19.98,426.07,369.66,314.72,,,,,,,,,,,,,
1786442400000,2026-08-11 10:00:00,,,,,,,,,,,,,18.91950035095215,45.0,1025.699951171875,6.723019599914551,0.0,15.91346549987793,307.6476745605469,0.1299999952316284,21.8695011138916,0.096000000834465
1786442528000,2026-08-11 10:02:08,11.04,15.91,13.25,19.6,20.17,19.85,426.0,369.54,314.63,,,,,,,,,,,,,
1786446000000,2026-08-11 11:00:00,,,,,,,,,,,,,19.519500732421875,45.0,1025.699951171875,7.268390655517578,0.0,15.62997055053711,308.4537353515625,0.1199999973177909,22.069499969482425,0.096000000834465
1786446128000,2026-08-11 11:02:08,10.94,15.85,13.09,19.54,19.82,19.92,425.9,369.41,314.51,,,,,,,,,,,,,
1786449600000,2026-08-11 12:00:00,,,,,,,,,,,,,20.269500732421875,42.0,1025.9000244140625,6.939392566680908,0.0,17.848159790039062,311.7294311523437,0.1400000154972076,23.269500732421875,0.096000000834465
1786449728000,2026-08-11 12:02:08,10.86,15.64,12.98,19.54,20.07,19.79,425.83,369.25,314.39,,,,,,,,,,,,,
1786453200000,2026-08-11 13:00:00,,,,,,,,,,,,,21.769500732421875,38.0,1025.5999755859375,6.823720455169678,0.0,17.33989715576172,311.6334533691406,0.1599999964237213,24.519500732421875,0.0949999988079071
1786453328000,2026-08-11 13:02:08,,,,19.6,20.17,19.79,425.76,369.09,314.24,,,,,,,,,,,,,
1786453676790,2026-08-11 13:07:56,10.77,15.46,12.78,19.57,20.04,19.85,425.76,369.06,314.24,,3616.0,42.943243243243245,,,,,,,,,,
1786456800000,2026-08-11 14:00:00,,,,,,,,,,,,,21.969501495361328,33.0,1025.300048828125,4.95948600769043,0.0,13.246826171875,317.2026062011719,0.1599999964237213,25.069499969482425,0.0949999988079071
1786456928000,2026-08-11 14:02:08,10.71,15.35,12.67,19.66,19.95,19.7,425.73,368.93,314.12,,,,,,,,,,,,,
1786460400000,2026-08-11 15:00:00,,,,,,,,,,,,,21.969501495361328,34.0,1025.199951171875,5.388857364654541,0.0,12.031756401062012,321.07244873046875,0.1400000154972076,25.219501495361328,0.0949999988079071
1786460528000,2026-08-11 15:02:08,10.66,15.14,12.52,19.73,20.17,19.76,425.7,368.77,314.0,,,,,,,,,,,,,
1786464000000,2026-08-11 16:00:00,,,,,,,,,,,,,21.819499969482425,38.0,1025.0999755859375,6.868236064910889,0.0,9.220499038696287,321.3401794433594,0.1199999973177909,24.66950035095215,0.0939999967813491
1786464128000,2026-08-11 16:02:08,,,,19.85,19.95,19.73,425.66,368.61,313.88,,,,,,,,,,,,,
1786467600000,2026-08-11 17:00:00,,,,,,,,,,,,,21.069499969482425,36.0,1025.4000244140625,5.418788433074951,0.0,11.681986808776855,326.3099060058594,0.1000000089406967,23.6195011138916,0.0939999967813491
1786467728000,2026-08-11 17:02:08,10.53,15.07,12.24,19.95,19.35,19.85,425.63,368.52,313.79,,,,,,,,,,,,,
1786471200000,2026-08-11 18:00:00,,,,,,,,,,,,,20.219501495361328,35.0,1025.5,4.263531684875488,0.0,10.028438568115234,338.96240234375,0.0599999986588954,22.219501495361328,0.0939999967813491
1786471328000,2026-08-11 18:02:08,10.45,14.85,12.27,20.07,20.04,19.63,425.59,368.45,313.77,,,,,,,,,,,,,
1786474800000,2026-08-11 19:00:00,,,,,,,,,,,,,18.819499969482425,46.0,1025.800048828125,6.952367782592773,0.0,6.924737930297852,351.0274353027344,0.0299999993294477,20.719501495361328,0.0939999967813491
1786474928000,2026-08-11 19:02:08,10.45,14.87,12.26,20.07,19.82,19.66,425.59,368.42,313.77,,,,,,,,,,,,,
1786475277897,2026-08-11 19:07:57,10.45,14.99,12.27,20.07,19.26,19.63,425.59,368.42,313.77,,3621.0,43.57162162162162,,,,,,,,,,
1786478400000,2026-08-11 20:00:00,,,,,,,,,,,,,16.719501495361328,57.0,1026.4000244140625,8.156874656677246,0.0,9.44957160949707,342.2552185058594,0.0199999995529651,19.469501495361328,0.0930000022053718
1786478528000,2026-08-11 20:02:08,10.41,14.8,12.32,20.11,19.98,19.41,425.56,368.39,313.77,,,,,,,,,,,,,
1786482000000,2026-08-11 21:00:00,,,,,,,,,,,,,15.51949977874756,64.0,1026.9000244140625,8.737090110778809,0.0,7.56856632232666,2.726261138916016,0.0099999997764825,18.41950035095215,0.0930000022053718
1786482128000,2026-08-11 21:02:08,10.39,14.82,12.25,20.04,19.88,19.7,425.53,368.39,313.77,,,,,,,,,,,,,
1786485600000,2026-08-11 22:00:00,,,,,,,,,,,,,14.569499969482422,68.0,1027.4000244140625,8.730123519897461,0.0,7.2805495262146,8.530692100524902,0.0099999997764825,17.6195011138916,0.0930000022053718
1786485728000,2026-08-11 22:02:08,10.35,14.86,12.27,20.04,19.6,19.6,425.49,368.36,313.77,,,,,,,,,,,,,
1786489200000,2026-08-11 23:00:00,,,,,,,,,,,,,13.76949977874756,72.0,1027.9000244140625,8.809452056884766,0.0,5.804825305938721,7.124929904937744,0.0099999997764825,16.91950035095215,0.0930000022053718
1786489328000,2026-08-11 23:02:08,10.33,14.77,12.27,19.98,19.98,19.6,425.46,368.36,313.77,,,,,,,,,,,,,
1786492800000,2026-08-12 00:00:00,,,,,,,,,,,,,12.51949977874756,72.0,1028.199951171875,7.607157230377197,0.0,6.0346999168396,17.354122161865234,0.0099999997764825,16.069499969482422,0.0939999967813491
1786492928000,2026-08-12 00:02:08,10.31,14.85,12.27,19.92,19.51,19.63,425.43,368.33,313.77,,,,,,,,,,,,,
1786496400000,2026-08-12 01:00:00,,,,,,,,,,,,,12.01949977874756,74.0,1028.0,7.527117252349853,0.0,4.33497428894043,41.63344955444336,0.0099999997764825,15.469499588012695,0.0939999967813491
1786496528000,2026-08-12 01:02:08,10.24,14.78,12.26,19.85,19.79,19.66,425.36,368.33,313.77,,,,,,,,,,,,,
1786496877741,2026-08-12 01:07:57,10.25,14.83,12.27,19.82,19.6,19.63,425.36,368.33,313.77,,3616.0,42.943243243243245,,,,,,,,,,
1786500000000,2026-08-12 02:00:00,,,,,,,,,,,,,11.419499397277832,78.0,1028.199951171875,7.718438625335693,0.0,2.9024126529693604,60.25520706176758,0.0099999997764825,14.919499397277832,0.0939999967813491
1786500128000,2026-08-12 02:02:08,10.22,14.71,12.4,19.73,19.98,19.04,425.32,368.3,313.77,,,,,,,,,,,,,
1786503600000,2026-08-12 03:00:00,,,,,,,,,,,,,11.069499969482422,79.0,1028.5,7.565171718597412,0.0,3.5999999046325684,36.86999130249024,0.0099999997764825,14.369500160217283,0.0939999967813491
1786503728000,2026-08-12 03:02:08,10.19,14.7,12.27,19.6,20.01,19.6,425.26,368.3,313.77,,,,,,,,,,,,,
1786507200000,2026-08-12 04:00:00,,,,,,,,,,,,,10.469499588012695,82.0,1028.699951171875,7.526679039001465,0.0,3.219938039779663,63.43501281738281,0.0099999997764825,13.869500160217283,0.0939999967813491
1786507328000,2026-08-12 04:02:08,10.15,14.8,12.29,19.54,19.38,19.54,425.22,368.26,313.77,,,,,,,,,,,,,
1786510800000,2026-08-12 05:00:00,,,,,,,,,,,,,10.569499969482422,81.0,1028.699951171875,7.444518566131592,0.0,3.877318382263184,68.19853210449219,0.0099999997764825,13.669499397277832,0.0939999967813491
1786510928000,2026-08-12 05:02:08,10.12,14.6,12.23,19.41,20.17,19.63,425.16,368.23,313.74,,,,,,,,,,,,,
1786514400000,2026-08-12 06:00:00,,,,,,,,,,,,,11.919499397277832,74.0,1028.699951171875,7.430607318878174,0.0,5.154415607452393,77.90525817871094,0.0199999995529651,14.51949977874756,0.0939999967813491
1786514528000,2026-08-12 06:02:08,10.06,14.62,12.26,19.32,19.95,19.51,425.09,368.2,313.74,,,,,,,,,,,,,
1786518000000,2026-08-12 07:00:00,,,,,,,,,,,,,14.26949977874756,64.0,1028.800048828125,7.551657199859619,0.0,6.287129878997803,76.75946807861328,0.0399999991059303,16.219501495361328,0.0939999967813491
1786518128000,2026-08-12 07:02:08,10.01,14.62,12.19,19.16,19.79,19.79,425.02,368.17,313.74,,,,,,,,,,,,,
1786518478629,2026-08-12 07:07:58,10.01,14.62,12.25,19.16,19.79,19.54,425.02,368.17,313.74,,3613.0,42.566216216216205,,,,,,,,,,
1786521600000,2026-08-12 08:00:00,,,,,,,,,,,,,16.569499969482422,58.0,1028.699951171875,8.2727632522583,0.0,5.771238803863525,86.42374420166016,0.0700000077486038,18.469501495361328,0.0939999967813491
1786521728000,2026-08-12 08:02:08,10.01,14.49,12.18,19.04,20.07,19.54,424.99,368.1,313.68,,,,,,,,,,,,,
1786525200000,2026-08-12 09:00:00,,,,,,,,,,,,,18.6195011138916,52.0,1028.9000244140625,8.569067001342773,0.0,5.411986351013184,93.81400299072266,0.1099999994039535,20.91950035095215,0.0939999967813491
1786525328000,2026-08-12 09:02:08,9.93,14.5,12.13,19.01,19.76,19.57,424.92,368.04,313.65,,,,,,,,,,,,,
1786528800000,2026-08-12 10:00:00,,,,,,,,,,,,,20.319499969482425,47.0,1028.699951171875,8.636749267578125,0.0,4.802999019622803,102.99462127685548,0.1400000154972076,23.16950035095215,0.0939999967813491
1786528928000,2026-08-12 10:02:08,9.91,14.55,12.05,18.98,19.26,19.6,424.89,367.98,313.59,,,,,,,,,,,,,
1786532400000,2026-08-12 11:00:00,,,,,,,,,,,,,21.819499969482425,42.0,1028.300048828125,8.336012840270996,0.0,4.0249223709106445,100.3047866821289,0.1700000017881393,25.069499969482425,0.0930000022053718
1786532528000,2026-08-12 11:02:08,9.8,14.31,11.89,18.95,19.6,19.51,424.79,367.82,313.44,,,,,,,,,,,,,
1786536000000,2026-08-12 12:00:00,,,,,,,,,,,,,23.069499969482425,39.0,1028.0,8.363480567932129,0.0,4.33497428894043,94.76355743408205,0.1800000071525573,26.519500732421875,0.0930000022053718
1786536128000,2026-08-12 12:02:08,9.72,14.26,11.72,18.92,19.1,19.48,424.72,367.66,313.29,,,,,,,,,,,,,
1786539600000,2026-08-12 13:00:00,,,,,,,,,,,,,23.969501495361328,37.0,1027.800048828125,8.387299537658691,0.0,4.679999828338623,90.0,0.1800000071525573,27.569499969482425,0.0920000001788139
1786539728000,2026-08-12 13:02:08,9.65,14.01,11.57,19.07,19.48,19.48,424.69,367.5,313.17,,,,,,,,,,,,,
1786540077289,2026-08-12 13:07:57,9.65,14.09,11.58,19.07,19.01,19.29,424.69,367.47,313.14,,3595.0,40.30405405405407,,,,,,,,,,
1786543200000,2026-08-12 14:00:00,,,,,,,,,,,,,24.66950035095215,34.0,1027.5999755859375,7.760055065155029,0.0,5.804825305938721,82.87508392333984,0.1599999964237213,28.069499969482425,0.0920000001788139
1786543328000,2026-08-12 14:02:08,9.56,13.75,11.38,19.26,19.79,19.48,424.65,367.31,313.02,,,,,,,,,,,,,
1786546800000,2026-08-12 15:00:00,,,,,,,,,,,,,24.969501495361328,33.0,1027.300048828125,7.584818840026855,0.0,7.421589851379394,75.96372985839844,0.1500000059604644,28.019500732421875,0.0920000001788139
1786546928000,2026-08-12 15:02:08,9.53,13.64,11.19,19.38,19.57,19.66,424.65,367.15,312.9,,,,,,,,,,,,,
1786550400000,2026-08-12 16:00:00,,,,,,,,,,,,,24.91950035095215,33.0,1027.0999755859375,7.541093349456787,0.0,9.028754234313965,66.50141906738281,0.1199999973177909,27.269500732421875,0.090999998152256
1786550528000,2026-08-12 16:02:08,9.45,13.5,11.03,19.57,19.44,19.7,424.62,366.99,312.78,,,,,,,,,,,,,
1786554000000,2026-08-12 17:00:00,,,,,,,,,,,,,24.519500732421875,30.0,1027.0,5.805766582489014,0.0,8.759178161621094,80.53775024414062,0.1000000089406967,26.019500732421875,0.090999998152256
1786554128000,2026-08-12 17:02:08,,,,19.76,19.04,19.41,424.62,366.87,312.72,,,,,,,,,,,,,
1786557600000,2026-08-12 18:00:00,,,,,,,,,,,,,23.719501495361328,38.0,1027.0,8.559097290039062,0.0,8.825508117675781,78.23173522949219,0.0500000044703483,24.569499969482425,0.090999998152256
1786557728000,2026-08-12 18:02:08,9.38,13.3,10.95,19.85,19.6,19.57,424.62,366.83,312.69,,,,,,,,,,,,,
1786561200000,2026-08-12 19:00:00,,,,,,,,,,,,,21.219501495361328,42.0,1027.300048828125,7.795485019683838,0.0,7.2805495262146,98.53068542480467,0.0299999993294477,22.969501495361328,0.0900000035762786
1786561328000,2026-08-12 19:02:08,9.35,13.33,11.15,19.95,19.48,18.76,424.62,366.83,312.69,,,,,,,,,,,,,
1786561677497,2026-08-12 19:07:57,9.35,13.39,11.0,19.95,19.23,19.38,424.62,366.83,312.69,,3618.0,43.19459459459457,,,,,,,,,,
1786564800000,2026-08-12 20:00:00,,,,,,,,,,,,,19.019500732421875,53.0,1027.300048828125,9.221564292907717,0.0,6.569382667541504,99.46224975585938,0.0199999995529651,21.3695011138916,0.0900000035762786
1786564928000,2026-08-12 20:02:08,9.35,13.4,11.01,19.98,19.16,19.35,424.62,366.83,312.69,,,,,,,,,,,,,
1786568400000,2026-08-12 21:00:00,,,,,,,,,,,,,17.519500732421875,57.0,1027.5999755859375,8.904923439025879,0.0,6.130578994750977,86.63361358642578,0.0099999997764825,20.16950035095215,0.0900000035762786
1786568528000,2026-08-12 21:02:08,9.35,13.34,10.99,19.98,19.44,19.41,424.62,366.83,312.69,,,,,,,,,,,,,
1786572000000,2026-08-12 22:00:00,,,,,,,,,,,,,16.3695011138916,59.0,1027.699951171875,8.337260246276855,0.0,6.489992141723633,93.17977142333984,0.0099999997764825,19.219501495361328,0.0900000035762786
1786572128000,2026-08-12 22:02:08,9.31,13.35,11.01,19.92,19.41,19.35,424.58,366.83,312.69,,,,,,,,,,,,,
1786575600000,2026-08-12 23:00:00,,,,,,,,,,,,,15.669499397277832,62.0,1027.9000244140625,8.409823417663574,0.0,5.804825305938721,97.12492370605467,0.0099999997764825,18.469501495361328,0.0900000035762786
1786575728000,2026-08-12 23:02:08,9.3,13.34,10.99,19.85,19.44,19.41,424.55,366.83,312.69,,,,,,,,,,,,,
1786579200000,2026-08-13 00:00:00,,,,,,,,,,,,,14.51949977874756,65.0,1027.699951171875,8.016693115234375,0.0,6.130578994750977,93.36639404296876,0.0099999997764825,17.66950035095215,0.0920000001788139
1786579328000,2026-08-13 00:02:08,9.27,13.4,10.98,19.82,19.16,19.44,424.52,366.83,312.69,,,,,,,,,,,,,
1786582800000,2026-08-13 01:00:00,,,,,,,,,,,,,13.669499397277832,70.0,1027.800048828125,8.297149658203125,0.0,6.569382667541504,99.46224975585938,0.0099999997764825,17.019500732421875,0.0920000001788139
1786582928000,2026-08-13 01:02:08,9.23,13.32,11.03,19.76,19.38,19.26,424.48,366.8,312.69,,,,,,,,,,,,,
1786583277165,2026-08-13 01:07:57,9.23,13.21,11.01,19.76,19.85,19.35,424.48,366.8,312.69,,3616.0,42.943243243243245,,,,,,,,,,
1786586400000,2026-08-13 02:00:00,,,,,,,,,,,,,13.169499397277832,73.0,1027.300048828125,8.435850143432617,0.0,6.214563369750977,100.00791931152344,0.0099999997764825,16.469501495361328,0.0920000001788139
1786586528000,2026-08-13 02:02:08,9.22,13.37,11.04,19.66,19.16,19.35,424.45,366.8,312.72,,,,,,,,,,,,,
1786590000000,2026-08-13 03:00:00,,,,,,,,,,,,,12.719499588012695,74.0,1027.199951171875,8.202643394470215,0.0,6.725354194641113,105.52417755126952,0.0099999997764825,15.969499588012695,0.0920000001788139
1786590128000,2026-08-13 03:02:08,9.17,13.26,11.11,19.54,19.51,19.07,424.38,366.77,312.72,,,,,,,,,,,,,
1786593600000,2026-08-13 04:00:00,,,,,,,,,,,,,12.369500160217283,75.0,1027.300048828125,8.0623140335083,0.0,6.214563369750977,100.00791931152344,0.0099999997764825,15.51949977874756,0.0920000001788139
1786593728000,2026-08-13 04:02:08,9.15,13.21,11.04,19.48,19.73,19.38,424.35,366.77,312.72,,,,,,,,,,,,,
1786597200000,2026-08-13 05:00:00,,,,,,,,,,,,,12.76949977874756,74.0,1027.5,8.25089168548584,0.0,6.830519199371338,108.43504333496094,0.0099999997764825,15.319499969482422,0.0920000001788139
1786597328000,2026-08-13 05:02:08,9.1,13.29,11.04,19.35,19.26,19.35,424.28,366.74,312.72,,,,,,,,,,,,,
1786600800000,2026-08-13 06:00:00,,,,,,,,,,,,,14.569499969482422,68.0,1027.4000244140625,8.730123519897461,0.0,7.2805495262146,98.53068542480467,0.0299999993294477,16.069499969482422,0.0920000001788139
1786600928000,2026-08-13 06:02:08,9.08,13.31,11.3,19.29,19.04,18.12,424.25,366.71,312.69,,,,,,,,,,,,,
1786604400000,2026-08-13 07:00:00,,,,,,,,,,,,,17.569499969482422,59.0,1027.5,9.46393585205078,0.0,7.993297576904297,97.76508331298828,0.0500000044703483,17.819499969482422,0.0920000001788139
1786604528000,2026-08-13 07:02:08,9.02,13.16,10.96,19.2,19.54,19.38,424.18,366.68,312.66,,,,,,,,,,,,,
1786604877043,2026-08-13 07:07:57,9.03,13.25,10.95,19.16,19.16,19.41,424.18,366.68,312.66,,3613.0,42.566216216216205,,,,,,,,,,
1786608000000,2026-08-13 08:00:00,,,,,,,,,,,,,20.6195011138916,52.0,1027.199951171875,10.41783332824707,0.0,8.20926284790039,105.2551727294922,0.0900000035762786,20.219501495361328,0.0920000001788139
1786608127000,2026-08-13 08:02:07,9.0,13.19,10.92,19.13,19.1,19.38,424.15,366.61,312.63,,,,,,,,,,,,,
1786611600000,2026-08-13 09:00:00,,,,,,,,,,,,,23.269500732421875,44.0,1027.199951171875,10.337075233459473,0.0,10.163227081298828,112.93213653564452,0.1400000154972076,22.769500732421875,0.090999998152256
1786611728000,2026-08-13 09:02:08,8.97,13.14,10.87,19.07,19.04,19.44,424.11,366.55,312.6,,,,,,,,,,,,,
1786615200000,2026-08-13 10:00:00,,,,,,,,,,,,,25.41950035095215,37.0,1027.0999755859375,9.672590255737305,0.0,12.39780616760254,115.8209457397461,0.1800000071525573,25.019500732421875,0.090999998152256
1786615328000,2026-08-13 10:02:08,8.9,13.01,10.78,19.04,19.16,19.35,424.05,366.45,312.51,,,,,,,,,,,,,
1786618800000,2026-08-13 11:00:00,,,,,,,,,,,,,26.8695011138916,32.0,1026.5999755859375,8.789161682128906,0.0,13.584932327270508,122.0053482055664,0.2000000178813934,26.819499969482425,0.090999998152256
1786618928000,2026-08-13 11:02:08,8.78,12.77,10.58,19.04,19.54,19.41,423.95,366.3,312.36,,,,,,,,,,,,,
1786622400000,2026-08-13 12:00:00,,,,,,,,,,,,,27.969501495361328,28.0,1025.9000244140625,7.770063877105713,0.0,12.904882431030272,120.14130401611328,0.2100000232458114,28.219501495361328,0.0900000035762786
1786622528000,2026-08-13 12:02:08,8.69,12.68,10.47,19.07,19.07,19.23,423.88,366.11,312.24,,,,,,,,,,,,,
1786626000000,2026-08-13 13:00:00,,,,,,,,,,,,,28.769500732421875,27.0,1025.199951171875,7.919253349304199,0.0,12.72792148590088,118.7397003173828,0.1899999976158142,29.219501495361328,0.0900000035762786
1786626128000,2026-08-13 13:02:08,8.62,12.52,10.6,19.16,18.92,18.06,423.84,365.92,312.12,,,,,,,,,,,,,
1786626476843,2026-08-13 13:07:56,,,,19.2,19.51,19.35,423.84,365.88,312.09,,3600.0,40.93243243243244,,,,,,,,,,
1786629600000,2026-08-13 14:00:00,,,,,,,,,,,,,29.3695011138916,26.0,1024.5,7.874727725982666,0.0,12.72792148590088,118.7397003173828,0.1800000071525573,29.769500732421875,0.0890000015497207
1786629728000,2026-08-13 14:02:08,,,,19.38,19.57,19.26,423.81,365.72,312.0,,,,,,,,,,,,,
1786633200000,2026-08-13 15:00:00,,,,,,,,,,,,,29.6195011138916,23.0,1024.0,6.294696807861328,0.0,13.044723510742188,117.97938537597656,0.1599999964237213,29.769500732421875,0.0890000015497207
1786633328000,2026-08-13 15:02:08,8.48,12.17,10.0,19.6,18.86,19.35,423.81,365.57,311.89,,,,,,,,,,,,,
1786636800000,2026-08-13 16:00:00,,,,,,,,,,,,,29.3695011138916,25.0,1023.5999755859376,7.299601078033447,0.0,12.879752159118652,116.5649871826172,0.1299999952316284,29.219501495361328,0.0890000015497207
1786636928000,2026-08-13 16:02:08,8.4,12.01,9.92,19.76,18.82,19.23,423.78,365.41,311.8,,,,,,,,,,,,,
1786640400000,2026-08-13 17:00:00,,,,,,,,,,,,,28.769500732421875,26.0,1023.4000244140624,7.365589141845703,0.0,11.298495292663574,112.47947692871094,0.1000000089406967,28.219501495361328,0.0879999995231628
1786640528000,2026-08-13 17:02:08,8.35,11.87,9.74,19.95,18.98,19.48,423.78,365.31,311.71,,,,,,,,,,,,,
1786644000000,2026-08-13 18:00:00,,,,,,,,,,,,,27.269500732421875,29.0,1023.0999755859376,7.684322357177734,0.0,8.90590763092041,104.03627014160156,0.0599999986588954,26.819499969482425,0.0879999995231628
1786644128000,2026-08-13 18:02:08,8.32,11.7,9.75,20.07,19.41,19.29,423.78,365.25,311.68,,,,,,,,,,,,,
1786647600000,2026-08-13 19:00:00,,,,,,,,,,,,,23.969501495361328,37.0,1023.0,8.387299537658691,0.0,9.064568519592283,96.84268188476562,0.0299999993294477,25.069499969482425,0.0879999995231628
1786647728000,2026-08-13 19:02:08,8.29,11.79,9.75,20.2,19.04,19.29,423.78,365.25,311.68,,,,,,,,,,,,,
1786648077537,2026-08-13 19:07:57,8.29,11.76,9.78,20.2,19.16,19.16,423.78,365.25,311.68,,3621.0,43.57162162162162,,,,,,,,,,
1786651200000,2026-08-13 20:00:00,,,,,,,,,,,,,21.769500732421875,39.0,1022.9000244140624,7.202879428863525,0.0,8.825508117675781,101.7682647705078,0.0299999993294477,23.3695011138916,0.0869999974966049
1786651328000,2026-08-13 20:02:08,,,,20.23,19.54,19.26,423.78,365.28,311.68,,,,,,,,,,,,,
1786654800000,2026-08-13 21:00:00,,,,,,,,,,,,,19.969501495361328,47.0,1022.7999877929688,8.317095756530762,0.0,9.346142768859863,105.6423110961914,0.0299999993294477,22.1195011138916,0.0869999974966049
1786654928000,2026-08-13 21:02:08,8.29,11.66,9.81,20.2,19.73,19.04,423.78,365.28,311.68,,,,,,,,,,,,,
1786658400000,2026-08-13 22:00:00,,,,,,,,,,,,,18.819499969482425,50.0,1022.7000122070312,8.174830436706543,0.0,9.227523803710938,110.55612182617188,0.0199999995529651,21.069499969482425,0.0869999974966049
1786658528000,2026-08-13 22:02:08,8.28,11.66,9.8,20.23,19.73,19.23,423.78,365.28,311.71,,,,,,,,,,,,,
1786662000000,2026-08-13 23:00:00,,,,,,,,,,,,,17.8695011138916,50.0,1022.5999755859376,7.300367832183838,0.0,8.766572952270508,109.17910766601562,0.0199999995529651,20.269500732421875,0.0869999974966049
1786662128000,2026-08-13 23:02:08,8.25,11.65,9.78,20.17,19.79,19.32,423.74,365.28,311.71,,,,,,,,,,,,,
1786665600000,2026-08-14 00:00:00,,,,,,,,,,,,,17.41950035095215,52.0,1022.2999877929688,7.459284782409668,0.0,9.107358932495115,108.43504333496094,0.0199999995529651,19.8695011138916,0.0900000035762786
1786665728000,2026-08-14 00:02:08,8.23,11.78,9.8,20.11,19.23,19.23,423.71,365.28,311.71,,,,,,,,,,,,,
1786669200000,2026-08-14 01:00:00,,,,,,,,,,,,,16.819499969482422,51.0,1021.7000122070312,6.621373653411865,0.0,8.225034713745117,113.19861602783205,0.0199999995529651,19.16950035095215,0.0900000035762786
1786669328000,2026-08-14 01:02:08,8.22,11.75,9.79,20.01,19.35,19.29,423.68,365.28,311.71,,,,,,,,,,,,,
1786669678438,2026-08-14 01:07:58,8.2,11.65,9.79,20.07,19.76,19.29,423.68,365.28,311.71,,3616.0,42.943243243243245,,,,,,,,,,
1786672800000,2026-08-14 02:00:00,,,,,,,,,,,,,15.819499969482422,55.0,1021.5,6.793592929840088,0.0,6.7637858390808105,115.20108795166016,0.0199999995529651,18.519500732421875,0.0900000035762786
1786672928000,2026-08-14 02:02:08,8.18,11.63,9.8,19.98,19.88,19.26,423.64,365.28,311.71,,,,,,,,,,,,,
1786676400000,2026-08-14 03:00:00,,,,,,,,,,,,,14.869500160217283,59.0,1021.2999877929688,6.928459644317627,0.0,6.952754497528076,111.25057983398438,0.0099999997764825,17.8695011138916,0.0900000035762786
1786676528000,2026-08-14 03:02:08,8.13,11.76,9.89,19.88,19.32,18.86,423.58,365.28,311.71,,,,,,,,,,,,,
1786680000000,2026-08-14 04:00:00,,,,,,,,,,,,,14.26949977874756,62.0,1021.0,7.087093830108643,0.0,6.830519199371338,108.43504333496094,0.0099999997764825,17.319499969482422,0.0900000035762786
1786680128000,2026-08-14 04:02:08,8.1,11.63,9.77,19.82,19.85,19.35,423.54,365.28,311.71,,,,,,,,,,,,,
1786683600000,2026-08-14 05:00:00,,,,,,,,,,,,,14.369500160217283,63.0,1020.7000122070312,7.415672779083252,0.0,7.289443969726562,110.2249526977539,0.0099999997764825,16.969501495361328,0.0900000035762786
1786683728000,2026-08-14 05:02:08,8.09,11.64,9.8,19.7,19.7,19.23,423.51,365.25,311.71,,,,,,,,,,,,,
1786687200000,2026-08-14 06:00:00,,,,,,,,,,,,,16.1195011138916,59.0,1020.4000244140624,8.102494239807129,0.0,7.754636764526367,111.80147552490234,0.0299999993294477,17.569499969482422,0.0890000015497207
1786687328000,2026-08-14 06:02:08,8.03,11.93,9.8,19.6,18.33,19.23,423.44,365.22,311.71,,,,,,,,,,,,,
1786690800000,2026-08-14 07:00:00,,,,,,,,,,,,,18.969501495361328,52.0,1020.0,8.892678260803223,0.0,9.021574020385742,118.61036682128906,0.0500000044703483,19.16950035095215,0.0890000015497207
1786690928000,2026-08-14 07:02:08,8.01,11.66,9.7,19.54,19.35,19.32,423.41,365.19,311.65,,,,,,,,,,,,,
1786691277294,2026-08-14 07:07:57,8.01,11.63,9.68,19.54,19.29,19.44,423.41,365.15,311.65,,3618.0,43.19459459459457,,,,,,,,,,
1786694400000,2026-08-14 08:00:00,,,,,,,,,,,,,22.1195011138916,45.0,1019.7000122070312,9.630328178405762,0.0,9.08598804473877,123.69010162353516,0.0799999982118606,21.519500732421875,0.0890000015497207
1786694528000,2026-08-14 08:02:08,7.94,11.63,9.75,19.48,19.16,18.98,423.34,365.12,311.62,,,,,,,,,,,,,
1786698000000,2026-08-14 09:00:00,,,,,,,,,,,,,25.319499969482425,39.0,1019.4000244140624,10.370729446411133,0.0,9.0,126.86998748779295,0.1199999973177909,24.16950035095215,0.0890000015497207
1786698128000,2026-08-14 09:02:08,7.92,11.42,9.61,19.41,19.76,19.41,423.31,365.06,311.59,,,,,,,,,,,,,
1786701600000,2026-08-14 10:00:00,,,,,,,,,,,,,28.1195011138916,33.0,1018.9000244140624,10.337321281433104,0.0,9.5042724609375,142.6959686279297,0.1599999964237213,26.8695011138916,0.0890000015497207
1786701728000,2026-08-14 10:02:08,7.84,11.32,9.5,19.38,19.73,19.54,423.24,364.96,311.53,,,,,,,,,,,,,
1786705200000,2026-08-14 11:00:00,,,,,,,,,,,,,30.3695011138916,29.0,1018.2999877929688,10.349166870117188,0.0,8.707237243652344,150.2552032470703,0.1800000071525573,29.219501495361328,0.0879999995231628
1786705328000,2026-08-14 11:02:08,7.73,11.17,9.41,19.35,19.54,19.29,423.14,364.77,311.41,,,,,,,,,,,,,
1786708800000,2026-08-14 12:00:00,,,,,,,,,,,,,32.11949920654297,26.0,1017.5999755859376,10.206011772155762,0.0,8.049844741821289,153.4350128173828,0.1899999976158142,31.16950035095215,0.0879999995231628
1786708928000,2026-08-14 12:02:08,7.64,10.92,9.25,19.38,19.7,19.29,423.07,364.58,311.29,,,,,,,,,,,,,
1786712400000,2026-08-14 13:00:00,,,,,,,,,,,,,33.16950225830078,26.0,1016.9000244140624,11.095155715942385,0.0,8.145870208740234,135.00010681152344,0.1800000071525573,32.61949920654297,0.0879999995231628
1786712528000,2026-08-14 13:02:08,7.52,10.86,9.12,19.51,19.1,19.2,423.0,364.39,311.17,,,,,,,,,,,,,
1786712876903,2026-08-14 13:07:56,,,,19.6,19.23,19.32,423.0,364.39,311.17,,3618.0,43.19459459459457,,,,,,,,,,
1786716000000,2026-08-14 14:00:00,,,,,,,,,,,,,34.06949996948242,19.0,1016.2000122070312,7.186529159545898,0.0,9.007196426391602,182.29055786132807,0.1599999964237213,33.41950225830078,0.0869999974966049
1786716128000,2026-08-14 14:02:08,7.42,10.72,8.99,19.73,19.04,19.26,422.97,364.24,311.08,,,,,,,,,,,,,
1786719600000,2026-08-14 15:00:00,,,,,,,,,,,,,34.46950149536133,19.0,1015.4000244140624,7.512641429901123,0.0,7.771330833435059,166.60748291015625,0.1400000154972076,33.519500732421875,0.0869999974966049
1786719728000,2026-08-14 15:02:08,7.37,10.39,8.86,19.95,19.7,19.29,422.97,364.08,310.99,,,,,,,,,,,,,
1786723200000,2026-08-14 16:00:00,,,,,,,,,,,,,34.06949996948242,17.0,1014.7000122070312,5.57123327255249,0.0,8.759178161621094,189.46224975585935,0.1199999973177909,32.86949920654297,0.0869999974966049
1786723328000,2026-08-14 16:02:08,7.3,10.25,8.72,20.2,19.7,19.38,422.97,363.95,310.9,,,,,,,,,,,,,
1786726800000,2026-08-14 17:00:00,,,,,,,,,,,,,33.36949920654297,22.0,1014.2999877929688,8.7671480178833,0.0,8.287821769714355,145.61959838867188,0.0900000035762786,31.719501495361328,0.0860000029206276
1786726928000,2026-08-14 17:02:08,7.33,10.14,8.65,20.42,19.73,19.38,423.04,363.86,310.84,,,,,,,,,,,,,
1786730400000,2026-08-14 18:00:00,,,,,,,,,,,,,31.319499969482425,24.0,1014.0999755859376,8.341809272766113,0.0,6.618518829345703,135.00010681152344,0.0500000044703483,30.069499969482425,0.0860000029206276
1786730528000,2026-08-14 18:02:08,,,,20.62,20.17,19.23,423.07,363.83,310.81,,,,,,,,,,,,,
1786734000000,2026-08-14 19:00:00,,,,,,,,,,,,,26.91950035095215,40.0,1014.0999755859376,12.18138313293457,0.0,6.696386814117432,126.2539291381836,0.0299999993294477,28.019500732421875,0.0860000029206276
1786734128000,2026-08-14 19:02:08,7.28,10.29,8.61,20.75,19.1,19.51,423.07,363.86,310.84,,,,,,,,,,,,,
1786734477003,2026-08-14 19:07:57,7.28,10.26,8.67,20.75,19.23,19.29,423.07,363.86,310.84,,3616.0,42.943243243243245,,,,,,,,,,
1786737600000,2026-08-14 20:00:00,,,,,,,,,,,,,24.41950035095215,40.0,1014.0999755859376,9.945768356323242,0.0,7.289444923400879,122.90524291992188,0.0199999995529651,26.1195011138916,0.0860000029206276
1786737728000,2026-08-14 20:02:08,7.32,10.18,8.67,20.81,19.73,19.29,423.11,363.89,310.84,,,,,,,,,,,,,
1786741200000,2026-08-14 21:00:00,,,,,,,,,,,,,22.66950035095215,38.0,1013.9000244140624,7.624842166900635,0.0,6.989935874938965,124.50858306884766,0.0299999993294477,24.719501495361328,0.0850000008940696
1786741328000,2026-08-14 21:02:08,7.22,10.08,8.71,20.84,20.26,19.29,423.04,363.92,310.87,,,,,,,,,,,,,
1786744800000,2026-08-14 22:00:00,,,,,,,,,,,,,21.219501495361328,42.0,1013.7999877929688,7.795485019683838,0.0,6.297428131103516,120.96368408203124,0.0199999995529651,23.569499969482425,0.0850000008940696
1786744928000,2026-08-14 22:02:08,7.22,10.34,8.69,20.84,19.32,19.38,423.04,363.95,310.87,,,,,,,,,,,,,
1786748400000,2026-08-14 23:00:00,,,,,,,,,,,,,20.069499969482425,45.0,1013.5999755859376,7.768214225769043,0.0,4.829906940460205,116.5649871826172,0.0199999995529651,22.66950035095215,0.0850000008940696
1786748528000,2026-08-14 23:02:08,7.27,10.31,8.72,20.81,19.44,19.23,423.07,363.95,310.87,,,,,,,,,,,,,
1786752000000,2026-08-15 00:00:00,,,,,,,,,,,,,17.91950035095215,69.0,1013.5,12.150778770446776,0.0,4.198285102844238,120.96369171142578,0.0199999995529651,21.519500732421875,0.0879999995231628
1786752128000,2026-08-15 00:02:08,7.24,10.36,8.66,20.78,19.38,19.48,423.04,363.98,310.87,,,,,,,,,,,,,
1786755600000,2026-08-15 01:00:00,,,,,,,,,,,,,16.91950035095215,71.0,1012.9000244140624,11.626296043395996,0.0,4.582051753997803,135.00010681152344,0.0199999995529651,20.769500732421875,0.0869999974966049
1786755728000,2026-08-15 01:02:08,7.2,10.22,8.7,20.75,19.95,19.32,423.0,363.98,310.87,,,,,,,,,,,,,
1786756076801,2026-08-15 01:07:56,7.21,10.18,8.75,20.71,20.11,19.29,423.0,363.98,310.9,,3584.0,38.921621621621625,,,,,,,,,,
1786759200000,2026-08-15 02:00:00,,,,,,,,,,,,,16.719501495361328,72.0,1012.7999877929688,11.645971298217772,0.0,3.976329803466797,174.8056640625,0.0099999997764825,20.019500732421875,0.0869999974966049
1786759328000,2026-08-15 02:02:08,7.18,10.18,8.73,20.68,20.11,19.35,422.97,363.98,310.9,,,,,,,,,,,,,
1786762800000,2026-08-15 03:00:00,,,,,,,,,,,,,17.1195011138916,72.0,1013.0,12.030488014221191,0.0,4.510787010192871,241.3896331787109,0.0099999997764825,19.519500732421875,0.0869999974966049
1786762928000,2026-08-15 03:02:08,7.17,10.21,8.71,20.58,19.98,19.44,422.94,363.98,310.9,,,,,,,,,,,,,
1786766400000,2026-08-15 04:00:00,,,,,,,,,,,,,16.66950035095215,78.0,1013.0999755859376,12.815299987792969,0.0,5.091168403625488,261.8699951171875,0.0099999997764825,19.1195011138916,0.0869999974966049
1786766528000,2026-08-15 04:02:08,7.23,10.25,8.72,20.49,20.01,19.38,422.97,364.02,310.9,,,,,,,,,,,,,
1786770000000,2026-08-15 05:00:00,,,,,,,,,,,,,17.069499969482422,79.0,1013.5,13.39892578125,0.0,8.66994857788086,274.7635498046875,0.0099999997764825,18.91950035095215,0.0869999974966049
1786770128000,2026-08-15 05:02:08,,,,20.42,19.7,19.29,422.87,364.02,310.9,,,,,,,,,,,,,
1786773600000,2026-08-15 06:00:00,,,,,,,,,,,,,18.819499969482425,72.0,1013.9000244140624,13.66441822052002,0.0,8.654986381530762,286.9275817871094,0.0299999993294477,19.6195011138916,0.0869999974966049
1786773728000,2026-08-15 06:02:08,7.1,10.21,8.69,20.36,19.98,19.51,422.84,363.98,310.9,,,,,,,,,,,,,
1786777200000,2026-08-15 07:00:00,,,,,,,,,,,,,21.3695011138916,58.0,1014.0,12.768208503723145,0.0,7.787990570068359,303.6900939941406,0.0700000077486038,21.219501495361328,0.0869999974966049
1786777328000,2026-08-15 07:02:08,7.03,10.14,8.68,20.3,20.14,19.41,422.77,363.95,310.87,,,,,,,,,,,,,
1786777676543,2026-08-15 07:07:56,7.04,10.17,8.69,20.26,20.01,19.38,422.77,363.95,310.87,,3618.0,43.19459459459457,,,,,,,,,,
1786780800000,2026-08-15 08:00:00,,,,,,,,,,,,,23.8695011138916,50.0,1014.0999755859376,12.818968772888184,0.0,6.989935874938965,304.5085754394531,0.1099999994039535,23.3695011138916,0.0869999974966049
1786780927000,2026-08-15 08:02:07,7.01,10.25,8.74,20.23,19.41,19.01,422.74,363.89,310.84,,,,,,,,,,,,,
1786784400000,2026-08-15 09:00:00,,,,,,,,,,,,,26.469501495361328,43.0,1013.7999877929688,12.88015079498291,0.0,6.193674087524414,305.5377502441406,0.1599999964237213,25.719501495361328,0.0869999974966049
1786784528000,2026-08-15 09:02:08,6.98,10.19,8.63,20.17,19.41,19.44,422.7,363.83,310.84,,,,,,,,,,,,,
1786788000000,2026-08-15 10:00:00,,,,,,,,,,,,,28.519500732421875,42.0,1013.7999877929688,14.363442420959473,0.0,8.21715259552002,298.8106994628906,0.2000000178813934,28.019500732421875,0.0860000029206276
1786788128000,2026-08-15 10:02:08,6.91,9.99,8.56,20.14,19.79,19.41,422.64,363.73,310.78,,,,,,,,,,,,,
1786791600000,2026-08-15 11:00:00,,,,,,,,,,,,,28.91950035095215,46.0,1014.2000122070312,16.141611099243164,0.0,15.192682266235352,306.326904296875,0.1899999976158142,28.91950035095215,0.0860000029206276
1786791728000,2026-08-15 11:02:08,6.78,9.79,8.48,20.11,20.01,19.26,422.53,363.6,310.69,,,,,,,,,,,,,
1786795200000,2026-08-15 12:00:00,,,,,,,,,,,,,28.66950035095215,43.0,1014.2000122070312,14.86306858062744,0.0,15.315873146057127,330.4222717285156,0.1800000071525573,29.41950035095215,0.0860000029206276
1786795328000,2026-08-15 12:02:08,6.73,9.56,8.33,20.17,20.3,19.41,422.5,363.45,310.6,,,,,,,,,,,,,
1786798800000,2026-08-15 13:00:00,,,,,,,,,,,,,28.269500732421875,46.0,1014.0999755859376,15.551187515258787,0.0,10.787993431091309,334.29010009765625,0.1599999964237213,29.41950035095215,0.0850000008940696
1786798928000,2026-08-15 13:02:08,6.67,9.72,8.25,20.26,19.32,19.54,422.47,363.38,310.57,,,,,,,,,,,,,
1786799276123,2026-08-15 13:07:56,6.65,9.71,8.27,20.3,19.38,19.48,422.47,363.38,310.57,,3621.0,43.57162162162162,,,,,,,,,,
1786802400000,2026-08-15 14:00:00,,,,,,,,,,,,,28.069499969482425,49.0,1014.2000122070312,16.35814094543457,0.0,10.799999237060549,323.1300354003906,0.1299999952316284,29.16950035095215,0.0850000008940696
1786802528000,2026-08-15 14:02:08,6.64,9.46,8.24,20.36,20.11,19.48,422.47,363.32,310.55,,,,,,,,,,,,,
1786806000000,2026-08-15 15:00:00,,,,,,,,,,,,,27.91950035095215,50.0,1014.2000122070312,16.538217544555664,0.0,11.269782066345217,333.4350280761719,0.1099999994039535,28.66950035095215,0.0850000008940696
1786806128000,2026-08-15 15:02:08,6.56,9.48,8.19,20.46,19.57,19.38,422.43,363.22,310.49,,,,,,,,,,,,,
1786809600000,2026-08-15 16:00:00,,,,,,,,,,,,,26.969501495361328,49.0,1014.0,15.35094928741455,0.0,9.832679748535156,336.25048828125,0.1000000089406967,28.219501495361328,0.0839999988675117
1786809728000,2026-08-15 16:02:08,6.52,9.46,8.12,20.62,19.38,19.51,422.43,363.16,310.46,,,,,,,,,,,,,
1786813200000,2026-08-15 17:00:00,,,,,,,,,,,,,26.16950035095215,52.0,1014.0,15.542478561401367,0.0,8.891343116760254,328.2405700683594,0.0799999982118606,27.319499969482425,0.0839999988675117
1786813328000,2026-08-15 17:02:08,6.56,9.44,8.17,20.68,19.63,19.44,422.47,363.19,310.49,,,,,,,,,,,,,
1786816800000,2026-08-15 18:00:00,,,,,,,,,,,,,24.8695011138916,55.0,1013.7999877929688,15.213224411010742,0.0,11.65977668762207,351.1194152832031,0.0399999991059303,26.1195011138916,0.0839999988675117
1786816928000,2026-08-15 18:02:08,6.57,9.46,8.19,20.78,19.51,19.38,422.5,363.19,310.49,,,,,,,,,,,,,
1786820400000,2026-08-15 19:00:00,,,,,,,,,,,,,23.069499969482425,58.0,1013.7000122070312,14.359071731567385,0.0,12.959999084472656,360.0,0.0299999993294477,24.91950035095215,0.0839999988675117
1786820528000,2026-08-15 19:02:08,6.59,9.32,8.19,20.84,20.23,19.54,422.53,363.22,310.52,,,,,,,,,,,,,
1786820877621,2026-08-15 19:07:57,6.59,9.52,8.18,20.84,19.44,19.57,422.53,363.22,310.52,,3621.0,43.57162162162162,,,,,,,,,,
1786824000000,2026-08-15 20:00:00,,,,,,,,,,,,,21.16950035095215,58.0,1014.7000122070312,12.58100414276123,0.0,10.823972702026367,356.1860046386719,0.0299999993294477,23.66950035095215,0.0839999988675117
1786824128000,2026-08-15 20:02:08,6.57,9.33,8.18,20.91,20.39,19.57,422.53,363.26,310.52,,,,,,,,,,,,,
1786827600000,2026-08-15 21:00:00,,,,,,,,,,,,,19.819499969482425,65.0,1015.0999755859376,13.049829483032228,0.0,10.948972702026367,350.5377502441406,0.0199999995529651,22.66950035095215,0.0839999988675117
1786827728000,2026-08-15 21:02:08,6.58,9.39,8.2,20.88,20.11,19.48,422.53,363.26,310.52,,,,,,,,,,,,,
1786831200000,2026-08-15 22:00:00,,,,,,,,,,,,,18.769500732421875,67.0,1015.5,12.514317512512209,0.0,9.007196426391602,357.7094421386719,0.0199999995529651,21.819499969482425,0.0839999988675117
1786831328000,2026-08-15 22:02:08,6.58,9.55,8.18,20.88,19.6,19.57,422.53,363.29,310.52,,,,,,,,,,,,,
1786834800000,2026-08-15 23:00:00,,,,,,,,,,,,,17.969501495361328,70.0,1015.5999755859376,12.417612075805664,0.0,9.36691951751709,357.7974548339844,0.0199999995529651,21.1195011138916,0.0829999968409538
1786834928000,2026-08-15 23:02:08,6.54,9.38,8.24,20.88,20.3,19.48,422.5,363.29,310.55,,,,,,,,,,,,,
1786838400000,2026-08-16 00:00:00,,,,,,,,,,,,,17.019500732421875,79.0,1016.5999755859376,13.350326538085938,0.0,8.21715259552002,331.1893005371094,0.0299999993294477,20.219501495361328,0.0869999974966049
1786838528000,2026-08-16 00:02:08,6.57,9.33,8.27,20.78,20.52,19.35,422.5,363.29,310.55,,,,,,,,,,,,,
1786842000000,2026-08-16 01:00:00,,,,,,,,,,,,,16.6195011138916,79.0,1016.2999877929688,12.961527824401855,0.0,7.895416259765625,335.77227783203125,0.0299999993294477,19.719501495361328,0.0869999974966049
1786842128000,2026-08-16 01:02:08,6.54,9.46,8.21,20.75,19.98,19.6,422.47,363.29,310.55,,,,,,,,,,,,,
1786842477201,2026-08-16 01:07:57,6.54,9.46,8.23,20.75,20.11,19.51,422.47,363.32,310.55,,3618.0,43.19459459459457,,,,,,,,,,
1786845600000,2026-08-16 02:00:00,,,,,,,,,,,,,16.319499969482422,80.0,1016.2999877929688,12.86207103729248,0.0,5.58870267868042,345.06854248046875,0.0199999995529651,19.219501495361328,0.0869999974966049
1786845728000,2026-08-16 02:02:08,6.5,9.43,8.24,20.68,20.23,19.48,422.43,363.32,310.55,,,,,,,,,,,,,
1786849200000,2026-08-16 03:00:00,,,,,,,,,,,,,15.969499588012695,82.0,1016.5,12.898375511169434,0.0,5.483356475830078,336.8013916015625,0.0199999995529651,18.819499969482425,0.0869999974966049
1786849328000,2026-08-16 03:02:08,,,,20.58,19.79,19.48,422.43,363.32,310.55,,,,,,,,,,,,,
1786852800000,2026-08-16 04:00:00,,,,,,,,,,,,,15.76949977874756,81.0,1016.4000244140624,12.515878677368164,0.1000000014901161,4.802999019622803,347.00537109375,0.0199999995529651,18.569499969482425,0.0869999974966049
1786852928000,2026-08-16 04:02:08,6.5,9.58,8.23,20.55,19.63,19.51,422.4,363.32,310.55,,,,,,,,,,,,,
1786856400000,2026-08-16 05:00:00,,,,,,,,,,,,,15.669499397277832,81.0,1016.7999877929688,12.418375015258787,0.1000000014901161,5.634891033172607,333.4350280761719,0.0299999993294477,18.319499969482425,0.0869999974966049
1786856528000,2026-08-16 05:02:08,6.48,9.57,8.22,20.49,19.54,19.57,422.37,363.29,310.55,,,,,,,,,,,,,
1786860000000,2026-08-16 06:00:00,,,,,,,,,,,,,16.019500732421875,78.0,1017.0999755859376,12.184425354003906,0.0,4.213691711425781,340.0168151855469,0.0399999991059303,18.519500732421875,0.0869999974966049
1786860128000,2026-08-16 06:02:08,6.45,9.4,8.21,20.42,20.23,19.6,422.33,363.29,310.55,,,,,,,,,,,,,
1786863600000,2026-08-16 07:00:00,,,,,,,,,,,,,16.819499969482422,73.0,1017.0,11.951297760009766,0.0,5.399999618530273,360.0,0.0700000077486038,19.319499969482425,0.0869999974966049
1786863728000,2026-08-16 07:02:08,6.43,9.37,8.26,20.36,20.23,19.41,422.3,363.26,310.55,,,,,,,,,,,,,
1786864076556,2026-08-16 07:07:56,6.43,9.52,8.21,20.33,19.6,19.6,422.3,363.26,310.55,,3616.0,42.943243243243245,,,,,,,,,,
1786867200000,2026-08-16 08:00:00,,,,,,,,,,,,,18.319499969482425,66.0,1017.0,11.85725212097168,0.0,5.039999961853027,360.0,0.1199999973177909,20.969501495361328,0.0869999974966049
1786867681000,2026-08-16 08:08:01,6.41,9.3,8.19,20.26,20.3,19.54,422.27,363.22,310.52,,,,,,,,,,,,,
1786870800000,2026-08-16 09:00:00,,,,,,,,,,,,,19.769500732421875,59.0,1016.7999877929688,11.528669357299805,0.0,4.0249223709106445,10.304792404174805,0.1700000017881393,22.8695011138916,0.0869999974966049
1786871281000,2026-08-16 09:08:01,6.37,9.36,8.18,20.23,19.92,19.57,422.23,363.19,310.52,,,,,,,,,,,,,
1786874400000,2026-08-16 10:00:00,,,,,,,,,,,,,21.1195011138916,54.0,1016.5999755859376,11.449188232421877,0.0,3.219938039779663,333.4350280761719,0.2000000178813934,24.66950035095215,0.0869999974966049
1786874881000,2026-08-16 10:08:01,6.3,9.24,8.12,20.2,20.17,19.66,422.17,363.13,310.49,,,,,,,,,,,,,
1786878000000,2026-08-16 11:00:00,,,,,,,,,,,,,22.41950035095215,48.0,1016.2000122070312,10.870361328125,0.0,3.5999999046325684,323.1300048828125,0.2199999988079071,26.069499969482425,0.0869999974966049
1786878481000,2026-08-16 11:08:01,6.23,9.09,8.04,20.14,20.17,19.48,422.1,363.0,310.4,,,,,,,,,,,,,
1786881600000,2026-08-16 12:00:00,,,,,,,,,,,,,23.41950035095215,46.0,1015.9000244140624,11.141549110412598,0.0,3.5999999046325684,306.8699645996094,0.2199999988079071,27.319499969482425,0.0860000029206276
1786882081000,2026-08-16 12:08:01,6.1,9.07,7.94,20.14,19.73,19.41,422.0,362.88,310.31,,,,,,,,,,,,,
1786885200000,2026-08-16 13:00:00,,,,,,,,,,,,,24.019500732421875,43.0,1015.5999755859376,10.669976234436035,0.0,4.693825721740723,302.4711608886719,0.2000000178813934,27.91950035095215,0.0860000029206276
1786885676461,2026-08-16 13:07:56,,,,20.23,19.88,19.38,421.96,362.75,310.25,,3629.0,44.57702702702702,,,,,,,,,,
1786885681000,2026-08-16 13:08:01,6.02,8.84,7.89,20.26,20.07,19.32,421.96,362.75,310.25,,,,,,,,,,,,,
1786888800000,2026-08-16 14:00:00,,,,,,,,,,,,,24.319499969482425,39.0,1015.4000244140624,9.478849411010742,0.0,8.20926284790039,307.8750305175781,0.1700000017881393,27.569499969482425,0.0860000029206276
1786889281000,2026-08-16 14:08:01,6.0,8.87,7.79,20.33,19.54,19.54,421.96,362.66,310.22,,,,,,,,,,,,,
1786892400000,2026-08-16 15:00:00,,,,,,,,,,,,,24.41950035095215,42.0,1014.9000244140624,10.676857948303224,0.0,9.021574020385742,331.3896179199219,0.1599999964237213,27.6195011138916,0.0850000008940696
1786892881000,2026-08-16 15:08:01,5.96,8.79,7.74,20.49,19.54,19.44,421.96,362.59,310.16,,,,,,,,,,,,,
1786896000000,2026-08-16 16:00:00,,,,,,,,,,,,,24.069499969482425,43.0,1014.7000122070312,10.715103149414062,0.0,10.703569412231444,317.72637939453125,0.1299999952316284,26.969501495361328,0.0850000008940696
1786896481000,2026-08-16 16:08:01,5.98,8.54,7.64,20.62,20.3,19.66,422.0,362.53,310.13,,,,,,,,,,,,,
1786899600000,2026-08-16 17:00:00,,,,,,,,,,,,,23.469501495361328,42.0,1014.4000244140624,9.821822166442873,0.0,7.9932966232299805,324.1622619628906,0.1000000089406967,25.569499969482425,0.0850000008940696
1786900081000,2026-08-16 17:08:01,5.96,8.53,7.85,20.81,20.07,18.67,422.03,362.47,310.1,,,,,,,,,,,,,
1786903200000,2026-08-16 18:00:00,,,,,,,,,,,,,22.719501495361328,47.0,1014.4000244140624,10.82765769958496,0.0,4.693825721740723,302.4711608886719,0.0599999986588954,24.219501495361328,0.0850000008940696
1786903681000,2026-08-16 18:08:01,5.99,8.66,7.62,20.91,19.54,19.6,422.07,362.47,310.1,,,,,,,,,,,,,
1786906800000,2026-08-16 19:00:00,,,,,,,,,,,,,20.91950035095215,56.0,1014.0999755859376,11.813794136047363,0.0,11.92355728149414,28.8864860534668,0.0399999991059303,23.019500732421875,0.0850000008940696
1786907276622,2026-08-16 19:07:56,6.01,8.54,7.64,20.97,20.17,19.66,422.1,362.5,310.13,,3621.0,43.57162162162162,,,,,,,,,,
1786907281000,2026-08-16 19:08:01,6.02,8.63,7.63,20.94,19.79,19.54,422.1,362.5,310.1,,,,,,,,,,,,,
1786910400000,2026-08-16 20:00:00,,,,,,,,,,,,,19.66950035095215,61.0,1014.7999877929688,11.939809799194336,0.0,7.594207286834717,354.55975341796875,0.0299999993294477,21.91950035095215,0.0850000008940696
1786910881000,2026-08-16 20:08:01,5.96,8.58,7.69,21.01,20.14,19.48,422.07,362.53,310.13,,,,,,,,,,,,,
1786914000000,2026-08-16 21:00:00,,,,,,,,,,,,,18.66950035095215,66.0,1014.2999877929688,12.190144538879396,0.0,4.829906940460205,26.564985275268555,0.0199999995529651,21.019500732421875,0.0850000008940696
1786914481000,2026-08-16 21:08:01,5.92,8.53,7.67,20.97,20.33,19.54,422.03,362.53,310.13,,,,,,,,,,,,,
1786917600000,2026-08-16 22:00:00,,,,,,,,,,,,,17.8695011138916,68.0,1014.2000122070312,11.881299018859863,0,2.9686360359191895,14.036274909973145,0.019999999552965164,20.16950035095215,0.08399999886751175
1786918081000,2026-08-16 22:08:01,5.89,8.51,7.68,20.94,20.55,19.51,422.0,362.56,310.13,,,,,,,,,,,,,
1786921200000,2026-08-16 23:00:00,,,,,,,,,,,,,17.16950035095215,71.0,1014.2000122070312,11.86621379852295,0,4.6102495193481445,321.3401794433594,0.009999999776482582,19.41950035095215,0.08399999886751175
1786921681000,2026-08-16 23:08:01,5.89,8.74,7.67,20.94,19.6,19.54,422.0,362.56,310.13,,,,,,,,,,,,,
1786924800000,2026-08-17 00:00:00,,,,,,,,,,,,,17.719501495361328,72.0,1014.2000122070312,12.607216835021973,0,5.959060192108154,334.9831237792969,0.019999999552965164,20.16950035095215,0.09300000220537186
1786925281000,2026-08-17 00:08:01,5.86,8.57,7.66,20.88,20.3,19.57,421.96,362.56,310.13,,,,,,,,,,,,,
1786928400000,2026-08-17 01:00:00,,,,,,,,,,,,,17.219501495361328,72.0,1014.2999877929688,12.12661361694336,0,5.804825305938721,330.2552185058594,0.019999999552965164,19.66950035095215,0.09300000220537186
1786928876310,2026-08-17 01:07:56,,,,20.88,19.76,19.66,421.96,362.59,310.13,,3621.0,43.57162162162162,,,,,,,,,,
1786928881000,2026-08-17 01:08:01,5.87,8.52,7.6,20.84,20.65,19.82,421.96,362.59,310.13,,,,,,,,,,,,,
1786932000000,2026-08-17 02:00:00,,,,,,,,,,,,,16.66950035095215,73.0,1013.9000244140625,11.806862831115723,0,4.072935104370117,315.0000915527344,0.009999999776482582,19.069499969482422,0.09300000220537186
1786932481000,2026-08-17 02:08:01,5.83,8.57,7.67,20.84,20.42,19.54,421.93,362.59,310.13,,,,,,,,,,,,,
1786935600000,2026-08-17 03:00:00,,,,,,,,,,,,,16.6195011138916,72.0,1013.2999877929688,11.549837112426758,0,2.741678237915039,336.8013916015625,0.009999999776482582,18.719501495361328,0.09300000220537186
1786936081000,2026-08-17 03:08:01,5.81,8.51,7.69,20.75,20.68,19.48,421.9,362.59,310.13,,,,,,,,,,,,,
1786939200000,2026-08-17 04:00:00,,,,,,,,,,,,,16.269500732421875,73.0,1013.0999755859375,11.421689987182617,0,5.399999618530273,323.1300354003906,0.009999999776482582,18.41950035095215,0.09300000220537186
1786939681000,2026-08-17 04:08:01,5.79,8.72,7.7,20.65,19.85,19.6,421.86,362.59,310.16,,,,,,,,,,,,,
1786942800000,2026-08-17 05:00:00,,,,,,,,,,,,,16.1195011138916,74.0,1013.5,11.482842445373535,0,5.692099094390869,304.6952209472656,0.019999999552965164,18.269500732421875,0.09300000220537186
1786943281000,2026-08-17 05:08:01,5.78,8.62,7.7,20.55,20.23,19.6,421.83,362.59,310.16,,,,,,,,,,,,,
1786946400000,2026-08-17 06:00:00,,,,,,,,,,,,,16.1195011138916,76.0,1013.5999755859375,11.886795043945312,0,6.489992141723633,289.44012451171875,0.019999999552965164,18.3695011138916,0.09300000220537186
1786946881000,2026-08-17 06:08:01,5.79,8.62,7.68,20.52,20.23,19.66,421.83,362.59,310.16,,,,,,,,,,,,,
1786950000000,2026-08-17 07:00:00,,,,,,,,,,,,,15.819499969482422,81.0,1013.7000122070312,12.564628601074219,0.6000000238418579,7.4215898513793945,292.83367919921875,0.03999999910593033,18.3695011138916,0.09300000220537186
1786950476011,2026-08-17 07:07:56,5.81,8.56,7.7,20.42,20.33,19.57,421.83,362.56,310.16,,3618.0,43.19459459459457,,,,,,,,,,
1786950481000,2026-08-17 07:08:01,5.81,8.51,7.69,20.42,20.55,19.63,421.83,362.56,310.16,,,,,,,,,,,,,
1786953600000,2026-08-17 08:00:00,,,,,,,,,,,,,15.519499778747559,86.0,1013.5,13.186873435974121,1.2999999523162842,5.154415607452393,282.0947265625,0.05000000447034836,18.269500732421875,0.09300000220537186
1786953726000,2026-08-17 08:02:06,5.78,8.68,7.71,20.39,19.85,19.54,421.8,362.56,310.16,,,,,,,,,,,,,
1786957200000,2026-08-17 09:00:00,,,,,,,,,,,,,15.769499778747559,87.0,1013.7000122070312,13.610030174255371,1.399999976158142,7.920000076293945,270.0,0.07000000774860382,18.469501495361328,0.09399999678134918
1786957326000,2026-08-17 09:02:06,,,,20.36,20.3,19.63,421.76,362.56,310.16,,,,,,,,,,,,,
1786960800000,2026-08-17 10:00:00,,,,,,,,,,,,,15.919499397277832,86.0,1013.7000122070312,13.579679489135742,1,7.4215898513793945,284.0362548828125,0.07000000774860382,18.519500732421875,0.09700000286102295
1786960926000,2026-08-17 10:02:06,5.74,8.73,7.84,20.36,19.66,19.04,421.76,362.56,310.16,,,,,,,,,,,,,
1786964400000,2026-08-17 11:00:00,,,,,,,,,,,,,16.519500732421875,86.0,1013.5,14.16887378692627,0.5,6.849466800689697,266.9872741699219,0.09000000357627869,19.019500732421875,0.10100000351667404
1786964526000,2026-08-17 11:02:06,5.72,9.03,7.7,20.3,18.33,19.6,421.73,362.53,310.16,,,,,,,,,,,,,
1786968000000,2026-08-17 12:00:00,,,,,,,,,,,,,17.41950035095215,78.0,1013.0999755859375,13.543173789978027,0.30000001192092896,9.028754234313965,274.5738220214844,0.10000000894069672,19.319499969482422,0.10400000214576721
1786968126000,2026-08-17 12:02:06,5.73,8.74,7.69,20.26,19.48,19.63,421.73,362.53,310.16,,,,,,,,,,,,,
1786971600000,2026-08-17 13:00:00,,,,,,,,,,,,,17.719501495361328,74.0,1012.7000122070312,13.025932312011719,0,10.853865623474121,275.71051025390625,0.10999999940395355,19.519500732421875,0.1080000028014183
1786971726000,2026-08-17 13:02:06,5.69,8.61,7.93,20.26,19.88,18.67,421.7,362.5,310.16,,,,,,,,,,,,,
1786972075882,2026-08-17 13:07:55,5.69,8.63,7.85,20.26,19.66,18.98,421.7,362.47,310.16,,3618.0,43.19459459459457,,,,,,,,,,
1786975200000,2026-08-17 14:00:00,,,,,,,,,,,,,17.66950035095215,77.0,1012.2999877929688,13.587247848510742,0.10000000149011612,6.989935398101807,258.1113586425781,0.09000000357627869,19.41950035095215,0.10999999940395355
1786975326000,2026-08-17 14:02:06,5.64,8.44,7.62,20.23,20.23,19.73,421.66,362.43,310.13,,,,,,,,,,,,,
1786978800000,2026-08-17 15:00:00,,,,,,,,,,,,,17.1195011138916,80.0,1012.5,13.640854835510254,0.10000000149011612,13.441070556640625,290.37652587890625,0.09000000357627869,19.16950035095215,0.1120000034570694
1786978926000,2026-08-17 15:02:06,5.61,8.54,7.62,20.23,19.57,19.6,421.63,362.37,310.1,,,,,,,,,,,,,
1786982400000,2026-08-17 16:00:00,,,,,,,,,,,,,16.91950035095215,83.0,1012.7000122070312,14.012782096862793,0.20000000298023224,12.48115348815918,303.2317199707031,0.07999999821186066,18.819499969482422,0.11299999803304672
1786982526000,2026-08-17 16:02:06,5.57,8.3,7.57,20.23,20.39,19.63,421.6,362.34,310.07,,,,,,,,,,,,,
1786986000000,2026-08-17 17:00:00,,,,,,,,,,,,,16.91950035095215,83.0,1013.0,14.012782096862793,0.10000000149011612,11.885453224182129,305.13427734375,0.05999999865889549,18.6195011138916,0.11400000005960464
1786986126000,2026-08-17 17:02:06,5.57,8.51,7.53,20.23,19.54,19.79,421.6,362.34,310.07,,,,,,,,,,,,,
1786989600000,2026-08-17 18:00:00,,,,,,,,,,,,,16.569499969482422,82.0,1013.0999755859375,13.48421573638916,0,9.826087951660156,298.44281005859375,0.05000000447034836,18.269500732421875,0.11500000208616257
1786989726000,2026-08-17 18:02:06,,,,20.2,20.14,19.57,421.56,362.31,310.07,,,,,,,,,,,,,
1786993200000,2026-08-17 19:00:00,,,,,,,,,,,,,16.069499969482422,86.0,1013.0999755859375,13.726983070373535,0.20000000298023224,8.90590763092041,284.0362548828125,0.029999999329447746,17.66950035095215,0.11599999666213989
1786993326000,2026-08-17 19:02:06,5.53,8.33,7.58,20.17,20.14,19.6,421.56,362.31,310.07,,,,,,,,,,,,,
1786993675724,2026-08-17 19:07:55,5.54,8.51,7.56,20.14,19.41,19.66,421.56,362.31,310.07,,3616.0,42.943243243243245,,,,,,,,,,
1786996800000,2026-08-17 20:00:00,,,,,,,,,,,,,15.719499588012695,84.0,1013.2999877929688,13.022592544555664,0,9.693296432495117,291.8014831542969,0.029999999329447746,17.269500732421875,0.11599999666213989
1786996926000,2026-08-17 20:02:06,,,,20.11,19.44,19.54,421.53,362.31,310.07,,,,,,,,,,,,,
1787000400000,2026-08-17 21:00:00,,,,,,,,,,,,,14.869500160217285,85.0,1013.2999877929688,12.37028980255127,0,9.44957160949707,287.7447509765625,0.029999999329447746,16.769500732421875,0.11699999868869781
1787000526000,2026-08-17 21:02:06,5.53,8.46,7.59,20.04,19.63,19.54,421.53,362.31,310.07,,,,,,,,,,,,,
1787004000000,2026-08-17 22:00:00,,,,,,,,,,,,,14.019499778747559,89.0,1013.5,12.234305381774902,0,8.20926284790039,285.2551574707031,0.019999999552965164,16.1195011138916,0.11699999868869781
1787004126000,2026-08-17 22:02:06,5.49,8.35,7.54,19.98,20.04,19.6,421.49,362.31,310.04,,,,,,,,,,,,,
1787007600000,2026-08-17 23:00:00,,,,,,,,,,,,,13.269499778747559,92.0,1013.5999755859375,11.997078895568848,0,7.920000076293945,270.0,0.009999999776482582,15.519499778747559,0.11800000071525574
1787007726000,2026-08-17 23:02:06,5.47,8.5,7.58,19.92,19.48,19.44,421.46,362.31,310.04,,,,,,,,,,,,,
1787011200000,2026-08-18 00:00:00,,,,,,,,,,,,,13.069499969482422,94.0,1013.5999755859375,12.125527381896973,0,6.489992141723633,273.1797790527344,0.009999999776482582,15.319499969482422,0.10400000214576721
1787011326000,2026-08-18 00:02:06,5.47,8.5,7.53,19.79,19.48,19.63,421.43,362.31,310.04,,,,,,,,,,,,,
1787014800000,2026-08-18 01:00:00,,,,,,,,,,,,,12.819499969482422,95.0,1013.2000122070312,12.03800106048584,0,6.479999542236328,270.0,0,15.019499778747559,0.10400000214576721
1787014926000,2026-08-18 01:02:06,5.43,8.3,7.58,19.73,20.11,19.44,421.39,362.28,310.04,,,,,,,,,,,,,
1787015275520,2026-08-18 01:07:55,5.44,8.32,7.54,19.7,20.04,19.57,421.39,362.28,310.04,,3616.0,42.943243243243245,,,,,,,,,,
1787018400000,2026-08-18 02:00:00,,,,,,,,,,,,,12.419499397277832,95.0,1012.7999877929688,11.640439987182617,0,6.379216194152832,253.61038208007812,0,14.669499397277832,0.10499999672174454
1787018526000,2026-08-18 02:02:06,5.42,8.45,7.55,19.63,19.51,19.54,421.36,362.28,310.04,,,,,,,,,,,,,
1787022000000,2026-08-18 03:00:00,,,,,,,,,,,,,12.219499588012695,95.0,1012.7000122070312,11.441657066345215,0,4.896529197692871,252.89718627929688,0,14.419499397277832,0.10499999672174454
1787022126000,2026-08-18 03:02:06,5.4,8.52,7.54,19.54,19.23,19.57,421.33,362.28,310.04,,,,,,,,,,,,,
1787025600000,2026-08-18 04:00:00,,,,,,,,,,,,,12.269499778747559,96.0,1012.5999755859375,11.649823188781738,0,4.553679466247559,251.56495666503906,0,14.319499969482422,0.10499999672174454
1787025726000,2026-08-18 04:02:06,5.37,8.32,7.55,19.48,19.92,19.54,421.29,362.25,310.04,,,,,,,,,,,,,
1787029200000,2026-08-18 05:00:00,,,,,,,,,,,,,12.619500160217285,96.0,1012.0999755859375,11.998124122619629,0,4.693825721740723,237.52882385253906,0.009999999776482582,14.369500160217285,0.10499999672174454
1787029326000,2026-08-18 05:02:06,5.35,8.33,7.58,19.41,19.85,19.41,421.26,362.25,310.04,,,,,,,,,,,,,
1787032800000,2026-08-18 06:00:00,,,,,,,,,,,,,13.469499588012695,92.0,1011.7000122070312,12.195096015930176,0,4.896529674530029,233.9725341796875,0.009999999776482582,14.819499969482422,0.10599999874830246
1787032926000,2026-08-18 06:02:06,5.37,8.45,7.57,19.32,19.38,19.48,421.26,362.25,310.04,,,,,,,,,,,,,
1787036400000,2026-08-18 07:00:00,,,,,,,,,,,,,14.569499969482422,88.0,1011.2999877929688,12.604171752929688,0,6.489992141723633,213.69009399414062,0.029999999329447746,15.569499969482422,0.10599999874830246
1787036526000,2026-08-18 07:02:06,5.34,8.31,7.56,19.29,19.76,19.51,421.23,362.21,310.04,,,,,,,,,,,,,
1787036875423,2026-08-18 07:07:55,,,,19.29,19.23,19.35,421.23,362.21,310.04,,3590.0,39.67567567567565,,,,,,,,,,
1787040000000,2026-08-18 08:00:00,,,,,,,,,,,,,15.569499969482422,85.0,1011.0,13.056772232055664,0,7.628262996673584,199.29014587402344,0.05000000447034836,16.3695011138916,0.10599999874830246
1787040126000,2026-08-18 08:02:06,5.31,8.4,7.53,19.2,19.29,19.48,421.19,362.18,310.01,,,,,,,,,,,,,
1787043600000,2026-08-18 09:00:00,,,,,,,,,,,,,16.019500732421875,82.0,1010.5999755859375,12.947196960449219,0.10000000149011612,10.883675575256348,214.21575927734375,0.07000000774860382,17.16950035095215,0.10599999874830246
1787043728000,2026-08-18 09:02:08,5.31,8.38,7.5,19.2,19.23,19.44,421.19,362.15,309.98,,,,,,,,,,,,,
1787047200000,2026-08-18 10:00:00,,,,,,,,,,,,,16.019500732421875,84.0,1010.2999877929688,13.316368103027344,0.5,12.218805313110352,224.99989318847656,0.07999999821186066,17.41950035095215,0.10599999874830246
1787047328000,2026-08-18 10:02:08,5.27,8.18,7.43,19.23,19.76,19.54,421.16,362.09,309.95,,,,,,,,,,,,,
1787050800000,2026-08-18 11:00:00,,,,,,,,,,,,,16.319499969482422,82.0,1009.9000244140625,13.240119934082031,0.30000001192092896,9.178235054016113,205.55992126464844,0.10000000894069672,17.91950035095215,0.10599999874830246
1787050928000,2026-08-18 11:02:08,5.23,8.01,7.5,19.23,20.11,19.1,421.13,362.02,309.92,,,,,,,,,,,,,
1787054400000,2026-08-18 12:00:00,,,,,,,,,,,,,16.269500732421875,83.0,1009.2999877929688,13.377218246459961,0.4000000059604645,8.287821769714355,182.489501953125,0.09000000357627869,18.019500732421875,0.10700000077486038
1787054528000,2026-08-18 12:02:08,5.23,8.56,7.36,19.23,17.67,19.51,421.13,361.96,309.89,,,,,,,,,,,,,
1787058000000,2026-08-18 13:00:00,,,,,,,,,,,,,16.16950035095215,85.0,1008.7000122070312,13.645155906677246,0.30000001192092896,8.825508117675781,168.2317352294922,0.07000000774860382,17.719501495361328,0.10700000077486038
1787058128000,2026-08-18 13:02:08,,,,19.26,19.23,19.41,421.09,361.9,309.86,,,,,,,,,,,,,
1787058475193,2026-08-18 13:07:55,5.15,7.99,7.33,19.32,19.66,19.48,421.09,361.9,309.86,,3613.0,42.566216216216205,,,,,,,,,,
1787061600000,2026-08-18 14:00:00,,,,,,,,,,,,,16.1195011138916,87.0,1008.2999877929688,13.95421028137207,0.10000000149011612,10.002559661865234,149.74365234375,0.05999999865889549,17.569499969482422,0.1080000028014183
1787061728000,2026-08-18 14:02:08,,,,19.32,19.54,19.38,421.06,361.83,309.8,,,,,,,,,,,,,
1787065200000,2026-08-18 15:00:00,,,,,,,,,,,,,15.969499588012695,89.0,1007.5999755859375,14.157212257385254,0.30000001192092896,8.766572952270508,160.82089233398438,0.03999999910593033,17.319499969482422,0.10899999737739563
1787065328000,2026-08-18 15:02:08,5.1,7.92,7.39,19.38,19.48,18.92,421.06,361.8,309.8,,,,,,,,,,,,,
1787068800000,2026-08-18 16:00:00,,,,,,,,,,,,,16.1195011138916,89.0,1007.2000122070312,14.305121421813965,0,10.182336807250977,188.13002014160156,0.03999999910593033,17.16950035095215,0.10999999940395355
1787068928000,2026-08-18 16:02:08,5.13,7.95,7.3,19.41,19.35,19.26,421.09,361.8,309.8,,,,,,,,,,,,,
1787072400000,2026-08-18 17:00:00,,,,,,,,,,,,,16.069499969482422,91.0,1006.9000244140625,14.59972858428955,0.20000000298023224,4.735060214996338,188.74607849121094,0.029999999329447746,17.069499969482422,0.11100000143051147
1787072528000,2026-08-18 17:02:08,5.12,7.91,7.25,19.44,19.51,19.29,421.09,361.8,309.77,,,,,,,,,,,,,
1787076000000,2026-08-18 18:00:00,,,,,,,,,,,,,16.519500732421875,91.0,1006.7000122070312,15.044631958007812,0,4.6102495193481445,218.6598358154297,0.019999999552965164,17.1195011138916,0.1120000034570694
1787076128000,2026-08-18 18:02:08,5.11,7.9,7.24,19.48,19.54,19.35,421.09,361.8,309.77,,,,,,,,,,,,,
1787079600000,2026-08-18 19:00:00,,,,,,,,,,,,,16.469501495361328,93.0,1006.5,15.333562850952148,0,4.6102495193481445,218.6598358154297,0.009999999776482582,17.019500732421875,0.1120000034570694
1787079728000,2026-08-18 19:02:08,5.12,7.83,7.2,19.44,19.85,19.51,421.09,361.8,309.77,,,,,,,,,,,,,
1787080077125,2026-08-18 19:07:57,5.12,7.9,7.28,19.44,19.54,19.35,421.09,361.8,309.8,,3605.0,41.5608108108108,,,,,,,,,,
1787083200000,2026-08-18 20:00:00,,,,,,,,,,,,,16.569499969482422,95.0,1006.5,15.764962196350098,0,7.289444923400879,237.09475708007812,0.009999999776482582,16.8695011138916,0.11299999803304672
1787083328000,2026-08-18 20:02:08,5.11,7.9,7.29,19.48,19.54,19.29,421.09,361.8,309.8,,,,,,,,,,,,,
1787086800000,2026-08-18 21:00:00,,,,,,,,,,,,,17.019500732421875,95.0,1006.5999755859375,16.212173461914062,0.5,10.390226364135742,255.96372985839844,0.009999999776482582,16.969501495361328,0.11400000005960464
1787086928000,2026-08-18 21:02:08,5.09,8.02,7.29,19.41,19.1,19.32,421.06,361.8,309.8,,,,,,,,,,,,,
1787090400000,2026-08-18 22:00:00,,,,,,,,,,,,,17.269500732421875,94.0,1006.7000122070312,16.294368743896484,0,11.631956100463867,248.1985321044922,0,17.019500732421875,0.11400000005960464
1787090528000,2026-08-18 22:02:08,5.09,7.87,7.3,19.41,19.82,19.26,421.06,361.83,309.8,,,,,,,,,,,,,
1787094000000,2026-08-18 23:00:00,,,,,,,,,,,,,16.969501495361328,93.0,1006.7999877929688,15.82918930053711,0,10.703569412231445,250.34608459472656,0.009999999776482582,16.91950035095215,0.11500000208616257
1787094128000,2026-08-18 23:02:08,5.09,8.13,7.3,19.41,18.79,19.26,421.06,361.83,309.8,,,,,,,,,,,,,
1787097600000,2026-08-19 00:00:00,,,,,,,,,,,,,17.6195011138916,89.0,1007.2999877929688,15.784132957458496,0,11.874544143676758,255.96372985839844,0.009999999776482582,18.019500732421875,0.10499999672174454
1787097728000,2026-08-19 00:02:08,5.1,7.92,7.29,19.35,19.6,19.32,421.06,361.83,309.8,,,,,,,,,,,,,
1787101200000,2026-08-19 01:00:00,,,,,,,,,,,,,17.269500732421875,90.0,1006.5999755859375,15.61342716217041,0,10.82995891571045,254.57777404785156,0.009999999776482582,17.8695011138916,0.10499999672174454
1787101328000,2026-08-19 01:02:08,5.1,7.94,7.33,19.35,19.54,19.16,421.06,361.83,309.8,,,,,,,,,,,,,
1787101676902,2026-08-19 01:07:56,5.1,8.02,7.33,19.35,19.23,19.16,421.06,361.83,309.8,,3613.0,42.566216216216205,,,,,,,,,,
1787104800000,2026-08-19 02:00:00,,,,,,,,,,,,,17.1195011138916,89.0,1006.5999755859375,15.291143417358398,0,9.885261535644531,259.5085754394531,0.009999999776482582,17.66950035095215,0.10499999672174454
1787104928000,2026-08-19 02:02:08,5.07,7.95,7.26,19.32,19.51,19.44,421.03,361.83,309.8,,,,,,,,,,,,,
1787108400000,2026-08-19 03:00:00,,,,,,,,,,,,,16.819499969482422,92.0,1006.4000244140625,15.511675834655762,0,6.696386814117432,233.74606323242188,0.009999999776482582,17.519500732421875,0.10499999672174454
1787108528000,2026-08-19 03:02:08,5.08,8.13,7.31,19.29,18.79,19.23,421.03,361.83,309.8,,,,,,,,,,,,,
1787112000000,2026-08-19 04:00:00,,,,,,,,,,,,,16.719501495361328,93.0,1006.2999877929688,15.581376075744629,0,8.287821769714355,235.61959838867188,0.009999999776482582,17.3695011138916,0.10499999672174454
1787112128000,2026-08-19 04:02:08,5.08,7.93,7.31,19.29,19.57,19.23,421.03,361.83,309.8,,,,,,,,,,,,,
1787115600000,2026-08-19 05:00:00,,,,,,,,,,,,,16.91950035095215,95.0,1006.0,16.112794876098633,0.699999988079071,10.233122825622559,230.7106170654297,0.009999999776482582,17.3695011138916,0.10499999672174454
1787115728000,2026-08-19 05:02:08,,,,19.26,19.41,19.29,421.03,361.83,309.8,,,,,,,,,,,,,
1787119200000,2026-08-19 06:00:00,,,,,,,,,,,,,17.019500732421875,94.0,1005.5999755859375,16.04623794555664,0.8999999761581421,7.895416259765625,223.15240478515625,0.009999999776482582,17.519500732421875,0.10599999874830246
1787119328000,2026-08-19 06:02:08,5.05,7.97,7.3,19.23,19.41,19.26,420.99,361.83,309.8,,,,,,,,,,,,,
1787122800000,2026-08-19 07:00:00,,,,,,,,,,,,,17.16950035095215,94.0,1005.4000244140625,16.195117950439453,0.699999988079071,7.9932966232299805,215.83773803710938,0.019999999552965164,17.719501495361328,0.10700000077486038
1787122928000,2026-08-19 07:02:08,5.05,8.08,7.29,19.2,18.86,19.29,420.99,361.8,309.8,,,,,,,,,,,,,
1787123276800,2026-08-19 07:07:56,5.05,7.92,7.32,19.23,19.48,19.2,420.99,361.8,309.8,,3587.0,39.298648648648665,,,,,,,,,,
1787126400000,2026-08-19 08:00:00,,,,,,,,,,,,,17.519500732421875,92.0,1005.2999877929688,16.20463752746582,0.699999988079071,9.0,216.86997985839844,0.03999999910593033,18.019500732421875,0.10899999737739563
1787126527000,2026-08-19 08:02:07,5.06,7.94,7.34,19.16,19.41,19.1,420.99,361.8,309.8,,,,,,,,,,,,,
1787130000000,2026-08-19 09:00:00,,,,,,,,,,,,,17.6195011138916,87.0,1005.0,15.429178237915039,0.5,8.91318130493164,226.63653564453125,0.05000000447034836,18.16950035095215,0.1120000034570694
1787130128000,2026-08-19 09:02:08,5.06,7.92,7.32,19.16,19.48,19.2,420.99,361.8,309.8,,,,,,,,,,,,,
1787133600000,2026-08-19 10:00:00,,,,,,,,,,,,,17.66950035095215,88.0,1004.4000244140625,15.656770706176758,0.10000000149011612,5.9044389724731445,217.56866455078125,0.03999999910593033,18.219501495361328,0.11500000208616257
1787133728000,2026-08-19 10:02:08,5.06,8.07,7.44,19.16,18.76,18.73,420.99,361.77,309.8,,,,,,,,,,,,,
1787137200000,2026-08-19 11:00:00,,,,,,,,,,,,,17.319499969482422,95.0,1003.9000244140625,16.51031494140625,2.700000047683716,7.072877883911133,194.7436065673828,0.029999999329447746,18.16950035095215,0.11900000274181366
1787137328000,2026-08-19 11:02:08,5.05,7.93,7.32,19.2,19.44,19.2,420.99,361.8,309.8,,,,,,,,,,,,,
1787140800000,2026-08-19 12:00:00,,,,,,,,,,,,,17.219501495361328,94.0,1004.0,16.244749069213867,3.9000000953674316,11.72075080871582,317.4895935058594,0.029999999329447746,18.16950035095215,0.13699999451637268
1787140928000,2026-08-19 12:02:08,5.05,8.06,7.31,19.23,18.92,19.23,420.99,361.8,309.8,,,,,,,,,,,,,
1787144400000,2026-08-19 13:00:00,,,,,,,,,,,,,16.719501495361328,88.0,1004.2999877929688,14.721358299255371,2.299999952316284,5.506940841674805,281.3099060058594,0.05000000447034836,17.819499969482422,0.17399999499320984
1787144528000,2026-08-19 13:02:08,5.05,8.09,7.35,19.23,18.67,19.07,420.99,361.77,309.8,,,,,,,,,,,,,
1787144876471,2026-08-19 13:07:56,5.05,8.06,7.36,19.2,18.79,19.04,420.99,361.77,309.8,,3616.0,42.943243243243245,,,,,,,,,,
1787148000000,2026-08-19 14:00:00,,,,,,,,,,,,,16.8695011138916,88.0,1004.2000122070312,14.869057655334473,0,8.66994857788086,274.7635498046875,0.07000000774860382,18.1195011138916,0.18000000715255737
1787148128000,2026-08-19 14:02:08,5.03,7.92,7.31,19.29,19.35,19.23,420.99,361.77,309.8,,,,,,,,,,,,,
1787151600000,2026-08-19 15:00:00,,,,,,,,,,,,,17.1195011138916,86.0,1004.0,14.758047103881836,0,7.594207286834717,275.44024658203125,0.05999999865889549,18.269500732421875,0.18000000715255737
1787151728000,2026-08-19 15:02:08,5.03,7.88,7.34,19.29,19.35,19.13,420.99,361.74,309.8,,,,,,,,,,,,,
1787155200000,2026-08-19 16:00:00,,,,,,,,,,,,,16.969501495361328,87.0,1004.2000122070312,14.790044784545898,0.10000000149011612,7.072877883911133,255.2563934326172,0.05000000447034836,18.069499969482422,0.17900000512599945
1787155328000,2026-08-19 16:02:08,5.07,7.91,7.32,19.32,19.23,19.2,421.03,361.74,309.8,,,,,,,,,,,,,
1787158800000,2026-08-19 17:00:00,,,,,,,,,,,,,16.8695011138916,89.0,1004.2000122070312,15.04464054107666,0,7.729526996612549,242.24154663085938,0.029999999329447746,17.769500732421875,0.1770000010728836
1787158928000,2026-08-19 17:02:08,5.06,7.92,7.36,19.35,19.35,19.04,421.03,361.77,309.8,,,,,,,,,,,,,
1787162400000,2026-08-19 18:00:00,,,,,,,,,,,,,16.719501495361328,91.0,1004.2000122070312,15.242366790771484,0,7.2894439697265625,249.77505493164062,0.029999999329447746,17.6195011138916,0.17499999701976776
1787162528000,2026-08-19 18:02:08,5.05,7.92,7.59,19.41,19.35,18.12,421.03,361.77,309.8,,,,,,,,,,,,,
1787166000000,2026-08-19 19:00:00,,,,,,,,,,,,,16.269500732421875,93.0,1004.0999755859375,15.135305404663086,0,7.199999809265137,233.13002014160156,0.009999999776482582,17.219501495361328,0.17299999296665192
1787166128000,2026-08-19 19:02:08,5.06,7.9,7.34,19.38,19.41,19.1,421.03,361.77,309.8,,,,,,,,,,,,,
1787166477295,2026-08-19 19:07:57,5.06,7.83,7.51,19.38,19.7,18.43,421.03,361.77,309.8,,3595.0,40.30405405405407,,,,,,,,,,
1787169600000,2026-08-19 20:00:00,,,,,,,,,,,,,15.769499778747559,95.0,1004.0999755859375,14.969907760620117,0,6.489992141723633,236.30990600585938,0.009999999776482582,16.769500732421875,0.17100000381469727
1787169728000,2026-08-19 20:02:08,5.06,7.91,7.37,19.38,19.38,18.98,421.03,361.77,309.8,,,,,,,,,,,,,
1787173200000,2026-08-19 21:00:00,,,,,,,,,,,,,15.469499588012695,94.0,1004.5,14.507786750793457,0,6.369049549102783,227.29063415527344,0,16.41950035095215,0.16899999976158142
1787173328000,2026-08-19 21:02:08,5.03,8.09,7.39,19.29,18.67,18.92,420.99,361.77,309.8,,,,,,,,,,,,,
1787176800000,2026-08-19 22:00:00,,,,,,,,,,,,,15.519499778747559,90.0,1004.7000122070312,13.885552406311035,0,6.792466163635254,237.99465942382812,0.009999999776482582,16.319499969482422,0.16699999570846558
1787176928000,2026-08-19 22:02:08,5.02,8.02,7.36,19.32,18.95,19.04,420.99,361.77,309.8,,,,,,,,,,,,,
1787180400000,2026-08-19 23:00:00,,,,,,,,,,,,,15.169499397277832,90.0,1004.9000244140625,13.539956092834473,0,5.399999618530273,233.13002014160156,0.009999999776482582,16.16950035095215,0.16599999368190765
1787180528000,2026-08-19 23:02:08,,,,19.26,19.66,18.98,420.99,361.77,309.8,,,,,,,,,,,,,
1787184000000,2026-08-20 00:00:00,,,,,,,,,,,,,15.319499969482422,91.0,1004.2000122070312,13.858201026916504,0,7.771330833435059,256.60748291015625,0.019999999552965164,16.6195011138916,0.11900000274181366
1787184128000,2026-08-20 00:02:08,5.01,8.03,7.37,19.23,18.92,19.01,420.96,361.77,309.8,,,,,,,,,,,,,
1787187600000,2026-08-20 01:00:00,,,,,,,,,,,,,14.819499969482422,94.0,1003.9000244140625,13.8626070022583,0,6.0346999168396,252.64588928222656,0.009999999776482582,16.269500732421875,0.11900000274181366
1787187728000,2026-08-20 01:02:08,5.01,7.93,7.36,19.2,19.32,19.04,420.96,361.77,309.8,,,,,,,,,,,,,
1787188078183,2026-08-20 01:07:58,5.03,8.08,7.41,19.16,18.7,18.82,420.96,361.77,309.8,,3613.0,42.566216216216205,,,,,,,,,,
1787191200000,2026-08-20 02:00:00,,,,,,,,,,,,,14.469499588012695,96.0,1004.5999755859375,13.839109420776367,0,6.952754497528076,248.74942016601562,0.009999999776482582,15.969499588012695,0.11900000274181366
1787191328000,2026-08-20 02:02:08,4.99,8.09,7.36,19.1,18.67,19.04,420.92,361.77,309.8,,,,,,,,,,,,,
1787194800000,2026-08-20 03:00:00,,,,,,,,,,,,,14.369500160217285,97.0,1005.2999877929688,13.899209976196289,0,8.049844741821289,243.4350128173828,0.009999999776482582,15.769499778747559,0.11900000274181366
1787194928000,2026-08-20 03:02:08,5.0,8.07,7.45,19.07,18.73,18.7,420.92,361.77,309.8,,,,,,,,,,,,,
1787198400000,2026-08-20 04:00:00,,,,,,,,,,,,,14.619500160217285,96.0,1005.7999877929688,13.988378524780273,0,9.08598804473877,236.30990600585938,0.009999999776482582,15.819499969482422,0.11900000274181366
1787198528000,2026-08-20 04:02:08,4.98,7.87,7.37,18.98,19.54,18.98,420.89,361.77,309.8,,,,,,,,,,,,,
1787202000000,2026-08-20 05:00:00,,,,,,,,,,,,,14.919499397277832,95.0,1005.9000244140625,14.125138282775879,0,5.959060192108154,244.98313903808594,0.009999999776482582,15.869500160217285,0.11900000274181366
1787202128000,2026-08-20 05:02:08,4.99,8.01,7.31,18.95,18.98,19.23,420.89,361.77,309.8,,,,,,,,,,,,,
1787205600000,2026-08-20 06:00:00,,,,,,,,,,,,,15.569499969482422,91.0,1006.4000244140625,14.105379104614258,0,8.699792861938477,245.55606079101562,0.019999999552965164,16.269500732421875,0.11999999731779099
1787205728000,2026-08-20 06:02:08,4.95,7.95,7.7,18.95,19.23,17.7,420.86,361.77,309.8,,,,,,,,,,,,,
1787209200000,2026-08-20 07:00:00,,,,,,,,,,,,,16.569499969482422,87.0,1006.7000122070312,14.396713256835938,0,8.66994857788086,228.36654663085938,0.05000000447034836,17.069499969482422,0.11999999731779099
1787209328000,2026-08-20 07:02:08,4.98,8.06,7.34,18.86,18.67,18.95,420.86,361.74,309.77,,,,,,,,,,,,,
1787209677045,2026-08-20 07:07:57,4.98,7.95,7.35,18.86,19.1,18.92,420.86,361.74,309.77,,3584.0,38.921621621621625,,,,,,,,,,
1787212800000,2026-08-20 08:00:00,,,,,,,,,,,,,17.969501495361328,78.0,1006.7999877929688,14.076910018920898,0,10.883675575256348,235.78424072265625,0.10000000894069672,18.41950035095215,0.11900000274181366
1787212927000,2026-08-20 08:02:07,4.92,7.91,7.28,18.86,19.26,19.2,420.82,361.74,309.77,,,,,,,,,,,,,
1787216400000,2026-08-20 09:00:00,,,,,,,,,,,,,18.91950035095215,71.0,1007.0999755859375,13.545378684997559,0,11.486200332641602,237.80429077148438,0.1599999964237213,19.719501495361328,0.11900000274181366
1787216528000,2026-08-20 09:02:08,4.93,7.89,7.29,18.82,19.07,19.01,420.82,361.68,309.74,,,,,,,,,,,,,
1787220000000,2026-08-20 10:00:00,,,,,,,,,,,,,19.519500732421875,68.0,1006.9000244140625,13.456199645996094,0,12.239999771118164,241.9276123046875,0.17000000178813934,20.469501495361328,0.11900000274181366
1787220128000,2026-08-20 10:02:08,4.88,7.85,7.24,18.86,19.07,19.04,420.79,361.65,309.71,,,,,,,,,,,,,
1787223600000,2026-08-20 11:00:00,,,,,,,,,,,,,20.819499969482422,65.0,1006.7000122070312,13.998892784118652,0,11.72075080871582,227.48959350585938,0.1599999964237213,21.019500732421875,0.11800000071525574
1787223728000,2026-08-20 11:02:08,4.84,7.73,7.23,18.86,19.23,18.92,420.76,361.58,309.68,,,,,,,,,,,,,
1787227200000,2026-08-20 12:00:00,,,,,,,,,,,,,21.469501495361328,60.0,1006.7000122070312,13.381135940551758,0,16.299694061279297,226.78988647460938,0.17000000178813934,21.719501495361328,0.11800000071525574
1787227328000,2026-08-20 12:02:08,4.84,7.72,7.19,18.86,18.86,18.92,420.76,361.49,309.65,,,,,,,,,,,,,
1787230800000,2026-08-20 13:00:00,,,,,,,,,,,,,22.569499969482422,53.0,1006.7000122070312,12.509405136108398,0,17.283748626708984,234.32350158691406,0.21000002324581146,22.769500732421875,0.11699999868869781
1787230928000,2026-08-20 13:02:08,4.83,7.8,7.11,18.92,18.24,18.92,420.76,361.42,309.59,,,,,,,,,,,,,
1787231277018,2026-08-20 13:07:57,4.77,7.56,7.09,18.95,19.2,18.98,420.72,361.42,309.59,,3613.0,42.566216216216205,,,,,,,,,,
1787234400000,2026-08-20 14:00:00,,,,,,,,,,,,,22.6195011138916,47.0,1006.7000122070312,10.736404418945312,0,19.862083435058594,223.53126525878906,0.1899999976158142,22.91950035095215,0.11599999666213989
1787234528000,2026-08-20 14:02:08,4.81,7.68,7.1,18.98,18.46,18.79,420.76,361.36,309.56,,,,,,,,,,,,,
1787238000000,2026-08-20 15:00:00,,,,,,,,,,,,,22.719501495361328,48.0,1006.7999877929688,11.14481258392334,0,15.62997055053711,241.07366943359375,0.17000000178813934,23.069499969482422,0.11599999666213989
1787238128000,2026-08-20 15:02:08,4.79,7.51,7.03,19.07,18.98,18.92,420.76,361.33,309.53,,,,,,,,,,,,,
1787241600000,2026-08-20 16:00:00,,,,,,,,,,,,,21.269500732421875,52.0,1007.0,11.01844596862793,0,17.55530548095703,254.53872680664062,0.11999999731779099,22.219501495361328,0.11500000208616257
1787241728000,2026-08-20 16:02:08,4.76,7.46,7.05,19.16,19.04,18.82,420.76,361.3,309.53,,,,,,,,,,,,,
1787245200000,2026-08-20 17:00:00,,,,,,,,,,,,,20.569499969482422,58.0,1006.7999877929688,12.019335746765137,0,10.787993431091309,244.29010009765625,0.10000000894069672,21.469501495361328,0.11400000005960464
1787245328000,2026-08-20 17:02:08,4.77,7.41,6.92,19.29,19.23,19.16,420.79,361.3,309.5,,,,,,,,,,,,,
1787248800000,2026-08-20 18:00:00,,,,,,,,,,,,,19.41950035095215,69.0,1007.2000122070312,13.585009574890137,0,14.039999008178711,292.6199035644531,0.05000000447034836,20.719501495361328,0.11400000005960464
1787248928000,2026-08-20 18:02:08,4.77,7.43,7.0,19.29,19.16,18.86,420.79,361.3,309.5,,,,,,,,,,,,,
1787252400000,2026-08-20 19:00:00,,,,,,,,,,,,,18.019500732421875,70.0,1007.5999755859375,12.465503692626953,0,3.239999771118164,270.0,0.029999999329447746,19.569499969482422,0.11400000005960464
1787252528000,2026-08-20 19:02:08,4.77,7.45,7.04,19.29,19.23,18.86,420.79,361.33,309.53,,,,,,,,,,,,,
1787252877748,2026-08-20 19:07:57,4.77,7.46,7.05,19.29,19.16,18.82,420.79,361.33,309.53,,3616.0,42.943243243243245,,,,,,,,,,
1787256000000,2026-08-20 20:00:00,,,,,,,,,,,,,17.16950035095215,78.0,1007.9000244140625,13.300556182861328,0,3.976329803466797,185.1943359375,0.019999999552965164,18.769500732421875,0.11299999803304672
1787256128000,2026-08-20 20:02:08,4.77,7.6,7.04,19.29,18.64,18.86,420.79,361.33,309.53,,,,,,,,,,,,,
1787259600000,2026-08-20 21:00:00,,,,,,,,,,,,,16.969501495361328,80.0,1007.7999877929688,13.494837760925293,0,7.1003098487854,210.46546936035156,0.009999999776482582,18.319499969482422,0.11299999803304672
1787259728000,2026-08-20 21:02:08,4.77,7.48,7.03,19.26,19.23,18.89,420.79,361.36,309.53,,,,,,,,,,,,,
1787263200000,2026-08-20 22:00:00,,,,,,,,,,,,,16.6195011138916,79.0,1008.2000122070312,12.961527824401855,0,7.289444923400879,212.90524291992188,0.019999999552965164,17.8695011138916,0.11299999803304672
1787263328000,2026-08-20 22:02:08,4.77,7.51,7.04,19.26,19.1,18.86,420.79,361.36,309.53,,,,,,,,,,,,,
1787266800000,2026-08-20 23:00:00,,,,,,,,,,,,,15.969499588012695,82.0,1008.4000244140625,12.898375511169434,0,7.729526996612549,207.75845336914062,0.009999999776482582,17.319499969482422,0.11299999803304672
1787266928000,2026-08-20 23:02:08,4.74,7.67,7.03,19.23,18.49,18.92,420.76,361.36,309.53,,,,,,,,,,,,,
1787270400000,2026-08-21 00:00:00,,,,,,,,,,,,,13.469499588012695,95.0,1007.9000244140625,12.68403148651123,0,6.162207126617432,186.70974731445312,0,15.919499397277832,0.1289999932050705
1787270528000,2026-08-21 00:02:08,4.78,7.65,7.05,19.1,18.58,18.82,420.76,361.36,309.53,,,,,,,,,,,,,
1787274000000,2026-08-21 01:00:00,,,,,,,,,,,,,13.519499778747559,95.0,1007.9000244140625,12.73372745513916,0,5.154415130615234,204.77511596679688,0,15.469499588012695,0.12800000607967377
1787274128000,2026-08-21 01:02:08,4.73,7.62,7.03,19.1,18.67,18.89,420.72,361.36,309.53,,,,,,,,,,,,,
1787274477591,2026-08-21 01:07:57,4.73,7.62,7.04,19.1,18.7,18.86,420.72,361.36,309.53,,3610.0,42.189189189189165,,,,,,,,,,
1787277600000,2026-08-21 02:00:00,,,,,,,,,,,,,13.319499969482422,93.0,1008.5,12.210907936096191,0,4.829906940460205,206.5649871826172,0,15.119500160217285,0.12800000607967377
1787277728000,2026-08-21 02:02:08,4.7,7.62,7.05,19.04,18.67,18.82,420.69,361.36,309.53,,,,,,,,,,,,,
1787281200000,2026-08-21 03:00:00,,,,,,,,,,,,,12.719499588012695,94.0,1008.7000122070312,11.778101921081543,0,4.452953815460205,194.03627014160156,0,14.769499778747559,0.12800000607967377
1787281328000,2026-08-21 03:02:08,4.69,7.47,7.03,18.95,19.26,18.92,420.66,361.36,309.53,,,,,,,,,,,,,
1787284800000,2026-08-21 04:00:00,,,,,,,,,,,,,12.369500160217285,95.0,1008.7999877929688,11.590744018554688,0,3.976329803466797,174.8056640625,0,14.369500160217285,0.12800000607967377
1787284928000,2026-08-21 04:02:08,4.67,7.62,7.06,18.82,18.67,18.79,420.62,361.36,309.53,,,,,,,,,,,,,
1787288400000,2026-08-21 05:00:00,,,,,,,,,,,,,12.719499588012695,94.0,1009.0,11.778101921081543,0,4.072935104370117,224.99989318847656,0,14.169499397277832,0.12800000607967377
1787288528000,2026-08-21 05:02:08,4.65,7.48,7.05,18.76,19.23,18.82,420.59,361.36,309.53,,,,,,,,,,,,,
1787292000000,2026-08-21 06:00:00,,,,,,,,,,,,,14.369500160217285,90.0,1009.2000122070312,12.750005722045898,0,6.4096174240112305,231.8427276611328,0.009999999776482582,14.919499397277832,0.12800000607967377
1787292128000,2026-08-21 06:02:08,4.64,7.62,7.05,18.64,18.67,18.82,420.56,361.36,309.53,,,,,,,,,,,,,
1787295600000,2026-08-21 07:00:00,,,,,,,,,,,,,16.41950035095215,84.0,1009.5999755859375,13.70805835723877,0,8.496304512023926,216.3844451904297,0.05000000447034836,16.569499969482422,0.12800000607967377
1787295728000,2026-08-21 07:02:08,4.61,7.71,7.05,18.55,18.33,18.82,420.52,361.36,309.53,,,,,,,,,,,,,
1787296077671,2026-08-21 07:07:57,4.61,7.51,7.03,18.55,19.1,18.89,420.52,361.36,309.53,,3603.0,41.309459459459475,,,,,,,,,,
1787299200000,2026-08-21 08:00:00,,,,,,,,,,,,,17.719501495361328,74.0,1009.7999877929688,13.025932312011719,0,10.99032211303711,238.39254760742188,0.09000000357627869,18.1195011138916,0.12800000607967377
1787299327000,2026-08-21 08:02:07,4.63,7.46,7.04,18.49,19.16,18.86,420.52,361.33,309.53,,,,,,,,,,,,,
1787302800000,2026-08-21 09:00:00,,,,,,,,,,,,,18.969501495361328,68.0,1009.9000244140625,12.931283950805664,0,11.592894554138184,244.230712890625,0.10999999940395355,19.219501495361328,0.12700000405311584
1787302928000,2026-08-21 09:02:08,21.1,38.09,39.65,14.83,14.44,15.88,434.49,392.3,340.35,,,,,,,,,,,,,
1787306400000,2026-08-21 10:00:00,,,,,,,,,,,,,19.819499969482422,64.0,1010.0,12.812676429748535,0,11.44097900390625,245.85446166992188,0.15000000596046448,20.91950035095215,0.12700000405311584
1787306528000,2026-08-21 10:02:08,17.15,29.14,31.77,14.95,14.81,16.03,430.66,382.45,330.75,,,,,,,,,,,,,
1787310000000,2026-08-21 11:00:00,,,,,,,,,,,,,20.219501495361328,64.0,1010.2000122070312,13.191621780395508,0,10.390226364135742,255.96372985839844,0.1599999964237213,21.769500732421875,0.12600000202655792
1787310128000,2026-08-21 11:02:08,16.73,27.31,29.57,15.09,15.71,16.2,430.28,380.64,328.71,,,,,,,,,,,,,
1787313600000,2026-08-21 12:00:00,,,,,,,,,,,,,20.66950035095215,61.0,1010.0999755859375,12.881726264953613,0,10.464797973632812,266.0549011230469,0.12999999523162842,21.769500732421875,0.12600000202655792
1787313728000,2026-08-21 12:02:08,16.61,26.59,28.51,15.31,15.74,16.2,430.22,379.87,327.71,,,,,,,,,,,,,
1787317200000,2026-08-21 13:00:00,,,,,,,,,,,,,20.969501495361328,59.0,1009.9000244140625,12.654436111450195,0,9.36691951751709,267.7974548339844,0.15000000596046448,22.41950035095215,0.125
1787317328000,2026-08-21 13:02:08,16.56,26.25,27.7,15.54,15.54,16.7,430.22,379.45,327.04,,,,,,,,,,,,,
1787317677295,2026-08-21 13:07:57,16.55,26.16,27.62,15.6,15.86,16.75,430.22,379.42,326.98,,3610.0,42.189189189189165,,,,,,,,,,
1787320800000,2026-08-21 14:00:00,,,,,,,,,,,,,20.91950035095215,60.0,1009.7999877929688,12.864221572875977,0,7.968938827514648,288.4350280761719,0.12999999523162842,22.319499969482422,0.12399999797344208
1787320928000,2026-08-21 14:02:08,16.55,25.94,27.11,15.77,15.63,16.93,430.25,379.13,326.53,,,,,,,,,,,,,
1787324400000,2026-08-21 15:00:00,,,,,,,,,,,,,20.719501495361328,61.0,1009.5,12.928815841674805,0,7.199999809265137,270.0,0.10000000894069672,21.819499969482422,0.12399999797344208
1787324528000,2026-08-21 15:02:08,16.53,25.68,26.65,16.0,15.91,16.93,430.28,378.91,326.1,,,,,,,,,,,,,
1787328000000,2026-08-21 16:00:00,,,,,,,,,,,,,20.819499969482422,58.0,1009.5,12.253375053405762,0,6.489992141723633,266.8202209472656,0.09000000357627869,21.469501495361328,0.12300000339746475
1787328128000,2026-08-21 16:02:08,16.48,25.41,26.38,16.23,16.2,16.35,430.28,378.68,325.74,,,,,,,,,,,,,
1787331600000,2026-08-21 17:00:00,,,,,,,,,,,,,20.019500732421875,63.0,1009.5,12.761359214782715,0,6.489992141723633,303.6900939941406,0.05999999865889549,20.8695011138916,0.12300000339746475
1787331728000,2026-08-21 17:02:08,,,,16.43,16.64,17.37,430.28,378.52,325.44,,,,,,,,,,,,,
1787335200000,2026-08-21 18:00:00,,,,,,,,,,,,,19.469501495361328,67.0,1009.7000122070312,13.18122673034668,0,5.447788238525391,277.59454345703125,0.03999999910593033,20.16950035095215,0.12200000137090683
1787335328000,2026-08-21 18:02:08,16.44,25.15,25.56,16.58,16.14,17.17,430.32,378.39,325.13,,,,,,,,,,,,,
1787338800000,2026-08-21 19:00:00,,,,,,,,,,,,,17.969501495361328,76.0,1010.0999755859375,13.676650047302246,0,9.0,323.1300048828125,0.019999999552965164,19.3695011138916,0.12200000137090683
1787338928000,2026-08-21 19:02:08,16.41,24.88,25.37,16.72,16.87,16.87,430.32,378.26,324.89,,,,,,,,,,,,,
1787339278296,2026-08-21 19:07:58,16.36,24.91,25.27,16.75,16.61,17.2,430.28,378.23,324.86,,3608.0,41.93783783783784,,,,,,,,,,
1787342400000,2026-08-21 20:00:00,,,,,,,,,,,,,16.8695011138916,80.0,1010.5,13.397490501403809,0,7.145795822143555,319.085693359375,0.019999999552965164,18.41950035095215,0.12200000137090683
1787342528000,2026-08-21 20:02:08,16.34,24.85,25.04,16.84,16.46,17.37,430.28,378.13,324.68,,,,,,,,,,,,,
1787346000000,2026-08-21 21:00:00,,,,,,,,,,,,,15.819499969482422,85.0,1010.7999877929688,13.301934242248535,0,7.9281768798828125,320.5275573730469,0.009999999776482582,17.769500732421875,0.12200000137090683
1787346128000,2026-08-21 21:02:08,16.29,24.59,24.83,16.93,17.17,17.31,430.25,378.01,324.47,,,,,,,,,,,,,
1787349600000,2026-08-21 22:00:00,,,,,,,,,,,,,15.269499778747559,88.0,1011.2000122070312,13.293517112731934,0,6.130578517913818,319.7637023925781,0.009999999776482582,17.069499969482422,0.12200000137090683
1787349728000,2026-08-21 22:02:08,16.24,24.57,24.63,17.02,16.7,17.34,430.22,377.88,324.29,,,,,,,,,,,,,
1787353200000,2026-08-21 23:00:00,,,,,,,,,,,,,14.769499778747559,86.0,1011.5,12.450324058532715,0,6.989935874938965,325.49139404296875,0.009999999776482582,16.6195011138916,0.12200000137090683
1787353328000,2026-08-21 23:02:08,16.18,24.34,24.42,17.11,17.34,17.52,430.18,377.78,324.13,,,,,,,,,,,,,
1787356800000,2026-08-22 00:00:00,,,,,,,,,,,,,14.519499778747559,83.0,1011.5999755859375,11.665912628173828,0,8.854828834533691,296.5649719238281,0.009999999776482582,16.719501495361328,0.12800000607967377
1787356928000,2026-08-22 00:02:08,16.14,24.21,24.28,17.14,17.4,17.4,430.15,377.65,323.98,,,,,,,,,,,,,
1787360400000,2026-08-22 01:00:00,,,,,,,,,,,,,14.319499969482422,85.0,1012.0999755859375,11.83088493347168,0,8.396570205688477,300.96368408203125,0.009999999776482582,16.269500732421875,0.12800000607967377
1787360528000,2026-08-22 01:02:08,16.07,24.13,24.11,17.14,17.4,17.43,430.08,377.56,323.83,,,,,,,,,,,,,
1787360877754,2026-08-22 01:07:57,16.06,24.1,24.1,17.17,17.34,17.49,430.08,377.52,323.83,,3608.0,41.93783783783784,,,,,,,,,,
1787364000000,2026-08-22 02:00:00,,,,,,,,,,,,,14.019499778747559,84.0,1012.2999877929688,11.357730865478516,0,7.289444923400879,302.9052429199219,0.009999999776482582,16.069499969482422,0.12800000607967377
1787364128000,2026-08-22 02:02:08,16.02,24.09,23.97,17.2,17.02,17.52,430.05,377.43,323.71,,,,,,,,,,,,,
1787367600000,2026-08-22 03:00:00,,,,,,,,,,,,,13.719499588012695,85.0,1012.2000122070312,11.242420196533203,0.10000000149011612,8.55710220336914,284.62091064453125,0.009999999776482582,15.819499969482422,0.12800000607967377
1787367728000,2026-08-22 03:02:08,15.97,23.88,23.8,17.22,17.58,17.7,430.01,377.33,323.59,,,,,,,,,,,,,
1787371200000,2026-08-22 04:00:00,,,,,,,,,,,,,13.419499397277832,85.0,1012.4000244140625,10.948175430297852,0,9.114471435546875,279.0901794433594,0.009999999776482582,15.569499969482422,0.12800000607967377
1787371328000,2026-08-22 04:02:08,15.91,23.83,23.66,17.2,17.25,17.58,429.95,377.2,323.44,,,,,,,,,,,,,
1787374800000,2026-08-22 05:00:00,,,,,,,,,,,,,13.319499969482422,85.0,1012.5,10.850093841552734,0,7.594207286834717,275.44024658203125,0.009999999776482582,15.369500160217285,0.12800000607967377
1787374928000,2026-08-22 05:02:08,15.84,23.67,23.52,17.2,17.58,17.79,429.88,377.11,323.35,,,,,,,,,,,,,
1787378400000,2026-08-22 06:00:00,,,,,,,,,,,,,13.619500160217285,84.0,1013.0999755859375,10.965965270996094,0,8.31124496459961,274.9696350097656,0.019999999552965164,15.419499397277832,0.12800000607967377
1787378528000,2026-08-22 06:02:08,15.76,23.54,23.42,17.22,17.67,17.67,429.81,376.98,323.23,,,,,,,,,,,,,
1787382000000,2026-08-22 07:00:00,,,,,,,,,,,,,14.719499588012695,80.0,1013.7000122070312,11.304316520690918,0,9.779816627502441,276.340087890625,0.03999999910593033,16.1195011138916,0.12800000607967377
1787382128000,2026-08-22 07:02:08,15.73,23.56,23.32,17.22,17.11,17.67,429.78,376.88,323.14,,,,,,,,,,,,,
1787382477821,2026-08-22 07:07:57,15.73,23.42,23.28,17.22,17.79,17.7,429.78,376.88,323.11,,3610.0,42.189189189189165,,,,,,,,,,
1787385600000,2026-08-22 08:00:00,,,,,,,,,,,,,16.069499969482422,75.0,1014.2999877929688,11.637701988220215,0,11.252518653869629,277.352294921875,0.05999999865889549,17.269500732421875,0.12800000607967377
1787385729000,2026-08-22 08:02:09,15.64,23.25,23.16,17.28,18.0,17.79,429.71,376.75,323.02,,,,,,,,,,,,,
1787389200000,2026-08-22 09:00:00,,,,,,,,,,,,,16.769500732421875,70.0,1015.0,11.268003463745117,0,13.319999694824219,288.92474365234375,0.07999999821186066,18.269500732421875,0.12800000607967377
1787389328000,2026-08-22 09:02:08,15.61,23.3,23.02,17.28,17.22,17.88,429.68,376.63,322.9,,,,,,,,,,,,,
1787392800000,2026-08-22 10:00:00,,,,,,,,,,,,,17.91950035095215,65.0,1015.2999877929688,11.246100425720215,0,14.44044303894043,274.2890625,0.10000000894069672,19.16950035095215,0.12700000405311584
1787392928000,2026-08-22 10:02:08,15.5,23.06,22.85,17.25,17.79,17.85,429.57,376.5,322.74,,,,,,,,,,,,,
1787396400000,2026-08-22 11:00:00,,,,,,,,,,,,,18.16950035095215,51.0,1015.5999755859375,7.867237567901611,0,17.377225875854492,283.17254638671875,0.11999999731779099,19.91950035095215,0.12700000405311584
1787396528000,2026-08-22 11:02:08,15.43,22.98,22.72,17.28,17.34,17.85,429.51,376.31,322.62,,,,,,,,,,,,,
1787400000000,2026-08-22 12:00:00,,,,,,,,,,,,,18.66950035095215,51.0,1015.7000122070312,8.328539848327637,0,14.658676147460938,294.6768493652344,0.10999999940395355,19.3695011138916,0.12600000202655792
1787400128000,2026-08-22 12:02:08,15.34,22.73,22.57,17.34,17.97,17.76,429.44,376.18,322.47,,,,,,,,,,,,,
1787403600000,2026-08-22 13:00:00,,,,,,,,,,,,,18.6195011138916,51.0,1016.0999755859375,8.282414436340332,0,18.792551040649414,290.1707458496094,0.11999999731779099,20.1195011138916,0.12600000202655792
1787403728000,2026-08-22 13:02:08,15.3,22.75,22.44,17.4,17.31,17.76,429.41,376.05,322.35,,,,,,,,,,,,,
1787404077580,2026-08-22 13:07:57,15.3,22.62,22.38,17.4,17.76,17.91,429.41,376.02,322.32,,3610.0,42.189189189189165,,,,,,,,,,
1787407200000,2026-08-22 14:00:00,,,,,,,,,,,,,19.719501495361328,48.0,1015.7999877929688,8.399091720581055,0,17.87355613708496,279.27252197265625,0.12999999523162842,20.569499969482422,0.125
1787407328000,2026-08-22 14:02:08,15.24,22.65,22.29,17.46,17.2,17.73,429.37,375.92,322.2,,,,,,,,,,,,,
1787410800000,2026-08-22 15:00:00,,,,,,,,,,,,,19.66950035095215,44.0,1016.0999755859375,7.076089382171631,0,14.118243217468262,289.35906982421875,0.14000001549720764,20.969501495361328,0.125
1787410928000,2026-08-22 15:02:08,15.18,22.53,22.14,17.58,17.17,17.79,429.34,375.79,322.08,,,,,,,,,,,,,
1787414400000,2026-08-22 16:00:00,,,,,,,,,,,,,18.41950035095215,54.0,1016.9000244140625,8.942313194274902,0,18.21827507019043,299.6043395996094,0.09000000357627869,20.3695011138916,0.12399999797344208
1787414528000,2026-08-22 16:02:08,15.14,22.35,21.98,17.58,17.34,17.79,429.3,375.63,321.93,,,,,,,,,,,,,
1787418000000,2026-08-22 17:00:00,,,,,,,,,,,,,17.91950035095215,57.0,1017.4000244140625,9.27889633178711,0,12.864648818969727,287.9280090332031,0.07000000774860382,19.469501495361328,0.12399999797344208
1787418128000,2026-08-22 17:02:08,15.08,22.14,21.78,17.7,17.82,17.97,429.27,375.51,321.78,,,,,,,,,,,,,
1787421600000,2026-08-22 18:00:00,,,,,,,,,,,,,17.519500732421875,58.0,1017.9000244140625,9.162906646728516,0,10.390226364135742,284.0362548828125,0.03999999910593033,18.66950035095215,0.12300000339746475
1787421728000,2026-08-22 18:02:08,15.0,22.03,21.65,17.7,17.88,17.94,429.2,375.41,321.66,,,,,,,,,,,,,
1787425200000,2026-08-22 19:00:00,,,,,,,,,,,,,16.41950035095215,63.0,1018.5,9.35599136352539,0,9.387650489807129,274.39862060546875,0.019999999552965164,17.819499969482422,0.12300000339746475
1787425328000,2026-08-22 19:02:08,14.96,21.93,21.53,17.76,17.91,17.91,429.17,375.31,321.54,,,,,,,,,,,,,
1787425676471,2026-08-22 19:07:56,14.96,22.12,21.52,17.76,16.99,17.94,429.17,375.31,321.54,,3610.0,42.189189189189165,,,,,,,,,,
1787428800000,2026-08-22 20:00:00,,,,,,,,,,,,,15.369500160217285,65.0,1018.9000244140625,8.824247360229492,0,10.041354179382324,284.53448486328125,0.019999999552965164,17.019500732421875,0.12300000339746475
1787428928000,2026-08-22 20:02:08,14.93,21.85,21.44,17.73,18.0,17.88,429.14,375.25,321.45,,,,,,,,,,,,,
1787432400000,2026-08-22 21:00:00,,,,,,,,,,,,,14.119500160217285,73.0,1019.0999755859375,9.351009368896484,0,9.064568519592285,263.1573181152344,0.019999999552965164,16.16950035095215,0.12300000339746475
1787432528000,2026-08-22 21:02:08,14.88,21.76,21.26,17.76,18.0,18.09,429.1,375.15,321.33,,,,,,,,,,,,,
1787436000000,2026-08-22 22:00:00,,,,,,,,,,,,,13.319499969482422,80.0,1019.2999877929688,9.941069602966309,0,10.594036102294922,260.2176513671875,0.009999999776482582,15.569499969482422,0.12300000339746475
1787436128000,2026-08-22 22:02:08,14.85,21.8,21.21,17.79,17.55,17.88,429.07,375.09,321.24,,,,,,,,,,,,,
1787439600000,2026-08-22 23:00:00,,,,,,,,,,,,,12.819499969482422,83.0,1019.5999755859375,10.003250122070312,0,10.661107063293457,258.3106689453125,0.009999999776482582,15.069499969482422,0.12300000339746475
1787439728000,2026-08-22 23:02:08,14.78,21.69,21.06,17.76,17.64,18.12,429.0,374.99,321.15,,,,,,,,,,,,,
1787443200000,2026-08-23 00:00:00,,,,,,,,,,,,,12.819499969482422,83.0,1020.2000122070312,10.003250122070312,0,10.308831214904785,257.9052429199219,0.009999999776482582,14.869500160217285,0.12600000202655792
1787443328000,2026-08-23 00:02:08,14.74,21.67,21.04,17.76,17.43,17.88,428.97,374.93,321.09,,,,,,,,,,,,,
1787446800000,2026-08-23 01:00:00,,,,,,,,,,,,,12.269499778747559,87.0,1020.2999877929688,10.167804718017578,0,11.17740535736084,255.0685272216797,0.009999999776482582,14.419499397277832,0.12600000202655792
1787446928000,2026-08-23 01:02:08,14.68,21.58,20.93,17.7,17.58,17.97,428.9,374.86,321.0,,,,,,,,,,,,,
1787447276378,2026-08-23 01:07:56,14.68,21.6,20.95,17.73,17.34,17.85,428.9,374.83,321.0,,3610.0,42.189189189189165,,,,,,,,,,
1787450400000,2026-08-23 02:00:00,,,,,,,,,,,,,11.819499969482422,90.0,1020.2999877929688,10.231834411621094,0,10.82995891571045,254.57777404785156,0.009999999776482582,14.019499778747559,0.125
1787450528000,2026-08-23 02:02:08,14.61,21.39,20.83,17.67,18.09,17.97,428.83,374.77,320.91,,,,,,,,,,,,,
1787454000000,2026-08-23 03:00:00,,,,,,,,,,,,,11.619500160217285,90.0,1020.2999877929688,10.034317970275879,0,10.787993431091309,244.29010009765625,0.009999999776482582,13.669499397277832,0.125
1787454128000,2026-08-23 03:02:08,14.6,21.33,20.76,17.61,18.06,17.94,428.8,374.7,320.84,,,,,,,,,,,,,
1787457600000,2026-08-23 04:00:00,,,,,,,,,,,,,11.269499778747559,92.0,1020.5,10.01680850982666,0,10.58791732788086,252.18101501464844,0,13.319499969482422,0.125
1787457728000,2026-08-23 04:02:08,14.53,21.33,20.66,17.58,17.64,17.91,428.73,374.61,320.75,,,,,,,,,,,,,
1787461200000,2026-08-23 05:00:00,,,,,,,,,,,,,11.619500160217285,90.0,1020.7000122070312,10.034317970275879,0,10.948972702026367,242.59249877929688,0.009999999776482582,13.269499778747559,0.125
1787461328000,2026-08-23 05:02:08,14.46,21.28,20.58,17.55,17.55,18.0,428.66,374.54,320.69,,,,,,,,,,,,,
1787464800000,2026-08-23 06:00:00,,,,,,,,,,,,,12.669499397277832,85.0,1021.0,10.212541580200195,0,11.525623321533203,255.5296630859375,0.009999999776482582,13.819499969482422,0.125
1787464928000,2026-08-23 06:02:08,14.39,21.09,20.49,17.52,18.06,17.97,428.59,374.45,320.6,,,,,,,,,,,,,
1787468400000,2026-08-23 07:00:00,,,,,,,,,,,,,13.969499588012695,79.0,1021.2999877929688,10.385293006896973,0,13.708391189575195,256.32867431640625,0.029999999329447746,14.769499778747559,0.125
1787468528000,2026-08-23 07:02:08,14.33,21.01,20.5,17.49,18.0,17.61,428.53,374.35,320.54,,,,,,,,,,,,,
1787468876301,2026-08-23 07:07:56,14.34,21.13,20.4,17.46,17.43,18.06,428.53,374.35,320.54,,3608.0,41.93783783783784,,,,,,,,,,
1787472000000,2026-08-23 08:00:00,,,,,,,,,,,,,14.669499397277832,73.0,1021.5,9.880777359008789,0,15.72503662109375,254.05453491210938,0.03999999910593033,15.619500160217285,0.125
1787472126000,2026-08-23 08:02:06,14.3,20.87,20.28,17.43,18.27,18.18,428.49,374.26,320.45,,,,,,,,,,,,,
1787475600000,2026-08-23 09:00:00,,,,,,,,,,,,,16.3695011138916,66.0,1021.7999877929688,10.002147674560547,0,16.62248992919922,265.03033447265625,0.07000000774860382,16.91950035095215,0.125
1787475728000,2026-08-23 09:02:08,14.24,20.81,20.23,17.4,17.97,17.94,428.43,374.13,320.36,,,,,,,,,,,,,
1787479200000,2026-08-23 10:00:00,,,,,,,,,,,,,17.3695011138916,60.0,1021.9000244140625,9.526220321655273,0,17.373497009277344,275.94677734375,0.10999999940395355,18.219501495361328,0.125
1787479328000,2026-08-23 10:02:08,14.16,20.78,20.11,17.43,17.64,18.03,428.36,374.03,320.27,,,,,,,,,,,,,
1787482800000,2026-08-23 11:00:00,,,,,,,,,,,,,18.41950035095215,57.0,1021.7999877929688,9.746301651000977,0,17.227418899536133,280.84027099609375,0.12999999523162842,19.91950035095215,0.12399999797344208
1787482928000,2026-08-23 11:02:08,,,,17.46,17.91,17.91,428.32,373.91,320.15,,,,,,,,,,,,,
1787486400000,2026-08-23 12:00:00,,,,,,,,,,,,,18.319499969482422,55.0,1021.7999877929688,9.121509552001953,0,17.163354873657227,279.6598205566406,0.11999999731779099,20.019500732421875,0.12399999797344208
1787486528000,2026-08-23 12:02:08,14.04,20.52,19.9,17.46,17.91,17.94,428.26,373.81,320.06,,,,,,,,,,,,,
1787490000000,2026-08-23 13:00:00,,,,,,,,,,,,,19.1195011138916,54.0,1021.7000122070312,9.592424392700195,0,19.694992065429688,288.1038513183594,0.11999999731779099,20.6195011138916,0.12300000339746475
1787490128000,2026-08-23 13:02:08,13.96,20.5,19.8,17.49,17.4,17.91,428.19,373.68,319.97,,,,,,,,,,,,,
1787490476658,2026-08-23 13:07:56,13.97,20.39,19.76,17.46,17.91,17.94,428.19,373.68,319.94,,3610.0,42.189189189189165,,,,,,,,,,
1787493600000,2026-08-23 14:00:00,,,,,,,,,,,,,19.6195011138916,48.0,1021.5999755859375,8.307520866394043,0,16.099689483642578,296.5649719238281,0.10999999940395355,20.569499969482422,0.12300000339746475
1787493728000,2026-08-23 14:02:08,13.93,20.32,19.68,17.49,17.88,17.88,428.16,373.59,319.85,,,,,,,,,,,,,
1787497200000,2026-08-23 15:00:00,,,,,,,,,,,,,18.219501495361328,50.0,1021.7999877929688,7.622569561004639,0,16.05535316467285,289.6539001464844,0.10999999940395355,20.219501495361328,0.12200000137090683
1787497328000,2026-08-23 15:02:08,13.88,20.17,19.56,17.52,17.97,17.94,428.12,373.46,319.76,,,,,,,,,,,,,
1787500800000,2026-08-23 16:00:00,,,,,,,,,,,,,19.019500732421875,51.0,1021.5,8.651411056518555,0,13.009902954101562,284.4208068847656,0.09000000357627869,19.819499969482422,0.12200000137090683
1787500928000,2026-08-23 16:02:08,13.83,20.04,19.42,17.61,18.03,18.0,428.09,373.33,319.64,,,,,,,,,,,,,
1787504400000,2026-08-23 17:00:00,,,,,,,,,,,,,17.3695011138916,60.0,1021.9000244140625,9.526220321655273,0,12.031756401062012,308.92755126953125,0.05999999865889549,19.019500732421875,0.12099999934434891
1787504528000,2026-08-23 17:02:08,13.77,19.97,19.34,17.67,17.91,17.91,428.05,373.23,319.55,,,,,,,,,,,,,
1787508000000,2026-08-23 18:00:00,,,,,,,,,,,,,16.8695011138916,62.0,1021.9000244140625,9.543275833129883,0,9.199390411376953,300.5791320800781,0.03999999910593033,18.16950035095215,0.12099999934434891
1787508128000,2026-08-23 18:02:08,13.73,19.89,19.22,17.7,18.0,18.0,428.02,373.17,319.46,,,,,,,,,,,,,
1787511600000,2026-08-23 19:00:00,,,,,,,,,,,,,15.669499397277832,70.0,1022.0999755859375,10.214001655578613,0,7.56856632232666,272.72625732421875,0.019999999552965164,17.16950035095215,0.12099999934434891
1787511728000,2026-08-23 19:02:08,13.73,19.95,19.18,17.7,17.61,17.85,428.02,373.14,319.4,,,,,,,,,,,,,
1787512077979,2026-08-23 19:07:57,13.72,19.82,19.13,17.73,18.21,17.94,428.02,373.14,319.37,,3595.0,40.30405405405407,,,,,,,,,,
1787515200000,2026-08-23 20:00:00,,,,,,,,,,,,,14.369500160217285,76.0,1022.4000244140625,10.193303108215332,0,7.5170207023620605,286.6993103027344,0.009999999776482582,16.16950035095215,0.12099999934434891
1787515328000,2026-08-23 20:02:08,13.69,19.85,19.02,17.73,17.94,18.12,427.99,373.11,319.31,,,,,,,,,,,,,
1787518800000,2026-08-23 21:00:00,,,,,,,,,,,,,13.219499588012695,82.0,1022.5999755859375,10.21286678314209,0,6.162207126617432,276.7097473144531,0.009999999776482582,15.319499969482422,0.12099999934434891
1787518928000,2026-08-23 21:02:08,13.65,19.9,19.01,17.7,17.4,17.88,427.95,373.04,319.25,,,,,,,,,,,,,
1787522400000,2026-08-23 22:00:00,,,,,,,,,,,,,12.519499778747559,84.0,1022.7999877929688,9.888545036315918,0,7.2805495262146,278.5306701660156,0.009999999776482582,14.769499778747559,0.11999999731779099
1787522528000,2026-08-23 22:02:08,13.61,19.7,18.93,17.76,18.18,17.94,427.92,373.01,319.19,,,,,,,,,,,,,
1787526000000,2026-08-23 23:00:00,,,,,,,,,,,,,11.919499397277832,88.0,1022.9000244140625,9.994245529174805,0,6.519876956939697,276.340087890625,0.009999999776482582,14.219499588012695,0.11999999731779099
1787526128000,2026-08-23 23:02:08,13.59,19.68,18.91,17.7,18.0,17.73,427.89,372.95,319.13,,,,,,,,,,,,,
1787529600000,2026-08-24 00:00:00,,,,,,,,,,,,,12.469499588012695,82.0,1023.0,9.48033618927002,0,7.235910415649414,275.71051025390625,0.009999999776482582,14.319499969482422,0.12399999797344208
1787529728000,2026-08-24 00:02:08,13.56,19.66,18.9,17.64,17.91,17.46,427.85,372.91,319.07,,,,,,,,,,,,,
1787533200000,2026-08-24 01:00:00,,,,,,,,,,,,,12.619500160217285,82.0,1023.2000122070312,9.626846313476562,0,6.519876956939697,263.659912109375,0.009999999776482582,14.219499588012695,0.12399999797344208
1787533328000,2026-08-24 01:02:08,13.54,19.59,18.68,17.58,17.97,18.15,427.82,372.85,319.01,,,,,,,,,,,,,
1787533677906,2026-08-24 01:07:57,13.53,19.59,18.73,17.61,18.0,17.91,427.82,372.85,319.01,,3608.0,41.93783783783784,,,,,,,,,,
1787536800000,2026-08-24 02:00:00,,,,,,,,,,,,,12.619500160217285,83.0,1022.9000244140625,9.807625770568848,0,5.447788238525391,262.40545654296875,0.009999999776482582,14.269499778747559,0.12399999797344208
1787536928000,2026-08-24 02:02:08,13.49,19.66,18.66,17.58,17.52,17.94,427.78,372.82,318.95,,,,,,,,,,,,,
1787540400000,2026-08-24 03:00:00,,,,,,,,,,,,,12.119500160217285,87.0,1022.7000122070312,10.020262718200684,0,6.287129878997803,256.75946044921875,0.009999999776482582,14.019499778747559,0.12399999797344208
1787540528000,2026-08-24 03:02:08,13.47,19.61,18.64,17.55,17.64,17.88,427.75,372.79,318.92,,,,,,,,,,,,,
1787544000000,2026-08-24 04:00:00,,,,,,,,,,,,,11.719499588012695,89.0,1022.9000244140625,9.965998649597168,0,5.815978050231934,248.1985321044922,0,13.669499397277832,0.12399999797344208
1787544128000,2026-08-24 04:02:08,13.44,19.58,18.57,17.52,17.46,17.91,427.72,372.72,318.86,,,,,,,,,,,,,
1787547600000,2026-08-24 05:00:00,,,,,,,,,,,,,11.869500160217285,88.0,1023.0999755859375,9.944997787475586,0,6.725354194641113,254.475830078125,0,13.569499969482422,0.12399999797344208
1787547728000,2026-08-24 05:02:08,13.39,19.44,18.49,17.43,17.97,17.94,427.65,372.69,318.8,,,,,,,,,,,,,
1787551200000,2026-08-24 06:00:00,,,,,,,,,,,,,12.669499397277832,85.0,1023.4000244140625,10.212541580200195,0,6.162207126617432,263.2902526855469,0.009999999776482582,13.969499588012695,0.12399999797344208
1787551328000,2026-08-24 06:02:08,13.36,19.52,18.47,17.4,17.46,17.88,427.62,372.66,318.77,,,,,,,,,,,,,
1787554800000,2026-08-24 07:00:00,,,,,,,,,,,,,13.719499588012695,80.0,1023.4000244140625,10.33059024810791,0,5.191993713378906,303.6900939941406,0.019999999552965164,14.769499778747559,0.12399999797344208
1787554928000,2026-08-24 07:02:08,13.34,19.35,18.42,17.31,17.97,17.82,427.58,372.6,318.71,,,,,,,,,,,,,
1787555277973,2026-08-24 07:07:57,13.33,19.33,18.4,17.34,17.91,17.91,427.58,372.56,318.71,,3610.0,42.189189189189165,,,,,,,,,,
1787558400000,2026-08-24 08:00:00,,,,,,,,,,,,,15.569499969482422,74.0,1023.5999755859375,10.952325820922852,0,3.8939952850341797,303.6900939941406,0.05000000447034836,16.719501495361328,0.12399999797344208
1787558528000,2026-08-24 08:02:08,13.3,19.4,18.32,17.34,17.31,17.94,427.55,372.5,318.65,,,,,,,,,,,,,
1787562000000,2026-08-24 09:00:00,,,,,,,,,,,,,17.219501495361328,65.0,1023.2999877929688,10.581398963928223,0,2.6208393573760986,344.0545349121094,0.07000000774860382,18.8695011138916,0.12399999797344208
1787562128000,2026-08-24 09:02:08,13.25,19.21,18.24,17.34,17.91,18.0,427.51,372.44,318.59,,,,,,,,,,,,,
1787565600000,2026-08-24 10:00:00,,,,,,,,,,,,,18.319499969482422,58.0,1023.0,9.912343978881836,0,2.595996856689453,326.3099060058594,0.09000000357627869,20.219501495361328,0.12300000339746475
1787565728000,2026-08-24 10:02:08,13.23,19.13,18.21,17.31,17.85,17.82,427.48,372.34,318.53,,,,,,,,,,,,,
1787569200000,2026-08-24 11:00:00,,,,,,,,,,,,,18.66950035095215,55.0,1022.7999877929688,9.447293281555176,0,3.3190360069274902,319.3987731933594,0.09000000357627869,20.66950035095215,0.12300000339746475
1787569328000,2026-08-24 11:02:08,13.2,19.35,18.09,17.28,16.4,17.94,427.45,372.24,318.44,,,,,,,,,,,,,
1787572800000,2026-08-24 12:00:00,,,,,,,,,,,,,19.019500732421875,54.0,1022.7999877929688,9.499557495117188,0,1.6099690198898315,26.564985275268555,0.07999999821186066,20.469501495361328,0.12300000339746475
1787572928000,2026-08-24 12:02:08,13.13,19.05,18.01,17.4,17.4,17.82,427.41,372.15,318.35,,,,,,,,,,,,,
1787576400000,2026-08-24 13:00:00,,,,,,,,,,,,,19.519500732421875,53.0,1022.7000122070312,9.684839248657227,0,2.595996856689453,56.309913635253906,0.07999999821186066,20.719501495361328,0.12200000137090683
1787576528000,2026-08-24 13:02:08,13.12,18.94,17.91,17.46,17.46,17.82,427.41,372.05,318.26,,,,,,,,,,,,,
1787576877998,2026-08-24 13:07:57,13.12,18.94,17.9,17.46,17.31,17.88,427.41,372.02,318.26,,3613.0,42.566216216216205,,,,,,,,,,
1787580000000,2026-08-24 14:00:00,,,,,,,,,,,,,19.66950035095215,52.0,1022.2000122070312,9.539803504943848,0,4.679999828338623,90.0,0.09000000357627869,21.269500732421875,0.12200000137090683
1787580128000,2026-08-24 14:02:08,13.07,19.04,17.86,17.52,16.58,17.73,427.38,371.96,318.2,,,,,,,,,,,,,
1787583600000,2026-08-24 15:00:00,,,,,,,,,,,,,19.969501495361328,51.0,1021.5,9.52760124206543,0,4.104631423950195,74.74482727050781,0.07000000774860382,21.1195011138916,0.12200000137090683
1787583728000,2026-08-24 15:02:08,13.05,18.79,17.75,17.58,17.28,17.79,427.38,371.86,318.11,,,,,,,,,,,,,
1787587200000,2026-08-24 16:00:00,,,,,,,,,,,,,20.319499969482422,49.0,1020.7000122070312,9.254473686218262,0,6.162207126617432,96.7097396850586,0.09000000357627869,21.66950035095215,0.12099999934434891
1787587328000,2026-08-24 16:02:08,12.99,18.57,17.63,17.7,17.91,17.85,427.35,371.77,318.02,,,,,,,,,,,,,
1787590800000,2026-08-24 17:00:00,,,,,,,,,,,,,20.069499969482422,50.0,1020.2000122070312,9.325048446655273,0,6.849466800689697,86.9872817993164,0.07000000774860382,21.069499969482422,0.12099999934434891
1787590928000,2026-08-24 17:02:08,12.97,18.59,17.65,17.82,17.4,17.46,427.35,371.67,317.96,,,,,,,,,,,,,
1787594400000,2026-08-24 18:00:00,,,,,,,,,,,,,19.269500732421875,55.0,1020.0999755859375,10.005704879760742,0,5.506940841674805,78.69010162353516,0.029999999329447746,19.91950035095215,0.12099999934434891
1787594528000,2026-08-24 18:02:08,12.96,18.56,17.52,17.85,17.4,17.76,427.35,371.64,317.9,,,,,,,,,,,,,
1787598000000,2026-08-24 19:00:00,,,,,,,,,,,,,17.3695011138916,65.0,1020.2000122070312,10.72384262084961,0,5.001279830932617,59.74365234375,0.009999999776482582,18.41950035095215,0.11999999731779099
1787598128000,2026-08-24 19:02:08,12.94,18.54,17.44,17.94,17.34,17.82,427.35,371.61,317.84,,,,,,,,,,,,,
1787598477353,2026-08-24 19:07:57,12.94,18.41,17.44,17.94,17.97,17.79,427.35,371.61,317.84,,3608.0,41.93783783783784,,,,,,,,,,
1787601600000,2026-08-24 20:00:00,,,,,,,,,,,,,15.869500160217285,73.0,1020.2000122070312,11.03649616241455,0,5.315336227416992,61.6993408203125,0.009999999776482582,17.269500732421875,0.11999999731779099
1787601728000,2026-08-24 20:02:08,12.94,18.55,17.33,17.94,17.28,18.0,427.35,371.61,317.78,,,,,,,,,,,,,
1787605200000,2026-08-24 21:00:00,,,,,,,,,,,,,14.819499969482422,76.0,1020.2000122070312,10.62880802154541,0,5.959060192108154,64.98314666748047,0.009999999776482582,16.41950035095215,0.11999999731779099
1787605328000,2026-08-24 21:02:08,12.94,18.31,17.31,17.94,18.24,17.94,427.35,371.57,317.75,,,,,,,,,,,,,
1787608800000,2026-08-24 22:00:00,,,,,,,,,,,,,14.019499778747559,79.0,1019.7999877929688,10.433910369873047,0,6.0346999168396,72.64588928222656,0.009999999776482582,15.769499778747559,0.11999999731779099
1787608928000,2026-08-24 22:02:08,12.89,18.34,17.31,17.97,17.94,17.61,427.31,371.54,317.69,,,,,,,,,,,,,
1787612400000,2026-08-24 23:00:00,,,,,,,,,,,,,13.519499778747559,79.0,1019.4000244140625,9.947749137878418,0,6.830519199371338,71.5649642944336,0.009999999776482582,15.219499588012695,0.11999999731779099
1787612528000,2026-08-24 23:02:08,12.87,18.3,17.19,17.91,18.0,17.85,427.28,371.51,317.63,,,,,,,,,,,,,
1787616000000,2026-08-25 00:00:00,,,,,,,,,,,,,12.169499397277832,83.0,1018.4000244140625,9.367463111877441,0,7.072877883911133,75.25639343261719,0.009999999776482582,14.369500160217285,0.12300000339746475
1787616128000,2026-08-25 00:02:08,12.85,18.39,17.16,17.85,17.58,17.82,427.25,371.51,317.6,,,,,,,,,,,,,
1787619600000,2026-08-25 01:00:00,,,,,,,,,,,,,11.769499778747559,84.0,1019.0999755859375,9.153885841369629,0,7.968938827514648,71.5649642944336,0.009999999776482582,13.969499588012695,0.12300000339746475
1787619728000,2026-08-25 01:02:08,12.82,18.38,17.14,17.79,17.52,17.79,427.21,371.48,317.57,,,,,,,,,,,,,
1787620077503,2026-08-25 01:07:57,12.81,18.29,17.1,17.82,17.94,17.94,427.21,371.48,317.57,,3610.0,42.189189189189165,,,,,,,,,,
1787623200000,2026-08-25 02:00:00,,,,,,,,,,,,,11.419499397277832,86.0,1018.7999877929688,9.15993881225586,0,8.31124496459961,72.34979248046875,0.009999999776482582,13.619500160217285,0.12300000339746475
1787623328000,2026-08-25 02:02:08,12.75,18.24,17.06,17.76,18.03,17.82,427.14,371.45,317.51,,,,,,,,,,,,,
1787626800000,2026-08-25 03:00:00,,,,,,,,,,,,,11.119500160217285,88.0,1018.7000122070312,9.206263542175293,0,8.049844741821289,79.6952133178711,0,13.269499778747559,0.12300000339746475
1787626928000,2026-08-25 03:02:08,12.74,18.22,17.02,17.64,17.97,17.85,427.11,371.42,317.48,,,,,,,,,,,,,
1787630400000,2026-08-25 04:00:00,,,,,,,,,,,,,10.969499588012695,89.0,1018.2999877929688,9.226272583007812,0,9.107358932495117,71.5649642944336,0,12.919499397277832,0.12300000339746475
1787630528000,2026-08-25 04:02:08,12.74,18.24,16.99,17.52,17.7,17.85,427.08,371.38,317.45,,,,,,,,,,,,,
1787634000000,2026-08-25 05:00:00,,,,,,,,,,,,,10.969499588012695,89.0,1018.2000122070312,9.226272583007812,0,8.404284477233887,80.13426208496094,0,12.719499588012695,0.12300000339746475
1787634128000,2026-08-25 05:02:08,12.66,18.2,17.07,17.52,17.61,17.31,427.01,371.32,317.42,,,,,,,,,,,,,
1787637600000,2026-08-25 06:00:00,,,,,,,,,,,,,12.269499778747559,84.0,1018.2999877929688,9.643664360046387,0,9.53150463104248,79.11451721191406,0.009999999776482582,13.269499778747559,0.12300000339746475
1787637728000,2026-08-25 06:02:08,12.65,18.21,16.88,17.4,17.43,17.88,426.98,371.29,317.36,,,,,,,,,,,,,
1787641200000,2026-08-25 07:00:00,,,,,,,,,,,,,14.619500160217285,76.0,1018.2000122070312,10.43525505065918,0,10.948972702026367,80.53775024414062,0.029999999329447746,14.819499969482422,0.12300000339746475
1787641328000,2026-08-25 07:02:08,12.62,18.18,16.85,17.37,17.46,17.85,426.94,371.26,317.33,,,,,,,,,,,,,
1787641677502,2026-08-25 07:07:57,,,,17.37,17.4,17.85,426.94,371.26,317.33,,3608.0,41.93783783783784,,,,,,,,,,
1787644800000,2026-08-25 08:00:00,,,,,,,,,,,,,17.069499969482422,68.0,1018.2000122070312,11.117544174194336,0,13.339445114135742,86.906005859375,0.05999999865889549,17.019500732421875,0.12300000339746475
1787644928000,2026-08-25 08:02:08,12.6,18.0,16.79,17.28,17.97,17.82,426.91,371.19,317.27,,,,,,,,,,,,,
1787648400000,2026-08-25 09:00:00,,,,,,,,,,,,,19.1195011138916,62.0,1018.0999755859375,11.66770076751709,0,14.44044303894043,85.71092987060547,0.09000000357627869,19.219501495361328,0.12300000339746475
1787648528000,2026-08-25 09:02:08,12.57,18.08,16.77,17.25,17.34,17.76,426.87,371.13,317.24,,,,,,,,,,,,,
1787652000000,2026-08-25 10:00:00,,,,,,,,,,,,,20.66950035095215,57.0,1017.7999877929688,11.84890365600586,0,15.856355667114258,87.39749908447266,0.11999999731779099,21.16950035095215,0.12300000339746475
1787652128000,2026-08-25 10:02:08,12.58,17.9,16.64,17.2,17.7,17.88,426.87,371.03,317.15,,,,,,,,,,,,,
1787655600000,2026-08-25 11:00:00,,,,,,,,,,,,,21.91950035095215,50.0,1017.4000244140625,11.02655029296875,0,16.93531036376953,87.56340789794922,0.14000001549720764,22.519500732421875,0.12200000137090683
1787655728000,2026-08-25 11:02:08,12.51,17.88,16.56,17.22,17.28,17.76,426.81,370.91,317.06,,,,,,,,,,,,,
1787659200000,2026-08-25 12:00:00,,,,,,,,,,,,,23.1195011138916,41.0,1017.0999755859375,9.14844036102295,0,18.003599166870117,101.53459167480469,0.1599999964237213,23.569499969482422,0.12200000137090683
1787659328000,2026-08-25 12:02:08,12.46,17.76,16.45,17.22,17.22,17.79,426.77,370.78,316.97,,,,,,,,,,,,,
1787662800000,2026-08-25 13:00:00,,,,,,,,,,,,,24.019500732421875,38.0,1016.9000244140625,8.825946807861328,0,18.37411117553711,92.24569702148438,0.17000000178813934,24.469501495361328,0.12099999934434891
1787662928000,2026-08-25 13:02:08,12.41,17.57,16.36,17.31,17.4,17.73,426.74,370.62,316.88,,,,,,,,,,,,,
1787663300786,2026-08-25 13:08:20,12.39,17.43,16.31,17.37,18.06,17.97,426.74,370.62,316.88,,3610.0,42.189189189189165,,,,,,,,,,
1787666400000,2026-08-25 14:00:00,,,,,,,,,,,,,24.219501495361328,38.0,1016.7000122070312,9.003833770751953,0,17.643672943115234,88.83089447021484,0.1599999964237213,24.769500732421875,0.12099999934434891
1787666528000,2026-08-25 14:02:08,12.37,17.49,16.27,17.46,17.17,17.67,426.74,370.49,316.79,,,,,,,,,,,,,
1787670000000,2026-08-25 15:00:00,,,,,,,,,,,,,23.91950035095215,38.0,1016.2999877929688,8.7370023727417,0,13.084402084350586,97.90707397460938,0.12999999523162842,24.41950035095215,0.11999999731779099
1787670128000,2026-08-25 15:02:08,12.34,17.26,16.14,17.61,17.82,17.79,426.74,370.4,316.7,,,,,,,,,,,,,
1787673600000,2026-08-25 16:00:00,,,,,,,,,,,,,23.769500732421875,36.0,1016.0999755859375,7.806825637817383,0,13.755579948425293,96.00891876220703,0.10000000894069672,23.66950035095215,0.11900000274181366
1787673728000,2026-08-25 16:02:08,,,,17.73,17.46,17.79,426.74,370.33,316.64,,,,,,,,,,,,,
1787677200000,2026-08-25 17:00:00,,,,,,,,,,,,,22.969501495361328,40.0,1016.4000244140625,8.648077964782715,0,12.074766159057617,100.3047866821289,0.07000000774860382,22.769500732421875,0.11900000274181366
1787677328000,2026-08-25 17:02:08,12.27,17.15,16.02,17.91,17.76,17.7,426.74,370.27,316.58,,,,,,,,,,,,,
1787680800000,2026-08-25 18:00:00,,,,,,,,,,,,,21.469501495361328,47.0,1017.0,9.686781883239746,0,8.049844741821289,79.6952133178711,0.03999999910593033,21.6195011138916,0.11900000274181366
1787680928000,2026-08-25 18:02:08,12.29,17.15,16.0,17.97,17.46,17.64,426.77,370.2,316.55,,,,,,,,,,,,,
1787684400000,2026-08-25 19:00:00,,,,,,,,,,,,,18.969501495361328,55.0,1017.2999877929688,9.726511001586914,0,9.227523803710938,69.44387817382812,0.019999999552965164,20.16950035095215,0.11800000071525574
1787684528000,2026-08-25 19:02:08,12.28,17.04,15.91,18.0,17.97,17.73,426.77,370.2,316.49,,,,,,,,,,,,,
1787684876802,2026-08-25 19:07:56,12.27,17.19,15.91,18.03,17.28,17.73,426.77,370.2,316.49,,3613.0,42.566216216216205,,,,,,,,,,
1787688000000,2026-08-25 20:00:00,,,,,,,,,,,,,17.519500732421875,61.0,1017.5,9.913978576660156,0,8.404284477233887,80.13426208496094,0.019999999552965164,18.91950035095215,0.11800000071525574
1787688128000,2026-08-25 20:02:08,12.26,17.16,15.92,18.09,17.28,17.52,426.77,370.17,316.46,,,,,,,,,,,,,
1787691600000,2026-08-25 21:00:00,,,,,,,,,,,,,16.819499969482422,62.0,1017.7000122070312,9.496053695678711,0,9.255571365356445,76.5042495727539,0.019999999552965164,18.219501495361328,0.11800000071525574
1787691728000,2026-08-25 21:02:08,12.23,16.95,15.84,18.09,18.24,17.76,426.74,370.17,316.43,,,,,,,,,,,,,
1787695200000,2026-08-25 22:00:00,,,,,,,,,,,,,16.269500732421875,61.0,1018.0999755859375,8.735721588134766,0,9.6932954788208,74.93146514892578,0.019999999552965164,17.66950035095215,0.11800000071525574
1787695328000,2026-08-25 22:02:08,12.23,17.19,15.8,18.09,16.99,17.79,426.74,370.14,316.4,,,,,,,,,,,,,
1787698800000,2026-08-25 23:00:00,,,,,,,,,,,,,15.869500160217285,64.0,1018.4000244140625,9.068954467773438,0,10.13769245147705,73.49556732177734,0.019999999552965164,17.16950035095215,0.11800000071525574
1787698928000,2026-08-25 23:02:08,12.23,16.99,15.73,18.06,17.91,17.94,426.74,370.14,316.37,,,,,,,,,,,,,
1787702400000,2026-08-26 00:00:00,,,,,,,,,,,,,17.019500732421875,62.0,1018.0,9.68493366241455,0,10.895576477050781,82.40545654296875,0.009999999776482582,18.16950035095215,0.12200000137090683
1787702528000,2026-08-26 00:02:08,12.21,16.86,15.76,18.03,18.4,17.49,426.71,370.11,316.31,,,,,,,,,,,,,
1787706000000,2026-08-26 01:00:00,,,,,,,,,,,,,15.919499397277832,68.0,1018.5,10.01945972442627,0,9.826087951660156,81.5731201171875,0.009999999776482582,17.519500732421875,0.12200000137090683
1787706128000,2026-08-26 01:02:08,12.21,16.93,15.65,18.03,18.06,17.82,426.71,370.11,316.28,,,,,,,,,,,,,
1787706476883,2026-08-26 01:07:56,12.21,16.93,15.66,18.03,18.06,17.76,426.71,370.11,316.28,,3610.0,42.189189189189165,,,,,,,,,,
1787709600000,2026-08-26 02:00:00,,,,,,,,,,,,,15.169499397277832,71.0,1018.9000244140625,9.946606636047363,0,9.0,73.73973083496094,0.009999999776482582,16.8695011138916,0.12200000137090683
1787709728000,2026-08-26 02:02:08,12.16,16.91,15.61,18.06,18.03,17.82,426.67,370.08,316.25,,,,,,,,,,,,,
1787713200000,2026-08-26 03:00:00,,,,,,,,,,,,,14.719499588012695,73.0,1019.0,9.928936004638672,0,10.495713233947754,67.83361053466797,0.009999999776482582,16.3695011138916,0.12200000137090683
1787713328000,2026-08-26 03:02:08,12.14,17.02,15.59,18.0,17.49,17.79,426.64,370.08,316.22,,,,,,,,,,,,,
1787716800000,2026-08-26 04:00:00,,,,,,,,,,,,,14.369500160217285,74.0,1018.9000244140625,9.794695854187012,0,10.538843154907227,82.14678192138672,0.009999999776482582,16.019500732421875,0.12200000137090683
1787716928000,2026-08-26 04:02:08,12.15,16.94,15.56,17.94,17.76,17.76,426.64,370.05,316.19,,,,,,,,,,,,,
1787720400000,2026-08-26 05:00:00,,,,,,,,,,,,,13.919499397277832,77.0,1019.0999755859375,9.952945709228516,0,10.13769245147705,73.49556732177734,0.009999999776482582,15.619500160217285,0.12200000137090683
1787720528000,2026-08-26 05:02:08,12.13,16.85,15.51,17.85,17.97,17.82,426.6,370.01,316.16,,,,,,,,,,,,,
1787724000000,2026-08-26 06:00:00,,,,,,,,,,,,,14.619500160217285,74.0,1019.2999877929688,10.03588581085205,0,12.661563873291016,75.17347717285156,0.009999999776482582,15.919499397277832,0.12200000137090683
1787724128000,2026-08-26 06:02:08,21.66,36.29,39.21,14.08,14.14,15.6,434.89,390.15,339.27,,,,,,,,,,,,,
1787727600000,2026-08-26 07:00:00,,,,,,,,,,,,,15.969499588012695,70.0,1019.2999877929688,10.50147533416748,0,13.32486343383789,88.4518814086914,0.029999999329447746,16.91950035095215,0.12200000137090683
1787727728000,2026-08-26 07:02:08,20.29,32.72,36.94,14.25,14.98,15.83,433.57,386.42,335.58,,,,,,,,,,,,,
1787728076628,2026-08-26 07:07:56,20.22,32.54,36.69,14.25,14.89,15.83,433.5,386.2,335.34,,3608.0,41.93783783783784,,,,,,,,,,
1787731200000,2026-08-26 08:00:00,,,,,,,,,,,,,16.91950035095215,66.0,1019.5999755859375,10.525449752807617,0,15.15852165222168,94.08554077148438,0.03999999910593033,17.8695011138916,0.12200000137090683
1787731327000,2026-08-26 08:02:07,19.74,31.25,34.91,14.42,14.98,16.06,433.06,384.8,333.72,,,,,,,,,,,,,
1787734800000,2026-08-26 09:00:00,,,,,,,,,,,,,17.969501495361328,64.0,1019.7999877929688,11.059662818908691,0,15.978486061096191,104.349365234375,0.05000000447034836,18.8695011138916,0.12200000137090683
1787734928000,2026-08-26 09:02:08,19.43,30.36,33.7,14.61,15.43,15.94,432.79,383.93,332.55,,,,,,,,,,,,,
1787738400000,2026-08-26 10:00:00,,,,,,,,,,,,,19.269500732421875,61.0,1019.5999755859375,11.562984466552734,0,14.618837356567383,99.92618560791016,0.05999999865889549,19.519500732421875,0.12200000137090683
1787738528000,2026-08-26 10:02:08,,,,14.81,15.0,15.94,432.62,383.32,331.64,,,,,,,,,,,,,
1787742000000,2026-08-26 11:00:00,,,,,,,,,,,,,20.269500732421875,59.0,1019.5,11.99777603149414,0,14.587776184082031,105.7512435913086,0.07000000774860382,20.569499969482422,0.12099999934434891
1787742128000,2026-08-26 11:02:08,19.03,29.32,31.91,14.98,15.83,16.17,432.48,382.87,330.91,,,,,,,,,,,,,
1787745600000,2026-08-26 12:00:00,,,,,,,,,,,,,21.019500732421875,56.0,1019.5,11.907012939453125,0,15.844088554382324,111.31798553466797,0.07999999821186066,21.3695011138916,0.12099999934434891
1787745728000,2026-08-26 12:02:08,18.87,29.09,31.19,15.23,15.2,16.52,432.38,382.48,330.3,,,,,,,,,,,,,
1787749200000,2026-08-26 13:00:00,,,,,,,,,,,,,20.219501495361328,59.0,1019.7000122070312,11.950870513916016,0,14.799459457397461,108.43504333496094,0.05999999865889549,21.069499969482422,0.12099999934434891
1787749328000,2026-08-26 13:02:08,18.76,28.72,30.61,15.46,15.57,16.52,432.32,382.16,329.75,,,,,,,,,,,,,
1787749676582,2026-08-26 13:07:56,18.76,28.66,30.58,15.46,15.71,16.52,432.32,382.12,329.72,,3610.0,42.189189189189165,,,,,,,,,,
1787752800000,2026-08-26 14:00:00,,,,,,,,,,,,,19.719501495361328,63.0,1019.7000122070312,12.477679252624512,0,12.48115348815918,123.23172760009766,0.03999999910593033,20.319499969482422,0.12099999934434891
1787752928000,2026-08-26 14:02:08,,,,15.6,15.88,16.67,432.25,381.87,329.29,,,,,,,,,,,,,
1787756400000,2026-08-26 15:00:00,,,,,,,,,,,,,19.469501495361328,61.0,1019.5,11.751402854919434,0,13.527571678161621,115.20108795166016,0.03999999910593033,20.219501495361328,0.12099999934434891
1787756528000,2026-08-26 15:02:08,18.55,28.18,29.64,15.8,15.77,16.7,432.18,381.61,328.87,,,,,,,,,,,,,
1787760000000,2026-08-26 16:00:00,,,,,,,,,,,,,19.519500732421875,61.0,1019.0999755859375,11.798503875732422,0,13.55150032043457,106.99091339111328,0.029999999329447746,19.8695011138916,0.11999999731779099
1787760128000,2026-08-26 16:02:08,18.48,27.82,29.22,15.94,16.35,16.67,432.15,381.35,328.47,,,,,,,,,,,,,
1787763600000,2026-08-26 17:00:00,,,,,,,,,,,,,19.269500732421875,63.0,1019.0,12.052119255065918,0,13.55150032043457,106.99091339111328,0.029999999329447746,19.819499969482422,0.11999999731779099
1787763728000,2026-08-26 17:02:08,18.38,27.67,28.82,16.11,16.11,16.75,432.08,381.13,328.11,,,,,,,,,,,,,
1787767200000,2026-08-26 18:00:00,,,,,,,,,,,,,18.8695011138916,65.0,1019.0999755859375,12.148050308227539,0,13.009902954101562,104.42081451416016,0.019999999552965164,19.319499969482422,0.11999999731779099
1787767328000,2026-08-26 18:02:08,18.3,27.53,28.46,16.26,15.91,16.75,432.04,380.93,327.77,,,,,,,,,,,,,
1787770800000,2026-08-26 19:00:00,,,,,,,,,,,,,18.219501495361328,69.0,1019.2000122070312,12.437654495239258,0,9.885261535644531,100.49142456054688,0.009999999776482582,18.769500732421875,0.11999999731779099
1787770928000,2026-08-26 19:02:08,18.18,27.29,28.15,16.35,16.26,16.87,431.94,380.74,327.5,,,,,,,,,,,,,
1787771277241,2026-08-26 19:07:57,18.18,27.22,28.13,16.37,16.58,16.84,431.94,380.74,327.47,,3616.0,42.943243243243245,,,,,,,,,,
1787774400000,2026-08-26 20:00:00,,,,,,,,,,,,,17.6195011138916,72.0,1019.0999755859375,12.51109790802002,0,9.885261535644531,100.49142456054688,0.009999999776482582,18.219501495361328,0.11999999731779099
1787774528000,2026-08-26 20:02:08,18.08,27.06,27.87,16.46,16.64,16.84,431.87,380.58,327.23,,,,,,,,,,,,,
1787778000000,2026-08-26 21:00:00,,,,,,,,,,,,,16.8695011138916,76.0,1019.2999877929688,12.61246109008789,0,9.255571365356445,103.4957504272461,0.009999999776482582,17.719501495361328,0.11999999731779099
1787778128000,2026-08-26 21:02:08,17.97,26.98,27.66,16.52,16.17,16.58,431.77,380.39,326.98,,,,,,,,,,,,,
1787781600000,2026-08-26 22:00:00,,,,,,,,,,,,,16.3695011138916,79.0,1019.2999877929688,12.71851921081543,0,8.825508117675781,101.76826477050781,0.009999999776482582,17.219501495361328,0.11999999731779099
1787781728000,2026-08-26 22:02:08,17.9,26.7,27.42,16.55,16.78,16.49,431.71,380.22,326.74,,,,,,,,,,,,,
1787785200000,2026-08-26 23:00:00,,,,,,,,,,,,,16.1195011138916,80.0,1019.2999877929688,12.667366981506348,0,9.779816627502441,96.34009552001953,0.009999999776482582,16.91950035095215,0.11999999731779099
1787785328000,2026-08-26 23:02:08,17.81,26.66,27.11,16.61,16.26,16.9,431.64,380.06,326.53,,,,,,,,,,,,,
1787788800000,2026-08-27 00:00:00,,,,,,,,,,,,,16.8695011138916,63.0,1018.0999755859375,9.781803131103516,0,13.004920959472656,94.76355743408203,0.009999999776482582,17.8695011138916,0.11999999731779099
1787788928000,2026-08-27 00:02:08,17.77,26.54,26.85,16.61,16.26,17.08,431.6,379.93,326.32,,,,,,,,,,,,,
1787792400000,2026-08-27 01:00:00,,,,,,,,,,,,,16.219501495361328,67.0,1018.0999755859375,10.084149360656738,0,12.324414253234863,96.7097396850586,0.009999999776482582,17.319499969482422,0.11900000274181366
1787792528000,2026-08-27 01:02:08,17.69,26.27,26.64,16.7,16.87,17.11,431.54,379.77,326.13,,,,,,,,,,,,,
1787792877159,2026-08-27 01:07:57,17.69,26.26,26.61,16.7,16.93,17.11,431.54,379.77,326.1,,3605.0,41.5608108108108,,,,,,,,,,
1787796000000,2026-08-27 02:00:00,,,,,,,,,,,,,15.569499969482422,70.0,1017.7999877929688,10.11817455291748,0,12.727921485900879,98.13002014160156,0.009999999776482582,16.819499969482422,0.11900000274181366
1787796128000,2026-08-27 02:02:08,17.62,26.25,26.46,16.7,16.46,17.05,431.47,379.65,325.95,,,,,,,,,,,,,
1787799600000,2026-08-27 03:00:00,,,,,,,,,,,,,15.069499969482422,72.0,1017.5999755859375,10.05959701538086,0,13.084402084350586,97.90707397460938,0.009999999776482582,16.41950035095215,0.11900000274181366
1787799728000,2026-08-27 03:02:08,17.55,26.1,26.27,16.7,16.58,17.05,431.4,379.52,325.77,,,,,,,,,,,,,
1787803200000,2026-08-27 04:00:00,,,,,,,,,,,,,14.619500160217285,76.0,1017.2000122070312,10.43525505065918,0,13.755579948425293,96.00891876220703,0.009999999776482582,16.019500732421875,0.11900000274181366
1787803328000,2026-08-27 04:02:08,17.51,26.0,26.12,16.7,16.49,17.02,431.37,379.39,325.62,,,,,,,,,,,,,
1787806800000,2026-08-27 05:00:00,,,,,,,,,,,,,14.269499778747559,79.0,1017.4000244140625,10.676982879638672,0,12.646200180053711,94.89900970458984,0.009999999776482582,15.719499588012695,0.11900000274181366
1787806928000,2026-08-27 05:02:08,17.44,25.76,25.91,16.7,17.08,17.11,431.3,379.26,325.44,,,,,,,,,,,,,
1787810400000,2026-08-27 06:00:00,,,,,,,,,,,,,14.919499397277832,78.0,1017.0,11.116683959960938,0,14.869351387023926,96.95286560058594,0.009999999776482582,16.019500732421875,0.11900000274181366
1787810528000,2026-08-27 06:02:08,17.41,25.63,25.81,16.7,17.14,16.81,431.27,379.13,325.29,,,,,,,,,,,,,
1787814000000,2026-08-27 07:00:00,,,,,,,,,,,,,16.41950035095215,74.0,1016.5,11.772196769714355,0,16.873979568481445,101.07015991210938,0.029999999329447746,17.16950035095215,0.11900000274181366
1787814128000,2026-08-27 07:02:08,17.33,25.51,25.56,16.72,17.14,17.17,431.2,379.0,325.13,,,,,,,,,,,,,
1787814476986,2026-08-27 07:07:56,17.33,25.49,25.54,16.72,17.08,17.11,431.2,378.97,325.1,,3608.0,41.93783783783784,,,,,,,,,,
1787817600000,2026-08-27 08:00:00,,,,,,,,,,,,,18.3695011138916,68.0,1016.7999877929688,12.358589172363281,0,15.978486061096191,104.349365234375,0.03999999910593033,18.91950035095215,0.11900000274181366
1787817727000,2026-08-27 08:02:07,17.3,25.36,25.44,16.7,17.17,16.81,431.16,378.84,324.95,,,,,,,,,,,,,
1787821200000,2026-08-27 09:00:00,,,,,,,,,,,,,20.6195011138916,61.0,1016.4000244140625,12.834635734558105,0,17.298738479614258,102.01145935058594,0.05999999865889549,20.969501495361328,0.11900000274181366
1787821328000,2026-08-27 09:02:08,17.23,25.29,25.21,16.72,16.93,17.17,431.1,378.71,324.8,,,,,,,,,,,,,
1787824800000,2026-08-27 10:00:00,,,,,,,,,,,,,22.969501495361328,54.0,1015.9000244140625,13.165777206420898,0,17.873554229736328,108.79998016357422,0.09000000357627869,23.019500732421875,0.11800000071525574
1787824928000,2026-08-27 10:02:08,17.15,25.19,25.02,16.75,16.7,17.14,431.03,378.55,324.62,,,,,,,,,,,,,
1787828400000,2026-08-27 11:00:00,,,,,,,,,,,,,24.91950035095215,49.0,1014.9000244140625,13.47296142578125,0,19.930477142333984,110.07161712646484,0.10999999940395355,24.91950035095215,0.11800000071525574
1787828528000,2026-08-27 11:02:08,17.07,25.0,24.83,16.78,16.87,17.14,430.96,378.39,324.44,,,,,,,,,,,,,
1787832000000,2026-08-27 12:00:00,,,,,,,,,,,,,26.319499969482422,46.0,1014.0999755859375,13.779130935668945,0,21.422269821166992,114.84236145019531,0.11999999731779099,26.1195011138916,0.11800000071525574
1787832128000,2026-08-27 12:02:08,16.98,24.77,24.63,16.87,17.17,17.17,430.89,378.2,324.26,,,,,,,,,,,,,
1787835600000,2026-08-27 13:00:00,,,,,,,,,,,,,27.569499969482422,43.0,1013.5999755859375,13.871813774108887,0,21.422269821166992,114.84236145019531,0.11999999731779099,26.8695011138916,0.11699999868869781
1787835728000,2026-08-27 13:02:08,16.93,24.7,24.51,16.96,16.64,16.78,430.86,378.01,324.07,,,,,,,,,,,,,
1787836076701,2026-08-27 13:07:56,16.89,24.54,24.4,16.99,17.25,17.28,430.83,377.97,324.07,,3590.0,39.67567567567565,,,,,,,,,,
1787839200000,2026-08-27 14:00:00,,,,,,,,,,,,,28.1195011138916,42.0,1013.5,14.004035949707031,0,20.377399444580078,122.0053482055664,0.11999999731779099,27.3695011138916,0.11699999868869781
1787839328000,2026-08-27 14:02:08,16.82,24.47,24.21,17.11,16.87,17.28,430.79,377.81,323.89,,,,,,,,,,,,,
1787842800000,2026-08-27 15:00:00,,,,,,,,,,,,,27.8695011138916,43.0,1013.2000122070312,14.142199516296387,0,18.668004989624023,129.52259826660156,0.07999999821186066,26.469501495361328,0.11599999666213989
1787842928000,2026-08-27 15:02:08,16.76,24.24,24.03,17.25,17.25,17.22,430.76,377.65,323.71,,,,,,,,,,,,,
1787846400000,2026-08-27 16:00:00,,,,,,,,,,,,,28.019500732421875,43.0,1012.4000244140625,14.277373313903809,0,17.414474487304688,119.74478912353516,0.07000000774860382,26.1195011138916,0.11599999666213989
1787846528000,2026-08-27 16:02:08,16.65,24.09,23.94,17.4,17.28,16.84,430.69,377.49,323.56,,,,,,,,,,,,,
1787850000000,2026-08-27 17:00:00,,,,,,,,,,,,,27.769500732421875,42.0,1011.9000244140625,13.68950080871582,0,18.043148040771484,118.61036682128906,0.05999999865889549,25.819499969482422,0.11500000208616257
1787850128000,2026-08-27 17:02:08,16.57,23.98,23.7,17.64,17.4,17.22,430.66,377.4,323.41,,,,,,,,,,,,,
1787853600000,2026-08-27 18:00:00,,,,,,,,,,,,,26.41950035095215,48.0,1011.7000122070312,14.527483940124512,0,16.43430519104004,118.81069946289062,0.029999999329447746,24.91950035095215,0.11500000208616257
1787853728000,2026-08-27 18:02:08,16.54,23.96,23.53,17.76,17.05,17.28,430.66,377.3,323.26,,,,,,,,,,,,,
1787857200000,2026-08-27 19:00:00,,,,,,,,,,,,,24.819499969482422,53.0,1011.9000244140625,14.591524124145508,0,14.578887939453125,110.2249526977539,0.019999999552965164,23.8695011138916,0.11500000208616257
1787857328000,2026-08-27 19:02:08,,,,17.85,17.28,17.4,430.62,377.2,323.11,,,,,,,,,,,,,
1787857677803,2026-08-27 19:07:57,16.49,23.9,23.37,17.82,16.9,17.28,430.62,377.2,323.11,,3613.0,42.566216216216205,,,,,,,,,,
1787860800000,2026-08-27 20:00:00,,,,,,,,,,,,,23.6195011138916,58.0,1011.5,14.873621940612793,0,14.332341194152832,101.59214782714844,0.019999999552965164,23.069499969482422,0.11500000208616257
1787860928000,2026-08-27 20:02:08,16.4,23.82,23.24,17.88,16.99,17.28,430.55,377.14,322.99,,,,,,,,,,,,,
1787864400000,2026-08-27 21:00:00,,,,,,,,,,,,,22.6195011138916,61.0,1010.9000244140625,14.717851638793945,0,17.581125259399414,100.6196060180664,0.019999999552965164,22.469501495361328,0.11400000005960464
1787864528000,2026-08-27 21:02:08,,,,17.97,17.11,17.34,430.55,377.04,322.87,,,,,,,,,,,,,
1787868000000,2026-08-27 22:00:00,,,,,,,,,,,,,21.819499969482422,60.0,1010.5,13.710042953491211,0,15.038350105285645,101.04090118408203,0.019999999552965164,21.8695011138916,0.11400000005960464
1787868128000,2026-08-27 22:02:08,16.34,23.55,22.95,18.0,17.58,17.34,430.52,376.98,322.74,,,,,,,,,,,,,
1787871600000,2026-08-27 23:00:00,,,,,,,,,,,,,21.219501495361328,59.0,1010.0999755859375,12.88892936706543,0,16.750640869140625,98.65245819091797,0.019999999552965164,21.3695011138916,0.11400000005960464
1787871728000,2026-08-27 23:02:08,16.26,23.45,22.83,18.03,17.64,17.31,430.45,376.88,322.62,,,,,,,,,,,,,
1787875200000,2026-08-28 00:00:00,,,,,,,,,,,,,22.019500732421875,60.0,1010.0999755859375,13.897976875305176,0,14.345897674560547,107.5256576538086,0.019999999552965164,22.219501495361328,0.11599999666213989
1787875328000,2026-08-28 00:02:08,16.21,23.49,22.71,18.12,17.17,17.43,430.42,376.82,322.53,,,,,,,,,,,,,
1787878800000,2026-08-28 01:00:00,,,,,,,,,,,,,21.269500732421875,60.0,1008.9000244140625,13.193171501159668,0,13.755579948425293,96.00891876220703,0.019999999552965164,21.66950035095215,0.11599999666213989
1787878928000,2026-08-28 01:02:08,16.17,23.32,22.6,18.15,17.67,17.46,430.39,376.75,322.44,,,,,,,,,,,,,
1787879277357,2026-08-28 01:07:57,16.18,23.38,22.58,18.12,17.4,17.4,430.39,376.75,322.41,,3613.0,42.566216216216205,,,,,,,,,,
1787882400000,2026-08-28 02:00:00,,,,,,,,,,,,,20.769500732421875,60.0,1008.5,12.723234176635742,0,11.92355728149414,118.88648986816406,0.019999999552965164,21.319499969482422,0.11599999666213989
1787882528000,2026-08-28 02:02:08,16.12,23.28,22.51,18.18,17.46,17.43,430.35,376.66,322.35,,,,,,,,,,,,,
1787886000000,2026-08-28 03:00:00,,,,,,,,,,,,,20.469501495361328,65.0,1009.4000244140625,13.666742324829102,0.10000000149011612,6.6380720138549805,139.39878845214844,0.019999999552965164,21.019500732421875,0.11599999666213989
1787886128000,2026-08-28 03:02:08,16.05,23.14,22.41,18.18,17.82,17.46,430.28,376.59,322.26,,,,,,,,,,,,,
1787889600000,2026-08-28 04:00:00,,,,,,,,,,,,,20.019500732421875,68.0,1008.0,13.933350563049316,0,7.594207286834717,95.44023895263672,0.019999999552965164,20.719501495361328,0.11500000208616257
1787889728000,2026-08-28 04:02:08,,,,18.15,17.97,17.49,430.25,376.53,322.17,,,,,,,,,,,,,
1787893200000,2026-08-28 05:00:00,,,,,,,,,,,,,19.66950035095215,71.0,1007.7000122070312,14.264878273010254,0,5.495161056518555,121.60746002197266,0.019999999552965164,20.41950035095215,0.11500000208616257
1787893328000,2026-08-28 05:02:08,15.98,23.12,22.25,18.18,17.4,17.28,430.22,376.47,322.08,,,,,,,,,,,,,
1787896800000,2026-08-28 06:00:00,,,,,,,,,,,,,19.769500732421875,75.0,1007.5,15.211338996887207,0.10000000149011612,7.4215898513793945,129.09385681152344,0.019999999552965164,20.3695011138916,0.11500000208616257
1787896928000,2026-08-28 06:02:08,15.98,22.98,22.14,18.18,17.73,17.52,430.22,376.4,322.02,,,,,,,,,,,,,
1787900400000,2026-08-28 07:00:00,,,,,,,,,,,,,20.91950035095215,78.0,1007.7999877929688,16.9390926361084,0,9.255571365356445,166.50425720214844,0.029999999329447746,20.719501495361328,0.11500000208616257
1787900528000,2026-08-28 07:02:08,20.17,32.6,34.76,15.31,15.17,16.0,433.67,386.33,333.56,,,,,,,,,,,,,
1787900878406,2026-08-28 07:07:58,19.93,31.86,34.14,15.31,15.91,16.0,433.43,385.68,332.98,,3610.0,42.189189189189165,,,,,,,,,,
1787904000000,2026-08-28 08:00:00,,,,,,,,,,,,,22.269500732421875,79.0,1008.0,18.45177459716797,0,10.245779991149902,198.43504333496094,0.029999999329447746,21.66950035095215,0.11500000208616257
1787904127000,2026-08-28 08:02:07,18.84,29.38,30.69,15.4,15.09,16.26,432.38,382.77,329.78,,,,,,,,,,,,,
1787907600000,2026-08-28 09:00:00,,,,,,,,,,,,,23.469501495361328,75.0,1007.7000122070312,18.783239364624023,0.10000000149011612,13.10419750213623,200.92457580566406,0.05000000447034836,22.569499969482422,0.11500000208616257
1787907728000,2026-08-28 09:02:08,18.37,28.16,28.99,15.48,15.88,16.23,431.94,381.61,328.17,,,,,,,,,,,,,
1787911200000,2026-08-28 10:00:00,,,,,,,,,,,,,23.1195011138916,76.0,1007.7000122070312,18.657020568847656,0,11.918120384216309,244.98313903808594,0.05000000447034836,22.91950035095215,0.11500000208616257
1787911328000,2026-08-28 10:02:08,18.13,27.69,28.06,15.63,15.46,16.4,431.74,381.0,327.32,,,,,,,,,,,,,
1787914800000,2026-08-28 11:00:00,,,,,,,,,,,,,22.41950035095215,78.0,1007.5999755859375,18.39406967163086,0.10000000149011612,11.631956100463867,248.1985321044922,0.05000000447034836,22.819499969482422,0.11500000208616257
1787914928000,2026-08-28 11:02:08,17.95,27.11,27.43,15.77,16.29,16.43,431.6,380.55,326.74,,,,,,,,,,,,,
1787918400000,2026-08-28 12:00:00,,,,,,,,,,,,,22.16950035095215,81.0,1007.7000122070312,18.7540340423584,0,11.44097900390625,245.85446166992188,0.05000000447034836,22.8695011138916,0.11500000208616257
1787918528000,2026-08-28 12:02:08,17.85,26.94,26.97,15.94,15.6,16.52,431.54,380.22,326.32,,,,,,,,,,,,,
1787922000000,2026-08-28 13:00:00,,,,,,,,,,,,,21.1195011138916,89.0,1007.9000244140625,19.234691619873047,0.5,11.885453224182129,268.26434326171875,0.03999999910593033,22.66950035095215,0.11400000005960464
1787922128000,2026-08-28 13:02:08,17.76,26.55,26.58,16.17,16.4,16.64,431.5,379.97,325.98,,,,,,,,,,,,,
1787922477084,2026-08-28 13:07:57,17.77,26.57,26.55,16.14,16.29,16.61,431.5,379.97,325.95,,3618.0,43.19459459459457,,,,,,,,,,
1787925600000,2026-08-28 14:00:00,,,,,,,,,,,,,20.91950035095215,91.0,1007.9000244140625,19.394350051879883,0.5,10.446206092834473,268.0251159667969,0.03999999910593033,21.91950035095215,0.11500000208616257
1787925728000,2026-08-28 14:02:08,18.04,26.47,26.31,16.37,16.37,16.7,431.81,379.87,325.74,,,,,,,,,,,,,
1787929200000,2026-08-28 15:00:00,,,,,,,,,,,,,21.1195011138916,82.0,1007.2000122070312,17.92578887939453,3.5999999046325684,3.8773183822631836,248.1985321044922,0.05999999865889549,21.819499969482422,0.12700000405311584
1787929328000,2026-08-28 15:02:08,18.15,26.44,26.04,16.49,16.52,16.78,431.94,379.87,325.5,,,,,,,,,,,,,
1787932800000,2026-08-28 16:00:00,,,,,,,,,,,,,21.41950035095215,80.0,1008.0,17.82570457458496,0,11.44097900390625,245.85446166992188,0.10000000894069672,22.219501495361328,0.1420000046491623
1787932928000,2026-08-28 16:02:08,18.1,26.39,25.83,16.7,16.61,16.84,431.94,379.84,325.32,,,,,,,,,,,,,
1787936400000,2026-08-28 17:00:00,,,,,,,,,,,,,21.969501495361328,76.0,1007.7000122070312,17.54517936706543,0,10.4399995803833,223.60289001464844,0.07000000774860382,22.3695011138916,0.1509999930858612
1787936528000,2026-08-28 17:02:08,18.07,26.24,25.62,16.87,17.02,16.87,431.94,379.77,325.13,,,,,,,,,,,,,
1787940000000,2026-08-28 18:00:00,,,,,,,,,,,,,21.1195011138916,74.0,1007.5999755859375,16.303865432739258,0,12.096214294433594,216.52894592285156,0.03999999910593033,21.6195011138916,0.1550000011920929
1787940128000,2026-08-28 18:02:08,18.02,26.33,25.46,17.08,16.32,16.87,431.94,379.71,324.98,,,,,,,,,,,,,
1787943600000,2026-08-28 19:00:00,,,,,,,,,,,,,19.16950035095215,69.0,1008.4000244140625,13.34599781036377,0,10.195056915283203,227.8624725341797,0.029999999329447746,20.3695011138916,0.15700000524520874
1787943728000,2026-08-28 19:02:08,17.97,26.11,25.24,17.2,16.93,17.17,431.91,379.61,324.83,,,,,,,,,,,,,
1787944078126,2026-08-28 19:07:58,17.97,26.22,25.24,17.2,16.4,17.17,431.91,379.61,324.83,,3613.0,42.566216216216205,,,,,,,,,,
1787947200000,2026-08-28 20:00:00,,,,,,,,,,,,,17.3695011138916,76.0,1008.9000244140625,13.096202850341797,0,9.199390411376953,210.5791473388672,0.029999999329447746,19.319499969482422,0.15800000727176666
1787947328000,2026-08-28 20:02:08,17.91,25.95,25.15,17.28,17.31,16.99,431.87,379.52,324.71,,,,,,,,,,,,,
1787950800000,2026-08-28 21:00:00,,,,,,,,,,,,,16.769500732421875,80.0,1009.0999755859375,13.300142288208008,0,9.227523803710938,200.55612182617188,0.019999999552965164,18.6195011138916,0.15800000727176666
1787950928000,2026-08-28 21:02:08,17.82,25.94,25.01,17.4,17.05,17.05,431.81,379.45,324.59,,,,,,,,,,,,,
1787954400000,2026-08-28 22:00:00,,,,,,,,,,,,,16.769500732421875,79.0,1009.2000122070312,13.107328414916992,0,11.090103149414062,215.7539825439453,0.019999999552965164,18.16950035095215,0.15800000727176666
1787954528000,2026-08-28 22:02:08,17.73,25.94,24.88,17.46,16.64,17.05,431.74,379.36,324.47,,,,,,,,,,,,,
1787958000000,2026-08-28 23:00:00,,,,,,,,,,,,,16.519500732421875,81.0,1009.7000122070312,13.247111320495605,0,9.931041717529297,223.53126525878906,0.019999999552965164,17.91950035095215,0.15700000524520874
1787958128000,2026-08-28 23:02:08,17.66,25.85,24.75,17.46,16.64,17.2,431.67,379.26,324.38,,,,,,,,,,,,,
1787961600000,2026-08-29 00:00:00,,,,,,,,,,,,,16.319499969482422,78.0,1010.2999877929688,12.475604057312012,0,11.200571060180664,224.99989318847656,0.019999999552965164,17.969501495361328,0.11900000274181366
1787961728000,2026-08-29 00:02:08,17.63,25.68,24.6,17.46,17.02,17.34,431.64,379.16,324.26,,,,,,,,,,,,,
1787965200000,2026-08-29 01:00:00,,,,,,,,,,,,,16.069499969482422,80.0,1010.4000244140625,12.61868953704834,0,10.195056915283203,222.1375274658203,0.019999999552965164,17.469501495361328,0.11900000274181366
1787965328000,2026-08-29 01:02:08,17.59,25.63,24.47,17.46,16.87,17.46,431.6,379.07,324.17,,,,,,,,,,,,,
1787965677742,2026-08-29 01:07:57,17.58,25.58,24.47,17.52,17.11,17.46,431.6,379.07,324.17,,3610.0,42.189189189189165,,,,,,,,,,
1787968800000,2026-08-29 02:00:00,,,,,,,,,,,,,15.919499397277832,83.0,1010.4000244140625,13.034976959228516,0,13.104198455810547,217.18478393554688,0.009999999776482582,17.1195011138916,0.11900000274181366
1787968928000,2026-08-29 02:02:08,17.56,25.49,24.42,17.46,17.11,17.22,431.57,378.97,324.07,,,,,,,,,,,,,
1787972400000,2026-08-29 03:00:00,,,,,,,,,,,,,15.819499969482422,85.0,1010.2000122070312,13.301934242248535,0,12.889809608459473,215.90982055664062,0.009999999776482582,16.91950035095215,0.11999999731779099
1787972528000,2026-08-29 03:02:08,17.48,25.35,24.32,17.49,17.52,17.22,431.5,378.91,323.98,,,,,,,,,,,,,
1787976000000,2026-08-29 04:00:00,,,,,,,,,,,,,15.769499778747559,84.0,1009.9000244140625,13.07155704498291,0,13.281023025512695,212.8285369873047,0.009999999776482582,16.66950035095215,0.11999999731779099
1787976128000,2026-08-29 04:02:08,17.4,25.41,24.2,17.49,16.78,17.31,431.43,378.81,323.89,,,,,,,,,,,,,
1787979600000,2026-08-29 05:00:00,,,,,,,,,,,,,16.069499969482422,82.0,1010.2000122070312,12.996020317077637,0,12.594856262207031,210.96368408203125,0.009999999776482582,16.769500732421875,0.11999999731779099
1787979728000,2026-08-29 05:02:08,17.39,25.17,24.08,17.43,17.49,17.58,431.4,378.71,323.83,,,,,,,,,,,,,
1787983200000,2026-08-29 06:00:00,,,,,,,,,,,,,16.519500732421875,80.0,1010.4000244140625,13.056771278381348,0,12.245292663574219,204.30453491210938,0.019999999552965164,17.1195011138916,0.11999999731779099
1787983328000,2026-08-29 06:02:08,17.31,25.09,24.03,17.46,17.49,17.37,431.33,378.62,323.74,,,,,,,,,,,,,
1787986800000,2026-08-29 07:00:00,,,,,,,,,,,,,17.41950035095215,76.0,1010.5999755859375,13.144574165344238,0,12.101570129394531,210.37904357910156,0.03999999910593033,17.969501495361328,0.11999999731779099
1787986928000,2026-08-29 07:02:08,17.25,25.01,23.93,17.43,17.4,17.4,431.27,378.52,323.65,,,,,,,,,,,,,
1787987277580,2026-08-29 07:07:57,17.25,24.97,23.93,17.43,17.61,17.4,431.27,378.52,323.65,,3610.0,42.189189189189165,,,,,,,,,,
1787990400000,2026-08-29 08:00:00,,,,,,,,,,,,,19.019500732421875,70.0,1010.7999877929688,13.423330307006836,0,14.00302791595459,223.95846557617188,0.05999999865889549,19.069499969482422,0.11999999731779099
1787994000000,2026-08-29 09:00:00,,,,,,,,,,,,,20.3695011138916,61.0,1011.0,12.599172592163086,0,21.093050003051758,242.5603485107422,0.10000000894069672,20.8695011138916,0.11900000274181366
1787997600000,2026-08-29 10:00:00,,,,,,,,,,,,,19.519500732421875,64.0,1011.0,12.528447151184082,0.6000000238418579,18.626304626464844,228.91835021972656,0.14000001549720764,20.519500732421875,0.11900000274181366
