Stations_id;Bezugszeitraum;Datenquelle;Jan.;Feb.;März;Apr.;Mai;Jun.;Jul.;Aug.;Sept.;Okt.;Nov.;Dez.;Jahr;
         1;1991-2020;        46;      49.4;      42.9;      44.9;      48.5;      87.8;      90.3;     100.2;      85.4;      57.7;      57.3;      57.4;      55.6;     777.4;
         2;1991-2020;        46;      69.5;      65.7;      58.9;      47.3;      61.7;      73.1;      73.9;      79.4;      62.3;        65;      64.6;      79.6;     800.8;
         3;1991-2020;        46;      63.1;      60.5;      56.5;        47;      61.5;      71.3;      74.2;      77.6;      61.9;      64.6;      61.4;      74.4;     773.9;
         4;1991-2020;        46;      64.3;      63.6;      57.5;      47.4;      61.4;      73.1;      74.7;      77.1;      62.4;      64.9;      61.5;      76.3;     784.1;
         6;1991-2020;        46;      72.7;      59.6;      70.2;      48.4;      90.8;      82.2;      97.7;      83.3;      63.1;      70.8;      69.8;      86.5;     895.2;
         7;1991-2020;        46;      79.2;      67.2;      78.9;      59.5;      97.4;      98.2;     111.6;      91.8;      71.5;      80.4;        78;      95.3;    1008.9;
         8;1991-2020;        46;        47;      43.1;      44.2;      37.4;      61.1;      61.3;      68.7;      55.4;      48.4;        51;      48.4;      56.4;     622.5;
         9;1991-2020;        46;      50.7;      45.7;        48;      40.2;      60.1;      61.1;      67.8;      56.2;        50;      50.8;        50;      59.6;     640.2;
        10;1991-2020;        46;      55.7;        47;      51.6;      40.8;      69.1;      81.9;      83.9;      80.8;      58.2;      55.9;      55.8;      61.8;     742.5;
        12;1991-2020;        46;      58.3;      43.5;      46.9;      38.3;      54.5;      56.7;      72.7;      69.8;      53.9;      56.3;      52.5;      58.3;     661.8;
        13;1991-2020;        46;      48.2;      38.1;      45.3;      36.9;      60.6;      54.7;      68.5;      56.4;      53.2;      42.4;      47.6;      51.2;       603;
        14;1991-2020;        46;      65.3;      53.5;      49.6;      42.9;      52.9;      72.2;      90.9;      84.4;      85.3;      79.8;      72.6;      77.3;     826.7;
        15;1991-2020;        46;      50.5;        41;      48.8;      37.2;        64;      74.1;      77.3;      63.8;      47.2;      51.8;      51.6;      55.4;     662.9;
        16;1991-2020;        46;        55;      46.2;      52.6;      39.9;      67.5;      75.5;        76;      64.6;      49.5;      55.3;      54.9;      63.6;     700.5;
        17;1991-2020;        46;      53.3;      41.6;      48.5;      39.5;      70.3;      82.5;      86.8;        78;      59.1;      55.1;      53.1;      58.4;     726.3;
        18;1991-2020;        46;     126.8;      98.7;      87.6;      60.7;      82.8;      76.6;      85.3;      84.4;      79.3;      98.8;     106.3;     145.9;    1133.3;
        19;1991-2020;        46;      70.2;      58.1;      64.6;      48.9;      83.3;      78.5;      98.1;      78.1;        61;      71.4;      68.2;      84.7;       865;
        20;1991-2020;        46;        70;      59.2;      66.7;      45.7;      82.9;      82.5;      95.1;      72.9;      58.3;      69.4;      66.5;      83.5;     852.7;
        21;1991-2020;        46;      80.3;      77.7;      89.4;      88.6;     144.2;     158.6;     159.9;     156.7;     127.4;      98.6;     103.7;     108.2;    1393.3;
        22;1991-2020;        46;      70.4;      63.6;      69.4;      61.1;     100.3;      88.7;      96.7;      84.1;      76.1;      87.9;        85;      83.5;     966.7;
        23;1991-2020;        46;      68.3;      51.1;      51.4;      43.2;      59.9;      71.4;      81.6;      74.7;      62.3;        63;      58.8;      70.9;     756.8;
        24;1991-2020;        46;     112.2;      99.9;     136.3;      97.2;     159.8;     177.6;     167.3;     175.1;     136.1;     108.4;     106.3;     119.9;    1596.1;
        25;1991-2020;        46;      77.2;      61.2;      79.7;      61.5;     106.5;     103.9;       115;      89.6;      75.9;      82.4;      82.3;      90.5;    1025.5;
        26;1991-2020;        46;      62.3;      46.6;      47.8;      39.4;      51.3;      55.2;      80.2;        64;      55.8;      61.6;        56;      62.8;     682.9;
        27;1991-2020;        46;      97.8;      90.3;     125.3;     100.1;     163.7;     189.1;     183.2;       185;       141;     106.1;     108.3;     110.9;    1600.8;
        28;1991-2020;        46;      71.9;      63.6;      71.3;      50.4;        86;      86.9;      96.2;      81.3;        60;      74.6;      70.7;      87.8;     900.5;
        29;1991-2020;        46;      49.8;      41.8;        45;      35.8;      63.1;      60.1;      76.2;        59;      55.5;      52.8;      53.8;      59.1;     651.9;
        30;1991-2020;        46;        78;      64.7;      69.7;      45.2;      67.4;      66.1;      72.4;      65.8;      57.5;      70.8;      67.8;      92.7;     817.9;
        31;1991-2020;        46;      59.1;      46.2;      47.9;      38.8;        57;      63.9;      76.7;      66.5;      51.4;      52.9;        51;        57;     668.4;
        32;1991-2020;        46;      76.4;      52.6;      61.9;      46.5;      67.4;      61.5;        76;      68.4;      57.7;      67.6;      60.8;      76.4;     773.2;
        33;1991-2020;        46;      40.6;      31.3;        41;      33.1;        54;      54.7;      62.9;      53.9;      45.5;      40.8;      40.6;      43.5;       542;
        34;1991-2020;        46;      59.8;      54.3;      63.2;      47.2;      77.2;      70.9;      77.8;      69.1;      56.3;      68.1;      64.6;      73.6;     782.1;
        35;1991-2020;        46;      55.1;      46.1;      51.1;      38.2;      67.5;      79.5;      82.5;      84.3;      66.9;      55.8;      54.7;      62.6;     744.2;
        36;1991-2020;        46;     104.5;      79.4;        81;      54.7;      73.2;      77.7;     102.3;        94;      77.2;      89.4;      88.6;     106.5;    1028.3;
        37;1991-2020;        46;      50.3;      38.1;      52.3;      49.9;      88.2;      94.4;     101.5;      94.5;      63.2;      55.7;      52.8;      53.9;     794.7;
        38;1991-2020;        46;      78.5;      66.5;      62.1;      46.5;      57.2;      87.2;      81.4;      81.7;      75.7;        70;      75.2;        83;       865;
        39;1991-2020;        46;      69.4;      54.4;      54.1;      42.6;      55.5;      66.8;      84.7;      71.5;      64.6;      65.7;      59.7;      72.7;     761.7;
        40;1991-2020;        46;      46.9;      37.5;      41.6;      32.1;      49.7;      63.7;      79.9;        64;        52;      48.6;      47.5;      49.9;     613.5;
        41;1991-2020;        46;      64.4;      48.8;      49.8;      40.6;      54.1;      59.4;      76.4;      67.5;      55.2;      61.9;      55.4;      66.6;     700.1;
        42;1991-2020;        46;      63.1;      51.3;      52.1;        39;      52.4;      62.2;      76.7;      71.6;      62.4;      59.5;      59.9;      66.3;     716.6;
        43;1991-2020;        46;      73.3;      62.7;      57.4;      40.3;      56.2;      76.1;      87.1;        89;      84.9;      79.2;      78.1;      80.8;       865;
        44;1991-2020;        45;      69.4;      56.5;        55;      45.5;      57.9;      69.7;      85.4;      76.7;      68.3;      64.7;      64.8;      76.6;     806.6;
        45;1991-2020;        46;      55.4;      44.7;        47;      39.7;      63.6;      63.1;      71.9;        58;      50.8;      55.5;      55.3;        56;     660.9;
        46;1991-2020;        46;      55.3;      44.8;      51.3;      39.5;      71.6;      86.4;      90.6;      77.2;      61.4;      56.5;      56.2;      62.4;     753.2;
        47;1991-2020;        46;      59.4;      50.4;      55.1;      41.6;      64.2;      65.5;      79.7;      57.6;        54;      63.9;      60.4;      74.1;       726;
        48;1991-2020;        46;        63;      47.1;      53.3;      39.4;      57.7;      72.1;      78.5;      63.7;      64.9;      58.4;      60.6;      70.5;     729.3;
        50;1991-2020;        46;     127.8;      91.1;       100;      66.2;        93;      88.9;     119.8;      99.8;     100.8;     106.4;     106.3;     127.3;    1227.4;
        51;1991-2020;        46;      72.1;      58.3;      52.1;      38.9;      53.6;      71.5;      77.7;      78.3;      62.2;      65.5;      63.6;      71.9;     765.7;
        52;1991-2020;        46;      72.2;      59.4;      60.3;      42.8;      60.7;      75.6;      79.6;      85.8;        66;      67.3;      65.1;      79.2;       814;
        53;1991-2020;        46;        49;        37;      42.8;      30.2;      53.1;      56.7;      78.2;      56.8;      47.7;        43;      42.6;      45.2;     582.2;
        54;1991-2020;        46;      73.4;      49.4;      48.6;      41.4;      53.5;      73.2;      85.8;      93.8;      86.3;      90.8;        78;        85;     859.1;
        55;1991-2020;        43;        59;        53;        72;        68;       121;       139;       141;       143;        98;        75;        67;        65;      1101;
        56;1991-2020;        46;      77.1;      48.6;      67.3;      54.4;      96.3;     104.4;       103;     115.8;      60.7;      62.2;      62.6;      70.7;     923.1;
        57;1991-2020;        46;      57.7;      43.3;        55;      48.9;      88.1;      93.8;       102;      94.4;      66.8;      60.1;      58.4;      63.4;     831.9;
        58;1991-2020;        46;      66.1;      57.2;      69.3;      68.8;     112.3;     118.1;     126.7;     118.4;      82.7;      72.9;      70.6;      77.5;    1040.4;
        59;1991-2020;        46;        54;      45.8;      55.3;      46.8;        80;      90.1;      92.6;      85.7;      63.4;        59;      57.2;      59.6;     789.4;
        60;1991-2020;        46;      53.5;        46;      55.4;      51.7;      89.1;      85.8;     102.2;      90.9;        65;      60.9;      59.1;      62.8;     822.3;
        61;1991-2020;        46;      50.2;      43.1;      50.3;      37.7;      72.5;      83.9;      81.7;      75.4;      59.6;      51.9;      51.8;      58.2;     716.3;
        62;1991-2020;        46;       160;       141;     145.5;     127.9;     164.7;     143.7;     143.1;     134.8;     135.4;     157.5;     175.3;     201.8;    1830.6;
        63;1991-2020;        46;      89.8;      81.4;      92.5;      80.3;     126.8;     144.7;     150.1;     141.5;      96.4;      85.3;        88;     101.8;    1278.7;
        64;1991-2020;        46;      44.2;      30.3;      37.7;      28.5;      56.9;      53.8;      68.9;      57.9;      51.7;      40.1;      43.9;      43.9;     557.8;
        65;1991-2020;        46;      68.7;      57.7;      74.5;        62;       111;     121.3;     130.7;     119.5;      86.9;      74.3;      71.2;      72.4;    1050.2;
        66;1991-2020;        46;      79.9;      65.2;      58.4;      44.9;      59.1;      83.5;      99.8;     102.7;      92.7;      92.3;      80.6;      93.5;     952.4;
        67;1991-2020;        46;      58.4;      44.6;      53.8;      36.9;      61.9;      81.9;      80.1;      67.5;      68.9;      59.6;      56.4;      67.3;     737.2;
        68;1991-2020;        46;      41.8;      33.7;      43.3;      32.8;      52.1;      63.1;      77.4;      60.5;      51.6;      43.3;        46;      44.4;     589.9;
        69;1991-2020;        46;      64.6;      59.8;      67.1;      69.5;     116.3;     106.4;     120.3;      98.5;      74.9;      77.1;      71.2;      77.5;    1003.2;
        70;1991-2020;        46;      61.2;      53.8;        59;      57.8;     100.8;      96.1;     109.2;      89.8;      65.1;      64.6;      62.5;      70.8;     890.6;
        71;1991-2020;        45;      62.2;      52.1;      66.2;        61;     110.6;      97.5;     114.9;      88.2;        69;      75.5;      66.9;      74.3;     930.1;
        72;1991-2020;        46;      66.4;      67.1;      77.6;      75.1;     115.5;       116;     115.7;     102.2;      74.1;      79.7;      73.8;      80.9;    1044.2;
        73;1991-2020;        45;      54.7;      45.2;      56.9;      44.6;      81.1;      89.3;      92.6;      80.7;      64.2;      55.6;      54.6;      59.1;     784.4;
        74;1991-2020;        46;      47.5;      39.6;        48;      38.2;      67.9;      72.8;      82.9;        69;      50.3;      52.5;      50.4;      55.4;     674.5;
        75;1991-2020;        46;      86.4;        67;      79.8;      57.8;        91;      93.2;     102.2;      90.3;      70.5;      80.7;      83.2;      96.6;     998.6;
        76;1991-2020;        46;      81.3;      65.9;      80.6;      57.6;      92.9;        94;     104.5;      86.3;        70;      80.3;      82.4;      95.4;     991.1;
        77;1991-2020;        46;      73.1;      55.2;      59.1;      43.4;      62.6;      64.4;      76.6;      71.4;      55.4;      65.5;        60;      70.9;     757.6;
        78;1991-2020;        45;      82.9;      64.3;      62.7;      44.9;      55.1;      66.9;      80.4;      79.3;      71.4;      75.3;      71.5;        85;     839.6;
        79;1991-2020;        46;      43.1;      40.3;      45.7;      37.2;        55;      65.2;      66.7;      70.5;      54.8;      49.5;      49.7;      51.3;     628.8;
        80;1991-2020;        46;      44.5;      35.4;      40.5;      37.6;      63.1;      59.4;      74.3;      58.6;      50.4;      48.5;      51.1;      47.3;     610.6;
        81;1991-2020;        46;      88.1;      62.9;      62.9;      45.8;        61;        67;      72.2;      70.7;      59.6;      70.6;      74.1;      97.2;     832.1;
        82;1991-2020;        46;        69;      54.9;      52.9;      41.1;      57.8;      65.8;      79.3;      72.5;      61.9;      64.7;      57.2;      75.3;     752.3;
        83;1991-2020;        46;      49.6;      35.7;      44.3;      33.7;      48.9;      52.9;      65.7;        58;      48.1;      48.5;      47.6;      52.2;       585;
        84;1991-2020;        46;      55.3;      45.3;      53.2;      41.3;      70.8;      82.9;      90.5;      79.2;      61.4;      58.5;      61.3;      64.1;     763.8;
        85;1991-2020;        46;      66.1;        54;      57.5;        43;      66.8;      57.4;      69.9;      56.1;      56.9;      53.7;      60.9;      67.4;     709.6;
        86;1991-2020;        46;      30.2;      26.9;      35.8;      30.7;        62;        52;      69.9;      52.7;      45.4;      35.2;      37.8;      36.8;     515.4;
        87;1991-2020;        43;        25;        23;        30;        28;        58;        53;        71;        52;        42;        34;        38;        32;       486;
        88;1991-2020;        46;     120.8;     102.5;     105.7;      75.4;     109.1;      95.6;     110.1;      96.9;      78.2;      99.7;     110.5;     137.1;    1241.4;
        89;1991-2020;        46;      40.3;      38.2;      40.6;      32.4;      58.9;      56.8;        65;      64.1;      41.5;      49.7;      45.9;      54.9;     588.4;
        91;1991-2020;        45;      52.9;      40.3;      45.4;      38.5;      66.8;      64.5;      74.3;      62.7;      53.8;      53.8;      53.2;      55.1;     661.3;
        92;1991-2020;        46;      55.7;        44;      46.6;      40.5;      69.8;      65.9;      73.4;      62.3;      54.3;      55.7;      55.4;      56.4;     680.1;
        93;1991-2020;        46;      50.2;      39.6;      42.7;      37.6;      60.6;      59.9;        68;      59.8;      48.6;      49.8;      48.6;      52.4;     617.8;
        94;1991-2020;        46;      57.3;      47.8;      44.7;      35.7;      51.7;      61.8;      73.1;        68;      48.6;      51.2;      51.5;      56.9;     648.4;
        95;1991-2020;        46;      43.9;      34.9;        41;      29.2;      51.3;      53.1;      84.6;      57.5;      46.4;      40.4;      41.9;      42.1;     566.4;
        96;1991-2020;        43;        54;        42;        43;        32;        52;        65;        76;        58;        50;        51;        46;        51;       620;
        97;1991-2020;        46;      39.9;      33.6;      40.5;      29.1;      54.5;      57.4;      83.9;      60.5;      45.2;      41.8;      40.1;      38.3;     564.8;
        98;1991-2020;        46;     116.4;        90;      89.6;      66.1;      78.6;      87.5;      98.8;      96.1;      94.4;       100;       106;     121.4;    1145.1;
        99;1991-2020;        46;      47.2;      36.7;      44.9;      35.2;      53.3;      59.6;      68.9;      60.2;      50.2;      49.8;      47.5;      50.9;     604.3;
       100;1991-2020;        46;      45.3;      35.9;      42.4;      29.2;      53.6;      56.6;      72.7;      61.4;      44.7;      40.1;      42.8;        45;     569.8;
       101;1991-2020;        46;      70.9;      59.1;      63.2;        47;      74.1;      81.8;      91.9;      78.7;      66.7;      65.1;        69;      78.4;     845.9;
       103;1991-2020;        46;        51;      39.4;      47.1;      35.7;        71;      78.6;      84.4;      73.8;      55.9;      51.3;      49.7;      55.9;     693.9;
       104;1991-2020;        46;       132;     102.5;      95.4;      63.9;      80.5;      81.9;     103.3;      98.7;      95.7;      96.2;     108.6;     129.8;    1188.4;
       105;1991-2020;        46;      52.1;      48.5;      50.3;      41.8;      62.8;      64.2;        70;      75.2;      58.5;      54.7;      52.9;      60.3;     691.1;
       107;1991-2020;        46;     151.3;     103.4;     116.1;      74.2;     102.6;      94.9;     130.3;     109.6;     109.4;     120.5;       126;     151.4;    1389.8;
       108;1991-2020;        46;     134.3;     100.7;     109.4;      69.6;      96.3;      88.5;       121;        99;     102.6;     113.6;     111.5;     139.2;    1285.8;
       109;1991-2020;        46;     172.5;     123.4;     129.1;      79.4;     107.1;      99.1;     138.8;     110.4;     120.9;     136.3;       134;     171.8;    1522.7;
       110;1991-2020;        46;      73.7;      59.6;        55;        42;      52.5;      69.5;        79;      81.3;      65.5;      65.8;      68.5;        78;     790.4;
       111;1991-2020;        46;      67.4;      50.5;      58.5;        42;      64.9;      55.3;      72.3;      59.4;      53.7;      54.7;      58.3;      66.3;     703.2;
       112;1991-2020;        46;      69.8;      51.4;      61.3;      46.9;      69.9;      56.9;      75.4;      64.8;      58.3;      59.9;      64.2;      69.5;     748.3;
       113;1991-2020;        46;      69.5;      51.4;      59.6;      44.1;      67.9;      57.1;        75;      60.1;      56.6;      56.6;      60.1;      68.2;     726.2;
       115;1991-2020;        46;      67.3;      48.9;        58;      43.7;      67.9;      55.7;      72.6;      61.5;      54.4;        57;      59.3;      66.6;     712.8;
       116;1991-2020;        46;      36.8;        33;        43;      34.3;      59.6;      64.8;      81.3;      69.6;      55.3;        44;      46.4;        42;       610;
       117;1991-2020;        46;     100.9;      77.4;      77.1;      52.7;      80.4;      76.3;     102.8;      72.7;      82.5;      80.5;      91.5;     112.7;    1007.5;
       118;1991-2020;        46;      56.4;      44.9;      48.4;      37.9;      67.6;      78.2;      80.1;      68.1;      56.9;      55.4;      51.4;      59.9;     705.2;
       119;1991-2020;        46;      51.4;      40.3;      41.4;      36.1;      52.8;      73.6;      72.8;      72.9;      60.1;      57.9;      50.5;        55;     664.8;
       120;1991-2020;        46;      55.2;      40.6;      47.8;      33.3;        58;      66.4;      80.6;      63.4;      49.5;      46.8;      46.7;        54;     642.3;
       121;1991-2020;        43;        78;        65;        67;        51;        66;        77;        82;        80;        69;        70;        73;        89;       867;
       122;1991-2020;        46;      62.6;      48.4;      50.6;      39.1;      52.7;      65.4;        79;      71.2;      54.9;      55.4;      52.6;      59.8;     691.7;
       123;1991-2020;        46;      66.9;      50.4;      56.9;      37.6;      65.6;      74.8;      79.4;      71.3;      61.7;      57.4;      60.4;      72.2;     754.5;
       124;1991-2020;        46;      34.4;      30.6;        41;      33.8;      59.4;        53;        78;      55.5;      55.2;      38.8;      44.4;      41.4;     565.5;
       127;1991-2020;        46;      77.3;      66.2;      65.5;      47.8;      84.9;      75.1;      82.5;      76.4;      58.3;      69.6;      67.9;      89.9;     861.4;
       128;1991-2020;        46;      55.2;      47.3;      52.1;        41;      79.1;      90.3;      91.3;      82.4;      62.7;      57.4;      55.3;      63.5;     777.6;
       129;1991-2020;        43;        49;        36;        40;        31;        50;        64;        69;        59;        46;        46;        42;        49;       581;
       130;1991-2020;        46;      47.9;      44.1;      48.3;      39.7;      61.9;      62.9;      75.3;      60.1;      53.1;      53.9;      54.7;      60.8;     662.8;
       131;1991-2020;        46;      56.6;      46.9;      56.6;      39.6;      64.7;      64.7;      85.9;      81.1;      60.2;      56.3;      59.5;      59.2;     731.5;
       132;1991-2020;        46;      67.2;        52;      59.9;      50.1;      87.5;      95.4;     100.3;        83;      79.7;      70.1;      67.1;      72.2;     884.5;
       133;1991-2020;        46;      65.2;      56.1;      60.8;      42.9;      81.4;        72;      81.4;      72.1;      56.2;      62.9;        64;        77;     792.1;
       134;1991-2020;        46;      68.8;      55.2;      56.3;      43.2;      70.6;      84.9;        94;      77.4;      64.5;      61.3;      60.8;        71;       808;
       135;1991-2020;        46;        41;      35.9;      48.2;      37.7;      61.1;      70.8;      87.8;      65.3;      57.2;      49.2;      54.2;      45.8;       654;
       137;1991-2020;        46;     103.3;      83.4;      93.7;      65.5;     106.2;     114.7;     129.1;     122.3;      88.7;      91.4;      92.3;     117.2;    1207.7;
       138;1991-2020;        46;      53.2;      39.5;      47.8;      36.2;      67.6;      72.8;      88.1;      77.3;      51.8;      51.1;      50.8;      57.7;       694;
       139;1991-2020;        46;      55.1;      44.4;      50.7;      40.9;      73.5;      80.9;      90.2;      76.5;      53.7;      56.4;      56.3;      63.5;       742;
       140;1991-2020;        46;      46.7;      34.8;      38.7;      31.7;      47.7;      57.7;      73.3;        58;      48.3;      46.4;      42.7;        45;       571;
       141;1991-2020;        46;      40.5;      35.2;      45.2;      35.2;      60.1;      65.7;      82.9;      71.8;      55.5;      46.9;      49.6;      44.6;     633.3;
       142;1991-2020;        45;      55.6;      43.3;      56.7;      50.7;      91.6;     102.8;     105.7;      94.8;      64.4;      60.8;      58.4;      59.5;     853.6;
       143;1991-2020;        46;      58.4;      45.5;      58.4;      51.6;      99.6;       108;     110.5;     104.6;      69.3;      64.8;        59;      61.8;     891.4;
       144;1991-2020;        46;      36.4;      29.2;      34.1;      25.3;      51.2;      54.2;      75.6;      56.6;      42.6;      34.5;      33.9;      35.3;     508.8;
       145;1991-2020;        46;      83.6;      77.6;      90.3;      79.6;     126.5;     136.5;     144.1;     136.8;     100.6;      85.8;      87.2;      99.8;    1248.5;
       146;1991-2020;        46;      94.7;      90.1;       101;      91.3;     140.6;     153.3;     159.1;     150.8;     107.1;      97.2;       103;     121.5;    1409.6;
       147;1991-2020;        46;      40.5;      32.9;      37.1;      30.1;      52.9;      65.4;      69.6;        60;      47.8;      45.8;      43.1;      41.7;     566.7;
       148;1991-2020;        46;      71.2;      63.4;      57.3;      40.7;      59.8;      80.1;      88.2;      82.2;      68.4;      71.2;      66.2;      81.2;     829.9;
       149;1991-2020;        46;        56;      50.5;      49.4;        43;      73.8;      65.8;      81.2;      66.6;      58.8;      58.1;      59.9;      65.9;       729;
       150;1991-2020;        45;        35;      34.6;      36.9;      31.5;      54.3;      49.7;      60.1;        53;      44.8;      44.4;      41.6;      48.7;     537.7;
       151;1991-2020;        45;      56.2;      47.2;      47.5;      33.4;      62.6;      71.4;      73.6;      69.2;      56.4;      50.2;      52.6;        62;     684.2;
       152;1991-2020;        46;        78;      59.2;      60.2;      42.1;      55.9;        70;      84.5;      70.1;      57.1;      61.7;      62.3;      74.3;     775.5;
       153;1991-2020;        46;      60.1;      56.2;      78.6;      67.5;     127.3;       136;     142.1;     137.1;      99.6;        75;      70.8;      71.4;    1121.8;
       154;1991-2020;        45;      58.1;      52.7;      70.6;      64.6;     123.6;     133.1;     130.7;     133.5;      99.4;      73.1;      61.8;      64.5;      1068;
       155;1991-2020;        46;      56.3;      45.3;      54.4;      44.5;        77;      77.4;      84.7;      75.9;      53.5;      58.5;      56.6;      62.3;     746.4;
       156;1991-2020;        46;      35.5;      25.3;      33.6;      27.6;      58.3;      50.6;      67.9;      54.2;        46;        37;      38.5;      36.4;     510.9;
       158;1991-2020;        46;      50.2;      35.3;      38.2;        36;      62.8;      56.3;      70.3;      65.2;        50;      50.9;      46.9;      52.9;       615;
       159;1991-2020;        46;      67.2;      58.7;      62.6;      44.9;      70.1;      54.8;      74.5;      59.8;      53.8;      64.1;      62.6;      81.7;     754.8;
       160;1991-2020;        46;      51.8;      47.2;      60.1;      62.8;     116.6;     130.9;     134.9;     132.1;        89;      69.1;      60.6;      55.5;    1010.7;
       161;1991-2020;        43;        41;        35;        40;        33;        53;        59;        62;        59;        48;        48;        43;        46;       567;
       162;1991-2020;        46;        75;      63.5;      98.9;      72.4;     135.5;     158.4;     151.8;     162.1;     116.4;      82.4;      81.6;      80.7;    1278.5;
       163;1991-2020;        46;     159.9;     144.6;     181.2;     120.9;     194.3;     208.3;     184.1;     199.1;     167.8;       135;     143.1;     160.8;    1999.1;
       164;1991-2020;        45;        38;      28.9;      36.9;      27.2;      52.1;      54.2;        71;      57.8;      45.5;        38;      35.4;      37.1;     521.9;
       165;1991-2020;        46;      43.8;      30.6;      37.5;      26.5;      52.5;      55.2;      64.3;      56.3;      47.5;      41.9;      40.2;      44.1;     540.4;
       166;1991-2020;        46;      27.7;      22.5;      30.8;      25.2;      50.2;      47.3;      63.4;      48.4;      45.2;      30.2;      34.5;      33.4;     458.8;
       167;1991-2020;        46;      43.1;      33.7;      38.1;        31;        49;      61.6;      67.7;      60.8;      51.6;      50.2;      43.8;        45;     575.5;
       168;1991-2020;        46;      85.5;      62.3;      62.8;      45.8;      56.7;      69.1;      79.6;      75.7;      71.6;        73;      74.2;      87.6;     843.8;
       169;1991-2020;        46;      67.4;      55.3;      67.3;      47.9;      70.6;        86;      95.7;      89.8;      72.6;      60.4;      66.1;      70.5;     849.7;
       170;1991-2020;        46;      48.4;      33.7;      42.1;      30.2;      52.9;      51.5;      74.6;      61.5;      47.3;        40;      45.1;      45.9;     573.2;
       172;1991-2020;        46;      81.7;      63.5;      66.9;      47.7;      64.9;      70.3;      83.3;      76.7;      62.4;      75.3;      69.6;      79.7;       842;
       173;1991-2020;        46;      73.4;      68.1;      63.1;        48;      68.6;      65.4;      73.8;      69.7;      66.7;      77.1;      76.1;     100.2;     850.1;
       174;1991-2020;        46;      81.1;      72.8;      68.2;      50.9;      71.9;      69.6;      78.8;      73.7;      71.5;        81;      82.2;     108.5;     910.2;
       175;1991-2020;        46;      51.5;      46.3;      49.6;      39.2;      66.4;        70;      76.2;      65.9;      48.1;      58.8;      54.5;      61.2;     687.7;
       177;1991-2020;        46;      48.2;      42.3;      45.9;      35.8;      64.1;      65.5;      72.5;      60.8;      47.2;      54.3;      50.5;      54.3;     641.5;
       178;1991-2020;        46;      50.7;      43.9;      47.8;        37;      64.7;      69.2;      75.1;      60.9;      47.8;      56.4;      53.7;      56.4;     663.7;
       179;1991-2020;        46;        60;      54.9;      68.8;      68.4;     115.4;     131.3;     135.9;     134.9;      89.8;      73.9;      68.4;      67.5;    1069.2;
       180;1991-2020;        46;        33;        30;      39.2;      33.9;      62.3;      57.1;      79.4;      63.1;      49.5;      41.9;      44.2;      41.3;     574.9;
       182;1991-2020;        46;        51;      36.9;      40.8;      30.8;      48.6;      57.7;      72.3;      59.4;      46.5;      46.9;      45.4;      48.7;     585.1;
       183;1991-2020;        45;      39.9;      29.2;      30.4;      28.3;      41.5;      56.9;      56.6;      67.8;      52.9;      53.8;      45.6;      44.9;     547.8;
       184;1991-2020;        46;      43.3;      33.8;      35.8;      27.6;      46.1;      57.9;      68.5;      57.7;      48.1;        45;      41.3;      42.5;     547.5;
       185;1991-2020;        46;      67.3;      51.2;      50.5;      36.8;      54.5;      67.5;      76.3;      80.6;      67.7;      79.4;      66.1;      80.8;     778.7;
       186;1991-2020;        46;      99.3;      85.7;      80.1;      58.2;      73.2;      78.5;      98.7;      90.9;      78.2;      78.7;      89.8;      99.6;    1010.9;
       187;1991-2020;        46;      85.9;      73.4;      70.8;      52.9;        72;      75.4;       103;      89.3;      76.2;      75.5;        80;      87.4;     941.7;
       188;1991-2020;        46;      26.7;      28.3;      37.7;      32.1;      60.3;      52.7;      67.8;      52.1;      40.6;      33.3;      37.1;      34.2;     502.9;
       189;1991-2020;        46;      53.6;      44.1;      44.2;      35.6;      60.9;      59.4;      73.8;      55.6;        51;      52.2;      53.5;      62.2;     646.1;
       190;1991-2020;        46;      50.4;      41.8;      42.5;      36.2;      62.1;      56.9;      78.6;      54.9;      48.6;      50.4;      53.6;      60.5;     636.5;
       191;1991-2020;        45;      48.7;      41.6;      43.5;      36.9;      63.4;      58.1;      79.7;      53.7;      48.4;        50;      52.5;      59.7;     636.5;
       192;1991-2020;        46;        52;      43.6;        55;      44.9;      78.3;      90.4;      93.6;      85.2;        65;      57.4;      53.1;      57.6;     776.2;
       193;1991-2020;        46;      64.4;      49.7;      51.8;      42.8;      63.7;        71;      84.9;      71.9;      57.6;      58.8;      62.2;      69.6;     748.5;
       194;1991-2020;        46;      50.9;      40.1;      43.6;      38.3;      60.2;      65.5;      73.1;      63.4;      53.6;      50.9;      51.4;      52.1;     643.1;
       196;1991-2020;        46;      57.7;      44.2;      48.5;      39.6;      57.7;      62.9;      76.4;      60.7;      54.7;      52.8;      57.2;      61.7;     673.9;
       198;1991-2020;        45;      27.6;      22.4;      32.8;      31.4;      59.2;      46.3;      67.5;      49.2;      44.9;      33.3;      36.3;      33.8;     481.6;
       199;1991-2020;        46;      61.3;      47.5;      48.8;      38.2;      51.9;      66.1;      77.5;      67.9;      53.8;      54.5;      52.2;        60;     679.7;
       200;1991-2020;        43;        90;        69;        63;        52;        69;        71;        71;        81;        74;        76;        82;       105;       903;
       201;1991-2020;        46;      71.9;      59.9;      66.2;      48.5;      65.9;      78.9;        80;        79;      67.4;      68.2;      69.2;      80.7;     835.7;
       202;1991-2020;        45;        50;      45.3;      47.6;      39.8;      67.4;      60.2;      71.6;      63.3;      50.9;      53.5;      56.6;      58.4;     664.6;
       203;1991-2020;        43;       113;        99;       142;       119;       183;       200;       211;       199;       159;       122;       121;       121;      1789;
       204;1991-2020;        46;     125.5;       109;     152.4;     126.1;     212.1;     227.1;     245.6;     231.8;     181.4;     140.1;     131.8;     141.2;    2024.2;
       205;1991-2020;        46;     140.6;     124.9;     176.6;       131;     215.9;     229.7;     245.6;     228.4;     184.9;     144.6;     141.1;     150.3;    2113.6;
       206;1991-2020;        46;      68.9;      56.6;      52.2;      41.3;      59.8;      66.6;        86;      82.7;      78.3;      67.9;      67.9;      73.3;     801.6;
       207;1991-2020;        46;      31.5;      23.2;      32.4;      28.7;      59.3;      52.3;      71.7;      52.9;      44.1;      35.6;      35.3;      33.1;       500;
       208;1991-2020;        46;      32.7;      28.5;      35.1;      29.4;      51.5;      53.9;      72.4;      52.4;      44.7;      35.4;      37.3;      35.8;     509.1;
       209;1991-2020;        46;      66.7;      61.2;      70.8;      52.3;      83.7;      85.4;      96.9;        82;      66.2;      76.6;      76.4;      79.6;     897.7;
       211;1991-2020;        46;      61.6;      51.3;      52.9;      41.6;      60.3;      60.3;      72.8;      62.9;      53.2;        59;      57.6;        73;     706.6;
       213;1991-2020;        46;      41.7;      31.7;      43.7;      36.2;      59.5;      55.3;      76.1;      56.6;        51;      44.1;      45.2;        42;     583.1;
       214;1991-2020;        46;     116.1;      90.7;      84.5;      55.6;      66.3;      69.9;      89.6;      88.1;      76.5;      87.4;      93.6;     122.6;    1040.9;
       216;1991-2020;        46;     127.5;      96.8;      91.2;      59.9;      67.4;      72.6;      94.9;      92.1;        80;      94.5;     101.4;     133.8;    1112.1;
       217;1991-2020;        45;      59.8;      56.1;        68;      73.6;     126.8;     142.3;     147.7;     147.8;     102.7;      78.5;      70.7;      66.7;    1140.6;
       218;1991-2020;        46;      34.2;      24.8;      33.2;      26.1;      53.4;      49.2;      63.8;      53.6;      43.3;      35.3;      37.2;      37.3;     491.5;
       219;1991-2020;        46;      30.4;      21.7;        29;      23.9;      49.6;      46.2;      59.1;      48.2;      39.5;      33.5;      34.3;      33.4;     448.8;
       220;1991-2020;        46;        63;      56.6;      55.4;      46.5;        77;      68.5;      73.6;      65.9;      56.6;      68.5;      69.1;      77.8;     778.5;
       221;1991-2020;        46;      54.2;      44.2;      58.1;        51;      90.9;     100.3;     102.7;      97.5;      69.2;      60.9;        58;      60.5;     847.5;
       222;1991-2020;        45;      59.1;      48.8;      60.2;      48.1;      77.5;      89.6;      97.7;      94.4;      69.7;      62.9;      58.2;      61.9;     843.1;
       223;1991-2020;        46;      69.6;      52.2;      57.9;      42.7;        65;        77;      83.6;      71.6;      63.7;      61.4;      65.7;      74.7;     785.2;
       224;1991-2020;        46;      68.9;      61.7;      79.8;      81.1;     141.4;     170.7;       161;     167.2;     106.2;      87.7;      73.5;      71.8;    1270.9;
       225;1991-2020;        46;      32.9;      28.8;      39.3;      34.2;      59.4;      56.5;      76.2;      61.5;      48.6;      38.5;      42.4;      39.2;     557.5;
       226;1991-2020;        46;      45.3;      38.4;      50.2;      43.8;      87.3;      97.3;     102.1;      93.8;      67.9;      54.8;      50.1;      52.5;     783.3;
       227;1991-2020;        46;      79.2;      59.4;      62.4;      43.7;      62.2;      72.3;      89.3;      68.2;      71.2;      65.5;      74.6;      86.4;     834.3;
       228;1991-2020;        46;      55.3;        45;      58.2;      52.6;      92.4;     101.7;     104.5;      95.8;      67.7;      58.9;      55.5;      59.9;     847.4;
       229;1991-2020;        46;      54.3;      42.6;      61.3;      53.3;      85.2;      91.9;     105.9;      90.7;      62.6;      51.7;      56.3;      56.1;     811.7;
       230;1991-2020;        46;      53.8;      43.3;      56.6;      52.3;      91.4;      98.8;     102.2;      95.2;      65.3;      56.7;      55.4;      57.5;     828.4;
       231;1991-2020;        46;      53.4;      42.2;      55.4;      52.1;        92;      98.7;     102.6;        95;      65.3;      56.4;      55.8;      58.3;     827.1;
       232;1991-2020;        45;      45.1;      34.1;      47.3;      45.8;      84.8;        92;      94.3;      91.8;      61.9;      52.9;      50.2;      49.7;     749.4;
       234;1991-2020;        46;      37.3;      29.7;      39.1;      29.5;      54.8;      52.6;      74.3;      52.5;      49.8;      34.7;      40.7;      39.3;     534.2;
       235;1991-2020;        46;      88.7;      66.8;      67.4;      51.6;      65.4;      70.4;        89;      86.3;      77.8;        81;      81.3;      91.2;     916.7;
       236;1991-2020;        46;      49.2;      48.2;      51.2;        41;      72.5;      62.8;      76.7;      60.5;      51.1;      61.3;      59.8;      65.3;     699.6;
       237;1991-2020;        46;      66.4;      56.9;      65.7;        44;        71;      81.4;     101.6;      95.4;      69.1;      59.7;      64.7;      68.8;     844.6;
       240;1991-2020;        46;      83.8;      66.3;      67.5;        47;      70.3;        67;      85.4;      64.1;      60.1;        68;      74.3;      91.2;     845.1;
       242;1991-2020;        46;      65.5;      53.8;      61.8;        44;      72.2;      73.9;      80.2;      70.1;      56.5;      65.9;      61.9;      74.8;     780.4;
       243;1991-2020;        46;      73.4;      56.3;      54.6;      42.7;      55.8;      73.3;      91.7;      90.2;        88;      80.8;      75.7;      79.8;     862.1;
       244;1991-2020;        46;      65.9;      53.1;      49.8;      43.1;      52.5;      72.3;      90.9;      88.6;      85.4;      78.8;      72.6;      77.5;     830.5;
       245;1991-2020;        43;        73;        56;        54;        44;        58;        73;        90;        90;        88;        81;        75;        80;       862;
       246;1991-2020;        46;      41.7;      30.3;      38.9;      28.4;      49.6;      51.1;      72.9;      55.6;        44;      38.4;      42.3;      44.3;     537.5;
       247;1991-2020;        46;      69.7;      60.2;      82.8;      72.8;     123.1;     142.3;     142.6;     140.6;     100.9;      80.1;      73.6;      78.1;    1166.8;
       248;1991-2020;        46;      32.8;      24.5;      32.9;      26.6;      56.7;      48.9;      70.8;      51.4;      47.7;      35.2;      37.7;      35.8;     500.9;
       249;1991-2020;        46;      49.3;      46.7;      47.1;      39.4;      64.1;        56;      64.7;      62.1;      51.5;      53.9;      54.1;      59.5;     648.3;
       250;1991-2020;        46;      51.8;      50.1;      48.6;      40.4;        64;      59.8;      67.4;      61.7;      51.7;      53.3;      55.4;      61.8;     666.1;
       251;1991-2020;        46;      46.2;      35.9;      43.6;      51.9;      90.7;      96.2;     103.7;        89;      58.5;      55.3;      52.6;      51.6;     775.2;
       252;1991-2020;        46;      66.8;      55.7;      66.3;      49.1;      85.1;      80.2;        91;      82.4;      62.4;      73.3;        71;      77.5;     860.8;
       255;1991-2020;        46;      66.4;        49;      49.9;      37.9;      49.2;      63.8;      74.1;      70.4;      67.9;      61.9;      60.7;        70;     721.1;
       256;1991-2020;        46;      55.4;      39.5;      47.9;      39.1;      56.6;      55.5;      71.4;      66.9;      52.9;      54.4;      49.2;      54.1;       643;
       257;1991-2020;        45;     107.3;      99.1;     106.2;      78.8;     118.5;     103.9;     116.9;     101.9;      91.1;     109.1;     113.1;     122.1;    1267.9;
       259;1991-2020;        45;      52.6;      49.3;      55.6;      68.8;      98.5;        95;      85.8;      96.3;      74.4;      76.4;      67.5;      72.8;     880.8;
       260;1991-2020;        46;      41.7;      31.7;        41;      34.7;      59.4;      55.1;      69.8;      57.3;      47.5;      44.2;        42;      41.3;     565.6;
       262;1991-2020;        46;      69.1;      56.5;      62.4;      47.3;      77.6;      83.9;      91.8;      83.3;      71.9;        65;      66.6;      75.8;     851.3;
       264;1991-2020;        46;      44.5;      33.7;      43.8;        31;      55.3;      57.3;      79.5;      68.6;      47.3;      42.7;      44.6;      46.2;     594.4;
       266;1991-2020;        46;      38.4;      27.9;      37.6;      27.6;        55;      51.8;      62.4;      53.5;      44.3;      39.5;      40.4;      39.5;     517.9;
       267;1991-2020;        46;      55.1;      45.7;      58.8;        48;      92.5;     100.9;     103.3;      92.6;      68.1;      61.3;      55.8;        62;     844.1;
       268;1991-2020;        46;     169.4;       142;     146.5;      99.4;     137.4;     118.3;     141.8;     117.4;     106.9;     140.4;     158.2;     196.4;      1674;
       269;1991-2020;        46;     195.5;     159.6;     162.6;     100.4;     128.6;     112.3;     139.2;       116;     104.1;     138.8;       165;     219.3;    1741.3;
       270;1991-2020;        46;       152;     127.4;       128;      78.8;     111.7;      94.8;       116;      98.2;      84.1;     119.3;     124.2;       179;    1413.6;
       271;1991-2020;        46;     177.7;     149.1;     152.9;     100.7;     134.5;     119.5;     141.4;     116.5;     110.3;     143.9;     163.8;     209.7;      1720;
       272;1991-2020;        46;      55.9;      44.5;      49.8;      38.2;      65.5;      65.8;      83.7;      65.1;      61.2;      56.5;      58.6;        63;     707.9;
       273;1991-2020;        46;      53.5;      48.2;        58;      61.3;     101.2;     110.4;       109;     100.1;      75.3;      64.2;      65.4;      69.4;       916;
       274;1991-2020;        46;      73.7;      56.7;      59.7;      43.8;      57.4;      63.2;        75;      72.7;      58.5;      67.2;      62.4;      74.6;     764.9;
       275;1991-2020;        46;     182.7;     159.8;     198.7;       142;       218;     233.3;     264.3;     251.8;     197.6;     164.9;     174.5;     205.9;    2393.6;
       276;1991-2020;        46;      32.1;      28.5;      37.3;      32.4;        59;      52.9;      74.8;      60.1;      48.2;      37.7;      42.9;      38.8;     544.6;
       277;1991-2020;        46;      44.8;        42;      49.7;        58;      96.9;      92.2;      99.4;      83.9;      62.5;      68.4;      56.4;      58.7;     813.1;
       278;1991-2020;        46;      42.9;      35.1;      44.3;      37.3;      69.1;      59.7;      76.5;      55.4;      52.2;      41.2;      43.8;      46.1;     603.5;
       279;1991-2020;        46;      60.2;      50.5;        64;      52.8;      97.1;      96.3;     102.3;      82.7;      63.1;      69.9;      70.4;      69.7;       879;
       280;1991-2020;        46;      55.1;      43.4;      47.6;      38.5;      60.2;      65.9;        81;      60.4;      59.4;      55.1;      58.1;      61.6;     686.4;
       281;1991-2020;        46;      53.4;      41.9;      46.1;      36.4;      60.6;      65.4;      81.2;      60.2;      57.9;      53.2;      57.1;      60.1;     673.5;
       282;1991-2020;        45;      46.8;      37.2;      43.2;        35;      60.7;      61.5;      78.8;      59.9;      55.5;      49.5;      51.9;      54.5;     634.6;
       283;1991-2020;        46;      56.4;      45.4;      48.8;      39.2;      64.1;      68.6;        83;        63;        62;        56;      60.5;      66.3;     713.3;
       284;1991-2020;        46;      57.3;      46.1;      49.6;      39.2;      65.1;      68.6;      86.2;      64.2;      62.3;      57.1;      60.5;        66;     722.2;
       285;1991-2020;        46;      72.8;      64.5;      71.8;      54.3;      77.1;      72.2;      80.7;      71.1;      69.8;      78.7;      80.2;        93;       886;
       287;1991-2020;        46;      37.1;      25.6;      33.2;      26.9;      57.3;      53.2;        63;      50.9;      45.1;      37.1;        37;      38.2;     504.7;
       288;1991-2020;        46;      41.4;      30.7;        36;      29.4;      49.6;      65.6;      68.4;      61.5;      52.9;      48.7;      43.1;      43.4;     570.6;
       289;1991-2020;        46;        75;      62.6;      60.5;      43.1;      62.5;      77.1;      83.6;      81.2;      62.9;      66.6;      68.2;      83.2;     826.3;
       290;1991-2020;        46;      51.4;      37.4;      45.7;      35.9;      55.9;      54.3;      69.5;      62.6;      49.7;      46.4;      46.3;      51.2;     606.2;
       291;1991-2020;        46;        53;      44.2;        44;      35.7;      49.3;      64.5;      70.3;      64.6;        51;        50;      50.3;      54.5;     631.4;
       292;1991-2020;        46;      64.3;      50.8;      48.2;      39.6;      50.4;      67.7;      71.2;      69.8;        60;      60.4;      54.7;        68;     705.2;
       293;1991-2020;        46;      76.5;      59.7;      64.6;      49.4;      63.7;        68;      83.8;      78.7;      64.1;      70.1;      68.5;      77.6;     824.8;
       294;1991-2020;        45;      66.8;      53.6;      55.2;      43.5;      59.4;      57.5;      76.2;      78.2;      59.3;      64.3;      58.2;      65.3;     738.2;
       295;1991-2020;        46;      52.6;        41;      45.1;      37.9;      51.8;      54.6;      69.3;      70.4;      50.4;      57.2;      50.4;      53.8;     634.4;
       296;1991-2020;        46;      67.7;      52.2;        52;      40.2;        57;      73.6;      82.1;      78.4;      73.4;      66.5;      64.6;      73.7;     781.6;
       297;1991-2020;        46;      52.5;      42.4;      41.7;      34.8;      50.3;      67.8;      67.6;      67.1;      57.2;      53.4;      51.1;      57.2;       643;
       298;1991-2020;        45;      48.7;      39.7;      40.8;      35.3;      51.4;      67.1;      66.3;      73.4;      57.5;      58.5;      47.4;      55.4;       641;
       301;1991-2020;        43;        96;        78;        91;        65;       102;        94;       118;        95;        78;        90;        89;       108;      1104;
       303;1991-2020;        45;      42.7;      32.6;      38.3;      29.6;      53.1;      50.4;      79.1;        58;      45.1;      40.5;      43.1;      41.6;     558.7;
       304;1991-2020;        46;      77.7;      61.9;      58.2;      43.4;      56.8;      77.4;      94.2;      80.9;      78.4;      72.4;      73.4;      83.4;     858.1;
       306;1991-2020;        46;      47.7;      39.6;      43.7;      37.6;      58.5;      63.7;      68.4;        62;      51.2;      48.8;      47.1;        53;     621.4;
       308;1991-2020;        46;      69.1;      49.3;      49.7;      37.2;      58.5;      52.9;      70.2;        56;        52;      54.9;      60.5;      78.7;     689.2;
       309;1991-2020;        46;        77;      55.2;      54.5;      44.2;      61.6;      62.5;      73.1;      68.6;      58.5;      63.5;      64.5;      84.5;     767.5;
       310;1991-2020;        46;     118.4;      84.4;      85.8;      58.9;      69.6;        75;        83;      80.6;      78.3;        92;        97;     120.2;    1043.2;
       311;1991-2020;        46;      48.5;      38.8;      47.3;      40.3;      72.3;      80.3;      83.9;      78.7;      57.4;      52.8;      50.6;      51.7;     702.4;
       312;1991-2020;        43;        54;        41;        43;        35;        52;        67;        69;        63;        55;        52;        50;        57;       638;
       313;1991-2020;        46;      90.5;        73;      68.1;      49.2;      67.3;      65.7;      70.5;      73.2;      62.7;      78.2;      83.9;     110.8;       893;
       314;1991-2020;        45;      45.6;      37.3;      49.7;      33.6;      64.5;      69.6;        85;      77.8;      53.7;      44.4;      44.7;      44.9;     651.6;
       315;1991-2020;        46;      52.9;      44.3;      55.1;      43.7;      78.2;      91.1;      92.5;      80.5;      61.8;        57;      54.5;      57.3;       769;
       316;1991-2020;        46;      40.2;      38.1;      39.8;        35;      60.3;      56.2;      65.6;      60.5;      47.6;      51.8;      47.2;      55.6;     597.9;
       317;1991-2020;        46;     125.8;      99.6;     113.8;      64.1;     100.8;     117.6;     119.3;     119.2;      95.1;     105.5;     101.8;       149;    1311.8;
       318;1991-2020;        46;      82.1;      75.6;      95.3;      94.1;     156.4;     173.2;     182.1;     180.1;     120.8;      96.2;      90.1;      86.3;    1432.3;
       319;1991-2020;        46;      82.3;      78.2;        87;      78.2;     125.4;     143.3;     142.7;     136.3;      97.8;      86.6;      86.8;      93.5;      1238;
       320;1991-2020;        45;      58.4;        46;      48.6;      36.4;        61;      73.7;      87.3;      63.7;      62.7;        53;      56.8;      64.2;     711.9;
       322;1991-2020;        46;      63.6;      49.6;      54.4;      44.1;      72.6;        66;      89.5;      67.4;      58.5;      61.4;      65.1;      69.2;     761.4;
       323;1991-2020;        46;      49.8;      42.2;        49;      36.6;      66.2;        72;      75.8;      61.9;      47.5;      56.1;      51.5;      58.4;     667.1;
       324;1991-2020;        46;      80.9;      64.3;      58.7;      44.1;      65.3;      60.8;      66.6;      59.1;      62.4;      69.7;      74.4;      95.5;     801.8;
       325;1991-2020;        43;        76;        59;        61;        45;        60;        67;        85;        83;        69;        69;        71;        79;       824;
       326;1991-2020;        46;      69.4;      56.7;      58.8;      42.2;      59.5;      68.5;        84;      79.2;      68.2;      67.2;      67.4;      71.2;     792.2;
       327;1991-2020;        46;      80.7;      63.4;      60.4;      43.7;      61.5;      84.8;      94.3;      94.3;      87.6;      86.7;      82.4;        91;     930.8;
       328;1991-2020;        46;      45.8;      35.9;      41.2;      27.6;      51.3;      57.9;      69.1;      57.7;      44.3;      43.9;      41.2;      45.5;     561.4;
       329;1991-2020;        46;      47.4;      36.4;      42.3;      29.4;      50.4;      53.2;      73.8;      55.5;      49.3;      41.9;      40.2;      42.6;     562.4;
       330;1991-2020;        45;     101.2;      88.2;        87;        58;        84;      66.4;      82.1;      73.3;      75.8;      86.4;      89.7;       117;    1006.1;
       331;1991-2020;        46;     109.8;       100;      99.2;      66.5;      92.3;      76.5;      90.3;      80.3;        85;      95.5;      99.4;     127.4;    1122.2;
       332;1991-2020;        46;      32.9;      26.5;      35.7;      26.5;      55.4;      47.7;      69.5;      52.6;      46.5;      33.7;      38.4;      34.5;     499.9;
       333;1991-2020;        46;      44.4;      34.1;      40.5;      31.3;      53.1;      56.8;      78.6;      58.4;      44.5;      40.2;      41.8;      42.9;     566.6;
       334;1991-2020;        46;      50.7;      37.5;      40.4;      31.6;      50.4;      57.1;      71.9;      60.4;      49.5;      49.5;      43.9;      46.8;     589.8;
       335;1991-2020;        46;        59;        49;      43.4;        34;      48.3;      66.3;      70.9;      75.1;      56.5;      56.2;      54.3;      61.8;     674.8;
       336;1991-2020;        46;      46.6;      41.4;      49.1;      37.9;      63.7;        55;      78.1;      62.7;      54.8;      48.5;      51.7;      53.9;     643.4;
       337;1991-2020;        46;      54.1;      44.4;      52.4;      40.6;      70.9;      75.2;      83.7;      74.5;      54.4;      55.3;      55.4;      59.7;     720.5;
       338;1991-2020;        46;      48.6;      35.7;      44.8;      31.8;      51.1;      52.1;      75.8;      62.6;      51.4;      44.2;      46.4;      48.2;     592.6;
       339;1991-2020;        46;      44.5;      35.9;      45.2;      34.5;      57.2;      61.1;      79.8;      63.1;      55.7;      45.1;      47.4;      46.7;     616.1;
       340;1991-2020;        46;      33.4;      26.1;      34.2;      27.8;      58.7;      52.9;      73.2;      55.9;      50.8;      37.5;      40.8;      37.4;     528.7;
       342;1991-2020;        43;        81;        61;        59;        45;        57;        66;        82;        83;        66;        73;        69;        79;       821;
       343;1991-2020;        46;      60.4;      45.7;      47.9;      39.5;      62.2;      63.3;      76.9;      62.1;      59.2;        56;      58.6;      69.4;       701;
       344;1991-2020;        46;      45.9;      33.4;      38.8;      31.1;      47.9;      53.3;      63.2;      58.1;      44.4;      46.4;      42.9;      45.6;     550.9;
       345;1991-2020;        46;      53.6;      39.5;      46.7;      32.1;      54.1;      57.5;      74.1;      63.3;      48.9;      46.5;      47.7;      52.1;       616;
       346;1991-2020;        46;        35;        28;      36.6;      32.3;        54;      52.8;      65.2;      50.7;      44.3;      37.1;      41.7;      41.4;       519;
       347;1991-2020;        46;      45.8;      39.3;      43.5;      35.9;      57.9;      61.9;      73.7;      63.1;        52;      50.3;      47.2;      56.4;     626.8;
       348;1991-2020;        46;      43.9;      38.1;      42.4;      36.3;        57;      62.3;      71.2;      60.3;      54.6;      49.4;      46.9;      53.4;       616;
       349;1991-2020;        46;      72.9;      71.4;      91.6;     100.1;     175.5;     196.9;     193.9;     192.4;     132.9;      98.9;      92.2;      83.6;    1502.5;
       351;1991-2020;        46;     127.7;      94.9;      97.6;      55.8;      79.5;      66.9;      89.1;      72.5;      74.7;      87.9;      96.7;     122.2;    1065.6;
       352;1991-2020;        46;      64.5;      49.5;        57;      41.7;      51.7;      57.7;      69.8;      68.4;        56;      60.6;      54.6;      66.3;     697.8;
       353;1991-2020;        46;      42.3;      31.5;      36.5;      25.9;      50.5;      55.3;      70.9;        59;      46.9;      41.5;      40.3;      40.6;       541;
       354;1991-2020;        46;      85.3;      70.7;      69.9;      51.7;      82.1;      77.4;     101.3;      76.9;      71.8;      72.5;      79.9;      94.7;     934.1;
       355;1991-2020;        46;      57.4;      52.5;      54.1;      46.5;      74.7;      69.5;      80.5;      77.2;        59;      60.5;      63.4;      68.2;     763.4;
       356;1991-2020;        46;      53.6;      42.6;        46;      37.6;      53.5;      59.9;      71.7;      72.7;      52.4;      55.2;      51.9;      53.5;     650.8;
       357;1991-2020;        46;      77.3;        62;      61.1;      42.3;      58.3;      66.7;      83.1;      81.5;      72.1;      70.5;      70.6;        81;     826.7;
       358;1991-2020;        46;      67.6;      54.2;      53.9;      40.5;      59.5;      69.6;      80.9;      77.2;      65.1;        63;      61.2;      72.8;     765.6;
       359;1991-2020;        46;      68.2;      54.4;      59.4;        41;      67.4;      76.2;      88.3;      78.7;      55.1;      58.2;      61.7;        75;     783.5;
       360;1991-2020;        46;      62.1;        50;      56.2;      43.5;      69.9;      76.6;      89.7;        77;      57.5;      57.7;      60.3;      67.7;     768.3;
       361;1991-2020;        46;      95.1;      79.6;     116.4;      90.6;     151.2;     177.1;     188.7;     188.8;     134.7;        95;      91.1;      95.7;    1503.8;
       363;1991-2020;        46;     106.6;      81.1;     125.8;     100.3;     168.6;     188.1;       203;     206.9;       155;     101.8;      97.4;     102.7;    1637.3;
       364;1991-2020;        46;     106.1;      85.6;     121.9;        96;     159.4;     186.4;     203.5;       193;     141.9;     105.3;      93.2;     104.6;    1596.9;
       365;1991-2020;        46;        70;      55.7;      62.8;      44.3;      72.2;      79.9;      90.5;      75.9;      64.8;      62.9;      66.3;      77.6;     822.9;
       366;1991-2020;        43;        38;        33;        43;        34;        64;        72;        83;        71;        59;        47;        48;        44;       636;
       369;1991-2020;        46;      72.3;        57;      56.1;      42.1;      52.9;      67.6;      78.9;      72.9;      60.6;      65.8;      60.9;      72.8;     759.8;
       371;1991-2020;        46;      60.5;        51;      51.3;      38.3;      53.9;      76.5;      71.6;      76.7;      61.1;      63.4;      58.5;      69.2;       732;
       372;1991-2020;        46;      73.6;      64.9;      64.4;      52.2;      65.8;      86.6;      85.6;      87.1;      69.4;      73.1;      75.8;      82.9;     881.5;
       374;1991-2020;        46;      63.3;      54.6;      67.2;      53.8;      96.7;      90.3;      96.6;      84.4;      66.8;      73.9;      71.5;      74.6;     893.7;
       375;1991-2020;        46;     130.5;     105.4;      98.9;      66.7;      78.2;      87.8;     107.9;     102.3;      94.7;     100.4;     112.5;     142.1;    1227.3;
       376;1991-2020;        46;      47.2;        40;      42.6;      33.2;      60.3;      62.2;      77.9;      56.9;      48.1;      49.4;      52.2;      60.9;     630.9;
       377;1991-2020;        45;      66.6;      65.1;      61.8;      45.5;      67.9;      68.6;        72;      56.8;        56;      63.6;      69.8;      90.1;     786.2;
       378;1991-2020;        46;        59;      41.8;      48.9;      37.7;      63.1;        64;      77.8;      65.1;      53.3;      55.9;      54.7;        59;     680.4;
       379;1991-2020;        43;        37;        33;        47;        38;        67;        65;        84;        67;        55;        47;        51;        45;       636;
       381;1991-2020;        46;      38.1;      33.9;      49.3;      38.8;      69.3;      64.4;        84;        68;      53.3;      47.3;      49.9;      44.2;     640.5;
       382;1991-2020;        46;      49.7;        41;        47;      35.5;      62.3;      54.3;      73.2;      58.3;      48.7;      48.5;      53.4;      55.8;     627.6;
       383;1991-2020;        46;      82.8;      66.9;      70.3;        54;      78.8;      69.4;      94.2;      72.8;      71.6;        72;      80.2;      87.2;     900.2;
       384;1991-2020;        46;      55.9;      49.7;      57.4;      63.1;     100.7;     117.9;       115;     113.8;      74.4;      65.7;      62.4;      66.2;     942.1;
       385;1991-2020;        46;      60.2;      45.5;      48.3;        39;      51.8;        58;      76.1;      64.7;        54;      60.1;      53.5;      62.7;     673.9;
       386;1991-2020;        46;     104.5;      82.1;      79.7;      58.2;      65.4;      68.5;      84.2;      80.5;      72.4;        84;      90.1;     116.5;       986;
       387;1991-2020;        46;     126.7;      96.3;      92.2;      64.5;      74.6;      77.1;      91.5;      87.3;      82.4;      94.7;     102.8;     134.7;    1124.8;
       388;1991-2020;        46;     130.6;      99.4;        95;      65.7;      82.7;      78.6;      94.2;      99.8;        95;     102.8;     112.6;     127.9;    1184.3;
       389;1991-2020;        43;       106;        79;        78;        57;        69;        69;        84;        79;        73;        85;        90;       116;       985;
       390;1991-2020;        45;     117.6;      84.5;      81.5;        57;      75.9;      75.6;      90.4;      90.3;      84.5;      96.7;      93.6;       124;    1071.5;
       391;1991-2020;        46;     131.2;     100.3;      97.9;      67.8;      77.6;      79.8;      95.3;      92.9;        89;     101.1;     107.6;     138.5;    1178.9;
       392;1991-2020;        46;     128.1;      98.7;        93;      64.1;      73.8;      78.4;      87.4;      85.4;      82.3;      91.8;     102.1;       133;    1118.1;
       394;1991-2020;        46;      47.2;      35.9;      40.7;      27.9;      51.5;      59.4;      74.8;      58.4;      46.7;      42.2;      40.8;      44.6;     570.1;
       399;1991-2020;        46;      48.8;      37.1;      41.5;      30.1;      51.9;      60.1;      78.2;      55.4;      45.1;      43.4;        42;      46.5;     580.1;
       400;1991-2020;        45;      50.4;      38.9;      43.2;        30;      55.1;      59.5;      82.2;      57.7;      46.7;      43.5;        43;      47.2;     596.1;
       401;1991-2020;        46;      47.2;      37.9;        42;      27.8;        55;      64.1;      79.2;      61.6;      45.4;      45.4;      43.5;      46.3;     595.4;
       402;1991-2020;        46;      46.8;      36.9;      40.6;      29.1;      52.6;      58.6;        77;      61.2;      45.5;      43.7;      42.3;      45.6;     579.9;
       403;1991-2020;        45;        47;      35.7;      40.8;      28.9;      53.8;      58.8;        77;      62.2;      45.8;      44.6;      42.2;      45.6;     582.3;
       404;1991-2020;        46;      50.6;      38.2;      44.2;      29.7;        54;        59;      76.5;      56.7;      47.4;      43.8;      44.7;      48.3;     593.1;
       406;1991-2020;        46;      49.1;      37.9;      41.1;      29.3;      51.2;      59.6;      76.6;      55.6;      45.1;      41.8;      42.1;      45.8;     575.1;
       407;1991-2020;        46;      49.5;      38.4;      41.1;      31.7;        54;      60.4;      78.6;      57.2;      49.2;      44.8;        44;      46.9;     595.8;
       409;1991-2020;        46;      50.8;      36.2;      39.4;      28.4;      54.7;      62.4;      67.8;      56.6;      47.9;      40.4;      42.2;      47.4;       574;
       410;1991-2020;        43;        46;        35;        40;        29;        54;        61;        77;        54;        47;        42;        42;        45;       572;
       412;1991-2020;        46;      48.3;      37.3;        41;      28.6;      53.3;      58.8;      72.2;      56.4;      44.7;      42.3;      42.1;      46.8;     571.9;
       413;1991-2020;        46;      47.4;      37.7;        41;      28.4;        53;      56.4;      76.7;      54.4;      46.1;      41.9;      41.7;      47.8;     572.5;
       414;1991-2020;        46;      49.9;      39.9;      41.9;      29.1;      51.7;      61.2;      78.7;      56.1;      47.7;      42.3;      42.6;      47.5;     588.7;
       416;1991-2020;        46;        45;      37.1;      38.2;      29.1;      55.8;      57.4;      71.7;      56.5;      44.8;      43.1;      41.4;      44.3;     564.5;
       417;1991-2020;        46;      47.5;      37.7;      41.4;      29.6;      54.1;      61.1;      75.3;      57.1;        46;      44.5;        43;      47.7;     585.1;
       418;1991-2020;        46;      48.4;      38.1;      40.5;      30.1;        53;      61.2;      73.9;      56.1;      47.3;      44.9;      42.2;      47.3;     582.8;
       419;1991-2020;        46;      48.7;      37.6;      41.6;      29.3;      50.8;      56.3;      75.3;        56;      46.1;      42.5;      43.3;        47;     574.5;
       420;1991-2020;        43;        50;        38;        43;        29;        52;        57;        77;        56;        48;        43;        43;        47;       583;
       421;1991-2020;        46;      49.6;      37.7;      42.8;      29.9;      53.7;      56.4;      80.3;      54.8;      46.6;      43.6;      43.6;      47.6;     586.6;
       422;1991-2020;        46;      47.7;      36.5;      41.1;      28.5;      53.1;      62.5;      77.5;      55.8;      46.7;      43.2;      39.7;      45.4;     577.7;
       425;1991-2020;        46;      46.5;      37.5;      39.7;      30.1;        56;      59.8;      75.1;        54;      44.9;      44.9;      42.6;      45.3;     576.3;
       426;1991-2020;        46;      47.4;      36.5;      40.7;      29.3;      53.2;      59.1;      78.1;      53.4;      47.1;      45.1;      43.4;      47.1;     580.5;
       427;1991-2020;        45;      41.5;        30;      35.9;      27.7;      52.8;      60.2;        70;      52.4;      43.6;      40.3;      38.8;      39.1;     532.1;
       429;1991-2020;        46;        50;        39;      43.7;      28.7;      55.1;      60.1;      75.2;      59.9;      46.8;      43.9;      44.5;      46.9;     593.7;
       430;1991-2020;        45;        42;        31;      37.9;      26.8;      51.3;        58;      72.8;      58.5;      43.2;      41.1;        38;      39.3;     539.9;
       432;1991-2020;        46;      48.2;      39.5;        41;      27.7;      52.7;      56.3;      68.4;      56.6;      47.3;      42.4;      41.7;      43.6;     565.4;
       433;1991-2020;        45;      47.7;        36;      40.5;      29.3;      52.3;      58.2;      71.7;      58.1;      46.6;      43.9;      41.7;      44.2;       572;
       434;1991-2020;        46;      50.9;      38.6;        42;      30.1;      56.3;      59.7;      77.9;      60.9;      48.3;      44.4;      43.8;      48.8;     601.6;
       435;1991-2020;        46;      50.4;      38.8;      43.9;      31.6;      56.4;      65.7;      77.2;        59;      48.8;      46.5;      43.7;        50;       612;
       436;1991-2020;        46;      53.2;      38.8;      41.9;      30.6;      43.8;        60;      66.5;      52.4;      47.5;      49.1;      41.7;      50.8;     576.2;
       437;1991-2020;        46;      56.8;      44.8;      51.1;      41.2;      68.7;      63.8;      73.7;      61.4;      55.5;      50.8;        54;      56.8;     678.6;
       438;1991-2020;        46;      67.9;        56;      67.3;      52.3;      79.9;      91.1;       105;     100.6;      77.8;      68.1;      65.6;      70.8;     902.4;
       439;1991-2020;        46;      87.1;      74.4;     102.2;      83.9;     146.5;     163.1;       171;     158.8;     119.9;      95.5;      87.6;      92.1;    1382.1;
       440;1991-2020;        46;     206.6;     169.2;     158.8;     108.1;       156;     126.6;       128;       126;     111.8;     150.1;     177.1;       249;    1867.4;
       441;1991-2020;        46;     154.9;     132.6;     125.7;      96.1;     149.9;     116.9;       133;     128.3;     114.5;     144.7;       161;     195.2;    1652.7;
       442;1991-2020;        46;        66;      62.5;      79.7;      79.1;     132.1;     157.9;     155.4;     154.9;     105.4;      84.3;      75.3;      73.7;    1226.3;
       443;1991-2020;        46;      67.3;      61.8;      80.1;      83.2;     138.1;     164.9;     160.3;     165.8;       106;        88;      75.7;      73.8;    1264.8;
       444;1991-2020;        46;      48.3;      38.9;      49.3;        36;      60.7;      65.4;      87.7;        65;      57.3;      47.6;      50.2;      51.2;     657.6;
       445;1991-2020;        45;      34.2;      22.9;      33.6;      29.1;      58.7;      47.9;      69.2;      58.1;      49.7;      36.3;      38.7;      36.5;     517.8;
       446;1991-2020;        46;        66;      50.3;      49.6;      39.3;      52.5;      66.5;      74.3;      69.8;      62.9;        61;      57.7;      71.4;     721.2;
       447;1991-2020;        43;        70;        53;        57;        43;        69;        80;        95;        76;        71;        63;        67;        76;       820;
       448;1991-2020;        46;      53.1;      44.5;      49.6;      39.4;      73.3;      86.4;      81.8;      77.9;      57.5;      55.1;        53;      60.8;     732.5;
       449;1991-2020;        46;      54.9;      41.3;      47.8;      39.7;      78.1;      86.6;      89.7;      84.7;      59.5;      54.7;      51.1;      56.8;     744.9;
       450;1991-2020;        46;      55.8;      47.3;      47.2;      40.5;      62.4;      66.4;      69.9;      63.7;      57.6;      57.8;        54;      67.8;     690.4;
       451;1991-2020;        46;     114.9;      95.8;      97.9;      62.1;      95.3;     107.9;     117.6;     105.5;        85;      86.2;      95.3;     119.8;    1183.3;
       452;1991-2020;        46;        51;      40.3;      48.7;      35.8;      56.6;      64.5;      84.9;      74.6;      54.3;      50.5;      50.8;      54.2;     666.1;
       453;1991-2020;        46;        44;      40.5;      48.9;      43.4;      62.5;      70.7;      91.5;      72.3;      57.3;      49.5;      54.5;      52.7;     687.8;
       454;1991-2020;        46;      59.7;      47.1;      53.8;      41.5;      64.7;      63.9;      79.4;      62.2;      55.4;      51.7;      56.6;        63;       699;
       455;1991-2020;        46;      78.8;      57.5;      57.6;      40.9;      52.6;      63.2;      79.2;      69.7;      64.7;      69.3;      66.9;      80.9;     781.1;
       456;1991-2020;        46;      46.8;      37.1;      48.5;        39;      64.3;      64.3;      74.8;      60.2;      52.3;        47;      44.8;      47.3;     626.4;
       457;1991-2020;        46;      71.1;      56.4;        65;      42.8;      68.8;      82.7;        93;      84.6;      64.7;      64.1;      65.4;        73;     831.5;
       459;1991-2020;        46;        51;      41.2;      51.4;      34.9;      62.3;        77;      81.1;      78.3;      53.1;      49.5;      48.8;      53.5;     682.1;
       460;1991-2020;        43;        81;        66;        61;        47;        68;        64;        72;        66;        69;        73;        77;       100;       844;
       461;1991-2020;        46;      61.6;      49.2;      47.6;      38.2;      56.3;      65.6;      78.2;      78.9;      76.2;        66;      61.3;      68.6;     747.7;
       462;1991-2020;        46;      92.7;      76.7;      68.1;      46.1;      61.9;      89.6;     105.6;     100.3;      95.4;      97.4;      89.5;     103.2;    1026.5;
       463;1991-2020;        46;     104.2;      84.2;      86.4;      60.7;      77.9;      83.2;        95;      93.1;      85.6;      83.1;        95;     108.9;    1057.3;
       464;1991-2020;        46;        39;        27;      36.5;        29;      49.9;      48.5;        67;      55.7;      38.6;      34.3;        41;      40.8;     507.3;
       465;1991-2020;        46;      67.5;      50.3;      53.7;      39.3;      62.1;      58.6;      73.2;      61.3;      54.8;        56;      61.7;      75.9;     714.5;
       466;1991-2020;        46;      96.5;        76;      78.3;        50;      72.6;      85.8;      96.7;        76;      81.6;      79.9;      87.8;     109.3;     990.6;
       467;1991-2020;        46;      59.7;      51.8;      51.9;      43.9;      67.4;      68.7;      72.2;      66.4;      60.2;        57;        58;      70.8;     728.1;
       469;1991-2020;        46;      62.1;      48.2;      49.3;      37.8;      52.5;      65.5;      75.4;      70.1;      54.8;      54.4;      51.9;      60.2;     682.2;
       470;1991-2020;        46;      74.5;      57.6;      58.3;      43.9;      60.2;      64.8;      74.6;      67.2;      59.2;      64.7;      65.9;      73.2;       764;
       471;1991-2020;        46;      94.6;        74;      71.1;      51.6;      76.2;      65.1;        76;      73.2;      63.9;      80.5;      82.6;     115.1;     923.9;
       472;1991-2020;        46;      34.1;      25.9;      32.4;        26;      52.6;      51.7;      57.1;      53.9;      40.7;      37.1;        35;      38.5;       485;
       473;1991-2020;        46;      35.4;      27.7;      35.2;      29.6;      57.3;      51.5;      67.5;      52.8;      46.7;        36;      38.9;      39.1;     517.7;
       474;1991-2020;        46;      45.6;      40.8;      48.5;      57.9;      96.5;     109.5;       112;       102;      70.8;        62;      55.8;      56.4;     857.8;
       475;1991-2020;        43;        53;        41;        52;        49;        88;        88;        96;        89;        64;        58;        55;        59;       792;
       476;1991-2020;        46;      34.1;      34.3;        35;      33.1;      60.4;      60.2;      63.2;      59.5;      45.9;      48.6;      45.5;      49.3;     569.1;
       477;1991-2020;        46;      38.8;      33.8;      44.5;      34.8;      58.6;      55.3;      77.9;      55.4;      54.5;      40.5;      46.5;        46;     586.6;
       478;1991-2020;        46;      85.2;      74.8;      68.3;      54.4;      78.9;      73.2;        95;        77;      70.7;      78.1;      82.2;      98.6;     936.3;
       479;1991-2020;        46;        72;      61.2;      61.2;      50.9;      73.1;      67.5;      93.7;      77.3;      63.9;      71.8;      72.8;      85.6;       851;
       480;1991-2020;        45;      83.9;      60.2;      61.3;      50.4;        65;      61.1;      79.3;      72.8;      65.1;      70.2;      70.9;      94.4;     827.7;
       481;1991-2020;        46;      88.2;      58.3;      60.7;      51.4;      72.3;      68.4;      80.8;      70.8;      64.1;      72.9;      71.4;      91.6;     850.9;
       483;1991-2020;        46;      55.6;      49.2;      57.8;      46.3;        74;      90.1;     100.7;      97.1;      65.4;      58.5;      57.4;      61.7;     813.7;
       484;1991-2020;        46;      86.3;      64.4;      63.6;      47.8;      61.9;      68.6;      76.9;      80.5;        73;      76.3;      73.9;      89.1;     862.1;
       485;1991-2020;        46;        72;      53.8;      52.7;      40.8;      58.2;      61.3;      72.4;      71.3;      62.9;        65;        61;      73.9;     745.3;
       486;1991-2020;        46;      88.8;      68.4;      67.3;        49;      64.1;      72.9;        83;      83.3;      75.5;      79.5;      79.5;      90.5;     901.6;
       487;1991-2020;        46;      92.5;        71;        70;        50;      67.1;      77.7;      89.6;      86.4;      80.3;        84;      83.8;      98.2;     950.6;
       488;1991-2020;        46;      91.4;      67.4;      64.5;      49.1;      64.2;      73.3;      83.5;      86.6;      76.2;      80.7;      80.9;      91.3;     909.2;
       489;1991-2020;        46;      31.8;      26.6;      33.1;        26;      56.9;        50;      70.9;      55.7;      47.7;      35.3;      38.9;      34.6;     507.5;
       490;1991-2020;        46;      61.9;      46.4;      50.5;      38.5;      50.1;      64.1;      78.4;        70;      51.2;        54;      52.5;      59.5;       677;
       491;1991-2020;        46;      73.3;      56.8;      66.3;      49.3;      64.4;      67.4;      64.6;      71.9;        67;      64.8;      67.6;      82.7;       796;
       492;1991-2020;        46;      41.4;      34.2;        42;      35.1;      59.4;      54.2;      71.4;      57.7;        52;      38.7;      43.9;      45.1;     575.1;
       493;1991-2020;        46;      79.8;      64.1;      63.1;      45.8;      57.2;      68.8;      81.8;      80.3;      73.6;      70.8;      73.8;      86.8;       846;
       494;1991-2020;        46;      49.1;      42.8;      47.5;      52.1;        87;      94.4;        96;      89.2;      59.6;      59.5;      52.6;      57.8;     787.7;
       495;1991-2020;        46;      43.4;      35.9;      34.6;      32.5;      49.6;      50.9;      52.4;      45.6;      46.1;      50.2;      37.6;      52.7;     531.3;
       496;1991-2020;        46;      55.1;      45.2;      45.6;      35.2;      52.4;      72.3;      67.2;      69.7;      59.1;      60.1;      55.7;      63.5;     681.1;
       497;1991-2020;        46;      76.3;      62.7;      67.3;      44.6;      68.4;      78.9;      84.7;      75.2;        68;      64.3;      68.8;      82.3;     841.5;
       498;1991-2020;        46;     118.7;      93.9;      90.4;        74;      98.8;      94.9;      96.8;      91.3;      72.1;        92;      91.9;     137.7;    1152.6;
       499;1991-2020;        46;      51.5;      43.6;      58.5;      44.3;      84.5;      93.1;     100.4;      95.6;      68.3;      59.2;      54.4;      55.6;       809;
       500;1991-2020;        46;      90.1;      67.4;      63.5;        51;      72.2;      67.6;      88.1;      76.5;      71.2;      78.9;      80.1;     100.3;     906.9;
       501;1991-2020;        46;     105.1;      80.3;      81.9;      53.8;      85.1;      75.5;       105;      75.8;      77.4;      82.8;        86;     109.5;    1018.3;
       502;1991-2020;        46;      92.2;      83.1;      79.9;      54.7;      74.8;      68.1;      78.8;      67.9;      67.1;      78.1;      85.5;     109.8;       940;
       503;1991-2020;        46;      49.8;      41.2;        52;      36.8;      62.4;      80.6;      94.3;      85.2;        56;      47.1;      48.2;      51.8;     705.4;
       504;1991-2020;        46;      41.4;      33.6;      39.2;      28.6;      52.9;      55.7;      76.2;      59.6;      43.6;      39.8;      41.6;      40.5;     552.7;
       505;1991-2020;        46;      59.2;      48.1;      52.8;      42.4;      69.5;        69;      80.7;      66.7;      61.1;      53.9;      57.2;      62.5;     723.2;
       506;1991-2020;        46;      49.9;      44.6;      49.3;      38.2;        68;      59.1;      80.8;      63.3;      57.2;      52.3;      56.6;      57.2;     676.5;
       507;1991-2020;        46;        38;      33.4;        41;      32.4;      55.5;      57.2;        75;      55.7;      52.2;      39.7;      43.8;      44.5;     568.3;
       509;1991-2020;        46;     120.5;      93.7;      93.4;      58.6;      85.7;      97.6;     119.9;      97.6;      95.4;      93.8;     103.1;     127.1;    1186.3;
       510;1991-2020;        46;     109.3;      79.4;      77.7;      53.4;      75.8;        67;      81.4;      73.1;      71.3;      83.4;      89.8;     118.1;     979.4;
       511;1991-2020;        46;     120.6;      98.7;     109.4;      61.9;      97.2;       110;       116;     109.3;      89.8;      88.3;      94.8;     131.2;    1227.2;
       512;1991-2020;        46;      67.5;      50.3;      58.9;      39.9;      63.3;      73.1;      86.4;      78.8;      60.2;      58.5;      60.7;      67.8;     765.6;
       513;1991-2020;        46;     106.3;        90;     130.5;      97.5;       161;     191.8;     210.3;     200.8;       156;       109;     102.4;     108.8;    1664.3;
       514;1991-2020;        46;     150.8;     126.1;     170.2;     126.9;     244.9;     236.7;     254.9;     232.5;     189.5;     152.7;     126.8;     150.9;      2163;
       515;1991-2020;        46;     134.4;     107.5;     148.6;     107.2;     182.7;     204.8;     223.3;     208.7;     175.7;       124;     115.3;     132.1;    1864.4;
       516;1991-2020;        46;      99.2;      76.5;     121.4;      99.8;       176;     196.6;     209.3;       203;       157;     111.1;      96.4;      97.5;      1644;
       517;1991-2020;        46;        44;      31.7;      34.7;      28.4;      48.2;      59.5;      71.7;        60;      45.7;      43.1;      39.5;      42.9;     549.2;
       518;1991-2020;        46;      81.4;      60.7;      62.4;      44.2;      56.9;      69.7;      76.6;      72.8;        59;      63.2;      66.2;      80.7;     793.8;
       519;1991-2020;        46;        80;      63.4;      60.5;      46.7;      62.1;      79.6;      89.7;      77.1;      68.1;      69.9;      71.1;      81.7;     849.8;
       520;1991-2020;        46;      83.7;      64.6;      60.2;      43.8;      57.2;      66.6;        76;      79.5;      64.2;      73.3;      69.2;      82.9;     821.2;
       521;1991-2020;        46;      71.3;      53.7;      52.2;      41.8;      51.3;        62;      78.9;      82.3;      60.4;      65.4;      61.6;      67.9;     748.8;
       522;1991-2020;        46;      43.5;      35.5;      44.7;      37.8;        74;      70.3;      81.6;      72.7;      47.7;      47.7;      48.9;      53.6;       658;
       523;1991-2020;        46;      73.4;      58.9;      54.8;      46.5;      65.4;      68.7;      72.6;        61;        63;      64.6;      66.1;      87.8;     782.6;
       524;1991-2020;        46;      40.7;      29.5;      40.8;      29.7;      53.9;      49.2;      72.4;      53.8;      46.7;      38.6;      43.2;      42.1;     540.5;
       525;1991-2020;        46;      69.9;      65.9;      72.9;        67;     107.8;     106.1;     117.8;      97.2;      75.6;      76.7;      73.9;      86.2;      1017;
       526;1991-2020;        46;      35.9;        32;      41.3;      37.5;      67.2;      61.8;        82;      66.9;      52.5;        43;      47.9;      42.3;     610.3;
       527;1991-2020;        46;      45.8;      33.2;      44.4;      36.8;      60.8;      55.6;      69.4;        50;      49.2;      41.4;      42.9;      46.2;     575.8;
       528;1991-2020;        46;      45.6;      39.6;      39.7;      30.5;      55.8;      60.2;      70.8;      56.5;      43.5;      46.3;      42.8;      44.1;     575.2;
       529;1991-2020;        46;      52.7;      43.3;      43.2;      36.6;      50.4;      73.5;      73.1;      80.1;      57.3;      54.2;        52;      58.5;     675.1;
       530;1991-2020;        46;        46;        41;      53.1;      44.8;      67.7;      68.3;      91.8;        66;      60.7;      47.7;      53.5;      53.4;     694.1;
       531;1991-2020;        46;      43.6;      37.6;      49.3;      37.7;      64.6;      71.4;      85.2;      72.5;      60.6;      49.9;        52;      49.9;     674.2;
       533;1991-2020;        46;      61.9;        53;      50.9;      41.6;      57.8;      57.6;      64.7;      64.6;      55.9;      57.7;      55.9;      69.6;     691.2;
       535;1991-2020;        45;      60.4;      57.7;      57.7;      47.2;      72.7;      68.8;      65.5;      65.3;        59;      63.3;      58.6;        78;     744.9;
       536;1991-2020;        46;      66.6;      54.1;      58.2;      41.9;      58.5;      67.4;      82.7;        69;      60.5;      61.3;      61.5;      74.7;     756.5;
       537;1991-2020;        43;        69;        55;        64;        55;        94;        93;       105;        93;        64;        70;        65;        76;       903;
       538;1991-2020;        46;      73.2;      66.3;      71.7;      48.3;      73.5;      71.9;      78.2;        71;        58;      74.7;        71;      89.9;     847.7;
       539;1991-2020;        46;      62.4;      55.3;        61;      44.5;      68.1;      69.3;      74.5;        66;      55.8;      66.9;      62.6;        75;     761.5;
       540;1991-2020;        46;      56.5;      44.8;      52.8;      46.8;      83.3;      81.5;      88.3;      83.8;      58.7;      57.7;      54.1;      60.9;     769.2;
       541;1991-2020;        46;        59;      46.1;      46.7;      36.9;      52.2;      68.3;      77.6;      70.5;      50.5;      54.3;      52.5;        59;     673.5;
       542;1991-2020;        46;      58.4;      44.4;      46.4;      35.9;      49.7;      62.7;      78.7;      62.7;      46.4;      52.3;      48.6;      57.4;     643.7;
       543;1991-2020;        46;        63;      48.7;      53.6;      39.5;      62.8;      58.5;      73.8;      62.9;      53.1;        52;      57.9;        65;       691;
       544;1991-2020;        46;      56.2;      43.4;      44.2;      33.1;      47.8;      62.2;      72.5;      58.2;        51;      50.8;      46.1;      56.3;     621.8;
       545;1991-2020;        46;      76.3;      63.6;      63.7;      46.5;      68.9;      61.9;      68.3;      63.7;        62;      70.4;      73.3;      94.4;     813.1;
       546;1991-2020;        46;      84.2;      72.7;      69.9;      50.1;      74.9;      63.8;      70.9;      69.3;      68.5;      76.7;      83.6;     104.6;     889.2;
       547;1991-2020;        46;        49;      36.1;      48.2;      43.7;      80.1;      78.4;        92;      79.9;      56.5;      57.6;      54.6;      56.8;     732.8;
       548;1991-2020;        46;      61.7;      54.4;      54.3;      55.3;      91.9;      88.1;     101.8;      81.4;        59;      68.6;      62.3;      75.5;     854.2;
       549;1991-2020;        46;      48.8;      36.2;      40.9;      30.5;      52.1;      59.4;      75.6;      57.5;      46.7;      43.9;      42.4;      46.3;     580.3;
       550;1991-2020;        46;      44.4;      36.8;      47.6;      39.2;      69.4;      67.8;      92.3;      71.2;      60.2;      49.4;        54;        53;     685.4;
       551;1991-2020;        46;      46.4;      37.8;      44.9;      36.5;      60.5;      69.1;      87.2;      71.2;      62.3;      51.9;      51.7;      53.7;     673.2;
       552;1991-2020;        46;        58;      48.1;        61;      57.2;     108.5;     117.7;     112.1;     110.6;      75.4;      67.6;      63.4;      63.9;     943.4;
       553;1991-2020;        46;      65.5;      57.3;      53.1;      40.3;      57.3;      67.5;      73.8;      76.9;      65.2;        66;      66.8;      74.2;       764;
       554;1991-2020;        43;        63;        54;        52;        39;        56;        66;        74;        76;        64;        65;        66;        71;       746;
       555;1991-2020;        46;      74.3;      64.8;      59.3;      43.7;      60.9;      73.7;      84.4;        83;      73.8;      70.6;      71.4;      80.7;     840.6;
       556;1991-2020;        46;      75.9;      65.2;      59.9;      45.1;      61.7;      73.1;      83.6;        83;      73.4;        71;      71.7;        84;     847.6;
       557;1991-2020;        46;      63.3;      58.7;      54.1;      39.1;      57.1;      69.3;      82.9;      80.2;      69.8;      64.2;      64.3;      74.1;     777.2;
       558;1991-2020;        46;      78.5;      64.8;      58.8;      45.9;      60.3;      65.3;      79.6;      81.5;      77.9;      75.2;      71.3;      81.8;     840.9;
       559;1991-2020;        46;      72.8;      63.1;      74.2;        56;      82.7;      95.2;     106.2;     108.6;      80.1;      71.4;      74.6;      78.7;     963.6;
       560;1991-2020;        46;      68.7;      49.2;        57;      42.5;      63.4;      61.2;      73.9;      67.6;      57.4;        61;      56.6;      65.8;     724.2;
       561;1991-2020;        46;      72.6;      53.1;      56.6;      41.6;      54.5;      71.5;      84.6;      75.2;      76.4;        68;      69.4;      76.5;     800.1;
       562;1991-2020;        46;      58.4;      49.1;      63.9;      54.9;      98.4;       107;     118.8;     106.3;      76.2;      67.7;      62.3;      64.5;     927.4;
       563;1991-2020;        46;        66;      49.9;      47.8;        35;      56.6;      56.5;      71.1;      58.8;      51.7;      56.5;      59.9;      75.7;     685.6;
       564;1991-2020;        46;      54.6;      42.1;        44;      29.6;      45.3;        62;      71.8;      58.8;      50.7;      48.2;      45.1;      52.4;     604.7;
       565;1991-2020;        46;      96.8;      88.2;     102.9;      92.4;     152.9;     172.6;     170.8;     170.9;     119.3;        95;      95.4;     105.1;    1462.3;
       566;1991-2020;        46;      85.2;        66;      65.5;      48.5;      65.9;      71.5;      86.4;      74.9;      68.5;      71.8;      76.8;      85.8;     866.8;
       567;1991-2020;        46;      95.7;      70.5;      72.8;        52;        68;      71.4;      91.5;      79.5;      73.5;      80.3;      85.2;        94;     934.4;
       568;1991-2020;        46;     125.8;     125.1;     113.5;        99;     151.2;     125.9;     137.5;     124.2;     104.8;     128.6;     138.8;     146.3;    1520.7;
       569;1991-2020;        46;      57.2;      47.1;      59.3;      47.2;      84.6;      96.8;      98.9;      96.3;      67.2;      59.8;      56.1;      60.3;     830.9;
       571;1991-2020;        43;        61;        47;        49;        36;        52;        60;        76;        66;        52;        54;        55;        58;       666;
       572;1991-2020;        46;        52;      39.3;      43.9;      37.5;      68.3;      82.9;      84.8;      72.8;      58.5;      51.8;      52.2;      58.5;     702.3;
       573;1991-2020;        46;      49.4;      45.3;      50.2;      55.8;      89.9;      91.3;     100.4;      87.9;      64.6;      62.6;        58;      63.4;     818.6;
       574;1991-2020;        46;      71.1;      68.5;      80.3;      81.5;     126.6;     145.5;     139.8;     130.9;     101.1;      86.8;      89.6;        98;    1219.7;
       575;1991-2020;        46;      53.5;      50.3;      64.2;      71.7;     125.6;     149.5;       147;     153.7;      99.7;      79.6;      65.8;      60.5;      1121;
       576;1991-2020;        46;      51.3;      41.7;      47.8;      42.9;      79.5;      77.7;      86.2;      79.5;      55.6;      61.3;      54.6;      57.6;     735.6;
       577;1991-2020;        46;      51.8;        38;      43.9;      36.2;      65.8;        68;      79.7;      67.6;      48.2;      49.8;      50.2;      54.3;     653.4;
       578;1991-2020;        46;      61.7;      48.9;      57.6;      46.7;      82.9;      89.5;       106;      88.2;      61.8;      58.9;      60.8;      70.3;     833.3;
       579;1991-2020;        46;      58.4;      47.3;      56.7;        39;      62.9;      68.6;      91.4;      79.6;        59;      54.6;      58.6;      61.1;     737.2;
       580;1991-2020;        46;        46;      32.6;      38.6;      30.5;      48.5;      61.3;        67;      56.7;      48.6;      45.7;      39.9;      45.3;     560.8;
       581;1991-2020;        46;      52.6;      43.1;      40.8;      33.3;      50.6;        69;        68;      64.6;      54.3;      55.3;      49.3;      56.5;     637.5;
       582;1991-2020;        46;      48.9;      44.3;      47.9;      36.7;      64.5;      63.5;      75.7;      62.4;      54.4;      62.7;        57;      61.4;     679.4;
       583;1991-2020;        46;       132;     104.7;      93.6;      65.9;      84.5;      76.8;        89;      85.6;      80.1;       101;       111;       149;      1173;
       584;1991-2020;        43;        47;        35;        46;        32;        53;        53;        78;        61;        51;        41;        49;        48;       594;
       585;1991-2020;        46;      49.8;      37.2;      40.6;      30.4;      55.1;      66.6;        71;      56.1;      49.5;      45.5;      43.3;      46.9;       592;
       586;1991-2020;        46;      34.1;      31.3;      42.9;      37.7;      66.2;      61.9;        85;      62.8;      49.5;      40.1;      43.6;      41.6;     596.7;
       587;1991-2020;        46;      69.8;      62.6;      68.5;      65.1;     107.9;     100.1;     115.6;      98.5;      70.4;      78.4;      75.2;      80.5;     992.6;
       588;1991-2020;        46;      72.5;      56.1;      56.8;      43.2;      58.7;      65.6;      76.4;      70.4;      58.8;      65.4;      63.4;      72.2;     759.3;
       589;1991-2020;        46;      61.9;        51;      59.9;      41.3;      74.4;      89.2;        88;      81.8;      65.9;      57.6;      61.1;        68;     800.1;
       590;1991-2020;        46;      51.5;      40.6;      42.2;      34.9;      49.9;      63.1;        68;      66.2;        57;      52.6;      48.5;        54;     628.3;
       591;1991-2020;        45;      56.7;      44.4;      46.1;      36.7;      53.5;      62.8;      79.2;      67.4;      51.5;      52.7;      49.8;      57.9;     664.4;
       592;1991-2020;        46;      76.1;      63.1;        60;      42.6;      61.5;      83.8;      89.6;      88.5;      74.2;      79.2;      71.1;      87.2;     876.8;
       593;1991-2020;        46;      64.7;      52.1;      66.2;      61.7;     102.8;     101.7;     110.5;      89.1;      72.2;        73;      72.2;      73.3;     939.4;
       595;1991-2020;        46;      55.2;      42.8;      46.4;      30.7;      57.4;      61.9;      74.7;      61.8;      50.3;        46;      47.2;      49.9;     624.3;
       596;1991-2020;        45;      45.4;      39.9;      36.4;      30.7;      49.8;      66.5;      61.8;      68.4;      51.2;      49.5;      45.1;        51;     597.3;
       597;1991-2020;        46;      53.8;      48.9;      51.2;      46.3;        83;      72.9;      82.2;      71.4;      52.7;        59;      54.8;        62;     738.3;
       598;1991-2020;        46;      44.6;      38.6;      44.4;      36.9;      56.3;      70.7;      71.2;      69.7;      54.8;      50.4;      47.7;      51.5;     636.9;
       599;1991-2020;        46;      45.3;        40;      44.6;      38.8;      57.8;      75.2;      78.4;      74.8;      56.3;      52.7;      51.9;        52;     667.8;
       602;1991-2020;        46;      44.7;      39.2;      43.7;      36.9;      55.6;      72.5;      73.3;      71.2;      55.4;      51.2;      48.7;      51.5;     643.7;
       603;1991-2020;        43;        54;        45;        47;        44;        67;        95;       115;        95;        51;        72;        63;        64;       812;
       605;1991-2020;        46;      79.9;      62.4;      61.2;      56.8;      90.4;      83.7;      90.1;        83;      60.3;      74.1;      69.1;      94.8;     905.6;
       606;1991-2020;        46;      50.4;      44.5;      55.6;      64.7;     109.8;     130.7;     132.2;     119.7;      82.1;      69.7;      63.2;      61.3;     983.9;
       608;1991-2020;        46;      67.9;      55.7;      66.1;      47.6;      81.5;      80.2;      88.4;      80.2;      55.7;      65.2;      66.2;      81.3;     836.1;
       609;1991-2020;        46;        63;      49.9;      61.8;      45.5;      80.3;      79.4;      90.1;      74.3;      56.8;      66.7;      63.3;      73.9;     805.1;
       610;1991-2020;        46;      52.7;      49.1;      49.5;      42.1;      64.2;      59.6;      68.5;      59.5;      50.8;      52.8;      52.3;      61.6;     662.7;
       611;1991-2020;        46;      80.1;      64.7;      58.1;      38.8;      58.3;        75;      85.3;      87.2;      70.2;      76.1;      70.9;        86;     850.9;
       612;1991-2020;        46;      86.3;      70.4;        65;      51.3;      76.5;      75.4;      80.2;      70.4;      70.5;        80;      79.9;     105.4;     911.2;
       613;1991-2020;        46;      60.8;      46.5;      49.9;      39.4;      54.4;      62.6;      77.6;      63.4;      54.6;      58.5;      58.6;      61.9;     688.1;
       614;1991-2020;        46;      62.8;      47.7;      51.5;      41.7;      59.2;      63.6;      79.3;      67.7;      55.6;      59.2;      59.4;      63.6;     711.2;
       615;1991-2020;        46;      79.4;      61.1;        58;      42.6;      55.7;        67;        74;      78.2;      64.4;      70.4;        69;      81.3;     801.1;
       616;1991-2020;        46;      76.3;      62.6;      54.5;        42;      60.4;      73.7;      92.2;        87;      75.6;      80.9;      70.9;        86;     862.1;
       617;1991-2020;        46;      73.9;      61.8;      63.1;      43.9;      54.8;      73.3;      80.8;      79.2;      73.7;      73.2;      72.1;      84.5;     834.2;
       618;1991-2020;        46;      43.1;      32.6;      34.3;      32.3;      55.6;      52.5;      70.4;      55.5;      46.9;      44.4;      43.4;      43.7;     554.4;
       619;1991-2020;        46;      66.7;      52.4;      48.9;      42.4;        51;      68.1;      81.5;      96.8;      89.1;      82.9;        78;      79.1;     836.9;
       621;1991-2020;        46;      65.7;      58.1;      54.1;      43.5;      64.5;      66.8;      65.4;      67.2;        60;      60.9;      61.1;      77.1;     744.5;
       622;1991-2020;        46;      45.2;      32.3;      38.3;      29.8;      55.4;      55.2;      70.5;      53.5;      47.9;      44.9;      40.8;        45;     558.9;
       623;1991-2020;        46;      39.2;      32.3;      44.1;        33;      56.8;      58.1;      80.4;      67.2;      50.1;      41.3;        45;      42.9;     590.3;
       624;1991-2020;        46;      57.3;      46.3;      48.8;      37.7;      69.4;      63.8;      81.8;      68.5;      57.9;      53.2;      54.9;      60.4;       700;
       625;1991-2020;        46;      78.3;      62.6;      57.8;      40.3;      57.6;      73.6;        87;      78.6;      68.3;      71.6;      67.1;      84.3;     827.1;
       626;1991-2020;        46;      49.6;      31.8;      41.2;      29.8;      56.8;      60.7;      61.5;        59;      51.2;      39.7;      40.6;      47.4;     569.2;
       628;1991-2020;        46;      76.6;      64.2;      58.5;      38.4;      55.9;        77;      87.5;        82;      64.7;        69;      68.2;      83.1;     825.1;
       629;1991-2020;        46;      68.5;      56.5;      51.1;      37.6;      53.2;      73.6;      78.5;        74;      62.8;        65;      61.3;      74.3;     756.4;
       630;1991-2020;        46;        40;      28.7;      37.5;      28.7;      55.3;      56.8;      69.1;      55.2;      45.1;      41.7;        40;      41.5;     539.6;
       631;1991-2020;        46;      73.4;        64;      58.3;      46.2;      60.8;      72.1;      77.4;        83;      66.9;      68.9;      71.6;      79.7;     822.3;
       632;1991-2020;        46;      59.9;      43.7;      49.1;      37.6;      62.2;      64.7;      75.9;      61.7;        54;      52.6;      54.3;      57.5;     673.1;
       633;1991-2020;        46;      49.8;      39.7;      47.6;      31.2;      59.9;      61.2;      85.2;      69.6;      51.9;      45.4;      45.7;      47.3;     634.5;
       637;1991-2020;        46;      38.7;      28.2;      37.6;        30;      53.8;        50;        70;        53;      51.6;      37.3;      43.7;      39.6;     533.6;
       638;1991-2020;        46;      64.6;      63.4;      52.6;      42.2;        60;      66.7;      70.2;      78.4;      66.6;      64.2;      66.5;      81.4;     776.6;
       639;1991-2020;        46;      89.6;      72.7;      70.3;      53.1;      76.2;      71.5;      91.2;      79.9;      73.6;      79.3;      81.8;     104.2;     943.5;
       640;1991-2020;        46;      55.7;      46.5;        55;        42;        66;      73.5;     100.3;      82.8;      64.4;        58;      57.4;      58.5;     760.1;
       641;1991-2020;        46;      55.8;      48.8;      57.9;      41.9;      67.3;      71.4;      94.2;      83.9;      61.6;      55.7;      57.9;      57.8;       754;
       642;1991-2020;        46;      64.2;      51.4;      51.1;      41.9;      53.6;      73.6;        83;      75.7;      71.8;      64.5;      62.1;        71;     763.7;
       643;1991-2020;        46;      63.2;      49.1;      49.8;        40;      52.4;      71.6;      82.7;      74.3;      67.8;      62.2;      60.4;      68.2;     741.6;
       644;1991-2020;        46;      81.8;      62.4;      63.4;      42.9;      59.3;      63.6;      79.4;      73.5;      62.1;      67.7;      72.6;      84.1;     812.6;
       645;1991-2020;        46;      82.1;      59.6;      59.4;      43.7;      56.7;      65.9;      81.5;      81.1;      68.4;      72.6;      70.3;      81.6;     822.8;
       646;1991-2020;        46;      79.3;      65.6;      60.7;      39.8;      57.5;        74;        87;      81.4;      69.9;        75;      70.5;      86.6;     847.1;
       647;1991-2020;        46;     108.4;      76.7;        82;      46.7;      74.4;      76.1;      89.6;        80;      83.7;      82.3;      91.3;     116.5;    1007.6;
       648;1991-2020;        46;      79.2;      64.4;      62.8;      44.4;      63.7;      86.6;      92.3;      92.2;        77;      82.5;      73.2;        91;     909.2;
       650;1991-2020;        46;      45.8;      35.5;      39.7;      28.5;      53.9;      57.6;      73.6;        58;        48;      43.8;        43;      44.2;     571.7;
       652;1991-2020;        46;        49;      41.7;      48.6;      35.4;      63.9;        64;      79.4;        56;      50.3;      55.4;      52.9;      55.8;     652.5;
       653;1991-2020;        46;      77.9;      71.6;      98.6;      85.9;     142.8;     159.7;     157.9;     164.1;       122;        90;      86.8;      86.4;    1343.7;
       654;1991-2020;        46;      65.6;      53.9;      53.1;      42.8;      64.4;        62;      79.2;      65.6;      61.5;      63.4;      63.3;      76.4;     751.1;
       655;1991-2020;        46;      40.1;      34.5;      45.8;      35.5;      65.4;      69.5;      79.9;      67.4;      58.4;      47.3;      49.9;      46.5;     640.2;
       656;1991-2020;        43;       166;       113;       120;        70;        93;        88;       114;        96;       103;       120;       126;       159;      1368;
       658;1991-2020;        46;     143.9;      99.8;      99.3;      60.2;      83.2;      76.8;       102;      78.7;      88.6;      98.6;     110.8;     139.8;    1181.7;
       659;1991-2020;        46;      50.7;      37.1;      44.7;      37.8;      54.7;      53.4;      71.9;      64.9;      49.7;      52.3;      48.3;      48.8;     614.4;
       660;1991-2020;        46;      51.2;      37.3;      44.6;      37.6;      55.5;      54.4;      72.1;      64.5;      49.3;      52.5;      47.4;      50.3;     616.8;
       661;1991-2020;        46;      50.1;        37;        44;      37.6;        55;      53.6;      72.8;      64.8;      48.8;      52.3;      47.4;      49.9;     613.4;
       662;1991-2020;        45;      50.3;      35.2;      43.2;      38.8;      54.8;      54.5;      70.6;      66.6;      51.1;      53.6;      48.1;      48.4;     616.1;
       663;1991-2020;        46;      61.6;      50.1;      61.9;      43.9;      65.3;      75.4;      90.4;      90.6;      65.6;      60.3;      62.6;      65.2;     792.7;
       664;1991-2020;        46;      73.4;      56.5;      52.3;      38.1;      52.1;      69.1;      87.3;      83.3;      74.1;      83.1;      66.8;      74.1;     810.2;
       665;1991-2020;        46;        39;      36.5;      39.2;      35.8;      54.3;      55.4;      67.2;      52.9;        47;      46.4;      44.5;      48.5;     566.5;
       666;1991-2020;        46;     138.9;     113.1;     101.4;      69.4;      80.6;      92.7;     106.8;       111;      98.3;     109.5;     117.7;     148.7;    1288.1;
       667;1991-2020;        46;     113.7;      94.6;      86.5;        64;      74.9;      82.6;     100.3;     103.1;      92.8;      94.7;        98;     118.7;    1123.9;
       668;1991-2020;        46;      67.2;      52.2;      51.3;      40.5;      57.4;      78.4;      79.1;      77.1;      70.8;      62.8;        62;        75;     773.7;
       669;1991-2020;        46;      49.6;      38.9;        43;      30.8;      42.5;      61.2;      67.4;      60.5;      53.5;      46.8;      45.1;        48;     587.1;
       670;1991-2020;        46;      52.8;      42.2;      43.3;      32.9;        51;      64.3;      72.3;      59.8;      52.8;      48.2;      45.8;      52.1;     617.6;
       671;1991-2020;        46;      70.7;      53.6;      50.4;      38.5;      50.7;      75.6;      81.1;      97.2;      89.1;      92.8;        79;      82.3;       861;
       672;1991-2020;        46;        51;      38.2;      42.9;      30.6;      47.4;      61.2;      71.9;      62.5;      47.8;      48.7;        46;      49.2;     597.3;
       673;1991-2020;        46;      37.3;      28.5;      36.7;      29.3;      52.3;      48.1;      71.8;      53.7;      49.1;      37.9;      41.4;      39.1;     525.2;
       676;1991-2020;        46;      64.8;      50.2;      51.9;      42.9;      70.5;      67.7;      82.1;      71.5;        57;        61;      61.6;      66.6;     747.8;
       677;1991-2020;        46;      52.9;      48.4;      60.8;      62.9;     108.5;     120.9;     125.4;     111.3;      77.1;      67.7;        63;        65;     963.9;
       678;1991-2020;        46;      61.3;      50.3;      54.3;      43.8;      74.9;      83.4;      87.5;      81.9;      58.6;      59.6;      60.9;      67.4;     783.9;
       679;1991-2020;        46;      75.4;      55.4;        54;      46.1;      59.3;      71.9;      78.4;        73;      55.6;      63.7;      63.4;        75;     771.3;
       680;1991-2020;        46;      77.7;      56.5;      59.7;      43.4;      54.8;      68.9;      76.9;      68.8;      55.7;      64.8;      63.7;      72.9;     763.8;
       681;1991-2020;        46;      59.7;      49.1;      46.8;      39.3;      65.7;      62.4;      67.6;      57.1;      50.2;      59.6;      54.3;      70.3;     682.2;
       682;1991-2020;        46;        92;      63.8;        71;      47.5;      67.6;      61.4;      79.1;      60.2;      66.7;      68.9;      74.7;      89.7;     842.6;
       683;1991-2020;        46;      51.9;      41.7;      50.6;        46;      77.2;      82.2;      89.7;        85;      54.7;      59.6;      52.8;      57.6;     749.1;
       684;1991-2020;        46;      88.5;      79.7;      81.2;      82.5;     129.3;     109.4;     127.5;       111;      98.2;     108.2;     101.4;       106;    1222.7;
       685;1991-2020;        46;      94.5;      85.7;      84.4;      63.3;      86.1;      78.3;      96.7;      79.6;      76.1;      87.5;      95.3;     117.9;    1045.6;
       686;1991-2020;        46;        51;      42.1;      46.8;      36.8;      60.4;      62.6;      70.6;      62.4;      51.2;      49.3;      52.4;      55.8;     641.4;
       687;1991-2020;        46;      52.5;      43.8;      47.2;      36.2;      61.5;      63.3;      68.7;      64.3;      50.1;      51.4;      53.1;      56.6;     648.6;
       688;1991-2020;        46;        75;      60.1;      53.9;      41.7;      57.1;        75;      89.8;      89.4;        79;      82.6;        73;      81.8;     858.5;
       689;1991-2020;        46;      65.8;        52;      51.6;      41.3;      52.5;      65.9;      81.4;      72.6;      63.1;      60.6;      57.7;      66.6;     731.3;
       690;1991-2020;        46;      68.8;        54;      54.5;      43.4;      54.5;      66.8;      81.3;      74.9;      63.9;      61.4;      60.3;      71.8;     755.5;
       691;1991-2020;        45;      58.4;      43.6;      45.6;      39.5;      49.8;      62.3;      75.3;      69.3;      58.3;      57.1;      51.2;      59.9;     670.3;
       692;1991-2020;        46;      65.6;      50.3;        51;      40.8;      53.9;      67.7;      84.4;      73.5;      63.1;      59.1;      58.5;      67.4;     735.4;
       693;1991-2020;        46;      64.6;      49.2;      49.8;        40;      51.4;      65.9;      77.4;        72;      61.7;        60;      55.2;      66.1;     713.2;
       694;1991-2020;        46;      64.2;      52.9;      51.2;      40.4;      52.9;        70;      78.8;      70.8;        67;      60.9;      59.1;      68.4;     736.7;
       695;1991-2020;        46;      57.4;        45;      44.9;      37.2;      48.2;      65.8;      72.1;      66.4;      60.2;        55;      52.4;      61.5;     666.1;
       696;1991-2020;        46;      67.5;      50.3;        52;      41.6;        53;      67.2;      84.7;      73.3;      63.6;      62.7;      58.6;      69.1;     743.6;
       697;1991-2020;        46;        65;      50.5;      50.6;      39.5;      51.4;      66.5;      81.5;      71.6;      62.2;      58.7;      57.5;        66;     720.9;
       698;1991-2020;        46;      67.8;      52.3;      51.3;      42.1;      54.4;      67.4;      80.7;      73.4;      62.3;      62.6;      58.7;      68.3;     741.3;
       699;1991-2020;        46;        66;      51.2;      51.4;      40.9;      52.2;      66.4;      81.9;      72.4;      63.2;      60.4;      57.8;      66.9;     730.8;
       700;1991-2020;        46;      69.6;      50.1;      53.9;      44.1;      55.5;      69.4;      89.8;      74.8;      65.8;      67.3;      59.8;      71.2;     771.3;
       701;1991-2020;        45;        62;      47.9;      48.6;      36.2;      49.9;      72.4;      84.1;      77.9;      72.1;      67.6;      63.9;      71.2;     751.4;
       702;1991-2020;        46;      66.9;      53.9;      51.8;        38;      51.8;      74.6;      86.2;      78.7;      73.8;      71.1;      67.3;      74.6;     788.8;
       703;1991-2020;        46;        72;      57.5;      54.7;      41.5;      56.4;      74.7;      91.4;      75.9;      71.1;      69.1;      68.9;      77.6;     810.9;
       704;1991-2020;        43;        71;        54;        53;        40;        52;        75;        85;        74;        69;        69;        63;        73;       778;
       705;1991-2020;        46;      64.6;      54.5;      51.2;      38.1;      56.2;      70.1;      88.9;      79.9;      70.9;      69.1;      61.3;      73.4;     778.3;
       706;1991-2020;        46;      37.1;      34.5;      39.3;      46.2;      83.6;      73.2;      71.8;      75.5;      62.5;        64;      52.6;      49.4;     689.6;
       707;1991-2020;        46;      47.5;      38.7;      45.8;      33.4;      56.9;      62.5;      90.1;      62.3;      49.5;      44.2;      42.8;        47;     620.5;
       708;1991-2020;        46;     147.9;     124.9;     136.3;      78.2;     112.5;       135;     140.6;     137.9;     107.5;     113.8;     116.4;     160.9;    1512.1;
       709;1991-2020;        46;        44;        33;      35.9;      29.7;      46.1;      54.9;      68.2;      53.9;      44.6;      43.1;      40.7;      42.8;       537;
       710;1991-2020;        46;      58.4;      57.5;      60.2;      44.7;      75.7;      64.6;      79.6;      63.5;      62.2;      71.1;      67.5;      76.6;     781.7;
       711;1991-2020;        46;      60.5;      59.3;      63.6;      48.5;      82.1;      69.7;        85;      67.7;        62;      74.2;        67;      78.5;     818.1;
       712;1991-2020;        46;        59;      57.1;      60.3;      45.8;      74.6;      65.5;        82;      65.1;      58.2;      67.6;      64.9;      77.6;     777.7;
       713;1991-2020;        46;      66.7;      64.5;      65.7;      52.1;      76.5;      70.8;      76.2;      72.4;      59.2;        65;        69;      81.8;     819.9;
       714;1991-2020;        46;      45.2;      35.2;      42.2;      30.9;      54.9;      55.3;      83.6;      56.5;        47;      40.4;      40.9;      43.5;     575.5;
       715;1991-2020;        46;        35;      30.1;      36.1;      27.5;      53.9;      51.9;      76.8;      60.3;      45.6;      37.7;      36.8;      35.1;     526.7;
       716;1991-2020;        46;      47.3;      39.1;      45.5;      33.1;      54.7;      61.6;        95;      53.3;      47.5;      44.2;      41.4;      44.6;     607.4;
       717;1991-2020;        46;     103.8;        86;      86.6;      60.3;      78.4;      82.6;      95.6;      90.7;      83.5;      85.1;        93;     105.5;    1051.3;
       718;1991-2020;        46;       105;      84.1;      86.4;      61.6;      73.3;      78.8;      88.9;      87.1;      79.6;      79.2;      91.1;     105.2;    1020.1;
       719;1991-2020;        46;      81.7;      69.5;      72.1;      51.1;      70.9;        75;      89.7;      83.7;      70.3;      70.4;      75.9;      81.2;     891.4;
       720;1991-2020;        46;      98.6;      79.9;      81.9;      58.4;      78.6;      81.8;      97.6;      94.4;      83.2;      82.9;      90.1;     102.9;    1030.3;
       721;1991-2020;        46;      41.8;      30.9;        39;      31.9;      51.6;      48.3;      74.6;      61.6;      51.1;      38.6;      44.3;      41.1;     554.7;
       722;1991-2020;        45;     202.9;     145.8;     147.5;      86.9;     120.3;     117.2;     159.3;     131.1;     152.7;       171;     163.2;       204;    1799.1;
       723;1991-2020;        46;      52.5;      44.1;      44.3;      38.6;      60.1;      62.5;      58.9;      57.2;      57.5;      51.6;      50.1;        63;     640.4;
       724;1991-2020;        46;      70.3;      57.4;      53.4;      37.5;      57.3;      77.9;      95.2;        88;      78.5;      79.5;      70.6;      79.7;     845.5;
       725;1991-2020;        46;      61.8;      47.7;      48.7;      40.5;        57;      63.8;      78.4;      70.6;        57;      60.5;      56.4;      63.1;     705.5;
       726;1991-2020;        46;      81.6;      65.2;      59.7;      40.1;      58.6;      75.6;      90.6;      85.5;      75.4;      80.7;      73.6;      88.7;     875.4;
       727;1991-2020;        46;      74.3;      68.4;      68.5;      55.2;      78.7;        67;      80.1;      74.2;      61.5;      71.7;      72.6;        87;     859.1;
       729;1991-2020;        46;      98.3;      81.4;      88.9;      64.2;      88.7;      86.6;     116.3;      91.8;      96.3;      88.5;      98.8;     108.1;    1107.9;
       731;1991-2020;        43;        53;        52;        57;        44;        74;        63;        75;        64;        57;        65;        64;        73;       741;
       733;1991-2020;        46;      50.7;      37.4;      43.9;      37.1;        73;      80.6;      82.9;        75;      55.5;      49.5;        48;        56;     689.5;
       734;1991-2020;        46;      57.6;        50;      54.8;      43.2;      80.7;      97.4;      86.6;      84.7;      63.7;      58.2;      59.8;        64;     800.8;
       735;1991-2020;        46;      41.3;      30.8;      36.8;        26;      53.1;      54.1;      70.9;      60.8;      43.7;      40.5;      38.1;      39.4;     535.4;
       736;1991-2020;        46;       116;      89.5;      79.7;      54.9;      75.9;      67.9;      74.4;      74.3;      72.9;      90.5;        98;     135.8;    1029.7;
       737;1991-2020;        46;      39.3;      29.9;        37;      31.4;        56;      46.3;      65.2;      48.2;      45.2;      36.4;      40.4;      42.6;       518;
       738;1991-2020;        46;      80.8;      63.5;      62.4;      46.7;      69.5;      62.8;      86.2;      68.1;      57.6;      67.4;      68.8;      86.8;     820.6;
       740;1991-2020;        46;      93.8;      72.4;      71.4;      53.5;      79.5;      72.1;      98.6;      75.4;      69.7;      78.6;      82.5;     106.6;     954.2;
       741;1991-2020;        46;      56.9;        46;      45.9;      36.3;        49;      67.6;      67.9;      69.6;      55.2;      51.7;      52.2;      59.2;     657.3;
       742;1991-2020;        46;      67.4;      58.7;      56.6;      44.8;      59.9;      70.3;      75.8;      75.5;      61.4;      63.4;      65.6;      74.1;     773.5;
       744;1991-2020;        46;      49.8;      46.1;      46.9;      37.9;      55.1;        68;      67.1;      75.8;      60.3;      51.5;      51.2;      58.9;     668.6;
       745;1991-2020;        43;       119;       102;       134;       112;       179;       200;       203;       198;       142;       117;       112;       119;      1737;
       746;1991-2020;        46;      34.1;      24.5;      33.5;        28;      57.2;      50.8;      62.4;      54.9;      44.9;      35.6;      37.3;      36.7;     499.9;
       747;1991-2020;        43;        79;        63;        57;        44;        70;        95;        99;       107;        92;        95;        85;        92;       978;
       749;1991-2020;        46;      63.5;      51.1;        57;      42.2;      60.7;      63.7;        83;      70.8;      57.2;      61.2;      59.6;      63.6;     733.7;
       750;1991-2020;        46;      70.1;      54.2;      56.1;      43.6;      55.4;        70;      77.2;      73.2;      58.4;      58.9;      58.6;      71.1;     746.7;
       751;1991-2020;        46;      54.1;      44.9;      47.8;        39;      61.4;      65.8;      66.5;        59;      56.7;      55.9;      50.2;      66.2;     667.5;
       752;1991-2020;        43;        60;        51;        54;        43;        72;        70;        77;        67;        53;        64;        59;        70;       740;
       753;1991-2020;        43;        34;        31;        43;        37;        63;        59;        81;        66;        53;        43;        47;        43;       600;
       754;1991-2020;        46;      46.3;      41.2;      49.4;      56.7;      96.5;     102.4;     105.9;     101.5;      66.4;      60.7;      56.3;      58.5;     841.7;
       755;1991-2020;        45;      76.6;      64.3;      65.8;      44.3;      68.6;      60.2;      70.7;      56.7;      54.6;      65.9;      63.8;      90.2;     787.3;
       756;1991-2020;        46;      51.4;      42.6;      48.2;      36.8;      67.5;      56.9;      78.9;      60.2;      53.7;      50.8;      56.4;      57.7;     661.2;
       757;1991-2020;        45;      79.7;      71.4;      78.5;      77.8;     120.1;     103.7;     114.4;     104.8;      87.7;      95.3;        94;       103;    1130.5;
       758;1991-2020;        46;       134;     105.9;     123.2;     102.7;     162.5;     173.4;     171.6;     168.1;     130.5;     112.8;     122.1;     135.8;    1642.7;
       759;1991-2020;        46;     138.7;     124.8;     142.4;     123.3;     182.3;     191.2;     205.3;     188.9;     145.7;     130.1;     142.7;     165.4;    1880.7;
       760;1991-2020;        43;        82;        61;        63;        45;        61;        78;        89;        81;        65;        69;        68;        84;       846;
       761;1991-2020;        46;      68.9;      54.7;      51.2;      38.8;      55.3;      81.3;      93.7;      92.8;      83.7;      81.7;        73;      79.3;     854.3;
       765;1991-2020;        46;      89.5;      66.1;      67.3;      51.8;      68.4;      68.7;      67.8;        68;      64.5;      72.8;      77.6;     104.7;     867.1;
       767;1991-2020;        46;      77.4;      65.4;      76.7;      48.8;      93.3;      99.1;     106.2;      98.3;      71.4;      66.7;      68.7;      79.7;     951.5;
       768;1991-2020;        46;     100.1;      75.9;      74.6;      56.3;      78.6;      77.1;     104.1;      95.8;      88.5;      83.4;      93.3;     102.8;    1030.5;
       769;1991-2020;        43;        58;        44;        48;        41;        63;        59;        73;        76;        61;        60;        56;        59;       698;
       770;1991-2020;        46;        48;        37;      43.4;        35;        52;        55;      66.1;      57.3;      48.6;      47.7;      48.8;      50.9;     589.7;
       771;1991-2020;        46;      61.9;      51.7;      51.8;      45.4;        70;        68;      87.4;      70.3;      62.2;      64.9;      62.5;      71.6;     767.7;
       772;1991-2020;        46;     104.5;      91.4;        94;      80.8;     133.7;       109;     118.9;     108.3;      94.6;     105.9;     115.8;     117.9;    1274.8;
       773;1991-2020;        46;     116.2;     109.4;     114.5;      94.8;     142.4;     121.8;     141.1;     119.1;     107.5;     121.1;     129.6;       142;    1459.4;
       774;1991-2020;        46;        74;      64.2;      71.1;      49.2;      86.4;      94.2;      95.1;      75.5;      58.7;      75.2;      70.5;      89.8;     904.1;
       775;1991-2020;        46;        45;      33.2;      42.2;      34.7;      59.4;      58.5;      68.9;      64.4;      49.7;      45.6;      42.9;      42.6;     587.2;
       776;1991-2020;        46;      70.7;      53.8;      58.1;      41.7;        65;      69.1;      82.6;      71.3;      64.9;      65.9;      67.7;      73.4;     783.9;
       777;1991-2020;        46;      51.3;      37.2;      43.1;      32.1;      51.7;      53.2;        68;        58;      44.1;      45.6;      46.7;      48.7;     579.6;
       778;1991-2020;        46;      77.1;        56;        66;      49.3;      73.9;        68;      85.2;      73.5;      68.4;      68.7;      64.2;      73.6;     824.1;
       779;1991-2020;        46;     152.1;     126.4;     125.8;     109.3;     142.6;     127.5;     125.2;     121.9;     109.7;     140.7;     152.8;     194.4;    1628.5;
       780;1991-2020;        46;      75.4;      63.9;      68.5;        49;      69.2;      74.1;        85;      83.9;      71.2;      69.3;      73.1;        77;     859.7;
       782;1991-2020;        46;      72.8;      59.6;      66.9;      50.6;      69.9;      75.2;        94;      84.2;      68.1;      69.9;      73.4;      76.2;     860.9;
       783;1991-2020;        46;        36;      31.3;      42.1;      37.3;      64.9;      61.2;      86.7;      69.4;      54.7;      44.7;      46.7;      42.6;     617.5;
       787;1991-2020;        46;        67;      50.7;      45.6;      40.1;      54.3;        75;      88.6;      97.1;      82.8;      91.4;      76.7;      74.5;     843.9;
       789;1991-2020;        46;      47.9;      42.2;      45.7;      37.4;      62.1;      56.1;      72.5;        57;      51.5;      52.3;      49.3;      55.5;     629.5;
       790;1991-2020;        46;     151.5;     131.1;       136;     102.3;     145.6;     123.2;     143.1;     122.5;     114.1;     141.8;     148.4;     166.2;    1625.8;
       791;1991-2020;        46;      71.7;      53.6;      51.1;      38.2;      47.6;      73.8;      81.4;      93.1;      88.2;      93.2;      79.2;      83.4;     854.5;
       792;1991-2020;        46;      55.9;      42.2;      44.2;      34.8;      49.1;        66;      66.1;      70.8;      52.5;      51.5;      49.6;      57.5;     640.1;
       793;1991-2020;        46;     120.4;      93.9;      82.7;      57.5;      80.8;      71.7;      81.4;      79.9;      76.5;      94.8;     101.9;     138.4;    1079.8;
       794;1991-2020;        46;      63.2;      50.8;      50.4;      37.2;      55.1;      75.8;      86.2;        80;      68.7;      67.1;      62.1;      72.8;     769.3;
       795;1991-2020;        46;        51;      41.6;      40.6;      34.4;      59.9;      57.6;      77.2;      54.4;      50.8;      49.4;      54.1;      60.8;     631.7;
       796;1991-2020;        46;      99.7;      78.5;      78.1;      54.9;      69.4;      70.2;      84.7;      79.9;      74.8;        83;      87.5;     109.1;     969.7;
       797;1991-2020;        46;      40.8;      30.8;      34.5;      26.2;      58.5;      53.9;      64.5;      58.3;      48.6;      42.9;      38.5;      42.4;       540;
       798;1991-2020;        46;        77;      63.9;      60.7;      43.5;        60;      88.3;     101.5;      97.2;      87.3;      89.7;      81.7;      90.2;     941.1;
       799;1991-2020;        46;      48.4;      36.1;      35.6;      31.8;      46.7;      58.7;      61.3;      62.2;      58.5;      55.4;      51.4;      51.8;     597.9;
       800;1991-2020;        46;        38;      29.8;      36.9;      26.5;      53.7;        54;        75;      59.4;      43.1;      38.9;      38.6;      37.5;     531.3;
       801;1991-2020;        46;      49.3;      44.7;      47.8;      38.7;      66.5;      65.6;      68.3;      58.7;      51.3;      55.1;      50.4;        57;     653.4;
       802;1991-2020;        46;      57.7;      43.3;      47.8;      39.2;      53.9;      52.4;      68.3;      68.4;      54.6;      56.8;      51.8;      58.5;     652.8;
       803;1991-2020;        46;      52.1;      41.5;      44.2;      35.9;      57.2;      60.2;      70.3;      56.3;      52.9;      49.6;      53.2;      58.2;     631.6;
       804;1991-2020;        46;      44.4;      39.3;      41.5;      38.3;      60.9;      62.1;      65.7;      60.7;      52.6;      47.5;      46.8;      54.3;       614;
       805;1991-2020;        46;        50;      39.5;      50.3;      35.1;        65;      68.7;        87;      75.7;      53.9;      46.7;      46.7;      48.8;     667.4;
       806;1991-2020;        46;      47.4;      38.8;      51.8;        33;      60.9;      66.3;      80.2;      80.3;      50.3;      45.5;      47.4;        47;     648.9;
       807;1991-2020;        46;      54.1;      44.6;      50.6;      37.1;      59.2;      57.7;      77.9;      58.7;      53.1;      54.9;      56.9;      61.9;     666.8;
       808;1991-2020;        46;      56.7;      49.4;      66.7;      50.4;     102.6;     118.6;     114.8;     115.4;        82;      63.3;      58.8;      63.4;       942;
       809;1991-2020;        46;      31.2;      28.8;      38.4;      34.5;      56.8;      66.5;      76.7;      65.4;      50.9;      40.6;        41;      37.6;     568.4;
       810;1991-2020;        46;      52.8;      46.8;      65.6;      49.1;       102;     114.8;     113.1;     107.2;      78.1;      60.9;      55.8;        58;     904.2;
       811;1991-2020;        46;      53.9;      46.3;      67.5;      53.6;     107.5;     116.4;     119.3;     121.1;        82;      66.5;      59.5;      60.2;     953.7;
       812;1991-2020;        46;      52.6;      41.1;      45.6;      37.4;      62.4;      65.3;      78.5;        63;        58;        50;      54.7;      59.3;       668;
       813;1991-2020;        46;      48.9;      40.7;      43.3;      36.1;      66.7;      75.1;      77.6;        76;      55.5;        50;      48.3;      55.3;     673.5;
       814;1991-2020;        46;      54.8;      43.8;      44.9;      38.3;      58.7;      59.8;        81;      58.5;      53.8;      52.1;      55.7;      64.7;     666.3;
       815;1991-2020;        46;      32.5;      25.4;      36.4;      27.6;      57.1;      55.1;      74.9;      49.8;      49.9;        34;      40.3;      36.4;     519.4;
       816;1991-2020;        46;      54.4;      44.7;      54.1;      40.3;      58.3;      67.2;      92.6;      80.6;      63.6;      54.3;      57.1;      58.6;     725.8;
       817;1991-2020;        45;      61.8;      47.1;      44.3;      38.6;      68.1;        62;      70.2;        62;      54.1;      55.7;      56.1;      68.5;     693.9;
       818;1991-2020;        46;      63.3;      47.1;      45.4;      37.9;      60.6;      61.5;        67;      62.4;      52.5;      57.6;      57.2;      70.5;     683.1;
       819;1991-2020;        46;      57.2;      46.2;      47.9;      37.3;      54.7;      55.2;      74.1;      64.3;        54;      58.6;      54.3;      61.5;     665.3;
       820;1991-2020;        46;      63.2;      49.3;      52.3;      41.4;      54.5;      57.8;      77.9;      68.2;      57.2;      62.4;      57.2;      66.2;     707.6;
       821;1991-2020;        46;      56.6;      50.3;      57.2;        43;      69.2;      74.2;      82.9;      67.2;      51.5;      63.1;      59.2;      68.1;     742.5;
       822;1991-2020;        46;      57.1;      46.6;      55.3;      36.1;      62.8;      65.6;      83.8;      79.9;      59.1;      51.7;      53.9;      58.3;     710.1;
       823;1991-2020;        46;      64.8;      55.6;      67.5;      51.6;      75.9;      88.3;     103.5;      97.3;      73.1;      63.7;      65.6;      68.7;     875.5;
       824;1991-2020;        46;      65.1;      55.6;      65.7;      60.6;     103.8;      99.8;       106;      93.9;      65.5;      72.4;      64.9;      74.4;     927.6;
       825;1991-2020;        46;      86.5;      64.6;      68.6;      49.6;      72.3;      74.5;      93.2;      77.6;      70.8;      73.1;      80.2;      86.3;     897.4;
       826;1991-2020;        46;        51;      40.6;      43.2;      37.2;      61.6;      57.2;      69.2;      58.2;        50;        54;      50.3;      59.9;     632.4;
       827;1991-2020;        46;      70.3;      53.9;      52.2;      39.1;      52.2;      83.7;      88.2;      78.8;      79.6;      76.5;      72.4;      76.7;     823.6;
       828;1991-2020;        46;      35.9;      30.3;      38.2;      33.1;      58.7;      59.2;        77;      59.1;      47.2;      40.3;      44.6;        42;     565.6;
       830;1991-2020;        46;      52.7;      41.3;      43.9;      38.3;      64.5;      57.9;      66.4;      57.1;      48.5;      50.8;      51.7;      59.6;     632.8;
       831;1991-2020;        46;      45.4;      33.8;      38.6;      27.2;      52.7;      64.9;      71.9;      54.3;      47.8;      41.2;      42.2;      44.5;     564.6;
       833;1991-2020;        46;      79.9;      65.8;      75.5;      50.7;      80.2;      89.7;       108;     100.8;      76.6;      67.6;      73.8;      78.2;     946.9;
       834;1991-2020;        46;      59.5;      49.4;      52.6;        42;      67.4;      68.6;      82.7;      66.8;      60.3;      63.9;      59.6;      64.5;     737.3;
       835;1991-2020;        46;      46.3;      37.6;      49.1;      39.2;      69.1;      73.2;        95;      80.9;      60.7;      53.9;      53.4;        51;     709.6;
       836;1991-2020;        46;      47.7;      34.7;      40.9;      32.6;      54.8;      57.2;      72.1;      55.2;      48.6;      46.4;      41.6;      49.9;     581.7;
       837;1991-2020;        46;      44.8;      42.1;      41.5;      37.7;      59.7;        57;      71.8;      58.4;      50.6;      52.4;      47.3;      54.1;     617.3;
       838;1991-2020;        46;        34;      30.1;      40.2;      35.2;      60.8;      58.9;      86.2;      65.1;      50.4;      40.8;      44.2;      39.2;       585;
       839;1991-2020;        43;        57;        45;        46;        37;        49;        67;        72;        71;        52;        54;        52;        60;       662;
       840;1991-2020;        45;      95.1;      75.5;        96;      65.7;      95.9;     111.8;     126.4;     109.6;     102.1;      93.9;      90.5;     102.5;      1171;
       842;1991-2020;        46;     102.9;      86.1;     102.1;      68.6;      94.2;     111.2;     130.4;     110.8;       105;      96.9;      97.3;     113.1;    1218.8;
       843;1991-2020;        46;      53.9;      39.8;      44.2;        32;      52.2;      67.5;      72.3;      56.5;      50.1;        49;      46.8;      52.3;     616.5;
       845;1991-2020;        46;      58.8;      45.3;      49.5;      36.1;      52.9;      70.1;      76.1;        59;      52.4;      53.6;      49.7;      57.6;     661.1;
       846;1991-2020;        46;      38.2;      31.5;      35.9;      29.5;      60.9;      62.4;      82.3;      57.7;      47.7;      41.4;      37.7;        35;     560.2;
       847;1991-2020;        46;      44.7;      38.3;      45.6;      36.2;      65.8;      61.9;      76.8;      57.5;      53.5;      53.3;      52.3;      51.2;     637.1;
       848;1991-2020;        45;      62.7;      48.1;      50.4;      40.2;      51.1;      56.5;      73.5;      63.4;      55.7;      60.9;      57.2;      65.4;     674.8;
       849;1991-2020;        46;      69.8;      50.7;      53.6;      40.2;      53.3;      63.2;      72.2;      65.8;      57.7;      62.4;      59.2;      70.4;     718.7;
       850;1991-2020;        43;        64;        45;        50;        40;        54;        54;        74;        66;        57;        60;        54;        62;       680;
       851;1991-2020;        45;      52.3;      44.8;      51.1;      40.8;      70.4;        86;      89.2;        86;      56.6;      56.1;      53.1;      63.2;     754.4;
       853;1991-2020;        45;      48.1;      38.9;      51.5;      40.7;        66;      72.8;      95.4;      89.9;      63.4;      57.8;      55.1;      53.2;     732.7;
       854;1991-2020;        46;      59.6;      47.6;      60.1;      44.4;      70.5;      74.6;        93;        90;      67.4;      61.9;        59;      60.2;     788.4;
       855;1991-2020;        46;      77.7;      64.1;      88.4;      74.1;       131;     153.5;     159.4;     147.4;     102.3;        86;      79.3;      82.6;    1245.7;
       856;1991-2020;        43;        83;        65;        90;        78;       128;       157;       167;       146;       102;        88;        82;        85;      1271;
       857;1991-2020;        46;      75.5;      68.5;      94.5;      79.7;     141.1;     155.7;       160;     154.4;     109.9;        88;      78.8;      79.8;      1286;
       858;1991-2020;        46;        67;      56.9;      60.4;      47.7;        77;      71.9;      92.4;      66.8;      64.9;      62.5;      67.9;      73.1;     808.5;
       859;1991-2020;        46;     125.8;     110.9;     139.9;     114.8;     172.4;     198.7;     231.3;     226.8;     161.8;     124.7;       120;     140.5;    1867.5;
       860;1991-2020;        46;      51.7;      40.9;      45.7;      37.2;      53.4;      56.5;      76.1;        65;      53.4;      53.9;      48.7;        53;     635.5;
       861;1991-2020;        46;     139.5;       100;     107.1;      72.1;      98.3;     102.3;     128.7;     117.9;     110.7;     115.5;     120.1;     133.2;    1345.3;
       862;1991-2020;        46;     132.3;      94.8;     103.9;      72.5;        99;      96.2;     122.8;     115.1;     106.7;     112.7;     113.3;     126.5;    1295.8;
       863;1991-2020;        46;       145;     102.1;     107.1;      70.6;      99.7;       101;     127.7;     122.6;     107.9;     117.5;     117.8;     128.9;    1347.8;
       864;1991-2020;        46;      57.7;        46;      44.3;      33.8;      53.3;      61.5;      73.9;      63.1;      49.8;      51.6;      51.1;      54.5;     640.6;
       865;1991-2020;        46;      73.6;      58.1;      57.1;      42.8;      55.4;      71.6;      80.5;      74.3;      70.1;      65.1;      64.6;      80.5;     793.6;
       866;1991-2020;        46;      68.1;      51.1;      51.9;      43.7;      73.4;      76.2;        94;      69.6;      66.3;      64.3;        67;      79.1;     804.7;
       867;1991-2020;        43;        64;        49;        51;        41;        65;        68;        86;        62;        60;        58;        63;        72;       739;
       868;1991-2020;        46;      40.1;      29.6;      38.1;      31.4;      60.4;        54;      69.9;      57.1;      47.1;      41.2;      42.7;      42.5;     554.1;
       869;1991-2020;        46;      60.7;      44.3;        43;      38.2;      60.6;        59;      69.9;      62.3;      50.4;      53.9;        53;      65.5;     660.9;
       870;1991-2020;        46;      45.8;      35.2;      40.9;      31.5;      49.7;      61.5;      66.7;      59.2;      45.5;      46.7;      41.5;      44.6;     568.7;
       871;1991-2020;        46;        79;      64.7;      62.3;      47.4;        53;      70.2;      84.3;      79.7;        74;      72.2;      71.2;      85.1;     843.1;
       873;1991-2020;        46;      58.5;      61.9;      47.2;      39.8;      60.6;      65.1;      79.5;      60.5;      57.3;      50.4;      58.8;      68.1;     707.5;
       874;1991-2020;        46;      43.6;      31.4;        38;      29.3;      59.3;      56.6;      63.4;      53.8;      46.4;      43.4;      40.7;        43;     548.9;
       875;1991-2020;        46;      48.9;        40;      52.9;      35.5;      61.3;      61.7;      83.4;      70.8;        57;      48.8;      54.3;      53.6;     668.2;
       876;1991-2020;        46;      54.5;      42.9;      51.9;      37.9;      58.3;        62;      85.1;      69.4;      59.9;      49.8;      53.8;      53.4;     678.8;
       877;1991-2020;        46;        59;      51.5;      55.7;      40.5;      72.3;      72.5;      76.7;      66.5;      54.3;      62.7;        59;      67.4;       738;
       878;1991-2020;        46;      44.5;      35.1;      43.1;      33.5;      57.7;      59.3;      78.6;      67.8;      49.9;      45.2;      47.2;        45;     607.1;
       880;1991-2020;        45;      41.5;      34.1;      40.9;      30.6;      56.6;      53.1;      74.8;        63;      46.3;      40.5;      42.9;        42;       566;
       881;1991-2020;        43;        62;        56;        62;        45;        74;        72;        79;        69;        56;        68;        63;        77;       783;
       882;1991-2020;        46;      70.8;        58;      65.9;      52.9;      79.6;      62.8;      86.8;      66.5;      63.7;      59.8;        66;      75.4;       808;
       883;1991-2020;        46;      51.4;      47.1;        52;      42.2;      65.6;      68.3;      78.1;      60.2;      58.2;      61.1;      56.6;      62.7;     703.6;
       884;1991-2020;        46;      53.1;      50.3;      56.6;      44.8;      70.4;      68.7;      75.7;      61.7;      58.8;      62.1;      58.1;      65.2;     725.5;
       885;1991-2020;        43;        69;        50;        57;        38;        65;        75;        81;        71;        66;        62;        62;        76;       772;
       886;1991-2020;        46;        54;      45.1;        52;      38.8;      65.4;      57.9;      74.3;      59.1;      56.2;      51.6;        58;        63;     675.5;
       887;1991-2020;        46;      42.3;      34.1;      37.9;      29.7;      53.1;      56.6;      73.1;      56.7;      48.2;      39.6;      38.5;      40.4;     550.2;
       888;1991-2020;        46;      41.8;      36.2;      45.6;        36;      62.2;      67.9;      83.4;      71.2;      55.9;      46.9;        48;      47.3;     642.4;
       889;1991-2020;        46;      60.3;      47.5;        46;      36.3;      50.7;      68.3;      69.6;      65.2;      53.2;      51.3;      53.7;      60.5;     662.4;
       890;1991-2020;        46;        73;      59.6;      71.4;      52.6;      80.1;      89.6;     105.6;        90;      78.9;      67.3;        70;      78.5;     916.6;
       891;1991-2020;        45;      69.1;      53.1;      48.4;      36.8;      52.1;      77.1;      84.8;      90.6;      80.8;      84.2;      71.5;      77.8;     824.4;
       892;1991-2020;        46;      69.1;      53.9;      52.2;        38;      54.5;      84.4;      95.1;      93.1;      86.1;      88.3;      75.7;      81.8;     872.2;
       893;1991-2020;        46;      53.3;        41;      42.1;      36.2;      49.5;      64.7;        68;      57.4;      51.2;      49.8;      49.1;      54.3;     616.6;
       894;1991-2020;        46;      53.7;        44;      57.1;      50.1;      94.9;     106.4;     109.5;     102.7;      67.9;      64.4;      55.7;        57;     863.4;
       895;1991-2020;        46;      54.5;      45.5;        50;      36.8;      63.6;      64.7;      78.1;      58.6;      53.1;      57.4;      57.4;      61.2;       681;
       896;1991-2020;        45;      30.6;      27.7;      37.3;        31;      61.1;      52.5;      76.3;        51;      43.5;      35.3;      41.5;      38.1;     525.9;
       897;1991-2020;        46;      37.3;      35.9;      36.2;      30.5;      55.3;      51.2;      54.8;        50;      40.2;      42.5;      40.1;      47.4;     521.4;
       898;1991-2020;        46;      54.4;      38.1;      43.2;        34;      52.3;      55.4;      74.7;      59.9;      49.1;      51.8;      48.2;      50.3;     611.4;
       899;1991-2020;        46;      38.7;      32.9;      42.5;      34.7;      64.2;      71.2;      86.2;      72.9;      59.8;      49.6;      47.6;      44.1;     644.5;
       901;1991-2020;        46;       106;      86.5;        79;        59;      75.9;      78.2;        80;        84;      80.1;      83.1;      90.6;     120.9;    1023.2;
       902;1991-2020;        43;        92;        75;        70;        54;        70;        72;        76;        78;        71;        75;        79;        99;       911;
       903;1991-2020;        46;      62.5;      49.9;      49.8;        38;      51.1;      64.8;      78.5;      70.3;      52.2;      55.1;      51.4;      59.8;     683.3;
       904;1991-2020;        46;      39.4;      27.9;      35.1;        26;      51.6;      51.8;      55.9;      55.6;      42.5;      38.7;      38.5;      41.1;     504.1;
       905;1991-2020;        46;      46.5;      35.4;      41.3;      30.6;      52.1;      54.4;      71.2;      67.4;      46.6;      39.3;      42.8;      46.1;     573.7;
       908;1991-2020;        46;     159.7;       112;     119.9;      73.2;     109.1;     105.2;     130.4;     114.9;     123.1;     131.6;     131.9;     159.1;    1470.1;
       910;1991-2020;        46;      47.7;      36.6;      43.1;        29;        53;      54.2;      76.7;      57.9;        47;      43.3;      47.4;      46.8;     582.7;
       911;1991-2020;        46;      58.3;      41.4;      47.3;      36.3;      56.6;      58.9;      68.6;      67.8;      53.3;      50.5;        47;      55.4;     641.5;
       913;1991-2020;        46;      83.3;      75.5;      73.8;      54.9;      78.1;      73.6;      88.5;      84.3;      64.9;      80.8;      82.1;     107.4;     947.1;
       915;1991-2020;        46;      49.2;      38.8;        43;        34;        53;      69.3;      76.3;      63.5;      52.7;        51;      46.3;      53.4;     630.5;
       916;1991-2020;        46;        67;        50;      58.5;      41.3;      69.9;      56.1;      77.4;      59.1;      56.3;      56.4;      56.1;      63.2;     711.4;
       917;1991-2020;        45;        50;      50.3;      52.2;      42.5;      73.7;      60.1;      75.7;      70.2;      56.3;      60.1;      58.5;      65.1;     715.2;
       918;1991-2020;        46;      43.8;      45.5;      48.4;      41.5;      59.7;      61.8;      77.9;      68.1;      55.2;      57.4;      53.5;      62.6;     675.4;
       919;1991-2020;        46;        51;        47;      51.9;      41.8;      67.9;      60.3;      70.5;      68.9;      56.2;      57.2;      56.9;      62.9;     692.5;
       922;1991-2020;        46;      55.6;      42.8;      56.2;      50.6;      93.2;      99.9;     104.5;      97.9;      68.6;        61;      58.7;      59.2;     848.3;
       923;1991-2020;        46;      97.9;      72.1;      73.6;      47.1;      62.9;      70.4;      82.2;      71.9;      65.8;      76.3;      75.5;      96.5;     892.2;
       924;1991-2020;        46;      84.6;      60.1;      63.2;        45;        60;      65.5;        77;      65.7;      59.9;      67.6;      68.3;      82.6;     799.3;
       925;1991-2020;        46;      62.4;      46.4;      49.6;      39.5;      52.4;      56.3;      75.6;      64.8;      55.4;      60.7;      54.6;      62.3;     679.9;
       926;1991-2020;        46;      59.2;      50.5;      53.1;      41.8;      67.6;      78.2;        79;      76.7;      57.6;      56.6;      59.2;      69.4;     748.8;
       928;1991-2020;        46;      56.4;      50.3;      52.8;      42.2;      81.8;      79.9;      86.8;      77.5;        54;      62.2;      57.8;      64.9;     766.6;
       929;1991-2020;        46;      45.5;      35.4;      44.2;      36.5;      58.2;      55.3;      69.9;      56.3;      48.2;      45.6;      46.2;      44.7;     585.9;
       930;1991-2020;        46;      77.3;      66.1;      71.5;      43.9;      83.3;      85.3;     100.8;      88.1;      67.8;      63.9;      68.7;      84.7;     901.6;
       931;1991-2020;        46;      54.3;      48.9;      62.6;        71;     111.6;     116.6;     116.9;       109;      84.4;        76;      71.2;      75.8;     998.2;
       932;1991-2020;        46;      64.8;      48.7;      58.8;      40.6;      71.6;      75.3;      85.1;      76.1;      66.2;      60.9;      63.9;      71.6;     783.5;
       933;1991-2020;        46;      63.3;      56.2;      75.1;      66.9;     118.5;     130.1;     137.7;     127.5;      85.8;      72.9;      67.1;      68.9;    1069.9;
       934;1991-2020;        43;        66;        51;        53;        42;        58;        64;        78;        79;        65;        65;        66;        71;       758;
       935;1991-2020;        46;      68.1;      53.4;      55.5;      43.9;      56.7;      73.7;      88.2;      75.6;      77.9;      67.2;      64.3;      73.3;       798;
       936;1991-2020;        46;      70.6;      51.6;      53.6;      42.1;      53.6;        69;      77.3;      77.8;      63.6;      64.8;      61.3;      71.4;     756.7;
       937;1991-2020;        46;      79.8;      64.9;      62.7;      48.1;      63.7;      66.7;        67;      70.2;      64.5;      66.6;        71;      92.5;     817.7;
       939;1991-2020;        46;      49.4;      37.8;      42.9;      32.1;      54.3;      64.2;      71.2;      57.8;      49.3;      49.3;      45.1;      54.3;     607.7;
       940;1991-2020;        46;      51.7;      38.8;      46.8;      38.8;      70.7;      80.3;      86.7;      79.3;      55.4;      54.2;      53.1;      57.3;       713;
       941;1991-2020;        46;      62.2;      59.3;      71.7;      71.4;       122;     134.2;       133;     129.4;      93.7;      76.5;      72.7;      69.4;    1095.5;
       942;1991-2020;        46;     100.7;      78.7;      73.8;      54.6;      71.6;      71.6;      76.1;      78.7;      73.3;      81.4;      87.7;     119.6;       968;
       943;1991-2020;        46;      48.3;        48;      56.1;      61.5;     103.9;        91;      93.2;      87.3;      73.1;      74.8;      71.8;      66.8;     875.8;
       944;1991-2020;        46;      39.8;        29;      40.1;      32.6;      60.5;      55.7;      71.3;      53.3;      44.7;      39.6;      38.6;      39.9;       545;
       945;1991-2020;        46;        77;      63.7;        69;      49.8;      74.6;      64.8;      83.8;        66;      60.7;        65;      71.4;      82.7;     828.5;
       946;1991-2020;        46;      58.6;      46.1;      47.5;      36.9;      49.3;      63.6;      73.4;      66.5;      49.2;        53;      50.2;      59.7;       654;
       947;1991-2020;        46;      63.7;      46.4;      48.9;      37.6;      54.8;      67.2;        84;      75.1;      72.7;      61.6;      60.9;      69.2;     742.2;
       948;1991-2020;        46;        48;      33.7;      40.1;      28.8;        58;      53.6;      70.4;      57.1;      52.2;      41.3;      46.9;      46.7;     576.8;
       949;1991-2020;        46;      48.1;      35.2;      41.2;        31;      58.6;      53.9;        72;      56.6;      51.5;      42.3;      47.4;        48;     585.9;
       951;1991-2020;        46;      41.8;      36.3;      41.2;      33.1;      58.2;      57.9;      70.8;      54.9;        47;      48.6;      48.1;      52.6;     590.4;
       952;1991-2020;        46;      51.6;      38.8;      45.3;      34.4;      62.2;      75.2;      81.2;      73.5;      52.4;      51.7;      49.8;      57.3;     673.2;
       953;1991-2020;        43;        73;        65;        61;        46;        68;        66;        78;        72;        63;        69;        69;        87;       817;
       955;1991-2020;        46;      53.8;      49.8;      50.3;      40.5;      64.7;      57.1;      68.6;      65.9;      54.6;      56.4;        56;      64.4;     682.1;
       956;1991-2020;        46;      53.8;      41.8;      52.4;      34.2;        59;      71.7;      89.9;      86.7;      56.7;      47.5;      48.8;      51.3;     693.6;
       957;1991-2020;        46;      62.8;      55.9;      63.1;      46.8;      74.6;        71;      79.4;      62.5;      64.6;      71.7;      70.7;      81.5;     804.5;
       958;1991-2020;        43;        82;        66;        67;        51;        68;        75;        80;        73;        71;        66;        76;        83;       858;
       959;1991-2020;        46;      91.3;      75.3;      73.6;      53.1;      65.8;      73.3;      77.6;      74.8;      68.7;      69.5;      80.9;        93;     896.9;
       960;1991-2020;        46;     100.6;      83.7;      82.3;      57.9;      74.3;      78.3;      89.3;      83.1;      78.2;      76.9;      91.1;     105.7;    1001.3;
       961;1991-2020;        43;        59;        45;        49;        42;        54;        67;        74;        64;        56;        59;        58;        62;       689;
       962;1991-2020;        46;      33.8;      30.7;      42.1;      36.4;      63.5;      59.8;      81.8;      64.1;      53.1;      41.1;        46;      42.2;     594.5;
       963;1991-2020;        45;      59.9;      48.4;      47.5;      38.4;      49.3;      63.1;      68.7;        74;      60.2;      59.7;      55.8;      65.5;     686.7;
       964;1991-2020;        46;      83.6;      66.9;      63.1;      49.1;      68.1;      70.7;      70.4;      70.4;      68.8;      71.1;      74.1;      98.5;     854.6;
       965;1991-2020;        46;      41.1;      34.9;      43.1;      32.7;      57.5;      60.3;      76.4;      72.2;      50.9;      45.2;      46.7;      43.6;     604.7;
       966;1991-2020;        46;      59.9;      44.2;      47.3;      35.3;      51.5;      55.9;      78.2;      62.4;      51.2;      52.6;      50.5;      55.6;     644.5;
       967;1991-2020;        46;      53.5;      49.3;      60.9;      60.9;       105;     115.5;       121;     113.3;      79.3;      65.7;      61.4;      60.5;     946.2;
       968;1991-2020;        46;      52.3;      38.9;      42.3;      34.2;      44.8;      64.4;      65.1;      58.5;      50.6;      49.1;        46;      50.6;     596.8;
       970;1991-2020;        46;      42.6;      38.4;      44.7;      34.5;      62.4;      61.6;      78.9;        55;      47.5;      51.3;      49.9;      52.7;     619.6;
       971;1991-2020;        46;        50;      46.3;      49.3;        37;        65;      63.9;      75.2;      60.6;      48.4;      55.8;      55.5;      59.4;     666.1;
       972;1991-2020;        46;      64.6;      52.3;      57.7;      45.9;      66.2;      66.5;      82.3;      68.4;      60.3;      59.4;        63;      67.2;     753.8;
       973;1991-2020;        46;      59.4;      48.1;      59.6;      44.9;      83.5;      97.8;      97.9;      87.9;      64.7;      59.3;      57.3;      61.5;     821.8;
       974;1991-2020;        46;      65.7;      50.9;      57.4;      40.6;      68.4;      54.5;      76.1;      57.6;        59;      54.6;      59.9;      66.9;     711.6;
       975;1991-2020;        46;      68.3;      55.8;      58.8;      44.6;      75.4;      89.5;      89.5;      80.8;      69.2;      64.3;      60.7;        74;     830.8;
       976;1991-2020;        46;      54.1;        44;      49.8;      37.4;      66.6;      77.3;      81.3;      76.8;      52.5;        53;      53.9;      58.5;     705.3;
       977;1991-2020;        46;     122.2;      94.2;      91.3;        62;      76.2;      73.1;      95.2;        87;      81.5;      95.1;     102.3;     128.9;    1109.3;
       978;1991-2020;        46;      49.6;      45.1;      48.1;      37.9;      56.8;      56.3;      66.8;      52.8;      51.3;      51.5;      49.6;      57.5;     623.3;
       979;1991-2020;        45;      77.2;      59.9;        59;      44.7;      62.4;      61.2;      77.9;      71.4;      65.2;      67.9;      68.7;      86.6;     802.1;
       982;1991-2020;        46;      50.2;      38.6;      49.4;      44.8;      81.1;      80.7;      89.2;      81.3;      57.3;      55.6;      53.6;      56.6;     738.4;
       983;1991-2020;        46;      46.3;      34.4;      47.2;      45.1;      75.8;      83.8;      89.5;      81.9;      56.9;      52.9;      50.7;      52.2;     716.6;
       984;1991-2020;        46;      63.5;      50.6;      55.7;      42.9;      63.5;        62;      79.8;      60.9;      58.3;      56.2;      61.3;      68.2;     722.7;
       985;1991-2020;        43;        64;        56;        62;        46;        81;        78;        85;        71;        54;        69;        63;        76;       805;
       986;1991-2020;        46;      56.9;      49.6;      56.4;      43.5;      73.2;        75;      86.8;      70.1;      50.5;      64.5;      58.2;      65.7;     750.6;
       987;1991-2020;        46;      56.6;      43.8;      57.8;      55.1;      98.2;      98.5;     113.7;     100.2;      69.4;      62.2;      60.2;      62.2;     877.9;
       988;1991-2020;        46;        65;      50.5;      50.3;        39;      48.9;      68.2;      75.5;      73.8;        64;      60.8;      57.8;      68.5;     722.3;
       989;1991-2020;        46;      74.7;        65;      59.1;      44.4;      60.3;      67.7;        76;      85.9;      69.4;      69.5;        73;      81.9;     826.7;
       990;1991-2020;        46;      55.7;      46.5;      49.8;      43.3;      73.1;      66.4;      86.1;      72.2;      56.2;      63.7;        57;      61.6;     731.6;
       991;1991-2020;        45;      52.5;      47.8;      55.2;      45.1;      71.5;      80.6;      95.5;      89.3;      57.6;      54.7;        56;      57.9;     766.6;
       992;1991-2020;        46;        35;      33.6;      37.8;        35;      67.9;      58.2;      58.2;      53.5;        45;      49.9;      45.8;      49.9;     569.8;
       993;1991-2020;        46;      58.6;        45;      58.7;      43.8;      73.8;      76.9;      84.6;      77.8;      55.5;      58.7;      57.5;      65.2;     756.3;
       994;1991-2020;        46;      57.3;      44.4;      53.8;      44.2;      76.4;      78.4;      89.5;        76;      55.2;      58.5;      54.6;      65.1;     753.2;
       995;1991-2020;        46;      75.4;      62.7;        78;      67.6;     104.3;     102.9;     119.1;      96.9;      76.5;      80.9;      78.9;        84;      1027;
       996;1991-2020;        46;      52.5;      48.3;      54.8;      44.3;        82;      73.7;      82.4;        75;        58;      62.2;      59.6;        64;     756.8;
       997;1991-2020;        46;      44.2;      33.2;        37;      26.4;      52.2;      56.2;      69.4;      53.4;      43.5;      37.6;      41.3;      39.9;     534.3;
       998;1991-2020;        46;     123.9;     116.3;     128.8;      87.5;     133.5;     108.6;     130.1;     102.9;      97.3;     118.1;       130;     146.4;    1423.3;
       999;1991-2020;        46;      52.4;      44.3;      42.8;      35.2;      52.7;      71.3;      67.7;      70.5;      59.7;      56.8;      52.9;        58;     664.3;
      1000;1991-2020;        46;      48.4;      41.2;      40.3;      32.5;      46.9;      64.4;        66;      70.1;        56;      53.1;      50.4;      55.7;     624.9;
      1001;1991-2020;        45;      45.7;        34;      38.8;      27.9;      57.2;      53.4;      69.4;      61.2;      45.8;      39.4;      43.3;      44.1;     561.7;
      1002;1991-2020;        46;      47.8;      36.4;      43.2;      30.3;      60.5;        56;      73.9;      66.2;      48.1;      42.9;      46.7;      47.4;     599.4;
      1003;1991-2020;        46;      50.9;      41.7;      52.5;        36;      57.1;      62.9;        82;        74;      57.4;      50.2;      52.1;      53.9;     670.6;
      1004;1991-2020;        46;      52.2;      43.6;      52.1;      35.4;      63.6;      62.1;      91.6;      74.4;      55.2;      48.4;      48.4;      50.6;     677.4;
      1005;1991-2020;        46;        33;      29.3;        40;      32.3;      58.8;      61.7;      78.8;      61.6;      51.5;        40;      44.8;        40;     571.7;
      1006;1991-2020;        46;      47.9;      37.7;      38.6;      31.9;      46.6;        62;        72;      58.9;      44.9;      44.8;      44.1;      45.9;     575.4;
      1007;1991-2020;        46;      48.7;      37.7;      41.5;      30.4;      55.7;      60.3;        72;      63.8;      52.7;      46.8;      45.4;      49.5;     604.5;
      1008;1991-2020;        46;      56.6;      47.4;      60.5;      44.8;      77.1;      85.2;       106;     100.2;      72.8;        60;      59.5;      58.1;     828.2;
      1009;1991-2020;        46;      53.8;      43.7;      40.5;      34.4;      44.4;        60;        64;      64.7;      53.1;      58.2;        50;      57.5;     624.3;
      1012;1991-2020;        46;      63.2;      55.3;      61.7;      43.1;      72.9;      63.6;      81.1;      64.6;        56;      63.8;      63.2;      74.7;     763.3;
      1014;1991-2020;        46;        58;      47.3;      45.4;        37;      57.1;      64.6;      80.7;      77.1;      72.5;      61.7;      60.8;      63.8;     726.1;
      1015;1991-2020;        46;      49.2;        33;      39.5;      28.6;      54.8;      56.5;      66.8;      55.2;        49;      44.9;      43.4;      45.5;     566.5;
      1016;1991-2020;        46;      78.7;      58.2;      55.2;      38.7;      53.8;        74;      87.5;      83.8;      78.7;      85.1;      69.7;      82.3;     845.7;
      1017;1991-2020;        43;        57;        43;        43;        35;        49;        66;        73;        65;        51;        50;        49;        58;       639;
      1018;1991-2020;        46;      59.7;      51.1;      53.5;      51.1;      85.3;      87.5;      90.7;      80.6;      56.6;      62.8;      57.7;      72.1;     808.6;
      1019;1991-2020;        46;      47.5;      35.9;      42.7;      34.7;      64.4;      80.5;      76.7;      74.6;      54.4;      52.2;      48.3;      52.6;     664.4;
      1020;1991-2020;        46;      48.4;      36.4;      49.9;      43.5;      77.8;      77.2;      82.9;      75.8;      53.6;        54;      53.5;      56.5;     709.5;
      1021;1991-2020;        46;      40.7;      34.2;      44.2;      34.3;      62.2;      59.2;      74.6;      55.3;      49.3;        41;      46.5;        49;     590.6;
      1022;1991-2020;        43;        77;        64;        75;        52;        82;        89;       113;        98;        73;        68;        73;        77;       941;
      1023;1991-2020;        46;      53.8;      41.2;      57.6;      47.9;      86.2;     100.3;     105.7;      99.6;        69;      60.5;      52.6;      56.3;     830.8;
      1024;1991-2020;        46;        61;      54.3;      52.5;        47;      54.4;      74.1;      75.7;      78.6;      61.7;      63.4;        66;      69.9;     758.7;
      1025;1991-2020;        46;        76;      63.4;      62.8;      44.7;      62.5;      64.6;      74.2;      70.9;      63.6;      67.8;      72.7;        88;     811.2;
      1026;1991-2020;        46;      39.2;      34.3;      44.5;      37.1;      64.3;      60.8;      88.2;      68.3;      53.5;      45.8;      52.2;      46.5;     634.8;
      1027;1991-2020;        46;      32.7;      29.4;      37.9;      30.6;      58.1;      55.4;      75.6;        58;      47.4;      36.4;      41.7;      38.2;     541.5;
      1028;1991-2020;        46;     121.5;     100.8;     102.1;      65.2;      98.3;      83.3;     101.7;        86;      71.4;      98.2;     103.9;     140.4;    1172.8;
      1029;1991-2020;        46;     117.7;      95.9;      98.2;      60.8;      92.9;      78.7;      93.9;      84.3;      67.8;        93;        99;     133.8;      1116;
      1030;1991-2020;        46;      74.5;      59.9;      53.1;      45.2;      53.7;      75.1;      95.2;      91.8;        95;      88.9;      80.4;      86.7;     899.6;
      1031;1991-2020;        46;      78.2;      65.6;      62.8;      45.5;      59.5;      74.7;      78.7;      80.9;      68.5;      68.3;      72.2;      85.9;     840.9;
      1032;1991-2020;        46;      77.1;      68.1;      61.4;      48.4;      61.8;      72.7;      90.6;      85.2;      72.8;      72.1;      73.3;      81.5;     865.1;
      1033;1991-2020;        46;      66.4;      58.9;      54.7;      42.5;      56.6;      68.5;      76.8;        79;      63.6;      65.1;      62.2;      71.4;     765.6;
      1034;1991-2020;        46;      69.6;      58.6;      54.3;      44.7;      62.2;      66.9;      81.7;      76.8;      65.8;      67.8;      66.5;      73.6;     788.5;
      1036;1991-2020;        46;      40.4;      37.4;      46.3;      41.6;      68.4;      58.8;        86;      61.1;      51.8;      43.8;      47.9;      45.9;     629.3;
      1038;1991-2020;        46;      95.6;      79.7;      87.2;      60.7;      99.2;     114.1;     116.4;     119.2;      89.2;      84.9;      87.2;       106;    1139.4;
      1039;1991-2020;        46;      70.3;      52.7;        58;      42.5;        65;      65.1;      80.7;      70.3;      60.7;      63.1;      66.3;      68.2;       763;
      1040;1991-2020;        46;      75.3;      61.8;      72.3;      53.7;      77.2;      87.1;     102.3;      99.8;      74.2;      66.9;      72.1;        78;     920.7;
      1041;1991-2020;        46;      46.2;      37.2;      45.1;      29.6;      58.4;      56.7;        81;      66.1;      49.1;      42.7;      46.1;      46.2;     604.2;
      1042;1991-2020;        46;      42.4;      30.4;      39.2;        28;      48.4;      50.8;      74.8;      51.1;      42.9;      39.3;      41.4;      42.9;     531.5;
      1043;1991-2020;        46;      58.3;      45.7;        48;      36.6;        51;        67;      77.4;      66.1;      54.2;      53.5;      50.9;      56.3;     665.1;
      1044;1991-2020;        46;      82.9;        67;        63;        49;      68.8;      72.8;      71.4;      75.1;      66.3;      68.2;      73.6;      95.2;     853.1;
      1046;1991-2020;        46;      66.7;      53.8;      52.7;      40.9;        54;      65.5;      78.5;      70.1;      65.1;      61.9;      63.1;      70.8;     742.9;
      1047;1991-2020;        46;      38.4;        35;      41.6;      31.9;      57.6;      60.2;        79;      72.3;      49.7;      43.1;      43.6;      40.2;     592.5;
      1048;1991-2020;        45;      42.1;      32.7;      42.1;      36.3;      62.9;      62.6;      84.5;      80.1;      51.7;      49.9;      47.5;        44;     636.5;
      1049;1991-2020;        46;      44.9;      38.1;      46.7;      35.2;      60.5;      62.2;      81.3;      74.2;      54.7;      47.1;      47.7;      46.5;     639.1;
      1050;1991-2020;        43;        40;        38;        43;        31;        54;        62;        74;        76;        43;        40;        41;        40;       582;
      1051;1991-2020;        43;        36;        34;        47;        29;        54;        56;        73;        64;        40;        41;        42;        38;       554;
      1052;1991-2020;        45;      46.2;      35.5;      40.1;      27.6;      54.8;      59.2;      70.4;      62.4;        50;      42.7;      42.4;        46;     577.3;
      1054;1991-2020;        46;     100.5;        77;      78.3;      51.3;      65.3;      72.7;      87.8;      77.4;      72.2;      79.7;      89.1;       102;     953.4;
      1055;1991-2020;        46;     124.4;      95.5;      97.1;      61.1;      72.3;      71.2;      95.4;      84.1;      82.5;      93.2;     102.6;     137.5;    1116.8;
      1056;1991-2020;        46;      70.7;      59.6;      55.8;      36.6;      57.8;      76.5;      87.9;        82;      75.1;      71.1;      66.8;      76.9;     816.9;
      1057;1991-2020;        46;      45.3;        38;      45.5;      37.2;      58.2;      67.5;      82.1;      69.3;      59.4;      51.1;      49.9;      53.5;     657.1;
      1058;1991-2020;        46;      39.8;      35.5;      48.1;      39.4;      65.7;      64.7;        85;      65.2;      55.9;      45.7;      52.3;      47.5;     644.8;
      1060;1991-2020;        46;      46.5;      41.4;      49.1;      44.2;      71.7;      73.4;      96.4;      76.7;      63.5;      53.6;      55.8;      55.1;     727.4;
      1062;1991-2020;        46;      36.1;      31.7;      41.7;      32.9;      59.4;      61.8;      83.3;      61.4;      54.5;        43;      46.9;      43.2;     595.9;
      1064;1991-2020;        46;      45.2;        34;        41;      31.4;      48.2;      56.3;      65.7;      57.2;      46.6;      44.9;      45.5;      48.4;     564.4;
      1065;1991-2020;        46;      44.6;      42.6;      41.3;      36.3;      60.2;      56.9;      64.7;      56.4;      47.2;      53.7;      50.8;      57.8;     612.6;
      1066;1991-2020;        46;      51.3;      40.6;      45.1;      35.7;      62.1;      65.1;      71.2;      63.4;      54.6;      50.5;      49.2;      50.1;     638.9;
      1067;1991-2020;        46;        53;      35.9;      41.1;      30.9;      53.6;      60.1;      70.7;      60.2;      52.6;      42.3;        48;      50.6;       599;
      1068;1991-2020;        46;      48.3;      36.4;      45.5;      31.5;      51.1;      54.5;      79.1;      61.1;      50.7;        43;      48.7;      50.1;     600.1;
      1069;1991-2020;        46;      63.8;      46.8;      52.1;      40.8;      57.9;      56.3;      59.8;      56.8;      54.4;        58;      59.1;      73.1;       679;
      1070;1991-2020;        46;      46.8;      46.2;        46;      38.4;      53.8;      59.7;      63.2;      65.7;        47;      50.3;      46.9;      52.5;     616.3;
      1071;1991-2020;        46;      50.2;      49.1;      48.7;        40;      55.9;      63.1;      65.1;      68.4;      50.9;      53.2;      49.6;      57.4;     651.4;
      1072;1991-2020;        45;      39.5;      40.2;      37.4;      31.2;        52;      56.3;      51.9;      51.9;      39.4;      42.5;      42.3;      53.5;     537.3;
      1073;1991-2020;        46;      40.7;      38.2;      38.2;      33.6;      52.8;      55.6;      52.1;      52.5;      42.3;      45.6;      44.3;        54;     549.8;
      1074;1991-2020;        46;      31.4;      27.4;      37.4;      30.8;      55.7;      56.8;      84.7;      56.5;      47.8;      36.7;      41.2;      37.4;     543.6;
      1075;1991-2020;        46;      42.3;      36.4;      38.5;        31;      53.2;      52.3;      78.3;      55.8;      48.2;      39.1;      41.8;      42.6;     559.4;
      1077;1991-2020;        46;      61.4;      54.1;      72.4;      65.7;     121.4;     132.1;     141.6;     132.3;        91;      72.1;      66.5;      62.8;    1073.4;
      1078;1991-2020;        45;      61.5;      56.5;      54.1;      46.4;      61.1;      65.7;      73.2;        77;      60.3;      61.2;      63.8;        70;     750.7;
      1079;1991-2020;        46;      62.9;      57.2;      51.9;      44.6;      57.4;      66.3;      75.5;      76.3;      58.1;      63.1;      66.1;      72.3;     751.7;
      1080;1991-2020;        46;      72.6;      60.6;      57.4;      48.7;      62.9;      72.9;      76.8;      83.2;      65.5;      69.9;      71.3;        80;       822;
      1081;1991-2020;        46;      64.2;      56.2;      53.7;      45.8;      59.3;      67.7;      74.3;      77.3;      60.3;      63.6;      67.2;      73.6;     763.3;
      1082;1991-2020;        46;      82.1;      62.4;      63.6;      49.3;      65.7;      74.3;      86.4;      74.7;      67.8;      75.7;      68.4;      81.6;       852;
      1083;1991-2020;        46;      67.2;      58.6;      53.3;      42.9;      54.6;      67.4;      69.3;        89;      65.1;      64.6;      65.9;      75.7;     773.6;
      1084;1991-2020;        46;      68.7;      57.6;      55.7;      46.1;      58.6;      66.1;      74.1;      78.2;      66.6;      65.5;      67.2;      76.1;     780.6;
      1085;1991-2020;        46;      66.4;      59.4;      53.2;      46.2;      51.9;      68.7;      70.4;      90.4;      63.9;      60.1;      68.7;      76.6;       776;
      1086;1991-2020;        46;      63.7;      53.7;      52.2;      42.9;      55.4;      62.8;      68.3;        74;      62.4;      61.1;      64.2;      72.3;     732.9;
      1087;1991-2020;        46;      67.3;      57.7;      53.1;        43;      53.6;      68.1;      68.2;      89.3;      64.8;        64;      65.1;      75.7;     769.9;
      1088;1991-2020;        46;      69.9;      59.5;      54.2;      45.2;      56.3;      68.9;      71.4;      87.8;      65.1;      64.4;      69.5;      78.1;     790.4;
      1089;1991-2020;        46;      59.6;      56.4;        64;      60.4;      97.5;      89.3;      93.5;      90.4;      70.7;      81.9;      75.3;      73.4;     912.3;
      1090;1991-2020;        46;      57.1;      41.3;        49;        31;      53.2;      52.7;      78.8;      62.7;      54.6;      45.2;      54.1;      58.3;       638;
      1091;1991-2020;        46;      40.2;      32.2;      38.7;      30.9;      52.2;        50;      68.1;      50.6;      41.2;      39.6;        43;      44.4;     531.1;
      1092;1991-2020;        46;        56;      43.4;      43.4;      38.5;      61.3;      68.5;      82.7;      60.4;      62.4;      53.4;      58.6;      63.1;     691.6;
      1093;1991-2020;        46;     100.5;      89.9;      88.4;      59.2;      83.2;      74.1;      89.1;      76.8;      75.8;      85.8;      92.2;     123.7;    1038.6;
      1094;1991-2020;        46;      55.7;      53.6;      66.5;      72.4;     128.6;     142.7;     148.6;     146.9;        95;        72;      65.3;      57.7;    1105.1;
      1095;1991-2020;        46;      64.5;      48.6;      55.4;      40.2;      65.5;      68.3;      80.1;      67.3;      56.9;      61.7;      59.7;        65;     733.1;
      1096;1991-2020;        46;      52.7;      41.9;      46.3;      36.4;        65;      78.9;      81.2;      71.9;      58.3;      53.2;      52.5;      57.7;     695.9;
      1097;1991-2020;        43;        68;        52;        59;        43;        64;        74;        83;        66;        67;        65;        68;        74;       783;
      1098;1991-2020;        46;      56.4;      45.7;      45.9;      39.2;      62.1;      64.4;      88.5;      59.4;      56.7;      55.5;      58.5;      65.4;     697.8;
      1099;1991-2020;        46;      67.9;      55.3;        55;      43.4;        68;      68.6;      93.3;      60.9;      60.6;      60.5;      65.9;      78.1;     777.6;
      1100;1991-2020;        46;      59.6;      48.6;      50.4;      41.1;      62.2;        64;      65.6;      60.3;      56.9;      57.9;      53.9;      70.9;     691.4;
      1101;1991-2020;        46;      49.8;      42.1;      52.3;      38.7;      64.4;      65.8;      86.5;      73.1;        60;      51.7;      55.4;      54.3;     694.1;
      1102;1991-2020;        46;      50.8;      46.8;      58.4;      52.6;      87.8;      93.7;        95;      87.8;      64.6;      66.1;      70.9;      68.1;     842.4;
      1103;1991-2020;        45;      59.7;      53.6;      70.8;      61.1;     110.7;     119.2;     135.5;     123.1;      87.1;      71.3;      66.1;      65.2;    1034.9;
      1104;1991-2020;        46;      67.8;      52.6;        54;      44.6;      72.2;        65;      84.8;      71.5;      60.3;      63.5;      63.2;      74.5;     774.2;
      1105;1991-2020;        46;      62.3;      48.8;      50.7;        40;      65.1;      68.5;      83.9;      65.3;      59.4;      55.8;      60.6;      69.6;     730.2;
      1106;1991-2020;        46;        48;      38.3;      41.5;      28.7;      54.1;      59.9;      72.4;        59;      47.4;      41.7;      41.4;        46;     578.3;
      1107;1991-2020;        45;      62.9;      52.9;      56.9;      46.8;      72.2;      69.9;      90.2;      64.8;      66.4;      64.7;      69.5;      72.9;     797.1;
      1108;1991-2020;        43;        49;        35;        39;        38;        64;        60;        73;        60;        50;        53;        49;        55;       625;
      1109;1991-2020;        46;      62.9;      47.6;      50.1;      36.1;        55;      64.3;      70.6;        64;      54.2;      56.9;      54.3;      64.7;     680.7;
      1110;1991-2020;        46;      84.9;      79.7;      74.7;      64.2;      92.1;      80.6;      90.3;      76.5;      72.9;      79.8;        85;      93.5;     974.1;
      1111;1991-2020;        46;      45.9;      36.7;      35.8;      37.2;      62.9;      62.9;      79.5;      62.3;      53.1;      52.4;      45.6;        51;     625.2;
      1112;1991-2020;        46;      49.9;      41.4;      51.1;      33.8;      60.7;        78;      82.2;      76.6;      54.8;      47.9;      49.1;      54.4;       680;
      1113;1991-2020;        46;        36;      31.5;      41.5;        36;      61.1;      58.5;      84.5;      62.8;        53;      41.9;      45.5;      44.5;       597;
      1114;1991-2020;        46;      65.1;      53.7;      56.9;      40.7;      70.7;      75.3;      84.5;      69.1;      64.9;      65.3;      64.2;      75.4;     785.9;
      1115;1991-2020;        46;      75.9;      58.4;      54.2;      40.7;      54.6;      71.1;      83.6;      84.6;      73.5;      81.8;      70.2;      81.9;     830.4;
      1116;1991-2020;        46;      76.8;      57.8;      61.1;      43.4;        68;      78.4;      90.9;      69.2;      73.6;      65.8;      71.1;      84.8;     841.1;
      1117;1991-2020;        46;      64.2;      48.2;      58.2;      41.8;      71.4;      64.6;      82.3;        71;        62;      55.5;      53.3;      62.1;     734.5;
      1118;1991-2020;        46;     101.5;      77.9;      86.6;      60.5;      91.7;      81.6;     112.1;      86.3;        86;      88.2;      85.4;     101.8;    1059.8;
      1119;1991-2020;        46;      76.7;      63.2;      64.6;      42.7;      66.5;      75.7;      81.7;      70.2;      68.2;        66;        68;      82.3;     825.8;
      1120;1991-2020;        46;      55.4;      39.9;        46;      37.5;      54.1;      57.3;      69.4;      67.5;      52.3;      56.7;        53;      56.3;     645.5;
      1121;1991-2020;        46;      62.2;      48.1;      50.3;      43.9;      67.4;      69.8;      81.1;      68.1;      59.2;      57.4;      61.9;      64.4;     733.7;
      1122;1991-2020;        46;      53.6;        41;      41.9;        39;      59.2;      63.6;      70.2;      56.3;      51.3;      49.4;      52.2;        58;     635.7;
      1123;1991-2020;        46;      64.6;      48.8;      49.5;      44.8;      65.8;      67.1;      71.6;      60.2;      56.2;      55.7;      60.4;      68.2;     712.9;
      1124;1991-2020;        46;        73;      57.8;      56.2;      41.9;      54.8;      71.6;      91.2;      77.5;        72;      65.5;      67.7;      77.9;     807.2;
      1125;1991-2020;        46;      69.3;      56.1;        61;      44.4;      73.5;      68.9;      94.7;      67.8;      68.7;        64;        69;      76.2;     813.6;
      1127;1991-2020;        46;      54.8;        44;      58.8;      52.7;      97.3;     108.3;     109.7;     102.2;        69;      62.3;      58.1;      57.6;       875;
      1128;1991-2020;        46;      74.5;      59.7;      58.2;      43.3;      59.5;      71.5;      86.2;      78.5;      64.7;      66.5;      66.3;      74.5;     803.3;
      1129;1991-2020;        46;      74.9;      55.4;      53.7;      39.9;        53;      70.4;      93.3;        89;      80.3;      87.2;      70.6;      81.1;     848.8;
      1130;1991-2020;        43;        75;        55;        54;        40;        53;        71;        92;        91;        80;        86;        69;        82;       848;
      1132;1991-2020;        46;      52.7;      44.3;      59.6;      47.6;      84.5;      96.8;       100;      95.4;      65.8;      57.8;      52.8;      56.8;     814.1;
      1133;1991-2020;        46;      50.4;      39.3;      47.3;      35.3;      53.5;      62.1;      72.2;      61.1;      51.3;      51.5;        51;      55.7;     630.7;
      1134;1991-2020;        46;      49.5;      45.5;      47.8;      40.6;      67.6;      62.6;      66.6;      54.3;      51.9;      57.4;      56.7;      64.6;     665.1;
      1135;1991-2020;        46;      88.8;      62.3;      68.5;      53.4;      64.6;      77.8;      89.8;        83;      82.9;      84.3;      83.6;      91.1;     930.1;
      1136;1991-2020;        46;      68.4;      53.8;      50.2;      40.1;      50.6;      68.2;      79.3;      66.9;      68.9;      60.4;      61.5;        73;     741.4;
      1137;1991-2020;        46;      60.5;      50.1;      63.7;      49.5;      85.7;      93.6;     104.9;      87.6;      67.9;      61.6;      58.8;      64.3;     848.2;
      1138;1991-2020;        46;      54.8;      42.6;      48.5;      37.5;        65;      71.3;        88;        58;      60.4;      55.9;      56.8;        62;     700.8;
      1139;1991-2020;        46;      85.6;      69.2;      84.2;      51.8;      83.2;      95.2;     100.6;      91.6;        72;      71.7;      74.8;      88.6;     968.6;
      1140;1991-2020;        46;        73;      65.5;      81.7;      78.8;     140.5;       144;     154.9;     151.4;     107.8;      84.2;      77.9;      80.5;    1240.1;
      1141;1991-2020;        46;      83.9;      67.2;        70;      49.5;      71.7;      84.6;      94.9;      75.9;      79.5;      76.6;      80.7;      98.2;     932.5;
      1142;1991-2020;        46;      31.2;      30.4;        42;      37.5;      63.6;      61.2;      80.4;        62;      50.9;      41.4;      45.3;      37.7;     583.7;
      1143;1991-2020;        46;      55.6;        48;      55.6;      39.8;        69;      72.7;      86.4;      66.4;      50.3;      61.6;      56.8;      64.6;       727;
      1144;1991-2020;        46;      45.7;      38.6;      45.2;      47.3;      87.4;      91.9;      86.6;      88.7;      60.5;      55.9;      50.4;      55.5;     753.6;
      1145;1991-2020;        46;      58.6;      49.3;      57.8;      51.6;      90.3;      92.9;      96.4;      85.7;      63.1;      61.8;      57.1;      66.9;     831.5;
      1146;1991-2020;        46;        53;      47.2;        52;      43.1;      81.7;      79.9;      86.7;      75.8;      56.1;      62.4;      57.4;      62.9;     758.2;
      1147;1991-2020;        46;      63.3;      45.8;      49.3;      36.7;      56.8;      61.8;      79.7;      66.4;      54.6;      57.8;        53;        61;     686.2;
      1148;1991-2020;        46;     124.2;        99;     100.6;      64.5;      92.2;        83;     114.4;      83.5;      85.6;      98.3;     103.7;     130.3;    1179.2;
      1149;1991-2020;        46;      61.7;      46.4;      47.6;      38.6;      50.6;        62;      70.4;      69.2;      54.9;        62;      55.7;      65.2;     684.5;
      1150;1991-2020;        46;      66.3;      55.5;      52.7;      40.1;      61.9;      55.4;      67.1;      64.4;      52.7;      58.3;      59.9;      75.9;     710.2;
      1151;1991-2020;        46;        43;      39.1;      41.6;      32.6;      56.8;      55.5;      66.8;      54.2;      47.4;      49.3;      48.8;      54.3;     589.4;
      1152;1991-2020;        46;      59.3;      56.2;        70;        52;      76.4;     100.6;     105.1;      94.3;      84.3;      66.2;      65.1;      67.6;     897.1;
      1153;1991-2020;        46;      72.3;      60.6;      75.4;      55.6;        88;      96.6;     105.2;      98.4;      85.6;      73.7;        72;      77.9;     961.3;
      1154;1991-2020;        46;      67.5;      56.9;      74.1;      57.1;     104.7;     112.4;     119.2;     111.3;      77.4;      69.4;      63.5;      70.4;     983.9;
      1155;1991-2020;        46;      53.2;      45.8;      55.9;      44.6;      70.3;      81.1;      96.1;        76;      70.6;      58.3;      58.2;      59.4;     769.6;
      1156;1991-2020;        46;      73.5;      62.3;      60.4;      45.6;        67;      59.1;      70.3;      66.5;      59.5;      70.8;        72;      95.8;     802.9;
      1158;1991-2020;        46;      53.3;        43;      55.3;      43.9;        77;      86.6;      90.2;      81.3;      59.2;      55.9;      54.4;      57.9;       758;
      1159;1991-2020;        46;      47.9;      41.4;      47.6;      38.5;        61;      72.1;      86.9;      76.7;      62.3;      53.2;      52.9;      55.9;     696.5;
      1160;1991-2020;        46;      42.6;      34.9;        42;      29.8;      55.8;      60.4;        80;      61.5;      46.5;      40.3;      41.9;      41.7;     577.5;
      1161;1991-2020;        43;        48;        37;        43;        35;        61;        67;        77;        68;        46;        49;        48;        53;       632;
      1162;1991-2020;        46;      42.6;      43.6;      48.8;      59.5;      94.5;      81.7;      81.1;        77;      67.2;      72.4;      63.3;      58.2;     789.9;
      1165;1991-2020;        46;      70.2;      55.6;        63;      46.1;      72.1;      66.8;      92.6;        68;      67.3;      65.9;      71.4;      77.9;     816.7;
      1166;1991-2020;        46;      48.2;      35.1;      46.2;      31.2;        52;      52.9;      80.8;        60;      49.7;      40.6;      47.4;      48.4;     592.5;
      1167;1991-2020;        46;      46.3;      35.6;      44.5;      33.4;      48.4;      55.7;      70.2;      59.7;      51.8;      49.5;      50.4;      51.9;     597.4;
      1168;1991-2020;        46;      64.7;      51.6;      51.8;      38.9;      57.1;      60.9;      71.9;      62.8;      54.9;      62.6;      55.4;      66.9;     699.6;
      1169;1991-2020;        46;      44.6;      43.4;      45.1;      58.6;      90.2;      79.8;      75.5;      86.7;      69.4;      70.4;      61.3;      62.9;     787.8;
      1170;1991-2020;        46;      83.5;      64.1;      66.6;      47.9;      68.1;      70.6;      88.4;        74;      69.5;      74.7;      73.8;      80.4;     861.7;
      1171;1991-2020;        46;      72.1;      53.2;      53.8;      40.4;      53.2;      67.4;        75;      66.6;      56.2;      62.6;      60.1;      70.9;     731.5;
      1172;1991-2020;        46;      59.1;      39.7;      45.8;      37.6;        60;      61.7;      71.4;      59.8;      48.4;      54.3;      48.2;      52.6;     638.6;
      1174;1991-2020;        46;      59.6;      48.6;        65;      48.6;      69.3;      77.2;     102.3;      94.4;      69.9;      58.1;      61.3;      62.9;     817.2;
      1175;1991-2020;        46;      53.1;      47.9;      51.7;      41.7;      67.2;      63.8;      80.7;        63;      58.6;      55.6;      59.3;      60.8;     703.2;
      1176;1991-2020;        46;     116.7;     100.5;      95.8;      73.5;     111.8;      99.3;     109.5;        88;      81.4;      95.7;     104.6;     134.5;    1211.3;
      1177;1991-2020;        46;      41.7;      34.4;      45.4;      36.5;      62.7;        66;      89.6;      68.7;      59.7;      48.3;      51.1;      47.9;     651.9;
      1178;1991-2020;        46;      48.7;      39.6;      44.7;        31;      53.1;      61.9;      88.5;      58.3;      48.1;      41.4;      43.3;      46.9;     605.2;
      1179;1991-2020;        46;      82.7;      61.3;      62.8;      45.5;      65.5;      67.8;      91.2;      68.9;      70.2;      66.9;      73.5;      94.1;     850.5;
      1180;1991-2020;        46;      45.6;      42.5;      45.3;      37.8;      61.3;        59;      70.4;      56.7;      50.8;      51.9;      52.9;      57.7;     631.9;
      1181;1991-2020;        46;      37.5;      31.3;      38.7;      29.9;      53.5;      51.5;      67.3;      53.8;      46.3;      36.1;      39.8;      41.6;     527.2;
      1182;1991-2020;        46;      35.2;      30.6;      38.4;      29.7;      53.6;      53.8;      68.9;      48.8;      46.1;      36.4;      40.3;      39.5;     521.3;
      1183;1991-2020;        46;      47.9;      41.3;      46.2;      38.1;      71.4;      59.7;      83.5;      69.6;      52.6;      55.8;      53.5;      54.1;     673.5;
      1184;1991-2020;        46;      47.5;      39.3;      51.2;      47.7;      90.9;      99.6;     107.7;      92.8;        69;      58.5;      53.2;      53.6;     810.9;
      1186;1991-2020;        46;     144.7;     101.2;     103.1;        59;      76.9;      72.9;      92.2;      79.8;      81.7;      98.4;     104.3;     139.7;      1154;
      1187;1991-2020;        46;     111.2;      77.2;      84.3;        51;      72.5;      57.9;      80.1;      67.5;      64.5;      77.8;      79.6;     110.8;     934.3;
      1188;1991-2020;        46;      81.3;      66.7;      72.3;      56.2;      81.9;      66.4;     101.3;      78.7;      73.9;      69.8;      78.5;      88.2;     915.1;
      1189;1991-2020;        46;      62.9;      48.6;      46.1;      38.2;      53.3;      67.9;      79.6;      79.6;      64.1;      71.7;        61;      68.1;     741.1;
      1190;1991-2020;        46;      61.7;      53.9;      62.5;      50.7;      76.9;      93.2;     104.5;      90.9;      79.4;      68.4;      65.3;      67.6;       875;
      1191;1991-2020;        46;      71.6;      62.4;      69.6;      50.3;      85.4;      86.2;      91.2;      77.6;      60.4;      75.9;      70.9;      85.9;     887.4;
      1192;1991-2020;        46;      61.6;      53.4;      52.4;      42.7;      67.7;      69.3;      77.7;      60.5;        58;      62.8;      61.3;      71.2;     738.7;
      1193;1991-2020;        46;        32;      26.2;      38.4;      31.9;      57.7;      54.1;      79.2;      55.8;      47.8;      39.7;      42.2;      39.6;     544.4;
      1194;1991-2020;        46;      46.5;      35.4;      47.6;      44.2;      79.7;      86.6;      84.6;      87.6;      59.8;      55.6;      51.2;      53.2;     732.1;
      1195;1991-2020;        46;      45.3;      37.7;      45.6;      37.7;      67.7;      72.4;      84.8;      67.2;      50.8;        52;      49.4;      53.7;     664.3;
      1196;1991-2020;        46;     117.4;      78.1;      75.1;      49.7;      65.5;        66;      88.9;      62.5;      67.8;      79.9;      92.5;     118.4;     961.9;
      1197;1991-2020;        45;      68.8;      57.8;      65.5;      44.9;        79;        79;      86.6;      74.8;        58;      68.9;      64.4;      81.5;     829.1;
      1199;1991-2020;        46;      50.6;      42.4;      41.3;      35.1;      50.5;      71.1;      73.1;      69.5;        58;      53.9;      50.3;      55.6;     651.5;
      1200;1991-2020;        43;        65;        50;        47;        36;        56;        78;        90;        97;        84;        87;        72;        74;       836;
      1201;1991-2020;        46;        50;      47.7;      49.1;      39.9;      54.8;      69.6;      68.3;      71.1;      53.8;      55.7;      54.2;      58.4;     672.6;
      1202;1991-2020;        46;      78.3;      59.5;      58.3;      42.1;      57.6;      69.6;      87.2;      78.9;      66.1;      65.5;      64.1;      79.2;     806.5;
      1203;1991-2020;        46;      50.7;      49.1;      52.2;      40.6;      68.7;      59.2;      70.3;      64.5;      53.7;      54.8;      57.2;      62.9;     683.9;
      1204;1991-2020;        46;      62.2;      48.1;      48.4;      39.3;      50.7;        69;        77;      69.6;      65.3;      59.5;        57;      66.5;     712.7;
      1205;1991-2020;        46;      69.3;      52.7;      52.1;        41;      54.9;      71.7;      81.8;      75.7;      70.4;      65.6;      62.2;      72.9;     770.2;
      1206;1991-2020;        46;      38.3;      27.7;      35.9;      27.5;      56.6;      49.6;      72.3;      54.9;      46.9;      38.4;      41.9;        41;       531;
      1207;1991-2020;        45;      59.6;        47;      54.6;      43.3;      65.5;      75.7;      85.8;        80;        67;      59.2;      56.7;      67.4;     760.9;
      1208;1991-2020;        46;      41.1;      35.1;      43.7;      37.2;      62.3;      69.2;      80.6;      71.7;      58.7;      47.4;      48.9;      47.3;     643.2;
      1209;1991-2020;        46;      37.4;      30.8;      42.4;        34;      58.7;        60;      75.3;      62.1;      55.6;      40.7;      45.5;        42;     584.6;
      1210;1991-2020;        46;      46.2;      34.2;      42.2;      30.7;        58;      55.7;      74.8;        70;      51.7;      43.4;        46;      45.7;     598.5;
      1211;1991-2020;        46;      77.5;      62.8;      75.5;      56.6;      82.9;        92;     109.8;     103.3;      81.2;      71.8;      73.9;      80.3;     967.4;
      1212;1991-2020;        46;      43.7;      37.8;      38.3;        35;      52.6;      55.5;      64.8;      50.6;      48.6;      50.2;      50.4;      55.6;     583.1;
      1213;1991-2020;        46;      43.6;      37.4;      38.9;      34.1;      49.3;        51;      58.3;      45.4;      41.8;      46.8;      47.5;      54.7;     548.9;
      1214;1991-2020;        43;       114;       102;       102;        91;       135;       115;       129;       114;       100;       117;       123;       138;      1380;
      1215;1991-2020;        46;       119;     103.3;     107.1;      94.1;     142.3;     116.7;     132.2;     114.1;     100.5;     122.4;     122.7;     146.3;    1420.8;
      1216;1991-2020;        46;      91.8;        76;      78.8;      48.5;      72.6;      70.3;      77.5;        65;      64.4;      77.8;      77.9;     109.2;     909.9;
      1219;1991-2020;        46;      68.7;      53.3;      52.9;      41.7;      55.2;      68.9;      84.5;      81.6;      84.4;      70.9;      71.8;        76;     809.9;
      1220;1991-2020;        46;      68.7;      53.3;        52;      41.1;      56.2;      67.2;      82.8;      83.2;      82.7;      70.4;      71.3;      77.1;     805.9;
      1221;1991-2020;        46;      70.4;      55.6;      55.7;      42.5;        56;        67;      81.9;      85.3;      81.6;      73.6;      72.2;      77.7;     819.5;
      1223;1991-2020;        46;      69.2;      55.9;        56;      40.2;      54.5;      64.7;      85.6;      78.1;      72.9;      67.4;      64.7;      76.1;     785.4;
      1224;1991-2020;        45;      46.5;      46.6;      51.7;      61.8;        97;      90.9;      93.4;      82.7;      71.2;      74.3;      66.9;      62.5;     845.6;
      1225;1991-2020;        46;      90.1;      76.9;        75;      53.7;      79.1;      65.6;      97.7;      70.1;      62.3;      76.6;      83.6;     105.2;       936;
      1226;1991-2020;        46;      72.7;      54.5;      55.4;      42.1;      58.9;      59.9;      76.7;      68.8;      57.4;      65.7;      60.9;      71.4;     744.4;
      1227;1991-2020;        46;      62.8;      53.7;        59;      60.2;      99.3;      99.9;     119.5;      88.5;      62.1;      68.2;      64.5;      73.5;     911.3;
      1229;1991-2020;        46;      67.2;        59;      59.6;      52.6;      71.5;      70.1;      87.5;        72;        66;      64.6;        64;      78.6;     812.7;
      1230;1991-2020;        46;      76.8;      59.5;      58.6;      41.4;      55.5;      72.9;      81.6;      79.3;      70.8;      70.5;      68.2;      78.5;     813.5;
      1231;1991-2020;        46;      71.6;      55.8;      55.7;      39.4;      53.3;      65.8;        81;      77.8;      70.2;      67.2;      65.7;      74.2;     777.7;
      1232;1991-2020;        46;      69.6;      53.8;      52.2;      40.3;      52.8;      65.5;        79;      75.6;      62.1;      65.3;        64;      72.6;     752.8;
      1233;1991-2020;        46;      40.4;      32.9;      40.5;      33.5;      58.3;      51.2;      70.1;      54.7;      48.6;        39;      42.9;      44.6;     556.8;
      1234;1991-2020;        46;        97;      74.5;      72.6;      56.3;      74.7;      70.5;      87.7;      77.7;      75.5;      82.2;      85.6;     109.5;     963.9;
      1235;1991-2020;        46;      68.5;      60.5;      85.6;      74.5;     141.2;     161.6;     157.1;     154.3;     107.8;      82.8;      74.7;      76.4;    1245.1;
      1236;1991-2020;        46;      69.3;      63.8;      88.1;      76.6;     141.3;     159.2;     157.9;     156.3;     108.5;        83;      76.7;      76.9;    1257.7;
      1237;1991-2020;        46;      62.7;      56.3;        73;      57.7;     110.2;     117.4;     120.1;       121;      83.4;      68.4;        65;      68.3;    1003.5;
      1238;1991-2020;        46;     119.8;      96.7;      94.5;      64.2;      74.6;      88.4;     100.6;      98.4;      90.5;      96.6;     106.2;     131.1;    1161.4;
      1239;1991-2020;        46;      46.5;      44.7;      42.5;      45.7;      75.4;        89;      87.2;        67;      57.2;        58;      53.9;      60.4;     727.6;
      1240;1991-2020;        46;      60.9;      53.4;        55;      58.2;      89.8;      95.1;      98.5;      88.1;      61.4;      68.8;      62.4;      75.4;       867;
      1241;1991-2020;        46;      73.7;      57.8;      53.2;      41.5;      56.7;      67.5;      74.2;      69.9;      65.1;      65.5;      63.8;      75.1;     763.8;
      1242;1991-2020;        46;      51.7;      42.9;      54.9;      46.6;      73.6;      91.5;      97.5;      82.1;      62.3;      60.4;      53.1;      55.8;     772.4;
      1243;1991-2020;        46;        59;      51.7;      66.9;      63.5;       112;     107.4;     124.6;     105.1;      72.9;      78.1;      71.6;      68.8;     981.5;
      1244;1991-2020;        46;      60.3;      52.8;      54.7;      43.7;      65.5;      62.1;      68.2;      64.3;      54.6;      63.5;        64;      77.5;     731.2;
      1245;1991-2020;        46;     115.2;      91.7;      84.7;      61.1;      71.2;      82.5;      95.7;      97.4;      87.4;      93.9;     100.3;     121.8;    1102.8;
      1246;1991-2020;        43;        73;        57;        56;        43;        57;        65;        81;        78;        66;        67;        67;        75;       785;
      1247;1991-2020;        46;      58.2;        46;      48.9;      36.5;      64.1;      75.2;      80.3;        73;      57.8;      53.8;      53.7;      62.4;     709.9;
      1248;1991-2020;        46;      67.8;      54.3;      55.6;      39.7;      69.6;      76.6;      83.8;      73.6;      63.5;      57.3;      59.2;        74;       775;
      1250;1991-2020;        46;      76.1;      65.8;        67;      60.1;      95.4;      79.6;      94.8;      83.6;      63.6;        73;      74.3;        85;     918.1;
      1251;1991-2020;        46;      83.7;      73.7;      70.6;      54.4;      74.1;      65.8;      72.6;      68.8;        72;      79.5;      84.8;       105;       905;
      1252;1991-2020;        46;      80.7;      66.3;      72.9;      48.6;      80.6;      83.6;     111.4;     101.8;      72.3;      68.4;      72.9;      81.4;     940.9;
      1254;1991-2020;        46;      51.5;        52;      55.5;      43.8;      72.6;        66;      78.7;      66.2;      57.3;      67.1;      64.4;      69.9;     744.9;
      1255;1991-2020;        46;      53.1;      52.5;      57.7;      42.6;      70.9;      63.2;      76.8;      66.4;      57.1;        70;      65.5;      71.8;     747.5;
      1256;1991-2020;        46;      47.5;      40.8;      52.5;      55.3;      99.4;     110.2;     118.3;     104.7;      70.4;      61.2;      57.1;      55.5;     872.8;
      1257;1991-2020;        46;      63.6;      54.1;      52.2;      42.9;      57.7;      65.8;      72.7;      59.5;      58.8;      62.5;      61.1;        77;     727.9;
      1258;1991-2020;        46;      48.7;      39.8;      46.9;      47.3;      85.2;      86.2;      86.2;      82.4;      57.4;      57.8;      49.8;      54.5;       742;
      1259;1991-2020;        46;      83.2;      64.1;      68.2;      41.8;      69.2;      74.1;      87.4;      75.8;      70.7;      67.6;      75.8;      91.2;     869.2;
      1262;1991-2020;        45;      43.8;      35.2;      47.9;      46.4;      83.2;      97.8;     101.4;      85.2;      62.5;      56.2;      46.8;      48.5;     757.1;
      1264;1991-2020;        46;      54.5;      43.2;      55.9;      51.6;      94.1;     104.9;     107.9;      99.2;      65.1;      62.7;      58.3;        60;     857.4;
      1265;1991-2020;        46;      51.4;      43.6;        60;        58;     103.9;     114.8;     114.5;     110.4;      76.2;      66.9;      61.3;        58;       919;
      1266;1991-2020;        45;      75.8;      55.4;      53.1;      39.1;      55.1;      76.4;      92.5;        93;      84.5;      88.2;      70.4;      83.7;     867.2;
      1267;1991-2020;        46;      41.3;      40.1;      42.9;      36.1;      54.2;      66.6;      64.5;      67.2;      53.7;      49.4;      45.6;      51.3;     612.8;
      1268;1991-2020;        46;      34.2;      31.2;      42.8;      36.1;      70.5;      56.5;      81.6;      61.3;      48.9;      42.7;      47.4;      40.2;     593.4;
      1269;1991-2020;        46;      29.9;      28.5;      40.3;      35.2;      68.6;      56.1;      78.7;      62.8;      46.9;      39.1;      43.3;      35.8;     565.1;
      1270;1991-2020;        45;        25;      22.9;      36.3;      34.2;      63.9;      55.7;      80.8;      58.7;      45.8;      37.6;      41.1;      32.6;     534.7;
      1271;1991-2020;        46;      31.5;      29.6;      42.3;      36.2;      67.4;      61.2;      80.6;      56.6;      48.3;      40.9;      44.6;      38.4;     577.5;
      1272;1991-2020;        46;      26.2;        26;      36.4;      32.2;      64.8;      54.1;      78.2;        57;      44.2;      36.8;        40;      33.6;     529.5;
      1273;1991-2020;        46;      55.4;      46.9;      57.8;      45.7;      82.6;      92.7;      93.2;      85.9;      64.8;      58.1;      58.4;        63;     804.5;
      1274;1991-2020;        46;        50;      42.5;      51.8;      42.9;      77.5;        86;      84.7;      78.2;      60.7;      56.1;      52.7;      55.4;     738.6;
      1275;1991-2020;        46;      60.3;      49.8;      63.1;      47.3;      89.9;      97.3;     107.9;      99.5;      71.4;      63.3;      55.7;      61.1;     866.6;
      1276;1991-2020;        46;        52;      52.8;      63.7;      66.9;     112.1;     122.9;     116.5;     115.9;      90.8;      66.7;      74.8;      73.5;    1008.4;
      1277;1991-2020;        46;      66.6;      60.5;      55.7;      43.2;      61.2;      69.9;      70.5;      75.1;      62.5;      62.1;      66.8;      74.9;       769;
      1278;1991-2020;        43;        57;        43;        51;        39;        61;        58;        75;        65;        55;        55;        52;        57;       668;
      1279;1991-2020;        45;        51;      41.2;      48.1;      35.6;      64.4;      60.5;      76.2;      58.9;      54.3;      55.2;      54.2;        58;     659.3;
      1280;1991-2020;        46;        50;      41.3;        47;      36.5;      63.4;      64.4;      77.5;      60.4;      53.5;      54.4;        54;      56.2;     658.7;
      1282;1991-2020;        46;      68.6;      54.7;      61.2;      42.3;      68.8;      84.9;      98.1;      84.2;      70.4;      61.9;      61.8;      77.2;     833.8;
      1283;1991-2020;        46;     138.2;     106.9;     101.8;      65.5;      82.8;      84.7;     103.6;        98;      97.5;     110.4;     113.9;     152.1;    1255.5;
      1284;1991-2020;        46;      51.3;      45.7;      50.2;        37;      54.3;        58;      63.5;      49.8;      46.9;      48.8;      47.6;      57.8;     610.8;
      1285;1991-2020;        46;      46.7;      38.5;      46.1;        47;      82.1;        85;      85.9;      81.6;        58;      55.6;      49.4;      53.1;     729.1;
      1286;1991-2020;        46;      44.4;      32.2;      40.4;      30.6;      47.1;      53.1;        65;      58.1;      46.8;      46.8;      44.9;        47;     556.4;
      1287;1991-2020;        46;      64.5;      59.1;      61.9;      49.5;      76.4;      65.7;      79.1;      72.5;      63.9;      65.6;      71.1;      77.1;     806.3;
      1288;1991-2020;        46;        80;      74.1;      74.2;      55.9;      83.2;        72;        94;      74.4;      68.3;      75.4;      81.9;      95.6;     928.9;
      1290;1991-2020;        46;      68.9;      59.8;      59.9;      55.1;      89.6;      74.3;      95.7;      83.1;      57.5;      70.6;      68.6;      74.3;     857.2;
      1291;1991-2020;        46;      73.2;      53.4;        56;        40;      52.4;      61.3;      74.9;      70.8;      58.7;      64.8;      60.1;      71.5;     737.1;
      1292;1991-2020;        46;      65.2;      50.9;      53.3;      36.9;      63.8;      73.1;      76.3;      64.9;      64.9;      57.4;      60.7;      72.4;     739.8;
      1293;1991-2020;        46;     105.2;        83;      79.2;      57.4;      75.9;      72.2;      93.9;      84.9;      82.9;      86.6;      89.2;     114.9;    1025.3;
      1294;1991-2020;        46;      75.2;      70.9;      92.3;        93;     159.5;     183.6;     179.4;     189.6;     118.9;        89;      79.3;      83.8;    1414.6;
      1296;1991-2020;        46;      61.9;      45.1;      51.4;      43.4;      73.5;      75.1;      90.9;        71;      58.3;      60.2;        60;      61.4;     752.1;
      1297;1991-2020;        45;      45.2;      36.8;      39.7;      35.2;      57.9;      60.2;      71.5;      54.1;      45.3;      46.1;      49.5;      50.2;     590.7;
      1298;1991-2020;        46;        63;      64.8;      60.4;      47.2;      64.2;      76.2;      77.8;      81.8;      62.1;      63.8;      62.6;      74.7;     798.5;
      1299;1991-2020;        46;      72.4;      58.7;      53.3;      44.5;      49.6;      73.2;      90.8;      86.6;      91.6;      83.5;        79;      83.4;     866.5;
      1300;1991-2020;        43;       115;        91;        87;        58;        78;        80;        94;        92;        87;        86;       100;       118;      1086;
      1301;1991-2020;        46;      58.3;      44.7;      48.4;      38.6;      64.8;      65.1;      73.6;      61.1;      51.3;        53;      55.7;      60.6;     675.1;
      1303;1991-2020;        45;      84.8;      66.7;      65.6;      52.5;        67;      79.2;      85.6;      92.2;        74;      77.3;      79.4;        94;     925.3;
      1304;1991-2020;        46;      72.4;      55.6;      51.5;      42.3;      51.1;      63.9;      75.3;      75.5;      58.8;      65.7;      62.9;      73.6;     748.5;
      1305;1991-2020;        46;      71.5;      55.7;      54.3;      41.1;      52.2;      69.9;      78.6;      69.8;      69.9;      64.9;      61.2;      77.4;     766.4;
      1307;1991-2020;        46;      70.4;      62.2;      57.7;      47.6;      62.2;      72.7;      80.7;      86.6;      63.4;        68;      71.7;        77;     820.3;
      1308;1991-2020;        46;      78.6;      66.5;      61.3;      47.9;      62.2;      72.8;      79.2;      82.3;      70.4;      72.1;      72.1;      85.9;     851.2;
      1309;1991-2020;        46;      49.5;        41;      47.9;      38.2;      73.1;      81.4;      78.4;        72;      59.3;      51.8;      50.6;      56.2;     699.4;
      1310;1991-2020;        46;      50.1;        42;      40.2;      36.6;      51.1;      62.5;      64.5;      65.9;      53.3;      55.9;      50.1;      53.6;     625.8;
      1311;1991-2020;        46;      46.9;      41.4;      50.4;      45.7;        88;        86;      95.6;      80.7;        57;      60.8;      59.5;      56.3;     768.1;
      1312;1991-2020;        46;      99.1;      88.7;     114.3;       107;     152.6;     184.1;     186.7;       185;     119.6;      90.7;      92.1;     102.4;    1522.2;
      1314;1991-2020;        46;      36.5;      32.8;        43;      37.9;      68.9;      60.8;      90.3;      68.5;      51.4;      46.5;      50.8;      44.8;     632.2;
      1315;1991-2020;        46;      65.7;        60;      63.1;      52.5;      86.4;      73.6;      91.4;      70.2;      64.8;      77.3;      74.6;        84;     863.6;
      1317;1991-2020;        46;      58.9;      44.3;      49.6;      35.6;      58.2;      60.8;      70.1;        58;        49;      48.8;      55.2;      59.4;     647.8;
      1318;1991-2020;        46;        81;      65.3;      69.5;      47.8;      69.8;      77.5;        85;        76;      70.9;      67.5;      73.8;      87.7;     871.9;
      1319;1991-2020;        46;      55.9;      44.1;      50.6;      38.7;        69;      65.5;      78.2;        69;      58.9;      54.4;      56.2;      58.7;     699.2;
      1320;1991-2020;        46;      29.6;      24.5;      35.2;      29.5;      52.7;      49.9;      65.7;        49;      44.4;      36.4;        39;      37.1;     492.7;
      1321;1991-2020;        46;      51.2;      40.5;      44.4;        38;      62.6;      60.8;      69.8;      60.7;      49.9;      50.8;      49.9;      53.2;     631.7;
      1322;1991-2020;        46;      52.5;      40.8;      43.7;      33.2;      61.8;      56.2;      68.9;      55.2;      50.5;      50.1;      53.8;      62.3;       629;
      1323;1991-2020;        46;      58.6;      47.2;      45.4;      34.7;      58.2;      58.4;      77.3;      56.3;      48.6;      52.4;      58.3;      67.9;     663.2;
      1325;1991-2020;        46;      59.2;      45.2;      59.8;      56.7;     101.2;     108.2;     112.4;       104;      70.1;        65;      61.8;      63.7;     907.5;
      1326;1991-2020;        46;      68.9;      63.1;      77.2;        82;     137.7;     153.3;     158.3;     158.1;     107.2;      83.8;      82.1;      75.8;    1247.5;
      1327;1991-2020;        45;      35.2;      36.2;      40.4;      35.7;        54;      60.5;      63.4;      64.2;      49.2;      46.4;      42.9;      44.5;     575.8;
      1328;1991-2020;        46;      58.5;      47.6;      47.7;      40.1;      63.8;      59.4;      77.6;      57.1;      54.2;      53.8;      55.9;      68.3;       684;
      1329;1991-2020;        46;        69;      58.1;      51.4;      38.6;      54.7;      74.8;      78.2;      76.5;      61.4;      63.8;      62.3;      74.8;     763.5;
      1330;1991-2020;        46;      80.2;      61.4;      62.3;        49;      64.1;      68.2;      82.8;      79.9;      68.4;      74.3;      71.1;        84;     845.7;
      1332;1991-2020;        45;      54.9;      43.1;      58.6;      45.6;      87.3;      91.4;       104;      91.8;      66.9;      58.9;      52.7;      58.7;     813.4;
      1333;1991-2020;        46;      65.1;      54.6;      63.9;      52.1;      78.9;      96.3;     102.8;      89.8;      82.7;      71.2;      66.4;      72.1;     895.8;
      1334;1991-2020;        46;        68;      58.1;      63.5;      48.8;      87.3;      95.7;      94.5;      87.6;      65.4;      62.6;      61.9;      74.8;     868.2;
      1335;1991-2020;        46;      44.4;      40.1;      43.6;      37.6;      63.1;        57;      69.2;      67.3;      46.6;      54.7;      51.5;      59.7;     634.8;
      1336;1991-2020;        46;      76.6;      55.8;      55.9;        46;      56.1;      63.8;      82.9;      71.4;      60.6;      66.9;      62.5;      75.1;     773.4;
      1337;1991-2020;        46;      75.7;      59.8;      58.7;      44.9;      56.2;      69.1;      86.8;      72.8;      61.1;      66.2;      64.2;        75;     790.6;
      1340;1991-2020;        46;      66.5;      52.4;      57.5;      42.6;      72.8;      69.7;      93.9;      68.2;      65.8;      60.4;      68.1;        72;     789.9;
      1342;1991-2020;        46;      48.1;      38.3;      39.2;      28.3;      49.7;      60.5;      76.5;      55.3;      45.5;      44.3;      42.2;      45.9;     573.6;
      1343;1991-2020;        46;      67.9;      60.9;      82.3;      70.2;     117.6;       136;     135.4;     145.6;      98.9;      75.5;      73.7;      67.7;    1131.7;
      1345;1991-2020;        46;      53.4;      40.9;      43.7;        32;        53;      66.8;      69.9;      58.6;        49;      49.8;      47.1;      50.1;     614.5;
      1346;1991-2020;        45;     119.3;      88.7;     102.4;     101.7;     165.2;       150;     155.4;     141.8;     131.4;     153.6;       134;     150.1;    1589.4;
      1349;1991-2020;        46;      72.1;      64.7;      83.5;      72.3;     123.1;     134.6;     143.8;       138;      98.4;      79.6;      76.1;      78.1;    1164.3;
      1350;1991-2020;        46;      42.2;      31.7;      37.2;      27.3;      54.9;      56.2;      73.2;      54.8;      48.4;      39.4;      40.3;        41;     546.6;
      1351;1991-2020;        46;        45;      37.8;      46.3;      39.2;      81.2;      81.1;        91;      76.5;      54.7;      58.9;      57.3;      53.3;     722.3;
      1352;1991-2020;        46;      41.9;      35.7;      37.4;      35.9;      63.7;      60.1;      72.8;      59.4;      50.8;      45.8;        47;      44.7;     595.2;
      1353;1991-2020;        46;      48.4;      37.8;      41.7;      29.5;      51.3;      61.5;        74;        62;      46.1;      44.8;        45;      47.6;     589.7;
      1356;1991-2020;        46;      56.2;      50.2;      56.6;      40.7;      71.2;      70.5;      82.7;      64.3;      50.4;      64.8;      59.3;      67.5;     734.3;
      1357;1991-2020;        45;     114.9;        89;      95.8;      55.8;      84.1;      90.6;     104.5;      94.1;      95.4;        96;     102.1;       124;      1151;
      1358;1991-2020;        45;     100.9;        82;      91.7;      69.9;      93.4;     108.4;     126.8;     108.2;     100.6;      84.9;        98;     110.3;    1176.9;
      1360;1991-2020;        46;      47.3;      37.7;      42.7;      29.4;      52.8;      64.6;      74.5;        62;        46;        44;      43.8;      46.9;     591.6;
      1361;1991-2020;        46;      33.3;      25.7;      35.7;      28.7;      55.5;      50.2;        72;      48.8;      51.6;        34;      40.8;        36;     512.3;
      1362;1991-2020;        46;      49.6;      37.7;      40.9;      35.9;        53;      69.7;      74.4;      63.4;      53.7;      51.3;        47;      54.6;     631.1;
      1365;1991-2020;        43;        50;        39;        50;        44;        76;        77;        86;        80;        56;        55;        54;        57;       724;
      1366;1991-2020;        46;      51.3;      43.7;      57.5;      50.8;        92;     106.5;     114.2;     109.4;      71.1;      59.9;      54.6;      57.2;     868.3;
      1368;1991-2020;        46;      94.1;      75.8;      83.3;      59.9;      85.9;      78.6;     113.8;      82.1;      92.2;      82.1;      88.3;      99.9;      1036;
      1369;1991-2020;        43;        50;        36;        43;        31;        53;        55;        72;        62;        48;        43;        46;        48;       587;
      1370;1991-2020;        46;     104.9;      97.1;     123.2;       104;     157.6;     176.2;       183;     189.9;     134.8;     104.3;     106.4;     109.9;    1591.4;
      1371;1991-2020;        46;      92.4;      82.4;     107.1;      91.7;     156.4;       166;     167.3;     171.8;     123.2;      97.3;      95.5;      94.5;    1445.5;
      1373;1991-2020;        46;     111.6;     102.8;     126.3;     110.6;       180;       193;     191.8;     191.3;     150.6;     116.6;       109;     115.3;    1698.9;
      1374;1991-2020;        45;      80.6;      59.9;      59.7;      39.6;      63.1;      62.3;      73.2;      61.1;      56.7;      61.7;      69.2;      87.2;     775.9;
      1375;1991-2020;        46;      52.2;      37.9;      44.8;      33.1;      54.9;        56;      74.9;      59.5;      46.4;      47.9;        47;      51.2;     605.6;
      1376;1991-2020;        46;      79.4;      62.5;      62.6;      44.2;      57.1;      74.2;        87;      77.8;      63.7;      65.9;      65.9;      81.8;     822.1;
      1377;1991-2020;        46;      47.6;      34.5;      38.8;      31.3;      47.9;      56.8;      71.5;      56.5;      47.5;      46.9;      43.5;      44.9;     567.5;
      1378;1991-2020;        46;      91.1;      69.4;        65;      44.3;      58.3;      79.6;      97.6;     106.7;      89.1;     100.5;      84.3;      99.9;     985.8;
      1379;1991-2020;        46;      78.6;      57.9;      55.6;        40;      54.7;      74.7;      90.2;      95.9;      85.5;      90.1;        75;      86.3;     884.6;
      1381;1991-2020;        46;      44.7;      32.5;      37.7;      28.6;      51.5;      54.1;      65.3;      57.3;      47.7;      38.7;      38.4;      40.4;     536.7;
      1382;1991-2020;        43;       103;        95;       128;       110;       171;       190;       193;       188;       142;       108;       102;       113;      1643;
      1383;1991-2020;        46;      56.1;      50.5;      60.4;      40.5;        68;        77;      89.9;      85.8;      67.9;      57.3;      60.5;      63.3;     777.1;
      1384;1991-2020;        46;     103.6;      91.3;      81.9;      61.9;      86.1;      82.6;     102.9;      79.5;      77.6;      85.8;      95.1;     118.3;    1066.5;
      1385;1991-2020;        46;      96.9;      82.1;      73.2;      56.7;      77.9;      71.4;      93.6;      73.7;      66.4;      77.3;      89.7;     105.9;     964.8;
      1386;1991-2020;        46;     104.2;      92.4;      81.5;      59.5;      82.5;      78.5;      94.6;      81.4;      85.7;      89.7;      93.7;     120.1;    1063.7;
      1387;1991-2020;        46;      43.2;      37.5;      48.6;      35.8;      61.3;      62.8;      81.5;      71.5;      56.7;      46.5;      48.6;      47.6;     641.5;
      1388;1991-2020;        46;      71.3;      58.9;      63.3;      48.1;        74;      71.6;     100.8;      75.1;      72.5;      66.2;      72.4;      81.7;     855.8;
      1390;1991-2020;        46;      36.1;      36.4;      36.8;      32.7;      54.6;      51.8;      62.9;      51.4;      45.8;      45.2;      41.2;      50.1;     544.8;
      1391;1991-2020;        46;      57.8;      43.6;      50.6;        40;      66.9;      83.1;      87.7;      73.5;        65;      60.8;      58.1;      64.6;     751.6;
      1392;1991-2020;        45;      79.8;      63.8;      66.3;      46.2;      76.4;      96.7;      98.5;      87.5;      77.3;      72.2;      71.6;      84.3;     918.5;
      1393;1991-2020;        46;      98.8;      85.9;        85;      64.8;      96.9;      79.2;      96.8;      85.6;      65.7;      83.9;        89;     109.1;    1040.8;
      1394;1991-2020;        46;      72.6;      59.5;      50.9;      44.1;        60;      70.8;      93.6;      91.4;      81.6;        80;      79.5;      86.2;     870.3;
      1395;1991-2020;        46;     200.5;     173.4;     181.4;     126.2;     166.9;     139.5;     173.9;     140.7;     133.2;     168.8;     192.3;     228.3;    2025.1;
      1396;1991-2020;        46;     119.8;     101.9;     110.9;      81.9;     114.1;      95.9;     112.1;      99.9;      87.4;     107.6;     116.4;     136.9;    1284.8;
      1397;1991-2020;        46;        67;      53.5;      63.7;      46.4;      75.4;      87.8;     105.1;      94.7;      70.4;      61.2;      63.9;      67.7;     856.7;
      1398;1991-2020;        46;      57.5;      47.2;      49.9;      39.4;      65.3;      69.7;      86.4;      61.3;      58.8;      58.7;      60.3;      66.6;     721.1;
      1399;1991-2020;        46;      71.7;      62.8;      67.7;      47.6;      76.2;      72.6;      82.2;      71.9;      62.5;      74.8;      69.9;      88.8;     848.6;
      1400;1991-2020;        46;      45.4;      37.8;      42.7;      30.7;        56;      55.4;      86.5;      66.7;      48.1;      43.4;      45.1;        46;     603.7;
      1401;1991-2020;        46;      54.5;      47.2;      63.2;      56.4;     107.7;     115.4;     124.3;     125.2;      78.1;        65;      60.3;      58.6;     956.2;
      1403;1991-2020;        46;     102.9;      87.5;      78.7;      57.4;        79;      67.4;      89.7;      73.1;      74.4;      82.3;      91.1;       118;    1001.4;
      1404;1991-2020;        46;      62.3;        50;      48.6;      42.8;      68.2;      68.2;      72.7;      67.5;      59.9;      58.4;      60.5;      70.6;     729.7;
      1405;1991-2020;        46;      69.9;      52.5;      49.4;      40.6;      60.8;        63;        68;      64.6;      54.6;      60.4;      61.8;      75.4;     721.1;
      1406;1991-2020;        46;      62.8;      49.9;      47.2;      41.3;        67;      65.5;      73.9;      67.3;      56.5;      59.9;      58.8;      72.1;     722.2;
      1408;1991-2020;        46;      98.8;      78.9;      84.3;      60.8;      87.6;      66.8;     100.5;      75.3;      82.4;      79.8;      86.8;     104.4;    1006.4;
      1409;1991-2020;        46;      70.6;      60.6;        68;      48.8;      83.6;      81.2;      91.7;      75.6;      58.8;      72.4;      68.3;      81.3;     861.2;
      1410;1991-2020;        46;      36.3;      29.2;      38.2;      34.4;        53;      53.1;      67.7;      50.3;      45.7;      35.4;      41.8;      41.6;     526.7;
      1411;1991-2020;        45;      96.8;      78.6;      83.8;      55.4;      89.3;        84;     104.9;      79.1;      88.1;      87.9;      87.7;     109.3;    1038.1;
      1412;1991-2020;        46;      59.1;      49.9;        60;      42.4;      69.1;      75.7;     101.7;      88.6;      67.2;        62;      63.4;      64.1;     803.2;
      1413;1991-2020;        43;        34;        31;        34;        32;        59;        58;        64;        56;        43;        44;        42;        43;       540;
      1414;1991-2020;        46;      43.2;      37.3;      38.3;      33.9;      55.5;      63.1;      78.7;      50.2;      50.9;      47.7;      49.2;        55;     602.9;
      1417;1991-2020;        46;      48.1;      39.2;      38.4;      34.3;      52.3;        55;      59.2;      49.6;      48.3;      50.7;      45.8;      54.4;     575.2;
      1418;1991-2020;        46;      55.4;      45.7;      42.6;      36.5;      58.8;      57.8;      66.9;      57.6;        52;      56.7;      54.2;      66.5;     650.8;
      1419;1991-2020;        46;      47.4;        42;      40.8;      34.8;      55.2;      57.1;      64.4;      58.9;      49.4;      52.3;      49.2;      60.3;     611.9;
      1420;1991-2020;        45;        44;      38.6;      38.7;      36.6;      60.4;      55.4;      63.5;      61.4;      47.7;      50.4;      47.3;      54.5;     598.5;
      1421;1991-2020;        46;      51.7;      43.5;      41.2;      34.3;      57.4;      59.2;      63.5;      57.1;      48.7;      52.9;      49.5;      61.4;     620.4;
      1424;1991-2020;        45;      52.5;      43.9;      40.9;      37.6;        62;      59.9;      67.5;      60.2;      49.6;      53.5;      52.5;        63;     637.5;
      1425;1991-2020;        46;      50.3;      42.5;      41.2;        36;      59.4;      59.2;      63.4;      58.6;      48.1;      52.7;      49.5;      59.7;     620.6;
      1426;1991-2020;        46;      47.3;      39.1;      42.9;      32.4;      55.2;      55.7;      89.3;      59.5;      48.6;      42.1;      42.2;      46.3;     600.6;
      1427;1991-2020;        46;      29.8;      26.1;      33.9;      30.6;      55.4;      50.1;      70.8;      62.3;      43.6;      33.1;      38.3;      34.1;     508.1;
      1428;1991-2020;        46;      74.4;        65;      62.4;      47.5;      68.7;      65.8;      68.8;      61.8;      60.3;      68.3;      71.6;      94.1;     808.8;
      1429;1991-2020;        46;      54.7;      45.4;      45.7;      36.2;        54;      72.5;        76;      68.8;      59.8;      55.3;      51.8;      60.1;     680.3;
      1430;1991-2020;        46;      82.4;      76.9;     110.3;      99.5;     165.4;     180.7;     183.7;     180.6;     137.1;     102.7;      98.8;      93.8;      1512;
      1431;1991-2020;        46;       104;      81.9;      91.7;      50.9;      86.4;     104.5;     113.3;     104.6;      76.5;      80.1;        83;       115;    1091.9;
      1432;1991-2020;        46;      62.7;      52.8;      70.8;      56.9;     113.6;     120.9;     140.1;     121.9;      87.7;      72.2;      64.7;      65.6;    1029.8;
      1433;1991-2020;        46;      58.3;      48.8;      52.6;      41.8;      69.4;        61;      81.3;      64.1;      60.7;      56.2;      62.2;      65.3;     721.5;
      1435;1991-2020;        46;     122.7;      93.7;      92.8;      61.1;      85.3;      77.3;     114.5;      87.4;      97.6;      99.2;     111.1;     134.7;    1177.3;
      1436;1991-2020;        46;      45.5;      40.5;      50.6;      37.9;      64.7;      74.9;      86.1;        74;        64;      49.4;      54.5;      50.5;     692.4;
      1437;1991-2020;        46;      60.9;      56.8;      58.3;        42;        60;      74.3;      73.5;      79.2;      60.8;      58.3;      59.2;      71.8;     754.9;
      1438;1991-2020;        46;      60.9;      49.5;      49.7;      41.3;      61.8;      74.9;      85.5;        72;      66.8;      63.7;      64.9;      70.8;     761.9;
      1439;1991-2020;        46;      72.5;      72.1;      67.4;        78;     122.9;       105;     118.9;     104.9;      89.9;     100.1;      94.8;      95.6;    1122.1;
      1440;1991-2020;        45;      77.1;      75.4;      74.8;        76;       121;     104.1;     121.9;     100.4;      84.2;      92.7;      95.9;      97.2;    1118.6;
      1441;1991-2020;        43;        65;        54;        66;        46;        74;        79;       105;        90;        70;        63;        64;        67;       843;
      1443;1991-2020;        45;      48.6;      49.1;      54.3;      63.8;     103.4;      89.8;      92.2;      83.3;      77.4;      78.5;      66.2;      66.9;     886.5;
      1444;1991-2020;        46;      49.3;      45.9;      49.8;      56.3;     108.6;      94.4;      94.8;      87.8;      71.3;      74.5;      75.2;      61.6;     869.5;
      1445;1991-2020;        46;      60.4;        61;      67.1;      75.6;     113.8;       102;     106.2;      96.4;        82;        85;        91;      83.2;    1023.7;
      1446;1991-2020;        46;      49.4;      48.4;      52.3;      60.1;     107.2;      91.6;      93.6;      87.5;      74.7;      76.3;        74;      65.8;     880.9;
      1447;1991-2020;        46;      50.1;      50.5;        54;      61.1;     108.6;      93.2;      95.6;      88.9;      74.6;      78.9;      77.9;      65.9;     899.3;
      1448;1991-2020;        46;      44.8;      46.4;      50.2;      59.9;     104.9;      83.5;      86.4;      84.2;      73.3;      72.8;      70.4;      66.3;     843.1;
      1449;1991-2020;        46;      56.5;      54.1;        60;      67.4;     109.8;      92.3;     100.1;      89.5;      76.5;      81.4;      76.7;      70.3;     934.6;
      1450;1991-2020;        46;      54.4;      50.8;      57.8;      66.4;     105.8;      92.9;      96.2;      87.8;      77.8;      78.9;      75.4;      69.7;     913.8;
      1451;1991-2020;        45;        74;      58.2;      55.9;      37.3;      60.3;      79.9;      99.5;      90.9;      78.5;      80.5;      71.3;      79.9;     866.2;
      1452;1991-2020;        46;      66.2;      54.5;      50.9;      34.7;      55.8;        77;      96.6;      85.5;      77.1;      77.1;      66.9;      75.2;     817.6;
      1453;1991-2020;        46;        32;      26.6;      40.1;      35.1;      63.8;      62.3;      78.5;      66.3;      54.2;        41;      43.7;      39.9;     583.4;
      1454;1991-2020;        46;     109.6;      81.7;      78.7;      55.1;      78.8;      67.6;      89.3;      83.3;      77.1;      91.7;      91.3;     119.9;    1024.1;
      1456;1991-2020;        46;      50.1;      38.7;      43.8;      30.3;      55.3;      60.9;      76.6;      61.1;      48.9;      44.1;      44.4;      46.4;     600.7;
      1457;1991-2020;        46;        60;      52.5;      51.5;      43.8;      74.2;      65.8;        78;      67.5;      58.9;      61.7;      60.7;      69.4;       744;
      1458;1991-2020;        46;      61.7;        50;      53.1;      38.8;      69.8;        77;      76.8;        69;      56.9;      55.7;      57.9;      67.7;     734.3;
      1459;1991-2020;        46;      73.8;      60.2;      92.2;      74.9;       139;     166.9;     149.8;     148.5;     114.5;      85.3;      75.2;      77.9;    1258.1;
      1460;1991-2020;        46;     109.5;      86.7;      79.3;      52.2;      74.5;      70.3;      78.4;      76.4;      72.5;      88.1;      91.4;       129;    1008.2;
      1461;1991-2020;        46;     101.4;      81.2;      75.3;        50;      71.3;        64;      73.8;      71.4;      67.1;      81.5;      86.7;     119.7;     943.2;
      1462;1991-2020;        46;      33.1;      25.1;      35.5;      26.7;      54.3;      50.4;      76.5;        51;      50.5;      34.2;      40.5;      36.3;     514.1;
      1463;1991-2020;        46;      62.6;      51.2;      61.6;      44.7;      75.3;      80.6;        88;      78.2;      56.3;      67.7;      65.5;      74.1;     805.8;
      1464;1991-2020;        46;        51;      41.4;      45.9;      36.7;        62;      65.4;      76.5;      53.2;      56.1;      53.5;      55.1;      59.7;     656.6;
      1465;1991-2020;        46;      62.6;      45.6;      47.4;      38.2;      63.1;      66.2;      78.9;      59.7;      55.6;      53.6;      61.9;      66.5;     699.2;
      1466;1991-2020;        46;      62.4;      49.9;      53.7;      41.5;      72.2;      80.8;      86.6;      74.3;      60.7;      58.5;      59.2;      66.9;     766.8;
      1468;1991-2020;        45;     172.7;     138.3;     141.8;      85.3;     123.3;     103.5;     123.1;     105.4;      93.7;     125.8;     142.4;     192.9;    1548.1;
      1469;1991-2020;        46;     142.7;     126.7;     126.5;      75.9;     109.7;      97.8;     117.9;      95.8;      86.7;     118.2;     126.8;     174.8;    1399.4;
      1470;1991-2020;        46;     192.4;     152.8;     158.7;     103.8;     144.5;     126.3;     148.6;     124.8;     115.3;     148.7;     169.2;     215.3;    1800.5;
      1472;1991-2020;        46;        61;      52.2;      58.2;      42.4;        74;      71.3;      82.2;      72.1;      56.3;      69.8;      63.6;        75;     778.2;
      1473;1991-2020;        46;      55.6;      46.1;      50.9;      40.7;      71.4;      74.3;      89.9;      77.9;      60.6;      56.8;      59.9;      62.4;     746.5;
      1474;1991-2020;        46;      91.5;        73;      87.9;        49;      90.5;     109.8;     109.2;     104.6;      78.3;      80.3;      75.6;      97.2;    1046.7;
      1475;1991-2020;        46;      67.6;      60.8;      67.5;      49.4;      73.3;      80.4;      82.2;      70.9;        58;      73.8;      70.8;      77.8;     832.4;
      1476;1991-2020;        46;      52.4;      47.3;      50.9;      51.1;      85.7;      86.8;        97;      83.1;      56.9;      63.2;      57.6;      63.8;     795.7;
      1477;1991-2020;        46;      59.3;      52.6;      73.5;      55.9;     112.1;       126;     126.9;     129.1;      92.1;      70.2;      63.8;      64.8;    1026.1;
      1478;1991-2020;        46;      48.9;      39.1;      39.9;      36.4;      53.3;      53.2;      65.3;      50.8;      46.6;      50.6;      47.6;      55.1;     586.9;
      1479;1991-2020;        46;      76.1;      59.7;      57.1;      42.3;      60.3;      76.3;        88;        81;      84.9;      73.4;      76.1;      85.6;     860.7;
      1480;1991-2020;        46;      70.6;      54.8;      53.7;        41;      55.7;        71;      84.7;      87.5;      84.9;      75.9;      74.6;      78.4;     832.6;
      1482;1991-2020;        46;      42.9;      31.8;      40.9;        30;      55.4;      53.8;      75.6;      59.1;        50;      41.2;      45.1;      44.2;     569.9;
      1483;1991-2020;        46;      75.5;      57.1;      63.3;      40.3;        71;      79.1;      86.6;        79;      69.6;      63.2;      65.5;      79.8;       830;
      1484;1991-2020;        46;      64.4;        49;      57.3;      47.4;      78.2;      67.2;      92.2;      71.4;      60.4;      64.1;        66;      67.8;     785.6;
      1486;1991-2020;        46;      42.9;      33.8;      39.4;      29.4;      52.7;      57.1;      72.4;      54.9;      46.8;      41.1;      41.1;      43.7;     555.2;
      1488;1991-2020;        46;      65.2;      50.8;      57.7;      43.7;      68.7;      60.7;      75.3;        59;      59.1;        56;      60.6;      65.8;     722.4;
      1489;1991-2020;        46;      75.9;      58.4;      62.1;      47.3;      73.8;      62.5;      82.6;      63.3;      64.2;      62.2;      66.5;        76;     794.7;
      1490;1991-2020;        46;      53.2;      52.7;        62;        65;     109.2;     118.5;     118.5;       113;      87.1;      71.2;      70.7;      73.9;     995.1;
      1492;1991-2020;        46;     115.5;     107.8;     109.5;     112.4;     154.1;     138.7;     132.5;     127.3;     118.9;     138.3;     141.2;     158.7;    1554.8;
      1494;1991-2020;        43;        69;        52;        49;        39;        59;        83;        94;       101;        86;        93;        75;        78;       878;
      1495;1991-2020;        46;      50.9;      40.2;      38.6;      35.3;        46;      62.3;      67.9;      63.7;      50.7;      46.8;      46.5;      51.4;     600.3;
      1496;1991-2020;        46;      73.9;      57.9;      51.3;      40.6;      52.6;      73.2;      90.4;      94.5;      87.2;      92.6;        75;      82.6;     871.8;
      1497;1991-2020;        46;      47.3;      36.5;      41.5;      29.5;      52.5;      58.4;      72.8;      58.2;        50;      44.5;      41.6;      45.6;     578.4;
      1498;1991-2020;        46;      50.6;      40.2;      43.4;      40.9;      64.4;      62.8;      79.9;      64.4;      51.5;        53;      49.4;      55.4;     655.9;
      1500;1991-2020;        46;      49.7;        37;      40.4;      27.3;      47.5;      59.4;      79.2;      57.8;      46.8;      49.6;      42.9;      45.4;     583.2;
      1501;1991-2020;        46;      68.4;      54.5;        53;      41.3;      56.7;      69.6;        84;      83.8;      69.9;      63.6;      63.3;        75;     783.1;
      1502;1991-2020;        46;      73.1;      58.4;      56.8;      44.1;      57.9;      75.3;      85.8;      81.6;      73.2;      69.1;      66.6;      81.3;     823.1;
      1503;1991-2020;        43;        69;        54;        54;        42;        55;        70;        84;        77;        70;        63;        65;        75;       778;
      1504;1991-2020;        43;        42;        31;        35;        34;        59;        55;        65;        56;        46;        44;        44;        43;       554;
      1506;1991-2020;        46;      72.8;      63.3;      60.4;      46.2;      61.2;      67.7;      88.7;      79.6;      65.5;      67.1;      68.2;      73.9;     814.6;
      1507;1991-2020;        46;      32.1;      27.9;      35.3;      32.1;      58.4;      53.4;      71.5;        56;      45.9;      37.9;      41.2;      38.5;       530;
      1508;1991-2020;        46;      49.7;      41.8;      44.1;        38;      80.9;      74.7;      83.3;      79.4;      58.8;      50.4;      51.2;      58.2;     710.4;
      1509;1991-2020;        46;        62;      47.5;      47.4;      39.5;      63.9;      59.8;        71;      57.6;      50.5;      57.9;      56.9;      70.9;     684.9;
      1510;1991-2020;        46;      50.4;      44.9;      53.6;      58.9;        95;     102.8;     113.5;      95.6;      73.5;      63.1;      61.9;      63.3;     876.4;
      1511;1991-2020;        46;      54.5;      45.4;      57.4;      44.5;      82.4;      88.3;      99.5;        85;        68;      58.5;      55.4;      58.2;     796.8;
      1512;1991-2020;        46;      46.1;      36.5;      44.6;      33.1;      53.7;        60;      80.1;      61.2;      53.2;      43.3;      48.4;        48;     608.3;
      1513;1991-2020;        46;     121.3;      97.4;      92.6;      63.2;      81.4;        79;     105.4;        92;      88.7;      99.1;     103.5;       134;    1157.5;
      1514;1991-2020;        46;      56.6;      43.7;      45.3;      34.8;      51.9;      65.9;      75.1;        61;      50.9;      49.9;      46.9;      54.9;     636.8;
      1516;1991-2020;        46;        55;        44;      54.3;      40.1;      66.7;      84.6;      92.3;      93.1;      58.1;      56.4;      52.6;      56.5;     753.8;
      1517;1991-2020;        46;      47.3;      36.7;      42.5;      30.2;      47.7;      59.1;      77.9;      55.4;      48.6;      40.9;      42.3;        45;     573.8;
      1518;1991-2020;        46;      59.2;      49.4;        63;      45.7;      87.2;        97;     103.9;      92.3;      68.2;      59.3;      57.8;      62.3;     845.4;
      1519;1991-2020;        46;        46;      35.3;      41.6;      30.5;      55.1;      55.3;      73.6;      62.5;      45.8;      39.2;      44.7;        44;     573.5;
      1520;1991-2020;        46;      79.4;      66.6;      63.1;      47.7;      72.9;      61.9;      70.5;      71.6;      59.8;      74.5;        76;      98.3;     842.2;
      1521;1991-2020;        46;      44.2;      37.9;      43.2;      34.1;      59.1;      60.7;      74.7;      59.5;      48.9;      49.9;      48.2;      48.6;     609.1;
      1522;1991-2020;        46;      45.9;        40;      44.5;      35.8;      60.6;      62.6;      79.6;      61.5;      51.2;      53.2;      49.7;      52.4;     637.1;
      1523;1991-2020;        46;      45.9;      40.5;      45.7;      36.3;      60.4;      62.4;      79.1;      62.4;      52.3;        53;      49.9;      51.7;     639.5;
      1524;1991-2020;        46;      81.9;      74.2;      90.9;      82.8;     139.7;     155.5;     160.4;     173.5;     119.5;      91.4;      79.9;      88.1;    1337.6;
      1525;1991-2020;        46;      51.2;        43;      59.1;      46.3;      83.2;      92.6;     103.7;      93.6;      70.1;        58;        52;      53.8;     806.5;
      1526;1991-2020;        43;        46;        39;        41;        37;        60;        54;        72;        56;        49;        52;        46;        52;       604;
      1527;1991-2020;        46;      47.1;      39.7;      40.8;        36;      60.2;      53.8;      70.3;      56.6;      49.1;      51.8;        47;      51.8;     604.2;
      1528;1991-2020;        46;      65.7;      53.8;      58.1;      42.9;        74;      91.4;      88.7;      88.6;      62.5;      63.3;      61.1;      73.9;     824.1;
      1529;1991-2020;        46;     170.8;       148;       138;     110.4;     142.4;     122.9;     143.3;     122.4;     115.6;     145.6;     152.8;     211.9;    1724.3;
      1530;1991-2020;        46;        63;      53.3;      65.2;      50.3;      80.3;      89.7;       111;     102.4;      77.5;      68.8;      67.3;      67.9;     896.7;
      1531;1991-2020;        46;      56.2;      45.6;      57.8;      54.5;      90.9;      97.2;     100.7;      95.2;      67.5;        61;      58.5;      63.1;     848.3;
      1532;1991-2020;        46;        57;      45.2;      45.7;      35.7;      47.8;      65.2;      70.1;      66.6;      50.9;        53;      51.9;      61.4;     650.5;
      1533;1991-2020;        46;      52.8;      40.2;      42.1;      30.6;      47.6;      62.7;      69.4;      54.7;      49.9;        49;      44.4;      51.7;     595.2;
      1534;1991-2020;        46;      48.4;      38.4;      40.6;      34.2;      59.9;      65.7;      79.5;      60.7;      52.3;      53.4;      55.5;      57.8;     646.3;
      1536;1991-2020;        46;      49.2;      39.9;      39.6;      32.3;      50.6;      62.9;      65.7;      65.8;        56;      52.7;      50.1;      54.9;     619.7;
      1537;1991-2020;        46;      85.4;      76.1;      81.2;      61.2;      93.6;        86;      90.4;      83.3;      76.6;      91.3;      90.4;     100.9;    1016.5;
      1539;1991-2020;        46;        49;      36.1;      43.2;      37.2;      69.9;        76;      84.1;      72.2;      52.7;      50.8;      48.4;      54.1;     673.7;
      1540;1991-2020;        46;      69.3;      54.6;      53.5;      44.5;      59.5;      69.3;      78.5;      78.7;      63.7;      63.4;      60.6;      73.5;     769.3;
      1541;1991-2020;        46;        70;      50.6;      56.6;      42.9;      65.6;      67.2;      80.4;      72.2;      64.5;      65.3;      62.4;      69.3;       767;
      1542;1991-2020;        46;        56;      45.9;      58.6;      44.8;      83.1;      97.8;     102.8;      95.1;      67.5;      59.4;      55.7;      59.4;     826.1;
      1543;1991-2020;        46;      56.3;      43.9;      46.1;      34.2;      49.3;        68;      71.6;      61.6;      51.9;      51.6;      47.8;        56;     638.3;
      1544;1991-2020;        45;      44.7;      32.1;      38.9;      31.1;      48.5;      51.4;      64.9;      53.8;        44;      45.5;      38.6;      44.5;     536.1;
      1546;1991-2020;        46;        75;      55.8;      54.6;      40.7;      48.4;      71.2;      83.3;       104;        87;      99.2;      81.2;      85.2;     885.6;
      1547;1991-2020;        46;     107.2;      94.9;       132;       125;     193.6;     216.7;       230;     241.4;     155.8;       118;     103.7;     110.3;    1828.6;
      1548;1991-2020;        46;      91.3;      77.7;     110.7;     102.3;     152.3;     179.9;     196.4;     194.1;     121.8;      93.3;      85.8;        79;    1484.8;
      1549;1991-2020;        46;      90.8;      76.3;       102;      99.4;     148.3;       182;     186.5;     184.1;     122.9;      91.7;      92.7;      95.1;    1471.8;
      1550;1991-2020;        45;      77.3;      65.5;      90.3;      87.2;     143.4;     179.7;     172.6;     191.9;     115.4;        91;      80.8;      77.8;    1379.4;
      1551;1991-2020;        43;        71;        60;        58;        43;        61;        75;        84;        75;        71;        66;        66;        77;       807;
      1552;1991-2020;        46;        39;      30.5;      36.7;      27.4;      53.1;      57.8;      73.5;      56.9;      47.9;        41;      36.6;        37;     537.4;
      1554;1991-2020;        46;      51.4;      43.3;      43.4;      34.6;      50.2;      68.1;      65.3;      65.2;      55.1;      56.3;      52.2;      59.3;     644.4;
      1555;1991-2020;        46;      33.5;      26.1;      34.5;      29.3;      58.7;      52.5;      69.6;      55.7;      45.6;      38.2;      36.4;      36.4;     516.5;
      1556;1991-2020;        46;      35.7;      30.3;        40;      34.7;      57.1;      52.2;      73.7;      59.8;      49.2;      37.4;      42.3;      40.5;     552.8;
      1557;1991-2020;        46;      69.7;      55.6;      56.5;      41.6;      67.4;      65.5;      77.2;      62.6;      57.2;      57.5;      64.4;      76.9;       752;
      1558;1991-2020;        46;      44.5;      36.5;      46.9;        34;        58;      73.2;      92.4;      78.8;      56.4;      45.9;      45.9;      44.8;     657.1;
      1559;1991-2020;        46;     103.2;      85.9;      82.5;      56.2;      75.6;      85.8;      89.3;      87.7;      80.3;      85.2;      92.8;     114.2;    1038.8;
      1560;1991-2020;        46;        58;      46.3;      53.2;      38.8;      60.5;      56.7;      73.2;      61.6;      51.8;      49.9;      56.7;      61.6;     668.3;
      1561;1991-2020;        46;      85.3;      67.3;      63.8;      52.4;      71.5;      70.6;      94.1;      81.1;      73.2;      79.5;      78.8;      95.6;       913;
      1562;1991-2020;        46;      63.2;      48.4;        49;      37.4;        54;      73.1;      80.7;      68.8;        59;      57.9;      54.3;      64.2;     709.9;
      1563;1991-2020;        46;      52.2;      42.1;      49.7;      38.5;        61;      71.3;      84.5;      71.4;      60.9;      53.4;      53.6;      59.7;     698.3;
      1564;1991-2020;        46;      77.7;      61.8;      57.3;      44.3;      64.7;      74.4;      96.4;      67.3;      64.5;      64.6;      73.6;      87.6;     834.2;
      1565;1991-2020;        46;      89.6;        70;      72.4;      49.4;      74.2;      87.1;     104.6;      87.4;      83.1;      78.4;      80.7;      96.6;     973.4;
      1566;1991-2020;        46;     128.4;       105;     106.7;      74.4;      95.5;      81.3;     112.6;      85.2;      95.2;     101.3;       113;     146.5;    1245.1;
      1568;1991-2020;        46;     140.9;     114.2;     113.2;        78;     103.3;      91.9;     132.5;      97.8;     112.4;     117.1;     130.7;     154.4;    1386.4;
      1569;1991-2020;        46;      59.7;      45.2;      50.3;      37.1;      50.3;      53.1;      70.3;        65;      51.7;      57.6;      54.5;      57.4;     652.2;
      1570;1991-2020;        46;      85.4;      67.5;      70.6;      57.1;        78;      67.5;        93;        75;      67.2;      66.9;        77;        93;     898.2;
      1571;1991-2020;        46;      46.8;        39;        45;      32.5;      54.9;      63.6;      81.3;      68.6;      49.7;      45.2;        48;      49.1;     623.9;
      1573;1991-2020;        46;      57.9;      46.4;      52.3;      43.9;      70.1;      64.5;      82.1;      65.2;      55.3;      56.1;      57.3;      62.5;     713.5;
      1574;1991-2020;        46;      58.5;      47.9;      53.4;      46.6;      71.6;      64.5;      82.9;      70.9;      55.3;      56.6;      58.5;      62.7;     729.6;
      1575;1991-2020;        46;      47.4;      38.2;      48.9;      36.9;      71.5;      86.5;        78;      72.7;      56.7;      52.3;      50.9;      53.3;     693.4;
      1576;1991-2020;        46;      48.5;      39.4;      49.7;      37.7;        70;      83.2;      81.9;      73.8;      58.5;      52.1;      51.8;      52.4;       699;
      1577;1991-2020;        46;      57.2;        49;      53.9;      42.2;        68;      61.3;      75.8;      60.4;      57.5;      61.1;        62;      66.7;     715.3;
      1578;1991-2020;        46;      50.7;      39.5;      50.9;      44.7;      76.6;      87.3;      83.4;      83.8;      57.9;      54.7;      52.7;      55.4;     737.5;
      1579;1991-2020;        46;      56.3;        46;      56.7;      46.6;      84.6;      94.6;     100.2;      93.8;      66.2;      60.5;      57.3;      59.2;     822.1;
      1580;1991-2020;        45;      39.3;        34;      36.2;      30.7;      49.8;      47.5;      57.7;      48.3;        43;      45.2;      43.1;      50.4;     525.4;
      1581;1991-2020;        46;      42.5;      37.3;      39.8;      33.1;      51.3;      51.1;      60.5;      48.8;      43.2;      47.6;      47.4;      53.8;     556.4;
      1582;1991-2020;        46;      92.3;      73.5;      87.4;      59.3;      85.3;      93.7;        96;     109.2;        74;      72.2;      78.1;      87.7;    1008.8;
      1583;1991-2020;        46;      87.8;      70.5;      84.6;      57.4;      84.9;      95.8;     104.4;     110.3;      76.2;      73.8;      74.8;      85.5;    1005.9;
      1584;1991-2020;        43;        51;        47;        48;        53;        87;        94;        92;        82;        59;        63;        57;        65;       798;
      1585;1991-2020;        46;        63;      50.6;      63.7;      53.9;      94.1;      89.7;     104.3;      84.7;      70.8;      72.8;      72.1;      70.8;     890.7;
      1586;1991-2020;        46;      91.1;      80.7;     110.9;      86.2;     147.2;       169;     166.2;     161.6;     120.6;      96.2;      91.4;      99.3;    1420.4;
      1587;1991-2020;        43;        51;        40;        49;        44;        76;        87;        97;        87;        59;        57;        56;        61;       764;
      1588;1991-2020;        46;      43.1;      41.1;      43.1;      37.6;      59.4;      58.8;      69.1;      53.8;      50.3;      52.1;      50.1;      53.9;     612.6;
      1589;1991-2020;        46;        67;      59.4;      53.8;        41;      59.4;      66.5;        69;        72;      63.8;      65.3;      68.3;      75.6;     761.1;
      1590;1991-2020;        45;      63.6;      57.8;      53.2;      41.7;      55.9;      64.8;      74.2;      76.2;      62.2;      65.3;      67.7;      73.1;     755.7;
      1593;1991-2020;        46;      72.1;      63.6;      62.1;      51.1;      76.6;      69.1;      83.5;      73.6;      65.6;      72.3;      68.6;      79.7;     837.9;
      1595;1991-2020;        46;      80.4;      67.6;      61.1;      45.8;      59.6;      75.8;      85.5;      87.5;      71.4;      73.9;      73.9;      88.7;     871.2;
      1597;1991-2020;        46;        72;      65.4;      60.7;      44.6;      62.6;      71.8;      74.1;      79.8;      67.5;      69.8;      67.9;      79.5;     815.7;
      1598;1991-2020;        46;      49.7;      45.5;      49.8;      40.4;      61.3;        60;      64.1;      60.9;      53.3;      53.2;      51.3;      60.2;     649.8;
      1599;1991-2020;        46;      73.2;      52.9;      54.3;      45.8;      68.6;      64.8;      84.1;      74.3;      61.1;      64.3;      63.4;      77.8;     784.3;
      1600;1991-2020;        46;        61;      46.5;        48;      42.7;      66.5;      60.2;      80.9;      68.5;      55.9;      58.9;      56.2;      63.8;     709.2;
      1601;1991-2020;        46;      63.9;      51.9;        50;      40.1;      65.6;      58.5;        76;      60.5;        53;      54.8;      59.6;      73.5;     707.5;
      1602;1991-2020;        45;        71;      65.4;      69.5;      67.6;       106;     100.5;     107.1;      93.7;      71.6;      87.2;        77;      85.5;    1004.6;
      1603;1991-2020;        46;     132.5;     122.1;     144.5;     118.7;     182.6;     193.4;     205.9;     204.4;       158;     134.3;     140.6;     161.4;    1898.5;
      1604;1991-2020;        46;      43.9;      32.4;      38.2;      27.8;      51.1;      51.8;      67.6;      54.2;      43.1;      38.1;      41.9;      44.3;     534.4;
      1605;1991-2020;        43;        41;        32;        35;        27;        53;        57;        71;        58;        49;        43;        39;        41;       546;
      1607;1991-2020;        43;        48;        40;        45;        36;        63;        71;        76;        63;        49;        51;        51;        52;       645;
      1608;1991-2020;        46;      68.4;      53.6;      53.1;      39.5;      54.3;      65.4;      80.6;      74.7;      70.1;      64.8;      63.5;      73.2;     761.2;
      1609;1991-2020;        46;       100;      75.9;      72.9;      50.2;      62.1;        75;      86.2;      87.1;      76.6;      83.6;      84.3;     102.9;     956.7;
      1610;1991-2020;        46;      37.4;      31.4;        43;      34.8;      68.7;        77;     103.5;      81.6;      66.4;      45.1;        48;      43.3;     680.2;
      1611;1991-2020;        46;      37.8;      33.2;      42.1;      32.2;      59.9;        66;      86.2;      66.3;      58.9;      44.3;      48.2;      44.2;     619.3;
      1612;1991-2020;        45;      32.5;      27.6;      38.6;      32.3;      56.8;      67.7;      80.5;      67.4;      60.1;      43.8;      45.7;      39.9;     592.8;
      1613;1991-2020;        46;      34.3;      29.6;      39.9;      31.6;      57.1;      65.4;      77.1;      65.4;        57;      43.5;      45.3;      41.6;     587.9;
      1614;1991-2020;        46;      76.1;      65.7;        72;      48.8;      79.7;      75.5;      80.2;      71.7;      59.6;      77.3;      73.5;      99.8;     879.7;
      1615;1991-2020;        46;      52.8;      40.5;      43.2;      32.5;      47.1;      65.2;      74.8;      61.4;      49.2;      50.5;      44.9;        54;     616.1;
      1616;1991-2020;        46;      52.1;      47.9;      49.1;      42.9;      70.9;      64.6;      69.9;      56.9;      55.9;      61.4;      59.6;      67.8;       699;
      1617;1991-2020;        46;      46.9;      35.2;      43.7;      36.9;      64.9;      55.9;      70.2;      51.1;      50.6;      42.9;      44.5;      47.6;     590.5;
      1618;1991-2020;        46;      64.5;      49.8;      53.1;        43;      69.7;      58.8;      75.8;      56.7;      58.1;      54.6;      58.5;      62.6;     705.2;
      1619;1991-2020;        45;      38.1;        37;      37.1;      36.2;      61.1;      54.3;      67.9;      57.5;      48.4;      50.2;      45.8;      52.4;     586.5;
      1620;1991-2020;        46;      83.3;      64.5;      64.9;      47.3;      70.1;      66.7;      86.6;      72.3;      65.7;      72.3;      75.2;        92;     860.8;
      1621;1991-2020;        45;      77.2;      57.1;      57.1;        44;      68.3;      61.9;      82.9;      64.8;      67.5;      66.4;      72.8;      87.3;     806.7;
      1622;1991-2020;        46;      98.1;      77.2;      73.8;      51.4;      72.1;      84.5;     102.6;      85.3;      80.1;      78.4;        85;     106.8;     995.2;
      1624;1991-2020;        46;      86.5;      67.1;      67.8;      51.7;      85.6;      78.7;      95.7;      75.1;      74.4;      81.5;      75.5;      91.5;     931.2;
      1625;1991-2020;        46;      80.7;      68.2;      64.3;      46.7;      78.1;      63.7;      73.6;      69.3;      68.2;      77.6;      78.7;     101.6;     870.8;
      1626;1991-2020;        46;      69.4;      52.9;      66.6;      52.6;        87;      80.3;      97.4;      86.2;      61.3;      66.5;      68.3;      77.2;     865.6;
      1627;1991-2020;        43;        59;        48;        57;        49;        79;        77;        87;        85;        55;        60;        59;        65;       780;
      1628;1991-2020;        46;      46.2;      36.3;        47;      41.6;      73.7;      86.4;      87.2;      82.5;      56.1;        49;        47;      48.6;     701.7;
      1629;1991-2020;        46;      44.7;      36.3;      41.6;      32.2;      58.3;      50.7;      70.9;      52.5;      44.9;      43.8;      51.2;      49.6;     576.6;
      1631;1991-2020;        46;      36.3;      26.1;      33.8;      26.9;      52.1;      54.8;      58.2;      51.7;        43;      38.4;        35;      39.5;     495.8;
      1632;1991-2020;        46;      75.3;        61;      58.8;      45.2;      57.6;      71.3;      76.6;      76.2;        71;      72.3;      71.4;      84.4;     821.1;
      1633;1991-2020;        46;      68.5;      58.3;      61.3;      46.8;      67.4;      72.7;      91.4;      81.4;      67.7;        69;      66.5;      68.7;     819.4;
      1634;1991-2020;        46;      55.2;      42.5;      56.1;        54;      98.6;     103.9;     113.1;     100.7;      72.6;      63.2;      58.2;      58.9;       877;
      1635;1991-2020;        46;      81.1;      66.5;        66;      52.4;        81;      98.2;     112.1;      92.1;      73.1;      70.6;      72.1;      84.1;     949.3;
      1636;1991-2020;        46;      47.3;        43;      45.4;      37.9;      60.8;      57.7;      69.9;      59.8;      49.7;        53;        52;      58.9;     635.3;
      1637;1991-2020;        46;      57.2;      45.6;      46.3;      35.7;        61;      58.9;      69.1;      66.4;      56.3;      52.7;      52.2;        58;     659.5;
      1638;1991-2020;        46;      49.2;      44.2;      45.9;      37.8;      60.8;        55;      68.2;      53.3;      50.1;      58.2;      52.6;      61.7;     636.9;
      1639;1991-2020;        45;      48.6;      35.9;      42.2;      37.9;      57.9;      59.8;      73.5;      61.7;      49.8;      49.9;      48.9;      55.8;     626.9;
      1640;1991-2020;        46;      59.1;      42.5;      49.3;      36.9;      55.7;      55.2;      73.8;      64.6;      55.7;      56.7;      51.4;      57.2;     658.1;
      1641;1991-2020;        43;        64;        48;        50;        38;        57;        61;        77;        67;        57;        58;        54;        62;       693;
      1642;1991-2020;        46;      57.5;      47.9;      61.6;      58.8;     106.5;     119.4;     118.7;     114.6;      74.6;        68;      62.5;      61.8;     951.8;
      1643;1991-2020;        46;      64.3;        46;      54.7;      40.1;      65.8;      69.8;      85.6;      70.5;      58.3;      62.5;      60.1;        64;     741.6;
      1644;1991-2020;        46;        76;      60.3;      54.3;      42.6;      57.5;      68.7;      82.8;      76.4;      60.9;      64.6;      61.4;      68.4;     773.8;
      1645;1991-2020;        45;      62.3;      46.7;        48;      42.9;      64.3;      66.3;        74;        68;      55.9;      57.9;      57.7;      67.9;       712;
      1646;1991-2020;        46;      51.1;      42.3;      41.1;      34.7;      48.3;      67.6;      66.6;      71.3;      55.4;      58.9;      52.9;      58.6;       649;
      1647;1991-2020;        43;        91;        64;        72;        52;        78;        81;        99;        88;        75;        80;        79;        87;       946;
      1648;1991-2020;        46;      83.3;      60.6;        60;      46.2;      60.9;      62.9;        79;      71.3;        61;      67.2;      70.6;      90.3;     813.3;
      1649;1991-2020;        46;        45;      33.4;      35.1;        29;      48.9;      56.7;      71.6;      57.4;      49.2;      45.7;      42.2;      44.9;     559.2;
      1650;1991-2020;        46;      75.5;      66.1;      59.1;      44.9;      66.4;      60.6;        72;      66.4;      56.6;      66.4;      70.2;      98.5;     802.6;
      1651;1991-2020;        46;      60.3;        52;      59.4;      47.6;      74.5;        84;      94.6;      98.4;      60.9;      60.1;        58;        61;     810.7;
      1652;1991-2020;        46;      72.6;      54.7;      59.7;      41.9;      69.4;      76.7;      87.9;      71.7;      71.3;      62.8;      67.7;      79.9;     816.2;
      1653;1991-2020;        46;      63.7;      55.2;      54.8;      44.6;      67.1;      63.1;      77.9;      59.3;      59.7;      65.8;      65.6;      76.4;     753.1;
      1654;1991-2020;        46;      48.9;      37.6;        49;      35.3;      58.8;      65.3;      90.8;      68.1;      55.3;      49.2;        53;        52;     663.5;
      1655;1991-2020;        46;      95.3;      83.6;      84.3;      58.4;      93.7;      74.6;     103.6;      83.8;      63.4;      85.7;      88.6;     110.5;    1025.4;
      1656;1991-2020;        46;      40.6;      35.5;      45.6;      35.4;      61.8;      69.8;      84.4;        72;      56.4;        47;      47.4;      44.3;       640;
      1657;1991-2020;        46;      35.1;      27.4;        36;      27.7;      56.4;      49.4;      72.7;      50.7;      50.2;      37.4;      40.9;      37.7;     521.7;
      1658;1991-2020;        46;      53.8;      43.7;      49.1;      38.5;      67.9;      68.4;      78.2;      67.5;      56.1;        53;      55.5;      55.7;     687.4;
      1659;1991-2020;        46;      51.7;      40.8;      46.7;      38.9;      70.8;      68.5;      82.1;      69.4;      55.8;      54.2;      55.6;      54.3;     688.8;
      1660;1991-2020;        46;      74.5;      60.5;        63;      45.7;      76.7;      91.4;      98.4;      87.7;      67.8;      67.2;        66;      80.9;     879.9;
      1661;1991-2020;        46;      36.5;      27.1;      32.9;      24.7;      50.5;      50.2;      60.6;      50.9;      43.1;        39;      37.1;      38.8;     491.3;
      1662;1991-2020;        46;      48.7;      41.8;      51.4;      47.5;      81.8;      82.8;      93.2;      83.5;      59.9;      55.1;      55.5;      55.2;     756.4;
      1663;1991-2020;        46;      62.4;      55.5;      74.6;      64.8;     116.3;     126.6;       141;     134.1;      87.4;      75.3;        68;      68.3;    1074.2;
      1664;1991-2020;        46;      63.5;        62;      69.2;        75;     117.8;     100.5;     110.1;     101.7;      80.2;      86.9;      87.5;      89.3;    1043.7;
      1665;1991-2020;        46;      76.5;      57.3;      54.4;      38.7;        53;      67.6;      83.7;      82.2;      74.9;      81.6;      69.6;      81.1;     820.5;
      1666;1991-2020;        45;      76.2;      56.9;      54.6;      39.8;      54.4;      71.1;      86.9;      86.9;      76.4;      84.4;        71;      83.4;     833.8;
      1667;1991-2020;        45;      74.7;      62.2;      56.8;        38;      60.2;      78.6;      92.9;      87.3;      73.2;      76.5;      69.9;      83.3;     850.7;
      1668;1991-2020;        46;      73.8;      56.5;      54.7;      42.2;      54.8;      71.8;      96.1;      75.2;      68.9;      67.5;      66.1;      79.1;     806.6;
      1669;1991-2020;        46;      47.1;      33.9;      41.3;      31.6;      48.7;      64.9;      68.6;      59.5;      47.3;      46.5;      41.3;      50.2;       581;
      1671;1991-2020;        46;      78.6;      61.5;      57.4;      40.8;      60.7;      77.7;        91;      86.3;      76.2;      80.7;      74.9;      86.8;     872.7;
      1673;1991-2020;        46;        61;      56.1;      48.7;      40.4;      57.1;      66.6;      76.1;      77.7;      63.1;      64.5;      66.7;      71.6;     749.6;
      1674;1991-2020;        46;      84.8;      70.4;      80.7;      52.6;      88.8;      80.9;        99;        81;      70.6;      79.2;      79.2;      99.1;     966.3;
      1677;1991-2020;        46;        45;      34.3;      40.9;        31;      50.9;        64;      70.5;      61.6;      47.3;      47.2;      43.3;      44.9;     580.8;
      1678;1991-2020;        46;      42.3;        35;      47.2;      37.9;      65.4;        76;      79.4;      67.2;      58.1;      46.9;      50.9;      48.1;     654.3;
      1679;1991-2020;        46;      43.5;      42.5;      39.8;      33.4;      56.9;      53.6;      60.6;      55.6;      46.1;      51.5;      47.5;      59.2;     590.2;
      1680;1991-2020;        43;        61;        51;        63;        54;        93;        94;       104;        86;        65;        70;        68;        71;       880;
      1681;1991-2020;        46;      63.4;      59.5;      69.6;      57.6;      95.9;      99.8;     104.5;      92.7;      68.6;      78.6;      73.9;      77.7;     941.8;
      1682;1991-2020;        46;      97.3;      84.7;     106.5;      90.1;     148.7;     170.1;       177;     171.3;     125.8;     101.6;      98.8;     108.6;    1480.4;
      1683;1991-2020;        46;      33.6;      25.5;      31.5;      26.1;      47.3;      56.8;        64;      52.6;      43.7;      36.6;      35.2;      32.5;     485.4;
      1684;1991-2020;        45;        44;      35.4;      48.5;      36.2;      59.1;      69.4;      89.1;      78.5;      54.6;        46;      42.8;      42.7;     646.2;
      1685;1991-2020;        46;      46.5;      34.5;      37.4;      30.8;      52.4;      60.5;        64;      60.5;      49.7;      46.1;      41.7;        48;       572;
      1686;1991-2020;        46;      48.7;      36.6;      41.9;      29.2;      53.4;        56;      67.7;      60.6;      50.1;      44.8;      45.4;      48.8;     583.2;
      1687;1991-2020;        46;      44.7;      36.2;      48.1;      38.5;      64.9;      70.2;      88.2;      72.6;      58.7;      51.8;      54.9;      52.8;     681.7;
      1688;1991-2020;        46;      39.1;        34;        44;      34.8;      61.8;      66.4;      89.4;      70.1;      56.8;      48.1;        50;      46.8;     641.3;
      1689;1991-2020;        45;        82;        64;      68.8;      47.7;      69.9;      79.7;      85.3;      72.7;      79.5;      70.9;      78.1;      93.4;     892.1;
      1690;1991-2020;        46;      39.3;      30.8;        35;      26.2;      50.6;      54.5;      66.8;      54.2;      44.7;      39.6;      37.3;      39.1;     518.2;
      1691;1991-2020;        45;      48.3;      37.5;      42.9;      35.3;      63.3;      65.3;      72.2;      63.4;      48.4;      48.3;      49.2;      47.3;       624;
      1692;1991-2020;        46;      67.2;      48.8;        55;      40.9;      63.5;      65.9;        76;      66.4;      59.5;      59.7;      63.4;      66.8;     733.1;
      1693;1991-2020;        46;      42.1;      34.1;      42.5;      33.3;      56.9;      61.4;      82.1;      70.9;      49.8;      43.7;      45.7;      45.2;     607.6;
      1694;1991-2020;        43;        48;        40;        41;        35;        48;        64;        71;        59;        49;        47;        46;        50;       598;
      1695;1991-2020;        46;      53.5;      38.8;      43.5;      33.6;      49.2;        59;      76.6;      59.2;      47.9;      50.4;        47;      49.6;     608.4;
      1696;1991-2020;        46;      49.4;        40;      45.2;      32.1;      54.7;      59.8;      83.6;      63.7;      49.3;      44.9;      47.4;      45.7;     615.8;
      1697;1991-2020;        46;      45.4;      34.7;      39.1;      29.3;        53;      53.6;        75;      52.4;      44.2;      38.2;      42.1;        45;     552.1;
      1698;1991-2020;        46;      63.3;      54.4;      66.5;      60.2;     101.3;      98.7;     107.6;      92.9;      65.8;      71.7;      67.8;      74.8;     924.8;
      1699;1991-2020;        46;      36.7;      28.1;      35.3;      27.2;      53.7;      53.7;      59.6;      57.6;      45.4;      39.4;      37.6;        42;     516.3;
      1700;1991-2020;        46;      44.2;      36.4;      40.9;      30.7;        53;      58.3;      69.2;      63.2;      45.9;      42.8;      45.8;      46.7;     577.1;
      1701;1991-2020;        46;      51.6;        39;      42.3;      31.2;      48.8;      59.9;        77;        59;      48.4;      50.4;        46;      48.4;     601.9;
      1702;1991-2020;        46;      73.9;      64.6;      61.8;      49.6;      76.5;      74.9;      77.1;      73.4;      67.5;      71.6;      70.6;      88.8;     850.3;
      1703;1991-2020;        46;      29.7;      25.9;      36.2;        32;      56.3;      53.9;      75.7;      59.9;      48.1;      35.5;      40.6;      36.3;       530;
      1704;1991-2020;        46;      75.6;      54.2;        63;      45.2;      71.7;      69.6;      81.2;      74.8;      67.3;      68.1;      62.3;      72.8;     805.8;
      1705;1991-2020;        46;      46.6;      35.6;      45.4;      31.5;      53.4;      55.3;      77.1;      59.9;      53.8;      43.7;      48.7;      49.8;     600.8;
      1706;1991-2020;        46;      35.6;      32.6;      41.4;      38.3;      66.6;      67.8;      88.4;      69.6;      56.2;        44;        46;      42.8;     629.3;
      1708;1991-2020;        46;      36.1;      31.5;      43.5;      34.7;      67.2;      54.4;      77.2;      55.7;      48.6;      42.6;      46.2;      43.6;     581.2;
      1709;1991-2020;        46;        51;      46.4;      56.5;      43.6;      72.4;      86.9;     103.2;     103.8;      63.5;      56.5;      54.5;      53.6;     791.8;
      1710;1991-2020;        46;      49.1;      39.9;      51.6;      40.9;        68;      77.9;      91.1;      95.8;      55.9;      52.9;      47.3;      47.8;     718.3;
      1711;1991-2020;        46;        59;      52.2;      51.2;      60.3;      87.8;      92.5;      96.8;      85.8;      63.8;        64;      60.2;      71.7;     845.3;
      1712;1991-2020;        46;      91.4;      86.7;     105.4;      88.8;     147.5;     159.4;     164.9;     163.9;     117.6;      94.5;      92.6;      99.5;    1412.2;
      1714;1991-2020;        46;      50.5;        41;      44.3;      36.3;      51.4;        71;      71.2;        72;      59.7;      53.8;      50.7;      56.6;     658.7;
      1715;1991-2020;        46;      42.3;      37.2;      43.1;        31;      58.1;      54.5;      70.8;      56.4;        46;      42.6;      46.1;      49.9;       578;
      1716;1991-2020;        46;      51.3;      49.4;      51.7;      40.9;        70;      67.3;      72.4;      61.7;      57.3;        65;      64.6;      69.2;     720.8;
      1717;1991-2020;        46;      54.2;      44.6;      44.1;      35.4;      50.1;      61.6;      73.2;      69.4;      48.5;      51.5;      48.9;      55.2;     636.5;
      1718;1991-2020;        46;      43.5;      33.8;      37.8;      27.9;      58.2;      56.1;        68;      63.1;      49.9;        46;        42;      44.4;     570.7;
      1719;1991-2020;        46;      47.2;      36.5;        39;      30.4;      46.5;      65.6;      70.2;      59.8;      46.9;      46.4;        41;      47.3;     576.9;
      1720;1991-2020;        46;      81.4;      66.8;        69;      47.1;      73.6;      81.4;      93.6;      76.8;      77.4;      71.5;      80.4;      92.7;     911.7;
      1721;1991-2020;        45;      81.3;      67.5;      70.6;        50;      77.5;        85;      94.8;      78.3;        80;      74.7;      79.9;      89.3;     928.9;
      1722;1991-2020;        46;      73.9;      60.3;      62.8;      46.4;      75.7;      84.8;      93.2;      75.2;      75.5;      69.6;      74.4;      81.8;     873.6;
      1723;1991-2020;        46;      75.1;      67.1;      68.1;        55;      79.9;      63.6;      89.5;      68.9;      70.8;      64.5;      71.8;      85.6;       860;
      1724;1991-2020;        46;      31.7;      28.1;      36.8;      31.5;      62.9;      53.5;      75.5;      55.7;      48.6;        38;      44.4;      39.5;     546.1;
      1725;1991-2020;        46;      38.7;        35;      41.7;      37.6;      59.6;      68.8;      81.4;      68.2;      54.5;      45.9;        47;      46.7;     625.1;
      1726;1991-2020;        43;        47;        40;        47;        41;        68;        62;        83;        66;        54;        46;        52;        52;       658;
      1727;1991-2020;        46;     133.5;       109;     103.3;      75.9;     109.5;      98.4;     103.8;        95;      82.1;      98.4;     108.4;     158.6;    1275.9;
      1728;1991-2020;        46;      60.1;      45.7;      49.7;      35.3;      67.1;      74.1;      78.7;      66.6;        59;      55.1;      55.4;      66.5;     713.4;
      1729;1991-2020;        46;      57.7;      44.9;      47.6;      35.3;      69.2;      74.1;      80.6;      67.1;      57.9;      53.9;      55.6;        64;     707.8;
      1730;1991-2020;        46;     118.2;      97.1;     103.1;      61.7;     102.4;     114.8;     121.7;     112.4;      92.8;      90.9;      99.6;     125.4;    1240.1;
      1731;1991-2020;        46;       125;     102.5;     115.4;      64.4;      97.5;       107;     113.4;     107.8;      89.3;      89.2;      96.3;     132.3;    1240.2;
      1732;1991-2020;        46;      57.2;      50.9;      67.1;      62.8;     115.6;     123.7;     116.1;     123.4;      85.7;      71.8;      64.7;      65.8;    1004.9;
      1733;1991-2020;        46;      80.6;      63.4;        91;      80.6;     144.3;     170.9;     169.4;     188.7;     110.9;      88.3;      76.3;      84.9;    1349.3;
      1734;1991-2020;        46;      86.2;        73;        98;      93.8;     146.4;     176.3;     175.1;     192.4;     118.8;      93.7;      82.7;      85.8;    1422.1;
      1735;1991-2020;        43;        97;        81;        93;        53;        90;       107;       112;       100;        80;        80;        78;       100;      1071;
      1736;1991-2020;        45;      67.8;      52.7;      53.7;      40.9;      51.2;      70.4;      75.4;      72.3;      54.4;      57.8;      56.9;      68.3;     721.9;
      1737;1991-2020;        46;      39.5;      32.6;      37.5;      27.3;      50.7;      57.8;      71.3;      60.4;      49.9;      42.4;        38;      39.3;     546.7;
      1738;1991-2020;        46;      38.7;      29.4;      34.1;      26.8;      49.9;      57.4;      70.6;      56.2;      47.6;      38.5;      36.7;      37.1;       523;
      1740;1991-2020;        46;      48.9;      35.1;      38.7;      28.9;      47.8;      60.4;      68.4;      54.9;      48.7;      43.4;      40.7;        46;     561.8;
      1741;1991-2020;        46;      54.6;      43.8;      45.1;      33.7;      46.8;      66.1;        74;      63.8;      49.5;      49.4;      47.2;      56.1;     630.3;
      1742;1991-2020;        43;        91;        85;        86;        64;        91;        79;        97;        87;        81;        90;        93;       115;      1059;
      1743;1991-2020;        46;      44.7;        38;      46.3;      36.8;      64.4;      70.8;      84.5;      85.5;      53.4;        50;      48.2;      46.5;     668.9;
      1744;1991-2020;        46;      45.3;      37.1;      45.7;      31.5;      57.8;      57.8;      83.1;      68.5;      50.2;      43.2;      44.4;      45.1;     609.6;
      1745;1991-2020;        46;      61.4;      49.7;      53.1;      44.1;      64.3;      66.3;      76.7;      61.7;      55.6;      58.2;      59.7;      64.9;     715.8;
      1746;1991-2020;        46;      55.4;      41.9;      46.5;      41.1;        66;      65.3;      74.1;      61.2;      54.6;      58.5;        56;      57.5;     678.2;
      1747;1991-2020;        46;     123.3;      92.3;      88.2;      58.6;      80.9;      68.7;      97.6;      77.8;      85.9;     100.2;      97.4;     135.5;    1106.4;
      1748;1991-2020;        46;     121.2;      92.2;      85.8;      63.4;      87.5;      79.1;     110.2;      91.6;        94;     102.3;      99.6;     132.2;      1159;
      1749;1991-2020;        46;     125.8;      88.7;      89.3;      65.9;      87.6;      76.8;     101.2;      84.3;      83.5;     103.3;     102.8;     136.8;      1146;
      1750;1991-2020;        46;      51.4;      40.5;      44.2;      38.8;      61.3;      63.4;      77.2;      58.7;      52.8;      51.8;        51;      52.3;     643.5;
      1751;1991-2020;        46;      54.1;      42.7;      49.9;        42;      70.8;      73.8;      88.6;      77.7;      53.1;      51.1;      53.5;      59.1;     716.4;
      1753;1991-2020;        46;      58.2;      47.8;      55.7;      45.2;      74.9;      81.3;      84.4;      82.5;      60.3;        58;      62.9;      64.2;     775.5;
      1754;1991-2020;        46;      94.6;      72.5;      69.7;      51.5;        65;        64;      84.7;        73;      70.6;      76.6;      80.6;       106;     908.9;
      1755;1991-2020;        46;      78.4;      63.1;      61.7;      44.9;      60.5;      60.5;      72.1;      64.3;        60;      67.4;      67.3;      90.7;     790.9;
      1756;1991-2020;        46;      41.9;      28.7;      39.8;      27.1;      52.4;      54.4;      80.1;      58.2;      46.4;      38.8;      36.4;      39.2;     543.4;
      1757;1991-2020;        45;      45.7;      36.9;        39;      32.3;      52.3;      60.5;      67.1;      71.7;      52.3;      49.9;      43.3;      48.4;     599.4;
      1759;1991-2020;        43;        44;        38;        39;        31;        56;        64;        65;        61;        58;        49;        48;        52;       605;
      1760;1991-2020;        46;      95.9;      80.3;      71.3;      54.9;      76.5;      74.2;      75.6;      71.7;      74.4;        85;      88.6;     113.7;     962.2;
      1762;1991-2020;        46;      41.3;      35.3;      46.5;      37.4;      62.8;      69.9;      85.4;      71.3;      59.4;      49.4;        50;      47.8;     656.5;
      1763;1991-2020;        46;      38.8;      32.9;      44.1;      36.2;      61.8;      69.7;        85;      71.4;      58.3;      48.9;      48.8;      45.2;     641.1;
      1764;1991-2020;        46;      51.9;      42.9;      47.9;      36.3;        64;      61.7;      76.1;      62.4;      54.4;      56.5;      55.3;      64.2;     673.4;
      1765;1991-2020;        46;      30.5;      26.9;      33.5;      29.8;      53.5;      48.8;      66.7;      49.2;      41.3;      35.3;      39.3;      38.8;     493.6;
      1766;1991-2020;        45;      64.5;      49.2;      49.6;      40.5;      54.8;      63.4;      73.9;      78.5;      68.7;      63.1;      61.5;      67.8;     735.7;
      1767;1991-2020;        46;      65.4;      52.4;      53.2;      41.9;      54.6;      73.4;      80.1;      73.1;      57.7;      58.9;      56.6;      69.1;     736.3;
      1768;1991-2020;        46;      55.3;      51.5;      50.3;        44;      55.8;      64.9;      66.4;      73.6;        58;      58.5;      58.3;      65.7;     702.3;
      1769;1991-2020;        46;      51.8;      42.4;      40.6;      33.4;      50.8;      65.2;      67.8;      66.7;      51.4;      49.6;      46.3;      54.6;     620.8;
      1770;1991-2020;        46;      40.8;      30.1;      34.6;      26.6;      53.5;      53.3;      68.4;      57.4;      47.6;      41.4;      37.6;      40.4;     531.8;
      1771;1991-2020;        46;      48.3;      36.7;      39.6;      31.7;        51;      65.4;      66.5;      65.9;      53.3;      49.9;        46;        52;     606.4;
      1772;1991-2020;        46;      53.2;      37.4;      43.2;      30.7;      54.9;      56.5;      71.9;      56.7;      51.8;      43.4;      48.3;      51.4;     599.4;
      1773;1991-2020;        46;        60;      51.1;      63.7;      49.4;      89.5;      98.3;     102.4;      98.6;      69.3;      60.9;      62.3;      63.2;     868.8;
      1775;1991-2020;        46;      66.7;      58.5;      69.2;      49.2;      77.3;      80.9;     100.9;     100.5;      66.1;      62.6;      65.5;      67.9;     865.3;
      1776;1991-2020;        46;      48.8;      39.7;      47.8;      34.7;      56.8;      63.2;      79.9;      65.3;      54.6;      47.9;      50.7;      52.5;     642.1;
      1777;1991-2020;        46;      53.7;      38.7;      45.7;      31.9;      58.7;      59.5;      78.2;        65;      55.1;      45.3;      49.4;      52.7;     633.8;
      1779;1991-2020;        43;        53;        41;        42;        34;        54;        66;        70;        67;        55;        53;        49;        56;       640;
      1780;1991-2020;        46;      55.7;      47.5;      52.2;      40.2;      62.1;      72.9;      88.5;      72.9;      62.8;      55.5;      58.7;      62.5;     731.4;
      1781;1991-2020;        46;      34.5;      29.2;      38.2;        33;      57.4;      58.4;      82.2;      59.9;      50.9;      38.6;        45;      40.7;     567.9;
      1782;1991-2020;        46;      43.1;      35.2;      38.2;      29.6;      51.7;      60.9;      69.7;      50.6;      43.4;      40.1;      40.5;      44.9;     547.9;
      1783;1991-2020;        46;      54.9;      45.7;      62.3;        56;     105.4;     112.2;     112.8;     112.1;      74.1;      67.6;        60;      59.1;     922.2;
      1784;1991-2020;        46;      36.4;      28.4;      39.1;      31.3;      54.4;      53.4;      77.1;      61.8;      53.3;      37.4;      42.9;      39.7;     555.2;
      1785;1991-2020;        46;      33.5;      26.1;      32.5;      25.9;      53.9;      50.9;      73.7;      52.1;      47.5;      34.2;      37.8;        34;       502;
      1786;1991-2020;        43;        47;        34;        43;        30;        55;        57;        74;        70;        50;        44;        46;        47;       597;
      1787;1991-2020;        46;      63.3;      52.8;        46;      34.9;      55.1;      68.3;      69.5;      72.3;      59.8;      58.9;      55.4;      65.4;     701.8;
      1788;1991-2020;        46;      70.5;      64.9;      77.2;      74.6;     125.9;     131.9;       144;     127.3;      92.4;      79.3;      78.4;      86.7;      1153;
      1789;1991-2020;        43;        36;        26;        37;        31;        58;        57;        67;        53;        46;        40;        39;        38;       528;
      1790;1991-2020;        46;      43.2;      35.1;      39.9;      29.2;      57.5;      52.4;      84.1;      58.5;      45.6;      40.3;      43.1;      42.7;     571.7;
      1791;1991-2020;        46;      77.6;      62.3;      61.1;      44.8;      59.8;      69.8;      84.3;      82.6;      72.6;      70.6;      73.3;        84;     842.6;
      1792;1991-2020;        43;        70;        54;        55;        39;        54;        77;        83;        71;        72;        66;        65;        76;       782;
      1793;1991-2020;        43;        35;        25;        34;        28;        59;        50;        67;        56;        43;        39;        39;        39;       514;
      1795;1991-2020;        46;      55.8;        45;      46.7;      36.1;      47.5;      63.5;      69.7;      63.9;      54.2;      53.3;      50.7;      59.7;       646;
      1796;1991-2020;        46;        50;      39.7;      42.4;        31;      55.4;      66.9;      80.5;        62;      55.9;      47.9;      43.9;      47.7;     623.2;
      1797;1991-2020;        46;      51.2;      42.3;      50.8;      34.7;        62;      61.3;      88.9;      74.8;      51.9;      46.3;      46.9;      50.4;     661.4;
      1798;1991-2020;        46;      67.7;      53.8;        52;      41.2;      55.9;      66.6;      73.3;      75.9;      59.4;      62.6;      59.4;      70.4;     738.3;
      1799;1991-2020;        46;      51.2;      41.6;        41;      34.1;      51.7;        66;      67.6;        68;        52;      50.6;      47.2;      53.2;     624.3;
      1800;1991-2020;        46;      52.6;      42.7;      42.3;      34.9;      50.5;      63.9;      67.5;      68.7;      51.3;      50.6;      46.1;      54.9;     625.9;
      1801;1991-2020;        46;      44.4;      34.9;      38.2;      26.9;      49.4;      55.9;      73.1;      57.4;      45.2;      40.6;        40;      43.3;     549.1;
      1802;1991-2020;        46;        45;      37.6;      41.6;      32.9;      54.5;      53.8;      73.3;      53.2;      50.1;      39.9;      44.5;      46.5;     572.8;
      1803;1991-2020;        45;      47.2;      38.4;      39.9;      33.3;      48.9;      75.3;      71.8;      66.9;      56.2;      49.6;      48.3;      51.7;     633.7;
      1804;1991-2020;        46;      37.6;        27;      35.3;      28.4;      60.6;      50.7;        64;      63.9;      48.4;      37.8;      39.3;      39.6;     532.8;
      1805;1991-2020;        46;      34.8;      27.1;      30.2;      24.6;        52;      54.5;        76;      54.7;      46.5;      35.7;      33.5;      33.6;     503.3;
      1806;1991-2020;        46;      52.8;      43.4;      43.2;      34.3;      48.2;      66.8;      69.5;      61.5;      53.5;      48.7;      48.6;      53.4;     623.9;
      1807;1991-2020;        46;      69.2;      49.1;      53.9;      40.7;      55.9;      60.1;      78.2;      70.5;      57.1;      62.3;      56.1;      67.1;     720.3;
      1808;1991-2020;        46;      36.9;      27.6;      37.1;      31.9;      55.9;      50.8;      64.9;      53.8;      42.6;      39.5;      37.8;      38.1;     516.9;
      1809;1991-2020;        46;        44;      32.2;      40.4;      29.3;        53;      53.8;      64.9;      56.1;      47.3;      43.6;      43.6;      45.8;       554;
      1810;1991-2020;        43;        52;        39;        44;        31;        54;        66;        72;        57;        49;        47;        45;        50;       606;
      1811;1991-2020;        46;        44;      31.1;      35.6;      26.9;      49.7;      53.9;      66.7;      54.9;      44.7;      40.9;        39;      43.8;     531.3;
      1812;1991-2020;        46;      46.6;      34.4;      38.2;      27.3;      46.9;      58.4;      69.6;      58.1;      47.4;      43.1;        40;      44.2;     554.3;
      1813;1991-2020;        46;        81;      63.1;      59.1;      42.7;      60.3;      72.5;      88.2;      86.2;      75.5;        83;      74.9;      87.2;     873.7;
      1814;1991-2020;        46;      34.7;      32.9;      35.8;      31.8;      55.2;        59;        56;      53.7;      44.5;      46.5;      44.1;      49.9;       544;
      1815;1991-2020;        46;      49.3;      48.4;      48.9;      39.4;        66;      57.5;      64.6;        61;      53.6;        54;      53.6;      61.5;     657.9;
      1816;1991-2020;        46;      84.6;      65.8;      69.7;      54.5;      74.4;        78;      92.9;      75.9;        75;      73.8;      77.9;      84.5;     906.8;
      1817;1991-2020;        46;      51.5;      33.3;      46.4;      34.8;        64;      61.5;      77.5;      60.9;      49.9;        40;      43.8;      45.3;     608.9;
      1818;1991-2020;        46;      50.7;      40.7;      42.1;      30.9;        56;      59.9;      79.7;      53.1;      46.9;      46.8;      44.2;      49.2;     600.2;
      1819;1991-2020;        46;      48.6;      39.4;        47;      34.7;      55.4;      54.5;      65.5;      58.2;      48.9;        45;      52.3;      52.7;     602.2;
      1820;1991-2020;        46;      38.3;      33.2;      44.3;      39.1;        69;      62.5;      85.7;      67.6;      55.6;      42.8;      48.6;      45.8;     632.4;
      1821;1991-2020;        46;      49.2;      36.6;      46.1;      33.2;      51.9;      56.5;      72.4;        64;      54.8;      44.8;      49.6;      48.4;     607.5;
      1822;1991-2020;        46;      51.6;      53.4;      54.1;      43.9;      69.8;      75.7;      82.2;        74;      54.7;      61.7;      62.6;      58.5;     742.1;
      1823;1991-2020;        46;     108.2;      86.5;      86.4;      60.2;        79;      76.3;      96.9;        75;        82;      81.6;      95.5;     119.2;    1046.8;
      1824;1991-2020;        46;      61.7;        47;      48.1;      34.6;      51.7;      64.2;        78;      74.3;        69;        59;      61.7;      65.6;       715;
      1825;1991-2020;        46;        52;      36.9;      40.9;      31.7;      51.9;      65.8;      65.7;      61.3;      48.9;      48.9;      42.8;      50.7;     597.5;
      1826;1991-2020;        46;      80.3;      63.1;      62.1;      46.7;      66.6;      69.3;      90.3;      78.7;      66.8;      75.8;      69.8;      81.6;     851.3;
      1827;1991-2020;        46;        47;      37.7;      37.1;      31.7;      48.6;      58.3;      62.6;      69.6;      57.1;      50.8;      48.1;      49.9;     598.3;
      1829;1991-2020;        46;      69.7;      55.3;      54.3;      42.5;      58.7;      70.7;      80.6;      75.2;      68.4;      63.2;        62;      73.5;     774.1;
      1830;1991-2020;        46;      61.7;      46.6;        47;      38.1;      59.3;      55.8;      71.2;      59.1;      50.8;      56.7;      53.5;      67.7;     667.5;
      1832;1991-2020;        45;     127.7;     111.5;     116.7;      75.5;     107.6;     133.3;     143.6;     137.3;     114.6;     120.2;     115.1;     149.6;    1471.3;
      1833;1991-2020;        46;     129.2;       106;     115.4;      62.5;      99.1;     126.7;       133;     132.8;      91.5;      91.1;      98.1;     152.9;    1338.5;
      1834;1991-2020;        46;       129;     107.9;     110.7;      77.4;       103;      98.7;     134.5;     102.1;       117;     114.6;     125.7;     142.3;    1362.9;
      1835;1991-2020;        46;      34.7;        32;      42.5;      34.2;      63.1;      51.9;      78.1;      49.5;      45.9;      39.3;      45.8;      42.5;     559.5;
      1836;1991-2020;        46;      34.2;      29.5;      41.3;      33.6;      56.4;      57.4;      83.4;        61;        53;      39.6;      43.3;        40;     572.6;
      1837;1991-2020;        46;      37.5;      34.4;      43.2;      34.5;      59.8;        59;      79.9;        64;        57;      41.7;        48;      43.2;     602.3;
      1838;1991-2020;        46;      44.3;      38.3;      43.5;      32.8;      62.1;      59.6;      68.5;      57.2;      45.3;      50.4;      48.2;      50.2;     600.3;
      1839;1991-2020;        46;      67.7;      54.1;      62.4;        42;      65.4;      74.6;        90;        85;      60.4;      63.3;      62.8;      70.1;     797.8;
      1840;1991-2020;        46;      60.2;      55.4;      68.8;      47.5;      75.4;      78.5;     107.1;      98.7;      68.7;      63.4;      63.7;      63.6;       851;
      1841;1991-2020;        46;      73.3;      57.1;      52.9;      44.3;      52.2;        71;      90.7;      92.4;      90.4;      85.5;      81.5;      82.2;     873.4;
      1842;1991-2020;        46;      54.5;      42.9;      45.3;      36.7;      58.4;      65.6;        81;      58.3;      54.5;      52.7;        55;      61.8;     666.6;
      1844;1991-2020;        43;        61;        54;        71;        62;       106;       126;       133;       128;        86;        72;        65;        65;      1029;
      1845;1991-2020;        46;      52.4;        45;      56.3;      45.6;      73.1;        72;      92.9;      75.9;      64.6;      54.8;      62.6;      65.2;     760.5;
      1846;1991-2020;        46;      48.8;      39.4;      50.3;        40;      75.1;      86.4;      87.2;        79;      58.9;      52.1;      50.2;      53.5;     720.9;
      1847;1991-2020;        46;      31.6;      26.8;      37.9;      32.5;      57.4;      51.3;        81;      56.2;      46.7;      34.8;      39.9;      36.6;     532.6;
      1848;1991-2020;        43;        37;        30;        40;        31;        55;        56;        79;        60;        48;        37;        45;        40;       558;
      1849;1991-2020;        46;        52;      39.4;      47.3;        40;      72.7;      79.6;      83.6;      79.5;      54.7;      54.6;      52.6;      58.2;     714.1;
      1850;1991-2020;        46;      36.8;      31.9;      41.6;      35.9;      58.9;      58.5;      80.9;      54.2;      52.6;      41.3;      46.9;      40.4;     579.9;
      1851;1991-2020;        46;      51.5;      47.9;      49.4;      40.9;      64.9;      59.3;      64.9;      62.4;      52.1;      54.5;      54.3;      61.9;       664;
      1852;1991-2020;        46;      43.3;      34.9;      42.9;      31.9;      54.4;      60.6;      78.1;      61.9;      52.7;      43.7;      47.1;      44.4;     595.9;
      1853;1991-2020;        46;      50.8;      45.6;      48.3;      40.7;      67.4;      57.2;      82.6;      64.9;        51;      57.7;      54.7;      62.8;     683.6;
      1854;1991-2020;        46;      64.8;      51.7;      58.5;      42.2;      67.8;      73.1;      88.9;      85.7;      61.2;      58.7;      60.3;      65.7;     778.7;
      1855;1991-2020;        46;      58.4;      47.4;      56.8;        36;      62.2;      79.4;      86.8;      79.8;      57.8;      52.6;      53.7;      60.3;     731.2;
      1856;1991-2020;        46;      35.1;        31;      43.4;      38.7;      66.6;      57.3;      85.2;      63.6;      51.9;      43.7;      46.4;      42.6;     605.6;
      1857;1991-2020;        46;      56.7;      42.1;      46.8;      33.5;      57.2;      54.3;        69;        57;      47.7;      47.8;      53.6;      59.4;     625.3;
      1858;1991-2020;        46;      30.9;      28.7;      35.2;      29.6;      55.2;      55.7;      72.5;      49.5;      42.4;        37;      39.9;      37.5;     513.9;
      1860;1991-2020;        46;        53;      42.7;      39.8;      33.1;      51.3;      63.9;      65.5;        70;        59;      53.3;      50.4;      57.7;     639.6;
      1861;1991-2020;        46;        70;      62.5;      71.3;      50.5;      84.5;      96.3;     109.3;      93.2;        87;      69.9;      73.6;      76.7;     944.8;
      1863;1991-2020;        43;        71;        62;        59;        52;        77;        73;        96;        77;        69;        74;        71;        86;       867;
      1864;1991-2020;        46;      58.8;      52.3;      50.4;      45.4;      70.4;      69.1;      85.7;      68.8;      60.1;      64.1;      58.5;      74.2;     757.7;
      1865;1991-2020;        46;      47.7;      35.3;      36.4;      26.6;      51.4;        64;      78.6;      58.9;      48.9;      40.6;      42.9;      47.9;     579.2;
      1866;1991-2020;        46;      49.3;      39.1;      44.4;      31.1;      54.9;      59.7;      76.3;        66;        51;      45.7;      48.2;      49.5;     615.1;
      1867;1991-2020;        46;      75.4;      61.8;      75.6;      51.2;      82.2;      87.3;     111.2;     103.6;      75.2;      66.7;        71;      75.9;       937;
      1868;1991-2020;        46;      49.1;      38.3;      43.8;      30.6;      53.6;      61.8;      78.1;      55.2;      52.1;      45.6;      43.9;      46.8;     598.8;
      1869;1991-2020;        43;        36;        26;        33;        27;        49;        59;        69;        56;        46;        36;        34;        34;       505;
      1870;1991-2020;        46;      34.6;      33.7;      33.4;      30.4;      52.2;      53.9;      53.3;        50;      42.8;        44;      39.6;      47.8;     515.7;
      1871;1991-2020;        46;      77.7;      64.4;      81.7;      74.3;       115;     112.6;     122.1;     101.1;      79.9;      83.6;      81.4;      86.6;    1080.4;
      1872;1991-2020;        46;      51.5;      44.1;      53.7;      38.9;      63.5;      69.5;      95.4;      77.7;      59.1;      53.5;      53.8;      55.4;     716.1;
      1875;1991-2020;        46;      90.4;      79.6;      86.1;      58.8;      88.1;      90.3;      94.6;      81.3;      66.3;      86.3;      86.7;     110.6;    1019.3;
      1876;1991-2020;        43;        47;        38;        41;        33;        57;        56;        81;        57;        48;        43;        42;        46;       589;
      1877;1991-2020;        46;      45.4;      33.9;      37.7;      39.5;      67.2;      59.6;      70.8;        56;        56;      40.1;      49.8;      47.6;     603.5;
      1878;1991-2020;        46;      50.9;      40.9;      41.3;      31.5;      47.2;      61.1;      77.4;      59.1;      48.2;        48;      44.8;      50.7;     601.1;
      1879;1991-2020;        46;      62.7;      57.2;      72.4;      54.2;      81.2;      92.8;       110;      96.1;      76.7;      67.4;      69.8;      68.9;     909.4;
      1880;1991-2020;        46;      38.7;      32.6;      41.4;        33;      55.4;      46.7;      64.9;      49.7;      45.8;      38.6;      45.4;      47.1;     539.4;
      1881;1991-2020;        46;      29.7;      25.6;      32.9;      29.4;      54.3;      50.7;      66.6;      51.8;      41.9;      34.6;      38.3;      36.3;     492.2;
      1882;1991-2020;        46;      75.2;      55.3;        63;      44.3;        65;      57.5;        72;      56.7;      58.3;      58.2;      64.6;      74.2;     744.4;
      1883;1991-2020;        46;      68.1;      52.7;      59.4;      45.5;      65.3;        57;      72.6;      57.2;      58.1;      55.8;      61.7;      68.5;     721.9;
      1884;1991-2020;        46;      88.2;      64.6;      70.7;      48.2;      66.9;      61.9;      78.6;      61.3;      64.6;      68.4;      74.8;      86.9;     835.2;
      1885;1991-2020;        46;      70.2;      51.2;      57.3;      41.9;      64.9;      54.9;      66.7;      56.1;      54.5;      57.6;      58.6;      69.6;     703.5;
      1886;1991-2020;        46;        44;      35.1;      44.7;        47;      78.4;      84.1;      85.1;      86.3;      55.5;      55.5;      50.4;        50;     716.2;
      1887;1991-2020;        46;      41.5;      30.9;      34.6;        29;        45;      55.3;      72.1;      56.1;      45.1;        43;      38.3;      40.4;     531.3;
      1888;1991-2020;        46;      48.8;      37.7;      39.1;      31.5;      48.6;      65.8;      62.5;      59.5;      49.9;      47.3;      43.3;      50.7;     584.6;
      1889;1991-2020;        46;      50.4;      41.1;      41.8;      33.8;      51.8;      67.9;      65.9;      60.9;      50.6;      49.6;      46.1;      52.8;     612.7;
      1891;1991-2020;        43;        71;        56;        55;        40;        57;        70;        77;        75;        70;        67;        67;        74;       779;
      1893;1991-2020;        46;      69.2;        54;      54.3;      38.6;      55.5;      62.2;      72.2;        71;      68.1;        63;      66.3;      73.1;     747.6;
      1894;1991-2020;        46;        51;      38.7;        41;      32.3;      51.2;      65.7;      68.6;      63.2;      51.2;      48.8;      45.7;      52.6;     610.1;
      1895;1991-2020;        46;     134.3;     104.8;     101.7;        66;      78.9;        84;     101.1;      98.2;      94.9;     102.7;     113.7;     145.2;    1225.4;
      1897;1991-2020;        46;     142.5;     109.5;     105.6;      65.5;      79.6;      90.4;     108.3;     106.4;       102;     107.8;     120.4;     154.5;    1292.5;
      1898;1991-2020;        46;      46.1;      36.5;      46.4;      45.4;      77.3;      78.1;      89.5;      80.4;        56;      53.7;      51.4;      53.5;     714.4;
      1899;1991-2020;        46;        66;        60;      60.9;      43.5;      72.3;      64.4;      71.9;      61.1;      57.6;      69.2;      64.6;        81;     772.5;
      1900;1991-2020;        46;      54.3;      45.7;      58.6;      48.1;        84;      97.5;     103.6;      88.8;      69.5;      59.9;        57;      61.4;     828.4;
      1901;1991-2020;        46;      47.1;        40;      47.7;      36.2;      64.9;      72.6;      79.9;      66.6;      49.4;        54;      51.5;      54.4;     664.3;
      1903;1991-2020;        46;      70.1;        61;        57;      47.4;      72.6;      67.4;      73.1;      68.3;      66.2;      70.9;      68.7;      87.5;     810.3;
      1904;1991-2020;        46;      82.9;      79.1;      80.8;      81.7;     122.4;     112.8;     121.6;     112.5;      90.2;      99.3;     104.9;     108.7;    1196.8;
      1905;1991-2020;        46;      62.4;      49.4;      54.7;      43.5;      73.1;      88.8;        88;      79.7;      66.6;      62.7;      60.2;      68.3;     797.4;
      1906;1991-2020;        46;      46.1;      44.3;      58.3;      64.8;     106.5;     122.9;     113.1;     113.3;      69.2;      65.1;      59.1;      55.7;     918.4;
      1907;1991-2020;        46;      50.3;      39.4;      43.9;      39.1;      66.5;        67;        76;        64;      55.5;        53;      54.6;      54.3;     663.6;
      1908;1991-2020;        46;      44.2;      34.3;      38.7;      33.4;        60;      58.2;      74.7;      59.4;      52.5;      46.3;      48.1;      47.8;     597.5;
      1909;1991-2020;        46;      71.6;      60.4;      76.3;      57.1;     108.5;     116.2;     120.9;     112.4;      82.8;      70.7;      69.7;      74.5;    1021.1;
      1910;1991-2020;        46;      62.4;        55;      71.4;      64.7;     124.6;     129.6;     140.4;       131;      89.3;      76.5;      69.7;      71.7;    1086.3;
      1911;1991-2020;        46;        72;      60.5;      56.3;      41.1;      56.9;      66.6;        82;      78.7;      68.3;      67.8;      66.2;      76.8;     793.2;
      1912;1991-2020;        46;      59.3;      51.7;      50.5;      39.2;      56.1;      60.9;      70.4;      59.8;      54.2;      57.5;      59.2;      71.7;     690.4;
      1913;1991-2020;        46;      34.5;        25;      34.8;      30.5;      56.5;      59.9;        69;        56;      44.4;      43.2;      37.1;      37.7;     528.6;
      1914;1991-2020;        46;     105.2;     101.7;     115.4;     102.8;     154.3;     168.7;     176.4;     164.2;     120.5;     105.9;       115;     127.6;    1557.8;
      1915;1991-2020;        46;      53.3;      41.9;      51.3;      33.4;      56.3;      71.9;      93.8;      79.5;      56.9;      49.9;      48.2;      50.6;       687;
      1916;1991-2020;        46;      58.3;      43.8;      47.4;      38.5;      54.2;        55;      72.2;      68.3;      53.8;        58;      52.8;      56.9;     659.1;
      1917;1991-2020;        46;      50.8;      45.9;      56.3;      44.6;      72.5;      83.2;      98.4;      91.3;        70;      58.9;      57.3;      54.3;     783.7;
      1918;1991-2020;        46;     113.3;        93;      86.2;      63.3;      75.6;      84.8;     101.1;       103;      89.1;      93.5;      98.1;     117.1;    1118.1;
      1919;1991-2020;        46;      65.8;      52.7;      50.5;      40.7;      52.4;      71.3;        84;      73.9;      70.4;      65.4;      62.3;        72;     761.3;
      1920;1991-2020;        46;        81;      68.2;        64;      48.4;      61.7;      68.3;      84.4;      83.4;      69.7;      71.5;      73.3;        83;     856.8;
      1921;1991-2020;        46;     115.2;      90.5;      85.4;      57.7;      67.3;      72.7;      90.8;      91.9;        81;      90.2;      95.7;     117.1;    1055.6;
      1923;1991-2020;        46;      89.6;      73.8;      68.6;      50.8;        61;      66.7;      84.7;      87.2;      70.4;      73.2;      74.9;      91.9;     892.9;
      1926;1991-2020;        46;      61.3;      46.9;      48.1;      37.4;      51.1;      66.6;      79.9;      67.7;      50.8;      52.6;      52.2;      62.9;     677.4;
      1927;1991-2020;        46;      78.7;      57.8;      65.3;        50;      73.3;      68.9;      87.8;      81.2;      69.4;      72.3;      66.9;      74.3;     845.8;
      1928;1991-2020;        46;      66.4;      51.6;      56.9;      39.1;      66.6;      71.4;      74.7;      66.7;      58.9;      58.5;      59.9;        73;     743.6;
      1930;1991-2020;        46;      69.5;      56.5;      60.9;      44.8;      76.6;      93.2;      94.7;      87.8;      68.5;      63.6;      60.8;      76.5;     853.2;
      1933;1991-2020;        46;     135.1;     110.8;     130.4;      72.3;     103.5;     122.9;     132.4;     115.3;      88.8;      98.1;     101.7;     136.5;    1347.8;
      1934;1991-2020;        46;      86.5;        67;      66.2;      48.3;      65.4;      63.6;      83.9;      74.7;      67.9;        74;      75.8;      97.7;     871.2;
      1935;1991-2020;        46;     108.7;      87.1;      83.3;      56.5;      76.4;      74.6;        97;      86.5;      77.4;      84.3;      91.1;     119.5;    1042.4;
      1936;1991-2020;        46;        98;      78.1;      75.6;      50.8;      66.8;      67.1;      88.4;      76.4;      72.9;      80.2;        83;     106.6;     944.1;
      1937;1991-2020;        46;      47.7;      44.1;      46.6;      50.6;      85.7;      79.1;      94.2;      74.7;      54.6;      63.2;        54;      57.8;     752.4;
      1938;1991-2020;        46;      53.3;      43.9;      57.3;        50;      91.4;     103.8;     101.4;      96.2;      67.4;      61.8;      55.1;      56.7;     838.3;
      1939;1991-2020;        46;      56.9;      47.4;      63.8;      49.8;      94.4;     110.7;     107.4;     102.6;      71.5;      61.1;      56.4;      62.1;     883.9;
      1940;1991-2020;        46;      68.5;        53;      50.5;      45.1;      67.6;      70.8;      75.4;        72;      61.3;      59.4;      64.6;      73.7;     761.8;
      1941;1991-2020;        46;      62.2;      52.9;      46.2;        45;      67.6;      69.4;      76.4;      73.3;      62.5;      61.1;      62.4;      69.8;     748.7;
      1942;1991-2020;        46;      41.7;      36.6;      46.1;        37;      65.4;      72.8;      82.9;      72.2;      60.4;      49.3;      50.2;      49.6;     664.1;
      1943;1991-2020;        46;      45.6;      37.2;      47.4;      37.3;      72.6;      76.6;      81.1;      77.2;      52.3;        53;      50.7;      54.3;     685.3;
      1944;1991-2020;        46;      74.3;      63.6;      67.4;      49.7;      81.6;      76.6;      83.3;      73.3;      57.2;      70.9;      66.6;      84.8;     849.3;
      1945;1991-2020;        46;      38.3;      28.7;      36.6;      31.7;        60;      52.8;      70.7;      59.1;      45.9;      40.1;      40.9;      40.7;     545.5;
      1946;1991-2020;        46;      47.6;      36.6;      37.8;      26.7;      48.1;      58.5;      73.9;      53.6;      46.9;      42.1;      41.4;      43.7;     556.8;
      1947;1991-2020;        46;      43.1;      32.3;      40.8;      30.2;      48.3;      53.8;      66.2;      57.4;        47;      47.6;      44.3;      47.6;     558.5;
      1948;1991-2020;        46;      50.9;        40;      48.8;      32.8;      58.4;      67.8;      91.1;      74.7;        55;      48.4;        48;      50.9;     666.8;
      1949;1991-2020;        46;      35.3;      25.9;      35.5;      33.1;      56.5;      56.6;      68.9;      54.5;      45.7;      39.9;      39.5;      36.1;     527.6;
      1950;1991-2020;        46;        70;      66.9;        88;      92.8;     148.2;     180.7;     181.1;     188.5;     121.3;      89.2;      79.2;      75.6;    1381.6;
      1951;1991-2020;        46;      49.4;      44.2;      53.2;      57.1;      96.8;     116.9;     113.5;     104.5;      70.2;      64.4;      57.9;      55.3;     883.5;
      1952;1991-2020;        46;      39.6;        29;      36.5;        28;        52;      50.4;      62.6;      53.2;      43.7;      39.9;        39;      40.4;     514.2;
      1953;1991-2020;        46;      51.2;      41.9;      53.9;      48.8;      91.3;       104;     111.2;      93.7;      69.4;        61;      56.5;      57.6;     840.5;
      1954;1991-2020;        46;      32.6;      25.8;      35.6;      28.9;      53.3;      57.6;        76;      57.5;      47.8;      34.3;        40;      35.3;     524.6;
      1955;1991-2020;        46;      34.7;      27.1;      35.9;      29.4;      53.3;      56.2;      73.3;        60;      50.2;      36.6;      41.4;      37.5;     535.6;
      1956;1991-2020;        46;      34.4;      26.8;      35.7;      27.2;      56.5;      51.5;        75;      55.1;      51.4;      36.8;      39.2;      36.8;     526.3;
      1957;1991-2020;        46;      31.3;      24.3;      35.1;      28.6;      56.5;        52;      68.4;      54.2;      50.8;      34.2;      37.8;      34.8;       508;
      1958;1991-2020;        46;        29;      25.4;      33.8;      29.1;      53.4;        55;      70.8;      55.1;        47;      32.6;        38;      33.8;       503;
      1959;1991-2020;        46;      37.6;      30.1;      39.2;      32.1;      57.4;      59.9;      73.1;      60.2;      55.7;      38.1;      42.6;      39.5;     565.4;
      1960;1991-2020;        46;        33;      26.6;        36;        29;      55.3;      54.2;      71.1;      55.7;      49.6;        35;      39.9;        37;     522.4;
      1961;1991-2020;        46;      32.9;      25.3;        35;      27.7;      57.2;      50.3;        69;      54.5;      51.4;        35;      38.1;      36.3;     512.9;
      1962;1991-2020;        46;      97.7;      68.4;      67.6;      51.2;      63.7;      71.3;      67.9;        69;      62.4;      73.4;      79.9;      99.1;     871.5;
      1964;1991-2020;        43;        73;        58;        54;        46;        66;        64;        73;        63;        66;        68;        66;        88;       785;
      1965;1991-2020;        46;      73.1;      61.7;      60.6;      43.7;      57.7;      67.9;      76.7;      77.6;        71;        68;      67.9;      80.7;     806.7;
      1967;1991-2020;        46;     152.5;     118.4;     110.4;      70.5;        84;      92.9;     108.8;     113.4;     105.6;     116.8;     126.9;     162.4;    1362.5;
      1968;1991-2020;        46;     144.3;       112;       105;        67;      80.1;      87.6;     103.7;     106.9;     100.9;     111.6;     120.1;     153.5;    1292.6;
      1970;1991-2020;        46;      69.9;      58.4;      58.6;      42.3;      57.8;      73.9;        83;      79.7;      66.6;      63.9;      63.5;        77;     794.6;
      1971;1991-2020;        46;      68.2;      57.8;      55.4;      40.4;      57.7;      74.6;      84.7;        83;      67.1;      65.7;        62;        75;     791.5;
      1972;1991-2020;        46;      66.1;      51.6;      53.1;      39.7;      52.2;      68.8;      81.1;      71.1;      58.6;      59.7;      57.8;      68.2;     727.9;
      1973;1991-2020;        46;      68.5;      59.6;      56.4;        42;      57.1;      72.1;      81.6;      78.9;      64.9;      63.9;      61.5;      74.6;     781.1;
      1974;1991-2020;        46;      70.7;      57.7;      56.7;      39.3;      55.8;        72;      83.2;      79.2;      62.1;      62.5;      59.7;      77.7;     776.6;
      1975;1991-2020;        45;      66.7;      54.9;      56.7;      39.2;      57.8;      74.4;      81.8;      77.5;      64.7;        63;      61.1;      72.6;     770.5;
      1976;1991-2020;        46;      69.3;      51.8;        56;      39.1;      58.6;      72.7;      82.5;      73.8;        63;      60.8;      57.9;      70.6;     756.1;
      1977;1991-2020;        46;      76.1;      60.5;      61.3;      40.6;      57.3;      70.3;      80.9;        76;      61.9;      60.3;      61.9;      78.4;     785.5;
      1978;1991-2020;        46;      67.7;      60.6;      57.9;      38.7;      53.9;      71.2;        83;      76.4;      59.6;      62.9;      59.2;      72.9;       764;
      1979;1991-2020;        46;        65;      50.4;      51.1;      37.6;      52.4;      65.4;      78.9;        69;      57.3;      57.7;      55.7;      65.2;     705.7;
      1980;1991-2020;        46;      69.7;      60.2;      57.4;      41.3;        61;      75.2;      84.7;      80.3;      68.1;      66.3;      64.3;      77.3;     805.7;
      1981;1991-2020;        45;      67.1;        54;      56.8;      39.2;      57.2;      72.1;      80.3;        76;        58;      59.1;      57.5;        69;     746.2;
      1982;1991-2020;        46;      75.8;      58.1;      61.7;      43.3;      61.9;      74.4;      89.5;      75.9;      62.7;      62.7;      63.1;      77.4;     806.5;
      1983;1991-2020;        46;      70.8;      61.8;      60.1;      41.7;      60.2;      74.9;      86.6;      81.7;      69.5;        66;      64.8;      77.7;     815.8;
      1984;1991-2020;        46;      73.1;      61.9;        61;        43;      62.1;      75.7;      87.3;      82.2;      68.5;      68.6;      66.8;      78.8;     828.9;
      1985;1991-2020;        46;      69.5;        64;      61.7;      42.9;      60.6;        70;      86.9;      74.7;      67.7;      61.9;      62.8;      76.9;     799.5;
      1986;1991-2020;        46;      65.8;      52.4;      53.3;      39.4;      53.4;      69.7;      80.6;      71.3;      59.5;      60.1;      58.7;        70;     734.2;
      1989;1991-2020;        46;      73.5;        62;      62.2;      44.1;        61;      74.7;      83.1;      83.3;      67.2;      66.6;      66.4;      79.9;     823.9;
      1990;1991-2020;        46;      75.6;      62.4;      62.7;      43.8;      59.2;      73.6;      84.6;      82.7;      67.4;      65.1;        64;      79.9;     821.1;
      1991;1991-2020;        46;      68.1;      55.5;        60;      39.3;      55.9;      75.1;      80.5;      82.9;      66.7;      66.4;      62.6;      79.2;     792.2;
      1992;1991-2020;        46;      70.1;      59.2;      50.1;      41.1;      56.7;      76.2;      89.4;      94.3;      77.1;      83.7;      70.7;      79.5;     848.2;
      1993;1991-2020;        46;      65.6;      49.7;      51.5;      39.4;      54.5;      58.4;      73.1;      68.7;      53.3;      60.8;      56.7;      66.2;     697.9;
      1994;1991-2020;        46;      40.2;      29.7;      38.5;      30.1;      51.6;      50.9;      62.6;      53.5;      43.8;      40.4;      39.3;      40.3;     520.9;
      1995;1991-2020;        46;        65;      55.8;      55.6;      40.1;      58.6;      66.3;      85.2;        76;      62.5;      62.3;      64.8;      69.6;     761.8;
      1996;1991-2020;        46;      67.5;      57.5;      59.1;      43.2;      59.9;      70.9;      84.2;      79.3;      64.4;      64.9;      68.3;      70.9;     790.1;
      1997;1991-2020;        46;      55.5;      43.3;      42.9;      34.5;      61.8;      55.5;      77.6;      60.6;      49.6;      51.2;      52.1;      64.9;     649.6;
      1998;1991-2020;        46;      68.2;      57.9;      52.7;      39.7;      55.1;      69.8;      71.2;      77.1;      66.8;      67.1;        68;      73.4;     766.9;
      1999;1991-2020;        46;      66.5;      59.7;      54.8;        42;      58.1;        70;      74.9;      77.4;      65.7;      67.9;      70.1;      75.7;     782.8;
      2000;1991-2020;        46;      49.1;      43.3;      43.4;        38;      63.7;      58.9;      71.5;        60;      49.3;        53;      51.2;      57.7;     639.3;
      2001;1991-2020;        46;      50.3;      45.4;        46;      38.8;      65.4;      57.8;      72.4;      60.6;      49.9;      54.3;        53;        59;     652.9;
      2002;1991-2020;        46;      69.2;      54.3;      53.8;      42.1;      57.8;      72.2;      89.3;      71.7;      60.7;      61.9;      61.5;      71.6;     766.2;
      2003;1991-2020;        46;        75;      57.3;      52.4;      40.2;      54.2;      64.6;      74.4;      74.5;      76.8;        67;      67.8;      74.9;       779;
      2004;1991-2020;        46;      83.9;      70.1;      60.4;      44.3;      63.5;      85.6;     104.6;     102.2;      93.5;      93.1;      82.9;      96.1;     980.3;
      2005;1991-2020;        43;        72;        53;        54;        41;        57;        63;        81;        69;        59;        62;        60;        71;       742;
      2006;1991-2020;        46;      49.8;      40.3;      44.3;      32.1;      60.4;      67.5;      72.8;      59.3;      52.8;      54.7;      54.1;      56.9;     645.1;
      2007;1991-2020;        46;      55.2;      42.8;      46.1;      38.3;      51.4;      57.1;      70.8;      68.8;      52.9;      57.4;      51.9;      54.5;     647.2;
      2008;1991-2020;        46;      55.8;      43.7;        47;      38.6;      52.5;        59;      72.3;      69.1;      53.6;      57.4;      52.3;      54.6;     655.9;
      2009;1991-2020;        46;      56.9;      43.5;      47.8;      39.1;      52.9;      59.1;      73.3;      70.4;      53.4;      58.4;      52.9;      55.1;     662.9;
      2010;1991-2020;        46;      56.5;      42.7;        47;      38.4;      52.3;      57.8;      71.8;      68.7;      52.6;      58.8;      51.7;      55.6;     653.8;
      2011;1991-2020;        46;      54.2;      40.3;      45.2;      36.5;      52.5;      53.8;      71.7;      70.9;      53.6;        58;      52.3;      53.6;     642.6;
      2012;1991-2020;        43;        59;        43;        48;        39;        52;        57;        73;        69;        55;        58;        53;        57;       663;
      2013;1991-2020;        46;      55.1;      42.9;      46.7;      37.5;      52.4;      55.9;      71.6;      68.9;      52.9;      57.1;      51.9;      54.1;     647.2;
      2014;1991-2020;        45;      52.6;      40.5;      44.8;      35.5;        52;      52.7;      68.2;      65.3;      52.1;      56.7;      51.6;      54.6;     626.7;
      2015;1991-2020;        46;      54.3;      40.8;      44.7;      38.5;      51.2;      57.5;      71.9;      66.1;        53;        56;      51.9;      52.8;     638.7;
      2016;1991-2020;        46;      58.4;      43.8;      47.7;      39.6;      52.3;      58.6;        73;      69.6;      54.7;      58.8;        53;      56.4;     665.8;
      2017;1991-2020;        46;      54.9;      41.6;      46.2;      38.6;      51.5;        59;      71.1;      69.2;      52.5;      57.5;      50.2;      54.6;     646.9;
      2018;1991-2020;        46;      53.8;      41.1;      45.4;      37.2;      52.6;      54.8;      70.1;      69.6;        53;      56.6;      51.7;      53.6;     639.5;
      2019;1991-2020;        46;      57.7;      43.6;      47.3;      39.6;      52.2;        59;      72.2;      69.4;      54.1;      57.8;      52.7;        56;     661.6;
      2020;1991-2020;        46;     141.7;     100.5;     111.4;      71.9;      97.9;      97.5;     123.6;     109.7;     108.9;     114.8;     129.5;     140.2;    1347.6;
      2021;1991-2020;        46;      71.8;      53.3;      56.9;      42.5;      59.4;      70.3;      81.2;      70.5;        58;      59.4;      58.3;      67.6;     749.1;
      2022;1991-2020;        46;      43.7;      32.9;      41.4;      32.8;      50.2;      54.2;      63.1;      56.1;      47.2;      43.6;      43.5;      44.7;     553.3;
      2023;1991-2020;        43;        42;        34;        44;        40;        79;        78;        88;        79;        53;        53;        50;        54;       694;
      2024;1991-2020;        46;      48.7;      36.1;      42.6;      30.1;      48.9;      56.2;      72.6;      54.3;      50.7;      45.7;      43.4;      45.8;     575.1;
      2025;1991-2020;        43;        84;        69;        71;        53;        71;        78;        87;        83;        73;        74;        80;        94;       917;
      2026;1991-2020;        46;      82.2;      63.8;      63.3;      44.2;      60.4;      75.9;      97.3;      83.9;      71.2;      70.7;      68.8;      86.8;     868.3;
      2027;1991-2020;        46;        70;      53.6;      52.9;      41.2;      54.7;      61.7;      72.7;      73.2;      65.6;      62.9;      65.1;        70;     743.6;
      2028;1991-2020;        46;        76;        64;      59.2;        40;        57;        78;      84.5;      82.5;        67;      71.6;      69.5;      85.8;     835.1;
      2029;1991-2020;        46;       106;      80.2;      83.4;      55.6;      79.1;        81;      98.2;      79.4;      79.5;      81.7;      91.2;     114.9;    1030.1;
      2030;1991-2020;        46;      56.9;      49.4;      58.3;      42.9;      67.7;      73.5;      92.9;      85.2;        60;      56.6;      59.3;      60.2;     762.9;
      2031;1991-2020;        46;      50.6;      43.6;      48.3;      49.7;      87.5;        85;      98.8;      81.6;      56.4;      57.2;      52.4;      60.3;     771.5;
      2032;1991-2020;        46;      36.1;      33.6;      37.9;      46.9;      82.2;      70.5;      69.4;      72.2;      59.7;      62.4;      51.4;      47.9;     670.1;
      2034;1991-2020;        46;      40.8;        35;        44;        33;      60.1;      62.8;        84;      65.9;      55.5;      46.9;      49.9;      47.4;     625.4;
      2036;1991-2020;        46;      49.7;      38.8;      42.8;      29.8;        50;      53.7;        83;      55.4;      49.8;      42.8;      44.4;      46.7;     587.1;
      2037;1991-2020;        46;        70;      59.9;      72.7;      52.9;      78.1;      86.2;     105.1;      99.8;      68.5;        65;      67.9;      70.5;     896.6;
      2038;1991-2020;        46;      63.2;      59.4;      73.8;      57.3;      90.6;       100;     108.3;     102.4;      82.2;      65.8;      72.5;      68.4;       944;
      2039;1991-2020;        45;      71.8;      48.4;      61.9;      48.7;      75.9;        66;        82;      69.1;      67.4;      64.7;      56.7;      66.3;     774.9;
      2041;1991-2020;        46;      57.2;      43.6;      49.2;      39.5;      64.6;        52;      72.6;      53.1;      54.9;      48.2;      52.7;      56.7;     644.2;
      2044;1991-2020;        43;        45;        31;        41;        36;        65;        51;        69;        52;        54;        45;        47;        46;       582;
      2045;1991-2020;        46;      69.4;      49.8;        55;      40.2;      63.2;      52.8;      70.6;        55;      56.6;      54.4;      57.3;      66.7;       691;
      2046;1991-2020;        46;      58.3;      42.4;      48.3;      38.4;      63.8;      51.9;      71.1;      53.6;      55.3;        51;      52.4;      57.9;     644.4;
      2047;1991-2020;        46;      53.5;      39.3;      44.3;        30;      58.4;      62.8;      75.8;      60.5;      50.3;      43.5;      45.1;      49.2;     612.6;
      2048;1991-2020;        46;      70.3;      58.1;      55.6;      39.2;      58.6;        73;      87.4;      78.5;      68.3;      68.9;      63.9;      76.6;     798.5;
      2049;1991-2020;        46;        71;      53.9;      57.5;      38.8;      53.2;      70.7;      78.8;      74.2;      72.4;      67.1;      67.3;      76.8;     781.8;
      2050;1991-2020;        46;      88.3;      79.5;      83.5;      74.3;     113.7;      97.7;     112.6;      91.8;      82.9;      93.7;      91.4;     106.1;    1115.6;
      2051;1991-2020;        46;      58.5;      52.4;      53.1;      40.9;      62.5;      55.6;      67.4;      60.4;      52.9;      57.6;      58.9;      68.9;     689.3;
      2052;1991-2020;        46;      83.9;      69.2;      68.6;      49.5;      76.3;      64.8;      75.3;      71.6;      66.2;      76.8;      83.1;       106;     891.2;
      2053;1991-2020;        46;      88.7;      63.4;      66.7;        46;      63.3;        58;      75.1;      61.8;      58.6;      65.1;        70;      84.7;     801.5;
      2054;1991-2020;        46;      92.9;      66.4;        70;      47.3;      64.6;      56.1;      77.9;        65;      58.1;      67.5;      73.2;      88.7;     827.7;
      2056;1991-2020;        46;      52.6;      44.3;      44.5;      35.9;      56.6;      60.9;      80.6;      53.1;      52.7;      52.9;      57.3;      62.5;       654;
      2057;1991-2020;        46;      56.4;      46.3;      47.1;      39.6;      62.5;      62.5;      89.3;      55.8;        59;      57.9;      62.1;      66.1;     704.6;
      2058;1991-2020;        46;      60.3;      47.6;      50.7;      40.5;      57.8;      62.4;      77.5;      73.3;      60.9;      63.6;      55.9;      59.8;     710.3;
      2059;1991-2020;        46;      66.2;      49.7;      51.6;      43.8;      57.9;      59.4;      81.1;      70.1;        59;      63.9;      57.6;      67.7;       728;
      2061;1991-2020;        46;      48.2;        43;      43.1;        38;      61.1;      58.8;      67.2;      63.5;      49.1;      54.2;      51.7;      59.7;     637.5;
      2062;1991-2020;        46;      70.4;      61.6;      56.9;      44.7;      59.9;      71.3;      74.2;      74.4;      65.1;      65.2;      66.1;      81.1;     790.9;
      2063;1991-2020;        46;      96.7;      65.7;      71.5;      51.9;      66.7;      62.6;      77.5;      69.4;      64.7;      76.3;      80.5;     102.4;     885.8;
      2064;1991-2020;        46;      57.2;      48.1;      54.7;        41;      72.4;      78.9;      82.9;      72.4;      56.6;      59.3;      58.8;      64.7;       747;
      2065;1991-2020;        46;      52.6;      42.5;      46.7;      39.8;        72;      63.4;      80.3;      65.7;      52.7;      54.8;      53.8;      54.4;     678.5;
      2066;1991-2020;        46;      51.6;      41.4;      46.5;      39.4;      67.7;      61.8;      73.2;      64.6;      47.7;      52.8;      51.5;      55.2;     653.4;
      2067;1991-2020;        46;     105.2;      94.3;     116.9;     104.4;     171.5;     180.4;     184.7;     184.9;     136.9;     111.8;       107;     111.3;    1609.3;
      2068;1991-2020;        46;      33.4;      24.2;      34.7;        31;      59.1;      52.5;      70.3;        61;      46.6;        39;      38.5;      35.7;     526.1;
      2069;1991-2020;        46;     126.6;       135;       146;      80.9;       126;     135.8;     149.9;     142.4;     109.6;     110.9;     118.4;       170;    1551.5;
      2070;1991-2020;        43;        47;        35;        41;        29;        43;        59;        69;        60;        54;        46;        43;        46;       572;
      2072;1991-2020;        46;      50.8;      43.8;      51.6;      48.6;      90.1;      93.6;       101;      91.6;      59.7;      60.5;      53.1;      60.3;     804.8;
      2073;1991-2020;        46;      73.4;      56.2;      61.1;      41.9;      66.4;      54.9;      72.2;      58.2;      63.5;      57.9;      62.3;      73.6;     741.6;
      2074;1991-2020;        45;      45.1;      42.3;      50.2;      53.6;      97.5;      92.7;     103.5;        84;      60.6;      66.1;      56.4;      57.2;     806.4;
      2075;1991-2020;        46;      37.2;        27;      36.4;      30.1;      60.4;      51.2;      65.6;      57.6;      47.2;      40.9;      41.1;      39.7;     534.3;
      2077;1991-2020;        46;        62;      49.4;      47.3;      40.9;      52.1;      59.3;      77.2;      68.2;      54.7;      62.2;      53.6;      64.8;     691.5;
      2078;1991-2020;        46;      72.9;      59.5;        53;      42.2;      56.5;      78.7;      91.4;       103;      88.9;      92.2;        78;      83.6;     899.9;
      2079;1991-2020;        46;        52;      41.9;        50;      39.5;      75.9;      79.3;      84.6;        74;      55.5;      54.6;        56;      58.4;     721.5;
      2080;1991-2020;        46;      47.9;      45.3;      49.4;      42.7;      70.3;      65.1;      73.2;        64;      55.8;      59.5;      60.5;      63.2;     696.9;
      2081;1991-2020;        46;      82.1;      72.6;      77.3;      60.3;        96;      86.5;      98.7;      84.9;      79.6;      88.5;        90;       103;    1019.5;
      2082;1991-2020;        46;      77.7;      69.7;      75.2;      58.3;        91;      83.1;      95.3;      80.8;      76.3;      84.6;      85.4;      98.6;       976;
      2083;1991-2020;        46;      47.2;      44.7;      48.4;      42.6;      68.2;      63.6;      74.5;      63.7;      54.6;      58.4;      58.5;      60.2;     684.5;
      2084;1991-2020;        46;      39.7;      29.4;      40.4;      30.6;      53.4;      49.1;      75.1;      49.9;        49;      38.5;      43.2;      41.3;     539.5;
      2085;1991-2020;        46;     118.7;      94.9;      90.5;      63.2;      92.3;        83;     112.1;      85.7;        87;      97.2;     100.2;     124.6;    1149.5;
      2086;1991-2020;        46;      40.8;      36.2;      43.5;      36.3;      63.4;      70.5;      83.2;      80.5;      49.3;      47.8;      44.3;      42.2;     637.8;
      2087;1991-2020;        46;      54.5;        44;      52.3;      39.8;      74.3;      81.5;      85.8;      79.8;      54.5;      59.7;      55.8;      62.1;     744.2;
      2088;1991-2020;        46;      69.6;      55.9;      65.3;      50.1;      79.5;      80.9;      89.8;        81;      57.1;      64.3;      65.1;        78;     836.5;
      2089;1991-2020;        46;      59.3;        47;      53.2;        46;      72.3;      71.4;      72.6;      62.8;      55.1;      54.7;      57.1;      69.5;     720.9;
      2090;1991-2020;        46;      61.4;      52.8;      53.9;      44.9;        68;      68.8;      71.3;      63.8;      53.6;      58.9;      60.5;      71.7;     729.8;
      2091;1991-2020;        46;      57.2;      51.1;      54.3;        45;      64.1;      59.9;        70;      57.8;      54.4;      54.8;      56.8;      66.6;     691.9;
      2092;1991-2020;        46;      69.5;      60.5;        61;      50.1;      75.2;      73.5;      83.1;      69.6;      63.8;      66.5;        66;      81.9;     820.6;
      2094;1991-2020;        46;     104.7;      93.7;      86.1;      65.2;      89.9;      81.5;     102.4;      86.4;        87;      92.7;     100.7;       122;    1112.4;
      2095;1991-2020;        46;      52.2;      45.9;      50.8;        39;      71.9;        66;      77.6;      65.1;      57.1;      62.1;      57.7;      66.5;     711.9;
      2096;1991-2020;        43;        52;        50;        53;        41;        70;        71;        78;        65;        57;        67;        60;        68;       732;
      2097;1991-2020;        46;      61.3;      56.4;      63.7;      67.8;       111;     117.1;     124.2;     106.3;      81.9;      75.1;      73.3;      80.1;    1018.1;
      2098;1991-2020;        46;      88.3;      74.8;        71;      54.9;      67.5;      78.4;      87.2;      95.6;      74.8;      80.9;      88.4;      99.5;     961.4;
      2099;1991-2020;        46;      97.8;      82.2;        76;      56.9;      69.2;      75.3;      89.9;      97.2;      80.8;      85.2;      92.1;     111.6;    1014.2;
      2101;1991-2020;        46;      79.6;      60.4;      64.8;      46.7;      69.4;      77.6;      95.5;      67.4;      71.3;      69.8;        74;      88.7;     865.1;
      2102;1991-2020;        46;      82.9;      65.9;      64.7;      47.1;      72.2;      68.4;        82;      77.4;      71.7;      67.1;      74.9;      92.6;     866.9;
      2103;1991-2020;        46;      55.7;      48.5;      52.5;      39.1;      70.2;      72.3;      88.5;      70.2;      53.8;      58.8;      57.6;      62.7;     729.9;
      2104;1991-2020;        43;        73;        65;        62;        48;        67;        70;        71;        76;        58;        61;        64;        78;       793;
      2105;1991-2020;        46;      68.8;      64.9;      61.8;      43.9;      56.7;      61.5;        65;      67.9;        55;      55.7;      59.3;      74.9;     735.4;
      2106;1991-2020;        46;      42.3;      32.6;      42.5;      34.6;      55.8;      52.6;      63.1;      49.8;      42.3;      39.3;      39.6;      40.8;     535.2;
      2107;1991-2020;        46;       114;     103.3;     118.9;     101.8;     157.8;     168.4;     173.6;     171.2;     133.7;       115;     127.5;     140.7;    1625.8;
      2108;1991-2020;        46;      52.7;      45.8;      57.8;      46.2;      74.5;      81.7;     101.4;      90.4;      67.9;      58.5;      59.2;        57;       793;
      2109;1991-2020;        43;       100;        86;        81;        62;        88;        76;        96;        79;        82;        89;        93;       115;      1047;
      2110;1991-2020;        45;      55.5;      52.7;      48.6;      38.2;      52.9;      62.3;      66.1;        66;      54.8;        56;      55.7;        66;     678.5;
      2111;1991-2020;        46;      38.3;      36.1;      40.8;        51;      83.7;      76.6;      74.4;      76.3;      64.4;      66.7;      53.9;      50.5;     712.8;
      2112;1991-2020;        46;      52.7;      72.2;      42.8;      36.6;      54.5;      61.1;      73.4;      59.6;      54.3;      38.8;      55.1;      62.7;     663.8;
      2113;1991-2020;        46;      49.9;      39.4;      55.3;      43.8;      87.9;      98.4;     109.1;      95.4;      69.2;      58.7;      52.3;      53.1;     812.4;
      2114;1991-2020;        46;      30.8;      26.2;        37;      30.3;      53.2;      51.2;      67.2;      54.1;      45.1;      35.7;      39.9;      38.7;     509.4;
      2115;1991-2020;        45;      62.6;      44.9;      41.8;      35.7;      40.3;        56;      67.8;      88.8;      88.2;      84.7;      76.1;      73.9;     760.8;
      2116;1991-2020;        46;      94.5;      81.6;      72.6;      59.7;      69.7;      73.3;      74.8;      76.5;      74.7;      76.8;      79.8;       105;     939.1;
      2117;1991-2020;        46;     143.8;     113.7;     101.1;      70.3;      76.6;      85.8;      92.4;      93.9;        93;      99.6;     115.2;       153;    1238.3;
      2118;1991-2020;        46;      54.5;      41.3;        43;      36.3;      57.4;      62.8;      78.5;      60.1;      51.6;      48.5;      54.2;      64.3;     652.4;
      2119;1991-2020;        46;     100.6;        80;      81.9;      49.5;      69.1;      80.8;      98.6;      82.4;      78.7;      79.1;      87.9;       111;     999.5;
      2120;1991-2020;        46;      49.4;      37.1;      44.8;      36.3;      55.7;      59.3;      69.4;      59.5;      52.3;      48.7;        49;      50.8;     612.1;
      2121;1991-2020;        46;      73.9;      58.4;      60.5;      55.3;      84.8;      75.6;      95.8;      76.4;      66.4;      67.9;      70.6;      72.8;     858.4;
      2122;1991-2020;        46;      66.4;      49.1;      46.1;      38.6;      56.3;      81.4;      91.4;        97;      87.8;      87.6;      72.7;        74;     848.3;
      2123;1991-2020;        46;      64.6;      50.1;      57.8;      41.1;      74.6;      85.4;      93.3;      90.1;      58.5;      60.5;      62.4;      70.3;     808.7;
      2124;1991-2020;        46;      61.8;      51.8;      55.2;      42.2;      73.8;      82.7;        86;      78.8;      58.1;      59.3;      60.1;      68.2;     777.9;
      2125;1991-2020;        46;      80.7;      61.1;        64;      49.1;      74.1;      74.9;      93.4;      79.7;      70.5;      71.3;      76.2;      82.2;     877.2;
      2126;1991-2020;        46;      73.5;      55.9;      60.7;      45.2;      64.9;      70.7;      83.2;      70.1;      60.7;      63.4;      68.3;      72.1;     788.8;
      2127;1991-2020;        46;     117.3;      98.5;      92.8;      65.3;      82.3;      86.2;     106.5;     103.4;      89.5;      95.1;     102.7;     117.1;    1156.7;
      2128;1991-2020;        46;      77.7;      67.5;        61;      41.7;      56.7;      83.5;      94.2;      88.3;      82.5;      83.2;        75;      86.7;     897.9;
      2129;1991-2020;        46;      53.5;      51.2;        54;      45.2;      71.4;      69.9;      77.9;      70.5;      58.8;      59.6;        63;      67.4;     742.4;
      2130;1991-2020;        46;      69.4;      55.1;      53.6;      42.8;      58.3;      66.2;        84;      77.1;      64.6;      64.3;      59.2;      71.9;     766.4;
      2131;1991-2020;        46;        81;      68.4;      73.1;      49.2;      85.7;      92.6;     102.9;      93.2;        69;      67.3;      72.3;      84.7;     939.4;
      2132;1991-2020;        46;      99.5;      81.3;      89.5;      53.5;      94.7;     101.8;       114;      99.7;        80;      76.6;      82.9;     105.9;    1079.4;
      2133;1991-2020;        46;      57.4;      44.2;      45.4;      36.8;      60.4;      59.5;      74.1;      59.3;      54.5;      52.6;      55.5;      67.8;     667.6;
      2134;1991-2020;        46;      63.6;      56.5;      57.4;        47;        70;      89.2;      91.2;        85;      65.8;      69.3;      66.1;      73.2;     834.3;
      2135;1991-2020;        46;      76.4;      66.3;      65.5;      51.7;      72.3;      84.7;      89.3;      90.1;      70.2;      71.5;      74.1;      83.6;     895.5;
      2136;1991-2020;        46;      74.1;        58;      52.9;      41.3;      54.1;      76.4;      88.2;      97.1;      85.7;      91.8;      75.2;      86.5;     881.2;
      2137;1991-2020;        46;      78.1;      64.6;      60.6;      41.1;      62.4;      75.9;      87.3;      83.5;      69.6;      76.5;      71.9;      86.4;     858.1;
      2138;1991-2020;        46;      53.4;      53.6;      53.2;      46.6;        74;      70.8;      79.5;        73;      60.2;      64.1;      63.2;      67.7;     759.2;
      2139;1991-2020;        43;        72;        67;        69;        55;        83;        79;        89;        81;        69;        79;        83;        92;       918;
      2140;1991-2020;        43;        77;        58;        56;        44;        56;        76;        93;        73;        69;        67;        64;        77;       810;
      2141;1991-2020;        46;      43.9;      48.7;      50.4;      60.1;      94.9;      89.9;        95;        79;        68;      71.5;        66;      54.2;     821.5;
      2142;1991-2020;        46;      81.5;      62.1;      62.1;      45.5;      60.6;      58.3;      79.1;      71.6;      64.3;      70.4;      71.4;      89.7;     816.6;
      2143;1991-2020;        46;      30.3;      26.6;      35.3;      29.8;      56.8;      54.7;      74.1;      51.3;      44.1;      35.4;      41.3;      37.9;     517.5;
      2144;1991-2020;        46;     107.3;      75.7;      78.1;        53;      73.7;      64.3;      84.9;      67.6;      68.4;      84.9;      82.4;     115.6;     955.9;
      2145;1991-2020;        46;      57.9;      48.1;      58.5;      44.6;      71.5;      65.8;      77.9;      54.5;      55.9;      65.4;      61.4;      70.7;     732.3;
      2146;1991-2020;        46;      56.1;      46.7;      53.6;      60.1;      95.3;     100.5;     111.4;      94.3;      68.7;      64.3;      63.3;        68;     882.4;
      2147;1991-2020;        46;      79.6;      62.2;      59.8;      46.3;      62.5;      70.3;      79.1;      76.6;      69.1;        70;      67.6;      79.7;     822.8;
      2148;1991-2020;        43;        58;        43;        49;        39;        65;        58;        75;        60;        52;        52;        54;        61;       666;
      2149;1991-2020;        46;      38.4;      29.1;      36.1;      31.4;      52.7;      49.4;      62.6;      51.9;      43.5;      38.1;      43.2;        42;     518.6;
      2150;1991-2020;        46;      47.1;      37.5;      40.6;      30.6;      51.4;      60.2;      69.6;      60.2;      56.8;      54.8;      46.9;      50.4;     605.9;
      2151;1991-2020;        46;      49.8;      42.2;      45.9;        37;      66.6;      57.9;      76.6;      58.9;      52.8;        50;      53.9;      54.8;     646.4;
      2152;1991-2020;        46;      60.6;      49.1;      53.5;      41.8;      68.4;      60.4;      84.8;      64.2;      57.8;      57.1;      62.5;      67.5;     727.7;
      2153;1991-2020;        46;      75.4;      56.4;        57;      43.5;      53.2;      67.7;      78.6;      72.8;      59.8;        67;      62.7;      73.3;     767.2;
      2154;1991-2020;        46;      99.9;      83.9;      73.2;      56.2;      81.2;      74.9;      73.2;      70.5;        67;      85.1;      91.2;     122.2;     978.6;
      2155;1991-2020;        46;     112.4;      87.5;      82.8;      59.2;      80.5;      73.6;      82.9;      78.2;      80.1;      93.7;      99.9;     129.5;    1060.3;
      2156;1991-2020;        46;      73.5;      63.8;      58.3;      42.9;      60.5;      74.6;      83.6;      81.6;      70.7;      66.1;      68.9;      79.5;     823.8;
      2157;1991-2020;        46;      71.9;      62.5;      56.3;      42.3;      59.1;      68.7;      80.4;      78.9;      68.8;      66.6;        68;      78.7;     802.3;
      2159;1991-2020;        43;        52;        46;        49;        44;        79;        78;        83;        70;        52;        61;        55;        62;       731;
      2160;1991-2020;        46;        56;      47.4;      54.5;        45;      68.2;        58;      82.6;      60.5;      58.2;      52.1;        56;      63.4;     701.8;
      2161;1991-2020;        46;      52.1;      44.8;      50.7;      38.8;      65.7;      70.9;      79.8;      61.1;      49.9;      58.7;      54.7;      61.5;     688.6;
      2162;1991-2020;        46;      53.2;      47.6;      54.8;      39.1;      64.9;      70.5;      78.9;      62.1;      47.5;      61.5;      56.1;      64.5;     700.8;
      2163;1991-2020;        46;      67.9;      50.5;      54.6;      39.1;        61;      55.3;      75.4;      55.9;      55.9;      56.5;      63.4;      69.4;     704.9;
      2166;1991-2020;        46;      51.3;      43.9;      49.5;      33.5;      57.1;      74.2;        94;      74.7;      58.5;      46.2;      48.8;      50.7;     682.4;
      2167;1991-2020;        46;        65;      56.7;      50.7;      39.7;      62.6;      55.4;      59.9;      56.3;      51.3;      60.1;      61.2;      79.5;     698.3;
      2168;1991-2020;        46;      70.3;      56.9;      59.9;      44.7;      70.1;      83.7;      88.3;      70.5;      66.4;        64;      68.6;      76.2;     819.6;
      2169;1991-2020;        46;     152.7;     120.1;     107.5;      73.2;      80.7;      87.3;     112.2;     106.2;     101.1;     111.5;       124;     154.5;    1330.9;
      2170;1991-2020;        43;        97;        77;        73;        55;        73;        78;        81;        85;        77;        82;        87;       114;       979;
      2171;1991-2020;        45;      51.3;      39.3;        46;      40.6;      66.9;      57.9;      83.3;      60.4;      50.1;      52.8;      52.3;      53.5;     654.4;
      2172;1991-2020;        46;      71.1;      55.4;      57.4;      41.3;      50.9;        70;      77.7;      71.3;      70.3;      65.9;      64.4;      77.4;     772.9;
      2173;1991-2020;        46;      85.7;      73.8;      65.1;      48.6;      63.7;      74.5;      86.4;      82.3;      73.4;      73.4;      76.5;        91;     894.4;
      2174;1991-2020;        43;        77;        56;        61;        46;        70;        71;        89;        77;        66;        69;        70;        77;       829;
      2175;1991-2020;        46;     112.9;      78.4;      86.8;      61.7;      83.9;      88.7;       108;      97.1;      87.2;        93;      97.5;     108.4;    1103.4;
      2176;1991-2020;        46;      80.3;      58.7;      61.6;      47.1;      75.1;      72.5;      90.8;      79.2;      69.1;      72.6;      74.3;      81.4;     862.9;
      2177;1991-2020;        46;      50.4;        36;      43.5;      32.1;      52.9;      53.7;      72.2;      62.1;      47.1;      39.7;        47;      47.9;     584.6;
      2178;1991-2020;        46;      56.3;      48.1;      51.6;      37.9;      66.6;      68.1;        87;      66.2;      53.5;      57.1;      57.8;        65;     715.2;
      2179;1991-2020;        46;      68.4;      63.5;      59.8;      45.7;      62.5;      72.4;      71.2;      76.2;      60.9;      61.9;      64.6;      78.1;     785.2;
      2180;1991-2020;        46;      54.9;        40;      43.8;        30;        48;      63.3;      69.4;      55.1;      51.2;      51.2;      44.8;        53;     604.7;
      2181;1991-2020;        43;        69;        55;        56;        41;        57;        69;        87;        80;        79;        67;        69;        74;       803;
      2182;1991-2020;        46;      78.7;      63.8;      67.4;      50.9;      75.8;      73.4;      90.2;      66.6;      73.4;      71.7;      72.9;      82.1;     866.9;
      2183;1991-2020;        46;      89.7;      69.8;      70.1;        54;      81.1;      76.3;      96.8;      75.1;      75.9;      73.6;      82.6;        92;       937;
      2184;1991-2020;        43;        71;        56;        60;        48;        72;        73;        85;        66;        67;        67;        68;        73;       806;
      2185;1991-2020;        46;        43;      33.7;      44.5;      33.5;      57.5;      55.2;      68.5;      60.4;      49.1;      45.2;      43.5;      44.2;     578.2;
      2186;1991-2020;        46;      86.4;      75.6;      74.9;      57.1;      86.8;      67.6;      86.1;        81;      69.9;      85.9;      84.8;     105.3;     961.4;
      2188;1991-2020;        46;      75.1;        54;      57.3;        44;        59;      62.6;      78.1;      73.4;      62.9;      64.2;      65.1;      76.1;     771.7;
      2189;1991-2020;        46;      33.9;      26.2;      35.6;        34;      61.5;        54;      71.6;      54.6;        47;      39.3;      40.1;      39.6;     537.4;
      2190;1991-2020;        46;        78;      59.5;        61;      46.1;      61.7;      66.7;        81;      67.2;      63.5;      66.5;      69.5;      78.5;     799.1;
      2191;1991-2020;        46;      58.4;      47.3;      58.6;      52.7;      93.7;     101.5;     103.4;     101.3;        70;      63.1;        61;      63.3;     874.4;
      2192;1991-2020;        46;      34.5;      26.8;      36.1;      31.4;      60.6;      52.2;      68.5;      51.3;      50.6;      36.8;      40.8;      38.6;     528.2;
      2193;1991-2020;        46;      65.8;      51.9;      57.4;      45.2;      74.5;      75.8;      94.9;      75.6;      68.9;      65.9;      69.8;      77.2;       823;
      2194;1991-2020;        43;        83;        64;        79;        55;        91;        89;       104;        87;        68;        78;        79;        92;       969;
      2195;1991-2020;        46;      33.3;      29.7;      38.8;      32.6;      61.2;      63.2;      77.2;      61.2;        54;      43.3;        46;      39.5;       580;
      2196;1991-2020;        46;      39.1;      30.4;      40.5;      33.2;      60.5;      56.9;      72.2;      54.7;      48.1;      41.4;      40.4;      40.1;     557.4;
      2197;1991-2020;        46;      54.5;        49;      47.6;        42;      63.3;      65.7;      74.9;      64.9;      52.1;      55.1;      55.5;      64.3;     688.9;
      2198;1991-2020;        46;      70.7;      57.8;      63.6;      44.8;      72.1;      69.2;      89.8;      68.7;      66.4;      64.6;      68.5;      75.3;     811.4;
      2199;1991-2020;        46;      69.8;      57.1;      62.1;        44;      76.4;      72.4;      91.7;      72.8;      68.2;      61.3;      69.2;      75.8;     820.8;
      2200;1991-2020;        46;        75;        58;      55.2;      42.1;      58.5;      65.3;      78.6;      72.9;      66.3;        66;      63.7;      73.2;     774.8;
      2201;1991-2020;        43;        40;        31;        33;        28;        42;        55;        56;        63;        52;        52;        48;        47;       547;
      2202;1991-2020;        46;      72.9;      56.9;      58.9;      44.3;      65.4;      63.8;      89.6;      63.9;      65.7;      61.3;      71.3;      84.9;     798.9;
      2203;1991-2020;        46;      75.2;      63.9;      61.3;      51.8;      62.5;      78.9;      82.3;      86.8;      72.3;      73.1;      75.2;      85.2;     868.6;
      2204;1991-2020;        46;      78.9;      64.1;      67.4;      50.8;      77.2;      74.6;      91.7;      75.1;      66.9;        74;      73.6;      87.3;     881.6;
      2205;1991-2020;        46;      89.3;      75.2;      76.1;      56.7;      91.6;      77.8;     106.3;        83;      76.8;      83.6;      80.6;      98.1;     995.1;
      2206;1991-2020;        46;      61.6;      47.1;      51.8;      40.5;      64.2;      60.9;      74.9;      63.6;      56.7;      61.5;        54;      62.2;       699;
      2208;1991-2020;        46;      58.5;      44.8;      50.6;      38.9;      60.2;      58.6;      71.8;      65.2;      53.7;      59.6;      51.7;      58.8;     672.4;
      2209;1991-2020;        46;      51.4;      44.5;      49.3;      42.6;      81.1;      80.9;      88.5;      72.9;      56.8;      60.3;        55;      59.9;     743.3;
      2210;1991-2020;        46;      64.1;      53.7;      71.1;        58;     107.9;       119;     126.3;     115.2;      81.4;        72;      64.8;      69.1;    1002.8;
      2211;1991-2020;        45;      95.2;      77.1;      78.5;      54.6;      70.8;      78.7;      89.3;      84.5;      75.5;      82.1;      88.5;     105.9;     979.6;
      2212;1991-2020;        46;      52.1;      39.5;      54.7;      49.2;      90.3;      99.6;     105.7;      94.2;      62.7;      58.3;      55.9;      57.2;     819.4;
      2213;1991-2020;        46;      82.6;      67.2;      60.6;      46.3;      70.7;      63.9;      64.6;      67.4;      61.8;      68.5;        69;      92.9;     815.4;
      2214;1991-2020;        46;      71.6;      59.5;      63.2;      51.1;      68.7;      77.3;        88;      75.8;      73.1;      67.7;      68.3;        81;     845.4;
      2215;1991-2020;        46;      51.9;      42.7;      51.4;      40.8;      73.7;      78.6;      83.6;      74.8;      55.8;      56.3;      57.2;      58.9;     725.6;
      2216;1991-2020;        46;      67.4;      54.2;      55.7;      41.8;      68.6;      83.1;      84.6;      75.5;      64.6;      60.3;      59.6;      74.8;     790.2;
      2217;1991-2020;        46;     145.7;       124;     173.9;     130.5;     208.1;     236.8;     288.6;     268.5;     193.7;     144.7;     151.9;     173.8;    2240.1;
      2218;1991-2020;        46;     117.7;      99.3;     131.6;     113.6;     193.2;     235.7;     248.1;     243.6;     178.5;     135.7;     119.9;     135.2;    1952.2;
      2219;1991-2020;        46;      98.1;      87.9;       117;       101;       170;     207.5;     221.4;       215;     154.4;     115.5;     103.7;     113.6;    1705.1;
      2220;1991-2020;        46;     121.9;     113.8;     141.1;     113.4;       192;       220;       252;     239.7;     180.3;       125;     121.8;     140.8;    1961.9;
      2222;1991-2020;        46;     127.6;     111.4;     149.2;     116.6;     196.2;     215.5;     237.4;     223.3;     166.2;     130.1;     125.1;     142.1;    1940.7;
      2223;1991-2020;        46;      45.8;      36.8;      40.2;      34.1;      59.8;        52;      78.6;      52.5;      51.9;        47;      48.1;      54.5;     601.1;
      2224;1991-2020;        46;      83.6;      73.8;      81.7;      57.1;      88.3;        91;      98.2;      80.9;      68.9;        83;      83.4;     102.5;     992.4;
      2225;1991-2020;        46;        71;      57.8;      69.1;        44;      73.6;      85.9;     104.6;        93;      67.9;      64.1;      65.2;      73.1;     869.3;
      2226;1991-2020;        46;        97;      72.5;      69.3;      47.7;      72.1;      75.5;      99.5;      75.1;      77.7;      73.8;      86.4;     107.6;     954.3;
      2227;1991-2020;        46;     125.4;     112.4;     152.1;     115.9;       194;       208;     234.7;       217;     170.5;       122;     113.2;     127.3;    1892.5;
      2228;1991-2020;        46;     127.5;     112.1;     104.8;      89.5;     123.8;     109.6;     122.9;     102.3;      91.9;     119.5;     123.2;     153.4;    1380.6;
      2229;1991-2020;        46;      79.8;      68.3;      73.1;      49.5;      83.7;      76.4;      96.7;      82.8;      65.6;      73.4;      72.9;        99;     921.1;
      2230;1991-2020;        46;      52.3;        43;      45.7;      38.8;      63.4;      70.8;      86.2;      61.2;      62.2;      54.7;      57.9;      59.1;     695.3;
      2231;1991-2020;        46;      56.7;      45.6;      50.6;      36.9;      66.3;      77.5;      75.9;      68.4;      59.4;      55.5;      55.6;      63.9;     712.2;
      2232;1991-2020;        46;     117.5;      89.3;      86.4;      62.2;        84;        81;     110.8;      76.7;      88.9;      90.1;     106.1;     127.1;    1120.1;
      2233;1991-2020;        46;      54.7;      44.4;      51.4;      38.5;      59.8;      71.9;      83.2;      74.2;      61.6;        52;      55.2;      61.4;     708.1;
      2234;1991-2020;        46;        46;      35.2;      43.1;      31.8;      57.9;      56.7;      70.7;      66.1;      47.5;      44.9;      46.8;      46.3;       593;
      2235;1991-2020;        46;     100.1;      88.8;      89.8;      57.8;      78.4;      69.2;      87.5;      75.5;      73.8;      84.3;      91.3;     120.5;    1016.9;
      2237;1991-2020;        46;      61.2;      44.8;        47;      34.6;      49.9;      64.2;      81.2;      63.2;      45.7;      51.3;      49.2;        56;     648.3;
      2238;1991-2020;        46;      48.5;      38.4;      46.9;      40.8;      75.2;      79.4;      90.6;      77.7;      51.6;      57.3;      52.1;      59.3;     717.9;
      2239;1991-2020;        46;      33.8;      33.1;      34.8;      32.1;      53.7;      48.4;      58.4;      54.9;      42.6;        45;      42.5;      46.8;     525.9;
      2240;1991-2020;        46;      35.3;      32.4;      32.5;      29.8;      54.8;      53.4;        59;      47.8;      42.4;        41;      40.5;        43;     511.9;
      2241;1991-2020;        46;      47.1;      41.9;      51.7;      60.8;     100.4;     110.6;     117.7;     108.2;        74;      64.8;      58.3;      58.8;     894.4;
      2242;1991-2020;        46;      37.6;      35.2;      35.1;      34.5;      50.2;      54.4;        61;      55.5;      45.4;      48.9;      44.5;      49.6;       552;
      2243;1991-2020;        46;     141.1;     120.5;     158.8;       109;     185.3;     228.1;     248.7;       218;     180.5;     103.2;      93.8;      96.8;    1883.8;
      2245;1991-2020;        46;      65.7;      58.7;      62.8;      51.2;      81.1;      64.6;        86;      71.1;        61;      66.5;      65.5;      79.5;     813.7;
      2246;1991-2020;        46;      71.9;      58.5;        57;      43.6;      62.4;      62.5;      64.6;      63.1;      62.1;      64.3;      65.6;      80.5;       756;
      2247;1991-2020;        46;      82.6;      66.7;      57.8;      43.8;      71.4;        69;      70.1;      68.1;      63.3;        72;      74.8;      97.7;     837.3;
      2248;1991-2020;        46;      56.9;        46;      56.9;      40.4;      65.3;      65.2;      85.9;      78.3;      60.3;      55.3;      58.3;      59.6;     728.4;
      2249;1991-2020;        46;      85.2;        75;      73.2;      52.7;      77.1;      73.4;      74.7;      73.9;        70;        80;      83.8;     107.2;     926.2;
      2250;1991-2020;        46;      68.1;        56;      65.2;      48.6;      91.2;     102.6;     111.4;      97.3;      72.2;      65.7;      63.8;      75.1;     917.1;
      2251;1991-2020;        46;      61.3;      52.6;      56.3;        40;      67.4;      58.9;      72.9;      56.9;      52.8;      59.2;      56.5;      74.9;     709.7;
      2252;1991-2020;        43;        45;        39;        48;        33;        59;        76;        78;        79;        53;        46;        45;        49;       650;
      2253;1991-2020;        46;      67.8;      44.7;      43.5;      36.2;      42.5;      60.3;      64.9;      82.7;      81.6;      95.7;      85.5;      77.6;       783;
      2254;1991-2020;        43;        70;        55;        54;        41;        51;        70;        74;        79;        65;        66;        64;        75;       764;
      2255;1991-2020;        46;      74.7;      66.7;      64.4;      52.4;      79.6;      71.8;      83.3;      77.4;      69.4;      74.4;      76.6;      88.2;     878.8;
      2256;1991-2020;        46;      49.9;      36.2;      43.2;      33.7;      51.4;      55.3;      65.5;      55.4;        49;      46.4;      47.4;      51.3;     584.7;
      2257;1991-2020;        46;      77.9;      58.8;      59.3;        46;        63;      69.1;      83.9;      82.6;      70.5;      71.5;      73.9;      78.4;     834.8;
      2258;1991-2020;        46;      70.8;        57;      57.3;      43.6;      58.9;      67.6;      78.2;      71.9;      60.3;      65.7;      62.1;      72.6;     766.1;
      2259;1991-2020;        46;      77.8;      59.7;      63.3;      45.5;      59.2;      64.9;      76.7;      72.3;      61.5;      68.7;      65.4;      80.1;       795;
      2260;1991-2020;        46;      52.1;      44.7;      47.7;      37.4;        59;      67.9;      86.2;      73.3;      60.4;      54.2;      52.6;      59.6;     694.9;
      2261;1991-2020;        45;      55.3;        46;      49.3;      38.5;      58.8;      69.5;      86.6;      75.3;      61.4;      55.5;      54.7;      61.7;     712.6;
      2262;1991-2020;        46;      63.3;      53.1;      56.7;      44.9;      80.2;      73.5;      95.7;      78.1;      66.5;      68.7;        66;      73.1;     819.7;
      2263;1991-2020;        46;      60.5;      47.2;        50;      41.9;      66.6;      64.4;      79.7;      66.4;      57.4;      57.2;      57.7;      61.1;     710.1;
      2264;1991-2020;        46;      65.5;      50.3;      54.3;      45.8;      68.5;      69.6;      85.3;      70.1;      62.9;      63.4;      62.9;      67.1;     765.6;
      2265;1991-2020;        46;      64.4;      51.5;      54.6;      44.4;      68.5;      71.1;      88.7;      74.8;      62.3;      62.8;      64.2;      66.7;       774;
      2266;1991-2020;        46;      58.2;        50;      49.5;      42.4;      65.2;      64.3;      75.1;      62.6;      52.6;      60.9;      59.2;      71.6;     711.5;
      2267;1991-2020;        46;      46.6;      41.4;      41.4;        37;      54.7;      58.1;      69.9;      64.3;      48.6;      52.4;      51.1;      61.1;     626.4;
      2268;1991-2020;        45;      53.8;      41.9;      41.8;      37.6;      58.4;      61.2;      78.6;      51.1;      53.5;      50.3;      55.6;      62.7;     644.1;
      2271;1991-2020;        46;        50;      38.9;        42;      29.4;      51.3;      59.6;      74.5;      58.1;      50.1;      41.3;      42.6;      48.7;     586.5;
      2272;1991-2020;        46;      54.7;      44.2;      44.1;      35.7;      47.8;      68.5;      67.8;      68.2;      55.2;      52.3;      50.5;        57;       646;
      2273;1991-2020;        46;      69.9;        53;      51.8;      46.4;      61.1;      60.5;      76.2;      69.1;      55.2;      61.1;      62.2;        79;     745.6;
      2274;1991-2020;        46;      44.4;      33.3;      42.7;      35.6;      59.2;      68.5;      82.7;      74.4;      56.9;      49.1;      45.5;      48.7;     641.2;
      2275;1991-2020;        46;      41.2;      33.7;      40.1;      32.2;      58.7;      56.1;        72;      53.1;      46.1;      41.4;      46.2;      45.7;     566.5;
      2276;1991-2020;        46;      41.4;      34.7;      40.1;      31.1;      49.4;      54.8;      79.1;      51.7;      46.6;      40.5;      43.4;      44.2;       557;
      2277;1991-2020;        46;      61.5;        56;      69.9;      65.3;     115.1;       130;     133.6;     124.6;      86.5;      69.6;      66.8;      68.2;    1047.1;
      2278;1991-2020;        46;      51.1;      37.6;      42.9;        32;      52.9;      53.2;      78.4;        66;      47.7;      41.3;        47;      48.2;     598.3;
      2279;1991-2020;        46;      85.5;      65.5;      66.2;        49;      70.7;      75.1;      88.1;      74.5;      68.6;      78.2;      73.2;      85.9;     880.6;
      2280;1991-2020;        46;      62.9;      50.5;      54.1;      38.2;      61.2;      74.1;      78.2;        71;      60.5;      54.7;      56.8;      68.8;     731.1;
      2281;1991-2020;        46;      32.4;      24.5;      32.8;      28.7;      58.9;      46.7;        65;      58.1;        45;      35.4;        37;      36.3;     500.7;
      2282;1991-2020;        46;      67.9;      55.1;      58.4;      43.9;      70.9;      77.9;      90.3;      80.2;      59.2;      60.4;      62.5;      77.2;       804;
      2283;1991-2020;        46;        65;        50;      51.9;      38.3;      54.2;      66.1;      80.8;      71.2;      51.3;      56.5;      54.2;      61.2;     700.7;
      2284;1991-2020;        46;      42.7;        34;      35.7;      27.3;      46.4;      54.7;      66.9;      54.3;      46.6;      42.8;      39.8;      41.4;     532.7;
      2285;1991-2020;        46;      54.9;        45;        58;      51.1;      94.7;      97.1;     107.9;      96.8;      71.5;        63;        59;      61.2;     860.3;
      2286;1991-2020;        46;      96.7;      77.2;      81.6;      54.8;      63.3;        73;      86.6;      74.9;      77.8;      84.5;      85.1;      96.5;     952.1;
      2288;1991-2020;        43;        34;        29;        39;        33;        59;        58;        80;        60;        51;        40;        44;        38;       565;
      2290;1991-2020;        45;        58;      52.9;      67.5;      73.1;     135.7;     153.7;     151.7;     161.3;     104.9;      78.2;      67.2;      62.6;    1166.8;
      2291;1991-2020;        46;      40.6;      31.1;        35;      25.1;      52.1;      55.5;        61;        55;      49.7;      41.8;      38.8;      40.7;     526.3;
      2292;1991-2020;        46;      63.6;      56.7;      65.3;      58.3;       100;      91.8;     107.4;      91.5;      64.2;      67.7;        64;      74.8;     905.1;
      2293;1991-2020;        46;      57.1;      48.9;      49.5;      41.5;        60;        64;      66.7;      57.4;      53.1;      54.4;      55.2;      66.3;     674.3;
      2294;1991-2020;        46;      55.6;        46;      55.9;        44;      79.1;      85.6;      90.3;      83.1;      59.7;      56.6;      55.4;      60.9;       772;
      2295;1991-2020;        46;      34.8;      31.2;      40.9;        39;      67.2;      68.8;      88.5;      70.7;      57.4;      44.7;      47.1;      42.7;     633.1;
      2296;1991-2020;        46;      77.2;      61.5;      67.9;      52.3;      90.5;     108.6;     106.9;       101;      73.8;      70.5;      68.1;      82.3;     960.6;
      2298;1991-2020;        46;      83.9;      66.3;      60.5;      41.9;      62.6;      83.1;      95.2;      88.4;      83.1;      83.6;      78.1;      92.5;     919.3;
      2299;1991-2020;        46;      44.4;      32.8;      39.6;      28.5;      54.5;      56.6;      67.9;      57.1;      49.4;      42.7;      41.9;      46.8;     562.1;
      2300;1991-2020;        46;      45.2;        36;      40.4;      29.6;      47.5;      64.7;      69.2;      55.9;      46.4;      46.6;        40;      44.3;     565.7;
      2301;1991-2020;        46;     111.3;        84;        84;      62.8;      92.1;      83.5;     113.3;      84.7;      89.8;      88.6;     100.4;     114.3;    1108.9;
      2302;1991-2020;        46;      33.8;      28.9;      41.7;      36.2;      63.8;      57.5;      79.1;        65;      50.4;        42;      46.4;      40.3;     585.1;
      2303;1991-2020;        43;        72;        55;        53;        40;        57;        74;        87;        87;        78;        80;        68;        80;       831;
      2304;1991-2020;        46;        57;      48.2;      60.2;      46.3;      75.6;      82.1;     104.2;      91.4;      67.5;      58.2;        60;      60.2;     810.8;
      2305;1991-2020;        46;      66.5;      50.1;      51.4;      39.7;      52.5;      60.8;      79.4;      70.5;      54.3;      62.4;      56.1;      64.4;     708.2;
      2306;1991-2020;        45;      61.7;      49.2;      45.6;      35.7;      49.7;      64.3;      67.5;      74.2;      58.2;        58;      55.1;      62.5;     681.7;
      2308;1991-2020;        46;      71.4;      62.7;      58.5;      43.3;      58.4;      69.5;      79.1;      77.1;      65.6;        70;      62.9;      82.9;     801.3;
      2309;1991-2020;        46;      40.1;      29.8;      35.6;      28.7;      55.4;      52.2;      71.4;      57.8;      45.1;      39.1;      39.4;      38.6;     533.3;
      2310;1991-2020;        46;        72;      53.7;      56.7;      41.6;      60.7;      67.2;      84.3;      65.5;      68.7;      60.5;      67.6;      80.7;       779;
      2311;1991-2020;        46;      51.8;      38.2;      40.4;      34.3;      62.5;      56.9;      75.9;      55.8;      49.9;      46.9;        51;      61.4;     624.9;
      2312;1991-2020;        46;      59.8;      49.6;      47.1;        37;      48.7;        67;      81.5;      69.3;      53.6;      55.1;      53.2;      60.8;     682.7;
      2313;1991-2020;        46;      68.7;      55.9;      52.4;      42.3;        56;      72.9;      90.1;      86.8;      84.2;      77.8;      73.9;      77.7;     838.6;
      2314;1991-2020;        46;      44.7;      32.8;      38.9;      29.9;      50.8;      53.8;      70.9;      58.6;        45;      38.5;      44.1;      44.3;     552.3;
      2316;1991-2020;        46;      71.2;      54.6;      50.4;      38.3;      54.1;      68.9;        81;      85.1;      72.4;      73.1;      65.6;        72;     786.8;
      2317;1991-2020;        46;      88.4;      75.2;      79.6;      56.4;      85.5;      98.4;     110.3;       106;      84.4;      80.7;      80.9;      89.8;    1035.5;
      2318;1991-2020;        46;      54.4;      49.4;      50.6;      43.6;      64.2;      66.4;      72.2;      64.4;      52.2;      54.9;      54.7;        64;       691;
      2319;1991-2020;        45;        90;      81.2;      97.3;      83.5;     139.5;     153.9;       161;     153.8;       111;      92.9;      90.6;      96.4;      1351;
      2321;1991-2020;        46;      94.6;      86.9;     110.7;        96;     150.8;     159.6;     165.5;     176.1;     118.9;      98.8;      97.3;     102.3;    1457.5;
      2322;1991-2020;        46;      52.7;      48.1;      48.7;      37.6;      62.3;      61.9;      70.9;      61.4;      50.7;      54.1;      55.4;      64.5;     668.3;
      2323;1991-2020;        43;        72;        57;        59;        45;        60;        65;        78;        70;        58;        67;        61;        72;       764;
      2324;1991-2020;        46;     103.8;      79.5;      84.6;      59.8;      77.7;      82.7;     101.8;      88.2;      84.3;      89.9;      91.2;     103.4;    1046.9;
      2325;1991-2020;        46;      35.5;      31.2;      33.5;      36.2;      60.7;        56;      75.8;      58.9;      47.5;      44.2;      39.9;      36.8;     556.2;
      2326;1991-2020;        46;      69.4;      54.8;      58.7;      52.2;        77;      69.4;      87.4;      74.9;      62.4;      66.8;      69.2;      70.9;     813.1;
      2327;1991-2020;        46;      61.6;      48.2;      50.7;      45.8;      72.2;      66.7;      76.4;      73.3;      58.2;      60.7;      58.3;      65.7;     737.9;
      2328;1991-2020;        46;      62.7;      52.4;      49.5;      37.1;        62;      55.1;      66.5;        54;      52.4;      59.3;      63.4;      80.5;     694.8;
      2329;1991-2020;        46;      78.4;      64.5;      59.9;      45.1;      66.1;      57.2;        71;      54.7;      61.8;      68.9;      69.7;      92.8;     790.1;
      2330;1991-2020;        46;      71.6;      57.6;      54.5;      44.2;      70.3;      62.7;      72.4;      59.4;      61.2;      68.1;        67;      83.7;     772.7;
      2331;1991-2020;        45;      72.2;      62.9;      59.1;      44.2;      65.1;      63.9;      72.1;      66.1;      60.6;      68.8;      73.4;      95.3;     797.1;
      2332;1991-2020;        43;        48;        40;        48;        41;        60;        73;        79;        75;        60;        54;        53;        57;       688;
      2333;1991-2020;        46;      71.6;      62.4;      65.2;      51.4;      72.6;      92.5;      94.6;      95.1;      75.6;      74.1;      74.2;      83.8;       913;
      2334;1991-2020;        46;      61.1;      46.6;      49.3;      36.8;      52.7;        66;      75.9;      64.7;        56;      56.5;      54.8;      62.3;     682.7;
      2335;1991-2020;        46;      39.3;      37.6;        41;      34.5;      51.4;      61.2;      67.4;        60;      51.7;      47.2;      44.6;      53.3;     589.3;
      2336;1991-2020;        46;      52.7;      39.8;      42.5;      30.5;      45.4;      62.2;      68.5;      60.4;      50.6;      49.8;        44;      48.5;     594.9;
      2339;1991-2020;        46;      74.4;      62.4;      65.5;      54.2;      88.2;      75.9;      90.9;      73.6;      56.6;      70.2;      68.4;      83.3;     863.7;
      2340;1991-2020;        46;      77.8;      64.3;      64.2;      57.5;      84.5;      70.4;     102.1;        75;      56.4;      72.5;      68.1;      86.8;     879.6;
      2341;1991-2020;        46;      76.6;      76.8;      81.6;      86.8;     131.7;     109.7;     122.6;     108.1;      98.3;     100.3;     100.9;     103.1;    1196.5;
      2342;1991-2020;        46;      64.1;      61.2;      69.8;      73.6;     112.7;     113.8;     117.4;     106.1;        83;      79.9;      79.1;      86.5;    1047.3;
      2343;1991-2020;        46;      48.4;      40.6;        46;      37.2;      64.5;      51.6;      69.1;      53.9;      52.2;      46.5;        49;      52.9;     611.9;
      2344;1991-2020;        46;      88.7;      69.8;      71.6;      50.1;      72.8;      85.1;     106.4;      85.7;      82.6;      80.3;      84.1;      98.8;       976;
      2345;1991-2020;        46;     111.8;      85.1;      83.9;      58.7;      69.2;      73.9;      96.3;      88.4;      85.5;        93;      93.1;     114.2;    1053.2;
      2346;1991-2020;        46;     129.5;     100.2;        95;      64.7;      78.7;      82.7;     110.2;     102.5;       101;     104.8;       111;     132.3;    1212.4;
      2347;1991-2020;        46;      64.8;        50;      51.1;      39.8;      54.9;      63.1;      77.4;      68.3;      56.5;      63.5;      56.1;      66.2;     711.6;
      2348;1991-2020;        46;      41.7;      29.7;      39.2;      31.9;      52.5;      57.2;      65.8;      54.1;      45.6;        42;      42.3;      43.4;     545.4;
      2349;1991-2020;        46;     173.3;     156.3;     171.4;     122.9;       169;     146.8;     182.9;     137.5;     140.9;     162.1;     177.6;     207.2;    1947.9;
      2350;1991-2020;        46;      69.5;      55.6;      53.5;      38.7;      56.7;        81;        88;      83.3;        71;      72.9;      66.5;      77.9;     814.7;
      2351;1991-2020;        46;      86.7;      66.4;      64.8;      47.8;      69.1;      62.9;      77.9;      66.8;      65.2;      77.3;      72.2;      94.7;     851.7;
      2353;1991-2020;        46;      62.2;      48.1;      48.2;      40.9;      51.7;      63.3;      75.8;      69.2;      56.4;      62.2;      55.8;      65.6;     699.2;
      2354;1991-2020;        46;      47.8;      38.8;      48.2;      33.7;      57.2;      66.4;      78.2;      74.7;      50.5;        46;      46.4;      46.3;     634.2;
      2355;1991-2020;        46;      69.6;      54.9;      53.5;      42.8;      56.5;      73.9;      75.1;      73.5;      65.8;      63.6;      60.7;      73.5;     763.4;
      2356;1991-2020;        46;      69.8;      54.8;      54.2;      43.1;      55.6;      72.5;      79.9;        75;      69.6;      64.6;      62.6;      77.1;     778.9;
      2357;1991-2020;        46;     153.8;     117.9;     109.9;      71.5;      81.7;      95.1;     105.6;     116.5;     106.3;     114.4;     129.1;     162.9;    1364.7;
      2358;1991-2020;        46;     152.1;       117;     108.3;      69.5;      82.3;      92.7;     105.3;     109.1;     105.6;       116;     129.5;     161.6;    1348.9;
      2359;1991-2020;        46;        62;      55.2;      55.2;      56.8;      89.2;      95.3;     100.9;      87.2;      59.3;      68.3;      61.3;      76.2;     866.9;
      2360;1991-2020;        46;      59.6;      49.3;      61.9;      53.6;      93.3;       100;     103.2;      98.9;      70.6;      65.8;        63;      64.6;     883.8;
      2361;1991-2020;        46;      73.2;      55.4;      57.3;      43.3;      59.1;      62.2;      75.3;      71.2;      59.3;        64;        63;      74.9;     758.1;
      2362;1991-2020;        43;        73;        63;        66;        50;        71;        79;        83;        84;        70;        70;        73;        86;       868;
      2363;1991-2020;        46;      49.1;      38.4;      43.8;      39.5;      68.8;      60.1;      73.7;      61.1;      50.5;        54;      51.2;      53.4;     643.6;
      2364;1991-2020;        46;      51.3;      39.8;      43.5;      40.4;      68.2;      62.7;      75.4;      60.1;      52.3;      53.9;      52.8;      55.4;     655.7;
      2365;1991-2020;        46;      58.7;      50.9;      51.4;      42.8;      64.1;      63.4;      75.1;      60.4;      55.9;      58.3;      57.4;      67.4;     705.8;
      2366;1991-2020;        46;      65.8;      53.3;      61.1;      42.1;      67.4;      65.5;      84.1;      63.6;      57.3;      58.3;      63.9;      70.6;     752.9;
      2368;1991-2020;        46;      40.9;      35.5;      40.5;      48.3;      85.6;      88.2;      94.7;      83.2;      63.1;      53.6;      49.1;      48.2;       731;
      2369;1991-2020;        46;      42.8;      33.1;      43.4;      38.2;      74.7;      74.4;        84;      75.2;      52.2;        52;      48.9;      50.7;     669.5;
      2370;1991-2020;        46;        35;      30.7;      42.9;        38;      65.7;        67;      81.5;      70.1;      55.8;      44.4;      46.9;      42.2;     620.2;
      2371;1991-2020;        46;      49.4;      39.1;      39.9;      33.1;      56.2;      48.3;      58.7;      56.2;      42.7;      50.2;      49.2;      59.1;     582.1;
      2372;1991-2020;        43;        72;        60;        75;        54;        87;        97;       111;        99;        84;        77;        71;        78;       965;
      2373;1991-2020;        46;        51;      41.2;      42.1;      38.6;      62.3;      61.6;      79.5;      63.1;      54.7;      55.1;      53.1;      62.2;     664.5;
      2374;1991-2020;        46;      70.2;        54;      49.8;        40;      48.7;      71.5;      87.6;      98.4;      89.9;      90.8;      74.8;      81.3;     856.9;
      2376;1991-2020;        46;      77.1;      66.3;      75.3;      47.2;      88.8;      93.4;     105.5;      94.6;      71.9;      65.9;      69.1;      82.7;     937.7;
      2378;1991-2020;        46;      45.1;      35.8;      45.2;      37.4;      57.9;      57.1;      72.1;      58.7;      49.6;      45.2;        43;      45.2;     592.4;
      2379;1991-2020;        46;      73.8;      58.8;      57.3;      42.1;      54.3;      69.6;      79.5;      79.3;      67.6;      70.1;      68.3;      79.3;     799.8;
      2380;1991-2020;        46;      95.7;      71.5;        68;        48;      60.6;      71.1;        79;      85.8;      75.5;      77.6;      84.1;      98.2;     915.1;
      2381;1991-2020;        46;      43.4;      35.2;      45.5;      46.4;      88.9;      90.8;      97.6;      91.7;      62.2;      56.1;        51;      49.5;     758.3;
      2382;1991-2020;        46;      37.3;        33;        38;      34.8;      55.4;        50;      63.3;      51.9;      46.9;        36;      43.4;      39.7;     529.7;
      2383;1991-2020;        46;      68.1;      61.1;      76.3;      75.5;     135.6;     146.4;     152.5;     142.8;     102.9;      81.8;      74.8;      71.9;    1189.6;
      2384;1991-2020;        46;      77.1;      57.9;      57.6;      41.3;        64;      55.9;      63.8;      60.5;      55.3;      66.3;      66.4;      92.2;     758.2;
      2386;1991-2020;        46;      55.5;      46.7;      48.4;      41.6;      63.2;        67;        74;      58.7;      54.9;      55.9;      54.1;      65.1;       685;
      2387;1991-2020;        46;      47.7;      41.9;      55.1;      63.8;     105.6;       118;     124.2;     116.4;      77.4;        69;      59.6;      54.7;     933.4;
      2388;1991-2020;        46;      33.3;      33.7;        39;      52.2;      84.4;      69.1;      77.4;      66.4;      61.6;      62.4;      54.2;      43.7;     677.3;
      2389;1991-2020;        46;     102.9;      68.6;      70.2;      46.7;      58.8;      60.3;      83.1;      57.1;      65.7;      75.5;      85.5;     106.1;     880.4;
      2391;1991-2020;        46;      52.4;      46.5;      54.2;      60.8;     101.8;     109.4;     113.3;     102.1;        75;      66.3;      60.8;      62.1;     904.7;
      2392;1991-2020;        46;      94.6;        75;      73.1;      48.5;      76.1;      66.4;      81.1;        76;        67;      76.6;      86.5;     113.9;     934.7;
      2393;1991-2020;        46;      87.2;      70.6;      77.1;      58.4;      84.5;      71.3;      98.5;      83.3;      73.3;        75;        91;      87.5;     957.4;
      2395;1991-2020;        46;        53;        40;      44.5;      38.4;      55.2;      55.2;      71.3;      65.8;      52.6;      56.9;      49.6;      54.4;     636.8;
      2397;1991-2020;        46;     106.1;      80.2;      90.1;      57.4;      87.6;      76.3;     100.7;      79.7;      81.3;      90.5;      87.2;     108.2;    1045.4;
      2398;1991-2020;        46;      80.1;        60;      72.5;      48.5;      77.9;      63.6;        85;      69.3;      65.5;      68.5;      66.6;      80.3;     837.8;
      2399;1991-2020;        46;      57.5;        44;      48.2;      38.8;      53.4;      57.6;      72.2;      68.4;      54.4;        58;      52.9;      56.4;     661.8;
      2400;1991-2020;        46;      64.4;      49.9;      55.5;      44.4;      71.2;      69.7;      86.5;      71.5;      60.7;      61.2;      64.3;      64.6;       764;
      2401;1991-2020;        46;      62.5;      49.6;      54.9;      44.3;      70.9;      68.6;      87.4;      69.8;      61.8;      63.7;      64.9;        65;     763.4;
      2402;1991-2020;        46;      49.1;      46.6;      55.1;      62.1;     101.2;     105.5;       113;     101.3;        79;      65.6;      59.7;        65;     903.1;
      2403;1991-2020;        43;       141;       125;       149;       113;       172;       195;       195;       187;       156;       131;       135;       161;      1860;
      2404;1991-2020;        46;     174.1;     152.7;     184.3;     138.2;     203.4;     225.2;     228.8;     220.2;     184.9;     155.4;     163.1;     198.6;    2228.9;
      2405;1991-2020;        46;     116.7;     104.4;     132.6;     101.3;     168.3;     189.6;     190.9;     183.7;     148.7;     123.2;     121.1;     142.7;    1723.2;
      2406;1991-2020;        46;      68.7;      59.8;      65.2;      45.9;      75.8;      67.8;      74.8;      65.9;      59.3;      70.8;      68.1;        83;       805;
      2407;1991-2020;        46;        36;      32.9;        34;      31.9;        49;      51.6;      58.6;      49.8;      40.8;      44.5;      42.9;      48.1;     520.1;
      2408;1991-2020;        46;      76.4;      70.9;      88.4;      87.8;     133.5;     153.6;     159.1;     154.8;     106.9;      87.8;        84;      84.1;    1287.2;
      2409;1991-2020;        46;      48.6;      37.7;      44.9;      37.9;      73.6;      76.4;      84.1;      76.4;      54.7;      50.9;      49.7;        55;     689.8;
      2411;1991-2020;        43;        75;        60;        60;        45;        59;        71;        88;        79;        61;        62;        62;        72;       794;
      2412;1991-2020;        46;     132.3;     113.6;       151;     107.4;     176.3;       197;     191.1;     197.2;     162.5;     122.5;       119;     135.6;    1805.5;
      2413;1991-2020;        46;      44.7;      40.1;      44.7;      36.5;      61.2;      63.8;      71.2;      58.9;      52.7;      52.3;      49.6;      51.5;     627.2;
      2414;1991-2020;        46;        45;      40.2;      43.7;        37;      62.1;      64.7;      72.5;        60;      53.5;      52.8;      48.7;      54.3;     634.3;
      2415;1991-2020;        43;        93;        86;       108;        90;       153;       164;       172;       164;       122;        99;        93;        99;      1443;
      2416;1991-2020;        46;      61.7;      52.2;        68;      58.4;     106.6;     113.7;     119.8;     120.5;      82.7;      69.4;      64.9;      67.1;       985;
      2417;1991-2020;        46;      67.1;      60.6;      77.3;      64.5;     117.1;       131;     138.9;     128.4;      89.8;      77.3;        68;      72.9;    1092.9;
      2418;1991-2020;        46;      92.6;      76.6;      76.1;      58.5;      70.8;      84.6;      95.1;      93.2;        81;      81.2;      84.7;      94.7;     989.2;
      2419;1991-2020;        46;      82.6;        73;      70.3;      47.7;      67.2;      70.9;      86.8;      81.7;      69.9;      70.4;        74;      86.2;     880.7;
      2420;1991-2020;        46;      77.8;      67.8;      64.2;      48.6;      60.7;      73.1;      89.3;      77.6;      68.7;      70.9;      71.1;      79.3;       849;
      2421;1991-2020;        46;      91.7;      75.9;      75.2;      56.3;      68.9;      77.6;        93;      89.4;      74.7;      78.2;      83.9;        93;     957.8;
      2422;1991-2020;        46;      98.6;      87.5;      83.8;      58.5;      76.9;      85.7;      96.3;      89.2;        84;      81.5;      90.9;     100.1;    1033.1;
      2424;1991-2020;        46;     119.9;     112.4;     128.5;     109.6;     165.5;     178.8;     180.9;     180.7;     137.1;     117.1;     128.3;     142.9;    1701.7;
      2425;1991-2020;        46;      38.2;      32.5;      45.4;      38.1;      66.4;      61.1;      82.8;      65.7;      51.7;      47.5;      51.4;      45.4;     626.2;
      2426;1991-2020;        46;      35.7;      32.1;      44.4;      39.2;        66;      58.7;      87.1;      66.5;      52.5;      43.7;      48.8;      43.7;     618.5;
      2427;1991-2020;        46;      87.7;      75.7;      76.6;      52.4;      77.1;      64.2;        79;        68;      66.2;      76.6;      79.6;     104.8;     907.9;
      2428;1991-2020;        46;      53.8;        42;      41.2;      36.6;      53.5;      61.9;      59.9;      54.4;      47.9;      48.6;      51.7;      58.4;     609.9;
      2429;1991-2020;        43;        76;        62;        57;        40;        54;        84;        88;        77;        78;        75;        79;        85;       855;
      2430;1991-2020;        46;        73;        60;      55.3;      40.2;      57.8;      79.9;      95.2;      85.2;      75.8;      75.2;      72.8;      82.2;     852.7;
      2431;1991-2020;        46;      46.3;      35.9;      39.9;      35.4;      57.5;      63.9;      77.4;      58.5;      51.3;      48.4;      48.8;      53.6;     617.1;
      2432;1991-2020;        46;        52;      36.6;      44.9;      32.7;      54.1;      54.9;      65.2;        59;        48;      47.4;      46.2;        53;     593.9;
      2433;1991-2020;        46;      99.4;      94.8;       125;       114;     186.9;     207.2;     220.5;     208.9;     140.3;     107.3;     112.7;     111.5;    1728.3;
      2434;1991-2020;        46;        96;        87;     115.8;     113.5;     187.8;     210.6;     216.8;     210.3;     136.9;     108.8;     107.4;     101.7;    1692.6;
      2435;1991-2020;        46;        68;      55.5;      58.6;      45.6;      68.6;      62.3;      72.9;      76.1;        57;      63.1;        67;      86.1;     780.7;
      2437;1991-2020;        43;        69;        51;        49;        39;        54;        73;        93;        84;        75;        80;        67;        75;       809;
      2438;1991-2020;        46;      42.5;      31.7;      37.3;      28.6;        48;      63.5;      69.5;      52.5;      47.3;        43;      39.1;        40;     542.9;
      2439;1991-2020;        46;      71.4;      61.3;      68.6;      47.5;      80.1;      79.3;      85.2;      73.2;      56.6;      72.6;      68.1;      84.8;     848.7;
      2440;1991-2020;        46;      50.3;      47.1;      56.2;      56.1;      98.7;     117.8;     127.2;     107.9;      77.7;      67.7;      59.5;      58.3;     924.6;
      2441;1991-2020;        46;      31.6;      27.9;      39.9;      36.3;      59.4;      56.7;      81.9;      66.1;      50.4;      40.2;      43.4;      39.9;     573.5;
      2442;1991-2020;        46;      32.3;      27.9;      39.5;      35.8;      61.1;        57;      82.4;      63.3;      50.9;      40.3;      45.3;      39.6;     575.2;
      2443;1991-2020;        46;      33.3;        29;      40.7;      35.2;      60.6;      55.5;      81.4;        66;      50.1;      41.2;      45.5;      40.8;     579.2;
      2444;1991-2020;        45;      35.3;      30.4;      41.9;      36.9;      61.2;      54.8;      85.1;      67.6;      50.8;      41.6;      47.3;      42.8;     595.6;
      2445;1991-2020;        46;      48.9;      42.8;      40.9;      32.5;      50.3;      66.5;      69.6;      73.1;        62;      57.1;      51.5;      55.5;     650.6;
      2446;1991-2020;        43;        47;        34;        39;        32;        53;        57;        69;        57;        47;        47;        42;        47;       571;
      2447;1991-2020;        46;        43;        33;      36.4;      26.7;      49.3;      58.4;      73.1;      53.9;      49.7;      44.4;      39.4;      41.1;     548.5;
      2448;1991-2020;        46;      38.9;      27.2;      33.9;        25;      47.4;      51.9;      60.3;      54.7;      46.1;      39.6;      38.1;      41.2;     504.3;
      2449;1991-2020;        46;      47.5;      35.2;      44.8;      36.4;        57;      55.1;      63.4;      57.2;      47.6;      46.9;      45.9;      48.5;     585.5;
      2450;1991-2020;        46;      43.2;        32;      43.3;      32.4;      51.3;        54;      79.3;      60.1;      51.1;      42.9;        47;      45.2;     581.8;
      2451;1991-2020;        46;      44.2;      31.7;      38.5;      28.3;      51.8;      53.4;      74.1;      57.8;        44;      39.2;      42.6;      44.8;     550.4;
      2452;1991-2020;        46;      75.7;      57.2;        57;      41.4;      58.2;      69.2;      86.3;      75.1;      59.6;      64.9;      63.8;      77.8;     786.4;
      2453;1991-2020;        46;        56;      49.8;      65.2;      55.6;      98.5;     103.6;     108.4;     103.2;      73.8;      61.7;      58.2;        61;     894.9;
      2454;1991-2020;        46;      51.5;        42;      51.5;      51.7;      91.8;      89.8;     101.2;        91;      64.3;      58.3;      57.4;      56.6;     807.2;
      2455;1991-2020;        46;      76.6;      59.4;      56.9;      40.6;      60.2;      72.3;      90.5;      84.4;        77;      83.4;      71.4;      83.4;       856;
      2456;1991-2020;        46;        68;      52.7;      53.4;      40.3;      55.2;      74.5;      90.5;      84.3;      80.5;      76.3;      72.5;      75.6;     823.8;
      2457;1991-2020;        46;      39.2;      34.5;      45.5;      35.8;      64.1;      70.2;      82.2;      75.3;      58.6;      46.9;      46.7;      44.8;     643.9;
      2458;1991-2020;        46;      72.6;      59.4;      71.1;      54.5;      84.1;      88.7;     109.3;      91.2;      78.6;      67.3;      72.5;      82.1;     931.5;
      2459;1991-2020;        46;        52;      38.4;      42.9;      33.6;      50.5;      67.2;        68;        62;      51.1;      49.5;      47.2;      55.1;     617.6;
      2460;1991-2020;        46;      62.9;      56.4;      55.2;      48.7;        75;      67.5;      83.1;      73.2;      62.2;        65;      67.8;      72.9;     789.9;
      2461;1991-2020;        46;      82.4;      71.6;        66;      53.7;      76.2;        68;      70.1;      65.5;      58.2;      78.8;        82;     105.2;     877.6;
      2462;1991-2020;        46;      83.8;      61.6;      58.7;        42;      54.7;      78.6;      96.1;     101.3;        94;      99.5;      82.9;        94;     947.4;
      2463;1991-2020;        46;        74;      60.5;      68.8;      43.7;      68.5;      85.7;        88;      87.3;      61.4;      61.1;      64.5;      74.8;     838.2;
      2464;1991-2020;        46;      69.4;      54.9;      55.9;      39.9;      58.7;      71.5;      85.6;      75.4;      64.1;      63.3;      59.8;      72.2;     770.6;
      2465;1991-2020;        46;      64.6;      49.2;      52.4;      37.7;      55.2;      70.9;      79.7;      76.7;      60.9;      59.8;      56.7;      66.6;     730.4;
      2466;1991-2020;        46;      96.8;      82.5;      75.4;      56.5;      79.1;      74.4;      91.7;      74.1;      69.4;      80.9;      87.7;     110.3;     978.7;
      2468;1991-2020;        46;      46.1;      37.2;        48;      37.1;      61.5;      67.6;      94.1;      77.1;      57.5;      50.9;      52.2;      49.7;     678.8;
      2469;1991-2020;        46;      29.9;      25.4;      34.7;      29.4;      54.1;      50.9;      70.5;      55.3;      46.7;      35.4;      39.2;      35.8;     507.2;
      2470;1991-2020;        46;      74.5;      56.5;      61.5;      43.3;      70.7;      68.2;      83.8;      70.2;      61.9;      64.2;      70.8;      73.3;       799;
      2471;1991-2020;        46;        41;      37.4;      34.1;      26.5;      53.1;      51.6;      61.3;      48.3;      38.1;      38.3;      38.3;      39.6;     507.6;
      2472;1991-2020;        46;      50.2;      39.6;      41.9;      30.5;      55.4;      58.4;      80.1;      51.3;      45.7;      45.6;      45.4;      48.8;     592.9;
      2473;1991-2020;        46;        54;      52.9;      51.9;      40.7;      56.3;      64.7;      67.2;      72.7;      57.7;      58.9;      55.7;      62.1;       695;
      2474;1991-2020;        46;      50.2;      50.5;      47.8;      39.5;      58.1;      64.3;      67.3;      68.9;      54.2;      55.9;      52.6;      58.9;     668.2;
      2475;1991-2020;        46;      43.7;      31.3;      36.8;      26.3;        52;      52.4;      71.9;      56.4;      42.5;      37.7;      40.7;      40.8;     532.6;
      2479;1991-2020;        46;      54.2;      42.6;      43.8;      34.2;      49.4;      64.9;      76.8;      66.2;      48.4;      50.5;      48.3;      53.1;     632.3;
      2480;1991-2020;        45;      51.6;        47;      47.5;        40;      70.6;      62.3;      70.8;      60.4;      52.9;      54.4;      55.3;      61.5;     674.3;
      2481;1991-2020;        46;      31.3;      27.8;        39;      33.8;      63.8;      62.7;      80.4;      71.6;      53.5;      40.8;      45.1;      38.8;     588.7;
      2483;1991-2020;        45;     136.9;     102.3;     103.1;        75;      86.9;      95.7;     112.6;     105.9;     110.2;       113;     122.9;     141.3;    1305.7;
      2484;1991-2020;        46;      99.7;      77.3;      79.2;        58;      75.8;      84.4;      91.6;      84.2;      75.5;      88.2;      85.8;      94.4;     994.2;
      2485;1991-2020;        43;        90;        74;        85;        57;        89;        92;        99;        83;        68;        84;        88;       106;      1015;
      2486;1991-2020;        43;        67;        57;        58;        45;        69;        64;        64;        63;        56;        66;        68;        87;       764;
      2487;1991-2020;        46;      72.1;      63.2;      61.1;        49;      71.2;      67.3;      68.4;      66.1;      61.4;      71.7;      75.1;        94;     820.5;
      2488;1991-2020;        46;      53.7;      41.5;      55.1;      46.9;      85.9;        84;      91.2;      84.2;        56;      60.1;      58.6;      64.8;     782.1;
      2489;1991-2020;        46;      80.2;      62.5;      59.5;      50.9;      79.7;      68.8;      87.9;      74.5;      65.9;      71.4;      73.3;      88.3;     862.9;
      2490;1991-2020;        46;      45.7;        34;      37.2;      29.9;        48;      55.3;      67.9;      59.3;      46.3;      42.9;      40.7;      44.4;     551.6;
      2491;1991-2020;        46;        59;      48.7;      53.6;      41.6;      69.7;      72.3;      83.4;      69.4;      62.1;      62.7;      63.3;      68.3;     754.1;
      2492;1991-2020;        43;        70;        48;        55;        44;        67;        71;        84;        74;        62;        67;        65;        68;       775;
      2495;1991-2020;        46;      52.8;      42.5;      41.5;      32.5;      47.8;      67.7;      63.5;      67.4;      49.8;      50.9;      49.1;      54.2;     619.7;
      2496;1991-2020;        46;      54.3;      48.2;      54.6;      59.9;      98.5;     102.9;       113;      95.5;      69.9;      69.2;      61.5;      68.8;     896.4;
      2497;1991-2020;        45;      74.8;      63.5;      59.9;      48.5;      63.7;      63.6;      70.3;      66.1;      63.4;      60.1;      62.5;      77.3;     781.1;
      2498;1991-2020;        46;      90.3;      69.2;      68.2;      51.5;      67.8;      69.9;      89.1;      90.9;      71.9;      77.2;      75.5;      87.4;       909;
      2499;1991-2020;        46;      57.9;      45.8;      48.6;      38.5;      62.9;      75.1;        82;      71.4;      53.1;      52.5;      54.2;      64.1;     706.2;
      2501;1991-2020;        46;     168.4;       147;     147.1;      97.2;     138.5;     119.7;     150.8;     124.6;     117.6;     144.3;     151.4;     192.5;    1699.1;
      2502;1991-2020;        46;      68.8;      57.3;      60.9;      46.1;      70.9;      65.9;      87.5;        69;      66.6;      65.9;      68.1;        74;     800.9;
      2503;1991-2020;        46;      74.1;      59.8;      64.8;      49.5;      74.8;      73.2;      83.8;      65.6;      62.5;      64.7;      71.4;      84.3;     828.4;
      2504;1991-2020;        46;      76.1;      59.1;      65.8;      49.6;      74.7;      71.7;      89.2;      71.1;      65.9;      64.4;        68;      73.7;     829.4;
      2505;1991-2020;        46;      66.2;      56.8;      53.2;      43.8;      54.8;      63.8;      82.2;      75.8;      66.4;      62.7;      64.8;      66.3;     756.8;
      2506;1991-2020;        46;      57.6;      45.3;      53.5;      38.2;      60.4;      67.9;      85.4;      76.5;        57;        53;      55.1;      59.5;     709.3;
      2507;1991-2020;        46;      44.5;      33.9;      36.9;      26.1;      41.3;      60.6;      72.2;        56;      47.6;      41.8;      39.7;      43.9;     544.6;
      2508;1991-2020;        46;      61.8;      50.1;      56.1;      41.2;      68.5;      59.2;      82.4;      59.6;      58.6;      54.8;      62.9;      69.3;     724.3;
      2509;1991-2020;        46;      54.5;      41.1;      45.9;      37.7;      55.1;      54.5;      73.8;      62.7;      52.9;      51.4;      49.1;        55;     633.7;
      2510;1991-2020;        46;     136.1;      95.1;     107.8;      71.8;      90.6;      95.5;     116.4;     106.3;     103.6;     108.7;     114.8;     128.5;    1275.3;
      2511;1991-2020;        46;      55.8;      49.5;      48.4;      42.5;      67.3;      60.9;      70.7;        50;      51.9;      59.6;      59.7;      72.1;     688.3;
      2512;1991-2020;        46;     140.4;     133.8;     130.4;     124.1;     162.7;     144.5;     163.2;     139.2;     126.7;       146;     158.6;     176.6;      1746;
      2513;1991-2020;        46;      66.6;      58.9;      63.7;      74.7;     104.5;        95;      91.3;      99.3;      82.6;      87.6;        83;      86.6;     993.8;
      2514;1991-2020;        46;      70.2;      54.2;      53.8;      38.3;        58;      67.4;      77.9;        82;      67.9;        83;      68.6;      85.7;       807;
      2516;1991-2020;        46;      66.3;      57.3;      54.8;        42;        73;      69.8;      70.5;      54.3;      52.6;      66.1;      66.5;        85;     758.2;
      2517;1991-2020;        46;      37.5;      31.4;      34.5;      30.7;      49.6;        50;      68.6;      52.8;      48.8;      35.9;      37.2;      38.3;     515.2;
      2518;1991-2020;        46;      52.7;      41.1;      45.4;      34.4;      54.2;      64.2;      71.7;        67;      50.9;      52.6;      48.7;      54.4;     637.2;
      2519;1991-2020;        46;      79.7;      60.5;      60.4;      45.1;      65.6;      66.7;      82.7;      68.6;      63.9;      66.8;      70.3;      79.3;     809.4;
      2520;1991-2020;        46;      71.7;      53.6;      52.7;      41.2;      53.3;      74.2;        95;      77.5;      69.7;      68.3;      64.8;      71.9;     793.8;
      2521;1991-2020;        46;      45.6;      36.8;      46.2;      41.6;      80.1;      80.6;      94.2;      84.4;      61.4;      57.5;      52.6;      53.8;     734.7;
      2522;1991-2020;        46;      55.4;      51.5;      51.3;      43.2;      72.6;      69.3;      73.7;      57.5;      53.1;      63.1;      60.9;        70;     721.6;
      2523;1991-2020;        43;        56;        53;        55;        47;        80;        69;        85;        67;        61;        72;        69;        73;       787;
      2524;1991-2020;        46;      61.5;      59.9;      61.8;      52.1;      87.3;      74.8;      88.9;      63.7;      64.9;      76.6;      72.1;      77.9;     841.6;
      2525;1991-2020;        46;      56.3;      52.1;      52.1;      43.1;      71.6;        67;        74;      58.5;        53;        62;        62;      70.8;     722.6;
      2526;1991-2020;        46;        52;      44.9;      43.9;      35.4;      59.8;      55.2;      66.9;      57.3;      49.8;      50.6;      53.4;      63.6;     632.7;
      2527;1991-2020;        46;      63.2;      52.8;      52.5;      39.5;        63;      57.3;      68.8;      58.4;      53.5;      58.2;      59.5;      76.5;     703.1;
      2528;1991-2020;        46;      42.4;      31.8;      35.9;      26.6;      49.2;      54.8;      67.4;      59.5;      45.3;      41.1;        40;      41.6;     535.5;
      2529;1991-2020;        46;      56.5;      45.9;      47.7;      37.6;      50.4;      67.9;      71.6;      62.2;      52.8;      52.8;      50.4;      58.4;     654.1;
      2530;1991-2020;        46;      49.8;      45.3;      52.4;      42.8;      73.5;      80.1;      94.8;      89.1;      57.6;      55.1;      52.9;      53.9;     747.2;
      2531;1991-2020;        46;      54.7;        43;      44.6;      32.9;      46.9;      60.8;      71.8;      67.2;      47.9;      49.6;      46.2;      53.7;     619.3;
      2532;1991-2020;        46;      57.2;      44.3;      49.5;      38.4;      65.9;      65.6;      75.4;      60.2;      53.1;        55;      57.4;      61.9;     683.8;
      2533;1991-2020;        46;      57.7;      44.6;      50.9;        39;      66.4;      66.6;      72.9;      57.6;      54.2;      54.4;      57.4;      62.3;     683.9;
      2534;1991-2020;        46;        78;        63;      64.5;      50.6;      79.2;      73.7;      92.8;      71.6;      67.7;      75.4;      77.3;      82.5;     876.4;
      2535;1991-2020;        46;      46.6;      37.6;      41.9;        36;      59.4;      60.6;      68.6;      56.7;      46.8;      49.4;      47.1;      48.3;     598.9;
      2537;1991-2020;        46;      63.6;      56.7;      55.6;        44;      65.4;      66.6;        67;      62.4;      57.4;      61.2;      58.1;      75.4;     733.3;
      2538;1991-2020;        46;        73;      59.2;      62.9;        43;      71.8;      75.8;        83;      76.7;      64.4;      65.3;      66.9;      77.2;     819.3;
      2539;1991-2020;        46;      51.6;      39.1;      42.4;      28.3;        48;      65.3;      76.3;      56.6;      49.8;      47.5;      41.8;      46.5;     593.2;
      2540;1991-2020;        46;      49.4;      47.2;      47.8;      42.8;      58.6;      61.5;      64.5;      56.7;      51.4;      51.6;      52.7;        62;     646.2;
      2541;1991-2020;        46;     108.5;      84.7;      83.3;      57.2;      77.5;        75;     101.8;      75.9;        84;      81.5;      90.9;     117.9;    1038.1;
      2542;1991-2020;        45;      67.1;      62.2;      76.9;      71.2;     113.2;     128.2;     135.8;     125.3;      86.8;        73;      77.4;      82.4;      1096;
      2543;1991-2020;        46;      54.7;      48.6;      61.7;      63.1;     113.1;     116.2;       123;     109.5;      81.9;      67.9;      63.1;      62.8;     965.7;
      2544;1991-2020;        43;        52;        42;        46;        40;        66;        66;        78;        63;        53;        56;        53;        54;       669;
      2545;1991-2020;        46;      73.1;      58.8;      57.9;      50.5;      71.7;      67.6;      90.1;      72.6;      71.1;      73.4;      71.1;      84.1;       842;
      2546;1991-2020;        46;      47.6;      44.5;      47.8;      50.5;      85.4;      78.4;      83.7;      73.1;      61.8;        72;      63.2;      60.1;     768.1;
      2549;1991-2020;        46;      35.5;      27.1;      33.7;      28.1;      53.8;      51.8;      64.4;      49.8;      44.3;      36.3;      39.3;      37.6;     501.7;
      2550;1991-2020;        46;      57.7;      45.2;      51.5;      39.9;      66.4;      77.4;      83.5;        74;      52.9;      54.2;      54.6;      61.2;     718.4;
      2551;1991-2020;        46;      74.9;      59.7;      59.6;      47.8;      71.8;      70.4;      98.1;      69.3;      65.3;      66.5;      69.6;      77.6;     830.5;
      2552;1991-2020;        46;      79.1;      65.9;      62.5;      41.8;        61;      78.5;      86.3;      87.4;      72.6;      79.4;      72.9;      88.7;     875.9;
      2553;1991-2020;        46;        63;        60;      63.6;      48.8;      82.5;      70.2;      75.5;      62.3;      58.1;      71.1;      67.6;        79;     801.7;
      2554;1991-2020;        46;      49.6;      37.2;      45.8;      31.1;      55.4;      55.9;      75.3;      58.2;      51.5;      43.2;      49.5;      50.2;     602.8;
      2555;1991-2020;        46;      43.7;      33.5;      39.3;      29.9;      53.6;      54.3;      68.3;      57.1;      47.4;      39.9;      40.6;      44.5;       552;
      2556;1991-2020;        46;      75.4;      54.7;      61.2;      37.7;        71;        74;      79.9;      73.9;      68.9;      63.9;      67.4;        80;       808;
      2557;1991-2020;        46;        48;      38.2;      47.4;      34.3;        58;      74.1;      90.8;      78.3;      53.3;      47.2;      44.8;      48.1;     662.5;
      2558;1991-2020;        46;      71.6;      60.5;      67.1;      55.8;        64;      67.3;      76.8;      71.3;      60.9;      61.1;        64;      83.6;     804.1;
      2559;1991-2020;        45;      80.7;        73;      86.3;      74.3;     124.1;     143.1;     141.5;     145.2;     100.4;      81.3;        82;        90;    1222.8;
      2560;1991-2020;        46;      63.7;      55.3;      51.2;        41;      57.9;      67.8;      71.6;      75.4;      63.3;      63.3;      64.1;      70.7;     745.3;
      2561;1991-2020;        46;      43.3;        43;      42.4;        37;      57.9;      50.8;      57.1;      57.6;      48.1;      50.6;      44.9;      57.6;     590.3;
      2562;1991-2020;        46;      57.9;      48.4;      54.2;      40.4;      63.4;        62;      81.4;      62.8;      54.8;      53.2;      56.4;      62.9;     697.7;
      2564;1991-2020;        45;      66.8;      49.7;      49.9;      39.7;      51.4;      66.6;      83.8;      77.3;      65.6;      72.1;      63.7;      70.5;     756.7;
      2565;1991-2020;        46;      73.4;      55.1;      53.6;      41.5;      57.8;      72.5;      79.3;      78.3;      66.7;      73.6;      68.3;      76.9;       797;
      2566;1991-2020;        46;     146.3;       117;     108.6;      69.5;      80.7;      93.7;     112.3;       111;     106.4;     116.1;     126.8;       158;    1346.4;
      2567;1991-2020;        46;        53;      39.3;      44.4;      32.3;      50.7;      64.5;      70.6;      57.5;      50.5;      51.2;      45.1;      52.8;       612;
      2569;1991-2020;        46;      53.7;      46.1;      47.2;        41;      59.3;      61.6;        64;      61.7;      57.5;      55.4;      53.1;      63.5;     664.1;
      2570;1991-2020;        46;      46.3;      36.5;      44.5;      38.3;      65.9;      76.3;      80.7;      75.1;      50.7;      51.1;        50;        53;     668.3;
      2571;1991-2020;        46;        72;      66.4;      76.3;      53.8;      83.4;      92.8;     105.3;     107.2;      76.3;      68.8;      67.9;      77.3;     947.5;
      2572;1991-2020;        46;      57.8;      51.8;      57.4;        43;      74.4;      66.8;      79.3;        74;      57.8;      70.2;        64;      75.6;     772.2;
      2574;1991-2020;        46;        50;      45.7;      56.3;        45;      74.2;      88.3;      98.3;      88.5;        69;      59.2;      57.8;      56.7;     789.1;
      2575;1991-2020;        46;      61.8;      57.3;      63.9;      42.7;      74.6;        67;      80.6;      70.7;        54;      69.7;      62.4;      74.4;     779.2;
      2576;1991-2020;        46;        89;      75.6;        82;      49.4;      90.3;     107.3;     112.5;     100.9;      76.7;      74.5;      75.9;      97.2;    1031.4;
      2577;1991-2020;        46;      56.1;      42.5;      43.4;      39.9;        57;      62.1;      67.1;      74.6;      54.7;      62.1;      51.3;      59.7;     670.4;
      2578;1991-2020;        45;      45.2;      39.2;      36.4;        32;      47.3;      66.5;      66.5;        69;      54.3;      50.6;        45;      50.2;     602.1;
      2579;1991-2020;        46;     110.1;      88.6;      85.7;      56.5;      75.1;      85.4;      96.3;      94.5;      82.3;      93.9;      97.5;     122.7;    1088.5;
      2581;1991-2020;        46;      90.9;      72.8;      74.1;      52.6;      73.7;      83.7;        97;      77.8;      80.7;      77.2;      88.5;       103;       972;
      2582;1991-2020;        46;      72.4;      54.4;      57.9;      36.4;      65.5;      71.6;        80;      74.2;      68.1;      64.9;        66;      81.3;     792.6;
      2583;1991-2020;        46;      48.3;      35.4;      37.2;      34.9;      60.8;      56.8;      68.1;      62.8;      49.3;      50.1;      47.6;      52.8;     604.1;
      2584;1991-2020;        46;      67.5;      53.4;      54.1;      42.7;      59.4;      73.4;        78;      71.7;      66.3;      63.8;      62.1;      72.6;       765;
      2585;1991-2020;        46;      33.7;      29.7;      36.1;        31;        63;      60.9;      75.7;      55.8;      46.5;      38.3;      40.9;      41.3;       553;
      2586;1991-2020;        46;      58.3;        47;      49.6;      40.1;      63.9;        57;      72.5;      61.8;      52.6;      55.7;      57.6;      61.9;     677.9;
      2588;1991-2020;        46;      47.4;      43.6;      43.7;      35.2;      55.6;      50.8;      58.5;      55.8;      45.6;      51.1;      48.8;        61;     597.1;
      2589;1991-2020;        46;     127.6;      99.2;        96;      64.2;      80.6;        81;      97.5;       100;      87.9;     103.5;     105.6;       134;    1177.1;
      2590;1991-2020;        46;     118.3;      89.5;        90;      65.2;        80;      81.8;       100;      99.9;      89.9;      99.3;     101.5;     128.3;    1143.6;
      2591;1991-2020;        46;      68.7;      54.3;      52.5;      40.7;      55.6;      63.7;      72.7;      72.4;      62.5;      63.6;      60.3;      69.1;     736.2;
      2592;1991-2020;        46;      62.5;      53.8;      52.5;      36.7;        62;      73.2;        82;      76.6;      61.5;      59.5;        66;      67.5;     753.8;
      2593;1991-2020;        46;        59;      50.8;      72.6;      56.8;     110.2;     125.7;     122.7;     125.3;      85.1;      71.1;      62.8;      66.5;    1008.6;
      2594;1991-2020;        46;      87.1;      75.8;      76.8;        56;        81;      65.6;      87.7;      71.2;      68.5;      77.8;      81.3;     104.1;     932.9;
      2595;1991-2020;        46;      50.8;      44.8;      40.9;      34.6;      55.1;      54.1;      62.3;      56.8;      44.8;      51.6;      49.4;      61.6;     606.8;
      2596;1991-2020;        46;      57.5;      41.4;      45.8;      41.7;      68.2;      62.1;      78.3;      69.4;      53.9;      54.1;        55;      60.3;     687.7;
      2597;1991-2020;        45;      59.5;        45;      45.1;      34.2;      60.6;      58.7;      76.6;      59.2;      49.3;      53.3;      56.9;      68.7;     665.8;
      2598;1991-2020;        46;      79.7;      72.4;      85.8;      78.8;       129;     143.1;     150.1;     133.1;       105;      88.2;      91.5;     102.5;    1259.1;
      2599;1991-2020;        46;      61.6;      50.7;        51;      39.5;      52.9;      68.5;      75.9;      71.1;      52.9;      57.9;      54.7;      64.4;     700.9;
      2600;1991-2020;        45;      41.2;      36.7;      41.5;      33.2;      56.3;      56.1;      70.6;      56.2;      48.5;      49.9;      48.8;      51.5;     588.8;
      2601;1991-2020;        43;        91;        82;        76;        59;        91;        81;        99;        79;        84;        92;        89;       109;      1032;
      2602;1991-2020;        46;      71.3;      56.5;      50.3;      38.1;      45.5;      66.4;      75.4;      92.6;      87.6;     101.7;      82.5;      86.6;     854.3;
      2603;1991-2020;        46;      62.7;      51.8;      48.3;      41.9;      62.2;      61.1;      62.7;        63;      59.6;      61.2;        57;      75.1;     706.6;
      2604;1991-2020;        43;        46;        38;        42;        33;        56;        58;        90;        69;        50;        43;        44;        46;       615;
      2605;1991-2020;        46;      76.7;      59.4;      54.2;      41.7;      55.9;      72.9;      98.4;      86.2;      81.5;      83.1;      74.5;      85.1;     869.6;
      2606;1991-2020;        46;      73.3;      61.2;      57.8;      40.7;      58.4;      79.2;      87.7;      81.7;      73.2;      71.3;      67.6;      79.8;     831.8;
      2607;1991-2020;        46;      46.3;      33.8;      38.6;        30;      47.8;      61.6;      65.1;      55.7;      45.1;      46.4;      41.1;        46;     557.5;
      2608;1991-2020;        46;      54.1;      43.4;        49;      34.7;      55.7;      74.3;      88.6;      73.9;      57.4;      48.2;      48.5;      51.2;     678.8;
      2609;1991-2020;        46;      75.1;      62.6;      54.8;      39.6;      54.9;      75.6;      83.9;      77.4;      65.3;      69.8;      67.8;      82.6;     809.3;
      2610;1991-2020;        46;      80.3;      62.7;      56.2;      40.8;      56.8;      76.6;        91;      89.6;      81.5;      89.7;      74.5;      86.4;     885.9;
      2611;1991-2020;        46;      43.4;      32.2;      41.4;        31;      53.4;      57.9;      67.8;      58.5;      47.4;      44.9;      43.1;      47.4;     568.3;
      2613;1991-2020;        46;      42.5;      33.4;      39.8;      28.4;      51.4;      52.7;      72.4;      58.9;      47.2;      40.6;      38.8;      42.2;     548.2;
      2616;1991-2020;        46;      39.8;      30.9;      40.4;      29.1;      48.8;      51.4;      67.9;      59.8;      44.2;      37.4;      41.3;      43.1;       534;
      2617;1991-2020;        43;        53;        41;        42;        40;        54;        61;        67;        69;        57;        59;        52;        56;       651;
      2618;1991-2020;        45;     106.5;      88.8;      97.5;      68.1;      95.3;      88.4;     117.9;      92.1;     103.4;      98.9;     106.4;     118.8;      1181;
      2620;1991-2020;        46;      45.9;      42.2;      44.7;      53.5;      82.2;      66.9;      72.7;      75.3;        65;      66.6;      58.1;      60.9;     733.9;
      2621;1991-2020;        45;      51.4;      41.5;      39.6;      29.2;      57.5;      60.2;      79.1;      56.3;      48.8;      49.3;      44.4;      49.5;     606.8;
      2622;1991-2020;        46;      51.5;      39.9;      49.1;      36.5;      61.1;      65.5;        84;      76.7;      53.2;      50.4;      52.5;      54.1;     674.2;
      2623;1991-2020;        46;     111.1;      84.3;      86.6;      55.6;      75.5;      79.3;      93.3;      80.7;      80.3;      84.6;      94.8;     122.9;    1048.9;
      2624;1991-2020;        46;      74.8;      59.2;      52.6;      40.2;      54.5;      68.8;      79.5;      83.2;      69.9;      77.3;      66.8;      80.9;     807.8;
      2625;1991-2020;        46;      45.5;      34.1;        38;      25.9;      46.1;      59.3;      73.6;      60.2;      47.6;      44.7;      40.3;      41.9;     557.3;
      2626;1991-2020;        46;      78.3;      56.2;      60.3;      41.3;      64.4;      61.6;      78.5;      63.1;      59.2;      64.1;      68.8;      80.6;     776.4;
      2627;1991-2020;        43;        47;        37;        44;        32;        54;        60;        77;        66;        49;        43;        46;        46;       601;
      2628;1991-2020;        46;      44.5;      33.1;      42.5;      33.5;      56.3;      54.6;      80.2;      63.7;      49.2;      41.5;        46;        44;       589;
      2629;1991-2020;        45;      70.4;      63.8;      56.5;      44.2;        62;      70.1;      81.8;      79.9;      67.9;      70.6;      71.4;      80.1;     832.7;
      2630;1991-2020;        46;      65.3;        55;      52.2;      39.5;      61.7;      65.8;      78.3;        75;      62.2;      64.7;      65.5;      74.6;     759.9;
      2631;1991-2020;        46;      74.7;      61.1;      55.9;      42.8;      61.2;      64.5;      63.9;      65.4;      61.4;      64.3;      61.7;      84.4;     761.3;
      2632;1991-2020;        46;      43.5;      30.5;      34.5;      26.7;      44.2;      56.6;      65.3;        58;      47.8;      42.8;      38.9;        41;     529.8;
      2633;1991-2020;        46;      60.9;      53.8;      64.4;      45.8;      75.7;      77.2;      96.1;      94.5;      64.2;      59.8;      61.4;      61.4;     815.3;
      2634;1991-2020;        46;      86.8;      79.9;      89.9;      54.7;      87.5;        96;     107.4;     119.8;      93.2;      91.6;      80.9;      98.9;    1086.6;
      2636;1991-2020;        46;      73.9;      59.9;      64.8;      50.4;      75.7;      73.1;      84.6;      70.4;        65;      65.5;        71;      83.1;     837.4;
      2637;1991-2020;        46;      50.1;      37.2;      42.6;      33.1;      46.9;      63.1;      71.8;      55.3;      48.4;      49.7;      44.2;      50.4;     592.7;
      2638;1991-2020;        43;        65;        57;        64;        65;       106;       102;       117;        98;        70;        75;        71;        73;       963;
      2639;1991-2020;        46;      44.3;        32;      36.4;      26.5;        55;      57.9;        73;      61.3;        50;      43.9;      40.6;      42.1;       563;
      2640;1991-2020;        46;      49.8;      39.3;      48.6;        32;      62.7;      66.9;      91.2;      73.4;      55.1;      47.6;      46.3;        48;       661;
      2641;1991-2020;        43;        45;        34;        44;        31;        51;        51;        76;        57;        48;        41;        46;        47;       571;
      2642;1991-2020;        46;      38.9;      30.6;      35.3;      29.1;      52.1;      63.2;      64.6;      59.3;      45.6;      44.1;      41.1;      39.6;     543.6;
      2643;1991-2020;        46;      61.8;      49.4;      49.6;      38.8;      51.1;      67.1;      78.7;      67.3;      55.3;      54.7;      53.4;      62.7;       690;
      2644;1991-2020;        46;      53.5;      38.7;      43.8;      34.9;      51.7;      59.8;      74.7;      57.8;      49.9;      49.6;      46.7;      52.8;     613.9;
      2645;1991-2020;        46;      50.4;      41.8;      37.9;      30.5;      52.1;      63.1;      73.8;      67.3;      59.5;      52.3;      48.7;      55.3;     632.7;
      2648;1991-2020;        46;      49.3;      38.3;      41.2;      29.5;      54.4;      57.6;      68.8;      54.8;      48.6;        44;      42.2;      46.3;     575.1;
      2649;1991-2020;        46;      45.2;      38.6;      48.5;      39.6;      69.3;      72.3;      93.4;      73.8;      61.5;        51;      55.7;      53.9;     702.6;
      2650;1991-2020;        46;        39;      33.4;      39.8;      30.5;      55.8;      55.9;      72.5;      53.2;      50.3;      37.2;      44.4;      43.3;     555.4;
      2651;1991-2020;        43;        40;        35;        47;        40;        68;        71;        87;        72;        61;        50;        54;        48;       673;
      2652;1991-2020;        46;      62.9;      57.2;      53.5;      46.9;        57;      69.8;      75.5;      77.1;      61.3;      63.4;      65.9;        72;     762.5;
      2653;1991-2020;        46;      52.8;      45.2;      46.9;      39.7;      63.9;      65.5;      83.7;        57;      57.6;      53.9;      58.5;      62.1;     686.9;
      2654;1991-2020;        46;      56.4;      56.2;      58.7;        46;      73.9;      64.3;      77.6;      66.8;        57;      67.4;      64.2;      72.5;       761;
      2655;1991-2020;        46;      51.6;      39.9;        45;      42.5;      69.7;        63;      81.3;        64;      57.4;      56.8;      55.4;      54.3;     680.8;
      2656;1991-2020;        46;        42;        37;      39.8;      38.1;      56.9;      61.5;      69.1;        62;        48;      44.9;      43.3;      46.8;     589.4;
      2657;1991-2020;        46;      43.4;      38.5;      41.4;      39.9;      58.2;      63.2;        69;      61.8;      51.5;      47.2;      46.7;      49.7;     610.5;
      2658;1991-2020;        46;      72.1;      66.4;      94.3;        98;     181.1;     187.6;     182.2;     188.7;     128.7;      95.6;      86.3;      82.9;    1463.9;
      2659;1991-2020;        46;      78.6;      75.2;     100.7;       106;     176.6;     195.2;     193.7;     193.3;     134.2;     105.1;      95.1;      86.5;    1540.1;
      2660;1991-2020;        46;     103.2;      93.8;     130.9;     118.9;     191.6;     208.4;       214;     213.3;     141.6;     112.2;     110.2;     109.2;    1747.2;
      2661;1991-2020;        46;     103.7;       104;     140.2;     131.2;     221.5;     237.1;     232.4;     230.9;       161;     128.3;     121.8;     113.7;      1926;
      2662;1991-2020;        46;      50.4;      35.5;        40;      33.2;      52.8;      58.8;      66.3;      57.4;      47.3;      45.5;      43.1;      48.2;     578.4;
      2663;1991-2020;        46;      77.6;      60.1;      57.5;      41.1;      59.4;      79.6;      96.3;      80.9;      81.1;      77.9;      74.7;      86.9;     872.9;
      2664;1991-2020;        46;      32.9;      28.5;      37.2;      32.9;      59.5;      57.1;      68.1;      55.8;      51.6;      38.9;      41.8;      41.1;     545.4;
      2665;1991-2020;        46;      65.4;      57.9;      56.8;      47.9;      60.6;      75.9;      80.3;      79.2;      64.9;      65.5;      67.4;      74.6;     796.4;
      2666;1991-2020;        46;      64.2;        58;      56.6;      47.4;      66.8;      81.3;      81.2;      78.3;      68.9;      64.4;      64.4;      71.7;     803.2;
      2667;1991-2020;        45;      61.7;      53.8;        55;      48.2;      62.1;      86.3;      87.4;      83.3;      66.9;      64.7;      63.5;      69.2;     802.1;
      2668;1991-2020;        46;      38.1;      30.1;      39.9;      32.2;      55.9;        55;      77.8;      60.9;      50.8;      37.9;      43.6;      39.9;     562.1;
      2669;1991-2020;        46;      54.6;      42.1;      47.8;      37.5;      58.6;      50.4;      65.1;      53.3;      50.3;      45.5;      49.1;      55.9;     610.4;
      2670;1991-2020;        46;      64.1;      52.2;      56.9;      41.8;      70.2;      66.2;      72.3;        59;      51.5;        61;      58.9;        75;     729.1;
      2671;1991-2020;        46;      57.1;      54.7;        59;      47.5;        81;      70.4;      87.1;      66.9;        59;      70.4;      65.1;      73.3;     791.4;
      2672;1991-2020;        46;      55.3;      46.4;        43;      37.7;      60.5;        64;      84.5;      54.7;      53.1;      53.8;      59.2;      65.4;     677.7;
      2673;1991-2020;        46;      38.1;      26.7;      32.6;      26.7;      53.5;      52.2;      60.4;      55.6;      44.7;      39.7;      36.7;      40.4;     507.4;
      2674;1991-2020;        46;      78.8;      72.8;      85.7;      84.3;     148.5;       160;     168.4;     168.8;     116.5;      91.7;      85.8;      83.8;    1345.1;
      2675;1991-2020;        46;      51.8;      42.9;      49.2;      40.9;      68.5;        61;      77.7;      65.3;      52.7;      47.5;      54.7;      56.5;     668.7;
      2676;1991-2020;        46;      84.9;      63.8;      66.9;      44.8;      72.1;      73.5;      94.8;      73.7;      75.6;        71;      79.6;      91.6;     892.3;
      2678;1991-2020;        46;      52.3;      43.4;      56.4;      40.9;      66.1;      76.4;      93.5;      88.1;      57.5;      51.7;      51.4;      51.4;     729.2;
      2679;1991-2020;        46;     167.1;     110.1;     116.9;      71.3;      92.3;      95.8;       122;     106.1;     112.9;     115.2;     129.8;     153.1;    1392.7;
      2680;1991-2020;        45;      43.9;      34.3;      36.5;      34.5;      60.4;      57.7;      76.7;      52.8;      48.6;      44.8;      46.9;      52.5;     589.4;
      2681;1991-2020;        46;      49.6;      37.7;      39.8;      28.5;      47.9;      57.1;      75.5;        56;      48.9;      43.2;      41.3;      45.4;       571;
      2682;1991-2020;        46;      95.2;      68.2;        73;      46.8;      66.1;      56.7;      79.4;      66.4;      62.4;      71.8;      73.4;      94.9;     854.3;
      2683;1991-2020;        46;      87.3;      64.1;      70.5;      47.6;      64.7;      55.7;      76.7;      63.9;      60.1;      66.2;      68.8;      86.5;     812.1;
      2685;1991-2020;        46;     175.9;     130.9;     127.3;      78.2;     103.3;        93;     125.6;       101;     108.6;     120.1;     130.1;     177.4;    1471.4;
      2686;1991-2020;        46;      61.5;      46.6;      52.5;      40.5;      58.6;      58.5;      73.3;      63.7;      54.2;      56.5;      53.5;      60.5;       680;
      2687;1991-2020;        46;      52.8;      37.2;      44.8;      34.6;        48;      53.4;      69.4;      61.6;        50;      49.3;      46.6;      53.8;     601.4;
      2688;1991-2020;        46;      46.1;      34.2;      38.3;      28.6;      49.4;      56.3;      66.8;      57.9;      46.2;      45.8;      42.1;      44.7;     556.3;
      2689;1991-2020;        45;      70.3;      56.3;      55.4;      42.2;      59.8;      71.3;      88.1;      74.5;      62.5;      62.2;      60.8;      72.5;     782.8;
      2690;1991-2020;        46;      43.1;      34.9;      44.7;      37.4;      70.4;      75.6;      84.1;      80.7;      51.9;      52.6;      47.3;      50.7;     673.5;
      2691;1991-2020;        46;      47.8;      36.6;      47.8;      40.9;      72.5;      78.1;      83.5;      80.9;      53.9;      53.6;      49.7;      53.1;     698.4;
      2692;1991-2020;        46;        46;      35.7;      37.1;      30.6;      45.2;      58.3;      75.8;        61;      46.5;      47.1;      42.2;      43.4;       569;
      2694;1991-2020;        46;      65.1;      52.2;      58.7;      46.3;      72.7;      69.1;      84.9;      70.7;      63.1;      60.9;        66;      72.3;       782;
      2696;1991-2020;        46;      49.6;      38.6;      48.1;      33.3;      62.9;      68.9;      81.3;        70;      52.6;      46.3;      47.2;      49.2;     648.1;
      2697;1991-2020;        46;      58.3;      52.6;        57;      47.5;      68.8;      87.6;      93.2;      88.1;      65.1;      64.7;      64.8;      68.9;     816.6;
      2698;1991-2020;        46;      33.2;      25.7;      34.9;      27.1;      56.3;      49.7;      72.9;      51.5;      49.9;      35.3;      39.3;      36.9;     512.6;
      2699;1991-2020;        46;      75.3;      57.6;        54;      45.5;      62.5;      67.4;        66;      66.8;      65.7;      68.9;      67.4;      90.2;     787.4;
      2700;1991-2020;        45;        49;      37.9;      45.3;        40;      68.9;      78.4;      85.7;      78.6;      52.8;      51.8;      51.7;      55.6;     695.6;
      2701;1991-2020;        46;      34.6;      29.1;      41.7;      35.7;        60;      56.5;      81.8;      62.6;      48.8;      40.2;      44.9;      42.4;     578.2;
      2702;1991-2020;        46;      37.6;      32.7;      40.3;      31.9;      57.6;      62.4;      83.3;      62.8;      56.5;      43.4;      48.9;        44;     601.4;
      2704;1991-2020;        45;      39.5;        28;      36.3;      28.3;      56.7;      50.6;      72.5;      53.4;      49.1;      37.8;      41.8;      41.5;     532.6;
      2705;1991-2020;        46;      33.8;      26.9;      37.1;      30.4;      55.3;      57.8;      78.1;      61.3;      49.2;      37.3;      41.4;      37.6;       546;
      2706;1991-2020;        46;      64.9;      52.7;        61;      44.3;        84;      97.5;      97.9;        95;      68.5;      61.2;      58.7;      70.4;       856;
      2708;1991-2020;        45;      70.4;      68.6;      92.2;      87.7;     147.4;     167.9;     168.8;     172.3;     114.1;      89.6;      81.5;      73.3;    1336.4;
      2709;1991-2020;        46;      38.9;      33.1;      35.9;      32.8;      55.4;      58.9;      69.5;        49;      46.2;      44.7;      46.5;      48.3;     559.1;
      2710;1991-2020;        46;        74;      57.4;      53.9;      40.5;      53.4;      74.9;      89.7;      93.7;      89.5;      92.2;      76.7;      85.5;     881.3;
      2711;1991-2020;        46;      45.4;      40.2;      43.6;      32.1;      60.6;      60.2;        83;      69.1;      48.1;      44.9;      45.6;      45.9;     618.9;
      2712;1991-2020;        45;      45.8;      44.8;      50.6;      56.5;      89.2;      99.7;      96.3;      97.7;      69.4;      62.8;      57.5;      63.2;     833.7;
      2714;1991-2020;        46;      63.5;      54.2;      49.4;      42.2;      65.5;      61.4;      68.6;      62.4;      59.3;      64.8;      62.6;      78.4;     732.3;
      2715;1991-2020;        46;      67.5;      50.8;      51.7;      40.5;      58.7;      63.7;      69.5;        61;      57.7;      56.4;      62.3;        68;     707.8;
      2716;1991-2020;        46;      82.8;      62.1;      61.6;      45.6;      60.4;      67.5;      69.9;      65.5;      60.4;      62.7;      71.9;      87.7;       798;
      2717;1991-2020;        46;        75;      57.6;        58;      44.9;      61.1;      67.6;      71.5;      64.1;      60.1;      60.4;        68;      78.3;     766.5;
      2718;1991-2020;        46;      73.9;      57.8;      59.5;      46.8;      64.4;      68.9;      72.8;      64.5;      60.8;      62.6;      71.2;      77.7;       781;
      2720;1991-2020;        46;      41.5;      30.8;      39.7;      27.5;      47.3;      52.8;      75.2;      62.9;      45.9;      40.4;      41.1;      41.2;     546.1;
      2721;1991-2020;        46;      42.9;      35.2;      46.9;      37.5;      66.3;      68.2;      83.5;      69.8;        59;      47.9;      51.9;      49.7;     658.9;
      2722;1991-2020;        46;      54.8;        49;      64.1;      53.9;      99.8;     106.2;     110.2;     105.2;      74.7;      63.8;      57.2;      61.5;     900.4;
      2723;1991-2020;        46;      52.3;      52.1;      58.4;      44.1;      71.8;      62.7;      78.1;      67.3;      56.9;      66.6;        65;      71.3;     746.7;
      2724;1991-2020;        46;      62.1;      54.2;      70.3;      66.4;     122.9;     140.2;       134;     123.3;      81.5;      75.1;      67.7;      69.6;    1067.4;
      2725;1991-2020;        46;      57.2;      45.9;      46.5;      35.5;      54.4;      67.2;      71.8;      58.3;      54.2;      52.5;      49.7;      60.2;     653.6;
      2726;1991-2020;        46;      42.5;      37.3;      48.8;        42;      67.4;      69.4;      94.1;      68.4;      55.1;      54.1;      53.5;      49.2;     681.7;
      2727;1991-2020;        46;      51.6;      39.4;      42.7;      31.6;      51.2;      64.5;      70.7;      56.4;      48.4;      48.3;      43.2;      48.4;     596.4;
      2728;1991-2020;        46;      53.9;      40.2;      43.4;      32.3;      51.8;      64.3;      66.8;      57.5;      48.9;      48.6;      44.8;      52.8;     605.2;
      2729;1991-2020;        46;      46.5;      39.9;      46.6;      52.3;      88.6;        98;     104.6;      83.2;      63.8;      57.9;      52.1;      56.3;     789.9;
      2730;1991-2020;        46;        46;      38.1;      41.6;      33.3;      57.3;      56.5;      80.8;      59.2;      47.7;      42.2;      45.6;      47.6;     595.9;
      2731;1991-2020;        46;      63.2;      55.2;      53.5;      43.2;      63.2;      67.7;      70.1;      75.8;        62;        63;      63.6;      71.9;     752.4;
      2732;1991-2020;        46;      69.6;      50.4;      57.1;      43.3;      64.3;      71.3;      77.3;      70.1;      62.8;      65.4;      61.4;      69.3;     762.2;
      2733;1991-2020;        46;      47.9;      35.7;        40;      30.4;      52.9;      66.9;      72.7;      53.8;      50.2;      45.2;      41.7;      45.5;       583;
      2734;1991-2020;        46;      64.9;      49.4;      48.4;      39.4;      50.7;      69.4;        91;      97.4;      82.4;        89;      70.3;      77.1;     829.3;
      2735;1991-2020;        46;      43.5;      32.5;      41.6;      31.8;      51.8;      51.6;      78.3;      61.8;      48.8;      40.6;      47.1;      44.8;     574.1;
      2736;1991-2020;        46;      58.3;      52.7;      62.8;      44.4;      75.4;      71.2;      88.6;        70;      53.7;      71.1;        62;      71.8;       782;
      2737;1991-2020;        46;      55.1;      62.1;      73.6;      76.1;     139.7;     139.5;     139.5;     137.2;     110.2;      83.2;      81.7;        85;    1182.8;
      2739;1991-2020;        46;     142.1;     129.4;     157.8;     133.8;     207.5;     218.7;     239.4;     226.9;     174.9;     139.7;     139.7;     159.5;    2069.5;
      2740;1991-2020;        46;     131.5;     125.6;     154.8;     130.8;     201.1;     222.6;       236;     224.3;     164.7;     121.9;     131.1;     140.9;    1985.5;
      2741;1991-2020;        46;      60.9;      60.1;      56.5;        46;      59.8;      62.8;      67.6;      68.3;      54.8;      55.1;      57.7;      67.9;     717.5;
      2742;1991-2020;        46;      83.3;      65.5;      66.7;      47.9;      91.4;      90.5;      99.3;      94.3;      76.7;      83.7;      72.9;      99.1;     971.4;
      2743;1991-2020;        46;      66.1;      59.5;      77.6;        71;     123.6;     137.3;     142.6;       133;      90.8;      77.2;        70;      71.7;    1120.4;
      2744;1991-2020;        46;       131;     100.2;      92.7;      59.3;      72.9;      79.6;      90.5;      96.4;        83;      96.5;     107.6;     141.7;    1151.4;
      2746;1991-2020;        46;      43.2;      31.8;      38.6;      28.1;      56.8;      53.3;      68.9;      65.5;      48.8;      39.3;      42.6;      42.9;       560;
      2748;1991-2020;        46;      54.4;      44.3;      56.6;      45.5;      83.2;      96.2;     100.8;        90;      65.1;      57.9;      56.4;      60.8;     811.2;
      2749;1991-2020;        43;        48;        39;        40;        31;        49;        64;        65;        69;        58;        55;        51;        54;       623;
      2750;1991-2020;        45;      73.5;      56.9;      57.8;      43.6;      66.1;      77.3;      89.4;      71.4;        64;      62.3;        68;      81.8;     812.2;
      2751;1991-2020;        46;        48;      44.9;      48.4;      41.6;      72.1;      64.5;      73.5;      57.8;      55.1;      58.1;      60.2;      64.1;     688.2;
      2752;1991-2020;        46;        67;      54.6;      55.2;      41.4;      63.9;        65;      77.3;      63.7;      60.2;      69.6;      67.6;      83.8;     769.2;
      2753;1991-2020;        46;        74;        63;      59.6;      44.6;      65.6;      65.6;      78.7;      61.2;      63.7;      71.6;      69.5;      88.8;     805.7;
      2754;1991-2020;        46;      63.8;      56.4;      68.8;      71.3;     119.9;     128.1;     132.9;     121.7;      87.8;      75.2;      72.9;      78.2;      1077;
      2755;1991-2020;        46;      45.6;      35.1;      42.5;      31.5;      54.8;      59.2;      79.7;      67.7;      49.4;      45.5;      48.2;      46.6;     605.7;
      2756;1991-2020;        46;      53.9;      39.7;      45.2;      30.5;      53.6;      53.5;      72.2;      58.8;      48.5;      42.8;      48.4;      52.4;     599.4;
      2759;1991-2020;        46;      68.8;        60;        88;      85.1;     149.6;     173.9;     185.8;     182.5;     114.9;      87.1;      74.1;      71.8;    1341.7;
      2760;1991-2020;        46;      41.6;        32;      36.5;      26.4;      52.8;      55.6;        68;        58;      48.8;      42.8;      38.7;      42.4;     543.7;
      2761;1991-2020;        46;      59.7;      48.8;      66.2;      65.8;     115.7;     116.2;     128.3;     118.3;      75.3;        72;        65;      65.6;     996.9;
      2762;1991-2020;        46;      60.4;      50.1;      47.7;      37.9;      50.8;      68.6;      70.1;      71.9;        53;      55.3;      54.8;      63.3;     683.8;
      2764;1991-2020;        46;      72.8;      59.1;      52.9;      41.1;      59.5;        82;      96.3;       101;      88.3;      91.7;      76.2;      83.9;     904.6;
      2765;1991-2020;        46;      43.2;      32.4;      37.6;      28.5;      51.4;        61;        66;      59.6;      45.5;      46.7;      40.8;      45.7;     558.3;
      2766;1991-2020;        46;      50.7;      44.7;      41.5;      34.6;      52.6;      68.1;      69.6;        75;      62.3;      57.2;      54.3;      58.6;     669.2;
      2768;1991-2020;        46;      65.8;      51.9;      53.3;      42.7;      65.3;      66.9;      84.1;      63.2;      59.5;      57.6;      63.1;      73.1;     746.3;
      2769;1991-2020;        46;      68.9;      59.4;      71.6;      51.6;      81.7;      95.7;     111.8;      98.1;      82.7;      70.5;      72.4;      78.5;     942.9;
      2770;1991-2020;        46;      79.6;      64.5;        58;      39.7;      58.8;        78;      84.2;      81.1;      67.2;      70.4;      69.3;      86.1;     836.9;
      2772;1991-2020;        46;      56.5;      48.5;      51.7;      38.6;      62.7;      59.2;      71.7;      53.8;      50.1;      55.9;      53.4;      67.5;     669.6;
      2774;1991-2020;        46;      59.6;      47.6;        51;      42.8;      76.6;      68.2;      85.8;      74.2;      60.5;      66.3;      59.2;      64.7;     756.6;
      2775;1991-2020;        46;      67.7;      56.7;      64.5;      45.8;        74;      67.1;        75;      66.1;        61;      68.7;      69.4;      82.2;       798;
      2776;1991-2020;        46;      68.2;      58.4;      65.1;      47.2;        73;      67.4;      73.2;      66.6;      62.3;      69.2;      68.7;      82.2;     801.5;
      2777;1991-2020;        46;     125.7;     101.7;      96.4;      65.8;      77.6;      92.2;     103.5;     101.8;     100.9;     103.3;     113.6;     140.4;    1222.9;
      2778;1991-2020;        46;        41;      33.2;      35.7;      30.4;      52.7;      54.3;      84.9;      60.8;      48.1;      39.5;      39.2;      39.3;       559;
      2779;1991-2020;        46;      53.2;      40.6;      43.9;      32.1;      47.8;      66.1;      73.1;      60.4;      48.5;      48.7;      45.6;      52.6;     612.5;
      2781;1991-2020;        46;      62.1;      47.5;        53;      39.2;      65.9;        74;      86.4;      69.1;        64;      55.8;      60.8;      67.4;     745.1;
      2782;1991-2020;        46;      71.9;      55.9;      59.4;      44.8;      69.3;        79;      91.2;      73.6;      69.4;      61.7;      67.9;        79;     823.1;
      2783;1991-2020;        46;      57.2;      49.6;        60;      52.2;      91.5;        99;     102.3;      93.8;      71.2;      63.1;        61;      62.5;     863.6;
      2784;1991-2020;        46;      49.2;      39.7;      50.9;      36.4;      60.1;      68.8;      85.1;      75.7;      58.1;      45.9;      46.7;      49.2;     665.7;
      2785;1991-2020;        46;      52.5;      38.2;      42.9;        33;      52.5;      54.3;      71.8;      62.6;      48.8;      48.6;      46.2;      50.5;     601.9;
      2786;1991-2020;        46;        82;      62.2;      64.3;      45.3;        72;      80.9;       100;      80.1;      77.6;      69.9;      74.9;      89.7;     898.9;
      2787;1991-2020;        46;      64.8;      58.3;      65.8;      45.8;      78.8;      71.7;      77.3;      68.5;      63.5;      72.5;      67.8;      82.2;     816.9;
      2788;1991-2020;        46;        70;      61.5;      68.5;      49.1;      74.9;      70.7;      76.3;      72.4;      59.8;      73.1;      70.2;      85.8;     832.3;
      2789;1991-2020;        46;      85.9;      70.9;      63.8;      43.6;      64.4;      61.4;      66.7;      67.9;      61.1;      74.9;      76.2;     106.3;     843.1;
      2790;1991-2020;        46;      92.3;      75.2;      64.7;      46.2;      68.2;      65.2;      73.3;      70.1;      65.6;      78.4;      81.1;     111.6;     891.9;
      2791;1991-2020;        46;      69.1;      55.4;      53.3;      39.1;      57.8;      74.2;      92.3;      75.6;      70.6;      69.3;        66;      76.1;     798.9;
      2792;1991-2020;        46;      57.3;      44.1;      57.2;      51.7;      94.3;      98.7;     111.6;      99.3;      73.8;      59.6;      58.8;      61.8;     868.2;
      2793;1991-2020;        46;      38.3;      32.1;      38.9;      33.7;      56.2;      54.1;      69.5;      53.9;        51;      38.2;      44.5;      42.4;     552.8;
      2794;1991-2020;        43;        51;        38;        40;        28;        46;        62;        72;        60;        51;        48;        43;        47;       586;
      2795;1991-2020;        46;      52.5;      38.9;      42.6;      36.8;      48.9;      68.5;      70.6;      63.2;      52.8;      49.3;      46.6;      55.6;     626.4;
      2797;1991-2020;        46;      74.8;      57.9;      56.4;      39.8;        55;      70.1;      84.8;      80.2;      70.3;      72.6;        67;      79.8;     808.7;
      2799;1991-2020;        46;      48.7;      36.6;      45.9;      32.2;      55.3;      57.7;      83.3;      65.2;      54.5;      45.3;      49.2;      48.1;       622;
      2801;1991-2020;        46;     106.6;      84.4;      79.6;      54.5;      69.1;        70;      81.6;      72.1;      69.6;      82.6;      89.2;     122.2;     981.6;
      2802;1991-2020;        46;     121.1;      89.9;      87.1;      61.1;      72.2;      72.6;      89.4;      87.9;      80.7;      92.9;      97.8;     129.9;    1082.5;
      2803;1991-2020;        46;     129.7;      97.8;      97.1;      64.1;        78;      80.8;     101.9;      92.2;      89.4;     105.7;     107.8;       143;    1187.5;
      2804;1991-2020;        46;      52.3;      38.4;      45.1;      37.6;      50.4;      52.9;      71.1;      67.1;      51.2;      54.7;        50;        52;     622.7;
      2805;1991-2020;        46;      71.2;      52.4;      52.9;      42.5;      53.7;      58.1;      80.5;      69.9;      61.1;      65.3;      60.1;      70.4;       738;
      2806;1991-2020;        46;      67.8;        52;      51.2;      39.9;      53.6;      65.2;      74.5;      78.2;      67.7;      64.3;      63.3;      69.8;     747.5;
      2807;1991-2020;        46;      42.1;        30;      36.2;      27.9;      52.6;      55.2;      65.1;      55.8;      46.5;      38.8;      40.1;      43.7;     533.9;
      2808;1991-2020;        46;      48.3;      46.8;      49.5;      42.9;      69.1;      66.2;      74.3;      65.7;      53.8;      58.6;      58.2;      60.5;     693.8;
      2809;1991-2020;        46;      84.3;      65.1;        62;        47;      61.7;      67.1;      82.3;      77.9;      69.1;      73.9;      71.3;      88.5;     850.1;
      2810;1991-2020;        46;     107.2;        81;      79.4;      53.6;      71.5;      76.3;        88;      85.4;      81.9;      88.1;      89.3;     109.3;    1011.1;
      2811;1991-2020;        46;      46.8;      42.1;      44.5;      41.4;      58.4;      63.8;      67.9;      59.2;      54.2;      50.4;      48.8;      55.3;     632.7;
      2812;1991-2020;        45;      45.9;      44.2;      51.7;      56.1;      91.1;      78.6;      88.3;      80.3;      58.2;      74.2;      60.4;        56;     792.2;
      2814;1991-2020;        45;      73.4;      65.3;      75.4;      61.4;        96;      94.2;     102.5;        83;      69.2;      72.9;      71.9;        84;     949.1;
      2815;1991-2020;        46;     138.1;        97;     100.5;        70;      83.3;      85.7;     102.3;      81.1;      87.3;     110.3;     110.2;     135.8;    1201.7;
      2816;1991-2020;        46;      50.9;      40.3;      42.6;      35.4;      53.7;      66.4;      67.6;      61.7;      50.4;      50.8;      45.3;        53;     618.1;
      2817;1991-2020;        46;       110;      85.7;      93.2;      55.3;      88.5;      98.7;     110.4;       101;      80.3;      79.7;      87.7;     111.8;    1102.4;
      2818;1991-2020;        46;      84.3;      68.7;      80.4;      55.7;      94.6;     106.9;     112.6;     106.1;      81.6;        78;      79.3;      96.5;    1044.7;
      2819;1991-2020;        46;      41.5;      40.4;      42.5;      37.3;      65.9;        66;      70.7;      65.5;      51.6;      52.9;      53.5;      55.8;     643.9;
      2820;1991-2020;        46;      69.4;      61.5;      84.8;      67.4;     128.7;     139.7;     135.1;     134.4;      98.1;      77.2;      71.3;      77.6;    1145.1;
      2821;1991-2020;        46;        71;      51.2;      56.7;      41.9;      62.5;      61.6;        77;      71.5;      57.4;      65.3;      61.9;      69.5;     747.4;
      2822;1991-2020;        46;      75.8;      64.9;      60.4;      41.7;      58.6;      79.4;        92;      84.2;      81.1;      78.4;      72.9;      84.4;     873.8;
      2823;1991-2020;        46;      48.7;        41;      51.6;      39.6;      80.9;        90;      90.8;      86.6;      62.7;      55.9;      52.9;      55.6;     756.5;
      2824;1991-2020;        46;      56.1;      50.1;      49.6;      36.5;      61.7;      57.9;      59.4;      50.8;      48.8;      55.5;        59;      73.3;     658.8;
      2826;1991-2020;        46;      37.1;      27.8;      34.1;      25.2;      53.2;        55;      70.8;      53.9;      45.3;      36.2;      33.5;      33.1;     505.3;
      2827;1991-2020;        46;      45.8;      35.5;      35.1;      32.4;      49.4;      59.1;      60.3;      63.4;      58.2;      53.7;        50;      49.2;       592;
      2828;1991-2020;        46;      37.6;      29.5;      38.3;      30.5;        53;      52.8;      71.6;      56.8;      52.7;      37.5;      41.9;        39;     541.1;
      2830;1991-2020;        46;      56.7;      51.5;      65.1;      66.2;     114.5;     127.2;     129.3;     119.9;      82.8;      70.7;      65.4;      64.6;    1013.9;
      2831;1991-2020;        46;      49.8;      39.8;      51.6;      43.7;      81.8;      88.3;      92.8;      84.1;      63.5;      56.9;      53.1;      55.4;       761;
      2832;1991-2020;        46;      49.7;      41.7;      49.5;      42.4;      82.2;      92.5;      89.6;      83.8;      62.6;      56.4;      52.6;        54;       757;
      2833;1991-2020;        46;      78.1;      67.7;      64.1;        49;      73.6;        67;      71.8;      72.4;      60.6;      74.1;        75;     100.8;     854.3;
      2834;1991-2020;        46;      76.7;      57.9;      59.8;      44.6;      65.8;      64.5;      82.3;      72.8;      62.7;      71.3;      66.2;        77;     801.7;
      2835;1991-2020;        46;      56.8;      44.7;      47.4;        40;      68.2;      67.6;      81.9;      71.2;      56.4;      57.8;        57;      57.8;     706.7;
      2836;1991-2020;        46;      60.2;      47.1;      53.7;        40;      66.6;      72.8;      91.4;      86.8;      58.7;      55.6;      56.3;      59.2;     748.3;
      2837;1991-2020;        46;      42.6;        34;      44.2;      35.5;        62;      56.9;      72.8;      56.7;      50.4;      44.9;      42.8;      43.5;     586.2;
      2838;1991-2020;        46;      92.5;      66.9;      79.2;      57.8;        80;      79.8;      91.2;      81.6;      78.5;      80.9;      79.6;      88.6;     956.5;
      2839;1991-2020;        46;      79.5;      56.2;      65.4;        46;      69.5;      69.9;      82.1;      75.9;      69.6;      70.8;      66.1;        74;       825;
      2840;1991-2020;        46;        68;      47.4;      57.2;      40.7;      65.7;      62.2;        82;      68.2;      56.8;      58.5;      51.5;      59.7;     717.8;
      2841;1991-2020;        46;     121.3;      89.8;        95;      67.8;      92.3;      94.1;     113.1;     104.7;      94.4;     101.2;     101.8;     115.1;    1190.6;
      2842;1991-2020;        46;      51.3;      47.6;      48.5;      41.7;      67.9;        66;      69.3;      64.5;      54.1;      57.2;      55.9;      63.8;     687.9;
      2844;1991-2020;        46;      66.8;      55.6;      53.9;      38.8;      52.8;        81;      91.3;      83.7;        81;      77.3;      71.3;        75;     828.5;
      2845;1991-2020;        46;      58.3;      48.6;      58.1;      45.8;      79.2;      90.5;      88.4;      78.7;      60.7;      61.9;      60.5;      66.9;     797.7;
      2846;1991-2020;        46;      56.7;      53.8;        67;      68.9;     119.8;     135.8;     129.7;     130.4;      99.3;      78.9;      76.8;      78.7;    1095.9;
      2847;1991-2020;        46;      52.7;      43.6;      54.5;      47.6;      83.4;      95.9;     102.7;      87.9;      64.2;      57.4;      55.3;        60;     805.2;
      2848;1991-2020;        43;        79;        72;        78;        54;        83;        79;        85;        75;        67;        81;        79;       102;       934;
      2849;1991-2020;        46;      72.3;      66.1;      74.3;      51.5;      78.7;      73.1;      80.5;        72;      61.4;      75.6;      72.7;      88.4;     866.5;
      2850;1991-2020;        46;      47.8;      41.9;      49.7;      50.5;      85.5;       100;      97.8;      82.9;      59.9;      60.6;      52.3;      59.8;     788.7;
      2852;1991-2020;        46;        60;      45.7;      50.5;      39.9;      72.4;      66.1;        81;      68.1;      57.2;      59.2;      57.8;        60;     717.9;
      2853;1991-2020;        46;      39.9;      32.7;        44;      34.3;      61.9;      71.1;      82.5;      73.7;        59;      51.4;      48.5;      46.2;     645.2;
      2854;1991-2020;        46;      87.4;      61.4;      63.2;      48.5;      67.1;      67.4;      85.8;      88.5;      68.8;      69.8;      69.9;      78.8;     856.6;
      2855;1991-2020;        46;        62;      48.9;      51.2;      40.1;      51.5;      70.1;      80.1;      72.6;      53.3;      57.6;        55;      63.7;     706.1;
      2856;1991-2020;        45;      44.3;      31.4;      37.9;      27.2;      54.2;        52;      74.7;      55.6;        44;      38.2;      40.2;      41.7;     539.6;
      2857;1991-2020;        46;      32.6;      31.6;      35.6;      30.9;      56.1;      53.3;      74.4;      51.5;      44.8;      36.1;        42;      39.3;     528.2;
      2858;1991-2020;        46;      39.3;      33.5;      43.7;      40.2;      70.4;      67.4;      86.1;      72.2;      55.3;      44.8;      49.9;      45.9;     648.8;
      2859;1991-2020;        46;      41.4;      31.2;      42.6;      35.1;      60.9;      56.2;        68;      52.8;      48.1;      40.8;      40.4;      41.4;       559;
      2860;1991-2020;        46;      48.3;      41.8;      46.7;      34.6;      60.1;      60.8;      79.7;      56.2;      49.1;      54.7;      54.1;      56.4;     642.4;
      2861;1991-2020;        46;      59.7;      46.3;      42.8;      35.4;      44.5;      63.9;      78.5;      82.2;        83;      77.6;      69.7;      70.8;     754.5;
      2862;1991-2020;        46;        54;        48;      59.9;      61.4;     100.9;     115.2;     120.1;     101.7;      75.7;      68.3;      60.5;      60.4;     926.1;
      2863;1991-2020;        46;      43.9;      34.8;      38.8;      28.5;      51.2;      61.5;      73.2;      55.9;      43.7;      43.7;      42.2;      45.3;     562.6;
      2864;1991-2020;        46;      73.4;      56.8;      55.5;      42.2;      54.1;      68.3;      83.1;      71.9;      66.9;      68.9;        63;      76.6;     780.6;
      2865;1991-2020;        43;        49;        42;        45;        37;        60;        59;        66;        56;        47;        51;        50;        56;       618;
      2866;1991-2020;        46;      74.2;      66.2;      65.8;      50.3;      75.2;      68.8;      72.4;      64.7;      67.2;      75.1;      76.3;      96.8;     852.9;
      2867;1991-2020;        46;      57.3;      46.9;        56;      41.8;      77.1;      81.5;      86.7;      78.3;        57;        57;      56.7;        63;     759.4;
      2868;1991-2020;        46;      79.4;      69.7;      63.9;        49;        63;      72.4;      92.2;      82.4;      69.5;      73.2;      73.9;      81.8;     870.3;
      2869;1991-2020;        46;      62.6;      56.4;      53.2;      45.2;      60.2;      65.9;      73.1;      76.2;      60.2;      61.7;      64.6;      71.6;       751;
      2870;1991-2020;        46;      72.7;      54.5;      55.5;      41.9;      55.4;      70.2;      81.5;      75.4;      67.2;      64.7;      64.3;      76.9;     780.2;
      2871;1991-2020;        46;      80.8;      66.3;      59.6;      40.7;      58.6;      77.8;      85.5;      83.7;      69.5;      76.9;      70.4;      85.4;     855.2;
      2872;1991-2020;        46;        67;        52;      52.1;      40.2;      56.3;        73;        80;      77.9;      73.2;      65.5;      64.3;      71.6;     773.1;
      2873;1991-2020;        46;      72.4;      53.3;        55;      45.4;      71.8;      69.2;      89.1;      71.7;      66.3;      70.3;      65.8;      79.1;     809.3;
      2874;1991-2020;        46;      47.8;      44.9;      53.7;      57.9;      99.5;     118.2;     118.6;     107.5;      76.3;      66.1;      62.8;      57.3;     910.5;
      2875;1991-2020;        46;      33.9;      29.9;      39.2;      31.7;        56;      52.2;      73.7;        56;        49;      36.5;      42.7;      40.9;     541.7;
      2877;1991-2020;        46;      46.3;      38.4;      43.8;      34.4;      63.5;      56.8;      73.1;      56.3;        50;      46.8;      50.1;      50.7;     610.3;
      2878;1991-2020;        43;        30;        26;        33;        29;        54;        52;        71;        55;        48;        33;        37;        33;       501;
      2879;1991-2020;        46;      51.3;      45.3;      45.9;      37.9;      63.9;      62.6;      75.6;      59.4;      45.4;        51;      51.2;      59.1;     648.5;
      2880;1991-2020;        46;      60.6;      52.7;      56.2;      43.2;      66.2;      64.4;      79.8;      55.4;      52.5;      59.4;      57.8;      71.5;     719.9;
      2881;1991-2020;        46;      62.6;        50;      50.9;      40.2;      52.2;      68.6;        80;      69.5;        57;      57.4;      55.1;        63;     706.3;
      2882;1991-2020;        46;      71.2;        58;      66.9;      49.2;      76.2;      88.3;      93.9;      97.3;      64.7;      65.2;      64.2;        70;       865;
      2883;1991-2020;        46;      64.4;      54.6;        56;      40.5;      66.8;      74.6;      84.2;      73.1;      63.9;      63.1;      65.5;      73.6;     780.2;
      2884;1991-2020;        46;      65.7;      54.3;      56.8;      41.5;      66.6;      76.4;      82.8;      71.3;      63.9;      62.5;      64.3;        73;       779;
      2885;1991-2020;        46;      66.7;      59.6;        84;      67.8;     119.9;     142.5;     138.5;     134.5;     101.5;      75.2;      70.9;      73.4;    1134.4;
      2887;1991-2020;        46;      57.3;      44.6;      53.2;      39.7;      63.8;      69.1;      86.7;      79.1;      57.9;      52.3;      55.5;      56.8;       716;
      2888;1991-2020;        46;        46;      37.4;      42.4;      31.3;      54.4;      63.6;      73.3;      66.9;      51.9;      42.8;      44.9;      49.6;     604.5;
      2890;1991-2020;        46;      97.4;      72.4;      78.4;      52.7;      71.8;        72;      91.7;      81.6;      78.7;      81.3;      89.7;      96.6;     964.3;
      2891;1991-2020;        46;     116.7;      81.3;      86.8;      59.4;      80.4;      78.8;     105.6;      90.5;      88.1;        98;     105.6;       114;    1105.2;
      2892;1991-2020;        46;      97.3;      78.2;      93.4;      69.8;     104.7;      98.6;     127.1;      98.4;      79.2;      91.5;      91.7;     108.9;    1138.8;
      2893;1991-2020;        46;      55.8;      48.3;      45.1;      37.3;      63.7;      56.5;      63.8;      61.7;      50.7;      59.6;      55.2;        74;     671.6;
      2894;1991-2020;        46;      96.9;      77.8;      82.8;      52.9;      85.5;      86.6;      95.5;      84.6;      76.6;      76.3;      89.4;       104;    1009.1;
      2895;1991-2020;        46;      82.7;      68.1;      73.4;        50;      80.7;      86.6;      94.1;      86.5;      74.3;      74.7;        77;      92.6;     940.7;
      2896;1991-2020;        46;     121.5;      85.8;      87.5;      62.7;      87.7;      75.4;        97;      83.1;      79.7;      97.2;      93.8;     130.8;    1102.2;
      2898;1991-2020;        46;      73.5;      56.9;      62.2;      50.6;      77.6;      67.5;      86.6;      73.3;      63.1;      69.8;        66;      81.1;     828.2;
      2899;1991-2020;        46;      80.6;      60.7;        60;      44.5;        75;      68.4;      94.1;      68.7;      65.7;      67.9;      73.2;      92.6;     851.6;
      2900;1991-2020;        46;      63.8;      61.9;      65.5;      52.5;        86;        70;      81.2;      80.2;      66.3;      71.4;      76.1;      83.7;     858.6;
      2901;1991-2020;        46;      61.7;      48.1;      45.9;      41.3;      53.9;      65.1;      70.7;      72.9;      57.3;      60.6;      54.5;      60.5;     692.3;
      2902;1991-2020;        43;        40;        33;        38;        30;        52;        57;        85;        61;        46;        40;        38;        39;       559;
      2903;1991-2020;        46;      64.9;      61.7;      80.5;      82.4;     134.1;     169.8;     165.3;     165.3;     114.6;      86.8;      78.4;      74.9;    1278.6;
      2906;1991-2020;        46;      76.1;        62;      53.3;      42.3;      56.1;      78.9;      88.7;      96.4;      97.3;     107.3;      88.8;      85.9;     933.1;
      2907;1991-2020;        43;        73;        55;        50;        39;        52;        74;        86;        93;        92;        98;        82;        83;       877;
      2908;1991-2020;        46;      61.9;      50.2;      47.4;      38.3;        55;        68;      78.8;      76.9;      74.6;      61.5;      62.8;      69.1;     744.4;
      2909;1991-2020;        46;      51.3;      41.5;        42;      32.6;      49.4;      67.7;      76.1;      65.3;      51.4;      51.1;      47.1;      53.5;       629;
      2910;1991-2020;        46;      83.2;      74.4;      82.3;      78.9;     126.7;     133.4;     143.2;     131.1;      96.4;        84;      84.4;      97.1;    1214.9;
      2911;1991-2020;        46;      77.8;      63.1;      60.4;      43.6;      56.5;      74.4;      81.3;      80.3;      73.7;      70.5;        72;      83.9;     837.5;
      2912;1991-2020;        46;      73.7;        55;      50.1;      37.2;      52.9;      72.1;      72.9;      79.4;      69.7;      75.3;      66.3;      78.6;     783.2;
      2913;1991-2020;        46;      35.4;      31.2;      42.5;      36.1;      65.4;      58.5;      83.2;      65.8;        53;      43.4;      48.3;      44.6;     607.5;
      2915;1991-2020;        46;      81.4;      63.8;      67.5;      51.4;        78;      78.4;     104.3;      83.5;      77.3;      76.9;      82.2;      91.9;     936.6;
      2916;1991-2020;        46;      44.8;      35.5;      39.7;      29.3;      52.2;      59.2;        72;      61.6;      44.2;      43.4;      41.9;      44.9;     568.5;
      2917;1991-2020;        46;      52.7;      46.2;      50.9;      39.5;      68.1;      71.3;      76.8;      62.5;      51.9;      59.2;        57;      63.9;       700;
      2918;1991-2020;        46;      55.6;      40.6;      46.2;        38;      55.2;      54.5;        77;      60.8;      53.2;      54.1;      50.4;      54.9;     640.7;
      2919;1991-2020;        46;      61.9;      46.1;      48.8;      38.5;      52.7;      57.1;      72.7;      67.1;      55.2;      57.8;      56.7;        61;     675.5;
      2920;1991-2020;        46;      45.1;      39.2;      47.9;      39.4;      67.9;      86.5;      87.4;        72;      59.7;      49.5;      49.8;      50.3;     694.7;
      2921;1991-2020;        46;      94.6;      79.9;        78;      55.9;      83.9;      70.8;      80.5;      70.3;      70.7;      84.5;      89.1;     114.2;     972.5;
      2922;1991-2020;        46;      53.2;      43.9;      46.1;      37.1;      63.4;      61.4;      71.5;      60.6;      50.2;      52.5;      53.8;      66.9;     660.4;
      2923;1991-2020;        46;      63.1;      61.4;      73.1;      69.6;     111.9;     131.2;     128.2;       125;      86.2;      73.9;        70;      72.4;    1066.1;
      2924;1991-2020;        46;      68.3;      55.8;        60;      44.9;      73.8;      77.7;      89.6;      73.8;      66.7;      64.7;      67.4;      75.6;     818.3;
      2925;1991-2020;        45;      58.2;      45.6;      54.4;      41.8;      67.9;        63;      82.3;      62.6;      58.7;      51.8;      55.8;      59.9;     697.5;
      2927;1991-2020;        46;      58.8;      45.5;      55.2;      37.3;      57.6;      69.1;      90.7;      71.8;      57.3;        53;      55.8;      60.6;     712.7;
      2928;1991-2020;        45;      43.5;      34.2;      44.6;      34.8;        57;      60.1;      84.5;      65.1;      54.6;      43.5;      47.9;      44.9;       611;
      2930;1991-2020;        46;      41.2;      33.8;      43.5;      34.4;      58.3;      61.6;      81.8;      64.7;      52.7;      41.6;        46;      43.7;     603.3;
      2931;1991-2020;        46;      42.8;      33.5;      44.2;      33.9;      56.9;      56.1;      78.4;        63;      52.1;      42.9;      46.5;      45.2;     595.2;
      2932;1991-2020;        45;      33.4;      24.5;      36.5;        32;      51.2;      54.4;      75.8;      63.6;      50.5;      35.2;      40.4;      34.3;     531.9;
      2933;1991-2020;        46;      58.5;        50;      50.9;      42.8;      59.2;      65.6;      67.5;      57.7;      52.3;      60.4;      56.3;      70.4;     691.5;
      2934;1991-2020;        46;      73.1;      66.3;      65.9;      51.1;      74.8;      70.1;        74;        65;      66.9;        75;      76.9;      95.3;     854.5;
      2935;1991-2020;        46;      65.7;      48.4;      47.5;      41.5;        50;      62.3;      71.9;      73.6;      59.2;      63.8;      56.9;      63.7;     704.4;
      2936;1991-2020;        46;      84.2;      64.2;      62.3;      45.6;      65.8;        69;      85.2;        88;      71.2;        73;        70;      82.3;     860.8;
      2937;1991-2020;        46;      46.1;      34.9;        37;      31.4;      49.6;      60.2;      76.3;      58.4;      45.9;        48;      44.3;      44.4;     576.3;
      2938;1991-2020;        46;      58.7;      48.6;      52.7;      36.7;      61.4;      57.9;      74.7;      57.6;      54.2;      52.1;      56.2;      65.2;     675.8;
      2939;1991-2020;        46;      66.4;      55.9;      70.1;      49.7;      78.1;      91.1;     104.8;       102;      73.4;        64;      64.7;      68.7;     888.9;
      2941;1991-2020;        46;      37.2;      34.6;      48.8;      40.4;      69.1;      68.4;      88.2;      68.1;      58.5;      46.3;      49.8;        46;     655.3;
      2942;1991-2020;        46;      72.2;      53.1;      53.3;      40.8;      55.6;      69.8;      76.6;      73.3;        70;      62.6;      64.8;      77.7;     769.9;
      2943;1991-2020;        46;     108.3;     101.4;     124.6;     108.5;       180;     194.1;     205.4;     201.7;     145.3;       112;     113.5;     125.7;    1720.5;
      2945;1991-2020;        46;     107.2;      89.5;     123.1;     109.7;     173.2;     193.2;       210;       207;     139.3;       106;     108.9;       109;    1676.2;
      2946;1991-2020;        46;       101;      91.2;     120.2;     115.1;       183;     198.3;     206.8;     204.7;     142.7;     110.3;     110.4;     107.9;    1691.7;
      2947;1991-2020;        45;     101.4;      80.6;      75.3;      55.9;      70.3;      74.7;      89.4;      92.2;        75;      80.2;      85.5;     105.7;     986.1;
      2948;1991-2020;        46;     121.6;        97;      88.3;      60.8;      77.1;      77.6;      91.6;        98;      81.3;      92.6;      98.1;     126.5;    1110.4;
      2949;1991-2020;        46;      67.9;        61;      71.8;      68.5;     116.6;     112.8;     120.9;       101;      79.8;        83;      76.5;      79.3;    1039.4;
      2950;1991-2020;        46;      61.1;      48.5;      44.5;      35.4;      54.2;      62.6;      67.2;      74.2;        62;      58.1;      56.5;      64.3;     688.5;
      2951;1991-2020;        45;      51.1;      39.7;      43.2;      33.7;      47.9;      58.6;      72.8;      60.9;      46.4;      49.6;      46.2;      49.5;     599.6;
      2953;1991-2020;        45;     122.2;      98.1;      87.9;      71.4;     106.8;     100.1;     105.2;      89.8;      72.7;      95.5;     102.8;     147.1;    1196.2;
      2955;1991-2020;        43;        44;        40;        48;        39;        80;        75;        84;        76;        55;        58;        54;        55;       708;
      2956;1991-2020;        46;      50.2;      35.8;      41.5;      30.3;      54.9;      54.7;      72.2;      60.3;      48.7;      47.9;      42.1;      50.1;     588.7;
      2958;1991-2020;        46;      44.7;      36.4;      47.3;      33.9;      61.8;      72.2;      86.2;      80.9;      52.9;      44.3;      43.7;      45.1;     649.4;
      2959;1991-2020;        46;      43.7;      34.8;      44.9;      31.8;      55.3;      63.1;      78.9;      70.4;      56.2;      46.6;      47.2;      45.4;     618.5;
      2960;1991-2020;        46;      60.8;      46.3;      52.4;      39.9;      72.1;      85.8;        87;      73.2;      63.6;      57.6;      56.5;      65.4;     760.6;
      2963;1991-2020;        46;      31.4;      27.1;      37.1;      30.4;      54.8;      54.5;      78.3;      57.9;      47.4;      35.7;      39.7;      36.2;     530.6;
      2964;1991-2020;        46;      53.6;      47.3;      54.8;      44.1;      80.7;        79;      85.6;      78.5;      56.6;      64.5;      62.9;      66.8;     774.3;
      2965;1991-2020;        46;        45;      38.6;      43.2;      43.3;      71.4;        71;      89.5;      72.5;        59;      49.9;      53.5;      53.1;     689.9;
      2966;1991-2020;        46;      53.6;      43.5;      51.7;      37.4;      66.4;        64;      74.2;      65.3;      47.7;      59.6;      53.5;      60.9;     677.8;
      2967;1991-2020;        46;      78.6;      70.9;      83.9;      78.8;     125.9;     135.6;     142.8;     133.3;      98.7;      85.8;      87.6;      97.5;    1219.4;
      2968;1991-2020;        45;      64.4;        56;      53.2;      47.5;      60.4;      76.1;      80.6;      81.3;      66.7;      64.8;      67.7;      72.4;     793.8;
      2969;1991-2020;        46;      65.3;      57.2;      54.4;      48.5;      55.5;      75.8;      76.4;      78.3;      63.5;      66.2;      70.2;      75.2;     786.5;
      2970;1991-2020;        46;      92.5;      78.3;      72.1;      59.1;      73.7;      87.9;      91.2;        95;      86.8;      86.4;      91.1;     105.4;    1019.5;
      2971;1991-2020;        46;      49.6;      39.6;      44.5;      35.6;      63.2;      66.6;      66.1;      58.8;      54.6;      57.9;      52.6;      53.3;     642.4;
      2974;1991-2020;        46;      39.6;      29.2;      38.5;        28;        59;        52;      76.5;      52.5;        47;        38;      42.8;      40.5;     543.4;
      2975;1991-2020;        46;      48.2;      39.8;      41.8;      38.6;      60.6;      60.8;      75.1;      57.1;      52.4;      56.6;      51.8;      56.4;     639.1;
      2976;1991-2020;        46;      91.6;        71;      76.1;      52.4;      69.5;      78.4;      93.1;      86.4;      74.6;        77;      85.5;      93.5;     949.1;
      2977;1991-2020;        46;      83.4;      67.9;      70.5;      50.3;      69.3;      73.5;      93.5;      77.9;      72.2;      71.6;      79.7;      85.3;     895.1;
      2979;1991-2020;        46;      70.9;        62;      73.7;      50.3;      79.9;      85.8;     112.5;     102.3;      70.7;      72.5;      67.9;      72.3;     920.7;
      2980;1991-2020;        46;      61.9;      44.9;      44.1;      36.8;      54.7;      62.2;      54.9;      62.1;      51.4;      53.5;      56.8;      65.8;     648.9;
      2981;1991-2020;        46;      64.9;      47.9;      46.7;      38.5;      55.5;      60.3;      62.5;      60.2;      52.3;      52.1;      56.7;      68.5;     666.2;
      2982;1991-2020;        46;      56.6;      46.5;      49.7;      41.7;      66.4;      66.2;      81.8;      65.5;      63.6;      58.9;        61;      64.5;     722.4;
      2983;1991-2020;        46;      53.6;      42.7;        47;      38.3;        62;        64;      84.2;      60.8;      57.4;      54.6;      56.2;      59.5;     680.2;
      2984;1991-2020;        46;      72.4;      57.7;      62.7;      52.1;        81;      73.5;      93.5;      77.1;      69.7;      63.9;      68.4;      78.9;     850.8;
      2985;1991-2020;        45;      62.5;      44.8;      54.4;      38.2;      66.3;      86.7;      94.6;      92.9;      60.9;      60.7;      58.5;      61.4;     791.5;
      2986;1991-2020;        46;      62.7;        47;      46.7;      40.4;        52;      58.8;      75.1;        67;      53.4;      62.3;      52.6;      65.7;     683.9;
      2987;1991-2020;        46;      44.2;      32.7;      37.4;      28.1;      44.7;      54.3;      62.5;      52.5;      44.2;      43.4;      40.7;      42.8;     527.7;
      2988;1991-2020;        46;      51.6;      40.3;      43.3;      37.7;      60.6;      64.3;      77.5;      62.4;      51.8;      50.9;      52.8;        53;     646.2;
      2989;1991-2020;        46;      58.5;      44.7;      48.8;      39.5;      61.6;      64.5;      78.2;      64.1;      56.4;      55.4;      56.3;      59.5;     687.5;
      2990;1991-2020;        46;        55;      44.1;      47.8;      39.7;      62.8;      66.3;      77.5;        65;      53.7;      54.1;      55.9;      56.8;     678.6;
      2991;1991-2020;        46;      56.8;      42.1;      51.6;      40.4;      62.9;      64.6;      78.6;      70.8;      55.9;      55.7;      51.8;      56.6;     687.8;
      2992;1991-2020;        43;        46;        40;        47;        39;        63;        70;        88;        71;        60;        51;        54;        53;       682;
      2994;1991-2020;        46;        62;        51;      58.4;      47.3;        74;      68.5;        88;      71.3;      65.6;      61.6;      66.1;      69.3;     783.1;
      2995;1991-2020;        46;      50.4;      37.5;      40.6;      30.1;      50.5;      63.3;      73.2;        59;      48.6;      44.1;      43.8;      47.6;     588.7;
      2996;1991-2020;        46;      77.1;      66.5;      69.8;      46.7;      79.6;      71.3;      87.4;      74.9;      56.5;      71.5;      71.3;      85.9;     858.5;
      2997;1991-2020;        46;      44.4;      35.6;      39.7;      30.9;      55.5;      55.4;      77.8;      62.1;      49.8;        40;      42.8;      43.9;     578.2;
      2998;1991-2020;        46;      36.7;        31;      40.2;      35.3;        61;      56.8;      85.2;      63.9;      50.6;      42.7;      47.3;      42.4;       593;
      2999;1991-2020;        46;      74.5;      56.5;      53.8;        43;        53;      65.8;      75.6;      79.7;      69.5;      66.6;      68.1;      77.2;     783.3;
      3000;1991-2020;        46;      53.4;        49;      53.8;      57.8;      93.8;     103.5;     112.5;      97.5;      69.2;      68.4;        60;      69.3;       888;
      3001;1991-2020;        46;      46.2;      45.4;      49.7;      61.4;      99.3;      83.2;      91.5;        77;      71.3;        75;      63.9;        59;     822.9;
      3002;1991-2020;        46;        66;      50.7;        51;      40.5;        53;      69.1;      84.3;      75.9;      61.6;      60.3;      57.5;      68.1;     738.1;
      3003;1991-2020;        46;      99.5;      83.4;      84.3;      53.3;      83.1;      73.2;        87;      73.5;      69.1;      83.5;      86.6;       113;     989.3;
      3004;1991-2020;        46;      48.2;      42.3;      46.6;      36.3;      56.5;      58.1;        66;        52;      49.5;      49.8;      49.5;      57.6;     612.4;
      3007;1991-2020;        46;        39;        36;      37.6;      34.1;      59.5;      56.9;      64.9;        55;      46.1;      47.8;      47.1;        49;       573;
      3008;1991-2020;        46;      52.2;        43;      41.6;      39.8;      64.6;      61.7;      77.4;      67.5;      54.5;      56.4;      54.4;      60.2;     673.3;
      3009;1991-2020;        46;      42.5;      31.5;      39.8;      28.5;      52.8;      59.3;      63.5;      60.5;      48.5;        41;      42.9;      46.8;     557.7;
      3010;1991-2020;        43;        79;        75;        88;        88;       143;       166;       171;       167;       130;       103;       102;       103;      1415;
      3011;1991-2020;        46;        72;      57.9;        54;      41.2;      56.8;      70.7;      85.3;      81.1;      71.4;      75.5;      68.1;      78.2;     812.2;
      3012;1991-2020;        46;     128.5;     105.9;     108.2;      59.5;     100.6;     118.1;     131.4;     124.1;      92.5;      95.6;     101.5;     137.2;    1303.1;
      3013;1991-2020;        46;       128;     101.1;     112.7;        61;     100.2;     120.2;     122.7;     120.4;      81.4;      93.5;      99.5;     145.7;    1286.4;
      3014;1991-2020;        43;       108;        89;        86;        58;        78;        85;       100;        92;        85;        93;        98;       120;      1092;
      3015;1991-2020;        45;      42.6;      33.8;      41.2;      29.6;      49.4;      57.4;      78.1;      58.5;      46.4;      40.7;      40.7;      41.1;     559.5;
      3016;1991-2020;        46;     133.3;       124;     145.4;     117.9;     172.5;     182.3;       189;     186.5;     150.4;     133.1;     147.5;       167;    1848.9;
      3018;1991-2020;        46;      98.5;      92.9;      88.5;      66.6;      94.8;      82.8;      94.9;      94.3;      81.8;      91.4;        99;     121.3;      1107;
      3019;1991-2020;        46;     125.4;        94;        94;      65.2;      81.5;      94.5;     104.2;     103.8;      92.2;     101.3;     111.2;     134.1;    1201.4;
      3020;1991-2020;        46;     139.8;     109.6;     104.7;      66.4;      79.9;      91.2;     108.8;     105.3;       100;     107.4;       121;     149.9;      1284;
      3021;1991-2020;        46;      56.5;      43.1;      44.7;      30.5;      50.7;      62.7;      73.5;      61.3;      49.2;      50.2;      45.6;      54.8;     622.9;
      3022;1991-2020;        43;        44;        32;        36;        28;        49;        55;        70;        59;        46;        42;        40;        43;       544;
      3023;1991-2020;        45;      68.6;      51.9;      53.9;      42.5;      58.2;      67.5;      82.4;      73.6;      71.7;      66.6;      65.9;      68.8;     771.5;
      3024;1991-2020;        43;        65;        57;        58;        44;        72;        65;        73;        63;        60;        63;        62;        72;       754;
      3025;1991-2020;        46;      43.6;      32.3;      38.5;      26.8;      54.3;      57.6;      72.3;        59;      44.3;      40.7;      40.3;      41.8;     551.5;
      3026;1991-2020;        46;      46.3;      39.6;      45.5;      39.9;      61.3;      69.8;        76;      71.3;      62.3;      51.1;      51.4;      53.3;     667.6;
      3027;1991-2020;        46;      42.1;      34.4;      44.7;      34.9;      60.2;      59.8;      81.7;      65.7;      50.9;      43.5;      49.1;      44.5;     611.5;
      3028;1991-2020;        45;      87.6;        64;      64.8;        53;      64.4;      70.8;      90.2;        86;        77;      76.9;      79.6;      88.6;       903;
      3029;1991-2020;        46;      60.7;      50.7;      55.7;      40.3;        56;      64.9;      80.9;      73.8;      62.8;      63.3;      62.5;      64.1;     735.8;
      3030;1991-2020;        46;      60.2;      49.3;      55.6;      40.8;      58.6;      66.6;      83.4;      77.8;      63.1;      63.5;      61.7;      62.6;     743.2;
      3031;1991-2020;        45;      62.9;      51.6;      58.4;      43.2;      60.3;      67.2;      87.1;      75.5;      63.4;      65.2;        63;      62.9;     760.7;
      3032;1991-2020;        45;      50.1;        39;      37.5;      31.9;      36.2;      50.9;      59.1;        90;      78.1;        84;      72.8;      63.9;     693.4;
      3033;1991-2020;        46;      61.6;      48.8;      53.7;      42.4;      68.4;      77.8;      93.7;        66;      65.4;      57.1;      66.8;        69;     770.7;
      3034;1991-2020;        45;      75.8;      61.6;      63.8;      47.8;      64.2;        71;      92.3;      74.5;      65.3;      63.6;      68.5;      80.8;     840.9;
      3036;1991-2020;        46;      45.2;      31.7;      37.9;      26.9;      55.8;      57.8;      68.3;      60.7;      51.5;      42.3;      42.7;      47.3;       568;
      3037;1991-2020;        46;      32.1;      28.4;      38.9;        32;      56.5;      57.6;      78.7;      61.8;      51.2;      36.8;      41.6;      38.5;     554.1;
      3038;1991-2020;        46;      48.8;      43.2;      52.7;      35.7;      62.3;      76.8;      86.8;      83.2;        56;      48.5;      48.4;      52.6;     695.2;
      3039;1991-2020;        46;     129.7;     116.4;     120.3;      94.2;       133;     120.3;     135.7;     113.8;      98.4;     124.4;     130.5;       154;    1470.7;
      3040;1991-2020;        46;      52.5;      46.6;      50.1;      36.3;        68;      67.1;      77.1;      66.2;      54.1;      63.5;      58.3;      64.7;     704.5;
      3041;1991-2020;        43;        94;        78;        76;        66;        98;        95;        98;        88;        68;        79;        81;       106;      1027;
      3042;1991-2020;        45;      92.8;      77.3;      71.4;      50.8;      65.6;      59.4;      81.7;      71.4;      65.2;      74.6;      73.9;     103.4;     880.2;
      3043;1991-2020;        46;        45;      32.8;        42;      29.5;      49.8;      53.8;      75.1;      63.3;      42.7;      40.7;      42.4;      45.5;     562.5;
      3044;1991-2020;        46;      73.3;      55.9;      56.8;      42.9;      57.2;      67.8;      80.8;      72.1;      71.8;      68.1;      63.6;      78.2;     788.6;
      3045;1991-2020;        46;      69.3;      54.7;      54.3;      40.5;        53;      67.8;      82.2;        74;      69.8;      65.6;      63.6;      76.3;     771.1;
      3047;1991-2020;        46;      52.1;      48.6;      50.1;      67.1;      98.6;      87.5;      87.6;      95.7;      72.8;      76.2;      68.2;      69.3;     873.7;
      3048;1991-2020;        46;      48.5;      36.4;      39.2;      29.6;      51.3;      59.4;      71.1;        55;      48.1;      42.1;        41;      46.5;     568.1;
      3049;1991-2020;        46;      90.8;      78.7;      93.4;      61.2;     101.2;     118.4;       119;     111.7;      86.4;      83.4;      86.5;       104;    1134.6;
      3050;1991-2020;        46;        67;      54.7;      59.3;      42.7;      69.4;      78.5;      86.5;      74.4;      61.9;      60.5;      61.8;      74.3;     790.9;
      3051;1991-2020;        46;      52.6;      43.2;      43.3;      32.2;      47.9;      66.5;      66.4;      71.9;      58.9;      59.6;        55;      57.8;     655.4;
      3052;1991-2020;        46;      52.6;      41.2;      44.1;      34.4;        50;      72.2;      70.2;      72.3;      61.6;      60.7;      58.7;      59.5;     677.6;
      3053;1991-2020;        46;      50.9;      41.6;      40.6;      34.4;      49.9;        64;      69.5;      62.1;      49.7;      51.4;      46.2;      53.3;     613.5;
      3054;1991-2020;        46;      50.5;      39.7;      43.5;      36.7;      52.2;      54.6;      68.1;      69.2;      51.9;      55.4;      48.3;      53.3;     623.3;
      3055;1991-2020;        46;     103.5;      83.8;      79.3;      50.8;      78.1;      73.9;      90.5;      72.6;      74.5;      80.5;      90.4;     115.6;     993.4;
      3056;1991-2020;        46;      77.2;      65.6;      60.7;      43.5;      66.1;      58.5;      71.1;      61.9;      57.2;      63.2;      67.9;      89.9;     782.5;
      3057;1991-2020;        46;      51.7;      42.1;      52.1;      35.7;      61.9;      68.7;      88.5;      76.9;      54.1;      47.6;      47.3;      49.9;     676.5;
      3058;1991-2020;        46;      46.3;      33.7;        42;      30.8;      48.7;      54.5;      73.2;      66.1;      49.3;      44.5;      47.7;      45.6;     582.6;
      3059;1991-2020;        46;      63.6;        52;      64.2;        53;      91.5;      85.2;      99.3;      87.8;      62.6;      64.8;      64.1;      71.5;     859.4;
      3060;1991-2020;        46;     129.1;     106.9;     100.4;      68.8;        84;       102;     110.3;     106.1;      98.3;     101.5;     111.2;     136.4;    1255.2;
      3061;1991-2020;        46;      72.5;      61.8;      72.5;      53.9;      91.6;      89.8;     104.4;      83.9;      65.2;        76;      75.1;      82.5;     929.1;
      3062;1991-2020;        46;      39.9;      34.4;      37.9;      33.4;      53.2;      51.4;      61.7;      54.6;      43.4;      44.5;      44.6;      49.8;     548.8;
      3063;1991-2020;        46;      89.6;      74.5;      64.9;      49.5;      73.7;      67.1;      69.4;      70.9;      65.6;      77.6;      85.2;     111.3;     899.3;
      3064;1991-2020;        46;      43.7;        36;        51;      36.1;      64.3;      55.3;      78.5;      57.1;      56.8;        47;      53.9;      52.6;     632.3;
      3065;1991-2020;        46;     147.2;       119;     120.7;      72.6;     109.2;      83.2;     114.6;      95.9;      83.1;     113.3;     124.3;     168.2;    1351.3;
      3066;1991-2020;        46;      36.5;      26.5;      32.4;      24.3;      52.2;      54.1;      61.7;      52.4;      46.7;        40;      36.4;      39.8;       503;
      3067;1991-2020;        46;      79.4;      62.2;      56.6;      41.4;      57.5;        77;      93.1;        89;      79.5;      85.8;      74.8;      85.9;     882.2;
      3068;1991-2020;        43;        67;        53;        52;        40;        53;        74;        85;        78;        74;        68;        66;        76;       786;
      3069;1991-2020;        46;      74.2;      55.4;      56.7;      42.6;      55.3;      65.6;      78.3;      73.6;      70.5;      69.2;      67.7;      77.1;     786.2;
      3070;1991-2020;        46;      44.8;      34.5;        38;      28.7;      52.7;      54.1;      73.2;      58.2;      48.4;      38.9;        44;      42.6;     558.1;
      3071;1991-2020;        46;      41.9;      32.5;      36.2;      27.5;      52.2;      55.3;      74.7;      55.1;      46.8;      37.5;      39.7;      39.4;     538.8;
      3072;1991-2020;        46;      66.5;      47.5;      49.9;      44.3;      71.6;      75.2;      94.4;      71.5;      64.2;      60.2;      61.2;      69.1;     775.6;
      3073;1991-2020;        46;      55.7;      42.8;      48.8;      39.1;      68.5;      60.6;        79;      62.7;      51.4;      54.2;      56.3;      58.7;     677.7;
      3074;1991-2020;        46;      62.8;      47.2;      54.3;      43.4;      67.7;      59.6;      81.1;      65.2;      57.3;      59.8;      61.2;      65.6;     725.1;
      3076;1991-2020;        46;        36;      33.2;      35.9;      32.6;      57.9;      55.4;      63.8;      56.7;      44.5;      45.2;      44.2;      44.5;     549.9;
      3077;1991-2020;        46;      31.8;      30.5;      31.8;      29.8;      53.8;        51;      59.9;      58.2;      41.2;      41.8;      40.5;      39.9;     510.3;
      3078;1991-2020;        46;      58.2;      45.7;        44;      36.3;      51.9;      64.7;      76.8;      70.7;      49.9;      51.5;      48.8;      57.2;     655.8;
      3079;1991-2020;        46;        77;      60.9;      61.5;      48.2;      73.4;      71.7;      93.2;      77.3;      68.1;      66.7;      71.9;      86.9;     856.8;
      3080;1991-2020;        46;      70.2;      55.9;      56.8;      46.5;      72.1;      70.5;      89.6;      73.9;      64.6;      61.7;      66.8;      77.4;     806.1;
      3081;1991-2020;        46;      55.6;      42.7;      40.9;      36.1;      50.7;      61.6;      64.7;      73.8;      53.1;      56.4;      49.7;      55.7;     641.1;
      3082;1991-2020;        46;      41.8;      34.8;      38.5;      30.7;      52.4;      51.1;      73.3;      56.2;        47;      38.6;        41;      40.7;     546.2;
      3083;1991-2020;        45;      41.6;      34.4;      38.2;        30;      52.4;      50.4;      72.8;      56.6;      46.5;      37.9;      40.7;      39.9;     541.8;
      3085;1991-2020;        46;      59.7;      49.8;      44.3;      36.5;      47.4;      68.6;        69;      72.8;      51.3;      53.9;        53;      63.1;     669.4;
      3086;1991-2020;        43;        59;        49;        47;        37;        51;        69;        69;        72;        52;        55;        54;        62;       676;
      3087;1991-2020;        46;      56.3;        47;        45;      36.2;      48.3;      68.3;      67.7;      74.2;      51.8;      54.8;      53.7;      63.3;     666.7;
      3088;1991-2020;        46;      60.4;      51.3;      44.3;      36.8;      47.6;      68.3;      68.8;      72.6;      51.6;      54.6;      53.5;      63.3;     673.2;
      3089;1991-2020;        46;      55.4;      41.4;      43.3;      35.6;      47.2;      59.9;      70.9;      66.9;      47.7;      49.7;      48.6;      55.1;     621.9;
      3090;1991-2020;        46;      55.2;      43.8;      43.8;      34.3;      49.2;      65.6;      72.7;      68.4;      50.5;      51.4;      51.6;      58.5;     645.2;
      3091;1991-2020;        46;      55.5;      43.9;      43.1;      35.4;      46.9;      64.2;      74.7;        65;      47.6;      50.1;      48.5;      53.4;     628.3;
      3092;1991-2020;        46;      55.2;      44.5;      45.9;      35.2;      51.8;      69.8;      70.2;      65.4;      50.4;      51.5;      49.1;      55.3;     644.3;
      3093;1991-2020;        43;        47;        34;        38;        29;        49;        55;        71;        61;        45;        47;        41;        44;       561;
      3094;1991-2020;        46;      53.2;      43.5;      52.8;      36.5;      60.2;      68.2;      84.4;      75.6;      53.2;      50.1;      53.1;      55.3;     686.2;
      3095;1991-2020;        46;      57.4;      40.1;      42.3;      33.3;      47.5;      56.1;      76.5;      62.1;      53.6;      50.3;      48.8;      53.7;     621.5;
      3096;1991-2020;        46;     127.6;      99.5;      92.4;      62.7;      75.7;      80.4;     103.7;      98.2;        94;      96.9;     104.8;     127.9;    1163.7;
      3098;1991-2020;        45;     119.1;      95.4;      91.8;      55.8;      76.2;      74.7;      95.4;        95;        89;      90.2;      93.8;       115;    1091.2;
      3099;1991-2020;        46;        91;        64;      70.5;        52;      75.7;        78;      92.6;      84.2;      72.8;      78.1;      80.6;      88.2;     927.6;
      3100;1991-2020;        46;      70.3;      53.3;      53.8;      43.7;        57;      65.2;        84;      72.7;      63.9;      64.9;      59.8;        72;     760.5;
      3101;1991-2020;        46;      75.5;      62.3;      59.1;      42.7;      54.8;      70.5;        80;      72.3;      69.3;      68.6;      70.1;      79.4;     804.4;
      3102;1991-2020;        46;      78.2;      64.1;      57.2;      47.3;        60;      62.8;      67.3;      73.8;      71.6;      63.3;      77.7;      91.1;     814.4;
      3103;1991-2020;        46;      56.7;      45.9;      46.6;      38.1;      54.8;      65.4;      75.8;      64.7;      51.4;      51.6;      49.1;      54.8;     654.9;
      3104;1991-2020;        46;      76.5;      61.2;      56.6;      46.9;      63.7;      72.8;      86.6;      84.9;      66.8;      69.9;        69;      75.2;     830.2;
      3106;1991-2020;        46;      66.2;      51.5;        55;      41.6;      53.1;      68.7;      81.3;        70;        57;      60.6;      57.9;        69;     731.9;
      3107;1991-2020;        46;      55.4;      46.6;      41.9;      34.8;      51.1;      65.1;      72.5;      70.8;      57.3;      57.9;      52.3;      57.5;     663.2;
      3108;1991-2020;        46;      64.1;      60.9;      60.5;        49;      80.7;      64.1;      77.7;      67.7;      58.8;      63.6;      65.6;      78.2;     790.8;
      3109;1991-2020;        46;        34;      28.2;      39.1;        32;        54;      55.2;      79.9;      60.5;        48;      38.8;      42.2;        38;     550.1;
      3110;1991-2020;        46;      43.3;      35.2;      46.4;      34.9;        61;      67.5;        80;      69.5;      52.1;      45.9;      44.3;      45.1;     625.1;
      3111;1991-2020;        46;        53;      41.6;      47.1;      37.4;      70.5;        81;      82.4;      72.5;      60.4;      54.1;      53.1;        60;       713;
      3112;1991-2020;        46;      79.9;      70.4;      76.4;      58.7;      80.7;      70.5;      99.6;      75.4;        73;      72.8;      78.1;      89.5;       925;
      3113;1991-2020;        46;      89.2;      75.5;        81;      61.9;      93.2;      69.4;      98.9;      75.3;      78.4;      76.6;      82.6;      98.2;     980.1;
      3114;1991-2020;        43;        43;        33;        38;        30;        54;        59;        79;        57;        48;        38;        38;        42;       559;
      3115;1991-2020;        46;      62.8;      49.5;      54.5;      41.3;      68.3;        75;      82.6;        75;      56.4;      58.4;      58.3;      69.8;       752;
      3116;1991-2020;        46;      65.9;      49.8;      54.6;      45.2;        69;      62.4;      78.6;      73.9;      60.4;      60.1;      55.1;      65.3;     740.2;
      3119;1991-2020;        46;      49.9;      38.1;        48;      35.5;      54.4;      61.2;      82.3;      60.7;      55.6;      44.2;      51.7;        51;     632.5;
      3120;1991-2020;        46;      74.9;      53.1;      59.3;      41.1;      62.8;      60.9;      74.7;      63.5;      57.5;      60.9;      67.6;      75.4;     751.6;
      3121;1991-2020;        46;      65.8;      52.8;      61.9;      46.1;      70.3;      79.4;      89.7;      76.2;      70.7;      63.9;      64.4;      72.7;       814;
      3122;1991-2020;        46;      74.6;      61.5;      65.8;      48.2;      74.8;      81.9;        94;      79.9;      71.9;      66.9;      69.6;      81.4;     870.4;
      3123;1991-2020;        46;        42;      33.2;      36.5;      28.7;      53.7;      55.3;      72.5;      52.2;      44.9;      35.9;      37.3;      39.8;     532.1;
      3124;1991-2020;        46;      42.9;      32.7;      36.7;      26.7;      55.7;      58.1;        73;        56;        47;      40.8;      41.8;      41.8;     553.3;
      3125;1991-2020;        46;        33;      31.7;      41.7;      35.5;        61;      59.9;      79.9;      62.2;      47.3;      41.7;        46;      41.4;     581.4;
      3126;1991-2020;        45;      38.3;      26.1;      34.9;      27.8;      56.1;      51.8;      60.9;      59.4;      43.3;        40;      36.8;      39.5;     515.8;
      3127;1991-2020;        46;      36.5;      26.1;      34.6;      26.4;      50.3;      53.5;      59.5;      53.3;      44.3;      37.7;      36.5;      38.2;     496.9;
      3128;1991-2020;        46;      43.1;      33.4;      38.9;      29.6;      52.5;      56.6;      70.3;      58.8;      46.9;        42;      40.9;      42.7;     555.8;
      3130;1991-2020;        46;     121.4;     113.3;       131;     109.3;     179.5;     197.5;     205.4;     190.7;     150.4;     124.6;     135.9;     146.4;    1805.6;
      3131;1991-2020;        43;        53;        40;        47;        36;        62;        69;        76;        68;        58;        52;        52;        58;       671;
      3133;1991-2020;        46;        55;        46;      56.2;      46.6;      81.7;      89.6;      93.2;        87;      62.7;      60.6;      57.6;      60.3;     796.6;
      3135;1991-2020;        46;      88.5;      78.4;      85.5;      59.3;      88.5;        87;      95.4;      79.9;      66.8;      85.2;      84.9;     107.6;    1006.9;
      3136;1991-2020;        46;      50.7;      42.7;      40.8;        38;      63.3;      58.8;      72.1;      58.8;      49.7;      51.7;      50.9;        61;     638.7;
      3137;1991-2020;        45;      41.9;      39.6;      40.6;      38.1;      55.4;      52.8;      61.1;      51.1;        46;        51;      47.2;      55.3;     579.3;
      3139;1991-2020;        46;      52.9;      43.2;      58.3;      52.3;       103;     107.7;       108;       102;      69.3;      64.4;      56.8;      58.7;     876.6;
      3140;1991-2020;        46;      47.4;      37.9;      52.1;        46;      93.2;       103;     109.9;      96.5;        67;      60.2;      53.2;      53.5;     819.9;
      3142;1991-2020;        46;      49.5;      37.1;      39.9;        31;      47.7;      60.5;      63.1;      55.8;      47.7;      43.1;      41.6;      49.2;     566.2;
      3143;1991-2020;        46;      54.8;      43.2;      46.3;      33.1;      47.5;      66.2;      71.4;      60.4;      49.9;      51.9;      46.5;      56.1;     627.2;
      3144;1991-2020;        46;      79.9;      65.3;      56.7;      41.7;      55.2;      77.5;        85;      78.5;      65.2;        73;      70.5;        86;     834.5;
      3146;1991-2020;        46;      54.3;      42.7;      43.4;      34.2;      46.6;      63.6;      73.6;      64.6;      46.9;      48.2;      47.5;      51.8;     617.4;
      3147;1991-2020;        46;      47.1;      38.6;      46.9;      37.1;        71;      82.4;      83.2;      77.4;      54.8;      50.7;      49.7;      51.2;     690.2;
      3148;1991-2020;        46;      51.1;      40.2;        42;      32.4;      47.1;        62;        74;        63;        46;      47.4;      45.3;      50.5;       601;
      3149;1991-2020;        46;      67.9;      64.1;        70;      56.6;      91.4;      78.8;      86.9;        71;      65.7;      77.9;        79;      86.2;     895.5;
      3150;1991-2020;        46;      89.9;      82.6;      89.6;      70.8;     110.9;      95.2;     109.1;      86.9;      81.9;     100.7;       100;     112.8;    1130.4;
      3151;1991-2020;        46;      44.4;        36;      41.1;      40.2;      62.8;      61.8;      76.4;      61.3;      53.1;      51.1;        51;      47.4;     626.5;
      3152;1991-2020;        46;      50.3;      45.3;      54.7;      43.6;      72.6;      77.1;      93.4;      85.6;      56.5;      56.3;      53.4;      53.3;       742;
      3153;1991-2020;        46;      46.6;      37.6;      50.6;      41.3;      79.1;      89.2;        93;      86.3;      62.3;      53.2;      50.3;      52.9;     742.5;
      3154;1991-2020;        46;      63.1;      46.8;      48.9;      40.7;      55.8;      58.4;      75.7;      68.1;        55;      61.7;      58.4;      66.4;     698.9;
      3155;1991-2020;        43;        91;        71;        69;        51;        66;        69;        70;        71;        69;        74;        79;       107;       887;
      3156;1991-2020;        46;      54.1;      42.9;      45.7;        33;      50.2;      64.3;        73;      62.7;      49.6;      51.6;        47;      53.6;     627.6;
      3158;1991-2020;        45;      33.1;      25.3;      29.1;      26.6;      49.2;      49.3;      74.2;        59;      42.9;      34.8;      32.2;      29.6;     475.6;
      3160;1991-2020;        46;      40.1;      33.8;        41;      33.2;      58.7;      53.7;      67.5;      56.9;      52.3;      37.6;      44.2;      44.6;     563.5;
      3161;1991-2020;        46;      51.9;      43.3;      46.4;      37.7;      58.7;      56.9;      81.2;      57.9;      50.1;      52.3;      55.9;      63.1;     655.4;
      3163;1991-2020;        46;      74.5;      53.7;      51.4;      41.9;      62.8;      58.7;      77.2;      67.6;        57;      63.9;        63;      78.6;     750.3;
      3164;1991-2020;        43;        59;        42;        42;        36;        58;        55;        67;        60;        49;        52;        51;        64;       635;
      3165;1991-2020;        46;      58.6;      49.2;      54.3;      37.5;      73.9;        79;      83.4;      82.1;      58.9;      54.6;      55.9;        64;     751.4;
      3166;1991-2020;        43;        64;        54;        65;        51;        79;        93;       107;       101;        77;        66;        65;        68;       890;
      3167;1991-2020;        45;      99.5;      83.6;        86;      57.9;      79.2;      82.2;     104.5;      88.2;      86.3;      92.1;      94.8;     110.4;    1064.6;
      3168;1991-2020;        46;     154.7;     119.9;     114.1;      69.8;      84.5;      93.7;       113;     113.4;     104.8;     115.5;     128.2;     165.6;    1377.2;
      3169;1991-2020;        46;     156.4;     122.5;     114.9;      71.3;        83;        92;     114.4;     111.8;       105;     117.9;     129.6;     170.3;    1389.4;
      3171;1991-2020;        46;      85.7;      64.8;      62.3;      48.6;        62;      73.5;      92.1;      76.8;      67.5;        85;      69.9;      87.5;     875.6;
      3172;1991-2020;        46;      82.8;      59.9;      61.7;      47.5;      63.2;        69;      86.4;      77.9;      63.7;      70.5;        68;        82;     832.5;
      3173;1991-2020;        46;        53;      39.3;      46.9;        36;      54.8;      57.6;        71;      60.4;      50.8;      48.8;      49.7;      54.1;     622.4;
      3174;1991-2020;        46;      52.1;      48.6;      59.2;      65.7;     105.4;       108;     114.8;     105.9;      82.4;      71.9;        68;      71.2;     953.3;
      3175;1991-2020;        46;      64.5;      55.3;      66.2;      49.3;        73;      88.1;     104.3;      98.4;      74.7;      62.3;      64.6;      66.5;     867.1;
      3176;1991-2020;        46;      46.9;      41.2;      48.8;      39.3;      79.1;      75.1;      76.7;      76.8;      54.8;      59.2;      55.7;      56.5;     710.2;
      3177;1991-2020;        46;      62.1;      49.9;        56;      39.3;      67.4;      78.4;      89.8;      82.1;      69.2;      57.7;      58.3;      68.9;     779.1;
      3178;1991-2020;        46;      49.4;        39;      44.9;      40.4;      67.4;        63;      82.1;      63.7;      52.9;      54.7;      54.8;      55.6;       668;
      3179;1991-2020;        46;      49.5;      44.3;      49.2;      38.2;      64.6;      64.9;      77.3;      60.4;      55.7;      58.5;      56.8;      60.5;     679.8;
      3180;1991-2020;        46;      44.2;      40.8;        45;      37.7;      65.4;      65.1;      76.7;        62;        54;      55.3;      54.8;      55.1;     656.3;
      3181;1991-2020;        46;      50.5;      45.9;      51.8;      37.4;      66.6;        67;      75.5;      61.9;      52.6;      59.5;      58.2;      62.5;     689.4;
      3182;1991-2020;        46;      48.8;      43.2;      48.3;      37.6;      67.4;        70;      81.6;      65.5;        54;        58;      56.6;      59.7;     690.7;
      3183;1991-2020;        46;      56.3;      49.2;      55.5;      40.3;      68.5;      61.8;      76.8;      61.7;        57;      61.7;      61.8;        68;     718.5;
      3184;1991-2020;        46;      56.4;      51.2;      63.9;        63;       110;     124.4;       121;     115.4;      79.6;      69.5;      65.8;      64.2;     984.5;
      3185;1991-2020;        46;      62.6;      54.1;      53.7;      38.1;      60.9;      58.2;      65.7;      56.4;        50;      57.5;      58.6;      73.9;     689.7;
      3186;1991-2020;        46;      67.9;        61;      57.7;      42.6;      64.8;      59.8;      71.2;        61;      55.7;      63.1;      64.7;        84;     753.7;
      3187;1991-2020;        46;      84.5;      68.1;      69.1;      48.8;      73.1;      82.3;     101.7;      82.9;      80.3;      74.7;      79.8;      96.4;     941.7;
      3188;1991-2020;        46;      66.8;      51.7;      58.4;        38;      58.2;        68;      85.3;      76.6;      63.2;      59.4;      58.3;      70.5;     754.4;
      3189;1991-2020;        46;      74.9;      68.4;        84;        75;     126.7;     146.3;     143.7;     138.7;      99.5;      80.3;      77.7;      84.8;    1200.1;
      3190;1991-2020;        46;      64.6;      61.3;      77.2;      74.2;     126.5;     156.1;     150.3;     146.3;     105.3;      81.7;        75;      73.3;    1191.6;
      3191;1991-2020;        46;      67.2;      48.6;      55.1;      38.6;      64.4;      70.4;      88.5;      76.8;      66.1;      61.1;      60.8;      75.7;     773.2;
      3192;1991-2020;        46;     136.1;     107.8;     157.8;     115.8;     200.6;     216.2;     231.8;     222.4;     181.8;     136.4;     125.2;     140.1;      1972;
      3193;1991-2020;        46;     138.1;     115.8;     165.2;     125.9;     211.8;     228.9;       248;     229.8;     187.8;     138.8;     129.3;       144;    2063.3;
      3194;1991-2020;        46;      54.5;      45.1;      44.8;      35.3;        54;      69.4;      73.8;      68.6;      57.1;      55.7;        55;      61.9;     675.1;
      3196;1991-2020;        45;      57.8;      45.7;      47.8;      38.3;      49.4;      59.4;      71.9;      62.5;      48.8;      54.4;      49.4;      56.5;     640.1;
      3197;1991-2020;        46;      55.5;        45;      45.8;        37;        61;        61;      78.1;        59;      54.3;      52.9;      57.1;      65.4;     672.1;
      3198;1991-2020;        46;     111.8;      86.4;      78.2;      53.2;        83;        72;      84.1;      83.3;      76.7;        90;      95.2;     129.7;    1043.6;
      3199;1991-2020;        46;      42.5;      33.5;      37.6;      27.2;      50.9;      58.4;      71.8;      58.7;      46.8;      41.1;      40.7;      42.7;       552;
      3200;1991-2020;        46;      41.4;      33.1;      37.4;      26.8;      50.7;      58.2;      72.2;      58.9;      47.4;      41.3;      40.9;      43.1;     551.3;
      3201;1991-2020;        46;      76.7;      61.8;      65.3;        49;      65.7;      73.4;      77.9;      72.4;      65.7;      63.7;      71.8;      75.9;     819.2;
      3202;1991-2020;        46;      57.3;      48.8;      51.2;      42.9;      60.4;      70.2;      75.9;      73.5;      59.2;      55.1;      57.7;      59.7;     711.9;
      3203;1991-2020;        46;      61.5;      44.5;      47.7;      37.1;        50;      65.4;      76.7;      66.4;      54.4;      54.9;      51.5;      60.8;     670.8;
      3204;1991-2020;        45;      58.7;      48.8;      55.6;        47;      76.8;      64.8;      85.1;      74.3;      59.8;      53.4;      58.4;      64.1;     749.7;
      3205;1991-2020;        46;      49.5;        38;      42.3;      28.8;      53.1;        58;      72.2;      56.2;      46.8;      44.2;      43.8;      49.3;     582.3;
      3206;1991-2020;        43;        97;        88;        98;        72;       106;        89;       103;        91;        86;       105;       104;       116;      1155;
      3207;1991-2020;        46;      54.4;      43.2;      43.2;      33.2;      57.7;      57.5;      77.6;      56.7;      51.8;      54.1;      54.8;      62.6;     646.6;
      3208;1991-2020;        46;     132.8;     100.9;        99;      63.6;        90;      87.3;     121.6;      88.2;       102;      96.6;     112.5;     145.9;    1240.3;
      3209;1991-2020;        46;      47.7;        39;      49.2;      33.8;      54.1;      67.8;      81.8;      71.4;      48.2;      44.3;      47.2;      48.5;     632.9;
      3210;1991-2020;        46;     111.1;      94.2;     105.9;      58.3;      90.7;     111.2;     114.2;     105.7;      87.1;      88.5;      92.6;     121.5;    1180.9;
      3211;1991-2020;        45;     115.7;     102.4;     127.9;      60.4;      97.4;     123.9;     116.8;     110.6;      91.5;        96;      99.7;     126.2;    1260.3;
      3212;1991-2020;        46;      47.2;      36.4;      41.5;      33.6;      50.3;      52.5;      61.2;      52.8;      47.1;      44.7;      44.6;      51.9;     563.8;
      3213;1991-2020;        46;      42.4;        37;      48.4;      38.6;      66.9;      66.6;      90.8;      65.7;      55.3;      47.6;      55.2;      51.4;     665.8;
      3214;1991-2020;        46;      60.7;      48.3;      47.3;      39.4;      54.6;      65.8;      74.6;      66.6;      54.2;      52.2;      51.5;      59.8;     674.9;
      3215;1991-2020;        43;        76;        57;        54;        44;        59;        66;        67;        65;        57;        61;        66;        80;       752;
      3216;1991-2020;        46;     117.2;      96.1;      90.8;      68.2;      74.1;      86.3;      95.3;      96.4;      91.9;        97;     103.9;     125.4;    1142.7;
      3217;1991-2020;        46;      83.2;      63.3;      58.2;      41.1;      50.8;      79.9;      85.2;      98.3;      93.1;     101.2;      82.9;      92.3;     929.5;
      3218;1991-2020;        46;      53.3;        40;      46.6;      32.5;      55.5;      60.7;      75.2;      65.9;      53.3;      46.4;      48.8;      53.2;     631.4;
      3220;1991-2020;        46;      71.7;      52.4;      54.4;      43.2;      72.7;      64.8;      91.3;        66;      64.7;      63.5;      68.1;        81;     793.9;
      3222;1991-2020;        46;      59.8;      44.6;      46.5;      39.5;      60.3;      63.4;      71.9;      74.7;      61.8;      59.1;      57.1;        61;     699.7;
      3223;1991-2020;        46;      47.6;      43.3;      52.1;        60;      98.4;       105;     104.9;      97.5;      75.2;      61.7;      59.7;      62.3;     867.7;
      3224;1991-2020;        46;      37.2;      33.4;      43.2;      37.8;      60.8;      64.8;        81;      68.7;      57.1;        48;      48.5;      45.7;       626;
      3225;1991-2020;        46;        93;      75.5;      69.5;      50.7;      68.7;      68.4;      70.2;      74.7;        68;      71.1;      78.2;       110;     897.8;
      3226;1991-2020;        43;        34;        26;        35;        30;        60;        52;        69;        51;        47;        37;        39;        35;       515;
      3228;1991-2020;        46;     162.3;     131.9;     119.5;      73.1;      84.1;      94.8;     114.8;     110.2;     108.6;     123.2;     133.3;     175.3;      1431;
      3229;1991-2020;        46;     159.4;     126.9;     117.2;      72.4;      82.6;      93.5;     113.2;     110.5;     107.4;     121.1;     131.6;     171.1;    1406.9;
      3230;1991-2020;        46;     158.7;     124.3;     114.1;      73.1;      84.2;      87.3;     114.3;     103.9;     102.5;     117.5;     129.7;     163.6;    1373.1;
      3231;1991-2020;        45;      53.5;      39.5;        44;      36.8;        59;        62;      73.8;      62.6;      52.8;      51.3;      52.4;      60.6;     648.3;
      3232;1991-2020;        46;      52.8;      40.1;      43.9;      36.4;      57.2;      60.9;      70.8;      59.2;      51.6;      49.1;      51.3;      59.4;     632.5;
      3234;1991-2020;        43;        44;        36;        44;        32;        58;        63;        77;        70;        50;        45;        48;        46;       613;
      3235;1991-2020;        46;      64.6;      50.4;      45.8;      37.1;      56.4;      76.4;      90.8;      96.2;      84.8;      87.5;      71.5;      75.8;     837.3;
      3236;1991-2020;        43;        76;        57;        55;        44;        54;        69;        75;        75;        64;        66;        65;        76;       776;
      3237;1991-2020;        46;      82.4;      60.8;        59;      45.4;      56.5;      66.9;      74.3;      73.8;      66.2;      68.3;      66.6;      80.7;       801;
      3238;1991-2020;        43;        44;        33;        37;        29;        49;        57;        68;        59;        51;        50;        45;        47;       569;
      3239;1991-2020;        46;      37.7;      37.6;      36.4;      32.4;      49.3;      60.2;      63.3;      66.3;      46.3;      45.6;      42.4;      44.9;     562.3;
      3240;1991-2020;        46;      55.8;      42.4;      46.2;      33.9;      54.8;        57;      75.2;      61.2;      51.6;        51;      49.3;      53.9;     632.2;
      3241;1991-2020;        46;      55.6;      40.3;      41.2;      33.8;      60.9;      56.9;      71.9;        57;      52.3;      48.9;      51.4;      65.6;     635.8;
      3243;1991-2020;        46;      55.6;      43.8;        46;      37.6;      62.4;      69.6;      84.6;      64.9;      60.7;      54.4;        59;      63.2;     701.7;
      3244;1991-2020;        45;      51.5;      45.9;      57.9;      64.3;     108.5;     124.6;     118.9;     120.3;      80.1;      65.7;        62;      63.9;     961.9;
      3247;1991-2020;        43;        48;        39;        48;        53;        92;        99;       102;        86;        62;        58;        53;        56;       796;
      3248;1991-2020;        43;       108;        81;        79;        51;        77;        81;       102;        75;        77;        80;        92;       117;      1020;
      3249;1991-2020;        46;       102;      83.5;      80.1;      53.8;      69.6;        70;        89;        78;      73.3;      84.4;      90.9;       115;     989.5;
      3250;1991-2020;        46;      46.8;      40.3;      52.2;      42.1;      71.5;      90.1;        88;      78.6;      58.8;      51.4;      50.6;      53.2;     723.5;
      3251;1991-2020;        46;      50.6;      42.3;        53;      42.8;      78.3;      89.7;        86;      76.6;      62.4;      55.7;      53.9;      57.6;       749;
      3252;1991-2020;        46;      71.7;      54.6;      55.9;      40.7;      53.9;      62.4;      81.3;      71.8;      69.3;      67.2;      65.5;        78;     772.5;
      3253;1991-2020;        45;     211.2;     171.2;     165.9;     106.9;     147.6;     118.5;       132;     126.8;     118.4;     158.7;     178.1;     253.9;    1889.2;
      3255;1991-2020;        46;      69.8;      54.1;      52.3;      38.3;      54.4;      72.4;      79.7;      76.8;      72.2;      65.3;      64.7;      75.3;     775.4;
      3257;1991-2020;        45;      60.3;      53.7;      57.9;      43.5;      68.7;        64;      75.1;      57.6;      54.4;      60.1;      58.1;      71.6;       725;
      3258;1991-2020;        46;      55.6;      44.3;      58.8;      56.2;       100;     101.9;     107.3;     102.9;      68.9;        62;      59.1;      59.5;     876.5;
      3259;1991-2020;        46;      30.6;      25.8;      36.6;        30;      54.2;      52.7;      76.3;      55.9;      46.5;      35.2;      39.6;      35.7;     519.1;
      3260;1991-2020;        46;      39.9;      32.3;      44.1;      40.9;      71.9;        64;      88.9;      71.7;      58.5;      50.1;      51.2;      46.3;     659.9;
      3261;1991-2020;        46;      57.2;        49;      47.4;      40.6;      63.1;      59.8;      67.3;        59;      58.3;      60.6;        57;      70.3;     689.6;
      3262;1991-2020;        46;      54.6;      41.6;      51.8;      46.6;        86;      85.7;      95.8;      90.6;        61;      58.6;      56.7;      62.4;     791.5;
      3263;1991-2020;        46;      84.8;      69.2;      59.8;      45.8;      68.3;      63.3;      66.8;      62.9;        62;      74.3;      73.7;     100.9;     831.6;
      3264;1991-2020;        46;      90.6;      72.5;      72.8;      54.4;      74.1;      82.4;      95.6;      90.5;      79.9;      75.2;      84.5;      92.9;     965.5;
      3265;1991-2020;        45;      74.6;      66.8;      69.9;      55.3;      85.8;      71.1;      86.1;      75.2;      69.7;      74.2;      78.8;      87.2;     894.7;
      3266;1991-2020;        46;      53.4;      50.7;      53.2;      43.6;        68;        60;      73.4;      64.1;      57.2;      58.1;      58.6;      67.5;     707.8;
      3267;1991-2020;        46;      54.1;      44.9;      51.5;        54;      94.7;      96.3;      95.8;      87.4;      60.3;      63.4;      56.6;      64.8;     823.6;
      3268;1991-2020;        43;        71;        61;        67;        66;       107;       102;       117;        96;        73;        76;        72;        84;       992;
      3269;1991-2020;        46;      61.1;        54;      63.5;      65.4;     106.3;        95;     108.5;      93.5;      67.7;      73.5;      68.4;      71.7;     928.7;
      3270;1991-2020;        46;        39;      35.7;      41.6;        37;      63.4;      53.6;      73.9;      58.2;      51.6;      41.2;      45.6;        44;     584.9;
      3271;1991-2020;        45;        83;      67.9;      72.5;      47.5;      85.2;      90.9;     105.1;      91.9;      73.3;      67.6;      72.5;        90;     947.2;
      3273;1991-2020;        46;      96.1;      78.8;      69.5;      54.4;      77.3;      73.9;      80.9;      81.2;      75.5;      86.8;      89.8;     115.1;     979.3;
      3276;1991-2020;        46;      90.9;      76.1;      69.5;      56.5;      69.5;      79.3;      91.5;      91.9;      76.6;      82.3;      88.9;     104.7;     977.6;
      3277;1991-2020;        46;      70.6;      50.3;      53.9;        41;      54.2;      60.7;      80.1;        69;      58.9;      62.4;      57.9;      67.8;       727;
      3278;1991-2020;        46;      47.6;        42;      52.1;      51.9;      96.8;      95.2;     104.8;      91.7;      62.2;      64.1;      60.9;      57.3;     826.6;
      3279;1991-2020;        46;      36.4;      31.4;      42.7;      33.8;      60.2;      65.1;        82;      68.1;      52.1;      43.7;      46.9;        43;     605.5;
      3280;1991-2020;        46;      47.6;      34.7;      38.6;      30.4;        47;      65.3;      72.4;      56.9;      47.2;      45.9;      40.2;      47.4;     573.5;
      3281;1991-2020;        46;      54.3;      42.4;      47.5;      36.2;      62.6;      66.3;      82.5;      61.7;      57.2;      53.8;      53.8;        60;     678.2;
      3282;1991-2020;        46;      53.8;      48.2;      48.2;        44;      71.3;      66.8;      84.7;      61.4;      61.9;      58.6;      61.8;        67;     727.8;
      3283;1991-2020;        46;        73;      62.9;      70.5;      50.4;      83.6;      80.1;        90;      75.4;      60.2;      75.7;      70.3;      88.6;     880.9;
      3284;1991-2020;        45;      79.3;      67.8;      69.9;      50.9;      75.5;        67;      84.4;      64.3;        64;      69.1;      74.1;        94;     866.7;
      3285;1991-2020;        46;      95.7;      88.3;      87.4;      63.7;      89.7;      78.8;      88.4;      83.6;      74.4;        87;      89.9;     115.5;    1042.4;
      3286;1991-2020;        46;      80.1;      77.9;      78.4;        60;      90.4;      68.7;      92.1;        77;      69.7;      80.6;      82.3;     101.2;     958.5;
      3287;1991-2020;        45;      64.7;      58.6;      63.2;      51.7;      84.4;      60.7;      80.6;      70.5;      60.2;      67.5;      66.7;      77.2;     807.4;
      3288;1991-2020;        46;      60.9;      50.6;        63;      62.4;     106.3;     114.9;     112.3;     113.2;      77.4;        68;      66.3;      67.7;       963;
      3289;1991-2020;        45;      38.1;      33.7;      48.1;      39.3;      65.9;      75.2;      83.1;      75.6;      62.4;      48.8;      48.1;      46.9;       666;
      3290;1991-2020;        46;      49.7;      35.8;        41;      33.3;      51.9;      52.5;      69.1;        56;      45.5;      46.9;      44.4;      49.6;     575.6;
      3291;1991-2020;        45;      59.3;      54.4;      56.2;      42.6;      68.8;        51;        70;      61.2;      50.2;        58;      58.2;      71.1;     700.9;
      3292;1991-2020;        46;        54;      41.5;      44.4;        34;      52.4;      65.5;      68.9;        69;      57.2;      55.1;      49.1;      55.6;     646.7;
      3293;1991-2020;        46;      58.3;      53.8;      62.2;        62;     105.2;     125.3;     130.6;     109.7;      77.3;      69.1;      66.5;      67.6;     987.6;
      3294;1991-2020;        46;      55.9;      44.7;      50.8;      41.4;      70.4;      80.5;      88.1;      77.5;      53.6;      56.2;      56.2;      62.7;     738.1;
      3295;1991-2020;        46;      66.8;      51.1;      50.6;      41.5;      55.7;      66.9;      75.1;      79.3;      59.9;      63.5;      59.8;      67.8;     737.8;
      3296;1991-2020;        46;        78;      62.6;      58.5;      47.7;      66.9;      72.7;      69.8;      68.3;      66.8;      69.9;      69.6;      91.7;     822.5;
      3297;1991-2020;        46;      51.2;      38.1;      42.5;      31.8;      48.2;      63.7;      65.8;      56.5;      48.1;      47.6;      40.8;      48.9;     583.2;
      3298;1991-2020;        46;      47.1;      35.4;      38.2;        33;      50.3;      66.3;        66;      64.5;      51.1;      50.5;        43;        50;     595.3;
      3300;1991-2020;        46;      60.5;        52;      51.6;      44.4;      70.1;      65.7;      83.3;      68.3;      59.1;      63.3;      61.4;      72.1;     751.7;
      3301;1991-2020;        43;        55;        45;        50;        38;        67;        75;        76;        67;        53;        57;        56;        63;       702;
      3302;1991-2020;        46;      28.1;      25.2;      35.7;      32.1;      63.6;      55.7;      76.3;      57.4;      43.3;      36.5;      39.9;      35.8;     529.6;
      3303;1991-2020;        46;      40.5;      33.3;      45.8;      38.7;      66.2;        71;      80.4;      68.2;      55.8;        49;      51.2;      48.7;     648.9;
      3304;1991-2020;        43;        47;        38;        47;        35;        60;        58;        79;        55;        49;        47;        53;        53;       621;
      3305;1991-2020;        46;      57.2;      47.1;      61.8;        56;      99.4;     110.4;     110.3;     103.4;        75;      65.8;      60.9;      61.2;     908.4;
      3306;1991-2020;        46;        79;        65;      60.2;      48.4;      66.7;      60.7;      80.2;        74;      64.6;        68;      69.7;      88.8;     825.4;
      3307;1991-2020;        45;      76.9;      66.9;        94;        94;     158.7;     182.9;     183.8;     189.2;       122;        92;      78.7;      77.4;    1423.8;
      3308;1991-2020;        46;      49.6;      37.6;      41.4;        31;      51.4;      55.3;      71.3;      51.5;      53.7;      46.1;      42.1;      47.1;       578;
      3309;1991-2020;        46;      70.1;      67.4;      90.3;      77.2;     130.3;       157;     162.6;       167;       112;        81;      85.6;      80.8;    1281.5;
      3310;1991-2020;        46;      56.5;      46.1;      54.7;      41.2;      63.1;      69.2;      85.7;      81.2;      61.3;      54.8;        57;      58.5;     729.1;
      3311;1991-2020;        46;      56.6;        40;      43.8;      31.6;      51.9;      56.6;      70.4;      58.6;      50.6;      43.7;      50.1;      53.8;     607.9;
      3312;1991-2020;        46;      47.9;      35.3;      45.8;        31;      53.4;        51;      78.5;      59.9;      49.2;      41.9;      47.3;      49.4;     590.8;
      3313;1991-2020;        46;      85.7;      80.6;      81.4;        62;        88;      77.7;        87;      89.6;        76;      83.1;      87.7;       106;    1004.7;
      3314;1991-2020;        46;      39.8;      29.3;      36.2;        28;      51.3;      57.6;      64.1;      56.8;      47.6;      40.8;      39.2;      43.7;     534.5;
      3315;1991-2020;        46;        72;      62.7;      66.7;      46.2;      68.3;      66.6;      80.2;      66.6;      60.9;      69.7;      67.3;      86.7;     813.7;
      3316;1991-2020;        46;      78.9;      68.6;      69.5;      51.3;      68.7;      73.4;      90.5;      89.2;      73.3;      73.4;      77.1;      79.1;     892.9;
      3317;1991-2020;        46;      69.3;      53.2;      55.8;      45.2;        56;      67.6;      81.5;      67.5;      56.5;      54.2;      57.2;      69.1;     733.2;
      3318;1991-2020;        46;      75.8;      66.8;      63.1;      53.6;      81.2;        74;        89;        76;      67.9;      72.4;      75.5;      88.5;     883.7;
      3319;1991-2020;        46;      50.3;      48.5;      52.8;        43;      73.5;      56.4;      74.5;      63.5;      53.5;      55.1;      56.1;      60.2;     687.4;
      3320;1991-2020;        46;      60.8;        57;      51.5;      41.1;      58.3;      63.9;      70.9;      72.3;        59;      59.9;      60.6;      70.4;     725.6;
      3321;1991-2020;        46;      59.1;      55.5;      50.2;      42.3;      56.3;      66.8;      73.7;      70.2;      59.5;      60.5;      60.3;      68.2;     722.5;
      3322;1991-2020;        46;      32.1;      28.4;      41.3;      36.7;        68;      59.1;        78;      60.4;      50.3;      42.4;      46.9;      39.7;     583.3;
      3323;1991-2020;        46;      72.1;      65.8;      55.8;      44.2;      55.8;      77.2;      83.3;      87.7;      71.5;      70.8;      74.7;      84.7;     843.6;
      3324;1991-2020;        46;      89.7;      79.8;        88;      61.6;      93.5;      89.5;      98.8;      82.6;      69.7;      86.9;      88.1;     109.9;    1038.1;
      3325;1991-2020;        46;      69.8;      69.3;      71.2;      56.6;      80.1;      77.1;      85.2;      77.5;      66.9;      72.1;      77.7;      87.4;     891.1;
      3326;1991-2020;        46;      71.6;      62.8;      67.6;      58.6;        87;      94.4;        98;      84.4;        60;        68;      68.6;      79.9;       901;
      3329;1991-2020;        46;      61.9;      53.1;      52.4;      44.3;      69.4;      62.7;      63.5;      62.4;      58.2;      56.7;      56.8;      72.6;     713.9;
      3330;1991-2020;        46;      44.4;      41.9;      43.2;      36.5;      61.7;      57.9;      67.4;      59.2;      49.6;      52.1;      49.6;      60.5;     623.9;
      3331;1991-2020;        46;      41.9;      30.6;      36.2;      28.5;      57.3;      55.8;      65.5;      56.3;      47.5;      43.8;      38.3;      43.9;     545.6;
      3332;1991-2020;        46;      44.3;      34.4;        45;      39.8;      75.2;      79.1;      87.1;        73;      51.8;      52.7;      49.5;      53.4;     685.3;
      3333;1991-2020;        46;      69.2;      54.1;      55.7;      42.6;      62.2;      73.8;      90.5;      77.3;      62.5;      63.6;      62.8;      72.6;     786.8;
      3334;1991-2020;        46;      34.4;      28.9;      38.2;      34.5;      63.2;        57;      75.6;      52.6;      45.3;      40.7;      43.6;      41.2;     555.1;
      3335;1991-2020;        46;      62.4;      45.7;      57.6;      49.1;      82.4;      81.9;      91.4;      82.8;      57.2;      60.4;      60.4;      64.7;     796.1;
      3336;1991-2020;        46;      55.3;        43;      55.8;      47.2;      84.2;        81;      93.2;      80.7;      58.2;      60.4;      58.1;      62.8;     779.9;
      3337;1991-2020;        46;       129;     111.3;      99.3;      70.1;      78.9;        81;      96.5;      97.5;      94.4;      92.2;     104.9;     140.9;    1196.1;
      3338;1991-2020;        46;     116.1;      98.2;      89.5;      64.7;      76.7;      80.6;      90.4;      94.3;      85.5;      86.7;      95.7;     130.2;    1108.6;
      3339;1991-2020;        46;     138.6;     109.5;     104.9;      70.6;      79.6;      85.1;      96.4;     100.8;      93.3;      97.1;       112;     150.8;    1238.8;
      3340;1991-2020;        43;        74;        66;        67;        48;        66;        70;        79;        67;        66;        69;        69;        88;       829;
      3341;1991-2020;        46;      53.9;      46.4;      62.6;        60;     108.3;     115.3;     115.9;     104.9;      76.4;      69.1;        63;      61.2;     937.1;
      3342;1991-2020;        46;      69.2;        54;      51.2;      41.4;        54;      69.3;      79.7;      79.9;      76.3;      66.7;      69.3;      73.7;     784.6;
      3343;1991-2020;        46;      54.6;      44.4;      54.6;      47.1;      83.7;      97.2;     105.4;      89.3;      67.3;      56.7;      54.5;      58.5;     813.3;
      3344;1991-2020;        46;     114.9;      93.4;       117;      96.9;     154.3;     193.5;     203.2;     199.9;       142;     110.2;     107.8;     122.9;    1655.9;
      3345;1991-2020;        46;      84.6;      75.9;      84.2;      61.5;      85.5;     104.6;     120.2;     106.7;      94.9;      84.9;      83.9;      93.7;    1080.5;
      3346;1991-2020;        46;      71.6;      51.9;      56.9;      39.5;      54.7;      59.2;      71.6;      61.6;      55.2;      62.3;      62.2;      70.9;     717.5;
      3347;1991-2020;        46;      87.1;      63.8;        67;      46.3;      62.6;      64.3;      76.1;      68.3;      62.4;      71.9;      70.8;        84;     824.7;
      3348;1991-2020;        45;      85.4;      59.4;        66;      43.6;      63.1;      62.1;      79.1;      65.7;      61.4;      68.6;      69.8;      83.4;     809.8;
      3349;1991-2020;        46;      46.2;      38.6;      46.4;      34.8;      63.5;      64.6;      85.3;      78.1;      52.5;      52.6;      48.6;      48.4;     659.6;
      3350;1991-2020;        46;     125.4;      98.7;        93;      59.3;        74;      85.6;      94.1;      96.4;      88.6;       100;     107.7;     131.9;    1154.7;
      3352;1991-2020;        46;        90;      76.6;      77.2;      51.1;        81;      71.1;      81.6;      71.1;      67.1;      79.8;      82.6;     109.6;     938.7;
      3353;1991-2020;        46;      94.8;      86.8;      88.3;      61.1;      87.6;      73.1;      81.7;      80.5;        73;      88.3;      93.1;     113.6;    1021.9;
      3354;1991-2020;        46;      85.9;      65.5;      63.2;      50.2;      79.1;      71.9;      88.3;      71.6;      67.1;      75.9;      75.6;      90.4;     884.5;
      3355;1991-2020;        46;        43;      33.7;      39.1;      28.1;      54.4;      55.1;      74.9;      53.3;        46;      40.8;      41.2;      41.4;       551;
      3356;1991-2020;        46;      87.4;      74.9;        77;      52.9;      84.2;      65.6;      87.4;      68.4;      66.3;      78.8;      77.6;     104.5;     925.2;
      3357;1991-2020;        43;        31;        27;        37;        30;        56;        52;        71;        57;        46;        35;        41;        38;       521;
      3358;1991-2020;        46;      51.9;      40.8;      50.3;      32.7;      58.4;      68.4;      88.7;      75.6;      55.7;      46.6;      47.9;        48;     665.1;
      3359;1991-2020;        46;      72.5;      54.9;      57.8;      48.6;      77.3;      70.2;      89.5;      76.3;      67.4;        72;      68.9;      81.8;     837.3;
      3360;1991-2020;        46;      65.4;        47;      54.7;      40.7;      58.6;      63.8;      83.5;      72.7;        57;      60.9;      53.2;      61.6;       719;
      3361;1991-2020;        46;      50.7;      50.7;      57.6;      45.5;      76.8;      63.5;      79.9;      75.4;      57.1;      62.3;      61.1;      69.1;     749.9;
      3362;1991-2020;        43;        51;        51;        59;        47;        72;        62;        80;        81;        56;        64;        60;        73;       756;
      3363;1991-2020;        46;      51.8;      48.8;        55;      42.9;      77.8;      68.8;      76.5;      73.3;      55.6;      61.9;      59.6;        66;     738.1;
      3364;1991-2020;        46;      36.1;      31.2;      40.2;      36.7;      66.1;      55.8;      77.3;      57.7;      49.3;      42.3;      43.8;        42;     578.5;
      3365;1991-2020;        46;      45.3;      33.7;      43.7;      30.5;      56.1;      52.3;      73.3;      64.2;      47.5;      42.1;        44;      46.9;     579.6;
      3366;1991-2020;        45;      49.7;        42;      57.6;      46.4;      89.2;      96.9;     101.4;      93.3;      68.1;        58;      51.8;      54.5;       809;
      3367;1991-2020;        46;      52.7;      46.5;      42.6;      34.1;      45.7;      60.6;        72;      66.3;      49.3;      47.9;      48.4;      56.5;     622.6;
      3368;1991-2020;        46;      78.7;      63.3;      59.3;      40.9;      58.3;        81;      90.6;      85.3;      75.4;      79.7;      74.2;      87.8;     874.5;
      3369;1991-2020;        46;      67.7;      55.8;      55.6;      44.1;        54;      67.8;        80;      72.9;      58.1;        61;      60.1;      72.5;     749.6;
      3370;1991-2020;        46;        58;      48.9;      53.3;      38.4;      64.6;      58.2;      77.4;      58.6;      58.8;      53.7;      58.2;      64.7;     692.8;
      3371;1991-2020;        46;      56.9;      46.3;      52.8;      41.9;      73.8;      74.5;      84.3;      77.5;      61.1;      57.8;      60.2;      64.6;     751.7;
      3372;1991-2020;        46;      48.5;      41.4;      51.3;      45.1;      64.5;      70.8;      84.9;      72.6;      64.2;      52.7;      56.5;      58.3;     710.8;
      3373;1991-2020;        46;      47.8;      39.9;      41.3;        31;      54.6;      52.7;      88.4;      59.1;        49;      45.7;      42.2;      45.8;     597.5;
      3374;1991-2020;        46;      83.5;      67.6;      70.3;      45.9;      68.8;      78.7;      96.3;      79.6;      75.3;      74.4;      77.7;        93;     911.1;
      3375;1991-2020;        46;      84.2;      67.8;      67.9;      45.8;      72.7;      79.4;     100.3;      84.7;      77.9;      78.8;      78.8;      95.1;     933.5;
      3376;1991-2020;        45;      42.3;      31.8;      38.6;      28.7;      51.8;      53.7;      77.6;      58.9;      45.1;      40.2;      38.4;      38.5;     545.6;
      3378;1991-2020;        46;      55.7;      48.2;      65.3;      57.6;     110.5;     120.5;     121.3;     118.5;      81.6;      68.2;      62.7;      60.4;     970.5;
      3379;1991-2020;        45;      51.9;      45.5;      61.2;        56;       107;     120.9;     118.9;     116.5;      78.1;      66.9;      58.4;      58.5;     939.7;
      3381;1991-2020;        43;        59;        52;        67;        60;       113;       123;       128;       120;        82;        70;        63;        65;      1002;
      3382;1991-2020;        46;      53.8;      46.1;      62.9;        57;     109.2;     119.9;       119;     117.2;      80.5;      68.6;      61.6;        59;     954.8;
      3383;1991-2020;        46;      51.8;      45.8;      63.6;      56.5;     111.1;     118.8;     124.8;     114.6;      81.9;        69;      61.1;      59.8;     958.7;
      3384;1991-2020;        46;        60;      54.1;      70.5;      64.3;     115.7;     128.4;     131.3;     121.9;      84.1;      72.9;        67;      65.3;    1035.5;
      3385;1991-2020;        46;        52;      45.8;      63.5;      56.4;     111.2;     118.8;     124.7;     114.5;      81.9;        69;        61;      59.9;     958.6;
      3386;1991-2020;        46;      52.5;      45.7;      61.8;        57;     106.8;     120.4;     119.4;     117.7;        79;      68.3;      60.5;      59.1;     948.2;
      3387;1991-2020;        46;      53.9;      47.5;      63.5;      57.5;     107.2;     117.3;       116;     112.9;      78.2;      68.2;      61.2;      62.1;     945.5;
      3388;1991-2020;        46;      59.6;      53.6;      69.5;      61.6;     114.9;     124.9;     130.6;     121.3;      84.9;      71.2;      64.6;        65;    1021.7;
      3390;1991-2020;        46;      57.4;      52.3;      66.2;      60.2;     112.2;     121.2;     125.9;     117.9;      81.7;      69.4;      63.4;      63.5;     991.2;
      3391;1991-2020;        46;      50.9;      44.3;      60.6;      56.4;     106.6;     119.6;     115.5;     116.5;      78.1;      69.7;        61;      57.9;     937.1;
      3392;1991-2020;        46;      42.5;      37.2;      47.4;      38.4;      64.9;      74.2;      82.5;      70.1;      59.8;      48.8;      53.6;      51.9;     671.2;
      3394;1991-2020;        46;      51.7;      44.6;      49.7;      36.4;      63.2;      61.7;      74.4;      58.2;      51.9;      55.2;        56;      59.4;     662.2;
      3395;1991-2020;        46;        74;      54.9;      61.8;      44.3;      67.8;      66.1;      79.5;      74.2;      61.5;        66;      69.1;      75.1;     794.2;
      3396;1991-2020;        46;      62.6;      49.1;      53.7;      40.3;      62.8;      63.2;      79.8;      67.5;      56.5;      57.1;      60.3;      64.3;     717.3;
      3397;1991-2020;        43;        81;        62;        63;        44;        60;        63;        75;        72;        59;        72;        69;        84;       804;
      3398;1991-2020;        46;      87.6;      68.1;      69.5;      50.3;      64.7;      70.7;      83.9;      77.9;        67;      76.9;      75.9;      91.2;     883.6;
      3399;1991-2020;        46;      61.8;      46.8;        46;      36.7;      58.2;      62.8;      77.4;      59.3;      52.1;      53.6;      59.9;      72.9;     687.4;
      3400;1991-2020;        46;      53.9;      42.1;      42.4;      35.1;      59.2;      59.9;      75.4;      57.5;      49.9;      49.6;      53.9;      63.5;     642.2;
      3401;1991-2020;        46;      59.3;        53;      66.6;      74.9;     134.7;     144.9;     152.9;     154.6;     119.5;      85.5;      71.9;      66.1;    1183.9;
      3402;1991-2020;        45;      63.3;      54.2;      63.9;        57;     100.3;       100;     106.6;      88.7;      65.4;      71.2;      65.2;      74.5;     910.2;
      3404;1991-2020;        46;      72.5;      54.9;      55.6;        41;      55.3;      63.4;      72.7;      74.6;      66.4;        65;      66.8;      75.2;     763.4;
      3405;1991-2020;        46;      71.1;      56.5;      52.7;      40.1;      51.7;      61.3;      72.8;      72.7;        62;      61.7;      65.1;      75.4;       743;
      3407;1991-2020;        46;      49.6;      46.8;      47.3;      42.1;      57.7;      62.6;      65.3;      72.5;      57.2;      50.5;      49.2;      55.9;     656.7;
      3408;1991-2020;        46;      52.7;        48;      51.6;      45.1;      63.4;      69.1;      67.9;        71;      57.7;      51.8;      51.4;        56;     685.7;
      3409;1991-2020;        46;      50.6;      41.2;      54.9;      53.5;        97;       102;     111.5;      99.3;      70.3;        62;      57.4;      57.3;     856.8;
      3410;1991-2020;        46;      39.8;      34.4;      38.8;      37.2;      59.4;      59.4;        57;      55.5;      49.4;        46;        41;      49.6;     567.6;
      3411;1991-2020;        46;      34.3;      27.6;      34.4;      29.9;      55.2;      53.6;      57.3;      47.8;      44.2;      45.5;      42.5;      41.6;     513.9;
      3412;1991-2020;        46;      77.5;      75.9;      76.7;      88.3;       131;     114.1;     116.7;     112.4;     101.6;       106;       100;     103.3;    1203.5;
      3413;1991-2020;        46;      41.1;      35.1;      36.5;      34.9;      56.1;      55.9;        65;      52.2;        44;      47.3;      44.8;      48.2;       561;
      3415;1991-2020;        46;      85.3;      71.5;      83.3;      58.1;      84.6;     103.1;     111.8;     107.6;      92.3;        84;      84.6;      96.5;    1062.8;
      3416;1991-2020;        46;      70.6;        62;        65;      46.9;      71.1;      70.5;      81.8;      65.4;        61;      71.4;      69.1;      83.7;     818.5;
      3417;1991-2020;        46;      69.2;        54;      55.5;      40.5;      51.1;      74.2;      90.1;      75.6;      63.8;      61.7;      56.9;      63.1;     755.8;
      3418;1991-2020;        46;      42.4;      35.9;      43.2;      46.9;      87.8;        99;      90.8;      88.2;      57.7;      56.6;      47.6;      51.4;     747.5;
      3419;1991-2020;        46;      42.3;      36.8;      43.9;      40.2;      70.9;      73.8;      88.3;      73.6;        61;      50.4;      52.8;      52.7;     686.6;
      3420;1991-2020;        46;      77.7;      60.8;        60;      45.5;      57.1;      70.9;      83.1;      73.1;        62;      64.5;      65.3;      78.4;     798.4;
      3423;1991-2020;        46;      74.1;      56.7;      55.5;      40.9;      63.1;      68.8;      93.9;      65.4;      61.9;      58.6;      66.4;        81;     786.3;
      3424;1991-2020;        46;      59.6;      57.2;      77.7;      83.9;     147.3;       173;     167.3;     167.7;     111.6;      82.3;      74.6;      63.9;      1266;
      3425;1991-2020;        46;       102;      86.3;      95.1;      65.9;      97.8;      99.9;     109.6;      89.3;      75.7;      97.2;       100;     124.1;    1142.9;
      3426;1991-2020;        45;      48.9;      41.3;      44.8;      31.9;        61;      58.1;      91.2;        72;      51.2;      46.3;      46.6;      44.7;     635.8;
      3427;1991-2020;        46;      51.8;      41.7;      48.7;      36.7;      58.1;      59.2;      77.5;      66.4;      56.6;      48.9;      52.6;      54.6;     652.7;
      3429;1991-2020;        46;      57.4;      45.2;      47.8;      36.9;        65;      75.5;      76.5;      68.3;      56.1;      53.3;      52.2;      63.3;     697.4;
      3430;1991-2020;        43;        33;        25;        35;        30;        58;        51;        66;        56;        45;        38;        38;        36;       511;
      3432;1991-2020;        43;        60;        52;        55;        45;        77;        74;        80;        68;        52;        62;        58;        71;       754;
      3433;1991-2020;        46;      39.1;      36.3;        46;      38.8;      68.6;      65.7;      85.7;      69.6;      49.9;      42.7;      47.4;      45.4;     635.2;
      3434;1991-2020;        46;      78.5;      62.4;      63.7;      46.6;      66.9;      76.3;      88.8;        82;      73.4;      71.8;      73.3;      88.3;       872;
      3435;1991-2020;        46;      54.1;      42.1;        53;      44.9;      83.2;      94.6;      96.1;      88.8;      62.4;        56;      54.9;      58.8;       789;
      3436;1991-2020;        46;      43.2;      34.3;      46.2;      36.9;      62.3;      59.8;      85.9;      78.5;        61;      51.2;      51.2;      48.5;       659;
      3437;1991-2020;        46;      42.9;      34.1;        42;      30.7;      56.1;      57.4;        78;      69.2;      48.5;      44.6;      46.4;      45.1;     594.9;
      3438;1991-2020;        46;      54.2;        41;      49.6;      40.8;      67.7;      74.5;      85.3;      75.9;      52.9;      53.4;      52.4;      60.9;     708.7;
      3439;1991-2020;        46;      84.7;        61;        63;      47.2;      58.7;      68.4;      89.9;      77.3;      65.9;        80;      67.7;      80.8;     844.5;
      3440;1991-2020;        46;      64.4;      52.9;      65.3;      46.9;      73.6;      79.6;        89;      79.2;      57.2;      60.8;      61.7;        75;     805.6;
      3441;1991-2020;        46;      45.2;      32.9;      38.1;      26.5;      53.3;      60.7;        70;      55.9;      48.2;      41.8;      41.3;        42;     555.8;
      3442;1991-2020;        45;      45.1;      35.2;      36.5;      36.4;      57.8;      58.6;      69.5;      48.8;      45.7;      50.1;      43.9;      53.8;     578.6;
      3443;1991-2020;        46;        52;      38.8;      42.5;      36.8;      61.4;        62;        67;      58.5;      52.3;      51.8;      51.6;      53.3;     628.1;
      3444;1991-2020;        46;      33.7;      29.8;      39.9;      34.7;      59.4;      54.3;      81.5;      62.8;      48.4;      38.7;      44.6;      40.3;     568.1;
      3445;1991-2020;        46;      50.6;      36.5;        42;        29;      52.1;      51.5;        69;      56.5;      45.7;      39.9;      44.9;        48;     565.6;
      3447;1991-2020;        46;      71.6;      62.6;        68;      46.3;      72.6;      69.6;        80;      62.7;      64.4;      72.8;      73.7;      85.1;     829.5;
      3448;1991-2020;        46;      85.3;      76.6;      82.2;        55;      80.2;      78.5;      87.5;      75.5;      71.9;      82.8;      86.3;     105.2;     966.8;
      3449;1991-2020;        46;      49.4;      43.5;      51.1;      48.7;      89.3;      93.2;        96;      84.3;      60.6;      65.6;      60.5;      59.1;     801.4;
      3450;1991-2020;        46;      51.5;      45.3;      51.9;      39.3;        70;      77.9;      81.5;      68.1;      59.6;      66.1;      61.7;      66.1;     739.1;
      3451;1991-2020;        43;        48;        34;        41;        30;        60;        59;        71;        63;        54;        44;        46;        50;       600;
      3452;1991-2020;        46;      74.8;      56.3;      59.3;      45.9;      62.9;      65.5;      84.6;      70.7;      68.1;      67.9;      65.1;      74.5;     795.6;
      3453;1991-2020;        46;      38.6;      28.4;      38.4;      30.2;      57.7;      51.1;      74.1;      55.3;      54.9;      37.9;      43.3;      41.6;     551.6;
      3454;1991-2020;        46;      39.5;      35.2;      45.2;      51.2;      93.7;      93.4;      94.2;      82.2;      55.6;      60.1;      50.9;      50.2;     751.2;
      3455;1991-2020;        46;      82.3;      67.9;      84.5;      80.3;     126.2;     121.6;     132.4;     107.7;        85;      91.6;      90.4;      95.6;    1165.4;
      3456;1991-2020;        46;      43.2;      33.1;      41.5;      35.1;      60.3;      55.8;      63.6;      48.3;      47.8;      39.4;      42.7;      42.5;     553.3;
      3457;1991-2020;        46;      55.5;      52.7;      58.9;      44.1;      71.6;      60.4;      75.5;        66;        55;      67.5;      64.7;        73;     744.9;
      3458;1991-2020;        46;      31.7;      27.4;      36.6;      30.7;      56.1;      52.9;      70.9;      57.2;      47.4;      35.3;      39.7;      37.8;     523.6;
      3459;1991-2020;        46;        79;      59.4;      62.8;      44.8;      62.8;      77.1;      91.3;        80;      65.4;      67.7;      68.7;      82.2;     841.2;
      3460;1991-2020;        43;        65;        53;        60;        48;        85;        91;        98;        92;        65;        63;        65;        75;       860;
      3461;1991-2020;        46;        56;      47.1;      51.1;        42;      64.5;      66.6;      83.9;      64.5;      54.4;      55.1;      60.4;      61.3;     706.9;
      3462;1991-2020;        46;      68.7;      54.8;      66.7;      50.1;      84.3;      82.7;      87.5;      79.2;      57.8;      65.1;      66.8;      78.9;     842.5;
      3463;1991-2020;        46;     153.6;     132.2;     173.3;     135.2;     252.9;     248.7;     255.5;     236.6;     172.9;     149.8;     135.6;     160.2;    2206.4;
      3464;1991-2020;        46;     108.4;     102.7;     121.9;      98.6;     165.4;     186.3;     185.3;     187.1;     136.2;     108.1;     107.1;     117.8;    1624.7;
      3465;1991-2020;        46;       125;     100.4;      93.1;      63.5;      82.3;        83;     101.5;     102.5;      92.1;      99.5;     103.7;     134.7;    1181.3;
      3466;1991-2020;        46;     116.2;      93.8;        86;      61.2;      77.5;      78.1;      96.4;      93.8;      84.5;      92.3;      97.1;     123.5;    1100.4;
      3467;1991-2020;        46;      79.3;      64.5;        58;      39.4;      57.6;      72.4;      78.3;        84;        70;      73.3;      69.6;      83.9;       830;
      3468;1991-2020;        46;      64.9;      57.4;      53.8;      41.9;      59.7;      66.8;      72.6;      78.2;      61.8;      63.6;      63.9;      73.6;     758.2;
      3469;1991-2020;        46;      51.6;      40.8;      41.5;      35.1;      50.5;      66.1;      75.5;      61.6;      55.8;      53.8;      48.5;        55;     635.6;
      3470;1991-2020;        46;      51.8;      41.5;      42.9;      33.2;      48.5;      64.5;      67.9;      57.5;      48.3;      47.7;      45.9;        52;     601.6;
      3471;1991-2020;        46;      40.4;      33.6;      36.9;      29.7;      54.3;      53.6;      72.3;      56.2;        43;      36.5;      40.2;      40.4;     537.1;
      3472;1991-2020;        46;        72;      60.7;      59.7;        48;      69.2;      69.4;      77.7;      61.6;      62.4;      67.7;      68.6;      85.4;     802.3;
      3473;1991-2020;        46;      57.2;      41.9;      45.2;      30.8;      51.2;      63.3;      72.2;      58.5;      51.8;      53.1;        46;      55.1;     626.3;
      3474;1991-2020;        46;        52;      47.1;        46;      40.8;      67.7;      62.8;      69.7;      64.1;        52;      55.9;      54.1;      63.7;       676;
      3475;1991-2020;        46;      45.2;      37.4;        45;      47.9;      80.7;      87.5;      92.7;      85.1;      61.9;      59.3;      49.1;        52;     743.9;
      3476;1991-2020;        46;      49.2;      39.7;      47.5;      39.1;      67.3;      78.1;      86.2;      74.7;      62.7;      53.2;      50.9;      53.7;     702.2;
      3478;1991-2020;        46;      39.6;      28.7;      34.8;      29.1;      49.3;      61.6;        63;      57.5;      46.8;      43.4;      37.6;      38.1;     529.2;
      3479;1991-2020;        46;      41.6;      32.1;      36.7;      29.5;      50.5;      62.5;      64.3;      57.1;      46.4;      42.9;      39.2;      40.9;     543.7;
      3480;1991-2020;        46;      45.5;      37.3;      43.7;      31.7;      51.6;      51.4;      82.3;      54.7;      46.7;      43.2;      39.8;        44;       572;
      3481;1991-2020;        46;      51.3;      46.8;      41.3;      35.7;      51.4;        69;      71.6;      71.4;      56.9;      54.9;      51.4;      57.3;       659;
      3482;1991-2020;        46;      50.4;      43.8;      40.4;      34.4;        52;        71;        71;      68.7;      57.2;      52.2;      48.2;      55.5;     644.8;
      3483;1991-2020;        46;      54.8;      40.8;      51.2;      44.6;        71;      75.6;      84.8;      80.5;      56.3;      56.4;      55.3;      61.1;     732.3;
      3485;1991-2020;        45;      52.1;        42;        54;      54.9;     101.3;     100.3;     109.1;      99.8;      67.3;      61.1;        57;      59.1;     863.9;
      3486;1991-2020;        46;      65.6;        57;      60.6;      44.1;      66.7;      63.1;      75.7;      61.6;      56.9;      68.1;      63.8;      80.2;     763.3;
      3487;1991-2020;        46;      72.4;      54.4;        57;      39.7;      64.2;      53.9;      70.5;      56.1;      58.1;      53.8;      58.3;      70.2;     708.5;
      3488;1991-2020;        46;      55.9;      39.2;        44;      32.1;      58.7;        65;      78.1;      62.5;      55.9;      50.6;      52.6;        55;     649.5;
      3489;1991-2020;        46;     139.8;       130;     165.8;     131.3;     189.6;     213.8;     261.5;     235.2;     184.3;     112.3;     114.7;     124.9;    2003.2;
      3490;1991-2020;        45;      46.1;      42.1;      47.9;        39;      58.1;      63.6;      65.1;      67.8;      53.1;      48.9;      45.9;        53;     633.2;
      3491;1991-2020;        43;       113;        86;        86;        57;        78;        80;       106;        79;        83;        88;        96;       125;      1077;
      3494;1991-2020;        46;      52.4;      44.4;      50.5;      37.6;      65.9;      69.1;      78.3;      65.2;      51.1;      55.7;      55.2;      61.5;     686.8;
      3495;1991-2020;        46;      80.7;      61.7;        58;        44;      53.8;      66.7;      83.3;      77.5;      70.1;      72.5;      70.8;        82;     821.2;
      3496;1991-2020;        43;        74;        58;        55;        43;        52;        67;        78;        77;        65;        67;        65;        77;       778;
      3497;1991-2020;        46;      73.7;        55;      57.4;      42.6;      64.6;      74.5;      93.9;      72.8;      73.1;      62.4;      68.1;      77.7;       816;
      3498;1991-2020;        46;     131.1;       103;      96.7;      68.4;      79.1;      83.9;     107.3;      93.7;      94.2;     101.1;     107.2;       130;    1195.7;
      3499;1991-2020;        46;     105.3;      83.3;      81.7;      54.3;      67.2;      72.2;      94.3;      93.4;      81.1;      80.9;      90.3;     105.3;    1009.3;
      3500;1991-2020;        46;      57.2;      51.2;      55.7;      43.6;      68.6;        66;      77.9;      64.5;      55.1;      66.3;        60;      73.3;     739.5;
      3501;1991-2020;        46;      64.8;      47.9;        51;      44.4;      68.7;      57.5;      81.6;      62.6;      57.4;      54.8;      58.8;      66.6;       716;
      3502;1991-2020;        46;      50.5;      37.4;      41.7;      35.6;      59.9;      57.2;      73.3;        57;      48.9;      48.9;      52.7;        55;       618;
      3503;1991-2020;        46;      58.1;      50.9;        51;      41.8;      63.8;      64.4;      68.5;      59.8;      55.5;      58.4;      55.3;        68;     695.6;
      3504;1991-2020;        43;        54;        44;        55;        50;        92;       110;       110;        98;        68;        63;        57;        59;       860;
      3505;1991-2020;        46;      50.2;      45.1;      55.8;        59;     104.3;     100.4;     108.5;      95.3;      68.7;      69.5;      64.4;        60;     881.2;
      3506;1991-2020;        46;      33.3;      25.6;      31.7;      28.3;      61.6;      51.7;      70.7;      58.1;      47.7;      37.8;      38.4;      35.1;       520;
      3507;1991-2020;        46;      66.2;      52.3;      61.1;      37.7;      62.6;      81.5;      97.4;      84.9;      60.2;      60.2;      59.1;      64.8;     787.8;
      3509;1991-2020;        46;      52.2;      39.7;      43.2;      31.7;        51;      67.7;      74.5;      58.1;      49.5;      48.1;      43.5;      51.7;     610.9;
      3511;1991-2020;        46;      45.8;        35;      39.2;      26.3;      54.1;      55.4;      80.3;      56.9;      45.8;      40.9;      39.1;      42.2;       561;
      3513;1991-2020;        45;     117.4;      91.1;      90.9;      63.2;      86.1;      84.2;     119.6;      87.1;      89.7;      96.6;      99.8;     129.7;    1155.6;
      3514;1991-2020;        46;        72;      60.1;      54.7;      38.4;        55;      81.3;      90.7;      90.8;      81.3;      83.9;      73.4;      83.2;     864.7;
      3515;1991-2020;        46;      54.3;      41.6;      43.7;      34.8;      50.2;      62.5;      84.6;      62.3;      48.8;      48.3;      46.1;      52.4;     629.8;
      3516;1991-2020;        46;      75.6;      60.9;      62.9;      41.5;      66.9;      73.5;      85.6;      67.1;      67.6;        64;      70.9;      87.5;     823.7;
      3517;1991-2020;        46;        57;      48.9;      60.8;      50.6;      89.8;       102;     103.1;      96.2;      68.6;      63.5;      60.1;      63.9;     864.4;
      3518;1991-2020;        46;      64.7;      57.3;      64.3;      61.7;      99.4;      99.9;     113.3;      93.9;      66.5;      71.8;      68.5;      77.9;     939.2;
      3519;1991-2020;        46;      50.2;      42.2;      49.8;      52.7;      90.7;      93.5;     104.5;      85.2;      64.1;        63;      56.3;      59.7;     811.7;
      3520;1991-2020;        46;      80.7;      66.6;        78;      52.4;      82.6;      92.1;     109.2;     103.1;      78.6;      69.8;      74.6;      79.4;       967;
      3521;1991-2020;        46;     105.8;        87;      85.4;      56.8;      77.2;      77.5;      91.9;      94.7;      80.3;      88.3;      93.4;     119.6;    1057.9;
      3522;1991-2020;        46;      80.3;      59.2;      57.3;      44.5;      67.6;      60.6;      77.9;        72;      58.4;      69.1;      68.3;      86.7;     801.9;
      3523;1991-2020;        46;      48.6;      35.3;      40.4;      34.1;      51.4;      65.4;      74.6;      61.4;      49.5;      46.7;      43.2;      51.5;     602.2;
      3524;1991-2020;        46;      69.1;      57.4;      73.7;      48.2;      73.4;      84.5;      93.7;      84.7;      64.4;      65.5;      67.2;      68.8;     850.8;
      3525;1991-2020;        46;      64.4;      51.5;      59.1;      45.2;        79;      94.7;        95;        87;      63.2;      58.6;      56.7;      69.6;     823.8;
      3526;1991-2020;        46;        52;      45.9;      51.7;      39.7;      66.6;      77.2;      78.8;      80.7;      59.4;      57.1;      50.6;      61.7;     721.3;
      3527;1991-2020;        45;      61.8;      49.8;      55.6;      45.7;      74.6;      68.5;      88.2;      76.6;      63.8;      64.7;      64.7;      64.6;     783.9;
      3528;1991-2020;        46;      54.3;      41.5;      46.7;      40.8;      64.1;      61.8;      81.9;      65.6;      55.8;      55.6;      55.6;      55.4;     679.1;
      3530;1991-2020;        46;      68.5;      51.2;      57.5;      40.5;      67.3;      71.1;      76.6;      68.5;      63.9;      60.3;      61.8;      72.9;       760;
      3531;1991-2020;        46;      55.2;      45.2;        43;      36.8;      51.2;      66.7;      69.4;      69.2;      54.5;      54.6;      53.6;      59.1;     658.6;
      3533;1991-2020;        46;        39;      36.9;        47;      37.8;      69.3;      76.8;      84.3;      78.5;      62.7;      51.5;      51.1;      46.7;     681.6;
      3535;1991-2020;        46;      53.4;      45.1;      58.2;        46;      82.6;      97.3;      96.8;      91.1;      66.9;      58.6;      53.3;      56.8;       806;
      3536;1991-2020;        46;      68.2;      53.2;      59.8;      42.9;      67.8;      75.9;      87.6;      82.2;        64;      61.2;      65.5;      74.3;     802.6;
      3537;1991-2020;        46;      77.9;      63.7;      58.7;      40.7;      64.1;      77.5;      90.8;        83;      74.8;      77.8;        71;      84.2;       864;
      3539;1991-2020;        46;      59.5;      46.9;      51.5;      39.9;      72.9;      85.6;      87.7;      76.2;      63.1;      59.8;      53.8;      67.5;     764.4;
      3540;1991-2020;        45;      96.6;      83.8;      78.7;        57;      76.7;      87.6;      88.6;      96.5;      79.3;      84.9;      86.3;     100.5;      1014;
      3541;1991-2020;        46;      90.6;      75.4;      76.5;      56.2;      71.7;      90.8;      93.4;      92.9;      80.2;        84;      88.6;      98.6;       999;
      3543;1991-2020;        46;      60.4;      53.5;      56.3;      43.3;      68.7;      57.1;      73.6;      57.4;      53.1;      61.5;      58.6;      72.5;     716.1;
      3544;1991-2020;        46;      98.7;        79;      79.8;      53.1;      71.9;      75.7;      86.4;        81;      75.9;      81.6;      87.1;     106.8;     976.9;
      3545;1991-2020;        43;        84;        68;        66;        48;        72;        60;        71;        71;        61;        72;        78;       107;       858;
      3546;1991-2020;        46;      89.8;      71.9;      67.1;        49;      71.2;      64.1;      74.2;      74.7;      63.1;      76.5;      81.7;     111.6;     894.8;
      3547;1991-2020;        46;     103.4;        89;      90.9;      61.7;      85.7;      74.9;      89.8;      77.6;      73.1;      89.4;      93.9;     119.4;    1048.8;
      3549;1991-2020;        46;     146.4;       122;     129.6;      73.7;     111.3;     124.7;       137;     123.9;     101.3;     104.1;     109.4;     149.3;    1432.6;
      3550;1991-2020;        46;     107.9;      87.1;     101.7;      61.9;     103.2;     113.8;     129.1;     113.5;      82.7;      87.4;      84.7;     106.8;    1179.7;
      3551;1991-2020;        46;      43.7;      41.2;      46.9;      49.7;        82;      74.3;      80.5;        73;      59.6;      69.8;        58;      54.6;     733.3;
      3552;1991-2020;        45;      47.4;      33.8;        37;      30.4;      48.3;      62.3;      73.4;      55.7;      44.3;      43.7;      40.7;      45.3;     567.3;
      3553;1991-2020;        46;      56.1;      45.2;      56.1;      52.3;      93.2;     103.5;     108.7;      95.9;      70.1;      63.4;      57.7;      61.7;     863.9;
      3554;1991-2020;        46;     117.3;      96.9;     103.4;      55.4;      94.4;     109.8;     116.2;     105.1;      82.1;      84.7;      89.5;     123.6;    1178.6;
      3555;1991-2020;        46;      62.6;      56.1;      51.6;      44.1;      56.4;      65.6;      73.9;      76.9;      58.3;      61.6;      64.9;      72.5;     744.3;
      3557;1991-2020;        46;     126.7;      97.7;        94;      63.7;      80.5;      85.4;     106.9;      87.5;      94.7;      93.3;     106.1;     134.5;    1170.8;
      3558;1991-2020;        46;      58.7;      46.2;        47;      39.8;      58.3;      60.2;      71.7;      67.5;      58.7;      60.3;      55.8;      60.8;       685;
      3559;1991-2020;        46;      58.6;      48.4;      43.6;      32.6;      49.4;        63;      67.4;        73;      60.8;      59.3;        54;      64.3;     674.3;
      3560;1991-2020;        46;      60.4;      44.7;      43.5;      33.2;      58.5;      55.3;      71.7;      51.1;      47.8;        50;      56.4;      69.5;       642;
      3561;1991-2020;        46;      58.2;      43.4;      46.2;      42.1;        66;      63.9;        74;      70.6;      54.6;      54.3;      55.5;      60.2;     689.1;
      3562;1991-2020;        46;      67.2;      51.4;      56.7;      42.1;        64;      61.7;      76.9;      63.4;      56.6;        57;      61.9;      67.3;     726.2;
      3563;1991-2020;        46;      58.2;      45.1;      44.7;      35.8;      50.5;      66.4;      77.1;      72.2;      51.3;      51.3;        50;      57.4;       660;
      3564;1991-2020;        46;      57.3;        45;      44.5;        36;      47.7;      65.4;      70.6;      67.1;        50;      49.9;      48.2;      56.9;     638.7;
      3565;1991-2020;        46;      51.3;        45;      50.5;      36.2;      63.2;      64.3;      74.4;      59.8;      52.4;      55.1;      54.6;      58.9;     665.7;
      3566;1991-2020;        46;      50.5;      46.2;      52.4;      38.5;        67;      67.3;        72;      61.5;      54.7;      57.7;      54.9;      61.1;     683.8;
      3567;1991-2020;        46;      51.8;      40.7;        49;      37.4;      66.6;      75.3;      85.7;      76.8;      55.4;      51.3;      51.2;      57.6;     698.7;
      3568;1991-2020;        46;      49.5;      36.7;      40.6;      26.7;      49.2;      61.3;      70.2;      56.2;      48.6;      47.4;      41.3;      47.1;     574.9;
      3569;1991-2020;        46;      47.5;      36.3;      38.2;      25.7;      47.8;      60.2;        71;      56.7;      48.5;      45.7;      40.6;      46.1;     564.3;
      3570;1991-2020;        46;      90.8;      64.1;      72.3;      46.5;      69.3;      60.6;      86.2;      64.8;      70.3;      73.2;      78.9;      91.2;     868.2;
      3571;1991-2020;        46;      65.8;      46.8;      55.2;        37;      70.5;      76.7;        77;      71.5;      64.2;      59.9;      62.4;      71.4;     758.4;
      3572;1991-2020;        46;      79.5;      59.9;      58.6;        40;      67.9;      70.3;      91.3;      62.9;      64.2;        64;      71.2;      88.3;     818.3;
      3573;1991-2020;        46;      35.4;      31.6;      42.5;      37.7;      68.8;      69.6;      90.2;      73.6;      62.6;        48;      49.4;      44.2;     653.6;
      3574;1991-2020;        46;      60.6;      45.7;      52.1;      36.8;      67.3;      76.9;      83.4;      67.5;      60.7;        56;        57;      68.1;       732;
      3575;1991-2020;        46;      47.9;      42.7;      42.3;      38.1;      55.5;      53.7;      53.7;      51.4;      43.6;      48.3;      50.5;      61.5;     589.3;
      3576;1991-2020;        46;      45.4;      39.6;      36.3;      33.1;      52.3;      54.4;      51.8;      50.6;        44;      45.1;        46;      59.5;     558.1;
      3577;1991-2020;        46;      52.8;      40.8;      45.2;      33.4;      51.5;      68.6;      73.8;      57.1;      49.2;      50.7;      46.7;      50.8;     620.7;
      3578;1991-2020;        45;        48;      36.3;      43.5;      34.5;      65.8;      82.1;      78.6;      74.2;      53.2;      50.3;      48.2;      53.8;     668.5;
      3579;1991-2020;        46;      35.6;      25.6;      31.8;      23.4;      49.1;      51.7;      69.2;      57.8;      42.1;      33.7;      32.7;      32.1;     484.8;
      3580;1991-2020;        43;        35;        27;        36;        28;        58;        51;        72;        55;        51;        35;        42;        40;       530;
      3581;1991-2020;        46;     107.9;      94.2;        93;      60.4;     100.7;        87;     100.1;      84.2;      72.9;      92.6;      94.9;     126.4;    1114.5;
      3582;1991-2020;        46;      64.8;      46.7;      47.5;      33.6;        49;      64.7;      84.8;        80;      77.8;      79.9;      70.2;        71;       770;
      3584;1991-2020;        46;        78;      62.3;      59.2;      49.5;      68.1;      70.9;      73.9;        62;      66.3;      74.3;      72.9;      96.5;     833.7;
      3585;1991-2020;        46;      47.2;      36.5;        44;        31;      54.2;      54.9;      74.2;      60.4;      46.4;      41.3;      46.2;      46.1;     582.5;
      3586;1991-2020;        46;      64.7;      49.9;      50.4;      46.3;      67.7;      65.9;      88.3;      69.3;        64;      65.1;      62.8;      73.5;     767.9;
      3587;1991-2020;        46;      49.7;      39.7;      42.5;      41.5;      62.5;      65.2;      79.5;        65;        59;      55.4;      51.1;        57;     668.2;
      3588;1991-2020;        46;      60.5;      40.7;      48.8;      41.9;        75;        66;     100.2;      75.3;        64;      57.1;      51.6;      42.1;     723.4;
      3589;1991-2020;        46;      44.7;      36.3;      37.1;      35.4;      61.1;      59.1;      74.2;      61.8;        49;      51.2;      47.7;      54.8;     612.3;
      3590;1991-2020;        46;        50;        41;      41.9;      38.6;      63.8;      61.8;      76.3;      61.3;      52.7;      55.5;      54.9;      60.1;     657.9;
      3591;1991-2020;        45;        76;      74.2;      67.2;      46.4;        62;      68.9;      77.5;      73.6;      61.4;      58.1;      62.4;      80.2;     804.4;
      3592;1991-2020;        46;      74.1;      54.9;        51;      38.1;        48;      73.9;      79.5;      91.9;      91.5;     101.3;        81;      82.7;     867.8;
      3593;1991-2020;        46;      51.3;      39.3;      43.8;      39.6;      62.6;      58.6;      75.6;      61.1;      49.6;      51.2;      49.8;      51.2;     633.5;
      3594;1991-2020;        46;      49.1;      40.3;      42.6;      36.1;      63.1;      59.3;      68.6;      57.1;      48.7;      49.1;      50.5;      51.6;     616.2;
      3595;1991-2020;        46;      77.8;      67.9;      68.5;      51.2;      67.9;        72;      81.9;      72.1;        69;      70.4;      72.2;      90.7;     861.7;
      3596;1991-2020;        46;      55.2;      48.7;      59.1;      42.4;      65.8;      71.6;      87.3;      84.3;      61.9;      55.8;      56.9;      57.8;     746.8;
      3597;1991-2020;        46;      52.7;      42.7;      45.9;      38.3;      56.4;      57.8;      65.4;      59.1;      52.3;      50.6;      49.5;      58.1;       629;
      3598;1991-2020;        46;      43.7;      30.7;      38.6;      29.2;      55.1;      55.1;      61.9;      60.4;      45.9;      42.2;      40.5;      44.3;     547.5;
      3599;1991-2020;        46;      63.4;      49.1;      50.3;      43.6;      54.5;      62.9;      75.3;      57.1;        56;      61.3;      61.8;      69.9;     705.3;
      3600;1991-2020;        46;      50.8;      40.4;      50.9;        35;      62.1;      76.6;      81.3;      77.9;      54.9;      49.8;      47.8;      51.3;     678.8;
      3602;1991-2020;        43;        89;        72;        68;        51;        68;        70;        70;        74;        68;        71;        79;       103;       883;
      3604;1991-2020;        46;      59.1;      54.6;      59.3;      44.4;      72.8;      66.9;      80.5;      61.2;      58.6;      63.1;      60.8;        73;     754.2;
      3605;1991-2020;        45;      47.9;      34.8;      44.4;      43.6;      73.8;      71.1;      88.3;      79.6;      51.9;      52.6;      50.6;      52.3;     696.7;
      3606;1991-2020;        46;      52.7;      44.4;      54.3;      37.5;      60.8;      66.4;      88.1;      77.9;      59.7;      52.1;      54.8;        56;     704.6;
      3607;1991-2020;        46;      46.6;      38.9;      50.5;      42.4;      79.3;        90;      97.3;        82;      65.1;      52.8;      50.8;      52.9;     748.8;
      3608;1991-2020;        46;      44.8;      39.9;      51.6;      36.9;      63.1;      69.8;      85.4;      82.9;      60.4;      52.3;      51.2;      50.6;     688.9;
      3609;1991-2020;        46;      40.9;      30.1;      34.4;      25.1;      55.1;      50.7;      63.6;      55.2;      45.8;      41.9;      39.1;      42.2;     524.1;
      3610;1991-2020;        46;        86;      67.2;      68.4;      44.8;      63.2;      62.2;      80.9;      74.5;      67.1;      71.3;      70.9;      85.8;     842.2;
      3611;1991-2020;        46;      48.4;      36.1;      41.6;      26.8;      51.3;      54.4;      67.5;      56.6;      47.4;      41.4;      42.8;      46.2;     560.3;
      3612;1991-2020;        45;      67.6;      48.8;        50;      42.9;      52.9;        59;      77.8;      73.3;      56.8;      65.4;        57;      68.1;     725.1;
      3613;1991-2020;        46;      77.2;      60.1;        62;      46.6;      63.1;      66.3;      82.1;      75.8;      62.5;      70.1;        68;      77.9;     811.5;
      3614;1991-2020;        46;        81;      58.8;      64.9;      48.7;      73.2;      76.3;      91.8;      80.6;      70.7;      74.7;      72.9;        80;     873.7;
      3615;1991-2020;        46;      50.4;      41.2;      43.6;      34.9;      50.2;      72.6;      73.1;      75.2;      58.1;      58.8;        51;      54.6;     663.6;
      3617;1991-2020;        46;      55.3;      45.1;      52.4;      41.2;      75.6;        87;      84.9;      82.4;      58.8;        54;      53.2;      61.9;     751.7;
      3618;1991-2020;        46;      53.1;        43;      49.5;      39.1;      74.1;      85.7;      82.9;        80;      58.7;      51.8;      52.4;      59.3;     729.5;
      3620;1991-2020;        46;      55.5;      45.4;      55.4;      40.7;      64.8;      65.7;      90.3;      84.1;      60.9;      55.3;        59;      58.5;     735.6;
      3621;1991-2020;        45;      42.2;      31.4;      42.1;      34.3;      66.9;      74.7;      81.1;      71.6;      46.6;      47.6;      45.2;      50.5;     636.9;
      3622;1991-2020;        46;      58.7;      40.9;      47.3;      36.3;      59.2;        64;      77.2;      63.1;      53.7;      52.9;      51.7;      57.4;     662.6;
      3625;1991-2020;        43;       121;        94;        87;        54;        76;        73;        79;        81;        74;        93;       102;       143;      1077;
      3626;1991-2020;        46;     132.7;       102;      95.3;        59;      81.9;      76.7;      83.2;      81.5;      78.9;     100.1;     106.5;     154.8;    1152.6;
      3627;1991-2020;        46;      67.1;      51.7;      45.3;      35.3;      43.2;      60.7;      68.6;      82.8;      88.8;     102.4;      81.4;      80.6;     807.8;
      3628;1991-2020;        46;      68.6;      53.9;      51.4;      42.5;      53.3;      70.5;      88.5;      93.4;      89.2;        80;      79.8;      81.1;     852.3;
      3629;1991-2020;        46;      66.3;      53.4;      49.9;      41.1;      49.9;      63.6;      84.8;      89.7;      89.5;        79;      76.5;      77.8;     821.4;
      3630;1991-2020;        46;      65.8;      51.7;        51;      37.8;      51.7;      76.1;      84.8;      73.5;      71.4;      69.7;      66.8;        76;     776.2;
      3631;1991-2020;        45;      58.2;      45.2;      42.9;      36.4;      41.8;      61.2;      79.9;      89.1;      78.9;        77;      67.6;        69;     747.3;
      3632;1991-2020;        46;      66.8;      56.9;        54;        42;      60.2;        75;      84.4;      78.9;      68.4;        68;      63.2;      75.8;     793.7;
      3633;1991-2020;        46;      64.1;      51.9;        54;        39;      55.2;      69.4;      86.9;        79;      78.5;      64.4;      66.8;      72.4;     781.5;
      3635;1991-2020;        46;     107.7;      81.4;      81.8;      49.8;      77.6;      87.6;     104.2;      75.1;      78.4;      82.2;        88;     117.4;    1031.1;
      3636;1991-2020;        46;      52.3;      35.3;      44.1;        33;      57.8;      52.9;      72.4;      56.2;      47.8;        46;      50.9;      52.3;     600.9;
      3638;1991-2020;        46;      72.8;      61.2;        55;      41.4;      55.3;      85.8;      92.9;      91.6;      88.7;      88.9;      75.9;      83.7;     893.3;
      3640;1991-2020;        43;        73;        59;        58;        41;        56;        72;        83;        78;        73;        70;        68;        81;       812;
      3641;1991-2020;        46;        72;      61.5;      58.7;      45.4;        59;      68.9;      82.5;      76.1;      67.9;      68.4;        68;      76.7;     804.9;
      3642;1991-2020;        46;     109.5;      99.8;     104.2;      88.9;     126.7;     114.2;     130.6;     109.1;      92.5;     113.5;     116.9;       132;    1337.8;
      3643;1991-2020;        46;      91.4;      83.3;      87.9;      81.9;     123.7;     104.5;     123.1;       107;      87.2;     106.5;     103.7;     113.9;    1214.1;
      3644;1991-2020;        46;      54.7;      42.4;      46.4;      35.7;      59.3;      53.5;      70.1;      61.4;      51.8;      57.5;      49.8;      55.2;     637.9;
      3645;1991-2020;        46;      55.9;      41.1;      40.8;      32.6;      45.7;      65.1;      73.3;      84.1;      78.1;      79.5;      63.6;      64.4;     724.1;
      3646;1991-2020;        46;      47.6;      35.7;      34.3;      28.7;      37.7;      53.7;      69.4;      75.4;      67.6;      71.8;      58.3;      57.3;     637.5;
      3647;1991-2020;        46;      44.5;      51.2;        51;      61.7;      94.8;      95.1;     100.7;      81.2;      70.8;      72.6;      68.3;      51.7;     843.5;
      3648;1991-2020;        46;      76.5;      55.9;      51.1;      36.4;      53.4;      65.6;      81.3;      80.6;      70.2;      77.2;      67.8;      77.6;     793.5;
      3649;1991-2020;        46;      56.3;        41;      45.9;      37.5;      58.2;      61.4;      74.6;      63.7;      52.4;      55.3;      51.7;      55.5;     653.4;
      3650;1991-2020;        46;      59.7;      42.1;      48.7;      40.3;      64.8;      67.6;      79.2;      66.1;      55.9;      59.7;      57.6;      58.5;     700.3;
      3652;1991-2020;        46;      75.1;      56.9;      55.5;        40;      64.2;      76.5;      81.3;      81.1;      75.9;      80.8;      70.4;      89.8;     847.5;
      3654;1991-2020;        46;      51.9;      42.3;      44.6;      32.8;      48.4;        66;      66.6;      60.6;      51.6;      50.8;      45.4;      54.3;     615.4;
      3655;1991-2020;        46;      73.1;      53.9;      52.4;      37.7;      51.3;      69.9;      84.6;        83;      70.6;      81.6;      65.3;      75.1;     798.5;
      3656;1991-2020;        43;        86;        67;        64;        47;        57;        73;        84;        82;        71;        73;        78;        89;       871;
      3659;1991-2020;        46;      75.1;      63.7;        62;      49.6;      71.6;      73.8;      75.7;      78.7;      67.3;      68.7;      66.6;        83;     835.7;
      3660;1991-2020;        43;        62;        68;        52;        45;        64;        78;        69;        62;        57;        66;        55;        82;       760;
      3662;1991-2020;        46;      43.7;        37;      41.1;      33.2;      64.3;      63.8;      78.8;      65.1;      47.2;      50.9;      47.5;      50.2;     622.7;
      3663;1991-2020;        46;      45.3;      37.8;      42.7;      33.7;      63.5;        64;      74.9;      64.4;      48.9;      50.5;      49.2;      49.8;     624.7;
      3664;1991-2020;        46;      44.8;      36.1;      41.9;      32.7;      63.1;        63;      76.3;      63.2;      48.1;      49.6;      48.2;      49.6;     616.7;
      3665;1991-2020;        46;      50.7;      43.5;        49;        38;      66.8;      73.6;      81.5;      69.1;      55.1;      55.6;      54.5;      57.4;     694.7;
      3666;1991-2020;        46;      52.6;      42.6;      48.5;      39.4;      69.7;      75.5;      85.1;      69.6;      57.7;      55.1;      57.1;      55.4;     708.3;
      3667;1991-2020;        45;      59.4;      49.3;      52.4;      43.4;      72.4;      74.8;        86;      69.3;      58.3;      60.3;      60.2;      65.2;     752.7;
      3668;1991-2020;        45;        40;      32.8;      39.1;      32.9;      61.3;        64;      76.7;      59.5;      48.9;      49.4;      47.1;      48.8;     600.5;
      3669;1991-2020;        46;      50.8;      43.4;      49.2;      38.3;      65.6;      69.9;      82.4;      66.2;      53.7;      54.4;      54.3;      57.6;     685.7;
      3670;1991-2020;        43;        47;        39;        44;        35;        63;        64;        75;        63;        49;        52;        51;        53;       635;
      3671;1991-2020;        46;      47.6;        43;      51.3;      48.2;        89;      87.7;      99.5;      83.5;      60.1;      64.2;      58.3;        57;     789.3;
      3672;1991-2020;        46;      48.2;      42.5;      46.2;      40.8;      78.3;      77.9;        82;      71.9;      52.8;      58.3;      51.8;      57.6;     708.2;
      3673;1991-2020;        46;      67.2;      51.6;      52.1;      40.5;      53.8;      66.5;        74;      70.6;      56.2;      59.5;      58.6;      70.7;     721.4;
      3674;1991-2020;        46;      43.2;      32.1;      36.6;      30.6;      57.4;      56.5;      65.6;      57.4;        48;      40.3;      42.3;      44.4;     554.3;
      3675;1991-2020;        46;      40.7;      37.7;      39.8;      36.6;      55.9;      51.7;      62.5;      53.2;      47.1;      49.5;      48.7;      54.3;     577.6;
      3676;1991-2020;        46;      63.4;      59.2;        63;        52;      79.6;      71.4;      79.2;      74.5;      65.6;      68.7;      66.1;      79.8;     822.5;
      3677;1991-2020;        46;      84.7;      76.4;     103.7;      94.6;     156.6;     188.5;     183.8;     186.5;     120.3;      90.8;      87.7;      87.1;    1460.7;
      3678;1991-2020;        46;        88;      77.7;       108;     100.7;     157.7;     185.3;     185.7;     191.2;     121.1;      91.2;      90.8;      91.9;    1489.4;
      3679;1991-2020;        43;        86;        70;        98;        82;       126;       154;       158;       164;       113;        87;        85;        85;      1308;
      3680;1991-2020;        46;      58.4;      44.7;      49.4;      42.9;      67.1;      61.4;      75.2;      66.5;      56.2;      56.6;      57.7;      60.4;     696.5;
      3681;1991-2020;        46;      71.5;      57.2;      58.6;      44.9;      68.6;      69.6;      83.4;      63.3;      68.2;      64.6;      74.1;      79.9;       804;
      3682;1991-2020;        46;      55.1;      45.3;      57.2;      45.5;      95.9;     103.1;     114.3;     101.2;      75.6;      63.7;      56.2;      58.6;     871.6;
      3683;1991-2020;        46;      67.1;      56.5;      65.3;      48.1;      76.5;      81.5;      98.2;      90.3;      66.6;      63.4;      65.1;      68.5;     847.1;
      3684;1991-2020;        46;      42.7;      34.8;      44.3;      33.4;      56.9;      52.7;      73.3;      52.3;      47.7;      41.6;      48.1;      48.6;     576.5;
      3685;1991-2020;        46;      52.6;      46.2;      50.9;      38.1;        69;      65.1;      71.1;        62;      54.5;      60.8;      56.6;      61.6;     688.5;
      3686;1991-2020;        46;      88.4;      60.6;      62.8;      44.1;        64;      57.2;      73.8;      61.3;      59.1;      65.5;      73.8;      94.4;       805;
      3687;1991-2020;        46;        47;      37.9;      45.9;      45.4;      82.9;      86.5;      91.2;      91.7;      56.9;      57.2;      50.8;      53.5;       747;
      3688;1991-2020;        46;      73.2;      57.2;        62;      43.6;      68.4;      89.8;        96;      80.3;      69.1;      64.9;        66;      79.9;     850.1;
      3689;1991-2020;        46;      87.1;      78.9;      91.5;      84.3;     135.1;     147.9;     148.4;     139.7;     103.7;      88.2;      91.7;     100.4;      1297;
      3690;1991-2020;        46;     119.9;     107.6;     113.1;        94;     133.6;     115.6;     134.9;     111.4;      97.9;     119.9;       122;     143.4;    1413.4;
      3691;1991-2020;        46;      74.5;      64.6;      58.4;      45.8;      60.8;      69.2;      74.9;      85.6;      68.5;      67.9;      71.6;      81.7;     823.6;
      3692;1991-2020;        46;      76.6;      67.3;      60.2;      48.9;      64.3;      74.7;        81;      89.4;      69.5;      73.7;      75.6;      84.3;     865.5;
      3693;1991-2020;        46;      53.1;      40.1;      50.7;      43.4;      75.1;      78.2;      88.5;      83.4;      56.6;      56.3;      54.3;      59.3;     738.9;
      3694;1991-2020;        46;     135.3;     112.3;     113.7;      75.7;     101.3;      91.7;     129.4;        95;     112.6;     107.6;     122.6;     152.3;    1349.4;
      3695;1991-2020;        46;     150.7;     120.3;     117.9;      79.8;     105.2;      90.2;     128.5;      91.2;       110;     108.4;     131.5;     166.7;    1400.3;
      3696;1991-2020;        46;      83.5;      78.3;      82.8;      75.8;     114.2;     111.6;     116.1;        97;      88.7;      99.3;      98.7;       102;    1147.9;
      3697;1991-2020;        46;        71;      59.2;      70.3;      53.1;      88.3;      86.4;      96.6;      83.6;      64.2;      72.3;      70.9;      82.9;     898.7;
      3698;1991-2020;        46;      60.6;      48.1;      50.7;      39.3;      58.4;      72.9;      83.1;      75.8;      60.3;      59.1;      58.5;      67.7;     734.4;
      3700;1991-2020;        46;      86.4;      66.2;      66.1;      49.9;      75.7;      68.8;      85.2;      76.1;      66.4;      72.1;      75.3;      95.4;     883.6;
      3701;1991-2020;        46;        62;      52.1;      59.4;      43.6;      68.9;      73.9;      83.4;      82.3;      61.5;      59.8;      61.3;      67.9;     776.1;
      3703;1991-2020;        46;      59.3;      55.9;      57.2;      46.8;      71.9;        60;      72.4;      65.9;      53.7;      60.3;      63.1;      71.5;     737.8;
      3704;1991-2020;        43;        88;        77;        75;        61;        95;        72;        95;        81;        62;        75;        80;        98;       959;
      3705;1991-2020;        46;        91;      76.7;      77.6;      60.5;      93.7;        71;      95.8;      79.4;      60.8;      76.7;      81.2;     100.7;     965.3;
      3706;1991-2020;        46;      73.8;        61;      55.5;      37.9;      56.5;      78.2;      91.1;      88.1;      79.9;      82.1;      76.3;      83.1;     863.6;
      3707;1991-2020;        46;      76.4;      65.5;      79.9;      54.4;      96.5;        98;     116.1;     101.8;      72.2;      70.2;      67.4;      78.9;     977.2;
      3708;1991-2020;        46;      56.6;        58;      62.9;      47.1;      75.9;      66.3;      82.8;      67.1;      59.5;      71.9;      69.8;      79.6;     797.4;
      3709;1991-2020;        46;      33.8;      30.2;      40.6;        36;      65.3;      67.6;      82.9;      69.2;      53.9;      45.2;        46;      42.3;       613;
      3710;1991-2020;        43;        62;        58;        68;        72;       119;       138;       132;       131;        88;        74;        70;        71;      1083;
      3711;1991-2020;        46;      65.7;      58.1;      76.3;      70.6;     123.8;     140.8;     161.4;     146.5;      95.5;      78.2;      73.2;      70.7;    1160.9;
      3712;1991-2020;        46;      83.2;      61.1;      59.1;      52.5;      69.7;      74.4;      74.4;      73.9;      75.2;      78.3;      74.1;      94.8;     870.4;
      3713;1991-2020;        46;      84.6;      70.7;      74.8;      48.5;      89.1;      81.1;      94.6;      80.2;      62.8;      76.7;      77.6;      94.6;     935.3;
      3714;1991-2020;        46;     134.3;     121.8;     143.3;     115.4;     178.7;     189.6;     209.2;     209.1;     158.2;     135.6;     143.5;     161.4;    1900.2;
      3716;1991-2020;        46;     134.5;     134.3;     130.8;     124.7;     166.5;     137.4;     150.1;     136.1;     129.9;     145.2;     159.9;     183.1;    1732.4;
      3717;1991-2020;        46;     158.9;     143.9;     143.7;     125.4;     163.3;     138.1;     150.9;     137.5;     124.1;     155.7;     175.9;     197.6;      1815;
      3718;1991-2020;        46;     120.2;     109.9;     114.2;     105.3;     146.2;     122.3;     129.6;     120.5;       107;     128.6;     137.7;     153.8;    1495.3;
      3719;1991-2020;        46;     123.2;       103;     105.9;      99.7;     146.8;     116.7;     136.2;     121.2;     102.1;     125.4;     133.7;     147.5;    1461.3;
      3720;1991-2020;        46;      68.1;      64.8;      86.4;      68.1;     128.1;     141.5;     133.9;     131.8;      92.9;      76.6;      71.9;      74.9;    1138.9;
      3721;1991-2020;        46;      63.3;        52;      57.8;      43.3;      70.3;      67.8;      85.2;      60.9;      61.5;      64.1;      66.9;      75.6;     768.6;
      3722;1991-2020;        46;      54.9;      44.6;      57.7;      54.6;      97.3;     110.3;     110.5;     105.4;      72.5;      65.1;      57.8;      58.8;     889.4;
      3723;1991-2020;        46;        52;      41.5;      52.3;      39.5;      78.4;      86.8;      87.2;      82.4;      59.7;      54.1;      53.5;      58.7;     745.9;
      3724;1991-2020;        46;     101.6;      84.9;        86;      63.7;      86.4;      84.5;     110.6;      82.9;      90.8;      84.6;      97.9;     112.9;    1086.6;
      3725;1991-2020;        46;      73.3;        59;      57.2;      43.8;      64.4;      59.3;      76.2;        65;      54.5;        61;      61.2;      77.9;     752.8;
      3726;1991-2020;        46;      41.3;      32.6;      41.9;      32.4;      56.8;        52;      73.9;      53.2;      45.9;      41.5;      47.6;      49.3;     568.4;
      3728;1991-2020;        46;     146.2;     138.2;     173.3;     138.1;     216.2;     218.8;     235.3;     228.6;     181.6;     149.6;     160.6;     186.9;    2173.5;
      3729;1991-2020;        46;     125.7;     110.7;     140.8;     113.3;     180.7;     194.8;     210.2;     199.1;     154.4;     127.3;     133.1;     150.8;    1840.8;
      3730;1991-2020;        45;     114.1;      98.9;     126.1;     101.6;     156.6;     187.6;     198.1;     201.4;     145.3;     113.9;       111;     126.3;    1669.2;
      3731;1991-2020;        43;       125;       106;       139;       113;       169;       197;       226;       229;       159;       124;       117;       138;      1842;
      3732;1991-2020;        46;      49.5;      38.8;      47.5;      33.4;      51.9;      58.6;      74.6;      67.1;      54.4;      46.9;      50.2;      52.5;     625.3;
      3733;1991-2020;        46;      68.3;      59.1;      71.6;      53.9;      87.6;      82.9;       101;      79.2;      70.4;      78.2;      74.3;        82;     908.5;
      3734;1991-2020;        46;      57.6;      54.3;      62.1;      46.9;      78.3;      76.9;      83.8;      72.8;      60.6;      69.6;      64.3;      75.5;     802.6;
      3735;1991-2020;        46;      54.1;      44.8;      61.2;      48.9;      92.9;     102.8;     110.1;     101.6;      72.7;      62.6;      56.1;      57.7;     865.6;
      3736;1991-2020;        46;      68.1;      52.5;      51.5;      37.9;      63.1;      60.6;        79;      63.8;        56;      60.2;      61.3;      77.8;     731.6;
      3737;1991-2020;        46;      91.5;      71.8;      75.4;      47.2;      69.7;      80.7;      87.7;      70.6;      75.9;      77.5;      82.1;     103.8;     933.8;
      3738;1991-2020;        46;      73.3;      60.7;      54.2;      41.6;      60.7;      62.6;      74.8;      56.9;      58.6;      66.9;      70.2;      88.8;     769.2;
      3739;1991-2020;        45;      56.9;      41.8;      50.2;      39.6;      68.2;      82.9;      79.4;      75.8;      63.1;      58.3;      52.9;        64;     739.9;
      3740;1991-2020;        43;        52;        44;        52;        39;        65;        73;        90;        89;        56;        53;        50;        56;       719;
      3741;1991-2020;        46;      75.6;      62.4;      65.6;      53.7;      82.4;      72.4;      94.7;      78.9;      69.6;      65.8;      72.6;      84.2;     877.8;
      3742;1991-2020;        46;     121.9;      97.7;      93.3;      65.6;        99;      84.6;     103.4;      86.4;      83.9;     103.3;     111.8;     130.5;    1181.4;
      3743;1991-2020;        46;        50;      44.9;      45.6;      37.5;        55;      53.8;      64.4;      52.4;      44.7;      49.7;      48.3;      59.3;     605.6;
      3744;1991-2020;        46;      89.9;      68.2;      66.2;      54.4;      72.5;      80.2;      92.7;      76.8;      70.4;      76.1;      81.8;      90.8;       920;
      3745;1991-2020;        46;      81.2;      65.9;      77.9;      56.9;      85.5;      97.1;     108.5;      94.3;      88.1;      78.8;      84.8;      89.8;    1008.6;
      3746;1991-2020;        46;      76.2;      68.4;      90.4;      72.9;     131.5;     136.9;     143.7;     137.7;     101.8;      81.6;      78.1;      82.3;    1201.4;
      3747;1991-2020;        46;      58.2;      49.5;      54.8;      41.1;      73.3;      65.2;      74.5;      73.4;      56.6;      71.1;      63.5;        74;     755.3;
      3748;1991-2020;        46;      39.3;      34.6;        40;      31.3;      51.7;        54;      62.1;      53.9;        44;      45.1;      43.5;      45.5;       545;
      3749;1991-2020;        46;      42.2;      39.8;        43;      34.4;      56.2;      57.1;      67.9;      57.6;      48.5;      50.1;      46.2;      53.1;       596;
      3750;1991-2020;        46;      52.1;      42.5;      52.6;      64.7;     107.5;     120.4;     114.3;     110.1;      78.8;      67.1;      60.6;      59.6;     930.4;
      3751;1991-2020;        46;      57.5;      50.8;      63.8;      67.4;     108.5;     120.1;     123.5;     115.4;      81.5;      69.3;      66.5;      68.2;     992.4;
      3752;1991-2020;        46;     120.2;     103.1;     106.5;      60.2;      88.9;     100.9;     118.9;      98.9;      98.6;      92.2;     104.8;       127;    1220.3;
      3753;1991-2020;        46;      73.5;      59.6;      58.3;        41;      56.3;      69.5;      75.2;      73.9;      69.8;        66;      68.4;      76.2;     787.6;
      3754;1991-2020;        46;      93.1;      79.6;      75.2;      58.9;      74.7;      90.2;      98.8;      98.4;        83;      88.1;        88;     104.7;    1032.6;
      3755;1991-2020;        46;      43.4;      34.4;      40.5;      28.4;      52.5;      57.7;      76.8;      59.8;      47.4;      38.9;      37.5;        43;     560.2;
      3756;1991-2020;        46;      52.3;      38.7;      43.9;      34.2;        52;      56.4;        67;      58.5;      46.8;        47;      45.2;      50.8;     592.9;
      3757;1991-2020;        46;      50.3;      36.5;      40.4;      32.7;      49.1;      54.7;      70.6;        57;      45.7;      47.6;      43.9;      48.4;       577;
      3758;1991-2020;        46;      79.5;      59.2;      60.8;      48.2;      66.5;      69.7;      81.5;      71.3;      63.9;      67.7;      70.7;      79.4;     818.4;
      3759;1991-2020;        46;      67.8;      58.7;      69.2;      47.1;      73.9;      81.2;     105.2;      92.4;      72.8;      65.5;      67.7;      70.6;       872;
      3760;1991-2020;        46;     112.2;      94.7;       100;        63;      99.7;     112.9;     119.8;     110.6;      90.4;      87.1;      92.9;     121.7;      1205;
      3761;1991-2020;        45;      58.4;      53.2;      61.8;      46.9;      74.3;      66.8;      78.5;        72;      61.1;      69.4;      62.6;      75.5;     780.4;
      3762;1991-2020;        46;      76.7;      60.1;      59.8;        43;      56.6;      62.5;      81.7;      77.9;      67.4;      65.6;      68.8;      76.1;     796.2;
      3763;1991-2020;        46;      45.9;        41;      50.4;      40.4;      70.4;      85.6;      97.5;      96.5;      58.8;      54.2;        49;      49.1;     738.8;
      3764;1991-2020;        46;      44.3;        37;      45.7;      38.8;      63.2;      77.6;      83.8;      76.6;      61.3;      50.1;      50.4;      52.1;       681;
      3765;1991-2020;        46;      59.9;      46.8;        47;      37.3;      63.6;      66.2;      78.2;      58.9;      54.9;      56.5;      60.7;      69.7;     699.7;
      3766;1991-2020;        46;     107.2;      78.6;      77.7;      55.8;      73.6;      79.3;      99.2;      95.6;      89.9;      90.8;        96;     105.9;    1049.6;
      3767;1991-2020;        46;     103.4;      77.7;      74.4;      52.9;      70.1;      79.7;      92.5;      94.5;      85.6;      89.6;        90;     105.2;    1015.6;
      3768;1991-2020;        46;      74.9;      56.1;      50.9;      38.1;      55.4;      70.9;      84.3;      79.5;      72.1;      81.1;      67.4;      78.5;     809.2;
      3769;1991-2020;        46;      51.7;      49.7;      53.6;      44.2;      74.8;      69.3;      78.8;      62.3;      57.4;      63.3;        63;      69.2;     737.3;
      3770;1991-2020;        46;      49.4;      38.2;      39.8;      33.1;      51.3;        68;      64.8;      64.8;        51;      50.6;      44.2;      51.8;     606.9;
      3771;1991-2020;        46;      41.3;      35.3;      47.2;      38.6;      64.2;        66;      85.3;      70.7;      58.8;      49.7;      49.5;        49;     655.5;
      3772;1991-2020;        43;        50;        41;        49;        38;        70;        76;        81;        70;        53;        54;        52;        57;       691;
      3773;1991-2020;        46;        81;      62.9;      56.3;      41.1;      58.5;      75.6;      88.7;      93.4;      84.9;      91.3;      76.7;      88.2;     898.5;
      3774;1991-2020;        46;      72.1;      53.7;      53.5;      42.7;      57.9;      64.3;      76.7;      76.5;      64.7;      63.3;      63.7;      72.3;     761.4;
      3776;1991-2020;        46;      51.4;      44.3;      42.9;      39.9;      59.5;      64.3;      72.8;      59.9;      50.1;        54;      52.3;      58.3;     649.6;
      3777;1991-2020;        46;      55.9;      51.4;      57.9;        59;      94.7;        86;      89.5;      84.4;      64.9;        76;      68.1;      67.6;     855.3;
      3778;1991-2020;        46;      72.2;      54.7;      55.7;      44.3;      60.6;      65.1;      78.3;      68.7;      63.7;        62;        69;      68.1;     762.4;
      3779;1991-2020;        46;      48.1;      36.4;      43.3;      35.1;      48.7;      54.6;      66.1;      59.4;      51.7;      45.4;      51.1;      51.8;     591.6;
      3780;1991-2020;        46;      44.1;      34.9;      42.3;      28.8;      55.2;      57.4;      73.1;      62.2;      43.6;      40.7;        44;      42.1;     568.5;
      3781;1991-2020;        46;      68.6;      50.7;      46.6;      36.2;      46.2;      70.6;      82.4;      73.2;      63.2;      66.3;      60.4;      68.4;     732.8;
      3782;1991-2020;        46;      61.9;      60.1;      81.8;      86.9;     159.2;     180.2;     172.4;     174.4;       119;      83.8;      76.4;      65.6;    1321.7;
      3784;1991-2020;        46;      48.8;      46.5;      49.1;      40.1;      66.6;      66.4;      72.4;      59.3;      54.3;      58.3;      52.5;      58.7;       673;
      3785;1991-2020;        46;      74.9;      63.9;        74;      50.1;      85.4;      96.6;     104.8;        91;        72;      69.6;      69.9;      80.7;     932.9;
      3786;1991-2020;        46;      78.1;      56.3;        67;      49.7;      65.2;      69.6;      74.1;      75.9;      69.6;      65.3;        71;      75.3;     817.2;
      3787;1991-2020;        46;      71.9;      61.6;      70.3;      50.9;      77.9;      91.6;       114;      98.3;      71.8;      64.2;      69.1;      75.6;     917.3;
      3788;1991-2020;        46;      50.4;      44.5;      53.9;        39;        64;      80.1;        82;      83.1;      53.9;      51.1;        52;        54;     707.8;
      3789;1991-2020;        46;        83;      68.3;      60.2;      42.5;      60.3;      87.4;     100.2;      93.3;      87.7;      86.8;      79.9;        96;     945.7;
      3790;1991-2020;        46;      71.3;      54.6;      53.8;      40.6;      59.4;      69.7;      82.9;      72.4;      68.7;      64.8;      62.7;      76.9;       778;
      3791;1991-2020;        46;      71.8;      56.2;      53.6;      42.5;      55.3;      70.5;      83.7;      80.5;      71.2;      63.5;      63.7;      80.5;     792.9;
      3792;1991-2020;        46;      58.1;        48;      42.5;      33.1;        55;      67.3;      66.8;      78.3;      64.4;      59.1;      54.6;      60.8;       688;
      3793;1991-2020;        46;        67;      58.4;      54.6;      39.5;      56.3;      72.4;      79.8;        83;      58.8;      63.7;      62.2;      73.4;       769;
      3794;1991-2020;        46;      33.5;      28.8;      36.2;        30;      52.9;      50.4;      68.7;      53.2;        44;      35.2;      41.5;      40.1;     514.4;
      3795;1991-2020;        46;      72.1;      61.6;      58.2;      42.9;      58.2;      68.9;      79.6;      75.5;      66.8;      67.8;      65.6;      76.1;     793.1;
      3798;1991-2020;        46;       115;      91.3;        92;      65.3;      82.5;      86.1;      95.2;      92.5;      91.3;      88.8;     104.6;       117;    1121.6;
      3799;1991-2020;        46;     104.3;      97.1;     109.4;      96.3;     154.7;     170.5;     168.7;     165.1;     133.6;     109.9;     119.6;     131.4;    1560.5;
      3800;1991-2020;        46;      62.4;      51.7;        60;      38.9;      66.2;      78.9;      91.1;      88.4;      59.3;      56.6;      58.2;      64.5;     776.1;
      3801;1991-2020;        46;      32.5;      29.9;      33.3;      30.3;      53.7;      57.5;      64.6;      50.1;      43.2;      42.6;      41.2;      41.1;     519.9;
      3802;1991-2020;        46;     128.7;     114.7;     119.8;      94.6;     134.2;     118.3;     125.1;     104.9;      93.4;     119.5;     127.1;     156.3;    1436.6;
      3803;1991-2020;        46;        33;      33.2;      34.5;        32;        52;      52.4;      55.3;        52;      43.4;      45.1;      41.7;      45.5;       520;
      3804;1991-2020;        46;      52.2;      37.8;      43.8;      31.5;        57;      55.8;      75.6;      59.9;      52.5;        45;      50.6;      50.7;     612.5;
      3805;1991-2020;        46;      48.5;      36.9;        41;      30.3;      52.2;      61.1;      74.1;      59.1;        50;      43.7;      43.6;      46.3;     586.9;
      3806;1991-2020;        46;      47.1;      36.6;      39.9;      29.4;      51.7;      60.2;      72.4;      58.4;      49.4;      43.2;      41.8;        46;     576.2;
      3807;1991-2020;        46;      69.6;      59.8;      57.3;      46.2;      71.9;      64.4;      82.9;      71.9;      61.9;      66.5;      67.4;      80.4;     800.2;
      3808;1991-2020;        46;      31.5;      26.6;      34.8;      31.2;      59.8;      52.8;      72.5;        56;      47.3;      37.4;      40.7;      37.4;       528;
      3809;1991-2020;        46;      61.7;      51.5;      52.2;      48.2;      70.2;      72.8;      90.1;      73.7;      66.5;      66.3;        68;      73.1;     794.4;
      3810;1991-2020;        46;      56.9;        49;      57.7;      44.9;      83.4;        90;      94.6;        87;      65.1;      59.5;      56.9;      63.3;     808.2;
      3811;1991-2020;        45;      43.7;      32.2;      42.3;        32;      52.8;      53.4;      74.4;      63.9;      49.2;        43;      47.4;      44.3;     578.5;
      3812;1991-2020;        43;        40;        29;        38;        33;        58;        58;        67;        57;        45;        42;        40;        41;       548;
      3813;1991-2020;        46;      73.1;      55.5;      51.4;      38.4;      53.1;      68.9;      82.8;      79.7;      67.4;      76.6;      67.7;      75.1;     789.6;
      3815;1991-2020;        46;      84.7;      63.1;      60.4;      44.1;      57.5;      67.1;      82.1;      82.9;        67;      73.4;      69.9;      83.6;     835.8;
      3816;1991-2020;        46;      90.6;      70.2;      65.6;      48.2;      61.3;      72.2;      84.8;      85.8;      71.2;      78.5;        78;      93.4;     899.7;
      3817;1991-2020;        46;      81.6;      61.9;        59;      43.5;      56.7;      63.6;      79.6;        88;      67.1;      71.5;      68.9;      81.2;     822.5;
      3819;1991-2020;        46;      47.2;      36.4;        39;      28.6;        46;      55.8;      70.8;      56.4;      46.7;      45.7;      42.9;      45.4;     560.7;
      3820;1991-2020;        46;        76;      58.5;      57.5;      45.3;      52.4;      63.9;      75.3;      83.4;      61.1;      69.6;      61.7;      74.8;     779.4;
      3821;1991-2020;        43;        34;        31;        42;        35;        62;        60;        86;        68;        57;        41;        47;        42;       605;
      3822;1991-2020;        46;      33.3;      30.3;      42.2;        35;        61;      59.7;      83.8;      66.6;      55.2;        39;      46.2;      41.9;     594.3;
      3823;1991-2020;        46;      98.4;      74.9;      77.3;      51.2;      74.6;      68.7;      89.8;      77.8;      73.2;      82.9;        83;      94.1;     945.9;
      3824;1991-2020;        46;      38.4;      31.3;      38.7;      31.8;      59.5;      53.4;      72.9;      58.1;      47.5;      40.2;      43.4;      43.3;     558.5;
      3825;1991-2020;        46;      95.5;      76.3;      72.3;      49.9;      69.9;      64.6;      72.6;      68.9;        69;      78.6;      84.4;     116.8;     918.8;
      3826;1991-2020;        46;      61.1;      52.8;      61.7;        46;        78;      86.9;      99.7;      84.4;      62.2;      59.2;      60.7;      66.8;     819.5;
      3827;1991-2020;        46;      79.3;      61.2;        62;      46.7;      55.5;        74;      88.5;      77.5;      71.7;        69;      66.1;      84.5;     835.9;
      3828;1991-2020;        46;      69.3;      50.7;      55.4;      40.8;      67.2;      72.2;      83.6;      71.3;      64.1;      63.8;      62.6;      67.3;     768.1;
      3829;1991-2020;        46;      84.4;      58.3;      67.2;      50.6;      77.9;        79;      93.5;      84.6;      69.6;      74.4;      75.9;      83.3;     898.8;
      3830;1991-2020;        46;      76.4;      57.5;      62.2;      46.5;      71.3;      75.7;      87.7;      78.2;      70.5;      71.1;      70.2;      77.4;     844.6;
      3831;1991-2020;        46;     113.5;      79.6;      85.6;        62;      90.7;      91.2;     114.5;     105.7;      93.6;      96.7;     100.2;     110.9;    1144.2;
      3832;1991-2020;        46;      73.6;      57.4;      52.3;      40.2;      53.2;      76.5;      84.8;      94.5;      94.2;     100.8;      82.7;      84.1;     894.3;
      3833;1991-2020;        46;        75;      57.7;      55.7;        43;      55.8;      71.5;      96.6;      76.5;      68.9;      67.2;      68.3;      82.7;       819;
      3835;1991-2020;        46;      71.1;      68.6;      77.8;      79.3;     126.7;     139.1;     137.3;     132.6;      95.7;      77.2;      75.2;      76.3;    1156.8;
      3836;1991-2020;        43;        58;        42;        44;        34;        55;        51;        67;        53;        48;        49;        53;        66;       620;
      3837;1991-2020;        46;      47.6;        35;        44;      31.1;      49.1;      54.2;      72.3;      64.3;      51.4;      44.4;        48;      48.6;     589.9;
      3838;1991-2020;        46;      70.4;      56.9;      53.5;      40.9;      59.3;      70.1;      86.1;      79.1;      78.1;      67.8;      65.5;      76.4;       804;
      3839;1991-2020;        46;      55.2;      42.1;      50.6;      39.3;      58.8;      58.1;        73;      69.5;      55.5;      58.8;      48.8;      56.5;     666.2;
      3840;1991-2020;        46;      39.6;      34.5;      45.3;      39.2;      64.9;        69;      87.1;      69.6;      58.2;      46.5;      51.5;      48.8;     654.1;
      3841;1991-2020;        46;      40.3;        35;      41.6;      37.2;      65.1;      80.9;      87.5;      87.4;      51.5;        47;      41.7;      42.7;       658;
      3844;1991-2020;        46;      84.2;      64.8;      64.5;      48.6;      67.5;      68.8;      86.4;        75;      70.2;      77.2;      74.5;      85.6;     867.4;
      3846;1991-2020;        46;      77.5;      68.6;      85.3;      77.9;       136;     145.1;     154.8;       144;     108.8;      86.2;      80.5;      82.7;    1247.6;
      3847;1991-2020;        46;      67.5;      57.5;      53.9;      39.9;      57.5;      85.4;      92.2;        97;        85;      82.1;      71.5;      76.8;     866.2;
      3848;1991-2020;        46;      67.9;      52.5;      51.3;      43.1;      56.2;      68.1;      88.8;      77.9;      62.9;      60.6;      59.3;      70.7;     759.3;
      3849;1991-2020;        46;      55.2;      50.9;      66.3;      69.8;     117.2;     131.4;     132.5;     123.2;      87.2;      75.7;      70.5;      70.2;    1050.2;
      3850;1991-2020;        46;        52;      39.6;      44.7;      39.2;      66.3;      62.8;      77.7;      68.6;      55.6;      52.5;      53.3;      52.9;     665.2;
      3851;1991-2020;        46;     117.3;      91.3;      83.7;      56.8;      80.4;      73.1;      82.9;      79.9;      78.1;      93.8;     102.9;     136.5;    1076.6;
      3852;1991-2020;        46;      53.9;        43;      52.3;        37;      76.4;      86.7;      88.4;      82.3;        58;      52.9;      52.4;      58.4;     741.7;
      3853;1991-2020;        46;      65.7;      50.1;      51.1;      41.8;      49.7;      74.6;        83;      74.4;        71;        64;      61.4;      72.1;     758.9;
      3854;1991-2020;        46;      97.6;      80.4;      80.4;      58.7;      75.7;      94.3;      95.4;      96.1;      84.4;      87.1;        94;       109;    1053.1;
      3855;1991-2020;        43;        55;        49;        54;        59;        98;       103;       111;        96;        73;        67;        64;        70;       899;
      3856;1991-2020;        46;      91.7;      83.1;     106.8;      98.9;     167.7;     191.7;     203.2;       196;     140.5;       106;      97.6;     100.5;    1583.7;
      3857;1991-2020;        45;     103.1;      94.6;       111;       101;       162;     179.5;     194.1;     189.8;     137.5;     103.9;      97.9;     109.2;      1585;
      3858;1991-2020;        46;      72.3;      56.9;      57.4;      47.4;      63.2;      71.2;      90.3;      79.9;      69.4;      66.4;      68.2;      72.5;     815.2;
      3859;1991-2020;        46;      65.8;      52.8;      55.6;      43.8;      59.4;      66.8;      81.8;      77.7;        65;      64.9;      65.8;      69.9;     769.4;
      3860;1991-2020;        46;      71.3;      54.8;      56.8;      45.9;      63.5;      70.1;      87.1;      79.9;      67.8;      67.6;      68.6;      73.1;     806.4;
      3861;1991-2020;        46;      45.5;      34.9;      38.2;      27.7;      52.3;      58.2;      69.4;      55.4;      45.4;      42.7;      41.1;      42.1;     552.8;
      3862;1991-2020;        46;      42.1;      35.7;      47.6;      37.6;      64.7;      67.7;      80.3;      65.8;      56.6;      50.3;      51.8;      49.6;     649.6;
      3864;1991-2020;        46;      47.3;      38.9;      44.6;        38;        62;      55.9;      70.8;      57.7;      51.6;      44.1;      48.1;        51;       610;
      3865;1991-2020;        46;      41.8;      35.8;      41.9;      36.9;      62.7;      57.2;      76.6;      53.8;      52.2;      40.2;      44.4;      45.3;     588.6;
      3867;1991-2020;        46;      71.8;        56;      56.4;      44.4;        61;      76.2;      87.2;      81.8;      79.2;      68.8;      68.8;      76.4;     827.9;
      3869;1991-2020;        46;      42.5;      30.1;      33.8;      28.3;      54.3;      53.6;      69.4;      54.6;      46.8;      40.7;      37.1;      37.5;     528.5;
      3870;1991-2020;        46;      59.1;      46.8;      46.5;      36.4;      48.6;      65.2;      69.8;      64.9;        49;      48.9;      48.9;      58.3;     642.5;
      3871;1991-2020;        46;      39.3;      29.7;      33.8;      25.1;      54.5;      51.8;      62.6;      58.3;      51.2;      41.5;      37.7;      40.3;     525.8;
      3872;1991-2020;        46;      46.6;        34;      41.4;      30.4;      49.6;      63.9;      70.3;      50.4;      49.4;      45.8;      43.7;      45.9;     571.5;
      3874;1991-2020;        46;      56.3;      41.4;      43.4;      33.9;      49.6;      54.9;      75.8;        60;      48.2;      51.4;      47.5;      54.8;     617.2;
      3875;1991-2020;        45;      66.2;        53;      58.7;      44.4;      70.5;      80.2;      87.9;      81.6;      60.8;      60.4;      60.8;      72.9;     807.4;
      3876;1991-2020;        46;      82.2;      70.8;      66.4;        48;      70.2;      63.6;      80.5;      65.7;      63.9;        70;      74.7;      92.4;     848.6;
      3877;1991-2020;        46;      41.5;        32;      37.6;      28.6;      51.6;      56.5;        70;      60.6;      47.2;      42.6;      40.8;      39.2;     548.3;
      3878;1991-2020;        45;      70.7;      58.2;      70.2;      46.5;      82.9;      92.7;     102.3;      94.2;      69.5;        64;      62.8;      72.5;     885.3;
      3879;1991-2020;        46;      68.4;      57.5;      70.2;      48.1;      89.4;      97.4;     107.1;      92.8;      69.7;      65.2;      63.7;      71.4;     900.8;
      3880;1991-2020;        46;      58.1;      48.9;        47;      37.1;      52.7;        69;      76.2;      73.2;        63;      59.9;        54;        64;     703.2;
      3881;1991-2020;        46;      42.5;      30.5;      37.4;      28.1;      50.2;      56.5;      72.8;      55.8;      50.8;      38.4;      36.2;      38.7;     537.8;
      3882;1991-2020;        46;      44.5;      38.4;      46.7;      39.8;        68;      63.6;      83.4;      67.5;      52.7;      46.1;      51.2;      50.8;     652.7;
      3883;1991-2020;        46;      41.5;      35.7;      47.9;      40.7;      66.6;      68.9;      83.1;      73.5;      59.9;      49.6;      52.6;      48.2;     668.2;
      3884;1991-2020;        46;      42.4;      37.7;      48.4;      39.4;        65;      67.1;      81.8;      73.6;      57.3;        50;      52.6;      51.8;     667.1;
      3885;1991-2020;        46;        67;      49.8;      54.7;      40.2;      67.1;      70.1;      81.3;      75.3;      66.1;      62.6;      63.6;      73.2;     770.9;
      3886;1991-2020;        46;      78.3;      62.5;      64.9;      46.6;      70.3;      75.8;      83.7;      71.2;      68.7;      65.4;      69.6;      86.6;     843.6;
      3887;1991-2020;        46;      92.7;      72.9;      73.2;      48.6;      72.2;      78.5;      93.2;      73.7;      74.7;      74.3;      83.3;     105.3;     942.5;
      3888;1991-2020;        46;      74.1;      56.3;      60.8;      44.2;      67.2;        74;      86.7;      69.9;      67.7;        65;        69;        81;     815.8;
      3889;1991-2020;        46;      56.6;      44.9;      51.3;      34.6;      58.7;        71;      89.2;      73.7;      57.9;      50.1;      53.8;      52.3;     694.2;
      3890;1991-2020;        46;      56.9;      43.9;      47.5;      38.2;      57.2;      57.7;      72.4;      68.9;      56.2;      58.9;      54.1;      55.8;     667.6;
      3891;1991-2020;        46;      35.7;      27.7;      38.5;      30.6;        53;      54.2;      71.2;        54;      52.3;      35.6;      41.8;      39.4;     533.9;
      3892;1991-2020;        46;      60.5;      54.8;      69.6;      70.5;     124.7;     135.3;     137.8;     142.3;      92.8;      74.1;      67.2;      69.1;    1098.6;
      3893;1991-2020;        46;      42.4;      35.9;      39.6;        30;      50.8;      51.6;      85.9;      58.3;      46.2;      39.6;        41;      41.8;     563.4;
      3894;1991-2020;        46;        80;        68;        61;      51.2;      76.4;      73.5;      84.2;      72.4;      71.9;      74.6;      75.9;      93.6;     882.7;
      3895;1991-2020;        46;      64.5;        45;      44.9;      31.8;      39.4;        61;      81.5;      90.8;        82;      92.2;      74.8;      74.8;     782.7;
      3897;1991-2020;        43;        56;        46;        40;        32;        48;        67;        64;        71;        55;        56;        51;        60;       646;
      3898;1991-2020;        46;      74.9;      62.4;      65.6;      48.2;      77.9;      93.3;      96.5;      91.6;      70.6;      68.7;      64.5;      86.3;     900.5;
      3899;1991-2020;        46;      37.7;      28.7;      35.3;      26.8;      49.8;      56.8;      72.2;        53;      47.9;      41.5;        35;        35;     519.8;
      3900;1991-2020;        46;      62.5;      51.8;      54.7;        46;      75.3;      65.6;      90.5;      70.6;      60.4;      56.1;      63.2;      68.1;       765;
      3901;1991-2020;        46;      55.3;      42.8;      48.2;      37.8;      61.9;      79.8;      86.4;      72.2;      52.6;        53;      53.2;      59.9;       703;
      3902;1991-2020;        46;      44.8;      34.5;      40.1;      30.3;      48.9;      62.2;      68.2;      56.6;        48;      48.1;      41.1;        44;     566.7;
      3903;1991-2020;        46;      67.8;      53.5;      52.9;      45.8;      67.3;      63.1;      68.5;      57.3;      58.6;        67;      63.6;      81.1;     746.4;
      3904;1991-2020;        43;        65;        53;        50;        44;        66;        62;        64;        58;        58;        66;        63;        80;       729;
      3906;1991-2020;        46;        52;      40.8;      44.7;      31.3;      47.8;      59.2;      72.5;      62.5;      51.3;      49.8;      46.4;      50.2;     608.4;
      3907;1991-2020;        46;      93.3;      79.3;      84.7;      49.4;      88.2;       105;     103.3;        99;      73.2;      70.8;      74.8;      99.5;    1020.5;
      3908;1991-2020;        46;      55.2;      44.6;        46;        36;      47.3;      65.6;      74.5;      64.3;      51.9;      51.9;      50.5;      56.6;     644.3;
      3909;1991-2020;        46;      52.9;      46.4;      50.2;      39.1;      69.8;      76.3;      80.5;      64.4;      52.8;      60.2;      56.6;      60.9;     710.1;
      3910;1991-2020;        46;      43.1;      29.8;      40.5;      31.7;      61.5;      52.7;      80.5;      56.1;      57.4;      40.2;      46.5;      43.7;     583.6;
      3911;1991-2020;        46;      54.5;      43.1;      47.7;      42.3;      67.9;      60.6;      79.7;      61.7;      53.5;      58.8;      55.7;      60.1;     685.6;
      3912;1991-2020;        46;      55.9;      40.1;      55.4;      50.7;      87.9;        90;      97.7;      92.6;      67.1;        59;      56.5;      58.9;       812;
      3913;1991-2020;        46;      58.4;      45.1;      46.3;      39.3;      60.2;      60.9;      69.4;      68.3;        60;      60.7;      57.1;      58.8;     684.3;
      3914;1991-2020;        46;      52.9;      41.1;      42.4;      37.5;      57.4;      56.6;      69.1;      66.9;      56.8;        56;      48.5;        57;     642.2;
      3915;1991-2020;        46;      48.9;      36.8;      41.2;      32.4;      57.1;      54.8;      80.3;      63.4;      48.1;      43.7;      48.7;        48;     603.3;
      3916;1991-2020;        46;      50.1;      41.2;      41.2;      34.3;      48.9;      75.8;      71.7;      63.8;      57.2;      52.3;      49.3;      55.1;     640.9;
      3918;1991-2020;        46;      52.5;      49.2;      52.9;      41.6;      69.5;      63.6;      75.1;      67.9;      54.3;        64;      61.1;      67.3;     719.1;
      3919;1991-2020;        46;      54.1;      44.8;      58.5;      45.6;      84.8;      90.1;        98;      93.5;      66.1;      58.3;        54;      56.5;     804.1;
      3920;1991-2020;        46;      49.7;      43.3;      55.4;      46.5;      78.2;      87.9;      91.1;      89.5;      64.4;      62.8;      56.7;      57.4;     782.9;
      3922;1991-2020;        45;      53.7;      42.4;      50.8;      38.9;      69.9;      78.5;      85.9;      71.8;      53.5;      56.8;      54.7;      59.6;     716.6;
      3923;1991-2020;        46;      55.2;      53.2;      65.3;      66.8;     106.1;     126.9;     125.8;     121.3;        82;      71.8;      64.7;      64.2;    1003.4;
      3924;1991-2020;        46;      53.6;      51.7;      58.9;      46.3;      79.1;      69.1;      80.9;      76.8;      55.7;      63.9;      62.8;      67.5;     766.3;
      3925;1991-2020;        43;        63;        60;        63;        47;        83;        72;        85;        72;        65;        74;        69;        78;       831;
      3926;1991-2020;        46;     105.8;      94.9;       127;     102.8;     162.7;     182.5;     197.1;       196;     144.8;     110.4;     104.8;     119.2;    1647.9;
      3927;1991-2020;        45;      51.3;        45;      51.6;      59.7;      93.7;     101.8;     115.5;      93.1;      68.1;      58.2;        57;      61.7;     858.3;
      3928;1991-2020;        46;      43.5;      42.9;      46.2;      38.7;      69.2;      65.5;      72.3;      69.3;      54.4;      55.3;      52.9;      57.6;     667.7;
      3929;1991-2020;        46;      56.3;      50.5;      49.7;      41.4;      70.6;      63.8;      69.5;      53.5;      57.3;        63;      60.5;      71.2;     707.4;
      3930;1991-2020;        46;     124.2;     105.3;     111.3;      67.3;      98.4;       121;       125;     111.7;      85.9;      90.9;      93.8;     125.3;      1260;
      3931;1991-2020;        46;      55.2;      45.8;      51.3;      40.1;      64.6;      59.4;      76.4;      60.7;      54.8;      55.8;      57.5;      60.7;     682.3;
      3932;1991-2020;        46;      60.1;      47.1;      47.5;      38.5;      52.9;      62.9;      76.8;        70;      48.5;      52.9;      51.4;      59.4;       668;
      3933;1991-2020;        46;      56.4;      46.9;        47;      40.4;        60;      61.5;      62.9;      58.7;      56.4;      57.3;      52.8;      68.7;     669.1;
      3934;1991-2020;        46;        90;      73.3;      76.2;      50.8;      78.1;      88.5;      97.3;      86.1;      72.6;      73.6;      82.9;      94.4;     963.6;
      3935;1991-2020;        46;      68.9;      57.9;      56.2;      39.5;      57.7;        72;        89;      81.3;      68.4;      67.8;      64.7;      77.1;     800.6;
      3937;1991-2020;        46;      53.3;      40.5;      41.7;        33;      46.8;        61;      70.1;      59.7;      48.4;      49.1;      45.5;        50;     598.9;
      3938;1991-2020;        46;      53.3;      42.7;      46.4;      34.7;      54.1;      62.5;      86.4;      61.9;      50.2;      44.6;      47.5;      51.7;       636;
      3939;1991-2020;        43;        82;        73;        70;        53;        75;        74;        79;        72;        69;        78;        82;       105;       912;
      3940;1991-2020;        46;      40.9;      37.7;      43.1;      34.5;      61.1;      69.2;      80.4;      83.6;      48.2;      46.5;      44.4;      45.1;     634.8;
      3941;1991-2020;        46;      44.3;      39.6;      47.1;      38.8;      68.2;      84.9;      89.1;      84.4;      51.2;        46;        36;        44;     673.5;
      3943;1991-2020;        46;      52.5;      40.7;      43.5;      37.4;      53.7;      67.6;      68.1;        64;      54.4;      52.5;      47.3;      54.5;     636.3;
      3945;1991-2020;        46;      50.6;      38.5;      42.7;      32.3;      47.8;      61.6;      73.7;        61;      47.6;        48;      44.1;      49.9;     597.7;
      3946;1991-2020;        43;        36;        29;        38;        34;        58;        70;        81;        70;        56;        43;        42;        42;       599;
      3948;1991-2020;        46;      94.7;      75.5;      76.9;      50.2;        71;        77;      89.8;        71;      74.6;      74.3;      83.7;     104.8;     943.4;
      3949;1991-2020;        46;      47.6;      43.2;      50.1;      37.7;      70.6;      73.6;        81;        71;      54.2;        60;      56.5;      60.4;     705.7;
      3950;1991-2020;        46;      51.8;      41.3;      50.1;      38.3;      65.4;      73.7;      80.9;      66.8;      51.8;      52.6;      52.8;      56.5;     682.1;
      3951;1991-2020;        46;      59.6;      49.3;      61.1;      45.9;      70.6;      76.5;     102.1;      87.1;      68.2;      64.1;      64.6;      63.5;     812.7;
      3952;1991-2020;        46;     119.2;        94;      84.8;      56.9;      70.4;      71.8;      94.2;      92.9;      82.1;      85.4;      98.6;     122.2;    1072.5;
      3953;1991-2020;        46;      50.1;        42;      50.7;      46.8;      91.4;      89.3;      91.2;        81;      63.3;      63.3;        57;      55.7;     781.8;
      3954;1991-2020;        46;      68.4;      54.5;      50.7;      37.8;      53.6;      73.3;      77.6;      77.5;      62.2;      64.7;      61.5;      74.3;     756.2;
      3955;1991-2020;        46;      58.9;      49.4;        44;      37.1;      52.8;      69.8;      76.2;        75;      60.5;      62.4;      56.7;      66.6;     709.3;
      3956;1991-2020;        46;      68.6;      51.6;      55.6;      39.9;      69.4;        79;      88.4;      77.5;      63.1;      62.1;      64.4;      75.2;     794.7;
      3957;1991-2020;        46;      48.3;      40.3;      54.1;        43;      67.8;      73.2;      92.4;      72.7;      65.6;      53.5;      59.7;      55.6;     726.3;
      3958;1991-2020;        46;      57.9;      49.4;      61.7;      41.3;      69.7;      83.9;      97.4;      89.5;      65.7;      55.6;      55.3;      59.5;     786.9;
      3959;1991-2020;        46;      69.8;      57.3;      68.5;      48.3;      76.5;      85.4;     103.3;        96;      72.9;      62.8;      67.1;      71.8;     879.7;
      3960;1991-2020;        46;      56.4;      46.8;      60.4;      46.6;      86.8;        96;     104.5;      93.9;      71.6;      59.4;      54.3;      59.3;       836;
      3961;1991-2020;        46;      36.9;      26.6;      35.3;      28.4;      54.9;        53;      63.8;      55.2;      43.9;      37.7;      37.5;      40.1;     513.4;
      3962;1991-2020;        46;      50.2;      44.2;      52.3;      45.9;      84.1;      94.6;      96.7;      92.3;      62.7;      59.8;      56.5;      59.6;     798.9;
      3964;1991-2020;        46;      52.9;      41.8;      54.7;      46.7;      79.2;      83.5;      92.8;      84.7;      59.8;      58.2;      55.3;      59.2;     768.9;
      3965;1991-2020;        46;      45.4;      35.7;      37.6;      30.5;      51.6;      63.3;      66.4;      62.7;      51.3;      47.6;      43.6;      49.2;     584.8;
      3966;1991-2020;        46;      47.2;      38.1;      40.7;      38.5;        63;      61.9;      74.8;      60.9;      50.8;      53.8;      49.5;      54.5;     633.5;
      3967;1991-2020;        43;        50;        41;        47;        34;        58;        63;        91;        61;        48;        44;        44;        47;       628;
      3968;1991-2020;        46;      69.5;      52.8;      50.9;      40.7;      53.1;      67.9;      80.1;      67.2;      57.3;      63.5;      59.9;      70.4;     733.4;
      3969;1991-2020;        43;        45;        40;        41;        37;        55;        56;        60;        56;        50;        47;        45;        55;       587;
      3970;1991-2020;        46;      71.1;        58;      65.6;      43.6;      68.8;      81.8;      92.4;      90.5;        65;        64;        65;      73.2;     838.9;
      3971;1991-2020;        46;      85.3;      63.6;      64.1;      48.4;      61.6;      65.7;      79.4;      76.6;      68.7;      72.5;      70.3;      82.7;     838.9;
      3972;1991-2020;        46;      62.9;      51.3;      61.6;      45.1;      81.3;        82;      93.5;      87.3;      63.2;      62.8;      63.4;        73;     827.3;
      3973;1991-2020;        46;     142.8;     101.5;     110.3;      71.9;     100.6;        97;     127.5;     110.8;     109.3;       119;     122.7;     141.8;    1355.1;
      3974;1991-2020;        46;      80.8;      67.8;      74.5;      52.3;      78.3;      87.7;      90.3;      77.9;        74;      72.3;      76.6;      88.4;     920.9;
      3975;1991-2020;        45;      77.1;      66.8;      72.3;      49.9;      78.4;      81.3;      82.3;      79.4;      76.3;      70.7;        71;      82.8;       886;
      3976;1991-2020;        46;        59;      43.9;      43.4;      30.9;        50;      58.7;      68.6;      71.3;      57.6;      66.6;      55.4;      63.3;     668.6;
      3977;1991-2020;        46;      46.5;      36.7;      47.7;      34.6;      54.7;      64.5;      78.4;      61.2;      55.9;      47.4;      50.1;      49.1;     626.8;
      3978;1991-2020;        46;      83.2;      68.4;      72.8;      58.6;      84.8;      74.4;     101.3;      80.4;      74.5;      78.9;      79.3;      90.5;     947.1;
      3979;1991-2020;        46;      59.4;      49.4;      56.1;      41.6;      67.1;      83.6;      93.3;      87.5;      62.2;      57.9;      58.5;      61.8;     778.3;
      3980;1991-2020;        46;      73.2;      56.7;      57.8;      46.6;      62.1;      65.1;      80.4;      81.2;      65.5;      64.4;      66.6;      73.7;     793.1;
      3981;1991-2020;        43;        34;        29;        39;        32;        59;        56;        79;        61;        49;        38;        42;        38;       556;
      3982;1991-2020;        46;      53.7;      44.9;      52.4;      41.5;      62.7;        76;      88.4;        78;      66.4;      58.3;      56.6;      61.4;     740.4;
      3983;1991-2020;        46;      50.8;      45.2;        58;      43.8;      67.8;        71;     104.8;      90.8;      59.2;      53.8;      53.2;      53.9;     752.3;
      3984;1991-2020;        46;      53.2;      43.1;        54;      41.9;      77.3;      88.6;      90.9;      78.9;      61.6;      55.3;      53.1;      58.4;     756.2;
      3985;1991-2020;        46;      42.2;      35.7;      46.2;      36.1;      59.4;      68.8;      82.9;      67.6;      59.2;      47.5;      51.6;      47.5;     644.8;
      3986;1991-2020;        46;      46.2;      36.5;      39.2;      29.8;      52.5;      61.8;        80;      58.4;      47.3;      44.3;      43.2;        45;     584.1;
      3987;1991-2020;        45;      45.3;      36.1;      39.3;      29.2;      53.3;      60.8;      76.2;      59.2;      47.1;      42.8;      42.3;      46.1;     577.6;
      3988;1991-2020;        46;      48.1;      38.7;      40.9;      29.7;      53.7;      60.7;      76.5;      59.5;      47.5;      43.6;      44.3;      48.6;     591.8;
      3989;1991-2020;        46;      86.1;      66.6;      71.5;      49.5;      72.2;      83.2;      92.8;      76.9;        79;      70.5;      78.6;      96.4;     923.4;
      3990;1991-2020;        46;      45.5;      35.4;      39.6;      29.3;      50.6;      59.3;      70.7;      56.2;      51.6;      42.1;        40;      42.7;     562.9;
      3991;1991-2020;        46;      51.9;      42.3;      52.5;      45.5;      88.6;     100.9;     105.8;      99.3;      70.6;        62;      54.6;      60.2;     834.3;
      3992;1991-2020;        46;      48.1;      33.3;      40.4;      28.7;      49.4;        54;        72;      54.7;      48.4;      39.5;      45.1;      47.5;     561.1;
      3993;1991-2020;        46;      69.3;      57.1;      49.1;      37.2;      51.2;      75.4;      76.1;        78;      66.2;      68.7;      62.4;      76.4;     767.1;
      3995;1991-2020;        46;      39.5;      28.2;      36.8;      27.5;      51.8;      58.3;      70.8;      57.9;      48.6;      39.3;      36.6;      37.4;     532.8;
      3996;1991-2020;        46;      53.6;      42.4;      42.3;      35.2;      49.2;      62.3;      67.1;      72.6;      57.6;      58.1;      52.5;      54.5;     647.2;
      3998;1991-2020;        46;      61.8;      46.5;      52.4;      35.9;      67.4;      71.7;      75.1;      68.3;      61.7;      54.1;      57.9;      68.1;     720.9;
      3999;1991-2020;        46;      66.3;      51.1;      57.5;      39.3;        72;      76.8;      84.2;      72.3;      67.6;      64.6;      66.4;      76.2;     794.1;
      4000;1991-2020;        46;      99.9;      79.5;      78.5;      51.2;      72.4;        85;     105.1;      84.4;      82.5;      80.2;      90.5;     113.5;    1022.6;
      4001;1991-2020;        46;      99.4;      74.7;      74.8;      51.2;      76.3;        85;       100;      80.8;      77.1;      74.5;      86.7;     103.8;     984.2;
      4002;1991-2020;        46;     105.3;      77.6;      77.9;      51.3;        70;      79.5;      96.1;      75.6;      75.3;      76.5;      88.4;     114.7;     988.1;
      4003;1991-2020;        46;      67.1;      48.7;      47.7;        40;        50;      64.6;      68.7;      72.7;      58.7;      61.8;      57.7;      66.3;     703.8;
      4004;1991-2020;        46;      47.9;      40.1;      47.3;      39.3;      66.9;      66.3;      82.2;      58.6;      56.3;      55.8;      56.4;      57.3;     674.4;
      4005;1991-2020;        46;      77.8;      70.6;      95.8;      79.7;     141.5;     159.7;     163.2;     157.9;     114.1;      88.5;      81.9;      82.7;    1313.4;
      4006;1991-2020;        46;      46.7;      37.1;      42.6;      33.4;        55;        56;      84.3;      54.6;      50.9;      42.3;      43.7;      45.1;     591.7;
      4007;1991-2020;        46;      36.1;      31.6;      42.4;      37.6;      63.3;      58.6;      83.8;        67;      52.1;        42;      46.8;      44.6;     605.9;
      4008;1991-2020;        46;     125.4;      88.4;      83.9;      56.5;      80.6;      72.1;      82.6;      83.9;      76.7;      90.1;     108.6;     139.5;    1088.3;
      4009;1991-2020;        43;        77;        61;        55;        39;        57;        76;        91;        91;        80;        88;        75;        88;       878;
      4010;1991-2020;        46;      44.4;      34.5;      38.1;        27;      51.3;        57;        68;      55.5;        46;      41.4;      40.2;      42.1;     545.6;
      4011;1991-2020;        46;        31;      28.3;      40.1;      31.2;      56.5;      56.5;      80.2;      59.6;      50.9;        36;      42.8;      37.8;     550.8;
      4012;1991-2020;        46;      44.3;      32.5;      37.5;        25;        49;        59;      61.4;      58.8;      46.3;      43.5;      39.4;        42;     538.7;
      4013;1991-2020;        46;      53.7;      39.7;      43.6;      33.4;      47.5;      68.5;      71.3;      59.8;      49.8;      51.9;      47.5;      53.5;     620.1;
      4014;1991-2020;        46;      75.7;      65.5;      65.4;        56;      82.7;      79.5;     100.2;        79;      69.4;      74.4;      76.5;      84.4;     908.5;
      4015;1991-2020;        46;        33;        29;      39.7;      32.6;      57.6;        61;      73.9;      61.3;      52.2;      39.2;      43.2;      38.7;     561.6;
      4016;1991-2020;        46;      44.3;      36.5;        42;      34.4;      59.1;      62.3;      84.1;      55.2;      47.7;      49.8;      50.5;      54.5;     620.3;
      4017;1991-2020;        46;      83.4;      66.1;        67;      50.5;      67.8;      65.2;        76;      74.8;      72.9;      70.4;        74;      98.2;     866.3;
      4018;1991-2020;        46;      60.3;      49.7;      68.4;        59;     104.6;     109.2;     113.6;     106.2;      72.9;      67.9;        63;      67.5;     942.2;
      4019;1991-2020;        46;      74.2;      62.8;      58.9;        47;      70.3;      61.6;      72.5;      65.3;      66.9;      71.5;        76;      93.7;     820.7;
      4020;1991-2020;        46;      60.9;      54.4;      54.6;      44.5;      57.8;      70.5;      82.3;        76;      59.3;      63.2;      63.6;      72.3;     759.4;
      4021;1991-2020;        46;        63;      54.2;      71.3;      68.9;     120.2;     137.3;     134.7;     123.7;        84;      72.9;      67.5;      68.1;    1065.7;
      4022;1991-2020;        46;      97.5;      68.6;      73.7;      44.8;      69.3;        80;      87.1;      77.4;      77.6;      75.4;      82.2;     106.4;     940.1;
      4023;1991-2020;        46;      67.2;      52.7;      59.7;      44.7;      68.1;      74.3;      90.3;      88.8;      62.7;      62.5;      63.5;      68.5;     802.9;
      4024;1991-2020;        43;        51;        40;        42;        35;        49;        68;        67;        70;        59;        58;        52;        57;       648;
      4025;1991-2020;        46;      54.2;      40.8;      43.1;      31.6;      48.1;      65.4;      71.2;      61.9;      46.9;      49.7;      44.9;      52.1;     609.9;
      4027;1991-2020;        46;        63;      53.4;      58.6;      44.7;        76;      85.5;      95.9;      85.6;      63.4;        60;      65.7;        71;       823;
      4028;1991-2020;        46;      89.6;      70.1;      69.2;      48.7;      63.7;      70.5;      86.1;      79.3;      69.3;      77.9;      75.9;      91.2;     891.5;
      4030;1991-2020;        46;      54.7;      46.8;      45.7;      36.5;        54;      69.6;      73.1;        70;        58;      55.7;      51.9;      61.2;     677.2;
      4031;1991-2020;        46;      48.6;      41.6;      52.9;      42.9;      71.3;      74.6;        93;      77.1;      66.4;      55.4;      60.1;      60.9;     745.1;
      4032;1991-2020;        43;        34;        29;        36;        32;        58;        56;        68;        54;        47;        38;        38;        39;       529;
      4033;1991-2020;        46;      33.6;      30.2;      34.4;      32.8;      59.1;      58.7;      72.2;      56.4;      49.2;      37.4;      38.6;        41;     543.4;
      4034;1991-2020;        46;      40.2;      30.1;      37.7;        28;        57;      51.3;      73.7;        57;      49.6;      39.2;      42.5;      42.5;     548.9;
      4035;1991-2020;        46;        52;      37.7;      44.6;      35.4;      51.2;      56.5;      70.5;      59.1;      50.4;      48.7;      46.8;        51;     603.7;
      4036;1991-2020;        45;      34.3;      29.7;      38.7;      32.6;      56.6;      49.8;      69.6;      55.3;      47.4;      37.2;        41;      40.2;     532.3;
      4037;1991-2020;        46;        53;        42;      46.9;      37.3;      64.7;      52.1;      69.9;      54.4;      53.7;      48.1;      53.2;        55;     630.2;
      4038;1991-2020;        46;      73.3;      63.1;      58.8;      42.2;      64.8;      82.2;      89.4;      79.3;      69.3;      70.5;        70;        82;     844.9;
      4039;1991-2020;        43;        72;        60;        58;        41;        63;        79;        89;        81;        68;        69;        68;        79;       827;
      4040;1991-2020;        46;      95.6;      77.4;      74.6;      52.3;      79.6;      71.6;      78.5;      73.1;      68.7;      80.3;      93.2;     115.1;     959.9;
      4041;1991-2020;        46;      37.7;      31.6;      41.2;      36.5;      65.8;      65.7;      86.5;      69.3;      56.4;      45.5;      48.5;      44.8;     629.5;
      4042;1991-2020;        46;      59.4;      43.7;      48.7;      30.8;      53.9;      60.5;      75.9;      63.9;      55.2;      47.4;        52;      58.5;     649.9;
      4043;1991-2020;        46;      49.2;      42.6;      50.8;      40.2;        66;      71.3;      87.3;      78.6;      55.2;      52.5;      51.4;      49.8;     695.1;
      4044;1991-2020;        46;      64.4;      49.6;      52.2;      43.3;      71.6;        66;      77.3;      74.3;      57.8;      62.2;      60.4;      74.1;       753;
      4045;1991-2020;        46;      40.6;      32.3;      45.3;      38.4;      66.2;      63.4;      93.2;      74.6;      59.2;        47;      51.2;      48.9;     660.2;
      4046;1991-2020;        46;      59.3;      46.5;      48.2;      39.1;      54.5;      65.5;      80.8;      70.8;        54;      53.8;        51;      59.1;     682.5;
      4047;1991-2020;        43;        59;        48;        55;        42;        71;        75;        90;        88;        59;        58;        57;        60;       762;
      4048;1991-2020;        46;      47.4;      36.9;        45;      33.5;      58.1;      62.7;      79.1;      74.4;      50.8;      47.7;      48.2;      48.8;     632.6;
      4049;1991-2020;        46;      48.4;      35.7;      44.7;      34.7;      57.6;      64.3;      79.2;      75.6;      50.8;      47.5;      48.6;      49.1;     636.1;
      4050;1991-2020;        46;      39.8;      29.2;      38.3;      29.3;      59.2;      51.4;      78.7;      54.4;      52.7;      41.3;      44.5;      41.2;     560.1;
      4051;1991-2020;        46;     148.6;     116.4;     108.4;      69.3;        82;      91.9;     105.2;     110.6;     100.3;     112.3;     123.1;     157.1;    1325.3;
      4052;1991-2020;        46;      48.8;      36.1;        45;      31.2;      56.8;      54.8;      74.5;      55.5;      49.6;      40.3;      49.1;      49.6;     591.3;
      4053;1991-2020;        43;        49;        46;        45;        55;        88;        92;       100;        87;        65;        63;        56;        66;       812;
      4054;1991-2020;        46;      71.1;      60.8;      57.1;      41.7;      51.7;        66;      73.8;      70.9;      71.3;      68.2;      71.1;      80.2;     783.9;
      4055;1991-2020;        46;      47.6;      33.7;      40.5;      32.4;      50.5;      54.8;      65.5;      54.1;      44.3;      45.7;      42.5;      46.8;     558.3;
      4056;1991-2020;        46;      44.8;        37;      43.7;      28.4;      50.6;      62.6;      73.7;      62.1;      48.7;        45;        44;      46.4;     587.1;
      4059;1991-2020;        46;      43.6;      33.4;      37.9;      27.1;      52.6;      56.4;      73.5;      52.3;      43.9;      39.9;      39.5;      41.5;     541.5;
      4060;1991-2020;        46;      43.3;      35.7;      39.7;      30.9;      51.7;      53.5;      76.8;      59.7;      47.1;      38.4;      42.3;      43.7;     562.8;
      4061;1991-2020;        46;      43.6;      31.5;      39.9;      30.4;      57.8;      50.7;      70.6;      54.4;      49.2;      40.3;      44.8;      43.1;     556.3;
      4062;1991-2020;        46;      54.1;      42.1;      43.1;      37.7;      50.8;      59.5;      65.2;      68.4;      58.2;      60.1;      50.6;      57.3;       647;
      4063;1991-2020;        45;      59.2;      44.6;      45.8;      39.1;      51.8;      63.1;      66.8;      70.2;      56.6;      61.4;      53.5;      58.2;     668.1;
      4064;1991-2020;        46;      54.9;      39.9;      50.6;      46.2;      86.4;      85.8;      99.8;      87.7;      61.6;      59.1;      57.1;      64.5;     793.6;
      4065;1991-2020;        46;      43.9;      33.3;      44.3;      42.9;      79.3;      81.4;      90.2;      85.3;      59.3;      54.7;      49.5;      50.7;     714.8;
      4066;1991-2020;        46;      53.8;      48.4;      64.6;      64.5;     110.8;     127.9;     129.2;     125.6;      86.2;      71.4;      61.9;        59;    1003.4;
      4067;1991-2020;        46;      65.9;        52;      59.6;      40.5;      63.9;      72.5;      89.4;      80.6;        61;      57.8;      61.1;      68.5;     772.8;
      4068;1991-2020;        46;     111.4;      91.9;     128.2;      96.5;     178.2;     197.9;     217.1;       205;     159.7;     115.5;       103;     112.7;    1717.2;
      4069;1991-2020;        46;      55.2;      52.2;      51.7;      41.6;      66.8;      63.7;      66.2;      62.9;      52.7;      58.8;      52.2;      72.6;     696.5;
      4070;1991-2020;        46;      55.2;      45.9;      42.1;      33.9;      54.4;      67.3;      66.4;      71.6;      52.4;      53.4;      50.6;      55.7;     648.9;
      4071;1991-2020;        46;      50.3;      42.1;      42.8;      39.9;      66.4;      64.7;      76.6;      64.8;      55.8;      56.3;      51.9;      60.1;     671.6;
      4072;1991-2020;        46;      58.8;        50;      46.6;      31.8;        44;      52.3;        64;      79.8;      79.3;      86.8;      74.6;      74.5;     742.5;
      4074;1991-2020;        46;      68.9;        62;      65.1;      48.1;      76.3;        70;      81.9;      68.3;      63.9;      75.7;      69.5;      87.2;     836.8;
      4075;1991-2020;        46;        64;      51.4;      54.7;      47.4;      74.3;      65.2;      90.6;        71;      63.8;      60.5;      63.5;      69.1;     775.5;
      4076;1991-2020;        46;      31.1;      25.6;      36.4;      30.9;      53.1;      55.7;      77.8;      59.7;      49.6;      36.7;      40.6;      35.8;       533;
      4077;1991-2020;        46;        72;      64.2;      68.2;      55.2;      87.2;      82.7;      84.5;      78.3;        67;      79.1;      80.4;      88.2;       907;
      4078;1991-2020;        46;      78.3;      61.4;      57.9;      44.4;      56.7;      74.9;      86.8;      75.9;      77.1;      69.6;      68.6;      84.3;     835.9;
      4079;1991-2020;        46;      37.6;      30.8;      43.1;      35.4;      58.2;        56;        79;      58.3;      53.4;      42.3;        47;      45.7;     586.7;
      4080;1991-2020;        46;      40.4;      31.5;      36.3;      29.2;      49.1;        63;      68.4;      58.1;      47.5;      45.2;        41;      40.7;     550.2;
      4081;1991-2020;        46;      47.3;      35.3;        39;      27.4;      49.5;        57;      69.5;      62.5;      51.9;      45.7;      42.9;      46.8;     574.7;
      4082;1991-2020;        46;      69.2;      60.3;      54.3;      47.5;      62.9;      71.8;      77.8;      81.5;      62.9;      68.4;      70.2;      78.6;     805.4;
      4083;1991-2020;        46;      75.1;      53.9;      54.3;      39.3;      64.1;      68.1;      81.7;      62.4;      59.8;      59.2;      64.7;      82.2;       765;
      4084;1991-2020;        46;      45.4;      38.6;        43;      32.1;      52.7;      58.9;      86.2;      62.5;      46.7;        43;      41.5;      44.7;     595.3;
      4085;1991-2020;        46;      65.8;      51.9;      52.2;      40.6;      53.5;      67.9;      71.5;      73.8;      54.3;      57.9;      57.1;      67.2;     713.5;
      4086;1991-2020;        46;      60.4;      53.1;      77.3;      74.2;     132.8;     151.4;     150.8;       155;     108.7;      80.2;      72.1;      66.3;    1182.4;
      4087;1991-2020;        46;      66.1;        54;      54.8;      40.4;      65.9;        66;      83.9;      61.1;        64;      62.5;      68.2;      76.6;     763.5;
      4088;1991-2020;        46;      57.3;      53.8;      75.9;      63.4;     120.1;     134.1;     139.7;       135;      98.4;        73;      66.5;      64.8;    1081.9;
      4089;1991-2020;        46;        61;      47.9;      54.8;      41.1;      64.8;        74;      84.7;      79.7;      67.2;        59;      58.3;      67.9;     760.3;
      4090;1991-2020;        46;      39.8;      35.8;      37.4;      34.3;      55.1;      57.3;      61.3;        59;      46.8;      47.4;      44.9;      49.8;       569;
      4091;1991-2020;        46;     136.8;     106.4;     167.8;     115.7;     125.5;     169.6;     179.7;     175.3;     139.6;     103.5;     124.8;     129.7;    1674.5;
      4092;1991-2020;        46;      64.3;        43;      46.8;      40.6;      68.8;      60.4;      78.6;      69.7;      53.1;      58.9;      55.6;      68.5;     708.4;
      4093;1991-2020;        46;      65.5;      52.4;      51.3;      39.4;        51;      65.7;      84.6;      68.9;      63.9;      61.3;      55.1;      65.5;     724.7;
      4094;1991-2020;        45;      56.3;        49;      59.6;      61.4;     101.6;     110.8;       107;     100.9;      73.8;      65.2;      66.8;        74;     926.3;
      4096;1991-2020;        46;      67.1;      58.2;      63.9;      45.7;      67.3;      68.1;      77.4;      64.8;      56.6;      68.2;      66.2;      83.5;       787;
      4098;1991-2020;        46;      96.3;      81.4;      78.5;      52.3;      77.5;      64.9;      80.4;      69.2;      68.6;      78.6;      84.6;     112.9;     945.3;
      4099;1991-2020;        46;      58.5;      47.2;      51.6;        40;      60.4;      67.2;      81.3;        60;      58.5;      53.5;      59.6;      67.4;     705.3;
      4100;1991-2020;        46;      80.3;      70.1;      59.5;      47.1;      60.8;      74.5;      85.7;      85.1;      71.9;      76.8;      75.7;        89;     876.4;
      4101;1991-2020;        46;      57.4;      45.7;      45.3;      35.9;        49;        60;      73.9;      65.8;      46.1;      50.3;        49;      55.1;     633.5;
      4103;1991-2020;        46;      75.4;      63.8;      70.7;      43.8;      83.2;     101.7;     108.3;     105.1;      72.9;      68.8;      66.5;      84.6;     944.7;
      4104;1991-2020;        45;      48.3;      37.1;      43.6;      35.9;      60.2;        80;      76.9;      73.3;      49.9;        49;      48.1;      54.3;     660.1;
      4105;1991-2020;        46;      49.3;      37.8;        44;      37.7;      66.1;        77;      79.9;      71.6;        54;      54.2;      50.4;      55.3;     677.4;
      4106;1991-2020;        46;      45.8;      38.1;        42;      36.2;      65.7;      79.3;        83;      76.1;      52.3;      46.8;      47.1;      52.3;     664.8;
      4107;1991-2020;        46;      59.8;      47.9;      52.3;      40.7;      62.2;        74;      90.3;      80.6;      64.5;      58.2;        58;      64.1;     752.5;
      4108;1991-2020;        46;        40;      31.1;      33.8;      25.9;      54.5;      57.8;      71.9;      53.5;      45.3;      38.8;      40.4;      39.2;     532.1;
      4109;1991-2020;        46;      57.1;      44.8;      48.6;      38.6;      62.3;        70;      82.3;      81.3;      59.9;        55;      55.3;      61.6;     716.7;
      4110;1991-2020;        46;      46.1;      34.6;      41.3;        32;        51;      67.6;      73.6;      55.9;      47.3;        47;      42.8;      44.7;     583.9;
      4111;1991-2020;        46;     179.1;     122.6;     128.2;      74.9;      95.4;      97.1;     128.7;     107.1;     114.1;     129.9;     135.9;     167.7;    1480.8;
      4112;1991-2020;        43;        58;        45;        46;        39;        59;        60;        72;        71;        59;        60;        54;        61;       684;
      4114;1991-2020;        46;      45.5;      34.4;      39.8;      27.3;      51.1;      56.6;      72.7;      54.5;      43.5;      41.2;      40.5;      42.4;     549.4;
      4115;1991-2020;        46;      60.2;      49.3;      61.9;      48.8;      84.5;      92.7;     102.5;      94.3;      62.9;      63.1;      68.8;      72.3;     861.3;
      4116;1991-2020;        46;      73.7;      60.1;        55;      44.9;      63.4;      61.9;      67.4;      62.6;      61.5;      68.5;      70.5;      91.4;       781;
      4117;1991-2020;        46;      59.1;      48.9;      47.3;        37;      48.9;      67.6;      70.9;      68.6;      52.7;      55.9;      52.3;      61.8;     670.9;
      4118;1991-2020;        46;      84.6;      80.8;      77.3;      54.2;      81.7;      73.7;      78.8;      76.7;      68.8;      78.7;      84.8;     109.7;     949.7;
      4119;1991-2020;        46;        46;      36.1;      37.4;      34.7;      60.6;      59.3;      69.9;      53.2;      48.4;        50;      45.7;      53.4;     594.8;
      4120;1991-2020;        46;      71.7;      80.7;      79.8;      61.2;      84.9;      71.9;        83;      78.7;      70.8;      89.4;      82.9;      99.5;     954.6;
      4121;1991-2020;        46;        83;      76.9;      74.5;      51.8;      79.7;      71.8;      78.7;      76.9;      68.1;      76.9;      80.3;     100.1;     918.8;
      4122;1991-2020;        46;      80.9;      69.3;      73.6;      51.7;      69.7;      88.3;      94.3;      76.3;      72.6;        70;      77.5;      94.4;     918.6;
      4123;1991-2020;        46;      46.9;      41.1;      51.1;      39.2;      70.1;      75.1;      88.8;      77.8;      64.8;      55.5;      54.2;      54.6;     719.2;
      4125;1991-2020;        46;      97.1;      81.9;     121.2;      90.4;     145.8;     169.6;     174.5;     178.8;     136.1;      95.3;      97.2;     103.2;    1491.2;
      4126;1991-2020;        46;      60.8;      52.1;      69.6;      55.9;     102.7;     108.6;     114.4;     107.5;      78.5;      67.9;      62.4;      67.5;     947.9;
      4127;1991-2020;        45;       123;     102.8;      99.3;      63.4;      74.6;      86.5;     102.6;     106.6;        93;      93.4;     104.8;     133.4;    1173.4;
      4128;1991-2020;        46;      66.9;      55.8;      66.3;      46.3;      75.1;      82.8;     102.7;      94.1;      70.4;      61.5;      64.6;      69.4;       856;
      4129;1991-2020;        46;      43.9;      40.5;      43.3;      37.9;      67.4;      60.3;      69.9;        55;      54.8;      54.6;        56;      57.1;     640.7;
      4130;1991-2020;        46;      72.5;      56.9;      57.9;      44.1;      53.4;      74.3;      87.4;      78.4;        62;      62.2;      63.7;      74.9;     787.6;
      4131;1991-2020;        46;        45;      35.1;      44.2;      31.4;        56;      59.8;      78.4;      74.2;      49.3;      46.8;      46.8;      47.1;       614;
      4132;1991-2020;        46;      76.7;      55.4;      60.9;      43.7;      62.4;      66.4;      80.4;      69.2;      60.8;      65.3;      69.6;      75.5;     786.3;
      4133;1991-2020;        46;      65.5;      51.2;      61.3;      44.8;        70;      85.9;     104.7;      92.9;        65;      61.9;      63.1;        68;     834.3;
      4134;1991-2020;        46;      59.4;      57.6;      58.9;      45.1;      71.8;      59.8;      69.5;      66.4;        59;      63.4;        61;      73.4;     745.4;
      4135;1991-2020;        46;      53.4;        42;      49.4;      40.4;      67.8;      59.6;      73.5;      63.8;      56.2;      49.7;      52.9;        55;     663.6;
      4136;1991-2020;        46;      51.9;      44.7;      56.1;        38;      62.7;        67;      91.6;      78.1;      58.8;      53.8;      54.5;      56.1;     713.1;
      4137;1991-2020;        46;        33;      27.8;        39;      33.2;      56.1;      54.3;        74;      57.4;      49.8;      35.6;      39.8;      37.9;     537.8;
      4138;1991-2020;        46;      44.5;      31.9;      38.5;        27;        55;      53.3;      75.4;      56.7;      44.5;      38.5;      41.4;      41.7;     548.3;
      4139;1991-2020;        46;     114.7;      95.1;      86.2;      59.1;      79.9;      75.1;      85.6;      81.3;      83.7;      95.6;      99.8;     130.5;    1086.6;
      4140;1991-2020;        46;      30.4;      24.2;      32.1;        30;      56.6;      50.2;      63.5;      52.5;      43.8;      34.7;      34.9;      34.1;     487.2;
      4141;1991-2020;        46;      60.3;      47.5;      49.5;      38.3;      54.7;        72;      79.9;      65.7;      52.4;      54.2;      53.1;      58.8;     686.3;
      4142;1991-2020;        46;      91.4;      86.7;     105.4;      88.8;     147.5;     159.4;     164.9;     163.9;     117.6;      94.5;      92.6;      99.5;    1412.2;
      4143;1991-2020;        46;      54.8;        44;      57.9;      45.5;      86.8;      90.7;      95.6;      92.7;      66.4;      57.8;      53.2;      57.4;     802.8;
      4144;1991-2020;        46;      53.8;      45.1;      55.9;        44;      77.2;      87.6;      94.9;      83.8;      63.4;      53.7;      52.2;      56.7;     768.3;
      4145;1991-2020;        46;      62.2;      54.3;      67.4;        54;      97.6;     108.9;     108.1;     104.8;        74;      64.6;      58.4;        64;     918.3;
      4147;1991-2020;        46;      66.9;      52.3;      52.2;      42.4;      56.8;      72.1;      90.4;      80.3;      69.5;      65.9;      61.6;      72.2;     782.6;
      4148;1991-2020;        46;      39.9;      31.7;      35.2;      27.8;      54.8;      51.9;      81.1;      59.4;      42.5;      37.7;      36.3;      37.4;     535.8;
      4149;1991-2020;        46;      75.6;      61.1;      71.8;      53.6;      81.7;        98;     108.6;      97.8;      79.8;      69.9;      72.3;      79.6;     949.8;
      4150;1991-2020;        46;      80.2;      65.7;      63.3;      44.5;        54;      67.9;      82.8;      76.9;      69.4;      70.7;      74.1;      87.1;     836.7;
      4151;1991-2020;        46;      36.7;      33.4;      42.9;        36;      65.3;      66.7;      80.1;      67.4;      52.4;        42;      46.6;        45;     614.5;
      4152;1991-2020;        46;     128.4;     100.6;      98.1;      74.7;     103.5;        95;     106.3;      99.2;        83;     103.1;     112.2;     155.4;    1259.3;
      4153;1991-2020;        46;     149.4;     119.5;     109.5;      74.3;      85.8;     100.8;     115.5;     116.4;       108;       120;     132.1;     163.9;      1395;
      4154;1991-2020;        46;     147.1;     121.4;     107.7;        72;      85.3;      97.2;     109.1;     117.6;     104.4;     117.9;     131.5;     162.3;    1373.4;
      4155;1991-2020;        43;        44;        37;        44;        38;        78;        78;        82;        73;        53;        55;        53;        53;       688;
      4156;1991-2020;        46;      76.4;      60.3;      56.8;      43.2;      60.2;      73.2;      93.6;      90.2;      77.6;      81.9;      72.4;      85.2;       871;
      4158;1991-2020;        46;      58.7;      56.1;      58.5;      44.4;      64.4;        72;      82.9;        71;      68.4;      60.7;      63.9;      72.3;     773.4;
      4159;1991-2020;        46;      51.3;      37.9;        50;      42.2;      76.8;      73.5;      89.7;      77.3;      54.4;        56;      53.2;      57.7;     719.9;
      4160;1991-2020;        46;      44.1;      40.1;      47.5;      39.4;      79.8;        72;      80.1;      72.6;      55.9;        57;      53.5;      55.6;     697.4;
      4161;1991-2020;        46;        51;      41.4;      50.5;      42.4;      68.4;        72;      91.1;      75.1;      63.3;      54.5;      61.6;      58.4;     729.5;
      4162;1991-2020;        46;      44.9;      39.4;      37.3;      30.3;      46.4;      65.2;      64.6;      65.7;      53.7;      51.6;      45.9;      52.5;     597.5;
      4163;1991-2020;        46;      56.9;      41.9;      43.6;      32.8;      47.2;      66.9;      68.9;      65.1;      49.7;      52.5;      49.5;      57.3;     632.2;
      4164;1991-2020;        46;        69;      55.2;      61.3;      44.4;        79;      90.2;      92.7;      80.2;      62.7;      61.8;      59.2;      71.9;     827.6;
      4165;1991-2020;        46;     106.8;      97.9;       121;       103;     156.2;     195.2;     191.7;     194.8;     142.9;     110.5;     112.4;     125.8;    1658.2;
      4166;1991-2020;        46;      43.3;        39;      48.2;      48.8;      92.1;      87.7;        96;        87;      58.5;      60.4;      56.2;      53.1;     770.2;
      4167;1991-2020;        46;      61.2;      59.9;      54.3;      40.4;      60.6;      62.6;      67.8;        50;      52.8;      59.9;      60.1;      78.2;     707.7;
      4168;1991-2020;        46;        71;      55.7;      55.9;      40.5;      56.5;      66.2;      77.9;      75.9;      67.9;      64.5;      67.4;      72.2;     771.8;
      4169;1991-2020;        45;      57.9;      53.6;      58.6;      55.2;      88.5;      77.8;      84.7;      71.5;        66;      75.6;      73.1;      70.9;     833.4;
      4170;1991-2020;        46;      44.9;      42.5;      46.9;      39.6;      56.7;      67.9;        65;      74.2;      57.8;      50.1;        48;      51.8;     645.4;
      4171;1991-2020;        46;      66.6;      58.8;      53.4;      40.1;      58.4;        63;        75;      74.7;      63.2;      64.8;      69.3;      73.5;     760.8;
      4172;1991-2020;        46;      55.8;      48.4;      49.2;        41;      60.6;      64.3;      68.3;      56.4;      51.7;      56.1;      54.5;      64.8;     671.1;
      4173;1991-2020;        46;      69.9;      52.7;      53.4;      39.9;      53.3;      64.4;      78.3;      72.7;      65.6;      63.9;      63.7;      73.3;     751.3;
      4175;1991-2020;        45;      62.1;      62.6;      66.6;      71.3;      98.8;      91.4;     100.7;      96.3;      79.2;        86;      84.9;      95.2;    1003.3;
      4176;1991-2020;        46;      54.3;      40.1;      42.1;      31.1;      49.2;      71.2;      76.6;      61.1;      49.8;      50.2;      44.3;      53.4;     623.2;
      4177;1991-2020;        43;        60;        57;        56;        49;        81;        72;        81;        68;        61;        73;        69;        76;       803;
      4178;1991-2020;        46;      48.3;      37.9;      39.7;      28.1;      47.4;      58.6;      68.4;      62.1;      48.7;      45.6;      41.9;      44.1;     570.8;
      4179;1991-2020;        46;      70.9;      59.4;      58.3;      43.1;      61.6;      60.6;      59.3;      53.6;      55.6;      62.9;      66.5;      84.1;     735.9;
      4180;1991-2020;        46;     118.7;      95.6;      82.7;      56.9;      80.7;      75.5;     101.6;      79.2;      74.5;      85.7;        84;     103.5;    1038.6;
      4181;1991-2020;        46;     112.3;      84.9;      84.2;      57.9;      96.9;      79.5;     106.1;      87.9;      86.6;      97.1;      95.5;     120.6;    1109.3;
      4183;1991-2020;        46;      58.1;        42;      47.2;      37.7;      54.6;      57.4;      74.3;      65.8;      53.4;      54.6;        52;      57.5;     654.7;
      4184;1991-2020;        46;      54.7;      46.2;      44.9;      36.9;      51.2;      72.6;        71;        75;      57.3;      57.3;      51.7;      59.5;     678.4;
      4185;1991-2020;        46;      56.7;      44.2;      50.8;      38.3;      72.6;      77.8;      95.4;      78.6;      55.9;      53.8;      54.5;      60.6;     739.2;
      4186;1991-2020;        46;      47.4;      44.5;      49.2;      38.6;      61.5;        62;      75.3;      53.9;      53.6;      57.6;      52.6;        58;     654.2;
      4187;1991-2020;        46;      39.6;      32.3;      39.6;      35.4;      64.3;      56.5;      68.6;      50.1;      50.4;      39.9;      42.8;      42.3;     561.7;
      4188;1991-2020;        46;      65.7;      60.2;      82.6;      77.9;     139.4;     162.7;     162.6;     160.8;     113.5;      84.4;      76.7;      73.1;    1259.4;
      4189;1991-2020;        46;      39.8;      33.8;      40.4;      46.2;      81.1;      99.8;      92.9;      83.2;      57.5;      53.3;      46.8;        49;     723.9;
      4191;1991-2020;        46;      65.9;      56.7;      57.2;      59.7;      94.7;      90.2;      96.5;      90.2;      61.4;      68.9;      67.5;      78.5;     887.1;
      4192;1991-2020;        46;      35.2;      35.2;      35.4;      32.2;      57.1;      58.3;      60.5;      55.5;      47.1;      47.4;      45.2;      47.6;     556.6;
      4193;1991-2020;        46;      77.2;        65;      60.1;      48.4;      69.7;      61.9;      73.4;      69.4;      63.3;        70;      76.2;      95.7;     830.1;
      4194;1991-2020;        46;      45.6;      36.1;      44.4;      36.1;      67.2;      82.4;      88.3;      77.8;      57.6;      51.9;      49.7;      50.6;     687.7;
      4195;1991-2020;        46;      56.3;      48.7;      48.9;      61.2;      95.1;      85.8;      99.4;      82.9;        64;      65.3;      56.1;      64.3;     827.8;
      4196;1991-2020;        46;      85.7;        73;        65;      45.5;      65.3;      63.2;      75.7;      62.1;        59;      65.3;      72.4;      97.9;     829.9;
      4197;1991-2020;        46;      45.2;      32.9;      41.8;      29.6;      49.6;      55.5;      81.6;      65.6;      49.5;        43;      45.5;      44.4;     584.2;
      4198;1991-2020;        46;      69.9;      53.3;      56.7;      41.6;        57;      64.1;      80.9;      79.7;      69.8;        63;        67;      73.1;     776.1;
      4199;1991-2020;        46;      50.3;      39.2;      48.3;      30.8;      56.6;        72;        85;      76.1;      57.4;      45.5;      45.1;      48.4;     654.8;
      4200;1991-2020;        46;      41.5;      32.9;      36.2;      27.4;      49.6;      54.2;      67.7;      55.9;      44.7;      39.5;      39.4;      40.7;     529.6;
      4201;1991-2020;        46;       105;      91.5;     123.3;     101.2;     142.6;     155.7;     163.3;       174;     121.7;        92;      98.9;     108.2;    1477.6;
      4202;1991-2020;        46;        73;      69.2;      71.1;      53.7;      86.2;      78.2;      90.4;      81.8;      72.7;      78.1;      80.5;      86.2;       921;
      4203;1991-2020;        46;      58.2;      51.9;      62.7;      43.2;      89.2;     108.5;     107.8;     100.8;      70.4;      63.3;      56.8;      65.4;     878.1;
      4204;1991-2020;        46;      47.3;      40.4;      42.3;      36.6;      58.6;      56.9;      75.9;      55.3;      47.5;      49.4;      51.2;      59.6;       621;
      4205;1991-2020;        46;        53;      43.5;      46.8;        38;        64;      65.4;        76;      58.4;      50.4;        53;        56;      62.4;     666.9;
      4206;1991-2020;        46;      39.1;      30.9;      35.5;      27.6;        56;      53.2;        66;      55.8;      47.2;      40.8;      39.4;      40.5;     531.9;
      4207;1991-2020;        46;      63.8;      51.3;      56.4;      43.9;      70.5;        64;      87.9;      67.2;      57.9;      57.6;      64.8;      67.8;       753;
      4208;1991-2020;        46;      83.9;      63.2;        60;      51.5;      68.5;      71.3;      71.3;        76;      73.9;      75.2;      77.1;      96.5;     868.4;
      4209;1991-2020;        46;      26.9;      25.8;      34.3;      31.3;      60.7;      50.9;      71.4;      54.3;        44;      34.5;        41;      33.8;     508.9;
      4210;1991-2020;        46;      69.8;      52.5;      55.2;      45.5;      59.3;        64;        81;      83.4;      61.8;      64.8;      64.5;      68.8;     770.6;
      4211;1991-2020;        43;       165;       138;       138;        90;       126;       105;       126;       111;        92;       125;       142;       191;      1549;
      4212;1991-2020;        46;        60;      43.7;      45.7;      38.3;      62.4;      61.5;      77.3;      57.6;      53.3;      54.4;      55.2;      67.8;     677.1;
      4213;1991-2020;        46;      39.4;      30.4;      39.1;      33.1;      59.1;      53.5;      69.9;      54.5;      52.4;      38.8;      43.8;      41.9;       556;
      4214;1991-2020;        46;      91.6;        76;      85.3;      62.2;      91.1;     107.2;     121.8;     110.9;      90.3;      79.6;      84.7;      97.4;    1098.1;
      4215;1991-2020;        46;      35.3;      33.5;        40;      33.5;      62.7;        69;      84.4;      67.1;      58.5;      45.2;      45.9;      43.7;     618.8;
      4216;1991-2020;        46;      44.2;      31.8;      36.6;      26.9;      45.2;      58.4;      69.6;      55.9;      47.3;        43;      39.9;      42.2;     541.2;
      4217;1991-2020;        46;      52.5;      43.2;      53.2;        38;      63.9;      65.4;      84.9;      79.2;      62.6;      55.1;      56.7;      56.4;     711.2;
      4218;1991-2020;        46;      58.6;      45.5;      46.8;      39.3;        63;      63.1;      84.4;      58.5;      58.4;      53.5;      58.8;      68.3;     698.2;
      4219;1991-2020;        46;      58.8;      51.1;      51.1;      42.7;      64.2;      60.7;      67.7;      71.6;      57.5;      57.3;      54.1;      65.5;     702.2;
      4220;1991-2020;        46;      51.1;      44.5;      44.2;        38;      64.4;      57.3;      77.9;      61.8;      51.4;      55.4;      53.6;      59.4;       659;
      4221;1991-2020;        46;      68.6;      53.9;      55.9;        43;      62.5;      62.2;      76.7;      72.8;      58.2;      64.3;      63.2;      69.5;     750.7;
      4222;1991-2020;        46;        57;      49.8;      58.5;      46.8;      71.6;      87.7;      99.9;      86.2;      74.2;      62.4;      62.5;      63.1;     819.7;
      4223;1991-2020;        46;      49.4;      41.9;      48.2;      39.6;      68.9;      80.8;      86.1;      80.8;      58.4;      52.5;      48.7;      56.4;     711.6;
      4224;1991-2020;        46;        53;      50.4;      49.6;      42.7;      71.5;      84.2;      85.5;      80.7;      58.9;      56.1;      51.6;      59.8;     744.2;
      4226;1991-2020;        46;      50.5;      37.2;      43.2;      31.6;      49.4;      63.1;      69.3;      56.9;      44.6;      46.7;      42.4;      49.2;     584.2;
      4227;1991-2020;        46;      49.6;      38.4;      47.6;      34.7;      54.5;      56.5;      80.8;      64.3;      52.7;      44.4;        50;      50.9;     624.3;
      4228;1991-2020;        46;      70.4;      53.1;      52.8;      41.9;      69.1;      70.5;      90.1;        66;        64;      60.3;      65.9;      79.2;     783.5;
      4229;1991-2020;        46;      42.4;      33.2;        45;      35.1;      60.3;      60.9;      76.6;      59.5;      49.7;      46.1;      44.6;      44.4;     597.9;
      4230;1991-2020;        46;        55;      49.9;      50.9;      42.1;      65.5;      58.3;      70.1;      61.4;      53.3;      54.5;        56;        64;       681;
      4231;1991-2020;        46;      75.1;      59.1;      56.6;      43.9;      59.5;      75.3;        76;      79.3;      65.9;      69.4;      68.1;      77.1;     805.4;
      4232;1991-2020;        46;      66.4;      51.7;      51.8;      38.4;      50.3;      68.7;      77.8;      71.4;      54.6;      55.8;      54.7;      66.6;     708.3;
      4233;1991-2020;        46;      94.5;      73.3;      68.5;      52.7;      82.2;      70.1;        95;      81.8;      73.5;      82.2;      85.2;     106.5;     965.4;
      4234;1991-2020;        46;      47.6;      42.4;      54.7;      42.5;      94.1;      99.9;     112.3;      92.9;      66.6;      57.1;      52.5;      55.3;     817.9;
      4235;1991-2020;        46;      51.9;      42.2;      53.8;      48.7;      88.3;     104.7;     105.6;      96.9;      66.7;      57.8;      53.7;      55.5;     825.7;
      4236;1991-2020;        46;      87.7;      70.5;      78.1;      46.3;        84;      97.9;     104.2;      98.8;      70.7;        68;      72.6;      90.5;     969.2;
      4237;1991-2020;        46;      52.3;        40;      42.2;      35.5;      61.1;      52.6;      76.4;      55.2;      55.2;      47.5;      51.6;      58.6;     628.2;
      4238;1991-2020;        46;      63.8;      47.4;        50;      38.1;      51.9;        66;      75.4;      72.5;      53.6;      56.4;      53.4;      60.4;     688.9;
      4239;1991-2020;        46;      83.3;      70.2;        70;        54;      68.9;      90.3;      91.1;      92.7;      80.2;      78.3;        82;      90.1;     951.2;
      4240;1991-2020;        46;      93.4;      87.1;      77.9;      63.3;      77.7;      88.5;      93.2;      96.8;      85.7;      78.8;      85.7;     111.8;    1039.8;
      4241;1991-2020;        46;      96.3;        88;      82.3;      64.2;      77.3;      86.4;      94.3;      93.9;      84.3;        79;      86.3;     107.4;    1039.7;
      4242;1991-2020;        46;      39.5;        31;        42;      32.4;      57.5;      59.9;        80;      65.2;      50.5;      43.3;        46;        42;     589.3;
      4243;1991-2020;        46;      59.9;      48.9;      52.8;      40.3;      68.6;      73.6;      80.6;      69.2;        61;      59.5;      60.9;        67;     742.3;
      4244;1991-2020;        46;      64.9;      51.9;      56.5;      41.1;      68.4;      83.7;      84.4;        80;      64.2;      58.6;      54.2;      71.1;     778.9;
      4245;1991-2020;        46;      57.8;      46.5;      48.5;      38.2;      50.8;      65.7;      71.9;      73.7;      52.6;      55.6;      54.7;        62;     678.2;
      4246;1991-2020;        46;      44.6;      32.8;      37.3;      30.9;        53;      61.1;      68.2;        62;      45.7;      45.4;      42.1;      44.5;     567.4;
      4247;1991-2020;        46;      69.8;      51.9;      52.8;      45.9;      65.6;      69.1;      93.1;      70.1;      69.4;      64.8;      69.6;      77.9;     799.9;
      4248;1991-2020;        46;      48.2;      40.1;      45.8;      35.3;      68.8;      72.5;      74.2;      61.6;      49.6;      52.4;      51.7;      56.1;     656.1;
      4249;1991-2020;        46;        31;      26.7;      35.3;      32.8;      59.3;      56.8;      80.3;      61.9;      47.6;      40.1;      42.8;        37;     551.5;
      4251;1991-2020;        46;     186.7;     158.3;     189.3;     137.9;     204.7;     230.9;     256.1;     235.7;     177.8;     156.6;     159.9;       202;    2295.9;
      4252;1991-2020;        46;      35.6;      31.2;      41.3;      33.6;      62.5;      69.8;      82.9;      67.7;      60.6;        45;      47.8;        42;     619.9;
      4253;1991-2020;        46;      52.3;      43.7;      43.6;      41.2;      69.4;      60.2;      85.4;      68.3;      54.2;        58;      55.5;      62.8;     694.5;
      4254;1991-2020;        46;      54.3;      41.3;      48.7;      40.7;      69.8;      59.8;      82.4;      63.6;      48.7;      53.3;      55.8;      56.7;     675.2;
      4255;1991-2020;        46;      64.9;        51;        55;      43.2;      74.6;      73.3;        83;      73.5;      61.5;      59.9;      61.1;      63.1;     764.1;
      4256;1991-2020;        46;      48.1;      40.3;      37.5;      32.7;      57.1;      54.4;      61.1;      51.8;      46.8;      52.1;      50.1;      57.7;     589.7;
      4257;1991-2020;        46;      63.5;      47.5;      53.8;      37.9;      61.6;      61.6;        77;      63.7;      53.8;      56.2;      58.8;        63;     698.6;
      4258;1991-2020;        46;     160.8;     113.4;       122;        76;       108;     101.5;     134.9;     112.8;     120.8;     131.6;     134.2;     162.2;    1478.2;
      4259;1991-2020;        46;      65.7;      60.6;      61.4;      61.4;      97.7;      82.8;     100.8;        79;      61.6;      70.4;      68.1;        77;     886.6;
      4260;1991-2020;        46;      82.2;      63.7;      65.8;      47.7;      68.2;      78.6;        95;      81.5;      68.1;      69.6;      69.2;      84.4;     873.8;
      4261;1991-2020;        45;      55.6;      47.6;      68.9;      65.1;     120.3;     144.7;     140.5;     137.8;      93.5;      72.5;      63.1;      62.5;    1067.7;
      4262;1991-2020;        46;        47;      37.1;      39.7;      32.9;      52.1;      68.7;      74.7;      61.1;      48.3;      47.3;      41.6;      46.8;     597.2;
      4264;1991-2020;        46;      29.9;      26.7;      35.3;      31.6;      57.1;      54.7;      71.8;      58.1;      44.3;      34.5;      39.8;      36.4;     520.1;
      4265;1991-2020;        46;      59.1;      49.2;      54.3;      42.3;        68;      63.7;      73.3;        66;      54.4;      53.7;      58.8;      65.9;     708.6;
      4266;1991-2020;        46;     104.2;      88.8;      83.8;      58.9;      72.2;      83.3;      94.7;      91.5;      84.4;      91.8;      95.8;     117.2;    1066.7;
      4267;1991-2020;        43;        46;        31;        39;        29;        55;        52;        69;        56;        51;        39;        43;        47;       557;
      4268;1991-2020;        46;      43.9;      39.4;      44.2;        33;      66.3;        65;      72.9;      59.2;      49.4;      51.9;      49.1;      52.2;     626.6;
      4269;1991-2020;        46;      52.7;      44.1;      56.6;      37.8;      61.9;      68.4;      93.1;      78.1;      59.6;      53.3;      54.6;      55.4;     715.4;
      4270;1991-2020;        46;      51.8;      43.1;      42.1;      33.9;      48.9;      70.4;        71;        70;      56.7;      53.8;      49.1;      58.4;     649.2;
      4271;1991-2020;        45;      46.2;      38.2;      39.2;      34.2;      49.7;      67.8;      69.8;      68.5;      56.1;      48.1;      45.7;      50.9;     614.3;
      4272;1991-2020;        46;      65.8;      54.1;      73.1;      70.8;     117.5;     131.3;     122.6;     119.4;      86.4;      80.8;      75.6;      77.3;    1074.7;
      4274;1991-2020;        46;      64.7;      56.3;      61.2;      50.1;      70.7;      83.2;      95.4;      85.7;      76.7;      66.7;        67;      74.4;     851.9;
      4275;1991-2020;        45;      68.7;      53.3;      54.5;        40;      56.7;      62.2;      84.8;      74.1;      56.1;      65.5;      60.7;        71;     748.9;
      4276;1991-2020;        46;      54.5;      43.4;      50.5;      41.9;      66.9;      65.2;      80.5;      64.4;      56.6;      55.8;      59.2;      60.2;     699.1;
      4277;1991-2020;        43;        52;        39;        44;        38;        62;        58;        73;        58;        50;        49;        52;        53;       628;
      4278;1991-2020;        46;      50.3;      41.9;      48.7;      41.1;      71.9;      78.3;      90.1;      67.5;      54.3;      54.7;      54.8;      57.2;     710.7;
      4280;1991-2020;        43;        51;        42;        49;        40;        70;        77;        84;        70;        53;        54;        55;        57;       702;
      4282;1991-2020;        46;      42.2;      33.9;      38.1;      29.1;      51.2;      63.2;      73.2;      54.7;      47.2;      45.2;      43.5;      42.7;     564.1;
      4283;1991-2020;        46;     106.8;      93.6;      94.1;      61.1;      84.9;      72.4;      88.6;      79.5;      78.7;      89.2;      93.4;     127.6;    1069.9;
      4284;1991-2020;        46;      95.7;      84.5;      82.1;      57.6;      83.6;      64.7;      88.7;      77.3;      73.8;      83.2;      89.8;     110.1;       991;
      4285;1991-2020;        46;      94.5;      81.3;      78.7;      55.5;      75.1;      67.4;      81.3;      68.3;      67.9;        76;      86.2;       111;     943.2;
      4286;1991-2020;        46;      32.6;      24.7;      35.7;      26.5;      52.3;      47.3;      70.4;      49.1;      48.7;      35.6;      38.9;      34.5;     496.4;
      4287;1991-2020;        45;      53.7;        46;      50.7;      40.2;      63.9;        61;      66.5;      61.6;      51.2;        58;        54;      63.2;       670;
      4288;1991-2020;        45;      87.1;        66;      62.9;      44.4;        58;      74.5;      75.9;      77.2;        71;      72.9;      76.8;      87.6;     853.4;
      4290;1991-2020;        46;      40.6;      31.8;      37.1;      29.1;      49.4;      59.6;        72;      61.2;      49.2;      43.7;        41;      41.7;     556.2;
      4291;1991-2020;        46;     156.2;     107.5;       107;      62.8;      75.1;      79.3;     107.6;      70.9;        84;       103;     128.3;     166.4;    1248.2;
      4294;1991-2020;        46;      41.5;        37;      42.4;      44.4;      83.9;      79.2;      92.2;      77.6;        52;      57.8;      48.3;      51.9;     708.2;
      4295;1991-2020;        46;      49.4;      43.7;      49.1;      47.6;      86.5;      77.4;      89.3;      74.2;      53.4;      60.2;        54;      58.3;       743;
      4296;1991-2020;        46;      56.4;      46.8;      56.8;      46.2;      77.9;      87.3;      91.2;      84.3;      61.1;      60.7;      57.3;        61;       787;
      4297;1991-2020;        46;      57.5;      47.3;      59.2;      46.4;      80.6;      87.1;      90.2;        83;      62.2;      61.4;      57.9;      62.7;     795.6;
      4298;1991-2020;        46;        54;      43.5;      59.7;      45.6;      85.9;      96.5;       104;      93.7;        72;      61.7;      55.1;      56.6;     828.2;
      4299;1991-2020;        46;      61.5;      43.8;      50.1;      36.5;        61;      51.3;      71.7;      53.2;        53;      50.2;      56.3;      59.7;     648.4;
      4300;1991-2020;        45;      55.9;      50.2;      56.2;      52.6;      92.2;      79.8;      89.8;      82.7;      57.7;      63.1;      61.4;      66.9;     806.5;
      4301;1991-2020;        45;      39.4;      37.5;        36;      33.4;      50.7;      51.1;      56.5;      50.8;        43;        48;      42.1;      50.3;     537.6;
      4302;1991-2020;        46;      69.2;      57.9;      72.1;      54.9;      92.6;      88.3;      98.3;      82.6;      67.9;      75.4;      75.3;      82.8;     917.1;
      4303;1991-2020;        46;      84.7;      66.7;      74.4;      47.9;      86.1;      93.5;     107.9;      91.4;      70.4;      67.5;      69.7;      83.7;     943.9;
      4304;1991-2020;        46;      33.6;      30.3;      40.5;        36;      64.1;        61;      75.6;      65.6;      50.4;      39.6;      44.4;      42.3;     583.3;
      4305;1991-2020;        46;        77;      57.5;      67.6;      46.5;      71.4;      58.9;      75.8;      67.4;      62.1;        62;      65.6;      78.7;     790.5;
      4306;1991-2020;        46;      42.2;      36.5;      38.3;      33.1;      51.5;      52.2;      57.6;      48.3;      43.7;      45.8;      47.2;      53.2;     549.5;
      4307;1991-2020;        46;      44.9;      37.3;      39.9;      34.1;        54;      53.6;      57.1;      50.5;      41.3;      44.2;      45.8;      53.6;     556.3;
      4308;1991-2020;        46;      43.2;      38.4;      42.3;      38.3;      57.5;      58.7;      62.9;      58.6;      48.5;        49;      47.3;      53.4;     598.2;
      4309;1991-2020;        46;        57;      43.5;      46.6;      32.3;      57.7;      60.8;      80.7;      55.5;      50.2;      45.4;      46.4;      53.2;     629.3;
      4310;1991-2020;        46;      48.6;      43.4;      44.7;        40;        65;      59.4;      62.8;      49.1;      49.2;      54.2;      55.6;        64;     635.7;
      4311;1991-2020;        46;      52.6;      45.1;      53.6;      36.4;      63.3;      69.5;      81.3;      73.4;      59.7;      51.9;      54.2;      55.1;     695.9;
      4313;1991-2020;        46;        84;      68.4;      72.4;        54;      71.4;      78.1;      90.9;      88.9;      74.2;      73.5;      79.1;      82.9;     917.7;
      4314;1991-2020;        46;      55.4;      47.1;      44.5;        35;      50.4;        72;      71.1;      72.8;      52.3;      53.7;      49.5;      60.4;     664.2;
      4315;1991-2020;        43;       185;       158;       163;       110;       158;       136;       169;       137;       130;       168;       172;       214;      1900;
      4316;1991-2020;        46;      71.8;      60.3;        66;      52.7;      80.6;      76.7;      99.5;      76.1;      74.2;      70.5;      75.3;      80.3;     884.1;
      4317;1991-2020;        46;        52;      40.4;        48;      31.4;      55.8;      62.6;      82.8;      68.6;      52.4;      48.7;      50.3;      51.9;     644.9;
      4319;1991-2020;        46;     181.3;       150;     202.3;     134.9;     208.7;     219.1;     230.5;     222.4;     183.7;     146.7;     159.9;     186.8;    2226.2;
      4320;1991-2020;        46;        76;      61.4;      56.3;      39.8;      56.8;      73.7;      85.7;      79.5;      68.6;      71.3;        67;      81.5;     817.6;
      4321;1991-2020;        46;      58.6;      50.9;      54.4;      41.7;      61.6;      64.2;      76.8;      62.5;      57.2;      62.9;      61.1;        72;     723.9;
      4322;1991-2020;        46;      59.3;      47.8;      54.5;      44.8;        67;      70.1;      93.7;      73.4;      63.6;      59.1;      62.6;      68.1;     763.9;
      4323;1991-2020;        45;      51.5;      48.4;      46.3;      40.1;      65.6;      55.3;      69.4;      63.6;      51.6;      58.2;        55;      67.9;     673.1;
      4324;1991-2020;        46;      96.5;      78.8;      77.4;      58.7;      76.4;      87.7;      90.6;      92.4;      80.1;      83.1;        90;     105.8;    1017.5;
      4325;1991-2020;        46;     105.2;      84.6;      83.1;      56.9;      72.4;      86.5;      91.1;        93;      84.2;      87.1;        93;       114;      1051;
      4326;1991-2020;        46;      96.6;      79.9;      79.6;      57.1;        73;      85.4;      87.2;      91.3;      79.6;      84.3;      90.3;     106.8;    1011.1;
      4327;1991-2020;        46;     135.3;     120.9;     127.3;      76.4;     121.5;     135.6;     143.9;       129;     104.4;     107.7;     110.1;       152;    1464.1;
      4328;1991-2020;        46;      40.2;      45.8;      49.5;      55.3;      92.3;        80;      94.7;      79.7;      63.5;      69.5;      58.6;      53.6;     782.6;
      4329;1991-2020;        46;        56;      43.3;      44.5;        33;      50.6;      63.8;      68.6;      56.7;      49.5;      47.8;      46.9;      53.8;     614.5;
      4330;1991-2020;        46;      46.7;      37.5;      50.1;      38.4;      74.8;      71.8;      77.7;      64.4;        57;        56;      53.3;      53.2;     680.9;
      4332;1991-2020;        46;        29;      26.6;      37.2;      33.7;      60.5;      59.4;      73.1;      62.4;      47.3;      37.5;      40.8;      36.4;     543.8;
      4333;1991-2020;        43;        40;        34;        45;        36;        64;        69;        80;        68;        58;        47;        51;        47;       639;
      4334;1991-2020;        46;      71.1;      58.7;      57.7;      46.8;      67.1;      55.4;      74.7;      63.4;      61.5;      69.5;      69.2;        94;     789.1;
      4336;1991-2020;        45;      76.2;      65.2;      65.1;        50;      73.3;      63.5;      75.3;      71.1;      66.5;      74.1;      80.7;      99.9;       861;
      4337;1991-2020;        46;      98.9;      80.3;      79.3;      60.3;      94.8;      72.5;      81.8;      86.4;      78.5;        87;      96.6;       125;    1041.2;
      4339;1991-2020;        46;      74.5;      62.3;      60.2;      47.6;      72.1;      59.1;      67.2;      67.8;      62.8;      70.9;      74.7;      96.1;     815.2;
      4341;1991-2020;        46;      74.5;      62.8;      55.6;      47.6;      67.3;        67;      70.1;      60.9;      65.2;      70.8;      69.4;      89.6;     800.8;
      4342;1991-2020;        46;     111.9;        83;        86;        60;      78.1;      81.6;     109.1;      84.3;      90.7;      84.8;      98.3;     124.2;    1091.9;
      4344;1991-2020;        46;      65.9;      54.2;      51.8;      42.5;      61.1;      57.1;      63.5;      56.1;        56;      60.1;      64.5;      84.5;     717.3;
      4346;1991-2020;        46;      46.4;      36.9;      43.9;      29.7;      54.1;        57;      76.6;      56.8;      48.6;      42.9;      41.9;      45.4;     580.2;
      4347;1991-2020;        46;     107.2;      74.5;      77.2;      50.3;      74.8;      69.2;      90.3;        71;      68.7;      81.8;      91.1;     105.1;     961.2;
      4348;1991-2020;        46;      36.1;      24.3;        32;      25.9;      56.9;      48.7;        72;      51.3;      47.9;      36.9;      37.9;      37.8;     507.8;
      4349;1991-2020;        45;      50.9;      44.2;      50.4;      37.2;      74.3;      76.4;      81.1;      70.4;      54.6;      61.7;      57.5;      61.6;     720.3;
      4351;1991-2020;        43;        82;        70;        75;        80;       105;       100;        98;        97;        78;        91;        92;       105;      1073;
      4352;1991-2020;        46;        47;      38.3;      41.2;      30.9;      46.7;      64.4;      60.7;      66.8;      58.3;      57.1;      51.7;      52.9;     616.2;
      4354;1991-2020;        45;     102.6;      88.4;      98.7;      56.3;      91.5;      99.2;     105.4;      97.7;      78.4;      78.9;      87.4;     108.7;    1102.5;
      4355;1991-2020;        46;     108.3;      90.4;      98.6;      56.5;      97.4;       105;     113.5;     104.5;        81;      80.3;      88.1;     114.3;      1138;
      4356;1991-2020;        46;      50.9;      46.8;      55.9;      57.1;     101.3;     117.8;     121.2;     109.6;      74.3;      65.3;      59.3;      58.5;     917.7;
      4357;1991-2020;        46;      50.2;        39;      47.1;      32.6;      55.1;        58;      77.7;      61.4;      49.8;      45.6;      47.4;      48.3;     612.3;
      4358;1991-2020;        46;       121;     110.2;     106.3;     105.9;     133.5;     120.6;     118.5;     120.5;     106.9;       133;     135.8;     160.2;    1472.4;
      4359;1991-2020;        46;        63;      50.6;      55.4;      42.9;      62.4;      57.7;      71.5;        65;      54.8;      62.5;      54.5;      64.9;     705.3;
      4360;1991-2020;        46;      42.4;      31.2;      39.8;      30.3;      60.4;      51.6;      73.2;      56.8;        50;      41.2;      45.1;        43;       565;
      4361;1991-2020;        46;        57;      41.9;      53.5;      36.9;      60.9;      61.3;      74.4;      71.7;      56.2;      56.2;        53;      55.7;     678.9;
      4362;1991-2020;        46;      60.9;      45.3;        51;      40.8;      63.9;      61.3;      77.8;      70.7;      59.4;      59.8;      52.3;        61;     704.2;
      4363;1991-2020;        46;      46.5;      33.6;      43.2;        33;      56.6;      55.1;      70.7;      66.1;      51.8;      49.6;      44.1;        47;     597.2;
      4364;1991-2020;        46;      59.9;      44.4;      52.3;      39.6;        63;      59.9;      73.9;      69.1;      55.9;      55.7;      50.7;      57.3;     681.8;
      4365;1991-2020;        46;        77;      57.8;      57.4;      41.9;      55.9;      63.5;      84.2;      71.9;        58;      58.5;      60.8;      73.4;     760.3;
      4366;1991-2020;        46;      76.2;      62.7;      63.1;      48.4;      63.9;      68.7;      88.1;      76.6;      68.7;      75.6;        69;      81.3;     842.3;
      4367;1991-2020;        45;      81.3;      63.6;      59.3;      49.1;      60.8;        64;      83.2;      73.6;      64.6;      77.9;      66.6;      84.4;     825.3;
      4368;1991-2020;        46;      63.4;      50.4;      56.3;      44.6;      63.1;      67.1;      84.1;      78.4;      63.3;      63.9;      65.1;      68.7;     768.3;
      4369;1991-2020;        46;      30.2;      23.8;      33.6;      26.5;      53.8;      48.7;      70.1;      48.9;      47.1;      31.8;      36.6;      33.1;     484.2;
      4370;1991-2020;        46;      54.5;      40.9;      44.2;      36.9;      63.1;      53.1;        72;      57.5;      49.1;      53.9;      52.2;      59.4;     636.7;
      4371;1991-2020;        45;      76.8;      58.6;      57.2;      45.8;        60;      70.6;      78.6;      79.7;      67.7;        67;      65.9;      75.3;     799.1;
      4372;1991-2020;        46;      45.2;      36.6;      44.4;      36.8;      62.4;      54.9;      74.6;      60.2;      49.9;      46.5;      49.9;      51.7;     613.3;
      4373;1991-2020;        46;      50.8;      36.5;      40.2;      31.6;      49.6;      57.6;      73.5;      58.2;      48.6;      47.2;      45.8;      47.9;     587.5;
      4374;1991-2020;        46;      82.9;      76.1;     105.5;      99.1;     160.7;     188.4;     191.7;     179.5;     140.1;       100;      90.4;      86.5;      1501;
      4375;1991-2020;        46;      39.6;      28.7;      35.7;      26.5;      51.3;      53.6;      58.6;      55.8;        46;      41.3;      38.8;      42.1;       518;
      4376;1991-2020;        46;      49.7;      41.4;      40.8;      34.2;      47.3;      65.6;      63.2;      64.3;      52.6;        51;      49.6;      55.8;     615.6;
      4377;1991-2020;        45;      92.2;      68.6;      68.3;      47.7;      65.8;      62.8;      75.2;      64.4;        66;      78.1;      81.2;     105.3;     875.7;
      4378;1991-2020;        46;        74;      58.7;        58;      41.7;      54.7;      75.8;        91;      81.5;      81.8;      76.9;      75.3;      81.3;     850.7;
      4379;1991-2020;        46;      32.6;      25.5;        35;      29.2;      58.8;      51.7;        71;      53.5;      51.4;      35.8;      39.5;        36;     519.9;
      4380;1991-2020;        46;      67.8;      53.4;      54.1;      43.3;      54.2;      75.6;      83.5;      77.2;      74.1;      65.9;      64.6;      75.2;       789;
      4381;1991-2020;        46;      40.7;      30.9;      37.3;        31;      56.7;      48.5;      64.7;      48.9;      46.3;      36.8;      41.3;      43.9;     526.8;
      4382;1991-2020;        46;     166.8;     115.5;       119;      70.9;      87.9;      95.4;     119.3;      99.3;       105;     123.5;     130.3;     153.9;    1386.7;
      4383;1991-2020;        46;     189.6;     130.8;     141.2;      83.8;     109.9;      97.7;     142.6;     108.9;     122.2;     140.7;     139.2;     180.3;      1587;
      4384;1991-2020;        46;     168.9;     110.8;     120.6;      69.1;      92.7;      87.1;     113.3;      96.2;      99.1;     120.7;     129.3;     155.8;    1363.7;
      4385;1991-2020;        46;      46.5;      40.9;      43.5;      36.2;      57.6;      80.8;      81.4;      77.5;      56.9;      54.5;      52.6;      55.1;     683.5;
      4387;1991-2020;        46;     115.7;     104.6;       107;      68.1;     112.7;       125;     129.7;     121.9;     103.3;      98.5;      99.4;     126.7;    1312.6;
      4388;1991-2020;        46;     136.6;     112.8;     112.1;      88.5;     122.4;     105.5;       128;     105.7;      89.8;     118.5;     119.2;     157.1;      1396;
      4389;1991-2020;        46;      61.4;      54.3;      66.2;      61.8;       106;     104.2;     113.3;      95.2;      68.9;      72.6;      68.9;      72.5;     945.2;
      4391;1991-2020;        46;      69.1;        55;      50.3;      38.8;      55.9;      78.7;      91.3;      92.1;      82.4;      84.8;      73.1;      78.7;     850.1;
      4392;1991-2020;        46;     103.2;      84.6;      91.5;      49.2;      87.8;     112.5;     112.4;     105.4;      79.3;      78.2;      81.6;     111.3;      1097;
      4393;1991-2020;        45;      70.8;      51.3;      49.2;      38.7;      44.6;      68.4;      74.8;      94.2;      85.1;        97;        78;      82.1;     834.2;
      4394;1991-2020;        46;     103.4;       102;      98.2;      98.5;     140.4;     126.8;     134.7;     124.5;     105.5;     116.4;     119.5;     139.1;    1408.9;
      4395;1991-2020;        46;     100.3;      77.6;      72.4;      49.6;      74.7;        65;      72.2;        72;        66;        80;      85.4;       119;     934.1;
      4396;1991-2020;        46;     107.5;      82.6;      77.6;      51.9;      76.7;      67.7;      76.7;      75.6;      71.1;        84;      90.2;       128;     989.6;
      4397;1991-2020;        46;     101.8;      78.6;      73.3;      47.4;      70.9;        62;      76.9;      75.9;      67.5;      80.8;      86.3;     120.2;     941.7;
      4398;1991-2020;        46;      47.9;      35.9;      42.9;      34.6;      50.3;      54.1;      68.8;      65.6;      49.6;      53.1;      46.1;      48.5;     597.4;
      4399;1991-2020;        46;      61.8;      44.7;      49.1;      36.2;      52.9;      58.5;      81.4;      64.5;        53;      56.1;      51.6;      59.8;     669.7;
      4400;1991-2020;        46;      61.7;      50.5;      55.2;      42.6;      59.2;      67.7;      83.5;      77.2;      63.2;      60.9;      61.6;      61.4;     744.6;
      4401;1991-2020;        46;      63.8;        54;      55.5;      42.1;      61.8;      73.8;      89.1;      75.3;        67;      64.3;        64;      65.3;     775.9;
      4402;1991-2020;        46;      57.8;      48.4;      47.2;      35.9;      51.6;      70.2;      71.6;      73.4;      64.6;      64.2;      58.6;        65;     708.5;
      4403;1991-2020;        46;      76.3;      59.2;      56.4;      41.2;      58.4;      72.7;      87.2;      82.2;        76;      66.5;      68.8;      79.4;     824.3;
      4404;1991-2020;        46;      70.5;      59.7;      57.1;      42.2;      57.9;      71.7;      81.9;      83.1;      72.7;        63;      65.7;      77.3;     802.9;
      4405;1991-2020;        46;      85.4;      65.8;      59.8;      41.7;      58.1;      78.4;      92.3;        87;      81.2;      89.7;      73.4;      87.8;     900.5;
      4406;1991-2020;        46;      76.3;      60.7;      58.3;      43.1;      58.2;      71.1;      86.8;      76.7;      66.3;      65.5;      65.8;      81.1;       810;
      4407;1991-2020;        46;      69.7;      62.9;      78.7;      74.9;     129.2;     141.8;     146.6;     137.3;        94;      80.4;      74.5;      76.4;    1166.4;
      4408;1991-2020;        46;        45;      39.3;      48.1;      52.3;      92.9;     101.2;        99;      93.6;      64.3;      59.6;      52.8;      55.8;     803.8;
      4409;1991-2020;        46;      47.5;      40.2;      46.3;      57.9;      98.1;     102.8;     106.3;      99.1;        68;      60.4;      57.3;      59.7;     843.8;
      4410;1991-2020;        46;        82;      68.9;      83.5;      53.1;      83.1;        92;       118;     103.9;      79.1;      70.9;      75.8;        83;     993.1;
      4411;1991-2020;        45;      45.5;      43.7;        45;        36;      63.5;      57.3;      62.3;      60.5;      52.8;      50.9;      51.5;      55.8;     624.8;
      4412;1991-2020;        46;      45.2;      31.4;      38.5;      29.1;      53.1;        52;      63.5;      56.9;      46.8;      42.8;      40.7;      45.4;     545.4;
      4413;1991-2020;        46;      68.6;      58.2;      75.6;      73.6;     130.2;     137.4;     139.6;     133.5;      97.2;      78.4;      74.7;      73.9;    1140.7;
      4414;1991-2020;        46;      31.4;      26.8;      37.3;      30.1;      57.1;      54.2;      71.6;      57.1;      48.1;      34.5;      39.4;      37.8;     525.2;
      4415;1991-2020;        46;     102.1;      95.9;     115.9;     101.5;     163.1;     177.2;     184.9;     189.6;     129.3;     103.5;     105.2;     109.8;    1577.9;
      4416;1991-2020;        46;      68.9;      63.7;      64.8;        47;        73;      74.3;      81.9;      67.6;      59.1;      67.4;      68.3;      84.5;     820.5;
      4417;1991-2020;        46;      84.4;      64.3;      65.1;      48.1;        68;      68.2;      90.6;      68.4;      68.1;      68.2;      76.7;      95.5;     865.5;
      4418;1991-2020;        46;      64.3;      53.8;      49.9;      38.8;      66.5;      55.8;      67.5;      60.5;      52.1;      61.2;      62.1;      76.9;     709.5;
      4419;1991-2020;        43;        41;        39;        44;        52;        91;        80;        82;        80;        68;        69;        60;        54;       760;
      4420;1991-2020;        46;      46.1;      35.5;      36.8;        30;      44.7;      61.2;        62;      70.5;      54.7;      54.5;      50.5;      50.7;     597.1;
      4421;1991-2020;        46;        86;      65.6;      67.5;      49.7;      65.9;      71.8;      85.6;      75.2;      70.5;        74;      72.5;      84.2;     868.5;
      4422;1991-2020;        46;      62.7;      48.6;      53.3;      46.1;      69.2;      71.4;        81;        69;      60.6;      58.4;      62.5;      64.1;     746.9;
      4423;1991-2020;        46;     118.5;     109.6;     112.5;     109.1;     153.1;     128.1;     136.6;     128.4;     118.1;     130.2;     136.5;     155.9;    1536.7;
      4425;1991-2020;        46;     112.8;      87.2;      79.6;      53.1;      79.9;      74.1;      84.2;      81.2;      76.6;        92;      98.1;     132.7;    1051.4;
      4426;1991-2020;        46;      81.3;      67.3;      70.2;        45;      68.2;      65.3;      75.6;        67;      60.6;      71.9;      71.9;      98.3;     842.6;
      4427;1991-2020;        46;     133.3;     103.9;     102.6;      67.4;      85.4;      85.2;       115;        88;        98;     101.6;     113.2;     144.5;    1238.2;
      4428;1991-2020;        46;     128.8;      99.1;       100;      65.4;      83.7;      84.3;     111.7;      89.7;      95.1;      99.7;       108;     139.2;    1204.6;
      4430;1991-2020;        46;        38;      32.8;      43.2;        34;      58.2;      58.3;      82.3;      61.5;      56.5;      42.1;      45.1;      42.2;       594;
      4431;1991-2020;        46;      63.6;      50.5;      51.1;        40;      58.5;        63;      77.9;      84.4;      61.5;      61.4;      58.6;      62.9;     733.5;
      4432;1991-2020;        46;      79.8;      67.9;      74.7;      54.6;        87;      95.4;       100;     109.1;        79;      74.4;      70.3;      82.2;     974.3;
      4433;1991-2020;        46;      36.8;      36.1;      42.5;      48.7;      92.8;      99.2;      93.3;      87.7;      63.2;      55.1;      49.1;      51.4;       756;
      4434;1991-2020;        46;      44.3;      40.8;      48.8;      53.2;      95.2;     102.2;      98.8;      94.1;      65.8;      58.5;      53.3;      55.3;     810.4;
      4435;1991-2020;        46;      47.1;      36.6;      41.8;      29.6;      47.9;      54.8;      63.4;      48.5;      43.4;      40.3;      40.9;      48.4;     542.7;
      4436;1991-2020;        46;      53.8;        45;      48.8;      41.4;      70.4;      59.5;      82.1;      66.2;      54.3;      56.1;        56;        58;     691.4;
      4437;1991-2020;        46;        53;      43.6;      46.6;      40.5;      68.6;      58.1;      82.1;      66.7;      51.1;      55.6;        56;      57.3;       679;
      4438;1991-2020;        46;        60;      47.9;      51.6;      41.4;      68.4;      69.7;        89;      63.4;      63.7;      57.2;      63.7;      67.8;     743.7;
      4439;1991-2020;        46;      72.1;      55.5;      58.9;        45;      75.8;      80.7;     101.5;      73.2;      72.5;      67.3;      71.6;      80.5;     854.6;
      4440;1991-2020;        46;      49.8;      42.9;      55.5;      57.2;     100.7;     109.1;     113.9;     103.5;        72;      62.2;      56.3;      61.8;     884.8;
      4441;1991-2020;        46;      55.8;      45.7;      56.2;      49.7;      90.3;      93.3;     100.8;      91.2;      62.6;      58.7;      58.4;      61.3;     823.9;
      4442;1991-2020;        46;      83.4;      62.4;        62;      46.2;      62.5;      69.7;      89.8;      80.1;      67.2;        75;      68.9;      83.6;     850.8;
      4443;1991-2020;        46;        95;      70.1;      65.9;      51.3;      68.9;      74.9;      95.3;      80.8;      78.5;        87;      74.6;      96.6;     938.9;
      4444;1991-2020;        46;        52;      39.7;      46.3;      37.3;      60.5;      52.8;      68.4;      55.8;      52.3;      45.6;      47.6;        53;     611.4;
      4445;1991-2020;        45;     158.1;     106.6;     119.8;      69.9;      86.3;      80.8;     110.2;      86.9;      96.5;     116.3;     116.5;     151.7;      1322;
      4446;1991-2020;        46;      48.6;      38.8;      48.2;      35.9;      64.5;      79.5;      75.4;      75.5;      55.7;      49.5;        50;      52.3;       674;
      4447;1991-2020;        46;      93.4;      76.7;      74.1;      55.7;      78.6;      78.5;        98;      84.8;      75.3;      87.1;      77.1;      89.5;     968.7;
      4448;1991-2020;        46;      41.4;      33.5;      37.6;      27.6;        56;      61.1;      72.1;      58.3;      46.8;      37.9;      40.3;      40.7;     553.3;
      4449;1991-2020;        46;      46.4;      34.9;      45.3;        33;      53.2;      52.5;      82.5;        60;      50.7;      42.5;      47.6;      46.7;     595.2;
      4450;1991-2020;        46;      50.1;      39.4;      43.3;      30.1;      53.5;        60;      79.4;      61.4;      48.8;        45;      43.1;      48.1;     602.2;
      4451;1991-2020;        46;      62.1;      54.1;      59.8;      41.3;      70.8;      70.4;        74;      65.5;      53.9;      66.4;      61.7;      70.2;     750.1;
      4452;1991-2020;        46;     133.2;     111.8;       111;      88.8;     122.5;     108.1;     131.9;     107.4;      90.9;     115.5;     125.2;     149.3;    1395.6;
      4453;1991-2020;        46;      42.2;      35.9;      50.9;      40.4;      62.3;      67.4;      83.2;      73.9;      55.8;      46.3;      52.5;      48.3;     659.2;
      4454;1991-2020;        46;        55;      41.9;      51.2;      34.7;        58;      58.6;      80.3;      62.2;      55.2;      45.5;      54.2;      57.3;     654.2;
      4455;1991-2020;        46;        48;        35;      43.8;      35.8;      60.6;      57.1;      70.8;      63.5;      50.3;      47.7;      43.3;      47.9;     603.8;
      4456;1991-2020;        46;      52.8;      43.4;      43.4;      36.1;      49.4;        67;      71.6;      67.1;      49.2;      50.6;      49.2;      57.3;     637.1;
      4458;1991-2020;        46;      76.8;      73.2;      60.5;      48.7;      66.5;      60.8;      84.6;      62.4;      59.5;      64.5;      72.1;      82.5;       812;
      4459;1991-2020;        46;      65.5;      53.2;      57.5;      43.6;      61.8;      68.1;      70.9;      58.7;      52.1;      62.3;      64.8;      71.4;     729.9;
      4460;1991-2020;        46;        40;      29.3;      39.7;      32.8;      56.6;      54.8;        65;      55.6;      44.9;        41;      40.4;        42;       542;
      4461;1991-2020;        46;     121.7;     104.1;       143;     103.7;     163.7;     183.1;       193;     183.9;     143.7;     112.1;     116.3;     129.9;    1698.2;
      4462;1991-2020;        46;      78.5;      69.7;      63.1;      49.1;      68.3;      66.9;      67.4;      72.8;      58.6;      61.1;      64.7;      82.1;     802.3;
      4463;1991-2020;        46;       116;      98.9;      84.4;      58.2;      74.4;      75.3;      81.9;      86.3;      79.1;      84.7;      86.9;     120.7;    1046.8;
      4464;1991-2020;        43;        43;        37;        48;        37;        61;        66;        77;        72;        61;        53;        48;        49;       652;
      4465;1991-2020;        46;      50.4;      40.9;      42.6;      33.7;      51.3;      68.8;      69.1;      73.9;      58.8;      53.7;      49.9;      55.2;     648.3;
      4466;1991-2020;        45;      81.3;      61.4;      58.4;      41.7;      56.1;      76.3;      92.9;      90.4;        81;      89.8;        75;      86.1;     890.4;
      4467;1991-2020;        46;      74.5;      55.3;      53.6;      38.2;      55.2;      74.5;      93.8;      85.5;      74.9;      85.5;      71.4;      81.4;     843.9;
      4468;1991-2020;        46;        80;      62.4;      57.5;      40.7;      54.9;      76.7;      92.6;      88.1;      79.1;      87.2;      74.3;      84.4;       878;
      4469;1991-2020;        46;      77.3;      58.1;      59.9;      41.1;      63.4;      70.6;      88.2;      61.3;      64.9;      63.2;        69;      85.5;     802.5;
      4470;1991-2020;        46;      45.5;      34.5;      41.1;      31.5;      54.4;      53.4;      72.2;      60.4;      47.3;      40.5;      44.5;      43.6;       569;
      4472;1991-2020;        46;       109;      99.2;     126.2;     110.3;     172.4;     185.9;     189.2;     189.3;     145.2;     112.3;     109.5;       113;    1661.4;
      4473;1991-2020;        46;      48.5;      37.2;        43;      36.6;      64.3;      59.6;        68;      56.6;      47.9;      51.2;      49.9;      52.6;     615.3;
      4474;1991-2020;        46;      44.4;      41.8;      40.9;      35.2;      57.6;      53.9;      63.6;      55.7;      44.9;      53.8;      49.1;      54.1;       595;
      4475;1991-2020;        46;      26.9;        23;      33.1;      32.6;      61.9;      54.4;      73.9;      58.9;      44.1;      36.2;      39.6;      33.5;     518.1;
      4476;1991-2020;        46;        49;      43.9;      52.7;      41.7;      70.3;      77.2;      89.7;      88.8;      54.7;      51.6;      51.3;        52;     722.8;
      4479;1991-2020;        46;      89.1;      70.1;      65.7;      50.5;      79.3;      68.2;      90.9;      79.9;      71.5;      77.9;      80.1;      99.2;     922.3;
      4480;1991-2020;        45;      79.9;      65.8;      63.5;      46.5;      73.4;      64.2;      84.1;      73.6;        65;      71.2;      71.9;      89.4;     853.8;
      4481;1991-2020;        46;      80.9;      62.3;        60;      46.8;      75.3;      66.2;      82.6;      71.2;      63.2;      65.8;      71.5;      87.1;     832.9;
      4482;1991-2020;        46;      57.9;      47.6;      53.7;      39.6;      67.4;      64.2;      76.5;      61.9;      60.8;      63.6;      64.8;      68.3;     726.3;
      4483;1991-2020;        46;     185.9;       130;     139.3;      82.8;     108.5;      98.3;     136.7;     115.2;     120.2;     139.1;       151;       186;    1592.9;
      4484;1991-2020;        46;      75.7;      64.8;      62.3;      43.8;      59.6;        73;      84.1;      79.2;      67.8;        69;      68.8;      83.8;       832;
      4485;1991-2020;        46;      58.5;      48.9;      54.5;      42.1;      73.9;      67.4;      90.4;      67.9;      60.8;      56.7;      58.8;      65.7;     745.6;
      4486;1991-2020;        46;     107.7;      86.1;      86.7;      62.6;      79.9;      86.2;     101.4;      93.3;      90.2;        88;      95.3;     114.9;    1092.2;
      4487;1991-2020;        46;     118.7;      91.3;      88.3;      63.3;      75.9;      79.7;      94.8;      90.1;      82.3;      90.1;      99.4;     122.7;    1096.6;
      4488;1991-2020;        46;      99.9;        81;      73.7;      56.4;      74.9;      83.2;      96.9;      93.6;      80.8;      83.4;      89.2;     104.7;    1017.9;
      4489;1991-2020;        46;      53.3;      40.9;      49.7;        37;      61.8;      56.7;      70.8;        60;      50.7;        48;      45.4;      50.8;       625;
      4490;1991-2020;        45;      95.7;      78.7;      69.7;      51.6;        76;      71.1;      76.1;      73.3;      70.5;      82.2;      89.6;     116.1;     953.2;
      4491;1991-2020;        46;      94.9;      76.5;      67.4;      48.5;      73.3;      72.4;      73.2;      72.6;        66;      79.7;        85;     118.5;     928.1;
      4492;1991-2020;        46;      43.7;        35;      37.6;      26.4;      50.5;      54.6;      70.3;      58.8;      43.4;        40;      40.9;      41.9;     543.1;
      4493;1991-2020;        46;        53;      41.9;      46.3;      34.9;      62.5;      74.9;      81.5;      69.5;      56.5;      50.6;      50.3;      57.2;       679;
      4494;1991-2020;        46;      51.7;      41.2;      45.6;      36.7;      65.5;      76.6;      78.9;      67.4;      54.7;      48.1;      50.8;      57.1;     674.4;
      4495;1991-2020;        46;      68.6;      61.9;      72.7;      51.6;      81.4;      85.5;     101.8;      97.7;      64.9;      63.4;        67;      70.1;     886.6;
      4496;1991-2020;        46;      52.8;      39.4;      48.2;      30.9;      52.9;      52.9;      72.7;      58.5;      55.9;      45.8;      50.4;      53.2;     613.6;
      4497;1991-2020;        46;     125.9;      97.1;      96.9;      66.5;      87.8;      86.4;     117.3;      85.5;      99.8;     100.6;     113.2;     138.1;    1215.3;
      4498;1991-2020;        46;      78.5;      61.6;      65.8;      49.6;      75.2;      71.4;      97.8;      79.2;      72.5;      71.5;      75.5;      88.5;     887.1;
      4499;1991-2020;        46;        64;      55.8;      56.7;      46.6;      68.7;      69.6;      79.1;        61;      62.4;      67.8;      62.4;      74.3;     768.4;
      4500;1991-2020;        46;      36.3;      30.7;      34.6;      27.1;      49.3;      48.5;      65.6;      58.4;      42.4;      42.2;      37.8;      36.3;     509.4;
      4501;1991-2020;        45;     133.6;     104.1;       106;      73.4;      96.5;      90.9;     129.9;      96.2;     111.1;     110.9;     119.7;     142.5;    1313.3;
      4502;1991-2020;        46;      52.1;        38;      40.2;      31.4;      45.9;      58.6;      74.5;      57.1;        46;      47.3;      44.1;        49;     584.1;
      4503;1991-2020;        46;      67.9;      61.5;      81.6;        67;     127.1;     134.6;     136.4;     129.2;      98.2;      76.4;      72.7;      75.4;    1127.9;
      4505;1991-2020;        46;      75.1;      66.6;      75.3;      55.5;      84.6;        99;     118.1;      96.9;      88.3;      75.4;      74.8;      81.8;     991.3;
      4506;1991-2020;        46;      58.4;      51.3;      64.8;      49.7;      78.5;      91.3;     100.9;      92.3;      73.6;      63.9;      63.6;      64.3;     852.5;
      4507;1991-2020;        46;      51.5;      37.4;        41;      32.1;      50.3;      59.2;      72.5;      61.3;      50.5;      49.7;      48.5;      49.6;     603.6;
      4508;1991-2020;        45;     121.9;      97.2;      88.5;      66.6;      82.7;        83;      93.1;      90.1;      91.9;      93.4;     106.7;     134.5;    1156.7;
      4509;1991-2020;        46;     116.3;      91.8;     127.3;      90.5;       156;     183.6;     196.3;     187.6;     141.9;     106.8;     101.7;     115.3;    1615.1;
      4510;1991-2020;        46;      97.2;      83.1;     118.6;      89.6;     150.9;       179;     189.3;     181.1;     140.9;      97.1;        95;     100.1;    1521.8;
      4511;1991-2020;        46;       120;     105.5;     147.4;     109.2;     166.8;     194.9;     206.5;       194;     154.8;       113;     115.3;     130.1;    1757.6;
      4512;1991-2020;        46;      76.5;      63.4;      65.8;      49.7;      74.1;      73.4;     106.4;      80.3;      74.5;      70.1;      77.1;      84.2;     895.5;
      4513;1991-2020;        46;      67.7;      61.5;      69.3;      45.7;      75.2;      71.7;      91.2;      76.4;      59.1;      69.2;      69.3;      77.5;     833.8;
      4514;1991-2020;        46;      79.1;      60.6;      60.2;      45.5;      59.2;      68.5;      91.1;      75.5;      64.2;      62.7;      65.1;        77;     808.7;
      4515;1991-2020;        46;      96.2;      83.9;      91.3;      54.6;      97.2;     114.2;     124.8;     106.2;      83.5;      79.7;      81.1;     101.9;    1114.5;
      4516;1991-2020;        43;        86;        72;        81;        52;        85;        96;       104;        94;        74;        71;        75;        95;       985;
      4518;1991-2020;        46;     166.7;     138.6;       145;      90.1;     127.5;     107.9;     127.7;     108.1;      95.7;     129.8;     143.2;     195.4;    1575.6;
      4519;1991-2020;        46;      57.9;      47.1;      56.3;      40.2;      66.9;      80.2;      99.2;      87.7;      60.9;      56.5;      58.3;      59.7;     770.9;
      4521;1991-2020;        46;        57;      47.4;        59;      46.4;      83.5;      93.1;      98.6;      89.6;      66.3;      59.1;      56.2;        60;     816.2;
      4522;1991-2020;        46;     112.9;        96;     138.5;     108.1;     186.1;     199.3;     217.7;     209.4;     157.2;     115.2;       107;     115.3;    1762.7;
      4523;1991-2020;        46;     158.2;     127.7;     126.1;     103.7;     134.7;     115.1;       124;     117.3;     108.6;     141.4;     151.6;     197.1;    1605.5;
      4524;1991-2020;        46;      41.1;      30.1;      36.7;      29.8;      49.8;      59.9;      67.5;      53.3;      44.4;      43.4;      39.1;      38.9;       534;
      4525;1991-2020;        46;      55.7;        45;      43.3;      34.5;      50.4;      64.1;      71.1;      66.3;      49.8;      53.1;      50.2;      58.9;     642.4;
      4526;1991-2020;        46;      61.2;        45;      44.3;      36.2;      47.8;      58.1;        65;      67.2;        55;      60.1;      53.4;      59.7;       653;
      4527;1991-2020;        46;      43.6;        37;      48.5;      37.5;      65.2;      70.9;        92;      76.8;      60.2;      50.4;        51;      48.2;     681.3;
      4528;1991-2020;        46;      99.6;      83.8;      90.3;      50.7;      82.3;     102.8;     110.6;      93.5;      71.5;        71;        77;     104.6;    1037.5;
      4529;1991-2020;        46;      67.8;      55.6;      67.2;        49;      74.3;      88.1;      96.2;        96;      68.1;      61.3;        65;      72.3;       861;
      4530;1991-2020;        46;     113.3;      85.7;      87.4;      58.1;      82.9;      81.5;     114.3;      85.3;      93.4;        93;     103.4;     125.9;    1124.3;
      4531;1991-2020;        46;     104.2;      77.6;      79.9;      54.8;      80.3;      77.4;     107.9;      79.2;      87.2;      81.7;      93.8;     113.7;    1037.9;
      4532;1991-2020;        46;     109.1;      92.3;      94.5;        62;      88.7;      79.4;      95.4;        82;      80.8;      95.4;     100.3;     129.1;    1109.1;
      4533;1991-2020;        46;      59.9;      43.8;      46.2;      32.1;      47.5;      63.3;      69.8;      66.7;      55.4;      52.8;      48.5;      55.8;     641.7;
      4534;1991-2020;        46;      37.5;      26.5;      34.7;      28.6;      56.5;      51.5;      65.6;      53.9;      44.9;        39;      37.7;      38.7;     515.1;
      4535;1991-2020;        46;      92.2;      79.4;      83.3;      57.4;      83.6;      98.3;       116;     103.3;      92.4;      83.7;      86.8;     102.4;    1078.7;
      4537;1991-2020;        46;      51.2;      38.8;      44.2;      31.2;      51.5;        60;        82;      52.4;      51.6;      44.8;      44.4;      49.1;     601.3;
      4538;1991-2020;        46;      43.9;      31.2;      38.4;        28;      46.8;      60.5;        66;      52.4;      48.9;      40.9;      39.2;      41.9;     537.9;
      4539;1991-2020;        46;      42.8;      33.7;      38.7;      28.7;      50.8;      48.9;      73.6;      59.6;      43.5;      38.6;      41.1;      41.9;     541.8;
      4540;1991-2020;        46;      31.5;      28.4;      36.3;      31.2;      58.2;      53.8;      65.3;      55.2;      47.3;        36;      40.4;      39.7;     523.2;
      4541;1991-2020;        46;      44.4;      33.1;      42.4;      30.6;      58.1;      58.5;      72.5;        73;      48.3;      45.2;      45.4;      43.8;     595.3;
      4542;1991-2020;        46;      79.7;        77;      83.7;      59.5;      89.1;      87.2;      85.1;      77.3;      64.7;      83.5;      86.7;     101.1;     974.7;
      4543;1991-2020;        46;      52.9;      38.6;      47.8;        35;      53.5;      58.6;      64.7;      58.3;      49.2;        51;      51.8;      53.8;     615.1;
      4544;1991-2020;        46;     182.3;       148;     151.9;      96.1;     126.8;     107.1;     132.6;     106.5;     104.1;     146.1;     164.4;     223.2;      1689;
      4545;1991-2020;        46;      51.7;      38.2;      42.5;      30.3;      50.2;      61.9;      73.6;      56.8;      49.8;      46.2;      42.9;      48.8;       593;
      4546;1991-2020;        46;        75;        61;      65.6;      49.2;      76.1;      91.4;        90;      82.9;        71;      68.3;      68.8;      82.5;     881.9;
      4547;1991-2020;        46;      68.5;      57.6;      62.9;      44.4;      68.1;      65.7;      72.9;        66;      61.4;      69.3;      65.2;      80.9;     782.8;
      4548;1991-2020;        46;      60.9;      47.4;      53.5;      37.9;      61.4;      72.3;      79.2;      84.3;      64.5;      60.5;      56.3;      64.5;     742.7;
      4551;1991-2020;        46;      47.2;      38.4;        42;      32.9;      62.3;      54.9;      83.2;      57.7;        51;      42.6;      44.6;      46.9;     603.5;
      4552;1991-2020;        46;      69.1;      52.1;      58.4;      45.4;      67.8;      68.6;        89;      74.9;      64.9;      66.2;      61.8;      65.1;     783.1;
      4553;1991-2020;        46;      75.3;      59.8;      57.8;      45.2;      59.6;      68.9;      81.7;      82.2;      72.3;        68;      69.5;        81;     821.2;
      4554;1991-2020;        46;        87;        75;      74.7;      50.5;      75.2;      64.2;      80.1;        69;      63.6;      76.8;      81.3;     102.1;     899.5;
      4555;1991-2020;        46;      48.5;      35.5;      38.2;        29;        47;      59.1;      71.6;        61;      51.7;      47.1;      43.3;      46.5;     578.4;
      4557;1991-2020;        43;        96;        85;        84;        87;       116;       106;       105;       101;        87;       101;       107;       125;      1200;
      4558;1991-2020;        46;      91.2;      80.7;      80.7;      84.9;     111.8;     101.2;      99.8;      98.2;      86.7;      99.7;     101.2;     118.9;    1154.9;
      4559;1991-2020;        43;        49;        39;        46;        40;        73;        86;        82;        83;        57;        53;        48;        55;       711;
      4560;1991-2020;        45;      82.4;      63.7;      62.1;      55.8;      77.9;      69.8;      87.9;      81.4;        74;      82.7;      74.4;      95.3;     901.7;
      4561;1991-2020;        46;     121.4;      88.2;      85.6;      69.6;      94.6;      88.1;     121.9;      93.5;      97.7;     108.4;     103.4;     134.3;    1206.7;
      4562;1991-2020;        46;     116.5;      83.8;      81.8;        68;      91.3;      87.9;     121.7;      89.4;      95.6;     106.1;      99.6;     126.1;    1167.9;
      4563;1991-2020;        46;     102.8;      86.1;        87;      70.4;      98.5;      84.9;     107.3;      91.5;      71.6;      88.7;      95.2;     111.1;    1095.2;
      4564;1991-2020;        46;      31.3;      25.9;      34.6;      27.7;      52.1;      54.5;      73.7;      55.7;      44.8;      34.9;        37;      35.3;     507.4;
      4565;1991-2020;        46;      57.5;        44;      46.3;      40.2;      66.2;      67.1;      74.2;      70.9;      54.6;      60.2;      60.9;      58.3;     700.4;
      4566;1991-2020;        46;      51.3;        38;      42.1;      29.6;      43.6;      59.1;      66.2;      62.3;        51;      48.2;      42.8;      48.7;       583;
      4567;1991-2020;        46;        47;        37;      49.8;        45;      80.9;      90.5;      95.9;      85.2;      62.5;      54.8;      51.5;      55.2;     755.4;
      4568;1991-2020;        46;      69.1;      60.5;      67.5;      48.9;      75.1;      72.7;      83.6;      64.9;      57.2;      69.1;      68.5;      82.1;     819.1;
      4569;1991-2020;        46;      57.9;      50.9;      56.5;        42;      66.5;      65.2;      71.7;        63;        55;      61.9;      56.6;        67;     714.3;
      4570;1991-2020;        46;      75.7;        65;      61.8;      42.1;      58.4;      68.3;      86.8;      81.9;      71.2;      74.1;      70.6;      81.4;     837.3;
      4571;1991-2020;        46;     119.3;      83.4;      96.9;      64.3;      90.1;      87.1;     117.5;      99.8;      96.3;     104.1;     101.7;     119.4;      1180;
      4572;1991-2020;        46;      46.6;      41.4;      48.6;      61.2;     104.5;     117.4;     121.4;       102;      76.2;      63.2;      58.7;      56.4;     897.6;
      4573;1991-2020;        46;      74.9;      72.3;        77;      77.3;     111.6;      99.7;     112.6;      94.7;        80;      91.6;      89.7;      92.6;    1073.8;
      4574;1991-2020;        46;      84.5;      80.4;      86.9;        86;     120.4;     106.8;     122.9;     100.6;      89.3;     101.5;        99;       105;    1183.2;
      4575;1991-2020;        46;      58.3;      47.7;      46.6;      37.9;      55.2;        72;      73.1;      70.7;      60.1;      56.3;      51.4;        62;     691.4;
      4576;1991-2020;        46;      50.6;      41.1;      47.1;      37.2;      67.4;      70.9;      78.2;      64.7;      49.9;      52.5;      52.9;      54.5;     666.9;
      4577;1991-2020;        46;      51.7;      43.6;      48.1;      37.7;      68.5;      70.8;      76.8;      68.1;      50.8;      52.2;      55.1;      57.1;     680.7;
      4578;1991-2020;        46;      71.5;      66.7;      80.4;      75.9;     121.2;     141.6;     144.9;     140.2;      99.7;        82;      77.7;      81.4;    1183.1;
      4579;1991-2020;        46;      58.1;        48;      61.6;        58;     100.3;     110.2;     109.8;     104.4;      74.2;      66.2;      62.7;      64.8;     918.3;
      4580;1991-2020;        46;      73.7;      55.9;      51.1;        40;      52.4;      73.5;      90.5;      95.2;      86.6;      90.9;      74.2;      83.6;     867.6;
      4581;1991-2020;        46;      72.1;      59.3;      72.6;      53.8;      86.3;        89;     104.3;      87.6;        63;      69.7;      71.2;        82;     910.7;
      4582;1991-2020;        43;        74;        65;        71;        51;        80;        78;        89;        71;        59;        75;        70;        89;       872;
      4584;1991-2020;        46;      48.5;      37.7;      50.9;      48.9;      87.5;     108.7;     104.9;      86.9;      68.3;      61.5;      53.5;      53.6;     810.9;
      4585;1991-2020;        43;        56;        54;        58;        45;        71;        69;        81;        67;        59;        70;        67;        74;       771;
      4586;1991-2020;        46;        65;      59.2;      59.6;      48.6;      67.4;      69.6;      77.9;      63.6;        58;      62.8;      64.3;      77.7;     773.7;
      4587;1991-2020;        46;        60;        52;      53.7;      44.9;      62.4;      76.1;      71.2;      67.9;      56.4;      58.2;        59;      71.6;     733.2;
      4588;1991-2020;        46;      55.5;      46.8;      48.5;      39.3;      63.8;      61.9;      74.6;      63.3;      52.4;      52.3;      55.7;      62.1;     676.1;
      4589;1991-2020;        46;      53.8;      40.8;      43.1;      36.5;      62.2;      61.6;      72.9;      63.3;      51.4;      52.8;      51.7;      57.4;     647.4;
      4590;1991-2020;        46;      60.8;      46.4;      50.5;      41.4;      70.5;      67.1;      73.7;      63.9;      56.4;      58.7;      57.7;      63.8;     710.9;
      4591;1991-2020;        46;      41.8;      39.2;      42.6;        49;        85;      75.6;      79.6;      70.9;        57;      68.1;      56.5;      53.3;     718.6;
      4592;1991-2020;        45;        48;      37.4;      40.9;      33.7;      62.1;      71.7;      78.3;      70.8;      52.1;      48.7;      46.8;      52.7;     643.1;
      4593;1991-2020;        46;      42.8;      33.5;      41.5;      34.6;      59.6;      53.4;      68.6;        58;      47.2;      42.5;      42.8;        43;     567.4;
      4594;1991-2020;        46;        68;      52.5;      51.7;      41.2;      53.5;      73.2;      79.7;      75.3;      69.1;      62.6;      61.8;      72.3;     760.9;
      4595;1991-2020;        46;        68;      55.1;      52.2;      43.6;      52.5;      71.4;      81.1;      74.5;      69.5;      64.3;      62.7;        73;     767.8;
      4597;1991-2020;        46;      63.9;      59.9;      84.7;      84.6;     130.8;     167.9;     169.5;     177.7;     116.8;      83.7;      74.5;      70.1;    1284.2;
      4598;1991-2020;        46;      89.5;      86.2;       122;     116.7;     174.7;     209.3;     215.2;     225.2;     152.8;     109.7;      98.3;      98.5;      1698;
      4599;1991-2020;        46;      48.7;      41.7;      48.4;      40.5;      68.9;      73.7;      86.9;      69.5;      51.9;      54.6;      57.3;      57.5;     699.9;
      4600;1991-2020;        46;      57.1;      45.7;      44.9;      40.7;      48.4;      61.5;      70.3;      68.9;      54.1;      56.3;      51.9;      59.6;     659.4;
      4601;1991-2020;        46;      58.4;      45.2;        46;        40;      50.3;      57.6;      75.6;        65;      53.9;      61.1;      51.4;      61.9;     666.5;
      4602;1991-2020;        46;        59;      48.2;      43.9;      36.1;      50.9;      73.4;      70.6;      79.9;      55.7;        61;      56.8;      64.4;     699.9;
      4603;1991-2020;        46;      38.6;      32.6;      38.6;      31.8;        55;      54.5;      70.8;      51.6;      44.7;      45.7;      46.3;      47.9;     557.9;
      4604;1991-2020;        46;     141.4;     133.4;     178.6;     136.5;     231.8;       235;     265.2;     240.4;     193.2;     139.8;     129.5;     147.1;    2171.9;
      4605;1991-2020;        45;      40.6;      32.6;      43.2;      41.6;      72.7;      59.7;      81.6;      64.3;        54;      45.9;      51.4;      47.4;     630.5;
      4606;1991-2020;        46;      48.8;      39.6;      50.9;      33.5;      62.5;      65.5;      84.3;      74.3;      51.8;      45.6;      46.5;      48.2;     651.6;
      4607;1991-2020;        43;        96;        76;        76;        50;        72;        83;       100;        83;        81;        78;        85;       107;       987;
      4608;1991-2020;        46;      91.4;      73.3;      73.9;      49.3;      70.4;      83.3;     100.6;      80.6;      76.9;      76.5;      81.5;     102.3;     960.1;
      4609;1991-2020;        46;      67.1;        53;        56;      39.3;      63.7;      68.8;      88.5;      77.8;      63.9;      59.9;      63.3;      73.6;       775;
      4610;1991-2020;        46;      97.3;      77.4;      78.3;      49.7;      71.7;      82.5;     101.3;      81.4;      84.1;      80.4;      84.5;     108.5;     997.1;
      4611;1991-2020;        46;      73.3;      56.1;      58.1;      43.6;      52.6;      74.2;      80.7;      73.9;      60.2;      64.3;      63.1;      74.9;     774.9;
      4612;1991-2020;        46;      66.6;      59.5;      66.7;        52;      82.4;      94.2;     102.1;      98.9;      75.7;        64;      63.3;      70.1;     895.5;
      4614;1991-2020;        46;     142.1;     126.1;     126.6;        97;       132;     112.2;     136.2;     112.4;      96.3;     128.3;       134;     167.8;      1511;
      4615;1991-2020;        46;      58.3;      50.4;        56;        44;      75.6;      78.8;      89.8;      76.5;      60.9;      60.3;      63.8;      66.3;     780.7;
      4616;1991-2020;        46;      52.9;      42.3;      45.3;      35.3;      65.2;      79.4;      79.6;      73.1;      60.4;      51.7;      51.7;      57.9;     694.9;
      4617;1991-2020;        43;       154;       141;       176;       162;       269;       263;       260;       255;       196;       158;       150;       170;      2354;
      4618;1991-2020;        46;      44.1;      33.8;      37.7;      27.4;      45.7;      57.9;        71;      55.9;      48.6;      44.8;      40.7;      44.8;     552.4;
      4619;1991-2020;        46;      36.1;      27.6;      31.5;      27.1;      51.8;      51.9;      71.4;      51.4;      45.8;      37.6;      34.4;      35.4;       502;
      4620;1991-2020;        46;     121.5;     106.3;     104.7;      98.5;     125.2;     118.4;     114.2;     116.1;      97.3;     117.3;     124.9;     153.5;    1397.8;
      4621;1991-2020;        46;      47.4;      36.9;      37.8;      32.5;      56.5;        56;      68.4;      54.4;      49.7;      47.7;      49.8;      55.2;     592.2;
      4622;1991-2020;        46;        53;      45.2;      51.3;      60.3;     105.3;     107.3;     113.1;     108.2;      70.5;      63.5;      59.3;      60.2;     897.1;
      4623;1991-2020;        46;      63.6;      51.2;      58.5;      54.2;      90.6;        93;      99.7;      83.8;      60.2;      66.4;      61.3;      74.5;       857;
      4624;1991-2020;        46;      51.6;      39.8;      50.2;      36.1;      58.5;      62.5;      85.9;      73.5;      54.5;      48.7;        49;      53.9;     664.2;
      4625;1991-2020;        45;      55.6;      42.4;        44;      35.1;      46.7;        59;      75.4;      67.2;      52.2;        51;      48.3;      56.5;     628.5;
      4626;1991-2020;        46;      62.2;        49;      47.3;      36.7;      49.8;      61.8;      76.3;        69;        55;      55.1;      54.6;        64;     680.8;
      4627;1991-2020;        46;      61.4;        51;      48.2;      37.5;      51.3;      66.9;      79.1;      64.4;      51.6;      55.8;      52.5;      62.4;     681.9;
      4628;1991-2020;        46;      77.4;      69.9;      61.2;      48.1;      62.2;      70.3;      95.3;      80.6;      72.2;      70.9;      72.9;      80.2;     861.3;
      4629;1991-2020;        46;      66.9;      51.3;      49.9;      39.9;      48.7;      76.8;      86.9;      96.5;      85.6;        90;      74.6;      79.4;     846.4;
      4630;1991-2020;        46;      45.3;      41.3;      46.6;      42.3;      68.7;        63;      74.1;      61.1;      53.8;      57.4;      57.5;      60.1;     671.1;
      4631;1991-2020;        46;      49.3;      36.5;      39.2;      31.4;      53.5;      56.7;      62.5;      53.6;      47.1;      47.6;      46.3;      53.7;     577.3;
      4632;1991-2020;        46;        49;      35.3;      39.8;      32.7;        50;      61.6;      70.6;      63.6;      47.4;      46.7;      41.3;      47.8;     585.9;
      4633;1991-2020;        46;      48.5;      38.3;      46.7;      33.7;      60.2;      67.1;      81.1;      73.1;      53.9;      47.1;      45.7;      47.2;     642.6;
      4634;1991-2020;        46;        74;      59.9;        68;      40.7;      70.6;        83;      92.8;        94;      66.7;      65.5;      68.7;      77.5;     861.2;
      4635;1991-2020;        46;      41.6;      35.6;      41.8;      31.7;      56.1;      52.2;      67.9;      52.9;      47.9;      41.9;      45.4;      48.1;     563.2;
      4636;1991-2020;        46;      51.8;      39.6;      42.4;        33;      49.4;      57.9;      70.3;      59.2;      47.9;      50.3;      47.8;      48.8;     598.4;
      4637;1991-2020;        43;        57;        44;        47;        29;        57;        63;        86;        63;        49;        45;        48;        52;       640;
      4638;1991-2020;        46;      64.5;      50.6;      50.5;      39.6;      51.9;      66.9;      79.4;      72.3;        55;      55.2;      52.7;      61.2;     699.8;
      4639;1991-2020;        46;      71.2;      59.7;      52.9;      38.1;      53.7;      71.5;        84;      77.4;      60.6;      64.9;        65;      76.7;     775.7;
      4640;1991-2020;        46;      55.3;        51;        63;      64.2;     108.6;     127.1;     132.1;       122;      86.7;      70.6;      66.5;      61.7;    1008.8;
      4641;1991-2020;        46;      75.7;      67.9;      88.2;      79.4;     132.4;     157.9;     158.1;     164.4;       111;      87.2;      81.1;      81.5;    1284.9;
      4642;1991-2020;        45;      48.5;      34.9;      39.6;        30;      47.6;      55.2;      67.2;      56.2;      48.6;      46.4;      43.4;      46.4;     563.9;
      4645;1991-2020;        46;      46.2;      32.9;      40.5;      31.1;      50.3;      56.4;      72.8;      55.5;      50.6;      47.6;      46.3;      49.7;     580.1;
      4646;1991-2020;        46;      51.8;      53.2;      54.8;      49.2;      80.2;      67.9;      79.9;      78.8;      63.1;      62.8;      63.6;      66.8;     772.1;
      4647;1991-2020;        46;      66.6;      64.9;      69.1;      70.3;     104.5;      94.7;     102.6;      93.6;      75.1;      84.6;      80.3;      82.5;     988.8;
      4648;1991-2020;        46;      42.6;      33.3;      38.9;      29.3;      52.7;      54.4;      72.4;      57.1;      43.1;      39.3;      38.3;      38.2;     539.6;
      4649;1991-2020;        46;      91.4;      77.6;      77.2;        57;      72.3;      90.2;      91.7;      93.1;      79.4;      83.5;        88;      99.6;    1001.1;
      4651;1991-2020;        45;      73.5;        54;      61.8;      49.2;      71.1;      75.5;      88.7;      81.3;      68.7;      71.4;      63.2;      71.3;     829.8;
      4652;1991-2020;        46;        72;      51.6;      57.7;      42.8;      63.4;      62.6;      82.5;      75.8;        59;      64.3;      60.3;      69.5;     761.4;
      4653;1991-2020;        46;      65.2;      60.7;      72.3;      78.5;     136.3;     146.5;     160.7;     153.8;     104.7;        83;      74.7;      71.5;      1208;
      4654;1991-2020;        46;      70.9;      56.4;      56.5;      40.2;      55.8;      68.4;      80.6;      74.2;      59.9;      62.2;      60.2;      72.6;       758;
      4655;1991-2020;        46;     156.5;     133.6;     131.3;      77.1;     114.6;     103.8;     123.2;     111.1;        97;     123.4;     135.3;     184.6;    1491.5;
      4656;1991-2020;        46;      73.4;      60.7;      53.8;      37.7;      54.7;      71.9;      82.3;      76.7;      65.1;        68;      65.6;      82.4;     792.5;
      4657;1991-2020;        46;     175.4;     152.1;     144.8;     111.8;     138.2;     125.2;     136.9;     129.7;     114.3;     140.3;     164.5;     218.5;    1751.7;
      4658;1991-2020;        46;      43.5;      37.5;      43.2;      34.8;      55.6;      59.1;      69.1;      58.5;        49;      51.1;      48.4;      53.1;     602.9;
      4659;1991-2020;        46;      53.7;      40.9;      45.5;      37.2;      53.4;      58.1;      72.1;      67.8;      53.2;      55.2;      50.3;      54.1;     641.5;
      4660;1991-2020;        46;      48.2;        42;      51.5;        37;      67.6;      70.8;      99.7;      73.2;      64.3;      53.5;      57.5;      53.5;     718.7;
      4661;1991-2020;        46;      72.6;        60;      63.2;      49.4;      63.9;      77.7;      83.4;      76.7;      69.1;        68;      70.9;      84.9;     839.7;
      4662;1991-2020;        46;      83.8;      62.7;      64.1;      49.3;      66.7;      70.5;      70.8;      69.3;      67.9;      72.7;      75.4;     101.6;     854.9;
      4664;1991-2020;        46;      60.3;      46.3;      52.9;      35.5;      59.3;      73.7;      84.6;      77.8;      64.6;      59.8;      55.7;        69;     739.5;
      4666;1991-2020;        43;        65;        51;        46;        37;        52;        68;        75;        72;        60;        63;        58;        68;       715;
      4667;1991-2020;        46;      59.6;      55.5;      50.5;      39.2;        55;      70.7;      72.3;      76.2;      58.2;        61;      60.8;      72.3;     731.4;
      4668;1991-2020;        46;      53.6;      49.1;      48.2;      39.2;      67.4;      58.3;      67.2;      64.4;      51.7;      54.7;      56.6;      61.7;     672.1;
      4669;1991-2020;        46;      57.9;      46.8;      46.4;        35;      50.2;      68.7;      73.3;      70.3;      53.5;      54.8;      55.2;      62.4;     674.4;
      4670;1991-2020;        46;      74.1;      60.2;      56.1;      43.5;      59.7;      74.5;      91.1;      77.4;      73.6;      67.5;      68.1;      78.4;       824;
      4671;1991-2020;        43;        44;        39;        43;        37;        58;        59;        70;        54;        49;        51;        47;        51;       602;
      4673;1991-2020;        46;      48.1;      38.9;      43.1;        32;      51.8;      56.6;      82.6;      60.1;      47.3;      43.2;      43.5;      46.4;     593.7;
      4675;1991-2020;        46;      48.6;      40.5;      46.5;      52.4;        94;      96.4;     105.1;      94.2;      63.3;      59.8;      55.7;      56.5;     813.1;
      4676;1991-2020;        46;      74.6;        60;      59.4;        43;      54.7;        64;      74.4;      74.2;        64;      66.5;      69.4;      77.2;     781.3;
      4677;1991-2020;        46;      50.2;      40.3;      47.5;      31.8;      56.4;      62.6;      76.7;      65.7;      48.7;      43.6;      48.2;      51.2;       623;
      4679;1991-2020;        46;        98;      86.2;      86.2;        57;      82.9;      68.1;      84.7;        71;      70.8;      82.5;        86;     115.1;     988.5;
      4680;1991-2020;        46;      56.2;      39.9;      46.4;      31.4;      55.3;      61.5;      74.3;      62.9;      57.9;      47.3;      50.9;        54;       638;
      4681;1991-2020;        46;      51.7;      45.6;      50.8;      38.3;      75.6;      76.8;      86.2;      67.5;      53.1;      61.8;      58.4;      61.6;     727.3;
      4682;1991-2020;        46;      81.9;      66.1;      64.6;      43.5;      61.4;        85;      84.8;      85.2;      69.6;      74.5;      72.3;      87.8;     876.6;
      4683;1991-2020;        46;      77.2;      60.3;      57.5;      43.3;      53.7;      64.7;        78;      77.1;      72.5;      69.7;      69.9;      80.4;     804.2;
      4684;1991-2020;        46;      67.3;      53.7;        59;      44.4;      73.9;      79.7;      91.5;      82.1;      63.9;      62.1;      66.6;      75.6;     819.9;
      4685;1991-2020;        46;      67.4;      51.5;      57.7;      38.7;      65.2;      76.1;      80.3;      74.5;      66.8;      61.6;      63.2;      73.9;     776.9;
      4686;1991-2020;        46;      68.1;      52.1;      57.7;      44.1;      63.9;      62.9;      80.5;      70.9;      57.7;      67.2;        58;        68;       751;
      4687;1991-2020;        46;      49.4;        34;      40.6;      31.6;      52.8;      54.8;      71.8;      57.8;      45.3;      44.4;      42.8;      47.5;     572.7;
      4688;1991-2020;        46;     153.1;     105.6;     111.2;      73.7;      94.7;        98;     126.7;     109.3;     110.6;     120.5;     128.3;     144.9;    1376.7;
      4689;1991-2020;        46;      60.1;      46.4;      46.5;      40.5;      57.7;      61.4;        70;      75.7;      54.5;      63.4;      55.3;      62.6;       694;
      4690;1991-2020;        46;      86.6;        67;      65.9;      53.3;      69.4;      64.6;      82.2;      77.7;      67.3;      70.1;      72.1;      93.2;     869.3;
      4691;1991-2020;        46;      59.4;      53.3;      51.8;      45.2;      64.6;      86.6;      87.4;      83.6;      65.2;      64.1;      61.8;      66.6;     789.5;
      4692;1991-2020;        45;     121.9;      94.7;      89.2;      62.2;      78.3;      81.3;      93.7;      92.2;      83.9;      93.5;     103.3;     128.2;    1141.5;
      4693;1991-2020;        46;     114.4;        92;      86.9;      55.7;      74.8;      76.5;        87;      87.2;      79.3;      89.5;      95.2;     124.1;    1062.5;
      4694;1991-2020;        46;      53.2;      44.4;      53.7;      42.6;      75.7;      83.1;      86.5;      82.5;        59;      56.7;      55.3;      60.1;     752.8;
      4695;1991-2020;        46;     129.2;     101.3;     101.9;      65.9;      85.8;      85.8;     118.2;      88.4;      99.9;     101.9;     111.1;     142.2;    1231.7;
      4696;1991-2020;        46;     102.2;      91.2;     127.8;        99;     162.6;     191.7;     182.3;     181.5;     144.3;     110.6;     109.1;     112.8;    1615.2;
      4697;1991-2020;        46;     109.7;      99.6;     135.5;     109.1;     175.3;     200.5;     193.1;     197.6;     154.5;     117.1;     114.7;     124.1;    1730.7;
      4698;1991-2020;        46;      43.7;      35.3;      38.4;      29.3;      52.5;      60.8;      71.8;      51.2;      44.9;      41.9;        41;      44.3;       555;
      4699;1991-2020;        46;      47.3;      36.5;      40.8;      30.6;        47;      61.5;      66.8;      56.9;      46.3;        46;      40.8;        48;     568.5;
      4700;1991-2020;        46;      64.9;      48.4;      46.6;        37;      46.6;        67;      81.1;      91.1;      82.2;      86.2;      69.5;      74.8;     795.4;
      4701;1991-2020;        46;      53.8;      44.1;      43.5;      35.4;      48.6;      67.1;      71.4;      61.9;      46.9;      48.8;        47;      54.1;     622.7;
      4703;1991-2020;        45;      49.1;      40.8;        47;      52.6;      88.8;      91.6;      99.7;      83.5;      57.5;      56.9;      51.6;      59.6;     782.9;
      4704;1991-2020;        45;      88.4;      83.7;      96.9;        94;     154.4;     172.5;     179.8;       173;     139.9;       109;     112.8;     117.5;    1521.1;
      4705;1991-2020;        46;      72.3;      58.2;      64.8;      52.2;      89.4;      98.9;     104.5;      88.5;      80.4;      71.7;      72.1;      79.6;     932.7;
      4706;1991-2020;        45;      60.2;      50.9;        67;      47.2;      96.6;       105;     107.3;     102.3;      73.8;      63.5;      56.6;      61.2;     900.2;
      4707;1991-2020;        46;      98.8;      75.5;      80.6;      52.9;      76.1;        91;      97.7;      76.5;      80.2;      79.1;      86.9;     109.6;    1004.9;
      4708;1991-2020;        46;     104.3;        94;      88.4;      65.1;      77.5;      85.8;      97.4;      94.5;      86.1;      83.8;      91.5;     112.9;    1081.3;
      4709;1991-2020;        45;      48.8;      43.2;      45.6;      37.2;      65.4;      62.3;      70.6;      62.5;      50.2;      53.7;      50.3;      58.6;     649.3;
      4710;1991-2020;        46;     108.8;      96.7;      94.4;      61.3;      97.7;      88.9;       101;      87.3;      71.7;      90.9;      97.2;     127.2;    1123.1;
      4711;1991-2020;        46;      46.4;      42.7;      46.3;      39.2;      64.1;      63.1;      71.6;      58.1;      52.7;      55.8;      50.6;      55.8;     646.4;
      4712;1991-2020;        46;     138.4;     122.3;     127.2;     100.3;     135.1;     124.3;     131.9;     118.6;     103.7;     128.3;     140.5;     175.4;    1545.9;
      4713;1991-2020;        43;        50;        41;        48;        42;        82;        80;        89;        75;        54;        61;        55;        57;       734;
      4714;1991-2020;        46;      62.9;      59.9;      77.2;        82;     148.6;     171.8;     167.3;     170.2;     113.2;      87.7;      78.2;      69.6;    1288.5;
      4715;1991-2020;        46;      54.7;      48.8;      54.4;      44.3;      61.8;      61.2;      70.5;      62.1;      57.8;      56.4;      56.7;      68.7;     697.3;
      4716;1991-2020;        46;      74.8;      61.8;      60.4;      43.5;      69.7;      63.6;      76.7;      64.7;      57.8;      63.5;      66.8;      82.1;     785.4;
      4717;1991-2020;        46;      85.8;      67.9;      66.4;      50.2;      75.4;      67.9;      93.3;        75;      67.4;      73.5;      75.5;      91.6;     889.8;
      4718;1991-2020;        46;      61.5;        56;      60.3;      41.7;      70.3;      66.6;      78.5;        61;      61.2;      66.8;      66.3;      77.3;     767.6;
      4719;1991-2020;        46;      61.4;      56.6;      61.3;      42.5;      71.2;      65.2;      74.6;      61.5;        61;      68.4;      65.9;      76.4;     766.1;
      4720;1991-2020;        46;      70.6;      61.8;        71;      57.6;      94.1;      81.4;      89.7;      75.8;      74.1;      83.8;      83.7;      87.7;     931.4;
      4721;1991-2020;        46;      70.5;      51.8;      58.7;      42.8;      64.2;        57;      71.8;        58;      56.5;      55.2;      61.4;        69;     716.8;
      4722;1991-2020;        46;      65.7;      49.3;      56.6;        42;      63.7;        57;      71.8;        57;      55.6;      53.1;      59.1;      64.1;       695;
      4725;1991-2020;        46;      57.5;      46.7;      52.8;      44.6;      74.1;      61.8;      88.1;      69.3;      58.5;      53.7;      60.5;      65.6;       733;
      4726;1991-2020;        46;        49;        40;      48.4;      33.9;      56.4;      60.5;      73.7;      73.1;      47.9;      48.1;      49.4;      50.1;     630.5;
      4727;1991-2020;        46;      40.7;      30.5;      39.4;      30.4;      53.6;      54.8;      72.3;      70.3;      47.6;      42.2;        43;      39.9;     564.6;
      4729;1991-2020;        46;      86.6;        71;      67.4;      52.1;      79.6;      69.8;        98;      77.8;      70.3;      77.2;      78.2;      97.7;     925.6;
      4730;1991-2020;        46;      76.1;      62.4;      62.5;      48.1;      72.7;      69.8;      88.6;      71.6;      63.2;      71.4;      72.1;      87.2;     845.4;
      4731;1991-2020;        46;        76;        59;      61.1;        43;      58.7;      78.5;      85.3;      75.5;        74;      69.4;      69.2;      79.9;     829.6;
      4732;1991-2020;        46;      68.6;      56.7;      52.8;      36.4;      55.2;      74.2;      76.8;      79.7;      62.3;      66.3;      64.3;      74.2;     767.6;
      4733;1991-2020;        46;      68.9;      58.4;      58.9;      50.6;      75.2;      72.1;     104.3;      70.9;        69;      65.4;      68.7;      70.1;     832.5;
      4734;1991-2020;        46;      60.4;      49.4;      51.5;      44.1;      71.9;      68.2;      89.3;      68.6;      61.5;      60.4;      60.4;      62.7;     748.3;
      4736;1991-2020;        46;      28.6;        25;      34.3;      29.9;      60.6;      57.7;      69.9;      50.2;      44.7;      35.1;      39.6;      36.8;     512.4;
      4737;1991-2020;        46;      44.8;        36;      47.3;      32.9;      50.7;      54.3;      65.8;      62.1;      51.7;      42.3;      46.6;      46.8;     581.1;
      4738;1991-2020;        46;      96.1;      66.7;      74.3;      55.5;      81.6;      83.1;     103.7;      97.4;      82.5;      85.1;      87.2;      93.8;    1006.9;
      4739;1991-2020;        46;      60.2;      52.7;        56;        42;      61.1;      70.4;      82.7;      76.9;      63.5;      61.7;      61.3;      62.7;     751.2;
      4740;1991-2020;        46;      68.1;      56.2;      53.6;      42.4;      64.1;      61.6;      71.2;      58.4;      59.5;      64.6;      59.4;      80.6;     739.6;
      4741;1991-2020;        45;      94.2;      82.8;      80.2;        59;      72.6;      84.8;      92.9;      95.9;      87.7;      90.5;      95.4;     108.9;    1046.1;
      4742;1991-2020;        46;     112.3;      94.7;      83.8;        64;      76.1;      89.8;     101.3;     104.1;        96;      98.6;     107.7;     123.2;    1151.6;
      4743;1991-2020;        46;      47.4;      36.9;        47;      33.2;      55.5;      62.6;      82.1;      70.7;      49.4;      46.8;      44.6;      49.4;     625.5;
      4744;1991-2020;        46;      60.5;      48.5;      57.7;      46.7;      81.8;      90.6;      91.2;      79.4;      61.4;      62.3;      60.7;        70;     810.6;
      4745;1991-2020;        45;      75.7;      59.8;      58.8;        43;      57.4;      65.5;      82.8;      71.1;      62.6;        65;      62.9;        77;     786.3;
      4746;1991-2020;        46;      77.3;      67.6;      61.4;      48.8;      73.3;      71.5;      77.5;      73.2;      68.7;      75.3;      71.9;        95;     861.5;
      4747;1991-2020;        46;        48;      36.2;      45.1;      34.2;      51.5;      54.1;      69.9;      59.6;      51.9;      50.5;      51.9;      49.5;     602.5;
      4748;1991-2020;        46;      43.1;      35.5;      41.7;      33.7;      54.6;      51.5;      69.3;      51.5;      46.9;      40.7;      47.4;      48.9;     564.9;
      4749;1991-2020;        46;      43.7;      35.6;      41.9;      34.2;      55.7;      53.5;      68.8;      53.6;      46.8;      41.8;      46.2;      49.3;     571.2;
      4750;1991-2020;        46;      48.4;      40.4;        48;      38.4;      66.3;      62.5;      75.8;      60.2;      57.5;      51.1;      52.3;      51.8;     652.7;
      4751;1991-2020;        46;      87.9;      66.3;      63.4;      43.4;      67.8;      74.8;      95.8;      71.4;        68;      68.4;      78.5;        98;     883.7;
      4752;1991-2020;        46;      99.3;      74.6;      75.1;      48.4;      73.7;      81.9;     102.6;      78.2;      79.8;      79.1;      87.9;     109.3;     989.9;
      4754;1991-2020;        46;      66.7;      52.2;      53.3;      41.3;      67.6;      72.1;      86.5;      67.5;      60.7;      58.9;      63.1;      76.3;     766.2;
      4755;1991-2020;        43;       105;        92;       105;        61;       102;       110;       127;       113;        89;        89;        80;       104;      1177;
      4756;1991-2020;        46;     175.8;     116.3;     140.8;      79.5;      99.1;       106;     134.8;     118.9;     128.9;     153.1;     137.5;     177.2;    1568.1;
      4757;1991-2020;        46;        68;      64.8;        73;      73.1;     120.3;     109.5;     116.3;        99;        79;      81.9;      80.9;      83.7;    1049.4;
      4758;1991-2020;        46;      44.3;      36.1;      40.9;      30.5;        52;      57.9;        71;      58.1;        50;      41.2;      41.9;      44.6;     568.7;
      4759;1991-2020;        46;      62.8;      55.4;      64.3;      68.8;       113;     129.1;     128.6;     120.1;      84.9;      75.2;      70.6;      72.1;      1045;
      4760;1991-2020;        46;     117.8;     105.2;       128;      96.1;     151.5;     180.1;     184.8;     181.9;     138.8;     109.8;     113.6;     133.2;    1640.7;
      4761;1991-2020;        46;      57.1;      45.4;      51.1;      40.1;      64.1;        59;      83.6;      67.1;      55.3;        54;      55.3;      61.6;     693.7;
      4762;1991-2020;        46;      63.1;      50.6;      56.5;      45.2;      72.4;      64.1;      84.3;      69.2;        57;      57.2;      64.5;        66;     750.2;
      4763;1991-2020;        43;        56;        43;        50;        40;        62;        58;        83;        67;        55;        52;        53;        59;       678;
      4765;1991-2020;        45;      58.2;      45.8;      51.1;      42.2;      65.6;      58.6;      78.3;      68.1;      57.7;      54.5;        57;      62.1;     695.1;
      4766;1991-2020;        46;      95.5;      82.2;      76.8;      54.4;      71.4;      75.9;      97.3;      89.2;      77.4;        79;      86.4;      97.9;     983.3;
      4767;1991-2020;        46;      77.8;      70.3;      82.7;        59;      85.5;     101.6;       115;     107.4;      91.2;      76.7;        79;      85.7;    1031.8;
      4768;1991-2020;        46;      71.5;      58.2;      60.6;      47.2;      77.8;      67.2;      90.9;      73.3;      62.1;      66.2;      67.5;      77.5;     820.1;
      4769;1991-2020;        46;      54.8;      48.2;      55.7;      54.2;      94.8;      95.4;     101.2;      87.2;      61.7;      65.2;      61.5;        63;     842.9;
      4770;1991-2020;        46;        69;      54.8;      50.6;      43.4;      66.4;      71.6;      68.5;      66.6;      61.6;      63.5;      63.9;      81.6;     761.5;
      4771;1991-2020;        46;      49.3;      39.8;      45.7;        42;      64.9;      62.2;      78.4;      63.9;      55.3;      52.2;      55.6;      53.5;     662.7;
      4772;1991-2020;        46;      65.3;      52.2;      55.6;      45.7;      66.6;        69;      84.8;      66.6;      62.3;      62.1;      66.9;      68.8;     765.9;
      4773;1991-2020;        46;      81.8;        74;      73.6;      51.7;        78;      75.4;      91.7;      66.6;      73.5;      78.5;      80.8;     101.8;     927.4;
      4774;1991-2020;        46;     103.1;      77.4;      76.8;      53.8;      75.2;      72.6;      99.9;      75.8;      79.3;      80.5;      87.5;     105.9;       988;
      4775;1991-2020;        46;      62.6;      48.6;      52.8;      36.2;      64.7;      72.2;      75.3;        66;      62.7;        57;      58.4;      70.7;     727.2;
      4776;1991-2020;        46;      40.5;      33.9;      37.4;      35.6;      61.7;      60.2;      65.5;      47.6;      49.5;      48.9;      47.5;      50.5;     578.9;
      4777;1991-2020;        46;     117.8;     101.7;     110.1;      59.5;     105.1;     120.6;     130.5;     111.9;      87.7;        89;        95;     127.9;    1256.8;
      4778;1991-2020;        46;     115.5;      98.5;     108.4;      56.4;     100.3;     117.2;     127.4;     111.9;      84.4;      87.9;      88.8;     122.8;    1219.5;
      4779;1991-2020;        46;      96.3;      79.3;      75.5;      52.9;      81.9;      68.4;      80.3;      75.5;      70.8;      82.6;      90.1;     120.3;       974;
      4780;1991-2020;        46;      89.9;        72;      72.5;      49.9;      81.2;      65.8;      79.5;      74.4;      69.2;      79.9;      87.2;     113.4;     934.8;
      4781;1991-2020;        46;      55.8;      45.3;      52.4;      37.3;      63.7;      70.3;      81.4;      76.9;        54;      48.1;      51.8;      55.8;     692.8;
      4782;1991-2020;        46;        35;      25.8;      37.3;      27.6;      53.8;      50.5;      68.7;      51.2;      50.1;      40.6;      41.9;      38.6;       521;
      4783;1991-2020;        46;      74.9;      58.6;      56.4;        42;      54.3;      74.9;      82.9;      77.8;      79.7;        69;      71.9;      82.1;     824.5;
      4784;1991-2020;        46;        35;      31.4;      41.2;      33.9;      59.4;      64.8;      85.2;      67.6;      54.5;        44;      46.3;      41.1;     604.3;
      4785;1991-2020;        46;      93.4;      74.6;      84.7;      58.3;      90.8;      90.5;      98.5;      83.5;      70.1;      84.6;      86.6;     108.7;    1024.3;
      4786;1991-2020;        46;      75.8;        55;      55.8;      42.9;      54.5;      63.9;      84.6;        67;      62.1;      65.1;      60.2;      71.6;     758.5;
      4788;1991-2020;        46;      48.4;      38.6;      47.6;      32.6;      61.9;      58.5;      81.6;      69.8;      50.8;      44.3;      47.6;      46.8;     628.4;
      4789;1991-2020;        46;      40.9;      34.1;      43.2;      29.6;      56.6;      59.4;      86.4;      67.2;      46.5;      40.4;      43.6;      41.6;     589.5;
      4790;1991-2020;        46;      79.7;      60.3;      63.8;      44.6;      57.2;      61.9;      75.3;      72.4;      60.6;        71;      64.6;      80.3;     791.6;
      4791;1991-2020;        46;      52.8;      43.2;      49.9;      39.3;      64.6;        58;      76.2;      61.7;      54.5;      52.4;      56.5;      58.4;     667.5;
      4792;1991-2020;        46;     102.4;      85.6;      78.5;        58;      69.7;      77.5;      89.9;      88.8;        81;      85.2;        90;     112.4;      1019;
      4793;1991-2020;        46;      40.4;      29.4;      38.7;      29.7;      51.2;      48.3;      72.7;      59.6;      49.6;      36.9;      43.8;      41.5;     541.9;
      4794;1991-2020;        46;      72.7;      56.6;      55.6;      42.5;      56.5;      70.9;      88.5;      74.4;      62.2;      63.7;      63.6;      75.6;     782.7;
      4796;1991-2020;        46;      48.8;      39.5;      50.7;        34;      59.5;      69.1;      88.1;      77.6;      57.8;      53.7;      48.8;      49.7;     677.2;
      4797;1991-2020;        46;      76.2;      63.7;      75.9;      49.6;      74.2;      82.7;     107.6;      95.6;      76.6;      67.8;        71;        78;       919;
      4798;1991-2020;        46;        67;      50.2;      54.1;      41.1;      65.9;      59.5;      84.1;      61.7;      61.7;      55.9;      62.3;      76.4;     739.7;
      4799;1991-2020;        46;      55.1;      44.1;      46.4;      29.2;      56.9;        64;      86.8;      62.7;      48.9;      44.7;      46.8;      50.9;     636.6;
      4800;1991-2020;        43;        76;        62;        60;        42;        61;        77;        94;        81;        73;        74;        67;        83;       850;
      4801;1991-2020;        46;      77.8;      61.9;      64.8;      46.5;      67.5;      73.2;      91.4;      66.4;        74;      68.1;      76.9;      85.6;     854.2;
      4802;1991-2020;        46;      69.9;      57.1;      55.9;      39.5;      58.7;      74.8;      89.9;      78.7;      71.1;      70.7;      64.2;      77.4;     807.8;
      4803;1991-2020;        43;        63;        49;        51;        38;        51;        77;        84;        72;        72;        67;        65;        72;       761;
      4804;1991-2020;        46;      60.9;      48.4;      47.7;      39.4;      51.8;      62.8;      70.9;      71.7;      56.3;      61.8;      55.8;      64.7;     692.1;
      4805;1991-2020;        46;        62;        47;      49.1;        40;      59.1;      62.2;      73.3;      74.1;      59.5;      60.7;      57.5;        63;     707.4;
      4806;1991-2020;        46;      36.6;      32.1;      44.2;      41.3;      70.9;      67.6;      87.1;      68.3;      52.9;      43.3;        46;      43.3;     633.6;
      4807;1991-2020;        46;        55;      42.6;      42.2;      36.1;      58.9;      58.3;      79.7;      54.8;      55.9;        54;      56.2;      65.9;     659.5;
      4808;1991-2020;        46;      51.7;      40.9;      42.4;        35;      58.8;      60.4;      77.1;      53.6;      53.8;      52.3;      55.5;      62.7;       644;
      4809;1991-2020;        46;      55.7;      46.8;      52.6;      42.6;      67.6;      59.5;      76.9;        62;      54.6;      55.1;      56.5;      61.1;     690.8;
      4810;1991-2020;        46;      69.7;      56.8;      54.6;      44.3;      57.8;      70.7;      80.8;      80.8;      70.1;        68;      67.6;        79;     800.3;
      4811;1991-2020;        46;      62.2;        57;      61.2;      45.9;      70.2;      65.8;      74.6;      66.6;      54.9;      62.3;      64.4;      74.5;     759.6;
      4812;1991-2020;        43;        35;        31;        42;        37;        65;        63;        83;        67;        57;        44;        48;        44;       616;
      4813;1991-2020;        43;        57;        45;        48;        40;        63;        67;        86;        63;        62;        57;        60;        65;       713;
      4814;1991-2020;        46;      49.6;      38.5;      41.6;      31.1;      55.8;      60.3;      80.4;      56.2;      47.8;      45.5;        44;        49;     599.9;
      4815;1991-2020;        46;        40;      33.2;      45.3;      37.2;        64;      76.6;      76.1;      67.4;      57.3;      47.9;        49;      47.4;     641.3;
      4816;1991-2020;        46;      72.3;        58;      62.9;      43.1;      73.8;        92;      87.2;      86.5;        64;        62;      59.9;      78.4;     840.3;
      4817;1991-2020;        46;      93.7;      72.7;      74.8;      51.9;        76;      88.9;     111.1;      88.8;      86.7;      83.9;        88;     102.7;    1019.2;
      4818;1991-2020;        45;      81.1;      63.3;      70.5;      47.4;      68.9;      79.6;     102.6;      81.8;        80;      75.3;      77.7;      93.2;     921.4;
      4819;1991-2020;        46;        50;      39.9;      45.1;      40.4;      72.9;      79.4;        88;        79;      52.9;      53.3;      52.2;      58.4;     711.3;
      4820;1991-2020;        46;      47.4;      42.3;      52.9;      41.4;      64.7;      83.8;      89.8;      79.5;      64.1;      52.5;      55.1;      54.5;       728;
      4821;1991-2020;        43;        40;        32;        40;        35;        63;        54;        73;        58;        53;        40;        44;        45;       577;
      4822;1991-2020;        46;      55.3;      39.9;      51.3;      39.9;      68.7;      64.4;      79.7;      66.3;      56.7;        50;      47.3;      50.8;     670.3;
      4823;1991-2020;        46;      35.1;      31.1;        42;      34.1;      61.3;      64.5;      85.3;      67.3;      54.2;      43.4;      47.5;      41.2;       607;
      4824;1991-2020;        46;      71.1;      60.1;      74.8;      73.7;     128.7;     135.7;       145;       134;      90.9;      78.7;      74.3;      75.2;    1142.2;
      4825;1991-2020;        46;      35.3;      26.2;      33.2;      28.9;      57.2;      49.1;        64;      55.3;      44.5;      37.8;      38.5;      37.6;     507.5;
      4827;1991-2020;        46;      96.8;      82.1;     115.1;      92.3;     156.9;       176;     172.9;     179.6;     132.1;     101.5;      93.3;      96.7;    1495.3;
      4828;1991-2020;        46;      40.8;      39.7;      36.3;      33.4;      52.8;      50.4;      61.5;      51.9;      43.1;      48.7;      45.3;      54.5;     558.3;
      4829;1991-2020;        46;      62.5;      45.5;        50;      46.5;      70.3;        70;      77.4;      68.7;      59.1;      62.5;      60.5;      71.5;     744.4;
      4830;1991-2020;        46;      48.9;      37.1;      41.8;      32.5;      50.9;      68.1;      70.1;      61.2;      48.6;      45.9;      42.3;      50.6;     597.9;
      4831;1991-2020;        46;      47.7;      34.7;      39.9;      29.9;      51.9;      54.1;      71.8;      62.9;      45.5;      39.5;      44.6;      44.3;     566.8;
      4832;1991-2020;        46;      58.1;      44.3;      50.1;      39.8;      64.2;        56;      71.4;      49.6;      56.5;      48.5;      51.6;      58.5;     648.6;
      4833;1991-2020;        46;      77.6;      60.4;        57;      43.7;      55.1;      70.8;      88.6;      77.1;      67.7;      66.5;        67;      78.3;     809.8;
      4834;1991-2020;        46;     100.5;      76.3;      72.9;      54.2;      72.1;      69.9;      75.4;      81.7;      73.8;      81.1;      85.2;     119.8;       963;
      4835;1991-2020;        46;      91.9;      72.8;      69.2;      51.3;      66.2;      64.6;      78.5;      77.8;      66.2;      76.3;      75.3;     102.5;     892.5;
      4836;1991-2020;        46;        43;      33.3;        39;      28.1;      52.6;      56.4;      64.7;      59.7;      48.8;      41.1;      40.8;        46;     553.5;
      4837;1991-2020;        46;      67.1;      66.2;      71.7;      76.7;     116.6;     102.2;     106.3;      98.6;      83.3;      88.5;      91.5;      90.7;    1059.5;
      4838;1991-2020;        46;      62.4;      47.6;      46.8;      39.8;      53.2;      56.9;      74.8;      68.3;      54.4;      61.9;        53;      65.6;     684.8;
      4840;1991-2020;        46;      70.4;      57.7;      54.7;      41.8;      68.1;      59.6;      78.9;        69;      62.2;      65.4;      66.2;      75.9;       770;
      4841;1991-2020;        46;      67.9;      56.5;      51.6;      36.7;      55.7;      79.7;      85.8;      84.3;      77.4;      76.8;      71.2;      76.4;       820;
      4842;1991-2020;        46;      95.3;      71.2;        68;      49.1;      76.4;      66.5;      85.8;        81;      71.5;      82.7;      81.1;     104.3;     932.8;
      4843;1991-2020;        46;      86.3;      67.9;      66.9;      49.4;      73.5;      66.4;      85.6;      71.8;      64.8;      73.3;      76.5;      91.4;     873.8;
      4844;1991-2020;        43;        96;        74;        73;        52;        79;        70;        91;        83;        73;        85;        86;       109;       971;
      4845;1991-2020;        46;      45.9;      37.7;      45.4;      33.8;      57.6;      60.9;      78.7;      74.9;      51.6;      45.8;      46.6;        45;     623.7;
      4846;1991-2020;        46;     114.3;      85.9;      81.5;      54.2;      76.4;      78.4;     101.3;      77.3;      78.7;      83.1;      94.4;     122.8;    1048.4;
      4847;1991-2020;        46;      91.4;      69.8;      72.6;        54;      85.4;      78.6;     102.7;      83.8;      76.9;      77.9;      85.7;        95;     973.8;
      4848;1991-2020;        46;      46.6;        34;      37.8;      28.4;        49;      56.7;      74.3;      56.2;      48.7;      43.9;        41;      44.4;     560.8;
      4849;1991-2020;        46;        76;      61.4;      58.1;      42.9;      60.9;      68.5;      76.9;      83.2;      69.2;      68.9;      69.7;      80.6;     816.2;
      4850;1991-2020;        43;        67;        64;        83;        83;       141;       162;       168;       167;       109;        85;        77;        75;      1281;
      4851;1991-2020;        46;      54.3;      44.6;      44.6;      34.9;      52.9;      66.9;      70.1;      70.8;      57.9;      54.3;      51.2;      57.3;     659.8;
      4852;1991-2020;        46;      78.7;      59.8;        56;      43.1;      62.4;      69.9;      74.6;      78.1;      76.5;      69.8;      73.4;        80;     822.4;
      4853;1991-2020;        46;        55;      48.6;      61.2;      64.7;     103.3;     119.8;     119.7;       116;      78.7;        68;        67;      67.5;     969.6;
      4854;1991-2020;        43;       149;       117;       113;        72;        94;        89;       124;       100;       105;       112;       126;       162;      1363;
      4855;1991-2020;        46;      85.9;      64.5;      64.3;      43.4;      57.9;      66.2;      80.6;      78.7;      65.1;      72.6;      67.3;      85.2;     831.8;
      4856;1991-2020;        46;      69.5;      57.2;      56.9;      41.2;      54.4;      71.5;      76.4;      76.2;      56.7;      61.7;      61.2;      75.8;     758.7;
      4857;1991-2020;        45;        69;      60.1;      56.7;      38.7;      58.9;      72.4;      91.2;      80.5;      68.1;      67.1;      63.7;        77;     801.6;
      4858;1991-2020;        46;      56.6;      50.3;      62.1;      51.4;      90.1;      99.1;     111.8;      99.2;      70.3;        64;      58.5;      66.5;       880;
      4859;1991-2020;        46;      68.9;      63.2;      61.1;      48.8;      85.8;      73.5;      77.8;      67.7;      65.2;      72.2;      73.6;      85.5;     843.3;
      4860;1991-2020;        46;      73.1;      54.3;      56.9;      42.3;      65.9;      64.5;      76.8;      65.7;      59.3;      60.7;      65.1;      72.6;     757.3;
      4863;1991-2020;        46;      37.1;      29.8;      39.3;        34;      56.2;      54.3;      67.4;      54.2;      49.5;      37.4;      42.2;      40.9;     542.3;
      4864;1991-2020;        46;      40.2;      32.6;      42.5;      37.3;      57.1;      56.4;      65.9;      58.2;      50.5;      42.2;      48.5;      44.8;     576.4;
      4865;1991-2020;        46;       101;      79.3;      79.2;      52.1;      73.9;      83.2;     100.7;      84.4;      77.2;      78.4;      89.8;     110.7;    1009.7;
      4866;1991-2020;        46;      63.7;      49.6;      50.7;      38.1;        53;      67.3;      77.9;      68.1;      55.9;      57.6;      55.2;      66.2;     703.3;
      4867;1991-2020;        43;        53;        44;        52;        41;        64;        71;        88;        76;        64;        54;        58;        61;       726;
      4868;1991-2020;        46;      60.6;      43.4;      49.4;      35.4;      59.5;      51.8;      70.6;        55;      52.9;      51.6;      58.9;      61.9;       651;
      4871;1991-2020;        46;        55;      44.7;      42.7;      35.1;      50.7;      66.4;      72.4;      62.1;      52.7;      51.4;        50;      58.2;     641.4;
      4872;1991-2020;        46;      47.6;      50.1;      53.9;      43.4;        72;      63.1;        79;      66.2;      57.6;      67.2;      60.3;      66.4;     726.7;
      4873;1991-2020;        46;      72.1;      53.3;      48.7;      36.5;      54.3;      72.6;      87.1;      86.5;      73.2;      77.9;      66.4;      76.2;     804.7;
      4874;1991-2020;        46;      38.6;      37.4;      37.1;      31.8;      51.7;      46.5;      59.3;        57;      41.9;      45.5;      43.2;      51.6;     541.8;
      4875;1991-2020;        46;      63.5;      50.2;      58.9;      54.7;      92.5;        93;     103.1;      83.7;      60.2;      66.9;      59.4;      72.6;     858.6;
      4876;1991-2020;        46;      42.5;      29.6;      38.7;      28.8;      54.8;      53.4;      72.5;      55.7;      51.5;      40.4;        43;      43.8;     554.6;
      4877;1991-2020;        46;     118.8;     110.8;     131.2;     109.2;     184.2;       197;     204.6;     201.4;     151.5;     132.4;     134.3;     144.6;      1820;
      4878;1991-2020;        43;        91;        67;        68;        48;        66;        62;        74;        64;        65;        67;        71;        83;       826;
      4879;1991-2020;        46;      40.6;      32.3;      43.2;        39;      74.3;      72.8;      83.3;      72.6;      48.9;      47.2;      46.5;      52.5;     653.1;
      4881;1991-2020;        43;        51;        47;        53;        57;        97;        98;       111;        88;        62;        62;        59;        64;       849;
      4882;1991-2020;        46;      37.5;      36.4;      38.1;      33.3;      59.4;      56.4;        62;      55.3;      46.3;      47.6;      46.1;      49.8;     568.1;
      4883;1991-2020;        46;      62.4;      47.4;      46.3;      41.8;      51.9;      58.5;      78.6;      69.2;      54.8;      62.7;      54.8;      66.2;     694.6;
      4884;1991-2020;        46;      58.9;      47.5;      53.7;      41.6;      63.9;      65.2;      73.2;      64.1;      58.8;      56.8;      60.7;        70;     714.3;
      4885;1991-2020;        46;     101.8;      82.5;      83.9;      57.1;      75.6;        85;      99.3;      82.6;      86.3;      80.3;      85.7;     110.1;    1030.3;
      4887;1991-2020;        45;      75.7;      61.4;        79;      62.6;     108.8;     100.4;     127.1;      97.8;        82;      83.4;      83.3;      85.5;    1053.4;
      4888;1991-2020;        46;      65.3;      48.9;      45.4;      36.3;      51.9;      70.4;      76.2;      77.9;      66.9;      65.3;      59.7;      65.2;     729.3;
      4889;1991-2020;        46;      65.1;      64.8;      59.8;      48.2;      64.3;      73.1;      73.7;      81.2;      62.6;      63.5;      62.3;      75.9;     794.5;
      4890;1991-2020;        46;        67;      50.1;      57.9;      40.3;      62.7;      53.3;      71.6;      54.9;      56.2;      58.7;        61;      72.1;     705.8;
      4891;1991-2020;        46;      80.5;      62.4;      58.5;      41.6;        57;      75.9;      90.5;      86.2;        79;      91.2;      74.9;      83.9;     881.6;
      4892;1991-2020;        46;      65.5;      53.4;      68.8;      52.1;      78.8;      86.6;     107.9;      97.5;      75.9;      70.4;      67.7;      67.7;     892.5;
      4893;1991-2020;        46;      54.2;        43;      43.2;      35.8;      48.5;      62.3;      73.3;      67.7;      48.2;      49.5;      48.5;        55;     629.3;
      4894;1991-2020;        46;      51.6;      40.8;      44.5;      30.1;      53.6;      57.5;      79.6;      60.5;      48.1;      46.3;      45.5;      51.8;       610;
      4895;1991-2020;        46;        69;        53;      61.2;      42.6;      67.9;      78.7;      91.1;      89.3;      61.5;      60.7;      62.4;      68.5;     805.9;
      4896;1991-2020;        45;      76.8;      55.5;      52.3;      36.4;      54.9;      72.9;      82.2;      82.9;      73.1;      78.2;      65.2;      76.2;     809.2;
      4897;1991-2020;        46;      67.5;      52.3;      47.1;      37.3;      52.2;      68.7;      75.2;      75.2;        63;      66.2;      60.2;      69.3;     734.2;
      4898;1991-2020;        46;      44.4;      35.9;      41.1;      29.1;      49.5;      58.8;      78.6;      55.5;      47.3;      39.9;      40.3;      42.4;     562.7;
      4899;1991-2020;        46;      60.5;      42.1;      46.2;      33.5;        55;      62.1;      74.8;        67;        52;      45.9;      53.1;        56;     648.3;
      4900;1991-2020;        46;      60.7;      52.6;      51.6;      39.2;      56.2;      63.5;      76.1;      72.4;      60.8;      61.6;        65;      69.9;     729.6;
      4902;1991-2020;        46;      51.2;      42.2;      43.9;      35.6;        50;      71.5;        64;      72.4;      56.2;        56;      49.8;      55.4;     648.1;
      4903;1991-2020;        46;      66.6;      47.8;      46.1;      36.7;      52.2;        65;      74.5;        73;      63.9;      66.7;        60;      65.7;     718.1;
      4904;1991-2020;        46;      47.1;      36.3;      40.9;      29.5;        48;        64;      73.8;      54.6;      48.2;      48.3;      44.4;      44.8;     579.9;
      4905;1991-2020;        46;      54.9;      47.8;      60.3;      47.1;      89.5;      99.9;     101.9;      97.7;      69.1;      61.6;      54.5;      59.4;     843.8;
      4906;1991-2020;        46;      77.8;      57.2;      62.3;      42.7;        66;      54.8;      69.8;      58.4;        58;      59.3;      63.7;      75.4;     745.4;
      4907;1991-2020;        46;        56;      44.7;      52.2;        37;      70.8;      82.2;      79.7;      80.7;      57.7;      53.8;      52.2;        61;       728;
      4908;1991-2020;        46;      72.9;      61.9;      80.1;      75.8;       130;     140.5;     145.4;     133.8;      91.4;      77.8;      73.6;      76.6;    1159.8;
      4909;1991-2020;        46;      94.2;      86.8;      89.6;      63.9;     100.2;      86.5;      91.4;      85.1;      77.7;      92.4;      91.4;     111.3;    1070.5;
      4910;1991-2020;        46;      50.8;      43.3;      48.5;      36.8;      68.9;        79;      79.4;      74.8;      60.7;        52;      51.6;      58.8;     704.7;
      4911;1991-2020;        45;      47.3;      40.7;      48.2;      35.1;        77;      80.7;      76.4;      72.4;      60.5;      48.7;      47.2;      49.3;     684.4;
      4912;1991-2020;        43;        49;        37;        42;        30;        56;        61;        74;        56;        47;        43;        43;        45;       583;
      4913;1991-2020;        46;      29.5;      25.6;      33.9;        29;      55.9;      51.2;      68.5;      51.1;      42.6;      35.9;      39.7;      38.1;     500.9;
      4914;1991-2020;        46;      27.5;      24.1;      32.3;      28.8;      55.1;      50.6;      67.4;      49.6;      41.5;      34.5;      37.9;      35.8;     485.1;
      4915;1991-2020;        46;      46.5;        34;      43.7;      30.8;      52.9;      56.9;      76.9;      65.8;      50.5;        43;      45.7;      45.1;     591.9;
      4916;1991-2020;        46;      56.7;      44.1;      44.5;      35.7;      61.6;      57.7;      86.6;      57.2;      59.3;      51.1;        56;      65.6;     676.1;
      4917;1991-2020;        46;      70.5;      56.3;      58.1;      43.8;      61.4;      67.1;      87.9;      86.2;      65.1;      66.9;      71.2;      77.6;     812.2;
      4918;1991-2020;        46;      48.6;      41.9;      41.9;        35;      56.6;      56.4;      60.2;      53.1;      46.1;      49.3;        51;      60.2;     600.3;
      4920;1991-2020;        46;      73.3;      58.4;      57.6;        43;      53.7;      76.9;      92.7;      77.2;      75.2;      71.7;      68.5;      81.2;     829.4;
      4921;1991-2020;        46;      44.8;      34.8;      38.2;      26.9;        53;      56.7;      67.3;      52.6;      43.5;      41.3;      40.5;      42.8;     542.5;
      4922;1991-2020;        46;      51.3;      38.2;      43.6;      29.2;      43.9;      60.7;      72.8;      58.1;        52;      48.6;      46.2;        48;     592.5;
      4923;1991-2020;        46;     101.6;        80;      80.2;      69.7;      99.4;      98.2;     103.9;      89.8;      72.2;      87.8;      85.8;     114.7;    1083.3;
      4925;1991-2020;        46;       112;      88.7;      93.3;        65;      86.2;      79.9;     111.1;      85.9;      92.7;      94.3;     104.1;     121.5;    1134.9;
      4926;1991-2020;        46;        39;      33.1;        40;        35;      72.8;      76.8;      77.5;      67.9;      47.2;      52.1;      49.2;      47.2;     637.7;
      4927;1991-2020;        46;      42.4;      35.5;      44.6;      37.8;      79.1;      77.5;      82.6;      70.6;      50.7;      53.3;        51;      50.4;     675.5;
      4928;1991-2020;        43;        44;        37;        44;        38;        78;        77;        84;        74;        52;        56;        53;        54;       691;
      4931;1991-2020;        45;      40.3;      33.4;      43.1;      37.6;      78.4;      89.3;      86.5;      69.8;      49.9;      56.1;      50.4;      46.1;     680.8;
      4932;1991-2020;        46;      44.8;      35.9;      49.2;      38.1;        77;      75.5;      77.7;      71.6;      50.5;      54.8;      51.7;      54.4;     681.1;
      4933;1991-2020;        46;      39.7;      33.2;      41.6;      36.8;      77.6;      86.2;      85.3;      70.7;        49;        54;      49.1;      44.7;     667.9;
      4934;1991-2020;        46;      49.6;      45.3;      50.8;      45.5;      84.7;      89.3;      90.4;      70.9;      56.8;      61.3;      60.7;        59;     764.2;
      4935;1991-2020;        46;      45.8;      40.4;      49.9;      41.6;      82.6;      72.5;        88;      75.1;      59.2;      61.6;      56.9;      58.2;     731.8;
      4936;1991-2020;        46;     128.1;     104.5;     139.5;     118.8;       196;     236.4;     245.4;     238.7;     163.7;     129.8;     122.7;     116.3;    1939.9;
      4937;1991-2020;        46;     101.7;      94.9;     122.3;      98.5;     168.7;     197.3;     194.1;       200;     138.2;     106.5;     103.2;     111.5;    1636.8;
      4938;1991-2020;        46;      71.3;      51.5;      54.4;      40.6;      54.9;      67.2;      77.4;      62.2;      53.5;      60.5;      59.2;      67.9;     720.5;
      4940;1991-2020;        46;      67.7;      51.2;      50.1;      42.6;        55;      64.5;      81.2;      91.8;      81.8;      73.2;      70.3;      73.8;     803.2;
      4941;1991-2020;        46;      70.3;      54.3;        50;      42.3;      53.9;      75.8;      92.2;       107;      89.3;        93;      78.3;      83.5;     889.9;
      4942;1991-2020;        46;      77.9;      58.8;      53.9;      40.2;      51.5;      72.5;      93.4;      92.6;        87;      91.8;      75.6;      87.3;     882.6;
      4943;1991-2020;        46;      68.1;      52.7;      53.4;      43.6;      57.5;      63.9;      81.7;      69.6;      63.4;      63.3;        59;        72;     748.1;
      4944;1991-2020;        46;      55.3;      42.8;      44.6;      34.8;      51.8;      65.9;      73.3;      64.9;      57.2;      57.2;      51.6;      60.5;     659.8;
      4945;1991-2020;        46;     144.7;      93.4;      90.1;      57.2;      72.4;      75.2;      97.4;      65.4;      77.9;      93.6;     111.2;     143.6;    1122.1;
      4946;1991-2020;        46;      49.6;        40;        54;      48.1;      89.7;        97;     101.5;      91.5;      65.7;      55.1;      55.9;      57.3;     805.3;
      4948;1991-2020;        46;      60.5;      47.3;      47.6;      41.1;      47.7;        60;      69.3;      68.9;      53.7;      61.4;      55.5;      65.5;     678.5;
      4949;1991-2020;        46;      48.3;      43.6;      48.4;      36.4;      66.5;      64.8;      73.3;      59.2;      52.9;      54.4;      53.8;      59.8;     661.4;
      4950;1991-2020;        46;      91.8;      74.1;      74.2;      53.9;      76.8;      74.4;      98.5;      72.4;      77.1;      77.1;      86.4;     103.7;     960.3;
      4951;1991-2020;        46;        96;      78.7;      72.5;        52;      77.8;      75.3;      97.8;        71;      75.7;      76.3;        86;       107;       966;
      4952;1991-2020;        46;     112.5;      87.3;      86.7;      62.5;      86.3;      83.9;     109.5;      81.9;      90.8;      90.8;     104.7;     121.7;    1118.5;
      4953;1991-2020;        46;      67.3;      51.7;      50.4;      41.4;      51.2;      60.1;      69.6;        70;      56.1;      62.1;      58.2;      70.3;     708.3;
      4954;1991-2020;        46;      67.6;      53.4;      56.8;      38.5;      68.1;      75.4;      76.8;      68.4;      63.2;      59.1;      61.5;      74.6;     763.3;
      4955;1991-2020;        46;      53.5;      49.8;      52.6;      44.8;      70.9;      61.9;      72.9;      68.2;      57.3;      57.5;      59.1;      64.6;       713;
      4956;1991-2020;        46;      81.2;      74.7;      61.7;      47.1;      75.4;      59.7;      78.5;      67.6;      69.1;      77.8;        83;     108.4;     884.1;
      4957;1991-2020;        46;      60.7;      50.9;      47.2;      38.8;      59.2;      61.4;      69.2;      59.8;      55.9;      60.3;        59;      72.6;       695;
      4958;1991-2020;        46;      53.5;      42.6;      44.3;      37.2;      60.4;      57.1;      76.2;      53.2;      51.8;      49.9;      54.5;      63.7;     644.2;
      4959;1991-2020;        46;     107.5;      86.9;      83.3;      57.4;      75.6;      77.6;      97.6;      88.9;      85.2;      85.6;      94.2;     110.2;      1050;
      4960;1991-2020;        46;      98.3;      79.9;        82;      58.4;      75.1;      77.2;      99.4;      92.6;      81.8;      80.8;      90.1;     101.1;    1016.6;
      4961;1991-2020;        46;      99.3;      83.7;      80.1;      55.1;      71.7;      75.9;      98.7;      90.4;        81;      80.2;      89.6;     101.7;    1007.4;
      4962;1991-2020;        46;     142.1;     112.4;     106.1;      70.3;      92.5;      92.9;     115.4;     112.6;     108.8;     107.3;     123.8;     145.3;    1329.5;
      4963;1991-2020;        46;      46.5;      36.1;      40.3;      33.3;      55.9;      49.9;      66.1;      52.6;      43.3;        42;      45.7;        51;       563;
      4964;1991-2020;        46;        71;        57;      55.3;      41.5;      57.1;      72.7;      82.1;      77.9;      74.8;      66.3;      64.2;      80.6;     800.4;
      4965;1991-2020;        46;        70;        56;      50.2;        38;      53.5;      68.3;      93.6;      81.8;      81.8;      80.5;      69.2;      74.9;     817.8;
      4966;1991-2020;        46;      84.7;      68.8;      75.5;        57;      78.8;      76.1;      96.7;        73;      78.7;      74.3;      83.2;      90.7;     937.2;
      4967;1991-2020;        46;      60.2;      53.4;        69;      56.9;     111.5;     118.2;     120.4;     122.6;      84.3;      68.9;      62.5;      67.5;     995.4;
      4968;1991-2020;        46;      60.8;      49.7;      53.3;        42;      67.8;      81.1;      81.6;      74.7;      65.7;      58.3;      56.7;      66.5;     758.2;
      4969;1991-2020;        46;      56.6;      49.8;      63.6;      65.3;     106.8;       109;     123.4;     114.4;      75.6;      70.8;      64.6;      67.2;     967.2;
      4970;1991-2020;        46;      62.8;      54.8;      60.7;      60.6;     105.9;        95;     100.5;        89;      63.8;      70.4;        64;      73.5;     901.1;
      4971;1991-2020;        46;      72.6;      56.7;        56;        45;      55.6;      73.7;      79.1;      73.4;      57.3;      61.5;      61.9;      74.7;     767.7;
      4972;1991-2020;        46;      38.9;      32.5;      40.8;        35;      57.3;      65.4;      77.6;      67.9;        58;      48.6;        46;      43.7;     611.8;
      4973;1991-2020;        46;     104.1;      83.7;      90.7;      64.4;      90.2;      74.1;     112.7;      78.8;      87.5;        89;      94.7;     109.3;    1079.2;
      4974;1991-2020;        46;     105.2;      84.4;      88.8;        63;      89.5;      74.7;     115.1;      81.2;      86.9;      87.9;      95.8;     112.1;    1084.3;
      4975;1991-2020;        46;      85.9;      69.2;      81.3;      59.8;      85.9;      71.4;     101.2;      74.5;      80.3;      77.4;      84.8;      93.7;     965.5;
      4976;1991-2020;        46;      45.3;      34.3;      38.4;      27.3;      51.1;      55.2;        71;      56.3;      47.6;      42.3;      41.4;      45.8;       556;
      4977;1991-2020;        46;      41.1;      31.1;      34.4;      26.4;      49.7;      57.1;        68;      53.8;      46.7;        42;      38.3;      40.1;     528.5;
      4978;1991-2020;        45;      68.2;      50.1;      58.5;      47.1;      80.1;      68.5;      91.6;      70.2;      60.8;      62.4;      64.5;      73.7;     789.7;
      4979;1991-2020;        46;      52.4;      42.9;      51.3;      41.8;      65.7;      73.5;      87.5;      76.3;      62.9;      53.3;      57.8;      59.5;     724.8;
      4980;1991-2020;        46;     112.5;        82;      89.1;      52.2;      70.2;        64;      87.6;      71.9;      67.5;        79;      85.6;     113.6;     975.4;
      4981;1991-2020;        46;      41.1;      36.7;      44.5;      34.6;      61.8;        67;      83.7;      76.6;      55.1;      48.9;      48.2;      45.4;     643.6;
      4982;1991-2020;        46;      84.7;      68.9;      81.4;      56.8;      80.3;      91.4;     101.6;     100.3;      78.2;      74.2;      80.4;      86.5;     984.5;
      4983;1991-2020;        46;      41.7;      35.4;      49.6;      39.2;      68.4;      67.1;      89.7;      67.4;        59;      48.6;      51.4;      49.3;     666.9;
      4984;1991-2020;        46;        37;        29;      37.5;      27.9;      54.7;      54.4;      77.4;      57.6;      47.8;        41;      34.7;      36.3;     535.3;
      4985;1991-2020;        46;        68;      50.4;      47.8;        38;      45.9;      67.3;      77.9;      93.8;      82.6;      93.1;        75;      78.9;     818.7;
      4986;1991-2020;        46;      86.7;        79;     107.3;      85.5;     133.9;     165.3;     168.2;     174.7;     121.4;      91.3;      90.5;      91.9;    1395.5;
      4987;1991-2020;        46;        53;      41.8;        49;      38.5;      63.1;      58.7;      69.4;      55.2;      47.3;      55.9;      53.9;      64.2;       650;
      4988;1991-2020;        46;      48.8;      37.7;      48.4;      34.8;      55.4;      58.2;      85.5;      65.5;      56.6;        44;      51.3;      50.6;     636.9;
      4989;1991-2020;        46;      47.7;      39.9;      45.5;      32.6;        59;      61.2;      82.3;      64.5;      49.9;      42.7;      45.5;      47.9;     618.8;
      4990;1991-2020;        46;      59.1;      49.7;        64;      48.5;      90.2;     100.5;     105.5;      97.5;      70.5;      63.1;      58.9;        66;     873.5;
      4991;1991-2020;        46;      71.8;      60.9;      59.8;      47.5;      64.7;      67.4;      76.9;      56.8;      59.2;      68.9;      67.7;        81;     782.6;
      4992;1991-2020;        46;      56.4;      47.8;      49.4;      43.1;      60.7;      61.4;      70.6;      58.7;      51.3;        55;      53.9;      64.3;     672.5;
      4993;1991-2020;        46;      59.4;        51;      53.1;      45.7;      63.7;        65;      73.5;      61.8;        55;      59.4;      57.8;      68.7;     714.1;
      4994;1991-2020;        46;      48.2;        38;        37;      30.3;      49.4;      56.1;      68.9;      72.2;      54.3;      48.8;      44.1;      46.4;     593.6;
      4995;1991-2020;        46;      77.2;        59;      57.2;      42.3;      57.9;      70.9;      79.3;      83.9;      70.2;      70.9;      69.5;      79.2;     817.3;
      4997;1991-2020;        45;        37;      32.2;      41.6;      32.9;      61.1;      62.7;      81.6;      70.2;      56.6;      45.1;      46.5;      39.6;     612.6;
      4998;1991-2020;        46;      41.6;        36;      44.2;      35.5;      67.8;      69.2;      86.5;        74;      61.1;      50.6;      51.5;      50.2;     668.3;
      5000;1991-2020;        46;      84.6;      72.9;     103.9;      77.6;     135.7;     149.1;     139.8;     153.8;     108.7;      87.1;      80.7;      88.1;    1282.1;
      5001;1991-2020;        46;       118;      97.7;       142;      97.8;     156.5;     180.8;     172.1;     176.2;     138.1;     109.6;     109.9;     123.1;    1621.8;
      5002;1991-2020;        46;      72.1;      57.5;      63.3;      46.2;      81.8;      97.4;     102.3;      96.8;      72.5;      64.9;      62.8;      79.1;     896.7;
      5003;1991-2020;        46;      69.5;      53.7;      53.1;      42.6;      53.7;      66.2;      69.1;      70.2;      61.6;      60.1;      63.5;      73.4;     736.6;
      5004;1991-2020;        46;      82.2;      65.4;      58.2;      43.4;      58.3;      79.6;      97.5;     101.9;      91.2;      93.5;      80.3;      92.8;     944.3;
      5005;1991-2020;        46;      64.7;      52.3;      49.4;        43;      61.7;      65.9;      67.7;      60.5;      60.2;      63.9;      62.7;      81.4;     733.4;
      5006;1991-2020;        43;        50;        39;        41;        30;        53;        55;        76;        55;        53;        48;        44;        51;       595;
      5007;1991-2020;        46;        31;      27.2;      36.1;      30.5;      55.3;      54.6;      70.7;        49;      44.5;      37.1;      41.9;      38.8;     516.7;
      5008;1991-2020;        46;      54.8;      45.9;      45.3;      35.4;      51.8;      72.6;      74.3;      68.3;      55.3;      54.3;      52.8;      60.1;     670.9;
      5009;1991-2020;        43;        49;        35;        40;        32;        50;        62;        68;        57;        49;        47;        43;        51;       583;
      5011;1991-2020;        43;       122;        90;        92;        58;        75;        74;       100;        73;        82;        88;        97;       130;      1081;
      5012;1991-2020;        46;      59.8;      59.7;      72.1;      73.2;     120.1;     135.4;     132.6;     129.1;     101.1;      82.8;      79.9;      87.2;    1132.9;
      5013;1991-2020;        46;      47.9;      39.4;      43.6;      34.8;      64.1;      72.9;      72.2;      70.6;      56.7;        48;      47.7;      53.8;     651.8;
      5014;1991-2020;        45;      71.7;      52.6;      52.1;      40.4;      51.3;      69.6;      84.7;      77.4;      68.7;      65.6;      61.4;      72.7;     768.1;
      5015;1991-2020;        46;      92.5;        75;        76;      53.1;      81.3;      88.6;      91.2;      84.7;      79.9;      77.3;        80;      99.5;     979.1;
      5016;1991-2020;        46;      44.6;      34.5;      39.8;      29.5;      54.4;      54.9;      74.8;      57.4;      46.3;        39;      42.2;      43.8;       561;
      5017;1991-2020;        45;     104.8;      80.3;      77.3;      51.5;      74.7;      80.9;      98.9;      80.5;      82.3;      78.7;      88.8;     117.1;    1024.1;
      5018;1991-2020;        46;      30.4;      25.4;      34.8;      27.2;      54.1;      49.7;      74.1;      52.8;      46.8;      33.1;      38.7;      34.9;     502.1;
      5019;1991-2020;        46;      59.4;      43.1;      46.3;      36.4;      52.1;      68.6;      79.3;      67.5;      51.6;      54.8;      53.1;      56.6;     668.8;
      5020;1991-2020;        46;      69.1;      55.8;      62.3;      48.6;        79;        71;      92.4;      68.1;      68.3;      65.7;      69.4;      75.1;     824.8;
      5021;1991-2020;        46;      41.2;        33;      40.4;      33.4;      56.2;      52.8;      59.5;      47.5;      44.6;      38.1;      41.6;      43.1;     531.3;
      5022;1991-2020;        46;      92.3;      87.2;     106.1;      89.2;     150.3;     160.8;     167.5;     162.9;     116.3;      95.4;        94;     102.9;      1425;
      5023;1991-2020;        46;      58.8;      46.9;      53.6;      40.7;        77;      76.1;        85;      79.3;      58.5;      54.8;      57.4;      64.3;     752.4;
      5024;1991-2020;        43;        43;        32;        39;        29;        55;        57;        68;        61;        49;        44;        41;        45;       563;
      5026;1991-2020;        46;      71.9;      53.2;      53.3;        42;      67.1;      66.6;      87.1;        62;      62.7;      61.4;      64.8;      80.7;     772.6;
      5027;1991-2020;        46;      54.9;      43.1;      48.8;      35.3;      62.1;      68.7;        85;      76.8;      60.6;      54.7;      52.9;      60.2;     703.2;
      5028;1991-2020;        46;      51.4;      36.7;        43;      29.8;      57.6;        59;        72;      58.8;        54;      43.2;      47.9;      49.6;     602.9;
      5029;1991-2020;        45;     103.7;      83.8;      78.1;      50.2;      75.9;      71.8;      78.2;      73.4;      72.1;      86.9;      94.1;     122.2;     983.9;
      5030;1991-2020;        46;      45.6;      40.6;      51.2;      39.7;      68.4;      76.4;      92.1;      78.1;      63.8;      55.6;      54.4;      53.7;     719.6;
      5031;1991-2020;        46;      36.3;      30.8;      40.7;      32.6;      57.2;      58.6;      81.5;      61.7;      51.8;      39.6;      45.1;      40.1;       576;
      5032;1991-2020;        46;      49.2;      42.6;      45.1;      36.8;        64;      58.5;      70.6;      55.8;      48.7;      50.6;        54;      63.1;     639.1;
      5033;1991-2020;        46;      69.9;      53.1;      55.4;      38.4;      62.8;        68;      91.4;      63.1;      64.7;      58.6;      64.4;        76;     765.7;
      5034;1991-2020;        46;        75;      56.9;      59.9;      41.6;      64.4;      73.2;      86.3;      67.8;      73.6;      63.5;      69.7;      81.2;       813;
      5035;1991-2020;        46;      76.3;      63.5;      76.6;      48.9;        92;      98.4;     109.4;      94.2;      69.6;      66.3;      66.7;      79.1;     941.1;
      5036;1991-2020;        46;      69.6;      56.2;      57.2;      42.3;      68.9;      84.5;      83.8;      75.9;      64.7;      61.8;      60.9;      76.7;     802.5;
      5037;1991-2020;        46;      55.6;      51.4;      56.7;      45.5;      80.4;      73.6;        79;      72.6;      55.6;      60.9;      63.3;      68.7;     763.3;
      5038;1991-2020;        46;      76.3;      59.2;      64.2;      49.4;      82.8;      90.9;     108.8;      81.7;      81.4;      72.9;      79.9;      87.5;     934.9;
      5039;1991-2020;        46;      44.2;      36.9;      43.3;      36.2;      59.4;      56.3;      71.3;      60.9;      46.6;      46.5;      48.1;      50.8;     600.7;
      5040;1991-2020;        46;      53.7;        42;      46.1;      31.9;      59.7;      62.3;        77;      60.4;      51.7;      46.3;        46;      50.6;     627.6;
      5042;1991-2020;        46;      47.2;        35;      44.3;        30;      49.3;      50.1;      78.9;      59.1;      50.3;      41.5;      48.3;      47.9;     581.8;
      5043;1991-2020;        46;      58.5;      48.8;      45.4;        35;      48.6;      70.3;      71.9;      78.3;      52.8;      55.7;      54.3;      62.9;     682.4;
      5044;1991-2020;        46;        44;      34.2;      42.9;      33.8;      58.6;      54.7;      64.6;      50.9;      46.6;        41;      42.7;      45.1;     559.2;
      5045;1991-2020;        46;      53.3;        44;      53.9;      43.9;      73.9;      88.5;      95.5;        85;      70.9;      61.7;      58.3;      61.4;     790.3;
      5046;1991-2020;        43;        57;        44;        52;        38;        65;        74;        82;        71;        62;        57;        56;        65;       723;
      5047;1991-2020;        46;     111.3;      97.8;      92.4;      76.4;     110.4;     101.4;     109.3;      96.4;      81.9;      98.2;     106.1;     134.5;    1216.1;
      5050;1991-2020;        46;      54.9;      50.8;      64.4;      57.4;     116.9;     128.2;     126.9;     114.4;        94;      70.5;      60.7;      58.6;     997.6;
      5051;1991-2020;        46;     102.2;        82;      81.1;      57.1;        79;      88.9;     103.2;      86.1;      84.5;      86.1;      89.3;       110;    1049.4;
      5053;1991-2020;        46;      66.2;        55;      62.6;      45.8;      79.9;        83;      93.5;      86.3;      60.9;      64.2;      66.8;      75.4;     839.7;
      5054;1991-2020;        46;     103.9;      86.2;      91.1;      54.8;      96.5;     101.5;     109.6;     103.2;        79;      74.8;      84.1;     106.4;      1091;
      5055;1991-2020;        46;      63.4;      55.9;      77.8;      57.9;     110.8;     121.3;     120.2;     120.8;      83.9;      68.9;      65.6;      70.2;    1016.8;
      5056;1991-2020;        46;      46.1;      40.6;      48.4;      39.5;      64.4;      69.2;      84.7;        75;      60.3;      52.7;      53.6;      54.5;     689.1;
      5057;1991-2020;        46;      78.3;      63.5;      58.1;      40.4;      59.1;      79.9;      96.4;      88.4;      78.4;        84;        74;      86.9;     887.3;
      5058;1991-2020;        46;      69.3;      57.7;      57.1;      42.5;      56.8;      70.8;      78.3;      77.2;      58.2;      61.2;      61.4;      75.2;       766;
      5059;1991-2020;        45;     200.8;     170.3;     161.9;     114.1;     145.8;     129.4;     132.1;     129.3;     123.6;       155;     176.5;     245.6;    1893.7;
      5060;1991-2020;        46;     135.5;     116.5;     116.8;     100.6;     139.4;     118.4;     124.4;     117.7;     106.4;     132.8;     142.1;     173.3;    1523.8;
      5061;1991-2020;        46;     157.4;     137.8;     128.3;     112.9;     149.8;     130.2;     136.7;     129.5;     121.3;     146.9;     164.7;     197.3;    1712.7;
      5062;1991-2020;        46;      50.7;      44.1;      59.1;      46.8;      88.1;      98.3;     102.6;      96.5;        69;      59.2;      53.4;      56.1;     823.7;
      5063;1991-2020;        46;      86.3;      78.9;     100.9;        96;     161.7;     173.7;     180.4;     184.8;     123.5;      99.3;      95.9;      94.8;    1476.2;
      5064;1991-2020;        43;        59;        52;        50;        41;        61;        63;        68;        73;        59;        62;        60;        70;       718;
      5065;1991-2020;        46;      51.5;      42.6;      45.2;      35.7;      56.3;        72;      82.1;      73.8;      61.3;      52.9;      51.9;      58.9;     684.2;
      5066;1991-2020;        46;      79.8;      63.6;      58.2;      40.6;      55.6;        74;      88.3;      89.7;      75.9;      86.1;      71.5;      83.2;     866.5;
      5067;1991-2020;        46;     113.7;      87.7;      90.5;      62.6;      82.5;      85.5;     107.1;      90.6;      89.5;      97.7;      99.6;     113.4;    1120.4;
      5068;1991-2020;        46;      42.8;      31.1;      41.7;      28.8;      49.3;      50.7;      74.2;      56.2;      45.1;      39.8;      43.3;      43.8;     546.8;
      5069;1991-2020;        46;        46;      35.6;      39.7;      31.3;      54.4;      60.5;      80.3;      60.3;      48.4;      47.4;      47.9;      47.2;     599.1;
      5070;1991-2020;        46;      54.4;      40.1;        50;      33.5;      55.6;      59.2;      86.6;      63.1;      54.9;      45.5;        53;      55.1;     650.8;
      5071;1991-2020;        43;        72;        57;        55;        42;        58;        71;        86;        75;        62;        63;        63;        75;       779;
      5072;1991-2020;        46;      53.8;      46.4;      52.3;      44.1;      79.3;      90.5;      93.5;      95.6;        61;      58.9;        53;      62.7;       791;
      5073;1991-2020;        46;      76.8;      68.7;      96.6;      73.6;     135.5;     149.6;     144.4;     142.4;     105.3;      80.9;      74.8;      84.5;    1233.1;
      5074;1991-2020;        46;      97.7;      85.4;     120.4;      90.6;     151.2;     176.5;     171.8;     168.9;     128.4;       101;      98.2;     105.6;    1495.6;
      5075;1991-2020;        46;      97.7;      86.5;     119.4;        97;     156.6;     186.5;     180.3;     173.1;     132.7;       105;     102.1;     107.7;    1544.7;
      5077;1991-2020;        46;      95.4;        67;      73.4;      48.8;      64.5;      61.4;      76.1;      65.5;      62.4;      71.3;      75.5;      94.5;     855.8;
      5078;1991-2020;        46;      59.1;      47.1;      45.8;      35.9;      49.4;      66.4;      68.5;      70.7;      53.4;        58;        55;        63;     672.3;
      5079;1991-2020;        46;      43.4;      34.4;      38.4;      28.9;      53.8;        61;      72.2;      53.3;      45.7;      41.2;      40.6;        42;     554.7;
      5080;1991-2020;        46;      53.1;      38.7;      40.7;      31.1;      47.4;      60.1;      73.6;      60.3;      46.1;      53.4;      47.4;      49.2;     601.1;
      5081;1991-2020;        46;        34;        32;      37.7;      31.8;      58.4;      61.5;      77.7;        71;      50.8;      41.2;      41.1;      39.1;     576.2;
      5082;1991-2020;        46;      52.1;      43.5;      51.8;      35.3;      65.3;      65.9;      87.5;      74.4;      54.6;      47.2;      48.5;      51.2;     677.3;
      5083;1991-2020;        46;      49.5;      37.9;      45.7;      35.9;      53.2;      59.3;      77.2;      60.7;        55;      45.9;      50.3;        51;     621.6;
      5084;1991-2020;        46;      54.5;      45.5;        48;      37.5;      67.3;      64.1;      84.1;      62.1;      59.3;      52.5;      58.1;      59.1;     692.2;
      5085;1991-2020;        46;      74.4;      56.3;      54.1;      41.9;      55.9;      75.9;      93.4;      92.9;      84.1;      92.7;      77.4;      85.1;     884.2;
      5086;1991-2020;        46;      66.4;      50.3;      54.4;      42.3;      63.6;        61;      78.7;      68.7;      58.4;        61;      63.1;        68;       736;
      5087;1991-2020;        46;      74.4;      56.1;      57.2;      44.8;      64.5;      65.7;      81.1;        70;      62.1;      67.7;      69.9;      76.6;       790;
      5088;1991-2020;        46;      45.6;      34.8;      36.5;      29.7;      45.2;      60.3;      61.1;      71.9;        56;      55.4;      50.8;      51.2;     598.6;
      5089;1991-2020;        46;      50.8;      40.8;      47.7;        33;      62.1;      58.1;      94.4;      65.1;      52.5;      48.2;      46.5;      49.8;       649;
      5090;1991-2020;        46;        64;      49.7;      58.8;      47.4;      79.7;        83;        97;      84.5;      58.9;      63.6;      63.1;      74.1;     823.9;
      5091;1991-2020;        46;      55.6;      48.2;      51.9;      43.5;      74.2;      81.7;      89.6;      75.6;      55.5;      58.1;      56.1;      64.6;     754.5;
      5092;1991-2020;        46;      44.3;        32;      38.7;      26.8;        55;      59.6;      74.2;      54.6;      44.9;      39.7;      40.7;      43.1;     553.6;
      5093;1991-2020;        46;      60.7;      43.9;        50;      38.5;        54;      61.4;      85.6;      68.2;      50.7;        54;      52.6;        61;     680.7;
      5096;1991-2020;        46;     147.2;     123.4;     124.7;      95.9;     130.1;     111.9;     133.2;     113.7;      97.6;     131.4;     133.2;     176.3;    1518.7;
      5097;1991-2020;        45;      47.5;      38.3;      39.3;      34.3;        53;      64.9;      77.8;      66.4;      53.7;      51.2;      47.4;      52.7;     630.2;
      5098;1991-2020;        46;      49.8;      39.6;      50.4;      38.1;        63;      68.8;      86.6;      76.9;      53.6;      51.8;      52.2;      50.2;     681.1;
      5099;1991-2020;        43;        58;        47;        47;        41;        64;        62;        68;        57;        56;        61;        58;        71;       690;
      5100;1991-2020;        45;      63.5;        53;      51.3;      44.2;      66.7;        66;      72.4;        62;      60.4;      65.4;      62.2;      77.6;     746.8;
      5102;1991-2020;        46;        63;      51.9;      66.5;      53.6;     104.1;     104.3;     120.3;     106.7;      75.4;        66;      62.1;        66;     939.9;
      5103;1991-2020;        46;      81.7;      70.8;      70.9;      54.1;      75.4;      67.4;      73.2;      67.6;      62.9;      75.3;        80;     100.3;     879.8;
      5104;1991-2020;        46;      75.5;      62.1;      61.3;      46.4;      56.3;      72.7;      82.4;      77.4;      62.3;      66.4;      65.1;      80.3;     808.2;
      5105;1991-2020;        46;      60.3;      54.5;      60.3;      55.2;      99.5;     101.1;      96.8;      89.7;      65.9;      72.8;      66.4;      75.6;     898.2;
      5106;1991-2020;        46;        60;      53.6;      58.5;      54.7;      95.1;      98.7;      99.9;      88.1;        63;      68.2;      63.9;      71.9;     875.5;
      5107;1991-2020;        46;      56.4;      49.2;      54.8;      50.9;      95.8;     101.7;     105.4;      94.3;      60.6;      66.6;      58.8;      67.1;     861.5;
      5108;1991-2020;        46;      50.7;        38;        45;      31.6;      59.1;      56.9;      76.3;        66;      49.3;      43.7;      48.8;      50.1;     615.4;
      5109;1991-2020;        43;        44;        35;        40;        32;        52;        64;        70;        60;        47;        47;        42;        45;       578;
      5110;1991-2020;        46;      51.2;        38;      46.9;      31.1;      52.8;      53.9;      83.2;      57.6;      51.1;      44.9;      49.6;      54.2;     614.5;
      5111;1991-2020;        45;      65.3;      58.7;      78.9;      63.6;     116.3;       129;     124.5;       126;      90.1;      70.2;      67.1;      71.6;    1076.3;
      5112;1991-2020;        46;        75;      67.6;      87.3;      72.6;       126;     145.5;     141.2;     133.5;      99.7;      80.2;      75.1;        80;    1183.6;
      5113;1991-2020;        46;      37.8;      32.3;      42.9;      33.7;      67.4;      70.1;      81.7;      73.5;      60.3;      49.6;      47.3;      44.6;       641;
      5114;1991-2020;        46;      84.7;      67.7;      73.1;      55.1;      84.3;      78.8;     110.5;      84.4;      82.7;      74.7;      86.1;      92.3;     974.4;
      5115;1991-2020;        46;      57.4;        47;      53.4;      42.6;      69.2;      67.5;      89.8;      69.2;      59.4;      55.3;        59;        64;     733.8;
      5116;1991-2020;        46;      43.8;      33.6;      37.6;      26.5;      53.3;      55.4;      67.9;      59.1;        48;        43;      40.8;      44.4;     553.4;
      5117;1991-2020;        46;      47.7;      37.5;      40.3;      28.7;      54.9;      61.7;      76.3;      60.8;      48.5;      41.3;        42;      44.1;     583.9;
      5118;1991-2020;        46;      45.1;      39.8;        45;      44.2;      87.2;      83.1;      89.3;      78.4;      55.3;      58.2;      52.7;      52.1;     730.6;
      5121;1991-2020;        46;      47.5;      42.4;      49.7;      45.6;      90.6;        87;      91.9;      77.3;      55.2;      60.8;      56.2;      56.5;     760.8;
      5122;1991-2020;        46;      53.5;      50.4;      61.6;      62.8;     102.4;     119.9;     124.6;     109.5;      76.6;      69.2;      62.6;      61.6;     954.6;
      5123;1991-2020;        46;      51.1;      44.4;      62.4;      51.3;      97.3;     109.8;     114.5;     105.3;      76.4;      64.7;        56;        59;     892.1;
      5124;1991-2020;        46;      32.2;        31;      39.2;      33.5;      60.8;      49.8;        78;      55.7;      43.8;      37.9;      44.1;      37.8;     543.8;
      5125;1991-2020;        46;      56.9;      52.6;      70.5;      60.5;       117;     128.8;     137.2;     128.1;      87.1;        73;      63.2;      64.2;    1039.1;
      5126;1991-2020;        46;      43.6;      36.5;      40.3;      31.9;      53.6;      56.2;      80.7;      60.9;      45.8;      40.9;      43.2;      43.9;     577.5;
      5127;1991-2020;        45;      57.8;      50.9;      58.5;      59.5;      93.9;      95.2;     104.7;      87.1;      63.9;      68.5;      64.5;      73.7;     873.8;
      5128;1991-2020;        43;        56;        48;        53;        54;        92;        92;        98;        82;        58;        65;        59;        67;       824;
      5129;1991-2020;        46;      60.9;      61.4;      81.1;      80.1;     130.6;     170.6;     125.2;     141.6;      99.5;      66.7;      69.1;      77.2;    1163.9;
      5130;1991-2020;        46;      58.8;      52.6;      70.3;      71.7;     128.8;     145.4;     147.2;     139.2;      97.2;      77.1;      70.3;      63.7;    1122.2;
      5131;1991-2020;        46;        69;      53.6;      55.9;      40.8;      55.5;      66.8;      82.6;      73.5;      68.3;      65.1;      62.8;      73.4;     767.3;
      5133;1991-2020;        46;      58.5;      46.9;      48.3;      40.7;      55.8;      62.3;      73.1;      67.7;        54;      50.8;      56.9;      61.4;     676.3;
      5134;1991-2020;        46;      54.2;      41.5;        43;      39.7;      59.4;      62.2;      68.3;      74.2;      58.6;      60.6;      52.6;      57.1;     671.4;
      5135;1991-2020;        46;      53.2;      43.2;      42.3;      37.9;      56.1;      59.9;      68.8;      69.4;        56;      57.5;        50;      56.9;     651.1;
      5136;1991-2020;        46;      58.9;      47.8;      51.3;      40.2;      67.9;      62.8;        77;      63.6;      58.8;      53.7;      57.5;      62.2;     701.7;
      5137;1991-2020;        46;      26.5;        25;      35.2;      32.2;      60.2;      55.6;      78.4;      56.9;      45.3;      36.5;      41.1;      35.7;     528.5;
      5138;1991-2020;        46;      49.1;      44.5;      51.6;      56.3;      95.1;      96.2;     104.2;      95.1;      73.9;      63.7;      58.8;      65.8;     854.3;
      5139;1991-2020;        46;        78;      71.4;      98.9;      81.4;     139.8;       162;     159.2;     157.2;     115.8;      90.5;      85.3;      87.8;    1327.2;
      5140;1991-2020;        46;        47;      35.3;      42.9;      30.2;      52.3;      54.3;      75.5;      62.5;      47.8;      41.5;      44.6;      46.2;     580.2;
      5141;1991-2020;        46;      59.9;      47.5;        49;      39.6;      62.9;      67.1;        87;      57.2;      58.8;      58.1;      62.4;      68.1;     717.6;
      5142;1991-2020;        45;      39.9;      30.3;      35.5;      29.5;      52.1;      61.5;      66.6;      56.6;      47.2;      45.4;      42.9;      41.4;     552.2;
      5143;1991-2020;        46;      80.6;      62.9;      57.3;      41.4;      55.9;      76.3;      91.8;        90;      80.2;        90;      74.7;      84.1;     885.3;
      5144;1991-2020;        46;      79.9;        63;      64.4;      46.2;      59.6;      75.7;      88.6;        82;      77.1;      76.6;      74.4;      85.8;     873.2;
      5145;1991-2020;        46;      58.6;      41.2;      40.3;      32.3;      43.1;        62;      79.4;        90;      79.1;      80.8;      62.9;      68.6;     738.3;
      5146;1991-2020;        43;        62;        48;        50;        39;        53;        66;        75;        61;        50;        59;        54;        61;       678;
      5147;1991-2020;        46;      63.7;        51;      51.4;      40.1;      53.7;      70.1;      76.4;      63.2;      49.5;      57.9;      56.3;      62.8;       696;
      5148;1991-2020;        46;        60;      45.9;      48.4;      40.5;        57;      53.9;      73.6;        73;      53.2;        58;        53;      58.5;       675;
      5149;1991-2020;        43;        41;        38;        42;        36;        63;        65;        72;        59;        52;        52;        48;        50;       618;
      5150;1991-2020;        46;      63.1;      59.8;      80.7;      79.9;     134.1;     156.6;     160.3;     161.7;     104.6;      84.6;      73.1;        71;    1229.5;
      5151;1991-2020;        46;      51.3;      39.1;      44.8;      34.4;      59.4;      50.9;      66.4;        52;      50.5;      45.5;      51.2;      51.9;     597.4;
      5152;1991-2020;        46;      28.5;      25.8;      37.1;      32.9;      64.2;      61.2;      73.7;      62.9;        51;      37.3;      40.6;      35.5;     550.5;
      5153;1991-2020;        46;        49;      39.5;      48.8;      31.7;      59.3;      64.2;      78.4;      69.5;      50.4;      44.9;        46;        48;     629.8;
      5155;1991-2020;        46;      45.6;        36;      44.3;      44.6;      80.1;      83.9;      84.6;        83;      55.6;      55.3;      47.9;      51.9;     712.7;
      5156;1991-2020;        46;       103;      72.8;      77.6;      61.3;      89.7;        80;     101.8;      86.2;      79.9;      89.2;      85.8;     112.6;      1040;
      5158;1991-2020;        43;        42;        32;        41;        35;        65;        58;        66;        55;        44;        43;        41;        44;       566;
      5159;1991-2020;        46;     111.4;     100.4;     129.8;     123.5;     191.9;     219.7;     219.6;     207.9;     139.7;     113.5;     102.3;     115.6;    1775.5;
      5160;1991-2020;        46;      56.8;      48.2;      60.2;      57.5;     106.7;     119.1;       124;     114.5;      74.7;      67.6;      60.9;      61.3;     951.6;
      5161;1991-2020;        43;        95;        79;        94;        58;       101;       102;       122;       105;        82;        78;        76;        97;      1089;
      5162;1991-2020;        46;      83.5;      72.5;      82.4;      55.5;       103;     104.6;     123.2;     106.6;      77.8;      72.9;      72.6;      86.6;    1041.2;
      5163;1991-2020;        46;      61.4;      55.7;      66.9;      54.2;      84.1;      84.4;      90.8;      81.8;      65.2;      75.7;      72.5;      81.1;     873.8;
      5165;1991-2020;        46;      83.6;      62.3;      63.7;      46.2;      56.7;      70.3;      83.5;      77.9;      61.4;      66.5;      67.4;      79.3;     818.9;
      5166;1991-2020;        46;     100.3;        90;     117.7;     105.9;     184.3;     198.1;     201.1;       206;     146.5;     112.9;     100.8;     107.3;    1670.8;
      5167;1991-2020;        46;      63.9;      55.4;      72.8;      59.2;     114.8;     124.9;       124;     120.4;      83.8;      71.9;      67.6;      71.1;    1029.8;
      5168;1991-2020;        46;      48.2;      41.3;      49.1;        39;      70.9;      76.5;      82.4;      68.7;      50.7;      58.2;      53.6;      58.7;     697.3;
      5169;1991-2020;        46;      76.7;      70.3;      88.1;      84.3;       140;     157.2;       161;     157.2;     110.2;      91.4;      90.8;      95.1;    1322.4;
      5171;1991-2020;        46;     113.1;     102.9;     131.2;      99.2;     159.8;     179.6;     192.6;     191.8;     134.8;     106.9;     106.3;     118.7;    1636.9;
      5172;1991-2020;        46;      67.7;      54.9;      51.7;      42.3;      52.6;      68.6;      84.3;      86.8;      86.5;      77.7;        75;        79;     827.1;
      5173;1991-2020;        46;      72.5;      57.2;      56.9;      42.6;      58.6;      74.1;      84.4;      76.9;      83.5;        70;      71.3;      79.7;     827.6;
      5175;1991-2020;        46;      47.1;      34.6;      41.2;      33.1;      54.5;      46.5;      65.6;      54.3;      45.1;      42.1;        47;        50;       561;
      5176;1991-2020;        46;      71.8;      56.8;      59.3;      38.4;      69.6;      69.6;      76.5;      72.7;      59.3;      58.6;      62.5;      76.1;     771.2;
      5177;1991-2020;        46;      63.7;      54.7;      53.1;      38.7;      61.1;        58;      68.4;      61.5;      55.1;      57.5;        59;      75.8;     706.6;
      5178;1991-2020;        46;      45.8;      37.2;      40.1;      30.7;      52.6;      60.8;      73.2;      61.1;      48.8;      50.9;      45.7;      48.3;     595.2;
      5179;1991-2020;        46;      58.7;      52.2;        50;      42.6;      64.7;      63.8;      72.3;      57.5;      55.7;      60.3;      58.2;      71.3;     707.4;
      5180;1991-2020;        46;      85.8;      63.9;      62.5;      46.7;      64.5;      69.4;      81.8;        69;      66.1;      70.9;      76.2;      88.4;     845.2;
      5181;1991-2020;        46;      91.4;      65.5;      68.1;        47;      62.7;      67.7;      80.8;      71.8;      68.6;      72.8;      77.7;      87.8;     861.8;
      5184;1991-2020;        46;        47;      35.6;      41.9;      33.6;      57.3;        54;      68.7;      54.6;      45.6;      41.8;      47.6;      50.2;       578;
      5185;1991-2020;        46;        58;      46.7;      54.1;      43.3;      68.3;      72.3;      84.7;      65.3;      60.6;        62;      62.6;        66;     743.9;
      5186;1991-2020;        46;      42.4;      36.7;      45.2;      56.5;      92.5;     101.6;     104.6;      99.4;      64.7;      58.7;      52.6;      52.6;     807.3;
      5187;1991-2020;        46;        61;      54.1;      66.6;      66.1;     109.9;     117.8;     123.9;     115.9;      80.4;      69.6;      66.3;      63.9;     995.4;
      5188;1991-2020;        46;      67.4;      56.6;      51.2;      37.4;      52.7;      76.5;      88.4;      87.3;        78;      77.8;      70.5;      77.6;     821.3;
      5189;1991-2020;        46;      67.9;      52.1;      57.7;      44.8;      75.4;        63;      88.5;      70.1;      62.4;      61.8;      66.3;      72.3;     782.3;
      5190;1991-2020;        46;      78.7;      62.6;        65;      44.2;      66.9;      77.6;        90;      77.8;      63.7;      68.1;      66.4;      83.9;     844.9;
      5191;1991-2020;        46;      49.2;      43.3;      49.8;        40;      76.3;        71;      79.9;        71;      54.1;        60;      54.7;      59.2;     708.5;
      5192;1991-2020;        46;     111.7;      98.9;       127;     105.9;     168.2;       185;     188.1;     186.8;     137.9;     108.5;     107.6;     114.2;    1639.6;
      5193;1991-2020;        46;      82.3;      78.1;      94.1;      83.6;     136.9;       150;     152.8;     153.9;     106.3;        88;      84.4;      91.4;    1301.9;
      5194;1991-2020;        46;      78.3;      74.2;      88.7;        78;     135.9;     150.1;     155.1;     158.9;     108.7;      91.7;      83.3;      85.8;    1288.7;
      5195;1991-2020;        46;      46.9;      34.7;      39.1;      31.2;      49.3;      61.7;      71.3;      56.8;      45.9;      46.3;      40.5;      44.9;     568.6;
      5196;1991-2020;        46;      75.9;      58.4;      59.4;      40.9;      56.6;      73.3;      83.8;      75.2;      77.6;      72.2;      72.2;        84;     829.4;
      5198;1991-2020;        43;        54;        41;        45;        38;        55;        58;        73;        69;        55;        59;        52;        53;       652;
      5199;1991-2020;        46;      55.4;      39.3;      45.2;      37.8;      55.6;        53;      76.2;      65.4;      52.4;      56.2;      49.6;      53.3;     639.3;
      5200;1991-2020;        46;      66.4;      52.7;      50.6;      41.7;      52.9;      69.4;      76.8;      70.1;      63.8;      63.8;      59.9;      71.3;     739.5;
      5201;1991-2020;        46;      53.3;      40.7;      43.7;      29.2;      47.6;        64;      68.7;      62.9;      52.6;      50.7;      46.3;      52.1;     611.7;
      5202;1991-2020;        46;      47.8;      43.9;      44.5;        36;      59.3;      58.1;      69.3;      56.3;      49.7;      50.4;      52.7;      61.6;     629.6;
      5203;1991-2020;        46;      98.1;      84.9;      74.2;      57.7;      69.5;      81.3;      90.4;      92.7;        84;      87.1;      93.2;       106;    1019.1;
      5204;1991-2020;        46;      71.3;      54.9;      61.7;      42.2;      73.2;      80.2;      83.7;      79.4;      65.2;      61.3;      67.9;      79.1;     820.1;
      5205;1991-2020;        46;      72.9;        59;      61.8;      43.5;      72.2;      75.8;      81.7;      78.2;      64.3;      66.1;      66.6;        81;     823.1;
      5206;1991-2020;        46;      60.2;      52.1;      58.5;      45.2;      76.5;      68.6;      79.6;      63.6;      54.3;      67.4;      59.2;      69.9;     755.1;
      5207;1991-2020;        46;      53.5;      40.9;      45.5;      31.1;      56.8;      62.5;      73.5;      58.5;      51.7;      46.6;      45.1;      50.8;     616.5;
      5209;1991-2020;        46;      63.4;      48.3;        49;      42.4;        50;      67.4;      78.4;      65.6;      58.5;      60.4;      54.9;      68.5;     706.9;
      5210;1991-2020;        46;      53.6;      46.5;      51.2;      51.2;      91.2;      95.6;     103.8;      84.9;      58.4;      62.5;      54.4;      63.3;     816.5;
      5211;1991-2020;        46;      60.7;      44.8;      49.8;      35.8;      46.9;      67.3;      73.7;      64.6;      64.5;      60.3;      57.7;      71.7;     697.9;
      5213;1991-2020;        46;      74.7;      56.1;      54.5;        44;      56.4;      66.6;      77.4;      77.9;        69;      65.3;      69.6;      78.7;     790.2;
      5214;1991-2020;        46;      51.5;      41.3;        42;      34.8;      51.8;      69.2;      73.3;      65.2;      54.1;      52.2;      49.4;      55.2;     640.1;
      5215;1991-2020;        46;      65.8;      56.2;        63;      45.9;      82.3;      93.9;      97.9;      94.4;      70.8;      63.5;        61;      72.3;     866.9;
      5216;1991-2020;        46;      83.4;      68.4;      74.6;      53.9;      97.1;     111.4;     110.9;     102.4;      79.8;      72.7;        73;      89.9;    1017.4;
      5217;1991-2020;        46;      51.8;        38;      49.1;      38.6;      63.9;      63.2;      75.4;      68.6;      54.6;      51.8;      45.9;      49.8;     650.6;
      5218;1991-2020;        46;      52.8;      43.4;      44.8;      36.1;      57.3;        62;      74.5;      58.5;      56.1;      50.6;      56.4;      62.1;     654.4;
      5219;1991-2020;        46;      44.9;      34.1;      37.2;      25.6;      51.2;      60.9;      67.6;      60.8;        50;      41.9;      39.5;        43;     556.7;
      5220;1991-2020;        46;      46.4;        44;      48.1;        43;      69.6;      66.9;      75.1;        64;      55.4;      58.3;      57.6;      60.5;     688.8;
      5221;1991-2020;        46;      37.6;      30.7;      33.6;      28.2;      55.7;      56.3;      73.3;      51.3;      45.6;      37.8;      34.9;        36;     520.9;
      5222;1991-2020;        46;        61;      55.1;      51.9;      42.2;      59.7;      63.1;      68.2;      70.1;      59.3;      62.4;      61.1;      69.1;     723.2;
      5223;1991-2020;        46;      26.3;      23.8;      35.3;      31.9;        62;      55.9;      77.9;      56.2;      44.7;      37.1;      40.6;      34.1;     525.8;
      5225;1991-2020;        43;        51;        41;        39;        36;        58;        57;        67;        59;        51;        51;        49;        61;       620;
      5227;1991-2020;        46;      52.4;      49.7;      60.2;      66.1;     117.3;     133.7;     128.7;     122.8;        86;      73.1;      66.7;      62.4;      1019;
      5228;1991-2020;        46;        66;      54.7;      56.3;      52.4;      89.8;      83.4;        89;      81.1;      56.4;      66.1;      60.1;      71.4;     826.6;
      5229;1991-2020;        45;      76.1;        64;      63.7;      53.3;        91;      83.5;      87.2;      77.9;      56.4;      69.7;        65;      85.9;     873.6;
      5230;1991-2020;        46;      53.7;      43.6;      54.8;      43.4;      78.9;      97.4;      96.9;      86.8;      62.9;      57.9;        53;      56.7;       786;
      5231;1991-2020;        46;      62.3;      51.8;      55.8;      39.5;        69;      76.7;      79.1;      65.8;      62.2;      59.3;      61.3;      70.8;     753.7;
      5232;1991-2020;        46;      64.6;      56.6;      68.6;        50;        86;      96.9;       106;      90.2;      69.9;      66.2;      65.6;      70.1;     890.8;
      5233;1991-2020;        46;      75.1;      58.2;      54.3;      41.6;      51.8;        76;      89.6;      94.9;      91.8;      92.3;      76.4;      84.8;     886.9;
      5234;1991-2020;        46;      25.6;      23.3;      33.7;      31.1;      59.9;      52.6;      76.3;      57.8;      45.3;      37.5;      39.2;      33.6;     515.9;
      5236;1991-2020;        46;        78;      64.4;      62.3;      43.3;      57.7;      76.3;      88.2;      83.3;      70.3;      71.6;        67;      80.1;     842.6;
      5237;1991-2020;        46;        73;      55.3;      53.9;      43.9;      56.2;        67;      81.4;      72.4;      65.7;        64;      61.1;      74.6;     768.5;
      5239;1991-2020;        46;      81.8;      63.6;      60.2;        49;      65.6;      69.4;      83.1;        83;      72.6;      72.9;        70;      80.9;       852;
      5240;1991-2020;        46;      63.8;      49.4;      47.4;      40.5;      59.3;      66.6;      69.2;      60.4;        56;      54.8;      59.5;      71.8;     698.6;
      5241;1991-2020;        46;      66.1;      50.1;      47.9;      42.9;      63.1;      67.6;      69.3;      60.5;      53.8;      53.2;      60.2;      70.6;     705.2;
      5242;1991-2020;        46;      61.9;      48.2;      46.7;        39;      56.5;      63.5;      62.8;      57.8;      52.4;      51.3;      56.9;      64.8;     661.8;
      5243;1991-2020;        46;     138.6;       117;     113.4;      85.3;     120.3;     105.4;     118.2;     104.3;        92;     116.9;     120.7;     158.8;    1391.1;
      5244;1991-2020;        46;      63.5;      54.2;      48.1;      40.6;      61.9;      53.8;      65.3;      59.9;        54;      63.2;      65.2;      82.1;     711.8;
      5246;1991-2020;        46;      73.6;      61.6;      59.8;      47.4;      69.2;      62.8;      72.2;      65.5;      64.1;      73.7;      75.8;      94.1;     819.5;
      5247;1991-2020;        46;      70.3;      61.1;      54.1;      43.1;      59.4;      65.1;      70.9;      78.6;      65.9;      65.6;      70.7;        78;       783;
      5248;1991-2020;        46;      54.9;      50.5;      70.2;      62.9;     118.7;       136;     135.3;     130.3;      91.9;      70.8;      62.5;      64.3;    1048.2;
      5250;1991-2020;        46;      30.9;      31.7;        38;      48.1;      82.9;      72.3;      82.8;      66.9;      58.4;      61.5;      50.8;      41.7;       666;
      5251;1991-2020;        46;      65.5;      51.9;      55.7;      42.1;      68.9;      81.7;      88.1;        80;        68;      64.7;      63.7;        72;     802.3;
      5252;1991-2020;        46;      72.9;      55.8;      58.9;      44.4;      59.3;      63.9;      79.3;        71;      61.5;      70.3;      62.9;      74.7;     774.8;
      5253;1991-2020;        46;      43.6;      37.2;      41.2;      32.9;      56.1;        63;      69.5;      54.6;      44.2;      48.2;      51.1;      51.7;     593.3;
      5254;1991-2020;        46;      42.6;        34;      38.2;      32.3;      58.7;      58.5;      67.3;      52.6;      45.2;      44.8;      47.6;        50;     571.7;
      5255;1991-2020;        46;      67.3;      49.2;      56.2;      41.2;      64.5;      61.1;      76.2;      70.9;      56.3;      60.8;      56.4;      64.6;     724.7;
      5256;1991-2020;        46;      52.3;      41.2;      44.1;      38.3;      58.7;      65.9;      78.4;      61.2;      51.8;      54.1;      52.9;      55.7;     654.6;
      5257;1991-2020;        46;      76.9;      58.1;      56.6;      41.8;      52.8;        71;      94.6;      73.7;      70.3;      66.9;      67.6;      80.4;     810.7;
      5258;1991-2020;        46;      73.4;      60.9;        58;      46.7;      69.2;      59.3;      70.5;      64.6;      64.1;      70.6;      73.6;      93.2;     804.2;
      5259;1991-2020;        46;      50.5;      38.3;      40.5;      34.3;      48.3;      68.6;      64.4;      65.2;      53.3;      50.3;      44.8;      53.6;     612.2;
      5260;1991-2020;        46;      57.6;      37.5;      48.3;      37.3;      56.6;      55.3;      74.3;      71.1;      51.3;        56;      49.2;      53.1;     647.6;
      5261;1991-2020;        46;      95.4;      89.4;     109.8;        91;     155.2;     170.9;       182;     187.8;     121.6;      98.5;      96.7;     102.8;      1501;
      5262;1991-2020;        46;      98.5;      97.7;     119.8;     105.4;     172.7;     187.9;     188.5;     190.9;     136.2;     104.9;     105.3;     108.6;    1616.3;
      5263;1991-2020;        46;      42.5;      33.1;      36.8;      36.7;      63.8;      58.6;      72.3;      60.6;      46.9;      47.2;      45.5;        46;     590.2;
      5264;1991-2020;        46;      50.4;      40.7;      46.9;      37.2;      59.4;      63.7;      75.9;      56.4;      53.1;      52.5;        55;      59.6;     650.8;
      5265;1991-2020;        46;      78.2;      63.4;      67.5;      49.8;      72.2;      70.9;      93.8;      68.6;      72.4;      67.9;      75.4;      84.4;     864.5;
      5266;1991-2020;        46;      51.1;      45.2;        49;      42.2;      63.1;        77;      76.5;      75.8;      60.5;      55.2;      53.9;        61;     710.5;
      5267;1991-2020;        46;      47.6;      34.6;      43.8;      34.1;      57.3;      56.3;      69.6;      56.9;      49.4;      46.4;      45.1;      48.2;     589.2;
      5268;1991-2020;        46;      61.3;      50.2;      50.1;      36.6;      49.7;      75.4;      82.4;      72.4;      70.2;      68.3;      64.2;      70.9;     751.7;
      5269;1991-2020;        46;      59.6;      44.4;      48.3;        36;      54.6;      64.5;      77.8;      67.8;      52.6;      54.7;      52.4;      57.1;     669.6;
      5270;1991-2020;        46;     129.6;     101.1;      84.5;      57.5;      76.8;        72;      82.2;      78.8;      79.4;      98.3;     107.6;     149.2;    1117.1;
      5271;1991-2020;        46;      70.4;      55.4;      55.3;      40.7;        57;      65.6;      83.5;      74.5;      65.9;      65.2;      67.3;      72.8;     773.6;
      5272;1991-2020;        46;      72.3;      60.1;      63.2;      46.5;        78;      95.4;      99.3;      92.6;      68.3;      68.4;      64.6;      82.4;       891;
      5273;1991-2020;        46;      59.6;      45.5;      47.2;      38.7;      51.1;      60.7;      67.2;      71.7;      58.7;      61.7;      55.2;        63;     680.3;
      5275;1991-2020;        45;      49.3;        43;      47.5;      40.8;      69.7;        64;      66.8;      55.5;      54.8;      57.9;      59.1;      62.4;     670.9;
      5276;1991-2020;        46;      73.2;      65.2;      90.7;      70.9;     128.1;       134;     132.3;     131.5;      98.5;      78.1;      70.8;      78.3;    1151.5;
      5278;1991-2020;        46;     122.6;     108.7;      95.1;      69.7;      79.4;      81.7;      89.8;      96.5;      82.5;      90.1;      98.6;     136.1;    1150.8;
      5279;1991-2020;        45;      73.5;      55.2;      56.5;      45.9;      62.2;      71.2;      81.6;      73.4;      63.3;      65.1;      70.7;      72.3;       792;
      5280;1991-2020;        45;      84.4;      69.2;      59.3;      40.3;      59.9;      75.4;      79.9;        80;      65.6;      70.5;      70.3;      88.5;     843.5;
      5281;1991-2020;        46;      60.6;        46;      49.9;      38.6;      64.8;      60.3;      72.5;      63.4;      51.1;      54.1;      55.7;      67.7;     684.7;
      5282;1991-2020;        46;      44.8;      37.6;      47.2;      35.3;      60.7;      62.7;      83.9;      75.2;      51.7;      48.3;      46.9;      46.2;     640.6;
      5283;1991-2020;        46;      59.3;        42;      47.1;      35.5;      50.9;      57.7;      75.8;        63;        52;      54.6;      50.3;      59.1;     647.2;
      5284;1991-2020;        46;      50.7;      45.7;      52.3;      45.8;      86.5;      85.1;      90.4;      83.5;      56.5;      65.6;      59.5;      63.4;     784.9;
      5285;1991-2020;        46;      65.5;      50.9;      54.9;        41;        62;      74.3;      78.2;      74.1;      62.9;      60.1;      59.7;      70.6;     754.2;
      5286;1991-2020;        46;      57.2;      46.9;      44.6;      34.3;      59.3;      60.6;      76.5;      64.5;      57.6;      56.6;      55.9;      65.9;     679.7;
      5287;1991-2020;        46;      51.2;      35.4;      44.6;      34.8;      51.4;      56.7;      70.5;      59.6;        50;      49.7;      47.9;      51.3;     603.2;
      5288;1991-2020;        46;      95.8;      88.8;      91.8;        64;      91.6;      79.9;      95.8;      81.5;      78.7;        88;        94;     115.1;    1064.9;
      5290;1991-2020;        46;      68.4;      62.7;      63.7;      50.2;      77.9;      66.8;      77.8;      77.2;      66.7;      68.9;      72.3;      81.2;     833.9;
      5291;1991-2020;        46;     133.6;     118.4;     113.2;      96.4;     136.2;     120.3;     135.1;     116.7;     105.3;     123.8;     132.4;     162.5;    1493.8;
      5292;1991-2020;        46;     109.4;      88.5;      84.6;      60.8;      70.3;      81.7;      92.3;      87.6;      82.8;      90.1;      97.9;     124.3;    1070.2;
      5293;1991-2020;        46;      99.1;        86;      83.1;      56.5;      87.9;      73.1;      84.1;      74.9;      72.3;      86.3;      87.8;     121.5;    1012.7;
      5294;1991-2020;        46;      69.4;      57.1;      56.6;      41.4;        64;      60.3;      75.7;      66.2;        60;      67.1;      64.4;      81.8;     763.9;
      5295;1991-2020;        46;      64.7;      53.5;      61.2;      40.7;      69.8;      85.1;      97.8;      90.3;      59.9;      57.5;      57.3;      64.5;     802.1;
      5296;1991-2020;        46;      53.8;      38.4;      42.3;      38.3;      61.8;      62.8;      71.2;      56.5;      51.5;      49.5;      51.6;      56.3;       634;
      5297;1991-2020;        46;      52.2;      41.4;      40.4;      37.7;      58.2;      61.3;        62;      55.9;      51.8;      48.9;      50.9;      56.5;     617.2;
      5298;1991-2020;        46;      59.3;      46.9;      49.1;      41.4;      66.1;      66.6;      76.3;      66.7;        59;      56.6;      58.3;      61.3;     707.5;
      5299;1991-2020;        46;      54.4;      43.6;      43.9;      39.1;      61.2;      61.7;      67.9;      60.3;      53.3;      50.1;      52.9;      59.2;     647.6;
      5300;1991-2020;        45;      51.6;      42.4;      45.8;      40.8;      64.3;      70.7;      74.7;        63;      55.9;      60.1;      52.7;      63.9;     686.7;
      5301;1991-2020;        46;      42.6;      36.2;      47.7;        37;      64.2;      69.9;      88.1;      75.7;      58.2;      49.5;        50;      46.9;       666;
      5302;1991-2020;        46;      74.4;      68.1;        78;      55.4;        95;      81.7;      93.9;      78.2;      68.5;      79.4;        80;      92.5;     945.3;
      5303;1991-2020;        46;      74.4;      57.8;      64.8;      43.6;      72.3;      73.8;      83.9;      79.7;      75.3;      67.4;      69.1;      82.8;     844.9;
      5304;1991-2020;        46;      81.3;      62.7;      67.9;      45.2;      73.4;      79.9;        87;      80.7;        78;      72.2;        75;      92.2;     895.4;
      5305;1991-2020;        46;      55.2;      51.9;      47.6;      37.5;      55.8;      69.1;      66.5;      73.2;      59.7;      57.7;      58.1;      65.4;     697.8;
      5306;1991-2020;        46;     126.8;     106.3;     114.5;      63.2;      98.7;     125.1;     133.5;       114;      93.2;      93.6;      98.6;     138.4;    1305.9;
      5307;1991-2020;        46;        50;      38.4;      42.4;      32.5;      46.1;      62.5;      73.6;      61.4;      48.9;      48.8;      43.9;      49.3;     597.7;
      5309;1991-2020;        43;        63;        50;        55;        43;        70;        67;        86;        66;        60;        61;        65;        67;       753;
      5310;1991-2020;        46;        80;      59.1;      62.9;        50;        75;      73.6;      90.9;        68;      65.3;      67.1;      74.7;      79.2;     845.9;
      5311;1991-2020;        46;      96.4;      81.3;      89.1;        52;      95.5;     112.7;     121.5;     110.6;        80;      76.9;      76.9;      97.8;    1090.4;
      5312;1991-2020;        46;        89;        72;        87;      52.4;     100.1;     114.2;     122.4;       107;      78.7;      75.7;      68.9;      86.9;    1054.2;
      5313;1991-2020;        46;      50.9;      41.8;      43.1;      36.3;      58.2;      56.8;      59.7;      52.1;      46.3;      52.3;      50.6;      60.6;     608.6;
      5314;1991-2020;        46;      73.2;      63.1;      60.7;      50.5;      66.3;      64.2;      69.5;      63.7;      55.8;      66.6;      73.1;      90.4;       797;
      5315;1991-2020;        46;      45.9;      43.2;      49.1;      38.9;      60.3;      68.7;        81;      62.4;      55.6;      58.7;      51.3;        60;     675.2;
      5316;1991-2020;        46;      64.8;      52.8;      55.2;      43.3;      70.7;      90.1;      88.7;      80.3;      63.6;      60.9;      59.2;      72.1;     801.6;
      5317;1991-2020;        45;      54.9;        40;      46.4;      38.5;      64.6;      68.4;      81.9;      68.6;      57.9;      51.6;        55;      61.3;     690.8;
      5318;1991-2020;        46;      54.4;      48.6;      59.1;      69.9;     119.8;     124.7;     126.3;     115.8;      82.1;      70.8;      67.6;      71.3;    1010.5;
      5320;1991-2020;        46;     116.4;      99.3;      92.5;      77.3;     102.7;      97.9;     107.6;      98.1;      84.5;      97.9;     105.9;     140.6;    1220.8;
      5321;1991-2020;        46;      67.7;      54.2;      56.8;      48.5;      77.2;      72.2;      83.1;      75.5;        64;      64.2;      66.9;      81.9;     812.1;
      5322;1991-2020;        46;      89.3;      69.8;      83.8;      47.8;        77;      92.3;      98.6;      87.5;        80;      80.2;      82.7;      96.9;       986;
      5323;1991-2020;        46;        87;      73.9;      88.3;      68.9;     113.6;     106.7;     133.6;     113.4;      86.2;      92.6;      92.5;      98.7;    1155.3;
      5324;1991-2020;        46;      71.3;        55;      60.4;      41.6;      66.9;      88.8;        94;      77.4;      67.2;      62.6;      64.4;      77.6;     827.2;
      5325;1991-2020;        46;      68.8;      54.2;      66.9;      46.7;      79.7;      75.8;      85.1;      71.2;      64.3;      73.8;      75.8;      88.6;     850.8;
      5326;1991-2020;        46;      52.4;      40.9;      43.3;        35;        51;      69.6;        75;      63.4;      54.5;      52.1;      49.7;      55.7;     642.6;
      5328;1991-2020;        46;      67.3;      57.1;      59.3;      43.4;      66.3;      62.3;      75.1;      60.3;      53.4;      63.9;      61.3;      81.1;     750.8;
      5329;1991-2020;        46;        66;      57.6;      60.6;      44.9;        69;      58.6;      77.6;      64.7;        55;      63.8;      62.1;        78;     758.1;
      5330;1991-2020;        46;     107.7;      85.1;      88.5;      56.7;      78.1;        93;     112.5;      90.6;      90.4;      88.3;      97.2;     118.2;    1106.2;
      5331;1991-2020;        46;      56.1;      47.7;      56.6;        43;      81.6;      90.3;      93.8;      84.1;      62.3;      56.8;      56.9;      61.7;       791;
      5332;1991-2020;        46;     102.1;        87;     119.1;     113.5;     192.2;     206.7;     208.8;     209.1;     140.2;     109.9;       104;     106.4;    1698.8;
      5333;1991-2020;        46;      84.6;      63.5;        66;      51.3;      60.4;      72.1;      89.8;      78.5;      69.1;        75;      68.6;      85.4;     864.2;
      5334;1991-2020;        46;      92.9;      80.9;      99.1;      81.2;     140.3;     165.2;       167;     168.5;     121.7;      95.2;      95.1;     105.6;    1412.5;
      5335;1991-2020;        43;        62;        50;        58;        44;        71;        66;        86;        65;        64;        56;        62;        67;       751;
      5336;1991-2020;        43;        61;        47;        53;        43;        76;        81;        90;        85;        59;        59;        59;        68;       781;
      5337;1991-2020;        46;      77.6;      65.1;      58.1;      42.8;        61;      70.6;      79.8;      79.4;      71.4;      68.3;      69.2;      82.1;     825.4;
      5338;1991-2020;        46;      72.1;      59.9;      56.9;      39.9;      56.9;      68.1;      85.6;      79.8;      70.6;      68.9;      66.3;      77.4;     802.4;
      5339;1991-2020;        46;      44.2;      36.3;      38.6;      34.6;      58.6;      59.4;      76.8;      55.1;      51.4;      45.8;      50.5;      49.1;     600.3;
      5340;1991-2020;        46;      45.9;      35.7;      45.2;      39.4;      69.5;      87.3;      93.8;        80;      59.4;      50.9;      49.8;      50.6;     707.5;
      5341;1991-2020;        46;      93.3;      87.1;     101.2;      86.6;     144.2;     150.9;     148.9;     145.6;     118.6;     101.9;     106.2;     120.1;    1404.8;
      5342;1991-2020;        46;      62.1;      48.1;      43.9;      38.5;      51.9;      70.7;        89;      87.9;      82.8;      78.5;      72.5;      72.8;     798.6;
      5343;1991-2020;        46;      67.3;      54.7;      52.2;      41.2;      52.7;        73;      89.1;      83.2;      82.5;      80.1;      72.6;      77.3;     825.9;
      5344;1991-2020;        43;        65;        53;        47;        39;        49;        69;        81;        83;        85;        83;        76;        77;       807;
      5345;1991-2020;        46;      39.2;      29.1;        37;      28.7;      55.2;        58;      63.7;      54.9;      46.1;      41.8;      40.5;      42.7;       537;
      5346;1991-2020;        46;      53.8;      42.6;      45.3;      36.8;      62.3;      61.3;        78;      62.3;      50.8;      53.5;      54.1;      58.7;     659.5;
      5347;1991-2020;        43;        61;        48;        50;        35;        58;        64;        82;        59;        54;        60;        64;        68;       703;
      5348;1991-2020;        46;      63.5;      49.5;      51.1;      36.1;        58;        62;      78.8;      66.6;      53.9;      58.9;      61.2;      67.1;     706.7;
      5349;1991-2020;        43;        50;        39;        44;        32;        47;        63;        70;        57;        49;        49;        43;        49;       592;
      5350;1991-2020;        46;      43.9;      33.7;      39.1;      29.8;      45.4;      57.6;      66.1;      54.8;      44.9;      43.7;      38.1;      43.2;     540.2;
      5351;1991-2020;        46;      70.3;      53.4;      52.2;      41.6;      59.7;      63.5;      73.4;      74.6;      63.4;      62.9;        65;      71.3;     751.3;
      5352;1991-2020;        46;      68.5;      55.5;        54;      41.8;      55.9;      62.6;      76.3;      75.2;      62.4;      62.8;      65.6;      72.4;     753.1;
      5353;1991-2020;        46;      55.5;      45.5;      45.3;      35.9;      52.3;      70.7;      69.6;        70;      55.1;      52.8;      51.6;      59.1;     663.3;
      5354;1991-2020;        46;     111.4;      89.2;        95;      59.9;      88.2;      97.4;     115.4;      96.4;        96;      93.8;     102.9;     119.8;    1165.4;
      5356;1991-2020;        46;      93.3;      87.9;     107.5;      90.4;     147.3;     160.7;     164.1;     165.2;     117.6;      95.9;      93.9;     100.4;    1424.3;
      5357;1991-2020;        46;      65.6;      49.5;      49.4;      41.7;      53.1;        62;      78.6;      69.6;      56.4;      62.9;      59.5;        70;     718.2;
      5358;1991-2020;        46;     100.1;      82.7;      82.8;      56.7;      74.9;      78.7;     101.4;      93.3;        80;      81.2;      89.1;     100.4;    1021.5;
      5359;1991-2020;        46;      85.7;      71.4;      72.6;      50.9;      73.2;      74.6;      96.9;      91.6;      77.5;      77.6;      80.3;      89.1;     941.5;
      5360;1991-2020;        46;      98.3;      80.1;      83.4;      58.7;      81.3;      84.8;       100;      96.6;      86.4;      83.7;      89.2;      98.8;    1041.2;
      5361;1991-2020;        46;      61.8;      46.8;      49.5;      39.8;      64.6;      57.4;      73.3;      60.8;      51.3;      56.4;      55.9;      67.6;     685.1;
      5362;1991-2020;        46;      44.5;      32.5;      38.8;        28;      51.4;      54.4;      75.7;      57.5;      45.7;        39;      42.7;      44.9;     555.2;
      5363;1991-2020;        46;      77.2;      59.8;      59.9;      44.6;      69.5;      66.5;      82.7;      70.5;      62.6;        65;      69.9;      85.4;     813.5;
      5364;1991-2020;        46;        70;      54.6;      54.9;      41.7;      71.7;      63.8;      82.2;      67.9;        58;      61.4;      64.4;      80.4;     770.8;
      5365;1991-2020;        46;        34;      31.8;      38.3;      33.2;      61.3;      53.4;      72.6;      54.2;      46.2;      40.3;      41.6;      39.2;     546.1;
      5368;1991-2020;        46;      59.5;      50.6;      52.1;      41.4;      66.2;      66.2;      74.3;      67.2;      56.6;      56.6;        57;      65.9;     713.5;
      5369;1991-2020;        46;      65.9;      54.6;      70.7;      60.2;     113.8;     123.4;     132.8;     124.4;      95.4;        71;      64.2;      66.6;    1043.1;
      5370;1991-2020;        46;      62.2;      53.1;      68.4;      60.8;     115.5;     120.2;     135.1;     126.7;      94.1;      72.2;      64.9;      66.8;    1040.1;
      5371;1991-2020;        45;      98.9;      79.5;      82.1;      60.7;      99.5;      84.4;     123.6;      92.4;      93.1;      95.4;      90.9;     105.6;      1106;
      5372;1991-2020;        46;      33.7;      39.8;      49.5;      38.9;      68.3;        61;      69.3;      57.5;      48.4;      54.9;      41.2;      46.4;     608.8;
      5373;1991-2020;        46;      53.5;      44.7;      43.4;      34.8;      60.4;      55.9;      69.8;      57.9;      50.8;      51.7;      53.6;        62;     638.6;
      5374;1991-2020;        46;      51.4;      43.6;      51.4;      38.3;      66.3;        74;      90.4;        70;      49.4;      55.8;      51.8;      60.7;     702.9;
      5376;1991-2020;        46;      72.6;        57;      60.4;        47;      69.4;      70.2;      93.5;        73;      73.7;      69.6;      74.9;      82.2;     843.5;
      5377;1991-2020;        46;     169.8;     154.4;     204.5;     156.6;     294.3;     264.9;     292.4;     260.9;     215.2;     175.5;     148.2;     179.3;    2515.9;
      5378;1991-2020;        46;      40.5;      38.5;      47.5;      35.7;      58.4;      52.2;      69.5;      55.6;      46.8;      41.5;      48.6;      49.8;     584.6;
      5379;1991-2020;        46;      37.3;      29.7;      39.2;      33.4;      67.9;      75.6;      78.5;      72.6;      48.2;      49.5;      44.6;      46.7;     623.3;
      5380;1991-2020;        46;      72.4;      54.9;      56.1;      38.8;      59.5;      69.3;      92.1;      74.2;      63.7;      65.3;      62.1;      74.7;     783.1;
      5381;1991-2020;        46;      66.5;      54.4;      53.3;      36.8;        55;      70.6;      90.5;      76.7;      65.4;      64.4;      61.4;      74.3;     769.3;
      5382;1991-2020;        46;      59.4;      45.7;      47.6;      39.6;        51;      57.9;      76.7;      64.7;        53;      60.2;      53.8;      63.3;     672.8;
      5383;1991-2020;        46;      59.3;      47.6;      49.1;      39.3;      55.3;      57.1;      70.6;      68.4;      55.7;      60.8;      55.4;      61.3;       680;
      5384;1991-2020;        46;      68.2;      55.1;      52.1;      41.9;      59.3;      68.5;      83.3;      82.4;      77.2;        68;      67.4;      76.9;     800.3;
      5385;1991-2020;        46;      70.5;      54.5;        55;      41.6;      58.2;      73.3;      85.2;      84.2;      78.5;      69.5;      68.5;        77;     816.1;
      5386;1991-2020;        46;      62.1;      56.3;      49.9;      39.1;      54.5;      60.5;      68.5;      71.8;      57.9;      61.7;      63.5;      70.8;     716.5;
      5387;1991-2020;        46;      53.7;      38.4;      46.3;      34.4;      52.9;      54.6;      70.9;      60.6;      51.1;      50.4;        48;      52.8;     614.1;
      5388;1991-2020;        46;      30.1;      22.8;      33.2;      31.4;      56.9;      51.4;      67.6;      53.7;      41.2;      36.8;      35.7;      32.3;       493;
      5389;1991-2020;        46;       121;      98.4;       112;      62.5;     106.5;     106.3;     132.7;     111.4;      91.2;      88.4;        87;     118.6;    1235.7;
      5390;1991-2020;        46;      55.4;      46.2;      47.6;      39.4;      60.5;      64.3;      80.6;      59.2;      52.3;      51.8;      57.3;      60.3;     674.6;
      5391;1991-2020;        46;        53;      47.4;      44.7;      40.8;      61.9;      60.3;      74.6;      56.7;        52;      55.5;      55.1;      63.4;     665.4;
      5392;1991-2020;        46;      74.1;      59.5;      69.6;      44.8;      71.2;        81;      97.8;      89.4;      62.7;        65;      67.3;      76.1;     858.4;
      5393;1991-2020;        46;      87.3;      77.5;        77;        59;        82;      73.9;      90.2;      76.5;      70.6;      80.2;      86.6;     102.6;     963.1;
      5394;1991-2020;        46;      52.6;      41.9;      55.5;      47.5;      91.4;      97.5;     105.3;      98.7;        66;      57.6;      54.2;      57.5;     825.5;
      5395;1991-2020;        46;      39.8;      34.4;      44.1;        36;      66.2;      75.4;      79.8;      65.8;      58.5;      47.2;      50.1;      47.6;     645.1;
      5396;1991-2020;        46;      31.3;      27.9;      37.4;      33.2;      59.9;      57.3;      82.1;        63;      46.7;      40.5;      44.6;      39.6;     563.4;
      5397;1991-2020;        45;      52.7;      39.8;      47.1;      36.7;      66.5;      81.1;      80.5;      70.1;      57.9;      54.8;      52.8;      59.5;     701.5;
      5398;1991-2020;        46;        47;      40.3;      46.7;      36.4;      63.9;      66.4;      72.6;        64;      47.9;      55.1;      50.5;      55.3;       646;
      5399;1991-2020;        46;        71;      51.6;      56.9;      41.8;      69.8;      78.2;      86.8;      77.6;      74.6;      67.5;      67.6;      76.5;     819.8;
      5400;1991-2020;        46;      45.7;      35.1;        44;      29.9;        52;      51.7;      81.6;      58.7;      49.2;      43.3;      46.6;      48.8;     586.4;
      5401;1991-2020;        46;      70.9;      56.9;        61;      41.2;      73.4;      92.7;      90.5;      86.4;      63.1;      62.3;      61.7;      76.9;     836.9;
      5402;1991-2020;        46;      47.5;      37.2;      46.1;      36.3;      66.3;      64.7;      76.1;      62.7;      52.8;      51.4;      47.6;      50.6;     639.2;
      5403;1991-2020;        46;      41.5;      37.3;      41.2;      35.4;      63.6;      64.4;        72;      58.9;      51.6;      49.9;      47.4;      47.8;     610.8;
      5404;1991-2020;        45;      44.7;        34;      46.8;      42.5;      85.8;      99.1;      98.4;      87.1;      67.4;      60.6;      52.9;      54.7;     774.2;
      5405;1991-2020;        46;      47.8;      42.1;      45.3;      36.4;      66.9;      68.2;      73.2;      59.6;      50.1;      56.2;      53.2;      54.9;     653.8;
      5406;1991-2020;        46;      51.8;      41.4;      46.3;      33.9;        64;      75.1;      78.3;      67.1;        55;        53;      52.3;      59.4;     677.5;
      5407;1991-2020;        46;        47;      45.5;      49.6;      38.4;      63.8;      61.9;      72.1;      57.7;        53;      53.6;      51.8;      56.1;     650.5;
      5408;1991-2020;        46;      49.6;        44;      50.5;      39.1;        80;      74.2;      78.7;      73.3;      53.2;      57.1;      54.2;      58.7;     712.8;
      5409;1991-2020;        46;      48.1;      40.9;      47.4;        44;      86.7;      82.2;      93.4;      72.4;      55.8;      59.5;      56.7;      58.5;     745.5;
      5410;1991-2020;        46;      67.1;      55.4;      55.8;      44.4;        65;      60.6;      77.8;      63.9;      58.2;      63.6;      63.4;      77.8;     753.1;
      5411;1991-2020;        46;      49.6;      39.6;        50;      45.5;      84.6;      94.4;      97.3;      86.8;      65.3;      57.7;      53.5;      55.4;     779.6;
      5413;1991-2020;        46;      53.2;      51.5;      63.4;      67.2;     127.1;     144.3;     141.5;     143.1;      91.1;      71.3;      63.1;      58.7;    1075.4;
      5414;1991-2020;        46;      54.3;      46.5;      56.5;      56.6;     100.9;       100;      95.4;      87.5;        67;      65.8;      63.8;      58.7;     852.8;
      5415;1991-2020;        46;     126.6;      96.5;      95.3;      71.9;     100.1;      92.8;     106.3;      97.9;      80.2;     101.3;     108.3;     149.2;    1226.6;
      5416;1991-2020;        43;        55;        48;        49;        41;        65;        66;        77;        60;        54;        57;        54;        64;       690;
      5417;1991-2020;        43;        63;        55;        56;        46;        67;        67;        79;        65;        58;        63;        62;        74;       755;
      5418;1991-2020;        46;      65.6;      59.4;      59.8;        48;      71.5;      71.4;        87;      66.2;      66.4;      68.2;      62.8;      79.3;     805.8;
      5419;1991-2020;        46;      29.7;      26.1;      38.4;      34.8;      60.6;      57.3;      79.1;      62.9;      47.3;      41.4;      45.5;      37.5;     560.5;
      5420;1991-2020;        46;      33.8;      31.2;      42.1;      36.1;      62.3;        60;      80.1;      63.9;      48.5;      43.6;      46.8;      43.3;     591.6;
      5421;1991-2020;        46;      36.2;      32.4;      44.2;      37.5;      63.1;      61.6;        80;      63.1;      47.8;      43.7;      48.9;      44.7;     603.2;
      5422;1991-2020;        46;      29.2;      27.4;      38.2;      33.9;        60;      58.2;        81;      61.3;      46.1;        40;      43.3;        38;     556.5;
      5424;1991-2020;        45;      31.4;      28.1;      38.4;      33.9;      61.2;      54.1;      83.5;      62.8;      51.9;      42.1;      46.2;      39.3;     574.4;
      5425;1991-2020;        46;      52.9;      48.2;      46.7;      38.6;      60.3;      61.7;      68.4;      60.4;      53.9;      56.6;      55.7;      66.8;     670.1;
      5426;1991-2020;        45;      49.4;      44.6;      43.3;      39.7;        61;      55.3;      58.4;      57.1;        50;      53.6;      51.8;      64.5;     628.5;
      5428;1991-2020;        46;      54.8;      53.4;      55.6;        45;      75.1;        65;      75.7;      58.1;      55.3;      65.9;      62.5;      70.7;     737.1;
      5429;1991-2020;        46;      54.3;      47.3;      54.2;      41.1;      73.8;      67.9;      74.1;      65.5;      55.5;      59.4;      56.4;      65.3;     714.9;
      5430;1991-2020;        43;        50;        43;        53;        46;        86;        83;        94;        81;        58;        63;        61;        60;       778;
      5431;1991-2020;        46;      52.7;      40.6;        44;      31.2;      47.8;      59.9;      71.1;        61;      49.6;        50;      45.9;      48.1;       602;
      5432;1991-2020;        46;      53.6;      44.4;      47.7;      35.9;      65.4;      62.6;      79.7;      64.5;      55.9;      56.8;      57.5;      61.3;     685.2;
      5433;1991-2020;        45;     128.9;     101.6;      88.1;      59.8;      80.7;      72.6;      80.2;      76.3;      81.8;     103.3;     111.6;     152.3;    1143.2;
      5434;1991-2020;        46;      73.8;      56.7;      64.3;      46.8;      66.2;      70.8;      88.9;      70.1;      69.7;      64.1;      68.2;      80.7;     820.5;
      5435;1991-2020;        43;        57;        50;        59;        46;        83;        77;        85;        74;        61;        67;        66;        68;       793;
      5436;1991-2020;        46;      64.7;      52.8;      66.5;      49.6;      73.5;      87.6;     101.3;      98.6;      72.4;        62;      64.5;        67;     860.7;
      5437;1991-2020;        46;      54.6;      44.3;      53.4;      37.8;      59.4;      64.9;      83.3;      74.3;      56.8;      50.7;      53.6;      57.4;     690.5;
      5438;1991-2020;        46;        41;      35.6;      44.9;      33.1;      57.8;      70.4;      89.1;      78.4;      54.9;      45.2;      43.9;      42.5;     636.7;
      5440;1991-2020;        45;      44.3;      37.3;      44.5;      38.1;        69;      75.9;      83.9;      71.7;      49.2;      51.3;      48.8;      52.5;     666.5;
      5441;1991-2020;        46;      60.6;      49.1;      57.1;      46.1;      81.8;      91.7;      94.1;      91.9;        58;      59.6;      60.7;      69.1;     819.8;
      5442;1991-2020;        45;      28.5;        25;      34.9;      32.4;      57.6;      54.2;      74.4;      58.6;      47.2;      33.9;      39.5;      36.5;     531.1;
      5443;1991-2020;        46;     109.1;      89.8;      90.4;      57.2;      84.4;      94.4;     118.5;      96.9;      93.4;      90.5;       100;     121.5;    1146.1;
      5444;1991-2020;        46;      51.6;      42.1;      51.2;      54.9;      97.1;     104.7;     107.8;        98;      69.2;      60.4;      57.9;      60.4;     855.3;
      5445;1991-2020;        45;      32.6;      26.3;      35.6;      29.8;      60.5;      54.7;      71.1;      57.3;      43.7;      36.6;      42.1;      40.2;     526.5;
      5446;1991-2020;        46;      97.8;      80.6;      81.7;      52.1;      75.4;        87;     108.3;      89.7;      86.2;      83.2;      91.6;     111.6;    1045.2;
      5447;1991-2020;        46;      42.8;      30.5;      35.7;      26.3;      52.5;      55.2;        69;      54.6;      44.8;      41.6;      37.8;      41.5;     532.4;
      5448;1991-2020;        46;      48.3;      37.4;        46;      32.1;      57.7;      60.6;      77.7;      71.9;        50;      46.2;      47.1;      48.3;     623.3;
      5449;1991-2020;        46;      51.1;      41.9;      50.2;      33.8;        63;        63;      88.7;      71.7;      53.4;      47.7;        48;      50.6;       663;
      5450;1991-2020;        46;      52.9;      43.7;      53.2;      34.7;      64.4;        66;      88.3;      75.1;      53.8;      46.1;      47.7;      51.4;     677.2;
      5451;1991-2020;        46;        52;      42.3;      50.3;      33.2;        63;      65.5;        84;        73;      52.1;      45.4;      46.2;      50.4;     657.4;
      5452;1991-2020;        46;        36;      34.9;      38.6;      49.5;      85.3;      73.3;      84.3;        71;      61.4;      62.2;      52.7;        44;     693.2;
      5453;1991-2020;        46;      33.7;      35.1;      39.7;      48.5;        82;      75.9;      77.5;      65.4;      56.6;      65.5;      53.2;      44.5;     677.7;
      5454;1991-2020;        46;     110.3;      92.1;      87.9;      60.2;        80;      85.2;      98.7;      92.1;      86.9;      93.8;      98.6;     121.4;    1107.2;
      5455;1991-2020;        46;      42.8;      40.9;      43.1;      38.6;      63.8;      64.2;      65.6;      60.8;      51.6;      52.7;      51.7;      56.8;     632.5;
      5456;1991-2020;        46;     126.8;     130.7;     136.3;     116.7;       173;       188;     204.5;     195.6;     151.6;       123;     137.8;     148.9;    1832.9;
      5457;1991-2020;        46;      79.5;      73.4;      91.1;      77.5;     134.2;     163.2;     166.4;       165;     118.2;      88.4;      81.7;      82.7;    1321.3;
      5458;1991-2020;        46;      37.2;      29.4;      39.1;      34.2;      61.9;      56.1;      75.7;      52.6;      50.5;      38.9;      42.5;      40.2;     558.4;
      5459;1991-2020;        46;      54.8;      43.5;      55.5;      53.2;      95.2;      97.7;     107.5;      96.4;      66.5;      61.7;      58.9;      61.6;     852.6;
      5460;1991-2020;        46;      61.4;      53.2;      58.7;      55.6;      94.5;      86.9;      94.7;      86.5;      61.5;      67.6;        65;      69.1;     854.6;
      5461;1991-2020;        46;      51.2;      41.3;      48.8;      40.4;      71.9;      76.3;      86.9;      77.9;      54.4;      56.6;      53.5;      60.7;     719.9;
      5462;1991-2020;        46;      58.6;      43.9;      44.8;      40.6;      55.8;        61;      67.9;      71.8;      55.8;      62.1;      54.9;      60.6;     677.9;
      5463;1991-2020;        46;      46.7;        38;        43;      31.6;      53.8;      57.4;      85.7;      60.5;      47.5;      42.2;      41.9;      44.7;     593.1;
      5464;1991-2020;        46;      58.2;      50.9;      53.9;      40.2;      59.2;      69.2;      78.4;      74.6;      61.3;      60.4;      62.7;      62.7;     731.7;
      5466;1991-2020;        46;        51;      41.4;      52.7;      45.7;      85.8;      94.4;     102.6;      82.6;      61.9;      56.3;      54.4;      56.5;     785.4;
      5467;1991-2020;        46;     138.3;     136.6;       159;     114.3;     143.1;     177.3;     179.5;     180.2;     129.5;      93.8;     118.5;     128.8;    1698.9;
      5468;1991-2020;        46;     140.6;     108.7;     105.8;      66.8;      78.2;      88.2;      99.4;     103.2;      97.5;       109;     119.1;     153.8;    1270.5;
      5469;1991-2020;        46;      53.2;      43.3;      43.4;        33;      48.1;      67.2;      72.5;      66.2;      52.6;      52.3;      49.5;      55.2;     636.6;
      5470;1991-2020;        46;      51.7;      40.4;      55.2;      49.2;      91.7;     103.7;     104.3;      97.5;      68.6;      60.6;        56;      56.8;     835.7;
      5471;1991-2020;        46;      62.3;      48.8;      53.7;      37.9;      53.2;      55.8;      67.7;      64.5;      51.3;      58.6;      55.4;      62.5;     671.8;
      5473;1991-2020;        46;        58;      48.8;      48.8;      37.8;      59.2;        58;      69.6;      65.3;      45.8;      51.9;      52.7;      68.2;     664.1;
      5474;1991-2020;        46;      47.6;        36;      38.8;      28.6;      43.7;      57.8;      67.3;      58.5;      49.7;        47;      42.1;        44;     561.2;
      5475;1991-2020;        46;      63.1;      54.5;        63;      50.1;      79.4;      91.6;     106.9;      89.6;      80.3;      71.6;      67.2;      71.2;     888.4;
      5476;1991-2020;        46;      40.3;      35.7;      44.8;      36.1;      64.3;      74.5;      86.5;        74;        62;        52;      50.1;      49.4;     669.6;
      5477;1991-2020;        46;      44.3;      33.3;      38.4;      31.4;      51.2;        63;      68.1;      62.2;      45.5;      46.4;      42.2;      47.4;     573.4;
      5478;1991-2020;        46;      45.7;      35.3;      38.3;      28.4;      50.5;      63.7;      80.2;      60.9;      46.9;      44.3;      42.1;      45.7;       582;
      5479;1991-2020;        46;      65.2;      56.2;      56.4;      42.9;      59.3;      70.3;      79.9;      76.7;      61.3;      62.9;      65.7;      65.7;     762.5;
      5480;1991-2020;        43;        69;        56;        58;        43;        62;        71;        82;        70;        59;        66;        74;        67;       777;
      5481;1991-2020;        46;      50.9;      39.7;      40.5;      33.9;      51.3;      67.4;      63.9;      64.4;      52.7;      51.3;        46;      52.5;     614.5;
      5482;1991-2020;        46;      80.7;      62.6;      63.8;      43.1;      57.6;      79.1;        84;      73.4;      70.7;      68.5;      70.8;      85.3;     839.7;
      5483;1991-2020;        46;     136.4;     110.4;      99.1;      68.3;      80.7;      96.7;     106.1;     110.9;     105.2;     107.5;     120.1;     148.2;    1289.7;
      5484;1991-2020;        46;      81.6;      55.2;      60.6;      39.2;      60.7;      58.2;      78.2;      60.7;      54.7;      63.6;      68.3;      77.4;     758.3;
      5485;1991-2020;        46;      57.2;      44.7;      49.7;      36.8;      63.5;      72.8;      76.7;      67.2;      56.2;      53.2;      52.1;      65.4;     695.7;
      5486;1991-2020;        43;        73;        59;        58;        43;        56;        69;        84;        81;        66;        65;        68;        78;       800;
      5487;1991-2020;        43;        47;        38;        41;        35;        60;        56;        71;        55;        47;        49;        52;        58;       609;
      5488;1991-2020;        46;      48.7;      39.9;      42.8;      34.9;      59.5;        57;      73.3;      53.7;      47.8;      49.2;      51.4;      58.5;     616.6;
      5489;1991-2020;        46;      50.8;      38.4;      43.4;      29.7;      51.9;      58.4;      76.8;      57.5;      48.4;      44.1;      44.4;      49.4;     593.3;
      5490;1991-2020;        43;        50;        41;        48;        37;        62;        53;        70;        54;        51;        46;        46;        50;       608;
      5492;1991-2020;        46;      98.9;      70.1;      78.1;      50.9;      80.2;      65.8;      85.8;      68.8;      68.8;      75.9;      78.2;      96.3;     917.8;
      5495;1991-2020;        46;      87.1;      61.9;      72.2;      46.5;      74.1;      63.3;      77.1;      62.2;      60.3;      66.8;      66.6;      81.3;     819.3;
      5496;1991-2020;        43;       103;        93;       119;       102;       170;       201;       207;       198;       150;       114;       106;       114;      1677;
      5497;1991-2020;        46;      92.4;      85.5;     109.9;      98.7;       174;       205;     213.2;     200.2;     147.7;     110.4;      97.3;       105;    1639.3;
      5498;1991-2020;        46;      59.5;      53.6;      53.9;      40.6;      65.4;      60.8;        70;      59.4;      51.7;        58;      58.4;      72.8;     704.1;
      5499;1991-2020;        46;      49.3;      44.5;      48.7;      35.9;      61.3;      56.8;      69.2;      57.5;      47.9;      50.7;      51.8;        62;     635.5;
      5500;1991-2020;        46;      95.5;      72.1;      71.2;      52.3;      65.4;      75.5;      84.6;      84.5;      77.1;      81.6;        81;      96.1;     936.9;
      5501;1991-2020;        46;      49.5;      37.2;      51.9;      47.5;      82.1;        84;      93.9;      83.6;      59.3;      55.5;      53.4;      57.4;     755.3;
      5502;1991-2020;        46;      69.2;      60.7;      53.6;      41.2;      57.1;      67.8;      73.6;      77.9;      66.2;      66.2;      70.7;      77.2;     781.4;
      5503;1991-2020;        46;      77.5;      63.9;      64.1;      48.5;      70.2;      67.5;      70.8;      67.5;      62.4;      72.8;      79.2;     100.2;     844.6;
      5504;1991-2020;        46;      55.1;      41.6;      44.3;        34;      51.7;      71.2;      69.2;      55.2;      50.7;      48.5;      44.7;      52.1;     618.3;
      5505;1991-2020;        46;      58.2;      55.1;      67.1;      71.2;     121.9;     140.8;     140.9;     138.6;      92.3;        76;      67.6;      63.4;    1093.1;
      5506;1991-2020;        46;      71.5;      52.7;      53.9;      42.2;      56.4;      63.3;        79;      68.9;      60.1;        64;        60;        71;     742.9;
      5507;1991-2020;        46;      78.4;      62.8;      57.3;      42.1;      57.5;      75.4;      89.8;      82.2;      75.9;      79.1;      70.3;      82.3;     853.2;
      5509;1991-2020;        46;      34.2;      24.6;      33.7;      27.5;        56;      54.2;      62.8;      54.5;      41.1;      36.9;      36.3;      35.8;     497.6;
      5510;1991-2020;        46;      39.7;      30.1;      39.8;      33.3;      57.7;      54.2;      67.1;      54.1;      46.8;      38.5;      39.8;      42.2;     543.5;
      5511;1991-2020;        46;      82.9;      68.6;      80.1;      64.5;     108.5;     101.9;     111.4;        93;      77.4;      82.6;      80.9;      94.1;    1045.9;
      5512;1991-2020;        43;        64;        46;        44;        36;        43;        65;        74;        90;        77;        88;        70;        74;       771;
      5513;1991-2020;        46;      80.1;      61.5;      58.8;      42.4;      54.2;      67.4;      83.2;      82.5;      67.5;      71.6;      69.5;      82.5;     821.2;
      5514;1991-2020;        46;        61;      47.7;      43.8;      32.4;        39;      51.6;      63.2;        90;        81;      91.4;      79.1;      75.4;     755.7;
      5516;1991-2020;        43;        44;        34;        34;        31;        47;        56;        57;        63;        52;        49;        48;        47;       562;
      5517;1991-2020;        46;      73.8;        65;      62.8;      53.2;      75.8;      70.4;      86.6;      73.2;      66.5;      72.4;      75.3;      87.4;     862.3;
      5518;1991-2020;        46;      75.4;      59.4;      58.3;      42.6;      56.7;      76.8;      82.2;      79.4;        74;      67.2;      70.2;      80.7;     822.9;
      5519;1991-2020;        46;      77.6;      60.2;      57.5;      44.8;      55.9;      77.5;     102.7;      71.9;      70.3;      66.9;      66.5;      78.8;     830.6;
      5520;1991-2020;        46;      48.1;      35.5;      36.5;      35.1;      63.1;      57.6;      55.7;      60.3;      54.6;      49.4;      47.5;      49.6;     592.9;
      5521;1991-2020;        46;      71.2;      57.2;      52.6;      38.8;      51.3;      76.1;      82.2;      94.9;      91.8;      98.8;      77.6;      81.6;     874.2;
      5522;1991-2020;        46;      50.8;        39;      44.9;      36.3;      63.7;      49.7;      69.7;      54.9;      50.7;      43.5;      50.6;        54;     607.9;
      5523;1991-2020;        46;      52.9;      42.9;      45.1;      38.2;      64.9;      53.2;        70;      57.1;      47.5;      55.5;      51.9;      65.1;     644.2;
      5524;1991-2020;        46;        69;      49.7;      49.6;      40.6;      60.8;      55.6;      72.2;      64.1;      51.5;      57.4;      57.8;      71.4;     699.6;
      5525;1991-2020;        46;      63.7;      44.5;      47.1;      39.5;        63;        63;        78;      66.6;      54.1;      57.2;      55.4;      65.5;     697.6;
      5526;1991-2020;        46;      83.3;      70.1;      65.2;      48.2;      61.9;      69.3;        82;      82.1;      68.8;      73.3;      73.6;      85.9;     863.5;
      5527;1991-2020;        46;      37.5;      31.2;      42.2;      33.1;      60.6;      63.6;      87.1;        63;      54.5;      43.8;      48.3;      42.4;     607.2;
      5529;1991-2020;        46;      58.1;      49.6;      47.9;      41.1;      63.8;      63.7;      74.6;      63.7;      53.4;      57.3;      55.8;      67.8;     696.7;
      5530;1991-2020;        46;      56.9;      40.7;      46.1;      39.5;      55.3;      54.4;      75.4;      70.4;      52.1;      54.1;      50.4;      55.2;     650.5;
      5531;1991-2020;        43;        65;        50;        49;        41;        54;        64;        76;        73;        58;        62;        56;        67;       715;
      5532;1991-2020;        46;      70.4;      61.5;      61.5;      45.2;      63.4;      74.8;      90.7;      81.8;      65.8;      67.2;      67.7;      71.2;     821.2;
      5534;1991-2020;        46;     147.2;     102.8;     105.6;      62.9;      83.9;      76.7;     103.7;      84.8;      88.5;     106.1;     118.3;     140.7;    1221.2;
      5535;1991-2020;        46;     167.9;     151.3;     180.1;     131.1;       177;     201.2;     206.4;     207.5;       158;       143;     156.1;     206.7;    2086.4;
      5536;1991-2020;        46;      41.5;      34.6;      45.5;      34.6;      60.5;      57.4;      74.7;      55.7;      54.3;      42.4;      48.6;      49.2;     598.9;
      5537;1991-2020;        46;     125.9;      99.7;        96;      64.2;      80.2;      86.8;      98.6;      99.8;      90.4;      98.8;     108.2;     136.7;    1185.5;
      5538;1991-2020;        43;        48;        43;        57;        63;       110;       136;       129;       127;        86;        68;        58;        52;       977;
      5539;1991-2020;        46;      79.8;      57.2;      61.3;      38.4;      64.3;        70;      80.8;      70.7;        65;        66;      72.5;      89.3;     815.2;
      5541;1991-2020;        45;      66.6;        54;      51.5;      42.3;      62.8;      61.2;      76.2;        55;      56.2;      60.8;      62.3;      77.9;     726.9;
      5542;1991-2020;        46;      44.6;      39.8;      39.6;      35.9;      52.6;      54.5;      66.4;      53.7;      46.7;      49.6;      47.1;      56.9;     587.5;
      5543;1991-2020;        46;      63.4;      50.2;      48.8;      42.8;      63.9;      59.8;      66.6;      57.8;      52.8;      58.7;      62.3;      78.5;     705.5;
      5544;1991-2020;        46;     105.2;      90.2;      83.9;      64.4;      86.6;      83.1;     102.6;      81.6;      78.7;      88.8;      90.6;     115.1;    1070.8;
      5545;1991-2020;        46;      53.2;      42.2;      55.3;      55.2;      97.5;       106;     107.7;     108.6;      70.7;      62.8;      58.5;      58.9;     876.6;
      5546;1991-2020;        43;        54;        40;        46;        32;        55;        64;        81;        68;        55;        48;        48;        52;       643;
      5547;1991-2020;        46;      57.9;      42.8;      50.5;      31.7;      54.4;        74;      80.3;      62.1;      58.3;      49.2;        53;        54;     668.1;
      5548;1991-2020;        46;      83.3;      68.1;      75.4;      50.5;      87.1;      97.9;      94.5;      92.5;      73.5;      73.5;      71.8;      88.3;     956.5;
      5549;1991-2020;        46;      79.4;        68;      73.7;      53.2;      92.3;     101.4;     103.2;     100.3;      75.8;      73.1;      71.6;      87.2;     979.2;
      5550;1991-2020;        46;      89.6;      68.9;      72.1;      50.1;      74.4;      87.6;     101.3;      73.8;      82.1;      79.5;      81.6;      98.9;     959.8;
      5551;1991-2020;        46;      49.4;      44.7;      50.1;      42.2;        75;      63.9;      68.1;      60.7;      57.7;      61.2;      61.9;      65.7;     700.3;
      5552;1991-2020;        46;      73.6;      56.2;      58.3;      42.2;      54.3;      72.2;      86.7;      81.1;        82;      72.1;        72;      79.2;     829.9;
      5553;1991-2020;        46;     162.2;     160.3;     192.3;     160.9;     243.4;     281.6;     254.6;     253.9;       184;       154;     160.7;       181;    2388.8;
      5554;1991-2020;        46;      67.5;      51.7;      51.3;        38;      53.5;      65.3;      78.4;      73.3;      67.7;      63.2;      61.3;        71;     742.3;
      5555;1991-2020;        46;      41.3;      32.5;      36.5;      25.7;      52.9;      57.5;      68.7;      49.8;      43.6;      41.1;      39.2;      40.4;     529.4;
      5556;1991-2020;        46;      72.3;      54.9;      54.6;      40.7;      49.4;      64.1;      78.8;      69.3;      59.8;      62.3;      60.6;      73.7;     740.5;
      5557;1991-2020;        46;     113.2;       104;     118.1;      97.2;     145.4;     155.9;     161.1;     154.3;     117.4;     105.8;     114.4;     133.3;    1520.1;
      5558;1991-2020;        46;      64.1;        53;      65.2;      51.3;      78.8;        88;     102.6;        96;        72;      67.5;      65.7;      66.7;     870.9;
      5559;1991-2020;        43;        92;        83;        89;        56;        97;        79;        95;        80;        69;        87;        87;       105;      1019;
      5561;1991-2020;        46;      47.5;      35.7;      39.2;      25.9;      50.8;      58.2;      70.9;      57.2;      46.2;      45.2;      40.3;      44.5;     561.6;
      5562;1991-2020;        43;        74;        63;        67;        47;        85;        74;        87;        71;        59;        71;        68;        86;       852;
      5563;1991-2020;        46;     128.2;      92.9;      99.9;      70.2;      98.5;     100.1;     125.2;     112.2;     102.4;     109.7;     108.6;     122.7;    1270.6;
      5565;1991-2020;        46;        68;      54.5;      53.7;      42.1;      52.5;      69.5;      83.1;      74.9;      65.1;      65.6;      62.4;        73;     764.4;
      5567;1991-2020;        46;     111.3;      84.7;        80;      60.4;        77;        72;      92.2;      77.8;      78.2;      90.5;      91.6;     120.3;      1036;
      5568;1991-2020;        46;      61.8;      43.5;      45.4;        39;      62.4;      61.2;      71.6;        60;        55;      53.9;      56.2;      62.5;     672.4;
      5569;1991-2020;        46;      75.5;      56.6;      56.5;        48;      68.4;        70;      74.6;        69;      63.9;      62.8;      67.7;      77.3;     790.1;
      5571;1991-2020;        46;      44.7;      34.4;      38.4;      29.5;      52.5;      64.7;      72.6;      57.4;      47.2;      44.4;      44.1;      43.6;     573.6;
      5573;1991-2020;        46;      54.1;      44.6;      51.3;      37.4;      63.3;      67.6;      78.3;      60.5;        52;        57;      57.3;      61.5;     684.9;
      5574;1991-2020;        46;      96.6;      87.2;      92.7;      68.7;     102.2;      85.7;       107;      86.7;      84.9;      99.2;     102.5;     120.9;    1134.2;
      5575;1991-2020;        46;      74.3;      56.1;      55.3;      41.7;      57.8;      74.8;        91;      83.6;      80.8;      78.2;      76.5;      80.7;     850.8;
      5576;1991-2020;        46;      67.1;        67;      74.1;      54.8;      81.1;      77.9;       100;      84.9;      65.1;      74.3;      80.4;      74.3;       901;
      5577;1991-2020;        46;      52.6;      38.3;      40.5;      34.7;      50.6;      48.9;      68.5;        65;      52.1;      55.5;      48.7;      54.9;     610.4;
      5578;1991-2020;        46;      96.4;      73.6;      71.3;      48.7;      71.1;      82.9;      96.2;      83.3;      78.2;      74.5;      84.7;     107.2;     968.2;
      5579;1991-2020;        46;      86.7;      68.6;        69;      48.6;      62.6;      70.1;      87.3;      71.6;      67.8;      71.9;      81.1;      89.2;     874.4;
      5580;1991-2020;        46;      52.8;      54.4;      67.2;      63.8;     108.5;     117.8;       126;     114.7;      90.4;      69.4;      64.3;      70.8;      1000;
      5581;1991-2020;        46;     161.1;     131.1;     118.6;      72.6;      83.6;      94.1;     114.1;     109.3;       108;       122;     132.2;     174.3;    1420.9;
      5582;1991-2020;        46;     122.1;      96.5;      99.7;      71.8;      83.8;      90.9;      98.1;      93.8;      90.9;      92.2;     106.5;     122.5;    1168.7;
      5584;1991-2020;        46;      96.9;        77;        77;      58.4;      69.6;      75.3;      82.3;      76.6;      74.4;      77.8;      88.5;      98.4;     952.2;
      5585;1991-2020;        46;      50.2;      38.2;      40.1;      35.9;      57.7;        59;      69.8;      61.8;      49.1;      49.1;      49.7;      52.4;     613.1;
      5586;1991-2020;        46;      50.4;        48;      53.4;      52.5;      86.1;      74.8;      87.2;      76.7;      65.1;      74.4;      65.8;        63;     797.4;
      5587;1991-2020;        46;      50.8;      43.4;        54;      39.9;      65.2;      69.2;        94;        78;      58.1;      53.7;      53.3;        53;     712.6;
      5588;1991-2020;        46;      55.7;      40.9;      45.6;      32.9;      46.1;      62.3;      73.9;      65.8;      53.5;      51.4;      46.6;      50.1;     624.7;
      5589;1991-2020;        46;      71.9;      59.8;      54.3;      39.5;      58.2;      74.7;      97.4;      94.7;      79.3;      80.5;        71;      84.3;     865.7;
      5590;1991-2020;        46;      65.5;      52.6;      64.2;      43.2;      69.9;      80.8;      93.5;      84.7;      62.1;      60.1;      61.3;      67.5;     805.3;
      5591;1991-2020;        46;      56.5;      52.3;      58.2;      47.2;        81;      75.5;      84.7;      74.3;      59.3;      65.5;      64.6;      69.6;     788.6;
      5592;1991-2020;        46;      72.8;      59.3;      63.5;      45.5;      78.2;      88.7;        97;      87.4;      71.2;      64.3;      67.4;      79.3;     874.7;
      5593;1991-2020;        46;      53.5;      43.6;      50.1;      36.7;      60.6;      58.3;      76.2;      58.4;      52.3;      50.9;      54.8;      58.8;     654.1;
      5594;1991-2020;        46;     100.1;      83.7;      81.6;      55.8;      68.7;      78.7;      92.7;      86.2;      79.5;      86.7;      91.8;     112.5;      1018;
      5595;1991-2020;        46;      97.9;      79.8;      79.7;      53.7;      71.8;        79;      93.7;      87.5;      80.5;      85.9;      89.8;     110.7;    1010.1;
      5596;1991-2020;        46;      47.7;      42.1;        47;      37.9;      67.1;      65.1;      70.9;        59;      51.2;      56.7;      50.1;      56.6;     651.5;
      5597;1991-2020;        46;      73.6;      52.6;      57.1;      39.9;      64.5;      73.1;      78.1;        71;      59.6;      59.2;      65.9;        78;     772.6;
      5598;1991-2020;        46;      35.1;      29.9;      39.4;      31.2;      60.5;      61.2;      78.1;      73.9;      53.4;      42.5;      45.3;      39.4;     589.9;
      5599;1991-2020;        46;      77.5;      62.7;      75.1;        49;      90.7;      95.3;     109.8;        92;      71.8;      68.5;      69.7;      80.9;       943;
      5600;1991-2020;        46;      41.5;        38;      42.4;      34.5;      61.8;      59.5;      69.8;      54.7;      50.8;      52.4;      48.1;      52.3;     605.8;
      5601;1991-2020;        46;      57.2;      45.5;      52.4;      41.4;      67.6;      60.3;      79.4;      66.6;      57.1;      51.4;      56.2;      60.1;       695;
      5602;1991-2020;        46;      49.5;      42.6;        57;      45.7;      90.6;        99;     105.7;      97.6;      68.7;      58.9;      53.1;      55.6;       824;
      5603;1991-2020;        46;      66.4;      52.7;      50.1;        42;      54.5;      70.2;      78.2;      75.2;      64.1;      64.4;      60.2;      70.4;     748.2;
      5604;1991-2020;        46;      73.1;      56.9;      59.2;      42.1;      68.1;      88.2;      84.2;      73.6;      67.4;      63.1;      61.7;      76.6;     814.2;
      5605;1991-2020;        46;      65.4;      69.4;      59.9;      50.1;     109.9;      99.9;     100.6;        84;      69.5;      70.5;      64.2;      66.2;     909.5;
      5606;1991-2020;        46;      44.5;      36.4;      45.8;      33.9;      54.1;        55;      75.6;      62.8;      47.9;      45.6;      43.2;      47.9;     592.8;
      5607;1991-2020;        46;      36.4;        27;      35.8;      30.3;      60.6;      50.9;      67.2;      56.4;      46.3;      39.2;      40.4;      38.5;       529;
      5608;1991-2020;        46;        59;      46.3;      47.4;      39.2;        53;      67.8;      80.9;        67;      54.9;        56;      53.9;      61.6;       687;
      5609;1991-2020;        45;      54.8;      49.5;      60.6;      52.3;        91;      89.3;     101.4;      81.3;      56.9;      64.7;      65.8;      72.5;     840.2;
      5611;1991-2020;        46;     122.9;      96.4;      96.1;      69.5;      81.9;        90;       103;      99.9;       100;       102;     111.6;     128.7;      1202;
      5612;1991-2020;        46;     126.2;      91.1;      91.6;      65.3;      74.3;        78;      88.3;      83.5;      81.9;      90.1;     103.8;     125.6;    1099.7;
      5614;1991-2020;        46;      48.8;      36.4;      40.6;      32.5;        48;      58.4;      73.6;      59.2;      48.9;      49.5;      44.4;        47;     587.4;
      5615;1991-2020;        43;        53;        45;        55;        60;       104;       116;       118;       112;        77;        67;        62;        64;       933;
      5616;1991-2020;        46;      90.6;      73.5;      68.8;        53;        67;      71.7;      77.3;      76.3;      70.9;        71;      77.8;     102.4;     900.2;
      5617;1991-2020;        46;      79.2;      63.8;      70.9;      54.1;      77.2;      75.7;        89;      71.1;      74.3;      72.9;        77;      87.5;     892.6;
      5618;1991-2020;        46;     152.7;     116.7;     108.3;      69.8;      80.1;      93.6;     105.5;     108.8;     105.3;     116.5;       126;     161.8;    1345.1;
      5619;1991-2020;        46;     148.3;     112.8;     108.2;      68.4;      80.7;      88.7;     104.8;       109;     108.2;     116.5;     122.6;     155.6;    1323.8;
      5620;1991-2020;        46;      54.3;      42.2;      48.1;      37.3;      60.4;      52.3;      70.2;      54.6;      50.7;      45.6;      52.2;      55.8;     623.6;
      5621;1991-2020;        46;      61.6;      46.1;      51.6;      40.4;      66.4;        54;        67;      52.4;        54;      47.8;      54.8;      60.9;     656.8;
      5622;1991-2020;        46;      62.5;      47.3;      51.7;      39.3;      64.2;        54;      69.6;      52.8;      52.5;      49.5;      55.2;      62.1;     660.7;
      5623;1991-2020;        43;        45;        36;        46;        37;        62;        60;        84;        61;        55;        46;        52;        52;       636;
      5624;1991-2020;        46;      54.6;      45.9;      43.5;      35.2;      49.9;      68.1;      68.8;        70;      56.1;      50.7;      49.4;      57.2;     649.3;
      5626;1991-2020;        46;        77;      64.9;      60.8;      46.3;      60.5;      68.1;      81.8;      79.2;      67.7;      70.2;      70.5;      80.6;     827.7;
      5627;1991-2020;        46;      80.1;      65.5;      63.9;      46.2;        62;      66.7;      84.1;      82.4;      73.5;      71.8;      74.2;      88.9;     859.5;
      5628;1991-2020;        46;      75.9;      65.1;      59.7;      44.6;        59;        71;      85.4;      81.3;      74.6;      70.4;      72.2;      81.7;     841.1;
      5629;1991-2020;        45;      50.1;      33.8;      40.3;      29.8;      48.2;      55.1;      69.2;        56;        48;      40.7;        45;      46.4;     565.3;
      5630;1991-2020;        46;      61.2;      49.6;      50.5;      38.2;      51.6;        65;      79.8;      66.5;      52.8;      56.5;        55;      62.7;     689.5;
      5631;1991-2020;        46;        52;      47.9;      58.1;      64.1;     103.1;     108.9;     107.8;       101;      76.4;      69.8;      67.1;        70;     926.2;
      5632;1991-2020;        43;        45;        32;        36;        27;        50;        55;        68;        55;        46;        42;        39;        45;       540;
      5634;1991-2020;        46;      65.5;      55.5;      73.6;      55.2;     102.8;     109.6;     113.2;     110.2;      77.8;      70.4;      63.4;      66.7;       964;
      5635;1991-2020;        43;        57;        48;        48;        41;        59;        59;        62;        56;        56;        57;        53;        71;       667;
      5636;1991-2020;        46;      64.9;      52.8;      50.1;      42.8;      54.2;      67.1;      79.9;      71.8;      58.8;      61.9;        56;      69.1;     729.3;
      5637;1991-2020;        46;      49.2;      35.8;      44.7;      37.6;      63.1;      56.9;      76.5;      65.7;      50.4;        50;      46.8;      49.3;     625.9;
      5638;1991-2020;        46;      75.4;      58.9;      56.1;      43.9;      55.7;      76.6;      92.1;      88.6;      86.7;      84.8;      81.2;      84.6;     884.4;
      5639;1991-2020;        43;        69;        53;        50;        42;        52;        70;        89;        90;        88;        83;        80;        80;       846;
      5643;1991-2020;        45;      50.7;      39.7;      42.2;      30.3;      48.4;      59.6;      71.1;      56.8;      49.4;      48.6;        43;      50.8;     590.6;
      5644;1991-2020;        46;      56.7;      44.1;        49;      39.4;      65.6;      65.8;      77.6;      64.4;      56.4;        56;      57.1;      60.6;     692.8;
      5645;1991-2020;        46;      75.4;      57.8;      62.1;      46.2;      73.8;      70.3;      88.9;      73.2;      66.1;      66.5;      72.1;      76.6;     828.9;
      5646;1991-2020;        46;      76.9;      58.7;      63.2;      47.4;      71.8;      67.6;      82.8;      71.9;      63.2;      66.6;        70;      77.6;     817.7;
      5647;1991-2020;        46;      33.7;      32.6;        34;      31.2;      50.9;      51.6;      58.8;        51;      43.8;      43.5;        40;      46.4;     517.4;
      5648;1991-2020;        46;      61.7;      47.6;      46.9;      40.1;      58.3;      58.2;      70.9;      70.7;      56.8;      62.2;      54.1;      62.4;     689.8;
      5649;1991-2020;        46;      49.8;      38.1;        41;      32.4;      51.9;      60.1;      80.6;      65.2;      50.6;      48.4;      46.4;      46.5;     610.8;
      5650;1991-2020;        46;      64.3;      62.5;      69.9;      71.3;     108.3;     127.2;     125.8;     111.1;      81.3;      73.4;      70.3;      74.9;    1040.3;
      5651;1991-2020;        46;        50;      35.5;      42.2;      29.9;        54;        53;      68.5;        58;      49.1;      42.2;      47.6;      48.7;     578.7;
      5652;1991-2020;        46;      40.6;      30.7;      36.1;      27.1;      52.6;      55.8;        65;      56.5;      47.4;      40.6;      39.2;      43.2;     534.8;
      5653;1991-2020;        46;      67.8;      60.7;      65.6;      44.9;      78.5;      73.9;      78.9;      68.5;      59.8;      71.4;      68.4;      78.8;     817.1;
      5654;1991-2020;        46;      66.7;        60;      65.6;        46;      73.6;      75.4;      82.2;      68.7;      55.8;      68.5;      67.5;      77.7;     807.7;
      5655;1991-2020;        46;        57;      39.9;        45;      31.9;      53.2;      59.7;      78.6;      59.3;      53.8;      43.2;      51.3;      55.3;     628.3;
      5656;1991-2020;        46;      32.4;      32.9;      35.1;        32;      55.6;      53.6;      60.5;      54.3;      45.7;      46.8;      41.3;      44.9;     534.9;
      5657;1991-2020;        46;      49.6;      42.2;      56.2;      49.4;      96.6;     101.3;       110;     107.5;      71.8;      60.2;      55.6;      55.7;     856.1;
      5658;1991-2020;        46;      51.7;      41.1;      46.5;      34.9;      71.6;      83.6;      81.9;      79.6;      57.7;      55.2;      51.4;        59;     714.1;
      5659;1991-2020;        46;      57.7;      52.3;      52.1;      43.2;      70.4;      64.7;      71.4;      57.2;      52.8;      60.3;      61.9;      72.7;     716.7;
      5660;1991-2020;        46;      97.2;      66.4;      65.1;      43.7;      62.9;      61.9;      78.2;      59.1;      60.5;      69.8;        78;      95.1;     837.8;
      5661;1991-2020;        46;      74.5;      57.4;      52.1;        39;      55.6;      76.9;      93.8;      95.7;      85.2;      90.5;      73.9;      84.9;     879.5;
      5662;1991-2020;        43;        58;        41;        43;        37;        61;        63;        74;        64;        52;        55;        54;        63;       665;
      5663;1991-2020;        46;      45.6;      34.7;      41.1;      30.8;      51.1;      65.3;      71.4;      60.1;      48.1;      46.6;      45.7;      45.4;     585.8;
      5664;1991-2020;        45;     109.8;      96.6;      94.9;      81.5;     119.5;     106.8;     122.3;     105.6;      86.9;     103.6;     106.7;       126;    1260.1;
      5666;1991-2020;        46;      72.5;        68;      80.5;      78.2;     130.2;     136.1;     143.6;     123.3;      93.3;      84.8;      88.3;        98;    1196.7;
      5667;1991-2020;        46;        43;        30;        39;      32.4;      57.3;      50.7;      71.9;      54.7;      50.3;      39.2;      43.9;      43.8;     556.1;
      5668;1991-2020;        43;        47;        34;        42;        35;        55;        55;        71;        63;        48;        49;        45;        46;       590;
      5669;1991-2020;        46;      63.1;      53.7;      55.5;      45.9;      70.7;      69.7;      94.5;      64.3;      58.9;      61.6;      59.9;      66.9;     764.7;
      5670;1991-2020;        46;      40.6;        39;      47.3;      41.7;      75.5;      75.7;      96.3;      76.2;      64.9;      53.1;      52.1;      48.3;     710.8;
      5671;1991-2020;        46;      62.6;      43.9;        46;      42.2;      54.6;      56.9;      62.3;      57.8;      48.7;      62.8;      60.9;      66.5;     665.1;
      5672;1991-2020;        46;      56.5;      44.5;      46.1;      39.8;      60.5;      61.8;      71.2;      62.2;      51.1;      51.6;        53;      57.4;     655.8;
      5673;1991-2020;        46;        53;      41.4;        46;      41.3;      66.2;      69.4;      79.6;      65.6;      57.8;      55.9;      54.3;      56.3;     686.7;
      5674;1991-2020;        46;      66.9;      59.3;      76.8;        76;     136.9;     144.7;     151.5;     142.4;     102.8;        82;      73.4;      72.4;      1185;
      5675;1991-2020;        46;      50.2;      38.3;      40.7;      34.8;      50.8;      51.5;        67;      62.1;      49.5;      45.4;        45;      48.5;     583.8;
      5676;1991-2020;        45;      58.4;      40.8;      47.5;      39.2;        57;      54.2;      72.8;        69;      54.6;      52.3;      53.3;      56.4;     663.4;
      5677;1991-2020;        46;      59.2;      50.4;      53.9;      44.2;      74.1;      66.7;      84.1;      63.6;      61.7;      61.3;      63.7;      68.9;     751.6;
      5678;1991-2020;        46;      45.1;      38.9;      47.5;      43.9;      83.1;      86.8;      96.1;      79.4;      56.2;      61.1;      54.5;      52.9;     745.4;
      5679;1991-2020;        46;      56.3;      47.8;      50.3;        40;      66.6;      78.1;      85.1;      76.9;      55.5;      53.1;      53.9;      63.5;       727;
      5680;1991-2020;        46;      32.1;      31.5;      33.5;      31.4;      52.5;      55.2;        57;      48.6;      44.6;        46;      40.9;      44.1;     517.5;
      5681;1991-2020;        46;      62.2;        53;      51.6;      40.5;      61.6;      58.1;      62.7;      61.7;      51.5;      61.3;      61.1;      80.6;       706;
      5682;1991-2020;        46;      52.2;      39.7;      40.9;        34;      52.4;      63.4;      73.5;      61.9;      55.2;      52.3;      47.7;      53.6;       627;
      5683;1991-2020;        46;      51.2;      41.4;      46.2;      34.1;      56.4;      55.8;      68.8;      55.2;      46.1;      44.5;      51.4;      54.2;     605.3;
      5684;1991-2020;        46;      46.4;      35.6;      40.3;      29.9;      55.4;        56;      72.4;      63.4;      50.4;        43;      42.6;      46.1;     581.5;
      5685;1991-2020;        46;        35;      25.2;      33.9;      26.1;      53.9;      49.7;      64.3;      55.7;      42.8;      36.3;      37.1;      37.4;     497.3;
      5686;1991-2020;        46;      34.9;      26.7;      31.6;      26.3;      49.5;      48.5;      57.6;      51.5;      41.6;      39.6;      36.3;      36.5;     480.8;
      5687;1991-2020;        46;        51;      42.1;      52.7;      46.8;      82.3;      90.3;      91.6;      85.5;      64.1;      57.6;      55.8;      56.3;     776.2;
      5688;1991-2020;        43;       163;       132;       127;        89;       120;       106;       111;       110;        94;       125;       136;       195;      1508;
      5689;1991-2020;        46;        83;      63.5;      57.9;      48.3;      69.6;      67.8;      74.7;      64.6;      65.9;      69.1;      70.9;        98;     833.2;
      5690;1991-2020;        46;      75.3;      58.3;      61.1;      43.9;      67.5;      73.7;      89.2;      69.9;      74.3;        65;      71.4;      86.3;       836;
      5691;1991-2020;        46;      63.7;      50.8;      57.3;        44;      67.5;      64.7;      83.7;      65.2;      59.4;      55.1;      59.3;        65;     735.7;
      5692;1991-2020;        45;      32.5;      32.2;      32.7;      32.7;      59.3;      59.9;      60.7;      56.7;      41.8;      45.5;      42.9;      46.6;     550.5;
      5693;1991-2020;        46;      71.6;      53.6;      53.2;        40;      52.9;      67.8;      85.8;      73.6;      62.7;      62.6;      61.6;      74.3;     759.5;
      5694;1991-2020;        46;      51.6;      42.7;      47.5;        40;      62.9;      79.4;      90.2;      72.7;      58.6;      52.6;        56;      51.2;     705.4;
      5695;1991-2020;        46;      57.3;      42.9;      45.9;        36;      51.2;        61;      75.1;      62.6;      48.3;      53.2;      51.3;        55;     639.7;
      5696;1991-2020;        46;      79.4;      58.9;      60.8;      43.9;      59.7;      72.7;      84.1;      69.7;      62.3;      65.4;      66.3;      76.5;     799.7;
      5698;1991-2020;        46;      57.4;      45.7;      49.2;      37.1;      56.7;      56.3;      67.6;      62.9;      52.4;      57.4;        51;      58.1;     651.7;
      5699;1991-2020;        46;      77.5;        61;        69;      48.6;      68.8;      70.9;      89.4;      79.9;      69.8;      68.8;      74.3;      76.3;     854.2;
      5700;1991-2020;        46;      76.9;      63.8;      74.7;        52;      79.2;      89.7;     107.9;     101.5;      75.1;      68.7;      71.5;      78.1;     939.1;
      5701;1991-2020;        46;      36.4;      31.8;      43.2;        34;        63;      66.3;      85.8;      69.9;      55.7;      43.5;      47.7;      43.2;     620.4;
      5702;1991-2020;        46;      44.7;      42.1;      43.8;      34.6;      59.5;      59.3;      69.5;      61.7;      45.5;      49.2;      51.3;        57;     618.2;
      5703;1991-2020;        46;      51.5;      45.1;      45.6;      37.6;      64.9;        60;      70.4;      57.6;      48.9;      51.8;      52.9;      63.2;     649.4;
      5704;1991-2020;        46;      46.5;      43.9;        41;      37.8;        53;      54.9;      69.1;      54.2;        46;      50.3;      51.2;      60.9;     608.8;
      5705;1991-2020;        45;        40;      35.8;      40.2;      32.7;      57.3;      52.9;      65.8;      56.3;      47.2;      47.6;      46.2;      51.5;     573.5;
      5706;1991-2020;        46;      43.5;        40;      42.8;      36.3;      60.2;      54.9;        57;      61.4;      40.4;      46.6;      46.5;        52;     581.7;
      5707;1991-2020;        46;      46.6;      41.9;      43.3;        35;      59.3;      56.8;      67.8;      57.6;      45.2;      49.3;      49.7;      56.8;     609.5;
      5708;1991-2020;        46;      53.6;      47.5;      48.7;      40.2;      66.3;      62.2;      72.6;      59.4;      51.4;      55.5;        56;      68.7;       682;
      5709;1991-2020;        46;      64.5;      50.7;        58;      40.4;      67.8;      63.9;        96;      61.7;      59.3;      64.8;      64.6;      72.5;     764.3;
      5710;1991-2020;        46;        94;      83.4;      95.5;      67.7;     105.4;      92.4;     100.9;      87.4;      77.8;      94.1;      96.1;     114.8;    1109.4;
      5711;1991-2020;        46;      64.9;      58.1;      66.3;      52.4;      84.2;      79.3;      87.6;      74.9;      61.9;      74.8;      71.1;      82.9;     858.2;
      5712;1991-2020;        46;      56.1;      40.5;      42.7;      32.1;      43.4;        59;        70;      54.6;      46.8;      50.2;      43.8;      55.5;     594.5;
      5713;1991-2020;        46;      67.4;      51.4;        54;      40.4;      53.2;        66;      78.3;      68.5;      55.4;      59.9;      57.8;      66.8;     719.1;
      5714;1991-2020;        46;      70.3;        54;        59;      38.1;      63.2;      71.3;        84;      75.7;      62.4;      63.2;      65.7;      79.4;     786.2;
      5715;1991-2020;        43;        54;        43;        43;        37;        53;        57;        70;        67;        57;        59;        53;        57;       650;
      5716;1991-2020;        46;     116.6;      92.9;      86.7;        62;      72.8;      82.2;      95.9;      98.1;      86.5;      95.9;     103.6;     126.4;    1119.6;
      5717;1991-2020;        45;     110.7;      91.7;      86.4;      63.1;      73.5;      85.9;      96.4;     105.9;      87.4;        95;     101.3;     121.8;      1119;
      5718;1991-2020;        46;       128;     105.7;      93.4;      67.8;      80.2;      97.3;     105.7;     104.6;      96.7;       107;     116.9;     137.5;    1240.7;
      5719;1991-2020;        46;     128.3;       105;        95;      66.5;      79.3;        90;     102.7;     106.2;      97.1;     105.6;     114.2;     140.5;    1230.5;
      5720;1991-2020;        46;     107.4;      90.3;      81.6;      60.9;      74.3;      83.2;      93.9;     107.5;      88.4;        91;     101.2;     112.2;      1092;
      5721;1991-2020;        46;      56.6;      48.5;      61.9;      49.1;      87.7;        99;     102.4;      95.6;      69.6;      60.5;      53.9;      58.4;     843.1;
      5722;1991-2020;        46;      47.8;      41.5;      51.6;      41.2;      80.7;      94.9;      95.2;      93.1;        64;      55.8;      51.3;      53.6;     770.8;
      5723;1991-2020;        46;        72;      63.2;      72.3;      74.6;     119.7;     128.3;     126.5;     123.1;      88.6;      76.3;      81.2;      90.2;    1116.1;
      5724;1991-2020;        46;      62.7;      52.9;      65.7;      70.5;     117.2;     121.7;     123.8;       117;      88.8;        72;        73;      73.8;    1039.1;
      5725;1991-2020;        46;      46.4;      35.9;      45.6;      32.8;        52;      58.3;        82;      60.1;      54.7;      41.7;      47.2;        48;     604.6;
      5726;1991-2020;        46;      41.6;      31.2;      35.1;      26.5;      48.6;      56.9;      70.2;      57.8;      48.7;        41;      39.9;      41.3;     538.9;
      5727;1991-2020;        46;      45.8;      36.3;      39.3;      31.1;      48.7;      60.9;      65.3;      62.2;      53.8;      51.1;      44.4;      48.5;     587.5;
      5728;1991-2020;        46;      47.7;      36.4;        39;      29.1;      49.2;      60.8;      76.1;      56.9;      46.9;      43.1;      42.2;      45.5;     572.8;
      5729;1991-2020;        46;      33.6;      26.6;      31.5;      24.3;      51.7;      54.3;      72.8;      58.9;      41.9;      31.8;      33.1;      32.7;     493.3;
      5730;1991-2020;        46;      50.3;      40.4;        41;      34.6;      47.3;      65.5;      66.7;      74.1;      56.2;      59.7;      49.2;      55.3;     640.3;
      5731;1991-2020;        45;      95.3;      74.7;      73.4;      66.1;      91.2;      87.5;      92.8;      83.8;      63.9;      77.6;      81.4;     106.6;     994.2;
      5732;1991-2020;        45;      67.3;      49.9;      47.5;      37.1;      41.8;      58.8;      69.4;      86.1;      92.6;     100.4;      85.4;      80.7;     821.2;
      5733;1991-2020;        46;      68.9;      59.9;      54.9;      43.8;      57.6;      76.4;      69.8;      71.8;      64.2;      66.1;      70.2;      77.9;     781.5;
      5736;1991-2020;        46;      35.6;      25.5;      34.9;      26.7;      56.6;      50.4;      73.1;        54;      47.9;        37;      38.4;      36.9;     516.9;
      5737;1991-2020;        46;      49.8;      36.8;      42.3;      28.9;        51;      54.8;      68.2;      57.7;      47.4;      42.7;        46;      49.3;     575.1;
      5738;1991-2020;        46;        53;      43.2;      45.7;        38;      59.6;      65.7;      81.2;      59.6;      59.1;      51.9;      56.4;      59.9;     673.3;
      5739;1991-2020;        46;      32.2;      25.2;      35.6;      28.3;      54.7;      50.2;      72.8;      52.1;      48.9;      33.3;      39.2;      36.7;     509.3;
      5740;1991-2020;        46;      57.4;      45.5;      45.3;      35.9;      52.5;      73.7;      74.6;      69.7;      56.7;      54.9;      53.8;      61.9;     681.9;
      5741;1991-2020;        46;      63.2;      48.5;      50.2;      36.7;      48.2;      68.4;      72.3;      67.2;      51.5;        55;        54;      63.7;     678.8;
      5742;1991-2020;        46;      36.7;      28.5;      32.1;      26.2;      49.9;      54.5;      69.9;      55.9;      41.6;      35.3;      34.1;      33.9;     498.7;
      5743;1991-2020;        46;      53.1;      38.8;      41.3;      31.8;      49.7;        65;      70.7;      57.5;        49;      47.4;      41.7;      51.2;     597.2;
      5745;1991-2020;        45;      45.1;      33.5;      38.8;        28;      45.9;      59.7;      67.7;      55.5;      47.7;      42.4;        40;      43.9;     554.3;
      5746;1991-2020;        46;      48.3;      36.6;      46.3;      34.4;      60.7;      62.3;      80.7;      72.3;      52.9;      47.9;      49.6;      48.5;     640.4;
      5747;1991-2020;        46;      59.5;      49.1;      49.7;      41.6;      65.3;      64.8;        87;      57.3;      59.8;      57.1;      63.3;      67.7;     722.1;
      5748;1991-2020;        46;      67.8;      57.4;      76.3;      57.6;     107.1;     118.2;       121;     121.1;      84.7;      73.3;        67;      74.7;    1026.2;
      5749;1991-2020;        46;      76.5;      59.8;      59.9;      45.3;      69.5;      59.7;      76.4;      60.7;      57.6;        65;      67.3;      85.5;     783.2;
      5750;1991-2020;        45;      34.4;      30.7;      40.7;      34.3;      62.2;      66.5;      84.8;      63.9;      53.6;        43;      46.7;      41.4;     605.5;
      5751;1991-2020;        46;     145.1;     123.1;     119.6;     106.7;     136.2;       122;     122.8;     122.4;     108.2;     133.6;     147.1;     184.1;      1571;
      5752;1991-2020;        46;      85.1;      69.1;      70.8;      45.7;      69.5;      79.7;     106.1;      86.3;      75.3;        76;      76.2;      94.4;     934.3;
      5753;1991-2020;        46;      64.1;      52.1;      56.8;      44.3;      82.8;      94.4;      91.4;      81.3;      64.4;      61.3;      57.3;      68.7;     818.8;
      5754;1991-2020;        46;      99.6;        82;      79.7;      58.1;      77.6;        75;     106.1;      76.7;      79.1;        82;      92.4;     111.1;    1019.5;
      5755;1991-2020;        46;      46.7;      34.5;      40.1;      28.7;      54.4;      52.1;        73;      58.5;      45.1;      39.9;      44.1;      45.6;     562.7;
      5756;1991-2020;        46;      54.4;      50.2;      66.2;      67.9;     115.8;     131.9;     133.2;     127.6;      88.7;      74.4;      66.1;      60.6;    1037.1;
      5757;1991-2020;        46;      53.2;      39.9;      42.2;      35.1;      50.3;      63.1;      75.6;        63;      54.9;      53.3;      49.5;      54.2;     634.2;
      5758;1991-2020;        46;        70;        57;        56;      45.8;      68.9;      63.9;      66.1;      60.7;      61.7;      68.1;        66;      83.8;     767.9;
      5759;1991-2020;        46;      47.6;      39.7;        43;      35.1;      58.7;      58.8;      72.2;      58.6;      53.5;      49.4;      51.1;      51.7;     619.5;
      5761;1991-2020;        46;      45.2;      30.8;      37.4;      28.2;      54.1;      56.4;      67.1;      56.4;      49.4;      39.3;      43.1;      45.2;     552.8;
      5762;1991-2020;        46;      65.7;        52;      53.1;      38.6;      53.7;      67.6;      86.9;      68.3;        53;      56.1;      55.6;      61.8;     712.4;
      5763;1991-2020;        43;        32;        27;        39;        33;        58;        55;        75;        57;        46;        36;        41;        38;       537;
      5765;1991-2020;        46;      41.5;        36;      48.2;      38.2;      64.6;      69.1;      81.7;      69.6;      59.7;      51.3;      51.8;      50.6;     662.1;
      5766;1991-2020;        46;        36;      31.3;      42.7;      36.1;      61.2;      68.9;      78.9;        67;      57.4;      46.8;      48.4;      44.5;     619.2;
      5767;1991-2020;        46;      75.5;      57.6;      56.8;      41.3;      54.8;      72.5;      89.3;      73.7;      65.7;        65;      62.5;      77.7;     792.3;
      5768;1991-2020;        46;        56;      40.8;      46.2;      35.9;      54.4;      61.4;      79.2;      63.8;      50.9;        51;      49.1;      54.2;     642.8;
      5769;1991-2020;        46;      34.2;      28.9;      41.5;      35.4;      59.5;      57.7;      71.9;      57.1;      49.3;      39.2;      42.2;      40.4;     557.2;
      5770;1991-2020;        46;      40.8;      36.8;      46.5;      38.5;      64.3;      70.4;      87.8;      72.9;        61;      50.7;      52.1;      50.6;     672.4;
      5771;1991-2020;        46;      80.6;      67.2;      66.3;      49.2;      74.3;      67.9;      88.3;        71;        64;        71;        76;        93;     868.7;
      5772;1991-2020;        46;      50.9;      42.9;      54.7;      52.7;      96.3;       101;     113.1;      99.6;      68.2;      62.8;      58.2;      57.3;     857.6;
      5773;1991-2020;        46;      50.9;      43.7;      54.8;      54.9;      97.7;     106.3;     115.1;     104.8;      70.3;      63.7;      59.5;      58.9;     880.7;
      5774;1991-2020;        46;      64.3;      51.3;      51.3;      38.6;        53;      67.8;      83.7;      69.3;      50.3;        58;      54.5;      62.3;     704.4;
      5775;1991-2020;        46;      61.4;      45.8;      51.5;      43.7;        69;      72.6;      85.2;      64.7;      57.3;      61.3;      58.1;      60.3;     730.9;
      5776;1991-2020;        46;      43.8;      33.3;      38.6;      28.4;      54.6;        58;      70.2;      64.7;      47.4;      44.6;      41.7;        46;     571.3;
      5777;1991-2020;        46;        56;      44.9;      43.3;      34.6;      44.2;      65.7;      61.5;      73.2;      60.3;      60.9;      53.9;      63.3;     661.8;
      5778;1991-2020;        46;      48.5;      39.8;      41.3;      32.3;      50.5;      62.5;      71.4;      61.8;      54.9;      52.2;      45.1;      50.6;     610.9;
      5779;1991-2020;        45;      87.6;      65.4;      76.9;      54.3;      84.1;      99.5;     107.3;     113.8;      82.3;      79.8;      77.4;      83.7;    1008.3;
      5780;1991-2020;        46;      43.7;      37.7;      42.9;      34.3;      63.3;      62.4;      80.7;        60;      47.6;      53.2;      50.5;      52.5;     628.7;
      5781;1991-2020;        46;      42.2;      36.1;      46.4;      33.2;        57;      74.5;      79.9;      77.1;      52.9;      46.1;      44.9;      47.1;     637.4;
      5782;1991-2020;        46;      37.4;        31;      41.2;      32.5;      57.5;      60.5;      77.8;      61.7;      50.2;      40.9;      45.6;      41.5;     577.8;
      5783;1991-2020;        46;      45.5;      36.7;      48.7;        35;        60;      67.3;      86.1;      79.5;      55.8;      46.8;      43.9;      45.5;     650.7;
      5784;1991-2020;        46;      42.2;      30.2;      42.1;      30.9;      58.9;      53.5;      74.2;      56.5;      54.5;      43.3;      46.9;      44.9;     578.2;
      5785;1991-2020;        46;      61.5;      51.2;      62.5;      47.1;      76.7;      79.6;      89.7;      83.8;      57.2;      60.6;      61.8;      70.8;     802.7;
      5786;1991-2020;        46;      59.4;      51.6;      70.1;        63;     116.4;     127.5;     130.3;     124.8;      83.6;      73.2;      68.3;      65.3;    1033.6;
      5787;1991-2020;        46;      41.9;      34.4;        38;      28.3;        53;      55.1;      75.1;      50.8;        49;      40.5;      40.7;      41.7;     548.4;
      5788;1991-2020;        46;        47;        35;      43.2;      30.5;      57.4;      51.3;      74.2;      57.2;      47.7;      40.4;      47.5;      46.7;     578.1;
      5789;1991-2020;        46;      38.5;      29.3;        38;      31.3;      53.4;      53.3;      76.7;      58.7;      50.1;      38.1;      42.3;      39.4;       549;
      5790;1991-2020;        46;      45.6;      35.4;      38.4;      32.1;      47.5;      65.7;      62.5;      63.4;        50;      50.2;      45.4;        51;     587.3;
      5791;1991-2020;        46;      38.7;      38.2;      38.7;      34.7;      53.4;      59.2;        59;      60.4;      44.9;      43.3;      42.2;      43.8;     556.5;
      5792;1991-2020;        45;     176.5;     157.4;     208.1;     171.7;     192.7;     181.4;     184.5;     184.6;     150.2;     127.6;     157.4;     183.3;    2075.5;
      5793;1991-2020;        46;      55.8;      43.8;      55.8;        54;      93.5;      91.6;     106.6;      96.7;      63.8;      59.4;      59.6;      62.4;     842.9;
      5794;1991-2020;        46;      77.2;      65.9;      65.1;      46.7;      70.1;      65.2;      68.6;      66.7;      61.5;      70.4;      77.8;     101.8;     836.8;
      5795;1991-2020;        46;      59.4;      44.7;      45.2;      36.6;      63.7;      58.9;      65.7;      60.3;      52.6;      52.1;      54.2;      64.5;     657.6;
      5797;1991-2020;        43;        43;        38;        49;        40;        70;        76;        91;        78;        62;        54;        53;        50;       704;
      5798;1991-2020;        46;      44.7;      38.7;      45.2;      47.3;      87.5;      92.7;      93.9;      87.1;      57.6;      56.2;      49.8;      54.9;     755.7;
      5800;1991-2020;        43;       101;        71;        96;        50;        83;       112;       114;       112;        78;        85;        88;       127;      1117;
      5801;1991-2020;        46;     125.8;      95.9;     109.9;      61.9;      95.4;       119;       123;     120.1;      88.2;      98.1;     103.9;     148.8;      1290;
      5802;1991-2020;        46;      91.1;      64.4;        82;      47.9;      79.5;     105.6;     112.4;     111.1;      76.3;      77.8;      77.2;     106.2;    1031.7;
      5803;1991-2020;        46;     131.8;       104;     111.1;      60.5;      93.5;     117.4;     121.2;     120.2;      88.8;        97;      99.6;     146.5;    1291.7;
      5804;1991-2020;        46;      61.7;      47.3;      52.6;      40.1;      67.6;      65.6;      79.8;      66.6;      57.9;      59.5;      61.4;      62.1;     722.2;
      5805;1991-2020;        46;      75.8;        59;      58.5;      41.8;      58.5;      77.6;      90.3;      77.1;      77.6;      67.8;        70;      81.4;     835.2;
      5806;1991-2020;        46;      79.4;      61.9;        60;      44.4;      60.1;      78.5;      91.6;      82.6;      75.1;      69.3;        71;      84.5;     858.4;
      5807;1991-2020;        46;      76.5;      64.8;      79.1;      57.5;      84.1;      97.6;       113;     101.7;      81.5;      76.2;      76.7;      79.9;     988.3;
      5808;1991-2020;        46;        81;        69;      74.7;      51.2;      76.9;      91.1;     109.4;      94.9;      85.2;      75.2;      76.3;      91.5;     976.3;
      5814;1991-2020;        46;      47.2;      38.2;      45.9;      35.9;      61.8;      54.5;        72;      52.8;      55.6;      42.2;      47.9;      51.6;     605.6;
      5821;1991-2020;        46;      65.7;      53.9;      48.5;      45.1;      51.9;      66.4;      71.1;      72.4;      59.2;      60.1;      57.7;      68.6;     720.6;
      5822;1991-2020;        43;        69;        54;        50;        45;        56;        69;        75;        72;        61;        64;        60;        73;       748;
      5825;1991-2020;        45;        39;      28.9;      34.1;      25.2;      51.6;      63.2;      67.9;      52.9;      46.5;      40.4;      36.8;      36.6;     523.8;
      5826;1991-2020;        46;      74.5;      56.3;      56.1;      41.1;        56;      63.1;      81.6;        76;        69;      65.9;      66.7;      76.6;     782.8;
      5830;1991-2020;        46;      45.8;        33;        38;      25.7;      50.8;      58.9;        73;      57.3;      48.7;      43.5;      41.4;      45.2;     561.2;
      5831;1991-2020;        46;      74.5;      58.3;      57.2;      44.2;      52.4;      69.1;      77.4;      80.2;      65.5;        69;      65.8;      79.3;     792.9;
      5832;1991-2020;        46;        56;      43.4;      45.2;      33.1;      51.1;        62;      75.6;      63.6;      47.6;      49.5;      48.5;      53.5;     629.1;
      5833;1991-2020;        43;        55;        42;        45;        34;        50;        62;        76;        62;        49;        51;        49;        53;       628;
      5839;1991-2020;        43;        70;        54;        54;        43;        57;        68;        80;        86;        82;        77;        70;        75;       816;
      5846;1991-2020;        46;      54.1;      39.8;      50.1;      33.9;      53.3;      52.5;      83.8;      60.9;      53.3;      46.7;      51.2;      55.7;     635.4;
      5847;1991-2020;        46;        70;      52.8;      52.6;      41.3;      53.6;      69.5;      81.4;        74;      64.6;      59.8;      60.3;      71.9;     751.9;
      5854;1991-2020;        46;      43.2;        32;      37.8;      30.8;      49.4;      60.4;      67.3;      57.3;      47.3;      45.1;      41.7;      41.6;     553.8;
      5855;1991-2020;        46;      58.2;      45.9;        51;      38.6;      69.4;        68;      77.6;      67.6;      55.1;      53.9;      57.2;      59.7;     702.3;
      5856;1991-2020;        43;        76;        56;        66;        48;        92;       103;       104;        83;        74;        65;        68;        73;       908;
      5865;1991-2020;        46;      43.7;      36.1;      40.7;      29.7;      53.6;      50.9;      80.4;      59.9;      45.3;      40.8;      40.5;        44;     565.5;
      5866;1991-2020;        46;      83.7;      71.1;      68.2;      65.5;      96.8;      93.2;        96;      91.6;      71.8;      82.1;      81.2;      97.8;     998.8;
      5869;1991-2020;        46;      36.1;      31.2;      36.1;      27.2;      52.3;      58.2;      78.8;      59.2;      47.7;      40.2;      36.5;      35.4;     538.9;
      5870;1991-2020;        46;      66.6;      48.8;      54.3;      45.7;      69.2;        66;        80;      68.7;      59.3;      61.9;      61.1;      74.3;       756;
      5871;1991-2020;        43;        84;        62;        60;        50;        71;        65;        73;        67;        65;        76;        66;        97;       836;
      5874;1991-2020;        46;      69.7;      53.9;      57.9;        44;      75.3;      68.7;      92.5;      73.2;      66.4;        61;      64.8;      70.7;     798.1;
      5875;1991-2020;        46;      88.1;      69.4;      71.9;      51.5;      73.2;      81.6;     106.3;      75.6;      81.8;      76.7;      83.2;       100;     959.3;
      5885;1991-2020;        46;      45.8;      41.4;      52.8;        49;      88.2;      88.6;        97;      81.6;      58.6;      62.1;      58.5;      53.9;     777.6;
      5886;1991-2020;        46;      47.8;      42.2;        55;      52.1;      91.4;      96.1;     108.5;      88.7;      60.6;      67.3;      61.8;      59.1;     830.5;
      5890;1991-2020;        46;      81.9;      74.4;      97.5;      93.8;     151.8;     181.2;     177.4;     177.5;     117.2;      90.7;      85.1;      84.8;    1413.2;
      5896;1991-2020;        46;      51.4;      40.5;      46.1;      31.6;      50.4;      69.4;      72.9;      58.2;        49;      48.9;      46.9;      50.3;     615.7;
      5897;1991-2020;        46;      76.6;        65;      62.7;      44.1;        64;        74;      89.7;        74;        68;      69.6;        68;      84.8;     840.6;
      5898;1991-2020;        46;      49.7;      44.2;      52.5;      43.7;      80.9;      84.8;      87.4;      83.4;      59.1;      60.3;      64.4;      56.7;     767.1;
      5899;1991-2020;        46;        40;      30.7;      36.6;      28.5;      47.7;      56.4;      71.1;      61.4;      49.4;      40.4;        39;      38.9;       540;
      5901;1991-2020;        46;      50.9;      48.7;      54.3;      42.9;      74.6;      83.7;      87.7;      93.2;      59.3;      51.1;        68;      45.7;     760.2;
      5904;1991-2020;        46;      55.8;      46.1;      57.9;      47.9;      82.2;      89.8;      93.9;      88.1;      63.2;      60.4;        58;        61;     804.2;
      5906;1991-2020;        45;      41.9;      40.6;      42.3;      40.5;      67.6;      63.8;      71.2;      61.7;        50;        53;      52.9;        55;     640.5;
      5912;1991-2020;        45;      48.2;      38.2;      44.7;      41.9;      64.6;      71.5;      77.2;      64.6;      63.1;        57;      57.1;      56.5;     678.1;
      5913;1991-2020;        46;      46.8;      37.8;      42.7;      39.8;      64.2;      59.9;      73.6;      65.6;      54.5;      49.1;      52.2;      53.6;     639.8;
      5920;1991-2020;        46;      42.8;      36.8;      41.6;        33;      53.5;        57;      61.5;      57.5;        49;      46.5;      44.9;      47.9;     571.9;
      5921;1991-2020;        46;      47.6;      38.8;      41.9;      32.7;      60.9;      60.9;      71.3;      70.5;      53.7;      53.1;      49.3;      54.1;     634.8;
      5924;1991-2020;        46;        74;      55.6;      53.4;      39.2;      50.4;      74.8;      87.8;     100.7;      89.6;      93.5;      76.8;      84.9;     880.6;
      5925;1991-2020;        46;      73.7;      56.1;        53;      39.8;      50.6;      74.9;      88.1;     100.6;      89.5;      93.9;      77.2;        85;     882.5;
      5927;1991-2020;        46;     128.2;     114.1;     115.3;     107.6;     138.6;     114.9;     126.1;     121.9;     106.8;     121.5;     135.1;     155.8;      1486;
      5928;1991-2020;        46;     110.9;      91.2;      97.3;      63.3;      98.2;     130.4;     124.1;     137.8;      94.8;     100.9;      88.9;     118.9;    1256.7;
      5930;1991-2020;        43;        61;        48;        53;        38;        58;        65;        63;        86;        66;        81;        70;        89;       778;
      5941;1991-2020;        43;       118;       106;       135;       105;       165;       182;       195;       187;       139;       109;       110;       119;      1670;
      5943;1991-2020;        46;      55.1;      49.3;      57.3;      44.9;      72.3;      87.7;     100.5;      95.7;      64.4;      58.9;      55.3;      60.9;     802.3;
      5944;1991-2020;        46;      60.5;      46.4;      44.5;      38.9;      61.6;      62.4;      71.5;      67.4;        54;      56.7;      57.5;      65.4;       687;
      5952;1991-2020;        46;        72;      61.2;      53.5;      40.6;      57.4;      74.9;      78.2;        82;      65.5;      67.4;      65.9;      79.4;     798.1;
      5953;1991-2020;        46;      50.3;      39.7;        44;      29.4;      56.1;      59.5;      71.1;      58.7;      47.9;      44.7;        45;      47.2;     593.7;
      5958;1991-2020;        46;     125.1;      93.7;        97;      61.7;        78;      82.5;     103.1;      79.1;        88;      92.4;     105.4;     141.1;    1147.2;
      5959;1991-2020;        46;      70.6;      55.2;      60.2;      39.4;      75.4;      89.5;      86.5;      83.2;      64.3;      60.2;      62.6;      76.5;     823.7;
      5960;1991-2020;        43;        43;        31;        35;        27;        48;        59;        69;        53;        47;        43;        39;        42;       536;
      5962;1991-2020;        46;      45.5;      35.7;      42.6;      30.8;      55.6;      58.3;      76.7;      66.8;      48.9;      44.7;      46.5;      45.7;     597.9;
      5963;1991-2020;        46;     123.4;      92.7;      93.5;      58.7;      76.9;      77.5;     105.7;      76.6;        86;      90.7;      98.9;     135.5;    1116.1;
      5969;1991-2020;        46;      45.4;      39.1;      49.3;      38.5;      68.3;      70.6;      93.5;      71.9;      60.1;      50.2;      54.9;      53.2;     695.1;
      5970;1991-2020;        46;      56.3;      48.6;      52.4;      44.6;      73.2;      67.4;      87.3;      64.5;      58.1;      58.1;        59;      60.7;     730.2;
      5971;1991-2020;        46;      86.8;        72;        86;      60.5;      96.3;      96.3;     107.9;      87.4;      73.7;      85.7;        88;       104;    1044.6;
      5972;1991-2020;        46;      86.5;      71.6;      86.1;      59.5;      94.5;      93.9;     106.4;      85.8;      71.8;      83.6;      87.1;     102.5;    1029.3;
      5979;1991-2020;        46;      39.3;      36.1;      42.8;      39.2;      69.5;      71.4;      97.4;      74.3;      62.9;      50.2;      49.9;      46.8;     679.8;
      5980;1991-2020;        46;        62;        56;      61.1;      63.9;      99.5;     105.9;     111.6;        98;      76.5;      72.2;      66.5;      82.5;     955.7;
      5983;1991-2020;        46;        45;      33.8;      39.1;      27.3;      53.3;      59.3;      79.4;      53.9;      46.6;      40.6;      40.7;        42;     560.9;
      6084;1991-2020;        43;        69;        53;        58;        43;        59;        60;        75;        72;        57;        63;        60;        69;       738;
      6085;1991-2020;        46;        45;      33.5;      40.2;      27.9;      52.3;      56.8;      78.2;      53.6;      44.9;      41.4;      40.1;      42.2;     555.9;
      6086;1991-2020;        46;        48;      37.7;        41;      29.7;      56.3;      62.2;      75.4;      60.7;      48.5;      42.2;      42.5;      45.8;     589.9;
      6087;1991-2020;        46;      88.3;      81.3;      79.4;        61;        85;      74.1;      89.8;      77.4;      73.1;      81.5;      86.4;     101.9;     979.3;
      6093;1991-2020;        43;        64;        49;        51;        39;        54;        66;        78;        71;        52;        55;        54;        62;       695;
      6095;1991-2020;        46;      51.8;      42.5;      54.1;      39.8;      65.9;      72.6;      92.9;      80.2;      58.8;      53.7;      53.3;      53.4;       719;
      6100;1991-2020;        43;        32;        31;        33;        31;        52;        52;        56;        51;        43;        45;        40;        45;       511;
      6105;1991-2020;        43;        75;        58;        54;        40;        57;        71;        88;        85;        73;        77;        67;        79;       824;
      6109;1991-2020;        43;        38;        30;        37;        29;        52;        56;        72;        63;        51;        43;        39;        40;       550;
      6110;1991-2020;        46;      41.8;      30.5;      36.6;      29.5;      50.9;      61.6;      67.4;      60.6;      48.1;      48.9;      42.1;      43.3;     561.4;
      6113;1991-2020;        43;        83;        76;        81;        74;       117;        97;       114;        94;        82;        95;        92;       103;      1108;
      6114;1991-2020;        43;        53;        41;        42;        42;        68;        64;        85;        68;        57;        58;        53;        56;       687;
      6129;1991-2020;        43;        61;        51;        59;        38;        65;        76;        89;        84;        56;        57;        56;        63;       755;
      6157;1991-2020;        43;        69;        54;        53;        42;        56;        73;        92;        83;        78;        78;        73;        76;       827;
      6158;1991-2020;        43;        49;        40;        47;        37;        67;        72;        78;        63;        49;        57;        51;        55;       665;
      6159;1991-2020;        45;      68.4;      52.9;      52.4;      40.3;      58.4;      67.1;      83.6;      80.3;      73.6;        66;      64.7;      74.6;     782.8;
      6161;1991-2020;        43;        69;        58;        65;        46;        78;        89;       102;        86;        64;        63;        64;        76;       860;
      6163;1991-2020;        43;        65;        52;        48;        38;        52;        70;        75;        75;        62;        65;        59;        70;       731;
      6165;1991-2020;        46;      52.2;      42.5;      42.5;      36.6;      50.7;      75.4;      74.4;      72.3;      57.2;      53.6;      49.7;      55.6;     662.6;
      6169;1991-2020;        46;      66.9;      61.6;      79.7;      76.4;     128.8;     147.1;     152.3;     152.7;     102.4;      81.3;      74.9;      74.1;    1198.3;
      6170;1991-2020;        43;        42;        35;        40;        30;        51;        54;        83;        54;        45;        39;        40;        42;       555;
      6177;1991-2020;        43;        67;        56;        52;        36;        55;        81;        85;        89;        79;        80;        69;        76;       825;
      6178;1991-2020;        46;      65.3;      48.7;      53.7;      36.1;      64.3;      74.2;      77.8;      69.3;      63.7;        60;      62.2;      71.2;     746.5;
      6182;1991-2020;        46;      55.4;      44.8;      55.1;      43.3;      76.1;      87.8;      85.9;      81.6;      58.2;      56.3;        55;      60.1;     759.8;
      6185;1991-2020;        46;      91.6;      84.4;      86.6;      62.7;      90.2;      80.8;      95.8;      85.2;      80.1;      88.7;      93.9;     114.7;    1054.6;
      6186;1991-2020;        46;      50.9;      45.5;      47.9;      41.1;      58.2;      62.4;      66.4;        60;      52.2;      51.8;      50.9;      60.8;     648.1;
      6190;1991-2020;        43;        98;        86;       119;        93;       164;       183;       191;       192;       137;       100;        93;        98;      1554;
      6191;1991-2020;        43;        93;        79;        92;        54;        89;       105;       113;       104;        80;        77;        78;       106;      1070;
      6193;1991-2020;        43;        52;        39;        45;        30;        53;        55;        76;        58;        49;        44;        44;        49;       594;
      6195;1991-2020;        43;        56;        44;        47;        38;        65;        69;        88;        62;        60;        54;        60;        62;       705;
      6196;1991-2020;        46;      68.4;      54.2;      59.7;      41.3;        65;      75.7;      90.6;      81.8;      66.6;      63.5;      63.4;      75.2;     805.4;
      6197;1991-2020;        43;        83;        63;        59;        49;        57;        79;        93;        73;        67;        89;        68;        86;       866;
      6199;1991-2020;        43;        53;        41;        43;        36;        53;        68;        69;        72;        58;        57;        50;        57;       657;
      6200;1991-2020;        43;        55;        43;        44;        37;        59;        62;        82;        53;        53;        53;        58;        62;       661;
      6201;1991-2020;        43;        42;        39;        43;        38;        64;        64;        74;        58;        51;        53;        48;        52;       626;
      6203;1991-2020;        43;       119;       103;       147;       112;       194;       204;       229;       214;       173;       126;       111;       122;      1854;
      6212;1991-2020;        46;      57.7;      48.1;      57.6;      42.9;      75.5;      74.4;      85.5;      70.2;      51.8;        64;      57.6;      67.7;     753.2;
      6214;1991-2020;        43;        95;        82;       108;       101;       160;       195;       190;       191;       126;        98;        92;        98;      1536;
      6215;1991-2020;        43;        93;        74;        85;        59;        98;       119;       120;       118;        89;        84;        82;       100;      1121;
      6216;1991-2020;        43;        59;        45;        49;        40;        65;        78;        81;        72;        62;        55;        55;        64;       725;
      6217;1991-2020;        43;        70;        60;        58;        45;        67;        58;        69;        65;        62;        69;        72;        92;       787;
      6218;1991-2020;        43;        37;        32;        44;        38;        65;        59;        84;        69;        53;        45;        49;        45;       620;
      6219;1991-2020;        46;      52.1;      41.6;      48.1;      38.1;      65.3;      71.6;      76.1;      68.5;      50.9;      53.2;      51.9;      56.6;     673.9;
      6220;1991-2020;        46;      74.7;      58.3;      57.7;      42.7;      54.5;      71.7;      79.4;      74.7;        70;      65.1;      65.1;      79.6;     793.4;
      6227;1991-2020;        46;      45.6;      33.3;      36.4;      34.5;      60.2;        54;      69.1;      60.1;      45.4;      44.7;      46.7;      44.3;     574.4;
      6228;1991-2020;        46;      65.5;      61.6;      57.1;      47.3;      58.4;      71.1;      78.4;      93.7;      61.4;        65;      64.2;      76.5;     800.2;
      6249;1991-2020;        43;        79;        59;        60;        42;        69;        69;        88;        64;        63;        63;        71;        87;       814;
      6257;1991-2020;        43;       110;        95;       124;       108;       175;       191;       209;       200;       136;       111;       113;       118;      1690;
      6258;1991-2020;        43;        54;        49;        59;        66;       103;       114;       119;       112;        85;        73;        67;        74;       975;
      6259;1991-2020;        43;        94;        80;        89;        61;        95;        94;       110;        82;        74;        91;        90;       113;      1073;
      6260;1991-2020;        43;        68;        61;        67;        48;        74;        70;        81;        70;        63;        72;        71;        85;       830;
      6262;1991-2020;        43;        77;        62;        74;        54;        89;        86;       103;        88;        66;        74;        76;        85;       934;
      6263;1991-2020;        43;        52;        47;        47;        55;        86;        85;        96;        81;        60;        61;        55;        63;       788;
      6264;1991-2020;        43;        91;        72;        74;        54;        70;        75;        89;        86;        76;        74;        82;        89;       932;
      6265;1991-2020;        43;        39;        31;        35;        26;        50;        54;        73;        60;        45;        40;        39;        41;       533;
      6266;1991-2020;        43;        43;        32;        42;        35;        56;        53;        65;        54;        46;        44;        42;        44;       556;
      6268;1991-2020;        43;        29;        26;        38;        34;        62;        62;        79;        65;        49;        39;        42;        34;       559;
      6269;1991-2020;        43;       103;        95;       108;        56;        99;       102;       114;       141;       101;       105;        87;       114;      1225;
      6270;1991-2020;        43;        53;        41;        42;        35;        61;        55;        74;        55;        53;        49;        51;        61;       630;
      6271;1991-2020;        43;        43;        36;        46;        35;        63;        66;        90;        66;        59;        47;        52;        50;       653;
      6272;1991-2020;        43;        52;        42;        50;        40;        66;        63;        79;        64;        57;        54;        55;        60;       682;
      6273;1991-2020;        43;        41;        31;        35;        26;        50;        57;        71;        57;        45;        41;        38;        41;       533;
      6274;1991-2020;        43;        47;        40;        48;        48;        90;        89;        96;        84;        59;        62;        57;        55;       775;
      6275;1991-2020;        43;        51;        44;        53;        50;        90;        90;       100;        85;        62;        64;        62;        58;       809;
      6276;1991-2020;        46;      86.2;      74.1;      70.9;      51.2;      66.8;      71.7;      92.9;        85;      75.9;      77.1;      80.4;      86.2;     918.5;
      6278;1991-2020;        46;      40.3;      35.1;      37.3;      33.4;      57.1;      54.7;      58.6;        50;      45.4;      44.8;      44.7;      49.7;     551.1;
      6287;1991-2020;        43;        58;        47;        47;        36;        57;        55;        67;        59;        49;        51;        53;        63;       642;
      6303;1991-2020;        43;       115;        93;        95;        69;        79;        86;        93;        88;        88;        90;       102;       116;      1114;
      6304;1991-2020;        46;      75.4;      61.7;      67.6;      47.6;      76.8;        89;      90.9;        85;      72.3;        69;      73.5;      85.7;     894.4;
      6305;1991-2020;        43;        37;        32;        39;        30;        54;        53;        64;        51;        44;        39;        42;        43;       528;
      6310;1991-2020;        43;        44;        33;        37;        31;        50;        61;        70;        61;        55;        49;        44;        47;       582;
      6312;1991-2020;        46;      50.8;      44.6;      50.9;      38.2;      65.3;      65.6;      76.7;      60.5;        53;      58.1;      57.2;      61.2;     682.3;
      6313;1991-2020;        43;       143;       114;       103;        67;        82;        89;       110;       108;       105;       108;       119;       147;      1295;
      6314;1991-2020;        43;        46;        39;        51;        36;        63;        68;        87;        77;        59;        52;        50;        50;       678;
      6336;1991-2020;        43;        75;        61;        58;        42;        67;        58;        75;        61;        58;        62;        67;        86;       770;
      6337;1991-2020;        43;        68;        57;        56;        44;        53;        64;        80;        74;        64;        66;        64;        73;       763;
      6338;1991-2020;        43;        89;        73;        70;        48;        67;        79;        94;        79;        75;        75;        79;        98;       926;
      6344;1991-2020;        43;        46;        41;        44;        36;        56;        59;        72;        55;        50;        52;        49;        55;       615;
      6346;1991-2020;        43;        54;        43;        60;        54;       103;       110;       110;       103;        71;        63;        58;        59;       888;
      6347;1991-2020;        43;        55;        42;        44;        37;        64;        66;        80;        60;        55;        55;        57;        65;       680;
      7075;1991-2020;        43;        48;        41;        52;        44;        76;        86;        84;        83;        61;        60;        54;        56;       745;
      7077;1991-2020;        43;        44;        34;        39;        30;        47;        63;        65;        57;        45;        45;        40;        42;       551;
      7078;1991-2020;        43;        61;        48;        49;        38;        50;        65;        78;        66;        52;        54;        52;        61;       674;
      7079;1991-2020;        43;        41;        31;        37;        29;        57;        55;        72;        59;        48;        39;        37;        40;       545;
      7099;1991-2020;        43;        57;        42;        52;        40;        63;        63;        79;        70;        57;        56;        52;        57;       688;
      7103;1991-2020;        43;        55;        55;        68;        72;       123;       143;       141;       142;        90;        76;        67;        63;      1095;
      7104;1991-2020;        43;        55;        47;        50;        38;        63;        63;        69;        55;        48;        55;        53;        63;       659;
      7105;1991-2020;        43;       108;        95;       131;       102;       173;       198;       185;       183;       147;       116;       106;       117;      1661;
      7106;1991-2020;        43;        88;        65;        65;        48;        61;        71;        77;        80;        71;        74;        74;        89;       863;
      7134;1991-2020;        46;     157.8;     136.1;     135.9;       116;     154.6;     134.3;     135.2;     130.9;     120.4;     147.3;     163.7;     197.9;    1730.2;
      7136;1991-2020;        43;        32;        33;        40;        53;        87;        76;        82;        73;        61;        67;        52;        45;       701;
      7138;1991-2020;        43;        63;        58;        65;        63;       104;       100;       109;        93;        67;        73;        66;        75;       936;
      7141;1991-2020;        43;        51;        45;        54;        50;        96;        92;       111;        94;        64;        68;        64;        63;       852;
      7187;1991-2020;        43;        62;        56;        60;        44;        67;        62;        74;        64;        53;        61;        63;        72;       738;
      7244;1991-2020;        46;      51.3;      39.1;      42.4;      32.1;      51.4;      67.4;      73.6;      57.9;        49;        48;      42.6;      50.1;       605;
      7285;1991-2020;        43;        49;        35;        40;        32;        51;        55;        67;        58;        47;        47;        42;        48;       571;
      7298;1991-2020;        43;        70;        51;        49;        40;        49;        72;        88;        93;        88;        91;        75;        80;       846;
      7319;1991-2020;        43;        48;        37;        49;        43;        79;        80;        84;        76;        53;        54;        53;        58;       714;
      7321;1991-2020;        43;        32;        26;        38;        32;        57;        54;        80;        56;        47;        40;        43;        40;       545;
      7322;1991-2020;        43;       109;        97;        98;       102;       142;       126;       126;       123;       108;       128;       129;       138;      1426;
      7323;1991-2020;        46;      44.4;      35.9;      45.8;      33.7;      55.5;      62.6;      80.1;      61.9;      55.8;        45;      47.6;      46.1;     614.5;
      7326;1991-2020;        43;        45;        36;        46;        33;        57;        59;        82;        65;        52;        44;        50;        48;       617;
      7327;1991-2020;        43;        58;        50;        60;        43;        65;        76;        91;        88;        62;        58;        61;        62;       774;
      7328;1991-2020;        43;        37;        31;        41;        34;        57;        66;        80;        70;        54;        45;        46;        44;       605;
      7329;1991-2020;        43;        49;        41;        52;        41;        68;        82;        91;        77;        68;        57;        54;        56;       736;
      7330;1991-2020;        43;        75;        64;        65;        50;        63;        69;        96;        84;        67;        69;        70;        74;       846;
      7331;1991-2020;        43;        50;        40;        52;        44;        73;        75;        90;        79;        52;        53;        54;        59;       721;
      7333;1991-2020;        43;        67;        58;        71;        52;        77;        92;       109;        95;        76;        68;        70;        74;       909;
      7334;1991-2020;        43;        43;        34;        43;        32;        54;        61;        80;        68;        51;        43;        45;        44;       598;
      7335;1991-2020;        43;        48;        37;        46;        32;        61;        59;        78;        68;        51;        47;        48;        47;       622;
      7337;1991-2020;        43;        55;        45;        53;        37;        64;        77;        90;        83;        56;        52;        52;        56;       720;
      7341;1991-2020;        43;        53;        47;        44;        43;        60;        68;        77;        64;        51;        54;        54;        62;       677;
      7343;1991-2020;        43;        89;        69;        81;        53;        82;        96;       115;       104;        77;        70;        77;        87;      1000;
      7344;1991-2020;        43;        64;        60;        53;        43;        57;        66;        71;        75;        63;        64;        64;        76;       756;
      7350;1991-2020;        43;        64;        52;        60;        50;        90;       104;       110;       100;        74;        68;        62;        74;       908;
      7351;1991-2020;        43;        52;        40;        44;        33;        51;        69;        71;        56;        49;        49;        45;        49;       608;
      7361;1991-2020;        43;        73;        53;        54;        42;        53;        60;        78;        66;        59;        63;        58;        69;       728;
      7363;1991-2020;        43;       153;       130;       126;        88;       131;       112;       125;       106;        99;       121;       136;       180;      1507;
      7364;1991-2020;        43;        42;        30;        39;        30;        55;        50;        70;        56;        49;        39;        44;        44;       548;
      7367;1991-2020;        43;        77;        59;        62;        46;        65;        71;        79;        71;        62;        70;        65;        75;       802;
      7368;1991-2020;        43;        53;        46;        50;        40;        69;        62;        82;        64;        58;        56;        56;        58;       694;
      7369;1991-2020;        43;        56;        51;        57;        41;        71;        72;        84;        64;        51;        66;        59;        67;       739;
      7370;1991-2020;        43;        64;        53;        55;        44;        71;        89;        89;        81;        63;        60;        57;        71;       797;
      7372;1991-2020;        43;        46;        33;        37;        28;        47;        56;        69;        56;        48;        44;        40;        43;       547;
      7373;1991-2020;        43;        66;        51;        50;        39;        46;        64;        81;        93;        87;        85;        74;        80;       816;
      7374;1991-2020;        43;        72;        63;        58;        43;        51;        98;        78;        76;        70;        64;        73;        75;       821;
      7375;1991-2020;        43;        74;        63;        57;        44;        69;        63;        73;        68;        60;        69;        69;        94;       803;
      7378;1991-2020;        43;        58;        54;        51;        43;        57;        68;        69;        74;        58;        61;        60;        66;       719;
      7381;1991-2020;        43;        58;        54;        59;        56;        99;       101;       108;        93;        66;        70;        62;        72;       898;
      7382;1991-2020;        43;        92;        85;       100;        89;       144;       155;       161;       151;       116;       101;       106;       118;      1418;
      7389;1991-2020;        43;        49;        38;        42;        30;        56;        59;        77;        61;        49;        42;        42;        45;       590;
      7393;1991-2020;        43;        45;        37;        48;        33;        59;        66;        76;        73;        49;        45;        46;        44;       621;
      7394;1991-2020;        43;        82;        64;        67;        42;        66;        79;        94;        79;        71;        69;        76;        92;       881;
      7395;1991-2020;        43;        49;        41;        51;        43;        78;        93;        91;        87;        59;        54;        53;        57;       756;
      7396;1991-2020;        43;       121;        90;        88;        70;        93;        87;       125;        95;        98;       110;       104;       130;      1211;
      7403;1991-2020;        43;        81;        75;        89;        84;       134;       147;       152;       138;       102;        88;        92;       102;      1284;
      7410;1991-2020;        43;        65;        49;        52;        46;        73;        68;        82;        74;        60;        62;        62;        71;       764;
      7412;1991-2020;        43;        97;        84;        79;        59;        86;        71;        93;        80;        77;        86;        91;       112;      1015;
      7413;1991-2020;        43;        56;        45;        45;        35;        50;        61;        73;        73;        50;        51;        49;        57;       645;
      7418;1991-2020;        43;        51;        42;        54;        42;        67;        76;        94;        82;        63;        54;        56;        55;       736;
      7419;1991-2020;        43;        43;        37;        48;        38;        66;        76;        83;        73;        60;        50;        53;        52;       679;
      7420;1991-2020;        43;        36;        31;        43;        37;        62;        60;        85;        67;        52;        41;        47;        44;       605;
      7421;1991-2020;        43;        84;        64;        64;        44;        67;        74;        95;        72;        68;        67;        74;        92;       865;
      7423;1991-2020;        43;        53;        40;        51;        33;        58;        70;        89;        78;        57;        48;        47;        48;       672;
      7424;1991-2020;        43;        86;        72;       107;        79;       135;       160;       154;       165;       121;        88;        87;        87;      1341;
      7425;1991-2020;        43;        80;        60;        61;        48;        64;        68;        82;        80;        68;        73;        69;        82;       835;
      7427;1991-2020;        43;        75;        62;        56;        40;        58;        74;        84;        86;        69;        75;        69;        84;       832;
      7428;1991-2020;        43;        75;        57;        58;        42;        65;        65;        92;        62;        66;        61;        68;        85;       796;
      7429;1991-2020;        43;        81;        67;        71;        47;        71;        68;        78;        66;        60;        72;        72;        98;       851;
      7430;1991-2020;        43;        53;        42;        46;        37;        58;        62;        79;        58;        54;        50;        56;        61;       656;
      7431;1991-2020;        43;        64;        57;        74;        70;       123;       137;       141;       130;        89;        77;        69;        70;      1101;
      7432;1991-2020;        43;        61;        43;        47;        36;        53;        58;        78;        64;        53;        54;        52;        59;       658;
      7485;1991-2020;        43;        48;        43;        42;        35;        57;        56;        57;        49;        46;        49;        50;        62;       594;
      7486;1991-2020;        43;        40;        37;        37;        34;        57;        58;        64;        53;        47;        47;        46;        53;       573;
      7499;1991-2020;        43;        92;        74;        75;        50;        66;        74;        79;        80;        72;        77;        82;       101;       922;
      7500;1991-2020;        43;        46;        32;        39;        29;        55;        59;        68;        56;        50;        41;        43;        46;       564;
     10339;1991-2020;        43;        79;        68;        73;        52;        80;        84;        88;        72;        60;        76;        73;        93;       898;
     13654;1991-2020;        43;        52;        44;        54;        39;        66;        72;        88;        80;        57;        52;        54;        55;       713;
     13662;1991-2020;        46;      42.8;      33.3;      37.6;      27.8;      52.6;      54.8;      69.6;        61;      47.5;      42.1;      40.1;      43.5;     552.6;
     13663;1991-2020;        46;      61.6;      55.7;      53.8;      45.1;      58.4;      70.1;        77;      76.3;      62.1;      64.7;      61.5;      70.3;     756.6;
     13669;1991-2020;        43;        72;        56;        54;        41;        55;        64;        73;        76;        63;        63;        66;        76;       759;
     13670;1991-2020;        43;        67;        60;        54;        43;        56;        64;        71;        80;        65;        66;        67;        75;       768;
     13671;1991-2020;        43;       108;        90;        85;        61;        78;        98;       100;       100;        89;        95;       102;       119;      1125;
     13672;1991-2020;        46;      62.2;      51.6;      63.3;      53.9;      89.5;        86;     101.5;      90.2;      63.6;      66.1;      63.3;      69.9;       861;
     13673;1991-2020;        46;      69.4;        60;      67.9;      48.4;      80.7;      76.7;      86.3;      71.3;      58.4;      72.7;      68.2;      84.1;       844;
     13674;1991-2020;        43;        74;        66;        69;        48;        74;        70;        81;        68;        66;        76;        76;        91;       859;
     13675;1991-2020;        43;        70;        54;        56;        41;        57;        60;        75;        69;        58;        64;        60;        70;       734;
     13680;1991-2020;        46;      46.6;      37.5;      39.2;      32.8;      57.3;      56.9;      69.2;      54.4;      48.4;      47.8;        50;        54;       594;
     13682;1991-2020;        46;      59.2;      49.6;      50.7;      43.4;      65.5;        63;      76.9;      62.4;        54;      58.3;      57.4;      65.9;     706.2;
     13686;1991-2020;        46;      82.3;      69.4;      70.4;      51.3;      69.4;        77;      87.9;      81.8;      73.8;      73.5;      79.6;      93.9;     910.3;
     13687;1991-2020;        43;        77;        65;        59;        40;        60;        77;        87;        85;        70;        75;        70;        86;       851;
     13688;1991-2020;        43;        37;        30;        42;        32;        60;        59;        74;        59;        53;        41;        45;        41;       573;
     13691;1991-2020;        43;        48;        40;        47;        38;        59;        60;        65;        58;        51;        52;        49;        57;       624;
     13696;1991-2020;        43;        71;        62;        56;        43;        58;        68;        79;        78;        68;        67;        67;        75;       792;
     13697;1991-2020;        46;      58.1;      44.3;      44.4;      38.4;      60.5;      61.2;      69.7;        65;      52.6;      55.9;      54.9;      63.2;     668.2;
     13698;1991-2020;        43;        64;        53;        63;        48;        80;        79;        88;        76;        58;        67;        65;        76;       817;
     13699;1991-2020;        43;        59;        44;        48;        38;        53;        56;        73;        71;        54;        60;        54;        59;       669;
     13700;1991-2020;        43;       102;        84;        77;        56;        68;        76;        90;        88;        81;        84;        90;       109;      1005;
     13709;1991-2020;        43;        63;        53;        58;        47;        63;        65;        70;        69;        61;        59;        58;        72;       738;
     13710;1991-2020;        43;        56;        48;        55;        50;        93;       103;       105;        95;        70;        64;        58;        62;       859;
     13711;1991-2020;        43;        33;        29;        40;        37;        63;        64;        83;        68;        53;        44;        44;        38;       596;
     13712;1991-2020;        43;        44;        35;        40;        30;        50;        57;        80;        54;        48;        40;        42;        43;       563;
     13713;1991-2020;        43;       154;       122;       114;        70;        80;        90;       111;       107;       103;       116;       129;       165;      1361;
     13714;1991-2020;        43;        49;        40;        48;        41;        60;        71;        75;        73;        58;        53;        51;        57;       676;
     13715;1991-2020;        43;        48;        41;        51;        60;       100;       114;       113;       107;        73;        64;        57;        60;       888;
     13716;1991-2020;        43;        68;        61;        61;        62;        96;        95;       104;        90;        65;        74;        69;        83;       928;
     13717;1991-2020;        43;        75;        63;        60;        45;        65;        67;        69;        70;        62;        66;        68;        85;       795;
     13774;1991-2020;        43;        44;        37;        48;        39;        64;        73;        85;        72;        60;        51;        53;        50;       676;
     13776;1991-2020;        46;      56.4;      43.3;        48;      37.9;      58.3;      56.7;      70.4;      64.6;      53.9;      56.4;      49.7;      56.1;     651.5;
     13777;1991-2020;        43;        47;        36;        43;        35;        54;        56;        65;        59;        47;        46;        45;        49;       582;
     13781;1991-2020;        43;        91;        73;        68;        52;        72;        73;        77;        78;        70;        75;        78;       107;       914;
     13782;1991-2020;        43;        32;        27;        35;        29;        54;        53;        73;        52;        45;        35;        38;        38;       511;
     13786;1991-2020;        43;        53;        41;        55;        47;        81;        86;        96;        87;        62;        59;        55;        60;       782;
     13905;1991-2020;        43;        53;        48;        50;        41;        65;        59;        71;        65;        55;        56;        56;        64;       683;
     13919;1991-2020;        46;      65.4;      56.5;      53.2;      41.1;      57.5;      67.9;      73.4;      74.4;      64.3;      64.7;      67.4;      72.7;     758.6;
     13925;1991-2020;        46;      50.4;      47.5;      45.5;        38;      61.8;      56.3;      69.5;      60.3;      49.4;      57.6;      53.8;      63.8;     653.8;
     13926;1991-2020;        46;      53.4;        39;      43.4;      32.1;        47;      63.4;      66.1;      58.5;      46.6;      48.5;      42.2;      50.2;     590.5;
     13933;1991-2020;        43;        74;        64;        68;        50;        72;        72;        80;        71;        63;        74;        72;        92;       852;
     13965;1991-2020;        43;        51;        48;        54;        58;        96;        89;       101;        82;        60;        67;        60;        62;       828;
     13967;1991-2020;        43;        66;        54;        59;        46;        63;        72;        76;        74;        64;        62;        64;        75;       775;
     13969;1991-2020;        46;      61.3;      53.1;        57;      43.9;      77.9;      73.4;      85.1;      73.9;        54;      62.9;      61.3;        72;     775.9;
     13990;1991-2020;        46;      63.1;      55.6;      75.9;      67.9;     118.4;     143.6;     143.1;     141.2;      98.6;      75.2;      67.2;      65.5;    1115.3;
     14001;1991-2020;        46;      72.2;        57;      53.4;      41.8;        55;      74.3;      89.2;      76.4;      69.8;      68.5;      66.4;      75.8;     799.8;
     14130;1991-2020;        43;        43;        35;        45;        36;        63;        70;        86;        68;        55;        47;        51;        48;       647;
     14135;1991-2020;        43;        54;        54;        62;        66;       106;        88;       104;        85;        71;        79;        72;        70;       911;
     14137;1991-2020;        43;        58;        46;        46;        38;        61;        65;        81;        59;        58;        53;        57;        66;       688;
     14138;1991-2020;        46;      43.3;        36;      42.3;        31;      51.1;      57.7;      78.2;      58.3;        48;      41.1;      41.2;      43.3;     571.5;
     14157;1991-2020;        43;        65;        62;        65;        52;        79;        72;        85;        75;        64;        70;        72;        81;       842;
     14300;1991-2020;        43;        65;        62;        79;        84;       146;       166;       170;       165;       111;        86;        79;        72;      1285;
     14303;1991-2020;        46;      95.4;      82.7;      74.4;      52.4;      76.9;      71.9;      82.6;      75.6;      74.3;      84.8;      88.5;     114.4;     973.8;
     14304;1991-2020;        46;        68;      61.8;      58.8;      45.2;      66.2;      58.5;      72.5;      68.5;      61.4;      71.3;      71.1;      91.8;     795.1;
     14305;1991-2020;        46;      83.5;      76.2;      71.1;      49.5;      74.3;      68.5;      69.8;      67.4;      65.5;      77.8;      76.7;     101.4;     881.7;
     14307;1991-2020;        46;      32.7;      33.1;        34;        31;      52.2;      48.9;      59.8;      48.7;      42.8;      42.3;        39;      45.3;     509.8;
     14308;1991-2020;        46;      69.3;      61.2;      61.9;        46;      64.9;      67.8;      78.1;      68.8;      61.6;      63.5;      65.3;      79.8;     788.3;
     14309;1991-2020;        46;      95.6;      81.1;      76.3;      51.1;      72.2;      70.6;        86;      80.3;      73.2;      81.7;      86.7;     108.6;     963.4;
     14310;1991-2020;        46;      90.5;      75.5;      75.2;      54.7;      72.4;      80.9;      87.8;      86.3;      74.4;      75.9;      82.9;       101;     957.4;
     14311;1991-2020;        45;      99.7;      76.7;      73.6;      54.4;      74.7;      79.4;      80.9;      85.9;        78;      83.6;      88.3;     113.9;       991;
     14313;1991-2020;        43;        66;        58;        56;        49;        70;        74;        75;        76;        64;        63;        60;        74;       785;
     14314;1991-2020;        43;        61;        52;        51;        41;        62;        63;        67;        61;        54;        60;        57;        70;       699;
     14315;1991-2020;        46;      68.8;      58.9;      57.9;      47.3;      71.2;      69.8;      75.9;      67.9;      61.4;        67;      64.5;      77.9;     788.5;
     14316;1991-2020;        43;        96;        83;        79;        56;        77;        72;        78;        73;        73;        85;        89;       118;       979;
     14317;1991-2020;        46;      61.9;      54.9;      56.6;      42.9;      70.7;        65;      71.6;      61.9;      58.7;      61.6;      60.1;        70;     735.9;
     14318;1991-2020;        46;      33.4;      33.4;      35.2;      29.7;        58;      50.8;      58.7;      59.3;      42.4;      45.3;      43.4;      46.6;     536.2;
     14320;1991-2020;        43;        45;        40;        41;        37;        55;        56;        60;        56;        50;        47;        45;        55;       587;
     14321;1991-2020;        46;      54.4;      49.2;      47.2;      39.4;      60.6;      61.1;      68.4;      61.3;      52.3;      57.9;      56.5;      68.2;     676.5;
     14322;1991-2020;        46;     104.4;      84.7;      82.5;      54.6;      70.9;      78.5;      88.9;      88.7;      77.6;        89;      92.1;     113.3;    1025.2;
     14323;1991-2020;        46;      78.5;      67.5;      65.5;        50;      66.5;      74.6;      79.4;      77.2;      70.8;      71.3;      72.6;      89.9;     863.9;
     14343;1991-2020;        46;      58.3;      52.2;      61.6;      60.4;     106.4;     103.7;     113.1;      97.6;      71.1;      72.2;      69.1;      68.5;       934;
     14363;1991-2020;        46;     107.4;      93.3;       106;      65.4;     100.2;     124.9;     128.5;     127.7;      93.4;      95.2;      96.5;     127.1;    1265.4;
     14667;1991-2020;        43;        57;        50;        62;        48;        90;        96;       103;        93;        69;        62;        59;        61;       850;
     14670;1991-2020;        46;      54.7;      42.4;      48.7;      38.9;      66.3;      77.1;        84;      75.5;      54.8;      56.6;      52.8;      61.7;     713.4;
     15000;1991-2020;        43;        73;        71;        63;        51;        67;        81;        79;        87;        67;        70;        71;        87;       867;
     15001;1991-2020;        43;        76;        62;        61;        43;        57;        69;        80;        78;        71;        69;        71;        83;       820;
     15003;1991-2020;        43;        46;        35;        39;        32;        52;        63;        70;        62;        48;        48;        43;        48;       586;
     15041;1991-2020;        43;        76;        65;        67;        63;        94;        88;        93;        90;        67;        79;        77;        92;       951;
     15109;1991-2020;        43;        61;        48;        59;        46;        80;        78;        88;        78;        57;        61;        60;        70;       786;
     15117;1991-2020;        43;        47;        35;        38;        35;        54;        58;        62;        53;        46;        45;        46;        47;       566;
     15147;1991-2020;        43;        72;        55;        54;        44;        55;        68;        84;        86;        85;        76;        73;        81;       833;
     15149;1991-2020;        46;      48.1;      39.7;      53.2;        49;      92.9;     104.3;     106.2;      96.4;      70.4;      60.1;      54.7;        57;       832;
     15150;1991-2020;        46;        58;        47;      49.3;        34;      62.2;      69.5;        72;      67.3;      57.4;      51.4;      53.6;      62.8;     684.5;
     15171;1991-2020;        43;        62;        58;        60;        48;        79;        62;        75;        69;        58;        64;        64;        75;       774;
     15180;1991-2020;        43;        90;        74;        86;        49;        89;       104;       109;       102;        75;        75;        73;        91;      1017;
     15186;1991-2020;        46;      53.9;      49.4;      54.5;      60.3;      96.2;     100.3;     110.6;      96.8;        73;      67.2;      61.6;      70.8;     894.7;
     15195;1991-2020;        43;        67;        57;        66;        52;        90;        89;        99;        84;        65;        73;        73;        80;       895;
     15197;1991-2020;        43;        52;        44;        58;        58;       102;       111;       114;       104;        73;        64;        59;        60;       899;
     15207;1991-2020;        43;        58;        47;        50;        43;        67;        69;        78;        65;        58;        57;        59;        61;       712;
     15209;1991-2020;        43;        46;        38;        42;        36;        57;        53;        55;        52;        49;        51;        46;        56;       581;
     15232;1991-2020;        46;     137.3;     112.1;     110.3;      75.6;     100.7;      90.3;     130.5;      95.4;     110.5;     113.3;     127.3;     151.4;    1354.6;
     15235;1991-2020;        43;        44;        37;        44;        47;        83;        88;        91;        84;        59;        55;        51;        51;       734;
     15244;1991-2020;        43;        53;        40;        44;        38;        62;        64;        72;        61;        55;        51;        54;        56;       650;
     15247;1991-2020;        43;        73;        59;        55;        42;        57;        71;        83;        73;        69;        66;        65;        79;       792;
     15444;1991-2020;        43;        52;        43;        52;        50;        86;        89;        95;        88;        61;        60;        55;        61;       792;
     15455;1991-2020;        43;        93;        79;        72;        53;        71;        76;        76;        83;        67;        71;        76;        99;       916;
     15456;1991-2020;        46;      61.8;      52.4;      55.3;      41.8;      59.7;      69.5;        83;        76;      64.7;      62.1;      61.8;      63.7;     751.6;
     15477;1991-2020;        43;        60;        53;        57;        40;        78;        69;        82;        70;        54;        60;        59;        72;       754;
     15478;1991-2020;        43;        51;        45;        53;        58;       100;       109;       115;       103;        73;        65;        60;        60;       892;
     15490;1991-2020;        43;        90;        70;        69;        50;        65;        65;        81;        75;        68;        74;        77;        98;       882;
     15498;1991-2020;        46;      59.9;        52;      57.7;      59.3;      95.1;      96.3;     107.2;      89.4;      62.9;      66.3;      63.7;      69.9;     879.7;
     15499;1991-2020;        43;        73;        57;        58;        43;        55;        69;        85;        81;        71;        71;        68;        80;       811;
     15512;1991-2020;        43;        76;        58;        59;        42;        57;        68;        81;        70;        58;        63;        62;        74;       768;
     15514;1991-2020;        43;        48;        44;        49;        43;        70;        64;        72;        61;        56;        58;        59;        61;       685;
     15518;1991-2020;        43;        53;        45;        44;        36;        51;        70;        71;        70;        59;        56;        53;        61;       669;
     15522;1991-2020;        43;        54;        44;        51;        42;        79;        90;        94;        87;        65;        58;        53;        61;       778;
     15530;1991-2020;        43;        80;        60;        62;        47;        65;        67;        88;        83;        70;        72;        73;        82;       849;
     15531;1991-2020;        46;      61.9;      48.4;      47.4;      38.8;      50.2;      64.4;      69.3;      72.5;      59.8;      60.7;      56.1;      65.7;     695.4;
     15553;1991-2020;        43;        81;        67;        59;        43;        60;        85;       100;       101;        90;        91;        82;        93;       952;
     15555;1991-2020;        43;        77;        71;        84;        80;       128;       149;       151;       142;        97;        84;        80;        87;      1230;
     15558;1991-2020;        46;     155.1;     143.1;     137.1;     123.4;     163.6;     139.9;     153.4;       139;     134.4;       156;     171.5;     198.6;    1815.1;
     15559;1991-2020;        46;      70.9;      54.9;      54.1;      40.4;        52;      65.5;      77.9;      80.4;      65.9;      66.7;      65.1;      74.6;     768.3;
     15567;1991-2020;        43;        46;        35;        39;        29;        52;        52;        74;        61;        45;        39;        42;        44;       558;
     15572;1991-2020;        46;      47.6;      35.7;      43.2;      31.1;      52.7;      54.1;      74.5;      61.8;      45.7;      39.9;        45;      45.9;     577.1;
     15573;1991-2020;        43;        57;        42;        44;        35;        53;        59;        75;        63;        52;        52;        49;        56;       637;
     15574;1991-2020;        46;       136;      96.5;     104.5;        71;      99.7;      96.1;     126.8;     113.5;     105.1;     114.2;     111.2;     130.4;    1304.9;
     15810;1991-2020;        43;        51;        44;        52;        60;        99;       106;       109;        99;        73;        61;        61;        63;       878;
     15813;1991-2020;        43;        74;        57;        56;        41;        56;        70;        80;        76;        71;        68;        66;        76;       791;
     15819;1991-2020;        46;      49.6;      41.7;      49.1;      38.7;      69.4;      77.8;      89.8;      90.2;      56.1;      54.1;      50.6;      51.1;     718.1;
     15901;1991-2020;        46;      88.2;      72.2;      72.4;        51;      66.7;      73.9;      83.2;      79.3;      70.9;      75.7;      80.8;      98.1;     912.4;
     15906;1991-2020;        43;        86;        64;        66;        49;        64;        70;        85;        83;        71;        77;        74;        89;       878;
     15912;1991-2020;        46;      69.1;      53.7;      53.7;        41;      57.9;      69.3;      82.1;      75.8;      68.9;      63.5;      62.1;      74.4;     771.2;
     15918;1991-2020;        43;        64;        49;        54;        42;        71;        75;        84;        75;        66;        59;        61;        69;       769;
     15919;1991-2020;        46;      66.4;      51.1;      53.7;      41.6;      58.4;      63.5;      79.3;      78.9;      65.8;        65;      65.7;        71;     760.3;
     15926;1991-2020;        46;      48.7;      37.8;        42;      34.4;      62.7;      72.2;      78.7;      70.4;      53.5;      49.4;      48.2;      54.7;     652.7;
     15927;1991-2020;        43;        63;        58;        56;        44;        57;        67;        72;        84;        58;        62;        62;        73;       756;
     15928;1991-2020;        46;      96.3;      70.5;      86.8;      49.7;      81.9;     103.8;     108.1;     108.8;        76;      80.4;      81.8;     116.2;    1060.4;
     15931;1991-2020;        43;        50;        37;        46;        37;        60;        58;        72;        64;        51;        51;        48;        49;       623;
     15936;1991-2020;        43;       122;        97;       100;        69;        93;        82;       116;        88;        98;       100;       110;       134;      1209;
     15939;1991-2020;        43;        70;        53;        55;        44;        62;        62;        78;        75;        63;        65;        62;        70;       759;
     15941;1991-2020;        46;      75.3;      66.3;      78.6;      56.7;        87;       100;     116.8;      97.5;      88.7;      74.7;      75.6;      82.4;     999.8;
     15943;1991-2020;        43;        63;        50;        56;        46;        78;        89;        97;        89;        62;        61;        62;        69;       822;
     15944;1991-2020;        43;        56;        50;        56;        53;        96;        99;        99;        87;        62;        68;        61;        68;       855;
     15945;1991-2020;        43;       117;       104;       132;       111;       182;       217;       240;       229;       169;       124;       118;       134;      1877;
     15951;1991-2020;        46;      76.4;      67.9;      67.7;      51.5;      71.9;      70.4;      72.7;      68.7;      67.1;      74.9;      77.3;        97;     863.5;
     15953;1991-2020;        43;        54;        43;        51;        39;        71;        78;        84;        75;        53;        57;        55;        60;       720;
     15963;1991-2020;        46;      63.7;      55.7;      52.4;      41.7;      61.3;      67.7;      70.8;      75.3;      61.8;        65;      63.6;      72.8;     751.8;
     15965;1991-2020;        46;      80.8;      63.5;      62.4;      46.7;      69.5;      62.8;      86.2;      68.1;      57.6;      67.4;      68.8;      86.8;     820.6;
     15977;1991-2020;        43;        51;        42;        50;        38;        67;        76;        83;        67;        50;        57;        54;        62;       697;
     15979;1991-2020;        46;      58.1;        50;      49.7;      40.5;      62.5;      64.1;        70;      59.6;      54.4;      59.2;      56.9;      67.7;     692.8;
     15980;1991-2020;        46;      71.4;      56.5;      56.3;      41.1;      53.8;      64.6;      74.3;      73.1;      64.7;      65.1;      66.1;      74.8;       762;
     15984;1991-2020;        43;        73;        57;        58;        44;        60;        65;        80;        72;        63;        68;        64;        74;       778;
     15991;1991-2020;        43;        79;        67;        64;        46;        68;        61;        70;        68;        62;        73;        76;       103;       837;
     15994;1991-2020;        43;        59;        45;        45;        36;        49;        66;        72;        64;        53;        51;        50;        58;       648;
     16085;1991-2020;        46;      66.9;      53.9;      51.8;        38;      51.8;      74.6;      86.2;      78.7;      73.8;      71.1;      67.3;      74.6;     788.8;
     16086;1991-2020;        43;        60;        45;        48;        38;        55;        66;        76;        66;        52;        54;        51;        59;       670;
     16087;1991-2020;        46;     134.6;     100.7;     100.4;      74.3;      87.1;      94.3;     110.7;       105;     109.1;     111.5;     121.5;     139.5;    1288.7;
     19033;1991-2020;        43;        62;        47;        49;        39;        56;        58;        74;        67;        56;        61;        55;        65;       689;
     19039;1991-2020;        43;        67;        58;        64;        61;       101;        94;       103;        88;        65;        73;        68;        79;       921;
     19042;1991-2020;        46;       114;      91.8;      85.3;        58;      75.1;        78;      91.4;      89.8;      80.6;      91.2;        97;     123.7;    1075.9;
     19043;1991-2020;        46;     140.7;     114.6;     103.3;      70.6;        89;      87.2;     111.4;       107;      99.7;     111.3;     117.2;     153.1;    1305.1;
     19044;1991-2020;        46;      39.9;      32.9;      42.2;      33.3;      59.2;      59.4;      78.1;      70.9;      47.8;      45.1;      44.7;      41.2;     594.7;
     19086;1991-2020;        46;     133.5;     104.7;     102.1;      74.1;      98.8;      86.9;     130.9;      97.1;       103;     103.9;     117.3;     141.2;    1293.7;
     19087;1991-2020;        46;      94.2;      78.5;      90.1;      52.9;      91.4;       106;     110.1;       103;        78;      78.5;      78.9;      98.8;    1060.3;
     19095;1991-2020;        46;      64.2;      50.6;        51;      41.5;      59.3;      66.4;      73.9;      73.7;      63.3;      63.6;      59.3;      66.5;     733.2;
     19096;1991-2020;        46;      54.7;      42.2;      48.8;      40.5;        61;      57.2;      74.2;      65.1;      53.6;      54.2;      50.1;      53.3;     654.9;
     19120;1991-2020;        46;      90.5;      69.5;      68.6;      50.1;      81.6;      79.1;      90.9;      82.3;      71.3;      81.5;      78.1;     100.9;     944.4;
     19123;1991-2020;        43;        51;        38;        42;        35;        52;        68;        72;        63;        53;        50;        46;        54;       624;
     19125;1991-2020;        43;        75;        57;        56;        42;        54;        65;        78;        78;        68;        68;        67;        77;       785;
     19127;1991-2020;        43;        43;        32;        42;        35;        69;        76;        80;        71;        49;        50;        47;        52;       646;
     19140;1991-2020;        43;        36;        32;        40;        34;        62;        54;        75;        55;        49;        41;        45;        41;       564;
     19171;1991-2020;        43;        80;        64;        59;        40;        58;        75;        87;        87;        73;        79;        73;        88;       863;
     19172;1991-2020;        43;        86;        72;        63;        44;        60;        89;       102;        97;        90;        91;        86;        97;       977;
     19193;1991-2020;        43;        54;        41;        44;        34;        48;        68;        72;        63;        51;        51;        47;        55;       628;
     19208;1991-2020;        43;       153;       129;       128;       107;       142;       121;       124;       120;       113;       139;       152;       192;      1620;
     19209;1991-2020;        43;        93;        73;        69;        52;        67;        70;        71;        74;        69;        74;        80;       107;       899;
     19279;1991-2020;        43;        76;        59;        62;        49;        74;        72;        87;        69;        68;        67;        71;        78;       832;
     19289;1991-2020;        46;      57.2;      43.8;        47;      38.6;      52.2;      57.6;      71.4;      68.1;      53.5;      58.3;      53.3;      56.9;       658;
     19479;1991-2020;        45;      57.1;        46;      51.7;      39.9;      72.4;      87.7;      93.1;      77.5;      62.3;        58;        57;      62.5;     774.9;
     19504;1991-2020;        45;      95.8;      92.5;      97.5;      90.5;     141.7;     155.2;     164.2;     152.6;     106.5;      97.2;     104.4;     123.3;    1448.7;
     19505;1991-2020;        45;      45.4;      41.5;      48.8;      36.4;      67.1;        72;      75.4;        62;      47.3;      56.2;      52.3;      58.4;     671.9;
     19606;1991-2020;        45;      53.5;        47;      56.7;      62.5;     112.3;     118.3;     125.7;     109.6;      72.4;      67.6;      62.5;      66.9;     941.5;
     19611;1991-2020;        45;      55.1;      42.7;      55.4;      50.9;      93.2;     101.2;       105;      97.8;      68.8;      61.3;      58.8;      59.1;     869.3;
     19613;1991-2020;        45;      59.3;      54.2;      73.1;      68.5;     119.8;     131.2;     137.6;     127.4;      85.2;      72.8;      68.1;      68.1;    1072.1;
     19614;1991-2020;        45;      49.1;      39.3;      56.8;      50.1;        83;     100.2;     104.6;       100;        69;      60.9;      51.7;      55.6;     826.3;
     19615;1991-2020;        45;      54.6;      43.9;      41.9;      38.1;      57.6;      57.6;      79.8;      55.5;      53.3;      51.1;        56;      60.4;     657.3;
     19617;1991-2020;        45;      55.2;      45.8;      52.3;      36.7;      60.7;      59.1;      78.9;      57.9;        53;      55.9;      56.9;      63.5;     680.7;
     19621;1991-2020;        45;      50.2;        43;      57.4;      46.7;        82;        92;      94.7;        94;      63.2;      57.7;      52.2;      53.7;     807.9;
     19624;1991-2020;        45;      47.2;      42.6;      55.9;      50.9;      91.3;     105.8;     113.6;     111.9;        71;      62.9;        55;      55.3;     862.4;
     19628;1991-2020;        45;      54.6;      43.7;      56.7;      43.6;        81;      97.5;     102.1;      93.7;      66.3;        59;      54.4;      58.8;       827;
     19629;1991-2020;        45;        69;      66.2;      88.8;      78.5;       128;     146.7;     141.3;     141.4;     102.3;      81.7;      79.1;      74.9;    1208.4;
     19632;1991-2020;        45;      50.3;      47.7;      49.4;      41.1;      65.2;      60.6;      65.1;        62;      52.4;      54.5;      54.6;      61.9;     677.5;
     19633;1991-2020;        45;        55;      45.6;        58;        48;      84.4;      97.4;     103.6;      86.4;      70.3;      60.9;      56.6;      62.2;     839.2;
     19635;1991-2020;        45;      54.2;      46.7;      42.6;      34.4;      61.7;        56;      77.7;      61.2;      49.6;      51.5;      52.2;      64.9;     666.3;
     19637;1991-2020;        45;      61.3;      53.5;      54.6;      41.9;        62;      56.5;        67;      62.2;      54.4;      59.2;      61.1;      71.8;     712.4;
     19638;1991-2020;        45;     127.7;     114.9;     156.5;     120.7;       200;     223.6;     233.3;     229.7;     171.1;     129.6;     131.3;     148.5;    2023.1;
     19642;1991-2020;        45;      60.8;      47.8;      55.2;      42.6;      69.5;      80.2;      87.5;      77.5;      54.6;      56.8;      57.7;      64.9;     758.1;
     19644;1991-2020;        45;      69.7;        58;      85.3;      84.8;     149.9;     172.5;     188.2;     184.4;     116.4;      88.3;      74.6;        72;    1349.6;
     19646;1991-2020;        45;      66.1;      55.1;      58.5;      41.9;      66.3;      77.9;      84.2;      72.9;      65.2;      63.8;      66.7;      77.2;     824.8;
     19648;1991-2020;        45;      64.9;      56.9;        82;      69.5;     117.4;     148.8;     143.2;     136.8;     102.9;        76;      69.8;      74.9;      1171;
     19652;1991-2020;        45;      70.2;      49.5;      52.1;      41.9;      71.5;        63;      83.7;      64.9;      62.8;      61.2;      64.5;      77.7;       768;
     19654;1991-2020;        45;        61;      46.8;      49.2;      37.9;      66.1;      77.2;      78.5;      69.2;      56.8;      54.4;      53.2;      65.5;       716;
     19656;1991-2020;        45;      74.4;      59.3;      59.6;      47.2;      68.8;        70;      82.9;      63.6;      67.7;      64.8;      76.3;      78.7;     826.5;
     19660;1991-2020;        45;      80.8;      63.1;      66.7;      47.9;      71.2;      77.4;      85.7;      71.9;      69.8;      66.1;      70.5;      88.3;     866.1;
     19661;1991-2020;        45;      99.4;      79.1;      79.6;      51.6;      66.8;      85.3;     105.1;      83.5;      82.3;      78.7;      90.6;     113.2;    1045.2;
     19664;1991-2020;        45;      79.7;      73.6;     103.9;     103.2;     165.5;     188.9;     196.3;     178.6;     141.5;     102.5;      94.9;      87.5;    1529.6;
     19666;1991-2020;        45;      54.4;      43.7;      54.6;      43.8;      76.7;        84;      88.9;      84.6;      60.1;      57.2;      56.2;      62.4;     780.1;
     19673;1991-2020;        43;       165;       138;       138;        90;       126;       105;       126;       111;        92;       125;       142;       191;      1549;
     19674;1991-2020;        45;     110.5;     101.5;     121.4;      92.3;     146.5;       178;       186;     183.3;     134.6;     104.1;     104.4;     124.5;    1586.3;
     19675;1991-2020;        45;      82.4;      72.9;      93.5;      82.3;     132.7;     160.2;     161.8;     170.6;     115.3;      89.7;      85.3;      87.7;      1351;
     19679;1991-2020;        45;      95.3;      80.9;     115.4;        94;     157.6;     178.6;     174.6;     183.5;       133;     101.7;      94.3;      99.8;    1494.4;
     19682;1991-2020;        45;      51.1;      41.7;      48.2;      39.5;      70.2;      77.8;      76.4;      74.1;      59.5;      50.9;      52.1;      58.3;     708.8;
     19695;1991-2020;        45;      86.4;      73.9;      83.7;      56.8;     104.7;     103.5;     125.4;     111.8;      77.6;      75.5;      73.9;      87.5;    1065.4;
     19697;1991-2020;        45;      54.1;      43.9;      51.9;        39;      66.4;      75.1;      92.2;      71.2;      50.1;        58;      52.4;      62.3;     721.8;
     19706;1991-2020;        43;        88;        77;        75;        61;        95;        72;        95;        81;        62;        75;        80;        98;       959;
     19781;1991-2020;        45;        49;      37.2;      44.5;      38.3;      74.8;      77.3;      84.7;      77.1;      55.8;      51.3;      49.1;      56.1;     696.5;
