timestamp,datetime,-10|ENV__SOIL__VWC,-30|ENV__SOIL__VWC,-45|ENV__SOIL__VWC,-10|ENV__SOIL__T,-30|ENV__SOIL__T,-45|ENV__SOIL__T,-10|ENV__SOIL__CAPACITANCE__ABSOLUTE,-30|ENV__SOIL__CAPACITANCE__ABSOLUTE,-45|ENV__SOIL__CAPACITANCE__ABSOLUTE,DEVICE|DEV__ENERGY__VBAT,DEVICE|DEV__ENERGY__VCAP,DEVICE|DEV__RF__RSSI,DEVICE|DEV__RF__RSRP,DEVICE|DEV__RF__RSRQ,DEVICE|DEV__RF__SINR
1784027567579,2026-07-14 11:12:47,1.47,1.47,1.47,26.48,26.82,26.52,419.12,349.67,296.83,4007,100,-79.0,,,
1784037444454,2026-07-14 13:57:24,,,,,,,,,,3991,100,-85.0,,,
1784038044933,2026-07-14 14:07:24,,,,,,,,,,3995,100,-89.0,,,
1784038645413,2026-07-14 14:17:25,,,,,,,,,,3990,100,-92.0,,,
1784039245891,2026-07-14 14:27:25,,,,,,,,,,4004,100,,,,
1784039846375,2026-07-14 14:37:26,,,,,,,,,,4003,100,,,,
1784040446849,2026-07-14 14:47:26,,,,,,,,,,4003,100,,,,
1784041047334,2026-07-14 14:57:27,,,,,,,,,,4002,100,,,,
1784041643988,2026-07-14 15:07:23,,,,,,,,,,4001,100,-95.0,,,
1784051689341,2026-07-14 17:54:49,,,,,,,,,,4005,100,,,,
1784052289822,2026-07-14 18:04:49,,,,,,,,,,4001,100,,,,
1784052890826,2026-07-14 18:14:50,,,,,,,,,,4004,100,,,,
1784053492293,2026-07-14 18:24:52,,,,,,,,,,4001,100,,,,
1784054093253,2026-07-14 18:34:53,,,,,,,,,,4004,100,,,,
1784054693745,2026-07-14 18:44:53,,,,,,,,,,4002,100,,,,
1784055294214,2026-07-14 18:54:54,,,,,,,,,,4005,100,,,,
1784055888933,2026-07-14 19:04:48,,,,,,,,,,4001,100,-94.0,,,
1784065905615,2026-07-14 21:51:45,,,,,,,,,,4006,100,,,,
1784066506058,2026-07-14 22:01:46,,,,,,,,,,4004,100,,,,
1784067106613,2026-07-14 22:11:46,,,,,,,,,,4006,100,,,,
1784067706854,2026-07-14 22:21:46,,,,,,,,,,4000,100,,,,
1784068308017,2026-07-14 22:31:48,,,,,,,,,,3998,100,,,,
1784068908299,2026-07-14 22:41:48,,,,,,,,,,4000,100,,,,
1784069508692,2026-07-14 22:51:48,,,,,,,,,,3999,100,,,,
1784070103867,2026-07-14 23:01:43,,,,,,,,,,4004,100,-98.0,,,
1784080117896,2026-07-15 01:48:37,,,,,,,,,,4006,100,,,,
1784080718376,2026-07-15 01:58:38,,,,,,,,,,4003,100,,,,
1784081318864,2026-07-15 02:08:38,,,,,,,,,,4003,100,,,,
1784081919337,2026-07-15 02:18:39,,,,,,,,,,4004,100,,,,
1784082519815,2026-07-15 02:28:39,,,,,,,,,,4002,100,,,,
1784083120786,2026-07-15 02:38:40,,,,,,,,,,4004,100,,,,
1784083722207,2026-07-15 02:48:42,,,,,,,,,,4004,100,,,,
1784084317498,2026-07-15 02:58:37,,,,,,,,,,4004,100,-98.0,,,
1784094332773,2026-07-15 05:45:32,,,,,,,,,,4003,100,,,,
1784094933173,2026-07-15 05:55:33,,,,,,,,,,4003,100,,,,
1784095533655,2026-07-15 06:05:33,,,,,,,,,,4004,100,,,,
1784096134052,2026-07-15 06:15:34,,,,,,,,,,4002,100,,,,
1784096734452,2026-07-15 06:25:34,,,,,,,,,,4003,100,,,,
1784097334853,2026-07-15 06:35:34,,,,,,,,,,4001,100,,,,
1784097935354,2026-07-15 06:45:35,,,,,,,,,,4004,100,,,,
1784098532397,2026-07-15 06:55:32,,,,,,,,,,4000,100,-86.0,,,
1784108543904,2026-07-15 09:42:23,,,,,,,,,,4005,100,,,,
1784109144310,2026-07-15 09:52:24,,,,,,,,,,4002,100,,,,
1784109744690,2026-07-15 10:02:24,,,,,,,,,,4002,100,,,,
1784110345174,2026-07-15 10:12:25,,,,,,,,,,4000,100,,,,
1784110945574,2026-07-15 10:22:25,,,,,,,,,,4004,100,,,,
1784111545972,2026-07-15 10:32:25,,,,,,,,,,4002,100,,,,
1784112146454,2026-07-15 10:42:26,,,,,,,,,,4001,100,,,,
1784112743492,2026-07-15 10:52:23,,,,,,,,,,4005,100,-87.0,,,
1784122756369,2026-07-15 13:39:16,,,,,,,,,,4001,100,,,,
1784123356769,2026-07-15 13:49:16,,,,,,,,,,4003,100,,,,
1784123957172,2026-07-15 13:59:17,,,,,,,,,,4003,100,,,,
1784124557577,2026-07-15 14:09:17,,,,,,,,,,4000,100,,,,
1784125158054,2026-07-15 14:19:18,,,,,,,,,,4002,100,,,,
1784125758450,2026-07-15 14:29:18,,,,,,,,,,4000,100,,,,
1784126358850,2026-07-15 14:39:18,,,,,,,,,,4001,100,,,,
1784126955970,2026-07-15 14:49:15,,,,,,,,,,4003,100,-86.0,,,
1784136966533,2026-07-15 17:36:06,,,,,,,,,,4004,100,,,,
1784137566930,2026-07-15 17:46:06,,,,,,,,,,4002,100,,,,
1784138167331,2026-07-15 17:56:07,,,,,,,,,,4001,100,,,,
1784138767731,2026-07-15 18:06:07,,,,,,,,,,4002,100,,,,
1784139368134,2026-07-15 18:16:08,,,,,,,,,,4004,100,,,,
1784139968666,2026-07-15 18:26:08,,,,,,,,,,4000,100,,,,
1784140569009,2026-07-15 18:36:09,,,,,,,,,,4006,100,,,,
1784141166133,2026-07-15 18:46:06,,,,,,,,,,4000,100,-92.0,,,
1784151184594,2026-07-15 21:33:04,,,,,,,,,,4001,100,,,,
1784151784741,2026-07-15 21:43:04,,,,,,,,,,3999,100,,,,
1784152384992,2026-07-15 21:53:04,,,,,,,,,,3999,100,,,,
1784152986144,2026-07-15 22:03:06,,,,,,,,,,4002,100,,,,
1784153586394,2026-07-15 22:13:06,,,,,,,,,,4002,100,,,,
1784154186444,2026-07-15 22:23:06,,,,,,,,,,4004,100,,,,
1784154786545,2026-07-15 22:33:06,,,,,,,,,,4003,100,,,,
1784155384391,2026-07-15 22:43:04,,,,,,,,,,4000,100,-94.0,,,
1784165393492,2026-07-16 01:29:53,,,,,,,,,,4004,100,,,,
1784165993892,2026-07-16 01:39:53,,,,,,,,,,4002,100,,,,
1784166594297,2026-07-16 01:49:54,,,,,,,,,,4004,100,,,,
1784167194772,2026-07-16 01:59:54,,,,,,,,,,3999,100,,,,
1784167795171,2026-07-16 02:09:55,,,,,,,,,,4001,100,,,,
1784168395571,2026-07-16 02:19:55,,,,,,,,,,4001,100,,,,
1784168995972,2026-07-16 02:29:55,,,,,,,,,,4003,100,,,,
1784169593090,2026-07-16 02:39:53,,,,,,,,,,4000,100,-91.0,,,
1784179604128,2026-07-16 05:26:44,,,,,,,,,,4001,100,,,,
1784180204536,2026-07-16 05:36:44,,,,,,,,,,4000,100,,,,
1784180804937,2026-07-16 05:46:44,,,,,,,,,,3999,100,,,,
1784181405340,2026-07-16 05:56:45,,,,,,,,,,4002,100,,,,
1784182005813,2026-07-16 06:06:45,,,,,,,,,,4004,100,,,,
1784182606214,2026-07-16 06:16:46,,,,,,,,,,4001,100,,,,
1784183206618,2026-07-16 06:26:46,,,,,,,,,,3998,100,,,,
1784183803736,2026-07-16 06:36:43,,,,,,,,,,4005,100,-85.0,,,
1784193817175,2026-07-16 09:23:37,,,,,,,,,,4001,100,,,,
1784194417651,2026-07-16 09:33:37,,,,,,,,,,4000,100,,,,
1784195018050,2026-07-16 09:43:38,,,,,,,,,,4001,100,,,,
1784195618449,2026-07-16 09:53:38,,,,,,,,,,3999,100,,,,
1784196218853,2026-07-16 10:03:38,,,,,,,,,,4001,100,,,,
1784196819341,2026-07-16 10:13:39,,,,,,,,,,4002,100,,,,
1784197419731,2026-07-16 10:23:39,,,,,,,,,,3999,100,,,,
1784198016774,2026-07-16 10:33:36,,,,,,,,,,3999,100,-86.0,,,
1784208027330,2026-07-16 13:20:27,,,,,,,,,,3999,100,,,,
1784208627732,2026-07-16 13:30:27,,,,,,,,,,3999,100,,,,
1784209228211,2026-07-16 13:40:28,,,,,,,,,,4000,100,,,,
1784209828610,2026-07-16 13:50:28,,,,,,,,,,3995,100,,,,
1784210429011,2026-07-16 14:00:29,,,,,,,,,,4003,100,,,,
1784211029412,2026-07-16 14:10:29,,,,,,,,,,4000,100,,,,
1784211629893,2026-07-16 14:20:29,,,,,,,,,,3999,100,,,,
1784212226930,2026-07-16 14:30:26,,,,,,,,,,4000,100,-87.0,,,
1784222241993,2026-07-16 17:17:21,,,,,,,,,,4000,100,,,,
1784222842613,2026-07-16 17:27:22,,,,,,,,,,3997,100,,,,
1784223443033,2026-07-16 17:37:23,,,,,,,,,,3999,100,,,,
1784224043507,2026-07-16 17:47:23,,,,,,,,,,4002,100,,,,
1784224643894,2026-07-16 17:57:23,,,,,,,,,,4003,100,,,,
1784225244295,2026-07-16 18:07:24,,,,,,,,,,4004,100,,,,
1784225844692,2026-07-16 18:17:24,,,,,,,,,,4000,100,,,,
1784226441025,2026-07-16 18:27:21,,,,,,,,,,3999,100,-91.0,,,
1784236453730,2026-07-16 21:14:13,,,,,,,,,,3999,100,,,,
1784237054130,2026-07-16 21:24:14,,,,,,,,,,3997,100,,,,
1784237654529,2026-07-16 21:34:14,,,,,,,,,,4001,100,,,,
1784238254929,2026-07-16 21:44:14,,,,,,,,,,3998,100,,,,
1784238855410,2026-07-16 21:54:15,,,,,,,,,,4000,100,,,,
1784239456130,2026-07-16 22:04:16,,,,,,,,,,3999,100,,,,
1784240056528,2026-07-16 22:14:16,,,,,,,,,,4000,100,,,,
1784240653332,2026-07-16 22:24:13,,,,,,,,,,3999,100,-91.0,,,
1784250671978,2026-07-17 01:11:11,,,,,,,,,,3998,100,,,,
1784251272461,2026-07-17 01:21:12,,,,,,,,,,3998,100,,,,
1784251872860,2026-07-17 01:31:12,,,,,,,,,,4002,100,,,,
1784252473260,2026-07-17 01:41:13,,,,,,,,,,4001,100,,,,
1784253073660,2026-07-17 01:51:13,,,,,,,,,,4004,100,,,,
1784253674140,2026-07-17 02:01:14,,,,,,,,,,4000,100,,,,
1784254274540,2026-07-17 02:11:14,,,,,,,,,,3998,100,,,,
1784254871577,2026-07-17 02:21:11,,,,,,,,,,4002,100,-91.0,,,
1784264886364,2026-07-17 05:08:06,,,,,,,,,,3997,100,,,,
1784265486364,2026-07-17 05:18:06,,,,,,,,,,4001,100,,,,
1784266086364,2026-07-17 05:28:06,,,,,,,,,,3997,100,,,,
1784266686559,2026-07-17 05:38:06,,,,,,,,,,4000,100,,,,
1784267286624,2026-07-17 05:48:06,,,,,,,,,,3998,100,,,,
1784267886857,2026-07-17 05:58:06,,,,,,,,,,3999,100,,,,
1784268487253,2026-07-17 06:08:07,,,,,,,,,,3999,100,,,,
1784269086154,2026-07-17 06:18:06,,,,,,,,,,4001,100,-89.0,,,
1784279098529,2026-07-17 09:04:58,,,,,,,,,,4000,100,,,,
1784279698946,2026-07-17 09:14:58,,,,,,,,,,4000,100,,,,
1784280299410,2026-07-17 09:24:59,,,,,,,,,,3996,100,,,,
1784280899894,2026-07-17 09:34:59,,,,,,,,,,3997,100,,,,
1784281500298,2026-07-17 09:45:00,,,,,,,,,,3998,100,,,,
1784282100710,2026-07-17 09:55:00,,,,,,,,,,4003,100,,,,
1784282701168,2026-07-17 10:05:01,,,,,,,,,,4000,100,,,,
1784283298056,2026-07-17 10:14:58,,,,,,,,,,4002,100,-78.0,,,
1784293314509,2026-07-17 13:01:54,,,,,,,,,,3997,100,,,,
1784293914993,2026-07-17 13:11:54,,,,,,,,,,3994,100,,,,
1784294515463,2026-07-17 13:21:55,,,,,,,,,,4001,100,,,,
1784295115893,2026-07-17 13:31:55,,,,,,,,,,3998,100,,,,
1784295716423,2026-07-17 13:41:56,,,,,,,,,,3999,100,,,,
1784296316845,2026-07-17 13:51:56,,,,,,,,,,4002,100,,,,
1784296917244,2026-07-17 14:01:57,,,,,,,,,,3999,100,,,,
1784297514024,2026-07-17 14:11:54,,,,,,,,,,3997,100,-62.0,,,
1784307527657,2026-07-17 16:58:47,,,,,,,,,,4001,100,,,,
1784308128128,2026-07-17 17:08:48,,,,,,,,,,3999,100,,,,
1784308728529,2026-07-17 17:18:48,,,,,,,,,,3998,100,,,,
1784309328930,2026-07-17 17:28:48,,,,,,,,,,3995,100,,,,
1784309929336,2026-07-17 17:38:49,,,,,,,,,,3999,100,,,,
1784310529809,2026-07-17 17:48:49,,,,,,,,,,3997,100,,,,
1784311130210,2026-07-17 17:58:50,,,,,,,,,,3997,100,,,,
1784311727265,2026-07-17 18:08:47,,,,,,,,,,3997,100,-95.0,,,
1784321748305,2026-07-17 20:55:48,,,,,,,,,,3998,100,,,,
1784322348773,2026-07-17 21:05:48,,,,,,,,,,3994,100,,,,
1784322949335,2026-07-17 21:15:49,,,,,,,,,,4002,100,,,,
1784323549815,2026-07-17 21:25:49,,,,,,,,,,3996,100,,,,
1784324150294,2026-07-17 21:35:50,,,,,,,,,,3997,100,,,,
1784324750775,2026-07-17 21:45:50,,,,,,,,,,3996,100,,,,
1784325351262,2026-07-17 21:55:51,,,,,,,,,,3997,100,,,,
1784325947894,2026-07-17 22:05:47,,,,,,,,,,3999,100,-94.0,,,
1784336017532,2026-07-18 00:53:37,,,,,,,,,,3999,100,,,,
1784336617903,2026-07-18 01:03:37,,,,,,,,,,3998,100,,,,
1784337218384,2026-07-18 01:13:38,,,,,,,,,,3998,100,,,,
1784337818865,2026-07-18 01:23:38,,,,,,,,,,3997,100,,,,
1784338419264,2026-07-18 01:33:39,,,,,,,,,,3998,100,,,,
1784339019665,2026-07-18 01:43:39,,,,,,,,,,3999,100,,,,
1784339620145,2026-07-18 01:53:40,,,,,,,,,,3997,100,,,,
1784340217037,2026-07-18 02:03:37,,,,,,,,,,3997,100,-85.0,-108.0,-9.0,16.400002
1784350258136,2026-07-18 04:50:58,,,,,,,,,,3998,100,,,,
1784350858625,2026-07-18 05:00:58,,,,,,,,,,3999,100,,,,
1784351459098,2026-07-18 05:10:59,,,,,,,,,,3998,100,,,,
1784352059584,2026-07-18 05:20:59,,,,,,,,,,3998,100,,,,
1784352660056,2026-07-18 05:31:00,,,,,,,,,,3997,100,,,,
1784353260537,2026-07-18 05:41:00,,,,,,,,,,3999,100,,,,
1784353861017,2026-07-18 05:51:01,,,,,,,,,,3997,100,,,,
1784354457665,2026-07-18 06:00:57,,,,,,,,,,3996,100,-89.0,-116.0,-3.0,1.3999996
1784364473034,2026-07-18 08:47:53,,,,,,,,,,3997,100,,,,
1784365073510,2026-07-18 08:57:53,,,,,,,,,,3997,100,,,,
1784365674003,2026-07-18 09:07:54,,,,,,,,,,3998,100,,,,
1784366274494,2026-07-18 09:17:54,,,,,,,,,,3997,100,,,,
1784366874956,2026-07-18 09:27:54,,,,,,,,,,3997,100,,,,
1784367475436,2026-07-18 09:37:55,,,,,,,,,,3996,100,,,,
1784368075916,2026-07-18 09:47:55,,,,,,,,,,3997,100,,,,
1784368672556,2026-07-18 09:57:52,,,,,,,,,,4001,100,-89.0,,,
1784378691816,2026-07-18 12:44:51,,,,,,,,,,3997,100,,,,
1784379292309,2026-07-18 12:54:52,,,,,,,,,,3997,100,,,,
1784379892836,2026-07-18 13:04:52,,,,,,,,,,3996,100,,,,
1784380493264,2026-07-18 13:14:53,,,,,,,,,,3997,100,,,,
1784381093746,2026-07-18 13:24:53,,,,,,,,,,3996,100,,,,
1784381694234,2026-07-18 13:34:54,,,,,,,,,,3996,100,,,,
1784382294700,2026-07-18 13:44:54,,,,,,,,,,3998,100,,,,
1784382891346,2026-07-18 13:54:51,,,,,,,,,,3995,100,-89.0,,,
1784392905586,2026-07-18 16:41:45,,,,,,,,,,3996,100,,,,
1784393506057,2026-07-18 16:51:46,,,,,,,,,,3997,100,,,,
1784394106538,2026-07-18 17:01:46,,,,,,,,,,3996,100,,,,
1784394707020,2026-07-18 17:11:47,,,,,,,,,,3999,100,,,,
1784395307507,2026-07-18 17:21:47,,,,,,,,,,3995,100,,,,
1784395907989,2026-07-18 17:31:47,,,,,,,,,,3996,100,,,,
1784396508463,2026-07-18 17:41:48,,,,,,,,,,3995,100,,,,
1784397105180,2026-07-18 17:51:45,,,,,,,,,,3994,100,-88.0,,,
1784407121757,2026-07-18 20:38:41,,,,,,,,,,3997,100,,,,
1784407722235,2026-07-18 20:48:42,,,,,,,,,,3999,100,,,,
1784408322703,2026-07-18 20:58:42,,,,,,,,,,3995,100,,,,
1784408923195,2026-07-18 21:08:43,,,,,,,,,,3996,100,,,,
1784409523658,2026-07-18 21:18:43,,,,,,,,,,3997,100,,,,
1784410124154,2026-07-18 21:28:44,,,,,,,,,,3997,100,,,,
1784410724623,2026-07-18 21:38:44,,,,,,,,,,3996,100,,,,
1784411321275,2026-07-18 21:48:41,,,,,,,,,,3998,100,-88.0,,,
1784421337177,2026-07-19 00:35:37,,,,,,,,,,3995,100,,,,
1784421937654,2026-07-19 00:45:37,,,,,,,,,,3993,100,,,,
1784422538059,2026-07-19 00:55:38,,,,,,,,,,3995,100,,,,
1784423138536,2026-07-19 01:05:38,,,,,,,,,,3994,100,,,,
1784423739019,2026-07-19 01:15:39,,,,,,,,,,3995,100,,,,
1784424339499,2026-07-19 01:25:39,,,,,,,,,,3996,100,,,,
1784424939978,2026-07-19 01:35:39,,,,,,,,,,3995,100,,,,
1784425536776,2026-07-19 01:45:36,,,,,,,,,,3996,100,-90.0,,,
1784435567275,2026-07-19 04:32:47,,,,,,,,,,4002,100,,,,
1784436167755,2026-07-19 04:42:47,,,,,,,,,,3996,100,,,,
1784436768227,2026-07-19 04:52:48,,,,,,,,,,3994,100,,,,
1784437368637,2026-07-19 05:02:48,,,,,,,,,,3994,100,,,,
1784437969106,2026-07-19 05:12:49,,,,,,,,,,3998,100,,,,
1784438569609,2026-07-19 05:22:49,,,,,,,,,,3996,100,,,,
1784439170075,2026-07-19 05:32:50,,,,,,,,,,3995,100,,,,
1784439766876,2026-07-19 05:42:46,,,,,,,,,,3992,100,-89.0,-118.0,-15.0,-0.6000004
1784449780477,2026-07-19 08:29:40,,,,,,,,,,3994,100,,,,
1784450381042,2026-07-19 08:39:41,,,,,,,,,,3995,100,,,,
1784450981514,2026-07-19 08:49:41,,,,,,,,,,3997,100,,,,
1784451582071,2026-07-19 08:59:42,,,,,,,,,,3994,100,,,,
1784452182713,2026-07-19 09:09:42,,,,,,,,,,3994,100,,,,
1784452783211,2026-07-19 09:19:43,,,,,,,,,,3995,100,,,,
1784453383757,2026-07-19 09:29:43,,,,,,,,,,3995,100,,,,
1784453980006,2026-07-19 09:39:40,,,,,,,,,,3993,100,-88.0,,,
1784463993605,2026-07-19 12:26:33,,,,,,,,,,3994,100,,,,
1784464594078,2026-07-19 12:36:34,,,,,,,,,,3991,100,,,,
1784465194557,2026-07-19 12:46:34,,,,,,,,,,3996,100,,,,
1784465795033,2026-07-19 12:56:35,,,,,,,,,,3996,100,,,,
1784466395517,2026-07-19 13:06:35,,,,,,,,,,3997,100,,,,
1784466996005,2026-07-19 13:16:36,,,,,,,,,,3996,100,,,,
1784467596477,2026-07-19 13:26:36,,,,,,,,,,3996,100,,,,
1784468193118,2026-07-19 13:36:33,,,,,,,,,,3995,100,-90.0,,,
1784478207193,2026-07-19 16:23:27,,,,,,,,,,3997,100,,,,
1784478807667,2026-07-19 16:33:27,,,,,,,,,,3993,100,,,,
1784479408146,2026-07-19 16:43:28,,,,,,,,,,3993,100,,,,
1784480008627,2026-07-19 16:53:28,,,,,,,,,,3997,100,,,,
1784480609106,2026-07-19 17:03:29,,,,,,,,,,3991,100,,,,
1784481209590,2026-07-19 17:13:29,,,,,,,,,,3994,100,,,,
1784481810078,2026-07-19 17:23:30,,,,,,,,,,3994,100,,,,
1784482406714,2026-07-19 17:33:26,,,,,,,,,,3998,100,-89.0,,,
1784492425031,2026-07-19 20:20:25,,,,,,,,,,3994,100,,,,
1784493025498,2026-07-19 20:30:25,,,,,,,,,,3993,100,,,,
1784493626216,2026-07-19 20:40:26,,,,,,,,,,3993,100,,,,
1784494226462,2026-07-19 20:50:26,,,,,,,,,,3994,100,,,,
1784494826938,2026-07-19 21:00:26,,,,,,,,,,3994,100,,,,
1784495427429,2026-07-19 21:10:27,,,,,,,,,,3995,100,,,,
1784496027906,2026-07-19 21:20:27,,,,,,,,,,3999,100,,,,
1784496624629,2026-07-19 21:30:24,,,,,,,,,,3995,100,-90.0,,,
1784506639588,2026-07-20 00:17:19,,,,,,,,,,3996,100,,,,
1784507240078,2026-07-20 00:27:20,,,,,,,,,,3995,100,,,,
1784507840540,2026-07-20 00:37:20,,,,,,,,,,3994,100,,,,
1784508441029,2026-07-20 00:47:21,,,,,,,,,,3996,100,,,,
1784509041499,2026-07-20 00:57:21,,,,,,,,,,3994,100,,,,
1784509641987,2026-07-20 01:07:21,,,,,,,,,,3994,100,,,,
1784510242464,2026-07-20 01:17:22,,,,,,,,,,3997,100,,,,
1784510839108,2026-07-20 01:27:19,,,,,,,,,,3997,100,-90.0,,,
1784520861666,2026-07-20 04:14:21,,,,,,,,,,3994,100,,,,
1784521462147,2026-07-20 04:24:22,,,,,,,,,,3993,100,,,,
1784522062624,2026-07-20 04:34:22,,,,,,,,,,3993,100,,,,
1784522663080,2026-07-20 04:44:23,,,,,,,,,,4000,100,,,,
1784523263586,2026-07-20 04:54:23,,,,,,,,,,3993,100,,,,
1784523864068,2026-07-20 05:04:24,,,,,,,,,,3996,100,,,,
1784524464485,2026-07-20 05:14:24,,,,,,,,,,3993,100,,,,
1784525061199,2026-07-20 05:24:21,,,,,,,,,,3994,100,-88.0,,,
1784535068813,2026-07-20 08:11:08,,,,,,,,,,3993,100,,,,
1784535669268,2026-07-20 08:21:09,,,,,,,,,,3994,100,,,,
1784536269738,2026-07-20 08:31:09,,,,,,,,,,3995,100,,,,
1784536870220,2026-07-20 08:41:10,,,,,,,,,,3990,100,,,,
1784537470731,2026-07-20 08:51:10,,,,,,,,,,3994,100,,,,
1784538071190,2026-07-20 09:01:11,,,,,,,,,,3995,100,,,,
1784538671663,2026-07-20 09:11:11,,,,,,,,,,3993,100,,,,
1784539268380,2026-07-20 09:21:08,,,,,,,,,,3993,100,-84.0,,,
1784549284424,2026-07-20 12:08:04,,,,,,,,,,3992,100,,,,
1784549884672,2026-07-20 12:18:04,,,,,,,,,,3998,100,,,,
1784550484872,2026-07-20 12:28:04,,,,,,,,,,3995,100,,,,
1784551085126,2026-07-20 12:38:05,,,,,,,,,,3994,100,,,,
1784551686180,2026-07-20 12:48:06,,,,,,,,,,3992,100,,,,
1784552286529,2026-07-20 12:58:06,,,,,,,,,,3995,100,,,,
1784552886529,2026-07-20 13:08:06,,,,,,,,,,3994,100,,,,
1784553484100,2026-07-20 13:18:04,,,,,,,,,,3995,100,-85.0,,,
1784563493022,2026-07-20 16:04:53,,,,,,,,,,3995,100,,,,
1784564093499,2026-07-20 16:14:53,,,,,,,,,,3992,100,,,,
1784564693975,2026-07-20 16:24:53,,,,,,,,,,3996,100,,,,
1784565294460,2026-07-20 16:34:54,,,,,,,,,,3996,100,,,,
1784565894936,2026-07-20 16:44:54,,,,,,,,,,3993,100,,,,
1784566495414,2026-07-20 16:54:55,,,,,,,,,,3994,100,,,,
1784567095944,2026-07-20 17:04:55,,,,,,,,,,3993,100,,,,
1784567692620,2026-07-20 17:14:52,,,,,,,,,,3993,100,-89.0,,,
1784577711666,2026-07-20 20:01:51,,,,,,,,,,3994,100,,,,
1784578312076,2026-07-20 20:11:52,,,,,,,,,,3994,100,,,,
1784578912555,2026-07-20 20:21:52,,,,,,,,,,3995,100,,,,
1784579513014,2026-07-20 20:31:53,,,,,,,,,,3993,100,,,,
1784580113517,2026-07-20 20:41:53,,,,,,,,,,3992,100,,,,
1784580713995,2026-07-20 20:51:53,,,,,,,,,,3992,100,,,,
1784581314477,2026-07-20 21:01:54,,,,,,,,,,3995,100,,,,
1784581911279,2026-07-20 21:11:51,,,,,,,,,,3995,100,-90.0,,,
1784591924534,2026-07-20 23:58:44,,,,,,,,,,3992,100,,,,
1784592525016,2026-07-21 00:08:45,,,,,,,,,,3992,100,,,,
1784593125415,2026-07-21 00:18:45,,,,,,,,,,3997,100,,,,
1784593725892,2026-07-21 00:28:45,,,,,,,,,,3990,100,,,,
1784594326373,2026-07-21 00:38:46,,,,,,,,,,3993,100,,,,
1784594926855,2026-07-21 00:48:46,,,,,,,,,,3993,100,,,,
1784595527261,2026-07-21 00:58:47,,,,,,,,,,3996,100,,,,
1784596124169,2026-07-21 01:08:44,,,,,,,,,,3990,100,-92.0,,,
1784606131569,2026-07-21 03:55:31,,,,,,,,,,3991,100,,,,
1784606731968,2026-07-21 04:05:31,,,,,,,,,,3993,100,,,,
1784607332446,2026-07-21 04:15:32,,,,,,,,,,3989,100,,,,
1784607932822,2026-07-21 04:25:32,,,,,,,,,,3993,100,,,,
1784608533246,2026-07-21 04:35:33,,,,,,,,,,3992,100,,,,
1784609133648,2026-07-21 04:45:33,,,,,,,,,,3988,100,,,,
1784609734129,2026-07-21 04:55:34,,,,,,,,,,3992,100,,,,
1784610331191,2026-07-21 05:05:31,,,,,,,,,,3992,100,-85.0,,,
1784620338848,2026-07-21 07:52:18,,,,,,,,,,3992,100,,,,
1784620939248,2026-07-21 08:02:19,,,,,,,,,,3994,100,,,,
1784621539741,2026-07-21 08:12:19,,,,,,,,,,3995,100,,,,
1784622140207,2026-07-21 08:22:20,,,,,,,,,,3995,100,,,,
1784622740607,2026-07-21 08:32:20,,,,,,,,,,3992,100,,,,
1784623341007,2026-07-21 08:42:21,,,,,,,,,,3991,100,,,,
1784623941488,2026-07-21 08:52:21,,,,,,,,,,3993,100,,,,
1784624538449,2026-07-21 09:02:18,,,,,,,,,,3991,100,-81.0,,,
1784634552404,2026-07-21 11:49:12,,,,,,,,,,3991,100,,,,
1784635152849,2026-07-21 11:59:12,,,,,,,,,,3992,100,,,,
1784635753254,2026-07-21 12:09:13,,,,,,,,,,3994,100,,,,
1784636353727,2026-07-21 12:19:13,,,,,,,,,,3991,100,,,,
1784636954208,2026-07-21 12:29:14,,,,,,,,,,3991,100,,,,
1784637554614,2026-07-21 12:39:14,,,,,,,,,,3993,100,,,,
1784638155010,2026-07-21 12:49:15,,,,,,,,,,3992,100,,,,
1784638752055,2026-07-21 12:59:12,,,,,,,,,,3992,100,-81.0,,,
1784648762047,2026-07-21 15:46:02,,,,,,,,,,3992,100,,,,
1784649362526,2026-07-21 15:56:02,,,,,,,,,,3996,100,,,,
1784649962930,2026-07-21 16:06:02,,,,,,,,,,3993,100,,,,
1784650563330,2026-07-21 16:16:03,,,,,,,,,,3992,100,,,,
1784651163727,2026-07-21 16:26:03,,,,,,,,,,3997,100,,,,
1784651764134,2026-07-21 16:36:04,,,,,,,,,,3992,100,,,,
1784652364530,2026-07-21 16:46:04,,,,,,,,,,3991,100,,,,
1784652961647,2026-07-21 16:56:01,,,,,,,,,,3994,100,-86.0,,,
1784662972448,2026-07-21 19:42:52,,,,,,,,,,3990,100,,,,
1784663572927,2026-07-21 19:52:52,,,,,,,,,,3994,100,,,,
1784664173410,2026-07-21 20:02:53,,,,,,,,,,3993,100,,,,
1784664773808,2026-07-21 20:12:53,,,,,,,,,,3991,100,,,,
1784665374207,2026-07-21 20:22:54,,,,,,,,,,3988,100,,,,
1784665974607,2026-07-21 20:32:54,,,,,,,,,,3990,100,,,,
1784666575087,2026-07-21 20:42:55,,,,,,,,,,3991,100,,,,
1784667172024,2026-07-21 20:52:52,,,,,,,,,,3992,100,-85.0,,,
1784677194368,2026-07-21 23:39:54,,,,,,,,,,3990,100,,,,
1784677794775,2026-07-21 23:49:54,,,,,,,,,,3989,100,,,,
1784678395256,2026-07-21 23:59:55,,,,,,,,,,3990,100,,,,
1784678995728,2026-07-22 00:09:55,,,,,,,,,,3991,100,,,,
1784679596135,2026-07-22 00:19:56,,,,,,,,,,3990,100,,,,
1784680196527,2026-07-22 00:29:56,,,,,,,,,,3991,100,,,,
1784680796925,2026-07-22 00:39:56,,,,,,,,,,3989,100,,,,
1784681393970,2026-07-22 00:49:53,,,,,,,,,,3991,100,-85.0,,,
1784691405248,2026-07-22 03:36:45,,,,,,,,,,3991,100,,,,
1784692005651,2026-07-22 03:46:45,,,,,,,,,,3990,100,,,,
1784692606047,2026-07-22 03:56:46,,,,,,,,,,3993,100,,,,
1784693206447,2026-07-22 04:06:46,,,,,,,,,,3990,100,,,,
1784693806927,2026-07-22 04:16:46,,,,,,,,,,3993,100,,,,
1784694407328,2026-07-22 04:26:47,,,,,,,,,,3993,100,,,,
1784695007724,2026-07-22 04:36:47,,,,,,,,,,3991,100,,,,
1784695604847,2026-07-22 04:46:44,,,,,,,,,,3992,100,-80.0,,,
1784705617650,2026-07-22 07:33:37,,,,,,,,,,3991,100,,,,
1784706218131,2026-07-22 07:43:38,,,,,,,,,,3993,100,,,,
1784706818532,2026-07-22 07:53:38,,,,,,,,,,3989,100,,,,
1784707418931,2026-07-22 08:03:38,,,,,,,,,,3990,100,,,,
1784708019412,2026-07-22 08:13:39,,,,,,,,,,3989,100,,,,
1784708619889,2026-07-22 08:23:39,,,,,,,,,,3992,100,,,,
1784709220290,2026-07-22 08:33:40,,,,,,,,,,3993,100,,,,
1784709817251,2026-07-22 08:43:37,,,,,,,,,,3992,100,-79.0,,,
1784719836731,2026-07-22 11:30:36,,,,,,,,,,3992,100,,,,
1784720437009,2026-07-22 11:40:37,,,,,,,,,,3997,100,,,,
1784721037487,2026-07-22 11:50:37,,,,,,,,,,3999,100,,,,
1784721637969,2026-07-22 12:00:37,32.71,41.47,38.21,22.97,22.5,23.97,464.08,413.94,336.26,4007,100,,,,
1784722238454,2026-07-22 12:10:38,30.96,41.05,38.29,23.18,23.7,23.87,462.13,412.85,336.41,4018,100,,,,
1784722838929,2026-07-22 12:20:38,30.17,40.97,38.3,23.21,23.45,23.76,461.23,412.51,336.41,4019,100,,,,
1784723439411,2026-07-22 12:30:39,29.58,40.88,38.28,23.28,23.87,23.76,460.57,412.31,336.38,4048,100,,,,
1784724036321,2026-07-22 12:40:36,29.11,40.87,38.26,23.28,23.42,23.9,460.04,412.18,336.35,4042,100,-52.0,,,
1784734057570,2026-07-22 15:27:37,28.75,40.86,38.27,23.31,22.8,23.66,459.63,412.01,336.32,4029,100,,,,
1784734658054,2026-07-22 15:37:38,28.46,40.76,38.25,23.35,23.7,23.76,459.31,411.91,336.29,4034,100,,,,
1784735258533,2026-07-22 15:47:38,28.25,40.73,38.23,23.35,23.9,23.9,459.07,411.85,336.29,4035,100,,,,
1784735859007,2026-07-22 15:57:39,28.08,40.75,38.24,23.42,23.28,23.7,458.9,411.78,336.26,4038,100,,,,
1784736459490,2026-07-22 16:07:39,27.96,40.69,38.23,23.42,23.94,23.7,458.76,411.72,336.23,4036,100,,,,
1784737059973,2026-07-22 16:17:39,27.84,40.72,38.2,23.42,23.35,23.9,458.62,411.68,336.2,4044,100,,,,
1784737660453,2026-07-22 16:27:40,27.73,40.64,38.21,23.49,24.26,23.73,458.52,411.65,336.2,4036,100,,,,
1784738257089,2026-07-22 16:37:37,27.64,40.77,38.21,23.49,22.36,23.73,458.41,411.62,336.2,4040,100,-51.0,,,
1784748289012,2026-07-22 19:24:49,27.58,40.68,38.2,23.49,23.49,23.76,458.34,411.58,336.17,4037,100,,,,
1784748889488,2026-07-22 19:34:49,27.49,40.68,38.28,23.49,23.18,22.73,458.24,411.52,336.17,4038,100,,,,
1784749489968,2026-07-22 19:44:49,27.44,40.68,38.19,23.56,23.18,23.63,458.2,411.52,336.13,4036,100,,,,
1784750090535,2026-07-22 19:54:50,27.38,40.59,38.19,23.56,24.26,23.63,458.13,411.48,336.13,4036,100,,,,
1784750691010,2026-07-22 20:04:51,27.3,40.61,38.17,23.63,23.9,23.73,458.06,411.48,336.1,4032,100,,,,
1784751291490,2026-07-22 20:14:51,27.28,40.61,38.18,23.59,23.8,23.63,458.03,411.45,336.1,4041,100,,,,
1784751891968,2026-07-22 20:24:51,27.21,40.6,38.18,23.63,23.97,23.63,457.96,411.45,336.1,4036,100,,,,
1784752488530,2026-07-22 20:34:48,27.19,40.64,38.16,23.63,23.45,23.63,457.93,411.45,336.07,4037,100,-50.0,,,
1784762514408,2026-07-22 23:21:54,27.15,40.62,38.16,23.63,23.73,23.7,457.89,411.45,336.07,4037,100,,,,
1784763114930,2026-07-22 23:31:54,27.09,40.61,38.16,23.63,23.76,23.66,457.82,411.42,336.07,4037,100,,,,
1784763715409,2026-07-22 23:41:55,27.06,40.65,38.15,23.63,23.21,23.66,457.79,411.42,336.04,4036,100,,,,
1784764315889,2026-07-22 23:51:55,27.03,40.64,38.15,23.63,23.35,23.66,457.75,411.42,336.04,4038,100,,,,
1784764916371,2026-07-23 00:01:56,27.04,40.61,38.15,23.59,23.73,23.66,457.75,411.42,336.04,4037,100,,,,
1784765516848,2026-07-23 00:11:56,27.01,40.59,38.14,23.59,24.01,23.73,457.72,411.42,336.04,4037,100,,,,
1784766117328,2026-07-23 00:21:57,26.97,40.59,38.15,23.59,23.94,23.63,457.68,411.42,336.04,4038,100,,,,
1784766713969,2026-07-23 00:31:53,26.95,40.59,38.15,23.56,23.97,23.63,457.65,411.42,336.04,4040,100,-52.0,,,
1784776744784,2026-07-23 03:19:04,26.92,40.64,38.14,23.56,23.28,23.59,457.61,411.42,336.01,4037,100,,,,
1784777345255,2026-07-23 03:29:05,26.93,40.64,38.14,23.52,23.31,23.66,457.61,411.42,336.01,4038,100,,,,
1784777945730,2026-07-23 03:39:05,26.91,40.65,38.14,23.49,23.14,23.63,457.58,411.42,336.01,4038,100,,,,
1784778546217,2026-07-23 03:49:06,26.87,40.65,38.13,23.49,23.21,23.7,457.54,411.42,336.01,4040,100,,,,
1784779146701,2026-07-23 03:59:06,26.87,40.62,38.12,23.49,23.59,23.87,457.54,411.42,336.01,4036,100,,,,
1784779747635,2026-07-23 04:09:07,26.85,40.59,38.14,23.45,23.97,23.63,457.51,411.42,336.01,4037,100,,,,
1784780348130,2026-07-23 04:19:08,26.83,40.6,38.15,23.42,23.83,23.56,457.48,411.42,336.01,4034,100,,,,
1784780944288,2026-07-23 04:29:04,26.8,40.59,38.14,23.42,23.97,23.63,457.44,411.42,336.01,4036,100,-50.0,,,
1784790970610,2026-07-23 07:16:10,26.8,40.59,38.13,23.42,23.9,23.63,457.44,411.42,335.98,4035,100,,,,
1784791571099,2026-07-23 07:26:11,26.79,40.58,38.13,23.35,23.94,23.63,457.41,411.38,335.98,4038,100,,,,
1784792171580,2026-07-23 07:36:11,26.79,40.58,38.12,23.35,23.87,23.66,457.41,411.38,335.98,4038,100,,,,
1784792772057,2026-07-23 07:46:12,26.76,40.65,38.13,23.31,23.07,23.63,457.37,411.38,335.98,4040,100,,,,
1784793372540,2026-07-23 07:56:12,26.73,40.59,38.14,23.31,23.76,23.45,457.34,411.38,335.98,4037,100,,,,
1784793973011,2026-07-23 08:06:13,26.74,40.57,38.11,23.28,24.05,23.8,457.34,411.38,335.98,4042,100,,,,
1784794573491,2026-07-23 08:16:13,26.71,40.58,38.13,23.24,23.87,23.59,457.3,411.38,335.98,4051,100,,,,
1784795170193,2026-07-23 08:26:10,26.72,40.58,38.2,23.21,23.87,22.66,457.3,411.38,335.95,4039,100,-51.0,,,
1784805190771,2026-07-23 11:13:10,26.69,40.59,38.12,23.21,23.83,23.56,457.27,411.38,335.95,4047,100,,,,
1784805791342,2026-07-23 11:23:11,26.69,40.55,38.12,23.21,24.15,23.52,457.27,411.35,335.95,4042,100,,,,
1784806391815,2026-07-23 11:33:11,26.66,40.58,38.12,23.21,23.76,23.56,457.23,411.35,335.95,4053,100,,,,
1784806992292,2026-07-23 11:43:12,26.67,40.56,38.12,23.14,24.05,23.59,457.23,411.35,335.95,4059,100,,,,
1784807592770,2026-07-23 11:53:12,26.64,40.58,38.14,23.14,23.83,23.14,457.2,411.35,335.92,4040,100,,,,
1784808193295,2026-07-23 12:03:13,26.64,40.64,38.1,23.14,22.94,23.63,457.2,411.32,335.92,4047,100,,,,
1784808793816,2026-07-23 12:13:13,26.61,40.6,38.09,23.14,23.38,23.73,457.16,411.32,335.92,4046,100,,,,
1784809390292,2026-07-23 12:23:10,26.61,40.62,38.11,23.14,23.14,23.52,457.16,411.32,335.92,4062,100,-50.0,,,
1784819421413,2026-07-23 15:10:21,26.61,40.63,38.1,23.14,22.97,23.63,457.16,411.32,335.92,4060,100,,,,
1784820021892,2026-07-23 15:20:21,26.58,40.57,38.11,23.14,23.66,23.56,457.13,411.28,335.92,4088,100,,,,
1784820622370,2026-07-23 15:30:22,26.57,40.59,38.12,23.18,23.38,23.45,457.13,411.28,335.92,4067,100,,,,
1784821222853,2026-07-23 15:40:22,26.57,40.62,38.09,23.21,23.04,23.8,457.13,411.28,335.92,4075,100,,,,
1784821823332,2026-07-23 15:50:23,26.57,40.55,38.09,23.21,23.76,23.59,457.13,411.25,335.89,4081,100,,,,
1784822423891,2026-07-23 16:00:23,26.57,40.56,38.11,23.21,23.7,23.38,457.13,411.25,335.89,4112,100,,,,
1784823024372,2026-07-23 16:10:24,26.56,40.54,38.1,23.24,23.73,23.52,457.13,411.22,335.89,4101,100,,,,
1784823620932,2026-07-23 16:20:20,26.55,40.55,38.1,23.28,23.7,23.49,457.13,411.22,335.89,4095,100,-50.0,,,
1784833660947,2026-07-23 19:07:40,26.54,40.58,38.08,23.35,23.04,23.73,457.13,411.18,335.89,4103,100,,,,
1784834261409,2026-07-23 19:17:41,26.53,40.57,38.1,23.38,23.07,23.38,457.13,411.15,335.86,4106,100,,,,
1784834861893,2026-07-23 19:27:41,26.52,40.56,38.07,23.42,23.24,23.73,457.13,411.15,335.86,4105,100,,,,
1784835462422,2026-07-23 19:37:42,26.52,40.57,38.09,23.42,23.11,23.45,457.13,411.15,335.86,4106,100,,,,
1784836062977,2026-07-23 19:47:42,26.48,40.52,38.08,23.45,23.66,23.59,457.09,411.12,335.86,4102,100,,,,
1784836663495,2026-07-23 19:57:43,26.47,40.52,38.08,23.49,23.7,23.45,457.09,411.12,335.83,4106,100,,,,
1784837263975,2026-07-23 20:07:43,26.47,40.56,38.08,23.49,23.07,23.49,457.09,411.12,335.83,4106,100,,,,
1784837860476,2026-07-23 20:17:40,26.47,40.55,38.12,23.49,23.14,23.04,457.09,411.08,335.83,4104,100,-53.0,,,
1784847889248,2026-07-23 23:04:49,26.47,40.53,38.06,23.52,23.28,23.56,457.09,411.08,335.8,4107,100,,,,
1784848489732,2026-07-23 23:14:49,26.43,40.48,38.1,23.56,24.05,23.04,457.06,411.08,335.8,4104,100,,,,
1784849090213,2026-07-23 23:24:50,26.43,40.55,38.11,23.56,23.14,23.0,457.06,411.08,335.8,4107,100,,,,
1784849690691,2026-07-23 23:34:50,26.43,40.51,38.07,23.56,23.66,23.42,457.06,411.08,335.8,4104,100,,,,
1784850291167,2026-07-23 23:44:51,26.4,40.5,38.07,23.56,23.7,23.42,457.02,411.08,335.8,4107,100,,,,
1784850891651,2026-07-23 23:54:51,26.41,40.55,38.08,23.52,23.07,23.21,457.02,411.08,335.77,4107,100,,,,
1784851492134,2026-07-24 00:04:52,26.39,40.49,38.05,23.49,23.73,23.45,456.99,411.05,335.77,4103,100,,,,
1784852088769,2026-07-24 00:14:48,26.39,40.49,38.07,23.49,23.8,23.28,456.99,411.05,335.77,4107,100,-54.0,,,
1784862117086,2026-07-24 03:01:57,26.37,40.47,38.05,23.45,24.05,23.45,456.96,411.05,335.77,4105,100,,,,
1784862717683,2026-07-24 03:11:57,26.37,40.49,38.04,23.45,23.76,23.63,456.96,411.05,335.77,4108,100,,,,
1784863318279,2026-07-24 03:21:58,26.34,40.54,38.06,23.42,23.14,23.42,456.92,411.05,335.77,4104,100,,,,
1784863918974,2026-07-24 03:31:58,26.32,40.53,38.06,23.38,23.14,23.42,456.89,411.02,335.77,4104,100,,,,
1784864519378,2026-07-24 03:41:59,26.33,40.54,38.04,23.35,23.0,23.42,456.89,411.02,335.74,4110,100,,,,
1784865119960,2026-07-24 03:51:59,26.29,40.48,38.05,23.35,23.7,23.35,456.85,411.02,335.74,4102,100,,,,
1784865720272,2026-07-24 04:02:00,26.3,40.48,38.04,23.31,23.7,23.42,456.85,411.02,335.74,4103,100,,,,
1784866316691,2026-07-24 04:11:56,26.29,40.52,38.05,23.24,23.28,23.38,456.82,411.02,335.74,4103,100,-51.0,,,
1784876341494,2026-07-24 06:59:01,26.26,40.53,38.05,23.21,22.9,23.38,456.78,410.98,335.74,4114,100,,,,
1784876941885,2026-07-24 07:09:01,26.26,40.47,38.01,23.21,23.7,23.63,456.78,410.98,335.71,4105,100,,,,
1784877542396,2026-07-24 07:19:02,26.24,40.47,38.04,23.18,23.66,23.38,456.75,410.98,335.71,4105,100,,,,
1784878142901,2026-07-24 07:29:02,26.25,40.52,38.06,23.14,23.07,23.04,456.75,410.98,335.71,4110,100,,,,
1784878743379,2026-07-24 07:39:03,26.23,40.5,38.03,23.07,23.35,23.42,456.71,410.98,335.71,4121,100,,,,
1784879343800,2026-07-24 07:49:03,26.23,40.5,38.04,23.07,23.14,23.35,456.71,410.95,335.71,4126,100,,,,
1784879944288,2026-07-24 07:59:04,26.2,40.5,38.06,23.07,23.14,23.11,456.68,410.95,335.71,4121,100,,,,
1784880540770,2026-07-24 08:09:00,26.21,40.5,38.03,23.0,23.14,23.45,456.68,410.95,335.71,4118,100,-52.0,,,
1784890570413,2026-07-24 10:56:10,26.21,40.52,38.04,23.0,22.83,23.38,456.68,410.92,335.71,4120,100,,,,
1784891170929,2026-07-24 11:06:10,26.18,40.5,38.04,23.0,23.11,23.38,456.64,410.92,335.71,4117,100,,,,
1784891771464,2026-07-24 11:16:11,26.18,40.44,38.03,23.0,23.63,23.28,456.64,410.88,335.67,4119,100,,,,
1784892371971,2026-07-24 11:26:11,26.18,40.51,38.03,22.97,23.0,23.28,456.64,410.92,335.67,4119,100,,,,
1784892972453,2026-07-24 11:36:12,26.18,40.44,38.02,22.97,23.63,23.31,456.64,410.88,335.67,4118,100,,,,
1784893572932,2026-07-24 11:46:12,26.18,40.44,38.02,23.0,23.73,23.35,456.64,410.88,335.67,4117,100,,,,
1784894173413,2026-07-24 11:56:13,26.18,40.44,38.03,23.0,23.59,23.24,456.64,410.85,335.67,4119,100,,,,
1784894769892,2026-07-24 12:06:09,26.18,40.49,38.02,23.0,22.9,23.31,456.64,410.85,335.67,4123,100,-50.0,,,
1784904799250,2026-07-24 14:53:19,26.16,40.5,38.05,23.07,22.73,22.97,456.64,410.85,335.67,4118,100,,,,
1784905399730,2026-07-24 15:03:19,26.16,40.45,38.03,23.07,23.49,23.24,456.64,410.85,335.67,4121,100,,,,
1784906000211,2026-07-24 15:13:20,26.18,40.49,38.03,23.14,22.87,23.24,456.68,410.85,335.67,4118,100,,,,
1784906600780,2026-07-24 15:23:20,26.18,40.43,38.03,23.18,23.52,23.21,456.68,410.82,335.67,4122,100,,,,
1784907201252,2026-07-24 15:33:21,26.17,40.48,38.02,23.21,22.97,23.31,456.68,410.82,335.67,4122,100,,,,
1784907801730,2026-07-24 15:43:21,26.18,40.43,38.03,23.28,23.59,23.21,456.71,410.82,335.67,4124,100,,,,
1784908402210,2026-07-24 15:53:22,26.2,40.43,38.02,23.35,23.49,23.31,456.75,410.79,335.67,4119,100,,,,
1784908997889,2026-07-24 16:03:17,26.19,40.48,38.03,23.42,22.8,23.24,456.75,410.79,335.67,4116,100,-51.0,,,
1784919031691,2026-07-24 18:50:31,26.2,40.47,38.01,23.49,22.9,23.45,456.78,410.79,335.67,4125,100,,,,
1784919632134,2026-07-24 19:00:32,26.2,40.44,38.03,23.52,23.31,23.24,456.78,410.79,335.67,4117,100,,,,
1784920232614,2026-07-24 19:10:32,26.22,40.47,38.01,23.59,22.94,23.45,456.82,410.79,335.67,4120,100,,,,
1784920833100,2026-07-24 19:20:33,26.21,40.43,38.03,23.63,23.31,23.21,456.82,410.75,335.67,4122,100,,,,
1784921433653,2026-07-24 19:30:33,26.19,40.47,38.02,23.7,22.8,23.21,456.82,410.75,335.64,4120,100,,,,
1784922034136,2026-07-24 19:40:34,26.21,40.46,38.0,23.73,22.83,23.45,456.85,410.72,335.64,4121,100,,,,
1784922634617,2026-07-24 19:50:34,26.21,40.4,38.01,23.76,23.59,23.28,456.85,410.72,335.64,4119,100,,,,
1784923231270,2026-07-24 20:00:31,26.19,40.52,38.01,23.83,21.86,23.28,456.85,410.69,335.64,4118,100,-53.0,,,
1784933263924,2026-07-24 22:47:43,26.19,40.36,38.02,23.83,23.9,23.24,456.85,410.69,335.64,4118,100,,,,
1784933864448,2026-07-24 22:57:44,26.19,40.39,38.01,23.87,23.59,23.24,456.85,410.69,335.61,4120,100,,,,
1784934464929,2026-07-24 23:07:44,26.19,40.38,38.0,23.87,23.66,23.28,456.85,410.69,335.61,4119,100,,,,
1784935065411,2026-07-24 23:17:45,26.16,40.38,38.0,23.87,23.7,23.28,456.82,410.69,335.61,4120,100,,,,
1784935665887,2026-07-24 23:27:45,26.16,40.43,38.01,23.87,23.07,23.21,456.82,410.69,335.61,4119,100,,,,
1784936266367,2026-07-24 23:37:46,26.15,40.4,38.0,23.9,23.42,23.31,456.82,410.69,335.61,4118,100,,,,
1784936866848,2026-07-24 23:47:46,26.15,40.35,38.01,23.9,23.9,23.24,456.82,410.65,335.61,4116,100,,,,
1784937463490,2026-07-24 23:57:43,26.12,40.42,38.0,23.87,23.0,23.28,456.78,410.65,335.61,4120,100,-53.0,,,
1784947498690,2026-07-25 02:44:58,26.13,40.36,38.01,23.83,23.76,23.21,456.78,410.65,335.61,4121,100,,,,
1784948099171,2026-07-25 02:54:59,26.11,40.37,38.01,23.83,23.63,23.24,456.75,410.65,335.61,4118,100,,,,
1784948699730,2026-07-25 03:04:59,26.11,40.38,38.0,23.8,23.56,23.31,456.75,410.65,335.61,4117,100,,,,
1784949300213,2026-07-25 03:15:00,26.08,40.33,37.98,23.76,24.12,23.42,456.71,410.65,335.61,4116,100,,,,
1784949900714,2026-07-25 03:25:00,26.08,40.36,38.04,23.76,23.73,22.87,456.71,410.65,335.61,4119,100,,,,
1784950501171,2026-07-25 03:35:01,26.07,40.39,37.97,23.7,23.42,23.28,456.68,410.65,335.58,4118,100,,,,
1784951101648,2026-07-25 03:45:01,26.07,40.35,37.97,23.7,23.76,23.31,456.68,410.62,335.58,4120,100,,,,
1784951698211,2026-07-25 03:54:58,26.04,40.39,37.99,23.66,23.24,23.21,456.64,410.62,335.58,4123,100,-52.0,,,
1784961719811,2026-07-25 06:41:59,26.05,40.42,37.95,23.63,22.94,23.38,456.64,410.62,335.58,4119,100,,,,
1784962320288,2026-07-25 06:52:00,26.03,40.38,38.02,23.59,23.42,22.9,456.61,410.62,335.58,4119,100,,,,
1784962920766,2026-07-25 07:02:00,26.0,40.4,37.9,23.56,23.18,23.63,456.57,410.62,335.58,4119,100,,,,
1784963521247,2026-07-25 07:12:01,26.01,40.34,37.99,23.52,23.8,23.21,456.57,410.59,335.58,4119,100,,,,
1784964121727,2026-07-25 07:22:01,26.0,40.39,37.97,23.45,23.14,23.31,456.54,410.59,335.58,4126,100,,,,
1784964722206,2026-07-25 07:32:02,25.96,40.33,37.97,23.45,23.97,23.28,456.5,410.59,335.58,4119,100,,,,
1784965322685,2026-07-25 07:42:02,26.03,40.33,37.97,23.42,23.76,23.28,456.57,410.55,335.58,4120,100,,,,
1784965919327,2026-07-25 07:51:59,25.95,40.34,38.06,23.38,23.63,22.5,456.47,410.55,335.58,4119,100,-52.0,,,
1784975939654,2026-07-25 10:38:59,25.95,40.37,37.97,23.38,23.18,23.31,456.47,410.55,335.58,4118,100,,,,
1784976540155,2026-07-25 10:49:00,25.95,40.33,37.91,23.38,23.76,23.59,456.47,410.55,335.58,4118,100,,,,
1784977140611,2026-07-25 10:59:00,25.93,40.36,37.97,23.35,23.24,23.28,456.44,410.52,335.58,4122,100,,,,
1784977741095,2026-07-25 11:09:01,25.93,40.35,37.96,23.35,23.42,23.35,456.44,410.52,335.58,4121,100,,,,
1784978341653,2026-07-25 11:19:01,25.93,40.3,37.97,23.35,24.05,23.31,456.44,410.52,335.58,4116,100,,,,
1784978942145,2026-07-25 11:29:02,25.96,40.37,37.96,23.35,23.07,23.35,456.47,410.52,335.58,4122,100,,,,
1784979542619,2026-07-25 11:39:02,25.95,40.35,37.95,23.38,23.28,23.38,456.47,410.49,335.58,4123,100,,,,
1784980139134,2026-07-25 11:48:59,25.94,40.33,37.97,23.42,23.52,23.28,456.47,410.49,335.58,4119,100,-51.0,,,
1784990164454,2026-07-25 14:36:04,25.96,40.33,37.96,23.45,23.45,23.35,456.5,410.49,335.58,4115,100,,,,
1784990764934,2026-07-25 14:46:04,25.95,40.3,37.97,23.49,23.83,23.28,456.5,410.49,335.58,4117,100,,,,
1784991365411,2026-07-25 14:56:05,25.97,40.36,38.02,23.56,23.0,22.97,456.54,410.45,335.58,4116,100,,,,
1784991965894,2026-07-25 15:06:05,26.0,40.32,37.96,23.59,23.49,23.35,456.57,410.45,335.58,4116,100,,,,
1784992566372,2026-07-25 15:16:06,25.98,40.35,37.93,23.66,23.07,23.49,456.57,410.45,335.58,4116,100,,,,
1784993166855,2026-07-25 15:26:06,26.0,40.33,37.97,23.73,23.18,23.31,456.61,410.42,335.58,4117,100,,,,
1784993767333,2026-07-25 15:36:07,26.01,40.3,37.97,23.8,23.63,23.28,456.64,410.42,335.58,4124,100,,,,
1784994363971,2026-07-25 15:46:03,26.04,40.28,37.95,23.87,23.8,23.38,456.68,410.42,335.58,4119,100,-50.0,,,
1785004398134,2026-07-25 18:33:18,26.05,40.35,37.92,23.94,22.97,23.56,456.71,410.42,335.58,4118,100,,,,
1785004998613,2026-07-25 18:43:18,26.03,40.34,38.0,24.01,22.94,23.11,456.71,410.39,335.58,4115,100,,,,
1785005599172,2026-07-25 18:53:19,26.05,40.43,37.99,24.08,21.86,23.21,456.75,410.39,335.58,4116,100,,,,
1785006199652,2026-07-25 19:03:19,26.04,40.27,37.96,24.15,23.7,23.35,456.75,410.35,335.58,4118,100,,,,
1785006800133,2026-07-25 19:13:20,26.05,40.31,37.95,24.22,23.18,23.42,456.78,410.35,335.58,4117,100,,,,
1785007400612,2026-07-25 19:23:20,26.04,40.29,37.96,24.26,23.42,23.35,456.78,410.35,335.58,4119,100,,,,
1785008001093,2026-07-25 19:33:21,26.03,40.26,37.97,24.33,23.83,23.28,456.78,410.35,335.58,4121,100,,,,
1785008597704,2026-07-25 19:43:17,26.02,40.25,37.95,24.36,23.87,23.42,456.78,410.32,335.58,4123,100,-52.0,,,
1785018632404,2026-07-25 22:30:32,26.05,40.25,37.96,24.4,23.83,23.35,456.82,410.32,335.58,4119,100,,,,
1785019232927,2026-07-25 22:40:32,26.04,40.25,37.96,24.43,23.83,23.35,456.82,410.32,335.58,4123,100,,,,
1785019833407,2026-07-25 22:50:33,26.04,40.3,37.96,24.43,23.14,23.35,456.82,410.32,335.58,4115,100,,,,
1785020433888,2026-07-25 23:00:33,26.04,40.29,37.97,24.47,23.31,23.28,456.82,410.32,335.58,4119,100,,,,
1785021034369,2026-07-25 23:10:34,26.0,40.29,37.94,24.47,23.38,23.45,456.78,410.32,335.58,4121,100,,,,
1785021634849,2026-07-25 23:20:34,26.0,40.25,37.96,24.47,23.83,23.35,456.78,410.32,335.58,4119,100,,,,
1785022235326,2026-07-25 23:30:35,26.0,40.28,37.9,24.47,23.42,23.63,456.78,410.32,335.58,4118,100,,,,
1785022831969,2026-07-25 23:40:31,26.0,40.24,37.93,24.47,24.01,23.49,456.78,410.32,335.58,4118,100,-53.0,,,
1785032858729,2026-07-26 02:27:38,25.97,40.35,37.97,24.47,22.6,23.31,456.75,410.32,335.58,4119,100,,,,
1785033459249,2026-07-26 02:37:39,25.97,40.24,37.97,24.47,24.01,23.28,456.75,410.32,335.58,4117,100,,,,
1785034059728,2026-07-26 02:47:39,25.97,40.28,38.0,24.47,23.45,23.14,456.75,410.32,335.58,4119,100,,,,
1785034660208,2026-07-26 02:57:40,25.95,40.23,37.96,24.43,24.05,23.35,456.71,410.32,335.58,4116,100,,,,
1785035260689,2026-07-26 03:07:40,25.95,40.29,37.96,24.43,23.35,23.35,456.71,410.32,335.58,4119,100,,,,
1785035861171,2026-07-26 03:17:41,25.93,40.22,37.97,24.4,24.22,23.28,456.68,410.32,335.58,4117,100,,,,
1785036461648,2026-07-26 03:27:41,25.93,40.34,37.92,24.36,22.66,23.56,456.68,410.32,335.58,4119,100,,,,
1785037058290,2026-07-26 03:37:38,25.91,40.36,37.93,24.33,22.43,23.49,456.64,410.32,335.58,4122,100,-53.0,,,
1785047081729,2026-07-26 06:24:41,25.91,40.26,37.93,24.33,23.56,23.49,456.64,410.29,335.58,4117,100,,,,
1785047682209,2026-07-26 06:34:42,25.89,40.22,37.94,24.29,24.12,23.45,456.61,410.29,335.58,4119,100,,,,
1785048282689,2026-07-26 06:44:42,25.89,40.22,37.9,24.26,24.08,23.66,456.61,410.29,335.58,4119,100,,,,
1785048883170,2026-07-26 06:54:43,25.86,40.22,37.93,24.26,24.12,23.52,456.57,410.29,335.58,4120,100,,,,
1785049483650,2026-07-26 07:04:43,25.87,40.22,37.93,24.22,24.12,23.52,456.57,410.29,335.58,4120,100,,,,
1785050084129,2026-07-26 07:14:44,25.85,40.25,37.9,24.15,23.7,23.63,456.54,410.29,335.58,4122,100,,,,
1785050684618,2026-07-26 07:24:44,25.85,40.22,37.93,24.15,24.08,23.52,456.54,410.29,335.58,4119,100,,,,
1785051281250,2026-07-26 07:34:41,25.86,40.24,37.88,24.12,23.73,23.76,456.54,410.25,335.58,4124,100,-55.0,,,
1785061303778,2026-07-26 10:21:43,25.83,40.2,37.92,24.08,24.15,23.56,456.5,410.25,335.58,4122,100,,,,
1785061904389,2026-07-26 10:31:44,25.82,40.28,37.9,24.12,23.21,23.63,456.5,410.25,335.58,4119,100,,,,
1785062504941,2026-07-26 10:41:44,,,,24.08,24.08,23.49,,,,4119,100,,,,
1785063105244,2026-07-26 10:51:45,25.83,40.24,38.04,24.08,23.63,22.66,456.5,410.25,335.58,4118,100,,,,
1785063705727,2026-07-26 11:01:45,25.81,40.24,37.93,24.08,23.49,23.49,456.47,410.22,335.58,4118,100,,,,
1785064306208,2026-07-26 11:11:46,25.81,40.24,37.92,24.05,23.52,23.56,456.47,410.22,335.58,4119,100,,,,
1785064906687,2026-07-26 11:21:46,25.81,40.2,38.0,24.05,24.12,23.14,456.47,410.22,335.58,4114,100,,,,
1785065503438,2026-07-26 11:31:43,25.81,40.2,37.86,24.05,24.12,23.83,456.47,410.22,335.58,4118,100,-51.0,,,
1785075531263,2026-07-26 14:18:51,25.81,40.2,37.92,24.05,24.12,23.56,456.47,410.22,335.58,4123,100,,,,
1785076131816,2026-07-26 14:28:51,25.81,40.21,37.9,24.05,23.76,23.63,456.47,410.19,335.58,4120,100,,,,
1785076732292,2026-07-26 14:38:52,25.81,40.19,37.92,24.05,24.12,23.56,456.47,410.19,335.58,4120,100,,,,
1785077332770,2026-07-26 14:48:52,25.81,40.17,37.89,24.05,24.12,23.7,456.47,410.15,335.58,4123,100,,,,
1785077933257,2026-07-26 14:58:53,25.81,40.19,38.06,24.05,24.12,22.43,456.47,410.19,335.58,4122,100,,,,
1785078533869,2026-07-26 15:08:53,25.81,40.17,37.92,24.05,24.12,23.56,456.47,410.15,335.58,4121,100,,,,
1785079134212,2026-07-26 15:18:54,25.78,40.22,37.92,24.08,23.45,23.56,456.44,410.12,335.58,4118,100,,,,
1785079730782,2026-07-26 15:28:50,25.78,40.17,37.9,24.08,24.08,23.63,456.44,410.12,335.58,4120,100,-52.0,,,
1785089759334,2026-07-26 18:15:59,25.78,40.16,37.93,24.08,24.12,23.52,456.44,410.12,335.58,4123,100,,,,
1785090359814,2026-07-26 18:25:59,25.77,40.18,37.93,24.12,23.8,23.49,456.44,410.09,335.58,4118,100,,,,
1785090960336,2026-07-26 18:36:00,25.74,40.16,37.93,24.12,24.01,23.49,456.4,410.09,335.58,4120,100,,,,
1785091560773,2026-07-26 18:46:00,25.74,40.15,37.9,24.12,24.08,23.63,456.4,410.06,335.58,4118,100,,,,
1785092161333,2026-07-26 18:56:01,25.82,40.16,37.92,24.12,24.22,23.56,456.5,410.12,335.58,4120,100,,,,
1785092761815,2026-07-26 19:06:01,25.89,40.38,43.12,24.12,24.15,23.63,456.57,410.79,349.58,4118,100,,,,
1785093362292,2026-07-26 19:16:02,25.86,40.91,43.71,24.12,24.08,23.66,456.54,412.48,351.48,4118,100,,,,
1785093958854,2026-07-26 19:25:58,25.87,40.94,43.69,24.08,23.97,23.56,456.54,412.55,351.39,4120,100,-51.0,,,
1785103983551,2026-07-26 22:13:03,25.87,40.94,43.66,24.08,23.9,23.66,456.54,412.51,351.32,4115,100,,,,
1785104584012,2026-07-26 22:23:04,25.87,40.9,43.69,24.08,24.15,22.8,456.54,412.45,351.23,4119,100,,,,
1785105186546,2026-07-26 22:33:06,25.87,40.9,43.61,24.08,23.97,23.63,456.54,412.41,351.14,4116,100,,,,
1785105786840,2026-07-26 22:43:06,25.87,40.89,43.57,24.05,24.08,23.59,456.54,412.41,351.01,4119,100,,,,
1785106386973,2026-07-26 22:53:06,25.87,40.92,43.5,24.05,23.56,23.63,456.54,412.38,350.79,4119,100,,,,
1785106986974,2026-07-26 23:03:06,25.9,40.86,43.45,24.05,24.08,23.52,456.57,412.31,350.61,4117,100,,,,
1785107586974,2026-07-26 23:13:06,25.91,40.84,43.3,24.01,24.15,23.63,456.57,412.25,350.17,4120,100,,,,
1785108183394,2026-07-26 23:23:03,25.92,40.96,43.22,23.97,22.39,23.66,456.57,412.21,349.92,4119,100,-53.0,,,
1785118212130,2026-07-27 02:10:12,25.92,40.87,43.15,23.97,23.52,23.7,456.57,412.21,349.7,4118,100,,,,
1785118812609,2026-07-27 02:20:12,25.92,40.79,42.9,23.94,24.12,23.66,456.57,412.11,348.92,4118,100,,,,
1785119413090,2026-07-27 02:30:13,25.92,40.8,42.71,23.94,23.49,23.59,456.57,411.98,348.33,4113,100,,,,
1785120013560,2026-07-27 02:40:13,25.93,40.72,42.58,23.9,24.15,23.66,456.57,411.88,347.93,4117,100,,,,
1785120614048,2026-07-27 02:50:14,25.93,40.75,42.46,23.9,23.66,23.8,456.57,411.85,347.62,4121,100,,,,
1785121214528,2026-07-27 03:00:14,25.94,40.7,42.37,23.87,24.08,23.7,456.57,411.81,347.31,4115,100,,,,
1785121815007,2026-07-27 03:10:15,25.95,40.73,42.55,23.83,23.94,23.66,456.57,411.85,347.84,4119,100,,,,
1785122411649,2026-07-27 03:20:11,25.95,40.72,42.67,23.83,24.12,23.31,456.57,411.88,348.15,4119,100,-54.0,,,
1785132434454,2026-07-27 06:07:14,25.95,40.77,42.62,23.8,23.49,23.63,456.57,411.88,348.05,4120,100,,,,
1785133034944,2026-07-27 06:17:14,25.93,40.75,42.54,23.76,23.63,23.7,456.54,411.85,347.84,4119,100,,,,
1785133635418,2026-07-27 06:27:15,25.94,40.72,42.45,23.73,24.08,23.9,456.54,411.85,347.59,4119,100,,,,
1785134235893,2026-07-27 06:37:15,25.95,40.7,42.38,23.7,24.19,23.9,456.54,411.81,347.4,4120,100,,,,
1785134836372,2026-07-27 06:47:16,25.95,40.72,42.33,23.7,23.73,23.7,456.54,411.78,347.21,4124,100,,,,
1785135436857,2026-07-27 06:57:16,25.95,40.69,42.31,23.7,24.08,23.63,456.54,411.78,347.12,4122,100,,,,
1785136037332,2026-07-27 07:07:17,25.95,40.71,42.21,23.66,23.7,23.8,456.54,411.75,346.87,4119,100,,,,
1785136633972,2026-07-27 07:17:13,25.96,40.72,42.11,23.63,23.31,23.63,456.54,411.68,346.53,4117,100,-51.0,,,
1785146656774,2026-07-27 10:04:16,25.96,40.7,41.97,23.63,23.35,23.63,456.54,411.62,346.13,4120,100,,,,
1785147257259,2026-07-27 10:14:17,25.96,40.66,41.89,23.63,23.87,23.66,456.54,411.62,345.91,4120,100,,,,
1785147857748,2026-07-27 10:24:17,25.97,40.63,41.77,23.59,24.05,23.7,456.54,411.58,345.57,4122,100,,,,
1785148458227,2026-07-27 10:34:18,25.97,40.68,41.63,23.56,23.38,23.83,456.54,411.55,345.17,4118,100,,,,
1785149058774,2026-07-27 10:44:18,25.97,40.66,41.53,23.56,23.31,23.7,456.54,411.48,344.86,4117,100,,,,
1785149659256,2026-07-27 10:54:19,25.97,40.6,41.23,23.59,23.97,23.94,456.54,411.45,344.08,4118,100,,,,
1785150259734,2026-07-27 11:04:19,25.97,40.62,41.18,23.56,23.52,23.63,456.54,411.42,343.87,4121,100,,,,
1785150856301,2026-07-27 11:14:16,25.97,40.58,41.1,23.59,23.9,23.63,456.54,411.38,343.65,4125,100,-52.0,,,
1785160888137,2026-07-27 14:01:28,25.96,40.61,40.93,23.63,23.28,23.7,456.54,411.32,343.19,4118,100,,,,
1785161488618,2026-07-27 14:11:28,26.0,40.69,40.85,23.59,22.26,23.66,456.57,411.32,342.97,4119,100,,,,
1785162089100,2026-07-27 14:21:29,25.99,40.57,40.75,23.63,23.63,23.63,456.57,411.28,342.69,4116,100,,,,
1785162689577,2026-07-27 14:31:29,25.99,40.55,40.71,23.63,23.73,23.28,456.57,411.25,342.51,4119,100,,,,
1785163290063,2026-07-27 14:41:30,26.02,40.54,40.58,23.63,23.83,23.94,456.61,411.22,342.29,4120,100,,,,
1785163890618,2026-07-27 14:51:30,25.98,40.57,40.52,23.66,23.28,23.7,456.57,411.18,342.07,4118,100,,,,
1785164491096,2026-07-27 15:01:31,26.02,40.48,40.44,23.63,24.33,23.7,456.61,411.15,341.86,4121,100,,,,
1785165087658,2026-07-27 15:11:27,26.01,40.55,40.39,23.7,23.35,23.56,456.61,411.15,341.7,4118,100,-51.0,,,
1785175119933,2026-07-27 17:58:39,26.1,41.16,43.43,23.7,23.9,23.63,456.71,413.24,350.57,4117,100,,,,
1785175720456,2026-07-27 18:08:40,26.1,41.37,43.41,23.7,23.35,23.59,456.71,413.81,350.51,4120,100,,,,
1785176321016,2026-07-27 18:18:41,26.1,41.32,43.41,23.7,24.01,23.56,456.71,413.81,350.48,4125,100,,,,
1785176921530,2026-07-27 18:28:41,26.13,41.32,43.38,23.73,23.49,23.63,456.75,413.68,350.42,4120,100,,,,
1785177522048,2026-07-27 18:38:42,26.13,41.35,43.4,23.73,22.36,23.31,456.75,413.51,350.39,4120,100,,,,
1785178122533,2026-07-27 18:48:42,26.15,41.2,43.36,23.76,23.83,23.7,456.78,413.34,350.36,4120,100,,,,
1785178723088,2026-07-27 18:58:43,26.15,41.18,43.36,23.73,23.52,23.63,456.78,413.21,350.33,4119,100,,,,
1785179319490,2026-07-27 19:08:39,26.18,41.11,43.33,23.76,23.94,23.63,456.82,413.08,350.26,4118,100,-52.0,,,
1785189347969,2026-07-27 21:55:47,26.18,41.07,43.34,23.76,23.9,23.35,456.82,412.94,350.23,4121,100,,,,
1785189948449,2026-07-27 22:05:48,26.18,41.05,43.31,23.76,23.9,23.56,456.82,412.88,350.17,4120,100,,,,
1785190548928,2026-07-27 22:15:48,26.21,41.05,43.28,23.73,23.7,23.56,456.85,412.85,350.08,4118,100,,,,
1785191149409,2026-07-27 22:25:49,26.22,41.02,43.27,23.7,24.01,23.35,456.85,412.81,350.01,4117,100,,,,
1785191749890,2026-07-27 22:35:49,26.22,41.06,43.24,23.7,23.31,23.07,456.85,412.78,349.86,4117,100,,,,
1785192350378,2026-07-27 22:45:50,26.22,41.01,43.16,23.7,23.83,23.59,456.85,412.75,349.7,4118,100,,,,
1785192950849,2026-07-27 22:55:50,26.22,40.99,43.1,23.7,23.97,23.63,456.85,412.71,349.52,4123,100,,,,
1785193547534,2026-07-27 23:05:47,26.23,40.99,43.06,23.66,23.9,23.52,456.85,412.68,349.39,4119,100,-52.0,,,
1785203576448,2026-07-28 01:52:56,26.23,40.98,43.05,23.63,23.94,22.9,456.85,412.68,349.24,4116,100,,,,
1785204176925,2026-07-28 02:02:56,26.21,41.03,42.99,23.63,23.21,23.42,456.82,412.65,349.14,4119,100,,,,
1785204777408,2026-07-28 02:12:57,26.21,40.97,42.93,23.63,23.9,23.56,456.82,412.61,348.99,4122,100,,,,
1785205377886,2026-07-28 02:22:57,26.22,41.02,42.88,23.56,23.21,23.63,456.82,412.61,348.86,4120,100,,,,
1785205978365,2026-07-28 02:32:58,26.22,40.99,42.87,23.56,23.52,23.18,456.82,412.58,348.74,4117,100,,,,
1785206578849,2026-07-28 02:42:58,26.2,40.98,42.7,23.52,23.45,23.56,456.78,412.55,348.3,4119,100,,,,
1785207179329,2026-07-28 02:52:59,26.2,40.98,42.57,23.49,23.24,23.63,456.78,412.51,347.9,4117,100,,,,
1785207775968,2026-07-28 03:02:55,26.21,40.92,42.47,23.45,23.9,23.59,456.78,412.45,347.59,4119,100,-51.0,,,
1785217802690,2026-07-28 05:50:02,26.22,40.97,42.41,23.42,23.07,23.35,456.78,412.41,347.37,4120,100,,,,
1785218403172,2026-07-28 06:00:03,26.2,40.94,42.34,23.38,23.28,23.49,456.75,412.38,347.18,4118,100,,,,
1785219003652,2026-07-28 06:10:03,26.2,40.89,42.29,23.35,23.87,23.59,456.75,412.35,347.06,4121,100,,,,
1785219604133,2026-07-28 06:20:04,26.18,40.81,42.24,23.28,24.19,23.11,456.71,412.18,346.81,4116,100,,,,
1785220204611,2026-07-28 06:30:04,26.19,40.8,42.15,23.24,24.15,23.42,456.71,412.15,346.62,4123,100,,,,
1785220805171,2026-07-28 06:40:05,26.17,40.83,42.1,23.21,23.63,23.7,456.68,412.11,346.53,4119,100,,,,
1785221405653,2026-07-28 06:50:05,26.18,40.85,42.07,23.14,23.28,23.76,456.68,412.08,346.44,4120,100,,,,
1785222002210,2026-07-28 07:00:02,26.15,40.79,42.03,23.14,23.76,23.56,456.64,412.01,346.28,4120,100,-51.0,,,
1785232024104,2026-07-28 09:47:04,26.16,40.82,42.02,23.11,23.18,23.18,456.64,411.98,346.19,4118,100,,,,
1785232624614,2026-07-28 09:57:04,26.16,40.82,41.95,23.07,23.18,23.45,456.64,411.95,346.03,4121,100,,,,
1785233225175,2026-07-28 10:07:05,26.17,40.81,41.89,23.04,23.04,23.49,456.64,411.91,345.85,4120,100,,,,
1785233825653,2026-07-28 10:17:05,26.15,40.74,41.81,23.0,23.83,23.49,456.61,411.88,345.63,4120,100,,,,
1785234426134,2026-07-28 10:27:06,26.15,40.79,41.74,23.0,23.11,23.42,456.61,411.85,345.41,4120,100,,,,
1785235026612,2026-07-28 10:37:06,26.16,40.73,41.67,22.97,23.7,23.63,456.61,411.81,345.26,4121,100,,,,
1785235627095,2026-07-28 10:47:07,26.15,40.74,41.6,23.0,23.49,23.42,456.61,411.78,345.01,4119,100,,,,
1785236223654,2026-07-28 10:57:03,26.18,40.76,41.56,23.0,23.07,23.49,456.64,411.75,344.92,4118,100,-50.0,,,
1785246243902,2026-07-28 13:44:03,26.17,40.7,41.53,23.04,23.7,23.42,456.64,411.72,344.8,4117,100,,,,
1785246844384,2026-07-28 13:54:04,26.17,40.74,41.44,23.04,23.0,23.42,456.64,411.68,344.55,4118,100,,,,
1785247444863,2026-07-28 14:04:04,26.2,40.69,41.36,23.07,23.66,23.56,456.68,411.68,344.36,4116,100,,,,
1785248045422,2026-07-28 14:14:05,26.22,40.69,41.28,23.11,23.59,23.42,456.71,411.65,344.11,4120,100,,,,
1785248645903,2026-07-28 14:24:05,26.2,40.74,41.26,23.18,23.0,23.28,456.71,411.65,344.02,4123,100,,,,
1785249246381,2026-07-28 14:34:06,26.23,40.74,41.2,23.21,22.87,23.42,456.75,411.62,343.87,4120,100,,,,
1785249846855,2026-07-28 14:44:06,26.24,40.65,40.99,23.28,23.94,23.28,456.78,411.62,343.28,4123,100,,,,
1785250443428,2026-07-28 14:54:03,26.27,40.67,40.92,23.31,23.56,23.52,456.82,411.58,343.12,4120,100,-51.0,,,
1785260477488,2026-07-28 17:41:17,26.29,40.75,40.88,23.38,22.33,23.49,456.85,411.55,343.0,4118,100,,,,
1785261077968,2026-07-28 17:51:17,26.3,40.66,40.83,23.49,23.63,23.38,456.89,411.55,342.85,4117,100,,,,
1785261678457,2026-07-28 18:01:18,26.32,40.65,40.8,23.52,23.7,23.28,456.92,411.55,342.75,4118,100,,,,
1785262278929,2026-07-28 18:11:18,26.3,40.64,40.75,23.63,23.66,23.49,456.92,411.52,342.66,4124,100,,,,
1785262879499,2026-07-28 18:21:19,26.33,40.68,40.75,23.66,23.14,23.31,456.96,411.52,342.6,4117,100,,,,
1785263480050,2026-07-28 18:31:20,26.34,40.64,40.68,23.7,23.59,23.35,456.99,411.48,342.44,4118,100,,,,
1785264080530,2026-07-28 18:41:20,26.36,40.63,40.64,23.76,23.66,23.59,457.02,411.48,342.38,4116,100,,,,
1785264677010,2026-07-28 18:51:17,26.38,40.69,40.64,23.83,22.94,23.38,457.06,411.48,342.32,4120,100,-51.0,,,
1785274701887,2026-07-28 21:38:21,26.37,40.69,40.6,23.87,22.87,23.42,457.06,411.48,342.23,4119,100,,,,
1785275302366,2026-07-28 21:48:22,26.38,40.63,40.59,23.94,23.7,23.31,457.09,411.48,342.17,4119,100,,,,
1785275902846,2026-07-28 21:58:22,26.38,40.63,40.55,23.97,23.73,23.31,457.09,411.48,342.07,4118,100,,,,
1785276503324,2026-07-28 22:08:23,26.4,40.61,40.53,24.01,23.94,23.38,457.13,411.48,342.04,4119,100,,,,
1785277103805,2026-07-28 22:18:23,26.4,40.67,40.52,24.05,23.21,23.28,457.13,411.48,341.98,4115,100,,,,
1785277704288,2026-07-28 22:28:24,26.4,40.64,40.5,24.05,23.49,23.35,457.13,411.48,341.95,4122,100,,,,
1785278304769,2026-07-28 22:38:24,26.4,40.64,40.49,24.05,23.76,23.31,457.13,411.52,341.92,4121,100,,,,
1785278901408,2026-07-28 22:48:21,26.4,40.61,40.46,24.05,24.12,23.63,457.13,411.52,341.89,4121,100,-54.0,,,
1785288934239,2026-07-29 01:35:34,26.4,40.65,40.47,24.05,23.56,23.31,457.13,411.52,341.86,4122,100,,,,
1785289534691,2026-07-29 01:45:34,26.4,40.65,40.47,24.05,23.59,23.35,457.13,411.52,341.86,4118,100,,,,
1785290135010,2026-07-29 01:55:35,26.4,40.63,40.45,24.05,23.83,23.49,457.13,411.52,341.83,4116,100,,,,
1785290735489,2026-07-29 02:05:35,26.4,40.67,40.45,24.05,23.28,23.28,457.13,411.52,341.8,4122,100,,,,
1785291335966,2026-07-29 02:15:35,26.4,40.68,40.45,24.05,23.14,23.35,457.13,411.52,341.8,4118,100,,,,
1785291936449,2026-07-29 02:25:36,26.36,40.63,40.44,24.05,23.9,23.35,457.09,411.52,341.77,4116,100,,,,
1785292536928,2026-07-29 02:35:36,26.37,40.66,40.43,24.01,23.49,23.38,457.09,411.52,341.77,4118,100,,,,
1785293133649,2026-07-29 02:45:33,26.38,40.68,40.42,23.97,23.24,23.38,457.09,411.52,341.73,4115,100,-53.0,,,
1785303157969,2026-07-29 05:32:37,26.38,40.67,40.4,23.94,23.28,23.45,457.09,411.52,341.7,4119,100,,,,
1785303758462,2026-07-29 05:42:38,26.36,40.67,40.39,23.94,23.35,23.42,457.06,411.52,341.67,4118,100,,,,
1785304358946,2026-07-29 05:52:38,26.36,40.65,40.4,23.94,23.56,23.28,457.06,411.52,341.67,4120,100,,,,
1785304959491,2026-07-29 06:02:39,26.36,40.61,40.38,23.9,24.15,23.35,457.06,411.52,341.61,4119,100,,,,
1785305559973,2026-07-29 06:12:39,26.34,40.67,40.38,23.83,23.28,23.31,457.02,411.52,341.61,4114,100,,,,
1785306160464,2026-07-29 06:22:40,26.34,40.63,40.35,23.83,23.83,23.35,457.02,411.52,341.55,4118,100,,,,
1785306760947,2026-07-29 06:32:40,26.32,40.61,40.34,23.83,24.12,23.38,456.99,411.52,341.52,4122,100,,,,
1785307357499,2026-07-29 06:42:37,26.32,40.67,40.34,23.8,23.31,23.38,456.99,411.52,341.52,4123,100,-52.0,,,
1785317379330,2026-07-29 09:29:39,26.33,40.63,40.32,23.76,23.66,23.31,456.99,411.48,341.46,4117,100,,,,
1785317979810,2026-07-29 09:39:39,26.3,40.66,40.29,23.76,23.24,23.38,456.96,411.48,341.39,4121,100,,,,
1785318580293,2026-07-29 09:49:40,26.31,40.58,40.28,23.73,24.26,23.28,456.96,411.45,341.33,4116,100,,,,
1785319180770,2026-07-29 09:59:40,26.32,40.61,40.25,23.7,23.83,23.49,456.96,411.45,341.3,4120,100,,,,
1785319781437,2026-07-29 10:09:41,26.32,40.63,40.19,23.7,23.56,23.56,456.96,411.45,341.15,4118,100,,,,
1785320381790,2026-07-29 10:19:41,26.32,40.59,40.17,23.7,23.9,23.38,456.96,411.42,341.06,4120,100,,,,
1785320982210,2026-07-29 10:29:42,26.32,40.65,40.15,23.7,23.24,23.45,456.96,411.42,341.02,4118,100,,,,
1785321578875,2026-07-29 10:39:38,26.31,40.62,40.11,23.73,23.63,23.45,456.96,411.42,340.93,4123,100,-52.0,,,
1785331602611,2026-07-29 13:26:42,26.3,40.63,40.1,23.76,23.21,23.31,456.96,411.38,340.87,4117,100,,,,
1785332203090,2026-07-29 13:36:43,26.33,40.64,40.05,23.76,23.14,23.35,456.99,411.38,340.75,4120,100,,,,
1785332803569,2026-07-29 13:46:43,26.32,40.7,40.02,23.83,22.33,23.14,456.99,411.38,340.62,4120,100,,,,
1785333404052,2026-07-29 13:56:44,26.34,40.6,39.96,23.87,23.7,23.49,457.02,411.38,340.53,4119,100,,,,
1785334004539,2026-07-29 14:06:44,26.36,40.57,39.94,23.9,23.9,23.28,457.06,411.35,340.44,4118,100,,,,
1785334605090,2026-07-29 14:16:45,26.35,40.58,39.93,23.97,23.83,23.42,457.06,411.35,340.44,4120,100,,,,
1785335205572,2026-07-29 14:26:45,26.35,40.56,39.91,24.08,24.08,23.42,457.09,411.35,340.38,4122,100,,,,
1785335802141,2026-07-29 14:36:42,26.41,40.62,39.88,24.12,23.28,23.28,457.16,411.35,340.28,4120,100,-53.0,,,
1785345834290,2026-07-29 17:23:54,26.42,40.56,39.84,24.22,24.12,23.42,457.2,411.35,340.22,4118,100,,,,
1785346434773,2026-07-29 17:33:54,26.43,40.61,39.83,24.33,23.42,23.42,457.23,411.35,340.19,4123,100,,,,
1785347035332,2026-07-29 17:43:55,26.45,40.61,39.79,24.4,23.35,23.49,457.27,411.35,340.1,4121,100,,,,
1785347635818,2026-07-29 17:53:55,26.46,40.63,39.78,24.47,23.18,23.35,457.3,411.35,340.04,4117,100,,,,
1785348236288,2026-07-29 18:03:56,26.47,40.57,39.78,24.58,23.97,23.07,457.34,411.35,339.98,4119,100,,,,
1785348836769,2026-07-29 18:13:56,26.48,40.56,39.73,24.68,24.01,23.38,457.37,411.35,339.92,4119,100,,,,
1785349437250,2026-07-29 18:23:57,26.5,40.61,39.69,24.76,23.45,23.49,457.41,411.35,339.82,4116,100,,,,
1785350033815,2026-07-29 18:33:53,26.52,40.58,39.64,24.79,23.8,23.49,457.44,411.35,339.7,4119,100,-52.0,,,
1785360064526,2026-07-29 21:21:04,26.5,40.68,39.62,24.86,22.63,23.45,457.44,411.38,339.64,4118,100,,,,
1785360665006,2026-07-29 21:31:05,26.53,40.57,39.6,24.9,24.12,23.52,457.48,411.38,339.61,4119,100,,,,
1785361265647,2026-07-29 21:41:05,26.54,40.54,39.61,24.97,24.47,23.42,457.51,411.38,339.61,4121,100,,,,
1785361865966,2026-07-29 21:51:05,26.53,40.63,39.59,25.01,23.49,23.49,457.51,411.42,339.58,4120,100,,,,
1785362466447,2026-07-29 22:01:06,26.56,40.57,39.59,25.04,24.22,23.52,457.54,411.42,339.58,4117,100,,,,
1785363066926,2026-07-29 22:11:06,26.55,40.59,39.62,25.08,24.01,23.11,457.54,411.42,339.58,4117,100,,,,
1785363667408,2026-07-29 22:21:07,26.54,40.59,39.55,25.12,24.15,23.83,457.54,411.45,339.55,4118,100,,,,
1785364264048,2026-07-29 22:31:04,26.55,40.72,39.58,25.08,22.33,23.52,457.54,411.45,339.55,4119,100,-52.0,,,
1785374294769,2026-07-30 01:18:14,26.54,40.55,39.6,25.12,24.61,23.21,457.54,411.45,339.55,4121,100,,,,
1785374895247,2026-07-30 01:28:15,26.54,40.64,39.57,25.12,23.52,23.56,457.54,411.48,339.55,4118,100,,,,
1785375495728,2026-07-30 01:38:15,26.55,40.58,39.52,25.08,24.33,23.66,457.54,411.48,339.42,4115,100,,,,
1785376096206,2026-07-30 01:48:16,26.54,40.58,39.52,25.12,24.4,23.63,457.54,411.48,339.42,4117,100,,,,
1785376696689,2026-07-30 01:58:16,26.55,40.57,39.53,25.08,24.47,23.52,457.54,411.48,339.42,4118,100,,,,
1785377297167,2026-07-30 02:08:17,26.53,40.58,39.52,25.04,24.36,23.59,457.51,411.48,339.42,4117,100,,,,
1785377897648,2026-07-30 02:18:17,26.53,40.62,39.52,25.04,23.76,23.63,457.51,411.48,339.42,4119,100,,,,
1785378494290,2026-07-30 02:28:14,26.53,40.63,39.52,25.01,23.9,23.59,457.51,411.52,339.42,4118,100,-54.0,,,
1785388521092,2026-07-30 05:15:21,26.54,40.6,39.52,24.97,24.22,23.45,457.51,411.52,339.39,4118,100,,,,
1785389121654,2026-07-30 05:25:21,26.52,40.59,39.49,24.97,24.43,23.9,457.48,411.52,339.39,4120,100,,,,
1785389722134,2026-07-30 05:35:22,26.52,40.59,39.51,24.93,24.43,23.63,457.48,411.52,339.39,4120,100,,,,
1785390322621,2026-07-30 05:45:22,26.49,40.63,39.49,24.93,23.87,23.87,457.44,411.52,339.39,4118,100,,,,
1785390923092,2026-07-30 05:55:23,26.5,40.6,39.48,24.9,24.26,23.76,457.44,411.52,339.36,4118,100,,,,
1785391523657,2026-07-30 06:05:23,26.48,40.61,39.49,24.83,24.05,23.7,457.41,411.52,339.36,4117,100,,,,
1785392124133,2026-07-30 06:15:24,26.48,40.63,39.5,24.83,23.8,23.63,457.41,411.52,339.36,4120,100,,,,
1785392720613,2026-07-30 06:25:20,26.45,40.57,39.48,24.83,24.47,23.73,457.37,411.48,339.33,4125,100,-54.0,,,
1785402740533,2026-07-30 09:12:20,26.46,40.62,39.48,24.79,23.8,23.66,457.37,411.48,339.33,4117,100,,,,
1785403341012,2026-07-30 09:22:21,26.44,40.62,39.45,24.76,23.83,23.94,457.34,411.48,339.3,4118,100,,,,
1785403941493,2026-07-30 09:32:21,26.44,40.57,39.47,24.76,24.36,23.63,457.34,411.45,339.3,4116,100,,,,
1785404541971,2026-07-30 09:42:21,26.41,40.7,39.44,24.72,22.63,23.83,457.3,411.45,339.27,4121,100,,,,
1785405142458,2026-07-30 09:52:22,26.42,40.55,39.46,24.68,24.51,23.63,457.3,411.42,339.27,4119,100,,,,
1785405742936,2026-07-30 10:02:22,26.42,40.56,39.53,24.68,24.33,22.6,457.3,411.42,339.24,4125,100,,,,
1785406343573,2026-07-30 10:12:23,26.42,40.6,39.43,24.68,23.87,23.83,457.3,411.42,339.24,4118,100,,,,
1785406940064,2026-07-30 10:22:20,26.42,40.58,39.42,24.68,23.87,23.97,457.3,411.38,339.24,4118,100,-51.0,,,
1785416972132,2026-07-30 13:09:32,26.41,40.53,39.41,24.72,24.54,23.9,457.3,411.38,339.21,4119,100,,,,
1785417572617,2026-07-30 13:19:32,26.4,40.54,39.51,24.76,24.33,22.66,457.3,411.35,339.21,4117,100,,,,
1785418173097,2026-07-30 13:29:33,26.4,40.58,39.41,24.76,23.8,23.83,457.3,411.35,339.18,4121,100,,,,
1785418773660,2026-07-30 13:39:33,26.44,40.51,39.41,24.76,24.72,23.87,457.34,411.35,339.18,4119,100,,,,
1785419374140,2026-07-30 13:49:34,26.42,40.53,39.41,24.83,24.47,23.83,457.34,411.35,339.18,4116,100,,,,
1785419974611,2026-07-30 13:59:34,26.43,40.5,39.38,24.9,24.76,23.87,457.37,411.32,339.11,4127,100,,,,
1785420575097,2026-07-30 14:09:35,26.45,40.59,39.38,24.97,23.73,23.7,457.41,411.35,339.08,4120,100,,,,
1785421171651,2026-07-30 14:19:31,26.47,40.52,39.35,25.04,24.51,23.9,457.44,411.32,339.05,4121,100,-50.0,,,
1785431197013,2026-07-30 17:06:37,26.49,40.52,39.43,25.08,24.61,22.8,457.48,411.35,339.02,4123,100,,,,
1785431797492,2026-07-30 17:16:37,26.51,40.53,39.35,25.12,24.51,23.9,457.51,411.35,339.05,4120,100,,,,
1785432397973,2026-07-30 17:26:37,26.51,40.53,39.32,25.15,24.4,24.12,457.51,411.35,339.02,4118,100,,,,
1785432998466,2026-07-30 17:36:38,26.49,40.54,39.36,25.22,24.36,23.83,457.51,411.35,339.05,4118,100,,,,
1785433599023,2026-07-30 17:46:39,26.49,40.52,39.36,25.22,24.61,23.94,457.51,411.35,339.08,4119,100,,,,
1785434199493,2026-07-30 17:56:39,26.48,40.52,39.39,25.26,24.61,24.05,457.51,411.35,339.18,4116,100,,,,
1785434799973,2026-07-30 18:06:39,26.48,40.52,39.44,25.3,24.61,23.9,457.51,411.35,339.27,4120,100,,,,
1785435396534,2026-07-30 18:16:36,26.48,40.54,39.46,25.3,24.29,23.87,457.51,411.35,339.33,4118,100,-51.0,,,
1785445425249,2026-07-30 21:03:45,26.47,40.54,39.57,25.33,24.36,22.73,457.51,411.35,339.36,4120,100,,,,
1785446025934,2026-07-30 21:13:45,26.47,40.53,39.46,25.33,24.58,24.19,457.51,411.38,339.39,4119,100,,,,
1785446626207,2026-07-30 21:23:46,26.48,40.58,39.49,25.3,23.9,24.01,457.51,411.38,339.42,4118,100,,,,
1785447226689,2026-07-30 21:33:46,26.48,40.54,39.51,25.3,24.4,23.94,457.51,411.38,339.45,4116,100,,,,
1785447827170,2026-07-30 21:43:47,26.47,40.52,39.5,25.33,24.68,24.05,457.51,411.38,339.45,4119,100,,,,
1785448427646,2026-07-30 21:53:47,26.44,40.49,39.51,25.33,25.12,23.94,457.48,411.38,339.45,4119,100,,,,
1785449028129,2026-07-30 22:03:48,26.46,40.49,39.5,25.26,25.12,24.01,457.48,411.38,339.45,4120,100,,,,
1785449624769,2026-07-30 22:13:44,26.46,40.51,39.5,25.26,24.9,23.97,457.48,411.38,339.45,4117,100,-53.0,,,
1785459651526,2026-07-31 01:00:51,26.47,40.57,39.49,25.22,24.26,24.12,457.48,411.42,339.45,4116,100,,,,
1785460252048,2026-07-31 01:10:52,26.47,40.53,39.5,25.22,24.79,24.01,457.48,411.42,339.45,4119,100,,,,
1785460852531,2026-07-31 01:20:52,26.43,40.54,39.5,25.22,24.58,24.05,457.44,411.42,339.45,4119,100,,,,
1785461453010,2026-07-31 01:30:53,26.44,40.52,39.49,25.19,24.86,24.08,457.44,411.42,339.45,4116,100,,,,
1785462053496,2026-07-31 01:40:53,26.44,40.53,39.48,25.15,24.76,24.08,457.44,411.42,339.42,4118,100,,,,
1785462653969,2026-07-31 01:50:53,26.42,40.5,39.49,25.12,25.08,23.97,457.41,411.42,339.42,4119,100,,,,
1785463254450,2026-07-31 02:00:54,26.42,40.57,39.48,25.12,24.19,24.05,457.41,411.42,339.42,4119,100,,,,
1785463851088,2026-07-31 02:10:51,26.43,40.56,39.48,25.08,24.33,23.97,457.41,411.42,339.39,4116,100,-55.0,,,
1785473876967,2026-07-31 04:57:56,26.41,40.56,39.47,25.04,24.19,24.12,457.37,411.38,339.39,4117,100,,,,
1785474477513,2026-07-31 05:07:57,26.41,40.52,39.46,25.01,24.83,24.22,457.37,411.42,339.39,4120,100,,,,
1785475077895,2026-07-31 05:17:57,26.39,40.56,39.47,24.97,24.15,24.08,457.34,411.38,339.39,4119,100,,,,
1785475678369,2026-07-31 05:27:58,26.4,40.57,39.45,24.93,24.08,24.19,457.34,411.38,339.36,4121,100,,,,
1785476278851,2026-07-31 05:37:58,26.37,40.57,39.45,24.9,24.08,24.22,457.3,411.38,339.36,4119,100,,,,
1785476879342,2026-07-31 05:47:59,26.37,40.52,39.46,24.9,24.68,24.01,457.3,411.38,339.36,4120,100,,,,
1785477479812,2026-07-31 05:57:59,26.38,40.52,39.45,24.86,24.65,24.15,457.3,411.38,339.36,4125,100,,,,
1785478076436,2026-07-31 06:07:56,26.36,40.55,39.45,24.83,24.26,24.08,457.27,411.38,339.33,4117,100,-51.0,,,
1785488099931,2026-07-31 08:54:59,26.33,40.57,39.44,24.79,24.12,24.12,457.23,411.38,339.33,4121,100,,,,
1785488700246,2026-07-31 09:05:00,26.34,40.5,39.45,24.76,24.86,24.05,457.23,411.35,339.33,4121,100,,,,
1785489300886,2026-07-31 09:15:00,26.34,40.56,39.44,24.76,24.05,24.22,457.23,411.35,339.33,4119,100,,,,
1785489901386,2026-07-31 09:25:01,26.32,40.5,39.41,24.72,24.79,24.43,457.2,411.35,339.3,4122,100,,,,
1785490501797,2026-07-31 09:35:01,26.33,40.49,39.41,24.68,24.83,24.33,457.2,411.32,339.3,4121,100,,,,
1785491102201,2026-07-31 09:45:02,26.33,40.53,39.42,24.68,24.33,24.12,457.2,411.32,339.27,4123,100,,,,
1785491702802,2026-07-31 09:55:02,26.3,40.5,39.4,24.65,24.79,24.4,457.16,411.32,339.27,4124,100,,,,
1785492299293,2026-07-31 10:04:59,26.3,40.55,39.41,24.65,24.12,24.22,457.16,411.32,339.27,4125,100,-50.0,,,
1785502324367,2026-07-31 12:52:04,26.31,40.53,39.41,24.61,24.22,24.22,457.16,411.28,339.27,4119,100,,,,
1785502924850,2026-07-31 13:02:04,26.3,40.46,39.4,24.65,25.12,24.19,457.16,411.28,339.24,4121,100,,,,
1785503525327,2026-07-31 13:12:05,26.29,40.53,39.46,24.68,24.15,23.45,457.16,411.28,339.24,4120,100,,,,
1785504125807,2026-07-31 13:22:05,26.34,40.48,39.47,24.61,24.76,23.38,457.2,411.28,339.24,4121,100,,,,
1785504726291,2026-07-31 13:32:06,26.33,40.51,39.4,24.68,24.36,24.08,457.2,411.25,339.21,4119,100,,,,
1785505326860,2026-07-31 13:42:06,26.33,40.47,39.39,24.68,24.79,24.15,457.2,411.25,339.21,4115,100,,,,
1785505927406,2026-07-31 13:52:07,26.31,40.49,39.38,24.76,24.58,24.19,457.2,411.25,339.18,4120,100,,,,
1785506523886,2026-07-31 14:02:03,26.34,40.48,39.37,24.76,24.76,24.26,457.23,411.25,339.18,4118,100,-51.0,,,
1785516560937,2026-07-31 16:49:20,26.32,40.48,39.37,24.83,24.76,24.36,457.23,411.25,339.18,4121,100,,,,
1785517161409,2026-07-31 16:59:21,26.35,40.47,39.38,24.86,24.76,24.19,457.27,411.22,339.18,4119,100,,,,
1785517761889,2026-07-31 17:09:21,26.37,40.5,39.37,24.9,24.29,24.19,457.3,411.22,339.15,4119,100,,,,
1785518362377,2026-07-31 17:19:22,26.36,40.5,39.36,24.97,24.29,24.26,457.3,411.22,339.15,4119,100,,,,
1785518962855,2026-07-31 17:29:22,26.35,40.47,39.36,25.01,24.76,24.22,457.3,411.22,339.15,4120,100,,,,
1785519563331,2026-07-31 17:39:23,26.38,40.47,39.35,25.04,24.76,24.22,457.34,411.22,339.11,4125,100,,,,
1785520163808,2026-07-31 17:49:23,26.37,40.5,39.36,25.08,24.36,24.12,457.34,411.22,339.11,4121,100,,,,
1785520760456,2026-07-31 17:59:20,26.39,40.49,39.34,25.12,24.4,24.22,457.37,411.22,339.08,4117,100,-50.0,,,
1785530786449,2026-07-31 20:46:26,26.38,40.51,39.33,25.15,24.01,24.12,457.37,411.18,339.05,4117,100,,,,
1785531386935,2026-07-31 20:56:26,26.37,40.59,39.36,25.19,22.94,23.76,457.37,411.18,339.05,4119,100,,,,
1785531987409,2026-07-31 21:06:27,26.37,40.47,39.31,25.19,24.51,24.26,457.37,411.18,339.02,4119,100,,,,
1785532587889,2026-07-31 21:16:27,26.37,40.44,39.32,25.22,24.9,24.19,457.37,411.18,339.02,4119,100,,,,
1785533188369,2026-07-31 21:26:28,26.4,40.52,39.31,25.26,24.05,24.12,457.41,411.22,338.99,4117,100,,,,
1785533788855,2026-07-31 21:36:28,26.4,40.5,39.3,25.26,24.36,24.26,457.41,411.22,338.99,4119,100,,,,
1785534389473,2026-07-31 21:46:29,26.4,40.44,39.29,25.26,24.93,24.22,457.41,411.18,338.96,4121,100,,,,
1785534985969,2026-07-31 21:56:25,26.4,40.44,39.29,25.26,24.93,24.19,457.41,411.18,338.96,4116,100,-50.0,,,
1785539486448,2026-07-31 23:11:26,26.4,40.46,39.26,25.26,24.86,24.43,457.41,411.22,338.93,4123,100,,,,
1785540086927,2026-07-31 23:21:26,26.37,40.44,39.3,25.22,24.9,23.9,457.37,411.18,338.93,4117,100,,,,
1785540686048,2026-07-31 23:31:26,26.36,40.51,39.28,25.26,24.22,24.22,457.37,411.22,338.93,4118,100,-94.0,-116.0,-9.0,5.200001
1785550716928,2026-08-01 02:18:36,26.37,40.45,39.27,25.22,24.76,24.33,457.37,411.18,338.93,4115,100,,,,
1785551317408,2026-08-01 02:28:37,26.35,40.44,39.27,25.19,24.93,24.33,457.34,411.18,338.93,4120,100,,,,
1785551917885,2026-08-01 02:38:37,26.35,40.45,39.26,25.19,24.86,24.29,457.34,411.18,338.9,4121,100,,,,
1785552518367,2026-08-01 02:48:38,26.36,40.43,39.26,25.15,25.01,24.29,457.34,411.18,338.9,4118,100,,,,
1785553118855,2026-08-01 02:58:38,26.36,40.43,39.26,25.15,25.04,24.29,457.34,411.18,338.9,4120,100,,,,
1785553719325,2026-08-01 03:08:39,26.33,40.41,39.25,25.12,25.33,24.26,457.3,411.18,338.87,4116,100,,,,
1785554319806,2026-08-01 03:18:39,26.34,40.41,39.25,25.08,25.33,24.26,457.3,411.18,338.87,4117,100,,,,
1785554916526,2026-08-01 03:28:36,26.31,40.44,39.24,25.08,24.97,24.43,457.27,411.18,338.87,4116,100,-91.0,,,
1785564942449,2026-08-01 06:15:42,26.32,40.44,39.25,25.04,24.83,24.33,457.27,411.15,338.87,4118,100,,,,
1785565542927,2026-08-01 06:25:42,26.32,40.43,39.23,25.01,24.93,24.36,457.27,411.15,338.84,4117,100,,,,
1785566143969,2026-08-01 06:35:43,26.3,40.4,39.23,24.97,25.33,24.43,457.23,411.15,338.84,4120,100,,,,
1785566744688,2026-08-01 06:45:44,26.3,40.48,39.22,24.93,24.26,24.54,457.23,411.15,338.84,4123,100,,,,
1785567345175,2026-08-01 06:55:45,26.28,40.48,39.24,24.93,24.33,24.26,457.2,411.15,338.84,4119,100,,,,
1785567945648,2026-08-01 07:05:45,26.29,40.46,39.23,24.86,24.4,24.22,457.2,411.12,338.81,4117,100,,,,
1785568546129,2026-08-01 07:15:46,26.3,40.46,39.32,24.83,24.43,23.11,457.2,411.12,338.81,4119,100,,,,
1785569142049,2026-08-01 07:25:42,26.27,40.46,39.22,24.79,24.4,24.33,457.16,411.12,338.81,4121,100,-87.0,,,
1785579166288,2026-08-01 10:12:46,26.27,40.43,39.21,24.79,24.86,24.33,457.16,411.12,338.78,4118,100,,,,
1785579766770,2026-08-01 10:22:46,26.25,40.46,39.2,24.76,24.29,24.4,457.13,411.08,338.78,4118,100,,,,
1785580367488,2026-08-01 10:32:47,26.25,40.45,39.2,24.76,24.43,24.4,457.13,411.08,338.78,4121,100,,,,
1785580967965,2026-08-01 10:42:47,26.25,40.41,39.21,24.76,24.86,24.22,457.13,411.08,338.75,4119,100,,,,
1785581568446,2026-08-01 10:52:48,26.25,40.39,39.2,24.76,25.04,24.29,457.13,411.05,338.75,4121,100,,,,
1785582168926,2026-08-01 11:02:48,26.22,40.4,39.18,24.72,24.93,24.4,457.09,411.05,338.71,4120,100,,,,
1785582769409,2026-08-01 11:12:49,26.22,40.37,39.18,24.72,25.22,24.36,457.09,411.02,338.71,4117,100,,,,
1785583365818,2026-08-01 11:22:45,26.22,40.41,39.19,24.76,24.72,24.29,457.09,411.02,338.71,4118,100,-87.0,,,
1785593390687,2026-08-01 14:09:50,26.25,40.45,39.17,24.76,24.19,24.33,457.13,411.02,338.68,4118,100,,,,
1785593991169,2026-08-01 14:19:51,26.25,40.38,39.18,24.76,24.9,24.19,457.13,410.98,338.68,4116,100,,,,
1785594591647,2026-08-01 14:29:51,26.24,40.44,39.17,24.79,24.15,24.33,457.13,410.98,338.68,4119,100,,,,
1785595192127,2026-08-01 14:39:52,26.26,40.36,39.15,24.83,25.15,24.4,457.16,410.98,338.65,4122,100,,,,
1785595792607,2026-08-01 14:49:52,26.26,40.37,39.15,24.83,24.83,24.43,457.16,410.95,338.65,4119,100,,,,
1785596393084,2026-08-01 14:59:53,26.28,40.37,39.14,24.9,24.83,24.36,457.2,410.95,338.62,4120,100,,,,
1785596993566,2026-08-01 15:09:53,26.27,40.38,39.14,24.97,24.76,24.4,457.2,410.95,338.62,4116,100,,,,
1785597590286,2026-08-01 15:19:50,26.26,40.36,39.15,25.01,24.9,24.33,457.2,410.92,338.62,4119,100,-88.0,,,
1785607620368,2026-08-01 18:07:00,26.28,40.38,39.14,25.04,24.61,24.29,457.23,410.92,338.59,4120,100,,,,
1785608220845,2026-08-01 18:17:00,26.27,40.36,39.13,25.12,24.9,24.4,457.23,410.92,338.59,4115,100,,,,
1785608821325,2026-08-01 18:27:01,26.29,40.37,39.12,25.15,24.83,24.4,457.27,410.92,338.56,4125,100,,,,
1785609421806,2026-08-01 18:37:01,26.29,40.35,39.13,25.19,24.86,24.26,457.27,410.88,338.56,4117,100,,,,
1785610022285,2026-08-01 18:47:02,26.27,40.35,39.12,25.26,24.79,24.26,457.27,410.85,338.53,4118,100,,,,
1785610622769,2026-08-01 18:57:02,26.29,40.32,39.1,25.3,25.15,24.51,457.3,410.85,338.53,4117,100,,,,
1785611223249,2026-08-01 19:07:03,26.28,40.31,39.08,25.33,25.26,24.58,457.3,410.85,338.5,4119,100,,,,
1785611819969,2026-08-01 19:16:59,26.28,40.38,39.1,25.37,24.29,24.36,457.3,410.85,338.5,4116,100,-85.0,,,
1785621854286,2026-08-01 22:04:14,26.27,40.34,39.09,25.41,24.93,24.33,457.3,410.85,338.47,4118,100,,,,
1785622454765,2026-08-01 22:14:14,26.27,40.34,39.1,25.41,24.9,24.19,457.3,410.85,338.47,4117,100,,,,
1785623055247,2026-08-01 22:24:15,26.27,40.38,39.05,25.41,24.29,24.68,457.3,410.85,338.44,4118,100,,,,
1785623655727,2026-08-01 22:34:15,26.26,40.33,39.07,25.44,24.97,24.33,457.3,410.85,338.44,4118,100,,,,
1785624256206,2026-08-01 22:44:16,26.24,40.34,39.07,25.44,24.68,24.33,457.27,410.82,338.44,4115,100,,,,
1785624856687,2026-08-01 22:54:16,26.24,40.31,39.06,25.41,25.08,24.36,457.27,410.82,338.41,4121,100,,,,
1785625457168,2026-08-01 23:04:17,26.24,40.38,39.05,25.41,24.22,24.43,457.27,410.82,338.41,4117,100,,,,
1785626053887,2026-08-01 23:14:13,26.21,40.31,39.07,25.41,25.19,24.19,457.23,410.82,338.41,4117,100,-90.0,,,
1785636087977,2026-08-02 02:01:27,26.21,40.3,39.04,25.37,25.26,24.61,457.23,410.82,338.41,4118,100,,,,
1785636688446,2026-08-02 02:11:28,26.2,40.32,39.04,25.33,25.04,24.4,457.2,410.82,338.38,4115,100,,,,
1785637288926,2026-08-02 02:21:28,26.2,40.36,39.04,25.33,24.47,24.4,457.2,410.82,338.38,4121,100,,,,
1785637889406,2026-08-02 02:31:29,26.17,40.29,39.04,25.3,25.26,24.47,457.16,410.79,338.38,4120,100,,,,
1785638489886,2026-08-02 02:41:29,26.17,40.34,39.03,25.26,24.65,24.54,457.16,410.79,338.38,4121,100,,,,
1785639090374,2026-08-02 02:51:30,26.16,40.33,39.04,25.19,24.76,24.4,457.13,410.79,338.38,4118,100,,,,
1785639690848,2026-08-02 03:01:30,26.14,40.3,39.03,25.15,25.08,24.43,457.09,410.79,338.35,4116,100,,,,
1785640287484,2026-08-02 03:11:27,26.14,40.34,39.02,25.12,24.51,24.58,457.09,410.75,338.35,4116,100,-89.0,,,
1785650312288,2026-08-02 05:58:32,26.13,40.27,39.03,25.04,25.41,24.4,457.06,410.75,338.35,4117,100,,,,
1785650912767,2026-08-02 06:08:32,26.1,40.34,39.04,25.01,24.43,24.33,457.02,410.75,338.35,4119,100,,,,
1785651513248,2026-08-02 06:18:33,26.08,40.34,39.02,24.97,24.29,24.4,456.99,410.72,338.31,4118,100,,,,
1785652113728,2026-08-02 06:28:33,26.09,40.26,39.01,24.93,25.33,24.51,456.99,410.72,338.31,4117,100,,,,
1785652714206,2026-08-02 06:38:34,26.07,40.28,39.0,24.9,25.04,24.61,456.96,410.72,338.31,4119,100,,,,
1785653314686,2026-08-02 06:48:34,26.05,40.31,39.01,24.83,24.54,24.43,456.92,410.69,338.31,4127,100,,,,
1785653915167,2026-08-02 06:58:35,26.03,40.28,39.0,24.79,25.01,24.43,456.89,410.69,338.28,4120,100,,,,
1785654511887,2026-08-02 07:08:31,26.0,40.24,39.0,24.76,25.3,24.47,456.85,410.65,338.28,4119,100,-89.0,,,
1785664533413,2026-08-02 09:55:33,26.02,40.26,39.0,24.68,25.01,24.47,456.85,410.65,338.28,4122,100,,,,
1785665133818,2026-08-02 10:05:33,26.0,40.3,39.01,24.65,24.4,24.22,456.82,410.62,338.25,4120,100,,,,
1785665734298,2026-08-02 10:15:34,26.01,40.26,38.99,24.61,24.9,24.43,456.82,410.62,338.25,4123,100,,,,
1785666334806,2026-08-02 10:25:34,25.98,40.25,39.0,24.58,24.97,24.36,456.78,410.59,338.25,4117,100,,,,
1785666935256,2026-08-02 10:35:35,25.98,40.3,39.0,24.58,24.33,24.33,456.78,410.59,338.25,4118,100,,,,
1785667535736,2026-08-02 10:45:35,25.99,40.25,38.99,24.54,24.97,24.43,456.78,410.59,338.25,4118,100,,,,
1785668136457,2026-08-02 10:55:36,25.99,40.31,38.97,24.54,24.15,24.58,456.78,410.59,338.22,4119,100,,,,
1785668732927,2026-08-02 11:05:32,25.99,40.24,38.98,24.54,24.9,24.4,456.78,410.55,338.22,4114,100,-85.0,,,
1785678763337,2026-08-02 13:52:43,25.98,40.29,39.01,24.58,24.26,24.05,456.78,410.55,338.22,4118,100,,,,
1785679363816,2026-08-02 14:02:43,26.01,40.28,38.97,24.61,24.26,24.4,456.82,410.52,338.19,4117,100,,,,
1785679964471,2026-08-02 14:12:44,26.0,40.26,38.96,24.65,24.51,24.54,456.82,410.52,338.19,4116,100,,,,
1785680564805,2026-08-02 14:22:44,26.02,40.29,38.97,24.68,24.12,24.4,456.85,410.52,338.19,4122,100,,,,
1785681165254,2026-08-02 14:32:45,26.01,40.26,38.97,24.72,24.54,24.4,456.85,410.52,338.19,4117,100,,,,
1785681765789,2026-08-02 14:42:45,26.04,40.28,38.96,24.76,24.12,24.36,456.89,410.49,338.16,4120,100,,,,
1785682366214,2026-08-02 14:52:46,26.05,40.32,38.96,24.83,23.63,24.4,456.92,410.49,338.16,4116,100,,,,
1785682962858,2026-08-02 15:02:42,26.04,40.23,38.97,24.9,24.83,24.22,456.92,410.49,338.16,4119,100,-84.0,,,
1785692995490,2026-08-02 17:49:55,26.06,40.25,38.95,24.97,24.33,24.43,456.96,410.45,338.16,4116,100,,,,
1785693595968,2026-08-02 17:59:55,26.08,40.21,38.95,25.01,24.83,24.36,456.99,410.45,338.13,4117,100,,,,
1785694196603,2026-08-02 18:09:56,26.05,40.21,38.95,25.12,24.86,24.33,456.99,410.45,338.13,4123,100,,,,
1785694797023,2026-08-02 18:19:57,26.07,40.22,38.95,25.19,24.76,24.36,457.02,410.45,338.13,4122,100,,,,
1785695397408,2026-08-02 18:29:57,26.09,40.18,38.94,25.22,25.26,24.47,457.06,410.45,338.13,4119,100,,,,
1785695997900,2026-08-02 18:39:57,26.09,40.2,38.92,25.26,24.83,24.54,457.06,410.42,338.1,4118,100,,,,
1785696598368,2026-08-02 18:49:58,26.07,40.21,38.93,25.33,24.76,24.4,457.06,410.42,338.1,4119,100,,,,
1785697195091,2026-08-02 18:59:55,26.08,40.24,38.92,25.41,24.33,24.36,457.09,410.42,338.07,4118,100,-88.0,,,
1785707240846,2026-08-02 21:47:20,26.08,40.25,38.92,25.44,24.22,24.43,457.09,410.42,338.07,4117,100,,,,
1785707841328,2026-08-02 21:57:21,26.08,40.28,38.94,25.44,23.7,24.12,457.09,410.39,338.07,4119,100,,,,
1785708441804,2026-08-02 22:07:21,26.07,40.23,38.91,25.48,24.4,24.43,457.09,410.39,338.04,4119,100,,,,
1785709042284,2026-08-02 22:17:22,26.06,40.23,38.91,25.52,24.33,24.4,457.09,410.39,338.04,4118,100,,,,
1785709642766,2026-08-02 22:27:22,26.03,40.2,38.89,25.52,24.72,24.47,457.06,410.39,338.01,4118,100,,,,
1785710243246,2026-08-02 22:37:23,26.03,40.21,38.91,25.55,24.61,24.22,457.06,410.39,338.01,4119,100,,,,
1785710843730,2026-08-02 22:47:23,26.03,40.18,38.88,25.52,25.04,24.61,457.06,410.39,338.01,4116,100,,,,
1785711440447,2026-08-02 22:57:20,26.0,40.23,38.88,25.52,24.33,24.4,457.02,410.39,337.98,4116,100,-90.0,,,
1785721470045,2026-08-03 01:44:30,26.01,40.18,38.88,25.48,25.08,24.4,457.02,410.39,337.98,4117,100,,,,
1785722070748,2026-08-03 01:54:30,26.01,40.18,38.88,25.48,25.08,24.43,457.02,410.39,337.98,4118,100,,,,
1785722671152,2026-08-03 02:04:31,25.99,40.21,38.88,25.44,24.68,24.4,456.99,410.39,337.98,4119,100,,,,
1785723271485,2026-08-03 02:14:31,25.99,40.21,38.86,25.44,24.54,24.54,456.99,410.35,337.95,4119,100,,,,
1785723871970,2026-08-03 02:24:31,25.97,40.13,38.88,25.41,25.52,24.36,456.96,410.35,337.95,4118,100,,,,
1785724472446,2026-08-03 02:34:32,25.97,40.21,38.87,25.41,24.43,24.47,456.96,410.35,337.95,4116,100,,,,
1785725072927,2026-08-03 02:44:32,25.95,40.15,38.97,25.33,25.22,23.28,456.92,410.35,337.95,4116,100,,,,
1785725669648,2026-08-03 02:54:29,25.92,40.21,38.87,25.33,24.47,24.43,456.89,410.35,337.95,4119,100,-91.0,,,
1785735692128,2026-08-03 05:41:32,25.93,40.14,38.86,25.3,25.19,24.51,456.89,410.32,337.95,4119,100,,,,
1785736292604,2026-08-03 05:51:32,25.9,40.19,38.87,25.26,24.58,24.4,456.85,410.32,337.95,4114,100,,,,
1785736893088,2026-08-03 06:01:33,25.89,40.19,38.87,25.19,24.58,24.43,456.82,410.32,337.95,4120,100,,,,
1785737493568,2026-08-03 06:11:33,25.9,40.14,38.84,25.15,25.15,24.61,456.82,410.29,337.92,4122,100,,,,
1785738094048,2026-08-03 06:21:34,25.86,40.17,38.85,25.15,24.76,24.47,456.78,410.29,337.92,4119,100,,,,
1785738694527,2026-08-03 06:31:34,25.84,40.17,38.85,25.12,24.68,24.47,456.75,410.29,337.92,4119,100,,,,
1785739295008,2026-08-03 06:41:35,25.86,40.19,38.86,25.04,24.51,24.43,456.75,410.29,337.92,4119,100,,,,
1785739891647,2026-08-03 06:51:31,25.83,40.11,38.85,25.01,25.37,24.51,456.71,410.25,337.92,4120,100,-86.0,,,
1785749913408,2026-08-03 09:38:33,25.81,40.14,38.84,24.97,24.9,24.47,456.68,410.25,337.88,4121,100,,,,
1785750513893,2026-08-03 09:48:33,25.81,40.11,38.83,24.97,25.19,24.51,456.68,410.22,337.88,4122,100,,,,
1785751114385,2026-08-03 09:58:34,25.78,40.12,38.83,24.93,25.04,24.61,456.64,410.22,337.88,4123,100,,,,
1785751714850,2026-08-03 10:08:34,25.78,40.13,38.84,24.93,24.79,24.43,456.64,410.19,337.88,4120,100,,,,
1785752315331,2026-08-03 10:18:35,25.79,40.16,38.83,24.9,24.51,24.54,456.64,410.19,337.88,4116,100,,,,
1785752915809,2026-08-03 10:28:35,25.79,40.16,38.81,24.9,24.47,24.76,456.64,410.19,337.88,4119,100,,,,
1785753516530,2026-08-03 10:38:36,25.79,40.1,38.81,24.9,25.08,24.76,456.64,410.15,337.88,4116,100,,,,
1785754113010,2026-08-03 10:48:33,25.79,40.14,38.86,24.9,24.51,24.15,456.64,410.15,337.88,4120,100,-83.0,,,
1785764142129,2026-08-03 13:35:42,25.78,40.22,38.82,24.93,23.45,24.51,456.64,410.12,337.85,4120,100,,,,
1785764742627,2026-08-03 13:45:42,25.81,40.09,38.82,24.97,25.08,24.51,456.68,410.12,337.85,4118,100,,,,
1785765343086,2026-08-03 13:55:43,25.8,40.06,38.81,25.01,25.44,24.65,456.68,410.12,337.85,4120,100,,,,
1785765943569,2026-08-03 14:05:43,25.82,40.14,38.83,25.04,24.33,24.43,456.71,410.09,337.85,4126,100,,,,
1785766544045,2026-08-03 14:15:44,25.81,40.09,38.82,25.12,24.97,24.58,456.71,410.09,337.85,4120,100,,,,
1785767144528,2026-08-03 14:25:44,25.84,40.1,38.82,25.15,24.68,24.54,456.75,410.06,337.85,4117,100,,,,
1785767745010,2026-08-03 14:35:45,25.85,40.07,38.83,25.19,25.01,24.47,456.78,410.06,337.85,4117,100,,,,
1785768341730,2026-08-03 14:45:41,25.84,40.12,38.83,25.26,24.43,24.47,456.78,410.06,337.85,4120,100,-84.0,,,
1785778376290,2026-08-03 17:32:56,25.85,40.11,38.82,25.37,24.54,24.58,456.82,410.06,337.85,4115,100,,,,
1785778976766,2026-08-03 17:42:56,25.87,40.11,38.81,25.41,24.43,24.54,456.85,410.02,337.82,4117,100,,,,
1785779577247,2026-08-03 17:52:57,25.86,40.08,38.78,25.48,24.79,24.83,456.85,410.02,337.82,4118,100,,,,
1785780177732,2026-08-03 18:02:57,25.88,40.09,38.8,25.55,24.65,24.61,456.89,410.02,337.82,4117,100,,,,
1785780778454,2026-08-03 18:12:58,25.89,40.05,38.81,25.63,25.12,24.54,456.92,410.02,337.82,4118,100,,,,
1785781378832,2026-08-03 18:22:58,25.87,40.05,38.8,25.7,25.19,24.61,456.92,410.02,337.82,4117,100,,,,
1785781979277,2026-08-03 18:32:59,25.9,40.04,38.8,25.74,25.15,24.58,456.96,409.99,337.82,4117,100,,,,
1785782575889,2026-08-03 18:42:55,25.89,40.06,38.81,25.81,24.9,24.54,456.96,409.99,337.82,4121,100,-88.0,,,
1785792606607,2026-08-03 21:30:06,25.88,40.03,38.77,25.85,25.26,24.83,456.96,409.99,337.79,4118,100,,,,
1785793207085,2026-08-03 21:40:07,25.9,40.08,38.8,25.88,24.68,24.47,456.99,409.99,337.79,4119,100,,,,
1785793807577,2026-08-03 21:50:07,25.89,40.05,38.8,25.92,25.04,24.54,456.99,409.99,337.79,4122,100,,,,
1785794408047,2026-08-03 22:00:08,25.89,40.08,38.8,25.92,24.68,24.54,456.99,409.99,337.79,4120,100,,,,
1785795008528,2026-08-03 22:10:08,25.88,40.03,38.79,25.96,25.33,24.61,456.99,409.99,337.79,4123,100,,,,
1785795609007,2026-08-03 22:20:09,25.88,40.09,38.84,25.99,24.58,24.05,456.99,409.99,337.79,4116,100,,,,
1785796209486,2026-08-03 22:30:09,25.88,40.02,38.8,25.99,25.44,24.51,456.99,409.99,337.79,4119,100,,,,
1785796806211,2026-08-03 22:40:06,25.85,40.03,38.81,25.99,25.33,24.36,456.96,409.99,337.79,4117,100,-93.0,,,
1785806838208,2026-08-04 01:27:18,25.85,40.02,38.77,25.99,25.37,24.65,456.96,409.99,337.76,4119,100,,,,
1785807438695,2026-08-04 01:37:18,25.85,39.99,38.78,25.99,25.77,24.61,456.96,409.99,337.76,4118,100,,,,
1785808039169,2026-08-04 01:47:19,25.85,40.07,38.77,25.99,24.76,24.68,456.96,409.99,337.76,4119,100,,,,
1785808639648,2026-08-04 01:57:19,25.82,40.03,38.77,25.96,25.26,24.68,456.92,409.99,337.76,4119,100,,,,
1785809240126,2026-08-04 02:07:20,25.82,40.0,38.77,25.96,25.66,24.68,456.92,409.99,337.76,4119,100,,,,
1785809840608,2026-08-04 02:17:20,25.82,40.07,38.78,25.96,24.83,24.76,456.92,409.99,337.79,4116,100,,,,
1785810441088,2026-08-04 02:27:21,25.8,40.03,38.78,25.92,25.12,24.54,456.89,409.96,337.76,4117,100,,,,
1785811037811,2026-08-04 02:37:17,25.87,40.08,38.79,25.88,24.9,24.61,456.96,410.06,337.79,4119,100,-89.0,,,
1785821066128,2026-08-04 05:24:26,25.88,40.02,39.78,25.85,25.77,24.68,456.96,410.09,340.32,4117,100,,,,
1785821666607,2026-08-04 05:34:26,25.84,40.08,41.29,25.85,25.59,24.68,456.92,410.22,344.39,4117,100,,,,
1785822267089,2026-08-04 05:44:27,25.84,40.11,41.37,25.85,25.63,24.58,456.92,410.32,344.61,4119,100,,,,
1785822867568,2026-08-04 05:54:27,25.82,40.17,41.33,25.81,24.93,24.61,456.89,410.35,344.49,4118,100,,,,
1785823468463,2026-08-04 06:04:28,25.82,40.14,41.28,25.81,25.52,24.36,456.89,410.39,344.3,4117,100,,,,
1785824068811,2026-08-04 06:14:28,25.83,40.2,41.19,25.77,24.79,24.79,456.89,410.39,344.15,4119,100,,,,
1785824669174,2026-08-04 06:24:29,25.8,40.19,40.97,25.77,24.86,24.83,456.85,410.39,343.53,4120,100,,,,
1785825265656,2026-08-04 06:34:25,25.81,40.14,40.81,25.7,25.59,24.97,456.85,410.39,343.12,4120,100,-89.0,,,
1785835283095,2026-08-04 09:21:23,25.81,40.14,40.67,25.7,25.41,24.97,456.85,410.35,342.75,4120,100,,,,
1785835883577,2026-08-04 09:31:23,25.78,40.12,40.53,25.7,25.59,24.83,456.82,410.35,342.32,4121,100,,,,
1785836484048,2026-08-04 09:41:24,25.78,40.12,40.42,25.7,25.63,24.83,456.82,410.35,342.04,4118,100,,,,
1785837084536,2026-08-04 09:51:24,25.79,40.11,40.3,25.66,25.59,24.79,456.82,410.32,341.7,4121,100,,,,
1785837685012,2026-08-04 10:01:25,25.79,40.12,40.13,25.66,25.55,24.79,456.82,410.32,341.24,4116,100,,,,
1785838287184,2026-08-04 10:11:27,25.79,40.12,39.99,25.66,25.55,24.9,456.82,410.32,340.9,4121,100,,,,
1785838887185,2026-08-04 10:21:27,25.79,40.08,39.96,25.66,25.92,24.86,456.82,410.29,340.81,4118,100,,,,
1785839482372,2026-08-04 10:31:22,25.79,40.12,39.9,25.66,25.48,24.76,456.82,410.32,340.65,4118,100,-81.0,,,
1785849513405,2026-08-04 13:18:33,25.81,40.1,39.81,25.7,25.63,24.97,456.85,410.29,340.44,4119,100,,,,
1785850113886,2026-08-04 13:28:33,25.81,40.1,39.7,25.7,25.59,24.97,456.85,410.29,340.16,4120,100,,,,
1785850714373,2026-08-04 13:38:34,25.8,40.11,39.62,25.77,25.48,24.83,456.85,410.29,339.92,4116,100,,,,
1785851315086,2026-08-04 13:48:35,25.83,40.15,39.54,25.77,24.83,24.86,456.89,410.25,339.73,4117,100,,,,
1785851915567,2026-08-04 13:58:35,25.82,40.16,39.51,25.81,24.76,24.93,456.89,410.25,339.67,4117,100,,,,
1785852516068,2026-08-04 14:08:36,25.84,40.14,39.48,25.85,24.93,24.86,456.92,410.25,339.58,4118,100,,,,
1785853116529,2026-08-04 14:18:36,25.86,40.09,39.45,25.92,25.55,24.76,456.96,410.25,339.48,4119,100,,,,
1785853713005,2026-08-04 14:28:33,25.88,40.13,39.4,25.99,25.01,24.93,456.99,410.22,339.39,4119,100,-88.0,,,
1785863744210,2026-08-04 17:15:44,25.87,40.11,39.39,26.03,25.26,24.83,456.99,410.22,339.33,4120,100,,,,
1785864344692,2026-08-04 17:25:44,25.88,40.08,39.35,26.11,25.63,25.01,457.02,410.22,339.27,4117,100,,,,
1785864945169,2026-08-04 17:35:45,25.9,40.13,39.34,26.18,25.01,24.83,457.06,410.22,339.21,4126,100,,,,
1785865545650,2026-08-04 17:45:45,25.91,40.11,39.33,26.25,25.19,24.76,457.09,410.22,339.18,4124,100,,,,
1785866146139,2026-08-04 17:55:46,25.94,40.13,39.32,26.29,25.01,24.54,457.13,410.22,339.11,4121,100,,,,
1785866746609,2026-08-04 18:05:46,25.92,40.07,39.28,26.37,25.77,24.93,457.13,410.22,339.08,4116,100,,,,
1785867347088,2026-08-04 18:15:47,25.94,40.08,39.27,26.4,25.63,24.93,457.16,410.22,339.05,4116,100,,,,
1785867943737,2026-08-04 18:25:43,25.93,40.04,39.24,26.44,26.14,24.97,457.16,410.22,338.99,4119,100,-89.0,,,
1785877973885,2026-08-04 21:12:53,25.95,40.12,39.24,26.52,25.08,24.83,457.2,410.22,338.96,4121,100,,,,
1785878574365,2026-08-04 21:22:54,25.95,40.1,39.21,26.55,25.37,24.97,457.2,410.22,338.9,4117,100,,,,
1785879174845,2026-08-04 21:32:54,25.96,40.13,39.19,26.59,25.12,25.01,457.23,410.25,338.87,4121,100,,,,
1785879775328,2026-08-04 21:42:55,25.96,40.07,39.17,26.59,25.81,25.12,457.23,410.25,338.84,4120,100,,,,
1785880375805,2026-08-04 21:52:55,25.96,40.04,39.14,26.63,26.18,25.33,457.23,410.25,338.81,4118,100,,,,
1785880976282,2026-08-04 22:02:56,25.96,40.12,39.15,26.63,25.22,25.01,457.23,410.25,338.78,4119,100,,,,
1785881576765,2026-08-04 22:12:56,25.95,40.06,39.15,26.67,25.99,25.08,457.23,410.25,338.78,4121,100,,,,
1785882173486,2026-08-04 22:22:53,25.95,40.09,39.15,26.67,25.55,24.97,457.23,410.25,338.75,4118,100,-91.0,,,
1785892202447,2026-08-05 01:10:02,25.96,40.04,39.12,26.63,26.37,25.12,457.23,410.29,338.71,4119,100,,,,
1785892802926,2026-08-05 01:20:02,25.96,40.07,39.12,26.63,26.03,25.12,457.23,410.29,338.71,4120,100,,,,
1785893403405,2026-08-05 01:30:03,25.96,40.07,39.12,26.63,25.99,25.12,457.23,410.29,338.71,4118,100,,,,
1785894003885,2026-08-05 01:40:03,25.96,40.07,39.1,26.59,26.03,25.22,457.23,410.29,338.68,4117,100,,,,
1785894604366,2026-08-05 01:50:04,25.94,40.12,39.1,26.59,25.41,25.15,457.2,410.29,338.68,4116,100,,,,
1785895204846,2026-08-05 02:00:04,25.94,40.08,39.1,26.59,25.88,25.15,457.2,410.29,338.68,4118,100,,,,
1785895805324,2026-08-05 02:10:05,25.94,40.07,39.09,26.59,25.96,25.19,457.2,410.29,338.65,4119,100,,,,
1785896402045,2026-08-05 02:20:02,25.95,40.1,39.09,26.55,25.59,25.19,457.2,410.29,338.65,4119,100,-90.0,,,
1785906435094,2026-08-05 05:07:15,25.92,40.11,39.12,26.52,25.52,24.76,457.16,410.29,338.65,4120,100,,,,
1785907035566,2026-08-05 05:17:15,25.93,40.1,39.09,26.48,25.59,25.19,457.16,410.29,338.65,4116,100,,,,
1785907636098,2026-08-05 05:27:16,25.9,40.07,39.08,26.48,26.07,25.08,457.13,410.29,338.62,4118,100,,,,
1785908236527,2026-08-05 05:37:16,25.9,40.06,39.12,26.48,26.14,24.68,457.13,410.29,338.62,4117,100,,,,
1785908837007,2026-08-05 05:47:17,25.91,40.06,39.07,26.44,26.14,25.26,457.13,410.29,338.62,4115,100,,,,
1785909437486,2026-08-05 05:57:17,25.88,40.11,39.05,26.4,25.48,25.41,457.09,410.29,338.59,4115,100,,,,
1785910037969,2026-08-05 06:07:17,25.89,40.06,39.05,26.37,26.14,25.41,457.09,410.29,338.59,4120,100,,,,
1785910634609,2026-08-05 06:17:14,25.87,40.05,39.05,26.33,26.29,25.33,457.06,410.29,338.59,4125,100,-90.0,,,
1785920653338,2026-08-05 09:04:13,25.87,40.1,39.03,26.33,25.63,25.48,457.06,410.29,338.56,4121,100,,,,
1785921253815,2026-08-05 09:14:13,25.84,40.06,39.04,26.29,26.18,25.3,457.02,410.29,338.56,4120,100,,,,
1785921854287,2026-08-05 09:24:14,25.84,40.06,39.04,26.29,26.14,25.3,457.02,410.29,338.56,4121,100,,,,
1785922454768,2026-08-05 09:34:14,25.85,40.1,39.13,26.22,25.59,24.15,457.02,410.29,338.53,4118,100,,,,
1785923055253,2026-08-05 09:44:15,25.85,40.04,39.01,26.22,26.29,25.55,457.02,410.25,338.53,4119,100,,,,
1785923655735,2026-08-05 09:54:15,25.84,40.11,39.03,26.18,25.33,25.26,456.99,410.25,338.53,4120,100,,,,
1785924256214,2026-08-05 10:04:16,25.84,40.1,38.99,26.18,25.41,25.59,456.99,410.25,338.5,4118,100,,,,
1785924852857,2026-08-05 10:14:12,25.85,40.04,39.02,26.22,26.29,25.33,457.02,410.25,338.5,4123,100,-86.0,,,
1785934888368,2026-08-05 13:01:28,25.83,40.03,39.05,26.22,26.25,24.93,456.99,410.22,338.5,4119,100,,,,
1785935488845,2026-08-05 13:11:28,25.85,40.07,39.04,26.22,25.7,25.04,457.02,410.22,338.5,4119,100,,,,
1785936089328,2026-08-05 13:21:29,25.85,40.04,39.02,26.25,26.14,25.33,457.02,410.22,338.5,4120,100,,,,
1785936689806,2026-08-05 13:31:29,25.84,40.04,39.03,26.29,26.07,25.19,457.02,410.22,338.5,4120,100,,,,
1785937290303,2026-08-05 13:41:30,25.82,40.03,39.06,26.37,26.22,24.61,457.02,410.22,338.47,4119,100,,,,
1785937890766,2026-08-05 13:51:30,25.86,40.02,39.01,26.37,26.29,25.3,457.06,410.19,338.47,4119,100,,,,
1785938491256,2026-08-05 14:01:31,25.88,40.03,39.04,26.4,26.18,24.9,457.09,410.19,338.47,4116,100,,,,
1785939087964,2026-08-05 14:11:27,25.86,40.08,39.0,26.48,25.52,25.33,457.09,410.19,338.47,4122,100,-82.0,,,
1785949121338,2026-08-05 16:58:41,25.89,40.06,39.0,26.52,25.7,25.41,457.13,410.19,338.47,4119,100,,,,
1785949721808,2026-08-05 17:08:41,25.89,40.02,38.98,26.52,26.22,25.44,457.13,410.19,338.44,4116,100,,,,
1785950322288,2026-08-05 17:18:42,25.9,40.02,39.02,26.59,26.22,25.04,457.16,410.19,338.44,4121,100,,,,
1785950922777,2026-08-05 17:28:42,25.89,40.03,38.99,26.67,26.18,25.41,457.16,410.19,338.44,4117,100,,,,
1785951523258,2026-08-05 17:38:43,25.88,40.0,38.98,26.71,26.52,25.52,457.16,410.19,338.44,4116,100,,,,
1785952123728,2026-08-05 17:48:43,25.88,40.01,38.97,26.71,26.22,25.41,457.16,410.15,338.41,4116,100,,,,
1785952724210,2026-08-05 17:58:44,25.86,40.06,38.97,26.78,25.63,25.44,457.16,410.15,338.41,4117,100,,,,
1785953320858,2026-08-05 18:08:40,25.86,40.0,38.99,26.82,26.37,25.19,457.16,410.15,338.41,4121,100,-89.0,,,
1785963354296,2026-08-05 20:55:54,25.86,40.06,38.96,26.82,25.59,25.44,457.16,410.15,338.38,4119,100,,,,
1785963954783,2026-08-05 21:05:54,25.85,40.0,38.96,26.86,26.37,25.44,457.16,410.15,338.38,4119,100,,,,
1785964555254,2026-08-05 21:15:55,25.84,40.1,38.98,26.89,25.12,25.04,457.16,410.15,338.35,4118,100,,,,
1785965155809,2026-08-05 21:25:55,25.84,40.13,38.95,26.89,24.65,25.37,457.16,410.15,338.35,4117,100,,,,
1785965757746,2026-08-05 21:35:57,25.84,39.96,38.97,26.89,26.78,25.15,457.16,410.15,338.35,4120,100,,,,
1785966358310,2026-08-05 21:45:58,25.85,40.0,38.93,26.86,26.37,25.63,457.16,410.15,338.35,4119,100,,,,
1785966959250,2026-08-05 21:55:59,25.84,39.99,38.91,26.89,26.4,25.7,457.16,410.12,338.31,4120,100,,,,
1785967553823,2026-08-05 22:05:53,25.81,40.05,38.92,26.89,25.63,25.55,457.13,410.12,338.31,4119,100,-87.0,,,
1785977586688,2026-08-06 00:53:06,25.82,40.03,38.94,26.86,25.85,25.37,457.13,410.12,338.31,4121,100,,,,
1785978187170,2026-08-06 01:03:07,25.79,40.0,38.88,26.82,26.25,25.85,457.09,410.12,338.28,4122,100,,,,
1785978787650,2026-08-06 01:13:07,25.79,39.98,38.9,26.82,26.44,25.66,457.09,410.12,338.28,4118,100,,,,
1785979388370,2026-08-06 01:23:08,25.8,40.03,38.91,26.78,25.81,25.55,457.09,410.12,338.28,4118,100,,,,
1785979989088,2026-08-06 01:33:09,25.78,40.02,39.01,26.74,25.99,24.33,457.06,410.12,338.28,4117,100,,,,
1785980589573,2026-08-06 01:43:09,25.78,39.98,38.91,26.74,26.52,25.55,457.06,410.12,338.28,4121,100,,,,
1785981190051,2026-08-06 01:53:10,25.79,39.98,38.9,26.71,26.48,25.55,457.06,410.12,338.25,4117,100,,,,
1785981786408,2026-08-06 02:03:06,25.75,39.97,38.9,26.71,26.55,25.52,457.02,410.12,338.25,4119,100,-89.0,,,
1785991811008,2026-08-06 04:50:11,25.76,39.98,38.89,26.67,26.52,25.63,457.02,410.12,338.25,4119,100,,,,
1785992411489,2026-08-06 05:00:11,25.74,39.96,38.88,26.63,26.59,25.74,456.99,410.09,338.25,4121,100,,,,
1785993012060,2026-08-06 05:10:12,25.75,40.03,38.89,26.59,25.7,25.63,456.99,410.09,338.25,4118,100,,,,
1785993612456,2026-08-06 05:20:12,25.73,40.02,38.9,26.55,25.85,25.55,456.96,410.09,338.25,4118,100,,,,
1785994212928,2026-08-06 05:30:12,25.74,40.01,38.89,26.52,25.92,25.63,456.96,410.09,338.25,4123,100,,,,
1785994813553,2026-08-06 05:40:13,25.7,39.97,38.89,26.52,26.52,25.52,456.92,410.09,338.22,4115,100,,,,
1785995413967,2026-08-06 05:50:13,25.71,40.02,38.87,26.48,25.85,25.7,456.92,410.09,338.22,4118,100,,,,
1785996010615,2026-08-06 06:00:10,25.7,39.96,38.87,26.4,26.59,25.7,456.89,410.09,338.22,4118,100,-89.0,,,
1786006030770,2026-08-06 08:47:10,25.7,39.93,38.9,26.4,26.86,25.37,456.89,410.06,338.22,4120,100,,,,
1786006631250,2026-08-06 08:57:11,25.67,39.97,38.87,26.37,26.37,25.7,456.85,410.06,338.22,4123,100,,,,
1786007231730,2026-08-06 09:07:11,25.66,39.95,38.88,26.33,26.55,25.63,456.82,410.06,338.22,4119,100,,,,
1786007832219,2026-08-06 09:17:12,25.66,39.99,38.87,26.29,26.07,25.7,456.82,410.06,338.22,4118,100,,,,
1786008432691,2026-08-06 09:27:12,25.68,40.06,38.87,26.22,25.22,25.63,456.82,410.06,338.19,4123,100,,,,
1786009033169,2026-08-06 09:37:13,25.64,39.96,38.86,26.22,26.29,25.74,456.78,410.02,338.19,4119,100,,,,
1786009633728,2026-08-06 09:47:13,25.65,39.95,38.85,26.18,26.48,25.77,456.78,410.02,338.19,4117,100,,,,
1786010230051,2026-08-06 09:57:10,25.62,39.94,38.9,26.18,26.44,25.26,456.75,409.99,338.19,4118,100,-88.0,,,
1786020259744,2026-08-06 12:44:19,25.63,39.97,38.87,26.14,26.03,25.59,456.75,409.99,338.19,4122,100,,,,
1786020860215,2026-08-06 12:54:20,25.63,39.94,38.87,26.14,26.48,25.63,456.75,409.99,338.19,4121,100,,,,
1786021460686,2026-08-06 13:04:20,25.63,39.97,38.86,26.14,26.03,25.7,456.75,409.99,338.19,4119,100,,,,
1786022061406,2026-08-06 13:14:21,25.63,39.96,38.86,26.14,26.03,25.7,456.75,409.96,338.19,4123,100,,,,
1786022661915,2026-08-06 13:24:21,25.63,39.91,38.84,26.14,26.74,25.96,456.75,409.96,338.19,4116,100,,,,
1786023262368,2026-08-06 13:34:22,25.59,39.92,38.85,26.18,26.37,25.74,456.71,409.92,338.16,4115,100,,,,
1786023862850,2026-08-06 13:44:22,25.62,39.9,38.89,26.18,26.59,25.26,456.75,409.92,338.16,4117,100,,,,
1786024459327,2026-08-06 13:54:19,25.62,39.92,38.83,26.18,26.37,25.92,456.75,409.92,338.16,4122,100,-82.0,,,
1786034495516,2026-08-06 16:41:35,25.62,39.92,38.88,26.22,26.33,25.33,456.75,409.89,338.16,4120,100,,,,
1786035096001,2026-08-06 16:51:36,25.62,39.91,38.84,26.22,26.44,25.81,456.75,409.89,338.16,4120,100,,,,
1786035696473,2026-08-06 17:01:36,25.61,39.94,38.85,26.25,25.92,25.66,456.75,409.86,338.16,4116,100,,,,
1786036296962,2026-08-06 17:11:36,25.6,39.89,38.85,26.29,26.52,25.74,456.75,409.86,338.16,4120,100,,,,
1786036897514,2026-08-06 17:21:37,25.6,39.95,38.84,26.29,25.77,25.77,456.75,409.86,338.16,4120,100,,,,
1786037498233,2026-08-06 17:31:38,25.6,39.93,38.84,26.29,25.92,25.77,456.75,409.82,338.16,4117,100,,,,
1786038099249,2026-08-06 17:41:39,25.59,39.92,38.83,26.33,25.99,25.77,456.75,409.82,338.13,4123,100,,,,
1786038695038,2026-08-06 17:51:35,25.59,39.93,38.83,26.37,25.77,25.77,456.75,409.79,338.13,4117,100,,,,
1786048734765,2026-08-06 20:38:54,25.59,39.93,38.85,26.37,25.7,25.59,456.75,409.79,338.13,4122,100,,,,
1786049335249,2026-08-06 20:48:55,25.59,39.94,38.82,26.37,25.63,25.77,456.75,409.79,338.1,4119,100,,,,
1786049935728,2026-08-06 20:58:55,25.54,39.88,38.82,26.4,26.29,25.74,456.71,409.76,338.1,4119,100,,,,
1786050536231,2026-08-06 21:08:56,25.54,39.85,38.82,26.4,26.63,25.77,456.71,409.76,338.1,4117,100,,,,
1786051138128,2026-08-06 21:18:58,25.54,39.98,38.82,26.4,24.76,25.74,456.71,409.72,338.1,4119,100,,,,
1786051738612,2026-08-06 21:28:58,25.52,39.85,38.82,26.4,26.4,25.66,456.68,409.72,338.07,4115,100,,,,
1786052339088,2026-08-06 21:38:59,25.52,39.85,38.81,26.37,26.48,25.77,456.68,409.72,338.07,4118,100,,,,
1786052934289,2026-08-06 21:48:54,25.49,39.87,38.81,26.37,26.11,25.77,456.64,409.69,338.07,4117,100,-89.0,,,
1786062962366,2026-08-07 00:36:02,25.5,39.89,38.79,26.33,25.81,25.81,456.64,409.69,338.04,4119,100,,,,
1786063562863,2026-08-07 00:46:02,25.48,39.82,38.8,26.29,26.55,25.7,456.61,409.66,338.04,4116,100,,,,
1786064163808,2026-08-07 00:56:03,25.48,39.81,38.79,26.29,26.67,25.85,456.61,409.66,338.04,4118,100,,,,
1786064764526,2026-08-07 01:06:04,25.45,39.83,38.79,26.25,26.48,25.77,456.57,409.66,338.04,4119,100,,,,
1786065365008,2026-08-07 01:16:05,25.46,39.85,38.8,26.22,26.03,25.7,456.57,409.62,338.04,4118,100,,,,
1786065965487,2026-08-07 01:26:05,25.44,39.85,38.78,26.18,26.07,25.77,456.54,409.62,338.01,4120,100,,,,
1786066565976,2026-08-07 01:36:05,25.41,39.82,38.78,26.14,26.37,25.85,456.5,409.62,338.01,4120,100,,,,
1786067161888,2026-08-07 01:46:01,25.39,39.81,38.78,26.11,26.44,25.77,456.47,409.59,338.01,4122,100,-87.0,,,
1786077191790,2026-08-07 04:33:11,25.41,39.8,38.77,26.03,26.52,25.92,456.47,409.59,338.01,4118,100,,,,
1786077792217,2026-08-07 04:43:12,25.39,39.8,38.77,25.99,26.48,25.77,456.44,409.56,337.98,4116,100,,,,
1786078392885,2026-08-07 04:53:12,25.37,39.86,38.78,25.92,25.66,25.66,456.4,409.56,337.98,4119,100,,,,
1786078993234,2026-08-07 05:03:13,25.34,39.78,38.77,25.92,26.55,25.81,456.37,409.52,337.98,4116,100,,,,
1786079593803,2026-08-07 05:13:13,25.36,39.81,38.77,25.85,26.11,25.74,456.37,409.52,337.98,4118,100,,,,
1786080194262,2026-08-07 05:23:14,25.34,39.82,38.75,25.77,25.92,25.81,456.33,409.49,337.95,4119,100,,,,
1786080794648,2026-08-07 05:33:14,25.32,39.77,38.76,25.74,26.48,25.77,456.3,409.49,337.95,4118,100,,,,
1786081391249,2026-08-07 05:43:11,25.29,39.78,38.76,25.7,26.4,25.77,456.26,409.49,337.95,4124,100,-85.0,,,
1786091415727,2026-08-07 08:30:15,25.28,39.77,38.74,25.63,26.44,25.92,456.23,409.46,337.95,4117,100,,,,
1786092016218,2026-08-07 08:40:16,25.28,39.77,38.76,25.59,26.37,25.77,456.23,409.46,337.95,4122,100,,,,
1786092616685,2026-08-07 08:50:16,25.26,39.82,38.73,25.55,25.63,25.92,456.19,409.43,337.92,4122,100,,,,
1786093217176,2026-08-07 09:00:17,25.26,39.8,38.73,25.52,25.92,25.92,456.19,409.43,337.92,4118,100,,,,
1786093817729,2026-08-07 09:10:17,25.24,39.83,38.75,25.52,25.55,25.7,456.16,409.43,337.92,4117,100,,,,
1786094418206,2026-08-07 09:20:18,25.25,39.75,38.74,25.44,26.29,25.85,456.16,409.39,337.92,4120,100,,,,
1786095018689,2026-08-07 09:30:18,25.22,39.71,38.73,25.41,26.67,25.7,456.12,409.36,337.88,4120,100,,,,
1786095615328,2026-08-07 09:40:15,25.22,39.75,38.73,25.41,26.29,25.77,456.12,409.36,337.88,4119,100,-88.0,,,
1786105642528,2026-08-07 12:27:22,25.23,39.73,38.76,25.37,26.48,25.41,456.12,409.36,337.88,4121,100,,,,
1786106243253,2026-08-07 12:37:23,25.21,39.77,38.73,25.33,25.81,25.77,456.09,409.33,337.88,4118,100,,,,
1786106843736,2026-08-07 12:47:23,25.21,39.74,38.73,25.33,26.22,25.77,456.09,409.33,337.88,4119,100,,,,
1786107444211,2026-08-07 12:57:24,25.18,39.73,38.72,25.3,26.25,25.74,456.05,409.29,337.85,4125,100,,,,
1786108044691,2026-08-07 13:07:24,25.18,39.72,38.71,25.3,26.22,25.81,456.05,409.26,337.85,4120,100,,,,
1786108645170,2026-08-07 13:17:25,25.18,39.72,38.72,25.33,26.14,25.7,456.05,409.26,337.85,4121,100,,,,
1786109245648,2026-08-07 13:27:25,25.18,39.71,38.69,25.3,26.18,26.07,456.05,409.23,337.85,4122,100,,,,
1786109842048,2026-08-07 13:37:22,25.18,39.77,38.72,25.3,25.41,25.63,456.05,409.23,337.82,4124,100,-86.0,,,
1786119873565,2026-08-07 16:24:33,25.15,39.76,38.72,25.33,25.44,25.55,456.02,409.19,337.82,4117,100,,,,
1786120474048,2026-08-07 16:34:34,25.16,39.7,38.75,25.3,26.14,25.26,456.02,409.19,337.82,4119,100,,,,
1786121074528,2026-08-07 16:44:34,25.17,39.75,38.7,25.26,25.37,25.88,456.02,409.16,337.82,4120,100,,,,
1786121675010,2026-08-07 16:54:35,25.17,39.7,38.7,25.26,26.07,25.63,456.02,409.16,337.79,4119,100,,,,
1786122275488,2026-08-07 17:04:35,25.16,39.68,38.7,25.3,26.18,25.7,456.02,409.13,337.79,4119,100,,,,
1786122875968,2026-08-07 17:14:35,25.16,39.72,38.69,25.3,25.48,25.81,456.02,409.09,337.79,4122,100,,,,
1786123476451,2026-08-07 17:24:36,25.15,39.68,38.69,25.33,26.03,25.63,456.02,409.09,337.76,4120,100,,,,
1786124073087,2026-08-07 17:34:33,25.15,39.72,38.7,25.33,25.41,25.55,456.02,409.06,337.76,4118,100,-85.0,-114.0,-14.0,-0.6000004
1786134109568,2026-08-07 20:21:49,25.13,39.7,38.69,25.33,25.59,25.63,455.99,409.06,337.76,4120,100,,,,
1786134710047,2026-08-07 20:31:50,25.13,39.69,38.68,25.3,25.59,25.59,455.99,409.03,337.73,4119,100,,,,
1786135310528,2026-08-07 20:41:50,25.13,39.65,38.67,25.33,26.11,25.77,455.99,409.03,337.73,4118,100,,,,
1786135911009,2026-08-07 20:51:51,25.13,39.7,38.68,25.33,25.33,25.63,455.99,408.99,337.73,4117,100,,,,
1786136511487,2026-08-07 21:01:51,25.13,39.65,38.69,25.33,25.92,25.55,455.99,408.99,337.73,4118,100,,,,
1786137111978,2026-08-07 21:11:51,25.13,39.65,38.77,25.33,25.99,24.4,455.99,408.99,337.7,4116,100,,,,
1786137712687,2026-08-07 21:21:52,25.09,39.68,38.67,25.33,25.41,25.63,455.95,408.96,337.7,4119,100,,,,
1786138308854,2026-08-07 21:31:48,25.1,39.63,38.68,25.3,26.07,25.52,455.95,408.96,337.7,4121,100,-89.0,,,
1786148348405,2026-08-08 00:19:08,25.1,39.68,38.67,25.26,25.33,25.44,455.95,408.93,337.67,4118,100,,,,
1786148948786,2026-08-08 00:29:08,25.1,39.69,38.65,25.3,25.19,25.74,455.95,408.93,337.67,4117,100,,,,
1786149549251,2026-08-08 00:39:09,25.08,39.61,38.67,25.26,26.14,25.41,455.92,408.93,337.67,4120,100,,,,
1786150149802,2026-08-08 00:49:09,25.08,39.64,38.62,25.26,25.66,25.85,455.92,408.9,337.64,4117,100,,,,
1786150750300,2026-08-08 00:59:10,25.06,39.62,38.65,25.19,25.92,25.55,455.88,408.9,337.64,4118,100,,,,
1786151351034,2026-08-08 01:09:11,25.06,39.68,38.64,25.19,25.19,25.63,455.88,408.9,337.64,4120,100,,,,
1786151951496,2026-08-08 01:19:11,25.03,39.6,38.65,25.19,25.99,25.52,455.85,408.86,337.64,4119,100,,,,
1786152547808,2026-08-08 01:29:07,25.04,39.61,38.63,25.15,25.85,25.59,455.85,408.86,337.61,4117,100,-89.0,,,
1786157923018,2026-08-08 02:58:43,25.01,39.59,38.63,25.12,26.07,25.66,455.81,408.83,337.61,4118,100,,,,
1786158523490,2026-08-08 03:08:43,25.03,39.65,38.62,25.04,25.26,25.81,455.81,408.83,337.61,4118,100,,,,
1786159123969,2026-08-08 03:18:43,25.0,39.64,38.63,25.04,25.33,25.55,455.78,408.8,337.58,4116,100,,,,
1786159722607,2026-08-08 03:28:42,25.01,39.64,38.62,24.97,25.33,25.63,455.78,408.8,337.58,4118,100,-87.0,,,
1786169743978,2026-08-08 06:15:43,24.98,39.59,38.63,24.97,25.92,25.48,455.74,408.8,337.58,4117,100,,,,
1786170344447,2026-08-08 06:25:44,24.96,39.57,38.61,24.93,26.03,25.59,455.71,408.76,337.55,4120,100,,,,
1786170945180,2026-08-08 06:35:45,24.97,39.6,38.61,24.9,25.66,25.59,455.71,408.76,337.55,4117,100,,,,
1786171545647,2026-08-08 06:45:45,24.94,39.61,38.58,24.83,25.33,25.74,455.67,408.73,337.52,4118,100,,,,
1786172146136,2026-08-08 06:55:46,24.92,39.6,38.6,24.83,25.52,25.52,455.64,408.73,337.52,4119,100,,,,
1786172746609,2026-08-08 07:05:46,24.93,39.57,38.61,24.76,25.77,25.48,455.64,408.7,337.52,4126,100,,,,
1786173347095,2026-08-08 07:15:47,24.9,39.55,38.6,24.72,25.96,25.44,455.6,408.7,337.49,4117,100,,,,
1786173943568,2026-08-08 07:25:43,24.91,39.56,38.6,24.68,25.74,25.37,455.6,408.66,337.49,4120,100,-88.0,,,
1786183966133,2026-08-08 10:12:46,24.89,39.56,38.59,24.65,25.74,25.48,455.57,408.66,337.49,4121,100,,,,
1786184566606,2026-08-08 10:22:46,24.9,39.54,38.58,24.61,25.85,25.48,455.57,408.63,337.45,4126,100,,,,
1786185167328,2026-08-08 10:32:47,24.87,39.54,38.58,24.61,25.74,25.44,455.54,408.6,337.45,4120,100,,,,
1786185768287,2026-08-08 10:42:48,24.88,39.56,38.56,24.58,25.52,25.66,455.54,408.6,337.45,4117,100,,,,
1786186368764,2026-08-08 10:52:48,24.84,39.59,38.58,24.58,24.9,25.41,455.5,408.56,337.45,4123,100,,,,
1786186969485,2026-08-08 11:02:49,24.85,39.53,38.59,24.54,25.7,25.3,455.5,408.56,337.45,4117,100,,,,
1786187569968,2026-08-08 11:12:49,24.87,39.53,38.57,24.61,25.7,25.48,455.54,408.56,337.42,4119,100,,,,
1786188165665,2026-08-08 11:22:45,24.87,39.58,38.57,24.61,24.93,25.41,455.54,408.53,337.42,4120,100,-86.0,,,
1786198187568,2026-08-08 14:09:47,24.87,39.52,38.57,24.65,25.66,25.44,455.54,408.53,337.42,4119,100,,,,
1786198788055,2026-08-08 14:19:48,24.89,39.55,38.58,24.68,25.22,25.33,455.57,408.5,337.42,4122,100,,,,
1786199388528,2026-08-08 14:29:48,24.88,39.54,38.58,24.72,25.26,25.37,455.57,408.5,337.42,4119,100,,,,
1786199989010,2026-08-08 14:39:49,24.9,39.53,38.57,24.76,25.41,25.48,455.6,408.5,337.42,4124,100,,,,
1786200589491,2026-08-08 14:49:49,24.92,39.51,38.57,24.83,25.63,25.41,455.64,408.5,337.42,4122,100,,,,
1786201190124,2026-08-08 14:59:50,24.94,39.48,38.57,24.86,25.85,25.33,455.67,408.46,337.39,4118,100,,,,
1786201790529,2026-08-08 15:09:50,24.95,39.52,38.57,24.97,25.37,25.26,455.71,408.46,337.39,4118,100,,,,
1786202387098,2026-08-08 15:19:47,24.94,39.56,38.57,25.04,24.93,25.3,455.71,408.46,337.39,4115,100,-87.0,,,
1786212423489,2026-08-08 18:07:03,24.95,39.5,38.57,25.12,25.66,25.3,455.74,408.46,337.39,4117,100,,,,
1786213023974,2026-08-08 18:17:03,24.97,39.49,38.55,25.19,25.63,25.41,455.78,408.43,337.36,4125,100,,,,
1786213624455,2026-08-08 18:27:04,24.98,39.56,38.56,25.26,24.76,25.3,455.81,408.43,337.36,4122,100,,,,
1786214224928,2026-08-08 18:37:04,24.97,39.52,38.56,25.33,25.22,25.26,455.81,408.43,337.36,4117,100,,,,
1786214825408,2026-08-08 18:47:05,24.99,39.53,38.56,25.37,25.04,25.26,455.85,408.4,337.36,4115,100,,,,
1786215426127,2026-08-08 18:57:06,25.01,39.48,38.54,25.44,25.59,25.48,455.88,408.4,337.36,4120,100,,,,
1786216026607,2026-08-08 19:07:06,25.0,39.46,38.56,25.48,25.85,25.26,455.88,408.4,337.36,4120,100,,,,
1786216623092,2026-08-08 19:17:03,24.98,39.46,38.54,25.55,25.85,25.33,455.88,408.4,337.33,4117,100,-84.0,,,
1786226684689,2026-08-08 22:04:44,25.01,39.49,38.55,25.59,25.55,25.22,455.92,408.4,337.33,4117,100,,,,
1786227285182,2026-08-08 22:14:45,25.01,39.53,38.55,25.59,24.97,25.22,455.92,408.4,337.33,4120,100,,,,
1786227885814,2026-08-08 22:24:45,25.0,39.54,38.57,25.63,24.9,25.01,455.92,408.4,337.33,4118,100,,,,
1786228487089,2026-08-08 22:34:47,25.0,39.46,38.53,25.66,25.81,25.3,455.92,408.4,337.3,4118,100,,,,
1786229087727,2026-08-08 22:44:47,25.0,39.47,38.54,25.66,25.77,25.26,455.92,408.4,337.3,4116,100,,,,
1786229688696,2026-08-08 22:54:48,25.0,39.46,38.53,25.66,25.85,25.33,455.92,408.4,337.3,4119,100,,,,
1786230290688,2026-08-08 23:04:50,24.97,39.52,38.55,25.63,25.08,25.08,455.88,408.4,337.3,4120,100,,,,
1786230884289,2026-08-08 23:14:44,24.97,39.47,38.53,25.63,25.77,25.19,455.88,408.4,337.27,4119,100,-89.0,,,
1786240921326,2026-08-09 02:02:01,24.94,39.45,38.56,25.63,25.88,24.83,455.85,408.37,337.27,4118,100,,,,
1786241521805,2026-08-09 02:12:01,24.94,39.45,38.52,25.63,25.85,25.26,455.85,408.37,337.27,4119,100,,,,
1786242122296,2026-08-09 02:22:02,24.91,39.46,38.52,25.59,25.77,25.26,455.81,408.37,337.27,4117,100,,,,
1786242722772,2026-08-09 02:32:02,24.92,39.43,38.52,25.55,25.92,25.19,455.81,408.33,337.24,4117,100,,,,
1786243323248,2026-08-09 02:42:03,24.9,39.47,38.51,25.52,25.41,25.3,455.78,408.33,337.24,4119,100,,,,
1786243923726,2026-08-09 02:52:03,24.87,39.49,38.5,25.48,25.08,25.41,455.74,408.3,337.24,4118,100,,,,
1786244524205,2026-08-09 03:02:04,24.87,39.48,38.51,25.48,25.26,25.3,455.74,408.3,337.24,4117,100,,,,
1786245120855,2026-08-09 03:12:00,24.86,39.43,38.48,25.41,25.88,25.48,455.71,408.3,337.21,4117,100,-87.0,,,
1786255141217,2026-08-09 05:59:01,24.83,39.42,38.5,25.37,25.85,25.19,455.67,408.27,337.21,4120,100,,,,
1786255741645,2026-08-09 06:09:01,24.84,39.47,38.5,25.33,25.19,25.26,455.67,408.27,337.21,4119,100,,,,
1786256342129,2026-08-09 06:19:02,24.82,39.42,38.5,25.3,25.85,25.26,455.64,408.27,337.21,4114,100,,,,
1786256942614,2026-08-09 06:29:02,24.79,39.47,38.49,25.26,25.08,25.22,455.6,408.23,337.18,4118,100,,,,
1786257543321,2026-08-09 06:39:03,24.78,39.39,38.47,25.22,25.88,25.41,455.57,408.2,337.18,4120,100,,,,
1786258143803,2026-08-09 06:49:03,24.78,39.53,38.48,25.19,24.22,25.33,455.57,408.2,337.18,4117,100,,,,
1786258744283,2026-08-09 06:59:04,24.76,39.45,38.48,25.15,25.15,25.3,455.54,408.2,337.18,4122,100,,,,
1786259340764,2026-08-09 07:09:00,24.73,39.39,38.48,25.12,25.77,25.33,455.5,408.17,337.18,4123,100,-88.0,,,
1786269355577,2026-08-09 09:55:55,24.74,39.4,38.49,25.08,25.7,25.12,455.5,408.17,337.15,4122,100,,,,
1786269956134,2026-08-09 10:05:56,24.72,39.4,38.49,25.04,25.48,25.12,455.47,408.13,337.15,4116,100,,,,
1786270556615,2026-08-09 10:15:56,24.69,39.38,38.48,25.04,25.7,25.19,455.43,408.13,337.15,4119,100,,,,
1786271157084,2026-08-09 10:25:57,24.7,39.41,38.47,24.97,25.26,25.26,455.43,408.1,337.15,4121,100,,,,
1786271757574,2026-08-09 10:35:57,24.69,39.36,38.47,25.01,25.81,25.3,455.43,408.1,337.15,4118,100,,,,
1786272358055,2026-08-09 10:45:58,24.7,39.41,38.48,24.97,25.12,25.04,455.43,408.07,337.12,4120,100,,,,
1786272958524,2026-08-09 10:55:58,24.69,39.36,38.47,25.01,25.74,25.19,455.43,408.07,337.12,4122,100,,,,
1786273555085,2026-08-09 11:05:55,24.7,39.36,38.46,24.97,25.77,25.22,455.43,408.07,337.12,4121,100,-84.0,,,
1786283589567,2026-08-09 13:53:09,24.72,39.44,38.46,25.04,24.76,25.3,455.47,408.07,337.12,4121,100,,,,
1786284190048,2026-08-09 14:03:10,24.72,39.36,38.46,25.04,25.77,25.26,455.47,408.07,337.12,4117,100,,,,
1786284790528,2026-08-09 14:13:10,24.73,39.35,38.46,25.12,25.7,25.3,455.5,408.03,337.12,4120,100,,,,
1786285391007,2026-08-09 14:23:11,24.76,39.33,38.47,25.15,26.11,25.12,455.54,408.07,337.12,4125,100,,,,
1786285991485,2026-08-09 14:33:11,24.78,39.34,38.53,25.22,25.77,24.4,455.57,408.03,337.12,4126,100,,,,
1786286591968,2026-08-09 14:43:11,24.79,39.37,38.44,25.26,25.41,25.55,455.6,408.03,337.12,4120,100,,,,
1786287192447,2026-08-09 14:53:12,24.82,39.34,38.46,25.33,25.77,25.26,455.64,408.03,337.12,4117,100,,,,
1786287789089,2026-08-09 15:03:09,24.83,39.38,38.46,25.41,25.3,25.26,455.67,408.03,337.12,4119,100,-85.0,,,
1786297824196,2026-08-09 17:50:24,24.85,39.32,38.46,25.48,26.07,25.22,455.71,408.03,337.12,4118,100,,,,
1786298424464,2026-08-09 18:00:24,24.85,39.34,38.47,25.59,25.77,25.19,455.74,408.03,337.12,4118,100,,,,
1786299024929,2026-08-09 18:10:24,24.88,39.38,38.46,25.63,25.26,25.3,455.78,408.0,337.12,4118,100,,,,
1786299625409,2026-08-09 18:20:25,24.86,39.34,38.46,25.7,25.74,25.22,455.78,408.0,337.12,4119,100,,,,
1786300226281,2026-08-09 18:30:26,24.87,39.33,38.46,25.81,25.77,25.26,455.81,408.0,337.12,4118,100,,,,
1786300826640,2026-08-09 18:40:26,24.86,39.37,38.46,25.85,25.3,25.15,455.81,408.0,337.09,4117,100,,,,
1786301427091,2026-08-09 18:50:27,24.89,39.38,38.44,25.88,25.12,25.41,455.85,407.97,337.09,4119,100,,,,
1786302023531,2026-08-09 19:00:23,24.88,39.3,38.45,25.92,26.07,25.3,455.85,407.97,337.09,4120,100,-83.0,,,
1786312052209,2026-08-09 21:47:32,,,,,,,,,,4115,100,,,,
1786312652696,2026-08-09 21:57:32,24.89,39.32,38.45,25.99,25.81,25.22,455.88,407.97,337.09,4120,100,,,,
1786313253173,2026-08-09 22:07:33,24.88,39.31,38.45,26.03,25.92,25.22,455.88,407.97,337.09,4116,100,,,,
1786313853649,2026-08-09 22:17:33,24.88,39.29,38.44,26.07,26.14,25.22,455.88,407.97,337.06,4118,100,,,,
1786314454370,2026-08-09 22:27:34,24.88,39.36,38.44,26.07,25.33,25.22,455.88,407.97,337.06,4118,100,,,,
1786315055094,2026-08-09 22:37:35,24.88,39.31,38.44,26.07,25.96,25.26,455.88,407.97,337.06,4117,100,,,,
1786315655570,2026-08-09 22:47:35,24.88,39.3,38.45,26.07,26.03,25.15,455.88,407.97,337.06,4118,100,,,,
1786316251807,2026-08-09 22:57:31,24.88,39.35,38.43,26.07,25.44,25.3,455.88,407.97,337.06,4119,100,-88.0,,,
1786326279251,2026-08-10 01:44:39,24.85,39.32,38.43,26.07,25.77,25.3,455.85,407.97,337.06,4120,100,,,,
1786326879969,2026-08-10 01:54:39,24.85,39.45,38.42,26.07,24.26,25.26,455.85,407.97,337.02,4122,100,,,,
1786327480690,2026-08-10 02:04:40,24.85,39.35,38.42,26.07,25.48,25.26,455.85,407.97,337.02,4115,100,,,,
1786328081168,2026-08-10 02:14:41,24.81,39.35,38.42,26.07,25.33,25.26,455.81,407.94,337.02,4117,100,,,,
1786328681665,2026-08-10 02:24:41,24.83,39.33,38.41,25.99,25.63,25.33,455.81,407.94,337.02,4115,100,,,,
1786329282207,2026-08-10 02:34:42,24.83,39.34,38.42,25.99,25.44,25.26,455.81,407.94,337.02,4121,100,,,,
1786329883169,2026-08-10 02:44:43,24.83,39.32,38.41,25.99,25.66,25.33,455.81,407.94,337.02,4120,100,,,,
1786330478778,2026-08-10 02:54:38,24.81,39.3,38.43,25.96,25.88,25.19,455.78,407.94,337.02,4114,100,-87.0,,,
1786340501368,2026-08-10 05:41:41,24.78,39.25,38.41,25.92,26.44,25.37,455.74,407.9,337.02,4121,100,,,,
1786341101887,2026-08-10 05:51:41,24.79,39.26,38.4,25.88,26.22,25.33,455.74,407.9,336.99,4122,100,,,,
1786341702368,2026-08-10 06:01:42,24.76,39.29,38.39,25.88,25.92,25.41,455.71,407.9,336.99,4119,100,,,,
1786342302847,2026-08-10 06:11:42,24.78,39.31,38.5,25.81,25.7,24.12,455.71,407.9,336.99,4118,100,,,,
1786342903336,2026-08-10 06:21:43,24.78,39.27,38.4,25.81,26.11,25.33,455.71,407.9,336.99,4122,100,,,,
1786343503807,2026-08-10 06:31:43,24.72,39.42,38.4,25.77,24.19,25.33,455.64,407.87,336.99,4121,100,,,,
1786344104286,2026-08-10 06:41:44,24.73,39.23,38.39,25.74,26.48,25.41,455.64,407.87,336.99,4124,100,,,,
1786344700847,2026-08-10 06:51:40,24.7,39.24,38.37,25.7,26.44,25.66,455.6,407.87,336.99,4122,100,-88.0,,,
1786354726528,2026-08-10 09:38:46,24.69,39.31,38.4,25.66,25.52,25.3,455.57,407.87,336.99,4116,100,,,,
1786355327014,2026-08-10 09:48:47,24.69,39.29,38.39,25.66,25.7,25.26,455.57,407.84,336.96,4121,100,,,,
1786355927487,2026-08-10 09:58:47,24.69,39.26,38.38,25.63,25.99,25.41,455.57,407.84,336.96,4117,100,,,,
1786356527966,2026-08-10 10:08:47,24.66,39.32,38.36,25.63,25.26,25.63,455.54,407.84,336.96,4117,100,,,,
1786357128449,2026-08-10 10:18:48,24.71,39.32,38.38,25.55,25.3,25.48,455.57,407.84,336.96,4118,100,,,,
1786357728939,2026-08-10 10:28:48,24.71,39.25,38.42,25.55,26.14,24.97,455.57,407.84,336.96,4119,100,,,,
1786358329654,2026-08-10 10:38:49,24.7,39.26,38.38,25.59,26.07,25.48,455.57,407.84,336.96,4118,100,,,,
1786358926047,2026-08-10 10:48:46,24.7,39.23,38.38,25.59,26.22,25.41,455.57,407.8,336.96,4120,100,-84.0,,,
1786368955332,2026-08-10 13:35:55,24.7,39.29,38.38,25.59,25.52,25.44,455.57,407.8,336.96,4117,100,,,,
1786369555818,2026-08-10 13:45:55,24.69,39.24,38.38,25.63,25.99,25.44,455.57,407.77,336.96,4118,100,,,,
1786370156286,2026-08-10 13:55:56,24.69,39.24,38.38,25.63,25.96,25.41,455.57,407.77,336.96,4120,100,,,,
1786370757014,2026-08-10 14:05:57,24.69,39.24,38.38,25.66,25.81,25.44,455.57,407.74,336.96,4119,100,,,,
1786371357729,2026-08-10 14:15:57,24.68,39.28,38.38,25.7,25.3,25.48,455.57,407.74,336.96,4120,100,,,,
1786371958206,2026-08-10 14:25:58,24.67,39.23,38.38,25.74,25.99,25.44,455.57,407.74,336.96,4119,100,,,,
1786372558701,2026-08-10 14:35:58,24.7,39.22,38.37,25.74,26.07,25.52,455.6,407.74,336.96,4118,100,,,,
1786373154616,2026-08-10 14:45:54,24.69,39.23,38.38,25.77,25.85,25.41,455.6,407.7,336.96,4117,100,-83.0,,,
1786383187336,2026-08-10 17:33:07,24.68,39.21,38.37,25.81,25.99,25.41,455.6,407.7,336.93,4119,100,,,,
1786383787812,2026-08-10 17:43:07,24.67,39.21,38.38,25.85,26.07,25.44,455.6,407.7,336.96,4117,100,,,,
1786384388285,2026-08-10 17:53:08,24.66,39.19,38.37,25.92,26.18,25.44,455.6,407.67,336.93,4120,100,,,,
1786384988765,2026-08-10 18:03:08,24.69,39.19,38.37,25.92,26.11,25.44,455.64,407.67,336.93,4119,100,,,,
1786385589247,2026-08-10 18:13:09,24.69,39.24,38.36,25.96,25.55,25.55,455.64,407.67,336.93,4120,100,,,,
1786386189725,2026-08-10 18:23:09,24.68,39.16,38.37,25.99,26.48,25.44,455.64,407.67,336.93,4123,100,,,,
1786386790212,2026-08-10 18:33:10,24.68,39.21,38.37,25.99,25.77,25.44,455.64,407.64,336.93,4121,100,,,,
1786387386990,2026-08-10 18:43:06,24.67,39.18,38.36,26.03,26.14,25.55,455.64,407.64,336.93,4119,100,-84.0,,,
1786397421086,2026-08-10 21:30:21,24.66,39.25,38.35,26.07,25.37,25.63,455.64,407.64,336.93,4118,100,,,,
1786398021805,2026-08-10 21:40:21,24.66,39.22,38.34,26.07,25.63,25.59,455.64,407.64,336.9,4118,100,,,,
1786398622702,2026-08-10 21:50:22,24.66,39.2,38.35,26.07,25.74,25.48,455.64,407.6,336.9,4117,100,,,,
1786399223408,2026-08-10 22:00:23,24.66,39.16,38.35,26.07,26.22,25.52,455.64,407.6,336.9,4119,100,,,,
1786399823888,2026-08-10 22:10:23,24.63,39.23,38.35,26.07,25.44,25.52,455.6,407.6,336.9,4120,100,,,,
1786400424367,2026-08-10 22:20:24,24.63,39.22,38.35,26.07,25.52,25.55,455.6,407.6,336.9,4120,100,,,,
1786401024902,2026-08-10 22:30:24,24.64,39.15,38.34,26.03,26.22,25.48,455.6,407.57,336.87,4119,100,,,,
1786401620150,2026-08-10 22:40:20,24.61,39.15,38.32,26.03,26.29,25.74,455.57,407.57,336.87,4124,100,-86.0,,,
1786411653257,2026-08-11 01:27:33,24.62,39.21,38.32,25.99,25.55,25.66,455.57,407.57,336.87,4122,100,,,,
1786412253741,2026-08-11 01:37:33,24.59,39.19,38.34,25.99,25.74,25.52,455.54,407.57,336.87,4120,100,,,,
1786412854463,2026-08-11 01:47:34,24.59,39.14,38.33,25.99,26.22,25.55,455.54,407.54,336.87,4117,100,,,,
1786413455015,2026-08-11 01:57:35,24.57,39.14,38.32,25.92,26.29,25.52,455.5,407.54,336.84,4118,100,,,,
1786414055572,2026-08-11 02:07:35,24.58,39.3,38.33,25.88,24.29,25.48,455.5,407.54,336.84,4119,100,,,,
1786414656304,2026-08-11 02:17:36,24.56,39.17,38.32,25.85,25.77,25.52,455.47,407.5,336.84,4119,100,,,,
1786415258458,2026-08-11 02:27:38,24.54,39.15,38.32,25.77,25.92,25.55,455.43,407.5,336.84,4115,100,,,,
1786415852780,2026-08-11 02:37:32,24.54,39.17,38.31,25.77,25.74,25.63,455.43,407.5,336.84,4120,100,-89.0,,,
1786425884297,2026-08-11 05:24:44,24.53,39.17,38.31,25.7,25.63,25.55,455.4,407.47,336.81,4119,100,,,,
1786426484775,2026-08-11 05:34:44,24.49,39.11,38.32,25.7,26.29,25.37,455.36,407.47,336.81,4117,100,,,,
1786427085493,2026-08-11 05:44:45,24.48,39.14,38.3,25.63,25.77,25.59,455.33,407.44,336.81,4119,100,,,,
1786427686154,2026-08-11 05:54:46,24.49,39.17,38.31,25.55,25.52,25.55,455.33,407.44,336.81,4118,100,,,,
1786428286698,2026-08-11 06:04:46,24.47,39.16,38.28,25.52,25.41,25.7,455.29,407.41,336.78,4119,100,,,,
1786428887257,2026-08-11 06:14:47,24.45,39.13,38.3,25.48,25.77,25.55,455.26,407.41,336.78,4117,100,,,,
1786429487754,2026-08-11 06:24:47,24.43,39.17,38.3,25.41,25.33,25.44,455.22,407.41,336.78,4120,100,,,,
1786430083880,2026-08-11 06:34:43,24.41,39.13,38.3,25.37,25.7,25.55,455.19,407.37,336.78,4117,100,-87.0,,,
1786440101252,2026-08-11 09:21:41,24.38,39.13,38.35,25.33,25.66,24.97,455.15,407.37,336.78,4118,100,,,,
1786440701987,2026-08-11 09:31:41,24.39,39.08,38.3,25.26,26.18,25.52,455.15,407.34,336.78,4122,100,,,,
1786441302448,2026-08-11 09:41:42,24.38,39.11,38.29,25.22,25.74,25.63,455.12,407.34,336.78,4122,100,,,,
1786441902928,2026-08-11 09:51:42,24.36,39.12,38.28,25.19,25.63,25.55,455.09,407.34,336.75,4120,100,,,,
1786442503424,2026-08-11 10:01:43,24.36,39.08,38.28,25.15,26.03,25.63,455.09,407.31,336.75,4117,100,,,,
1786443104128,2026-08-11 10:11:44,24.33,39.07,38.32,25.12,26.11,25.12,455.05,407.31,336.75,4118,100,,,,
1786443704617,2026-08-11 10:21:44,24.34,39.06,38.28,25.08,26.11,25.55,455.05,407.27,336.75,4118,100,,,,
1786444300846,2026-08-11 10:31:40,24.34,39.13,38.28,25.08,25.26,25.55,455.05,407.27,336.75,4118,100,-88.0,,,
1786454329968,2026-08-11 13:18:49,24.34,39.11,38.28,25.08,25.41,25.55,455.05,407.24,336.75,4117,100,,,,
1786454937084,2026-08-11 13:28:57,24.33,39.11,38.29,25.12,25.33,25.52,455.05,407.24,336.75,4118,100,,,,
1786455537567,2026-08-11 13:38:57,24.37,39.07,38.29,25.12,25.88,25.52,455.09,407.24,336.75,4118,100,,,,
1786456138058,2026-08-11 13:48:58,24.36,39.11,38.29,25.15,25.3,25.52,455.09,407.21,336.75,4117,100,,,,
1786456738527,2026-08-11 13:58:58,24.38,39.1,38.28,25.19,25.37,25.59,455.12,407.21,336.75,4118,100,,,,
1786457339006,2026-08-11 14:08:59,41.21,43.41,43.6,20.04,24.01,23.28,478.69,421.09,351.04,4120,100,,,,
1786457939488,2026-08-11 14:18:59,32.1,42.35,43.57,21.96,24.54,24.93,463.14,417.41,351.29,4123,100,,,,
1786458529488,2026-08-11 14:28:49,31.32,42.2,43.61,22.03,23.7,24.93,462.27,416.71,351.42,4120,100,-85.0,,,
1786468569805,2026-08-11 17:16:09,31.0,42.03,43.61,22.09,24.22,25.19,461.92,416.24,351.45,4124,100,,,,
1786469170284,2026-08-11 17:26:10,30.8,41.92,43.6,22.16,23.97,25.15,461.71,415.81,351.42,4117,100,,,,
1786469770773,2026-08-11 17:36:10,30.63,41.85,43.62,22.26,23.83,25.04,461.54,415.54,351.45,4120,100,,,,
1786470371487,2026-08-11 17:46:11,30.55,41.78,43.62,22.36,23.97,25.01,461.47,415.31,351.45,4118,100,,,,
1786470971968,2026-08-11 17:56:11,30.47,41.68,43.6,22.46,24.4,25.22,461.4,415.08,351.45,4119,100,,,,
1786471572445,2026-08-11 18:06:12,30.39,41.61,43.62,22.53,24.51,24.97,461.33,414.88,351.45,4118,100,,,,
1786472172924,2026-08-11 18:16:12,30.31,41.62,43.62,22.63,23.83,24.93,461.26,414.74,351.45,4122,100,,,,
1786472769403,2026-08-11 18:26:09,30.27,41.5,43.62,22.73,24.79,24.86,461.23,414.58,351.42,4120,100,-85.0,,,
1786482798933,2026-08-11 21:13:18,30.22,41.51,43.61,22.8,24.08,25.04,461.19,414.44,351.42,4118,100,,,,
1786483399493,2026-08-11 21:23:19,30.18,41.46,43.61,22.87,24.54,24.9,461.16,414.38,351.39,4120,100,,,,
1786483999979,2026-08-11 21:33:19,30.1,41.45,43.58,22.94,23.94,24.97,461.09,414.21,351.32,4117,100,,,,
1786484600615,2026-08-11 21:43:20,30.05,41.42,43.56,23.0,23.97,24.83,461.05,414.11,351.23,4120,100,,,,
1786485201575,2026-08-11 21:53:21,29.99,41.38,43.51,23.0,24.33,24.83,460.98,414.08,351.07,4118,100,,,,
1786485802054,2026-08-11 22:03:22,29.92,41.4,43.5,23.07,23.83,24.76,460.91,414.01,351.01,4119,100,,,,
1786486402557,2026-08-11 22:13:22,29.88,41.38,43.46,23.11,23.94,24.76,460.88,413.98,350.89,4121,100,,,,
1786486998522,2026-08-11 22:23:18,29.82,41.38,43.43,23.14,23.83,24.86,460.81,413.94,350.82,4119,100,-85.0,,,
1786497029175,2026-08-12 01:10:29,29.78,41.33,43.42,23.14,24.54,24.61,460.77,413.94,350.73,4117,100,,,,
1786497629662,2026-08-12 01:20:29,29.72,41.35,43.4,23.14,24.05,24.65,460.7,413.91,350.67,4119,100,,,,
1786498230126,2026-08-12 01:30:30,29.69,41.3,43.37,23.14,24.58,24.76,460.67,413.88,350.61,4122,100,,,,
1786498830702,2026-08-12 01:40:30,29.63,41.29,43.35,23.14,24.65,24.68,460.6,413.84,350.54,4118,100,,,,
1786499431325,2026-08-12 01:50:31,29.57,41.11,43.3,23.14,24.54,24.72,460.53,413.24,350.39,4120,100,,,,
1786500031918,2026-08-12 02:00:31,29.54,41.06,43.25,23.14,24.58,24.93,460.5,413.08,350.26,4116,100,,,,
1786500632621,2026-08-12 02:10:32,29.48,41.01,43.23,23.14,24.97,24.72,460.43,413.01,350.17,4117,100,,,,
1786501228709,2026-08-12 02:20:28,29.43,40.83,43.19,23.11,24.93,24.33,460.36,412.41,349.95,4122,100,-89.0,,,
1786511258927,2026-08-12 05:07:38,29.39,40.89,43.15,23.11,23.66,24.68,460.32,412.31,349.89,4119,100,,,,
1786511859406,2026-08-12 05:17:39,29.34,40.86,43.14,23.07,24.01,24.26,460.25,412.28,349.8,4123,100,,,,
1786512459883,2026-08-12 05:27:39,29.31,40.79,43.08,23.07,24.65,24.68,460.22,412.21,349.7,4115,100,,,,
1786513060365,2026-08-12 05:37:40,29.25,40.74,42.73,23.07,24.65,24.54,460.15,412.05,348.58,4125,100,,,,
1786513660855,2026-08-12 05:47:40,29.23,40.7,42.69,23.0,24.9,24.68,460.11,412.01,348.49,4116,100,,,,
1786514261335,2026-08-12 05:57:41,29.17,40.74,42.62,23.0,23.97,24.79,460.04,411.91,348.3,4120,100,,,,
1786514861930,2026-08-12 06:07:41,29.15,40.68,42.6,22.94,24.68,24.68,460.01,411.88,348.21,4127,100,,,,
1786515458585,2026-08-12 06:17:38,29.09,40.68,42.56,22.94,24.33,24.68,459.94,411.81,348.08,4123,100,-87.0,,,
1786525483172,2026-08-12 09:04:43,29.07,40.64,42.53,22.94,24.65,24.68,459.91,411.75,347.99,4119,100,,,,
1786526083653,2026-08-12 09:14:43,29.02,40.67,42.45,22.87,24.05,24.9,459.84,411.68,347.8,4116,100,,,,
1786526684126,2026-08-12 09:24:44,28.96,40.6,42.42,22.87,24.65,24.58,459.77,411.62,347.65,4122,100,,,,
1786527284617,2026-08-12 09:34:44,28.96,40.6,42.22,22.87,24.43,24.68,459.77,411.55,347.09,4121,100,,,,
1786527885090,2026-08-12 09:44:45,28.9,40.62,42.18,22.87,23.94,24.54,459.7,411.52,346.93,4119,100,,,,
1786528485571,2026-08-12 09:54:45,28.87,40.55,42.1,22.83,24.61,24.68,459.66,411.45,346.72,4119,100,,,,
1786529086049,2026-08-12 10:04:46,28.87,40.53,42.04,22.83,24.61,24.51,459.66,411.38,346.5,4118,100,,,,
1786529682696,2026-08-12 10:14:42,28.84,40.58,41.9,22.83,23.87,24.68,459.63,411.35,346.13,4121,100,-88.0,,,
1786539709014,2026-08-12 13:01:49,28.81,40.5,41.84,22.83,24.61,24.61,459.59,411.28,345.94,4122,100,,,,
1786540309487,2026-08-12 13:11:49,28.8,40.54,41.71,22.87,23.83,24.86,459.59,411.22,345.63,4120,100,,,,
1786540909971,2026-08-12 13:21:49,28.79,40.45,41.64,22.9,24.83,24.58,459.59,411.18,345.38,4116,100,,,,
1786541510455,2026-08-12 13:31:50,28.79,40.46,41.62,22.94,24.58,24.47,459.59,411.15,345.29,4123,100,,,,
1786542111167,2026-08-12 13:41:51,28.77,40.51,41.55,23.0,23.83,24.61,459.59,411.12,345.11,4124,100,,,,
1786542711655,2026-08-12 13:51:51,28.76,40.43,41.43,23.07,24.65,24.58,459.59,411.08,344.76,4122,100,,,,
1786543312134,2026-08-12 14:01:52,28.79,40.43,41.36,23.11,24.54,24.22,459.63,411.05,344.49,4118,100,,,,
1786543908607,2026-08-12 14:11:48,28.77,40.42,41.25,23.18,24.51,24.54,459.63,411.02,344.24,4119,100,-84.0,,,
1786553943952,2026-08-12 16:59:03,28.75,40.44,41.22,23.28,24.12,24.26,459.63,410.98,344.11,4123,100,,,,
1786554544363,2026-08-12 17:09:04,28.76,40.37,41.15,23.35,24.86,24.54,459.66,410.95,343.96,4118,100,,,,
1786555144944,2026-08-12 17:19:04,28.75,40.39,41.07,23.42,24.61,24.54,459.66,410.95,343.74,4119,100,,,,
1786555745334,2026-08-12 17:29:05,28.77,40.38,41.06,23.49,24.58,23.45,459.7,410.92,343.5,4118,100,,,,
1786556345805,2026-08-12 17:39:05,28.78,40.51,40.9,23.59,22.77,24.54,459.73,410.88,343.28,4118,100,,,,
1786556946286,2026-08-12 17:49:06,28.76,40.34,40.79,23.66,24.93,24.54,459.73,410.88,342.97,4122,100,,,,
1786557546767,2026-08-12 17:59:06,28.79,40.41,40.75,23.7,24.12,24.47,459.77,410.88,342.85,4123,100,,,,
1786558143485,2026-08-12 18:09:03,28.77,40.4,40.67,23.8,24.15,24.54,459.77,410.85,342.66,4118,100,-86.0,,,
1786568179176,2026-08-12 20:56:19,28.76,40.4,40.62,23.83,24.08,24.61,459.77,410.85,342.54,4121,100,,,,
1786568779646,2026-08-12 21:06:19,28.75,40.35,40.53,23.87,24.65,24.61,459.77,410.82,342.29,4121,100,,,,
1786569380368,2026-08-12 21:16:20,28.74,40.34,40.5,23.94,24.68,24.54,459.77,410.82,342.2,4120,100,,,,
1786569981328,2026-08-12 21:26:21,28.73,40.37,40.45,23.97,24.4,24.65,459.77,410.82,342.07,4118,100,,,,
1786570582052,2026-08-12 21:36:22,28.73,40.34,40.42,24.01,24.72,24.58,459.77,410.82,341.98,4123,100,,,,
1786571182525,2026-08-12 21:46:22,28.72,40.4,40.4,24.05,23.97,24.58,459.77,410.82,341.92,4118,100,,,,
1786571783247,2026-08-12 21:56:23,28.72,40.37,40.41,24.05,24.19,24.58,459.77,410.79,341.95,4123,100,,,,
1786572378448,2026-08-12 22:06:18,28.68,40.47,40.35,24.05,22.9,24.08,459.73,410.79,341.7,4117,100,-90.0,,,
1786582408736,2026-08-13 00:53:28,28.65,40.31,40.22,24.08,24.79,24.79,459.7,410.75,341.49,4120,100,,,,
1786583009282,2026-08-13 01:03:29,28.66,40.35,40.17,24.05,24.33,24.61,459.7,410.75,341.33,4119,100,,,,
1786583609918,2026-08-13 01:13:29,28.62,40.28,40.14,24.08,25.19,24.58,459.66,410.75,341.24,4118,100,,,,
1786584210486,2026-08-13 01:23:30,28.6,40.3,40.11,24.05,24.83,24.76,459.63,410.72,341.18,4117,100,,,,
1786584811054,2026-08-13 01:33:31,28.6,40.3,40.1,24.05,24.86,24.72,459.63,410.72,341.15,4115,100,,,,
1786585411511,2026-08-13 01:43:31,28.56,40.34,40.08,24.05,24.33,24.61,459.59,410.72,341.09,4121,100,,,,
1786586012234,2026-08-13 01:53:32,28.56,40.29,40.07,24.05,24.9,24.68,459.59,410.69,341.06,4119,100,,,,
1786586608241,2026-08-13 02:03:28,28.55,40.29,40.05,23.97,24.9,24.68,459.56,410.69,341.02,4119,100,-89.0,,,
1786596639971,2026-08-13 04:50:39,28.52,40.32,40.03,23.97,24.4,24.76,459.52,410.69,340.99,4121,100,,,,
1786597240694,2026-08-13 05:00:40,28.53,40.27,40.02,23.9,24.9,24.68,459.52,410.65,340.93,4117,100,,,,
1786597841249,2026-08-13 05:10:41,28.5,40.28,40.01,23.9,24.76,24.65,459.49,410.65,340.9,4118,100,,,,
1786598441603,2026-08-13 05:20:41,28.47,40.28,39.99,23.87,24.86,24.68,459.45,410.65,340.87,4119,100,,,,
1786599041924,2026-08-13 05:30:41,28.46,40.26,39.97,23.83,24.9,24.65,459.42,410.62,340.81,4121,100,,,,
1786599642375,2026-08-13 05:40:42,28.46,40.26,39.96,23.8,24.9,24.72,459.42,410.62,340.78,4119,100,,,,
1786600242851,2026-08-13 05:50:42,28.43,40.3,39.94,23.76,24.33,24.68,459.38,410.59,340.72,4120,100,,,,
1786600839653,2026-08-13 06:00:39,28.41,40.3,39.94,23.76,24.33,24.54,459.35,410.59,340.69,4125,100,-87.0,,,
1786610860367,2026-08-13 08:47:40,28.39,40.29,39.92,23.7,24.33,24.58,459.31,410.55,340.65,4124,100,,,,
1786611461081,2026-08-13 08:57:41,28.37,40.27,39.89,23.66,24.51,24.76,459.28,410.55,340.62,4117,100,,,,
1786612061568,2026-08-13 09:07:41,28.34,40.24,39.89,23.63,24.83,24.65,459.24,410.52,340.59,4125,100,,,,
1786612662046,2026-08-13 09:17:42,28.34,40.27,39.85,23.63,24.29,24.86,459.24,410.49,340.53,4118,100,,,,
1786613262583,2026-08-13 09:27:42,28.32,40.2,39.83,23.59,24.97,24.76,459.21,410.45,340.47,4119,100,,,,
1786613863246,2026-08-13 09:37:43,28.29,40.25,39.81,23.59,24.29,24.97,459.18,410.42,340.44,4121,100,,,,
1786614464225,2026-08-13 09:47:44,28.26,40.25,39.82,23.56,24.26,24.68,459.14,410.42,340.41,4117,100,,,,
1786615059968,2026-08-13 09:57:39,28.26,40.19,39.79,23.56,24.9,24.72,459.14,410.39,340.35,4120,100,-82.0,,,
1786625104535,2026-08-13 12:45:04,28.26,40.2,39.79,23.56,24.58,24.72,459.14,410.35,340.35,4123,100,,,,
1786625705015,2026-08-13 12:55:05,28.23,40.23,39.77,23.59,24.26,24.79,459.11,410.35,340.32,4119,100,,,,
1786626305486,2026-08-13 13:05:05,28.22,40.17,39.79,23.63,24.86,24.36,459.11,410.32,340.28,4117,100,,,,
1786626905973,2026-08-13 13:15:05,28.25,40.16,39.78,23.63,24.9,24.19,459.14,410.29,340.22,4119,100,,,,
1786627506454,2026-08-13 13:25:06,28.24,40.16,39.74,23.7,24.9,24.68,459.14,410.29,340.22,4117,100,,,,
1786628106924,2026-08-13 13:35:06,28.24,40.2,39.73,23.7,24.19,24.76,459.14,410.25,340.19,4120,100,,,,
1786628707646,2026-08-13 13:45:07,28.26,40.18,39.73,23.76,24.4,24.68,459.18,410.25,340.19,4115,100,,,,
1786629303569,2026-08-13 13:55:03,28.27,40.16,39.72,23.83,24.65,24.68,459.21,410.25,340.16,4117,100,-83.0,,,
1786639800915,2026-08-13 16:50:00,28.28,40.13,39.7,23.9,25.08,24.76,459.24,410.25,340.13,4117,100,,,,
1786640402173,2026-08-13 17:00:02,28.26,40.18,39.71,24.01,24.51,24.72,459.24,410.25,340.13,4118,100,,,,
1786641002818,2026-08-13 17:10:02,28.28,40.15,39.7,24.08,24.83,24.61,459.28,410.25,340.1,4119,100,,,,
1786641603524,2026-08-13 17:20:03,28.29,40.15,39.69,24.19,24.65,24.76,459.31,410.22,340.1,4121,100,,,,
1786642204156,2026-08-13 17:30:04,28.31,40.2,39.69,24.26,24.15,24.76,459.35,410.25,340.1,4118,100,,,,
1786642804817,2026-08-13 17:40:04,28.32,40.15,39.7,24.33,24.83,24.72,459.38,410.25,340.1,4123,100,,,,
1786643405440,2026-08-13 17:50:05,28.34,40.14,39.68,24.4,24.93,24.72,459.42,410.25,340.07,4118,100,,,,
1786644000377,2026-08-13 18:00:00,28.35,40.13,39.67,24.47,25.04,24.9,459.45,410.25,340.07,4121,100,21.0,,,
1786654379888,2026-08-13 20:52:59,28.36,40.18,39.68,24.61,24.4,24.68,459.49,410.25,340.04,4121,100,,,,
1786654980613,2026-08-13 21:03:00,28.35,40.2,39.68,24.65,24.4,24.68,459.49,410.29,340.04,4116,100,,,,
1786655583953,2026-08-13 21:13:03,28.37,40.14,39.66,24.68,25.12,24.76,459.52,410.29,340.01,4119,100,,,,
1786656183953,2026-08-13 21:23:03,28.35,40.2,39.65,24.76,24.4,24.68,459.52,410.29,339.98,4116,100,,,,
1786656784464,2026-08-13 21:33:04,28.35,40.14,39.62,24.76,25.19,25.04,459.52,410.29,339.98,4117,100,,,,
1786657386138,2026-08-13 21:43:06,28.35,40.13,39.63,24.79,25.26,24.76,459.52,410.29,339.95,4117,100,,,,
1786657986485,2026-08-13 21:53:06,28.35,40.13,39.6,24.79,25.26,25.01,459.52,410.29,339.92,4117,100,,,,
1786658579414,2026-08-13 22:02:59,28.34,40.14,39.62,24.83,25.19,24.79,459.52,410.29,339.92,4114,100,-89.0,-112.0,-3.0,
1786668609930,2026-08-14 00:50:09,28.31,40.13,39.61,24.83,25.26,24.72,459.49,410.29,339.88,4113,100,,,,
1786669210478,2026-08-14 01:00:10,28.31,40.14,39.69,24.83,25.08,23.59,459.49,410.29,339.85,4115,100,,,,
1786669811041,2026-08-14 01:10:11,28.31,40.14,39.57,24.83,25.19,24.9,459.49,410.29,339.82,4117,100,,,,
1786670411731,2026-08-14 01:20:11,28.29,40.18,39.56,24.79,24.61,24.9,459.45,410.29,339.79,4117,100,,,,
1786671012234,2026-08-14 01:30:12,28.26,40.16,39.55,24.79,24.65,24.83,459.42,410.25,339.76,4116,100,,,,
1786671612767,2026-08-14 01:40:12,28.23,40.11,39.54,24.76,25.33,24.83,459.38,410.25,339.73,4114,100,,,,
1786672213562,2026-08-14 01:50:13,28.23,40.08,39.54,24.76,25.55,24.76,459.38,410.22,339.7,4117,100,,,,
1786672809455,2026-08-14 02:00:09,28.21,40.16,39.53,24.76,24.54,24.68,459.35,410.22,339.67,4114,100,-91.0,,,
1786682836925,2026-08-14 04:47:16,28.18,40.09,39.52,24.72,25.44,24.83,459.31,410.22,339.67,4114,100,,,,
1786683437418,2026-08-14 04:57:17,28.16,40.06,39.51,24.68,25.74,24.86,459.28,410.19,339.64,4115,100,,,,
1786684037885,2026-08-14 05:07:17,28.12,40.15,39.49,24.68,24.61,24.9,459.24,410.19,339.61,4114,100,,,,
1786684638366,2026-08-14 05:17:18,28.1,40.08,39.48,24.65,25.37,24.83,459.21,410.15,339.58,4117,100,,,,
1786685238848,2026-08-14 05:27:18,28.09,40.07,39.48,24.61,25.41,24.93,459.18,410.15,339.58,4114,100,,,,
1786685839334,2026-08-14 05:37:19,28.09,40.09,39.46,24.58,25.01,24.97,459.18,410.12,339.55,4114,100,,,,
1786686439807,2026-08-14 05:47:19,28.07,40.05,39.47,24.54,25.52,24.9,459.14,410.12,339.55,4116,100,,,,
1786687036453,2026-08-14 05:57:16,28.01,40.06,39.46,24.51,25.33,24.97,459.07,410.09,339.55,4118,100,-86.0,,,
1786698345653,2026-08-14 09:05:45,27.99,40.08,39.45,24.47,24.97,24.97,459.04,410.06,339.51,4119,100,,,,
1786698946369,2026-08-14 09:15:46,27.96,40.05,39.45,24.43,25.37,24.93,459.0,410.06,339.51,4120,100,,,,
1786699546854,2026-08-14 09:25:46,27.97,40.07,39.45,24.4,25.01,24.97,459.0,410.06,339.51,4121,100,,,,
1786700147574,2026-08-14 09:35:47,27.94,40.04,39.43,24.4,25.33,24.97,458.97,410.02,339.48,4118,100,,,,
1786700748055,2026-08-14 09:45:48,27.92,40.06,39.44,24.36,24.97,24.93,458.93,409.99,339.48,4121,100,,,,
1786701348534,2026-08-14 09:55:48,27.9,40.05,39.43,24.33,25.04,24.9,458.9,409.99,339.45,4121,100,,,,
1786701949247,2026-08-14 10:05:49,27.9,40.04,39.42,24.33,25.01,24.97,458.9,409.96,339.45,4119,100,,,,
1786702549976,2026-08-14 10:15:49,27.9,40.12,39.42,24.33,24.05,25.04,458.9,409.96,339.45,4118,100,,-113.0,-11.0,2.7999992
1786703145248,2026-08-14 10:25:45,27.86,40.04,39.47,24.33,24.83,24.33,458.86,409.92,339.45,4122,100,-83.0,,,
1786713175333,2026-08-14 13:12:55,27.9,40.0,39.47,24.33,25.41,24.4,458.9,409.92,339.45,4119,100,,,,
1786713775814,2026-08-14 13:22:55,27.88,40.0,39.42,24.4,25.37,25.01,458.9,409.92,339.45,4118,100,,,,
1786714376285,2026-08-14 13:32:56,27.91,40.05,39.42,24.4,24.76,25.04,458.93,409.92,339.45,4119,100,,,,
1786714976766,2026-08-14 13:42:56,27.9,40.0,39.42,24.43,25.33,25.01,458.93,409.92,339.45,4118,100,,,,
1786715577248,2026-08-14 13:52:57,27.92,40.05,39.42,24.51,24.76,25.01,458.97,409.92,339.45,4123,100,,,,
1786716177736,2026-08-14 14:02:57,27.95,40.05,39.43,24.51,24.76,25.04,459.0,409.92,339.48,4119,100,,,,
1786716778205,2026-08-14 14:12:58,27.99,40.01,39.53,24.61,25.26,23.8,459.07,409.92,339.48,4117,100,,,,
1786717374844,2026-08-14 14:22:54,28.01,40.04,39.43,24.68,24.83,25.01,459.11,409.92,339.48,4120,100,-83.0,,,
1786727406129,2026-08-14 17:10:06,28.02,40.02,39.44,24.76,25.26,25.04,459.14,409.96,339.51,4119,100,,,,
1786728006607,2026-08-14 17:20:06,28.07,40.03,39.45,24.83,25.19,24.9,459.21,409.96,339.51,4122,100,,,,
1786728607088,2026-08-14 17:30:07,28.07,40.01,39.45,24.97,25.48,24.97,459.24,409.96,339.51,4120,100,,,,
1786729207570,2026-08-14 17:40:07,28.09,40.06,39.46,25.04,24.93,24.97,459.28,409.99,339.55,4124,100,,,,
1786729808049,2026-08-14 17:50:08,28.1,40.01,39.46,25.12,25.52,25.04,459.31,409.99,339.55,4123,100,,,,
1786730408585,2026-08-14 18:00:08,28.11,40.06,39.46,25.22,24.93,24.97,459.35,409.99,339.55,4123,100,,,,
1786731009007,2026-08-14 18:10:09,28.12,40.02,39.45,25.3,25.48,25.15,459.38,410.02,339.55,4119,100,,,,
1786731605727,2026-08-14 18:20:05,28.14,40.08,39.46,25.37,24.76,24.97,459.42,410.02,339.55,4119,100,-87.0,,,
1786741634205,2026-08-14 21:07:14,28.15,40.06,39.46,25.44,25.22,24.97,459.45,410.06,339.55,4119,100,,,,
1786742234928,2026-08-14 21:17:14,28.14,40.02,39.46,25.52,25.66,25.04,459.45,410.06,339.55,4121,100,,,,
1786742835414,2026-08-14 21:27:15,28.17,40.08,39.45,25.55,24.97,25.08,459.49,410.06,339.55,4117,100,,,,
1786743435891,2026-08-14 21:37:15,28.16,40.03,39.45,25.59,25.66,25.12,459.49,410.09,339.55,4119,100,,,,
1786744036382,2026-08-14 21:47:16,28.18,40.08,39.46,25.63,25.04,24.93,459.52,410.09,339.55,4118,100,,,,
1786744637085,2026-08-14 21:57:17,28.17,40.07,39.52,25.66,25.19,24.26,459.52,410.09,339.55,4117,100,,,,
1786745237805,2026-08-14 22:07:17,28.16,40.1,39.46,25.7,24.9,25.01,459.52,410.12,339.55,4117,100,,,,
1786745833733,2026-08-14 22:17:13,28.16,40.01,39.43,25.7,26.03,25.33,459.52,410.12,339.55,4118,100,-87.0,,,
1786755868298,2026-08-15 01:04:28,28.14,40.09,39.45,25.7,25.12,25.12,459.49,410.12,339.55,4118,100,,,,
1786756468777,2026-08-15 01:14:28,28.14,40.09,39.44,25.7,25.12,25.08,459.49,410.12,339.51,4119,100,,,,
1786757069258,2026-08-15 01:24:29,28.14,40.03,39.45,25.7,25.81,24.9,459.49,410.12,339.51,4118,100,,,,
1786757669739,2026-08-15 01:34:29,28.14,40.02,39.4,25.7,25.92,25.48,459.49,410.12,339.51,4119,100,,,,
1786758270304,2026-08-15 01:44:30,28.1,40.03,39.44,25.7,25.88,25.08,459.45,410.12,339.51,4117,100,,,,
1786758870774,2026-08-15 01:54:30,28.08,40.02,39.42,25.66,25.92,25.19,459.42,410.12,339.48,4118,100,,,,
1786759471518,2026-08-15 02:04:31,28.08,40.03,39.42,25.66,25.81,25.19,459.42,410.12,339.48,4116,100,,,,
1786760067819,2026-08-15 02:14:27,28.05,40.07,39.41,25.63,25.3,25.26,459.38,410.12,339.48,4116,100,-90.0,,,
1786770095968,2026-08-15 05:01:35,28.06,40.02,39.4,25.59,25.96,25.19,459.38,410.12,339.45,4117,100,,,,
1786770696444,2026-08-15 05:11:36,28.04,40.06,39.4,25.59,25.26,25.3,459.35,410.09,339.45,4116,100,,,,
1786771296925,2026-08-15 05:21:36,28.01,40.01,39.4,25.55,25.99,25.12,459.31,410.09,339.42,4118,100,,,,
1786771897407,2026-08-15 05:31:37,27.99,40.01,39.37,25.52,25.99,25.41,459.28,410.09,339.42,4116,100,,,,
1786772497887,2026-08-15 05:41:37,27.96,40.02,39.38,25.48,25.74,25.22,459.24,410.06,339.39,4117,100,,,,
1786773098375,2026-08-15 05:51:38,27.94,40.0,39.37,25.44,25.99,25.33,459.21,410.06,339.39,4117,100,,,,
1786773698848,2026-08-15 06:01:38,27.92,40.12,39.36,25.41,24.22,25.33,459.18,410.02,339.36,4116,100,,,,
1786774295493,2026-08-15 06:11:35,27.9,40.05,39.36,25.37,25.19,25.33,459.14,410.02,339.36,4120,100,-83.0,,,
1786784317494,2026-08-15 08:58:37,27.9,40.03,39.34,25.33,25.33,25.44,459.14,409.99,339.33,4120,100,,,,
1786784917967,2026-08-15 09:08:37,27.88,40.0,39.32,25.3,25.63,25.48,459.11,409.99,339.3,4118,100,,,,
1786785518444,2026-08-15 09:18:38,27.86,39.97,39.35,25.26,25.99,25.19,459.07,409.96,339.3,4120,100,,,,
1786786118928,2026-08-15 09:28:38,27.84,39.95,39.33,25.22,25.99,25.41,459.04,409.92,339.3,4120,100,,,,
1786786719646,2026-08-15 09:38:39,27.8,39.95,39.32,25.22,26.03,25.44,459.0,409.92,339.3,4122,100,,,,
1786787320135,2026-08-15 09:48:40,27.81,40.0,39.36,25.19,25.44,24.97,459.0,409.92,339.3,4118,100,,,,
1786787920605,2026-08-15 09:58:40,27.78,39.98,39.31,25.19,25.52,25.48,458.97,409.89,339.27,4117,100,,,,
1786788517085,2026-08-15 10:08:37,27.78,39.92,39.31,25.19,26.22,25.44,458.97,409.89,339.27,4121,100,-84.0,,,
1786798545247,2026-08-15 12:55:45,27.78,39.98,39.31,25.19,25.55,25.44,458.97,409.89,339.27,4121,100,,,,
1786799145728,2026-08-15 13:05:45,27.78,39.91,39.31,25.19,26.33,25.52,458.97,409.86,339.27,4120,100,,,,
1786799746209,2026-08-15 13:15:46,27.78,39.93,39.35,25.19,26.07,25.04,458.97,409.86,339.27,4126,100,,,,
1786800346685,2026-08-15 13:25:46,27.78,39.94,39.3,25.19,25.96,25.55,458.97,409.86,339.27,4121,100,,,,
1786800947167,2026-08-15 13:35:47,27.77,39.99,39.32,25.26,25.26,25.41,458.97,409.86,339.27,4121,100,,,,
1786801547646,2026-08-15 13:45:47,27.77,39.98,39.32,25.26,25.33,25.44,458.97,409.86,339.3,4116,100,,,,
1786802148127,2026-08-15 13:55:48,27.8,39.96,39.32,25.26,25.63,25.44,459.0,409.86,339.3,4119,100,,,,
1786802744845,2026-08-15 14:05:44,27.78,39.91,39.32,25.33,26.25,25.44,459.0,409.86,339.3,4119,100,-87.0,,,
1786813215456,2026-08-15 17:00:15,27.81,39.93,39.31,25.37,26.07,25.59,459.04,409.86,339.3,4121,100,,,,
1786813816076,2026-08-15 17:10:16,27.8,39.93,39.32,25.41,25.99,25.44,459.04,409.86,339.3,4120,100,,,,
1786814416675,2026-08-15 17:20:16,27.82,39.94,39.39,25.44,25.92,24.65,459.07,409.86,339.3,4121,100,,,,
1786815017277,2026-08-15 17:30:17,27.81,39.97,39.34,25.48,25.52,25.26,459.07,409.86,339.3,4118,100,,,,
1786815618027,2026-08-15 17:40:18,27.8,39.98,39.36,25.52,25.37,25.15,459.07,409.86,339.33,4124,100,,,,
1786816218557,2026-08-15 17:50:18,27.83,39.98,39.32,25.55,25.44,25.55,459.11,409.86,339.3,4120,100,,,,
1786816819238,2026-08-15 18:00:19,27.83,39.93,39.32,25.55,26.03,25.55,459.11,409.86,339.3,4120,100,,,,
1786817414878,2026-08-15 18:10:14,27.83,39.93,39.32,25.55,26.03,25.48,459.11,409.86,339.3,4119,100,21.0,,,
1786827866649,2026-08-15 21:04:26,27.83,39.92,39.32,25.59,26.29,25.55,459.11,409.89,339.3,4115,100,,,,
1786828467543,2026-08-15 21:14:27,27.8,39.92,39.32,25.55,26.11,25.55,459.07,409.86,339.3,4116,100,,,,
1786829068770,2026-08-15 21:24:28,27.78,39.98,39.29,25.63,25.41,25.85,459.07,409.86,339.3,4114,100,,,,
1786829669770,2026-08-15 21:34:29,27.79,39.93,39.31,25.59,25.99,25.63,459.07,409.86,339.3,4113,100,,,,
1786830270338,2026-08-15 21:44:30,27.79,39.93,39.3,25.59,26.07,25.55,459.07,409.86,339.27,4118,100,,,,
1786830870902,2026-08-15 21:54:30,27.79,39.92,39.31,25.59,26.11,25.52,459.07,409.86,339.27,4120,100,,,,
1786831471944,2026-08-15 22:04:31,27.77,39.9,39.3,25.55,26.44,25.55,459.04,409.86,339.27,4117,100,,,,
1786832066172,2026-08-15 22:14:26,27.77,39.98,39.31,25.55,25.37,25.52,459.04,409.86,339.27,4120,100,-90.0,-140.0,-3.0,
1786842486827,2026-08-16 01:08:06,27.74,39.92,39.28,25.55,26.14,25.74,459.0,409.86,339.24,4113,100,,,,
1786843087432,2026-08-16 01:18:07,27.71,39.94,39.29,25.55,25.7,25.52,458.97,409.82,339.24,4118,100,,,,
1786843688142,2026-08-16 01:28:08,27.72,39.91,39.29,25.52,26.07,25.63,458.97,409.82,339.24,4117,100,,,,
1786844288838,2026-08-16 01:38:08,27.68,39.94,39.31,25.52,25.7,25.19,458.93,409.82,339.21,4117,100,,,,
1786844889479,2026-08-16 01:48:09,27.66,39.91,39.28,25.48,25.96,25.59,458.9,409.79,339.21,4115,100,,,,
1786845490119,2026-08-16 01:58:10,27.67,39.95,39.27,25.44,25.48,25.59,458.9,409.79,339.18,4116,100,,,,
1786846090696,2026-08-16 02:08:10,27.64,39.95,39.28,25.44,25.44,25.44,458.86,409.79,339.18,4115,100,,,,
1786846686514,2026-08-16 02:18:06,27.62,39.93,39.26,25.41,25.66,25.55,458.83,409.76,339.15,4114,100,19.0,,,
1786856897243,2026-08-16 05:08:17,27.63,39.92,39.25,25.33,25.77,25.66,458.83,409.76,339.15,4112,100,,,,
1786857497719,2026-08-16 05:18:17,27.6,39.87,39.25,25.33,26.18,25.66,458.79,409.72,339.15,4116,100,,,,
1786858098204,2026-08-16 05:28:18,27.58,39.85,39.22,25.3,26.52,25.81,458.76,409.72,339.11,4112,100,,,,
1786858698686,2026-08-16 05:38:18,27.54,39.87,39.25,25.3,26.18,25.44,458.72,409.72,339.11,4112,100,,,,
1786859299166,2026-08-16 05:48:19,27.55,39.87,39.22,25.26,26.22,25.85,458.72,409.72,339.11,4112,100,,,,
1786859899644,2026-08-16 05:58:19,27.54,39.91,39.23,25.19,25.55,25.66,458.69,409.69,339.11,4115,100,,,,
1786860500125,2026-08-16 06:08:20,27.54,39.87,39.23,25.19,26.11,25.66,458.69,409.69,339.11,4120,100,,,,
1786861096842,2026-08-16 06:18:16,27.55,39.87,39.23,25.15,26.14,25.63,458.69,409.69,339.11,4119,100,-82.0,,,2.7999992
1786871116687,2026-08-16 09:05:16,27.52,39.86,39.22,25.08,26.11,25.66,458.65,409.66,339.08,4123,100,,,,
1786871717173,2026-08-16 09:15:17,27.5,39.85,39.22,25.08,26.18,25.7,458.62,409.66,339.08,4118,100,,,,
1786872317647,2026-08-16 09:25:17,27.48,39.91,39.21,25.04,25.44,25.77,458.59,409.66,339.08,4118,100,,,,
1786872918124,2026-08-16 09:35:18,27.49,39.86,39.22,25.01,26.14,25.63,458.59,409.66,339.08,4119,100,,,,
1786873518607,2026-08-16 09:45:18,27.49,39.9,39.22,25.01,25.44,25.7,458.59,409.62,339.08,4118,100,,,,
1786874119086,2026-08-16 09:55:19,27.46,39.85,39.27,24.97,26.07,24.93,458.55,409.62,339.05,4117,100,,,,
1786874719593,2026-08-16 10:05:19,27.46,39.9,39.2,24.97,25.26,25.7,458.55,409.59,339.05,4117,100,,,,
1786875316225,2026-08-16 10:15:16,27.46,39.83,39.21,24.97,26.22,25.63,458.55,409.59,339.05,4121,100,-84.0,,,
1786885604746,2026-08-16 13:06:44,27.47,39.81,39.19,24.93,26.4,25.92,458.55,409.59,339.05,4117,100,,,,
1786886205362,2026-08-16 13:16:45,27.46,39.82,39.21,24.97,26.14,25.63,458.55,409.56,339.05,4121,100,,,,
1786886805856,2026-08-16 13:26:45,27.45,39.8,39.21,25.01,26.4,25.63,458.55,409.56,339.05,4117,100,,,,
1786887406516,2026-08-16 13:36:46,27.48,39.83,39.2,25.04,25.99,25.74,458.59,409.56,339.05,4121,100,,,,
1786888007083,2026-08-16 13:46:47,27.5,39.88,39.23,25.08,25.55,25.55,458.62,409.59,339.08,4117,100,,,,
1786888607714,2026-08-16 13:56:47,27.52,39.86,39.22,25.12,25.81,25.66,458.65,409.59,339.08,4121,100,,,,
1786889208339,2026-08-16 14:06:48,27.54,39.88,39.23,25.19,25.59,25.48,458.69,409.59,339.08,4121,100,,,,
1786889804203,2026-08-16 14:16:44,27.56,39.84,39.23,25.22,26.03,25.66,458.72,409.59,339.11,4117,100,23.0,,,
1786900273967,2026-08-16 17:11:13,27.58,39.84,39.23,25.26,26.03,25.7,458.76,409.59,339.11,4124,100,,,,
1786900874445,2026-08-16 17:21:14,27.6,39.9,39.24,25.33,25.33,25.55,458.79,409.59,339.11,4120,100,,,,
1786901474929,2026-08-16 17:31:14,27.58,39.87,39.24,25.41,25.63,25.59,458.79,409.59,339.11,4118,100,,,,
1786902075408,2026-08-16 17:41:15,27.6,39.91,39.23,25.48,25.26,25.92,458.83,409.62,339.15,4115,100,,,,
1786902676135,2026-08-16 17:51:16,27.63,39.9,39.24,25.48,25.37,25.74,458.86,409.62,339.15,4117,100,,,,
1786903276606,2026-08-16 18:01:16,27.61,39.91,39.28,25.55,25.33,25.26,458.86,409.62,339.15,4119,100,,,,
1786903877093,2026-08-16 18:11:17,27.61,39.86,39.25,25.55,25.96,25.66,458.86,409.62,339.15,4119,100,,,,
1786904473564,2026-08-16 18:21:13,27.63,39.84,39.23,25.63,26.14,25.92,458.9,409.62,339.15,4122,100,-87.0,-140.0,-3.0,
1786914505005,2026-08-16 21:08:25,27.62,40.0,39.24,25.7,24.19,25.77,458.9,409.62,339.15,4114,100,,,,
1786915106840,2026-08-16 21:18:26,27.62,39.9,39.23,25.7,25.41,25.66,458.9,409.62,339.11,4118,100,,,,
1786915707579,2026-08-16 21:28:27,27.62,39.9,39.23,25.7,25.41,25.66,458.9,409.62,339.11,4119,100,,,,
1786916308049,2026-08-16 21:38:28,27.61,39.88,39.21,25.74,25.63,25.88,458.9,409.62,339.11,4118,100,,,,
1786916908541,2026-08-16 21:48:28,27.61,39.84,39.3,25.74,26.18,24.83,458.9,409.62,339.11,4117,100,,,,
1786917509011,2026-08-16 21:58:29,27.57,39.84,39.23,25.77,26.14,25.63,458.86,409.62,339.11,4118,100,,,,
1786918109488,2026-08-16 22:08:29,27.57,39.87,39.22,25.74,25.81,25.66,458.86,409.62,339.08,4118,100,,,,
1786918704286,2026-08-16 22:18:24,27.55,39.88,39.23,25.74,25.63,25.59,458.83,409.62,339.08,4113,100,-90.0,,,
1786928738766,2026-08-17 01:05:38,27.55,39.89,39.25,25.74,25.48,25.33,458.83,409.62,339.08,4118,100,,,,
1786929339486,2026-08-17 01:15:39,27.52,39.82,39.21,25.7,26.25,25.63,458.79,409.59,339.05,4116,100,,,,
1786929939967,2026-08-17 01:25:39,27.53,39.88,39.18,25.66,25.48,25.99,458.79,409.59,339.05,4116,100,,,,
1786930540612,2026-08-17 01:35:40,27.5,39.88,39.2,25.66,25.52,25.63,458.76,409.59,339.02,4117,100,,,,
1786931141087,2026-08-17 01:45:41,27.47,39.81,39.2,25.63,26.29,25.63,458.72,409.56,339.02,4115,100,,,,
1786931741727,2026-08-17 01:55:41,27.46,39.81,39.21,25.59,26.25,25.3,458.69,409.56,338.99,4118,100,,,,
1786932342238,2026-08-17 02:05:42,27.46,39.81,39.19,25.59,26.11,25.63,458.69,409.52,338.99,4118,100,,,,
1786932938287,2026-08-17 02:15:38,27.43,39.8,39.21,25.55,26.29,25.26,458.65,409.52,338.96,4118,100,-89.0,,,
1786943489458,2026-08-17 05:11:29,27.41,39.79,39.16,25.52,26.22,25.81,458.62,409.49,338.96,4115,100,,,,
1786944090161,2026-08-17 05:21:30,27.39,39.78,39.17,25.48,26.25,25.55,458.59,409.46,338.93,4115,100,,,,
1786944690762,2026-08-17 05:31:30,27.37,39.8,39.14,25.41,26.07,25.92,458.55,409.46,338.93,4121,100,,,,
1786945291420,2026-08-17 05:41:31,27.37,39.83,39.15,25.41,25.55,25.7,458.55,409.43,338.9,4115,100,,,,
1786945892179,2026-08-17 05:51:32,27.32,39.79,39.14,25.37,25.96,25.74,458.48,409.43,338.9,4116,100,,,,
1786946492840,2026-08-17 06:01:32,27.3,39.77,39.12,25.33,26.25,25.92,458.45,409.43,338.87,4115,100,,,,
1786947093595,2026-08-17 06:11:33,27.27,39.82,39.13,25.3,25.48,25.7,458.41,409.39,338.87,4122,100,,,,
1786947688902,2026-08-17 06:21:28,27.26,39.81,39.14,25.22,25.55,25.59,458.38,409.39,338.87,4117,100,19.0,,,
1786958085582,2026-08-17 09:14:45,27.26,39.75,39.13,25.19,26.22,25.7,458.38,409.36,338.87,4120,100,,,,
1786958686065,2026-08-17 09:24:46,27.24,39.79,39.11,25.15,25.7,25.85,458.34,409.36,338.84,4119,100,,,,
1786959286772,2026-08-17 09:34:46,27.22,39.76,39.12,25.12,26.14,25.74,458.31,409.36,338.84,4122,100,,,,
1786959887251,2026-08-17 09:44:47,27.23,39.74,39.12,25.08,26.4,25.7,458.31,409.36,338.84,4117,100,,,,
1786960487728,2026-08-17 09:54:47,27.23,39.75,39.1,25.04,26.11,25.96,458.31,409.33,338.84,4120,100,,,,
1786961088213,2026-08-17 10:04:48,27.2,39.74,39.11,25.04,26.25,25.85,458.27,409.33,338.84,4123,100,,,,
1786961688860,2026-08-17 10:14:48,27.19,39.77,39.11,24.97,25.7,25.74,458.24,409.29,338.81,4123,100,,,,
1786962285106,2026-08-17 10:24:45,27.25,39.8,39.09,24.97,25.48,25.92,458.31,409.33,338.81,4120,100,-87.0,-116.0,-18.0,-3.6000004
1786972310777,2026-08-17 13:11:50,27.2,39.81,39.11,24.9,25.33,25.7,458.24,409.33,338.81,4118,100,,,,
1786972911491,2026-08-17 13:21:51,27.23,39.77,39.12,24.9,25.85,25.77,458.27,409.33,338.84,4121,100,,,,
1786973511968,2026-08-17 13:31:51,27.24,39.75,40.86,24.86,26.37,25.41,458.27,409.39,343.34,4126,100,,,,
1786974112462,2026-08-17 13:41:52,27.21,39.84,41.94,24.83,26.11,25.74,458.24,409.62,346.47,4119,100,,,,
1786974712945,2026-08-17 13:51:52,27.19,39.89,41.95,24.79,26.07,25.74,458.2,409.76,346.5,4119,100,,,,
1786975313654,2026-08-17 14:01:53,27.19,39.91,41.91,24.79,25.99,25.66,458.2,409.79,346.38,4119,100,,,,
1786975914127,2026-08-17 14:11:54,27.19,39.92,41.81,24.76,26.03,25.66,458.2,409.82,346.07,4120,100,,,,
1786976510368,2026-08-17 14:21:50,27.17,39.91,41.72,24.76,26.07,25.81,458.17,409.82,345.85,4122,100,-82.0,,,
1786986539806,2026-08-17 17:08:59,27.17,39.9,41.65,24.76,26.07,25.59,458.17,409.79,345.6,4120,100,,,,
1786987140287,2026-08-17 17:19:00,27.18,39.91,41.53,24.68,25.99,25.7,458.17,409.79,345.29,4117,100,,,,
1786987740768,2026-08-17 17:29:00,27.14,39.91,41.36,24.72,25.99,25.74,458.13,409.79,344.8,4120,100,,,,
1786988341246,2026-08-17 17:39:01,27.15,39.87,41.2,24.68,26.37,25.85,458.13,409.76,344.39,4118,100,,,,
1786988941725,2026-08-17 17:49:01,27.14,39.93,41.05,24.72,25.55,25.3,458.13,409.76,343.84,4126,100,,,,
1786989542210,2026-08-17 17:59:02,27.15,39.99,40.82,24.68,24.68,25.99,458.13,409.72,343.37,4119,100,,,,
1786990142688,2026-08-17 18:09:02,27.12,39.93,40.75,24.68,25.33,25.3,458.1,409.69,343.03,4120,100,,,,
1786990739408,2026-08-17 18:18:59,27.14,39.89,40.56,24.61,25.88,25.66,458.1,409.69,342.57,4118,100,-85.0,,,
1787000776289,2026-08-17 21:06:16,27.13,39.88,40.4,24.65,25.81,25.59,458.1,409.66,342.14,4118,100,,,,
1787001377652,2026-08-17 21:16:17,27.14,39.85,40.43,24.61,25.99,25.19,458.1,409.62,342.14,4117,100,,,,
1787001978201,2026-08-17 21:26:18,27.14,39.86,40.32,24.58,25.92,25.74,458.1,409.62,341.95,4116,100,,,,
1787002578710,2026-08-17 21:36:18,27.12,39.89,40.15,24.54,25.41,25.59,458.06,409.59,341.46,4118,100,,,,
1787003180202,2026-08-17 21:46:20,27.11,39.86,40.02,24.58,25.85,25.7,458.06,409.59,341.15,4119,100,,,,
1787003780732,2026-08-17 21:56:20,27.12,39.9,39.95,24.54,25.22,25.7,458.06,409.56,340.96,4119,100,,,,
1787004381166,2026-08-17 22:06:21,27.12,39.9,39.94,24.54,25.15,25.19,458.06,409.56,340.84,4118,100,,,,
1787004975808,2026-08-17 22:16:15,27.1,39.87,39.9,24.47,25.33,25.3,458.03,409.52,340.75,4117,100,-90.0,,,
1787015011538,2026-08-18 01:03:31,27.1,39.86,39.82,24.47,25.33,25.66,458.03,409.49,340.62,4118,100,,,,
1787015612883,2026-08-18 01:13:32,27.08,39.88,39.79,24.47,25.12,25.55,458.0,409.49,340.53,4117,100,,,,
1787016213450,2026-08-18 01:23:33,27.09,39.87,39.77,24.43,25.19,25.59,458.0,409.46,340.47,4119,100,,,,
1787016813993,2026-08-18 01:33:33,27.09,39.87,39.75,24.4,25.12,25.41,458.0,409.46,340.38,4116,100,,,,
1787017414585,2026-08-18 01:43:34,27.06,39.81,39.72,24.36,25.74,25.52,457.96,409.43,340.32,4117,100,,,,
1787018016454,2026-08-18 01:53:36,27.04,39.8,39.68,24.33,25.7,25.48,457.93,409.39,340.22,4119,100,,,,
1787018616925,2026-08-18 02:03:36,27.05,39.87,39.65,24.29,24.9,25.55,457.93,409.39,340.16,4120,100,,,,
1787019210898,2026-08-18 02:13:30,27.06,39.83,39.64,24.26,25.26,25.41,457.93,409.36,340.1,4121,100,-90.0,,,
1787029248534,2026-08-18 05:00:48,27.02,39.82,39.61,24.26,25.41,25.52,457.89,409.36,340.04,4120,100,,,,
1787029849011,2026-08-18 05:10:49,27.03,39.79,39.59,24.22,25.63,25.48,457.89,409.33,339.98,4121,100,,,,
1787030449489,2026-08-18 05:20:49,27.01,39.77,39.56,24.19,25.63,25.52,457.86,409.29,339.92,4118,100,,,,
1787031049970,2026-08-18 05:30:49,27.02,39.82,39.56,24.15,25.04,25.33,457.86,409.29,339.88,4117,100,,,,
1787031650447,2026-08-18 05:40:50,26.99,39.77,39.52,24.12,25.59,25.55,457.82,409.26,339.82,4117,100,,,,
1787032250928,2026-08-18 05:50:50,27.0,39.82,39.51,24.08,24.97,25.44,457.82,409.26,339.76,4120,100,,,,
1787032851407,2026-08-18 06:00:51,26.98,39.76,39.49,24.05,25.59,25.44,457.79,409.23,339.73,4117,100,,,,
1787033448129,2026-08-18 06:10:48,26.99,39.74,39.48,24.01,25.63,25.41,457.79,409.19,339.7,4118,100,-85.0,,,
1787043474529,2026-08-18 08:57:54,26.96,39.9,39.46,23.97,23.66,25.44,457.75,409.19,339.64,4119,100,,,,
1787044075004,2026-08-18 09:07:55,26.96,39.74,39.44,23.97,25.55,25.55,457.75,409.16,339.61,4123,100,,,,
1787044675726,2026-08-18 09:17:55,26.96,39.74,39.44,23.94,25.55,25.37,457.75,409.16,339.58,4117,100,,,,
1787045276210,2026-08-18 09:27:56,26.95,39.73,39.43,23.9,25.63,25.3,457.72,409.16,339.55,4124,100,,,,
1787045876686,2026-08-18 09:37:56,26.95,39.76,39.41,23.87,25.19,25.41,457.72,409.13,339.51,4121,100,,,,
1787046477167,2026-08-18 09:47:57,26.95,39.79,39.43,23.87,24.79,25.01,457.72,409.13,339.48,4122,100,,,,
1787047077649,2026-08-18 09:57:57,26.96,39.72,39.39,23.83,25.44,25.37,457.72,409.09,339.45,4120,100,,,,
1787047674127,2026-08-18 10:07:54,26.93,39.76,39.38,23.83,25.01,25.33,457.68,409.09,339.42,4119,100,-84.0,,,
1787057698687,2026-08-18 12:54:58,26.94,39.72,39.38,23.76,25.41,25.33,457.68,409.06,339.42,4119,100,,,,
1787058299176,2026-08-18 13:04:59,26.93,39.72,39.39,23.8,25.52,25.37,457.68,409.09,339.45,4124,100,,,,
1787058899647,2026-08-18 13:14:59,27.0,39.95,43.0,23.76,25.22,25.3,457.75,409.72,349.58,4122,100,,,,
1787059500126,2026-08-18 13:25:00,27.01,40.38,43.22,23.73,25.15,25.48,457.75,411.05,350.29,4120,100,,,,
1787060100607,2026-08-18 13:35:00,27.01,41.33,43.26,23.7,25.12,25.26,457.75,414.11,350.36,4121,100,,,,
1787060701087,2026-08-18 13:45:01,27.01,41.33,43.24,23.7,25.01,25.26,457.75,414.08,350.29,4119,100,,,,
1787061301567,2026-08-18 13:55:01,27.06,41.27,43.22,23.66,25.3,25.37,457.79,413.94,350.26,4121,100,,,,
1787061898289,2026-08-18 14:04:58,27.06,41.22,43.22,23.66,25.55,25.19,457.79,413.84,350.23,4117,100,-85.0,,,
1787071926458,2026-08-18 16:52:06,27.08,41.21,43.21,23.7,24.97,25.19,457.82,413.68,350.2,4120,100,,,,
1787072526931,2026-08-18 17:02:06,27.08,41.14,43.2,23.7,25.04,25.15,457.82,413.44,350.17,4121,100,,,,
1787073127408,2026-08-18 17:12:07,27.12,41.03,43.18,23.66,25.63,25.33,457.86,413.24,350.14,4120,100,,,,
1787073727977,2026-08-18 17:22:07,27.12,41.03,43.17,23.66,24.97,25.19,457.86,413.08,350.08,4119,100,,,,
1787074328448,2026-08-18 17:32:08,27.15,40.97,43.16,23.63,25.26,25.15,457.89,412.94,350.04,4119,100,,,,
1787074928960,2026-08-18 17:42:08,27.15,40.91,43.14,23.63,25.48,25.19,457.89,412.81,349.98,4120,100,,,,
1787075529486,2026-08-18 17:52:09,27.18,40.96,43.15,23.66,24.51,25.15,457.93,412.75,350.01,4119,100,,,,
1787076125965,2026-08-18 18:02:05,27.19,41.34,43.26,23.63,24.51,23.9,457.93,413.98,350.08,4118,100,-86.0,,,
1787086152127,2026-08-18 20:49:12,27.21,41.28,43.16,23.63,25.26,25.12,457.96,413.98,350.04,4120,100,,,,
1787086752606,2026-08-18 20:59:12,27.25,41.21,43.15,23.63,25.22,25.19,458.0,413.74,350.01,4120,100,,,,
1787087353085,2026-08-18 21:09:13,27.27,41.2,43.15,23.63,24.51,25.01,458.03,413.51,349.98,4120,100,,,,
1787087953566,2026-08-18 21:19:13,27.28,41.12,43.14,23.59,24.58,25.04,458.03,413.28,349.95,4118,100,,,,
1787088554046,2026-08-18 21:29:14,27.3,41.08,43.14,23.63,24.43,24.97,458.06,413.11,349.92,4115,100,,,,
1787089154524,2026-08-18 21:39:14,27.31,41.01,43.11,23.59,24.79,25.08,458.06,412.98,349.86,4112,100,,,,
1787089755013,2026-08-18 21:49:15,27.34,40.97,43.09,23.59,24.68,24.9,458.1,412.81,349.76,4119,100,,,,
1787090351726,2026-08-18 21:59:11,27.34,40.96,43.06,23.59,24.43,25.04,458.1,412.71,349.7,4116,100,-82.0,,,
1787100381805,2026-08-19 00:46:21,27.35,40.87,43.02,23.56,25.04,24.93,458.1,412.58,349.55,4120,100,,,,
1787100982285,2026-08-19 00:56:22,27.38,40.86,42.96,23.56,24.47,25.01,458.13,412.41,349.39,4119,100,,,,
1787101582765,2026-08-19 01:06:22,27.39,40.85,42.94,23.52,24.43,24.76,458.13,412.35,349.27,4119,100,,,,
1787102183247,2026-08-19 01:16:23,27.39,40.77,42.88,23.52,24.97,25.08,458.13,412.25,349.14,4117,100,,,,
1787102783724,2026-08-19 01:26:23,27.39,40.81,42.86,23.52,24.26,24.9,458.13,412.18,349.05,4116,100,,,,
1787103384208,2026-08-19 01:36:24,27.42,40.71,42.82,23.52,25.3,24.83,458.17,412.11,348.92,4117,100,,,,
1787103984926,2026-08-19 01:46:24,27.43,40.65,42.78,23.45,24.97,24.9,458.17,411.85,348.8,4119,100,,,,
1787104581405,2026-08-19 01:56:21,27.43,40.67,42.77,23.45,24.33,24.58,458.17,411.75,348.71,4121,100,-89.0,,,
1787114604049,2026-08-19 04:43:24,27.43,40.64,42.69,23.45,24.19,24.86,458.17,411.62,348.52,4117,100,,,,
1787115204528,2026-08-19 04:53:24,27.44,40.58,42.46,23.42,24.54,24.9,458.17,411.52,347.84,4119,100,,,,
1787115805010,2026-08-19 05:03:25,27.44,40.57,42.37,23.42,24.36,24.97,458.17,411.45,347.59,4118,100,,,,
1787116405489,2026-08-19 05:13:25,27.44,40.56,42.29,23.42,24.19,24.9,458.17,411.38,347.34,4115,100,,,,
1787117005967,2026-08-19 05:23:25,27.45,40.69,43.15,23.38,24.93,23.59,458.17,411.98,349.67,4118,100,,,,
1787117606450,2026-08-19 05:33:26,27.48,41.67,43.21,23.35,24.22,23.63,458.2,415.01,349.86,4119,100,,,,
1787118206926,2026-08-19 05:43:26,27.48,41.97,43.12,23.35,24.33,24.9,458.2,416.04,349.86,4118,100,,,,
1787118803569,2026-08-19 05:53:23,27.52,41.81,43.14,23.31,25.19,24.68,458.24,415.71,349.86,4119,100,-85.0,,,
1787128831312,2026-08-19 08:40:31,27.56,42.01,43.13,23.28,24.47,24.9,458.27,416.21,349.89,4115,100,,,,
1787129431650,2026-08-19 08:50:31,27.59,42.05,43.13,23.28,24.86,24.9,458.31,416.44,349.89,4121,100,,,,
1787130032126,2026-08-19 09:00:32,27.62,41.91,43.14,23.28,24.86,24.68,458.34,415.98,349.86,4118,100,,,,
1787130632608,2026-08-19 09:10:32,27.63,41.82,43.12,23.24,24.83,24.76,458.34,415.68,349.83,4121,100,,,,
1787131233090,2026-08-19 09:20:33,27.67,41.97,43.13,23.21,24.83,24.76,458.38,416.18,349.86,4117,100,,,,
1787131833566,2026-08-19 09:30:33,27.69,42.05,43.11,23.21,24.43,25.01,458.41,416.34,349.86,4122,100,,,,
1787132434047,2026-08-19 09:40:34,27.74,42.03,43.14,23.18,24.76,24.68,458.45,416.38,349.86,4120,100,,,,
1787133030615,2026-08-19 09:50:30,27.76,41.97,43.12,23.18,24.26,24.76,458.48,416.04,349.83,4120,100,-81.0,,,
1787143062768,2026-08-19 12:37:42,27.77,41.85,43.12,23.14,24.79,24.68,458.48,415.74,349.8,4119,100,,,,
1787143662769,2026-08-19 12:47:42,27.81,41.81,43.12,23.14,24.76,24.65,458.52,415.61,349.8,4115,100,,,,
1787144262771,2026-08-19 12:57:42,27.81,41.97,43.12,23.14,24.05,24.61,458.52,415.98,349.8,4121,100,,,,
1787144862781,2026-08-19 13:07:42,27.87,42.2,43.13,23.11,24.15,24.61,458.59,416.81,349.83,4119,100,,,,
1787145462781,2026-08-19 13:17:42,27.89,42.16,43.13,23.14,24.83,24.61,458.62,416.84,349.83,4118,100,,,,
1787146064422,2026-08-19 13:27:44,27.96,42.03,43.12,23.11,25.01,24.68,458.69,416.44,349.8,4120,100,,,,
1787146664422,2026-08-19 13:37:44,28.0,41.94,43.11,23.07,24.65,24.65,458.72,416.04,349.76,4121,100,,,,
1787147262768,2026-08-19 13:47:42,28.0,41.94,43.11,23.07,23.9,24.54,458.72,415.84,349.76,4120,100,-81.0,,,
1787157288850,2026-08-19 16:34:48,28.0,41.81,43.1,23.07,24.68,24.61,458.72,415.61,349.73,4119,100,,,,
1787157889328,2026-08-19 16:44:49,28.03,41.74,43.13,23.07,24.83,24.12,458.76,415.41,349.73,4119,100,,,,
1787158490372,2026-08-19 16:54:50,28.06,41.74,43.09,23.04,24.4,24.54,458.79,415.28,349.7,4118,100,,,,
1787159090767,2026-08-19 17:04:50,28.1,41.66,43.08,23.04,24.83,24.68,458.83,415.11,349.67,4123,100,,,,
1787159691250,2026-08-19 17:14:51,28.11,41.61,43.08,23.0,24.86,24.47,458.83,414.98,349.64,4119,100,,,,
1787160291728,2026-08-19 17:24:51,28.13,42.02,43.11,23.0,23.97,24.26,458.86,416.14,349.7,4115,100,,,,
1787160892207,2026-08-19 17:34:52,28.19,42.12,43.09,23.0,24.51,24.65,458.93,416.61,349.7,4118,100,,,,
1787161488445,2026-08-19 17:44:48,28.26,42.22,43.1,23.0,23.97,24.4,459.0,416.84,349.7,4116,100,-80.0,,,
1787171512847,2026-08-19 20:31:52,28.32,42.28,43.1,23.0,23.7,24.43,459.07,416.98,349.7,4120,100,,,,
1787172113334,2026-08-19 20:41:53,28.42,42.27,43.11,22.97,24.26,24.19,459.18,417.08,349.67,4120,100,,,,
1787172713807,2026-08-19 20:51:53,28.47,42.22,43.08,22.97,23.87,24.4,459.24,416.81,349.64,4119,100,,,,
1787173314293,2026-08-19 21:01:54,28.6,42.26,43.07,22.94,24.01,24.58,459.38,416.98,349.64,4117,100,,,,
1787173914765,2026-08-19 21:11:54,28.78,42.03,43.08,22.97,24.54,24.51,459.59,416.31,349.64,4116,100,,,,
1787174515254,2026-08-19 21:21:55,29.01,41.97,43.07,22.94,24.26,24.4,459.84,416.04,349.61,4119,100,,,,
1787175115718,2026-08-19 21:31:55,29.22,41.91,43.07,22.9,24.47,24.43,460.08,415.88,349.61,4119,100,,,,
1787175712448,2026-08-19 21:41:52,29.38,41.88,43.07,22.87,24.33,24.4,460.25,415.74,349.61,4120,100,-88.0,,,
1787185735643,2026-08-20 00:28:55,29.48,41.87,43.06,22.87,23.8,24.4,460.36,415.58,349.58,4121,100,,,,
1787186336131,2026-08-20 00:38:56,29.51,41.78,43.08,22.83,24.33,24.22,460.39,415.41,349.58,4116,100,,,,
1787186936604,2026-08-20 00:48:56,29.52,41.74,43.07,22.8,24.4,24.19,460.39,415.28,349.55,4122,100,,,,
1787187537083,2026-08-20 00:58:57,29.5,41.69,43.06,22.77,24.33,24.33,460.36,415.11,349.55,4120,100,,,,
1787188137565,2026-08-20 01:08:57,29.5,41.64,43.05,22.73,24.58,24.33,460.36,415.01,349.52,4116,100,,,,
1787188738044,2026-08-20 01:18:58,29.47,41.63,43.04,22.73,24.29,24.26,460.32,414.88,349.48,4119,100,,,,
1787189338523,2026-08-20 01:28:58,29.44,41.58,43.03,22.73,23.97,24.33,460.29,414.64,349.45,4115,100,,,,
1787189935243,2026-08-20 01:38:55,29.42,41.56,43.03,22.66,23.63,24.22,460.25,414.51,349.45,4119,100,-89.0,,,
1787199965806,2026-08-20 04:26:05,29.4,41.48,43.03,22.66,24.33,24.19,460.22,414.41,349.42,4115,100,,,,
1787200566284,2026-08-20 04:36:06,29.36,41.44,42.99,22.66,24.33,24.61,460.18,414.28,349.39,4119,100,,,,
1787201166767,2026-08-20 04:46:06,29.34,41.42,43.0,22.63,24.29,24.26,460.15,414.18,349.36,4117,100,,,,
1787201767247,2026-08-20 04:56:07,29.31,41.44,43.0,22.6,23.63,24.19,460.11,414.11,349.33,4117,100,,,,
1787202367728,2026-08-20 05:06:07,29.29,41.41,42.98,22.56,23.63,24.26,460.08,414.01,349.3,4119,100,,,,
1787202968208,2026-08-20 05:16:08,29.26,41.34,42.98,22.56,24.19,24.12,460.04,413.91,349.27,4118,100,,,,
1787203568687,2026-08-20 05:26:08,29.24,41.36,42.99,22.5,23.59,23.83,460.01,413.81,349.24,4119,100,,,,
1787204165406,2026-08-20 05:36:05,29.25,41.3,42.96,22.46,24.05,23.97,460.01,413.74,349.17,4117,100,-87.0,,,
1787214187326,2026-08-20 08:23:07,29.22,41.27,42.93,22.46,24.19,24.29,459.97,413.68,349.14,4116,100,,,,
1787214787805,2026-08-20 08:33:07,29.19,41.25,42.92,22.46,24.22,24.12,459.94,413.61,349.08,4119,100,,,,
1787215388286,2026-08-20 08:43:08,29.17,41.22,42.9,22.43,24.43,24.12,459.91,413.58,349.02,4114,100,,,,
1787215988772,2026-08-20 08:53:08,29.14,41.24,42.87,22.39,24.08,24.05,459.87,413.54,348.92,4122,100,,,,
1787216589244,2026-08-20 09:03:09,29.12,41.28,42.85,22.39,23.38,23.9,459.84,413.51,348.8,4128,100,,,,
1787217189727,2026-08-20 09:13:09,29.12,41.21,42.82,22.36,24.05,24.05,459.84,413.44,348.74,4120,100,,,,
1787217790207,2026-08-20 09:23:10,29.09,41.3,42.78,22.36,22.73,24.08,459.8,413.41,348.64,4118,100,,,,
1787218386865,2026-08-20 09:33:06,29.07,41.19,42.76,22.33,23.9,24.12,459.77,413.34,348.58,4128,100,-85.0,,,
1787228411007,2026-08-20 12:20:11,29.07,41.12,42.73,22.33,24.01,24.05,459.77,413.14,348.49,4118,100,,,,
1787229011729,2026-08-20 12:30:11,29.03,41.15,42.7,22.33,23.35,24.08,459.73,413.08,348.4,4121,100,,,,
1787229612207,2026-08-20 12:40:12,29.01,40.85,42.71,22.33,23.97,23.63,459.7,412.25,348.33,4119,100,,,,
1787230212711,2026-08-20 12:50:12,28.97,40.82,42.65,22.33,23.9,24.08,459.66,412.15,348.24,4123,100,,,,
1787230813174,2026-08-20 13:00:13,28.97,40.83,42.64,22.33,23.35,23.94,459.66,412.05,348.18,4128,100,,,,
1787231413654,2026-08-20 13:10:13,28.97,40.76,42.61,22.33,23.9,23.87,459.66,411.95,348.08,4118,100,,,,
1787232014130,2026-08-20 13:20:14,28.94,40.78,42.59,22.36,23.24,23.94,459.63,411.85,348.02,4120,100,,,,
1787232610533,2026-08-20 13:30:10,28.94,40.74,42.55,22.36,23.42,23.9,459.63,411.78,347.9,4121,100,-86.0,,,
1787242645017,2026-08-20 16:17:25,28.93,40.72,42.4,22.39,23.35,23.59,459.63,411.68,347.4,4123,100,,,,
1787243245493,2026-08-20 16:27:25,28.93,40.69,42.33,22.39,23.56,23.9,459.63,411.65,347.25,4115,100,,,,
1787243845967,2026-08-20 16:37:25,28.92,40.7,42.29,22.46,23.21,23.9,459.63,411.58,347.12,4120,100,,,,
1787244446464,2026-08-20 16:47:26,28.92,40.68,42.24,22.46,23.28,23.97,459.63,411.55,347.0,4117,100,,,,
1787245046928,2026-08-20 16:57:26,28.91,40.66,42.22,22.5,23.35,23.94,459.63,411.48,346.93,4116,100,,,,
1787245647416,2026-08-20 17:07:27,28.9,40.67,42.22,22.53,23.04,23.49,459.63,411.45,346.84,4123,100,,,,
1787246247890,2026-08-20 17:17:27,28.9,40.59,42.15,22.53,23.9,23.9,459.63,411.42,346.72,4120,100,,,,
1787246844607,2026-08-20 17:27:24,28.89,40.58,42.12,22.6,23.83,23.83,459.63,411.35,346.62,4117,100,-83.0,,,
1787256882133,2026-08-20 20:14:42,28.89,40.57,42.08,22.6,23.87,23.87,459.63,411.32,346.5,4118,100,,,,
1787257482458,2026-08-20 20:24:42,28.88,40.54,42.07,22.63,24.05,23.76,459.63,411.28,346.44,4120,100,,,,
1787258082924,2026-08-20 20:34:42,28.88,40.55,42.04,22.63,23.8,23.7,459.63,411.25,346.35,4119,100,,,,
1787258683405,2026-08-20 20:44:43,28.88,40.65,42.02,22.63,22.46,23.66,459.63,411.25,346.28,4120,100,,,,
1787259283884,2026-08-20 20:54:43,28.88,40.55,42.0,22.63,23.63,23.7,459.63,411.22,346.22,4119,100,,,,
1787259884364,2026-08-20 21:04:44,28.88,40.57,41.97,22.66,23.21,23.83,459.63,411.18,346.16,4120,100,,,,
1787260484847,2026-08-20 21:14:44,28.84,40.51,41.95,22.66,23.83,23.9,459.59,411.15,346.13,4120,100,,,,
1787261080686,2026-08-20 21:24:40,28.84,40.56,41.95,22.66,23.21,23.63,459.59,411.15,346.07,4121,100,-89.0,-124.0,-19.0,-3.7999992
1787271408522,2026-08-21 00:16:48,28.84,40.51,41.99,22.66,23.83,23.7,459.59,411.15,346.19,4119,100,,,,
1787272009290,2026-08-21 00:26:49,28.82,40.55,41.92,22.66,23.21,24.05,459.56,411.12,346.07,4120,100,,,,
1787272609975,2026-08-21 00:36:49,28.82,40.55,41.91,22.63,23.07,23.83,459.56,411.08,346.0,4119,100,,,,
1787273210714,2026-08-21 00:46:50,28.79,40.54,41.9,22.63,23.24,23.7,459.52,411.08,345.94,4121,100,,,,
1787273811374,2026-08-21 00:56:51,28.79,40.54,41.88,22.63,23.14,23.7,459.52,411.05,345.88,4116,100,,,,
1787274412014,2026-08-21 01:06:52,28.77,40.5,41.88,22.6,23.63,23.59,459.49,411.05,345.85,4117,100,,,,
1787275013549,2026-08-21 01:16:53,28.77,40.47,41.85,22.6,23.83,23.76,459.49,411.02,345.79,4121,100,,,,
1787275607850,2026-08-21 01:26:47,28.74,40.46,41.81,22.56,23.8,23.97,459.45,410.98,345.72,4118,100,17.0,,,
1787286073250,2026-08-21 04:21:13,28.73,40.5,41.81,22.5,23.35,23.66,459.42,410.98,345.66,4118,100,,,,
1787286673727,2026-08-21 04:31:13,28.73,40.47,41.79,22.46,23.56,23.7,459.42,410.95,345.63,4118,100,,,,
1787287274207,2026-08-21 04:41:14,28.7,40.49,41.74,22.46,23.18,23.63,459.38,410.92,345.45,4116,100,,,,
1787287874685,2026-08-21 04:51:14,28.71,40.43,41.71,22.43,23.76,23.76,459.38,410.88,345.41,4119,100,,,,
1787288475168,2026-08-21 05:01:15,28.69,40.43,41.71,22.39,23.76,23.63,459.35,410.88,345.38,4114,100,,,,
1787289075647,2026-08-21 05:11:15,28.66,40.47,41.69,22.36,23.14,23.63,459.31,410.85,345.32,4119,100,,,,
1787289676128,2026-08-21 05:21:16,28.66,40.42,41.67,22.33,23.87,23.63,459.31,410.85,345.26,4119,100,,,,
1787290272845,2026-08-21 05:31:12,28.65,40.55,41.66,22.29,22.03,23.7,459.28,410.82,345.23,4117,100,-86.0,-116.0,-3.0,
1787300299330,2026-08-21 08:18:19,28.62,40.46,41.64,22.26,23.0,23.63,459.24,410.79,345.17,4125,100,,,,
1787300899806,2026-08-21 08:28:19,28.63,40.44,41.62,22.19,23.11,23.63,459.24,410.75,345.11,4123,100,,,,
1787301500285,2026-08-21 08:38:20,28.61,40.45,41.58,22.16,23.07,23.52,459.21,410.75,344.98,4120,100,,,,
1787302100767,2026-08-21 08:48:20,28.59,40.37,41.57,22.13,23.97,23.56,459.18,410.72,344.95,4122,100,,,,
1787302701253,2026-08-21 08:58:21,28.6,40.52,41.55,22.09,21.86,23.52,459.18,410.69,344.89,4121,100,,,,
1787303301738,2026-08-21 09:08:21,28.56,40.42,41.53,22.09,23.0,23.49,459.14,410.65,344.83,4117,100,,,,
1787303902215,2026-08-21 09:18:22,28.54,40.41,41.37,22.06,23.07,23.66,459.11,410.62,344.42,4119,100,,,,
1787304498848,2026-08-21 09:28:18,28.54,40.38,41.37,22.06,23.21,23.49,459.11,410.59,344.36,4118,100,-84.0,,,
1787309870688,2026-08-21 10:57:50,28.51,40.4,41.34,22.06,23.0,23.52,459.07,410.59,344.3,4119,100,,,,
1787310471485,2026-08-21 11:07:51,28.51,40.39,41.26,22.03,22.9,23.7,459.07,410.52,344.11,4122,100,,,,
1787311071966,2026-08-21 11:17:51,28.5,40.37,41.23,21.99,23.0,23.87,459.04,410.49,344.05,4116,100,,,,
1787311670286,2026-08-21 11:27:50,28.49,40.31,41.22,22.03,23.63,23.56,459.04,410.45,343.96,4119,100,-82.0,,,
1787321701488,2026-08-21 14:15:01,28.5,40.36,41.18,21.99,22.94,23.45,459.04,410.45,343.84,4119,100,,,,
1787322302129,2026-08-21 14:25:02,28.5,40.32,41.16,21.99,23.52,23.63,459.04,410.45,343.8,4118,100,,,,
1787322902460,2026-08-21 14:35:02,28.49,40.3,41.13,22.03,23.49,23.63,459.04,410.39,343.74,4118,100,,,,
1787323503019,2026-08-21 14:45:03,28.49,40.28,41.09,22.03,23.7,23.76,459.04,410.39,343.65,4123,100,,,,
1787324103414,2026-08-21 14:55:03,28.48,40.28,41.08,22.06,23.63,23.45,459.04,410.35,343.56,4117,100,,,,
1787324703978,2026-08-21 15:05:03,28.48,40.27,41.06,22.06,23.76,23.52,459.04,410.35,343.5,4115,100,,,,
1787325304369,2026-08-21 15:15:04,28.48,40.3,41.03,22.09,23.24,23.38,459.04,410.32,343.4,4115,100,,,,
1787325901089,2026-08-21 15:25:01,28.47,40.31,41.0,22.13,23.07,23.38,459.04,410.32,343.31,4117,100,-87.0,,,
1787335933728,2026-08-21 18:12:13,28.49,40.32,40.97,22.13,22.8,23.38,459.07,410.29,343.22,4117,100,,,,
1787336534206,2026-08-21 18:22:14,28.48,40.27,40.92,22.19,23.49,23.42,459.07,410.29,343.09,4118,100,,,,
1787337134743,2026-08-21 18:32:14,28.48,40.25,40.9,22.19,23.76,23.38,459.07,410.29,343.03,4119,100,,,,
1787337735243,2026-08-21 18:42:15,28.48,40.32,40.88,22.19,22.87,23.35,459.07,410.29,342.97,4124,100,,,,
1787338335728,2026-08-21 18:52:15,28.51,40.29,40.85,22.23,22.97,23.28,459.11,410.25,342.88,4119,100,,,,
1787338936218,2026-08-21 19:02:16,28.54,40.38,42.54,22.23,23.42,23.07,459.14,410.62,347.71,4118,100,,,,
1787339536687,2026-08-21 19:12:16,28.53,40.66,42.96,22.26,22.94,23.63,459.14,411.38,349.11,4117,100,,,,
1787340133328,2026-08-21 19:22:13,28.56,40.66,42.98,22.26,23.42,23.38,459.18,411.52,349.11,4118,100,-88.0,,,
1787350167208,2026-08-21 22:09:27,28.59,40.67,42.95,22.26,23.42,23.35,459.21,411.55,349.02,4119,100,,,,
1787350767751,2026-08-21 22:19:27,28.58,40.72,42.92,22.29,22.73,23.28,459.21,411.55,348.89,4118,100,,,,
1787351368127,2026-08-21 22:29:28,28.58,40.67,42.89,22.29,23.42,23.21,459.21,411.55,348.8,4117,100,,,,
1787351968657,2026-08-21 22:39:28,28.61,40.66,42.84,22.29,23.42,23.35,459.24,411.52,348.68,4118,100,,,,
1787352569086,2026-08-21 22:49:29,28.62,40.68,42.84,22.26,23.04,22.7,459.24,411.48,348.55,4119,100,,,,
1787353169565,2026-08-21 22:59:29,28.62,40.68,42.77,22.26,22.87,23.38,459.24,411.45,348.46,4121,100,,,,
1787353770043,2026-08-21 23:09:30,28.62,40.63,42.74,22.26,23.42,23.28,459.24,411.42,348.36,4118,100,,,,
1787354366765,2026-08-21 23:19:26,28.62,40.61,42.71,22.23,23.52,23.28,459.24,411.38,348.27,4120,100,-90.0,,,
1787364396606,2026-08-22 02:06:36,28.62,40.65,42.68,22.23,22.87,23.31,459.24,411.35,348.18,4120,100,,,,
1787364997087,2026-08-22 02:16:37,28.63,40.6,42.66,22.19,23.38,23.38,459.24,411.32,348.12,4124,100,,,,
1787365597567,2026-08-22 02:26:37,28.6,40.6,42.65,22.23,23.31,23.21,459.21,411.28,348.05,4117,100,,,,
1787366198047,2026-08-22 02:36:38,28.6,40.58,42.62,22.19,23.42,23.28,459.21,411.25,347.99,4116,100,,,,
1787366798529,2026-08-22 02:46:38,28.62,40.57,42.59,22.13,23.42,23.28,459.21,411.22,347.9,4116,100,,,,
1787367399007,2026-08-22 02:56:39,28.62,40.57,42.58,22.13,23.28,22.87,459.21,411.18,347.77,4116,100,,,,
1787367999487,2026-08-22 03:06:39,28.62,40.59,42.52,22.13,22.8,23.18,459.21,411.15,347.65,4118,100,,,,
1787368596126,2026-08-22 03:16:36,28.59,40.65,42.43,22.13,21.89,23.28,459.18,411.12,347.4,4119,100,-89.0,,,
1787378621005,2026-08-22 06:03:41,28.6,40.56,42.28,22.06,23.0,23.28,459.18,411.08,346.97,4118,100,,,,
1787379221486,2026-08-22 06:13:41,28.6,40.55,42.22,22.06,22.87,23.52,459.18,411.02,346.84,4118,100,,,,
1787379821964,2026-08-22 06:23:41,28.58,40.51,42.21,22.03,23.42,23.24,459.14,411.02,346.75,4116,100,,,,
1787380422446,2026-08-22 06:33:42,28.58,40.6,42.14,21.99,21.93,23.49,459.14,410.95,346.59,4119,100,,,,
1787381022926,2026-08-22 06:43:42,28.56,40.52,42.12,21.96,22.8,23.28,459.11,410.92,346.5,4118,100,,,,
1787381623413,2026-08-22 06:53:43,28.57,40.51,42.1,21.93,22.73,23.35,459.11,410.88,346.44,4120,100,,,,
1787382223887,2026-08-22 07:03:43,28.58,40.46,42.07,21.89,23.38,23.31,459.11,410.88,346.35,4125,100,,,,
1787382820607,2026-08-22 07:13:40,28.55,40.46,42.06,21.86,23.35,23.31,459.07,410.85,346.31,4121,100,-88.0,,,
1787392838607,2026-08-22 10:00:38,28.55,40.46,42.01,21.86,23.28,23.52,459.07,410.85,346.22,4118,100,,,,
1787393439095,2026-08-22 10:10:39,28.56,40.5,42.0,21.83,22.7,23.24,459.07,410.82,346.13,4117,100,,,,
1787394039566,2026-08-22 10:20:39,28.53,40.43,41.97,21.83,23.28,23.18,459.04,410.75,346.03,4117,100,,,,
1787394640048,2026-08-22 10:30:40,28.54,40.42,41.92,21.79,23.31,23.24,459.04,410.72,345.91,4119,100,,,,
1787395240543,2026-08-22 10:40:40,28.54,40.42,41.93,21.76,23.21,22.9,459.04,410.69,345.85,4117,100,,,,
1787395841257,2026-08-22 10:50:41,28.51,40.41,41.86,21.76,23.28,23.35,459.0,410.69,345.76,4119,100,,,,
1787396441728,2026-08-22 11:00:41,28.51,40.4,41.85,21.76,23.31,23.21,459.0,410.65,345.69,4120,100,,,,
1787397038134,2026-08-22 11:10:38,28.48,40.38,41.82,21.76,23.45,23.14,458.97,410.62,345.6,4128,100,-91.0,,,
1787407064607,2026-08-22 13:57:44,28.48,40.37,41.74,21.79,23.24,22.83,458.97,410.55,345.29,4125,100,,,,
1787407665086,2026-08-22 14:07:45,28.48,40.36,41.65,21.76,23.28,23.21,458.97,410.52,345.11,4121,100,,,,
1787408265564,2026-08-22 14:17:45,28.48,40.34,41.61,21.79,23.42,23.14,458.97,410.49,344.98,4119,100,,,,
1787408866047,2026-08-22 14:27:46,28.48,40.41,41.57,21.79,22.5,23.07,458.97,410.49,344.86,4119,100,,,,
1787409466527,2026-08-22 14:37:46,28.49,40.34,41.52,21.83,23.21,23.18,459.0,410.45,344.73,4119,100,,,,
1787410067008,2026-08-22 14:47:47,28.48,40.38,41.49,21.89,22.6,23.14,459.0,410.42,344.64,4119,100,,,,
1787410667487,2026-08-22 14:57:47,28.48,40.33,41.47,21.89,23.14,22.73,459.0,410.39,344.49,4122,100,,,,
1787411264125,2026-08-22 15:07:44,28.51,40.37,41.25,21.93,22.6,23.04,459.04,410.39,343.93,4123,100,-84.0,,,
1787421298047,2026-08-22 17:54:58,28.51,40.31,41.16,21.93,23.18,23.11,459.04,410.35,343.71,4120,100,,,,
1787421898527,2026-08-22 18:04:58,28.52,40.37,41.12,21.99,22.46,23.11,459.07,410.35,343.59,4119,100,,,,
1787422499008,2026-08-22 18:14:59,28.51,40.35,41.1,22.03,22.53,22.8,459.07,410.32,343.46,4118,100,,,,
1787423099485,2026-08-22 18:24:59,28.51,40.3,41.03,22.06,23.24,23.14,459.07,410.32,343.34,4120,100,,,,
1787423707789,2026-08-22 18:35:07,28.54,40.32,40.99,22.06,22.94,23.21,459.11,410.32,343.25,4129,100,,,,
1787424309847,2026-08-22 18:45:09,28.53,40.35,40.96,22.13,22.56,23.14,459.11,410.32,343.16,4121,100,,,,
1787424910392,2026-08-22 18:55:10,28.52,40.31,40.93,22.16,23.0,23.07,459.11,410.29,343.06,4119,100,,,,
1787425497567,2026-08-22 19:04:57,28.56,40.29,40.91,22.13,23.18,22.73,459.14,410.29,342.94,4121,100,-88.0,,,
1787435532447,2026-08-22 21:52:12,28.55,40.29,40.89,22.16,23.21,22.63,459.14,410.29,342.85,4118,100,,,,
1787436132935,2026-08-22 22:02:12,28.54,40.32,40.84,22.19,22.87,23.07,459.14,410.29,342.82,4120,100,,,,
1787436733405,2026-08-22 22:12:13,28.54,40.32,40.82,22.19,22.6,23.14,459.14,410.25,342.78,4120,100,,,,
1787437333882,2026-08-22 22:22:13,28.52,40.32,40.81,22.19,22.66,22.87,459.11,410.25,342.69,4121,100,,,,
1787437934365,2026-08-22 22:32:14,28.52,40.29,40.77,22.19,23.0,23.07,459.11,410.25,342.63,4117,100,,,,
1787438534847,2026-08-22 22:42:14,28.52,40.33,40.76,22.19,22.5,23.07,459.11,410.25,342.6,4118,100,,,,
1787439135522,2026-08-22 22:52:15,28.49,40.3,40.77,22.16,22.77,22.83,459.07,410.22,342.57,4120,100,,,,
1787439732049,2026-08-22 23:02:12,28.49,40.26,40.75,22.16,23.24,22.94,459.07,410.22,342.54,4119,100,-87.0,,,
1787449759970,2026-08-23 01:49:19,28.47,40.26,40.71,22.13,23.35,23.0,459.04,410.22,342.44,4120,100,,,,
1787450360444,2026-08-23 01:59:20,28.48,40.25,40.69,22.09,23.24,23.07,459.04,410.19,342.41,4119,100,,,,
1787450960927,2026-08-23 02:09:20,28.44,40.3,40.68,22.09,22.6,23.04,459.0,410.19,342.38,4121,100,,,,
1787451561405,2026-08-23 02:19:21,28.42,40.25,40.66,22.06,23.18,23.11,458.97,410.15,342.32,4118,100,,,,
1787452161887,2026-08-23 02:29:21,28.43,40.24,40.65,22.03,23.28,23.0,458.97,410.15,342.29,4120,100,,,,
1787452762368,2026-08-23 02:39:22,28.41,40.27,40.63,21.96,22.83,23.0,458.93,410.15,342.23,4120,100,,,,
1787453362856,2026-08-23 02:49:22,28.41,40.28,40.61,21.96,22.6,23.0,458.93,410.12,342.17,4121,100,,,,
1787453959572,2026-08-23 02:59:19,28.41,40.28,40.58,21.93,22.63,23.04,458.93,410.12,342.1,4118,100,-90.0,,,
1787463991887,2026-08-23 05:46:31,28.39,40.28,40.58,21.89,22.63,23.0,458.9,410.12,342.1,4120,100,,,,
1787464592365,2026-08-23 05:56:32,28.36,40.22,40.57,21.86,23.21,22.97,458.86,410.09,342.04,4118,100,,,,
1787465192848,2026-08-23 06:06:32,28.37,40.23,40.51,21.83,23.14,23.07,458.86,410.09,341.92,4120,100,,,,
1787465793324,2026-08-23 06:16:33,28.38,40.22,40.5,21.79,23.21,22.94,458.86,410.09,341.86,4119,100,,,,
1787466393803,2026-08-23 06:26:33,28.36,40.24,40.46,21.73,22.87,23.07,458.83,410.06,341.77,4118,100,,,,
1787466994287,2026-08-23 06:36:34,28.33,40.22,40.47,21.73,23.14,23.0,458.79,410.06,341.8,4120,100,,,,
1787467594766,2026-08-23 06:46:34,28.34,40.26,40.39,21.66,22.46,23.07,458.79,410.02,341.58,4122,100,,,,
1787468191488,2026-08-23 06:56:31,28.32,40.26,40.38,21.66,22.5,23.0,458.76,410.02,341.55,4124,100,-88.0,,,
1787478218126,2026-08-23 09:43:38,28.32,40.2,40.38,21.63,23.18,22.9,458.76,409.99,341.52,4121,100,,,,
1787478818606,2026-08-23 09:53:38,28.3,40.25,40.34,21.59,22.43,23.07,458.72,409.99,341.46,4120,100,,,,
1787479419102,2026-08-23 10:03:39,28.28,40.19,40.33,21.53,23.07,23.07,458.69,409.96,341.43,4121,100,,,,
1787480019568,2026-08-23 10:13:39,28.29,40.19,40.3,21.5,23.11,23.14,458.69,409.96,341.36,4116,100,,,,
1787480620044,2026-08-23 10:23:40,28.29,40.18,40.28,21.5,23.11,22.9,458.69,409.92,341.27,4122,100,,,,
1787481220526,2026-08-23 10:33:40,28.25,40.17,40.25,21.5,23.07,22.94,458.65,409.89,341.18,4119,100,,,,
1787481821014,2026-08-23 10:43:41,28.26,40.17,40.22,21.46,23.04,22.87,458.65,409.89,341.09,4118,100,,,,
1787482417725,2026-08-23 10:53:37,28.26,40.17,40.2,21.46,23.0,22.9,458.65,409.86,341.06,4118,100,-83.0,,,
1787492446383,2026-08-23 13:40:46,28.26,40.16,40.16,21.46,22.97,23.14,458.65,409.82,340.99,4119,100,,,,
1787493046847,2026-08-23 13:50:46,28.24,40.15,40.14,21.43,23.0,23.0,458.62,409.82,340.9,4115,100,,,,
1787493647566,2026-08-23 14:00:47,28.26,40.14,40.13,21.46,23.0,22.94,458.65,409.79,340.87,4119,100,,,,
1787494248044,2026-08-23 14:10:48,28.27,40.16,40.14,21.43,22.77,22.97,458.65,409.79,340.9,4118,100,,,,
1787494848526,2026-08-23 14:20:48,28.26,40.14,40.12,21.46,22.97,22.94,458.65,409.76,340.84,4119,100,,,,
1787495449004,2026-08-23 14:30:49,28.26,40.14,40.1,21.46,22.94,23.07,458.65,409.76,340.81,4123,100,,,,
1787496049486,2026-08-23 14:40:49,28.23,40.14,40.1,21.5,22.94,22.23,458.62,409.76,340.65,4120,100,,,,
1787496645965,2026-08-23 14:50:45,28.25,40.17,40.02,21.5,22.33,22.73,458.65,409.72,340.53,4118,100,-87.0,,,
1787506680768,2026-08-23 17:38:00,28.25,40.13,39.97,21.53,22.94,23.04,458.65,409.72,340.47,4122,100,,,,
1787507281247,2026-08-23 17:48:01,28.25,40.17,39.93,21.53,22.26,22.87,458.65,409.69,340.32,4122,100,,,,
1787507881737,2026-08-23 17:58:01,28.24,40.11,39.91,21.56,22.97,22.9,458.65,409.69,340.28,4122,100,,,,
1787508483657,2026-08-23 18:08:03,28.28,40.18,39.9,21.56,22.13,22.9,458.69,409.69,340.25,4120,100,,,,
1787509083912,2026-08-23 18:18:03,28.27,40.14,39.89,21.59,22.7,22.87,458.69,409.69,340.22,4120,100,,,,
1787509684360,2026-08-23 18:28:04,28.27,40.1,39.89,21.59,23.0,22.73,458.69,409.66,340.19,4117,100,,,,
1787510286478,2026-08-23 18:38:06,28.27,40.17,39.87,21.59,22.13,22.8,458.69,409.66,340.16,4119,100,,,,
1787510880367,2026-08-23 18:48:00,28.26,40.17,39.85,21.63,22.19,22.87,458.69,409.66,340.13,4119,100,-84.0,,,
1787520907222,2026-08-23 21:35:07,28.27,40.14,39.85,21.59,22.46,22.8,458.69,409.66,340.1,4120,100,,,,
1787521507719,2026-08-23 21:45:07,28.22,40.11,39.82,21.66,22.94,22.8,458.65,409.66,340.04,4117,100,,,,
1787522108027,2026-08-23 21:55:08,28.22,40.16,39.82,21.66,22.13,22.8,458.65,409.62,340.04,4120,100,,,,
1787522708387,2026-08-23 22:05:08,28.23,40.1,39.81,21.63,22.9,22.8,458.65,409.62,340.01,4120,100,,,,
1787523309085,2026-08-23 22:15:09,28.24,40.1,39.81,21.59,22.9,22.7,458.65,409.62,339.98,4122,100,,,,
1787523909566,2026-08-23 22:25:09,28.23,40.15,39.79,21.63,22.26,22.8,458.65,409.62,339.95,4122,100,,,,
1787524510047,2026-08-23 22:35:10,28.21,40.14,39.8,21.59,22.36,22.73,458.62,409.62,339.95,4114,100,,,,
1787525106463,2026-08-23 22:45:06,28.21,40.12,39.78,21.59,22.63,22.8,458.62,409.62,339.92,4120,100,-89.0,,,
1787535140381,2026-08-24 01:32:20,28.21,40.07,39.77,21.56,23.14,22.66,458.62,409.59,339.88,4118,100,,,,
1787535740686,2026-08-24 01:42:20,28.22,40.1,39.76,21.53,22.77,22.8,458.62,409.59,339.88,4118,100,,,,
1787536341166,2026-08-24 01:52:21,28.21,40.15,39.77,21.46,22.09,22.77,458.59,409.59,339.88,4119,100,,,,
1787536941646,2026-08-24 02:02:21,28.21,40.08,39.75,21.46,22.97,22.77,458.59,409.59,339.85,4115,100,,,,
1787537542126,2026-08-24 02:12:22,28.18,40.13,39.74,21.43,22.23,22.9,458.55,409.56,339.85,4119,100,,,,
1787538142615,2026-08-24 02:22:22,28.18,40.13,39.74,21.43,22.26,22.83,458.55,409.56,339.82,4119,100,,,,
1787538743085,2026-08-24 02:32:23,28.17,40.08,39.77,21.36,22.83,22.39,458.52,409.56,339.82,4117,100,,,,
1787539339807,2026-08-24 02:42:19,28.17,40.12,39.73,21.33,22.23,22.77,458.52,409.52,339.79,4118,100,-91.0,,,
1787549372287,2026-08-24 05:29:32,28.14,40.07,39.72,21.3,22.8,22.9,458.48,409.52,339.79,4118,100,,,,
1787549972767,2026-08-24 05:39:32,28.15,40.12,39.74,21.27,22.16,22.66,458.48,409.52,339.79,4119,100,,,,
1787550573246,2026-08-24 05:49:33,28.13,40.09,39.75,21.23,22.5,22.36,458.45,409.49,339.76,4123,100,,,,
1787551173965,2026-08-24 05:59:33,28.1,40.07,39.72,21.2,22.73,22.8,458.41,409.49,339.76,4121,100,,,,
1787551774452,2026-08-24 06:09:34,28.11,40.09,39.74,21.17,22.36,22.39,458.41,409.46,339.73,4123,100,,,,
1787552374930,2026-08-24 06:19:34,28.1,40.11,39.71,21.1,22.13,22.7,458.38,409.46,339.73,4123,100,,,,
1787552975646,2026-08-24 06:29:35,28.07,40.07,39.71,21.07,22.6,22.73,458.34,409.46,339.73,4120,100,,,,
1787553571886,2026-08-24 06:39:31,28.07,40.05,39.7,21.04,22.7,22.73,458.34,409.43,339.7,4118,100,-88.0,,,
1787563591098,2026-08-24 09:26:31,28.05,40.03,39.74,21.01,22.97,22.23,458.31,409.43,339.7,4121,100,,,,
1787564191566,2026-08-24 09:36:31,28.03,40.1,39.71,20.94,22.09,22.5,458.27,409.43,339.67,4116,100,,,,
1787564792055,2026-08-24 09:46:32,28.04,40.05,39.69,20.91,22.53,22.73,458.27,409.39,339.67,4122,100,,,,
1787565392528,2026-08-24 09:56:32,28.02,40.08,39.68,20.88,22.13,22.73,458.24,409.39,339.64,4121,100,,,,
1787565993007,2026-08-24 10:06:33,28.03,40.08,39.69,20.84,22.03,22.6,458.24,409.36,339.64,4116,100,,,,
1787566593486,2026-08-24 10:16:33,28.0,40.03,39.69,20.81,22.63,22.6,458.2,409.36,339.64,4120,100,,,,
1787567193967,2026-08-24 10:26:33,28.0,40.03,39.65,20.81,22.6,22.87,458.2,409.33,339.61,4123,100,,,,
1787567790615,2026-08-24 10:36:30,28.0,40.07,39.66,20.78,21.86,22.6,458.2,409.29,339.58,4124,100,-85.0,,,
1787577815487,2026-08-24 13:23:35,27.98,40.08,39.75,20.78,21.79,21.43,458.17,409.29,339.55,4120,100,,,,
1787578415967,2026-08-24 13:33:35,27.98,40.03,39.66,20.75,22.26,22.56,458.17,409.26,339.55,4121,100,,,,
1787579016450,2026-08-24 13:43:36,27.98,39.99,39.63,20.78,22.73,22.63,458.17,409.26,339.51,4119,100,,,,
1787579616943,2026-08-24 13:53:36,27.94,40.0,39.63,20.78,22.5,22.66,458.13,409.23,339.51,4120,100,,,,
1787580217647,2026-08-24 14:03:37,27.94,40.02,39.63,20.78,22.26,22.73,458.13,409.23,339.51,4121,100,,,,
1787580818124,2026-08-24 14:13:38,27.94,40.0,39.63,20.78,22.39,22.53,458.13,409.19,339.48,4120,100,,,,
1787581418607,2026-08-24 14:23:38,27.94,39.97,39.61,20.81,22.8,22.73,458.13,409.19,339.48,4117,100,,,,
1787582015085,2026-08-24 14:33:35,27.94,40.02,39.62,20.81,22.16,22.56,458.13,409.19,339.45,4118,100,-89.0,,,
1787592050446,2026-08-24 17:20:50,27.96,40.03,39.62,20.88,21.86,22.5,458.17,409.16,339.45,4116,100,,,,
1787592650927,2026-08-24 17:30:50,27.96,39.98,39.62,20.88,22.46,22.5,458.17,409.16,339.45,4117,100,,,,
1787593251408,2026-08-24 17:40:51,27.97,39.99,39.62,20.94,22.39,22.43,458.2,409.16,339.42,4121,100,,,,
1787593851888,2026-08-24 17:50:51,27.97,40.01,39.61,20.97,21.93,22.46,458.2,409.13,339.42,4120,100,,,,
1787594452372,2026-08-24 18:00:52,27.99,39.97,39.63,21.01,22.46,22.13,458.24,409.13,339.39,4122,100,,,,
1787595052851,2026-08-24 18:10:52,27.98,39.95,39.6,21.07,22.73,22.5,458.24,409.13,339.39,4118,100,,,,
1787595653328,2026-08-24 18:20:53,28.0,39.99,39.6,21.1,22.19,22.46,458.27,409.13,339.39,4117,100,,,,
1787596249977,2026-08-24 18:30:49,27.99,39.98,39.59,21.14,22.36,22.39,458.27,409.13,339.36,4118,100,-84.0,,,
1787606277085,2026-08-24 21:17:57,28.02,39.97,39.57,21.17,22.46,22.43,458.31,409.13,339.3,4120,100,,,,
1787606877568,2026-08-24 21:27:57,28.02,39.99,39.55,21.2,22.29,22.46,458.31,409.13,339.27,4118,100,,,,
1787607478286,2026-08-24 21:37:58,28.01,40.03,39.54,21.23,21.79,22.53,458.31,409.13,339.24,4118,100,,,,
1787608078765,2026-08-24 21:47:58,28.03,39.97,39.53,21.27,22.56,22.6,458.34,409.13,339.24,4119,100,,,,
1787608679246,2026-08-24 21:57:59,28.03,40.01,39.53,21.27,21.96,22.5,458.34,409.13,339.21,4119,100,,,,
1787609279726,2026-08-24 22:07:59,28.0,40.0,39.51,21.27,22.06,22.66,458.31,409.13,339.21,4120,100,,,,
1787609880205,2026-08-24 22:18:00,28.0,39.97,39.55,21.27,22.46,22.23,458.31,409.13,339.21,4118,100,,,,
1787610476687,2026-08-24 22:27:56,28.01,39.98,39.52,21.23,22.39,22.5,458.31,409.13,339.18,4120,100,-90.0,,,
1787620507329,2026-08-25 01:15:07,28.0,40.01,39.51,21.27,21.93,22.6,458.31,409.13,339.18,4120,100,,,,
1787621107806,2026-08-25 01:25:07,27.97,40.01,39.53,21.27,21.79,22.36,458.27,409.09,339.18,4123,100,,,,
1787621708288,2026-08-25 01:35:08,27.98,39.96,39.52,21.2,22.5,22.36,458.27,409.09,339.15,4119,100,,,,
1787622308782,2026-08-25 01:45:08,27.97,39.96,39.52,21.23,22.43,22.33,458.27,409.09,339.15,4116,100,,,,
1787622909248,2026-08-25 01:55:09,27.95,39.98,39.49,21.2,22.16,22.46,458.24,409.09,339.11,4117,100,,,,
1787623509967,2026-08-25 02:05:09,27.95,39.98,39.49,21.2,22.06,22.46,458.24,409.06,339.11,4118,100,,,,
1787624110449,2026-08-25 02:15:10,27.93,39.96,39.49,21.17,22.39,22.33,458.2,409.06,339.08,4121,100,,,,
1787624706928,2026-08-25 02:25:06,27.93,40.0,39.48,21.14,21.83,22.46,458.2,409.06,339.08,4120,100,-92.0,,,
1787634744847,2026-08-25 05:12:24,27.91,39.97,39.49,21.1,22.03,22.39,458.17,409.03,339.08,4115,100,,,,
1787635345329,2026-08-25 05:22:25,27.91,40.0,39.5,21.1,21.76,22.23,458.17,409.03,339.08,4115,100,,,,
1787635945808,2026-08-25 05:32:25,27.88,40.0,39.48,21.07,21.66,22.33,458.13,409.03,339.05,4118,100,,,,
1787636546289,2026-08-25 05:42:26,27.89,39.95,39.47,21.04,22.39,22.43,458.13,409.03,339.05,4116,100,,,,
1787637146770,2026-08-25 05:52:26,27.87,39.95,39.48,21.01,22.39,22.26,458.1,409.03,339.05,4116,100,,,,
1787637747246,2026-08-25 06:02:27,27.88,39.93,39.48,20.94,22.39,22.33,458.1,408.99,339.05,4119,100,,,,
1787638347814,2026-08-25 06:12:27,27.86,40.04,39.47,20.91,21.01,22.33,458.06,408.99,339.02,4119,100,,,,
1787638944366,2026-08-25 06:22:24,27.83,39.93,39.45,20.88,22.39,22.5,458.03,408.99,339.02,4123,100,-87.0,,,
1787648961172,2026-08-25 09:09:21,27.84,39.92,39.46,20.84,22.5,22.39,458.03,408.99,339.02,4119,100,,,,
1787649561646,2026-08-25 09:19:21,27.82,39.92,39.46,20.84,22.39,22.33,458.0,408.96,338.99,4124,100,,,,
1787650162127,2026-08-25 09:29:22,27.79,39.93,39.46,20.81,22.33,22.33,457.96,408.96,338.99,4120,100,,,,
1787650762616,2026-08-25 09:39:22,27.8,39.89,39.45,20.75,22.73,22.36,457.96,408.93,338.99,4120,100,,,,
1787651363168,2026-08-25 09:49:23,27.78,39.92,39.43,20.71,22.26,22.46,457.93,408.93,338.96,4120,100,,,,
1787651963655,2026-08-25 09:59:23,27.79,39.91,39.44,20.68,22.33,22.33,457.93,408.9,338.96,4122,100,,,,
1787652564367,2026-08-25 10:09:24,27.75,39.95,39.44,20.68,21.79,22.19,457.89,408.9,338.93,4119,100,,,,
1787653160767,2026-08-25 10:19:20,27.75,39.87,39.41,20.68,22.6,22.43,457.89,408.86,338.9,4119,100,-89.0,,,
1787663189411,2026-08-25 13:06:29,27.75,39.9,39.43,20.68,22.26,22.26,457.89,408.86,338.9,4119,100,,,,
1787663789819,2026-08-25 13:16:29,27.75,39.89,39.42,20.68,22.23,22.29,457.89,408.83,338.9,4124,100,,,,
1787664390366,2026-08-25 13:26:30,27.75,40.0,39.4,20.68,20.75,22.39,457.89,408.8,338.87,4118,100,,,,
1787664990844,2026-08-25 13:36:30,27.72,39.88,39.4,20.71,22.26,22.43,457.86,408.8,338.87,4124,100,,,,
1787665591325,2026-08-25 13:46:31,27.74,39.88,39.42,20.75,22.06,22.23,457.89,408.76,338.87,4118,100,,,,
1787666191812,2026-08-25 13:56:31,27.77,39.88,39.4,20.75,22.23,22.43,457.93,408.8,338.87,4117,100,,,,
1787666792286,2026-08-25 14:06:32,31.81,42.21,43.35,20.04,21.93,21.99,462.37,416.31,349.98,4117,100,,,,
1787667388846,2026-08-25 14:16:28,30.93,41.99,43.34,20.04,21.79,22.16,461.37,415.51,349.98,4125,100,-88.0,,,
1787677421810,2026-08-25 17:03:41,30.61,41.97,43.34,20.11,20.36,22.16,461.02,415.11,349.98,4126,100,,,,
1787678022286,2026-08-25 17:13:42,30.48,41.83,43.41,20.17,21.3,21.07,460.88,414.84,349.98,4118,100,,,,
1787678622773,2026-08-25 17:23:42,30.4,41.72,43.32,20.26,21.69,22.39,460.81,414.58,349.95,4120,100,,,,
1787679223245,2026-08-25 17:33:43,30.32,41.66,43.34,20.33,21.86,22.09,460.74,414.41,349.95,4122,100,,,,
1787679823726,2026-08-25 17:43:43,30.25,41.58,43.34,20.39,21.83,22.03,460.67,414.14,349.95,4118,100,,,,
1787680424205,2026-08-25 17:53:44,30.24,41.51,43.31,20.42,21.96,22.26,460.67,413.94,349.92,4118,100,,,,
1787681024685,2026-08-25 18:03:44,30.2,41.48,43.33,20.49,21.73,22.06,460.63,413.78,349.92,4121,100,,,,
1787681621325,2026-08-25 18:13:41,30.16,41.44,43.33,20.55,21.93,22.03,460.6,413.68,349.92,4118,100,-88.0,,,
1787691652843,2026-08-25 21:00:52,30.15,41.44,43.35,20.58,21.63,21.59,460.6,413.61,349.89,4115,100,,,,
1787692253323,2026-08-25 21:10:53,30.12,41.46,43.32,20.62,21.27,22.03,460.57,413.58,349.89,4117,100,,,,
1787692853803,2026-08-25 21:20:53,30.07,41.4,43.29,20.68,21.89,22.19,460.53,413.54,349.83,4116,100,,,,
1787693454285,2026-08-25 21:30:54,30.07,41.39,43.28,20.68,21.93,21.99,460.53,413.51,349.76,4118,100,,,,
1787694054763,2026-08-25 21:40:54,30.04,41.38,43.26,20.71,21.93,21.99,460.5,413.48,349.7,4114,100,,,,
1787694655243,2026-08-25 21:50:55,29.99,41.4,43.2,20.75,21.36,22.23,460.46,413.41,349.55,4117,100,,,,
1787695255845,2026-08-25 22:00:55,29.97,41.35,43.21,20.75,22.06,21.99,460.43,413.41,349.52,4121,100,,,,
1787695852444,2026-08-25 22:10:52,29.96,41.26,43.17,20.78,21.96,22.03,460.43,413.11,349.42,4117,100,-90.0,,,
1787705877404,2026-08-26 00:57:57,29.92,41.25,43.16,20.81,21.89,21.93,460.39,413.04,349.36,4119,100,,,,
1787706477884,2026-08-26 01:07:57,29.89,41.11,43.14,20.81,21.46,21.96,460.36,412.48,349.3,4116,100,,,,
1787707078367,2026-08-26 01:17:58,29.86,41.02,43.14,20.81,21.79,21.73,460.32,412.28,349.27,4119,100,,,,
1787707678845,2026-08-26 01:27:58,29.83,40.98,43.09,20.81,22.03,22.13,460.29,412.21,349.2,4118,100,,,,
1787708279325,2026-08-26 01:37:59,29.8,40.99,43.09,20.81,21.46,22.06,460.25,412.11,349.17,4120,100,,,,
1787708879805,2026-08-26 01:47:59,29.8,40.98,43.08,20.81,21.36,21.96,460.25,412.05,349.11,4120,100,,,,
1787709480284,2026-08-26 01:58:00,29.77,40.94,43.06,20.81,21.66,21.93,460.22,411.98,349.05,4120,100,,,,
1787710077004,2026-08-26 02:07:57,29.74,40.89,43.04,20.81,22.03,21.96,460.18,411.91,348.99,4116,100,-91.0,,,
1787720104762,2026-08-26 04:55:04,29.71,40.86,43.01,20.81,22.23,22.06,460.15,411.85,348.92,4117,100,,,,
1787720705242,2026-08-26 05:05:05,29.67,40.9,42.99,20.81,21.43,22.13,460.11,411.81,348.89,4119,100,,,,
1787721305724,2026-08-26 05:15:05,29.65,40.84,42.99,20.81,22.06,21.86,460.08,411.75,348.83,4119,100,,,,
1787721906210,2026-08-26 05:25:06,29.61,40.85,42.95,20.81,21.56,21.86,460.04,411.68,348.71,4117,100,,,,
1787722506681,2026-08-26 05:35:06,29.63,40.79,42.91,20.75,22.13,21.99,460.04,411.62,348.61,4120,100,,,,
1787723107404,2026-08-26 05:45:07,29.59,40.75,42.88,20.78,22.29,21.99,460.01,411.52,348.52,4116,100,,,,
1787723708363,2026-08-26 05:55:08,29.56,40.77,42.75,20.78,21.79,21.96,459.97,411.48,348.12,4122,100,,,,
1787724304291,2026-08-26 06:05:04,29.54,40.73,42.63,20.75,22.06,22.13,459.94,411.42,347.77,4124,100,-84.0,,,
1787734331165,2026-08-26 08:52:11,29.51,40.74,42.61,20.78,21.76,22.09,459.91,411.38,347.71,4122,100,,,,
1787734931645,2026-08-26 09:02:11,29.48,40.7,42.6,20.75,22.06,21.69,459.87,411.32,347.59,4121,100,,,,
1787735532124,2026-08-26 09:12:12,29.48,40.73,42.55,20.75,21.53,21.93,459.87,411.28,347.49,4118,100,,,,
1787736132606,2026-08-26 09:22:12,29.41,40.68,42.51,20.75,21.99,21.93,459.8,411.22,347.37,4120,100,,,,
1787736733084,2026-08-26 09:32:13,29.42,40.7,42.47,20.71,21.46,21.96,459.8,411.18,347.25,4122,100,,,,
1787737333564,2026-08-26 09:42:13,29.39,40.72,42.47,20.75,21.17,21.96,459.77,411.15,347.25,4119,100,,,,
1787737934050,2026-08-26 09:52:14,29.4,40.66,42.41,20.71,21.59,22.13,459.77,411.08,347.12,4127,100,,,,
1787738530763,2026-08-26 10:02:10,29.36,40.62,42.4,20.71,21.99,21.86,459.73,411.05,347.03,4123,100,-83.0,,,
1787748557886,2026-08-26 12:49:17,29.34,40.64,42.37,20.71,21.66,21.99,459.7,411.02,346.97,4120,100,,,,
1787749158445,2026-08-26 12:59:18,29.34,40.68,42.34,20.71,20.84,21.83,459.7,410.95,346.84,4119,100,,,,
1787749758935,2026-08-26 13:09:18,29.29,40.59,42.31,20.75,22.06,21.93,459.66,410.95,346.78,4119,100,,,,
1787750359492,2026-08-26 13:19:19,29.27,40.58,42.27,20.71,22.03,22.03,459.63,410.92,346.69,4121,100,,,,
1787750959967,2026-08-26 13:29:19,29.27,40.59,42.25,20.75,21.73,22.03,459.63,410.88,346.62,4119,100,,,,
1787751560452,2026-08-26 13:39:20,29.27,40.6,42.24,20.75,21.46,21.89,459.63,410.85,346.56,4124,100,,,,
1787752160926,2026-08-26 13:49:20,29.23,40.59,42.29,20.75,21.46,20.91,459.59,410.82,346.5,4124,100,,,,
1787752757406,2026-08-26 13:59:17,29.23,40.55,42.19,20.75,21.86,21.96,459.59,410.79,346.44,4120,100,-83.0,,,
1787762790683,2026-08-26 16:46:30,29.23,40.58,42.18,20.75,21.5,21.89,459.59,410.79,346.38,4117,100,,,,
1787763391161,2026-08-26 16:56:31,29.23,40.56,42.09,20.75,21.53,21.83,459.59,410.75,346.1,4118,100,,,,
1787763991641,2026-08-26 17:06:31,29.22,40.51,42.04,20.78,22.06,21.93,459.59,410.72,345.97,4119,100,,,,
1787764592124,2026-08-26 17:16:32,29.19,40.55,42.02,20.81,21.53,21.89,459.56,410.69,345.91,4117,100,,,,
1787765192601,2026-08-26 17:26:32,29.19,40.5,41.97,20.81,22.13,22.09,459.56,410.69,345.82,4120,100,,,,
1787765793083,2026-08-26 17:36:33,29.19,40.55,41.97,20.81,21.33,21.96,459.56,410.65,345.79,4121,100,,,,
1787766393564,2026-08-26 17:46:33,29.19,40.5,41.95,20.81,21.93,21.93,459.56,410.65,345.72,4117,100,,,,
1787766990283,2026-08-26 17:56:30,29.19,40.47,41.89,20.84,22.19,21.93,459.56,410.62,345.54,4121,100,-83.0,,,
1787777016206,2026-08-26 20:43:36,29.18,40.61,41.86,20.88,20.39,22.06,459.56,410.62,345.48,4121,100,,,,
1787777616605,2026-08-26 20:53:36,29.18,40.47,41.84,20.88,22.06,21.89,459.56,410.59,345.38,4121,100,,,,
1787778217085,2026-08-26 21:03:37,29.18,40.46,41.83,20.88,22.09,21.56,459.56,410.55,345.29,4120,100,,,,
1787778817566,2026-08-26 21:13:37,29.18,40.56,41.78,20.88,20.81,21.96,459.56,410.55,345.23,4118,100,,,,
1787779418046,2026-08-26 21:23:38,29.18,40.51,41.66,20.88,21.43,21.86,459.56,410.55,344.86,4120,100,,,,
1787780018526,2026-08-26 21:33:38,29.14,40.51,41.61,20.88,21.33,22.06,459.52,410.52,344.76,4117,100,,,,
1787780619010,2026-08-26 21:43:39,29.14,40.44,41.61,20.88,22.13,21.83,459.52,410.49,344.7,4118,100,,,,
1787781215726,2026-08-26 21:53:35,29.14,40.44,41.57,20.88,22.06,21.93,459.52,410.49,344.61,4119,100,-90.0,,,
1787791241485,2026-08-27 00:40:41,29.14,40.45,41.56,20.88,21.99,21.63,459.52,410.49,344.52,4114,100,,,,
1787791841964,2026-08-27 00:50:41,29.14,40.43,41.49,20.88,22.06,21.93,459.52,410.45,344.39,4119,100,,,,
1787792442442,2026-08-27 01:00:42,29.15,40.43,41.47,20.84,22.06,21.96,459.52,410.45,344.33,4119,100,,,,
1787793042921,2026-08-27 01:10:42,29.12,40.42,41.45,20.84,22.13,22.09,459.49,410.45,344.3,4118,100,,,,
1787793643403,2026-08-27 01:20:43,29.13,40.42,41.42,20.81,22.06,21.96,459.49,410.42,344.21,4119,100,,,,
1787794243885,2026-08-27 01:30:43,29.12,40.47,41.4,20.84,21.4,21.93,459.49,410.42,344.15,4117,100,,,,
1787794844366,2026-08-27 01:40:44,29.1,40.45,41.38,20.81,21.63,21.89,459.45,410.42,344.08,4122,100,,,,
1787795441082,2026-08-27 01:50:41,29.1,40.41,41.37,20.81,22.03,21.93,459.45,410.39,344.05,4118,100,-89.0,,,
1787805475244,2026-08-27 04:37:55,29.1,40.45,41.36,20.81,21.56,21.96,459.45,410.39,344.02,4118,100,,,,
1787806075726,2026-08-27 04:47:55,29.08,40.45,41.3,20.75,21.36,22.09,459.42,410.35,343.9,4118,100,,,,
1787806676444,2026-08-27 04:57:56,29.08,40.44,41.28,20.75,21.5,21.96,459.42,410.35,343.8,4116,100,,,,
1787807276802,2026-08-27 05:07:56,29.05,40.39,41.26,20.75,22.06,21.99,459.38,410.32,343.74,4116,100,,,,
1787807877403,2026-08-27 05:17:57,29.05,40.4,41.23,20.75,21.89,22.06,459.38,410.32,343.68,4120,100,,,,
1787808477884,2026-08-27 05:27:57,29.03,40.39,41.2,20.71,21.93,21.96,459.35,410.29,343.59,4119,100,,,,
1787809078365,2026-08-27 05:37:58,29.03,40.41,41.19,20.71,21.66,21.96,459.35,410.29,343.56,4119,100,,,,
1787809674763,2026-08-27 05:47:54,29.0,40.42,41.15,20.68,21.4,22.09,459.31,410.25,343.46,4120,100,-87.0,,,
1787819698047,2026-08-27 08:34:58,29.0,40.36,41.12,20.68,22.16,22.06,459.31,410.25,343.37,4118,100,,,,
1787820298524,2026-08-27 08:44:58,28.99,40.34,41.11,20.62,22.26,21.99,459.28,410.22,343.34,4120,100,,,,
1787820899007,2026-08-27 08:54:59,28.99,40.37,41.08,20.62,21.89,22.03,459.28,410.22,343.25,4119,100,,,,
1787821499486,2026-08-27 09:04:59,28.96,40.35,41.06,20.58,21.99,21.93,459.24,410.19,343.19,4122,100,,,,
1787822099967,2026-08-27 09:14:59,28.95,40.36,41.02,20.62,21.89,21.96,459.24,410.19,343.09,4122,100,,,,
1787822700453,2026-08-27 09:25:00,28.96,40.34,41.0,20.55,21.93,22.06,459.24,410.15,343.03,4122,100,,,,
1787823300928,2026-08-27 09:35:00,28.94,40.37,40.98,20.55,21.46,21.83,459.21,410.12,342.94,4117,100,,,,
1787823897566,2026-08-27 09:44:57,28.94,40.33,40.96,20.55,22.03,21.93,459.21,410.12,342.91,4121,100,-86.0,,,
1787833916844,2026-08-27 12:31:56,28.94,40.38,40.93,20.55,21.36,21.66,459.21,410.12,342.78,4121,100,,,,
1787834517324,2026-08-27 12:41:57,28.91,40.37,40.84,20.55,21.3,22.03,459.18,410.09,342.6,4120,100,,,,
1787835117813,2026-08-27 12:51:57,28.91,40.3,40.8,20.58,22.06,22.16,459.18,410.06,342.51,4118,100,,,,
1787835718284,2026-08-27 13:01:58,28.9,40.36,40.75,20.62,21.3,21.93,459.18,410.06,342.32,4116,100,,,,
1787836318764,2026-08-27 13:11:58,28.89,40.31,40.67,20.65,21.76,22.06,459.18,410.02,342.14,4122,100,,,,
1787836919243,2026-08-27 13:21:59,28.89,40.35,40.63,20.68,21.3,21.93,459.18,410.02,342.01,4122,100,,,,
1787837519725,2026-08-27 13:31:59,28.88,40.3,40.6,20.71,21.93,21.99,459.18,410.02,341.92,4120,100,,,,
1787838116443,2026-08-27 13:41:56,28.89,40.29,40.64,20.78,21.99,21.99,459.21,409.99,342.04,4118,100,-90.0,,,
1787848148524,2026-08-27 16:29:08,28.91,40.32,40.53,20.81,21.53,21.89,459.24,409.99,341.73,4118,100,,,,
1787848749009,2026-08-27 16:39:09,28.9,40.34,40.49,20.88,21.27,21.93,459.24,409.99,341.61,4120,100,,,,
1787849349484,2026-08-27 16:49:09,28.92,40.33,40.5,20.94,21.43,21.93,459.28,409.99,341.64,4120,100,,,,
1787849949965,2026-08-27 16:59:09,28.93,40.33,40.42,21.01,21.4,21.93,459.31,409.99,341.43,4123,100,,,,
1787850550517,2026-08-27 17:09:10,28.98,40.3,40.38,21.07,21.96,21.89,459.38,410.02,341.33,4120,100,,,,
1787851150923,2026-08-27 17:19:10,29.0,40.29,40.33,21.14,22.03,21.93,459.42,410.02,341.18,4123,100,,,,
1787851751405,2026-08-27 17:29:11,29.02,40.29,40.29,21.2,22.13,22.09,459.45,410.02,341.12,4117,100,,,,
1787852348122,2026-08-27 17:39:08,29.05,40.3,40.3,21.23,22.06,21.86,459.49,410.06,341.09,4116,100,-89.0,,,
1787862381886,2026-08-27 20:26:21,29.05,40.3,40.27,21.33,22.16,22.09,459.52,410.06,341.06,4117,100,,,,
1787862982362,2026-08-27 20:36:22,29.08,40.35,40.25,21.36,21.43,22.13,459.56,410.06,341.02,4117,100,,,,
1787863582845,2026-08-27 20:46:22,29.09,40.35,40.28,21.43,21.53,21.76,459.59,410.09,341.02,4117,100,,,,
1787864183324,2026-08-27 20:56:23,29.11,40.33,40.25,21.5,21.79,21.93,459.63,410.09,340.99,4119,100,,,,
1787864783806,2026-08-27 21:06:23,29.13,40.31,40.26,21.53,22.19,21.76,459.66,410.12,340.96,4122,100,,,,
1787865384285,2026-08-27 21:16:24,29.13,40.3,40.24,21.53,22.36,21.93,459.66,410.12,340.96,4118,100,,,,
1787865984763,2026-08-27 21:26:24,29.16,40.37,40.24,21.56,21.5,21.79,459.7,410.12,340.93,4115,100,,,,
1787866581406,2026-08-27 21:36:21,29.16,40.33,40.21,21.59,22.16,22.03,459.7,410.15,340.9,4119,100,-91.0,,,
1787876607564,2026-08-28 00:23:27,29.18,40.33,40.2,21.59,22.09,22.03,459.73,410.15,340.87,4115,100,,,,
1787877208045,2026-08-28 00:33:28,29.17,40.32,40.21,21.66,22.23,21.93,459.73,410.15,340.87,4118,100,,,,
1787877808524,2026-08-28 00:43:28,29.2,40.37,40.21,21.66,21.76,21.93,459.77,410.19,340.87,4120,100,,,,
1787878409005,2026-08-28 00:53:29,29.2,40.33,40.2,21.66,22.33,21.99,459.77,410.19,340.87,4114,100,,,,
1787879009484,2026-08-28 01:03:29,29.2,40.33,40.21,21.69,22.29,21.89,459.77,410.19,340.87,4118,100,,,,
1787879609964,2026-08-28 01:13:29,29.19,40.36,40.18,21.73,21.86,21.96,459.77,410.19,340.81,4121,100,,,,
1787880210445,2026-08-28 01:23:30,29.19,40.37,40.15,21.73,21.73,21.93,459.77,410.19,340.72,4114,100,,,,
1787880807164,2026-08-28 01:33:27,29.19,40.33,40.15,21.73,22.39,21.96,459.77,410.22,340.72,4119,100,-91.0,,,
1787890833167,2026-08-28 04:20:33,29.19,40.38,40.14,21.73,21.69,21.96,459.77,410.22,340.69,4119,100,,,,
1787891433647,2026-08-28 04:30:33,29.19,40.38,40.12,21.73,21.79,22.16,459.77,410.22,340.69,4118,100,,,,
1787892034123,2026-08-28 04:40:34,29.18,40.37,40.14,21.76,21.89,21.96,459.77,410.22,340.69,4114,100,,,,
1787892634605,2026-08-28 04:50:34,29.19,40.33,40.13,21.73,22.39,22.06,459.77,410.22,340.69,4117,100,,,,
1787893235084,2026-08-28 05:00:35,29.19,40.38,40.13,21.73,21.76,22.03,459.77,410.22,340.69,4116,100,,,,
1787893835567,2026-08-28 05:10:35,29.18,40.32,40.14,21.76,22.46,21.99,459.77,410.22,340.69,4117,100,,,,
1787894436046,2026-08-28 05:20:36,29.18,40.38,40.13,21.76,21.73,22.03,459.77,410.22,340.69,4117,100,,,,
1787895032770,2026-08-28 05:30:32,29.19,40.32,40.13,21.73,22.46,22.09,459.77,410.22,340.69,4118,100,-90.0,,,
1787905056847,2026-08-28 08:17:36,29.2,40.38,40.11,21.69,21.89,22.09,459.77,410.25,340.65,4120,100,,,,
1787905657324,2026-08-28 08:27:37,29.19,40.37,40.09,21.73,21.83,22.19,459.77,410.22,340.62,4119,100,,,,
1787906257813,2026-08-28 08:37:37,29.19,40.37,40.1,21.73,22.03,22.06,459.77,410.25,340.62,4119,100,,,,
1787906858374,2026-08-28 08:47:38,29.2,40.36,40.1,21.69,21.96,22.09,459.77,410.22,340.62,4121,100,,,,
1787907458845,2026-08-28 08:57:38,29.2,40.32,40.08,21.69,22.46,22.36,459.77,410.22,340.62,4120,100,,,,
1787908059327,2026-08-28 09:07:39,29.2,40.33,40.12,21.69,22.36,21.76,459.77,410.22,340.59,4119,100,,,,
1787908659808,2026-08-28 09:17:39,29.2,40.32,40.07,21.69,22.46,22.16,459.77,410.22,340.56,4119,100,,,,
1787909256448,2026-08-28 09:27:36,29.19,40.31,40.08,21.73,22.6,22.09,459.77,410.22,340.56,4120,100,-84.0,,,
1787919288221,2026-08-28 12:14:48,29.19,40.32,40.08,21.73,22.5,22.06,459.77,410.22,340.56,4119,100,,,,
1787919888765,2026-08-28 12:24:48,29.2,40.34,40.06,21.69,22.23,22.19,459.77,410.22,340.53,4118,100,,,,
1787920489246,2026-08-28 12:34:49,29.2,40.33,40.09,21.69,22.39,21.76,459.77,410.22,340.53,4120,100,,,,
1787921090006,2026-08-28 12:44:50,29.19,40.32,40.06,21.73,22.56,22.13,459.77,410.22,340.53,4119,100,,,,
1787921690444,2026-08-28 12:54:50,29.19,40.34,40.06,21.73,22.19,22.09,459.77,410.19,340.5,4124,100,,,,
1787922290941,2026-08-28 13:04:50,29.18,40.31,40.05,21.76,22.56,22.13,459.77,410.19,340.5,4120,100,,,,
1787922891414,2026-08-28 13:14:51,29.18,40.31,40.05,21.76,22.53,22.03,459.77,410.19,340.47,4119,100,,,,
1787923487726,2026-08-28 13:24:47,29.18,40.36,40.04,21.76,22.03,22.19,459.77,410.22,340.47,4119,100,-85.0,,,
1787933517325,2026-08-28 16:11:57,29.18,40.34,40.04,21.76,22.09,22.19,459.77,410.19,340.47,4118,100,,,,
1787934117811,2026-08-28 16:21:57,29.18,40.3,40.04,21.79,22.66,22.13,459.77,410.19,340.47,4120,100,,,,
1787934718288,2026-08-28 16:31:58,29.18,40.3,40.01,21.79,22.6,22.39,459.77,410.19,340.44,4123,100,,,,
1787935318767,2026-08-28 16:41:58,29.17,40.31,40.04,21.83,22.6,22.06,459.77,410.22,340.44,4118,100,,,,
1787935919247,2026-08-28 16:51:59,29.2,40.36,40.12,21.83,21.93,21.01,459.8,410.19,340.44,4122,100,,,,
1787936519726,2026-08-28 17:01:59,29.19,40.31,40.03,21.86,22.66,22.16,459.8,410.22,340.44,4120,100,,,,
1787937120206,2026-08-28 17:12:00,29.19,40.37,40.01,21.86,21.86,22.33,459.8,410.22,340.44,4118,100,,,,
1787937716926,2026-08-28 17:21:56,29.2,40.37,40.01,21.83,21.89,22.23,459.8,410.22,340.41,4118,100,-89.0,,,
1787947752310,2026-08-28 20:09:12,29.19,40.35,40.01,21.86,22.06,22.19,459.8,410.19,340.41,4118,100,,,,
1787948352791,2026-08-28 20:19:12,29.18,40.31,40.02,21.89,22.7,22.06,459.8,410.22,340.41,4119,100,,,,
1787948953352,2026-08-28 20:29:13,29.18,40.31,40.0,21.89,22.7,22.26,459.8,410.22,340.38,4116,100,,,,
1787949553828,2026-08-28 20:39:13,29.19,40.44,40.0,21.86,20.88,22.23,459.8,410.19,340.38,4119,100,,,,
1787950154390,2026-08-28 20:49:14,29.18,40.3,39.99,21.89,22.66,22.26,459.8,410.19,340.35,4119,100,,,,
1787950755111,2026-08-28 20:59:15,29.18,40.29,39.99,21.89,22.73,22.23,459.8,410.19,340.35,4123,100,,,,
1787951358140,2026-08-28 21:09:18,29.18,40.33,39.97,21.89,22.26,22.26,459.8,410.19,340.32,4122,100,,,,
1787951951840,2026-08-28 21:19:11,29.18,40.3,39.97,21.89,22.66,22.26,459.8,410.19,340.32,4116,100,-91.0,,,
1787961982444,2026-08-29 00:06:22,29.16,40.29,39.97,21.89,22.73,22.33,459.77,410.19,340.32,4117,100,,,,
1787962583159,2026-08-29 00:16:23,29.16,40.34,39.97,21.89,22.13,22.26,459.77,410.19,340.32,4120,100,,,,
1787963183644,2026-08-29 00:26:23,29.16,40.32,39.95,21.89,22.36,22.33,459.77,410.19,340.28,4119,100,,,,
1787963784128,2026-08-29 00:36:24,29.16,40.3,39.95,21.86,22.7,22.36,459.77,410.19,340.28,4121,100,,,,
1787964384604,2026-08-29 00:46:24,29.16,40.36,39.95,21.86,21.93,22.29,459.77,410.19,340.25,4118,100,,,,
1787964985083,2026-08-29 00:56:25,29.17,40.35,39.94,21.83,21.79,22.33,459.77,410.15,340.25,4119,100,,,,
1787965585563,2026-08-29 01:06:25,29.14,40.28,39.95,21.79,22.77,22.26,459.73,410.15,340.25,4117,100,,,,
1787966182044,2026-08-29 01:16:22,29.12,40.25,39.96,21.79,23.07,21.96,459.7,410.15,340.22,4115,100,-91.0,,,
1787976215565,2026-08-29 04:03:35,29.12,40.27,39.92,21.76,22.73,22.43,459.7,410.12,340.22,4120,100,,,,
1787976816044,2026-08-29 04:13:36,29.09,40.26,39.91,21.73,22.94,22.63,459.66,410.12,340.22,4118,100,,,,
1787977416524,2026-08-29 04:23:36,29.07,40.32,39.93,21.73,22.06,22.23,459.63,410.12,340.19,4118,100,,,,
1787978017006,2026-08-29 04:33:37,29.08,40.29,39.93,21.66,22.36,22.26,459.63,410.09,340.19,4120,100,,,,
1787978617725,2026-08-29 04:43:37,29.05,40.3,39.9,21.66,22.19,22.23,459.59,410.09,340.13,4119,100,,,,
1787979218206,2026-08-29 04:53:38,29.05,40.31,39.91,21.63,22.13,22.03,459.59,410.09,340.1,4120,100,,,,
1787979818682,2026-08-29 05:03:38,29.03,40.3,39.91,21.59,22.13,21.93,459.56,410.06,340.07,4119,100,,,,
1787980415167,2026-08-29 05:13:35,29.03,40.25,39.88,21.59,22.8,22.19,459.56,410.06,340.07,4119,100,-86.0,,,
1787990437483,2026-08-29 08:00:37,29.01,40.38,39.87,21.53,20.88,22.23,459.52,410.02,340.04,4117,100,,,,
1787991037973,2026-08-29 08:10:37,28.98,40.25,39.86,21.53,22.66,22.33,459.49,410.02,340.04,4120,100,,,,
1787991638684,2026-08-29 08:20:38,28.96,40.24,39.85,21.5,22.6,22.33,459.45,409.99,340.01,4120,100,,,,
1787992239164,2026-08-29 08:30:39,28.94,40.26,39.84,21.46,22.16,22.33,459.42,409.96,339.98,4121,100,,,,
1787992839641,2026-08-29 08:40:39,28.94,40.25,39.84,21.43,22.36,22.19,459.42,409.96,339.95,4119,100,,,,
1787993440365,2026-08-29 08:50:40,28.88,40.19,39.83,21.43,22.9,22.36,459.35,409.92,339.95,4122,100,,,,
1787994040844,2026-08-29 09:00:40,28.89,40.25,39.82,21.4,22.09,22.29,459.35,409.89,339.92,4121,100,,,,
1787994637004,2026-08-29 09:10:37,28.87,40.2,39.79,21.33,22.7,22.46,459.31,409.89,339.88,4120,100,-86.0,-121.0,-17.0,-3.0
